QUERY_KEY,DOC_KEY,RANK
1,NORMA-19978,1
1,NORMA-20246,2
1,NORMA-20535,3
1,NORMA-6949,4
1,NORMA-19604,5
1,NORMA-19903,6
1,NORMA-20957,7
1,NORMA-18892,8
1,NORMA-20042,9
1,NORMA-21105,10
1,NORMA-20659,11
1,NORMA-19980,12
1,NORMA-19964,13
1,NORMA-19568,14
1,NORMA-20064,15
1,NORMA-19747,16
1,NORMA-18911,17
1,NORMA-20287,18
1,NORMA-20808,19
1,NORMA-18678,20
1,NORMA-21779,21
1,NORMA-20156,22
1,NORMA-21754,23
1,NORMA-18845,24
1,NORMA-19594,25
1,NORMA-19752,26
1,NORMA-20424,27
1,NORMA-19364,28
1,NORMA-19963,29
1,NORMA-19286,30
1,NORMA-21359,31
1,NORMA-18546,32
1,NORMA-19952,33
1,NORMA-20507,34
1,NORMA-19630,35
1,NORMA-18909,36
1,NORMA-21235,37
1,NORMA-18715,38
1,NORMA-18666,39
1,NORMA-20512,40
1,NORMA-18505,41
1,NORMA-18784,42
1,NORMA-18481,43
1,NORMA-18312,44
1,NORMA-18853,45
1,NORMA-21118,46
1,NORMA-18850,47
1,NORMA-18480,48
1,NORMA-18664,49
1,NORMA-18786,50
1,NORMA-18717,51
1,NORMA-21117,52
1,NORMA-18509,53
1,NORMA-18597,54
1,NORMA-19044,55
1,NORMA-19764,56
1,NORMA-19040,57
1,NORMA-19711,58
1,NORMA-18611,59
1,NORMA-19043,60
1,NORMA-21501,61
1,NORMA-21364,62
1,NORMA-534,63
1,NORMA-19613,64
1,NORMA-18936,65
1,NORMA-21019,66
1,NORMA-19755,67
1,NORMA-21613,68
1,NORMA-20770,69
1,NORMA-20037,70
1,NORMA-18523,71
1,NORMA-20053,72
1,NORMA-17182,73
1,NORMA-18598,74
1,NORMA-21621,75
1,NORMA-19320,76
1,NORMA-20249,77
1,NORMA-20556,78
1,NORMA-21432,79
1,NORMA-19386,80
1,NORMA-20716,81
1,NORMA-18891,82
1,NORMA-20227,83
1,NORMA-21067,84
1,NORMA-19668,85
1,NORMA-19921,86
1,NORMA-19591,87
1,NORMA-22741,88
1,NORMA-21038,89
1,NORMA-18652,90
1,NORMA-18482,91
1,NORMA-18894,92
1,NORMA-18913,93
1,NORMA-18507,94
1,NORMA-18785,95
1,NORMA-21119,96
1,NORMA-18716,97
1,NORMA-18665,98
1,NORMA-18851,99
1,NORMA-20276,100
1,NORMA-19363,101
1,NORMA-18461,102
1,NORMA-19803,103
1,NORMA-21543,104
1,NORMA-19120,105
1,NORMA-19370,106
1,NORMA-18522,107
1,NORMA-19807,108
1,NORMA-20515,109
1,NORMA-19288,110
1,NORMA-19576,111
1,NORMA-19178,112
1,NORMA-19953,113
1,NORMA-19945,114
1,NORMA-19954,115
1,NORMA-19227,116
1,NORMA-18277,117
1,NORMA-18448,118
1,NORMA-21191,119
1,NORMA-1173,120
1,NORMA-18212,121
1,NORMA-19133,122
1,NORMA-21037,123
1,NORMA-19366,124
1,NORMA-19199,125
1,NORMA-19068,126
1,NORMA-20270,127
1,NORMA-18612,128
1,NORMA-19045,129
1,NORMA-18338,130
1,NORMA-20184,131
1,NORMA-6713,132
1,NORMA-535,133
1,NORMA-20951,134
1,NORMA-21498,135
1,NORMA-19145,136
1,NORMA-19000,137
1,NORMA-20306,138
1,NORMA-18943,139
1,NORMA-21565,140
1,NORMA-18551,141
1,NORMA-19567,142
1,NORMA-19761,143
1,NORMA-20551,144
1,NORMA-19252,145
1,NORMA-20066,146
1,NORMA-18885,147
1,NORMA-20809,148
1,NORMA-21229,149
1,NORMA-21107,150
1,NORMA-19907,151
1,NORMA-19687,152
1,NORMA-19196,153
1,NORMA-19511,154
1,NORMA-20520,155
1,NORMA-20628,156
1,NORMA-21656,157
1,NORMA-18519,158
1,NORMA-20735,159
1,NORMA-19114,160
1,NORMA-20071,161
1,NORMA-20425,162
1,NORMA-20322,163
1,NORMA-20542,164
1,NORMA-18331,165
1,NORMA-19910,166
1,NORMA-18895,167
1,NORMA-20434,168
1,NORMA-21494,169
1,NORMA-19800,170
1,NORMA-20082,171
1,NORMA-18649,172
1,NORMA-20956,173
1,NORMA-20939,174
1,NORMA-20427,175
1,NORMA-21703,176
1,NORMA-20045,177
1,NORMA-20595,178
1,NORMA-20916,179
1,NORMA-19166,180
1,NORMA-19616,181
1,NORMA-19572,182
1,NORMA-20319,183
1,NORMA-19767,184
1,NORMA-19325,185
1,NORMA-18990,186
1,NORMA-20054,187
1,NORMA-21740,188
1,NORMA-20555,189
1,NORMA-20619,190
1,NORMA-20987,191
1,NORMA-2,192
1,NORMA-19635,193
1,NORMA-20559,194
1,NORMA-19067,195
1,NORMA-18727,196
1,NORMA-20611,197
1,NORMA-19615,198
1,NORMA-19237,199
1,NORMA-18736,200
1,NORMA-21035,201
1,NORMA-20615,202
1,NORMA-21482,203
1,NORMA-18841,204
1,NORMA-19912,205
1,NORMA-19819,206
1,NORMA-18937,207
1,NORMA-18658,208
1,NORMA-20311,209
1,NORMA-20681,210
1,NORMA-20661,211
1,NORMA-21600,212
1,NORMA-21433,213
1,NORMA-19367,214
1,NORMA-19259,215
1,NORMA-21171,216
1,NORMA-21551,217
1,NORMA-21032,218
1,NORMA-21288,219
1,NORMA-21188,220
1,NORMA-19019,221
1,NORMA-19716,222
1,NORMA-19793,223
1,NORMA-19582,224
1,NORMA-19601,225
1,NORMA-20510,226
1,NORMA-20509,227
1,NORMA-20882,228
1,NORMA-19944,229
1,NORMA-20571,230
1,NORMA-18544,231
1,NORMA-20585,232
1,NORMA-19879,233
1,NORMA-21371,234
1,NORMA-20849,235
1,NORMA-20031,236
1,NORMA-20629,237
1,NORMA-20254,238
1,NORMA-18926,239
1,NORMA-19766,240
1,NORMA-18602,241
1,NORMA-18905,242
1,NORMA-20631,243
1,NORMA-20065,244
1,NORMA-21720,245
1,NORMA-19287,246
1,NORMA-20568,247
1,NORMA-20623,248
1,NORMA-21748,249
1,NORMA-19493,250
1,NORMA-20881,251
1,NORMA-20430,252
1,NORMA-20516,253
1,NORMA-19164,254
1,NORMA-21302,255
1,NORMA-20351,256
1,NORMA-20674,257
1,NORMA-20511,258
1,NORMA-1026,259
1,NORMA-21335,260
1,NORMA-18969,261
1,NORMA-19306,262
1,NORMA-19469,263
1,NORMA-18437,264
1,NORMA-19899,265
1,NORMA-20518,266
1,NORMA-18634,267
1,NORMA-19308,268
1,NORMA-19101,269
1,NORMA-21536,270
1,NORMA-18754,271
1,NORMA-20459,272
1,NORMA-20340,273
1,NORMA-19991,274
1,NORMA-21529,275
1,NORMA-19484,276
1,NORMA-20361,277
1,NORMA-19974,278
1,NORMA-20039,279
1,NORMA-18974,280
1,NORMA-1,281
1,NORMA-21405,282
1,NORMA-20049,283
1,NORMA-18352,284
1,NORMA-19575,285
1,NORMA-20739,286
1,NORMA-20014,287
1,NORMA-21242,288
1,NORMA-20435,289
1,NORMA-19445,290
1,NORMA-19055,291
1,NORMA-21479,292
1,NORMA-20335,293
1,NORMA-20266,294
1,NORMA-20662,295
1,NORMA-24061,296
1,NORMA-19298,297
1,NORMA-20675,298
1,NORMA-21396,299
1,NORMA-20728,300
1,NORMA-20252,301
1,NORMA-21770,302
1,NORMA-19463,303
1,NORMA-21024,304
1,NORMA-2056,305
1,NORMA-20575,306
1,NORMA-20245,307
1,NORMA-20513,308
1,NORMA-20514,309
1,NORMA-24041,310
1,NORMA-21489,311
1,NORMA-20436,312
1,NORMA-19190,313
1,NORMA-21216,314
1,NORMA-20357,315
1,NORMA-20689,316
1,NORMA-18560,317
1,NORMA-19216,318
1,NORMA-18281,319
1,NORMA-20078,320
1,NORMA-20620,321
1,NORMA-25261,322
1,NORMA-19697,323
1,NORMA-20342,324
1,NORMA-20253,325
1,NORMA-24081,326
1,NORMA-21449,327
1,NORMA-19788,328
1,NORMA-20771,329
1,NORMA-19268,330
1,NORMA-21318,331
1,NORMA-19540,332
1,NORMA-19231,333
1,NORMA-19331,334
1,NORMA-19610,335
1,NORMA-20250,336
1,NORMA-21260,337
1,NORMA-21319,338
1,NORMA-6187,339
1,NORMA-19375,340
1,NORMA-18627,341
1,NORMA-21687,342
1,NORMA-19324,343
1,NORMA-19151,344
1,NORMA-18269,345
1,NORMA-20789,346
1,NORMA-19923,347
1,NORMA-19657,348
1,NORMA-19475,349
1,NORMA-19034,350
1,NORMA-20747,351
1,NORMA-20041,352
1,NORMA-21395,353
1,NORMA-21667,354
1,NORMA-20140,355
1,NORMA-19435,356
1,NORMA-18908,357
1,NORMA-19706,358
1,NORMA-21259,359
1,NORMA-19389,360
1,NORMA-18725,361
1,NORMA-18847,362
1,NORMA-18957,363
1,NORMA-27161,364
1,NORMA-24885,365
1,NORMA-21794,366
1,NORMA-19519,367
1,NORMA-19228,368
1,NORMA-21013,369
1,NORMA-21022,370
1,NORMA-20584,371
1,NORMA-19732,372
1,NORMA-18324,373
1,NORMA-21465,374
1,NORMA-20599,375
1,NORMA-19171,376
1,NORMA-21591,377
1,NORMA-18810,378
1,NORMA-18776,379
1,NORMA-19951,380
1,NORMA-20072,381
1,NORMA-22241,382
1,NORMA-20550,383
1,NORMA-21785,384
1,NORMA-19556,385
1,NORMA-19380,386
1,NORMA-6391,387
1,NORMA-19483,388
1,NORMA-18465,389
1,NORMA-20586,390
1,NORMA-20536,391
1,NORMA-21715,392
1,NORMA-21282,393
1,NORMA-21285,394
1,NORMA-19730,395
1,NORMA-19163,396
1,NORMA-19464,397
1,NORMA-19460,398
1,NORMA-21039,399
1,NORMA-19776,400
1,NORMA-20257,401
1,NORMA-34,402
1,NORMA-18791,403
1,NORMA-19369,404
1,NORMA-19222,405
1,NORMA-18856,406
1,NORMA-20553,407
1,NORMA-20531,408
1,NORMA-21316,409
1,NORMA-18322,410
1,NORMA-18777,411
1,NORMA-18917,412
1,NORMA-20594,413
1,NORMA-19293,414
1,NORMA-1263,415
1,NORMA-20601,416
1,NORMA-21210,417
1,NORMA-21636,418
1,NORMA-19372,419
1,NORMA-18327,420
1,NORMA-18473,421
1,NORMA-18756,422
1,NORMA-19946,423
1,NORMA-20567,424
1,NORMA-20309,425
1,NORMA-20744,426
1,NORMA-21612,427
1,NORMA-19085,428
1,NORMA-21448,429
1,NORMA-18878,430
1,NORMA-19338,431
1,NORMA-18362,432
1,NORMA-20688,433
1,NORMA-20198,434
1,NORMA-18832,435
1,NORMA-19119,436
1,NORMA-21716,437
1,NORMA-19345,438
1,NORMA-19079,439
1,NORMA-18321,440
1,NORMA-18279,441
1,NORMA-20660,442
1,NORMA-21534,443
1,NORMA-18959,444
1,NORMA-19548,445
1,NORMA-18297,446
1,NORMA-21194,447
1,NORMA-18328,448
1,NORMA-19347,449
1,NORMA-18499,450
1,NORMA-18498,451
1,NORMA-20736,452
1,NORMA-2386,453
1,NORMA-18596,454
1,NORMA-21214,455
1,NORMA-18443,456
1,NORMA-18381,457
1,NORMA-20950,458
1,NORMA-18547,459
1,NORMA-18861,460
1,NORMA-20958,461
1,NORMA-20016,462
1,NORMA-24561,463
1,NORMA-21576,464
1,NORMA-19348,465
1,NORMA-19559,466
1,NORMA-19355,467
1,NORMA-18600,468
1,NORMA-21108,469
1,NORMA-20967,470
1,NORMA-19500,471
1,NORMA-19586,472
1,NORMA-18555,473
1,NORMA-21601,474
1,NORMA-19346,475
1,NORMA-20563,476
1,NORMA-25202,477
1,NORMA-19465,478
1,NORMA-18399,479
1,NORMA-21394,480
1,NORMA-21566,481
1,NORMA-21290,482
1,NORMA-20666,483
1,NORMA-18646,484
1,NORMA-18743,485
1,NORMA-21094,486
1,NORMA-21552,487
1,NORMA-20422,488
1,NORMA-122,489
1,NORMA-20080,490
1,NORMA-21769,491
1,NORMA-18968,492
1,NORMA-19130,493
1,NORMA-18759,494
1,NORMA-18260,495
1,NORMA-21129,496
1,NORMA-20562,497
1,NORMA-21519,498
1,NORMA-18751,499
1,NORMA-20289,500
1,NORMA-21284,501
1,NORMA-19709,502
1,NORMA-18875,503
1,NORMA-19147,504
1,NORMA-20320,505
1,NORMA-18914,506
1,NORMA-19955,507
1,NORMA-19197,508
1,NORMA-19950,509
1,NORMA-21714,510
1,NORMA-19428,511
1,NORMA-18335,512
1,NORMA-18693,513
1,NORMA-18606,514
1,NORMA-18641,515
1,NORMA-19071,516
1,NORMA-20461,517
1,NORMA-20718,518
1,NORMA-20602,519
1,NORMA-21571,520
1,NORMA-19115,521
1,NORMA-20313,522
1,NORMA-20282,523
1,NORMA-21280,524
1,NORMA-21270,525
1,NORMA-18615,526
1,NORMA-20523,527
1,NORMA-18354,528
1,NORMA-20854,529
1,NORMA-19258,530
1,NORMA-19514,531
1,NORMA-19434,532
1,NORMA-20909,533
1,NORMA-18744,534
1,NORMA-18651,535
1,NORMA-18623,536
1,NORMA-18738,537
1,NORMA-18400,538
1,NORMA-18557,539
1,NORMA-18255,540
1,NORMA-18246,541
1,NORMA-1229,542
1,NORMA-19876,543
1,NORMA-21370,544
1,NORMA-18341,545
1,NORMA-20348,546
1,NORMA-19926,547
1,NORMA-19148,548
1,NORMA-20216,549
1,NORMA-18639,550
1,NORMA-18609,551
1,NORMA-18346,552
1,NORMA-18707,553
1,NORMA-19315,554
1,NORMA-21681,555
1,NORMA-20810,556
1,NORMA-13675,557
1,NORMA-19309,558
1,NORMA-19310,559
1,NORMA-18573,560
1,NORMA-19906,561
1,NORMA-18252,562
1,NORMA-24905,563
1,NORMA-21297,564
1,NORMA-19091,565
1,NORMA-20466,566
1,NORMA-20876,567
1,NORMA-19902,568
1,NORMA-21548,569
1,NORMA-19187,570
1,NORMA-19443,571
1,NORMA-19066,572
1,NORMA-20007,573
1,NORMA-18617,574
1,NORMA-18731,575
1,NORMA-20517,576
1,NORMA-19134,577
1,NORMA-19482,578
1,NORMA-20868,579
1,NORMA-19977,580
1,NORMA-19070,581
1,NORMA-18829,582
1,NORMA-20333,583
1,NORMA-21183,584
1,NORMA-21232,585
1,NORMA-24583,586
1,NORMA-19282,587
1,NORMA-18821,588
1,NORMA-20734,589
1,NORMA-20519,590
1,NORMA-20756,591
1,NORMA-14923,592
1,NORMA-18880,593
1,NORMA-19535,594
1,NORMA-20572,595
1,NORMA-18416,596
1,NORMA-19215,597
1,NORMA-19491,598
1,NORMA-21355,599
1,NORMA-19891,600
1,NORMA-21563,601
1,NORMA-20543,602
1,NORMA-18896,603
1,NORMA-19919,604
1,NORMA-21617,605
1,NORMA-21674,606
1,NORMA-18710,607
1,NORMA-18532,608
1,NORMA-18329,609
1,NORMA-20457,610
1,NORMA-19032,611
1,NORMA-26362,612
1,NORMA-19423,613
1,NORMA-19609,614
1,NORMA-21556,615
1,NORMA-19311,616
1,NORMA-20471,617
1,NORMA-18794,618
1,NORMA-26641,619
1,NORMA-19307,620
1,NORMA-19636,621
1,NORMA-20576,622
1,NORMA-21381,623
1,NORMA-18972,624
1,NORMA-19008,625
1,NORMA-20130,626
1,NORMA-18313,627
1,NORMA-20312,628
1,NORMA-18288,629
1,NORMA-21416,630
1,NORMA-20547,631
1,NORMA-20573,632
1,NORMA-18275,633
1,NORMA-21597,634
1,NORMA-20570,635
1,NORMA-19479,636
1,NORMA-20326,637
1,NORMA-20318,638
1,NORMA-19701,639
1,NORMA-20323,640
1,NORMA-19018,641
1,NORMA-18846,642
1,NORMA-20347,643
1,NORMA-19962,644
1,NORMA-28623,645
1,NORMA-20805,646
1,NORMA-20251,647
1,NORMA-21532,648
1,NORMA-18830,649
1,NORMA-20448,650
1,NORMA-19188,651
1,NORMA-20364,652
1,NORMA-18991,653
1,NORMA-2413,654
1,NORMA-21752,655
1,NORMA-20197,656
1,NORMA-20869,657
1,NORMA-18848,658
1,NORMA-20297,659
1,NORMA-21500,660
1,NORMA-21772,661
1,NORMA-19082,662
1,NORMA-18326,663
1,NORMA-21650,664
1,NORMA-20479,665
1,NORMA-18253,666
1,NORMA-19122,667
1,NORMA-19904,668
1,NORMA-20591,669
1,NORMA-20070,670
1,NORMA-18857,671
1,NORMA-20298,672
1,NORMA-19291,673
1,NORMA-19265,674
1,NORMA-20486,675
1,NORMA-20500,676
1,NORMA-20508,677
1,NORMA-21025,678
1,NORMA-18247,679
1,NORMA-19700,680
1,NORMA-18635,681
1,NORMA-20067,682
1,NORMA-18286,683
1,NORMA-20373,684
1,NORMA-21386,685
1,NORMA-26981,686
1,NORMA-19762,687
1,NORMA-18625,688
1,NORMA-18701,689
1,NORMA-20063,690
1,NORMA-21622,691
1,NORMA-19194,692
1,NORMA-20544,693
1,NORMA-18245,694
1,NORMA-20409,695
1,NORMA-19718,696
1,NORMA-72,697
1,NORMA-20537,698
1,NORMA-21353,699
1,NORMA-18961,700
1,NORMA-20703,701
1,NORMA-18681,702
1,NORMA-972,703
1,NORMA-766,704
1,NORMA-19549,705
1,NORMA-20552,706
1,NORMA-20831,707
1,NORMA-19806,708
1,NORMA-20491,709
1,NORMA-21281,710
1,NORMA-18290,711
1,NORMA-19013,712
1,NORMA-19765,713
1,NORMA-1613,714
1,NORMA-20088,715
1,NORMA-25645,716
1,NORMA-28561,717
1,NORMA-18568,718
1,NORMA-18696,719
1,NORMA-19273,720
1,NORMA-19461,721
1,NORMA-20069,722
1,NORMA-21793,723
1,NORMA-19304,724
1,NORMA-19296,725
1,NORMA-18757,726
1,NORMA-18958,727
1,NORMA-19402,728
1,NORMA-2475,729
1,NORMA-20423,730
1,NORMA-21797,731
1,NORMA-21763,732
1,NORMA-18741,733
1,NORMA-20802,734
1,NORMA-261,735
1,NORMA-21462,736
1,NORMA-19723,737
1,NORMA-19593,738
1,NORMA-21001,739
1,NORMA-21237,740
1,NORMA-23521,741
1,NORMA-21668,742
1,NORMA-19550,743
1,NORMA-20590,744
1,NORMA-21711,745
1,NORMA-19982,746
1,NORMA-21168,747
1,NORMA-9834,748
1,NORMA-6185,749
1,NORMA-20839,750
1,NORMA-19694,751
1,NORMA-21615,752
1,NORMA-21528,753
1,NORMA-18343,754
1,NORMA-19144,755
1,NORMA-19353,756
1,NORMA-21016,757
1,NORMA-21254,758
1,NORMA-19142,759
1,NORMA-19076,760
1,NORMA-20492,761
1,NORMA-19731,762
1,NORMA-21570,763
1,NORMA-21568,764
1,NORMA-19786,765
1,NORMA-18629,766
1,NORMA-21177,767
1,NORMA-19555,768
1,NORMA-19536,769
1,NORMA-19457,770
1,NORMA-807,771
1,NORMA-20761,772
1,NORMA-20532,773
1,NORMA-20432,774
1,NORMA-19681,775
1,NORMA-19424,776
1,NORMA-20346,777
1,NORMA-21074,778
1,NORMA-21200,779
1,NORMA-25722,780
1,NORMA-21336,781
1,NORMA-21087,782
1,NORMA-9382,783
1,NORMA-19965,784
1,NORMA-21435,785
1,NORMA-19624,786
1,NORMA-19781,787
1,NORMA-19350,788
1,NORMA-20355,789
1,NORMA-21655,790
1,NORMA-21453,791
1,NORMA-21486,792
1,NORMA-18970,793
1,NORMA-20207,794
1,NORMA-21680,795
1,NORMA-21098,796
1,NORMA-20055,797
1,NORMA-21542,798
1,NORMA-19276,799
1,NORMA-21007,800
1,NORMA-21310,801
1,NORMA-21311,802
1,NORMA-19452,803
1,NORMA-819,804
1,NORMA-20050,805
1,NORMA-20192,806
1,NORMA-27501,807
1,NORMA-20464,808
1,NORMA-19725,809
1,NORMA-19277,810
1,NORMA-1863,811
1,NORMA-19662,812
1,NORMA-20974,813
1,NORMA-27521,814
1,NORMA-21623,815
1,NORMA-19246,816
1,NORMA-20857,817
1,NORMA-21614,818
1,NORMA-19674,819
1,NORMA-19541,820
1,NORMA-18884,821
1,NORMA-19450,822
1,NORMA-18633,823
1,NORMA-21530,824
1,NORMA-18916,825
1,NORMA-19724,826
1,NORMA-19797,827
1,NORMA-7100,828
1,NORMA-18778,829
1,NORMA-18440,830
1,NORMA-20015,831
1,NORMA-21230,832
1,NORMA-18511,833
1,NORMA-19278,834
1,NORMA-19578,835
1,NORMA-21421,836
1,NORMA-21358,837
1,NORMA-18592,838
1,NORMA-19557,839
1,NORMA-19497,840
1,NORMA-18357,841
1,NORMA-21006,842
1,NORMA-20578,843
1,NORMA-21693,844
1,NORMA-19158,845
1,NORMA-21582,846
1,NORMA-18524,847
1,NORMA-19922,848
1,NORMA-18389,849
1,NORMA-19525,850
1,NORMA-21593,851
1,NORMA-21545,852
1,NORMA-18910,853
1,NORMA-18569,854
1,NORMA-20737,855
1,NORMA-19679,856
1,NORMA-19139,857
1,NORMA-18558,858
1,NORMA-18240,859
1,NORMA-21751,860
1,NORMA-19321,861
1,NORMA-21219,862
1,NORMA-18812,863
1,NORMA-21487,864
1,NORMA-20605,865
1,NORMA-19698,866
1,NORMA-18368,867
1,NORMA-18616,868
1,NORMA-19098,869
1,NORMA-19352,870
1,NORMA-21725,871
1,NORMA-13323,872
1,NORMA-18746,873
1,NORMA-21138,874
1,NORMA-21154,875
1,NORMA-21208,876
1,NORMA-19354,877
1,NORMA-19570,878
1,NORMA-20799,879
1,NORMA-19554,880
1,NORMA-19403,881
1,NORMA-19027,882
1,NORMA-20077,883
1,NORMA-380,884
1,NORMA-20131,885
1,NORMA-18282,886
1,NORMA-26885,887
1,NORMA-21685,888
1,NORMA-18587,889
1,NORMA-20338,890
1,NORMA-21097,891
1,NORMA-19022,892
1,NORMA-18262,893
1,NORMA-18464,894
1,NORMA-21186,895
1,NORMA-21460,896
1,NORMA-18235,897
1,NORMA-18285,898
1,NORMA-18747,899
1,NORMA-18369,900
1,NORMA-18336,901
1,NORMA-18305,902
1,NORMA-9984,903
1,NORMA-18586,904
1,NORMA-19025,905
1,NORMA-18513,906
1,NORMA-21192,907
1,NORMA-20794,908
1,NORMA-20370,909
1,NORMA-19023,910
1,NORMA-18469,911
1,NORMA-20129,912
1,NORMA-18470,913
1,NORMA-20966,914
1,NORMA-18257,915
1,NORMA-19787,916
1,NORMA-19652,917
1,NORMA-19012,918
1,NORMA-18258,919
1,NORMA-18704,920
1,NORMA-18372,921
1,NORMA-10691,922
1,NORMA-18373,923
1,NORMA-21732,924
1,NORMA-18711,925
1,NORMA-20494,926
1,NORMA-20185,927
1,NORMA-18818,928
1,NORMA-21469,929
1,NORMA-21393,930
1,NORMA-20498,931
1,NORMA-19597,932
1,NORMA-20046,933
1,NORMA-15581,934
1,NORMA-20204,935
1,NORMA-19961,936
1,NORMA-20206,937
1,NORMA-18256,938
1,NORMA-20955,939
1,NORMA-21694,940
1,NORMA-19097,941
1,NORMA-18714,942
1,NORMA-21780,943
1,NORMA-21289,944
1,NORMA-18536,945
1,NORMA-19683,946
1,NORMA-20763,947
1,NORMA-18692,948
1,NORMA-18404,949
1,NORMA-19896,950
1,NORMA-19174,951
1,NORMA-20038,952
1,NORMA-21624,953
1,NORMA-29301,954
1,NORMA-21090,955
1,NORMA-19251,956
1,NORMA-19123,957
1,NORMA-19933,958
1,NORMA-20209,959
1,NORMA-20818,960
1,NORMA-20560,961
1,NORMA-20290,962
1,NORMA-19798,963
1,NORMA-18344,964
1,NORMA-20984,965
1,NORMA-19425,966
1,NORMA-21255,967
1,NORMA-20803,968
1,NORMA-21620,969
1,NORMA-19253,970
1,NORMA-19805,971
1,NORMA-21759,972
1,NORMA-19175,973
1,NORMA-29283,974
1,NORMA-21406,975
1,NORMA-19407,976
1,NORMA-18888,977
1,NORMA-29005,978
1,NORMA-20577,979
1,NORMA-21627,980
1,NORMA-19608,981
1,NORMA-18779,982
1,NORMA-18588,983
1,NORMA-18712,984
1,NORMA-18765,985
1,NORMA-18459,986
1,NORMA-19603,987
1,NORMA-20583,988
1,NORMA-18809,989
1,NORMA-20582,990
1,NORMA-21228,991
1,NORMA-21537,992
1,NORMA-18686,993
1,NORMA-14263,994
1,NORMA-23061,995
1,NORMA-20847,996
1,NORMA-19866,997
1,NORMA-21023,998
1,NORMA-18392,999
1,NORMA-20183,1000
2,NORMA-18528,1
2,NORMA-18741,2
2,NORMA-6176,3
2,NORMA-6968,4
2,NORMA-13990,5
2,NORMA-18673,6
2,NORMA-10298,7
2,NORMA-19408,8
2,NORMA-20790,9
2,NORMA-21586,10
2,NORMA-21269,11
2,NORMA-5380,12
2,NORMA-12492,13
2,NORMA-21637,14
2,NORMA-21613,15
2,NORMA-21344,16
2,NORMA-13848,17
2,NORMA-21638,18
2,NORMA-18967,19
2,NORMA-5335,20
2,NORMA-11419,21
2,NORMA-21535,22
2,NORMA-10986,23
2,NORMA-8442,24
2,NORMA-21361,25
2,NORMA-20139,26
2,NORMA-10843,27
2,NORMA-12314,28
2,NORMA-11352,29
2,NORMA-21155,30
2,NORMA-11184,31
2,NORMA-21404,32
2,NORMA-21443,33
2,NORMA-11186,34
2,NORMA-7867,35
2,NORMA-18842,36
2,NORMA-5336,37
2,NORMA-8212,38
2,NORMA-5185,39
2,NORMA-27362,40
2,NORMA-15358,41
2,NORMA-12380,42
2,NORMA-12516,43
2,NORMA-11185,44
2,NORMA-16402,45
2,NORMA-19674,46
2,NORMA-18970,47
2,NORMA-8121,48
2,NORMA-18910,49
2,NORMA-12371,50
2,NORMA-5337,51
2,NORMA-14366,52
2,NORMA-23301,53
2,NORMA-12379,54
2,NORMA-15118,55
2,NORMA-12899,56
2,NORMA-27363,57
2,NORMA-12517,58
2,NORMA-20491,59
2,NORMA-646,60
2,NORMA-23361,61
2,NORMA-20766,62
2,NORMA-26804,63
2,NORMA-21281,64
2,NORMA-27361,65
2,NORMA-11459,66
2,NORMA-20762,67
2,NORMA-27550,68
2,NORMA-21277,69
2,NORMA-28802,70
2,NORMA-21649,71
2,NORMA-21275,72
2,NORMA-18753,73
2,NORMA-25964,74
2,NORMA-21497,75
2,NORMA-21231,76
2,NORMA-20921,77
2,NORMA-19961,78
2,NORMA-15427,79
2,NORMA-15465,80
2,NORMA-4500,81
2,NORMA-4792,82
2,NORMA-21402,83
2,NORMA-27366,84
2,NORMA-20619,85
2,NORMA-21283,86
2,NORMA-18577,87
2,NORMA-19939,88
2,NORMA-14744,89
2,NORMA-22001,90
2,NORMA-12113,91
2,NORMA-21301,92
2,NORMA-12490,93
2,NORMA-12965,94
2,NORMA-13954,95
2,NORMA-12911,96
2,NORMA-12437,97
2,NORMA-21640,98
2,NORMA-19712,99
2,NORMA-12880,100
2,NORMA-19973,101
2,NORMA-14113,102
2,NORMA-19969,103
2,NORMA-13514,104
2,NORMA-24102,105
2,NORMA-17281,106
2,NORMA-21538,107
2,NORMA-6521,108
2,NORMA-6291,109
2,NORMA-20963,110
2,NORMA-21201,111
2,NORMA-19278,112
2,NORMA-14390,113
2,NORMA-18211,114
2,NORMA-20157,115
2,NORMA-1485,116
2,NORMA-1365,117
2,NORMA-15028,118
2,NORMA-18730,119
2,NORMA-21391,120
2,NORMA-12972,121
2,NORMA-13995,122
2,NORMA-8575,123
2,NORMA-3735,124
2,NORMA-11144,125
2,NORMA-19182,126
2,NORMA-31905,127
2,NORMA-3642,128
2,NORMA-5381,129
2,NORMA-20705,130
2,NORMA-21697,131
2,NORMA-19371,132
2,NORMA-19281,133
2,NORMA-7525,134
2,NORMA-21474,135
2,NORMA-19648,136
2,NORMA-7241,137
2,NORMA-23027,138
2,NORMA-21360,139
2,NORMA-21764,140
2,NORMA-13835,141
2,NORMA-21298,142
2,NORMA-19844,143
2,NORMA-3638,144
2,NORMA-11901,145
2,NORMA-4634,146
2,NORMA-27562,147
2,NORMA-19167,148
2,NORMA-20800,149
2,NORMA-25723,150
2,NORMA-11505,151
2,NORMA-21562,152
2,NORMA-13912,153
2,NORMA-14666,154
2,NORMA-21774,155
2,NORMA-18769,156
2,NORMA-6651,157
2,NORMA-14974,158
2,NORMA-13883,159
2,NORMA-14429,160
2,NORMA-14208,161
2,NORMA-14498,162
2,NORMA-18906,163
2,NORMA-13519,164
2,NORMA-20536,165
2,NORMA-12159,166
2,NORMA-13229,167
2,NORMA-14345,168
2,NORMA-6315,169
2,NORMA-20223,170
2,NORMA-19206,171
2,NORMA-10365,172
2,NORMA-12649,173
2,NORMA-6599,174
2,NORMA-13594,175
2,NORMA-15027,176
2,NORMA-18604,177
2,NORMA-19444,178
2,NORMA-17061,179
2,NORMA-21120,180
2,NORMA-19802,181
2,NORMA-15328,182
2,NORMA-10925,183
2,NORMA-12345,184
2,NORMA-18327,185
2,NORMA-18536,186
2,NORMA-14587,187
2,NORMA-13903,188
2,NORMA-19846,189
2,NORMA-15382,190
2,NORMA-6856,191
2,NORMA-15134,192
2,NORMA-12442,193
2,NORMA-19337,194
2,NORMA-19088,195
2,NORMA-18529,196
2,NORMA-6769,197
2,NORMA-21400,198
2,NORMA-13711,199
2,NORMA-14652,200
2,NORMA-20235,201
2,NORMA-12569,202
2,NORMA-4736,203
2,NORMA-14703,204
2,NORMA-6326,205
2,NORMA-6451,206
2,NORMA-7146,207
2,NORMA-12975,208
2,NORMA-20159,209
2,NORMA-21746,210
2,NORMA-20108,211
2,NORMA-10931,212
2,NORMA-21238,213
2,NORMA-19192,214
2,NORMA-21291,215
2,NORMA-9792,216
2,NORMA-12228,217
2,NORMA-19764,218
2,NORMA-20996,219
2,NORMA-13298,220
2,NORMA-26163,221
2,NORMA-20240,222
2,NORMA-19639,223
2,NORMA-27449,224
2,NORMA-12837,225
2,NORMA-14474,226
2,NORMA-1516,227
2,NORMA-9681,228
2,NORMA-1463,229
2,NORMA-9067,230
2,NORMA-18337,231
2,NORMA-19020,232
2,NORMA-21185,233
2,NORMA-19542,234
2,NORMA-21177,235
2,NORMA-20761,236
2,NORMA-20135,237
2,NORMA-10745,238
2,NORMA-10590,239
2,NORMA-10534,240
2,NORMA-18685,241
2,NORMA-10347,242
2,NORMA-20302,243
2,NORMA-18339,244
2,NORMA-21434,245
2,NORMA-11292,246
2,NORMA-19645,247
2,NORMA-18747,248
2,NORMA-18827,249
2,NORMA-14629,250
2,NORMA-18886,251
2,NORMA-20523,252
2,NORMA-20056,253
2,NORMA-12161,254
2,NORMA-18691,255
2,NORMA-10219,256
2,NORMA-3662,257
2,NORMA-18591,258
2,NORMA-18237,259
2,NORMA-21420,260
2,NORMA-13791,261
2,NORMA-19583,262
2,NORMA-20300,263
2,NORMA-3966,264
2,NORMA-9854,265
2,NORMA-14279,266
2,NORMA-20230,267
2,NORMA-21252,268
2,NORMA-19330,269
2,NORMA-11736,270
2,NORMA-21747,271
2,NORMA-19205,272
2,NORMA-1222,273
2,NORMA-11760,274
2,NORMA-21166,275
2,NORMA-1620,276
2,NORMA-21648,277
2,NORMA-21515,278
2,NORMA-18934,279
2,NORMA-21690,280
2,NORMA-19442,281
2,NORMA-20613,282
2,NORMA-19629,283
2,NORMA-19729,284
2,NORMA-27687,285
2,NORMA-18225,286
2,NORMA-11687,287
2,NORMA-6253,288
2,NORMA-21159,289
2,NORMA-10119,290
2,NORMA-6140,291
2,NORMA-7113,292
2,NORMA-6783,293
2,NORMA-20432,294
2,NORMA-10029,295
2,NORMA-8435,296
2,NORMA-10044,297
2,NORMA-9871,298
2,NORMA-11632,299
2,NORMA-7386,300
2,NORMA-7222,301
2,NORMA-11734,302
2,NORMA-20091,303
2,NORMA-19426,304
2,NORMA-7225,305
2,NORMA-18697,306
2,NORMA-21634,307
2,NORMA-9724,308
2,NORMA-18962,309
2,NORMA-18462,310
2,NORMA-19581,311
2,NORMA-21461,312
2,NORMA-15211,313
2,NORMA-18418,314
2,NORMA-18748,315
2,NORMA-12067,316
2,NORMA-19609,317
2,NORMA-19573,318
2,NORMA-21286,319
2,NORMA-6851,320
2,NORMA-3503,321
2,NORMA-11731,322
2,NORMA-6948,323
2,NORMA-21521,324
2,NORMA-8028,325
2,NORMA-13174,326
2,NORMA-21437,327
2,NORMA-12060,328
2,NORMA-18669,329
2,NORMA-19092,330
2,NORMA-19704,331
2,NORMA-20219,332
2,NORMA-21631,333
2,NORMA-21784,334
2,NORMA-19328,335
2,NORMA-19515,336
2,NORMA-18436,337
2,NORMA-13469,338
2,NORMA-18531,339
2,NORMA-1812,340
2,NORMA-21650,341
2,NORMA-17321,342
2,NORMA-21688,343
2,NORMA-12248,344
2,NORMA-11589,345
2,NORMA-11686,346
2,NORMA-11433,347
2,NORMA-21126,348
2,NORMA-11688,349
2,NORMA-21490,350
2,NORMA-11767,351
2,NORMA-11108,352
2,NORMA-19682,353
2,NORMA-12255,354
2,NORMA-18638,355
2,NORMA-11876,356
2,NORMA-12247,357
2,NORMA-10999,358
2,NORMA-11633,359
2,NORMA-12237,360
2,NORMA-11569,361
2,NORMA-12099,362
2,NORMA-12063,363
2,NORMA-11875,364
2,NORMA-19255,365
2,NORMA-11854,366
2,NORMA-11796,367
2,NORMA-19546,368
2,NORMA-12103,369
2,NORMA-24042,370
2,NORMA-20564,371
2,NORMA-11795,372
2,NORMA-27761,373
2,NORMA-12017,374
2,NORMA-12249,375
2,NORMA-11921,376
2,NORMA-25501,377
2,NORMA-19498,378
2,NORMA-10920,379
2,NORMA-19235,380
2,NORMA-12055,381
2,NORMA-13402,382
2,NORMA-11862,383
2,NORMA-24524,384
2,NORMA-16202,385
2,NORMA-11616,386
2,NORMA-11791,387
2,NORMA-2470,388
2,NORMA-12020,389
2,NORMA-11793,390
2,NORMA-11853,391
2,NORMA-11777,392
2,NORMA-11525,393
2,NORMA-11813,394
2,NORMA-12009,395
2,NORMA-12246,396
2,NORMA-11804,397
2,NORMA-11475,398
2,NORMA-12092,399
2,NORMA-12019,400
2,NORMA-11805,401
2,NORMA-12094,402
2,NORMA-11874,403
2,NORMA-21756,404
2,NORMA-18533,405
2,NORMA-11779,406
2,NORMA-19029,407
2,NORMA-12197,408
2,NORMA-12104,409
2,NORMA-11563,410
2,NORMA-11576,411
2,NORMA-18274,412
2,NORMA-11877,413
2,NORMA-11562,414
2,NORMA-11776,415
2,NORMA-11857,416
2,NORMA-12236,417
2,NORMA-2376,418
2,NORMA-12030,419
2,NORMA-11620,420
2,NORMA-12172,421
2,NORMA-21276,422
2,NORMA-12739,423
2,NORMA-11477,424
2,NORMA-11679,425
2,NORMA-2478,426
2,NORMA-11571,427
2,NORMA-11627,428
2,NORMA-11733,429
2,NORMA-11765,430
2,NORMA-11528,431
2,NORMA-11771,432
2,NORMA-18361,433
2,NORMA-11871,434
2,NORMA-12163,435
2,NORMA-11806,436
2,NORMA-3502,437
2,NORMA-1455,438
2,NORMA-11670,439
2,NORMA-11870,440
2,NORMA-12031,441
2,NORMA-11606,442
2,NORMA-11770,443
2,NORMA-11557,444
2,NORMA-18994,445
2,NORMA-1170,446
2,NORMA-1100,447
2,NORMA-919,448
2,NORMA-11772,449
2,NORMA-11556,450
2,NORMA-1446,451
2,NORMA-23321,452
2,NORMA-11603,453
2,NORMA-20870,454
2,NORMA-11712,455
2,NORMA-11855,456
2,NORMA-2207,457
2,NORMA-11761,458
2,NORMA-2483,459
2,NORMA-1310,460
2,NORMA-19940,461
2,NORMA-12021,462
2,NORMA-19857,463
2,NORMA-19563,464
2,NORMA-1841,465
2,NORMA-29163,466
2,NORMA-11523,467
2,NORMA-12235,468
2,NORMA-11669,469
2,NORMA-12171,470
2,NORMA-28585,471
2,NORMA-11769,472
2,NORMA-21766,473
2,NORMA-2190,474
2,NORMA-11512,475
2,NORMA-11524,476
2,NORMA-7280,477
2,NORMA-11762,478
2,NORMA-1863,479
2,NORMA-1438,480
2,NORMA-11673,481
2,NORMA-1515,482
2,NORMA-11866,483
2,NORMA-11559,484
2,NORMA-984,485
2,NORMA-19261,486
2,NORMA-999,487
2,NORMA-11613,488
2,NORMA-12170,489
2,NORMA-18963,490
2,NORMA-11667,491
2,NORMA-11610,492
2,NORMA-11671,493
2,NORMA-1178,494
2,NORMA-2362,495
2,NORMA-11721,496
2,NORMA-11664,497
2,NORMA-18472,498
2,NORMA-18816,499
2,NORMA-11520,500
2,NORMA-11799,501
2,NORMA-26701,502
2,NORMA-11790,503
2,NORMA-18207,504
2,NORMA-2390,505
2,NORMA-2383,506
2,NORMA-11768,507
2,NORMA-745,508
2,NORMA-20920,509
2,NORMA-12018,510
2,NORMA-11872,511
2,NORMA-515,512
2,NORMA-11663,513
2,NORMA-11666,514
2,NORMA-18213,515
2,NORMA-19779,516
2,NORMA-11526,517
2,NORMA-11575,518
2,NORMA-11716,519
2,NORMA-21785,520
2,NORMA-11766,521
2,NORMA-21199,522
2,NORMA-3001,523
2,NORMA-11758,524
2,NORMA-11564,525
2,NORMA-21224,526
2,NORMA-18838,527
2,NORMA-11997,528
2,NORMA-11568,529
2,NORMA-13158,530
2,NORMA-570,531
2,NORMA-11720,532
2,NORMA-19547,533
2,NORMA-11597,534
2,NORMA-21445,535
2,NORMA-18819,536
2,NORMA-12025,537
2,NORMA-11473,538
2,NORMA-12052,539
2,NORMA-12005,540
2,NORMA-20217,541
2,NORMA-11792,542
2,NORMA-21739,543
2,NORMA-11680,544
2,NORMA-21232,545
2,NORMA-11621,546
2,NORMA-1144,547
2,NORMA-11561,548
2,NORMA-25281,549
2,NORMA-14990,550
2,NORMA-11574,551
2,NORMA-21282,552
2,NORMA-21428,553
2,NORMA-11558,554
2,NORMA-12164,555
2,NORMA-18341,556
2,NORMA-6673,557
2,NORMA-14937,558
2,NORMA-12043,559
2,NORMA-1541,560
2,NORMA-11602,561
2,NORMA-11517,562
2,NORMA-11719,563
2,NORMA-18230,564
2,NORMA-11560,565
2,NORMA-553,566
2,NORMA-11710,567
2,NORMA-11572,568
2,NORMA-2551,569
2,NORMA-18364,570
2,NORMA-18439,571
2,NORMA-19440,572
2,NORMA-2378,573
2,NORMA-2534,574
2,NORMA-22061,575
2,NORMA-1452,576
2,NORMA-18233,577
2,NORMA-11922,578
2,NORMA-19650,579
2,NORMA-15603,580
2,NORMA-11920,581
2,NORMA-7027,582
2,NORMA-18675,583
2,NORMA-1192,584
2,NORMA-21790,585
2,NORMA-18306,586
2,NORMA-11577,587
2,NORMA-11519,588
2,NORMA-11516,589
2,NORMA-18772,590
2,NORMA-1164,591
2,NORMA-17221,592
2,NORMA-11522,593
2,NORMA-11717,594
2,NORMA-11578,595
2,NORMA-1334,596
2,NORMA-2475,597
2,NORMA-21709,598
2,NORMA-8458,599
2,NORMA-12027,600
2,NORMA-11732,601
2,NORMA-2387,602
2,NORMA-7953,603
2,NORMA-19700,604
2,NORMA-19481,605
2,NORMA-30663,606
2,NORMA-1296,607
2,NORMA-17182,608
2,NORMA-20046,609
2,NORMA-10200,610
2,NORMA-18653,611
2,NORMA-19606,612
2,NORMA-2554,613
2,NORMA-11672,614
2,NORMA-18802,615
2,NORMA-18298,616
2,NORMA-18985,617
2,NORMA-11742,618
2,NORMA-21052,619
2,NORMA-21211,620
2,NORMA-1217,621
2,NORMA-11722,622
2,NORMA-20846,623
2,NORMA-985,624
2,NORMA-18600,625
2,NORMA-11604,626
2,NORMA-1419,627
2,NORMA-18395,628
2,NORMA-18214,629
2,NORMA-2428,630
2,NORMA-12012,631
2,NORMA-21752,632
2,NORMA-2452,633
2,NORMA-11631,634
2,NORMA-11515,635
2,NORMA-11565,636
2,NORMA-21626,637
2,NORMA-13160,638
2,NORMA-10034,639
2,NORMA-995,640
2,NORMA-11723,641
2,NORMA-893,642
2,NORMA-19526,643
2,NORMA-21431,644
2,NORMA-6669,645
2,NORMA-1545,646
2,NORMA-13523,647
2,NORMA-21553,648
2,NORMA-19096,649
2,NORMA-21668,650
2,NORMA-11511,651
2,NORMA-2694,652
2,NORMA-21550,653
2,NORMA-22941,654
2,NORMA-11865,655
2,NORMA-12010,656
2,NORMA-5226,657
2,NORMA-12910,658
2,NORMA-11567,659
2,NORMA-1288,660
2,NORMA-18981,661
2,NORMA-6636,662
2,NORMA-19240,663
2,NORMA-28641,664
2,NORMA-18806,665
2,NORMA-2530,666
2,NORMA-19798,667
2,NORMA-26181,668
2,NORMA-21440,669
2,NORMA-2399,670
2,NORMA-14459,671
2,NORMA-11802,672
2,NORMA-1740,673
2,NORMA-11780,674
2,NORMA-11316,675
2,NORMA-12097,676
2,NORMA-13997,677
2,NORMA-21439,678
2,NORMA-19755,679
2,NORMA-19424,680
2,NORMA-219,681
2,NORMA-11674,682
2,NORMA-19803,683
2,NORMA-21484,684
2,NORMA-19437,685
2,NORMA-19691,686
2,NORMA-25522,687
2,NORMA-72,688
2,NORMA-25803,689
2,NORMA-13622,690
2,NORMA-13659,691
2,NORMA-21661,692
2,NORMA-18554,693
2,NORMA-21609,694
2,NORMA-23461,695
2,NORMA-6398,696
2,NORMA-18865,697
2,NORMA-18546,698
2,NORMA-21417,699
2,NORMA-7663,700
2,NORMA-19694,701
2,NORMA-2421,702
2,NORMA-19223,703
2,NORMA-54,704
2,NORMA-6672,705
2,NORMA-28182,706
2,NORMA-19172,707
2,NORMA-11751,708
2,NORMA-21544,709
2,NORMA-10055,710
2,NORMA-9111,711
2,NORMA-28441,712
2,NORMA-20220,713
2,NORMA-12942,714
2,NORMA-10762,715
2,NORMA-21141,716
2,NORMA-2503,717
2,NORMA-6414,718
2,NORMA-21036,719
2,NORMA-19124,720
2,NORMA-21390,721
2,NORMA-18349,722
2,NORMA-11998,723
2,NORMA-23341,724
2,NORMA-12046,725
2,NORMA-13508,726
2,NORMA-15203,727
2,NORMA-21351,728
2,NORMA-21703,729
2,NORMA-20976,730
2,NORMA-19529,731
2,NORMA-21763,732
2,NORMA-15802,733
2,NORMA-11518,734
2,NORMA-19230,735
2,NORMA-19213,736
2,NORMA-23701,737
2,NORMA-3757,738
2,NORMA-11729,739
2,NORMA-19385,740
2,NORMA-27442,741
2,NORMA-2377,742
2,NORMA-13818,743
2,NORMA-11718,744
2,NORMA-19716,745
2,NORMA-21230,746
2,NORMA-15068,747
2,NORMA-21596,748
2,NORMA-13968,749
2,NORMA-2558,750
2,NORMA-14858,751
2,NORMA-25981,752
2,NORMA-23201,753
2,NORMA-21218,754
2,NORMA-8278,755
2,NORMA-19786,756
2,NORMA-12107,757
2,NORMA-19866,758
2,NORMA-19792,759
2,NORMA-2542,760
2,NORMA-6396,761
2,NORMA-13555,762
2,NORMA-24061,763
2,NORMA-53,764
2,NORMA-12049,765
2,NORMA-21663,766
2,NORMA-6698,767
2,NORMA-21710,768
2,NORMA-18682,769
2,NORMA-2395,770
2,NORMA-18773,771
2,NORMA-20222,772
2,NORMA-21227,773
2,NORMA-25862,774
2,NORMA-1945,775
2,NORMA-21509,776
2,NORMA-21357,777
2,NORMA-15239,778
2,NORMA-4220,779
2,NORMA-18542,780
2,NORMA-21593,781
2,NORMA-19621,782
2,NORMA-1398,783
2,NORMA-21659,784
2,NORMA-9834,785
2,NORMA-21170,786
2,NORMA-12323,787
2,NORMA-9888,788
2,NORMA-18403,789
2,NORMA-18223,790
2,NORMA-27221,791
2,NORMA-1999,792
2,NORMA-833,793
2,NORMA-18325,794
2,NORMA-21699,795
2,NORMA-21583,796
2,NORMA-19570,797
2,NORMA-11611,798
2,NORMA-28362,799
2,NORMA-26723,800
2,NORMA-772,801
2,NORMA-12657,802
2,NORMA-20873,803
2,NORMA-14054,804
2,NORMA-19923,805
2,NORMA-13009,806
2,NORMA-18407,807
2,NORMA-19513,808
2,NORMA-19788,809
2,NORMA-13610,810
2,NORMA-11864,811
2,NORMA-19067,812
2,NORMA-18727,813
2,NORMA-21220,814
2,NORMA-18438,815
2,NORMA-10878,816
2,NORMA-20137,817
2,NORMA-417,818
2,NORMA-18539,819
2,NORMA-18219,820
2,NORMA-20911,821
2,NORMA-20997,822
2,NORMA-18548,823
2,NORMA-14613,824
2,NORMA-13715,825
2,NORMA-21608,826
2,NORMA-21585,827
2,NORMA-19303,828
2,NORMA-21388,829
2,NORMA-18303,830
2,NORMA-2522,831
2,NORMA-11614,832
2,NORMA-20999,833
2,NORMA-21413,834
2,NORMA-6318,835
2,NORMA-6623,836
2,NORMA-14982,837
2,NORMA-7110,838
2,NORMA-8384,839
2,NORMA-11715,840
2,NORMA-19519,841
2,NORMA-13111,842
2,NORMA-19431,843
2,NORMA-19818,844
2,NORMA-1035,845
2,NORMA-6679,846
2,NORMA-4572,847
2,NORMA-19929,848
2,NORMA-19738,849
2,NORMA-13521,850
2,NORMA-19144,851
2,NORMA-21319,852
2,NORMA-18208,853
2,NORMA-15246,854
2,NORMA-1317,855
2,NORMA-21700,856
2,NORMA-13722,857
2,NORMA-12994,858
2,NORMA-11665,859
2,NORMA-21024,860
2,NORMA-1098,861
2,NORMA-11588,862
2,NORMA-19387,863
2,NORMA-18239,864
2,NORMA-6962,865
2,NORMA-18181,866
2,NORMA-12992,867
2,NORMA-6621,868
2,NORMA-7012,869
2,NORMA-6641,870
2,NORMA-7384,871
2,NORMA-6256,872
2,NORMA-21591,873
2,NORMA-21048,874
2,NORMA-1420,875
2,NORMA-18537,876
2,NORMA-19681,877
2,NORMA-21137,878
2,NORMA-969,879
2,NORMA-5503,880
2,NORMA-22644,881
2,NORMA-19972,882
2,NORMA-1129,883
2,NORMA-28961,884
2,NORMA-11566,885
2,NORMA-11714,886
2,NORMA-20215,887
2,NORMA-18602,888
2,NORMA-1346,889
2,NORMA-760,890
2,NORMA-20185,891
2,NORMA-21486,892
2,NORMA-20207,893
2,NORMA-18574,894
2,NORMA-12877,895
2,NORMA-18502,896
2,NORMA-20099,897
2,NORMA-2171,898
2,NORMA-970,899
2,NORMA-21131,900
2,NORMA-18843,901
2,NORMA-19493,902
2,NORMA-328,903
2,NORMA-14985,904
2,NORMA-21706,905
2,NORMA-14658,906
2,NORMA-18996,907
2,NORMA-13217,908
2,NORMA-13971,909
2,NORMA-13707,910
2,NORMA-9365,911
2,NORMA-11868,912
2,NORMA-21026,913
2,NORMA-12006,914
2,NORMA-11975,915
2,NORMA-11829,916
2,NORMA-10821,917
2,NORMA-20398,918
2,NORMA-13220,919
2,NORMA-18648,920
2,NORMA-21150,921
2,NORMA-19110,922
2,NORMA-20105,923
2,NORMA-19000,924
2,NORMA-19549,925
2,NORMA-385,926
2,NORMA-18414,927
2,NORMA-36,928
2,NORMA-20140,929
2,NORMA-19435,930
2,NORMA-19578,931
2,NORMA-19164,932
2,NORMA-27548,933
2,NORMA-16602,934
2,NORMA-9382,935
2,NORMA-10375,936
2,NORMA-21578,937
2,NORMA-14239,938
2,NORMA-12593,939
2,NORMA-4136,940
2,NORMA-1151,941
2,NORMA-21299,942
2,NORMA-2188,943
2,NORMA-11735,944
2,NORMA-6881,945
2,NORMA-21401,946
2,NORMA-18342,947
2,NORMA-11798,948
2,NORMA-21636,949
2,NORMA-11655,950
2,NORMA-11976,951
2,NORMA-11831,952
2,NORMA-18844,953
2,NORMA-9785,954
2,NORMA-22401,955
2,NORMA-13385,956
2,NORMA-1303,957
2,NORMA-33288,958
2,NORMA-2531,959
2,NORMA-12048,960
2,NORMA-560,961
2,NORMA-20107,962
2,NORMA-357,963
2,NORMA-12169,964
2,NORMA-20902,965
2,NORMA-6701,966
2,NORMA-27247,967
2,NORMA-24903,968
2,NORMA-22141,969
2,NORMA-13637,970
2,NORMA-14528,971
2,NORMA-13414,972
2,NORMA-21017,973
2,NORMA-19003,974
2,NORMA-29145,975
2,NORMA-27445,976
2,NORMA-24686,977
2,NORMA-13287,978
2,NORMA-12527,979
2,NORMA-11910,980
2,NORMA-19203,981
2,NORMA-18350,982
2,NORMA-10629,983
2,NORMA-21582,984
2,NORMA-19173,985
2,NORMA-13067,986
2,NORMA-14387,987
2,NORMA-2050,988
2,NORMA-1590,989
2,NORMA-19402,990
2,NORMA-15160,991
2,NORMA-12002,992
2,NORMA-9595,993
2,NORMA-21423,994
2,NORMA-21139,995
2,NORMA-19615,996
2,NORMA-27248,997
2,NORMA-14482,998
2,NORMA-1909,999
2,NORMA-28001,1000
3,NORMA-1171,1
3,NORMA-7279,2
3,NORMA-1141,3
3,NORMA-19095,4
3,NORMA-219,5
3,NORMA-9821,6
3,NORMA-19387,7
3,NORMA-772,8
3,NORMA-6249,9
3,NORMA-560,10
3,NORMA-20774,11
3,NORMA-18780,12
3,NORMA-1183,13
3,NORMA-21367,14
3,NORMA-20909,15
3,NORMA-21258,16
3,NORMA-534,17
3,NORMA-19152,18
3,NORMA-1674,19
3,NORMA-19104,20
3,NORMA-20292,21
3,NORMA-18213,22
3,NORMA-1147,23
3,NORMA-12102,24
3,NORMA-19755,25
3,NORMA-27555,26
3,NORMA-229,27
3,NORMA-18816,28
3,NORMA-21699,29
3,NORMA-20925,30
3,NORMA-6598,31
3,NORMA-1463,32
3,NORMA-27501,33
3,NORMA-19103,34
3,NORMA-20865,35
3,NORMA-20917,36
3,NORMA-21506,37
3,NORMA-19523,38
3,NORMA-21175,39
3,NORMA-18761,40
3,NORMA-19596,41
3,NORMA-21483,42
3,NORMA-19431,43
3,NORMA-15542,44
3,NORMA-972,45
3,NORMA-11664,46
3,NORMA-974,47
3,NORMA-20077,48
3,NORMA-20902,49
3,NORMA-396,50
3,NORMA-19957,51
3,NORMA-218,52
3,NORMA-21607,53
3,NORMA-21508,54
3,NORMA-21429,55
3,NORMA-15060,56
3,NORMA-20277,57
3,NORMA-21382,58
3,NORMA-21020,59
3,NORMA-21456,60
3,NORMA-20677,61
3,NORMA-14898,62
3,NORMA-21114,63
3,NORMA-15882,64
3,NORMA-20753,65
3,NORMA-21790,66
3,NORMA-23501,67
3,NORMA-20871,68
3,NORMA-21625,69
3,NORMA-21661,70
3,NORMA-20408,71
3,NORMA-18741,72
3,NORMA-21256,73
3,NORMA-20849,74
3,NORMA-21705,75
3,NORMA-21437,76
3,NORMA-20721,77
3,NORMA-21147,78
3,NORMA-18842,79
3,NORMA-20336,80
3,NORMA-509,81
3,NORMA-20483,82
3,NORMA-217,83
3,NORMA-6948,84
3,NORMA-19542,85
3,NORMA-28362,86
3,NORMA-1994,87
3,NORMA-18933,88
3,NORMA-8028,89
3,NORMA-21113,90
3,NORMA-21173,91
3,NORMA-21698,92
3,NORMA-21253,93
3,NORMA-1663,94
3,NORMA-20723,95
3,NORMA-21691,96
3,NORMA-18858,97
3,NORMA-82,98
3,NORMA-1999,99
3,NORMA-21694,100
3,NORMA-2005,101
3,NORMA-21245,102
3,NORMA-18439,103
3,NORMA-21267,104
3,NORMA-20914,105
3,NORMA-22101,106
3,NORMA-21405,107
3,NORMA-20253,108
3,NORMA-2551,109
3,NORMA-19787,110
3,NORMA-19941,111
3,NORMA-20070,112
3,NORMA-21159,113
3,NORMA-15561,114
3,NORMA-835,115
3,NORMA-59,116
3,NORMA-332,117
3,NORMA-20046,118
3,NORMA-2185,119
3,NORMA-19621,120
3,NORMA-18591,121
3,NORMA-554,122
3,NORMA-801,123
3,NORMA-2013,124
3,NORMA-802,125
3,NORMA-20801,126
3,NORMA-1611,127
3,NORMA-1534,128
3,NORMA-1175,129
3,NORMA-20793,130
3,NORMA-20803,131
3,NORMA-20725,132
3,NORMA-20912,133
3,NORMA-660,134
3,NORMA-21521,135
3,NORMA-26124,136
3,NORMA-18803,137
3,NORMA-18359,138
3,NORMA-21609,139
3,NORMA-783,140
3,NORMA-20034,141
3,NORMA-21653,142
3,NORMA-21206,143
3,NORMA-21244,144
3,NORMA-21310,145
3,NORMA-18762,146
3,NORMA-12886,147
3,NORMA-19659,148
3,NORMA-21461,149
3,NORMA-15881,150
3,NORMA-680,151
3,NORMA-480,152
3,NORMA-25201,153
3,NORMA-20252,154
3,NORMA-11739,155
3,NORMA-20307,156
3,NORMA-27602,157
3,NORMA-21496,158
3,NORMA-19605,159
3,NORMA-20891,160
3,NORMA-21436,161
3,NORMA-27622,162
3,NORMA-20541,163
3,NORMA-20180,164
3,NORMA-20189,165
3,NORMA-20545,166
3,NORMA-27745,167
3,NORMA-6645,168
3,NORMA-27742,169
3,NORMA-20770,170
3,NORMA-27723,171
3,NORMA-27725,172
3,NORMA-27722,173
3,NORMA-21150,174
3,NORMA-27726,175
3,NORMA-27743,176
3,NORMA-26201,177
3,NORMA-28803,178
3,NORMA-27724,179
3,NORMA-27744,180
3,NORMA-20923,181
3,NORMA-20999,182
3,NORMA-75,183
3,NORMA-20772,184
3,NORMA-2158,185
3,NORMA-19297,186
3,NORMA-2694,187
3,NORMA-19981,188
3,NORMA-18299,189
3,NORMA-28262,190
3,NORMA-28183,191
3,NORMA-28164,192
3,NORMA-21366,193
3,NORMA-28261,194
3,NORMA-28163,195
3,NORMA-1516,196
3,NORMA-20976,197
3,NORMA-20423,198
3,NORMA-21162,199
3,NORMA-20538,200
3,NORMA-21152,201
3,NORMA-21589,202
3,NORMA-2421,203
3,NORMA-2269,204
3,NORMA-19275,205
3,NORMA-18720,206
3,NORMA-17321,207
3,NORMA-19731,208
3,NORMA-12089,209
3,NORMA-19649,210
3,NORMA-1421,211
3,NORMA-1613,212
3,NORMA-6316,213
3,NORMA-28001,214
3,NORMA-19977,215
3,NORMA-6181,216
3,NORMA-6950,217
3,NORMA-6256,218
3,NORMA-21427,219
3,NORMA-6813,220
3,NORMA-21236,221
3,NORMA-2517,222
3,NORMA-9481,223
3,NORMA-6856,224
3,NORMA-7012,225
3,NORMA-19896,226
3,NORMA-1740,227
3,NORMA-28981,228
3,NORMA-21211,229
3,NORMA-22561,230
3,NORMA-21739,231
3,NORMA-21384,232
3,NORMA-6183,233
3,NORMA-21731,234
3,NORMA-6630,235
3,NORMA-6623,236
3,NORMA-20499,237
3,NORMA-11621,238
3,NORMA-26701,239
3,NORMA-18207,240
3,NORMA-21741,241
3,NORMA-1606,242
3,NORMA-19384,243
3,NORMA-20940,244
3,NORMA-21180,245
3,NORMA-21218,246
3,NORMA-24583,247
3,NORMA-18530,248
3,NORMA-20773,249
3,NORMA-17201,250
3,NORMA-28203,251
3,NORMA-14673,252
3,NORMA-20839,253
3,NORMA-21702,254
3,NORMA-11793,255
3,NORMA-19573,256
3,NORMA-6318,257
3,NORMA-20433,258
3,NORMA-21226,259
3,NORMA-6967,260
3,NORMA-29005,261
3,NORMA-18937,262
3,NORMA-7027,263
3,NORMA-18432,264
3,NORMA-19904,265
3,NORMA-6199,266
3,NORMA-11760,267
3,NORMA-20208,268
3,NORMA-28181,269
3,NORMA-10375,270
3,NORMA-10629,271
3,NORMA-6082,272
3,NORMA-3241,273
3,NORMA-20185,274
3,NORMA-18379,275
3,NORMA-20918,276
3,NORMA-18293,277
3,NORMA-12027,278
3,NORMA-19091,279
3,NORMA-6758,280
3,NORMA-1173,281
3,NORMA-28584,282
3,NORMA-18325,283
3,NORMA-12165,284
3,NORMA-21727,285
3,NORMA-21563,286
3,NORMA-21792,287
3,NORMA-21417,288
3,NORMA-20303,289
3,NORMA-19916,290
3,NORMA-21446,291
3,NORMA-19520,292
3,NORMA-6880,293
3,NORMA-21419,294
3,NORMA-21639,295
3,NORMA-21515,296
3,NORMA-21360,297
3,NORMA-20836,298
3,NORMA-18863,299
3,NORMA-21624,300
3,NORMA-3381,301
3,NORMA-19292,302
3,NORMA-11588,303
3,NORMA-15237,304
3,NORMA-19212,305
3,NORMA-25261,306
3,NORMA-20659,307
3,NORMA-19800,308
3,NORMA-8458,309
3,NORMA-20959,310
3,NORMA-21356,311
3,NORMA-19096,312
3,NORMA-21626,313
3,NORMA-20096,314
3,NORMA-21224,315
3,NORMA-21712,316
3,NORMA-20789,317
3,NORMA-21756,318
3,NORMA-12161,319
3,NORMA-21544,320
3,NORMA-14054,321
3,NORMA-20425,322
3,NORMA-21507,323
3,NORMA-20053,324
3,NORMA-18549,325
3,NORMA-11570,326
3,NORMA-18984,327
3,NORMA-20340,328
3,NORMA-18633,329
3,NORMA-21231,330
3,NORMA-7011,331
3,NORMA-21370,332
3,NORMA-15004,333
3,NORMA-15521,334
3,NORMA-21462,335
3,NORMA-18370,336
3,NORMA-20985,337
3,NORMA-18915,338
3,NORMA-21550,339
3,NORMA-22941,340
3,NORMA-18342,341
3,NORMA-20842,342
3,NORMA-20569,343
3,NORMA-20929,344
3,NORMA-9792,345
3,NORMA-31903,346
3,NORMA-12113,347
3,NORMA-21297,348
3,NORMA-31904,349
3,NORMA-19635,350
3,NORMA-13219,351
3,NORMA-20453,352
3,NORMA-18541,353
3,NORMA-25645,354
3,NORMA-20431,355
3,NORMA-11655,356
3,NORMA-14239,357
3,NORMA-6185,358
3,NORMA-2184,359
3,NORMA-21260,360
3,NORMA-11814,361
3,NORMA-20554,362
3,NORMA-13111,363
3,NORMA-20549,364
3,NORMA-13848,365
3,NORMA-7122,366
3,NORMA-20184,367
3,NORMA-13323,368
3,NORMA-21298,369
3,NORMA-9834,370
3,NORMA-11516,371
3,NORMA-21048,372
3,NORMA-20314,373
3,NORMA-12014,374
3,NORMA-12234,375
3,NORMA-20329,376
3,NORMA-21238,377
3,NORMA-15159,378
3,NORMA-20334,379
3,NORMA-20716,380
3,NORMA-20193,381
3,NORMA-3382,382
3,NORMA-10636,383
3,NORMA-12323,384
3,NORMA-20321,385
3,NORMA-20195,386
3,NORMA-10200,387
3,NORMA-13954,388
3,NORMA-2395,389
3,NORMA-29441,390
3,NORMA-1567,391
3,NORMA-20211,392
3,NORMA-11722,393
3,NORMA-26841,394
3,NORMA-12232,395
3,NORMA-19785,396
3,NORMA-21029,397
3,NORMA-28586,398
3,NORMA-9382,399
3,NORMA-11597,400
3,NORMA-15246,401
3,NORMA-20436,402
3,NORMA-19513,403
3,NORMA-20834,404
3,NORMA-6958,405
3,NORMA-10119,406
3,NORMA-19617,407
3,NORMA-12877,408
3,NORMA-19122,409
3,NORMA-20497,410
3,NORMA-21086,411
3,NORMA-3201,412
3,NORMA-24582,413
3,NORMA-11567,414
3,NORMA-21413,415
3,NORMA-7953,416
3,NORMA-19637,417
3,NORMA-18286,418
3,NORMA-11864,419
3,NORMA-2546,420
3,NORMA-21386,421
3,NORMA-20494,422
3,NORMA-21728,423
3,NORMA-14279,424
3,NORMA-26102,425
3,NORMA-3281,426
3,NORMA-18356,427
3,NORMA-18690,428
3,NORMA-21404,429
3,NORMA-20206,430
3,NORMA-21568,431
3,NORMA-19798,432
3,NORMA-20205,433
3,NORMA-28281,434
3,NORMA-28422,435
3,NORMA-20928,436
3,NORMA-14985,437
3,NORMA-21709,438
3,NORMA-11472,439
3,NORMA-20581,440
3,NORMA-19634,441
3,NORMA-2555,442
3,NORMA-27001,443
3,NORMA-13138,444
3,NORMA-20196,445
3,NORMA-21752,446
3,NORMA-18206,447
3,NORMA-18452,448
3,NORMA-21650,449
3,NORMA-8463,450
3,NORMA-7444,451
3,NORMA-18364,452
3,NORMA-20794,453
3,NORMA-7416,454
3,NORMA-21566,455
3,NORMA-18608,456
3,NORMA-19042,457
3,NORMA-18719,458
3,NORMA-18667,459
3,NORMA-18504,460
3,NORMA-20913,461
3,NORMA-20813,462
3,NORMA-21631,463
3,NORMA-20192,464
3,NORMA-19631,465
3,NORMA-6819,466
3,NORMA-20210,467
3,NORMA-6820,468
3,NORMA-8027,469
3,NORMA-21364,470
3,NORMA-6962,471
3,NORMA-21345,472
3,NORMA-12657,473
3,NORMA-15081,474
3,NORMA-12006,475
3,NORMA-21553,476
3,NORMA-6970,477
3,NORMA-19287,478
3,NORMA-14278,479
3,NORMA-20186,480
3,NORMA-6257,481
3,NORMA-11888,482
3,NORMA-11476,483
3,NORMA-12492,484
3,NORMA-14990,485
3,NORMA-21484,486
3,NORMA-15272,487
3,NORMA-20028,488
3,NORMA-27761,489
3,NORMA-18513,490
3,NORMA-18899,491
3,NORMA-10029,492
3,NORMA-12230,493
3,NORMA-18553,494
3,NORMA-18350,495
3,NORMA-11784,496
3,NORMA-19424,497
3,NORMA-9871,498
3,NORMA-12231,499
3,NORMA-20465,500
3,NORMA-10044,501
3,NORMA-12041,502
3,NORMA-20906,503
3,NORMA-12011,504
3,NORMA-21668,505
3,NORMA-11788,506
3,NORMA-19777,507
3,NORMA-20961,508
3,NORMA-11852,509
3,NORMA-21139,510
3,NORMA-6669,511
3,NORMA-11751,512
3,NORMA-19121,513
3,NORMA-21659,514
3,NORMA-13508,515
3,NORMA-24621,516
3,NORMA-12233,517
3,NORMA-12007,518
3,NORMA-20349,519
3,NORMA-7110,520
3,NORMA-19647,521
3,NORMA-20421,522
3,NORMA-19805,523
3,NORMA-12000,524
3,NORMA-19434,525
3,NORMA-12867,526
3,NORMA-18670,527
3,NORMA-20359,528
3,NORMA-19799,529
3,NORMA-20451,530
3,NORMA-2579,531
3,NORMA-19370,532
3,NORMA-20460,533
3,NORMA-12003,534
3,NORMA-6621,535
3,NORMA-20169,536
3,NORMA-18823,537
3,NORMA-13195,538
3,NORMA-19629,539
3,NORMA-3181,540
3,NORMA-21215,541
3,NORMA-21501,542
3,NORMA-18403,543
3,NORMA-20560,544
3,NORMA-25523,545
3,NORMA-28561,546
3,NORMA-9893,547
3,NORMA-26822,548
3,NORMA-11798,549
3,NORMA-21192,550
3,NORMA-11778,551
3,NORMA-19609,552
3,NORMA-19114,553
3,NORMA-20377,554
3,NORMA-20082,555
3,NORMA-18818,556
3,NORMA-19650,557
3,NORMA-20784,558
3,NORMA-12048,559
3,NORMA-21613,560
3,NORMA-20086,561
3,NORMA-12029,562
3,NORMA-21254,563
3,NORMA-21071,564
3,NORMA-6955,565
3,NORMA-19797,566
3,NORMA-19968,567
3,NORMA-21299,568
3,NORMA-12249,569
3,NORMA-13864,570
3,NORMA-18414,571
3,NORMA-18646,572
3,NORMA-12245,573
3,NORMA-18747,574
3,NORMA-20762,575
3,NORMA-20894,576
3,NORMA-19751,577
3,NORMA-21316,578
3,NORMA-18424,579
3,NORMA-20941,580
3,NORMA-27022,581
3,NORMA-12229,582
3,NORMA-19965,583
3,NORMA-19328,584
3,NORMA-20811,585
3,NORMA-6698,586
3,NORMA-18378,587
3,NORMA-20197,588
3,NORMA-19730,589
3,NORMA-20191,590
3,NORMA-20625,591
3,NORMA-27521,592
3,NORMA-18981,593
3,NORMA-10708,594
3,NORMA-18885,595
3,NORMA-18219,596
3,NORMA-11599,597
3,NORMA-18234,598
3,NORMA-21695,599
3,NORMA-19564,600
3,NORMA-21395,601
3,NORMA-7703,602
3,NORMA-21538,603
3,NORMA-19706,604
3,NORMA-12049,605
3,NORMA-6752,606
3,NORMA-18957,607
3,NORMA-21291,608
3,NORMA-21012,609
3,NORMA-20557,610
3,NORMA-19232,611
3,NORMA-18967,612
3,NORMA-5421,613
3,NORMA-19148,614
3,NORMA-20055,615
3,NORMA-20920,616
3,NORMA-21242,617
3,NORMA-6636,618
3,NORMA-21776,619
3,NORMA-6321,620
3,NORMA-6644,621
3,NORMA-20125,622
3,NORMA-6954,623
3,NORMA-11872,624
3,NORMA-18953,625
3,NORMA-18205,626
3,NORMA-16268,627
3,NORMA-12039,628
3,NORMA-21747,629
3,NORMA-19479,630
3,NORMA-19249,631
3,NORMA-19658,632
3,NORMA-18303,633
3,NORMA-20176,634
3,NORMA-20202,635
3,NORMA-4710,636
3,NORMA-19446,637
3,NORMA-7381,638
3,NORMA-11417,639
3,NORMA-19443,640
3,NORMA-12880,641
3,NORMA-34,642
3,NORMA-19903,643
3,NORMA-14967,644
3,NORMA-20604,645
3,NORMA-883,646
3,NORMA-749,647
3,NORMA-20432,648
3,NORMA-781,649
3,NORMA-19009,650
3,NORMA-18412,651
3,NORMA-19643,652
3,NORMA-20473,653
3,NORMA-3342,654
3,NORMA-2426,655
3,NORMA-21537,656
3,NORMA-8860,657
3,NORMA-1991,658
3,NORMA-1341,659
3,NORMA-21028,660
3,NORMA-1415,661
3,NORMA-11759,662
3,NORMA-309,663
3,NORMA-819,664
3,NORMA-2093,665
3,NORMA-21783,666
3,NORMA-20576,667
3,NORMA-314,668
3,NORMA-2183,669
3,NORMA-8384,670
3,NORMA-15902,671
3,NORMA-20828,672
3,NORMA-923,673
3,NORMA-278,674
3,NORMA-21188,675
3,NORMA-18901,676
3,NORMA-20572,677
3,NORMA-6253,678
3,NORMA-1317,679
3,NORMA-2574,680
3,NORMA-1013,681
3,NORMA-863,682
3,NORMA-20183,683
3,NORMA-7362,684
3,NORMA-1474,685
3,NORMA-871,686
3,NORMA-20641,687
3,NORMA-595,688
3,NORMA-20573,689
3,NORMA-462,690
3,NORMA-211,691
3,NORMA-2921,692
3,NORMA-2485,693
3,NORMA-20885,694
3,NORMA-18796,695
3,NORMA-21349,696
3,NORMA-18537,697
3,NORMA-265,698
3,NORMA-938,699
3,NORMA-2199,700
3,NORMA-7384,701
3,NORMA-2032,702
3,NORMA-18681,703
3,NORMA-20215,704
3,NORMA-9724,705
3,NORMA-576,706
3,NORMA-19684,707
3,NORMA-18799,708
3,NORMA-6702,709
3,NORMA-20251,710
3,NORMA-1211,711
3,NORMA-588,712
3,NORMA-587,713
3,NORMA-18542,714
3,NORMA-207,715
3,NORMA-1088,716
3,NORMA-24601,717
3,NORMA-20869,718
3,NORMA-1502,719
3,NORMA-19128,720
3,NORMA-2089,721
3,NORMA-631,722
3,NORMA-1535,723
3,NORMA-19028,724
3,NORMA-18859,725
3,NORMA-838,726
3,NORMA-903,727
3,NORMA-1366,728
3,NORMA-208,729
3,NORMA-1024,730
3,NORMA-1419,731
3,NORMA-20371,732
3,NORMA-21648,733
3,NORMA-2144,734
3,NORMA-11735,735
3,NORMA-20468,736
3,NORMA-18225,737
3,NORMA-20851,738
3,NORMA-1447,739
3,NORMA-21746,740
3,NORMA-666,741
3,NORMA-19874,742
3,NORMA-19140,743
3,NORMA-11665,744
3,NORMA-978,745
3,NORMA-2981,746
3,NORMA-20422,747
3,NORMA-2560,748
3,NORMA-21758,749
3,NORMA-1035,750
3,NORMA-2386,751
3,NORMA-19164,752
3,NORMA-11614,753
3,NORMA-18974,754
3,NORMA-995,755
3,NORMA-594,756
3,NORMA-711,757
3,NORMA-865,758
3,NORMA-21157,759
3,NORMA-1250,760
3,NORMA-21314,761
3,NORMA-2509,762
3,NORMA-21682,763
3,NORMA-1033,764
3,NORMA-966,765
3,NORMA-20270,766
3,NORMA-1030,767
3,NORMA-1586,768
3,NORMA-655,769
3,NORMA-222,770
3,NORMA-1406,771
3,NORMA-580,772
3,NORMA-6140,773
3,NORMA-11576,774
3,NORMA-21488,775
3,NORMA-21339,776
3,NORMA-664,777
3,NORMA-209,778
3,NORMA-21359,779
3,NORMA-14661,780
3,NORMA-16941,781
3,NORMA-2842,782
3,NORMA-2453,783
3,NORMA-10821,784
3,NORMA-8435,785
3,NORMA-21677,786
3,NORMA-18333,787
3,NORMA-7113,788
3,NORMA-2189,789
3,NORMA-12099,790
3,NORMA-2536,791
3,NORMA-19061,792
3,NORMA-558,793
3,NORMA-703,794
3,NORMA-878,795
3,NORMA-18332,796
3,NORMA-1391,797
3,NORMA-970,798
3,NORMA-1990,799
3,NORMA-2627,800
3,NORMA-18837,801
3,NORMA-1044,802
3,NORMA-19499,803
3,NORMA-18411,804
3,NORMA-1137,805
3,NORMA-567,806
3,NORMA-2623,807
3,NORMA-658,808
3,NORMA-1471,809
3,NORMA-2550,810
3,NORMA-61,811
3,NORMA-11605,812
3,NORMA-1006,813
3,NORMA-4539,814
3,NORMA-33288,815
3,NORMA-251,816
3,NORMA-581,817
3,NORMA-28021,818
3,NORMA-1274,819
3,NORMA-20898,820
3,NORMA-25862,821
3,NORMA-1337,822
3,NORMA-2568,823
3,NORMA-20220,824
3,NORMA-144,825
3,NORMA-18773,826
3,NORMA-19354,827
3,NORMA-1113,828
3,NORMA-19554,829
3,NORMA-18479,830
3,NORMA-729,831
3,NORMA-24,832
3,NORMA-6783,833
3,NORMA-21527,834
3,NORMA-20556,835
3,NORMA-854,836
3,NORMA-20250,837
3,NORMA-754,838
3,NORMA-122,839
3,NORMA-19462,840
3,NORMA-15603,841
3,NORMA-7222,842
3,NORMA-250,843
3,NORMA-19171,844
3,NORMA-20137,845
3,NORMA-252,846
3,NORMA-228,847
3,NORMA-1222,848
3,NORMA-7386,849
3,NORMA-1416,850
3,NORMA-21036,851
3,NORMA-19842,852
3,NORMA-385,853
3,NORMA-21567,854
3,NORMA-705,855
3,NORMA-33308,856
3,NORMA-1283,857
3,NORMA-3001,858
3,NORMA-20636,859
3,NORMA-607,860
3,NORMA-18385,861
3,NORMA-21052,862
3,NORMA-646,863
3,NORMA-1154,864
3,NORMA-1289,865
3,NORMA-2118,866
3,NORMA-9252,867
3,NORMA-159,868
3,NORMA-21431,869
3,NORMA-18683,870
3,NORMA-535,871
3,NORMA-92,872
3,NORMA-13160,873
3,NORMA-2010,874
3,NORMA-1512,875
3,NORMA-292,876
3,NORMA-14463,877
3,NORMA-1143,878
3,NORMA-21600,879
3,NORMA-18536,880
3,NORMA-15581,881
3,NORMA-20971,882
3,NORMA-1620,883
3,NORMA-474,884
3,NORMA-18248,885
3,NORMA-1983,886
3,NORMA-2176,887
3,NORMA-2083,888
3,NORMA-2009,889
3,NORMA-2067,890
3,NORMA-18724,891
3,NORMA-20701,892
3,NORMA-19701,893
3,NORMA-21369,894
3,NORMA-1433,895
3,NORMA-893,896
3,NORMA-20571,897
3,NORMA-19033,898
3,NORMA-741,899
3,NORMA-261,900
3,NORMA-20474,901
3,NORMA-1026,902
3,NORMA-2723,903
3,NORMA-18669,904
3,NORMA-1090,905
3,NORMA-18630,906
3,NORMA-18931,907
3,NORMA-19766,908
3,NORMA-4909,909
3,NORMA-20846,910
3,NORMA-19056,911
3,NORMA-20428,912
3,NORMA-2455,913
3,NORMA-19051,914
3,NORMA-7225,915
3,NORMA-1549,916
3,NORMA-796,917
3,NORMA-247,918
3,NORMA-18478,919
3,NORMA-573,920
3,NORMA-19644,921
3,NORMA-981,922
3,NORMA-18985,923
3,NORMA-20621,924
3,NORMA-15901,925
3,NORMA-21205,926
3,NORMA-736,927
3,NORMA-1084,928
3,NORMA-2583,929
3,NORMA-12169,930
3,NORMA-18222,931
3,NORMA-1960,932
3,NORMA-479,933
3,NORMA-20760,934
3,NORMA-1390,935
3,NORMA-7140,936
3,NORMA-1009,937
3,NORMA-253,938
3,NORMA-19640,939
3,NORMA-925,940
3,NORMA-19820,941
3,NORMA-6343,942
3,NORMA-21197,943
3,NORMA-280,944
3,NORMA-19728,945
3,NORMA-18494,946
3,NORMA-15921,947
3,NORMA-478,948
3,NORMA-21220,949
3,NORMA-21688,950
3,NORMA-798,951
3,NORMA-20700,952
3,NORMA-1256,953
3,NORMA-2337,954
3,NORMA-54,955
3,NORMA-19440,956
3,NORMA-1315,957
3,NORMA-579,958
3,NORMA-60,959
3,NORMA-1422,960
3,NORMA-7138,961
3,NORMA-18603,962
3,NORMA-2508,963
3,NORMA-18428,964
3,NORMA-1438,965
3,NORMA-19417,966
3,NORMA-19676,967
3,NORMA-515,968
3,NORMA-1098,969
3,NORMA-20245,970
3,NORMA-19816,971
3,NORMA-1776,972
3,NORMA-20064,973
3,NORMA-412,974
3,NORMA-19955,975
3,NORMA-21214,976
3,NORMA-8244,977
3,NORMA-11607,978
3,NORMA-1298,979
3,NORMA-2425,980
3,NORMA-8198,981
3,NORMA-5251,982
3,NORMA-21025,983
3,NORMA-21398,984
3,NORMA-20515,985
3,NORMA-18593,986
3,NORMA-1812,987
3,NORMA-20602,988
3,NORMA-2484,989
3,NORMA-20249,990
3,NORMA-1260,991
3,NORMA-7449,992
3,NORMA-2056,993
3,NORMA-19174,994
3,NORMA-20393,995
3,NORMA-20358,996
3,NORMA-10878,997
3,NORMA-1369,998
3,NORMA-21228,999
3,NORMA-2175,1000
4,NORMA-6685,1
4,NORMA-6184,2
4,NORMA-18668,3
4,NORMA-21065,4
4,NORMA-19583,5
4,NORMA-19942,6
4,NORMA-19629,7
4,NORMA-21361,8
4,NORMA-18653,9
4,NORMA-18769,10
4,NORMA-20058,11
4,NORMA-20730,12
4,NORMA-11664,13
4,NORMA-18243,14
4,NORMA-19689,15
4,NORMA-21575,16
4,NORMA-13298,17
4,NORMA-20704,18
4,NORMA-18972,19
4,NORMA-20223,20
4,NORMA-18391,21
4,NORMA-6253,22
4,NORMA-3503,23
4,NORMA-19429,24
4,NORMA-21638,25
4,NORMA-21666,26
4,NORMA-18670,27
4,NORMA-19515,28
4,NORMA-18748,29
4,NORMA-13797,30
4,NORMA-18286,31
4,NORMA-21649,32
4,NORMA-20295,33
4,NORMA-19691,34
4,NORMA-19526,35
4,NORMA-19909,36
4,NORMA-20890,37
4,NORMA-21149,38
4,NORMA-21203,39
4,NORMA-21390,40
4,NORMA-18427,41
4,NORMA-21269,42
4,NORMA-21404,43
4,NORMA-18916,44
4,NORMA-18626,45
4,NORMA-19927,46
4,NORMA-18405,47
4,NORMA-18682,48
4,NORMA-19518,49
4,NORMA-21064,50
4,NORMA-19436,51
4,NORMA-18219,52
4,NORMA-20632,53
4,NORMA-20962,54
4,NORMA-18767,55
4,NORMA-21004,56
4,NORMA-20168,57
4,NORMA-18870,58
4,NORMA-18734,59
4,NORMA-11606,60
4,NORMA-2158,61
4,NORMA-18915,62
4,NORMA-23501,63
4,NORMA-18545,64
4,NORMA-18939,65
4,NORMA-18648,66
4,NORMA-8028,67
4,NORMA-21409,68
4,NORMA-18835,69
4,NORMA-21698,70
4,NORMA-18294,71
4,NORMA-11564,72
4,NORMA-6022,73
4,NORMA-18793,74
4,NORMA-18463,75
4,NORMA-18401,76
4,NORMA-20790,77
4,NORMA-26881,78
4,NORMA-20186,79
4,NORMA-20915,80
4,NORMA-20702,81
4,NORMA-20705,82
4,NORMA-18502,83
4,NORMA-3966,84
4,NORMA-11601,85
4,NORMA-28981,86
4,NORMA-6948,87
4,NORMA-21509,88
4,NORMA-20729,89
4,NORMA-18801,90
4,NORMA-20278,91
4,NORMA-19416,92
4,NORMA-11527,93
4,NORMA-18954,94
4,NORMA-21562,95
4,NORMA-19729,96
4,NORMA-21663,97
4,NORMA-19546,98
4,NORMA-21710,99
4,NORMA-18420,100
4,NORMA-20713,101
4,NORMA-20468,102
4,NORMA-11474,103
4,NORMA-19437,104
4,NORMA-18451,105
4,NORMA-14967,106
4,NORMA-19240,107
4,NORMA-19590,108
4,NORMA-20597,109
4,NORMA-29003,110
4,NORMA-21788,111
4,NORMA-20072,112
4,NORMA-21196,113
4,NORMA-20602,114
4,NORMA-19223,115
4,NORMA-20222,116
4,NORMA-22561,117
4,NORMA-18238,118
4,NORMA-19124,119
4,NORMA-20712,120
4,NORMA-20068,121
4,NORMA-20134,122
4,NORMA-9803,123
4,NORMA-19138,124
4,NORMA-21187,125
4,NORMA-23341,126
4,NORMA-19969,127
4,NORMA-15229,128
4,NORMA-19574,129
4,NORMA-6629,130
4,NORMA-19329,131
4,NORMA-19183,132
4,NORMA-6679,133
4,NORMA-21205,134
4,NORMA-21371,135
4,NORMA-11758,136
4,NORMA-18450,137
4,NORMA-21461,138
4,NORMA-20474,139
4,NORMA-19003,140
4,NORMA-21768,141
4,NORMA-20371,142
4,NORMA-1608,143
4,NORMA-18492,144
4,NORMA-11473,145
4,NORMA-20997,146
4,NORMA-19431,147
4,NORMA-28203,148
4,NORMA-21521,149
4,NORMA-20240,150
4,NORMA-18211,151
4,NORMA-21344,152
4,NORMA-21005,153
4,NORMA-18531,154
4,NORMA-21131,155
4,NORMA-19682,156
4,NORMA-20402,157
4,NORMA-21634,158
4,NORMA-16403,159
4,NORMA-21402,160
4,NORMA-19454,161
4,NORMA-21356,162
4,NORMA-20880,163
4,NORMA-21017,164
4,NORMA-18411,165
4,NORMA-20073,166
4,NORMA-11680,167
4,NORMA-18554,168
4,NORMA-11667,169
4,NORMA-11720,170
4,NORMA-19667,171
4,NORMA-21086,172
4,NORMA-11722,173
4,NORMA-16481,174
4,NORMA-19110,175
4,NORMA-21659,176
4,NORMA-2269,177
4,NORMA-1485,178
4,NORMA-1365,179
4,NORMA-6957,180
4,NORMA-19155,181
4,NORMA-11733,182
4,NORMA-20796,183
4,NORMA-18221,184
4,NORMA-11762,185
4,NORMA-20473,186
4,NORMA-11602,187
4,NORMA-21137,188
4,NORMA-21499,189
4,NORMA-27221,190
4,NORMA-19705,191
4,NORMA-18574,192
4,NORMA-9724,193
4,NORMA-19245,194
4,NORMA-11577,195
4,NORMA-13594,196
4,NORMA-11516,197
4,NORMA-11721,198
4,NORMA-21792,199
4,NORMA-11578,200
4,NORMA-19448,201
4,NORMA-20703,202
4,NORMA-11086,203
4,NORMA-11567,204
4,NORMA-11603,205
4,NORMA-19095,206
4,NORMA-7028,207
4,NORMA-21526,208
4,NORMA-19021,209
4,NORMA-21609,210
4,NORMA-18303,211
4,NORMA-21217,212
4,NORMA-11669,213
4,NORMA-11716,214
4,NORMA-15561,215
4,NORMA-11571,216
4,NORMA-21690,217
4,NORMA-18796,218
4,NORMA-19746,219
4,NORMA-19181,220
4,NORMA-6627,221
4,NORMA-570,222
4,NORMA-18528,223
4,NORMA-6140,224
4,NORMA-21239,225
4,NORMA-14652,226
4,NORMA-19477,227
4,NORMA-20465,228
4,NORMA-11558,229
4,NORMA-13552,230
4,NORMA-11764,231
4,NORMA-7113,232
4,NORMA-18838,233
4,NORMA-19005,234
4,NORMA-11559,235
4,NORMA-11479,236
4,NORMA-21028,237
4,NORMA-8435,238
4,NORMA-19303,239
4,NORMA-21178,240
4,NORMA-11814,241
4,NORMA-21157,242
4,NORMA-21669,243
4,NORMA-25621,244
4,NORMA-11477,245
4,NORMA-21241,246
4,NORMA-6895,247
4,NORMA-21431,248
4,NORMA-11761,249
4,NORMA-18529,250
4,NORMA-21389,251
4,NORMA-21595,252
4,NORMA-18434,253
4,NORMA-2517,254
4,NORMA-11520,255
4,NORMA-18804,256
4,NORMA-21387,257
4,NORMA-6676,258
4,NORMA-20754,259
4,NORMA-12739,260
4,NORMA-19553,261
4,NORMA-19727,262
4,NORMA-21279,263
4,NORMA-20582,264
4,NORMA-20098,265
4,NORMA-11523,266
4,NORMA-11666,267
4,NORMA-18762,268
4,NORMA-14302,269
4,NORMA-21328,270
4,NORMA-19704,271
4,NORMA-11522,272
4,NORMA-11563,273
4,NORMA-11717,274
4,NORMA-11575,275
4,NORMA-21135,276
4,NORMA-11572,277
4,NORMA-20102,278
4,NORMA-21519,279
4,NORMA-11670,280
4,NORMA-18886,281
4,NORMA-18276,282
4,NORMA-19330,283
4,NORMA-15802,284
4,NORMA-19620,285
4,NORMA-11756,286
4,NORMA-19512,287
4,NORMA-18595,288
4,NORMA-11665,289
4,NORMA-3001,290
4,NORMA-18781,291
4,NORMA-19039,292
4,NORMA-20205,293
4,NORMA-21676,294
4,NORMA-20092,295
4,NORMA-11672,296
4,NORMA-11561,297
4,NORMA-20616,298
4,NORMA-15239,299
4,NORMA-21113,300
4,NORMA-6968,301
4,NORMA-18673,302
4,NORMA-19092,303
4,NORMA-13402,304
4,NORMA-23521,305
4,NORMA-18291,306
4,NORMA-15339,307
4,NORMA-19081,308
4,NORMA-11674,309
4,NORMA-19467,310
4,NORMA-11562,311
4,NORMA-11517,312
4,NORMA-11719,313
4,NORMA-18368,314
4,NORMA-21784,315
4,NORMA-20736,316
4,NORMA-20630,317
4,NORMA-18302,318
4,NORMA-11663,319
4,NORMA-11715,320
4,NORMA-6595,321
4,NORMA-19961,322
4,NORMA-21305,323
4,NORMA-20583,324
4,NORMA-21228,325
4,NORMA-11524,326
4,NORMA-20235,327
4,NORMA-20129,328
4,NORMA-19221,329
4,NORMA-17201,330
4,NORMA-11673,331
4,NORMA-15603,332
4,NORMA-21678,333
4,NORMA-21537,334
4,NORMA-21651,335
4,NORMA-19174,336
4,NORMA-20565,337
4,NORMA-21126,338
4,NORMA-12029,339
4,NORMA-13918,340
4,NORMA-11671,341
4,NORMA-25902,342
4,NORMA-19440,343
4,NORMA-6720,344
4,NORMA-11574,345
4,NORMA-23361,346
4,NORMA-11766,347
4,NORMA-13470,348
4,NORMA-21398,349
4,NORMA-21249,350
4,NORMA-19750,351
4,NORMA-21093,352
4,NORMA-21606,353
4,NORMA-20027,354
4,NORMA-20139,355
4,NORMA-14688,356
4,NORMA-18934,357
4,NORMA-19408,358
4,NORMA-19351,359
4,NORMA-11469,360
4,NORMA-18654,361
4,NORMA-11560,362
4,NORMA-11556,363
4,NORMA-27044,364
4,NORMA-9834,365
4,NORMA-20090,366
4,NORMA-6758,367
4,NORMA-18780,368
4,NORMA-19782,369
4,NORMA-20055,370
4,NORMA-11519,371
4,NORMA-21073,372
4,NORMA-20643,373
4,NORMA-12066,374
4,NORMA-18550,375
4,NORMA-11763,376
4,NORMA-19459,377
4,NORMA-20989,378
4,NORMA-995,379
4,NORMA-18418,380
4,NORMA-19542,381
4,NORMA-11597,382
4,NORMA-6881,383
4,NORMA-19751,384
4,NORMA-26701,385
4,NORMA-18511,386
4,NORMA-6701,387
4,NORMA-18436,388
4,NORMA-11604,389
4,NORMA-19658,390
4,NORMA-21267,391
4,NORMA-18479,392
4,NORMA-18239,393
4,NORMA-19225,394
4,NORMA-9835,395
4,NORMA-18430,396
4,NORMA-6643,397
4,NORMA-4396,398
4,NORMA-21474,399
4,NORMA-18298,400
4,NORMA-21554,401
4,NORMA-18697,402
4,NORMA-6970,403
4,NORMA-18772,404
4,NORMA-20817,405
4,NORMA-18314,406
4,NORMA-21637,407
4,NORMA-11526,408
4,NORMA-21260,409
4,NORMA-20249,410
4,NORMA-18205,411
4,NORMA-20064,412
4,NORMA-6708,413
4,NORMA-6755,414
4,NORMA-18859,415
4,NORMA-18439,416
4,NORMA-20460,417
4,NORMA-21608,418
4,NORMA-13795,419
4,NORMA-21477,420
4,NORMA-1419,421
4,NORMA-4275,422
4,NORMA-20176,423
4,NORMA-2470,424
4,NORMA-20995,425
4,NORMA-19621,426
4,NORMA-6783,427
4,NORMA-20870,428
4,NORMA-20557,429
4,NORMA-21238,430
4,NORMA-11655,431
4,NORMA-20172,432
4,NORMA-18858,433
4,NORMA-20865,434
4,NORMA-14239,435
4,NORMA-9481,436
4,NORMA-11570,437
4,NORMA-21729,438
4,NORMA-11600,439
4,NORMA-18474,440
4,NORMA-19256,441
4,NORMA-21624,442
4,NORMA-20220,443
4,NORMA-20202,444
4,NORMA-19842,445
4,NORMA-18265,446
4,NORMA-13610,447
4,NORMA-19972,448
4,NORMA-20907,449
4,NORMA-20349,450
4,NORMA-7110,451
4,NORMA-15237,452
4,NORMA-20708,453
4,NORMA-4277,454
4,NORMA-21547,455
4,NORMA-19930,456
4,NORMA-19078,457
4,NORMA-20397,458
4,NORMA-19616,459
4,NORMA-6084,460
4,NORMA-21418,461
4,NORMA-15396,462
4,NORMA-27365,463
4,NORMA-21174,464
4,NORMA-21386,465
4,NORMA-12613,466
4,NORMA-21717,467
4,NORMA-22721,468
4,NORMA-21367,469
4,NORMA-21159,470
4,NORMA-18825,471
4,NORMA-20941,472
4,NORMA-20221,473
4,NORMA-13789,474
4,NORMA-7222,475
4,NORMA-19749,476
4,NORMA-20065,477
4,NORMA-21497,478
4,NORMA-778,479
4,NORMA-20359,480
4,NORMA-7386,481
4,NORMA-18386,482
4,NORMA-20199,483
4,NORMA-19606,484
4,NORMA-12657,485
4,NORMA-13345,486
4,NORMA-31903,487
4,NORMA-6880,488
4,NORMA-21443,489
4,NORMA-20990,490
4,NORMA-21774,491
4,NORMA-20297,492
4,NORMA-20299,493
4,NORMA-20960,494
4,NORMA-6176,495
4,NORMA-18394,496
4,NORMA-11518,497
4,NORMA-20137,498
4,NORMA-14850,499
4,NORMA-19740,500
4,NORMA-631,501
4,NORMA-20182,502
4,NORMA-19603,503
4,NORMA-20169,504
4,NORMA-12415,505
4,NORMA-11718,506
4,NORMA-21523,507
4,NORMA-21417,508
4,NORMA-22862,509
4,NORMA-12923,510
4,NORMA-13124,511
4,NORMA-18999,512
4,NORMA-13323,513
4,NORMA-11316,514
4,NORMA-21459,515
4,NORMA-21643,516
4,NORMA-13308,517
4,NORMA-7225,518
4,NORMA-21550,519
4,NORMA-20425,520
4,NORMA-20561,521
4,NORMA-11565,522
4,NORMA-21626,523
4,NORMA-18356,524
4,NORMA-11566,525
4,NORMA-18690,526
4,NORMA-20763,527
4,NORMA-20622,528
4,NORMA-20196,529
4,NORMA-19096,530
4,NORMA-19874,531
4,NORMA-21286,532
4,NORMA-21026,533
4,NORMA-19581,534
4,NORMA-20444,535
4,NORMA-30043,536
4,NORMA-23441,537
4,NORMA-18775,538
4,NORMA-20138,539
4,NORMA-15211,540
4,NORMA-6752,541
4,NORMA-658,542
4,NORMA-970,543
4,NORMA-11757,544
4,NORMA-20452,545
4,NORMA-20922,546
4,NORMA-31923,547
4,NORMA-3241,548
4,NORMA-18379,549
4,NORMA-20727,550
4,NORMA-6851,551
4,NORMA-19520,552
4,NORMA-18981,553
4,NORMA-21186,554
4,NORMA-27045,555
4,NORMA-1471,556
4,NORMA-4711,557
4,NORMA-18989,558
4,NORMA-19152,559
4,NORMA-11472,560
4,NORMA-19292,561
4,NORMA-18947,562
4,NORMA-20443,563
4,NORMA-19646,564
4,NORMA-19387,565
4,NORMA-883,566
4,NORMA-18967,567
4,NORMA-19605,568
4,NORMA-20690,569
4,NORMA-9147,570
4,NORMA-19841,571
4,NORMA-20901,572
4,NORMA-4075,573
4,NORMA-18530,574
4,NORMA-21151,575
4,NORMA-12649,576
4,NORMA-24661,577
4,NORMA-21444,578
4,NORMA-18215,579
4,NORMA-9382,580
4,NORMA-20992,581
4,NORMA-11723,582
4,NORMA-12245,583
4,NORMA-20171,584
4,NORMA-14390,585
4,NORMA-19939,586
4,NORMA-21023,587
4,NORMA-19499,588
4,NORMA-21783,589
4,NORMA-19212,590
4,NORMA-7011,591
4,NORMA-6819,592
4,NORMA-14746,593
4,NORMA-21776,594
4,NORMA-20888,595
4,NORMA-10531,596
4,NORMA-20422,597
4,NORMA-6820,598
4,NORMA-18591,599
4,NORMA-20241,600
4,NORMA-18638,601
4,NORMA-27364,602
4,NORMA-21114,603
4,NORMA-19715,604
4,NORMA-12067,605
4,NORMA-11771,606
4,NORMA-18720,607
4,NORMA-6318,608
4,NORMA-20569,609
4,NORMA-1035,610
4,NORMA-21063,611
4,NORMA-18414,612
4,NORMA-20253,613
4,NORMA-20135,614
4,NORMA-19295,615
4,NORMA-21470,616
4,NORMA-20894,617
4,NORMA-18685,618
4,NORMA-7012,619
4,NORMA-7326,620
4,NORMA-7351,621
4,NORMA-21273,622
4,NORMA-13029,623
4,NORMA-11770,624
4,NORMA-18691,625
4,NORMA-21538,626
4,NORMA-21787,627
4,NORMA-19777,628
4,NORMA-11300,629
4,NORMA-21012,630
4,NORMA-11226,631
4,NORMA-21156,632
4,NORMA-11734,633
4,NORMA-21420,634
4,NORMA-20432,635
4,NORMA-21184,636
4,NORMA-19737,637
4,NORMA-4909,638
4,NORMA-6623,639
4,NORMA-19609,640
4,NORMA-20120,641
4,NORMA-19901,642
4,NORMA-19925,643
4,NORMA-20694,644
4,NORMA-20993,645
4,NORMA-646,646
4,NORMA-20238,647
4,NORMA-20206,648
4,NORMA-19940,649
4,NORMA-21207,650
4,NORMA-21599,651
4,NORMA-6185,652
4,NORMA-20166,653
4,NORMA-3598,654
4,NORMA-21566,655
4,NORMA-12102,656
4,NORMA-19014,657
4,NORMA-20239,658
4,NORMA-19839,659
4,NORMA-19980,660
4,NORMA-19903,661
4,NORMA-6177,662
4,NORMA-18707,663
4,NORMA-21695,664
4,NORMA-20082,665
4,NORMA-20201,666
4,NORMA-1740,667
4,NORMA-18307,668
4,NORMA-20217,669
4,NORMA-21245,670
4,NORMA-21252,671
4,NORMA-18345,672
4,NORMA-20210,673
4,NORMA-19503,674
4,NORMA-18933,675
4,NORMA-29005,676
4,NORMA-36,677
4,NORMA-20811,678
4,NORMA-8773,679
4,NORMA-4587,680
4,NORMA-18342,681
4,NORMA-18896,682
4,NORMA-20198,683
4,NORMA-20840,684
4,NORMA-19391,685
4,NORMA-20208,686
4,NORMA-5360,687
4,NORMA-19321,688
4,NORMA-12020,689
4,NORMA-20188,690
4,NORMA-10116,691
4,NORMA-21790,692
4,NORMA-21220,693
4,NORMA-21621,694
4,NORMA-22941,695
4,NORMA-19426,696
4,NORMA-20521,697
4,NORMA-11476,698
4,NORMA-11085,699
4,NORMA-8205,700
4,NORMA-5496,701
4,NORMA-21369,702
4,NORMA-18446,703
4,NORMA-18409,704
4,NORMA-20128,705
4,NORMA-19785,706
4,NORMA-14294,707
4,NORMA-2183,708
4,NORMA-18631,709
4,NORMA-595,710
4,NORMA-602,711
4,NORMA-2981,712
4,NORMA-20854,713
4,NORMA-5626,714
4,NORMA-6256,715
4,NORMA-19337,716
4,NORMA-19442,717
4,NORMA-19845,718
4,NORMA-21197,719
4,NORMA-20911,720
4,NORMA-18724,721
4,NORMA-18208,722
4,NORMA-19979,723
4,NORMA-20294,724
4,NORMA-19417,725
4,NORMA-20077,726
4,NORMA-18378,727
4,NORMA-19192,728
4,NORMA-20265,729
4,NORMA-23101,730
4,NORMA-20194,731
4,NORMA-18747,732
4,NORMA-978,733
4,NORMA-21232,734
4,NORMA-20300,735
4,NORMA-21506,736
4,NORMA-21568,737
4,NORMA-21747,738
4,NORMA-19469,739
4,NORMA-25523,740
4,NORMA-588,741
4,NORMA-587,742
4,NORMA-19983,743
4,NORMA-11612,744
4,NORMA-3181,745
4,NORMA-20190,746
4,NORMA-27342,747
4,NORMA-20480,748
4,NORMA-18407,749
4,NORMA-2399,750
4,NORMA-20564,751
4,NORMA-19571,752
4,NORMA-20121,753
4,NORMA-18562,754
4,NORMA-13990,755
4,NORMA-20197,756
4,NORMA-13476,757
4,NORMA-1044,758
4,NORMA-14937,759
4,NORMA-1013,760
4,NORMA-11627,761
4,NORMA-18306,762
4,NORMA-21008,763
4,NORMA-2413,764
4,NORMA-19643,765
4,NORMA-1138,766
4,NORMA-18237,767
4,NORMA-20113,768
4,NORMA-19249,769
4,NORMA-19919,770
4,NORMA-14263,771
4,NORMA-21705,772
4,NORMA-20936,773
4,NORMA-2536,774
4,NORMA-61,775
4,NORMA-567,776
4,NORMA-12060,777
4,NORMA-20507,778
4,NORMA-19384,779
4,NORMA-8027,780
4,NORMA-19741,781
4,NORMA-21128,782
4,NORMA-19650,783
4,NORMA-20157,784
4,NORMA-18432,785
4,NORMA-7095,786
4,NORMA-21429,787
4,NORMA-28362,788
4,NORMA-17461,789
4,NORMA-19822,790
4,NORMA-6736,791
4,NORMA-20119,792
4,NORMA-11798,793
4,NORMA-13174,794
4,NORMA-18709,795
4,NORMA-18839,796
4,NORMA-20336,797
4,NORMA-20797,798
4,NORMA-10691,799
4,NORMA-20858,800
4,NORMA-21585,801
4,NORMA-20423,802
4,NORMA-21564,803
4,NORMA-17321,804
4,NORMA-20633,805
4,NORMA-20482,806
4,NORMA-854,807
4,NORMA-12038,808
4,NORMA-7027,809
4,NORMA-18900,810
4,NORMA-2551,811
4,NORMA-21170,812
4,NORMA-19639,813
4,NORMA-26102,814
4,NORMA-20448,815
4,NORMA-21343,816
4,NORMA-7384,817
4,NORMA-13158,818
4,NORMA-20566,819
4,NORMA-20060,820
4,NORMA-21147,821
4,NORMA-18539,822
4,NORMA-21419,823
4,NORMA-19770,824
4,NORMA-4786,825
4,NORMA-20407,826
4,NORMA-21141,827
4,NORMA-18350,828
4,NORMA-3577,829
4,NORMA-20437,830
4,NORMA-20453,831
4,NORMA-21744,832
4,NORMA-18201,833
4,NORMA-2376,834
4,NORMA-20645,835
4,NORMA-27761,836
4,NORMA-20376,837
4,NORMA-18339,838
4,NORMA-21357,839
4,NORMA-20762,840
4,NORMA-19028,841
4,NORMA-8114,842
4,NORMA-11714,843
4,NORMA-21247,844
4,NORMA-12164,845
4,NORMA-7015,846
4,NORMA-20108,847
4,NORMA-12043,848
4,NORMA-27063,849
4,NORMA-18980,850
4,NORMA-20398,851
4,NORMA-21507,852
4,NORMA-21107,853
4,NORMA-21291,854
4,NORMA-19234,855
4,NORMA-19275,856
4,NORMA-10029,857
4,NORMA-20429,858
4,NORMA-20912,859
4,NORMA-11731,860
4,NORMA-20123,861
4,NORMA-20209,862
4,NORMA-20191,863
4,NORMA-21746,864
4,NORMA-13469,865
4,NORMA-634,866
4,NORMA-20841,867
4,NORMA-21631,868
4,NORMA-19128,869
4,NORMA-20187,870
4,NORMA-21501,871
4,NORMA-19465,872
4,NORMA-10629,873
4,NORMA-16424,874
4,NORMA-21408,875
4,NORMA-18533,876
4,NORMA-1572,877
4,NORMA-21359,878
4,NORMA-19859,879
4,NORMA-21095,880
4,NORMA-28422,881
4,NORMA-5586,882
4,NORMA-21613,883
4,NORMA-20891,884
4,NORMA-18206,885
4,NORMA-21437,886
4,NORMA-19977,887
4,NORMA-20845,888
4,NORMA-20692,889
4,NORMA-20242,890
4,NORMA-19582,891
4,NORMA-19828,892
4,NORMA-21185,893
4,NORMA-18797,894
4,NORMA-20263,895
4,NORMA-21630,896
4,NORMA-19947,897
4,NORMA-20302,898
4,NORMA-18548,899
4,NORMA-21192,900
4,NORMA-18730,901
4,NORMA-18202,902
4,NORMA-10200,903
4,NORMA-19849,904
4,NORMA-18270,905
4,NORMA-18462,906
4,NORMA-8458,907
4,NORMA-18266,908
4,NORMA-23222,909
4,NORMA-53,910
4,NORMA-21299,911
4,NORMA-20369,912
4,NORMA-19182,913
4,NORMA-206,914
4,NORMA-7149,915
4,NORMA-19463,916
4,NORMA-21384,917
4,NORMA-20950,918
4,NORMA-1030,919
4,NORMA-19798,920
4,NORMA-20248,921
4,NORMA-21757,922
4,NORMA-12631,923
4,NORMA-1567,924
4,NORMA-19061,925
4,NORMA-21655,926
4,NORMA-7953,927
4,NORMA-12956,928
4,NORMA-2563,929
4,NORMA-22061,930
4,NORMA-20777,931
4,NORMA-16202,932
4,NORMA-19852,933
4,NORMA-21071,934
4,NORMA-19378,935
4,NORMA-19570,936
4,NORMA-21739,937
4,NORMA-6655,938
4,NORMA-20778,939
4,NORMA-9893,940
4,NORMA-18331,941
4,NORMA-19830,942
4,NORMA-20428,943
4,NORMA-10309,944
4,NORMA-18974,945
4,NORMA-1654,946
4,NORMA-21309,947
4,NORMA-689,948
4,NORMA-19178,949
4,NORMA-10119,950
4,NORMA-19871,951
4,NORMA-21544,952
4,NORMA-6354,953
4,NORMA-19768,954
4,NORMA-2003,955
4,NORMA-13514,956
4,NORMA-18802,957
4,NORMA-21122,958
4,NORMA-21754,959
4,NORMA-19883,960
4,NORMA-2558,961
4,NORMA-20886,962
4,NORMA-24905,963
4,NORMA-20037,964
4,NORMA-6698,965
4,NORMA-20280,966
4,NORMA-19851,967
4,NORMA-2233,968
4,NORMA-21656,969
4,NORMA-19780,970
4,NORMA-2012,971
4,NORMA-20056,972
4,NORMA-19904,973
4,NORMA-20926,974
4,NORMA-19235,975
4,NORMA-8195,976
4,NORMA-19998,977
4,NORMA-10375,978
4,NORMA-380,979
4,NORMA-18656,980
4,NORMA-11799,981
4,NORMA-19593,982
4,NORMA-19596,983
4,NORMA-5421,984
4,NORMA-18404,985
4,NORMA-581,986
4,NORMA-19164,987
4,NORMA-21650,988
4,NORMA-2660,989
4,NORMA-18293,990
4,NORMA-20366,991
4,NORMA-19561,992
4,NORMA-2144,993
4,NORMA-21330,994
4,NORMA-20842,995
4,NORMA-20810,996
4,NORMA-21139,997
4,NORMA-20505,998
4,NORMA-19473,999
4,NORMA-11791,1000
5,NORMA-7392,1
5,NORMA-18807,2
5,NORMA-18386,3
5,NORMA-20630,4
5,NORMA-19295,5
5,NORMA-18270,6
5,NORMA-3942,7
5,NORMA-18802,8
5,NORMA-10749,9
5,NORMA-21369,10
5,NORMA-18255,11
5,NORMA-22861,12
5,NORMA-4318,13
5,NORMA-6268,14
5,NORMA-5252,15
5,NORMA-18418,16
5,NORMA-18450,17
5,NORMA-8814,18
5,NORMA-18697,19
5,NORMA-4182,20
5,NORMA-21606,21
5,NORMA-20389,22
5,NORMA-19158,23
5,NORMA-21616,24
5,NORMA-21444,25
5,NORMA-19828,26
5,NORMA-19642,27
5,NORMA-18952,28
5,NORMA-19330,29
5,NORMA-27610,30
5,NORMA-20444,31
5,NORMA-20968,32
5,NORMA-19784,33
5,NORMA-684,34
5,NORMA-20670,35
5,NORMA-6488,36
5,NORMA-18729,37
5,NORMA-5586,38
5,NORMA-7390,39
5,NORMA-21547,40
5,NORMA-18722,41
5,NORMA-20225,42
5,NORMA-20376,43
5,NORMA-20398,44
5,NORMA-20407,45
5,NORMA-21352,46
5,NORMA-5626,47
5,NORMA-27063,48
5,NORMA-21363,49
5,NORMA-19361,50
5,NORMA-3571,51
5,NORMA-19830,52
5,NORMA-15246,53
5,NORMA-20858,54
5,NORMA-19553,55
5,NORMA-20603,56
5,NORMA-20382,57
5,NORMA-21778,58
5,NORMA-27449,59
5,NORMA-21243,60
5,NORMA-21734,61
5,NORMA-24904,62
5,NORMA-14749,63
5,NORMA-21608,64
5,NORMA-28404,65
5,NORMA-19351,66
5,NORMA-27981,67
5,NORMA-28501,68
5,NORMA-28542,69
5,NORMA-27446,70
5,NORMA-29007,71
5,NORMA-27383,72
5,NORMA-21286,73
5,NORMA-12954,74
5,NORMA-19332,75
5,NORMA-18562,76
5,NORMA-19199,77
5,NORMA-20119,78
5,NORMA-4423,79
5,NORMA-19145,80
5,NORMA-20423,81
5,NORMA-21537,82
5,NORMA-27641,83
5,NORMA-21678,84
5,NORMA-21272,85
5,NORMA-11664,86
5,NORMA-27062,87
5,NORMA-20164,88
5,NORMA-18445,89
5,NORMA-18314,90
5,NORMA-19298,91
5,NORMA-21562,92
5,NORMA-20647,93
5,NORMA-26884,94
5,NORMA-21526,95
5,NORMA-6342,96
5,NORMA-19192,97
5,NORMA-21742,98
5,NORMA-21777,99
5,NORMA-20405,100
5,NORMA-29062,101
5,NORMA-20388,102
5,NORMA-20396,103
5,NORMA-21941,104
5,NORMA-21633,105
5,NORMA-21471,106
5,NORMA-19061,107
5,NORMA-4711,108
5,NORMA-29182,109
5,NORMA-27362,110
5,NORMA-20816,111
5,NORMA-4075,112
5,NORMA-21554,113
5,NORMA-9384,114
5,NORMA-20179,115
5,NORMA-20091,116
5,NORMA-16462,117
5,NORMA-27385,118
5,NORMA-13170,119
5,NORMA-20110,120
5,NORMA-20240,121
5,NORMA-27363,122
5,NORMA-4425,123
5,NORMA-27361,124
5,NORMA-21185,125
5,NORMA-4275,126
5,NORMA-21132,127
5,NORMA-12067,128
5,NORMA-31923,129
5,NORMA-6753,130
5,NORMA-20917,131
5,NORMA-20244,132
5,NORMA-21768,133
5,NORMA-6702,134
5,NORMA-14874,135
5,NORMA-18306,136
5,NORMA-20096,137
5,NORMA-11733,138
5,NORMA-20557,139
5,NORMA-11756,140
5,NORMA-4394,141
5,NORMA-11477,142
5,NORMA-27366,143
5,NORMA-20157,144
5,NORMA-5494,145
5,NORMA-21595,146
5,NORMA-4514,147
5,NORMA-4424,148
5,NORMA-19704,149
5,NORMA-18816,150
5,NORMA-30043,151
5,NORMA-19039,152
5,NORMA-21152,153
5,NORMA-20488,154
5,NORMA-12657,155
5,NORMA-21690,156
5,NORMA-21241,157
5,NORMA-11764,158
5,NORMA-11479,159
5,NORMA-7110,160
5,NORMA-11609,161
5,NORMA-18762,162
5,NORMA-21012,163
5,NORMA-7466,164
5,NORMA-19459,165
5,NORMA-20300,166
5,NORMA-19028,167
5,NORMA-20503,168
5,NORMA-21279,169
5,NORMA-21523,170
5,NORMA-6752,171
5,NORMA-20369,172
5,NORMA-21651,173
5,NORMA-22561,174
5,NORMA-18434,175
5,NORMA-11469,176
5,NORMA-20558,177
5,NORMA-20108,178
5,NORMA-19844,179
5,NORMA-21762,180
5,NORMA-11763,181
5,NORMA-21683,182
5,NORMA-772,183
5,NORMA-21776,184
5,NORMA-20359,185
5,NORMA-21684,186
5,NORMA-25902,187
5,NORMA-20468,188
5,NORMA-19939,189
5,NORMA-21305,190
5,NORMA-21676,191
5,NORMA-21135,192
5,NORMA-20480,193
5,NORMA-20473,194
5,NORMA-3577,195
5,NORMA-18574,196
5,NORMA-20460,197
5,NORMA-19715,198
5,NORMA-6948,199
5,NORMA-18204,200
5,NORMA-18414,201
5,NORMA-228,202
5,NORMA-18682,203
5,NORMA-19181,204
5,NORMA-20103,205
5,NORMA-21367,206
5,NORMA-6881,207
5,NORMA-21783,208
5,NORMA-20349,209
5,NORMA-802,210
5,NORMA-27761,211
5,NORMA-6701,212
5,NORMA-20293,213
5,NORMA-21114,214
5,NORMA-2089,215
5,NORMA-59,216
5,NORMA-6643,217
5,NORMA-18724,218
5,NORMA-660,219
5,NORMA-801,220
5,NORMA-2013,221
5,NORMA-18424,222
5,NORMA-2185,223
5,NORMA-20474,224
5,NORMA-1611,225
5,NORMA-835,226
5,NORMA-4141,227
5,NORMA-22661,228
5,NORMA-554,229
5,NORMA-19080,230
5,NORMA-8028,231
5,NORMA-25121,232
5,NORMA-20977,233
5,NORMA-3573,234
5,NORMA-18780,235
5,NORMA-18394,236
5,NORMA-18829,237
5,NORMA-18801,238
5,NORMA-11814,239
5,NORMA-20394,240
5,NORMA-20666,241
5,NORMA-20430,242
5,NORMA-25621,243
5,NORMA-2014,244
5,NORMA-7250,245
5,NORMA-25682,246
5,NORMA-18654,247
5,NORMA-3828,248
5,NORMA-26881,249
5,NORMA-6555,250
5,NORMA-19815,251
5,NORMA-18629,252
5,NORMA-20519,253
5,NORMA-4193,254
5,NORMA-9238,255
5,NORMA-3566,256
5,NORMA-2375,257
5,NORMA-20465,258
5,NORMA-21735,259
5,NORMA-21263,260
5,NORMA-20401,261
5,NORMA-3954,262
5,NORMA-6022,263
5,NORMA-21502,264
5,NORMA-21399,265
5,NORMA-20949,266
5,NORMA-20386,267
5,NORMA-18806,268
5,NORMA-19021,269
5,NORMA-15249,270
5,NORMA-14821,271
5,NORMA-19081,272
5,NORMA-21604,273
5,NORMA-18961,274
5,NORMA-18460,275
5,NORMA-19027,276
5,NORMA-6856,277
5,NORMA-21716,278
5,NORMA-20392,279
5,NORMA-5428,280
5,NORMA-18290,281
5,NORMA-4221,282
5,NORMA-18215,283
5,NORMA-21108,284
5,NORMA-20528,285
5,NORMA-19936,286
5,NORMA-5128,287
5,NORMA-20936,288
5,NORMA-20983,289
5,NORMA-21463,290
5,NORMA-20080,291
5,NORMA-25964,292
5,NORMA-18800,293
5,NORMA-18604,294
5,NORMA-14504,295
5,NORMA-18648,296
5,NORMA-19925,297
5,NORMA-25821,298
5,NORMA-21116,299
5,NORMA-19529,300
5,NORMA-24905,301
5,NORMA-19945,302
5,NORMA-21548,303
5,NORMA-938,304
5,NORMA-4525,305
5,NORMA-18419,306
5,NORMA-14262,307
5,NORMA-19303,308
5,NORMA-20424,309
5,NORMA-20692,310
5,NORMA-20196,311
5,NORMA-19423,312
5,NORMA-6629,313
5,NORMA-18790,314
5,NORMA-6514,315
5,NORMA-14055,316
5,NORMA-14118,317
5,NORMA-20356,318
5,NORMA-21751,319
5,NORMA-18437,320
5,NORMA-6560,321
5,NORMA-18818,322
5,NORMA-20918,323
5,NORMA-20210,324
5,NORMA-19748,325
5,NORMA-21457,326
5,NORMA-18352,327
5,NORMA-20739,328
5,NORMA-20437,329
5,NORMA-19817,330
5,NORMA-18699,331
5,NORMA-26887,332
5,NORMA-29101,333
5,NORMA-20963,334
5,NORMA-6076,335
5,NORMA-18701,336
5,NORMA-20032,337
5,NORMA-20569,338
5,NORMA-18245,339
5,NORMA-20863,340
5,NORMA-20696,341
5,NORMA-18203,342
5,NORMA-658,343
5,NORMA-5340,344
5,NORMA-27022,345
5,NORMA-21687,346
5,NORMA-6347,347
5,NORMA-19245,348
5,NORMA-6092,349
5,NORMA-19407,350
5,NORMA-475,351
5,NORMA-5890,352
5,NORMA-18847,353
5,NORMA-19447,354
5,NORMA-24885,355
5,NORMA-20649,356
5,NORMA-6410,357
5,NORMA-19797,358
5,NORMA-4080,359
5,NORMA-21539,360
5,NORMA-21642,361
5,NORMA-20302,362
5,NORMA-18776,363
5,NORMA-20316,364
5,NORMA-19329,365
5,NORMA-6126,366
5,NORMA-19875,367
5,NORMA-15029,368
5,NORMA-6489,369
5,NORMA-1416,370
5,NORMA-4195,371
5,NORMA-4102,372
5,NORMA-18900,373
5,NORMA-25101,374
5,NORMA-9824,375
5,NORMA-9959,376
5,NORMA-9799,377
5,NORMA-9597,378
5,NORMA-8269,379
5,NORMA-6222,380
5,NORMA-4849,381
5,NORMA-20452,382
5,NORMA-477,383
5,NORMA-6134,384
5,NORMA-21007,385
5,NORMA-20002,386
5,NORMA-20453,387
5,NORMA-20806,388
5,NORMA-19548,389
5,NORMA-5339,390
5,NORMA-20641,391
5,NORMA-23026,392
5,NORMA-9746,393
5,NORMA-19347,394
5,NORMA-20738,395
5,NORMA-21278,396
5,NORMA-18381,397
5,NORMA-21623,398
5,NORMA-18884,399
5,NORMA-6743,400
5,NORMA-6411,401
5,NORMA-19348,402
5,NORMA-19225,403
5,NORMA-6344,404
5,NORMA-14529,405
5,NORMA-3541,406
5,NORMA-18332,407
5,NORMA-11386,408
5,NORMA-19346,409
5,NORMA-21312,410
5,NORMA-6051,411
5,NORMA-19859,412
5,NORMA-12820,413
5,NORMA-1092,414
5,NORMA-13219,415
5,NORMA-6198,416
5,NORMA-20205,417
5,NORMA-14114,418
5,NORMA-21519,419
5,NORMA-8537,420
5,NORMA-4944,421
5,NORMA-6448,422
5,NORMA-21129,423
5,NORMA-9371,424
5,NORMA-12729,425
5,NORMA-6378,426
5,NORMA-18751,427
5,NORMA-11438,428
5,NORMA-6128,429
5,NORMA-20320,430
5,NORMA-19871,431
5,NORMA-19652,432
5,NORMA-20737,433
5,NORMA-9477,434
5,NORMA-5958,435
5,NORMA-14790,436
5,NORMA-12836,437
5,NORMA-14679,438
5,NORMA-20229,439
5,NORMA-20894,440
5,NORMA-20191,441
5,NORMA-20718,442
5,NORMA-10515,443
5,NORMA-15641,444
5,NORMA-12799,445
5,NORMA-20313,446
5,NORMA-26102,447
5,NORMA-20556,448
5,NORMA-3496,449
5,NORMA-26802,450
5,NORMA-24181,451
5,NORMA-12843,452
5,NORMA-13840,453
5,NORMA-18854,454
5,NORMA-26681,455
5,NORMA-20799,456
5,NORMA-15103,457
5,NORMA-5467,458
5,NORMA-20854,459
5,NORMA-9679,460
5,NORMA-19852,461
5,NORMA-3551,462
5,NORMA-27041,463
5,NORMA-8464,464
5,NORMA-25881,465
5,NORMA-20530,466
5,NORMA-18886,467
5,NORMA-6140,468
5,NORMA-9355,469
5,NORMA-19310,470
5,NORMA-18515,471
5,NORMA-7225,472
5,NORMA-20865,473
5,NORMA-18284,474
5,NORMA-21717,475
5,NORMA-14422,476
5,NORMA-11387,477
5,NORMA-11131,478
5,NORMA-7442,479
5,NORMA-6413,480
5,NORMA-22701,481
5,NORMA-9016,482
5,NORMA-6445,483
5,NORMA-21058,484
5,NORMA-18721,485
5,NORMA-18605,486
5,NORMA-5296,487
5,NORMA-4148,488
5,NORMA-5253,489
5,NORMA-9475,490
5,NORMA-18710,491
5,NORMA-7113,492
5,NORMA-19729,493
5,NORMA-17222,494
5,NORMA-29301,495
5,NORMA-20123,496
5,NORMA-8958,497
5,NORMA-4799,498
5,NORMA-7918,499
5,NORMA-3472,500
5,NORMA-19008,501
5,NORMA-6318,502
5,NORMA-21476,503
5,NORMA-29283,504
5,NORMA-10205,505
5,NORMA-18779,506
5,NORMA-18765,507
5,NORMA-20323,508
5,NORMA-21666,509
5,NORMA-9849,510
5,NORMA-9711,511
5,NORMA-19835,512
5,NORMA-27221,513
5,NORMA-20195,514
5,NORMA-23061,515
5,NORMA-20847,516
5,NORMA-8435,517
5,NORMA-6500,518
5,NORMA-20020,519
5,NORMA-25721,520
5,NORMA-28281,521
5,NORMA-13319,522
5,NORMA-19733,523
5,NORMA-19420,524
5,NORMA-24501,525
5,NORMA-18448,526
5,NORMA-20981,527
5,NORMA-6846,528
5,NORMA-20429,529
5,NORMA-20941,530
5,NORMA-21459,531
5,NORMA-18857,532
5,NORMA-10736,533
5,NORMA-9848,534
5,NORMA-616,535
5,NORMA-21752,536
5,NORMA-8293,537
5,NORMA-21037,538
5,NORMA-10950,539
5,NORMA-19266,540
5,NORMA-6720,541
5,NORMA-21786,542
5,NORMA-5103,543
5,NORMA-5133,544
5,NORMA-13294,545
5,NORMA-9217,546
5,NORMA-18624,547
5,NORMA-18960,548
5,NORMA-19972,549
5,NORMA-10219,550
5,NORMA-21505,551
5,NORMA-21521,552
5,NORMA-9820,553
5,NORMA-3871,554
5,NORMA-19643,555
5,NORMA-20397,556
5,NORMA-20754,557
5,NORMA-19335,558
5,NORMA-21042,559
5,NORMA-10318,560
5,NORMA-11214,561
5,NORMA-18303,562
5,NORMA-5988,563
5,NORMA-20147,564
5,NORMA-20404,565
5,NORMA-13087,566
5,NORMA-10977,567
5,NORMA-21511,568
5,NORMA-19845,569
5,NORMA-10789,570
5,NORMA-9681,571
5,NORMA-6679,572
5,NORMA-27226,573
5,NORMA-4891,574
5,NORMA-18739,575
5,NORMA-18613,576
5,NORMA-18310,577
5,NORMA-18792,578
5,NORMA-21054,579
5,NORMA-18423,580
5,NORMA-21408,581
5,NORMA-21111,582
5,NORMA-18757,583
5,NORMA-9067,584
5,NORMA-21170,585
5,NORMA-21350,586
5,NORMA-28421,587
5,NORMA-19360,588
5,NORMA-19487,589
5,NORMA-18512,590
5,NORMA-2164,591
5,NORMA-18488,592
5,NORMA-6383,593
5,NORMA-19769,594
5,NORMA-26,595
5,NORMA-19105,596
5,NORMA-19263,597
5,NORMA-19157,598
5,NORMA-4706,599
5,NORMA-5223,600
5,NORMA-19569,601
5,NORMA-20162,602
5,NORMA-10534,603
5,NORMA-21796,604
5,NORMA-12670,605
5,NORMA-18849,606
5,NORMA-19655,607
5,NORMA-18331,608
5,NORMA-20435,609
5,NORMA-20249,610
5,NORMA-20434,611
5,NORMA-7326,612
5,NORMA-7351,613
5,NORMA-20427,614
5,NORMA-13029,615
5,NORMA-4898,616
5,NORMA-21569,617
5,NORMA-10347,618
5,NORMA-18456,619
5,NORMA-19708,620
5,NORMA-19052,621
5,NORMA-18914,622
5,NORMA-21121,623
5,NORMA-9147,624
5,NORMA-15802,625
5,NORMA-11300,626
5,NORMA-18956,627
5,NORMA-20025,628
5,NORMA-20761,629
5,NORMA-19444,630
5,NORMA-14028,631
5,NORMA-10393,632
5,NORMA-21698,633
5,NORMA-19053,634
5,NORMA-21005,635
5,NORMA-20126,636
5,NORMA-21435,637
5,NORMA-18391,638
5,NORMA-20201,639
5,NORMA-6645,640
5,NORMA-19727,641
5,NORMA-21098,642
5,NORMA-8087,643
5,NORMA-7616,644
5,NORMA-9724,645
5,NORMA-12113,646
5,NORMA-13659,647
5,NORMA-20094,648
5,NORMA-20924,649
5,NORMA-21354,650
5,NORMA-3493,651
5,NORMA-18841,652
5,NORMA-20693,653
5,NORMA-8198,654
5,NORMA-21133,655
5,NORMA-20311,656
5,NORMA-19725,657
5,NORMA-19137,658
5,NORMA-19182,659
5,NORMA-12618,660
5,NORMA-10170,661
5,NORMA-19090,662
5,NORMA-20517,663
5,NORMA-20794,664
5,NORMA-21602,665
5,NORMA-21287,666
5,NORMA-18242,667
5,NORMA-8085,668
5,NORMA-9847,669
5,NORMA-8086,670
5,NORMA-20698,671
5,NORMA-20985,672
5,NORMA-20285,673
5,NORMA-25122,674
5,NORMA-10745,675
5,NORMA-19570,676
5,NORMA-19126,677
5,NORMA-27242,678
5,NORMA-5054,679
5,NORMA-21693,680
5,NORMA-6082,681
5,NORMA-18730,682
5,NORMA-19015,683
5,NORMA-10590,684
5,NORMA-5375,685
5,NORMA-7007,686
5,NORMA-4297,687
5,NORMA-20448,688
5,NORMA-20151,689
5,NORMA-19141,690
5,NORMA-18537,691
5,NORMA-21577,692
5,NORMA-2508,693
5,NORMA-20784,694
5,NORMA-20380,695
5,NORMA-21557,696
5,NORMA-11268,697
5,NORMA-5298,698
5,NORMA-20351,699
5,NORMA-20674,700
5,NORMA-20062,701
5,NORMA-18812,702
5,NORMA-20476,703
5,NORMA-20330,704
5,NORMA-23862,705
5,NORMA-19741,706
5,NORMA-20459,707
5,NORMA-20657,708
5,NORMA-20993,709
5,NORMA-25141,710
5,NORMA-19484,711
5,NORMA-19403,712
5,NORMA-20077,713
5,NORMA-18282,714
5,NORMA-20381,715
5,NORMA-21097,716
5,NORMA-20335,717
5,NORMA-20662,718
5,NORMA-18709,719
5,NORMA-21337,720
5,NORMA-8201,721
5,NORMA-18305,722
5,NORMA-20194,723
5,NORMA-20487,724
5,NORMA-14597,725
5,NORMA-19810,726
5,NORMA-19969,727
5,NORMA-18451,728
5,NORMA-3880,729
5,NORMA-19774,730
5,NORMA-21018,731
5,NORMA-13265,732
5,NORMA-19448,733
5,NORMA-5251,734
5,NORMA-18630,735
5,NORMA-25082,736
5,NORMA-20436,737
5,NORMA-12630,738
5,NORMA-19073,739
5,NORMA-21141,740
5,NORMA-20357,741
5,NORMA-20697,742
5,NORMA-19216,743
5,NORMA-3650,744
5,NORMA-19639,745
5,NORMA-20955,746
5,NORMA-6834,747
5,NORMA-20342,748
5,NORMA-19897,749
5,NORMA-9110,750
5,NORMA-21780,751
5,NORMA-19683,752
5,NORMA-9960,753
5,NORMA-5312,754
5,NORMA-21659,755
5,NORMA-19422,756
5,NORMA-15045,757
5,NORMA-23682,758
5,NORMA-8459,759
5,NORMA-19251,760
5,NORMA-7942,761
5,NORMA-19324,762
5,NORMA-18269,763
5,NORMA-3662,764
5,NORMA-20984,765
5,NORMA-14542,766
5,NORMA-19588,767
5,NORMA-716,768
5,NORMA-9670,769
5,NORMA-4251,770
5,NORMA-18459,771
5,NORMA-20268,772
5,NORMA-21544,773
5,NORMA-18405,774
5,NORMA-14493,775
5,NORMA-21251,776
5,NORMA-18392,777
5,NORMA-9792,778
5,NORMA-7420,779
5,NORMA-4189,780
5,NORMA-19530,781
5,NORMA-23001,782
5,NORMA-2475,783
5,NORMA-21795,784
5,NORMA-18324,785
5,NORMA-19391,786
5,NORMA-12029,787
5,NORMA-18244,788
5,NORMA-3774,789
5,NORMA-5604,790
5,NORMA-19714,791
5,NORMA-20526,792
5,NORMA-20432,793
5,NORMA-6351,794
5,NORMA-925,795
5,NORMA-19483,796
5,NORMA-5063,797
5,NORMA-18645,798
5,NORMA-11711,799
5,NORMA-19168,800
5,NORMA-19238,801
5,NORMA-19163,802
5,NORMA-21419,803
5,NORMA-19222,804
5,NORMA-1154,805
5,NORMA-18856,806
5,NORMA-20553,807
5,NORMA-19405,808
5,NORMA-18322,809
5,NORMA-18917,810
5,NORMA-19300,811
5,NORMA-21149,812
5,NORMA-18708,813
5,NORMA-18698,814
5,NORMA-5150,815
5,NORMA-18327,816
5,NORMA-20159,817
5,NORMA-19112,818
5,NORMA-5102,819
5,NORMA-3494,820
5,NORMA-20105,821
5,NORMA-21307,822
5,NORMA-20395,823
5,NORMA-19085,824
5,NORMA-19254,825
5,NORMA-19338,826
5,NORMA-21021,827
5,NORMA-19345,828
5,NORMA-18321,829
5,NORMA-6627,830
5,NORMA-14925,831
5,NORMA-20319,832
5,NORMA-20661,833
5,NORMA-19446,834
5,NORMA-10123,835
5,NORMA-20877,836
5,NORMA-21329,837
5,NORMA-18596,838
5,NORMA-20021,839
5,NORMA-21277,840
5,NORMA-18547,841
5,NORMA-19785,842
5,NORMA-19662,843
5,NORMA-21026,844
5,NORMA-14345,845
5,NORMA-21787,846
5,NORMA-21418,847
5,NORMA-10865,848
5,NORMA-19829,849
5,NORMA-9358,850
5,NORMA-11400,851
5,NORMA-6170,852
5,NORMA-19500,853
5,NORMA-20978,854
5,NORMA-20039,855
5,NORMA-20593,856
5,NORMA-631,857
5,NORMA-13995,858
5,NORMA-20040,859
5,NORMA-10888,860
5,NORMA-18837,861
5,NORMA-21096,862
5,NORMA-19503,863
5,NORMA-19186,864
5,NORMA-20060,865
5,NORMA-21008,866
5,NORMA-20989,867
5,NORMA-21184,868
5,NORMA-18743,869
5,NORMA-19891,870
5,NORMA-18430,871
5,NORMA-8878,872
5,NORMA-21774,873
5,NORMA-28586,874
5,NORMA-122,875
5,NORMA-20292,876
5,NORMA-18968,877
5,NORMA-19130,878
5,NORMA-18759,879
5,NORMA-18260,880
5,NORMA-21060,881
5,NORMA-18212,882
5,NORMA-28822,883
5,NORMA-20087,884
5,NORMA-13174,885
5,NORMA-6075,886
5,NORMA-15253,887
5,NORMA-19147,888
5,NORMA-20133,889
5,NORMA-20209,890
5,NORMA-21516,891
5,NORMA-19428,892
5,NORMA-18595,893
5,NORMA-4820,894
5,NORMA-18634,895
5,NORMA-18606,896
5,NORMA-21495,897
5,NORMA-19453,898
5,NORMA-19508,899
5,NORMA-18628,900
5,NORMA-18641,901
5,NORMA-19071,902
5,NORMA-20027,903
5,NORMA-5783,904
5,NORMA-19115,905
5,NORMA-19146,906
5,NORMA-18615,907
5,NORMA-14967,908
5,NORMA-6957,909
5,NORMA-15068,910
5,NORMA-19434,911
5,NORMA-18651,912
5,NORMA-18623,913
5,NORMA-19534,914
5,NORMA-20149,915
5,NORMA-14113,916
5,NORMA-21082,917
5,NORMA-20106,918
5,NORMA-28762,919
5,NORMA-19183,920
5,NORMA-22723,921
5,NORMA-14858,922
5,NORMA-5751,923
5,NORMA-21148,924
5,NORMA-19926,925
5,NORMA-19002,926
5,NORMA-5431,927
5,NORMA-18639,928
5,NORMA-18609,929
5,NORMA-20780,930
5,NORMA-25541,931
5,NORMA-18573,932
5,NORMA-19902,933
5,NORMA-19870,934
5,NORMA-13555,935
5,NORMA-19187,936
5,NORMA-19443,937
5,NORMA-19066,938
5,NORMA-19531,939
5,NORMA-18617,940
5,NORMA-18731,941
5,NORMA-23521,942
5,NORMA-11888,943
5,NORMA-19482,944
5,NORMA-6084,945
5,NORMA-19070,946
5,NORMA-15027,947
5,NORMA-5126,948
5,NORMA-20734,949
5,NORMA-18904,950
5,NORMA-19670,951
5,NORMA-18296,952
5,NORMA-21053,953
5,NORMA-18286,954
5,NORMA-21656,955
5,NORMA-20172,956
5,NORMA-19215,957
5,NORMA-19491,958
5,NORMA-8403,959
5,NORMA-689,960
5,NORMA-25641,961
5,NORMA-14260,962
5,NORMA-18532,963
5,NORMA-18329,964
5,NORMA-729,965
5,NORMA-19481,966
5,NORMA-19685,967
5,NORMA-19660,968
5,NORMA-18313,969
5,NORMA-20258,970
5,NORMA-21273,971
5,NORMA-21128,972
5,NORMA-6595,973
5,NORMA-8575,974
5,NORMA-18449,975
5,NORMA-21597,976
5,NORMA-20859,977
5,NORMA-19583,978
5,NORMA-18928,979
5,NORMA-2529,980
5,NORMA-19018,981
5,NORMA-18846,982
5,NORMA-19654,983
5,NORMA-21755,984
5,NORMA-19702,985
5,NORMA-19188,986
5,NORMA-18326,987
5,NORMA-21689,988
5,NORMA-11742,989
5,NORMA-18796,990
5,NORMA-18253,991
5,NORMA-18408,992
5,NORMA-19866,993
5,NORMA-21403,994
5,NORMA-20507,995
5,NORMA-19629,996
5,NORMA-6591,997
5,NORMA-21010,998
5,NORMA-11474,999
5,NORMA-21485,1000
6,NORMA-20223,1
6,NORMA-9803,2
6,NORMA-19782,3
6,NORMA-6708,4
6,NORMA-19616,5
6,NORMA-19590,6
6,NORMA-19629,7
6,NORMA-12739,8
6,NORMA-19583,9
6,NORMA-14967,10
6,NORMA-18972,11
6,NORMA-6881,12
6,NORMA-6701,13
6,NORMA-18286,14
6,NORMA-7028,15
6,NORMA-9835,16
6,NORMA-6643,17
6,NORMA-15396,18
6,NORMA-27365,19
6,NORMA-12613,20
6,NORMA-13789,21
6,NORMA-11516,22
6,NORMA-6685,23
6,NORMA-9481,24
6,NORMA-11722,25
6,NORMA-6184,26
6,NORMA-18668,27
6,NORMA-11603,28
6,NORMA-11733,29
6,NORMA-11667,30
6,NORMA-11567,31
6,NORMA-11720,32
6,NORMA-11669,33
6,NORMA-13345,34
6,NORMA-11606,35
6,NORMA-11762,36
6,NORMA-11558,37
6,NORMA-11559,38
6,NORMA-11602,39
6,NORMA-12415,40
6,NORMA-14850,41
6,NORMA-12923,42
6,NORMA-13124,43
6,NORMA-20890,44
6,NORMA-11477,45
6,NORMA-13308,46
6,NORMA-11761,47
6,NORMA-11721,48
6,NORMA-11520,49
6,NORMA-11680,50
6,NORMA-11523,51
6,NORMA-11666,52
6,NORMA-11522,53
6,NORMA-11563,54
6,NORMA-11717,55
6,NORMA-11575,56
6,NORMA-11716,57
6,NORMA-14688,58
6,NORMA-11670,59
6,NORMA-15229,60
6,NORMA-11564,61
6,NORMA-18219,62
6,NORMA-11672,63
6,NORMA-11561,64
6,NORMA-11562,65
6,NORMA-11517,66
6,NORMA-20138,67
6,NORMA-11719,68
6,NORMA-11663,69
6,NORMA-14746,70
6,NORMA-11524,71
6,NORMA-11673,72
6,NORMA-19942,73
6,NORMA-27364,74
6,NORMA-18626,75
6,NORMA-18474,76
6,NORMA-11671,77
6,NORMA-11574,78
6,NORMA-15339,79
6,NORMA-18391,80
6,NORMA-11560,81
6,NORMA-11556,82
6,NORMA-11519,83
6,NORMA-11674,84
6,NORMA-13298,85
6,NORMA-11597,86
6,NORMA-13470,87
6,NORMA-13918,88
6,NORMA-11604,89
6,NORMA-27044,90
6,NORMA-19429,91
6,NORMA-18801,92
6,NORMA-11526,93
6,NORMA-21526,94
6,NORMA-11758,95
6,NORMA-18243,96
6,NORMA-11473,97
6,NORMA-29003,98
6,NORMA-11518,99
6,NORMA-4909,100
6,NORMA-11718,101
6,NORMA-19039,102
6,NORMA-18653,103
6,NORMA-11565,104
6,NORMA-11566,105
6,NORMA-6679,106
6,NORMA-15561,107
6,NORMA-18276,108
6,NORMA-1471,109
6,NORMA-19459,110
6,NORMA-11723,111
6,NORMA-21065,112
6,NORMA-11664,113
6,NORMA-19553,114
6,NORMA-8028,115
6,NORMA-9724,116
6,NORMA-19351,117
6,NORMA-21305,118
6,NORMA-21361,119
6,NORMA-28362,120
6,NORMA-21678,121
6,NORMA-21651,122
6,NORMA-6948,123
6,NORMA-11577,124
6,NORMA-15881,125
6,NORMA-11578,126
6,NORMA-11572,127
6,NORMA-2158,128
6,NORMA-21554,129
6,NORMA-6140,130
6,NORMA-7113,131
6,NORMA-8435,132
6,NORMA-19303,133
6,NORMA-6627,134
6,NORMA-8027,135
6,NORMA-19658,136
6,NORMA-6022,137
6,NORMA-19689,138
6,NORMA-18769,139
6,NORMA-20713,140
6,NORMA-20702,141
6,NORMA-26201,142
6,NORMA-6782,143
6,NORMA-21404,144
6,NORMA-20704,145
6,NORMA-20730,146
6,NORMA-1740,147
6,NORMA-20729,148
6,NORMA-6253,149
6,NORMA-3503,150
6,NORMA-20888,151
6,NORMA-11714,152
6,NORMA-18734,153
6,NORMA-6957,154
6,NORMA-18238,155
6,NORMA-18670,156
6,NORMA-18748,157
6,NORMA-6629,158
6,NORMA-13797,159
6,NORMA-20371,160
6,NORMA-21698,161
6,NORMA-4711,162
6,NORMA-20910,163
6,NORMA-8114,164
6,NORMA-5792,165
6,NORMA-4075,166
6,NORMA-1572,167
6,NORMA-19326,168
6,NORMA-5421,169
6,NORMA-11756,170
6,NORMA-20632,171
6,NORMA-21575,172
6,NORMA-2517,173
6,NORMA-7939,174
6,NORMA-3241,175
6,NORMA-21585,176
6,NORMA-18935,177
6,NORMA-20299,178
6,NORMA-18682,179
6,NORMA-20248,180
6,NORMA-4710,181
6,NORMA-19705,182
6,NORMA-6318,183
6,NORMA-11571,184
6,NORMA-4396,185
6,NORMA-18759,186
6,NORMA-61,187
6,NORMA-21196,188
6,NORMA-8700,189
6,NORMA-12066,190
6,NORMA-6069,191
6,NORMA-18939,192
6,NORMA-21634,193
6,NORMA-3622,194
6,NORMA-6447,195
6,NORMA-9844,196
6,NORMA-20960,197
6,NORMA-11627,198
6,NORMA-12730,199
6,NORMA-8195,200
6,NORMA-11443,201
6,NORMA-26881,202
6,NORMA-11665,203
6,NORMA-7387,204
6,NORMA-4275,205
6,NORMA-6783,206
6,NORMA-6736,207
6,NORMA-11474,208
6,NORMA-4830,209
6,NORMA-20763,210
6,NORMA-3767,211
6,NORMA-15167,212
6,NORMA-11527,213
6,NORMA-19807,214
6,NORMA-11356,215
6,NORMA-8706,216
6,NORMA-12102,217
6,NORMA-6642,218
6,NORMA-3577,219
6,NORMA-5360,220
6,NORMA-2003,221
6,NORMA-10116,222
6,NORMA-21409,223
6,NORMA-6199,224
6,NORMA-4786,225
6,NORMA-11085,226
6,NORMA-20907,227
6,NORMA-8205,228
6,NORMA-5496,229
6,NORMA-18993,230
6,NORMA-19504,231
6,NORMA-20073,232
6,NORMA-20727,233
6,NORMA-19086,234
6,NORMA-14294,235
6,NORMA-20703,236
6,NORMA-2233,237
6,NORMA-7386,238
6,NORMA-4746,239
6,NORMA-19143,240
6,NORMA-20817,241
6,NORMA-19492,242
6,NORMA-21356,243
6,NORMA-6888,244
6,NORMA-18267,245
6,NORMA-20926,246
6,NORMA-18502,247
6,NORMA-11600,248
6,NORMA-14056,249
6,NORMA-6088,250
6,NORMA-5586,251
6,NORMA-18291,252
6,NORMA-19224,253
6,NORMA-19686,254
6,NORMA-7222,255
6,NORMA-19283,256
6,NORMA-6821,257
6,NORMA-19271,258
6,NORMA-14724,259
6,NORMA-13299,260
6,NORMA-13746,261
6,NORMA-13476,262
6,NORMA-18990,263
6,NORMA-14828,264
6,NORMA-19663,265
6,NORMA-18900,266
6,NORMA-18945,267
6,NORMA-20295,268
6,NORMA-7384,269
6,NORMA-12733,270
6,NORMA-21611,271
6,NORMA-20132,272
6,NORMA-21330,273
6,NORMA-21632,274
6,NORMA-3597,275
6,NORMA-21662,276
6,NORMA-19229,277
6,NORMA-6965,278
6,NORMA-20468,279
6,NORMA-21517,280
6,NORMA-3659,281
6,NORMA-18427,282
6,NORMA-20120,283
6,NORMA-3723,284
6,NORMA-7225,285
6,NORMA-21402,286
6,NORMA-29507,287
6,NORMA-5243,288
6,NORMA-6622,289
6,NORMA-21574,290
6,NORMA-6665,291
6,NORMA-3676,292
6,NORMA-3733,293
6,NORMA-4093,294
6,NORMA-4298,295
6,NORMA-6195,296
6,NORMA-4499,297
6,NORMA-4783,298
6,NORMA-3732,299
6,NORMA-4616,300
6,NORMA-4676,301
6,NORMA-5915,302
6,NORMA-21748,303
6,NORMA-7645,304
6,NORMA-4240,305
6,NORMA-6177,306
6,NORMA-18711,307
6,NORMA-5385,308
6,NORMA-6093,309
6,NORMA-25525,310
6,NORMA-19741,311
6,NORMA-9870,312
6,NORMA-6851,313
6,NORMA-5320,314
6,NORMA-28321,315
6,NORMA-4759,316
6,NORMA-26763,317
6,NORMA-6352,318
6,NORMA-19852,319
6,NORMA-5396,320
6,NORMA-21203,321
6,NORMA-29044,322
6,NORMA-19299,323
6,NORMA-11157,324
6,NORMA-21412,325
6,NORMA-21347,326
6,NORMA-7236,327
6,NORMA-4122,328
6,NORMA-11598,329
6,NORMA-6186,330
6,NORMA-25526,331
6,NORMA-21696,332
6,NORMA-6746,333
6,NORMA-7504,334
6,NORMA-8202,335
6,NORMA-3598,336
6,NORMA-21719,337
6,NORMA-20402,338
6,NORMA-10819,339
6,NORMA-5973,340
6,NORMA-10818,341
6,NORMA-4512,342
6,NORMA-7399,343
6,NORMA-13403,344
6,NORMA-21686,345
6,NORMA-6189,346
6,NORMA-26803,347
6,NORMA-12850,348
6,NORMA-5626,349
6,NORMA-6167,350
6,NORMA-7160,351
6,NORMA-10025,352
6,NORMA-20113,353
6,NORMA-17162,354
6,NORMA-8894,355
6,NORMA-11757,356
6,NORMA-20235,357
6,NORMA-9799,358
6,NORMA-12777,359
6,NORMA-6134,360
6,NORMA-14562,361
6,NORMA-13884,362
6,NORMA-14561,363
6,NORMA-9842,364
6,NORMA-21471,365
6,NORMA-26901,366
6,NORMA-17461,367
6,NORMA-13863,368
6,NORMA-21749,369
6,NORMA-19338,370
6,NORMA-21591,371
6,NORMA-8702,372
6,NORMA-23141,373
6,NORMA-19345,374
6,NORMA-21643,375
6,NORMA-5339,376
6,NORMA-9746,377
6,NORMA-19347,378
6,NORMA-11766,379
6,NORMA-12919,380
6,NORMA-21618,381
6,NORMA-13264,382
6,NORMA-21474,383
6,NORMA-6743,384
6,NORMA-6411,385
6,NORMA-19348,386
6,NORMA-11416,387
6,NORMA-14529,388
6,NORMA-19346,389
6,NORMA-14800,390
6,NORMA-6051,391
6,NORMA-5128,392
6,NORMA-20085,393
6,NORMA-11137,394
6,NORMA-8196,395
6,NORMA-18743,396
6,NORMA-6198,397
6,NORMA-8194,398
6,NORMA-14114,399
6,NORMA-20736,400
6,NORMA-10974,401
6,NORMA-6207,402
6,NORMA-12729,403
6,NORMA-8111,404
6,NORMA-7648,405
6,NORMA-19783,406
6,NORMA-6128,407
6,NORMA-19028,408
6,NORMA-12505,409
6,NORMA-14726,410
6,NORMA-19428,411
6,NORMA-25621,412
6,NORMA-11319,413
6,NORMA-18439,414
6,NORMA-18788,415
6,NORMA-27926,416
6,NORMA-18838,417
6,NORMA-12089,418
6,NORMA-23941,419
6,NORMA-18617,420
6,NORMA-13323,421
6,NORMA-18797,422
6,NORMA-18370,423
6,NORMA-14262,424
6,NORMA-21497,425
6,NORMA-18774,426
6,NORMA-19491,427
6,NORMA-9238,428
6,NORMA-5751,429
6,NORMA-19570,430
6,NORMA-20055,431
6,NORMA-6514,432
6,NORMA-13756,433
6,NORMA-18466,434
6,NORMA-19188,435
6,NORMA-6595,436
6,NORMA-21659,437
6,NORMA-21666,438
6,NORMA-20902,439
6,NORMA-29005,440
6,NORMA-20297,441
6,NORMA-11759,442
6,NORMA-21113,443
6,NORMA-20694,444
6,NORMA-19013,445
6,NORMA-13508,446
6,NORMA-10789,447
6,NORMA-11588,448
6,NORMA-18724,449
6,NORMA-6758,450
6,NORMA-20294,451
6,NORMA-21547,452
6,NORMA-12956,453
6,NORMA-20692,454
6,NORMA-19731,455
6,NORMA-13160,456
6,NORMA-10748,457
6,NORMA-20622,458
6,NORMA-18954,459
6,NORMA-28981,460
6,NORMA-21821,461
6,NORMA-20886,462
6,NORMA-6880,463
6,NORMA-20790,464
6,NORMA-21725,465
6,NORMA-19927,466
6,NORMA-10708,467
6,NORMA-20597,468
6,NORMA-18240,469
6,NORMA-19431,470
6,NORMA-15211,471
6,NORMA-20186,472
6,NORMA-15802,473
6,NORMA-3509,474
6,NORMA-21086,475
6,NORMA-18298,476
6,NORMA-20151,477
6,NORMA-18916,478
6,NORMA-20068,479
6,NORMA-11764,480
6,NORMA-18285,481
6,NORMA-11479,482
6,NORMA-7381,483
6,NORMA-12067,484
6,NORMA-11751,485
6,NORMA-28001,486
6,NORMA-21186,487
6,NORMA-18886,488
6,NORMA-1138,489
6,NORMA-28586,490
6,NORMA-6084,491
6,NORMA-5969,492
6,NORMA-19448,493
6,NORMA-21028,494
6,NORMA-4279,495
6,NORMA-20712,496
6,NORMA-143,497
6,NORMA-19961,498
6,NORMA-5162,499
6,NORMA-19056,500
6,NORMA-20893,501
6,NORMA-20565,502
6,NORMA-6641,503
6,NORMA-3662,504
6,NORMA-19518,505
6,NORMA-18420,506
6,NORMA-20705,507
6,NORMA-8803,508
6,NORMA-13474,509
6,NORMA-20742,510
6,NORMA-772,511
6,NORMA-20092,512
6,NORMA-11655,513
6,NORMA-14813,514
6,NORMA-10473,515
6,NORMA-14239,516
6,NORMA-20134,517
6,NORMA-19909,518
6,NORMA-21638,519
6,NORMA-8771,520
6,NORMA-5184,521
6,NORMA-11528,522
6,NORMA-20058,523
6,NORMA-7773,524
6,NORMA-6752,525
6,NORMA-13919,526
6,NORMA-11263,527
6,NORMA-19768,528
6,NORMA-15542,529
6,NORMA-6755,530
6,NORMA-19515,531
6,NORMA-18819,532
6,NORMA-2551,533
6,NORMA-20236,534
6,NORMA-2184,535
6,NORMA-19051,536
6,NORMA-21699,537
6,NORMA-15237,538
6,NORMA-11469,539
6,NORMA-20908,540
6,NORMA-3281,541
6,NORMA-27221,542
6,NORMA-6316,543
6,NORMA-19138,544
6,NORMA-6181,545
6,NORMA-18364,546
6,NORMA-23501,547
6,NORMA-11763,548
6,NORMA-18254,549
6,NORMA-20690,550
6,NORMA-9834,551
6,NORMA-12060,552
6,NORMA-18673,553
6,NORMA-18205,554
6,NORMA-3819,555
6,NORMA-12631,556
6,NORMA-21389,557
6,NORMA-21656,558
6,NORMA-19749,559
6,NORMA-6630,560
6,NORMA-7012,561
6,NORMA-11570,562
6,NORMA-21273,563
6,NORMA-18294,564
6,NORMA-20284,565
6,NORMA-21371,566
6,NORMA-12664,567
6,NORMA-11086,568
6,NORMA-6955,569
6,NORMA-21238,570
6,NORMA-14788,571
6,NORMA-18411,572
6,NORMA-18463,573
6,NORMA-18401,574
6,NORMA-20962,575
6,NORMA-19925,576
6,NORMA-21562,577
6,NORMA-11814,578
6,NORMA-19659,579
6,NORMA-20803,580
6,NORMA-17221,581
6,NORMA-217,582
6,NORMA-10994,583
6,NORMA-18535,584
6,NORMA-20880,585
6,NORMA-21004,586
6,NORMA-18361,587
6,NORMA-6256,588
6,NORMA-21609,589
6,NORMA-6623,590
6,NORMA-4586,591
6,NORMA-20102,592
6,NORMA-13552,593
6,NORMA-18780,594
6,NORMA-18690,595
6,NORMA-18553,596
6,NORMA-3907,597
6,NORMA-20802,598
6,NORMA-2005,599
6,NORMA-6967,600
6,NORMA-6895,601
6,NORMA-18450,602
6,NORMA-20915,603
6,NORMA-8119,604
6,NORMA-19021,605
6,NORMA-18863,606
6,NORMA-11164,607
6,NORMA-18368,608
6,NORMA-18988,609
6,NORMA-19903,610
6,NORMA-14302,611
6,NORMA-12649,612
6,NORMA-13594,613
6,NORMA-19275,614
6,NORMA-20906,615
6,NORMA-11472,616
6,NORMA-20129,617
6,NORMA-6698,618
6,NORMA-21135,619
6,NORMA-21788,620
6,NORMA-18679,621
6,NORMA-20064,622
6,NORMA-14652,623
6,NORMA-19211,624
6,NORMA-20961,625
6,NORMA-21790,626
6,NORMA-20643,627
6,NORMA-6954,628
6,NORMA-18767,629
6,NORMA-13106,630
6,NORMA-18211,631
6,NORMA-1516,632
6,NORMA-22561,633
6,NORMA-19384,634
6,NORMA-19095,635
6,NORMA-1419,636
6,NORMA-6636,637
6,NORMA-27045,638
6,NORMA-18239,639
6,NORMA-11476,640
6,NORMA-12029,641
6,NORMA-26701,642
6,NORMA-18858,643
6,NORMA-6185,644
6,NORMA-14937,645
6,NORMA-12872,646
6,NORMA-27761,647
6,NORMA-3820,648
6,NORMA-18434,649
6,NORMA-13158,650
6,NORMA-3821,651
6,NORMA-19454,652
6,NORMA-20157,653
6,NORMA-18772,654
6,NORMA-21151,655
6,NORMA-19520,656
6,NORMA-9382,657
6,NORMA-21187,658
6,NORMA-19292,659
6,NORMA-28221,660
6,NORMA-10119,661
6,NORMA-7011,662
6,NORMA-19499,663
6,NORMA-483,664
6,NORMA-6819,665
6,NORMA-14498,666
6,NORMA-19394,667
6,NORMA-6820,668
6,NORMA-18796,669
6,NORMA-20168,670
6,NORMA-10029,671
6,NORMA-9871,672
6,NORMA-19512,673
6,NORMA-10044,674
6,NORMA-21637,675
6,NORMA-21005,676
6,NORMA-20891,677
6,NORMA-13990,678
6,NORMA-18603,679
6,NORMA-20894,680
6,NORMA-11087,681
6,NORMA-6676,682
6,NORMA-21431,683
6,NORMA-4588,684
6,NORMA-8774,685
6,NORMA-6970,686
6,NORMA-13469,687
6,NORMA-20936,688
6,NORMA-12039,689
6,NORMA-220,690
6,NORMA-20959,691
6,NORMA-18835,692
6,NORMA-20912,693
6,NORMA-883,694
6,NORMA-4091,695
6,NORMA-14898,696
6,NORMA-19181,697
6,NORMA-27384,698
6,NORMA-560,699
6,NORMA-16202,700
6,NORMA-19003,701
6,NORMA-13802,702
6,NORMA-10326,703
6,NORMA-12886,704
6,NORMA-18529,705
6,NORMA-19081,706
6,NORMA-20474,707
6,NORMA-18915,708
6,NORMA-21064,709
6,NORMA-1534,710
6,NORMA-18539,711
6,NORMA-19221,712
6,NORMA-18859,713
6,NORMA-21131,714
6,NORMA-19639,715
6,NORMA-21269,716
6,NORMA-18511,717
6,NORMA-6083,718
6,NORMA-18574,719
6,NORMA-10219,720
6,NORMA-19387,721
6,NORMA-18248,722
6,NORMA-21649,723
6,NORMA-10200,724
6,NORMA-9893,725
6,NORMA-21586,726
6,NORMA-18432,727
6,NORMA-21499,728
6,NORMA-16268,729
6,NORMA-18405,730
6,NORMA-8458,731
6,NORMA-9681,732
6,NORMA-18825,733
6,NORMA-20196,734
6,NORMA-9067,735
6,NORMA-1222,736
6,NORMA-7953,737
6,NORMA-18793,738
6,NORMA-18706,739
6,NORMA-783,740
6,NORMA-7027,741
6,NORMA-21149,742
6,NORMA-1620,743
6,NORMA-20056,744
6,NORMA-3382,745
6,NORMA-974,746
6,NORMA-20796,747
6,NORMA-14390,748
6,NORMA-18302,749
6,NORMA-21521,750
6,NORMA-18451,751
6,NORMA-18479,752
6,NORMA-11632,753
6,NORMA-20473,754
6,NORMA-20302,755
6,NORMA-11734,756
6,NORMA-20480,757
6,NORMA-19939,758
6,NORMA-20137,759
6,NORMA-3966,760
6,NORMA-18822,761
6,NORMA-20778,762
6,NORMA-21515,763
6,NORMA-19546,764
6,NORMA-13402,765
6,NORMA-20290,766
6,NORMA-21669,767
6,NORMA-19437,768
6,NORMA-18208,769
6,NORMA-18654,770
6,NORMA-1994,771
6,NORMA-20222,772
6,NORMA-21509,773
6,NORMA-15521,774
6,NORMA-18828,775
6,NORMA-21690,776
6,NORMA-18492,777
6,NORMA-18541,778
6,NORMA-18638,779
6,NORMA-1463,780
6,NORMA-19124,781
6,NORMA-19729,782
6,NORMA-21114,783
6,NORMA-1421,784
6,NORMA-19240,785
6,NORMA-8575,786
6,NORMA-20997,787
6,NORMA-21017,788
6,NORMA-21663,789
6,NORMA-21710,790
6,NORMA-19249,791
6,NORMA-12165,792
6,NORMA-19223,793
6,NORMA-21291,794
6,NORMA-21137,795
6,NORMA-3642,796
6,NORMA-6521,797
6,NORMA-6291,798
6,NORMA-19691,799
6,NORMA-19526,800
6,NORMA-19904,801
6,NORMA-23341,802
6,NORMA-20188,803
6,NORMA-21252,804
6,NORMA-2269,805
6,NORMA-29201,806
6,NORMA-21468,807
6,NORMA-7241,808
6,NORMA-21390,809
6,NORMA-10375,810
6,NORMA-10629,811
6,NORMA-11715,812
6,NORMA-19436,813
6,NORMA-18870,814
6,NORMA-27687,815
6,NORMA-18378,816
6,NORMA-18934,817
6,NORMA-18342,818
6,NORMA-3638,819
6,NORMA-20995,820
6,NORMA-19574,821
6,NORMA-20465,822
6,NORMA-5925,823
6,NORMA-19416,824
6,NORMA-20376,825
6,NORMA-19746,826
6,NORMA-18554,827
6,NORMA-21026,828
6,NORMA-15701,829
6,NORMA-20369,830
6,NORMA-17201,831
6,NORMA-7149,832
6,NORMA-28961,833
6,NORMA-21367,834
6,NORMA-18545,835
6,NORMA-18345,836
6,NORMA-21244,837
6,NORMA-20090,838
6,NORMA-8522,839
6,NORMA-15921,840
6,NORMA-21150,841
6,NORMA-21756,842
6,NORMA-12038,843
6,NORMA-21071,844
6,NORMA-10309,845
6,NORMA-3381,846
6,NORMA-18762,847
6,NORMA-21241,848
6,NORMA-15901,849
6,NORMA-20182,850
6,NORMA-20443,851
6,NORMA-19503,852
6,NORMA-20072,853
6,NORMA-18648,854
6,NORMA-21553,855
6,NORMA-18709,856
6,NORMA-21408,857
6,NORMA-12048,858
6,NORMA-6645,859
6,NORMA-21276,860
6,NORMA-6082,861
6,NORMA-21217,862
6,NORMA-18537,863
6,NORMA-18225,864
6,NORMA-19643,865
6,NORMA-7015,866
6,NORMA-11798,867
6,NORMA-18691,868
6,NORMA-21507,869
6,NORMA-12657,870
6,NORMA-19391,871
6,NORMA-6669,872
6,NORMA-18656,873
6,NORMA-21185,874
6,NORMA-7525,875
6,NORMA-18747,876
6,NORMA-19969,877
6,NORMA-14661,878
6,NORMA-7110,879
6,NORMA-18414,880
6,NORMA-21073,881
6,NORMA-20098,882
6,NORMA-21012,883
6,NORMA-14463,884
6,NORMA-19940,885
6,NORMA-21676,886
6,NORMA-21461,887
6,NORMA-2536,888
6,NORMA-20432,889
6,NORMA-21224,890
6,NORMA-25902,891
6,NORMA-19667,892
6,NORMA-21286,893
6,NORMA-28203,894
6,NORMA-19212,895
6,NORMA-19637,896
6,NORMA-21279,897
6,NORMA-21606,898
6,NORMA-11316,899
6,NORMA-21211,900
6,NORMA-21484,901
6,NORMA-19573,902
6,NORMA-6621,903
6,NORMA-21267,904
6,NORMA-19329,905
6,NORMA-11731,906
6,NORMA-19152,907
6,NORMA-19650,908
6,NORMA-33288,909
6,NORMA-33308,910
6,NORMA-19715,911
6,NORMA-20349,912
6,NORMA-20870,913
6,NORMA-18697,914
6,NORMA-18418,915
6,NORMA-20300,916
6,NORMA-19245,917
6,NORMA-20359,918
6,NORMA-21236,919
6,NORMA-21253,920
6,NORMA-21739,921
6,NORMA-20488,922
6,NORMA-19631,923
6,NORMA-19704,924
6,NORMA-21631,925
6,NORMA-20460,926
6,NORMA-21792,927
6,NORMA-20941,928
6,NORMA-21126,929
6,NORMA-20403,930
6,NORMA-18436,931
6,NORMA-21608,932
6,NORMA-20503,933
6,NORMA-20865,934
6,NORMA-19609,935
6,NORMA-21496,936
6,NORMA-18730,937
6,NORMA-19096,938
6,NORMA-21626,939
6,NORMA-19617,940
6,NORMA-21550,941
6,NORMA-2519,942
6,NORMA-2432,943
6,NORMA-20487,944
6,NORMA-21419,945
6,NORMA-21783,946
7,NORMA-18530,1
7,NORMA-19514,2
7,NORMA-18337,3
7,NORMA-12038,4
7,NORMA-10309,5
7,NORMA-18756,6
7,NORMA-19321,7
7,NORMA-11687,8
7,NORMA-19698,9
7,NORMA-21497,10
7,NORMA-21711,11
7,NORMA-20202,12
7,NORMA-21402,13
7,NORMA-11734,14
7,NORMA-19982,15
7,NORMA-18753,16
7,NORMA-19040,17
7,NORMA-19194,18
7,NORMA-19711,19
7,NORMA-20491,20
7,NORMA-18970,21
7,NORMA-19674,22
7,NORMA-20990,23
7,NORMA-19047,24
7,NORMA-20996,25
7,NORMA-18523,26
7,NORMA-19512,27
7,NORMA-11731,28
7,NORMA-20887,29
7,NORMA-21141,30
7,NORMA-21389,31
7,NORMA-11715,32
7,NORMA-21499,33
7,NORMA-19477,34
7,NORMA-18211,35
7,NORMA-11814,36
7,NORMA-19622,37
7,NORMA-21202,38
7,NORMA-20879,39
7,NORMA-21059,40
7,NORMA-23361,41
7,NORMA-3966,42
7,NORMA-20927,43
7,NORMA-13402,44
7,NORMA-20599,45
7,NORMA-21050,46
7,NORMA-20273,47
7,NORMA-21638,48
7,NORMA-12029,49
7,NORMA-20901,50
7,NORMA-20562,51
7,NORMA-19278,52
7,NORMA-20922,53
7,NORMA-19542,54
7,NORMA-19290,55
7,NORMA-18427,56
7,NORMA-12060,57
7,NORMA-10531,58
7,NORMA-13797,59
7,NORMA-21691,60
7,NORMA-19650,61
7,NORMA-21637,62
7,NORMA-27521,63
7,NORMA-7525,64
7,NORMA-21586,65
7,NORMA-21283,66
7,NORMA-3642,67
7,NORMA-20925,68
7,NORMA-21280,69
7,NORMA-27161,70
7,NORMA-7241,71
7,NORMA-11737,72
7,NORMA-20135,73
7,NORMA-3503,74
7,NORMA-18748,75
7,NORMA-7279,76
7,NORMA-20845,77
7,NORMA-3638,78
7,NORMA-19658,79
7,NORMA-18815,80
7,NORMA-21344,81
7,NORMA-6505,82
7,NORMA-21779,83
7,NORMA-18754,84
7,NORMA-4631,85
7,NORMA-15002,86
7,NORMA-14232,87
7,NORMA-12382,88
7,NORMA-1572,89
7,NORMA-18541,90
7,NORMA-14421,91
7,NORMA-22522,92
7,NORMA-18529,93
7,NORMA-13217,94
7,NORMA-13971,95
7,NORMA-13707,96
7,NORMA-13220,97
7,NORMA-12414,98
7,NORMA-19570,99
7,NORMA-13341,100
7,NORMA-11879,101
7,NORMA-13385,102
7,NORMA-15868,103
7,NORMA-14279,104
7,NORMA-21285,105
7,NORMA-13592,106
7,NORMA-21155,107
7,NORMA-12974,108
7,NORMA-19645,109
7,NORMA-13112,110
7,NORMA-20814,111
7,NORMA-18656,112
7,NORMA-19961,113
7,NORMA-21269,114
7,NORMA-18878,115
7,NORMA-15085,116
7,NORMA-21580,117
7,NORMA-20907,118
7,NORMA-11515,119
7,NORMA-18994,120
7,NORMA-21183,121
7,NORMA-19668,122
7,NORMA-21086,123
7,NORMA-1485,124
7,NORMA-1365,125
7,NORMA-12798,126
7,NORMA-20731,127
7,NORMA-20582,128
7,NORMA-20680,129
7,NORMA-20626,130
7,NORMA-21470,131
7,NORMA-19620,132
7,NORMA-19913,133
7,NORMA-21361,134
7,NORMA-6968,135
7,NORMA-10530,136
7,NORMA-6711,137
7,NORMA-15443,138
7,NORMA-21139,139
7,NORMA-20228,140
7,NORMA-19940,141
7,NORMA-20694,142
7,NORMA-19844,143
7,NORMA-6176,144
7,NORMA-13024,145
7,NORMA-20880,146
7,NORMA-2452,147
7,NORMA-11443,148
7,NORMA-20240,149
7,NORMA-20235,150
7,NORMA-21386,151
7,NORMA-20762,152
7,NORMA-4396,153
7,NORMA-2387,154
7,NORMA-15167,155
7,NORMA-2377,156
7,NORMA-20958,157
7,NORMA-19234,158
7,NORMA-19802,159
7,NORMA-19408,160
7,NORMA-19602,161
7,NORMA-2691,162
7,NORMA-2503,163
7,NORMA-18824,164
7,NORMA-11588,165
7,NORMA-20868,166
7,NORMA-18293,167
7,NORMA-11716,168
7,NORMA-2428,169
7,NORMA-20105,170
7,NORMA-19537,171
7,NORMA-19755,172
7,NORMA-19474,173
7,NORMA-19925,174
7,NORMA-5372,175
7,NORMA-534,176
7,NORMA-19469,177
7,NORMA-21460,178
7,NORMA-19463,179
7,NORMA-20676,180
7,NORMA-21770,181
7,NORMA-20921,182
7,NORMA-18687,183
7,NORMA-21407,184
7,NORMA-6679,185
7,NORMA-13746,186
7,NORMA-20535,187
7,NORMA-18995,188
7,NORMA-24661,189
7,NORMA-14828,190
7,NORMA-21343,191
7,NORMA-19118,192
7,NORMA-18366,193
7,NORMA-20056,194
7,NORMA-9297,195
7,NORMA-19732,196
7,NORMA-11557,197
7,NORMA-18572,198
7,NORMA-3662,199
7,NORMA-19244,200
7,NORMA-20161,201
7,NORMA-6083,202
7,NORMA-21700,203
7,NORMA-19323,204
7,NORMA-618,205
7,NORMA-18980,206
7,NORMA-19259,207
7,NORMA-19228,208
7,NORMA-4319,209
7,NORMA-19372,210
7,NORMA-19697,211
7,NORMA-21124,212
7,NORMA-12613,213
7,NORMA-19378,214
7,NORMA-20888,215
7,NORMA-13174,216
7,NORMA-19643,217
7,NORMA-18706,218
7,NORMA-14898,219
7,NORMA-13195,220
7,NORMA-21356,221
7,NORMA-7025,222
7,NORMA-28582,223
7,NORMA-20899,224
7,NORMA-19379,225
7,NORMA-12886,226
7,NORMA-3777,227
7,NORMA-20622,228
7,NORMA-11496,229
7,NORMA-11467,230
7,NORMA-332,231
7,NORMA-19846,232
7,NORMA-18600,233
7,NORMA-13905,234
7,NORMA-20988,235
7,NORMA-18540,236
7,NORMA-20139,237
7,NORMA-12089,238
7,NORMA-21405,239
7,NORMA-222,240
7,NORMA-19329,241
7,NORMA-20790,242
7,NORMA-21066,243
7,NORMA-18650,244
7,NORMA-14377,245
7,NORMA-21061,246
7,NORMA-13480,247
7,NORMA-19328,248
7,NORMA-3981,249
7,NORMA-21709,250
7,NORMA-5134,251
7,NORMA-21520,252
7,NORMA-20942,253
7,NORMA-20920,254
7,NORMA-2483,255
7,NORMA-21563,256
7,NORMA-18396,257
7,NORMA-21332,258
7,NORMA-21201,259
7,NORMA-21295,260
7,NORMA-21297,261
7,NORMA-20730,262
7,NORMA-20894,263
7,NORMA-18204,264
7,NORMA-14788,265
7,NORMA-2921,266
7,NORMA-20855,267
7,NORMA-12664,268
7,NORMA-19017,269
7,NORMA-21392,270
7,NORMA-2478,271
7,NORMA-10994,272
7,NORMA-23521,273
7,NORMA-19468,274
7,NORMA-21548,275
7,NORMA-18295,276
7,NORMA-6757,277
7,NORMA-20564,278
7,NORMA-19593,279
7,NORMA-20699,280
7,NORMA-12880,281
7,NORMA-18861,282
7,NORMA-19358,283
7,NORMA-21561,284
7,NORMA-18462,285
7,NORMA-28561,286
7,NORMA-18892,287
7,NORMA-21761,288
7,NORMA-6245,289
7,NORMA-21547,290
7,NORMA-11627,291
7,NORMA-18978,292
7,NORMA-19473,293
7,NORMA-20895,294
7,NORMA-19104,295
7,NORMA-19712,296
7,NORMA-21462,297
7,NORMA-20710,298
7,NORMA-18343,299
7,NORMA-20748,300
7,NORMA-21676,301
7,NORMA-12952,302
7,NORMA-15426,303
7,NORMA-20125,304
7,NORMA-18333,305
7,NORMA-19211,306
7,NORMA-28584,307
7,NORMA-19461,308
7,NORMA-18934,309
7,NORMA-21528,310
7,NORMA-21336,311
7,NORMA-1841,312
7,NORMA-18915,313
7,NORMA-21450,314
7,NORMA-972,315
7,NORMA-11470,316
7,NORMA-21680,317
7,NORMA-21453,318
7,NORMA-21526,319
7,NORMA-21725,320
7,NORMA-20512,321
7,NORMA-12045,322
7,NORMA-19573,323
7,NORMA-19371,324
7,NORMA-19353,325
7,NORMA-10028,326
7,NORMA-21218,327
7,NORMA-19555,328
7,NORMA-26841,329
7,NORMA-20519,330
7,NORMA-20301,331
7,NORMA-19972,332
7,NORMA-21533,333
7,NORMA-20613,334
7,NORMA-18955,335
7,NORMA-6252,336
7,NORMA-20284,337
7,NORMA-20046,338
7,NORMA-21545,339
7,NORMA-1421,340
7,NORMA-18910,341
7,NORMA-2376,342
7,NORMA-20110,343
7,NORMA-19009,344
7,NORMA-6753,345
7,NORMA-10256,346
7,NORMA-18546,347
7,NORMA-9831,348
7,NORMA-12098,349
7,NORMA-19644,350
7,NORMA-13298,351
7,NORMA-19587,352
7,NORMA-18746,353
7,NORMA-11860,354
7,NORMA-11858,355
7,NORMA-11513,356
7,NORMA-1173,357
7,NORMA-20751,358
7,NORMA-11521,359
7,NORMA-10708,360
7,NORMA-24941,361
7,NORMA-21026,362
7,NORMA-1250,363
7,NORMA-21515,364
7,NORMA-19103,365
7,NORMA-19206,366
7,NORMA-6257,367
7,NORMA-18827,368
7,NORMA-20119,369
7,NORMA-18432,370
7,NORMA-21289,371
7,NORMA-19394,372
7,NORMA-2470,373
7,NORMA-15239,374
7,NORMA-19980,375
7,NORMA-6955,376
7,NORMA-19466,377
7,NORMA-19824,378
7,NORMA-6082,379
7,NORMA-11596,380
7,NORMA-21370,381
7,NORMA-18298,382
7,NORMA-21241,383
7,NORMA-21759,384
7,NORMA-21406,385
7,NORMA-19642,386
7,NORMA-14813,387
7,NORMA-10473,388
7,NORMA-21578,389
7,NORMA-11523,390
7,NORMA-21267,391
7,NORMA-21443,392
7,NORMA-13990,393
7,NORMA-13474,394
7,NORMA-7387,395
7,NORMA-21564,396
7,NORMA-18986,397
7,NORMA-19458,398
7,NORMA-2383,399
7,NORMA-13919,400
7,NORMA-14724,401
7,NORMA-20222,402
7,NORMA-19377,403
7,NORMA-6249,404
7,NORMA-21509,405
7,NORMA-21613,406
7,NORMA-18563,407
7,NORMA-6736,408
7,NORMA-19904,409
7,NORMA-21404,410
7,NORMA-21313,411
7,NORMA-11356,412
7,NORMA-14661,413
7,NORMA-6954,414
7,NORMA-21588,415
7,NORMA-21530,416
7,NORMA-8706,417
7,NORMA-9893,418
7,NORMA-7381,419
7,NORMA-12415,420
7,NORMA-20896,421
7,NORMA-3767,422
7,NORMA-19557,423
7,NORMA-8027,424
7,NORMA-20906,425
7,NORMA-19843,426
7,NORMA-21679,427
7,NORMA-21634,428
7,NORMA-18249,429
7,NORMA-21663,430
7,NORMA-21771,431
7,NORMA-21475,432
7,NORMA-21710,433
7,NORMA-12733,434
7,NORMA-21562,435
7,NORMA-13308,436
7,NORMA-18248,437
7,NORMA-14463,438
7,NORMA-19297,439
7,NORMA-19471,440
7,NORMA-19352,441
7,NORMA-6698,442
7,NORMA-18935,443
7,NORMA-6398,444
7,NORMA-21552,445
7,NORMA-4786,446
7,NORMA-18897,447
7,NORMA-13138,448
7,NORMA-1740,449
7,NORMA-19605,450
7,NORMA-21678,451
7,NORMA-20704,452
7,NORMA-21651,453
7,NORMA-21767,454
7,NORMA-23341,455
7,NORMA-6949,456
7,NORMA-19803,457
7,NORMA-21555,458
7,NORMA-20269,459
7,NORMA-6636,460
7,NORMA-21713,461
7,NORMA-20068,462
7,NORMA-21211,463
7,NORMA-21232,464
7,NORMA-21656,465
7,NORMA-19691,466
7,NORMA-18254,467
7,NORMA-12965,468
7,NORMA-18225,469
7,NORMA-21069,470
7,NORMA-19406,471
7,NORMA-20721,472
7,NORMA-20070,473
7,NORMA-19659,474
7,NORMA-17182,475
7,NORMA-12437,476
7,NORMA-18868,477
7,NORMA-11857,478
7,NORMA-18722,479
7,NORMA-18691,480
7,NORMA-2399,481
7,NORMA-19580,482
7,NORMA-8384,483
7,NORMA-3577,484
7,NORMA-14390,485
7,NORMA-21668,486
7,NORMA-21226,487
7,NORMA-21224,488
7,NORMA-18772,489
7,NORMA-19553,490
7,NORMA-21648,491
7,NORMA-215,492
7,NORMA-5360,493
7,NORMA-21423,494
7,NORMA-4710,495
7,NORMA-10116,496
7,NORMA-11085,497
7,NORMA-21747,498
7,NORMA-21286,499
7,NORMA-8205,500
7,NORMA-19295,501
7,NORMA-19578,502
7,NORMA-18933,503
7,NORMA-20999,504
7,NORMA-18769,505
7,NORMA-5496,506
7,NORMA-19629,507
7,NORMA-14294,508
7,NORMA-18937,509
7,NORMA-18553,510
7,NORMA-21554,511
7,NORMA-21122,512
7,NORMA-6199,513
7,NORMA-18230,514
7,NORMA-19828,515
7,NORMA-20104,516
7,NORMA-21237,517
7,NORMA-19607,518
7,NORMA-18780,519
7,NORMA-6321,520
7,NORMA-6644,521
7,NORMA-7384,522
7,NORMA-18974,523
7,NORMA-14985,524
7,NORMA-21244,525
7,NORMA-20494,526
7,NORMA-20520,527
7,NORMA-6958,528
7,NORMA-19437,529
7,NORMA-20138,530
7,NORMA-19841,531
7,NORMA-19235,532
7,NORMA-13106,533
7,NORMA-21085,534
7,NORMA-19233,535
7,NORMA-21065,536
7,NORMA-18208,537
7,NORMA-18747,538
7,NORMA-13476,539
7,NORMA-6669,540
7,NORMA-19751,541
7,NORMA-19343,542
7,NORMA-33288,543
7,NORMA-19061,544
7,NORMA-19124,545
7,NORMA-21305,546
7,NORMA-19240,547
7,NORMA-21538,548
7,NORMA-20227,549
7,NORMA-18583,550
7,NORMA-18979,551
7,NORMA-33308,552
7,NORMA-18971,553
7,NORMA-13514,554
7,NORMA-20779,555
7,NORMA-20230,556
7,NORMA-7228,557
7,NORMA-1341,558
7,NORMA-18206,559
7,NORMA-19223,560
7,NORMA-15339,561
7,NORMA-20759,562
7,NORMA-21746,563
7,NORMA-20800,564
7,NORMA-20149,565
7,NORMA-19374,566
7,NORMA-21756,567
7,NORMA-2032,568
7,NORMA-21589,569
7,NORMA-12872,570
7,NORMA-18379,571
7,NORMA-2517,572
7,NORMA-11756,573
7,NORMA-19981,574
7,NORMA-21080,575
7,NORMA-20103,576
7,NORMA-7312,577
7,NORMA-2495,578
7,NORMA-6621,579
7,NORMA-19526,580
7,NORMA-7912,581
7,NORMA-20096,582
7,NORMA-13918,583
7,NORMA-18537,584
7,NORMA-20108,585
7,NORMA-21390,586
7,NORMA-15211,587
7,NORMA-19916,588
7,NORMA-21253,589
7,NORMA-21506,590
7,NORMA-21484,591
7,NORMA-13470,592
7,NORMA-509,593
7,NORMA-835,594
7,NORMA-9834,595
7,NORMA-3241,596
7,NORMA-21185,597
7,NORMA-12067,598
7,NORMA-19631,599
7,NORMA-19969,600
7,NORMA-27044,601
7,NORMA-21207,602
7,NORMA-20801,603
7,NORMA-18474,604
7,NORMA-12027,605
7,NORMA-21254,606
7,NORMA-20229,607
7,NORMA-4423,608
7,NORMA-6758,609
7,NORMA-7651,610
7,NORMA-3820,611
7,NORMA-19245,612
7,NORMA-21291,613
7,NORMA-19121,614
7,NORMA-21063,615
7,NORMA-21784,616
7,NORMA-11087,617
7,NORMA-29421,618
7,NORMA-3821,619
7,NORMA-18359,620
7,NORMA-21553,621
7,NORMA-1999,622
7,NORMA-20252,623
7,NORMA-6185,624
7,NORMA-18382,625
7,NORMA-27341,626
7,NORMA-18899,627
7,NORMA-21187,628
7,NORMA-19618,629
7,NORMA-19740,630
7,NORMA-21165,631
7,NORMA-20705,632
7,NORMA-26003,633
7,NORMA-741,634
7,NORMA-24582,635
7,NORMA-9823,636
7,NORMA-8774,637
7,NORMA-11417,638
7,NORMA-20234,639
7,NORMA-21606,640
7,NORMA-18781,641
7,NORMA-12066,642
7,NORMA-4588,643
7,NORMA-6880,644
7,NORMA-20706,645
7,NORMA-6783,646
7,NORMA-20064,647
7,NORMA-19383,648
7,NORMA-21236,649
7,NORMA-2089,650
7,NORMA-772,651
7,NORMA-4818,652
7,NORMA-18819,653
7,NORMA-21661,654
7,NORMA-20971,655
7,NORMA-21220,656
7,NORMA-1471,657
7,NORMA-19267,658
7,NORMA-19003,659
7,NORMA-6140,660
7,NORMA-1534,661
7,NORMA-7386,662
7,NORMA-15561,663
7,NORMA-21228,664
7,NORMA-1663,665
7,NORMA-20163,666
7,NORMA-7113,667
7,NORMA-7222,668
7,NORMA-6948,669
7,NORMA-20797,670
7,NORMA-18501,671
7,NORMA-8435,672
7,NORMA-18574,673
7,NORMA-2269,674
7,NORMA-19750,675
7,NORMA-15542,676
7,NORMA-5421,677
7,NORMA-8028,678
7,NORMA-21163,679
7,NORMA-13323,680
7,NORMA-20055,681
7,NORMA-9382,682
7,NORMA-20082,683
7,NORMA-7225,684
7,NORMA-19039,685
7,NORMA-19387,686
7,NORMA-14239,687
7,NORMA-19178,688
7,NORMA-11655,689
7,NORMA-18825,690
7,NORMA-9724,691
7,NORMA-18734,692
7,NORMA-5925,693
7,NORMA-6318,694
7,NORMA-18500,695
7,NORMA-3201,696
7,NORMA-18682,697
7,NORMA-61,698
7,NORMA-29005,699
7,NORMA-18690,700
7,NORMA-4425,701
7,NORMA-21418,702
7,NORMA-19617,703
7,NORMA-18992,704
7,NORMA-1672,705
7,NORMA-27761,706
7,NORMA-18838,707
7,NORMA-6645,708
7,NORMA-19330,709
7,NORMA-19095,710
7,NORMA-19574,711
7,NORMA-20916,712
7,NORMA-6253,713
7,NORMA-11632,714
7,NORMA-21217,715
7,NORMA-19459,716
7,NORMA-2158,717
7,NORMA-21231,718
7,NORMA-18450,719
7,NORMA-18556,720
7,NORMA-21413,721
7,NORMA-17201,722
7,NORMA-19655,723
7,NORMA-19871,724
7,NORMA-6509,725
7,NORMA-11316,726
7,NORMA-18350,727
7,NORMA-20257,728
7,NORMA-14459,729
7,NORMA-838,730
7,NORMA-21522,731
7,NORMA-21584,732
7,NORMA-6627,733
7,NORMA-20902,734
7,NORMA-7015,735
7,NORMA-15237,736
7,NORMA-11739,737
7,NORMA-28181,738
7,NORMA-31904,739
7,NORMA-15004,740
7,NORMA-1024,741
7,NORMA-21012,742
7,NORMA-18214,743
7,NORMA-3281,744
7,NORMA-11472,745
7,NORMA-20167,746
7,NORMA-21150,747
7,NORMA-21791,748
7,NORMA-21114,749
7,NORMA-18303,750
7,NORMA-21262,751
7,NORMA-21702,752
7,NORMA-19351,753
7,NORMA-20053,754
7,NORMA-6957,755
7,NORMA-228,756
7,NORMA-1613,757
7,NORMA-6962,758
7,NORMA-19028,759
7,NORMA-20236,760
7,NORMA-21608,761
7,NORMA-20632,762
7,NORMA-13508,763
7,NORMA-21382,764
7,NORMA-11599,765
7,NORMA-14937,766
7,NORMA-20190,767
7,NORMA-20602,768
7,NORMA-6084,769
7,NORMA-20157,770
7,NORMA-19704,771
7,NORMA-13158,772
7,NORMA-20189,773
7,NORMA-19724,774
7,NORMA-21252,775
7,NORMA-18724,776
7,NORMA-2536,777
7,NORMA-19205,778
7,NORMA-13469,779
7,NORMA-18958,780
7,NORMA-21544,781
7,NORMA-19444,782
7,NORMA-21431,783
7,NORMA-20300,784
7,NORMA-15802,785
7,NORMA-11476,786
7,NORMA-19621,787
7,NORMA-7011,788
7,NORMA-462,789
7,NORMA-19667,790
7,NORMA-15581,791
7,NORMA-20789,792
7,NORMA-16202,793
7,NORMA-28281,794
7,NORMA-18870,795
7,NORMA-20844,796
7,NORMA-19637,797
7,NORMA-19249,798
7,NORMA-21157,799
7,NORMA-21367,800
7,NORMA-21690,801
7,NORMA-20106,802
7,NORMA-19436,803
7,NORMA-6702,804
7,NORMA-21541,805
7,NORMA-19942,806
7,NORMA-18528,807
7,NORMA-20137,808
7,NORMA-4830,809
7,NORMA-3571,810
7,NORMA-21669,811
7,NORMA-19376,812
7,NORMA-19959,813
7,NORMA-4746,814
7,NORMA-21071,815
7,NORMA-20865,816
7,NORMA-5626,817
7,NORMA-18984,818
7,NORMA-4634,819
7,NORMA-19649,820
7,NORMA-20179,821
7,NORMA-27221,822
7,NORMA-3735,823
7,NORMA-19588,824
7,NORMA-19416,825
7,NORMA-21650,826
7,NORMA-21521,827
7,NORMA-19859,828
7,NORMA-20577,829
7,NORMA-18550,830
7,NORMA-21631,831
7,NORMA-21408,832
7,NORMA-18591,833
7,NORMA-9670,834
7,NORMA-9110,835
7,NORMA-7942,836
7,NORMA-19503,837
7,NORMA-20558,838
7,NORMA-18554,839
7,NORMA-19192,840
7,NORMA-21159,841
7,NORMA-23027,842
7,NORMA-19682,843
7,NORMA-20098,844
7,NORMA-20371,845
7,NORMA-24102,846
7,NORMA-18403,847
7,NORMA-20253,848
7,NORMA-19777,849
7,NORMA-20172,850
7,NORMA-21028,851
7,NORMA-20758,852
7,NORMA-20290,853
7,NORMA-21147,854
7,NORMA-12657,855
7,NORMA-21279,856
7,NORMA-21264,857
7,NORMA-21293,858
7,NORMA-18345,859
7,NORMA-21419,860
7,NORMA-6316,861
7,NORMA-19391,862
7,NORMA-6181,863
7,NORMA-5536,864
7,NORMA-7110,865
7,NORMA-19174,866
7,NORMA-18205,867
7,NORMA-19092,868
7,NORMA-21659,869
7,NORMA-6630,870
7,NORMA-20265,871
7,NORMA-20707,872
7,NORMA-18412,873
7,NORMA-11605,874
7,NORMA-229,875
7,NORMA-18952,876
7,NORMA-20831,877
7,NORMA-19845,878
7,NORMA-6343,879
7,NORMA-19842,880
7,NORMA-6967,881
7,NORMA-3979,882
7,NORMA-4091,883
7,NORMA-19337,884
7,NORMA-21626,885
7,NORMA-19096,886
7,NORMA-27022,887
7,NORMA-5170,888
7,NORMA-20561,889
7,NORMA-11864,890
7,NORMA-20241,891
7,NORMA-21496,892
7,NORMA-21550,893
7,NORMA-20238,894
7,NORMA-21461,895
7,NORMA-6819,896
7,NORMA-19515,897
7,NORMA-6820,898
7,NORMA-20941,899
7,NORMA-18549,900
7,NORMA-6970,901
7,NORMA-19939,902
7,NORMA-19431,903
7,NORMA-21507,904
7,NORMA-10119,905
7,NORMA-21523,906
7,NORMA-6752,907
7,NORMA-10044,908
7,NORMA-10029,909
7,NORMA-9871,910
7,NORMA-19715,911
7,NORMA-18653,912
7,NORMA-20183,913
7,NORMA-20557,914
7,NORMA-10821,915
7,NORMA-22561,916
7,NORMA-21126,917
7,NORMA-19729,918
7,NORMA-10200,919
7,NORMA-9888,920
7,NORMA-18446,921
7,NORMA-19155,922
7,NORMA-21437,923
7,NORMA-8458,924
7,NORMA-10878,925
7,NORMA-18436,926
7,NORMA-7953,927
7,NORMA-10375,928
7,NORMA-4909,929
7,NORMA-7027,930
7,NORMA-10629,931
7,NORMA-19212,932
7,NORMA-20407,933
7,NORMA-20398,934
7,NORMA-21783,935
7,NORMA-20087,936
7,NORMA-6344,937
7,NORMA-21739,938
7,NORMA-20389,939
7,NORMA-6410,940
7,NORMA-25902,941
7,NORMA-18654,942
7,NORMA-6092,943
7,NORMA-20488,944
7,NORMA-21776,945
7,NORMA-20995,946
7,NORMA-21107,947
7,NORMA-20490,948
7,NORMA-20444,949
7,NORMA-21519,950
7,NORMA-20460,951
7,NORMA-19152,952
7,NORMA-19021,953
7,NORMA-20425,954
7,NORMA-20144,955
7,NORMA-20482,956
7,NORMA-19582,957
7,NORMA-20465,958
7,NORMA-20382,959
7,NORMA-19181,960
7,NORMA-20474,961
7,NORMA-19081,962
7,NORMA-18942,963
7,NORMA-19062,964
7,NORMA-19472,965
7,NORMA-15964,966
7,NORMA-21315,967
7,NORMA-21525,968
7,NORMA-6395,969
7,NORMA-13796,970
7,NORMA-13075,971
7,NORMA-14752,972
7,NORMA-13267,973
7,NORMA-13670,974
7,NORMA-12875,975
7,NORMA-12876,976
7,NORMA-20503,977
7,NORMA-13882,978
7,NORMA-14380,979
7,NORMA-12433,980
7,NORMA-13094,981
7,NORMA-21240,982
7,NORMA-18649,983
7,NORMA-2058,984
7,NORMA-18720,985
7,NORMA-20130,986
7,NORMA-21688,987
7,NORMA-24561,988
7,NORMA-19734,989
7,NORMA-27101,990
7,NORMA-21456,991
7,NORMA-18967,992
7,NORMA-21434,993
7,NORMA-21474,994
7,NORMA-21488,995
7,NORMA-21698,996
7,NORMA-21351,997
7,NORMA-819,998
7,NORMA-19745,999
7,NORMA-19291,1000
8,NORMA-20439,1
8,NORMA-20422,2
8,NORMA-18884,3
8,NORMA-20513,4
8,NORMA-20514,5
8,NORMA-21444,6
8,NORMA-21524,7
8,NORMA-18873,8
8,NORMA-20183,9
8,NORMA-18958,10
8,NORMA-21369,11
8,NORMA-20189,12
8,NORMA-19724,13
8,NORMA-19883,14
8,NORMA-20316,15
8,NORMA-20517,16
8,NORMA-20428,17
8,NORMA-20192,18
8,NORMA-20989,19
8,NORMA-21361,20
8,NORMA-21437,21
8,NORMA-20426,22
8,NORMA-18430,23
8,NORMA-12982,24
8,NORMA-21269,25
8,NORMA-15861,26
8,NORMA-20139,27
8,NORMA-12776,28
8,NORMA-20468,29
8,NORMA-21290,30
8,NORMA-18994,31
8,NORMA-19874,32
8,NORMA-21414,33
8,NORMA-18996,34
8,NORMA-20812,35
8,NORMA-20677,36
8,NORMA-21189,37
8,NORMA-21717,38
8,NORMA-20443,39
8,NORMA-21197,40
8,NORMA-19371,41
8,NORMA-18970,42
8,NORMA-19206,43
8,NORMA-20790,44
8,NORMA-19622,45
8,NORMA-20465,46
8,NORMA-9870,47
8,NORMA-19406,48
8,NORMA-20105,49
8,NORMA-21459,50
8,NORMA-20225,51
8,NORMA-21535,52
8,NORMA-19733,53
8,NORMA-480,54
8,NORMA-18211,55
8,NORMA-19003,56
8,NORMA-21784,57
8,NORMA-20206,58
8,NORMA-18574,59
8,NORMA-18562,60
8,NORMA-20616,61
8,NORMA-21649,62
8,NORMA-18287,63
8,NORMA-21787,64
8,NORMA-21561,65
8,NORMA-21705,66
8,NORMA-19437,67
8,NORMA-18978,68
8,NORMA-159,69
8,NORMA-18767,70
8,NORMA-18682,71
8,NORMA-8027,72
8,NORMA-20901,73
8,NORMA-19674,74
8,NORMA-20182,75
8,NORMA-20761,76
8,NORMA-19645,77
8,NORMA-19787,78
8,NORMA-19799,79
8,NORMA-19124,80
8,NORMA-20754,81
8,NORMA-21507,82
8,NORMA-21277,83
8,NORMA-19152,84
8,NORMA-20557,85
8,NORMA-19842,86
8,NORMA-20922,87
8,NORMA-20101,88
8,NORMA-21637,89
8,NORMA-21205,90
8,NORMA-19570,91
8,NORMA-19928,92
8,NORMA-20295,93
8,NORMA-19279,94
8,NORMA-21238,95
8,NORMA-2555,96
8,NORMA-6199,97
8,NORMA-18368,98
8,NORMA-20222,99
8,NORMA-21305,100
8,NORMA-21509,101
8,NORMA-20962,102
8,NORMA-21725,103
8,NORMA-20385,104
8,NORMA-18294,105
8,NORMA-19403,106
8,NORMA-20460,107
8,NORMA-18999,108
8,NORMA-20007,109
8,NORMA-21004,110
8,NORMA-19192,111
8,NORMA-20359,112
8,NORMA-20129,113
8,NORMA-18463,114
8,NORMA-18401,115
8,NORMA-21272,116
8,NORMA-20068,117
8,NORMA-21029,118
8,NORMA-3181,119
8,NORMA-21404,120
8,NORMA-21663,121
8,NORMA-19727,122
8,NORMA-20602,123
8,NORMA-21710,124
8,NORMA-14508,125
8,NORMA-20800,126
8,NORMA-21203,127
8,NORMA-19863,128
8,NORMA-20915,129
8,NORMA-19629,130
8,NORMA-20731,131
8,NORMA-20924,132
8,NORMA-19583,133
8,NORMA-21537,134
8,NORMA-19947,135
8,NORMA-20108,136
8,NORMA-13772,137
8,NORMA-20778,138
8,NORMA-21225,139
8,NORMA-21170,140
8,NORMA-18668,141
8,NORMA-658,142
8,NORMA-21676,143
8,NORMA-19606,144
8,NORMA-21366,145
8,NORMA-13265,146
8,NORMA-20630,147
8,NORMA-6203,148
8,NORMA-13671,149
8,NORMA-20197,150
8,NORMA-23341,151
8,NORMA-20856,152
8,NORMA-8938,153
8,NORMA-12630,154
8,NORMA-20423,155
8,NORMA-20738,156
8,NORMA-28802,157
8,NORMA-12858,158
8,NORMA-10797,159
8,NORMA-18249,160
8,NORMA-27550,161
8,NORMA-14542,162
8,NORMA-19219,163
8,NORMA-18386,164
8,NORMA-9457,165
8,NORMA-19444,166
8,NORMA-3571,167
8,NORMA-25964,168
8,NORMA-15208,169
8,NORMA-20845,170
8,NORMA-18319,171
8,NORMA-21156,172
8,NORMA-21052,173
8,NORMA-20692,174
8,NORMA-14099,175
8,NORMA-20072,176
8,NORMA-19471,177
8,NORMA-21110,178
8,NORMA-5421,179
8,NORMA-21418,180
8,NORMA-20405,181
8,NORMA-21152,182
8,NORMA-10865,183
8,NORMA-9358,184
8,NORMA-15045,185
8,NORMA-23682,186
8,NORMA-21359,187
8,NORMA-18858,188
8,NORMA-19365,189
8,NORMA-20258,190
8,NORMA-23361,191
8,NORMA-6521,192
8,NORMA-21638,193
8,NORMA-20205,194
8,NORMA-14501,195
8,NORMA-4710,196
8,NORMA-14345,197
8,NORMA-15027,198
8,NORMA-20870,199
8,NORMA-23881,200
8,NORMA-20171,201
8,NORMA-14113,202
8,NORMA-5381,203
8,NORMA-21747,204
8,NORMA-13995,205
8,NORMA-20474,206
8,NORMA-21578,207
8,NORMA-10123,208
8,NORMA-18653,209
8,NORMA-20447,210
8,NORMA-21332,211
8,NORMA-19977,212
8,NORMA-19797,213
8,NORMA-19182,214
8,NORMA-21390,215
8,NORMA-13056,216
8,NORMA-3735,217
8,NORMA-20188,218
8,NORMA-20729,219
8,NORMA-4792,220
8,NORMA-4500,221
8,NORMA-19337,222
8,NORMA-4634,223
8,NORMA-27687,224
8,NORMA-12900,225
8,NORMA-12901,226
8,NORMA-21295,227
8,NORMA-834,228
8,NORMA-18962,229
8,NORMA-17281,230
8,NORMA-778,231
8,NORMA-22001,232
8,NORMA-20185,233
8,NORMA-19150,234
8,NORMA-20396,235
8,NORMA-21286,236
8,NORMA-3966,237
8,NORMA-20239,238
8,NORMA-20397,239
8,NORMA-13519,240
8,NORMA-20144,241
8,NORMA-19240,242
8,NORMA-7651,243
8,NORMA-13229,244
8,NORMA-4091,245
8,NORMA-23027,246
8,NORMA-20374,247
8,NORMA-19609,248
8,NORMA-21477,249
8,NORMA-21586,250
8,NORMA-11599,251
8,NORMA-24102,252
8,NORMA-4538,253
8,NORMA-15465,254
8,NORMA-20199,255
8,NORMA-21432,256
8,NORMA-15427,257
8,NORMA-21641,258
8,NORMA-19223,259
8,NORMA-18456,260
8,NORMA-21065,261
8,NORMA-18201,262
8,NORMA-21423,263
8,NORMA-21746,264
8,NORMA-19174,265
8,NORMA-19822,266
8,NORMA-26003,267
8,NORMA-19330,268
8,NORMA-9823,269
8,NORMA-20483,270
8,NORMA-20626,271
8,NORMA-18954,272
8,NORMA-19245,273
8,NORMA-21650,274
8,NORMA-21761,275
8,NORMA-19712,276
8,NORMA-7384,277
8,NORMA-21003,278
8,NORMA-21367,279
8,NORMA-18906,280
8,NORMA-18276,281
8,NORMA-19859,282
8,NORMA-21608,283
8,NORMA-21344,284
8,NORMA-6509,285
8,NORMA-20990,286
8,NORMA-21523,287
8,NORMA-21389,288
8,NORMA-207,289
8,NORMA-19751,290
8,NORMA-18974,291
8,NORMA-21443,292
8,NORMA-20382,293
8,NORMA-19969,294
8,NORMA-21224,295
8,NORMA-19374,296
8,NORMA-20561,297
8,NORMA-20854,298
8,NORMA-19942,299
8,NORMA-20238,300
8,NORMA-19081,301
8,NORMA-15028,302
8,NORMA-19691,303
8,NORMA-5008,304
8,NORMA-19526,305
8,NORMA-18971,306
8,NORMA-21217,307
8,NORMA-20873,308
8,NORMA-6753,309
8,NORMA-19574,310
8,NORMA-3638,311
8,NORMA-21046,312
8,NORMA-19941,313
8,NORMA-20452,314
8,NORMA-18474,315
8,NORMA-18915,316
8,NORMA-7110,317
8,NORMA-21291,318
8,NORMA-20172,319
8,NORMA-6075,320
8,NORMA-18293,321
8,NORMA-19845,322
8,NORMA-209,323
8,NORMA-19750,324
8,NORMA-18501,325
8,NORMA-21402,326
8,NORMA-19704,327
8,NORMA-19265,328
8,NORMA-211,329
8,NORMA-20421,330
8,NORMA-19788,331
8,NORMA-21253,332
8,NORMA-19519,333
8,NORMA-21116,334
8,NORMA-21279,335
8,NORMA-2269,336
8,NORMA-18654,337
8,NORMA-18419,338
8,NORMA-18424,339
8,NORMA-21687,340
8,NORMA-21147,341
8,NORMA-21636,342
8,NORMA-18624,343
8,NORMA-21752,344
8,NORMA-21241,345
8,NORMA-20169,346
8,NORMA-11711,347
8,NORMA-21192,348
8,NORMA-1567,349
8,NORMA-19225,350
8,NORMA-20210,351
8,NORMA-20429,352
8,NORMA-24941,353
8,NORMA-20096,354
8,NORMA-18545,355
8,NORMA-878,356
8,NORMA-20106,357
8,NORMA-21751,358
8,NORMA-20065,359
8,NORMA-21226,360
8,NORMA-18691,361
8,NORMA-20164,362
8,NORMA-4297,363
8,NORMA-18385,364
8,NORMA-19729,365
8,NORMA-19588,366
8,NORMA-4182,367
8,NORMA-21461,368
8,NORMA-18450,369
8,NORMA-21211,370
8,NORMA-21659,371
8,NORMA-20157,372
8,NORMA-20477,373
8,NORMA-19642,374
8,NORMA-19515,375
8,NORMA-21353,376
8,NORMA-18455,377
8,NORMA-20966,378
8,NORMA-4898,379
8,NORMA-20147,380
8,NORMA-143,381
8,NORMA-28561,382
8,NORMA-18356,383
8,NORMA-21462,384
8,NORMA-20848,385
8,NORMA-19968,386
8,NORMA-21228,387
8,NORMA-20981,388
8,NORMA-18595,389
8,NORMA-20612,390
8,NORMA-20887,391
8,NORMA-188,392
8,NORMA-12174,393
8,NORMA-13719,394
8,NORMA-19067,395
8,NORMA-18727,396
8,NORMA-20201,397
8,NORMA-6701,398
8,NORMA-18739,399
8,NORMA-21354,400
8,NORMA-18613,401
8,NORMA-18310,402
8,NORMA-18792,403
8,NORMA-21054,404
8,NORMA-19360,405
8,NORMA-19487,406
8,NORMA-18512,407
8,NORMA-18488,408
8,NORMA-208,409
8,NORMA-18972,410
8,NORMA-19263,411
8,NORMA-19157,412
8,NORMA-21287,413
8,NORMA-18602,414
8,NORMA-18849,415
8,NORMA-10034,416
8,NORMA-4318,417
8,NORMA-19829,418
8,NORMA-19493,419
8,NORMA-20446,420
8,NORMA-16202,421
8,NORMA-12080,422
8,NORMA-14876,423
8,NORMA-25542,424
8,NORMA-11000,425
8,NORMA-19708,426
8,NORMA-21174,427
8,NORMA-1422,428
8,NORMA-14937,429
8,NORMA-18956,430
8,NORMA-7241,431
8,NORMA-18626,432
8,NORMA-21577,433
8,NORMA-19053,434
8,NORMA-21557,435
8,NORMA-20926,436
8,NORMA-11794,437
8,NORMA-7390,438
8,NORMA-18339,439
8,NORMA-13158,440
8,NORMA-75,441
8,NORMA-20398,442
8,NORMA-21231,443
8,NORMA-6995,444
8,NORMA-19375,445
8,NORMA-21125,446
8,NORMA-21606,447
8,NORMA-19151,448
8,NORMA-18949,449
8,NORMA-21602,450
8,NORMA-6993,451
8,NORMA-20646,452
8,NORMA-6505,453
8,NORMA-5431,454
8,NORMA-11505,455
8,NORMA-25122,456
8,NORMA-19027,457
8,NORMA-7011,458
8,NORMA-18775,459
8,NORMA-18605,460
8,NORMA-13469,461
8,NORMA-13801,462
8,NORMA-12024,463
8,NORMA-27521,464
8,NORMA-12032,465
8,NORMA-11901,466
8,NORMA-19096,467
8,NORMA-14974,468
8,NORMA-14703,469
8,NORMA-14587,470
8,NORMA-15134,471
8,NORMA-6819,472
8,NORMA-11863,473
8,NORMA-22241,474
8,NORMA-588,475
8,NORMA-587,476
8,NORMA-25902,477
8,NORMA-10931,478
8,NORMA-19592,479
8,NORMA-6560,480
8,NORMA-13903,481
8,NORMA-20645,482
8,NORMA-19575,483
8,NORMA-20268,484
8,NORMA-6820,485
8,NORMA-27101,486
8,NORMA-19267,487
8,NORMA-21626,488
8,NORMA-19866,489
8,NORMA-11803,490
8,NORMA-18959,491
8,NORMA-27501,492
8,NORMA-18341,493
8,NORMA-20231,494
8,NORMA-21448,495
8,NORMA-12837,496
8,NORMA-5536,497
8,NORMA-13004,498
8,NORMA-10745,499
8,NORMA-10590,500
8,NORMA-21534,501
8,NORMA-7619,502
8,NORMA-19014,503
8,NORMA-10534,504
8,NORMA-20159,505
8,NORMA-11292,506
8,NORMA-20784,507
8,NORMA-26163,508
8,NORMA-18560,509
8,NORMA-19891,510
8,NORMA-21576,511
8,NORMA-10347,512
8,NORMA-21601,513
8,NORMA-25202,514
8,NORMA-21503,515
8,NORMA-18663,516
8,NORMA-2125,517
8,NORMA-18269,518
8,NORMA-15239,519
8,NORMA-19709,520
8,NORMA-18875,521
8,NORMA-21352,522
8,NORMA-6451,523
8,NORMA-21501,524
8,NORMA-20807,525
8,NORMA-19627,526
8,NORMA-18725,527
8,NORMA-18549,528
8,NORMA-10018,529
8,NORMA-20512,530
8,NORMA-14629,531
8,NORMA-10226,532
8,NORMA-595,533
8,NORMA-19183,534
8,NORMA-6970,535
8,NORMA-20666,536
8,NORMA-21550,537
8,NORMA-21175,538
8,NORMA-9681,539
8,NORMA-20909,540
8,NORMA-21544,541
8,NORMA-9936,542
8,NORMA-21689,543
8,NORMA-7149,544
8,NORMA-9067,545
8,NORMA-12016,546
8,NORMA-21297,547
8,NORMA-6448,548
8,NORMA-18917,549
8,NORMA-21580,550
8,NORMA-19862,551
8,NORMA-20772,552
8,NORMA-15662,553
8,NORMA-20407,554
8,NORMA-28466,555
8,NORMA-8575,556
8,NORMA-20184,557
8,NORMA-20269,558
8,NORMA-28361,559
8,NORMA-20917,560
8,NORMA-19278,561
8,NORMA-19764,562
8,NORMA-26281,563
8,NORMA-18255,564
8,NORMA-19249,565
8,NORMA-21163,566
8,NORMA-20445,567
8,NORMA-18381,568
8,NORMA-11769,569
8,NORMA-20530,570
8,NORMA-6291,571
8,NORMA-20659,572
8,NORMA-21288,573
8,NORMA-217,574
8,NORMA-19309,575
8,NORMA-28623,576
8,NORMA-19481,577
8,NORMA-18832,578
8,NORMA-27761,579
8,NORMA-19615,580
8,NORMA-2336,581
8,NORMA-21000,582
8,NORMA-12820,583
8,NORMA-20179,584
8,NORMA-19092,585
8,NORMA-20804,586
8,NORMA-20724,587
8,NORMA-20841,588
8,NORMA-19905,589
8,NORMA-20740,590
8,NORMA-19282,591
8,NORMA-11728,592
8,NORMA-6256,593
8,NORMA-3656,594
8,NORMA-20125,595
8,NORMA-27342,596
8,NORMA-18266,597
8,NORMA-20571,598
8,NORMA-16462,599
8,NORMA-18818,600
8,NORMA-10219,601
8,NORMA-15347,602
8,NORMA-20955,603
8,NORMA-20448,604
8,NORMA-8522,605
8,NORMA-4820,606
8,NORMA-20117,607
8,NORMA-21440,608
8,NORMA-11859,609
8,NORMA-20721,610
8,NORMA-20520,611
8,NORMA-10538,612
8,NORMA-18925,613
8,NORMA-9446,614
8,NORMA-5735,615
8,NORMA-18687,616
8,NORMA-20501,617
8,NORMA-20554,618
8,NORMA-18934,619
8,NORMA-20706,620
8,NORMA-18935,621
8,NORMA-20314,622
8,NORMA-23301,623
8,NORMA-18648,624
8,NORMA-25761,625
8,NORMA-20389,626
8,NORMA-14812,627
8,NORMA-18937,628
8,NORMA-19738,629
8,NORMA-2337,630
8,NORMA-20138,631
8,NORMA-4701,632
8,NORMA-17161,633
8,NORMA-20880,634
8,NORMA-19826,635
8,NORMA-19068,636
8,NORMA-20992,637
8,NORMA-7012,638
8,NORMA-18366,639
8,NORMA-19818,640
8,NORMA-4171,641
8,NORMA-19181,642
8,NORMA-20442,643
8,NORMA-15211,644
8,NORMA-6881,645
8,NORMA-12101,646
8,NORMA-20028,647
8,NORMA-20321,648
8,NORMA-6595,649
8,NORMA-20329,650
8,NORMA-20726,651
8,NORMA-13835,652
8,NORMA-20949,653
8,NORMA-14666,654
8,NORMA-2071,655
8,NORMA-14856,656
8,NORMA-20334,657
8,NORMA-18490,658
8,NORMA-9455,659
8,NORMA-3642,660
8,NORMA-20119,661
8,NORMA-18789,662
8,NORMA-15246,663
8,NORMA-8268,664
8,NORMA-9078,665
8,NORMA-20340,666
8,NORMA-20081,667
8,NORMA-10429,668
8,NORMA-21522,669
8,NORMA-29186,670
8,NORMA-4549,671
8,NORMA-8161,672
8,NORMA-12067,673
8,NORMA-13402,674
8,NORMA-9072,675
8,NORMA-18633,676
8,NORMA-21720,677
8,NORMA-20234,678
8,NORMA-21169,679
8,NORMA-18995,680
8,NORMA-9705,681
8,NORMA-19455,682
8,NORMA-4818,683
8,NORMA-15150,684
8,NORMA-6747,685
8,NORMA-6880,686
8,NORMA-3503,687
8,NORMA-20349,688
8,NORMA-18991,689
8,NORMA-19696,690
8,NORMA-9928,691
8,NORMA-18316,692
8,NORMA-19789,693
8,NORMA-5566,694
8,NORMA-21392,695
8,NORMA-19940,696
8,NORMA-20950,697
8,NORMA-6643,698
8,NORMA-20889,699
8,NORMA-19205,700
8,NORMA-9740,701
8,NORMA-21449,702
8,NORMA-21236,703
8,NORMA-13912,704
8,NORMA-20223,705
8,NORMA-21126,706
8,NORMA-18627,707
8,NORMA-18572,708
8,NORMA-21181,709
8,NORMA-9739,710
8,NORMA-18900,711
8,NORMA-19828,712
8,NORMA-8409,713
8,NORMA-19976,714
8,NORMA-21166,715
8,NORMA-18303,716
8,NORMA-13883,717
8,NORMA-14429,718
8,NORMA-9856,719
8,NORMA-20647,720
8,NORMA-10247,721
8,NORMA-4052,722
8,NORMA-19387,723
8,NORMA-19118,724
8,NORMA-20858,725
8,NORMA-19975,726
8,NORMA-19021,727
8,NORMA-14208,728
8,NORMA-11352,729
8,NORMA-19973,730
8,NORMA-20217,731
8,NORMA-15237,732
8,NORMA-13241,733
8,NORMA-19974,734
8,NORMA-18436,735
8,NORMA-19358,736
8,NORMA-19785,737
8,NORMA-21016,738
8,NORMA-18650,739
8,NORMA-9332,740
8,NORMA-20187,741
8,NORMA-1637,742
8,NORMA-24081,743
8,NORMA-9375,744
8,NORMA-3484,745
8,NORMA-4736,746
8,NORMA-7910,747
8,NORMA-3975,748
8,NORMA-20802,749
8,NORMA-462,750
8,NORMA-21301,751
8,NORMA-21706,752
8,NORMA-23441,753
8,NORMA-19634,754
8,NORMA-20567,755
8,NORMA-6716,756
8,NORMA-13664,757
8,NORMA-8840,758
8,NORMA-19784,759
8,NORMA-21080,760
8,NORMA-28821,761
8,NORMA-22262,762
8,NORMA-5552,763
8,NORMA-7993,764
8,NORMA-20803,765
8,NORMA-10380,766
8,NORMA-19110,767
8,NORMA-19323,768
8,NORMA-12161,769
8,NORMA-21496,770
8,NORMA-19895,771
8,NORMA-10296,772
8,NORMA-9794,773
8,NORMA-10788,774
8,NORMA-20491,775
8,NORMA-19939,776
8,NORMA-26241,777
8,NORMA-8800,778
8,NORMA-9862,779
8,NORMA-20100,780
8,NORMA-20541,781
8,NORMA-19925,782
8,NORMA-10668,783
8,NORMA-10017,784
8,NORMA-18955,785
8,NORMA-10565,786
8,NORMA-9738,787
8,NORMA-20545,788
8,NORMA-11797,789
8,NORMA-22643,790
8,NORMA-6655,791
8,NORMA-21669,792
8,NORMA-21755,793
8,NORMA-20815,794
8,NORMA-18243,795
8,NORMA-20835,796
8,NORMA-9737,797
8,NORMA-9861,798
8,NORMA-20278,799
8,NORMA-19981,800
8,NORMA-20053,801
8,NORMA-6599,802
8,NORMA-10610,803
8,NORMA-10435,804
8,NORMA-10529,805
8,NORMA-5712,806
8,NORMA-18696,807
8,NORMA-21623,808
8,NORMA-10434,809
8,NORMA-5812,810
8,NORMA-20190,811
8,NORMA-6383,812
8,NORMA-9855,813
8,NORMA-4074,814
8,NORMA-7097,815
8,NORMA-19631,816
8,NORMA-18647,817
8,NORMA-18432,818
8,NORMA-18723,819
8,NORMA-17061,820
8,NORMA-18756,821
8,NORMA-14965,822
8,NORMA-8156,823
8,NORMA-20763,824
8,NORMA-22822,825
8,NORMA-729,826
8,NORMA-18440,827
8,NORMA-20300,828
8,NORMA-20627,829
8,NORMA-20538,830
8,NORMA-5535,831
8,NORMA-8158,832
8,NORMA-20599,833
8,NORMA-1144,834
8,NORMA-18952,835
8,NORMA-9382,836
8,NORMA-20519,837
8,NORMA-15339,838
8,NORMA-10669,839
8,NORMA-19623,840
8,NORMA-21345,841
8,NORMA-18357,842
8,NORMA-6326,843
8,NORMA-19893,844
8,NORMA-19049,845
8,NORMA-5694,846
8,NORMA-20589,847
8,NORMA-9834,848
8,NORMA-6185,849
8,NORMA-8537,850
8,NORMA-11482,851
8,NORMA-11618,852
8,NORMA-11579,853
8,NORMA-6378,854
8,NORMA-8384,855
8,NORMA-13931,856
8,NORMA-19232,857
8,NORMA-20985,858
8,NORMA-20609,859
8,NORMA-1740,860
8,NORMA-20388,861
8,NORMA-27925,862
8,NORMA-23941,863
8,NORMA-20615,864
8,NORMA-20253,865
8,NORMA-20085,866
8,NORMA-18910,867
8,NORMA-18980,868
8,NORMA-21256,869
8,NORMA-19655,870
8,NORMA-19134,871
8,NORMA-12777,872
8,NORMA-5968,873
8,NORMA-6439,874
8,NORMA-19436,875
8,NORMA-18855,876
8,NORMA-17201,877
8,NORMA-28961,878
8,NORMA-18812,879
8,NORMA-9679,880
8,NORMA-19949,881
8,NORMA-20204,882
8,NORMA-12771,883
8,NORMA-26701,884
8,NORMA-9890,885
8,NORMA-13458,886
8,NORMA-6598,887
8,NORMA-21721,888
8,NORMA-27121,889
8,NORMA-13547,890
8,NORMA-11414,891
8,NORMA-20104,892
8,NORMA-19187,893
8,NORMA-14089,894
8,NORMA-19523,895
8,NORMA-13094,896
8,NORMA-11814,897
8,NORMA-21206,898
8,NORMA-18282,899
8,NORMA-19514,900
8,NORMA-19408,901
8,NORMA-13365,902
8,NORMA-6314,903
8,NORMA-13202,904
8,NORMA-13918,905
8,NORMA-21239,906
8,NORMA-27924,907
8,NORMA-19755,908
8,NORMA-20515,909
8,NORMA-19683,910
8,NORMA-12162,911
8,NORMA-18336,912
8,NORMA-3824,913
8,NORMA-21264,914
8,NORMA-20317,915
8,NORMA-11601,916
8,NORMA-20252,917
8,NORMA-18686,918
8,NORMA-20482,919
8,NORMA-4944,920
8,NORMA-18359,921
8,NORMA-12029,922
8,NORMA-7556,923
8,NORMA-6242,924
8,NORMA-19221,925
8,NORMA-5134,926
8,NORMA-984,927
8,NORMA-21356,928
8,NORMA-6629,929
8,NORMA-20121,930
8,NORMA-18880,931
8,NORMA-21533,932
8,NORMA-21124,933
8,NORMA-19459,934
8,NORMA-20684,935
8,NORMA-1421,936
8,NORMA-19898,937
8,NORMA-20690,938
8,NORMA-20890,939
8,NORMA-21790,940
8,NORMA-19804,941
8,NORMA-18409,942
8,NORMA-20911,943
8,NORMA-20167,944
8,NORMA-581,945
8,NORMA-19805,946
8,NORMA-20110,947
8,NORMA-20174,948
8,NORMA-11913,949
8,NORMA-21381,950
8,NORMA-21351,951
8,NORMA-18854,952
8,NORMA-19621,953
8,NORMA-20235,954
8,NORMA-20839,955
8,NORMA-18335,956
8,NORMA-1352,957
8,NORMA-19009,958
8,NORMA-18748,959
8,NORMA-18831,960
8,NORMA-18720,961
8,NORMA-18515,962
8,NORMA-19430,963
8,NORMA-18577,964
8,NORMA-21564,965
8,NORMA-14725,966
8,NORMA-19769,967
8,NORMA-18989,968
8,NORMA-18967,969
8,NORMA-19580,970
8,NORMA-996,971
8,NORMA-13470,972
8,NORMA-19164,973
8,NORMA-19194,974
8,NORMA-2543,975
8,NORMA-21766,976
8,NORMA-210,977
8,NORMA-20581,978
8,NORMA-12685,979
8,NORMA-18721,980
8,NORMA-20682,981
8,NORMA-20089,982
8,NORMA-19530,983
8,NORMA-18961,984
8,NORMA-27564,985
8,NORMA-11515,986
8,NORMA-12105,987
8,NORMA-21184,988
8,NORMA-7581,989
8,NORMA-21229,990
8,NORMA-23521,991
8,NORMA-19652,992
8,NORMA-19871,993
8,NORMA-807,994
8,NORMA-19945,995
8,NORMA-19714,996
8,NORMA-19617,997
8,NORMA-20851,998
8,NORMA-19800,999
8,NORMA-21738,1000
9,NORMA-20302,1
9,NORMA-21120,2
9,NORMA-18871,3
9,NORMA-3966,4
9,NORMA-19477,5
9,NORMA-21499,6
9,NORMA-20144,7
9,NORMA-19512,8
9,NORMA-18351,9
9,NORMA-18271,10
9,NORMA-21274,11
9,NORMA-19648,12
9,NORMA-21764,13
9,NORMA-20073,14
9,NORMA-18730,15
9,NORMA-18604,16
9,NORMA-19811,17
9,NORMA-19167,18
9,NORMA-13797,19
9,NORMA-19639,20
9,NORMA-5913,21
9,NORMA-21409,22
9,NORMA-19969,23
9,NORMA-20108,24
9,NORMA-18427,25
9,NORMA-19186,26
9,NORMA-6887,27
9,NORMA-19939,28
9,NORMA-21697,29
9,NORMA-21283,30
9,NORMA-18280,31
9,NORMA-3503,32
9,NORMA-20117,33
9,NORMA-18748,34
9,NORMA-20536,35
9,NORMA-21021,36
9,NORMA-18363,37
9,NORMA-20704,38
9,NORMA-19012,39
9,NORMA-6489,40
9,NORMA-4195,41
9,NORMA-4102,42
9,NORMA-3541,43
9,NORMA-18299,44
9,NORMA-18466,45
9,NORMA-21389,46
9,NORMA-18577,47
9,NORMA-20138,48
9,NORMA-19088,49
9,NORMA-15029,50
9,NORMA-19022,51
9,NORMA-9959,52
9,NORMA-8269,53
9,NORMA-6222,54
9,NORMA-4849,55
9,NORMA-15339,56
9,NORMA-18240,57
9,NORMA-18906,58
9,NORMA-15167,59
9,NORMA-21408,60
9,NORMA-6076,61
9,NORMA-20056,62
9,NORMA-14746,63
9,NORMA-5340,64
9,NORMA-6347,65
9,NORMA-19503,66
9,NORMA-27364,67
9,NORMA-9824,68
9,NORMA-9597,69
9,NORMA-18456,70
9,NORMA-19391,71
9,NORMA-21197,72
9,NORMA-19426,73
9,NORMA-20730,74
9,NORMA-20541,75
9,NORMA-20545,76
9,NORMA-19039,77
9,NORMA-18700,78
9,NORMA-21526,79
9,NORMA-13746,80
9,NORMA-14828,81
9,NORMA-13094,82
9,NORMA-11443,83
9,NORMA-18884,84
9,NORMA-15396,85
9,NORMA-27365,86
9,NORMA-12613,87
9,NORMA-21420,88
9,NORMA-13789,89
9,NORMA-20079,90
9,NORMA-4080,91
9,NORMA-21140,92
9,NORMA-18284,93
9,NORMA-18950,94
9,NORMA-19351,95
9,NORMA-19459,96
9,NORMA-21065,97
9,NORMA-20955,98
9,NORMA-20538,99
9,NORMA-19251,100
9,NORMA-18781,101
9,NORMA-18605,102
9,NORMA-19553,103
9,NORMA-20377,104
9,NORMA-18474,105
9,NORMA-21281,106
9,NORMA-19670,107
9,NORMA-18745,108
9,NORMA-19442,109
9,NORMA-8028,110
9,NORMA-14474,111
9,NORMA-23101,112
9,NORMA-19794,113
9,NORMA-19844,114
9,NORMA-19180,115
9,NORMA-18793,116
9,NORMA-21649,117
9,NORMA-18450,118
9,NORMA-21402,119
9,NORMA-18455,120
9,NORMA-6948,121
9,NORMA-7387,122
9,NORMA-21651,123
9,NORMA-6736,124
9,NORMA-14724,125
9,NORMA-21774,126
9,NORMA-14709,127
9,NORMA-19685,128
9,NORMA-3767,129
9,NORMA-18221,130
9,NORMA-19925,131
9,NORMA-11356,132
9,NORMA-12415,133
9,NORMA-8706,134
9,NORMA-12923,135
9,NORMA-13124,136
9,NORMA-19979,137
9,NORMA-19702,138
9,NORMA-21773,139
9,NORMA-19447,140
9,NORMA-21113,141
9,NORMA-12733,142
9,NORMA-13308,143
9,NORMA-18663,144
9,NORMA-23361,145
9,NORMA-4786,146
9,NORMA-21005,147
9,NORMA-18445,148
9,NORMA-19302,149
9,NORMA-13918,150
9,NORMA-20349,151
9,NORMA-21725,152
9,NORMA-18415,153
9,NORMA-26701,154
9,NORMA-13470,155
9,NORMA-18953,156
9,NORMA-18451,157
9,NORMA-3342,158
9,NORMA-27044,159
9,NORMA-20845,160
9,NORMA-3577,161
9,NORMA-5360,162
9,NORMA-21122,163
9,NORMA-21678,164
9,NORMA-18801,165
9,NORMA-11085,166
9,NORMA-8205,167
9,NORMA-5496,168
9,NORMA-19137,169
9,NORMA-21064,170
9,NORMA-20473,171
9,NORMA-18411,172
9,NORMA-14294,173
9,NORMA-20542,174
9,NORMA-19126,175
9,NORMA-18433,176
9,NORMA-21305,177
9,NORMA-19453,178
9,NORMA-21663,179
9,NORMA-21710,180
9,NORMA-19429,181
9,NORMA-18460,182
9,NORMA-18657,183
9,NORMA-2035,184
9,NORMA-1572,185
9,NORMA-21554,186
9,NORMA-19957,187
9,NORMA-18405,188
9,NORMA-13476,189
9,NORMA-18790,190
9,NORMA-20359,191
9,NORMA-28586,192
9,NORMA-29003,193
9,NORMA-20474,194
9,NORMA-23341,195
9,NORMA-21762,196
9,NORMA-5890,197
9,NORMA-21251,198
9,NORMA-4700,199
9,NORMA-21683,200
9,NORMA-20879,201
9,NORMA-19841,202
9,NORMA-23141,203
9,NORMA-21149,204
9,NORMA-28981,205
9,NORMA-21345,206
9,NORMA-21684,207
9,NORMA-21026,208
9,NORMA-19777,209
9,NORMA-20877,210
9,NORMA-20924,211
9,NORMA-19281,212
9,NORMA-5910,213
9,NORMA-20460,214
9,NORMA-5338,215
9,NORMA-19750,216
9,NORMA-19113,217
9,NORMA-7238,218
9,NORMA-2043,219
9,NORMA-15443,220
9,NORMA-2105,221
9,NORMA-20887,222
9,NORMA-18494,223
9,NORMA-2249,224
9,NORMA-2047,225
9,NORMA-2163,226
9,NORMA-2072,227
9,NORMA-19751,228
9,NORMA-8087,229
9,NORMA-19277,230
9,NORMA-2104,231
9,NORMA-13024,232
9,NORMA-20493,233
9,NORMA-19243,234
9,NORMA-4525,235
9,NORMA-18242,236
9,NORMA-19450,237
9,NORMA-8085,238
9,NORMA-8086,239
9,NORMA-10116,240
9,NORMA-9456,241
9,NORMA-18319,242
9,NORMA-19942,243
9,NORMA-11039,244
9,NORMA-18569,245
9,NORMA-21461,246
9,NORMA-19431,247
9,NORMA-8768,248
9,NORMA-18211,249
9,NORMA-21411,250
9,NORMA-21518,251
9,NORMA-3483,252
9,NORMA-21722,253
9,NORMA-19299,254
9,NORMA-19123,255
9,NORMA-19253,256
9,NORMA-5812,257
9,NORMA-6253,258
9,NORMA-21013,259
9,NORMA-24904,260
9,NORMA-18444,261
9,NORMA-20169,262
9,NORMA-4791,263
9,NORMA-21069,264
9,NORMA-20468,265
9,NORMA-20894,266
9,NORMA-20883,267
9,NORMA-4985,268
9,NORMA-8517,269
9,NORMA-7240,270
9,NORMA-18479,271
9,NORMA-25101,272
9,NORMA-19619,273
9,NORMA-8770,274
9,NORMA-5968,275
9,NORMA-19348,276
9,NORMA-21638,277
9,NORMA-23581,278
9,NORMA-20933,279
9,NORMA-20480,280
9,NORMA-21676,281
9,NORMA-10146,282
9,NORMA-18428,283
9,NORMA-18286,284
9,NORMA-6783,285
9,NORMA-12798,286
9,NORMA-19416,287
9,NORMA-13298,288
9,NORMA-20929,289
9,NORMA-7320,290
9,NORMA-9724,291
9,NORMA-20505,292
9,NORMA-13402,293
9,NORMA-20356,294
9,NORMA-10530,295
9,NORMA-19768,296
9,NORMA-19204,297
9,NORMA-19818,298
9,NORMA-21036,299
9,NORMA-18954,300
9,NORMA-3794,301
9,NORMA-20906,302
9,NORMA-19833,303
9,NORMA-19301,304
9,NORMA-19738,305
9,NORMA-20928,306
9,NORMA-5512,307
9,NORMA-19067,308
9,NORMA-18727,309
9,NORMA-14411,310
9,NORMA-18989,311
9,NORMA-20868,312
9,NORMA-15197,313
9,NORMA-18602,314
9,NORMA-19653,315
9,NORMA-19493,316
9,NORMA-19976,317
9,NORMA-21333,318
9,NORMA-19975,319
9,NORMA-20274,320
9,NORMA-19974,321
9,NORMA-20240,322
9,NORMA-19790,323
9,NORMA-555,324
9,NORMA-20886,325
9,NORMA-4353,326
9,NORMA-21584,327
9,NORMA-18982,328
9,NORMA-19375,329
9,NORMA-19151,330
9,NORMA-19272,331
9,NORMA-19176,332
9,NORMA-18895,333
9,NORMA-21606,334
9,NORMA-18766,335
9,NORMA-21537,336
9,NORMA-19077,337
9,NORMA-18266,338
9,NORMA-13606,339
9,NORMA-19004,340
9,NORMA-19141,341
9,NORMA-12406,342
9,NORMA-20632,343
9,NORMA-10327,344
9,NORMA-13695,345
9,NORMA-13694,346
9,NORMA-19009,347
9,NORMA-10910,348
9,NORMA-9770,349
9,NORMA-10835,350
9,NORMA-10527,351
9,NORMA-12454,352
9,NORMA-11104,353
9,NORMA-10019,354
9,NORMA-9255,355
9,NORMA-9264,356
9,NORMA-9097,357
9,NORMA-9308,358
9,NORMA-7702,359
9,NORMA-7985,360
9,NORMA-10493,361
9,NORMA-13376,362
9,NORMA-14435,363
9,NORMA-14438,364
9,NORMA-13562,365
9,NORMA-13223,366
9,NORMA-11329,367
9,NORMA-10427,368
9,NORMA-10573,369
9,NORMA-14436,370
9,NORMA-13600,371
9,NORMA-11260,372
9,NORMA-10639,373
9,NORMA-9769,374
9,NORMA-9449,375
9,NORMA-14439,376
9,NORMA-12116,377
9,NORMA-10915,378
9,NORMA-10001,379
9,NORMA-21186,380
9,NORMA-19248,381
9,NORMA-11382,382
9,NORMA-13367,383
9,NORMA-9254,384
9,NORMA-13222,385
9,NORMA-9744,386
9,NORMA-7667,387
9,NORMA-18462,388
9,NORMA-18686,389
9,NORMA-20869,390
9,NORMA-11156,391
9,NORMA-20991,392
9,NORMA-19436,393
9,NORMA-18870,394
9,NORMA-9205,395
9,NORMA-10944,396
9,NORMA-12814,397
9,NORMA-12940,398
9,NORMA-11381,399
9,NORMA-9263,400
9,NORMA-10084,401
9,NORMA-8970,402
9,NORMA-20799,403
9,NORMA-11090,404
9,NORMA-3653,405
9,NORMA-4258,406
9,NORMA-20055,407
9,NORMA-19806,408
9,NORMA-19739,409
9,NORMA-18290,410
9,NORMA-19937,411
9,NORMA-21418,412
9,NORMA-2003,413
9,NORMA-20121,414
9,NORMA-12421,415
9,NORMA-18255,416
9,NORMA-18501,417
9,NORMA-5099,418
9,NORMA-19737,419
9,NORMA-6555,420
9,NORMA-19667,421
9,NORMA-11838,422
9,NORMA-19838,423
9,NORMA-18972,424
9,NORMA-11316,425
9,NORMA-20847,426
9,NORMA-19930,427
9,NORMA-13668,428
9,NORMA-11974,429
9,NORMA-18996,430
9,NORMA-20087,431
9,NORMA-20891,432
9,NORMA-1192,433
9,NORMA-16225,434
9,NORMA-7321,435
9,NORMA-20983,436
9,NORMA-1164,437
9,NORMA-1470,438
9,NORMA-6949,439
9,NORMA-8555,440
9,NORMA-21001,441
9,NORMA-20890,442
9,NORMA-11920,443
9,NORMA-1296,444
9,NORMA-1114,445
9,NORMA-25645,446
9,NORMA-1248,447
9,NORMA-19175,448
9,NORMA-21439,449
9,NORMA-19663,450
9,NORMA-20926,451
9,NORMA-20084,452
9,NORMA-19927,453
9,NORMA-1374,454
9,NORMA-9890,455
9,NORMA-1445,456
9,NORMA-12014,457
9,NORMA-12234,458
9,NORMA-20225,459
9,NORMA-19229,460
9,NORMA-7506,461
9,NORMA-18440,462
9,NORMA-19692,463
9,NORMA-20975,464
9,NORMA-19112,465
9,NORMA-5985,466
9,NORMA-11792,467
9,NORMA-20959,468
9,NORMA-19696,469
9,NORMA-20442,470
9,NORMA-20518,471
9,NORMA-6560,472
9,NORMA-21654,473
9,NORMA-9536,474
9,NORMA-18336,475
9,NORMA-20710,476
9,NORMA-20058,477
9,NORMA-12232,478
9,NORMA-4499,479
9,NORMA-19815,480
9,NORMA-18624,481
9,NORMA-20912,482
9,NORMA-19683,483
9,NORMA-20215,484
9,NORMA-19622,485
9,NORMA-27623,486
9,NORMA-19788,487
9,NORMA-18627,488
9,NORMA-20081,489
9,NORMA-19455,490
9,NORMA-20397,491
9,NORMA-7007,492
9,NORMA-20954,493
9,NORMA-10298,494
9,NORMA-6746,495
9,NORMA-18316,496
9,NORMA-18854,497
9,NORMA-19001,498
9,NORMA-19519,499
9,NORMA-23061,500
9,NORMA-18559,501
9,NORMA-658,502
9,NORMA-18752,503
9,NORMA-18231,504
9,NORMA-11999,505
9,NORMA-20729,506
9,NORMA-19548,507
9,NORMA-25721,508
9,NORMA-21637,509
9,NORMA-26881,510
9,NORMA-24501,511
9,NORMA-18721,512
9,NORMA-21707,513
9,NORMA-19662,514
9,NORMA-19909,515
9,NORMA-20487,516
9,NORMA-20814,517
9,NORMA-18626,518
9,NORMA-18357,519
9,NORMA-20835,520
9,NORMA-18210,521
9,NORMA-21463,522
9,NORMA-19049,523
9,NORMA-1740,524
9,NORMA-21751,525
9,NORMA-21636,526
9,NORMA-12002,527
9,NORMA-18812,528
9,NORMA-11560,529
9,NORMA-19219,530
9,NORMA-19305,531
9,NORMA-18628,532
9,NORMA-21138,533
9,NORMA-21405,534
9,NORMA-3241,535
9,NORMA-18562,536
9,NORMA-21459,537
9,NORMA-21448,538
9,NORMA-20301,539
9,NORMA-5751,540
9,NORMA-19146,541
9,NORMA-21534,542
9,NORMA-18959,543
9,NORMA-18515,544
9,NORMA-19606,545
9,NORMA-20702,546
9,NORMA-20736,547
9,NORMA-21576,548
9,NORMA-21053,549
9,NORMA-20640,550
9,NORMA-13610,551
9,NORMA-12500,552
9,NORMA-18647,553
9,NORMA-21337,554
9,NORMA-21325,555
9,NORMA-21601,556
9,NORMA-19150,557
9,NORMA-25202,558
9,NORMA-20083,559
9,NORMA-19177,560
9,NORMA-13333,561
9,NORMA-28623,562
9,NORMA-1212,563
9,NORMA-19949,564
9,NORMA-19709,565
9,NORMA-18875,566
9,NORMA-19592,567
9,NORMA-5781,568
9,NORMA-18574,569
9,NORMA-19266,570
9,NORMA-18699,571
9,NORMA-19183,572
9,NORMA-20476,573
9,NORMA-19506,574
9,NORMA-18960,575
9,NORMA-19762,576
9,NORMA-20385,577
9,NORMA-19480,578
9,NORMA-18632,579
9,NORMA-18642,580
9,NORMA-21787,581
9,NORMA-19983,582
9,NORMA-1650,583
9,NORMA-19432,584
9,NORMA-19003,585
9,NORMA-18601,586
9,NORMA-18570,587
9,NORMA-20528,588
9,NORMA-18423,589
9,NORMA-19437,590
9,NORMA-21111,591
9,NORMA-18789,592
9,NORMA-19084,593
9,NORMA-20777,594
9,NORMA-18331,595
9,NORMA-20222,596
9,NORMA-19623,597
9,NORMA-21509,598
9,NORMA-19857,599
9,NORMA-19481,600
9,NORMA-21016,601
9,NORMA-21114,602
9,NORMA-19052,603
9,NORMA-12006,604
9,NORMA-18800,605
9,NORMA-18595,606
9,NORMA-6629,607
9,NORMA-21674,608
9,NORMA-19124,609
9,NORMA-19311,610
9,NORMA-19240,611
9,NORMA-6685,612
9,NORMA-20920,613
9,NORMA-20195,614
9,NORMA-13795,615
9,NORMA-21369,616
9,NORMA-21623,617
9,NORMA-18545,618
9,NORMA-20554,619
9,NORMA-18668,620
9,NORMA-19223,621
9,NORMA-20731,622
9,NORMA-20549,623
9,NORMA-29202,624
9,NORMA-21652,625
9,NORMA-23862,626
9,NORMA-21132,627
9,NORMA-6184,628
9,NORMA-21317,629
9,NORMA-9382,630
9,NORMA-20510,631
9,NORMA-20509,632
9,NORMA-18682,633
9,NORMA-5509,634
9,NORMA-19570,635
9,NORMA-20314,636
9,NORMA-13906,637
9,NORMA-15643,638
9,NORMA-20298,639
9,NORMA-20329,640
9,NORMA-11780,641
9,NORMA-11419,642
9,NORMA-19265,643
9,NORMA-20334,644
9,NORMA-20779,645
9,NORMA-19804,646
9,NORMA-6022,647
9,NORMA-20516,648
9,NORMA-20511,649
9,NORMA-7028,650
9,NORMA-18969,651
9,NORMA-27688,652
9,NORMA-26003,653
9,NORMA-29161,654
9,NORMA-26564,655
9,NORMA-23841,656
9,NORMA-11352,657
9,NORMA-20340,658
9,NORMA-20321,659
9,NORMA-20657,660
9,NORMA-18103,661
9,NORMA-13345,662
9,NORMA-27081,663
9,NORMA-25524,664
9,NORMA-25203,665
9,NORMA-25141,666
9,NORMA-23621,667
9,NORMA-19748,668
9,NORMA-20269,669
9,NORMA-27503,670
9,NORMA-25262,671
9,NORMA-21605,672
9,NORMA-18282,673
9,NORMA-18701,674
9,NORMA-29023,675
9,NORMA-27901,676
9,NORMA-27605,677
9,NORMA-27021,678
9,NORMA-28581,679
9,NORMA-27421,680
9,NORMA-26886,681
9,NORMA-19846,682
9,NORMA-18245,683
9,NORMA-21572,684
9,NORMA-10843,685
9,NORMA-18305,686
9,NORMA-21750,687
9,NORMA-25522,688
9,NORMA-18386,689
9,NORMA-14597,690
9,NORMA-19972,691
9,NORMA-21353,692
9,NORMA-18961,693
9,NORMA-20703,694
9,NORMA-25205,695
9,NORMA-3880,696
9,NORMA-21024,697
9,NORMA-19565,698
9,NORMA-20369,699
9,NORMA-21410,700
9,NORMA-2189,701
9,NORMA-14850,702
9,NORMA-3650,703
9,NORMA-2158,704
9,NORMA-19722,705
9,NORMA-23962,706
9,NORMA-26807,707
9,NORMA-27449,708
9,NORMA-2574,709
9,NORMA-12228,710
9,NORMA-6834,711
9,NORMA-14914,712
9,NORMA-18729,713
9,NORMA-2426,714
9,NORMA-2389,715
9,NORMA-9960,716
9,NORMA-5312,717
9,NORMA-3566,718
9,NORMA-20497,719
9,NORMA-22861,720
9,NORMA-26163,721
9,NORMA-21403,722
9,NORMA-8459,723
9,NORMA-21687,724
9,NORMA-3662,725
9,NORMA-19652,726
9,NORMA-26421,727
9,NORMA-21414,728
9,NORMA-6185,729
9,NORMA-4251,730
9,NORMA-18779,731
9,NORMA-18490,732
9,NORMA-19365,733
9,NORMA-19642,734
9,NORMA-18765,735
9,NORMA-18459,736
9,NORMA-18725,737
9,NORMA-20268,738
9,NORMA-19530,739
9,NORMA-19782,740
9,NORMA-3954,741
9,NORMA-20503,742
9,NORMA-19359,743
9,NORMA-18244,744
9,NORMA-28961,745
9,NORMA-3774,746
9,NORMA-5604,747
9,NORMA-18776,748
9,NORMA-19714,749
9,NORMA-18912,750
9,NORMA-20892,751
9,NORMA-18898,752
9,NORMA-567,753
9,NORMA-19792,754
9,NORMA-19691,755
9,NORMA-13295,756
9,NORMA-19526,757
9,NORMA-19238,758
9,NORMA-18680,759
9,NORMA-19405,760
9,NORMA-20687,761
9,NORMA-18917,762
9,NORMA-10693,763
9,NORMA-19300,764
9,NORMA-14942,765
9,NORMA-11263,766
9,NORMA-21525,767
9,NORMA-10364,768
9,NORMA-25541,769
9,NORMA-21821,770
9,NORMA-18934,771
9,NORMA-21042,772
9,NORMA-14688,773
9,NORMA-22661,774
9,NORMA-20319,775
9,NORMA-19125,776
9,NORMA-11653,777
9,NORMA-18653,778
9,NORMA-18596,779
9,NORMA-18381,780
9,NORMA-21472,781
9,NORMA-21503,782
9,NORMA-19785,783
9,NORMA-15229,784
9,NORMA-19773,785
9,NORMA-19615,786
9,NORMA-20150,787
9,NORMA-21327,788
9,NORMA-21619,789
9,NORMA-19233,790
9,NORMA-21566,791
9,NORMA-19771,792
9,NORMA-19801,793
9,NORMA-19627,794
9,NORMA-28841,795
9,NORMA-4847,796
9,NORMA-9837,797
9,NORMA-9869,798
9,NORMA-20961,799
9,NORMA-21264,800
9,NORMA-21358,801
9,NORMA-16268,802
9,NORMA-18887,803
9,NORMA-14277,804
9,NORMA-21415,805
9,NORMA-20393,806
9,NORMA-21092,807
9,NORMA-5853,808
9,NORMA-21783,809
9,NORMA-18511,810
9,NORMA-18942,811
9,NORMA-5417,812
9,NORMA-20220,813
9,NORMA-19078,814
9,NORMA-18673,815
9,NORMA-9834,816
9,NORMA-22723,817
9,NORMA-21659,818
9,NORMA-18994,819
9,NORMA-21178,820
9,NORMA-20873,821
9,NORMA-3828,822
9,NORMA-20530,823
9,NORMA-12631,824
9,NORMA-11631,825
9,NORMA-19772,826
9,NORMA-19741,827
9,NORMA-20800,828
9,NORMA-19764,829
9,NORMA-19753,830
9,NORMA-4193,831
9,NORMA-21497,832
9,NORMA-19403,833
9,NORMA-19791,834
9,NORMA-15701,835
9,NORMA-19852,836
9,NORMA-3735,837
9,NORMA-21616,838
9,NORMA-19423,839
9,NORMA-19901,840
9,NORMA-4634,841
9,NORMA-19620,842
9,NORMA-20200,843
9,NORMA-12035,844
9,NORMA-18449,845
9,NORMA-19583,846
9,NORMA-4633,847
9,NORMA-19655,848
9,NORMA-27363,849
9,NORMA-18991,850
9,NORMA-12015,851
9,NORMA-21392,852
9,NORMA-18408,853
9,NORMA-4926,854
9,NORMA-14786,855
9,NORMA-20763,856
9,NORMA-18314,857
9,NORMA-20482,858
9,NORMA-19789,859
9,NORMA-27063,860
9,NORMA-8435,861
9,NORMA-21018,862
9,NORMA-20922,863
9,NORMA-19589,864
9,NORMA-14201,865
9,NORMA-21661,866
9,NORMA-21267,867
9,NORMA-6881,868
9,NORMA-21141,869
9,NORMA-21491,870
9,NORMA-19640,871
9,NORMA-6968,872
9,NORMA-6701,873
9,NORMA-20696,874
9,NORMA-12649,875
9,NORMA-13594,876
9,NORMA-20218,877
9,NORMA-2517,878
9,NORMA-4065,879
9,NORMA-20836,880
9,NORMA-21760,881
9,NORMA-21146,882
9,NORMA-82,883
9,NORMA-27384,884
9,NORMA-5515,885
9,NORMA-20147,886
9,NORMA-6643,887
9,NORMA-20790,888
9,NORMA-19629,889
9,NORMA-19573,890
9,NORMA-19486,891
9,NORMA-19016,892
9,NORMA-13390,893
9,NORMA-11459,894
9,NORMA-20097,895
9,NORMA-20165,896
9,NORMA-6383,897
9,NORMA-20563,898
9,NORMA-19769,899
9,NORMA-19787,900
9,NORMA-21595,901
9,NORMA-28584,902
9,NORMA-21390,903
9,NORMA-18394,904
9,NORMA-18648,905
9,NORMA-7386,906
9,NORMA-20623,907
9,NORMA-14652,908
9,NORMA-8799,909
9,NORMA-6204,910
9,NORMA-20166,911
9,NORMA-4392,912
9,NORMA-19643,913
9,NORMA-7222,914
9,NORMA-19853,915
9,NORMA-684,916
9,NORMA-20901,917
9,NORMA-20925,918
9,NORMA-9339,919
9,NORMA-6203,920
9,NORMA-807,921
9,NORMA-20761,922
9,NORMA-5471,923
9,NORMA-778,924
9,NORMA-5139,925
9,NORMA-18900,926
9,NORMA-19295,927
9,NORMA-8938,928
9,NORMA-19809,929
9,NORMA-21435,930
9,NORMA-20244,931
9,NORMA-18970,932
9,NORMA-18951,933
9,NORMA-423,934
9,NORMA-6140,935
9,NORMA-21717,936
9,NORMA-7225,937
9,NORMA-21581,938
9,NORMA-7113,939
9,NORMA-10797,940
9,NORMA-18818,941
9,NORMA-20597,942
9,NORMA-19225,943
9,NORMA-31904,944
9,NORMA-19674,945
9,NORMA-9457,946
9,NORMA-21256,947
9,NORMA-19757,948
9,NORMA-18358,949
9,NORMA-20210,950
9,NORMA-17281,951
9,NORMA-20465,952
9,NORMA-704,953
9,NORMA-483,954
9,NORMA-6176,955
9,NORMA-22001,956
9,NORMA-3509,957
9,NORMA-18389,958
9,NORMA-21444,959
9,NORMA-18209,960
9,NORMA-19192,961
9,NORMA-19871,962
9,NORMA-6679,963
9,NORMA-19080,964
9,NORMA-14967,965
9,NORMA-21387,966
9,NORMA-21446,967
9,NORMA-21366,968
9,NORMA-19027,969
9,NORMA-317,970
9,NORMA-20217,971
9,NORMA-19002,972
9,NORMA-21097,973
9,NORMA-21490,974
9,NORMA-20762,975
9,NORMA-19743,976
9,NORMA-20180,977
9,NORMA-5969,978
9,NORMA-21755,979
9,NORMA-20157,980
9,NORMA-21344,981
9,NORMA-4279,982
9,NORMA-3882,983
9,NORMA-19744,984
9,NORMA-3573,985
9,NORMA-21212,986
9,NORMA-20154,987
9,NORMA-5162,988
9,NORMA-21328,989
9,NORMA-4606,990
9,NORMA-15211,991
9,NORMA-23027,992
9,NORMA-27761,993
9,NORMA-5242,994
9,NORMA-28221,995
9,NORMA-27366,996
9,NORMA-20984,997
9,NORMA-21269,998
9,NORMA-143,999
9,NORMA-18441,1000
10,NORMA-21638,1
10,NORMA-21649,2
10,NORMA-21269,3
10,NORMA-21344,4
10,NORMA-21402,5
10,NORMA-23361,6
10,NORMA-21700,7
10,NORMA-18910,8
10,NORMA-20790,9
10,NORMA-21711,10
10,NORMA-13402,11
10,NORMA-19303,12
10,NORMA-18211,13
10,NORMA-1192,14
10,NORMA-1164,15
10,NORMA-1296,16
10,NORMA-10298,17
10,NORMA-9890,18
10,NORMA-1470,19
10,NORMA-13610,20
10,NORMA-1248,21
10,NORMA-6968,22
10,NORMA-1374,23
10,NORMA-6176,24
10,NORMA-14746,25
10,NORMA-20138,26
10,NORMA-27364,27
10,NORMA-16424,28
10,NORMA-13470,29
10,NORMA-27044,30
10,NORMA-15339,31
10,NORMA-5380,32
10,NORMA-21703,33
10,NORMA-8442,34
10,NORMA-5335,35
10,NORMA-11419,36
10,NORMA-10986,37
10,NORMA-11352,38
10,NORMA-10843,39
10,NORMA-13918,40
10,NORMA-21706,41
10,NORMA-12314,42
10,NORMA-11184,43
10,NORMA-19972,44
10,NORMA-11186,45
10,NORMA-7867,46
10,NORMA-5336,47
10,NORMA-20922,48
10,NORMA-8212,49
10,NORMA-5185,50
10,NORMA-27362,51
10,NORMA-18994,52
10,NORMA-15358,53
10,NORMA-12380,54
10,NORMA-12516,55
10,NORMA-11185,56
10,NORMA-20990,57
10,NORMA-20901,58
10,NORMA-8121,59
10,NORMA-12371,60
10,NORMA-5337,61
10,NORMA-19979,62
10,NORMA-14366,63
10,NORMA-16402,64
10,NORMA-19982,65
10,NORMA-12379,66
10,NORMA-18638,67
10,NORMA-21404,68
10,NORMA-18996,69
10,NORMA-15118,70
10,NORMA-12899,71
10,NORMA-12517,72
10,NORMA-27363,73
10,NORMA-19000,74
10,NORMA-19182,75
10,NORMA-27361,76
10,NORMA-21282,77
10,NORMA-26804,78
10,NORMA-60,79
10,NORMA-19615,80
10,NORMA-11459,81
10,NORMA-19424,82
10,NORMA-19961,83
10,NORMA-22862,84
10,NORMA-1114,85
10,NORMA-1445,86
10,NORMA-21170,87
10,NORMA-13795,88
10,NORMA-20879,89
10,NORMA-19674,90
10,NORMA-18970,91
10,NORMA-14482,92
10,NORMA-20887,93
10,NORMA-20491,94
10,NORMA-4322,95
10,NORMA-19629,96
10,NORMA-19622,97
10,NORMA-21141,98
10,NORMA-19583,99
10,NORMA-21059,100
10,NORMA-21637,101
10,NORMA-27366,102
10,NORMA-18663,103
10,NORMA-21678,104
10,NORMA-12910,105
10,NORMA-21497,106
10,NORMA-30663,107
10,NORMA-21651,108
10,NORMA-21499,109
10,NORMA-21526,110
10,NORMA-23101,111
10,NORMA-15802,112
10,NORMA-21389,113
10,NORMA-21591,114
10,NORMA-21409,115
10,NORMA-19512,116
10,NORMA-15396,117
10,NORMA-27365,118
10,NORMA-19712,119
10,NORMA-18904,120
10,NORMA-13789,121
10,NORMA-20139,122
10,NORMA-21538,123
10,NORMA-21748,124
10,NORMA-19913,125
10,NORMA-27221,126
10,NORMA-5792,127
10,NORMA-18898,128
10,NORMA-18871,129
10,NORMA-19408,130
10,NORMA-13514,131
10,NORMA-12956,132
10,NORMA-27161,133
10,NORMA-14744,134
10,NORMA-1485,135
10,NORMA-1365,136
10,NORMA-21361,137
10,NORMA-20269,138
10,NORMA-19606,139
10,NORMA-20043,140
10,NORMA-21439,141
10,NORMA-20051,142
10,NORMA-21275,143
10,NORMA-19047,144
10,NORMA-18673,145
10,NORMA-12911,146
10,NORMA-19526,147
10,NORMA-20619,148
10,NORMA-19691,149
10,NORMA-6881,150
10,NORMA-6701,151
10,NORMA-11443,152
10,NORMA-646,153
10,NORMA-19570,154
10,NORMA-19467,155
10,NORMA-14390,156
10,NORMA-21392,157
10,NORMA-6643,158
10,NORMA-21390,159
10,NORMA-12490,160
10,NORMA-21554,161
10,NORMA-15167,162
10,NORMA-20564,163
10,NORMA-12923,164
10,NORMA-13124,165
10,NORMA-20996,166
10,NORMA-3577,167
10,NORMA-5360,168
10,NORMA-10116,169
10,NORMA-21521,170
10,NORMA-11085,171
10,NORMA-27321,172
10,NORMA-8205,173
10,NORMA-9481,174
10,NORMA-5496,175
10,NORMA-14294,176
10,NORMA-18649,177
10,NORMA-20959,178
10,NORMA-18658,179
10,NORMA-21413,180
10,NORMA-18474,181
10,NORMA-18844,182
10,NORMA-19240,183
10,NORMA-18530,184
10,NORMA-25964,185
10,NORMA-19930,186
10,NORMA-8088,187
10,NORMA-20622,188
10,NORMA-19278,189
10,NORMA-19223,190
10,NORMA-20738,191
10,NORMA-13476,192
10,NORMA-5872,193
10,NORMA-13345,194
10,NORMA-12437,195
10,NORMA-5280,196
10,NORMA-13746,197
10,NORMA-6006,198
10,NORMA-4630,199
10,NORMA-14828,200
10,NORMA-14850,201
10,NORMA-18631,202
10,NORMA-21586,203
10,NORMA-19698,204
10,NORMA-21124,205
10,NORMA-19477,206
10,NORMA-20692,207
10,NORMA-12613,208
10,NORMA-6253,209
10,NORMA-20134,210
10,NORMA-16601,211
10,NORMA-14595,212
10,NORMA-13459,213
10,NORMA-14688,214
10,NORMA-15229,215
10,NORMA-14629,216
10,NORMA-13298,217
10,NORMA-20936,218
10,NORMA-18753,219
10,NORMA-20302,220
10,NORMA-21305,221
10,NORMA-22001,222
10,NORMA-6679,223
10,NORMA-19745,224
10,NORMA-14113,225
10,NORMA-10267,226
10,NORMA-12066,227
10,NORMA-17281,228
10,NORMA-24102,229
10,NORMA-18427,230
10,NORMA-21280,231
10,NORMA-8575,232
10,NORMA-5727,233
10,NORMA-19138,234
10,NORMA-6318,235
10,NORMA-19039,236
10,NORMA-20285,237
10,NORMA-18803,238
10,NORMA-19736,239
10,NORMA-19437,240
10,NORMA-18239,241
10,NORMA-6521,242
10,NORMA-21197,243
10,NORMA-6291,244
10,NORMA-9803,245
10,NORMA-20912,246
10,NORMA-20166,247
10,NORMA-7387,248
10,NORMA-20222,249
10,NORMA-19124,250
10,NORMA-21509,251
10,NORMA-20169,252
10,NORMA-6736,253
10,NORMA-23027,254
10,NORMA-19553,255
10,NORMA-19459,256
10,NORMA-20704,257
10,NORMA-14724,258
10,NORMA-3767,259
10,NORMA-14937,260
10,NORMA-21663,261
10,NORMA-21418,262
10,NORMA-21710,263
10,NORMA-21562,264
10,NORMA-11356,265
10,NORMA-12415,266
10,NORMA-8706,267
10,NORMA-6249,268
10,NORMA-12733,269
10,NORMA-13308,270
10,NORMA-5381,271
10,NORMA-23341,272
10,NORMA-4786,273
10,NORMA-19351,274
10,NORMA-18528,275
10,NORMA-18243,276
10,NORMA-21192,277
10,NORMA-9835,278
10,NORMA-4792,279
10,NORMA-4500,280
10,NORMA-20304,281
10,NORMA-19959,282
10,NORMA-20730,283
10,NORMA-3735,284
10,NORMA-4634,285
10,NORMA-20877,286
10,NORMA-13158,287
10,NORMA-21086,288
10,NORMA-7386,289
10,NORMA-6140,290
10,NORMA-7113,291
10,NORMA-8435,292
10,NORMA-10219,293
10,NORMA-6753,294
10,NORMA-7225,295
10,NORMA-19429,296
10,NORMA-19925,297
10,NORMA-3503,298
10,NORMA-9834,299
10,NORMA-21690,300
10,NORMA-14279,301
10,NORMA-9724,302
10,NORMA-20263,303
10,NORMA-8931,304
10,NORMA-18722,305
10,NORMA-3638,306
10,NORMA-13797,307
10,NORMA-19942,308
10,NORMA-11454,309
10,NORMA-6702,310
10,NORMA-7279,311
10,NORMA-18967,312
10,NORMA-21028,313
10,NORMA-12965,314
10,NORMA-14345,315
10,NORMA-16202,316
10,NORMA-13995,317
10,NORMA-26881,318
10,NORMA-21459,319
10,NORMA-6623,320
10,NORMA-6256,321
10,NORMA-15027,322
10,NORMA-7012,323
10,NORMA-6185,324
10,NORMA-9382,325
10,NORMA-15211,326
10,NORMA-18748,327
10,NORMA-21676,328
10,NORMA-19644,329
10,NORMA-6783,330
10,NORMA-7222,331
10,NORMA-21461,332
10,NORMA-6948,333
10,NORMA-20301,334
10,NORMA-20172,335
10,NORMA-29003,336
10,NORMA-11814,337
10,NORMA-18319,338
10,NORMA-11655,339
10,NORMA-8028,340
10,NORMA-13323,341
10,NORMA-27761,342
10,NORMA-14239,343
10,NORMA-21507,344
10,NORMA-21717,345
10,NORMA-19729,346
10,NORMA-29005,347
10,NORMA-21065,348
10,NORMA-13469,349
10,NORMA-13545,350
10,NORMA-12067,351
10,NORMA-15237,352
10,NORMA-3571,353
10,NORMA-9681,354
10,NORMA-13519,355
10,NORMA-13229,356
10,NORMA-9067,357
10,NORMA-3642,358
10,NORMA-20300,359
10,NORMA-21185,360
10,NORMA-21547,361
10,NORMA-7525,362
10,NORMA-19704,363
10,NORMA-18435,364
10,NORMA-11882,365
10,NORMA-7241,366
10,NORMA-11901,367
10,NORMA-21606,368
10,NORMA-9888,369
10,NORMA-10745,370
10,NORMA-10590,371
10,NORMA-10534,372
10,NORMA-7942,373
10,NORMA-11505,374
10,NORMA-10878,375
10,NORMA-9670,376
10,NORMA-9785,377
10,NORMA-14974,378
10,NORMA-19566,379
10,NORMA-9595,380
10,NORMA-10821,381
10,NORMA-10347,382
10,NORMA-20941,383
10,NORMA-11292,384
10,NORMA-19061,385
10,NORMA-21634,386
10,NORMA-21434,387
10,NORMA-20219,388
10,NORMA-13903,389
10,NORMA-20570,390
10,NORMA-14587,391
10,NORMA-15134,392
10,NORMA-21490,393
10,NORMA-15603,394
10,NORMA-570,395
10,NORMA-3001,396
10,NORMA-1455,397
10,NORMA-1170,398
10,NORMA-2207,399
10,NORMA-1515,400
10,NORMA-19515,401
10,NORMA-18697,402
10,NORMA-1310,403
10,NORMA-18531,404
10,NORMA-18842,405
10,NORMA-19682,406
10,NORMA-12248,407
10,NORMA-12099,408
10,NORMA-11627,409
10,NORMA-745,410
10,NORMA-10931,411
10,NORMA-12103,412
10,NORMA-12055,413
10,NORMA-1863,414
10,NORMA-19235,415
10,NORMA-17321,416
10,NORMA-19546,417
10,NORMA-2376,418
10,NORMA-18274,419
10,NORMA-18546,420
10,NORMA-19255,421
10,NORMA-2428,422
10,NORMA-11556,423
10,NORMA-11767,424
10,NORMA-19528,425
10,NORMA-11876,426
10,NORMA-1100,427
10,NORMA-919,428
10,NORMA-11433,429
10,NORMA-1446,430
10,NORMA-18816,431
10,NORMA-18207,432
10,NORMA-1812,433
10,NORMA-2558,434
10,NORMA-2483,435
10,NORMA-2470,436
10,NORMA-6092,437
10,NORMA-2522,438
10,NORMA-893,439
10,NORMA-18981,440
10,NORMA-12237,441
10,NORMA-13990,442
10,NORMA-11512,443
10,NORMA-11562,444
10,NORMA-11721,445
10,NORMA-18364,446
10,NORMA-19498,447
10,NORMA-6410,448
10,NORMA-21299,449
10,NORMA-20920,450
10,NORMA-12104,451
10,NORMA-11795,452
10,NORMA-11621,453
10,NORMA-19866,454
10,NORMA-2503,455
10,NORMA-11688,456
10,NORMA-18349,457
10,NORMA-19328,458
10,NORMA-11525,459
10,NORMA-11921,460
10,NORMA-11877,461
10,NORMA-11770,462
10,NORMA-11666,463
10,NORMA-1178,464
10,NORMA-18843,465
10,NORMA-20609,466
10,NORMA-11108,467
10,NORMA-18361,468
10,NORMA-18741,469
10,NORMA-11686,470
10,NORMA-11679,471
10,NORMA-11771,472
10,NORMA-11589,473
10,NORMA-11475,474
10,NORMA-12247,475
10,NORMA-11667,476
10,NORMA-11633,477
10,NORMA-515,478
10,NORMA-2478,479
10,NORMA-9152,480
10,NORMA-12063,481
10,NORMA-1288,482
10,NORMA-11875,483
10,NORMA-14570,484
10,NORMA-19029,485
10,NORMA-18533,486
10,NORMA-2542,487
10,NORMA-12255,488
10,NORMA-11561,489
10,NORMA-11606,490
10,NORMA-2190,491
10,NORMA-11519,492
10,NORMA-10999,493
10,NORMA-11854,494
10,NORMA-11796,495
10,NORMA-11772,496
10,NORMA-11791,497
10,NORMA-1438,498
10,NORMA-11813,499
10,NORMA-26221,500
10,NORMA-12031,501
10,NORMA-19755,502
10,NORMA-11804,503
10,NORMA-12019,504
10,NORMA-12020,505
10,NORMA-12017,506
10,NORMA-21072,507
10,NORMA-1144,508
10,NORMA-2387,509
10,NORMA-999,510
10,NORMA-11576,511
10,NORMA-12009,512
10,NORMA-11761,513
10,NORMA-21739,514
10,NORMA-12197,515
10,NORMA-11862,516
10,NORMA-11616,517
10,NORMA-12030,518
10,NORMA-11765,519
10,NORMA-18838,520
10,NORMA-11620,521
10,NORMA-9008,522
10,NORMA-11680,523
10,NORMA-11793,524
10,NORMA-11777,525
10,NORMA-2390,526
10,NORMA-11769,527
10,NORMA-11571,528
10,NORMA-12249,529
10,NORMA-1841,530
10,NORMA-19844,531
10,NORMA-11563,532
10,NORMA-11768,533
10,NORMA-11569,534
10,NORMA-984,535
10,NORMA-11670,536
10,NORMA-12092,537
10,NORMA-12163,538
10,NORMA-11776,539
10,NORMA-11603,540
10,NORMA-18413,541
10,NORMA-11874,542
10,NORMA-21199,543
10,NORMA-11853,544
10,NORMA-24042,545
10,NORMA-11733,546
10,NORMA-11720,547
10,NORMA-10920,548
10,NORMA-6344,549
10,NORMA-11669,550
10,NORMA-11610,551
10,NORMA-7280,552
10,NORMA-20579,553
10,NORMA-25501,554
10,NORMA-2694,555
10,NORMA-21688,556
10,NORMA-11528,557
10,NORMA-11805,558
10,NORMA-11516,559
10,NORMA-24524,560
10,NORMA-11806,561
10,NORMA-11762,562
10,NORMA-11558,563
10,NORMA-18213,564
10,NORMA-12236,565
10,NORMA-11779,566
10,NORMA-1541,567
10,NORMA-11766,568
10,NORMA-11559,569
10,NORMA-11602,570
10,NORMA-2530,571
10,NORMA-11855,572
10,NORMA-995,573
10,NORMA-11557,574
10,NORMA-11710,575
10,NORMA-20911,576
10,NORMA-11524,577
10,NORMA-12094,578
10,NORMA-12739,579
10,NORMA-11477,580
10,NORMA-11712,581
10,NORMA-18554,582
10,NORMA-11673,583
10,NORMA-13997,584
10,NORMA-2362,585
10,NORMA-1452,586
10,NORMA-12021,587
10,NORMA-1866,588
10,NORMA-19444,589
10,NORMA-11520,590
10,NORMA-11526,591
10,NORMA-19923,592
10,NORMA-2383,593
10,NORMA-11671,594
10,NORMA-11574,595
10,NORMA-11722,596
10,NORMA-11523,597
10,NORMA-2421,598
10,NORMA-2537,599
10,NORMA-21276,600
10,NORMA-20997,601
10,NORMA-12172,602
10,NORMA-12246,603
10,NORMA-11870,604
10,NORMA-11522,605
10,NORMA-11717,606
10,NORMA-11857,607
10,NORMA-11575,608
10,NORMA-11716,609
10,NORMA-2475,610
10,NORMA-11560,611
10,NORMA-18341,612
10,NORMA-20726,613
10,NORMA-11865,614
10,NORMA-15203,615
10,NORMA-11564,616
10,NORMA-567,617
10,NORMA-2269,618
10,NORMA-11613,619
10,NORMA-21626,620
10,NORMA-11871,621
10,NORMA-12171,622
10,NORMA-21137,623
10,NORMA-19096,624
10,NORMA-11672,625
10,NORMA-18819,626
10,NORMA-11802,627
10,NORMA-14235,628
10,NORMA-13968,629
10,NORMA-11567,630
10,NORMA-11922,631
10,NORMA-12667,632
10,NORMA-11517,633
10,NORMA-11719,634
10,NORMA-21550,635
10,NORMA-21766,636
10,NORMA-14420,637
10,NORMA-12018,638
10,NORMA-3502,639
10,NORMA-20121,640
10,NORMA-11664,641
10,NORMA-11663,642
10,NORMA-27246,643
10,NORMA-12525,644
10,NORMA-15110,645
10,NORMA-2452,646
10,NORMA-11742,647
10,NORMA-3794,648
10,NORMA-1945,649
10,NORMA-12325,650
10,NORMA-15239,651
10,NORMA-178,652
10,NORMA-12170,653
10,NORMA-11790,654
10,NORMA-13082,655
10,NORMA-13900,656
10,NORMA-833,657
10,NORMA-28342,658
10,NORMA-14835,659
10,NORMA-13523,660
10,NORMA-18306,661
10,NORMA-21184,662
10,NORMA-18298,663
10,NORMA-11611,664
10,NORMA-18772,665
10,NORMA-13423,666
10,NORMA-15113,667
10,NORMA-15000,668
10,NORMA-12669,669
10,NORMA-14912,670
10,NORMA-14568,671
10,NORMA-6673,672
10,NORMA-19563,673
10,NORMA-14984,674
10,NORMA-15191,675
10,NORMA-19857,676
10,NORMA-11577,677
10,NORMA-15169,678
10,NORMA-15195,679
10,NORMA-26701,680
10,NORMA-20101,681
10,NORMA-14432,682
10,NORMA-1352,683
10,NORMA-143,684
10,NORMA-11578,685
10,NORMA-11572,686
10,NORMA-13426,687
10,NORMA-1353,688
10,NORMA-2399,689
10,NORMA-23321,690
10,NORMA-13859,691
10,NORMA-5512,692
10,NORMA-1740,693
10,NORMA-17201,694
10,NORMA-13790,695
10,NORMA-4162,696
10,NORMA-4636,697
10,NORMA-3690,698
10,NORMA-2587,699
10,NORMA-11674,700
10,NORMA-15364,701
10,NORMA-11997,702
10,NORMA-11568,703
10,NORMA-29163,704
10,NORMA-16881,705
10,NORMA-13622,706
10,NORMA-13659,707
10,NORMA-11597,708
10,NORMA-12778,709
10,NORMA-12025,710
10,NORMA-19261,711
10,NORMA-12235,712
10,NORMA-9423,713
10,NORMA-11799,714
10,NORMA-4680,715
10,NORMA-5472,716
10,NORMA-11604,717
10,NORMA-741,718
10,NORMA-11511,719
10,NORMA-18439,720
10,NORMA-6369,721
10,NORMA-969,722
10,NORMA-12942,723
10,NORMA-11995,724
10,NORMA-14990,725
10,NORMA-14095,726
10,NORMA-15015,727
10,NORMA-12164,728
10,NORMA-13357,729
10,NORMA-12043,730
10,NORMA-2171,731
10,NORMA-970,732
10,NORMA-11792,733
10,NORMA-18653,734
10,NORMA-19213,735
10,NORMA-18303,736
10,NORMA-1217,737
10,NORMA-231,738
10,NORMA-18214,739
10,NORMA-2377,740
10,NORMA-13818,741
10,NORMA-54,742
10,NORMA-20220,743
10,NORMA-7099,744
10,NORMA-14416,745
10,NORMA-2378,746
10,NORMA-2534,747
10,NORMA-20617,748
10,NORMA-634,749
10,NORMA-22061,750
10,NORMA-11565,751
10,NORMA-19694,752
10,NORMA-19803,753
10,NORMA-21286,754
10,NORMA-14111,755
10,NORMA-15284,756
10,NORMA-10782,757
10,NORMA-20948,758
10,NORMA-18675,759
10,NORMA-11758,760
10,NORMA-2531,761
10,NORMA-985,762
10,NORMA-28585,763
10,NORMA-1035,764
10,NORMA-21017,765
10,NORMA-18802,766
10,NORMA-20918,767
10,NORMA-12005,768
10,NORMA-11473,769
10,NORMA-11866,770
10,NORMA-24781,771
10,NORMA-11872,772
10,NORMA-6749,773
10,NORMA-20163,774
10,NORMA-2551,775
10,NORMA-11920,776
10,NORMA-4220,777
10,NORMA-11732,778
10,NORMA-19643,779
10,NORMA-20108,780
10,NORMA-19700,781
10,NORMA-474,782
10,NORMA-6636,783
10,NORMA-19547,784
10,NORMA-20558,785
10,NORMA-2723,786
10,NORMA-4353,787
10,NORMA-20851,788
10,NORMA-19440,789
10,NORMA-2301,790
10,NORMA-2554,791
10,NORMA-12052,792
10,NORMA-553,793
10,NORMA-21431,794
10,NORMA-18472,795
10,NORMA-18963,796
10,NORMA-9111,797
10,NORMA-2523,798
10,NORMA-11723,799
10,NORMA-19779,800
10,NORMA-18806,801
10,NORMA-19481,802
10,NORMA-18438,803
10,NORMA-20846,804
10,NORMA-1442,805
10,NORMA-18230,806
10,NORMA-11518,807
10,NORMA-1419,808
10,NORMA-20999,809
10,NORMA-20217,810
10,NORMA-14982,811
10,NORMA-7663,812
10,NORMA-18233,813
10,NORMA-219,814
10,NORMA-11718,815
10,NORMA-4572,816
10,NORMA-19929,817
10,NORMA-21232,818
10,NORMA-10055,819
10,NORMA-10762,820
10,NORMA-21445,821
10,NORMA-2495,822
10,NORMA-6414,823
10,NORMA-20137,824
10,NORMA-20758,825
10,NORMA-18418,826
10,NORMA-22561,827
10,NORMA-2109,828
10,NORMA-20599,829
10,NORMA-20677,830
10,NORMA-19529,831
10,NORMA-21668,832
10,NORMA-15068,833
10,NORMA-5503,834
10,NORMA-6669,835
10,NORMA-21785,836
10,NORMA-11566,837
10,NORMA-12010,838
10,NORMA-21428,839
10,NORMA-2395,840
10,NORMA-14858,841
10,NORMA-6698,842
10,NORMA-21052,843
10,NORMA-1334,844
10,NORMA-20099,845
10,NORMA-21147,846
10,NORMA-21169,847
10,NORMA-11316,848
10,NORMA-28641,849
10,NORMA-21790,850
10,NORMA-772,851
10,NORMA-9365,852
10,NORMA-13555,853
10,NORMA-1147,854
10,NORMA-20105,855
10,NORMA-18763,856
10,NORMA-11631,857
10,NORMA-18436,858
10,NORMA-20185,859
10,NORMA-2188,860
10,NORMA-19330,861
10,NORMA-17221,862
10,NORMA-20802,863
10,NORMA-22401,864
10,NORMA-20107,865
10,NORMA-7027,866
10,NORMA-1545,867
10,NORMA-21474,868
10,NORMA-28221,869
10,NORMA-18865,870
10,NORMA-21291,871
10,NORMA-18600,872
10,NORMA-2447,873
10,NORMA-20766,874
10,NORMA-4413,875
10,NORMA-21585,876
10,NORMA-14459,877
10,NORMA-20963,878
10,NORMA-18395,879
10,NORMA-12406,880
10,NORMA-12012,881
10,NORMA-21008,882
10,NORMA-19627,883
10,NORMA-20866,884
10,NORMA-18266,885
10,NORMA-12046,886
10,NORMA-2583,887
10,NORMA-20944,888
10,NORMA-20908,889
10,NORMA-20976,890
10,NORMA-19740,891
10,NORMA-8458,892
10,NORMA-11466,893
10,NORMA-10327,894
10,NORMA-20152,895
10,NORMA-581,896
10,NORMA-21126,897
10,NORMA-13695,898
10,NORMA-21206,899
10,NORMA-10200,900
10,NORMA-20801,901
10,NORMA-7953,902
10,NORMA-13694,903
10,NORMA-11780,904
10,NORMA-18815,905
10,NORMA-25281,906
10,NORMA-21659,907
10,NORMA-20143,908
10,NORMA-18691,909
10,NORMA-21157,910
10,NORMA-21596,911
10,NORMA-10938,912
10,NORMA-21026,913
10,NORMA-18985,914
10,NORMA-18773,915
10,NORMA-10808,916
10,NORMA-9770,917
10,NORMA-12027,918
10,NORMA-8384,919
10,NORMA-11868,920
10,NORMA-12258,921
10,NORMA-10527,922
10,NORMA-18237,923
10,NORMA-19092,924
10,NORMA-11104,925
10,NORMA-10019,926
10,NORMA-9255,927
10,NORMA-19121,928
10,NORMA-1229,929
10,NORMA-6396,930
10,NORMA-21036,931
10,NORMA-53,932
10,NORMA-9264,933
10,NORMA-9097,934
10,NORMA-8811,935
10,NORMA-20690,936
10,NORMA-9308,937
10,NORMA-7702,938
10,NORMA-7985,939
10,NORMA-12097,940
10,NORMA-21205,941
10,NORMA-11515,942
10,NORMA-18382,943
10,NORMA-20239,944
10,NORMA-19621,945
10,NORMA-10493,946
10,NORMA-20398,947
10,NORMA-11269,948
10,NORMA-838,949
10,NORMA-19535,950
10,NORMA-15033,951
10,NORMA-11329,952
10,NORMA-10427,953
10,NORMA-10573,954
10,NORMA-21709,955
10,NORMA-21609,956
10,NORMA-13713,957
10,NORMA-12134,958
10,NORMA-11465,959
10,NORMA-10639,960
10,NORMA-9769,961
10,NORMA-9449,962
10,NORMA-1995,963
10,NORMA-18682,964
10,NORMA-12107,965
10,NORMA-631,966
10,NORMA-9897,967
10,NORMA-10934,968
10,NORMA-10880,969
10,NORMA-10001,970
10,NORMA-20873,971
10,NORMA-10852,972
10,NORMA-11382,973
10,NORMA-11148,974
10,NORMA-19513,975
10,NORMA-560,976
10,NORMA-11864,977
10,NORMA-9254,978
10,NORMA-20923,979
10,NORMA-11668,980
10,NORMA-18219,981
10,NORMA-6346,982
10,NORMA-4651,983
10,NORMA-2092,984
10,NORMA-26181,985
10,NORMA-18899,986
10,NORMA-11714,987
10,NORMA-18548,988
10,NORMA-9744,989
10,NORMA-9030,990
10,NORMA-9583,991
10,NORMA-7667,992
10,NORMA-20900,993
10,NORMA-19230,994
10,NORMA-1999,995
10,NORMA-10459,996
10,NORMA-11729,997
10,NORMA-5226,998
10,NORMA-18407,999
10,NORMA-15882,1000
11,NORMA-20696,1
11,NORMA-20452,2
11,NORMA-20293,3
11,NORMA-20210,4
11,NORMA-20429,5
11,NORMA-20806,6
11,NORMA-20191,7
11,NORMA-20718,8
11,NORMA-19797,9
11,NORMA-26,10
11,NORMA-20557,11
11,NORMA-20519,12
11,NORMA-1092,13
11,NORMA-19588,14
11,NORMA-20205,15
11,NORMA-20977,16
11,NORMA-188,17
11,NORMA-20249,18
11,NORMA-20397,19
11,NORMA-20989,20
11,NORMA-15701,21
11,NORMA-20993,22
11,NORMA-18430,23
11,NORMA-12837,24
11,NORMA-19442,25
11,NORMA-12777,26
11,NORMA-18989,27
11,NORMA-21717,28
11,NORMA-14703,29
11,NORMA-21305,30
11,NORMA-20507,31
11,NORMA-11913,32
11,NORMA-16462,33
11,NORMA-14629,34
11,NORMA-14725,35
11,NORMA-12685,36
11,NORMA-28961,37
11,NORMA-10749,38
11,NORMA-13699,39
11,NORMA-14995,40
11,NORMA-3723,41
11,NORMA-6320,42
11,NORMA-20854,43
11,NORMA-834,44
11,NORMA-22861,45
11,NORMA-4239,46
11,NORMA-19426,47
11,NORMA-4117,48
11,NORMA-6766,49
11,NORMA-6251,50
11,NORMA-4122,51
11,NORMA-217,52
11,NORMA-13230,53
11,NORMA-18873,54
11,NORMA-12917,55
11,NORMA-12997,56
11,NORMA-18221,57
11,NORMA-21459,58
11,NORMA-19596,59
11,NORMA-19090,60
11,NORMA-18212,61
11,NORMA-6851,62
11,NORMA-20436,63
11,NORMA-21420,64
11,NORMA-11901,65
11,NORMA-11505,66
11,NORMA-21107,67
11,NORMA-14974,68
11,NORMA-11226,69
11,NORMA-6595,70
11,NORMA-19727,71
11,NORMA-20225,72
11,NORMA-21369,73
11,NORMA-14587,74
11,NORMA-15134,75
11,NORMA-13903,76
11,NORMA-23521,77
11,NORMA-9681,78
11,NORMA-9067,79
11,NORMA-14937,80
11,NORMA-21524,81
11,NORMA-16202,82
11,NORMA-10219,83
11,NORMA-10745,84
11,NORMA-13158,85
11,NORMA-18818,86
11,NORMA-10590,87
11,NORMA-10534,88
11,NORMA-10347,89
11,NORMA-13469,90
11,NORMA-11292,91
11,NORMA-20304,92
11,NORMA-20147,93
11,NORMA-20322,94
11,NORMA-20817,95
11,NORMA-7149,96
11,NORMA-19582,97
11,NORMA-21026,98
11,NORMA-19724,99
11,NORMA-2522,100
11,NORMA-8522,101
11,NORMA-18845,102
11,NORMA-3001,103
11,NORMA-20692,104
11,NORMA-19650,105
11,NORMA-560,106
11,NORMA-309,107
11,NORMA-570,108
11,NORMA-15561,109
11,NORMA-11814,110
11,NORMA-10931,111
11,NORMA-27761,112
11,NORMA-18292,113
11,NORMA-20144,114
11,NORMA-75,115
11,NORMA-18838,116
11,NORMA-19192,117
11,NORMA-2517,118
11,NORMA-19955,119
11,NORMA-18474,120
11,NORMA-1994,121
11,NORMA-21046,122
11,NORMA-4711,123
11,NORMA-4075,124
11,NORMA-20263,125
11,NORMA-18549,126
11,NORMA-21539,127
11,NORMA-209,128
11,NORMA-20474,129
11,NORMA-28181,130
11,NORMA-211,131
11,NORMA-21446,132
11,NORMA-2158,133
11,NORMA-3201,134
11,NORMA-18439,135
11,NORMA-20473,136
11,NORMA-15211,137
11,NORMA-21506,138
11,NORMA-12029,139
11,NORMA-20065,140
11,NORMA-19536,141
11,NORMA-12067,142
11,NORMA-21157,143
11,NORMA-1740,144
11,NORMA-4275,145
11,NORMA-2375,146
11,NORMA-19231,147
11,NORMA-18339,148
11,NORMA-208,149
11,NORMA-20938,150
11,NORMA-18802,151
11,NORMA-20754,152
11,NORMA-8458,153
11,NORMA-5536,154
11,NORMA-1416,155
11,NORMA-6140,156
11,NORMA-21716,157
11,NORMA-18798,158
11,NORMA-7384,159
11,NORMA-7113,160
11,NORMA-6783,161
11,NORMA-20183,162
11,NORMA-2184,163
11,NORMA-7027,164
11,NORMA-19639,165
11,NORMA-5421,166
11,NORMA-1534,167
11,NORMA-20356,168
11,NORMA-18301,169
11,NORMA-23523,170
11,NORMA-21164,171
11,NORMA-24961,172
11,NORMA-21705,173
11,NORMA-19169,174
11,NORMA-21217,175
11,NORMA-18533,176
11,NORMA-7386,177
11,NORMA-3241,178
11,NORMA-19716,179
11,NORMA-4182,180
11,NORMA-21274,181
11,NORMA-7222,182
11,NORMA-20833,183
11,NORMA-18740,184
11,NORMA-7225,185
11,NORMA-21308,186
11,NORMA-19445,187
11,NORMA-7953,188
11,NORMA-21409,189
11,NORMA-20934,190
11,NORMA-17401,191
11,NORMA-3571,192
11,NORMA-380,193
11,NORMA-11738,194
11,NORMA-18771,195
11,NORMA-20082,196
11,NORMA-222,197
11,NORMA-20077,198
11,NORMA-21069,199
11,NORMA-21198,200
11,NORMA-21541,201
11,NORMA-18293,202
11,NORMA-1407,203
11,NORMA-21189,204
11,NORMA-20316,205
11,NORMA-10200,206
11,NORMA-4318,207
11,NORMA-19829,208
11,NORMA-13416,209
11,NORMA-10819,210
11,NORMA-21444,211
11,NORMA-10818,212
11,NORMA-1179,213
11,NORMA-1422,214
11,NORMA-14926,215
11,NORMA-19540,216
11,NORMA-20203,217
11,NORMA-265,218
11,NORMA-20344,219
11,NORMA-21290,220
11,NORMA-21712,221
11,NORMA-20477,222
11,NORMA-1555,223
11,NORMA-18216,224
11,NORMA-20801,225
11,NORMA-20778,226
11,NORMA-18548,227
11,NORMA-8435,228
11,NORMA-219,229
11,NORMA-13264,230
11,NORMA-20909,231
11,NORMA-25902,232
11,NORMA-20422,233
11,NORMA-7390,234
11,NORMA-11599,235
11,NORMA-25964,236
11,NORMA-3735,237
11,NORMA-27101,238
11,NORMA-13519,239
11,NORMA-5381,240
11,NORMA-19866,241
11,NORMA-15239,242
11,NORMA-20385,243
11,NORMA-4634,244
11,NORMA-27501,245
11,NORMA-15027,246
11,NORMA-13229,247
11,NORMA-1175,248
11,NORMA-20159,249
11,NORMA-26163,250
11,NORMA-19622,251
11,NORMA-20869,252
11,NORMA-19891,253
11,NORMA-21394,254
11,NORMA-19574,255
11,NORMA-14113,256
11,NORMA-14345,257
11,NORMA-2921,258
11,NORMA-6880,259
11,NORMA-22941,260
11,NORMA-15159,261
11,NORMA-19427,262
11,NORMA-1171,263
11,NORMA-19733,264
11,NORMA-4792,265
11,NORMA-4500,266
11,NORMA-20189,267
11,NORMA-27550,268
11,NORMA-20521,269
11,NORMA-17281,270
11,NORMA-9724,271
11,NORMA-6451,272
11,NORMA-21725,273
11,NORMA-6521,274
11,NORMA-18562,275
11,NORMA-13995,276
11,NORMA-23027,277
11,NORMA-10018,278
11,NORMA-20512,279
11,NORMA-22001,280
11,NORMA-18386,281
11,NORMA-21257,282
11,NORMA-24102,283
11,NORMA-9936,284
11,NORMA-21689,285
11,NORMA-12102,286
11,NORMA-835,287
11,NORMA-21580,288
11,NORMA-19862,289
11,NORMA-72,290
11,NORMA-15662,291
11,NORMA-28466,292
11,NORMA-8575,293
11,NORMA-20269,294
11,NORMA-27687,295
11,NORMA-28361,296
11,NORMA-19700,297
11,NORMA-680,298
11,NORMA-18635,299
11,NORMA-28802,300
11,NORMA-1674,301
11,NORMA-26281,302
11,NORMA-18625,303
11,NORMA-11769,304
11,NORMA-6291,305
11,NORMA-6702,306
11,NORMA-3597,307
11,NORMA-19787,308
11,NORMA-19874,309
11,NORMA-18972,310
11,NORMA-2336,311
11,NORMA-20179,312
11,NORMA-20804,313
11,NORMA-20971,314
11,NORMA-21071,315
11,NORMA-3656,316
11,NORMA-6758,317
11,NORMA-20955,318
11,NORMA-18233,319
11,NORMA-6256,320
11,NORMA-6623,321
11,NORMA-14508,322
11,NORMA-10538,323
11,NORMA-9446,324
11,NORMA-5735,325
11,NORMA-20630,326
11,NORMA-18583,327
11,NORMA-20554,328
11,NORMA-20314,329
11,NORMA-20604,330
11,NORMA-19645,331
11,NORMA-23301,332
11,NORMA-25761,333
11,NORMA-18418,334
11,NORMA-14812,335
11,NORMA-21608,336
11,NORMA-18226,337
11,NORMA-18688,338
11,NORMA-2337,339
11,NORMA-4701,340
11,NORMA-17161,341
11,NORMA-19826,342
11,NORMA-18646,343
11,NORMA-20812,344
11,NORMA-20064,345
11,NORMA-4171,346
11,NORMA-20442,347
11,NORMA-18958,348
11,NORMA-20321,349
11,NORMA-20329,350
11,NORMA-13835,351
11,NORMA-20949,352
11,NORMA-21140,353
11,NORMA-7012,354
11,NORMA-14666,355
11,NORMA-19842,356
11,NORMA-2071,357
11,NORMA-14856,358
11,NORMA-20334,359
11,NORMA-9455,360
11,NORMA-1471,361
11,NORMA-15246,362
11,NORMA-20616,363
11,NORMA-1671,364
11,NORMA-9078,365
11,NORMA-20340,366
11,NORMA-10429,367
11,NORMA-18432,368
11,NORMA-13032,369
11,NORMA-29186,370
11,NORMA-13516,371
11,NORMA-19730,372
11,NORMA-4549,373
11,NORMA-8161,374
11,NORMA-9072,375
11,NORMA-1421,376
11,NORMA-6199,377
11,NORMA-18884,378
11,NORMA-26885,379
11,NORMA-9705,380
11,NORMA-15150,381
11,NORMA-6747,382
11,NORMA-21094,383
11,NORMA-20428,384
11,NORMA-20091,385
11,NORMA-19977,386
11,NORMA-9928,387
11,NORMA-5566,388
11,NORMA-21437,389
11,NORMA-9740,390
11,NORMA-21449,391
11,NORMA-13912,392
11,NORMA-18627,393
11,NORMA-9739,394
11,NORMA-19828,395
11,NORMA-8409,396
11,NORMA-19976,397
11,NORMA-13883,398
11,NORMA-14429,399
11,NORMA-9856,400
11,NORMA-20105,401
11,NORMA-10247,402
11,NORMA-4052,403
11,NORMA-20439,404
11,NORMA-19975,405
11,NORMA-14208,406
11,NORMA-11352,407
11,NORMA-13241,408
11,NORMA-19974,409
11,NORMA-19785,410
11,NORMA-9332,411
11,NORMA-20187,412
11,NORMA-9375,413
11,NORMA-3484,414
11,NORMA-4736,415
11,NORMA-7910,416
11,NORMA-3975,417
11,NORMA-19969,418
11,NORMA-20567,419
11,NORMA-19859,420
11,NORMA-6753,421
11,NORMA-6716,422
11,NORMA-13664,423
11,NORMA-8840,424
11,NORMA-28821,425
11,NORMA-22262,426
11,NORMA-5552,427
11,NORMA-7993,428
11,NORMA-10380,429
11,NORMA-13583,430
11,NORMA-6509,431
11,NORMA-10296,432
11,NORMA-9794,433
11,NORMA-10788,434
11,NORMA-20136,435
11,NORMA-9870,436
11,NORMA-26241,437
11,NORMA-8800,438
11,NORMA-9862,439
11,NORMA-20541,440
11,NORMA-1840,441
11,NORMA-10668,442
11,NORMA-10017,443
11,NORMA-10565,444
11,NORMA-9738,445
11,NORMA-20545,446
11,NORMA-20924,447
11,NORMA-22643,448
11,NORMA-21755,449
11,NORMA-21090,450
11,NORMA-20835,451
11,NORMA-9737,452
11,NORMA-9861,453
11,NORMA-20053,454
11,NORMA-6599,455
11,NORMA-10610,456
11,NORMA-10435,457
11,NORMA-10529,458
11,NORMA-5712,459
11,NORMA-4091,460
11,NORMA-7651,461
11,NORMA-10434,462
11,NORMA-5812,463
11,NORMA-9855,464
11,NORMA-4074,465
11,NORMA-7097,466
11,NORMA-4710,467
11,NORMA-18647,468
11,NORMA-17061,469
11,NORMA-13772,470
11,NORMA-20796,471
11,NORMA-4818,472
11,NORMA-14965,473
11,NORMA-8156,474
11,NORMA-22822,475
11,NORMA-729,476
11,NORMA-20627,477
11,NORMA-20538,478
11,NORMA-11664,479
11,NORMA-5535,480
11,NORMA-8158,481
11,NORMA-20599,482
11,NORMA-15465,483
11,NORMA-28362,484
11,NORMA-10669,485
11,NORMA-19297,486
11,NORMA-21345,487
11,NORMA-6326,488
11,NORMA-5694,489
11,NORMA-18404,490
11,NORMA-8537,491
11,NORMA-9384,492
11,NORMA-18732,493
11,NORMA-6378,494
11,NORMA-13931,495
11,NORMA-15427,496
11,NORMA-27925,497
11,NORMA-23941,498
11,NORMA-1252,499
11,NORMA-18685,500
11,NORMA-19655,501
11,NORMA-5968,502
11,NORMA-11720,503
11,NORMA-18122,504
11,NORMA-21729,505
11,NORMA-9679,506
11,NORMA-12771,507
11,NORMA-9890,508
11,NORMA-18565,509
11,NORMA-13458,510
11,NORMA-6598,511
11,NORMA-21721,512
11,NORMA-13547,513
11,NORMA-11414,514
11,NORMA-18998,515
11,NORMA-21404,516
11,NORMA-19187,517
11,NORMA-14089,518
11,NORMA-4298,519
11,NORMA-20188,520
11,NORMA-19822,521
11,NORMA-13262,522
11,NORMA-13365,523
11,NORMA-6314,524
11,NORMA-13202,525
11,NORMA-27924,526
11,NORMA-20515,527
11,NORMA-14111,528
11,NORMA-4240,529
11,NORMA-5385,530
11,NORMA-3824,531
11,NORMA-21002,532
11,NORMA-18456,533
11,NORMA-20317,534
11,NORMA-4944,535
11,NORMA-7556,536
11,NORMA-6242,537
11,NORMA-20499,538
11,NORMA-21769,539
11,NORMA-18203,540
11,NORMA-9823,541
11,NORMA-11157,542
11,NORMA-20121,543
11,NORMA-7504,544
11,NORMA-18691,545
11,NORMA-20174,546
11,NORMA-4512,547
11,NORMA-18825,548
11,NORMA-20839,549
11,NORMA-19009,550
11,NORMA-21152,551
11,NORMA-18539,552
11,NORMA-18831,553
11,NORMA-20201,554
11,NORMA-19430,555
11,NORMA-7160,556
11,NORMA-18577,557
11,NORMA-21564,558
11,NORMA-19769,559
11,NORMA-8894,560
11,NORMA-19845,561
11,NORMA-20101,562
11,NORMA-996,563
11,NORMA-12066,564
11,NORMA-19194,565
11,NORMA-21535,566
11,NORMA-9843,567
11,NORMA-20682,568
11,NORMA-20089,569
11,NORMA-17461,570
11,NORMA-18961,571
11,NORMA-27564,572
11,NORMA-21578,573
11,NORMA-12919,574
11,NORMA-19871,575
11,NORMA-807,576
11,NORMA-19945,577
11,NORMA-3381,578
11,NORMA-1154,579
11,NORMA-19800,580
11,NORMA-21738,581
11,NORMA-21635,582
11,NORMA-21701,583
11,NORMA-18286,584
11,NORMA-14465,585
11,NORMA-8700,586
11,NORMA-21787,587
11,NORMA-19444,588
11,NORMA-15603,589
11,NORMA-6069,590
11,NORMA-20192,591
11,NORMA-21743,592
11,NORMA-1222,593
11,NORMA-18239,594
11,NORMA-21232,595
11,NORMA-19303,596
11,NORMA-21423,597
11,NORMA-21624,598
11,NORMA-20007,599
11,NORMA-18435,600
11,NORMA-8194,601
11,NORMA-20258,602
11,NORMA-10974,603
11,NORMA-159,604
11,NORMA-27361,605
11,NORMA-8111,606
11,NORMA-7648,607
11,NORMA-21199,608
11,NORMA-61,609
11,NORMA-21515,610
11,NORMA-802,611
11,NORMA-12867,612
11,NORMA-20828,613
11,NORMA-10259,614
11,NORMA-2399,615
11,NORMA-9844,616
11,NORMA-11319,617
11,NORMA-10339,618
11,NORMA-20834,619
11,NORMA-12747,620
11,NORMA-13914,621
11,NORMA-12832,622
11,NORMA-21613,623
11,NORMA-3281,624
11,NORMA-20800,625
11,NORMA-19863,626
11,NORMA-27022,627
11,NORMA-2555,628
11,NORMA-21309,629
11,NORMA-59,630
11,NORMA-18249,631
11,NORMA-19081,632
11,NORMA-660,633
11,NORMA-18287,634
11,NORMA-28467,635
11,NORMA-21631,636
11,NORMA-21660,637
11,NORMA-11688,638
11,NORMA-12730,639
11,NORMA-801,640
11,NORMA-18824,641
11,NORMA-13298,642
11,NORMA-2185,643
11,NORMA-21468,644
11,NORMA-19021,645
11,NORMA-13195,646
11,NORMA-12648,647
11,NORMA-1611,648
11,NORMA-18274,649
11,NORMA-20402,650
11,NORMA-818,651
11,NORMA-19981,652
11,NORMA-13390,653
11,NORMA-26263,654
11,NORMA-18654,655
11,NORMA-1474,656
11,NORMA-554,657
11,NORMA-18886,658
11,NORMA-13593,659
11,NORMA-19919,660
11,NORMA-12607,661
11,NORMA-19422,662
11,NORMA-20172,663
11,NORMA-5008,664
11,NORMA-19471,665
11,NORMA-18284,666
11,NORMA-10486,667
11,NORMA-4909,668
11,NORMA-18906,669
11,NORMA-19903,670
11,NORMA-21273,671
11,NORMA-15028,672
11,NORMA-21286,673
11,NORMA-18807,674
11,NORMA-14661,675
11,NORMA-19878,676
11,NORMA-14501,677
11,NORMA-19741,678
11,NORMA-20465,679
11,NORMA-20621,680
11,NORMA-18766,681
11,NORMA-19234,682
11,NORMA-11857,683
11,NORMA-23026,684
11,NORMA-19883,685
11,NORMA-21609,686
11,NORMA-21215,687
11,NORMA-36,688
11,NORMA-19468,689
11,NORMA-15901,690
11,NORMA-21752,691
11,NORMA-20128,692
11,NORMA-2091,693
11,NORMA-704,694
11,NORMA-19279,695
11,NORMA-21756,696
11,NORMA-20270,697
11,NORMA-19928,698
11,NORMA-15259,699
11,NORMA-6075,700
11,NORMA-2013,701
11,NORMA-14463,702
11,NORMA-21325,703
11,NORMA-2020,704
11,NORMA-11882,705
11,NORMA-21538,706
11,NORMA-20021,707
11,NORMA-18403,708
11,NORMA-13056,709
11,NORMA-20870,710
11,NORMA-20902,711
11,NORMA-21223,712
11,NORMA-21043,713
11,NORMA-12900,714
11,NORMA-12901,715
11,NORMA-7011,716
11,NORMA-11472,717
11,NORMA-20426,718
11,NORMA-6760,719
11,NORMA-20580,720
11,NORMA-19403,721
11,NORMA-10865,722
11,NORMA-19852,723
11,NORMA-6819,724
11,NORMA-9358,725
11,NORMA-20468,726
11,NORMA-29225,727
11,NORMA-29167,728
11,NORMA-29141,729
11,NORMA-28721,730
11,NORMA-18697,731
11,NORMA-20039,732
11,NORMA-4906,733
11,NORMA-27581,734
11,NORMA-18931,735
11,NORMA-6820,736
11,NORMA-21367,737
11,NORMA-28283,738
11,NORMA-27565,739
11,NORMA-23681,740
11,NORMA-26003,741
11,NORMA-27569,742
11,NORMA-15278,743
11,NORMA-9741,744
11,NORMA-8160,745
11,NORMA-18605,746
11,NORMA-13265,747
11,NORMA-28342,748
11,NORMA-27562,749
11,NORMA-15304,750
11,NORMA-1620,751
11,NORMA-9853,752
11,NORMA-20292,753
11,NORMA-20861,754
11,NORMA-20513,755
11,NORMA-20514,756
11,NORMA-9715,757
11,NORMA-18356,758
11,NORMA-18280,759
11,NORMA-10154,760
11,NORMA-6877,761
11,NORMA-21277,762
11,NORMA-6631,763
11,NORMA-20602,764
11,NORMA-21237,765
11,NORMA-207,766
11,NORMA-6559,767
11,NORMA-6633,768
11,NORMA-9783,769
11,NORMA-7381,770
11,NORMA-1573,771
11,NORMA-12630,772
11,NORMA-20437,773
11,NORMA-5495,774
11,NORMA-6088,775
11,NORMA-18462,776
11,NORMA-6813,777
11,NORMA-20141,778
11,NORMA-15045,779
11,NORMA-23682,780
11,NORMA-20171,781
11,NORMA-12262,782
11,NORMA-12159,783
11,NORMA-12188,784
11,NORMA-6250,785
11,NORMA-6556,786
11,NORMA-6557,787
11,NORMA-6699,788
11,NORMA-2005,789
11,NORMA-14542,790
11,NORMA-13237,791
11,NORMA-15521,792
11,NORMA-10331,793
11,NORMA-5813,794
11,NORMA-8204,795
11,NORMA-13877,796
11,NORMA-6656,797
11,NORMA-1317,798
11,NORMA-11496,799
11,NORMA-14870,800
11,NORMA-9482,801
11,NORMA-10365,802
11,NORMA-3481,803
11,NORMA-20443,804
11,NORMA-13769,805
11,NORMA-20389,806
11,NORMA-3482,807
11,NORMA-4515,808
11,NORMA-6970,809
11,NORMA-3744,810
11,NORMA-783,811
11,NORMA-6965,812
11,NORMA-7506,813
11,NORMA-7620,814
11,NORMA-5672,815
11,NORMA-4429,816
11,NORMA-5985,817
11,NORMA-20195,818
11,NORMA-11413,819
11,NORMA-10692,820
11,NORMA-3734,821
11,NORMA-10925,822
11,NORMA-4931,823
11,NORMA-11476,824
11,NORMA-6622,825
11,NORMA-4977,826
11,NORMA-6665,827
11,NORMA-974,828
11,NORMA-15921,829
11,NORMA-11621,830
11,NORMA-3516,831
11,NORMA-9866,832
11,NORMA-9026,833
11,NORMA-14884,834
11,NORMA-11652,835
11,NORMA-6177,836
11,NORMA-15387,837
11,NORMA-9972,838
11,NORMA-6005,839
11,NORMA-19219,840
11,NORMA-10920,841
11,NORMA-21434,842
11,NORMA-8203,843
11,NORMA-14654,844
11,NORMA-10123,845
11,NORMA-11282,846
11,NORMA-3893,847
11,NORMA-18364,848
11,NORMA-13913,849
11,NORMA-12397,850
11,NORMA-13392,851
11,NORMA-6186,852
11,NORMA-21332,853
11,NORMA-10741,854
11,NORMA-17162,855
11,NORMA-12903,856
11,NORMA-15394,857
11,NORMA-4310,858
11,NORMA-12165,859
11,NORMA-9297,860
11,NORMA-10039,861
11,NORMA-13106,862
11,NORMA-23001,863
11,NORMA-12972,864
11,NORMA-19735,865
11,NORMA-20359,866
11,NORMA-21085,867
11,NORMA-27321,868
11,NORMA-6189,869
11,NORMA-14462,870
11,NORMA-20460,871
11,NORMA-7674,872
11,NORMA-21224,873
11,NORMA-19191,874
11,NORMA-10342,875
11,NORMA-18772,876
11,NORMA-18501,877
11,NORMA-19972,878
11,NORMA-21295,879
11,NORMA-11416,880
11,NORMA-11916,881
11,NORMA-21211,882
11,NORMA-12975,883
11,NORMA-483,884
11,NORMA-13586,885
11,NORMA-19152,886
11,NORMA-14618,887
11,NORMA-20405,888
11,NORMA-3825,889
11,NORMA-11233,890
11,NORMA-10720,891
11,NORMA-2383,892
11,NORMA-20096,893
11,NORMA-20908,894
11,NORMA-18816,895
11,NORMA-13534,896
11,NORMA-13472,897
11,NORMA-28001,898
11,NORMA-13954,899
11,NORMA-29182,900
11,NORMA-20738,901
11,NORMA-7194,902
11,NORMA-12717,903
11,NORMA-13480,904
11,NORMA-20756,905
11,NORMA-14874,906
11,NORMA-4394,907
11,NORMA-13990,908
11,NORMA-26881,909
11,NORMA-4514,910
11,NORMA-3622,911
11,NORMA-21418,912
11,NORMA-20083,913
11,NORMA-18937,914
11,NORMA-11418,915
11,NORMA-19394,916
11,NORMA-4734,917
11,NORMA-19181,918
11,NORMA-13218,919
11,NORMA-18885,920
11,NORMA-20731,921
11,NORMA-20056,922
11,NORMA-8119,923
11,NORMA-12039,924
11,NORMA-11164,925
11,NORMA-20894,926
11,NORMA-20423,927
11,NORMA-4777,928
11,NORMA-21012,929
11,NORMA-20060,930
11,NORMA-3525,931
11,NORMA-21170,932
11,NORMA-21630,933
11,NORMA-14890,934
11,NORMA-4586,935
11,NORMA-21544,936
11,NORMA-5494,937
11,NORMA-21272,938
11,NORMA-3819,939
11,NORMA-19391,940
11,NORMA-12872,941
11,NORMA-18954,942
11,NORMA-13170,943
11,NORMA-14814,944
11,NORMA-19155,945
11,NORMA-18319,946
11,NORMA-509,947
11,NORMA-20633,948
11,NORMA-643,949
11,NORMA-13160,950
11,NORMA-20626,951
11,NORMA-14293,952
11,NORMA-1463,953
11,NORMA-20374,954
11,NORMA-6249,955
11,NORMA-20914,956
11,NORMA-20865,957
11,NORMA-21761,958
11,NORMA-19712,959
11,NORMA-6253,960
11,NORMA-19573,961
11,NORMA-19939,962
11,NORMA-20166,963
11,NORMA-12092,964
11,NORMA-7466,965
11,NORMA-21158,966
11,NORMA-13802,967
11,NORMA-19609,968
11,NORMA-19784,969
11,NORMA-10326,970
11,NORMA-21361,971
11,NORMA-18217,972
11,NORMA-4219,973
11,NORMA-11236,974
11,NORMA-19648,975
11,NORMA-21477,976
11,NORMA-3907,977
11,NORMA-21537,978
11,NORMA-19473,979
11,NORMA-249,980
11,NORMA-20446,981
11,NORMA-18823,982
11,NORMA-19374,983
11,NORMA-4297,984
11,NORMA-4314,985
11,NORMA-10821,986
11,NORMA-27045,987
11,NORMA-19503,988
11,NORMA-20845,989
11,NORMA-18971,990
11,NORMA-20873,991
11,NORMA-19925,992
11,NORMA-21606,993
11,NORMA-27521,994
11,NORMA-3966,995
11,NORMA-4898,996
11,NORMA-332,997
11,NORMA-18933,998
11,NORMA-18201,999
11,NORMA-9888,1000
13,NORMA-19105,1
13,NORMA-20201,2
13,NORMA-20199,3
13,NORMA-27001,4
13,NORMA-21729,5
13,NORMA-18576,6
13,NORMA-20709,7
13,NORMA-19799,8
13,NORMA-20421,9
13,NORMA-21158,10
13,NORMA-19939,11
13,NORMA-18605,12
13,NORMA-12880,13
13,NORMA-18906,14
13,NORMA-20708,15
13,NORMA-20700,16
13,NORMA-18604,17
13,NORMA-19969,18
13,NORMA-21774,19
13,NORMA-13959,20
13,NORMA-18284,21
13,NORMA-18677,22
13,NORMA-18221,23
13,NORMA-20468,24
13,NORMA-19503,25
13,NORMA-18958,26
13,NORMA-18465,27
13,NORMA-19724,28
13,NORMA-21697,29
13,NORMA-18730,30
13,NORMA-19655,31
13,NORMA-19167,32
13,NORMA-21420,33
13,NORMA-1620,34
13,NORMA-15060,35
13,NORMA-19391,36
13,NORMA-20465,37
13,NORMA-19088,38
13,NORMA-21404,39
13,NORMA-20200,40
13,NORMA-3503,41
13,NORMA-7149,42
13,NORMA-21468,43
13,NORMA-21746,44
13,NORMA-18337,45
13,NORMA-20065,46
13,NORMA-19445,47
13,NORMA-20336,48
13,NORMA-18748,49
13,NORMA-12911,50
13,NORMA-12067,51
13,NORMA-18314,52
13,NORMA-689,53
13,NORMA-20426,54
13,NORMA-19413,55
13,NORMA-13476,56
13,NORMA-6140,57
13,NORMA-18237,58
13,NORMA-20056,59
13,NORMA-7113,60
13,NORMA-8435,61
13,NORMA-19426,62
13,NORMA-20474,63
13,NORMA-31903,64
13,NORMA-20796,65
13,NORMA-14744,66
13,NORMA-21026,67
13,NORMA-15211,68
13,NORMA-18989,69
13,NORMA-19639,70
13,NORMA-19027,71
13,NORMA-20302,72
13,NORMA-12490,73
13,NORMA-20188,74
13,NORMA-21747,75
13,NORMA-9724,76
13,NORMA-13918,77
13,NORMA-21461,78
13,NORMA-20936,79
13,NORMA-14390,80
13,NORMA-21275,81
13,NORMA-21538,82
13,NORMA-13470,83
13,NORMA-20135,84
13,NORMA-20460,85
13,NORMA-21524,86
13,NORMA-20359,87
13,NORMA-19777,88
13,NORMA-27044,89
13,NORMA-21269,90
13,NORMA-19408,91
13,NORMA-12657,92
13,NORMA-19634,93
13,NORMA-883,94
13,NORMA-19919,95
13,NORMA-19444,96
13,NORMA-6253,97
13,NORMA-21012,98
13,NORMA-19715,99
13,NORMA-19281,100
13,NORMA-20443,101
13,NORMA-21283,102
13,NORMA-20797,103
13,NORMA-21744,104
13,NORMA-20428,105
13,NORMA-18215,106
13,NORMA-18456,107
13,NORMA-21717,108
13,NORMA-14937,109
13,NORMA-20885,110
13,NORMA-21273,111
13,NORMA-13158,112
13,NORMA-21342,113
13,NORMA-21220,114
13,NORMA-6783,115
13,NORMA-16202,116
13,NORMA-21631,117
13,NORMA-13469,118
13,NORMA-18227,119
13,NORMA-18979,120
13,NORMA-19343,121
13,NORMA-18722,122
13,NORMA-7386,123
13,NORMA-20865,124
13,NORMA-1999,125
13,NORMA-19205,126
13,NORMA-7222,127
13,NORMA-1222,128
13,NORMA-21650,129
13,NORMA-19684,130
13,NORMA-21613,131
13,NORMA-36,132
13,NORMA-20950,133
13,NORMA-7225,134
13,NORMA-21459,135
13,NORMA-3966,136
13,NORMA-21606,137
13,NORMA-21434,138
13,NORMA-21186,139
13,NORMA-21676,140
13,NORMA-21279,141
13,NORMA-18461,142
13,NORMA-21653,143
13,NORMA-21312,144
13,NORMA-20072,145
13,NORMA-20473,146
13,NORMA-21405,147
13,NORMA-21384,148
13,NORMA-12437,149
13,NORMA-20138,150
13,NORMA-19646,151
13,NORMA-19337,152
13,NORMA-14967,153
13,NORMA-20157,154
13,NORMA-21297,155
13,NORMA-6677,156
13,NORMA-13298,157
13,NORMA-19605,158
13,NORMA-19977,159
13,NORMA-21522,160
13,NORMA-19640,161
13,NORMA-13402,162
13,NORMA-20894,163
13,NORMA-232,164
13,NORMA-23521,165
13,NORMA-20970,166
13,NORMA-21757,167
13,NORMA-15339,168
13,NORMA-20316,169
13,NORMA-19650,170
13,NORMA-20192,171
13,NORMA-20626,172
13,NORMA-20778,173
13,NORMA-20557,174
13,NORMA-27761,175
13,NORMA-21386,176
13,NORMA-19727,177
13,NORMA-19295,178
13,NORMA-21648,179
13,NORMA-27063,180
13,NORMA-20585,181
13,NORMA-7390,182
13,NORMA-20203,183
13,NORMA-20633,184
13,NORMA-19192,185
13,NORMA-20987,186
13,NORMA-21278,187
13,NORMA-18873,188
13,NORMA-21241,189
13,NORMA-26881,190
13,NORMA-21767,191
13,NORMA-18801,192
13,NORMA-6268,193
13,NORMA-21526,194
13,NORMA-13797,195
13,NORMA-1786,196
13,NORMA-21225,197
13,NORMA-18201,198
13,NORMA-20494,199
13,NORMA-8522,200
13,NORMA-21336,201
13,NORMA-21453,202
13,NORMA-21680,203
13,NORMA-20182,204
13,NORMA-20095,205
13,NORMA-21762,206
13,NORMA-21521,207
13,NORMA-21683,208
13,NORMA-21783,209
13,NORMA-21326,210
13,NORMA-18691,211
13,NORMA-20448,212
13,NORMA-8814,213
13,NORMA-6621,214
13,NORMA-2378,215
13,NORMA-2534,216
13,NORMA-19830,217
13,NORMA-21408,218
13,NORMA-21678,219
13,NORMA-21684,220
13,NORMA-21651,221
13,NORMA-19658,222
13,NORMA-18709,223
13,NORMA-1740,224
13,NORMA-9358,225
13,NORMA-10116,226
13,NORMA-20115,227
13,NORMA-19329,228
13,NORMA-19155,229
13,NORMA-20754,230
13,NORMA-18685,231
13,NORMA-31923,232
13,NORMA-18967,233
13,NORMA-11085,234
13,NORMA-8205,235
13,NORMA-25523,236
13,NORMA-6962,237
13,NORMA-3571,238
13,NORMA-15701,239
13,NORMA-20240,240
13,NORMA-14294,241
13,NORMA-19870,242
13,NORMA-19128,243
13,NORMA-18430,244
13,NORMA-20989,245
13,NORMA-20606,246
13,NORMA-18248,247
13,NORMA-6488,248
13,NORMA-6702,249
13,NORMA-18750,250
13,NORMA-1373,251
13,NORMA-11400,252
13,NORMA-28961,253
13,NORMA-10888,254
13,NORMA-20605,255
13,NORMA-15561,256
13,NORMA-21361,257
13,NORMA-12728,258
13,NORMA-3201,259
13,NORMA-20921,260
13,NORMA-1138,261
13,NORMA-21554,262
13,NORMA-2517,263
13,NORMA-20924,264
13,NORMA-20166,265
13,NORMA-18656,266
13,NORMA-21217,267
13,NORMA-18293,268
13,NORMA-1471,269
13,NORMA-20762,270
13,NORMA-18899,271
13,NORMA-21419,272
13,NORMA-20564,273
13,NORMA-21788,274
13,NORMA-21069,275
13,NORMA-7110,276
13,NORMA-11607,277
13,NORMA-19730,278
13,NORMA-20304,279
13,NORMA-20476,280
13,NORMA-24601,281
13,NORMA-21550,282
13,NORMA-19330,283
13,NORMA-18697,284
13,NORMA-18914,285
13,NORMA-18646,286
13,NORMA-3281,287
13,NORMA-15802,288
13,NORMA-18747,289
13,NORMA-6185,290
13,NORMA-2158,291
13,NORMA-6257,292
13,NORMA-6318,293
13,NORMA-19645,294
13,NORMA-20477,295
13,NORMA-19751,296
13,NORMA-20144,297
13,NORMA-19303,298
13,NORMA-18536,299
13,NORMA-6958,300
13,NORMA-9382,301
13,NORMA-20127,302
13,NORMA-25902,303
13,NORMA-18531,304
13,NORMA-19515,305
13,NORMA-19609,306
13,NORMA-19256,307
13,NORMA-18950,308
13,NORMA-616,309
13,NORMA-9834,310
13,NORMA-19925,311
13,NORMA-20172,312
13,NORMA-19933,313
13,NORMA-10865,314
13,NORMA-28181,315
13,NORMA-23222,316
13,NORMA-20794,317
13,NORMA-19351,318
13,NORMA-18781,319
13,NORMA-20013,320
13,NORMA-19704,321
13,NORMA-15901,322
13,NORMA-19972,323
13,NORMA-19542,324
13,NORMA-21626,325
13,NORMA-13174,326
13,NORMA-6321,327
13,NORMA-18418,328
13,NORMA-6644,329
13,NORMA-20369,330
13,NORMA-21756,331
13,NORMA-19675,332
13,NORMA-3381,333
13,NORMA-21541,334
13,NORMA-21122,335
13,NORMA-19228,336
13,NORMA-21367,337
13,NORMA-6903,338
13,NORMA-27221,339
13,NORMA-25723,340
13,NORMA-20574,341
13,NORMA-18219,342
13,NORMA-20394,343
13,NORMA-19249,344
13,NORMA-19643,345
13,NORMA-11605,346
13,NORMA-19732,347
13,NORMA-19442,348
13,NORMA-21017,349
13,NORMA-19096,350
13,NORMA-18669,351
13,NORMA-21261,352
13,NORMA-18915,353
13,NORMA-6022,354
13,NORMA-18815,355
13,NORMA-21739,356
13,NORMA-18839,357
13,NORMA-19750,358
13,NORMA-18647,359
13,NORMA-12246,360
13,NORMA-20139,361
13,NORMA-21407,362
13,NORMA-819,363
13,NORMA-21264,364
13,NORMA-12066,365
13,NORMA-18404,366
13,NORMA-20402,367
13,NORMA-19061,368
13,NORMA-11875,369
13,NORMA-4277,370
13,NORMA-20870,371
13,NORMA-60,372
13,NORMA-19119,373
13,NORMA-19930,374
13,NORMA-19547,375
13,NORMA-26124,376
13,NORMA-19574,377
13,NORMA-12739,378
13,NORMA-20083,379
13,NORMA-14577,380
13,NORMA-19622,381
13,NORMA-21546,382
13,NORMA-19606,383
13,NORMA-21445,384
13,NORMA-18225,385
13,NORMA-1334,386
13,NORMA-18877,387
13,NORMA-19081,388
13,NORMA-20263,389
13,NORMA-20209,390
13,NORMA-13265,391
13,NORMA-21231,392
13,NORMA-21190,393
13,NORMA-21785,394
13,NORMA-2005,395
13,NORMA-11715,396
13,NORMA-21338,397
13,NORMA-21428,398
13,NORMA-18591,399
13,NORMA-12630,400
13,NORMA-19386,401
13,NORMA-20356,402
13,NORMA-8773,403
13,NORMA-4587,404
13,NORMA-18638,405
13,NORMA-21599,406
13,NORMA-18350,407
13,NORMA-20277,408
13,NORMA-7313,409
13,NORMA-11670,410
13,NORMA-20873,411
13,NORMA-19429,412
13,NORMA-13106,413
13,NORMA-20425,414
13,NORMA-15045,415
13,NORMA-23682,416
13,NORMA-21140,417
13,NORMA-18732,418
13,NORMA-18654,419
13,NORMA-14542,420
13,NORMA-20993,421
13,NORMA-21695,422
13,NORMA-21385,423
13,NORMA-1463,424
13,NORMA-18446,425
13,NORMA-20300,426
13,NORMA-20753,427
13,NORMA-19973,428
13,NORMA-10117,429
13,NORMA-19245,430
13,NORMA-23501,431
13,NORMA-12255,432
13,NORMA-19968,433
13,NORMA-20480,434
13,NORMA-3241,435
13,NORMA-20017,436
13,NORMA-20994,437
13,NORMA-2020,438
13,NORMA-21351,439
13,NORMA-972,440
13,NORMA-22101,441
13,NORMA-11108,442
13,NORMA-14459,443
13,NORMA-11589,444
13,NORMA-11874,445
13,NORMA-18479,446
13,NORMA-12247,447
13,NORMA-21438,448
13,NORMA-12872,449
13,NORMA-20167,450
13,NORMA-1994,451
13,NORMA-1674,452
13,NORMA-18368,453
13,NORMA-27321,454
13,NORMA-33288,455
13,NORMA-19623,456
13,NORMA-19181,457
13,NORMA-20963,458
13,NORMA-19682,459
13,NORMA-11876,460
13,NORMA-21490,461
13,NORMA-18974,462
13,NORMA-19021,463
13,NORMA-19134,464
13,NORMA-20594,465
13,NORMA-10999,466
13,NORMA-12492,467
13,NORMA-19535,468
13,NORMA-1295,469
13,NORMA-1578,470
13,NORMA-27341,471
13,NORMA-12245,472
13,NORMA-19809,473
13,NORMA-19800,474
13,NORMA-10041,475
13,NORMA-20164,476
13,NORMA-21309,477
13,NORMA-21721,478
13,NORMA-6669,479
13,NORMA-21553,480
13,NORMA-20857,481
13,NORMA-20812,482
13,NORMA-33308,483
13,NORMA-30043,484
13,NORMA-18359,485
13,NORMA-24961,486
13,NORMA-21305,487
13,NORMA-21173,488
13,NORMA-1534,489
13,NORMA-19553,490
13,NORMA-20983,491
13,NORMA-21735,492
13,NORMA-20584,493
13,NORMA-21263,494
13,NORMA-21157,495
13,NORMA-20401,496
13,NORMA-21245,497
13,NORMA-15902,498
13,NORMA-21501,499
13,NORMA-19164,500
13,NORMA-20883,501
13,NORMA-20349,502
13,NORMA-19152,503
13,NORMA-1421,504
13,NORMA-21002,505
13,NORMA-21502,506
13,NORMA-18653,507
13,NORMA-12197,508
13,NORMA-19009,509
13,NORMA-21399,510
13,NORMA-21388,511
13,NORMA-21135,512
13,NORMA-21400,513
13,NORMA-20386,514
13,NORMA-11523,515
13,NORMA-21659,516
13,NORMA-20154,517
13,NORMA-21137,518
13,NORMA-21764,519
13,NORMA-19718,520
13,NORMA-21185,521
13,NORMA-11086,522
13,NORMA-61,523
13,NORMA-76,524
13,NORMA-19039,525
13,NORMA-19583,526
13,NORMA-21604,527
13,NORMA-7279,528
13,NORMA-21252,529
13,NORMA-7387,530
13,NORMA-20995,531
13,NORMA-21413,532
13,NORMA-11454,533
13,NORMA-20392,534
13,NORMA-21725,535
13,NORMA-18528,536
13,NORMA-11872,537
13,NORMA-12038,538
13,NORMA-20738,539
13,NORMA-17221,540
13,NORMA-6851,541
13,NORMA-8931,542
13,NORMA-20102,543
13,NORMA-6736,544
13,NORMA-13552,545
13,NORMA-11734,546
13,NORMA-18796,547
13,NORMA-20291,548
13,NORMA-12965,549
13,NORMA-9893,550
13,NORMA-19733,551
13,NORMA-10267,552
13,NORMA-1144,553
13,NORMA-1567,554
13,NORMA-19648,555
13,NORMA-18753,556
13,NORMA-18385,557
13,NORMA-3767,558
13,NORMA-18529,559
13,NORMA-1026,560
13,NORMA-10920,561
13,NORMA-21003,562
13,NORMA-18583,563
13,NORMA-6895,564
13,NORMA-2032,565
13,NORMA-20559,566
13,NORMA-20922,567
13,NORMA-20058,568
13,NORMA-996,569
13,NORMA-21649,570
13,NORMA-20202,571
13,NORMA-18631,572
13,NORMA-10473,573
13,NORMA-14661,574
13,NORMA-19459,575
13,NORMA-11433,576
13,NORMA-21457,577
13,NORMA-5360,578
13,NORMA-20841,579
13,NORMA-20966,580
13,NORMA-21533,581
13,NORMA-14302,582
13,NORMA-19740,583
13,NORMA-21402,584
13,NORMA-11731,585
13,NORMA-21429,586
13,NORMA-20908,587
13,NORMA-19559,588
13,NORMA-18955,589
13,NORMA-11813,590
13,NORMA-21286,591
13,NORMA-21477,592
13,NORMA-18670,593
13,NORMA-3577,594
13,NORMA-5496,595
13,NORMA-18549,596
13,NORMA-15167,597
13,NORMA-14463,598
13,NORMA-26887,599
13,NORMA-21170,600
13,NORMA-19297,601
13,NORMA-19235,602
13,NORMA-18243,603
13,NORMA-21086,604
13,NORMA-2399,605
13,NORMA-18951,606
13,NORMA-21705,607
13,NORMA-21401,608
13,NORMA-6655,609
13,NORMA-10975,610
13,NORMA-11627,611
13,NORMA-11921,612
13,NORMA-11854,613
13,NORMA-13474,614
13,NORMA-20106,615
13,NORMA-20169,616
13,NORMA-5361,617
13,NORMA-807,618
13,NORMA-8772,619
13,NORMA-18992,620
13,NORMA-19278,621
13,NORMA-21508,622
13,NORMA-3511,623
13,NORMA-4278,624
13,NORMA-15082,625
13,NORMA-19691,626
13,NORMA-19667,627
13,NORMA-14813,628
13,NORMA-15237,629
13,NORMA-13706,630
13,NORMA-14709,631
13,NORMA-18699,632
13,NORMA-8206,633
13,NORMA-19315,634
13,NORMA-21360,635
13,NORMA-19255,636
13,NORMA-28141,637
13,NORMA-5421,638
13,NORMA-26102,639
13,NORMA-13919,640
13,NORMA-18474,641
13,NORMA-3638,642
13,NORMA-18762,643
13,NORMA-19546,644
13,NORMA-10219,645
13,NORMA-19440,646
13,NORMA-20397,647
13,NORMA-555,648
13,NORMA-11557,649
13,NORMA-23441,650
13,NORMA-20992,651
13,NORMA-21298,652
13,NORMA-18342,653
13,NORMA-12248,654
13,NORMA-11272,655
13,NORMA-20849,656
13,NORMA-18211,657
13,NORMA-4710,658
13,NORMA-20560,659
13,NORMA-19232,660
13,NORMA-21556,661
13,NORMA-12020,662
13,NORMA-9681,663
13,NORMA-28203,664
13,NORMA-21120,665
13,NORMA-21159,666
13,NORMA-20005,667
13,NORMA-15272,668
13,NORMA-9067,669
13,NORMA-14335,670
13,NORMA-27064,671
13,NORMA-14915,672
13,NORMA-11771,673
13,NORMA-18434,674
13,NORMA-12249,675
13,NORMA-12929,676
13,NORMA-18934,677
13,NORMA-21532,678
13,NORMA-6698,679
13,NORMA-16541,680
13,NORMA-218,681
13,NORMA-11655,682
13,NORMA-21393,683
13,NORMA-21784,684
13,NORMA-20098,685
13,NORMA-984,686
13,NORMA-14239,687
13,NORMA-21500,688
13,NORMA-11443,689
13,NORMA-20990,690
13,NORMA-21776,691
13,NORMA-10107,692
13,NORMA-13746,693
13,NORMA-21647,694
13,NORMA-11758,695
13,NORMA-18577,696
13,NORMA-19619,697
13,NORMA-1840,698
13,NORMA-14828,699
13,NORMA-8027,700
13,NORMA-8575,701
13,NORMA-13514,702
13,NORMA-11473,703
13,NORMA-19581,704
13,NORMA-18767,705
13,NORMA-12107,706
13,NORMA-33728,707
13,NORMA-19190,708
13,NORMA-6636,709
13,NORMA-21474,710
13,NORMA-21027,711
13,NORMA-18403,712
13,NORMA-20096,713
13,NORMA-1573,714
13,NORMA-7525,715
13,NORMA-1313,716
13,NORMA-19779,717
13,NORMA-19526,718
13,NORMA-21114,719
13,NORMA-18344,720
13,NORMA-18303,721
13,NORMA-14814,722
13,NORMA-18554,723
13,NORMA-21656,724
13,NORMA-6948,725
13,NORMA-15242,726
13,NORMA-6199,727
13,NORMA-21637,728
13,NORMA-20958,729
13,NORMA-20705,730
13,NORMA-19355,731
13,NORMA-15881,732
13,NORMA-20222,733
13,NORMA-19929,734
13,NORMA-21063,735
13,NORMA-20725,736
13,NORMA-6521,737
13,NORMA-19875,738
13,NORMA-21509,739
13,NORMA-18265,740
13,NORMA-23361,741
13,NORMA-19186,742
13,NORMA-18292,743
13,NORMA-7194,744
13,NORMA-18837,745
13,NORMA-6291,746
13,NORMA-18734,747
13,NORMA-10531,748
13,NORMA-21586,749
13,NORMA-20800,750
13,NORMA-18462,751
13,NORMA-26201,752
13,NORMA-8803,753
13,NORMA-21792,754
13,NORMA-7384,755
13,NORMA-6203,756
13,NORMA-18729,757
13,NORMA-13671,758
13,NORMA-317,759
13,NORMA-21515,760
13,NORMA-11687,761
13,NORMA-19258,762
13,NORMA-8938,763
13,NORMA-21028,764
13,NORMA-12055,765
13,NORMA-21359,766
13,NORMA-25281,767
13,NORMA-21124,768
13,NORMA-18922,769
13,NORMA-15921,770
13,NORMA-18807,771
13,NORMA-10797,772
13,NORMA-11512,773
13,NORMA-13323,774
13,NORMA-9457,775
13,NORMA-20185,776
13,NORMA-21663,777
13,NORMA-3642,778
13,NORMA-20295,779
13,NORMA-21390,780
13,NORMA-21710,781
13,NORMA-20183,782
13,NORMA-11804,783
13,NORMA-16268,784
13,NORMA-5008,785
13,NORMA-20148,786
13,NORMA-13473,787
13,NORMA-18436,788
13,NORMA-20916,789
13,NORMA-12858,790
13,NORMA-18238,791
13,NORMA-23881,792
13,NORMA-11877,793
13,NORMA-21313,794
13,NORMA-18530,795
13,NORMA-12859,796
13,NORMA-6894,797
13,NORMA-21564,798
13,NORMA-13771,799
13,NORMA-8028,800
13,NORMA-27062,801
13,NORMA-24661,802
13,NORMA-21562,803
13,NORMA-20444,804
13,NORMA-15208,805
13,NORMA-21588,806
13,NORMA-21530,807
13,NORMA-18706,808
13,NORMA-14724,809
13,NORMA-19871,810
13,NORMA-19240,811
13,NORMA-11087,812
13,NORMA-4588,813
13,NORMA-19557,814
13,NORMA-8774,815
13,NORMA-19845,816
13,NORMA-13534,817
13,NORMA-18527,818
13,NORMA-19291,819
13,NORMA-19518,820
13,NORMA-21281,821
13,NORMA-20536,822
13,NORMA-14874,823
13,NORMA-6075,824
13,NORMA-14099,825
13,NORMA-18216,826
13,NORMA-19437,827
13,NORMA-19588,828
13,NORMA-7241,829
13,NORMA-27384,830
13,NORMA-19095,831
13,NORMA-10745,832
13,NORMA-2375,833
13,NORMA-19194,834
13,NORMA-21638,835
13,NORMA-10590,836
13,NORMA-12733,837
13,NORMA-18780,838
13,NORMA-15027,839
13,NORMA-20221,840
13,NORMA-6083,841
13,NORMA-10534,842
13,NORMA-21496,843
13,NORMA-20398,844
13,NORMA-23341,845
13,NORMA-13471,846
13,NORMA-18405,847
13,NORMA-19017,848
13,NORMA-19352,849
13,NORMA-20911,850
13,NORMA-835,851
13,NORMA-19169,852
13,NORMA-4500,853
13,NORMA-18208,854
13,NORMA-19182,855
13,NORMA-21634,856
13,NORMA-11356,857
13,NORMA-10347,858
13,NORMA-28362,859
13,NORMA-11599,860
13,NORMA-20488,861
13,NORMA-8706,862
13,NORMA-21475,863
13,NORMA-14462,864
13,NORMA-19371,865
13,NORMA-21203,866
13,NORMA-19124,867
13,NORMA-19279,868
13,NORMA-21497,869
13,NORMA-20915,870
13,NORMA-21126,871
13,NORMA-19387,872
13,NORMA-19536,873
13,NORMA-1619,874
13,NORMA-14345,875
13,NORMA-11292,876
13,NORMA-21713,877
13,NORMA-11920,878
13,NORMA-20285,879
13,NORMA-25964,880
13,NORMA-4786,881
13,NORMA-21149,882
13,NORMA-18724,883
13,NORMA-772,884
13,NORMA-19223,885
13,NORMA-27045,886
13,NORMA-18769,887
13,NORMA-14113,888
13,NORMA-27101,889
13,NORMA-8203,890
13,NORMA-11792,891
13,NORMA-4746,892
13,NORMA-10309,893
13,NORMA-12415,894
13,NORMA-15239,895
13,NORMA-20129,896
13,NORMA-12923,897
13,NORMA-13124,898
13,NORMA-13545,899
13,NORMA-11665,900
13,NORMA-18802,901
13,NORMA-12664,902
13,NORMA-18823,903
13,NORMA-18562,904
13,NORMA-6880,905
13,NORMA-13308,906
13,NORMA-14788,907
13,NORMA-20046,908
13,NORMA-18435,909
13,NORMA-19028,910
13,NORMA-11814,911
13,NORMA-5381,912
13,NORMA-6679,913
13,NORMA-20194,914
13,NORMA-21470,915
13,NORMA-10994,916
13,NORMA-11632,917
13,NORMA-28001,918
13,NORMA-19617,919
13,NORMA-11418,920
13,NORMA-21325,921
13,NORMA-18432,922
13,NORMA-22723,923
13,NORMA-4792,924
13,NORMA-4830,925
13,NORMA-10034,926
13,NORMA-416,927
13,NORMA-4514,928
13,NORMA-18427,929
13,NORMA-19206,930
13,NORMA-9110,931
13,NORMA-14746,932
13,NORMA-20196,933
13,NORMA-7942,934
13,NORMA-13160,935
13,NORMA-12060,936
13,NORMA-19963,937
13,NORMA-5170,938
13,NORMA-9670,939
13,NORMA-18548,940
13,NORMA-14293,941
13,NORMA-13995,942
13,NORMA-21344,943
13,NORMA-21537,944
13,NORMA-9792,945
13,NORMA-27364,946
13,NORMA-21754,947
13,NORMA-31904,948
13,NORMA-6629,949
13,NORMA-21499,950
13,NORMA-6673,951
13,NORMA-20184,952
13,NORMA-6343,953
13,NORMA-13954,954
13,NORMA-15004,955
13,NORMA-21417,956
13,NORMA-24582,957
13,NORMA-19431,958
13,NORMA-19608,959
13,NORMA-18391,960
13,NORMA-20582,961
13,NORMA-6758,962
13,NORMA-20847,963
13,NORMA-21224,964
13,NORMA-21608,965
13,NORMA-21211,966
13,NORMA-265,967
13,NORMA-20168,968
13,NORMA-19233,969
13,NORMA-5586,970
13,NORMA-5626,971
13,NORMA-19394,972
13,NORMA-11236,973
13,NORMA-13508,974
13,NORMA-1613,975
13,NORMA-4634,976
13,NORMA-18356,977
13,NORMA-9481,978
13,NORMA-21456,979
13,NORMA-20717,980
13,NORMA-19211,981
13,NORMA-28021,982
13,NORMA-1419,983
13,NORMA-12029,984
13,NORMA-4909,985
13,NORMA-3181,986
13,NORMA-2184,987
13,NORMA-20108,988
13,NORMA-21488,989
13,NORMA-18994,990
13,NORMA-12113,991
13,NORMA-13519,992
13,NORMA-19282,993
13,NORMA-233,994
13,NORMA-13229,995
13,NORMA-18444,996
13,NORMA-20613,997
13,NORMA-21463,998
13,NORMA-22001,999
13,NORMA-20941,1000
14,NORMA-20597,1
14,NORMA-20248,2
14,NORMA-19927,3
14,NORMA-18391,4
14,NORMA-20058,5
14,NORMA-20713,6
14,NORMA-20073,7
14,NORMA-19629,8
14,NORMA-19429,9
14,NORMA-18243,10
14,NORMA-20817,11
14,NORMA-18626,12
14,NORMA-19942,13
14,NORMA-19925,14
14,NORMA-20138,15
14,NORMA-18511,16
14,NORMA-21526,17
14,NORMA-19039,18
14,NORMA-19553,19
14,NORMA-14746,20
14,NORMA-18668,21
14,NORMA-27364,22
14,NORMA-15339,23
14,NORMA-19003,24
14,NORMA-21651,25
14,NORMA-19459,26
14,NORMA-19351,27
14,NORMA-18574,28
14,NORMA-3662,29
14,NORMA-21186,30
14,NORMA-21575,31
14,NORMA-13918,32
14,NORMA-13470,33
14,NORMA-18682,34
14,NORMA-18450,35
14,NORMA-21666,36
14,NORMA-19583,37
14,NORMA-27044,38
14,NORMA-18900,39
14,NORMA-18781,40
14,NORMA-21065,41
14,NORMA-21678,42
14,NORMA-6629,43
14,NORMA-5751,44
14,NORMA-21122,45
14,NORMA-19969,46
14,NORMA-20893,47
14,NORMA-21554,48
14,NORMA-18996,49
14,NORMA-20102,50
14,NORMA-19416,51
14,NORMA-18793,52
14,NORMA-7387,53
14,NORMA-21005,54
14,NORMA-6736,55
14,NORMA-21631,56
14,NORMA-21659,57
14,NORMA-3767,58
14,NORMA-18870,59
14,NORMA-21178,60
14,NORMA-11356,61
14,NORMA-8706,62
14,NORMA-14724,63
14,NORMA-19909,64
14,NORMA-20704,65
14,NORMA-13308,66
14,NORMA-18451,67
14,NORMA-4786,68
14,NORMA-12733,69
14,NORMA-12415,70
14,NORMA-20712,71
14,NORMA-6022,72
14,NORMA-19740,73
14,NORMA-9724,74
14,NORMA-19667,75
14,NORMA-19704,76
14,NORMA-12923,77
14,NORMA-13124,78
14,NORMA-18691,79
14,NORMA-18405,80
14,NORMA-20815,81
14,NORMA-19437,82
14,NORMA-18899,83
14,NORMA-18747,84
14,NORMA-18474,85
14,NORMA-21185,86
14,NORMA-21149,87
14,NORMA-18211,88
14,NORMA-18276,89
14,NORMA-21064,90
14,NORMA-8435,91
14,NORMA-3509,92
14,NORMA-19124,93
14,NORMA-6140,94
14,NORMA-20705,95
14,NORMA-7113,96
14,NORMA-20622,97
14,NORMA-19436,98
14,NORMA-20643,99
14,NORMA-11263,100
14,NORMA-26881,101
14,NORMA-3503,102
14,NORMA-21408,103
14,NORMA-5969,104
14,NORMA-4279,105
14,NORMA-5162,106
14,NORMA-19245,107
14,NORMA-19503,108
14,NORMA-20632,109
14,NORMA-21187,110
14,NORMA-12029,111
14,NORMA-6783,112
14,NORMA-19240,113
14,NORMA-13797,114
14,NORMA-8771,115
14,NORMA-5184,116
14,NORMA-12631,117
14,NORMA-20779,118
14,NORMA-18748,119
14,NORMA-19391,120
14,NORMA-18411,121
14,NORMA-18653,122
14,NORMA-19691,123
14,NORMA-7386,124
14,NORMA-19223,125
14,NORMA-28981,126
14,NORMA-21676,127
14,NORMA-18286,128
14,NORMA-20223,129
14,NORMA-11814,130
14,NORMA-7222,131
14,NORMA-19746,132
14,NORMA-6685,133
14,NORMA-20879,134
14,NORMA-6184,135
14,NORMA-18545,136
14,NORMA-18223,137
14,NORMA-20901,138
14,NORMA-19622,139
14,NORMA-7225,140
14,NORMA-21241,141
14,NORMA-19646,142
14,NORMA-20222,143
14,NORMA-20922,144
14,NORMA-21509,145
14,NORMA-21366,146
14,NORMA-21390,147
14,NORMA-20134,148
14,NORMA-20887,149
14,NORMA-12649,150
14,NORMA-19526,151
14,NORMA-13594,152
14,NORMA-20890,153
14,NORMA-21663,154
14,NORMA-18972,155
14,NORMA-21710,156
14,NORMA-3577,157
14,NORMA-5360,158
14,NORMA-10116,159
14,NORMA-21279,160
14,NORMA-19590,161
14,NORMA-11085,162
14,NORMA-8205,163
14,NORMA-5496,164
14,NORMA-14652,165
14,NORMA-21626,166
14,NORMA-11086,167
14,NORMA-6881,168
14,NORMA-14294,169
14,NORMA-20990,170
14,NORMA-19096,171
14,NORMA-6701,172
14,NORMA-21562,173
14,NORMA-19172,174
14,NORMA-6643,175
14,NORMA-19655,176
14,NORMA-20995,177
14,NORMA-21550,178
14,NORMA-27449,179
14,NORMA-21269,180
14,NORMA-20924,181
14,NORMA-13552,182
14,NORMA-21784,183
14,NORMA-6679,184
14,NORMA-20601,185
14,NORMA-13476,186
14,NORMA-27063,187
14,NORMA-14390,188
14,NORMA-18284,189
14,NORMA-6895,190
14,NORMA-18769,191
14,NORMA-23341,192
14,NORMA-20762,193
14,NORMA-20888,194
14,NORMA-14302,195
14,NORMA-21783,196
14,NORMA-15239,197
14,NORMA-15802,198
14,NORMA-14744,199
14,NORMA-21409,200
14,NORMA-13514,201
14,NORMA-21566,202
14,NORMA-19426,203
14,NORMA-18648,204
14,NORMA-11316,205
14,NORMA-18605,206
14,NORMA-20955,207
14,NORMA-20730,208
14,NORMA-21650,209
14,NORMA-21669,210
14,NORMA-21439,211
14,NORMA-21595,212
14,NORMA-20426,213
14,NORMA-18916,214
14,NORMA-21069,215
14,NORMA-6253,216
14,NORMA-20168,217
14,NORMA-19180,218
14,NORMA-21490,219
14,NORMA-27221,220
14,NORMA-19281,221
14,NORMA-21113,222
14,NORMA-12492,223
14,NORMA-19570,224
14,NORMA-19033,225
14,NORMA-20443,226
14,NORMA-27384,227
14,NORMA-21114,228
14,NORMA-21638,229
14,NORMA-20692,230
14,NORMA-11771,231
14,NORMA-19979,232
14,NORMA-21203,233
14,NORMA-19462,234
14,NORMA-21131,235
14,NORMA-21648,236
14,NORMA-18528,237
14,NORMA-20196,238
14,NORMA-21690,239
14,NORMA-18673,240
14,NORMA-19475,241
14,NORMA-19034,242
14,NORMA-19933,243
14,NORMA-12490,244
14,NORMA-19985,245
14,NORMA-19609,246
14,NORMA-19735,247
14,NORMA-18734,248
14,NORMA-21086,249
14,NORMA-19212,250
14,NORMA-19175,251
14,NORMA-19138,252
14,NORMA-20236,253
14,NORMA-11670,254
14,NORMA-19729,255
14,NORMA-18801,256
14,NORMA-21003,257
14,NORMA-21461,258
14,NORMA-18302,259
14,NORMA-12911,260
14,NORMA-20072,261
14,NORMA-21264,262
14,NORMA-19930,263
14,NORMA-20060,264
14,NORMA-21255,265
14,NORMA-19592,266
14,NORMA-21073,267
14,NORMA-12102,268
14,NORMA-21429,269
14,NORMA-20224,270
14,NORMA-21768,271
14,NORMA-18796,272
14,NORMA-19760,273
14,NORMA-18434,274
14,NORMA-19939,275
14,NORMA-19961,276
14,NORMA-12066,277
14,NORMA-20870,278
14,NORMA-2126,279
14,NORMA-12437,280
14,NORMA-21608,281
14,NORMA-10034,282
14,NORMA-21521,283
14,NORMA-19643,284
14,NORMA-9803,285
14,NORMA-21367,286
14,NORMA-19772,287
14,NORMA-18697,288
14,NORMA-20297,289
14,NORMA-3907,290
14,NORMA-21063,291
14,NORMA-25902,292
14,NORMA-21788,293
14,NORMA-18418,294
14,NORMA-12038,295
14,NORMA-18962,296
14,NORMA-18446,297
14,NORMA-13802,298
14,NORMA-19828,299
14,NORMA-12859,300
14,NORMA-10326,301
14,NORMA-18456,302
14,NORMA-10309,303
14,NORMA-19972,304
14,NORMA-20172,305
14,NORMA-20738,306
14,NORMA-19155,307
14,NORMA-21135,308
14,NORMA-20966,309
14,NORMA-19081,310
14,NORMA-11758,311
14,NORMA-19782,312
14,NORMA-15242,313
14,NORMA-3820,314
14,NORMA-19574,315
14,NORMA-11473,316
14,NORMA-21267,317
14,NORMA-3821,318
14,NORMA-29003,319
14,NORMA-19968,320
14,NORMA-21776,321
14,NORMA-21649,322
14,NORMA-18479,323
14,NORMA-19600,324
14,NORMA-18424,325
14,NORMA-19329,326
14,NORMA-19948,327
14,NORMA-14967,328
14,NORMA-13534,329
14,NORMA-28586,330
14,NORMA-21437,331
14,NORMA-18427,332
14,NORMA-6354,333
14,NORMA-19770,334
14,NORMA-20179,335
14,NORMA-20797,336
14,NORMA-13298,337
14,NORMA-4909,338
14,NORMA-23581,339
14,NORMA-21170,340
14,NORMA-18207,341
14,NORMA-18420,342
14,NORMA-6627,343
14,NORMA-18539,344
14,NORMA-19565,345
14,NORMA-20569,346
14,NORMA-21647,347
14,NORMA-6753,348
14,NORMA-18935,349
14,NORMA-18835,350
14,NORMA-19682,351
14,NORMA-20790,352
14,NORMA-10200,353
14,NORMA-21597,354
14,NORMA-18750,355
14,NORMA-19749,356
14,NORMA-21220,357
14,NORMA-21151,358
14,NORMA-20886,359
14,NORMA-18238,360
14,NORMA-12245,361
14,NORMA-20182,362
14,NORMA-6957,363
14,NORMA-18239,364
14,NORMA-6894,365
14,NORMA-19303,366
14,NORMA-19689,367
14,NORMA-8458,368
14,NORMA-19977,369
14,NORMA-21419,370
14,NORMA-21286,371
14,NORMA-18802,372
14,NORMA-27761,373
14,NORMA-10531,374
14,NORMA-18670,375
14,NORMA-12965,376
14,NORMA-20811,377
14,NORMA-21446,378
14,NORMA-18939,379
14,NORMA-20129,380
14,NORMA-20240,381
14,NORMA-13471,382
14,NORMA-20294,383
14,NORMA-20865,384
14,NORMA-18724,385
14,NORMA-6752,386
14,NORMA-20645,387
14,NORMA-20941,388
14,NORMA-2125,389
14,NORMA-21249,390
14,NORMA-19703,391
14,NORMA-19628,392
14,NORMA-21217,393
14,NORMA-11087,394
14,NORMA-20626,395
14,NORMA-19192,396
14,NORMA-19518,397
14,NORMA-18548,398
14,NORMA-4588,399
14,NORMA-8774,400
14,NORMA-23222,401
14,NORMA-21132,402
14,NORMA-21205,403
14,NORMA-19639,404
14,NORMA-21402,405
14,NORMA-6084,406
14,NORMA-21637,407
14,NORMA-18287,408
14,NORMA-20299,409
14,NORMA-7953,410
14,NORMA-18997,411
14,NORMA-6702,412
14,NORMA-20703,413
14,NORMA-21256,414
14,NORMA-13469,415
14,NORMA-19095,416
14,NORMA-21519,417
14,NORMA-18654,418
14,NORMA-12060,419
14,NORMA-19110,420
14,NORMA-21792,421
14,NORMA-20432,422
14,NORMA-21547,423
14,NORMA-11687,424
14,NORMA-19181,425
14,NORMA-21291,426
14,NORMA-21052,427
14,NORMA-19768,428
14,NORMA-19658,429
14,NORMA-20845,430
14,NORMA-11443,431
14,NORMA-20702,432
14,NORMA-21278,433
14,NORMA-18646,434
14,NORMA-480,435
14,NORMA-18267,436
14,NORMA-20778,437
14,NORMA-21023,438
14,NORMA-19442,439
14,NORMA-16202,440
14,NORMA-8028,441
14,NORMA-19387,442
14,NORMA-15167,443
14,NORMA-20796,444
14,NORMA-14937,445
14,NORMA-18800,446
14,NORMA-19844,447
14,NORMA-18325,448
14,NORMA-4830,449
14,NORMA-18945,450
14,NORMA-20056,451
14,NORMA-13158,452
14,NORMA-21025,453
14,NORMA-19454,454
14,NORMA-21361,455
14,NORMA-20999,456
14,NORMA-3966,457
14,NORMA-21404,458
14,NORMA-7012,459
14,NORMA-19762,460
14,NORMA-8027,461
14,NORMA-20120,462
14,NORMA-3638,463
14,NORMA-21420,464
14,NORMA-19431,465
14,NORMA-4396,466
14,NORMA-12067,467
14,NORMA-15211,468
14,NORMA-4746,469
14,NORMA-21606,470
14,NORMA-7007,471
14,NORMA-11721,472
14,NORMA-21028,473
14,NORMA-20946,474
14,NORMA-20729,475
14,NORMA-28203,476
14,NORMA-13746,477
14,NORMA-14828,478
14,NORMA-18674,479
14,NORMA-18293,480
14,NORMA-6256,481
14,NORMA-20188,482
14,NORMA-6623,483
14,NORMA-19028,484
14,NORMA-19021,485
14,NORMA-11563,486
14,NORMA-13402,487
14,NORMA-20799,488
14,NORMA-26102,489
14,NORMA-19417,490
14,NORMA-21584,491
14,NORMA-19730,492
14,NORMA-19859,493
14,NORMA-5421,494
14,NORMA-19092,495
14,NORMA-22561,496
14,NORMA-21643,497
14,NORMA-21515,498
14,NORMA-1994,499
14,NORMA-21475,500
14,NORMA-20627,501
14,NORMA-20950,502
14,NORMA-20763,503
14,NORMA-18859,504
14,NORMA-23361,505
14,NORMA-6948,506
14,NORMA-19295,507
14,NORMA-11731,508
14,NORMA-19983,509
14,NORMA-20442,510
14,NORMA-20065,511
14,NORMA-18201,512
14,NORMA-19901,513
14,NORMA-19959,514
14,NORMA-18873,515
14,NORMA-21147,516
14,NORMA-11614,517
14,NORMA-21369,518
14,NORMA-11272,519
14,NORMA-18780,520
14,NORMA-4710,521
14,NORMA-21564,522
14,NORMA-21163,523
14,NORMA-21225,524
14,NORMA-28623,525
14,NORMA-27363,526
14,NORMA-61,527
14,NORMA-21537,528
14,NORMA-21344,529
14,NORMA-658,530
14,NORMA-20385,531
14,NORMA-19330,532
14,NORMA-19741,533
14,NORMA-18632,534
14,NORMA-7027,535
14,NORMA-18350,536
14,NORMA-19105,537
14,NORMA-18733,538
14,NORMA-5586,539
14,NORMA-6595,540
14,NORMA-18762,541
14,NORMA-19852,542
14,NORMA-19632,543
14,NORMA-21207,544
14,NORMA-11735,545
14,NORMA-18554,546
14,NORMA-18331,547
14,NORMA-18967,548
14,NORMA-21325,549
14,NORMA-19040,550
14,NORMA-20186,551
14,NORMA-20985,552
14,NORMA-19052,553
14,NORMA-20402,554
14,NORMA-21506,555
14,NORMA-20171,556
14,NORMA-19822,557
14,NORMA-21463,558
14,NORMA-18339,559
14,NORMA-15881,560
14,NORMA-13390,561
14,NORMA-20883,562
14,NORMA-9481,563
14,NORMA-10553,564
14,NORMA-3642,565
14,NORMA-20295,566
14,NORMA-21126,567
14,NORMA-18669,568
14,NORMA-21312,569
14,NORMA-21479,570
14,NORMA-21194,571
14,NORMA-31903,572
14,NORMA-7384,573
14,NORMA-13474,574
14,NORMA-20435,575
14,NORMA-20554,576
14,NORMA-21507,577
14,NORMA-20549,578
14,NORMA-9835,579
14,NORMA-19837,580
14,NORMA-20113,581
14,NORMA-19862,582
14,NORMA-20727,583
14,NORMA-20314,584
14,NORMA-20235,585
14,NORMA-12613,586
14,NORMA-19634,587
14,NORMA-14813,588
14,NORMA-10473,589
14,NORMA-20329,590
14,NORMA-19481,591
14,NORMA-19798,592
14,NORMA-20541,593
14,NORMA-20334,594
14,NORMA-11665,595
14,NORMA-19152,596
14,NORMA-20191,597
14,NORMA-20397,598
14,NORMA-20545,599
14,NORMA-20081,600
14,NORMA-30043,601
14,NORMA-20694,602
14,NORMA-19620,603
14,NORMA-20340,604
14,NORMA-20321,605
14,NORMA-27064,606
14,NORMA-19748,607
14,NORMA-20269,608
14,NORMA-20429,609
14,NORMA-19337,610
14,NORMA-13919,611
14,NORMA-19573,612
14,NORMA-21541,613
14,NORMA-21499,614
14,NORMA-18583,615
14,NORMA-5626,616
14,NORMA-19842,617
14,NORMA-14597,618
14,NORMA-20558,619
14,NORMA-21544,620
14,NORMA-21418,621
14,NORMA-11526,622
14,NORMA-18319,623
14,NORMA-18591,624
14,NORMA-6834,625
14,NORMA-21468,626
14,NORMA-20538,627
14,NORMA-33728,628
14,NORMA-6199,629
14,NORMA-9960,630
14,NORMA-5312,631
14,NORMA-8459,632
14,NORMA-19448,633
14,NORMA-20169,634
14,NORMA-18549,635
14,NORMA-20200,636
14,NORMA-21171,637
14,NORMA-13345,638
14,NORMA-19808,639
14,NORMA-18244,640
14,NORMA-21359,641
14,NORMA-20565,642
14,NORMA-18436,643
14,NORMA-15060,644
14,NORMA-19020,645
14,NORMA-19904,646
14,NORMA-21387,647
14,NORMA-6489,648
14,NORMA-14850,649
14,NORMA-18536,650
14,NORMA-18407,651
14,NORMA-4195,652
14,NORMA-20687,653
14,NORMA-19623,654
14,NORMA-4102,655
14,NORMA-20891,656
14,NORMA-20098,657
14,NORMA-7241,658
14,NORMA-13610,659
14,NORMA-24582,660
14,NORMA-21152,661
14,NORMA-26201,662
14,NORMA-21503,663
14,NORMA-20696,664
14,NORMA-18219,665
14,NORMA-19606,666
14,NORMA-3541,667
14,NORMA-21501,668
14,NORMA-13795,669
14,NORMA-21324,670
14,NORMA-18294,671
14,NORMA-2013,672
14,NORMA-19627,673
14,NORMA-21008,674
14,NORMA-18988,675
14,NORMA-19794,676
14,NORMA-20771,677
14,NORMA-19820,678
14,NORMA-20285,679
14,NORMA-6851,680
14,NORMA-7381,681
14,NORMA-21328,682
14,NORMA-11612,683
14,NORMA-21540,684
14,NORMA-18463,685
14,NORMA-18401,686
14,NORMA-20962,687
14,NORMA-20585,688
14,NORMA-19864,689
14,NORMA-14688,690
14,NORMA-6758,691
14,NORMA-20505,692
14,NORMA-18475,693
14,NORMA-18529,694
14,NORMA-6782,695
14,NORMA-21508,696
14,NORMA-15229,697
14,NORMA-27062,698
14,NORMA-27366,699
14,NORMA-7525,700
14,NORMA-3573,701
14,NORMA-20151,702
14,NORMA-18994,703
14,NORMA-18815,704
14,NORMA-19588,705
14,NORMA-21004,706
14,NORMA-19640,707
14,NORMA-3828,708
14,NORMA-20530,709
14,NORMA-3824,710
14,NORMA-4539,711
14,NORMA-21139,712
14,NORMA-18224,713
14,NORMA-19764,714
14,NORMA-21787,715
14,NORMA-4193,716
14,NORMA-19650,717
14,NORMA-3571,718
14,NORMA-18541,719
14,NORMA-21371,720
14,NORMA-20115,721
14,NORMA-20777,722
14,NORMA-21609,723
14,NORMA-20710,724
14,NORMA-20860,725
14,NORMA-19779,726
14,NORMA-20915,727
14,NORMA-21212,728
14,NORMA-21705,729
14,NORMA-1713,730
14,NORMA-6669,731
14,NORMA-18709,732
14,NORMA-18647,733
14,NORMA-18368,734
14,NORMA-19290,735
14,NORMA-18531,736
14,NORMA-22861,737
14,NORMA-21523,738
14,NORMA-21247,739
14,NORMA-13998,740
14,NORMA-20943,741
14,NORMA-19642,742
14,NORMA-6700,743
14,NORMA-19725,744
14,NORMA-20524,745
14,NORMA-20803,746
14,NORMA-20095,747
14,NORMA-19853,748
14,NORMA-4394,749
14,NORMA-19036,750
14,NORMA-18248,751
14,NORMA-20205,752
14,NORMA-18386,753
14,NORMA-27101,754
14,NORMA-8203,755
14,NORMA-18656,756
14,NORMA-10878,757
14,NORMA-20732,758
14,NORMA-20536,759
14,NORMA-6126,760
14,NORMA-21629,761
14,NORMA-20225,762
14,NORMA-560,763
14,NORMA-20308,764
14,NORMA-20976,765
14,NORMA-59,766
14,NORMA-20371,767
14,NORMA-19542,768
14,NORMA-19027,769
14,NORMA-1366,770
14,NORMA-21026,771
14,NORMA-19589,772
14,NORMA-801,773
14,NORMA-20574,774
14,NORMA-20144,775
14,NORMA-2185,776
14,NORMA-11601,777
14,NORMA-20802,778
14,NORMA-21232,779
14,NORMA-7011,780
14,NORMA-1611,781
14,NORMA-19919,782
14,NORMA-554,783
14,NORMA-6819,784
14,NORMA-18954,785
14,NORMA-19422,786
14,NORMA-20473,787
14,NORMA-18414,788
14,NORMA-20284,789
14,NORMA-19444,790
14,NORMA-21641,791
14,NORMA-10821,792
14,NORMA-21157,793
14,NORMA-19883,794
14,NORMA-6820,795
14,NORMA-18584,796
14,NORMA-20563,797
14,NORMA-19005,798
14,NORMA-18314,799
14,NORMA-6955,800
14,NORMA-5494,801
14,NORMA-7015,802
14,NORMA-22862,803
14,NORMA-20724,804
14,NORMA-6318,805
14,NORMA-19029,806
14,NORMA-19947,807
14,NORMA-19792,808
14,NORMA-21717,809
14,NORMA-20210,810
14,NORMA-20301,811
14,NORMA-21192,812
14,NORMA-4514,813
14,NORMA-704,814
14,NORMA-13508,815
14,NORMA-20761,816
14,NORMA-11632,817
14,NORMA-23521,818
14,NORMA-20836,819
14,NORMA-6764,820
14,NORMA-11711,821
14,NORMA-18963,822
14,NORMA-18970,823
14,NORMA-18951,824
14,NORMA-21338,825
14,NORMA-423,826
14,NORMA-18767,827
14,NORMA-17221,828
14,NORMA-4314,829
14,NORMA-14462,830
14,NORMA-4926,831
14,NORMA-20580,832
14,NORMA-553,833
14,NORMA-18208,834
14,NORMA-20557,835
14,NORMA-6970,836
14,NORMA-1534,837
14,NORMA-22101,838
14,NORMA-19652,839
14,NORMA-19928,840
14,NORMA-21215,841
14,NORMA-21175,842
14,NORMA-18884,843
14,NORMA-20959,844
14,NORMA-20619,845
14,NORMA-18942,846
14,NORMA-19205,847
14,NORMA-19013,848
14,NORMA-21289,849
14,NORMA-19621,850
14,NORMA-21351,851
14,NORMA-18378,852
14,NORMA-19461,853
14,NORMA-20121,854
14,NORMA-2005,855
14,NORMA-7194,856
14,NORMA-11756,857
14,NORMA-11570,858
14,NORMA-20908,859
14,NORMA-20091,860
14,NORMA-21684,861
14,NORMA-21497,862
14,NORMA-21721,863
14,NORMA-6698,864
14,NORMA-11684,865
14,NORMA-802,866
14,NORMA-18877,867
14,NORMA-13265,868
14,NORMA-20304,869
14,NORMA-20277,870
14,NORMA-21528,871
14,NORMA-4423,872
14,NORMA-20422,873
14,NORMA-21029,874
14,NORMA-19353,875
14,NORMA-660,876
14,NORMA-18295,877
14,NORMA-21431,878
14,NORMA-18906,879
14,NORMA-27045,880
14,NORMA-19555,881
14,NORMA-19694,882
14,NORMA-13160,883
14,NORMA-21228,884
14,NORMA-9888,885
14,NORMA-21821,886
14,NORMA-20263,887
14,NORMA-317,888
14,NORMA-4711,889
14,NORMA-11751,890
14,NORMA-18221,891
14,NORMA-4424,892
14,NORMA-18922,893
14,NORMA-20753,894
14,NORMA-13138,895
14,NORMA-20377,896
14,NORMA-2158,897
14,NORMA-6203,898
14,NORMA-4075,899
14,NORMA-15045,900
14,NORMA-13392,901
14,NORMA-6954,902
14,NORMA-19787,903
14,NORMA-21762,904
14,NORMA-22721,905
14,NORMA-2981,906
14,NORMA-18934,907
14,NORMA-13323,908
14,NORMA-15921,909
14,NORMA-21683,910
14,NORMA-8938,911
14,NORMA-28001,912
14,NORMA-14542,913
14,NORMA-20725,914
14,NORMA-21313,915
14,NORMA-883,916
14,NORMA-20197,917
14,NORMA-3281,918
14,NORMA-21141,919
14,NORMA-15901,920
14,NORMA-21588,921
14,NORMA-21530,922
14,NORMA-6641,923
14,NORMA-20577,924
14,NORMA-14293,925
14,NORMA-20300,926
14,NORMA-3819,927
14,NORMA-18237,928
14,NORMA-11571,929
14,NORMA-5853,930
14,NORMA-19557,931
14,NORMA-10797,932
14,NORMA-18910,933
14,NORMA-6856,934
14,NORMA-6880,935
14,NORMA-6636,936
14,NORMA-19845,937
14,NORMA-5417,938
14,NORMA-6676,939
14,NORMA-9785,940
14,NORMA-19009,941
14,NORMA-9457,942
14,NORMA-19061,943
14,NORMA-14874,944
14,NORMA-21239,945
14,NORMA-5925,946
14,NORMA-13106,947
14,NORMA-21173,948
14,NORMA-6684,949
14,NORMA-9595,950
14,NORMA-21524,951
14,NORMA-21698,952
14,NORMA-20217,953
14,NORMA-11882,954
14,NORMA-21071,955
14,NORMA-19249,956
14,NORMA-11236,957
14,NORMA-1222,958
14,NORMA-19352,959
14,NORMA-18394,960
14,NORMA-20039,961
14,NORMA-18227,962
14,NORMA-18385,963
14,NORMA-1421,964
14,NORMA-11715,965
14,NORMA-20376,966
14,NORMA-21254,967
14,NORMA-28422,968
14,NORMA-21208,969
14,NORMA-17182,970
14,NORMA-21274,971
14,NORMA-9110,972
14,NORMA-19408,973
14,NORMA-7942,974
14,NORMA-18307,975
14,NORMA-9670,976
14,NORMA-19836,977
14,NORMA-4586,978
14,NORMA-21434,979
14,NORMA-21159,980
14,NORMA-20513,981
14,NORMA-20514,982
14,NORMA-4141,983
14,NORMA-20856,984
14,NORMA-13990,985
14,NORMA-20474,986
14,NORMA-12630,987
14,NORMA-778,988
14,NORMA-21713,989
14,NORMA-20630,990
14,NORMA-20290,991
14,NORMA-20090,992
14,NORMA-20709,993
14,NORMA-9834,994
14,NORMA-19056,995
14,NORMA-20141,996
14,NORMA-8119,997
14,NORMA-18217,998
14,NORMA-11164,999
14,NORMA-4275,1000
15,NORMA-21717,1
15,NORMA-21617,2
15,NORMA-21459,3
15,NORMA-4318,4
15,NORMA-19727,5
15,NORMA-21277,6
15,NORMA-18886,7
15,NORMA-21535,8
15,NORMA-18729,9
15,NORMA-20863,10
15,NORMA-18699,11
15,NORMA-18562,12
15,NORMA-3571,13
15,NORMA-18327,14
15,NORMA-20963,15
15,NORMA-19580,16
15,NORMA-19408,17
15,NORMA-18418,18
15,NORMA-19607,19
15,NORMA-20300,20
15,NORMA-18697,21
15,NORMA-21185,22
15,NORMA-19769,23
15,NORMA-18381,24
15,NORMA-19733,25
15,NORMA-21132,26
15,NORMA-19985,27
15,NORMA-19905,28
15,NORMA-18269,29
15,NORMA-19303,30
15,NORMA-19330,31
15,NORMA-18691,32
15,NORMA-20818,33
15,NORMA-19329,34
15,NORMA-20089,35
15,NORMA-20601,36
15,NORMA-3638,37
15,NORMA-19245,38
15,NORMA-21312,39
15,NORMA-20936,40
15,NORMA-20817,41
15,NORMA-21177,42
15,NORMA-21631,43
15,NORMA-3577,44
15,NORMA-21776,45
15,NORMA-21278,46
15,NORMA-12067,47
15,NORMA-21241,48
15,NORMA-19081,49
15,NORMA-19704,50
15,NORMA-20443,51
15,NORMA-15211,52
15,NORMA-21444,53
15,NORMA-21564,54
15,NORMA-20175,55
15,NORMA-20865,56
15,NORMA-18709,57
15,NORMA-21279,58
15,NORMA-18654,59
15,NORMA-20852,60
15,NORMA-19845,61
15,NORMA-21273,62
15,NORMA-19459,63
15,NORMA-20138,64
15,NORMA-20742,65
15,NORMA-18254,66
15,NORMA-21526,67
15,NORMA-20989,68
15,NORMA-7381,69
15,NORMA-5360,70
15,NORMA-18430,71
15,NORMA-10116,72
15,NORMA-20164,73
15,NORMA-19039,74
15,NORMA-11085,75
15,NORMA-8205,76
15,NORMA-5496,77
15,NORMA-19563,78
15,NORMA-14661,79
15,NORMA-4182,80
15,NORMA-20859,81
15,NORMA-14294,82
15,NORMA-21290,83
15,NORMA-19021,84
15,NORMA-6257,85
15,NORMA-19249,86
15,NORMA-19181,87
15,NORMA-5421,88
15,NORMA-20172,89
15,NORMA-18412,90
15,NORMA-13158,91
15,NORMA-14937,92
15,NORMA-14463,93
15,NORMA-19969,94
15,NORMA-13469,95
15,NORMA-483,96
15,NORMA-21449,97
15,NORMA-21113,98
15,NORMA-7525,99
15,NORMA-220,100
15,NORMA-4710,101
15,NORMA-20969,102
15,NORMA-21369,103
15,NORMA-8027,104
15,NORMA-13476,105
15,NORMA-20541,106
15,NORMA-20545,107
15,NORMA-20734,108
15,NORMA-20995,109
15,NORMA-7620,110
15,NORMA-19222,111
15,NORMA-19503,112
15,NORMA-18631,113
15,NORMA-20426,114
15,NORMA-10025,115
15,NORMA-18952,116
15,NORMA-21651,117
15,NORMA-18396,118
15,NORMA-20106,119
15,NORMA-3642,120
15,NORMA-19553,121
15,NORMA-27761,122
15,NORMA-21678,123
15,NORMA-20186,124
15,NORMA-20036,125
15,NORMA-19351,126
15,NORMA-9393,127
15,NORMA-15541,128
15,NORMA-19618,129
15,NORMA-7384,130
15,NORMA-21408,131
15,NORMA-7387,132
15,NORMA-18732,133
15,NORMA-18780,134
15,NORMA-61,135
15,NORMA-18474,136
15,NORMA-21608,137
15,NORMA-20225,138
15,NORMA-3382,139
15,NORMA-13514,140
15,NORMA-20815,141
15,NORMA-6736,142
15,NORMA-21186,143
15,NORMA-7241,144
15,NORMA-14724,145
15,NORMA-3767,146
15,NORMA-19634,147
15,NORMA-20476,148
15,NORMA-1613,149
15,NORMA-4091,150
15,NORMA-20517,151
15,NORMA-16202,152
15,NORMA-20121,153
15,NORMA-20171,154
15,NORMA-11356,155
15,NORMA-26841,156
15,NORMA-8706,157
15,NORMA-19232,158
15,NORMA-11573,159
15,NORMA-27341,160
15,NORMA-15581,161
15,NORMA-12733,162
15,NORMA-18914,163
15,NORMA-18204,164
15,NORMA-7279,165
15,NORMA-25523,166
15,NORMA-19959,167
15,NORMA-20996,168
15,NORMA-4786,169
15,NORMA-23222,170
15,NORMA-7149,171
15,NORMA-6199,172
15,NORMA-9893,173
15,NORMA-18385,174
15,NORMA-19391,175
15,NORMA-19027,176
15,NORMA-8522,177
15,NORMA-18341,178
15,NORMA-21114,179
15,NORMA-18225,180
15,NORMA-19061,181
15,NORMA-33308,182
15,NORMA-20599,183
15,NORMA-19968,184
15,NORMA-19295,185
15,NORMA-15701,186
15,NORMA-6838,187
15,NORMA-20921,188
15,NORMA-6448,189
15,NORMA-18335,190
15,NORMA-21544,191
15,NORMA-12630,192
15,NORMA-21434,193
15,NORMA-20167,194
15,NORMA-20812,195
15,NORMA-14542,196
15,NORMA-2184,197
15,NORMA-21669,198
15,NORMA-18992,199
15,NORMA-11655,200
15,NORMA-7250,201
15,NORMA-14239,202
15,NORMA-20144,203
15,NORMA-19387,204
15,NORMA-18931,205
15,NORMA-18801,206
15,NORMA-19290,207
15,NORMA-6962,208
15,NORMA-21575,209
15,NORMA-18248,210
15,NORMA-12965,211
15,NORMA-21698,212
15,NORMA-21762,213
15,NORMA-21683,214
15,NORMA-33288,215
15,NORMA-21684,216
15,NORMA-20943,217
15,NORMA-19080,218
15,NORMA-27926,219
15,NORMA-19020,220
15,NORMA-20002,221
15,NORMA-12113,222
15,NORMA-20861,223
15,NORMA-6509,224
15,NORMA-20983,225
15,NORMA-13323,226
15,NORMA-18656,227
15,NORMA-20240,228
15,NORMA-21159,229
15,NORMA-28467,230
15,NORMA-7651,231
15,NORMA-21515,232
15,NORMA-19095,233
15,NORMA-23341,234
15,NORMA-21585,235
15,NORMA-21305,236
15,NORMA-18686,237
15,NORMA-21419,238
15,NORMA-18536,239
15,NORMA-20188,240
15,NORMA-20705,241
15,NORMA-15237,242
15,NORMA-20356,243
15,NORMA-560,244
15,NORMA-21562,245
15,NORMA-18605,246
15,NORMA-29005,247
15,NORMA-19655,248
15,NORMA-26102,249
15,NORMA-18646,250
15,NORMA-20576,251
15,NORMA-9823,252
15,NORMA-13470,253
15,NORMA-14673,254
15,NORMA-28961,255
15,NORMA-21648,256
15,NORMA-18979,257
15,NORMA-20381,258
15,NORMA-26124,259
15,NORMA-27044,260
15,NORMA-13635,261
15,NORMA-12437,262
15,NORMA-21591,263
15,NORMA-11798,264
15,NORMA-20453,265
15,NORMA-20616,266
15,NORMA-19650,267
15,NORMA-19906,268
15,NORMA-19343,269
15,NORMA-14054,270
15,NORMA-20531,271
15,NORMA-20834,272
15,NORMA-20465,273
15,NORMA-6621,274
15,NORMA-18284,275
15,NORMA-20892,276
15,NORMA-9724,277
15,NORMA-21220,278
15,NORMA-20661,279
15,NORMA-18501,280
15,NORMA-19407,281
15,NORMA-19925,282
15,NORMA-13954,283
15,NORMA-18750,284
15,NORMA-19078,285
15,NORMA-19658,286
15,NORMA-18201,287
15,NORMA-20809,288
15,NORMA-15339,289
15,NORMA-19896,290
15,NORMA-9110,291
15,NORMA-19417,292
15,NORMA-20091,293
15,NORMA-21351,294
15,NORMA-7942,295
15,NORMA-14390,296
15,NORMA-21783,297
15,NORMA-19582,298
15,NORMA-20473,299
15,NORMA-18333,300
15,NORMA-2531,301
15,NORMA-20098,302
15,NORMA-18456,303
15,NORMA-6140,304
15,NORMA-9834,305
15,NORMA-21622,306
15,NORMA-20985,307
15,NORMA-18796,308
15,NORMA-14279,309
15,NORMA-18806,310
15,NORMA-25902,311
15,NORMA-7113,312
15,NORMA-21609,313
15,NORMA-21716,314
15,NORMA-13106,315
15,NORMA-20630,316
15,NORMA-12956,317
15,NORMA-20141,318
15,NORMA-1999,319
15,NORMA-19940,320
15,NORMA-8435,321
15,NORMA-20566,322
15,NORMA-14746,323
15,NORMA-18529,324
15,NORMA-12490,325
15,NORMA-20096,326
15,NORMA-20580,327
15,NORMA-19939,328
15,NORMA-21342,329
15,NORMA-21189,330
15,NORMA-18226,331
15,NORMA-21069,332
15,NORMA-838,333
15,NORMA-12048,334
15,NORMA-27364,335
15,NORMA-12872,336
15,NORMA-24661,337
15,NORMA-18411,338
15,NORMA-3381,339
15,NORMA-12657,340
15,NORMA-21638,341
15,NORMA-19927,342
15,NORMA-18825,343
15,NORMA-21344,344
15,NORMA-20058,345
15,NORMA-20157,346
15,NORMA-20265,347
15,NORMA-6636,348
15,NORMA-12029,349
15,NORMA-217,350
15,NORMA-18364,351
15,NORMA-21606,352
15,NORMA-4818,353
15,NORMA-18386,354
15,NORMA-6318,355
15,NORMA-412,356
15,NORMA-6702,357
15,NORMA-21663,358
15,NORMA-4711,359
15,NORMA-21554,360
15,NORMA-21710,361
15,NORMA-18211,362
15,NORMA-18669,363
15,NORMA-4075,364
15,NORMA-16446,365
15,NORMA-20474,366
15,NORMA-19981,367
15,NORMA-16445,368
15,NORMA-19205,369
15,NORMA-18769,370
15,NORMA-21028,371
15,NORMA-18205,372
15,NORMA-10531,373
15,NORMA-19852,374
15,NORMA-7110,375
15,NORMA-21541,376
15,NORMA-5536,377
15,NORMA-20460,378
15,NORMA-19922,379
15,NORMA-19090,380
15,NORMA-9382,381
15,NORMA-20397,382
15,NORMA-20184,383
15,NORMA-18839,384
15,NORMA-21402,385
15,NORMA-19730,386
15,NORMA-7386,387
15,NORMA-21215,388
15,NORMA-12081,389
15,NORMA-18479,390
15,NORMA-4909,391
15,NORMA-1485,392
15,NORMA-1365,393
15,NORMA-9670,394
15,NORMA-21744,395
15,NORMA-7222,396
15,NORMA-11226,397
15,NORMA-20477,398
15,NORMA-20369,399
15,NORMA-21479,400
15,NORMA-15239,401
15,NORMA-26201,402
15,NORMA-6321,403
15,NORMA-6644,404
15,NORMA-20754,405
15,NORMA-21537,406
15,NORMA-20359,407
15,NORMA-6245,408
15,NORMA-6185,409
15,NORMA-15881,410
15,NORMA-6753,411
15,NORMA-20869,412
15,NORMA-6249,413
15,NORMA-18375,414
15,NORMA-7225,415
15,NORMA-6698,416
15,NORMA-19520,417
15,NORMA-4275,418
15,NORMA-21252,419
15,NORMA-20056,420
15,NORMA-4277,421
15,NORMA-21107,422
15,NORMA-3201,423
15,NORMA-19292,424
15,NORMA-4830,425
15,NORMA-20090,426
15,NORMA-18653,427
15,NORMA-18935,428
15,NORMA-12015,429
15,NORMA-21461,430
15,NORMA-417,431
15,NORMA-6958,432
15,NORMA-19926,433
15,NORMA-1463,434
15,NORMA-21523,435
15,NORMA-21218,436
15,NORMA-20366,437
15,NORMA-18436,438
15,NORMA-21769,439
15,NORMA-18668,440
15,NORMA-4746,441
15,NORMA-21269,442
15,NORMA-21413,443
15,NORMA-13918,444
15,NORMA-14967,445
15,NORMA-21026,446
15,NORMA-19128,447
15,NORMA-28181,448
15,NORMA-9792,449
15,NORMA-21126,450
15,NORMA-18523,451
15,NORMA-783,452
15,NORMA-19384,453
15,NORMA-19715,454
15,NORMA-12035,455
15,NORMA-12049,456
15,NORMA-1994,457
15,NORMA-20870,458
15,NORMA-10123,459
15,NORMA-834,460
15,NORMA-21270,461
15,NORMA-9358,462
15,NORMA-6851,463
15,NORMA-21135,464
15,NORMA-19281,465
15,NORMA-18722,466
15,NORMA-18557,467
15,NORMA-18246,468
15,NORMA-6783,469
15,NORMA-10865,470
15,NORMA-1620,471
15,NORMA-2546,472
15,NORMA-15045,473
15,NORMA-13265,474
15,NORMA-19809,475
15,NORMA-21063,476
15,NORMA-23682,477
15,NORMA-20376,478
15,NORMA-20258,479
15,NORMA-18350,480
15,NORMA-20166,481
15,NORMA-18232,482
15,NORMA-1222,483
15,NORMA-6268,484
15,NORMA-20402,485
15,NORMA-11763,486
15,NORMA-6092,487
15,NORMA-19972,488
15,NORMA-6410,489
15,NORMA-20028,490
15,NORMA-20468,491
15,NORMA-6819,492
15,NORMA-21367,493
15,NORMA-6344,494
15,NORMA-21437,495
15,NORMA-7390,496
15,NORMA-9785,497
15,NORMA-7011,498
15,NORMA-6820,499
15,NORMA-19646,500
15,NORMA-18560,501
15,NORMA-974,502
15,NORMA-6354,503
15,NORMA-18444,504
15,NORMA-21012,505
15,NORMA-9595,506
15,NORMA-15521,507
15,NORMA-9888,508
15,NORMA-10821,509
15,NORMA-21170,510
15,NORMA-21649,511
15,NORMA-12030,512
15,NORMA-20836,513
15,NORMA-11999,514
15,NORMA-18958,515
15,NORMA-8814,516
15,NORMA-6948,517
15,NORMA-21299,518
15,NORMA-8028,519
15,NORMA-1608,520
15,NORMA-6970,521
15,NORMA-19813,522
15,NORMA-11316,523
15,NORMA-10878,524
15,NORMA-11792,525
15,NORMA-21224,526
15,NORMA-18720,527
15,NORMA-19724,528
15,NORMA-11920,529
15,NORMA-19645,530
15,NORMA-12002,531
15,NORMA-19952,532
15,NORMA-2399,533
15,NORMA-20316,534
15,NORMA-21152,535
15,NORMA-12005,536
15,NORMA-21420,537
15,NORMA-21623,538
15,NORMA-19837,539
15,NORMA-20385,540
15,NORMA-20317,541
15,NORMA-18243,542
15,NORMA-18549,543
15,NORMA-20914,544
15,NORMA-21739,545
15,NORMA-205,546
15,NORMA-18559,547
15,NORMA-11557,548
15,NORMA-20382,549
15,NORMA-18741,550
15,NORMA-20389,551
15,NORMA-18981,552
15,NORMA-13990,553
15,NORMA-11780,554
15,NORMA-21233,555
15,NORMA-20277,556
15,NORMA-21547,557
15,NORMA-19630,558
15,NORMA-18434,559
15,NORMA-31923,560
15,NORMA-11882,561
15,NORMA-21260,562
15,NORMA-19096,563
15,NORMA-20274,564
15,NORMA-20557,565
15,NORMA-20374,566
15,NORMA-20060,567
15,NORMA-19629,568
15,NORMA-21751,569
15,NORMA-11864,570
15,NORMA-21211,571
15,NORMA-20934,572
15,NORMA-20503,573
15,NORMA-19275,574
15,NORMA-21029,575
15,NORMA-21626,576
15,NORMA-20202,577
15,NORMA-13345,578
15,NORMA-21418,579
15,NORMA-20753,580
15,NORMA-15060,581
15,NORMA-19641,582
15,NORMA-2559,583
15,NORMA-18818,584
15,NORMA-20398,585
15,NORMA-21023,586
15,NORMA-26003,587
15,NORMA-20185,588
15,NORMA-20407,589
15,NORMA-10843,590
15,NORMA-4926,591
15,NORMA-11419,592
15,NORMA-18428,593
15,NORMA-20137,594
15,NORMA-309,595
15,NORMA-13392,596
15,NORMA-11469,597
15,NORMA-20632,598
15,NORMA-20103,599
15,NORMA-13769,600
15,NORMA-19132,601
15,NORMA-13237,602
15,NORMA-21496,603
15,NORMA-18967,604
15,NORMA-19605,605
15,NORMA-18897,606
15,NORMA-13298,607
15,NORMA-6679,608
15,NORMA-11459,609
15,NORMA-11804,610
15,NORMA-20924,611
15,NORMA-18423,612
15,NORMA-21111,613
15,NORMA-6023,614
15,NORMA-2089,615
15,NORMA-21550,616
15,NORMA-21187,617
15,NORMA-21302,618
15,NORMA-6675,619
15,NORMA-1516,620
15,NORMA-20501,621
15,NORMA-20712,622
15,NORMA-19792,623
15,NORMA-20425,624
15,NORMA-19256,625
15,NORMA-18781,626
15,NORMA-20932,627
15,NORMA-21705,628
15,NORMA-75,629
15,NORMA-18858,630
15,NORMA-8537,631
15,NORMA-4944,632
15,NORMA-6378,633
15,NORMA-21003,634
15,NORMA-8442,635
15,NORMA-20837,636
15,NORMA-20935,637
15,NORMA-27366,638
15,NORMA-6774,639
15,NORMA-9679,640
15,NORMA-5335,641
15,NORMA-18356,642
15,NORMA-21225,643
15,NORMA-27384,644
15,NORMA-19225,645
15,NORMA-4459,646
15,NORMA-18994,647
15,NORMA-12102,648
15,NORMA-12415,649
15,NORMA-20678,650
15,NORMA-8119,651
15,NORMA-19150,652
15,NORMA-11164,653
15,NORMA-18809,654
15,NORMA-18227,655
15,NORMA-5751,656
15,NORMA-14725,657
15,NORMA-21774,658
15,NORMA-9152,659
15,NORMA-12923,660
15,NORMA-13124,661
15,NORMA-3819,662
15,NORMA-14392,663
15,NORMA-21466,664
15,NORMA-6669,665
15,NORMA-19429,666
15,NORMA-18746,667
15,NORMA-21173,668
15,NORMA-15370,669
15,NORMA-19913,670
15,NORMA-1552,671
15,NORMA-11664,672
15,NORMA-4586,673
15,NORMA-13308,674
15,NORMA-6322,675
15,NORMA-18757,676
15,NORMA-11814,677
15,NORMA-20422,678
15,NORMA-18815,679
15,NORMA-19187,680
15,NORMA-19221,681
15,NORMA-18821,682
15,NORMA-7148,683
15,NORMA-19992,684
15,NORMA-11418,685
15,NORMA-3510,686
15,NORMA-19506,687
15,NORMA-6505,688
15,NORMA-20505,689
15,NORMA-6674,690
15,NORMA-3907,691
15,NORMA-19483,692
15,NORMA-20437,693
15,NORMA-19001,694
15,NORMA-19617,695
15,NORMA-18424,696
15,NORMA-27062,697
15,NORMA-19067,698
15,NORMA-18727,699
15,NORMA-19431,700
15,NORMA-18752,701
15,NORMA-18231,702
15,NORMA-6413,703
15,NORMA-18642,704
15,NORMA-18841,705
15,NORMA-19432,706
15,NORMA-6075,707
15,NORMA-2016,708
15,NORMA-2143,709
15,NORMA-662,710
15,NORMA-12066,711
15,NORMA-20444,712
15,NORMA-19535,713
15,NORMA-18570,714
15,NORMA-20796,715
15,NORMA-21158,716
15,NORMA-5253,717
15,NORMA-6134,718
15,NORMA-21353,719
15,NORMA-18515,720
15,NORMA-19084,721
15,NORMA-21792,722
15,NORMA-8204,723
15,NORMA-21448,724
15,NORMA-18215,725
15,NORMA-18680,726
15,NORMA-18710,727
15,NORMA-20108,728
15,NORMA-21534,729
15,NORMA-5339,730
15,NORMA-4906,731
15,NORMA-18314,732
15,NORMA-4515,733
15,NORMA-21040,734
15,NORMA-19347,735
15,NORMA-8958,736
15,NORMA-14850,737
15,NORMA-19008,738
15,NORMA-18210,739
15,NORMA-21576,740
15,NORMA-6743,741
15,NORMA-6411,742
15,NORMA-19348,743
15,NORMA-5008,744
15,NORMA-10205,745
15,NORMA-14529,746
15,NORMA-19500,747
15,NORMA-27045,748
15,NORMA-21601,749
15,NORMA-19346,750
15,NORMA-19125,751
15,NORMA-18602,752
15,NORMA-25202,753
15,NORMA-6051,754
15,NORMA-10393,755
15,NORMA-18548,756
15,NORMA-18721,757
15,NORMA-19493,758
15,NORMA-6198,759
15,NORMA-14890,760
15,NORMA-5495,761
15,NORMA-19219,762
15,NORMA-18857,763
15,NORMA-14114,764
15,NORMA-19130,765
15,NORMA-19709,766
15,NORMA-18875,767
15,NORMA-6128,768
15,NORMA-19147,769
15,NORMA-20679,770
15,NORMA-18279,771
15,NORMA-3825,772
15,NORMA-19844,773
15,NORMA-10789,774
15,NORMA-19428,775
15,NORMA-6389,776
15,NORMA-4631,777
15,NORMA-18634,778
15,NORMA-18606,779
15,NORMA-8438,780
15,NORMA-18641,781
15,NORMA-19115,782
15,NORMA-20174,783
15,NORMA-8789,784
15,NORMA-4898,785
15,NORMA-18615,786
15,NORMA-19434,787
15,NORMA-2022,788
15,NORMA-2177,789
15,NORMA-2034,790
15,NORMA-13864,791
15,NORMA-21007,792
15,NORMA-18651,793
15,NORMA-18623,794
15,NORMA-4297,795
15,NORMA-19982,796
15,NORMA-18639,797
15,NORMA-18609,798
15,NORMA-19266,799
15,NORMA-18743,800
15,NORMA-18573,801
15,NORMA-13586,802
15,NORMA-19443,803
15,NORMA-19066,804
15,NORMA-18677,805
15,NORMA-18731,806
15,NORMA-13472,807
15,NORMA-19482,808
15,NORMA-13473,809
15,NORMA-18960,810
15,NORMA-18759,811
15,NORMA-19070,812
15,NORMA-19788,813
15,NORMA-11087,814
15,NORMA-14262,815
15,NORMA-21676,816
15,NORMA-8774,817
15,NORMA-20940,818
15,NORMA-19375,819
15,NORMA-21091,820
15,NORMA-19215,821
15,NORMA-19324,822
15,NORMA-19151,823
15,NORMA-13771,824
15,NORMA-9238,825
15,NORMA-25641,826
15,NORMA-14260,827
15,NORMA-18545,828
15,NORMA-18328,829
15,NORMA-15253,830
15,NORMA-18532,831
15,NORMA-18329,832
15,NORMA-13218,833
15,NORMA-20488,834
15,NORMA-6514,835
15,NORMA-19519,836
15,NORMA-21147,837
15,NORMA-27547,838
15,NORMA-19018,839
15,NORMA-18846,840
15,NORMA-20530,841
15,NORMA-3820,842
15,NORMA-21548,843
15,NORMA-29003,844
15,NORMA-18617,845
15,NORMA-18555,846
15,NORMA-18494,847
15,NORMA-6500,848
15,NORMA-27552,849
15,NORMA-20868,850
15,NORMA-3821,851
15,NORMA-13319,852
15,NORMA-18253,853
15,NORMA-3281,854
15,NORMA-21200,855
15,NORMA-18219,856
15,NORMA-19265,857
15,NORMA-18322,858
15,NORMA-19491,859
15,NORMA-10950,860
15,NORMA-14688,861
15,NORMA-20949,862
15,NORMA-21636,863
15,NORMA-18339,864
15,NORMA-6083,865
15,NORMA-5133,866
15,NORMA-9217,867
15,NORMA-19338,868
15,NORMA-4314,869
15,NORMA-20130,870
15,NORMA-15229,871
15,NORMA-19345,872
15,NORMA-18321,873
15,NORMA-20072,874
15,NORMA-21128,875
15,NORMA-18959,876
15,NORMA-18297,877
15,NORMA-18838,878
15,NORMA-18884,879
15,NORMA-9820,880
15,NORMA-20984,881
15,NORMA-11790,882
15,NORMA-19188,883
15,NORMA-11214,884
15,NORMA-20762,885
15,NORMA-18693,886
15,NORMA-21431,887
15,NORMA-19337,888
15,NORMA-19049,889
15,NORMA-19875,890
15,NORMA-18803,891
15,NORMA-4588,892
15,NORMA-6488,893
15,NORMA-28203,894
15,NORMA-18252,895
15,NORMA-18288,896
15,NORMA-18354,897
15,NORMA-8384,898
15,NORMA-18342,899
15,NORMA-21254,900
15,NORMA-18744,901
15,NORMA-3509,902
15,NORMA-12822,903
15,NORMA-21121,904
15,NORMA-11352,905
15,NORMA-4394,906
15,NORMA-6775,907
15,NORMA-6126,908
15,NORMA-18996,909
15,NORMA-14459,910
15,NORMA-21659,911
15,NORMA-19573,912
15,NORMA-26802,913
15,NORMA-24181,914
15,NORMA-18217,915
15,NORMA-18706,916
15,NORMA-33728,917
15,NORMA-231,918
15,NORMA-18290,919
15,NORMA-25881,920
15,NORMA-18276,921
15,NORMA-18816,922
15,NORMA-19584,923
15,NORMA-21036,924
15,NORMA-19930,925
15,NORMA-6969,926
15,NORMA-6668,927
15,NORMA-24,928
15,NORMA-20605,929
15,NORMA-5494,930
15,NORMA-19466,931
15,NORMA-19542,932
15,NORMA-18854,933
15,NORMA-18303,934
15,NORMA-21286,935
15,NORMA-18490,936
15,NORMA-7018,937
15,NORMA-18789,938
15,NORMA-5969,939
15,NORMA-18524,940
15,NORMA-14345,941
15,NORMA-4279,942
15,NORMA-4514,943
15,NORMA-19714,944
15,NORMA-4820,945
15,NORMA-19032,946
15,NORMA-19480,947
15,NORMA-13995,948
15,NORMA-20917,949
15,NORMA-19961,950
15,NORMA-19365,951
15,NORMA-20150,952
15,NORMA-27363,953
15,NORMA-21134,954
15,NORMA-18292,955
15,NORMA-18326,956
15,NORMA-24961,957
15,NORMA-18601,958
15,NORMA-5162,959
15,NORMA-20831,960
15,NORMA-19808,961
15,NORMA-20797,962
15,NORMA-9384,963
15,NORMA-11474,964
15,NORMA-19644,965
15,NORMA-20521,966
15,NORMA-462,967
15,NORMA-11764,968
15,NORMA-20982,969
15,NORMA-11665,970
15,NORMA-20290,971
15,NORMA-18541,972
15,NORMA-14113,973
15,NORMA-11479,974
15,NORMA-21227,975
15,NORMA-20900,976
15,NORMA-20978,977
15,NORMA-3662,978
15,NORMA-15027,979
15,NORMA-20085,980
15,NORMA-10318,981
15,NORMA-21052,982
15,NORMA-11609,983
15,NORMA-18836,984
15,NORMA-21337,985
15,NORMA-28586,986
15,NORMA-6752,987
15,NORMA-11527,988
15,NORMA-18208,989
15,NORMA-10749,990
15,NORMA-18345,991
15,NORMA-19036,992
15,NORMA-20491,993
15,NORMA-19893,994
15,NORMA-534,995
15,NORMA-19648,996
15,NORMA-18882,997
15,NORMA-18359,998
15,NORMA-19179,999
15,NORMA-18414,1000
16,NORMA-21269,1
16,NORMA-21344,2
16,NORMA-21638,3
16,NORMA-21649,4
16,NORMA-16424,5
16,NORMA-13610,6
16,NORMA-13795,7
16,NORMA-22862,8
16,NORMA-6176,9
16,NORMA-23361,10
16,NORMA-21404,11
16,NORMA-6968,12
16,NORMA-21538,13
16,NORMA-14744,14
16,NORMA-21748,15
16,NORMA-12911,16
16,NORMA-13514,17
16,NORMA-21402,18
16,NORMA-12490,19
16,NORMA-21700,20
16,NORMA-14390,21
16,NORMA-21409,22
16,NORMA-21637,23
16,NORMA-12437,24
16,NORMA-20139,25
16,NORMA-21361,26
16,NORMA-20790,27
16,NORMA-18910,28
16,NORMA-1470,29
16,NORMA-1192,30
16,NORMA-1164,31
16,NORMA-1114,32
16,NORMA-1296,33
16,NORMA-1248,34
16,NORMA-1374,35
16,NORMA-1445,36
16,NORMA-10298,37
16,NORMA-9890,38
16,NORMA-23101,39
16,NORMA-21305,40
16,NORMA-19303,41
16,NORMA-21586,42
16,NORMA-1485,43
16,NORMA-1365,44
16,NORMA-21703,45
16,NORMA-11352,46
16,NORMA-11419,47
16,NORMA-8442,48
16,NORMA-21275,49
16,NORMA-10843,50
16,NORMA-5335,51
16,NORMA-18631,52
16,NORMA-21706,53
16,NORMA-27161,54
16,NORMA-12314,55
16,NORMA-11184,56
16,NORMA-7867,57
16,NORMA-5336,58
16,NORMA-27362,59
16,NORMA-12371,60
16,NORMA-15358,61
16,NORMA-12380,62
16,NORMA-21413,63
16,NORMA-14366,64
16,NORMA-16402,65
16,NORMA-12516,66
16,NORMA-12379,67
16,NORMA-12965,68
16,NORMA-13402,69
16,NORMA-21392,70
16,NORMA-60,71
16,NORMA-27361,72
16,NORMA-26804,73
16,NORMA-11459,74
16,NORMA-15118,75
16,NORMA-12899,76
16,NORMA-12517,77
16,NORMA-27363,78
16,NORMA-21711,79
16,NORMA-5380,80
16,NORMA-10986,81
16,NORMA-27366,82
16,NORMA-11186,83
16,NORMA-8212,84
16,NORMA-5185,85
16,NORMA-11185,86
16,NORMA-15802,87
16,NORMA-8121,88
16,NORMA-5337,89
16,NORMA-12910,90
16,NORMA-27221,91
16,NORMA-21690,92
16,NORMA-21676,93
16,NORMA-18211,94
16,NORMA-19712,95
16,NORMA-14746,96
16,NORMA-21461,97
16,NORMA-27364,98
16,NORMA-19704,99
16,NORMA-20138,100
16,NORMA-20300,101
16,NORMA-15339,102
16,NORMA-19729,103
16,NORMA-22561,104
16,NORMA-13918,105
16,NORMA-21443,106
16,NORMA-13470,107
16,NORMA-21186,108
16,NORMA-20936,109
16,NORMA-18450,110
16,NORMA-27044,111
16,NORMA-21187,112
16,NORMA-20278,113
16,NORMA-20705,114
16,NORMA-18528,115
16,NORMA-20847,116
16,NORMA-20712,117
16,NORMA-20922,118
16,NORMA-21609,119
16,NORMA-21497,120
16,NORMA-13158,121
16,NORMA-6685,122
16,NORMA-21148,123
16,NORMA-21717,124
16,NORMA-6184,125
16,NORMA-20613,126
16,NORMA-21301,127
16,NORMA-3966,128
16,NORMA-21086,129
16,NORMA-20945,130
16,NORMA-20894,131
16,NORMA-20927,132
16,NORMA-21606,133
16,NORMA-20812,134
16,NORMA-21194,135
16,NORMA-18697,136
16,NORMA-20703,137
16,NORMA-20704,138
16,NORMA-20234,139
16,NORMA-18753,140
16,NORMA-20983,141
16,NORMA-19589,142
16,NORMA-21205,143
16,NORMA-20815,144
16,NORMA-21286,145
16,NORMA-14937,146
16,NORMA-19578,147
16,NORMA-18574,148
16,NORMA-20990,149
16,NORMA-21608,150
16,NORMA-18418,151
16,NORMA-20274,152
16,NORMA-20730,153
16,NORMA-21698,154
16,NORMA-21178,155
16,NORMA-19431,156
16,NORMA-20924,157
16,NORMA-883,158
16,NORMA-21669,159
16,NORMA-19602,160
16,NORMA-20591,161
16,NORMA-20202,162
16,NORMA-20248,163
16,NORMA-19959,164
16,NORMA-3571,165
16,NORMA-20852,166
16,NORMA-19925,167
16,NORMA-19003,168
16,NORMA-18591,169
16,NORMA-18689,170
16,NORMA-18961,171
16,NORMA-18800,172
16,NORMA-19587,173
16,NORMA-21140,174
16,NORMA-19948,175
16,NORMA-18280,176
16,NORMA-21562,177
16,NORMA-19477,178
16,NORMA-18691,179
16,NORMA-20306,180
16,NORMA-20880,181
16,NORMA-21206,182
16,NORMA-19408,183
16,NORMA-21470,184
16,NORMA-19278,185
16,NORMA-20135,186
16,NORMA-19467,187
16,NORMA-18769,188
16,NORMA-20632,189
16,NORMA-19528,190
16,NORMA-18633,191
16,NORMA-18227,192
16,NORMA-21503,193
16,NORMA-20813,194
16,NORMA-19972,195
16,NORMA-19330,196
16,NORMA-19437,197
16,NORMA-19542,198
16,NORMA-19337,199
16,NORMA-19979,200
16,NORMA-18962,201
16,NORMA-18673,202
16,NORMA-21309,203
16,NORMA-13797,204
16,NORMA-20921,205
16,NORMA-20240,206
16,NORMA-3001,207
16,NORMA-21499,208
16,NORMA-20622,209
16,NORMA-18682,210
16,NORMA-21595,211
16,NORMA-21634,212
16,NORMA-19124,213
16,NORMA-20630,214
16,NORMA-19192,215
16,NORMA-21788,216
16,NORMA-7280,217
16,NORMA-18221,218
16,NORMA-18420,219
16,NORMA-21381,220
16,NORMA-21351,221
16,NORMA-19181,222
16,NORMA-578,223
16,NORMA-18994,224
16,NORMA-20761,225
16,NORMA-13671,226
16,NORMA-21522,227
16,NORMA-570,228
16,NORMA-19223,229
16,NORMA-20931,230
16,NORMA-18685,231
16,NORMA-19444,232
16,NORMA-15603,233
16,NORMA-21131,234
16,NORMA-19650,235
16,NORMA-20237,236
16,NORMA-21675,237
16,NORMA-18654,238
16,NORMA-13990,239
16,NORMA-21124,240
16,NORMA-2144,241
16,NORMA-20948,242
16,NORMA-18391,243
16,NORMA-21085,244
16,NORMA-20985,245
16,NORMA-21434,246
16,NORMA-18386,247
16,NORMA-19240,248
16,NORMA-6253,249
16,NORMA-3589,250
16,NORMA-18341,251
16,NORMA-11144,252
16,NORMA-4003,253
16,NORMA-21367,254
16,NORMA-18427,255
16,NORMA-19691,256
16,NORMA-21273,257
16,NORMA-10797,258
16,NORMA-14099,259
16,NORMA-19526,260
16,NORMA-19968,261
16,NORMA-5372,262
16,NORMA-19081,263
16,NORMA-19021,264
16,NORMA-19103,265
16,NORMA-19942,266
16,NORMA-11557,267
16,NORMA-13174,268
16,NORMA-658,269
16,NORMA-21580,270
16,NORMA-19629,271
16,NORMA-20907,272
16,NORMA-21199,273
16,NORMA-36,274
16,NORMA-20976,275
16,NORMA-21364,276
16,NORMA-21659,277
16,NORMA-21695,278
16,NORMA-12858,279
16,NORMA-21163,280
16,NORMA-6479,281
16,NORMA-7554,282
16,NORMA-19426,283
16,NORMA-21456,284
16,NORMA-18804,285
16,NORMA-20845,286
16,NORMA-5849,287
16,NORMA-14547,288
16,NORMA-19727,289
16,NORMA-19622,290
16,NORMA-21277,291
16,NORMA-20911,292
16,NORMA-21768,293
16,NORMA-18877,294
16,NORMA-21739,295
16,NORMA-20758,296
16,NORMA-9457,297
16,NORMA-6203,298
16,NORMA-15071,299
16,NORMA-19780,300
16,NORMA-21420,301
16,NORMA-8938,302
16,NORMA-19694,303
16,NORMA-20841,304
16,NORMA-2066,305
16,NORMA-4926,306
16,NORMA-20943,307
16,NORMA-20308,308
16,NORMA-18939,309
16,NORMA-2555,310
16,NORMA-20058,311
16,NORMA-20284,312
16,NORMA-19512,313
16,NORMA-20623,314
16,NORMA-21607,315
16,NORMA-5607,316
16,NORMA-18690,317
16,NORMA-4277,318
16,NORMA-13265,319
16,NORMA-20859,320
16,NORMA-19321,321
16,NORMA-18328,322
16,NORMA-21389,323
16,NORMA-6075,324
16,NORMA-12630,325
16,NORMA-20070,326
16,NORMA-19655,327
16,NORMA-15208,328
16,NORMA-5853,329
16,NORMA-18294,330
16,NORMA-19930,331
16,NORMA-229,332
16,NORMA-19927,333
16,NORMA-20891,334
16,NORMA-5417,335
16,NORMA-20249,336
16,NORMA-21459,337
16,NORMA-20731,338
16,NORMA-18780,339
16,NORMA-18401,340
16,NORMA-20786,341
16,NORMA-20269,342
16,NORMA-10749,343
16,NORMA-18555,344
16,NORMA-18996,345
16,NORMA-21417,346
16,NORMA-18463,347
16,NORMA-20962,348
16,NORMA-6755,349
16,NORMA-18201,350
16,NORMA-26881,351
16,NORMA-19630,352
16,NORMA-20888,353
16,NORMA-18536,354
16,NORMA-206,355
16,NORMA-18554,356
16,NORMA-18747,357
16,NORMA-21019,358
16,NORMA-20073,359
16,NORMA-18456,360
16,NORMA-21004,361
16,NORMA-20561,362
16,NORMA-18858,363
16,NORMA-10865,364
16,NORMA-29421,365
16,NORMA-21203,366
16,NORMA-21666,367
16,NORMA-9358,368
16,NORMA-19799,369
16,NORMA-23881,370
16,NORMA-18668,371
16,NORMA-11692,372
16,NORMA-18832,373
16,NORMA-20915,374
16,NORMA-18252,375
16,NORMA-20963,376
16,NORMA-19689,377
16,NORMA-20616,378
16,NORMA-4425,379
16,NORMA-18693,380
16,NORMA-19027,381
16,NORMA-21626,382
16,NORMA-19096,383
16,NORMA-20696,384
16,NORMA-21776,385
16,NORMA-18999,386
16,NORMA-18550,387
16,NORMA-19000,388
16,NORMA-19682,389
16,NORMA-18527,390
16,NORMA-224,391
16,NORMA-19095,392
16,NORMA-18354,393
16,NORMA-22861,394
16,NORMA-4182,395
16,NORMA-18744,396
16,NORMA-20941,397
16,NORMA-20626,398
16,NORMA-18748,399
16,NORMA-21550,400
16,NORMA-21369,401
16,NORMA-10123,402
16,NORMA-20934,403
16,NORMA-19969,404
16,NORMA-7168,405
16,NORMA-23222,406
16,NORMA-21207,407
16,NORMA-21069,408
16,NORMA-18545,409
16,NORMA-15283,410
16,NORMA-19009,411
16,NORMA-19387,412
16,NORMA-11316,413
16,NORMA-19245,414
16,NORMA-3503,415
16,NORMA-20772,416
16,NORMA-20729,417
16,NORMA-14987,418
16,NORMA-5431,419
16,NORMA-1510,420
16,NORMA-18577,421
16,NORMA-20893,422
16,NORMA-21418,423
16,NORMA-20241,424
16,NORMA-18576,425
16,NORMA-21297,426
16,NORMA-3942,427
16,NORMA-20190,428
16,NORMA-20222,429
16,NORMA-18677,430
16,NORMA-22461,431
16,NORMA-21509,432
16,NORMA-21279,433
16,NORMA-20917,434
16,NORMA-20939,435
16,NORMA-14498,436
16,NORMA-20421,437
16,NORMA-20574,438
16,NORMA-19078,439
16,NORMA-18524,440
16,NORMA-20238,441
16,NORMA-12063,442
16,NORMA-19032,443
16,NORMA-18424,444
16,NORMA-19515,445
16,NORMA-20151,446
16,NORMA-25902,447
16,NORMA-6245,448
16,NORMA-21408,449
16,NORMA-20602,450
16,NORMA-19828,451
16,NORMA-4820,452
16,NORMA-18446,453
16,NORMA-19256,454
16,NORMA-689,455
16,NORMA-19725,456
16,NORMA-20291,457
16,NORMA-19149,458
16,NORMA-2537,459
16,NORMA-21274,460
16,NORMA-21575,461
16,NORMA-23521,462
16,NORMA-15045,463
16,NORMA-18767,464
16,NORMA-21477,465
16,NORMA-18616,466
16,NORMA-20443,467
16,NORMA-19281,468
16,NORMA-13138,469
16,NORMA-1608,470
16,NORMA-14542,471
16,NORMA-1303,472
16,NORMA-21264,473
16,NORMA-21390,474
16,NORMA-21641,475
16,NORMA-18216,476
16,NORMA-11601,477
16,NORMA-21065,478
16,NORMA-23682,479
16,NORMA-21663,480
16,NORMA-18659,481
16,NORMA-20582,482
16,NORMA-21710,483
16,NORMA-19473,484
16,NORMA-21278,485
16,NORMA-20771,486
16,NORMA-21242,487
16,NORMA-20150,488
16,NORMA-2362,489
16,NORMA-11226,490
16,NORMA-21052,491
16,NORMA-18284,492
16,NORMA-19297,493
16,NORMA-21231,494
16,NORMA-20491,495
16,NORMA-10531,496
16,NORMA-18709,497
16,NORMA-18319,498
16,NORMA-20861,499
16,NORMA-21055,500
16,NORMA-18531,501
16,NORMA-21585,502
16,NORMA-309,503
16,NORMA-13848,504
16,NORMA-2126,505
16,NORMA-20452,506
16,NORMA-11470,507
16,NORMA-19138,508
16,NORMA-12066,509
16,NORMA-1641,510
16,NORMA-18626,511
16,NORMA-18722,512
16,NORMA-18756,513
16,NORMA-2375,514
16,NORMA-18781,515
16,NORMA-21767,516
16,NORMA-15821,517
16,NORMA-20737,518
16,NORMA-20619,519
16,NORMA-21184,520
16,NORMA-19667,521
16,NORMA-21000,522
16,NORMA-21059,523
16,NORMA-19295,524
16,NORMA-18530,525
16,NORMA-24,526
16,NORMA-18303,527
16,NORMA-20193,528
16,NORMA-18429,529
16,NORMA-20280,530
16,NORMA-18967,531
16,NORMA-21225,532
16,NORMA-21729,533
16,NORMA-20426,534
16,NORMA-18302,535
16,NORMA-20993,536
16,NORMA-13298,537
16,NORMA-19583,538
16,NORMA-21135,539
16,NORMA-2447,540
16,NORMA-21108,541
16,NORMA-21060,542
16,NORMA-18835,543
16,NORMA-21407,544
16,NORMA-18202,545
16,NORMA-11683,546
16,NORMA-23341,547
16,NORMA-21474,548
16,NORMA-27001,549
16,NORMA-20049,550
16,NORMA-20279,551
16,NORMA-18656,552
16,NORMA-18335,553
16,NORMA-19581,554
16,NORMA-18325,555
16,NORMA-19442,556
16,NORMA-19794,557
16,NORMA-20377,558
16,NORMA-26841,559
16,NORMA-28561,560
16,NORMA-11630,561
16,NORMA-20236,562
16,NORMA-19750,563
16,NORMA-21387,564
16,NORMA-18878,565
16,NORMA-19514,566
16,NORMA-21241,567
16,NORMA-21129,568
16,NORMA-18989,569
16,NORMA-21267,570
16,NORMA-20914,571
16,NORMA-19490,572
16,NORMA-18646,573
16,NORMA-21647,574
16,NORMA-19646,575
16,NORMA-21648,576
16,NORMA-5008,577
16,NORMA-19984,578
16,NORMA-27761,579
16,NORMA-18950,580
16,NORMA-20157,581
16,NORMA-7146,582
16,NORMA-19546,583
16,NORMA-21157,584
16,NORMA-2301,585
16,NORMA-18434,586
16,NORMA-29764,587
16,NORMA-21520,588
16,NORMA-20188,589
16,NORMA-4297,590
16,NORMA-20876,591
16,NORMA-21238,592
16,NORMA-19355,593
16,NORMA-20164,594
16,NORMA-19658,595
16,NORMA-21280,596
16,NORMA-18870,597
16,NORMA-12739,598
16,NORMA-20397,599
16,NORMA-20297,600
16,NORMA-2587,601
16,NORMA-18021,602
16,NORMA-21114,603
16,NORMA-21126,604
16,NORMA-20824,605
16,NORMA-19231,606
16,NORMA-646,607
16,NORMA-20077,608
16,NORMA-20803,609
16,NORMA-27403,610
16,NORMA-13998,611
16,NORMA-20684,612
16,NORMA-18681,613
16,NORMA-20879,614
16,NORMA-20199,615
16,NORMA-4898,616
16,NORMA-1603,617
16,NORMA-19735,618
16,NORMA-21192,619
16,NORMA-21650,620
16,NORMA-20810,621
16,NORMA-18313,622
16,NORMA-19911,623
16,NORMA-19588,624
16,NORMA-21328,625
16,NORMA-20191,626
16,NORMA-19580,627
16,NORMA-18733,628
16,NORMA-20892,629
16,NORMA-20298,630
16,NORMA-18750,631
16,NORMA-17321,632
16,NORMA-3181,633
16,NORMA-18436,634
16,NORMA-20239,635
16,NORMA-534,636
16,NORMA-19845,637
16,NORMA-19797,638
16,NORMA-22401,639
16,NORMA-19730,640
16,NORMA-1348,641
16,NORMA-21110,642
16,NORMA-20802,643
16,NORMA-20494,644
16,NORMA-24885,645
16,NORMA-729,646
16,NORMA-19017,647
16,NORMA-19393,648
16,NORMA-19878,649
16,NORMA-20185,650
16,NORMA-21036,651
16,NORMA-20996,652
16,NORMA-21535,653
16,NORMA-21005,654
16,NORMA-11670,655
16,NORMA-19206,656
16,NORMA-19014,657
16,NORMA-20524,658
16,NORMA-21250,659
16,NORMA-22941,660
16,NORMA-19570,661
16,NORMA-18368,662
16,NORMA-19733,663
16,NORMA-21643,664
16,NORMA-6354,665
16,NORMA-21444,666
16,NORMA-13772,667
16,NORMA-11723,668
16,NORMA-19607,669
16,NORMA-21705,670
16,NORMA-19636,671
16,NORMA-20887,672
16,NORMA-18844,673
16,NORMA-18314,674
16,NORMA-1649,675
16,NORMA-20429,676
16,NORMA-20713,677
16,NORMA-10034,678
16,NORMA-16202,679
16,NORMA-26124,680
16,NORMA-20129,681
16,NORMA-21757,682
16,NORMA-18533,683
16,NORMA-21073,684
16,NORMA-20134,685
16,NORMA-21312,686
16,NORMA-19609,687
16,NORMA-11612,688
16,NORMA-28623,689
16,NORMA-20172,690
16,NORMA-20796,691
16,NORMA-21774,692
16,NORMA-6389,693
16,NORMA-19174,694
16,NORMA-18583,695
16,NORMA-19535,696
16,NORMA-18660,697
16,NORMA-21709,698
16,NORMA-19232,699
16,NORMA-20182,700
16,NORMA-18537,701
16,NORMA-20710,702
16,NORMA-12880,703
16,NORMA-20319,704
16,NORMA-19205,705
16,NORMA-20551,706
16,NORMA-20863,707
16,NORMA-20224,708
16,NORMA-3502,709
16,NORMA-18801,710
16,NORMA-20081,711
16,NORMA-19643,712
16,NORMA-18859,713
16,NORMA-20751,714
16,NORMA-20211,715
16,NORMA-19262,716
16,NORMA-18542,717
16,NORMA-25523,718
16,NORMA-21283,719
16,NORMA-6764,720
16,NORMA-14501,721
16,NORMA-18972,722
16,NORMA-1373,723
16,NORMA-18669,724
16,NORMA-19191,725
16,NORMA-21500,726
16,NORMA-20799,727
16,NORMA-21028,728
16,NORMA-21121,729
16,NORMA-20287,730
16,NORMA-20865,731
16,NORMA-18605,732
16,NORMA-21255,733
16,NORMA-20577,734
16,NORMA-12030,735
16,NORMA-18286,736
16,NORMA-21437,737
16,NORMA-19128,738
16,NORMA-20643,739
16,NORMA-19634,740
16,NORMA-21631,741
16,NORMA-20999,742
16,NORMA-31905,743
16,NORMA-13056,744
16,NORMA-9111,745
16,NORMA-14508,746
16,NORMA-535,747
16,NORMA-19620,748
16,NORMA-19429,749
16,NORMA-6700,750
16,NORMA-19061,751
16,NORMA-19724,752
16,NORMA-20294,753
16,NORMA-20366,754
16,NORMA-22721,755
16,NORMA-21744,756
16,NORMA-15662,757
16,NORMA-21208,758
16,NORMA-21063,759
16,NORMA-28361,760
16,NORMA-968,761
16,NORMA-12900,762
16,NORMA-12901,763
16,NORMA-18375,764
16,NORMA-20432,765
16,NORMA-7007,766
16,NORMA-889,767
16,NORMA-18970,768
16,NORMA-21300,769
16,NORMA-21200,770
16,NORMA-11454,771
16,NORMA-28466,772
16,NORMA-20995,773
16,NORMA-20201,774
16,NORMA-18981,775
16,NORMA-205,776
16,NORMA-18730,777
16,NORMA-19152,778
16,NORMA-19105,779
16,NORMA-10267,780
16,NORMA-21003,781
16,NORMA-19916,782
16,NORMA-11730,783
16,NORMA-92,784
16,NORMA-20460,785
16,NORMA-20949,786
16,NORMA-18839,787
16,NORMA-21324,788
16,NORMA-18479,789
16,NORMA-21058,790
16,NORMA-18741,791
16,NORMA-19674,792
16,NORMA-19258,793
16,NORMA-18603,794
16,NORMA-616,795
16,NORMA-21792,796
16,NORMA-20285,797
16,NORMA-20349,798
16,NORMA-27981,799
16,NORMA-21515,800
16,NORMA-21405,801
16,NORMA-11759,802
16,NORMA-21791,803
16,NORMA-19798,804
16,NORMA-20964,805
16,NORMA-21728,806
16,NORMA-19595,807
16,NORMA-20709,808
16,NORMA-20873,809
16,NORMA-18293,810
16,NORMA-19940,811
16,NORMA-11664,812
16,NORMA-20992,813
16,NORMA-17201,814
16,NORMA-19537,815
16,NORMA-20402,816
16,NORMA-18405,817
16,NORMA-20265,818
16,NORMA-19499,819
16,NORMA-20840,820
16,NORMA-1132,821
16,NORMA-21220,822
16,NORMA-20301,823
16,NORMA-18958,824
16,NORMA-2013,825
16,NORMA-24905,826
16,NORMA-21661,827
16,NORMA-20359,828
16,NORMA-15060,829
16,NORMA-11515,830
16,NORMA-21175,831
16,NORMA-19329,832
16,NORMA-1143,833
16,NORMA-19731,834
16,NORMA-21523,835
16,NORMA-18886,836
16,NORMA-416,837
16,NORMA-19809,838
16,NORMA-18394,839
16,NORMA-18287,840
16,NORMA-19600,841
16,NORMA-12099,842
16,NORMA-12492,843
16,NORMA-18205,844
16,NORMA-21366,845
16,NORMA-20225,846
16,NORMA-21356,847
16,NORMA-21506,848
16,NORMA-20465,849
16,NORMA-21299,850
16,NORMA-18979,851
16,NORMA-21697,852
16,NORMA-21821,853
16,NORMA-18388,854
16,NORMA-21521,855
16,NORMA-21165,856
16,NORMA-24001,857
16,NORMA-20583,858
16,NORMA-20474,859
16,NORMA-7095,860
16,NORMA-21616,861
16,NORMA-21563,862
16,NORMA-913,863
16,NORMA-24582,864
16,NORMA-25645,865
16,NORMA-19343,866
16,NORMA-21783,867
16,NORMA-21419,868
16,NORMA-21617,869
16,NORMA-12230,870
16,NORMA-19639,871
16,NORMA-509,872
16,NORMA-11573,873
16,NORMA-20141,874
16,NORMA-18648,875
16,NORMA-21149,876
16,NORMA-12103,877
16,NORMA-19977,878
16,NORMA-11784,879
16,NORMA-17221,880
16,NORMA-18435,881
16,NORMA-579,882
16,NORMA-20576,883
16,NORMA-18922,884
16,NORMA-18906,885
16,NORMA-12231,886
16,NORMA-480,887
16,NORMA-19621,888
16,NORMA-19279,889
16,NORMA-23581,890
16,NORMA-6022,891
16,NORMA-19448,892
16,NORMA-24661,893
16,NORMA-18674,894
16,NORMA-20732,895
16,NORMA-221,896
16,NORMA-20797,897
16,NORMA-11788,898
16,NORMA-18901,899
16,NORMA-21113,900
16,NORMA-16941,901
16,NORMA-20724,902
16,NORMA-20763,903
16,NORMA-11513,904
16,NORMA-20766,905
16,NORMA-20039,906
16,NORMA-11729,907
16,NORMA-19072,908
16,NORMA-2005,909
16,NORMA-20251,910
16,NORMA-20633,911
16,NORMA-26102,912
16,NORMA-18992,913
16,NORMA-11603,914
16,NORMA-21613,915
16,NORMA-21519,916
16,NORMA-2660,917
16,NORMA-19941,918
16,NORMA-11521,919
16,NORMA-18562,920
16,NORMA-18451,921
16,NORMA-6753,922
16,NORMA-18638,923
16,NORMA-12233,924
16,NORMA-12007,925
16,NORMA-21062,926
16,NORMA-20091,927
16,NORMA-20906,928
16,NORMA-26701,929
16,NORMA-18796,930
16,NORMA-19751,931
16,NORMA-20374,932
16,NORMA-21564,933
16,NORMA-1567,934
16,NORMA-4318,935
16,NORMA-19221,936
16,NORMA-2183,937
16,NORMA-20886,938
16,NORMA-12000,939
16,NORMA-19249,940
16,NORMA-6710,941
16,NORMA-20811,942
16,NORMA-19291,943
16,NORMA-19020,944
16,NORMA-21752,945
16,NORMA-19628,946
16,NORMA-18332,947
16,NORMA-21008,948
16,NORMA-20930,949
16,NORMA-20950,950
16,NORMA-21196,951
16,NORMA-19571,952
16,NORMA-21537,953
16,NORMA-1672,954
16,NORMA-21147,955
16,NORMA-4539,956
16,NORMA-6684,957
16,NORMA-20501,958
16,NORMA-12003,959
16,NORMA-20890,960
16,NORMA-19596,961
16,NORMA-837,962
16,NORMA-1370,963
16,NORMA-19903,964
16,NORMA-20204,965
16,NORMA-2425,966
16,NORMA-21653,967
16,NORMA-20382,968
16,NORMA-27341,969
16,NORMA-16403,970
16,NORMA-6676,971
16,NORMA-9647,972
16,NORMA-31903,973
16,NORMA-19933,974
16,NORMA-19051,975
16,NORMA-228,976
16,NORMA-20925,977
16,NORMA-18980,978
16,NORMA-19371,979
16,NORMA-19820,980
16,NORMA-21343,981
16,NORMA-19874,982
16,NORMA-20778,983
16,NORMA-54,984
16,NORMA-20590,985
16,NORMA-21584,986
16,NORMA-18734,987
16,NORMA-11518,988
16,NORMA-16481,989
16,NORMA-11606,990
16,NORMA-18955,991
16,NORMA-20869,992
16,NORMA-19849,993
16,NORMA-19417,994
16,NORMA-8931,995
16,NORMA-5251,996
16,NORMA-20607,997
16,NORMA-19592,998
16,NORMA-27555,999
16,NORMA-20106,1000
17,NORMA-5751,1
17,NORMA-3509,2
17,NORMA-5162,3
17,NORMA-5969,4
17,NORMA-4279,5
17,NORMA-3662,6
17,NORMA-8771,7
17,NORMA-5184,8
17,NORMA-11263,9
17,NORMA-12649,10
17,NORMA-13594,11
17,NORMA-12631,12
17,NORMA-11086,13
17,NORMA-14652,14
17,NORMA-13552,15
17,NORMA-21122,16
17,NORMA-6895,17
17,NORMA-27063,18
17,NORMA-14302,19
17,NORMA-18781,20
17,NORMA-27449,21
17,NORMA-21185,22
17,NORMA-19281,23
17,NORMA-20585,24
17,NORMA-20586,25
17,NORMA-20883,26
17,NORMA-20799,27
17,NORMA-21191,28
17,NORMA-20274,29
17,NORMA-20762,30
17,NORMA-20737,31
17,NORMA-7233,32
17,NORMA-16382,33
17,NORMA-18337,34
17,NORMA-3978,35
17,NORMA-20562,36
17,NORMA-14725,37
17,NORMA-19913,38
17,NORMA-20921,39
17,NORMA-19071,40
17,NORMA-18609,41
17,NORMA-19066,42
17,NORMA-20963,43
17,NORMA-20863,44
17,NORMA-19008,45
17,NORMA-6685,46
17,NORMA-6184,47
17,NORMA-8161,48
17,NORMA-6439,49
17,NORMA-19634,50
17,NORMA-4052,51
17,NORMA-3638,52
17,NORMA-19689,53
17,NORMA-19205,54
17,NORMA-12161,55
17,NORMA-7028,56
17,NORMA-20234,57
17,NORMA-7326,58
17,NORMA-7351,59
17,NORMA-13029,60
17,NORMA-9147,61
17,NORMA-11300,62
17,NORMA-6720,63
17,NORMA-21564,64
17,NORMA-19646,65
17,NORMA-26003,66
17,NORMA-14279,67
17,NORMA-18530,68
17,NORMA-21744,69
17,NORMA-19245,70
17,NORMA-19704,71
17,NORMA-19968,72
17,NORMA-19329,73
17,NORMA-18747,74
17,NORMA-21192,75
17,NORMA-21309,76
17,NORMA-20219,77
17,NORMA-21238,78
17,NORMA-18967,79
17,NORMA-3966,80
17,NORMA-19337,81
17,NORMA-21279,82
17,NORMA-14345,83
17,NORMA-13995,84
17,NORMA-14113,85
17,NORMA-7525,86
17,NORMA-15027,87
17,NORMA-3642,88
17,NORMA-7241,89
17,NORMA-11417,90
17,NORMA-21231,91
17,NORMA-13519,92
17,NORMA-20300,93
17,NORMA-19408,94
17,NORMA-20995,95
17,NORMA-6509,96
17,NORMA-7651,97
17,NORMA-4818,98
17,NORMA-9823,99
17,NORMA-21226,100
17,NORMA-21241,101
17,NORMA-6344,102
17,NORMA-18531,103
17,NORMA-21631,104
17,NORMA-6343,105
17,NORMA-6318,106
17,NORMA-20402,107
17,NORMA-3979,108
17,NORMA-27022,109
17,NORMA-15211,110
17,NORMA-12067,111
17,NORMA-5170,112
17,NORMA-6962,113
17,NORMA-19667,114
17,NORMA-20865,115
17,NORMA-14937,116
17,NORMA-13158,117
17,NORMA-29005,118
17,NORMA-13469,119
17,NORMA-19515,120
17,NORMA-27761,121
17,NORMA-16202,122
17,NORMA-19095,123
17,NORMA-21634,124
17,NORMA-13323,125
17,NORMA-19387,126
17,NORMA-6621,127
17,NORMA-19152,128
17,NORMA-11655,129
17,NORMA-14239,130
17,NORMA-21776,131
17,NORMA-9382,132
17,NORMA-6948,133
17,NORMA-15237,134
17,NORMA-8028,135
17,NORMA-9834,136
17,NORMA-6185,137
17,NORMA-14744,138
17,NORMA-12911,139
17,NORMA-20932,140
17,NORMA-20935,141
17,NORMA-20588,142
17,NORMA-12490,143
17,NORMA-18380,144
17,NORMA-21200,145
17,NORMA-1776,146
17,NORMA-9670,147
17,NORMA-7939,148
17,NORMA-20815,149
17,NORMA-18992,150
17,NORMA-21679,151
17,NORMA-27341,152
17,NORMA-12437,153
17,NORMA-26901,154
17,NORMA-12522,155
17,NORMA-18734,156
17,NORMA-21555,157
17,NORMA-21565,158
17,NORMA-6092,159
17,NORMA-19579,160
17,NORMA-26065,161
17,NORMA-21640,162
17,NORMA-21301,163
17,NORMA-20920,164
17,NORMA-31905,165
17,NORMA-6410,166
17,NORMA-21289,167
17,NORMA-20291,168
17,NORMA-13108,169
17,NORMA-976,170
17,NORMA-12730,171
17,NORMA-18335,172
17,NORMA-20237,173
17,NORMA-21759,174
17,NORMA-22541,175
17,NORMA-13162,176
17,NORMA-20812,177
17,NORMA-21586,178
17,NORMA-21443,179
17,NORMA-14390,180
17,NORMA-21425,181
17,NORMA-12492,182
17,NORMA-19535,183
17,NORMA-19290,184
17,NORMA-29507,185
17,NORMA-5950,186
17,NORMA-16961,187
17,NORMA-14178,188
17,NORMA-21515,189
17,NORMA-27541,190
17,NORMA-23242,191
17,NORMA-5977,192
17,NORMA-13957,193
17,NORMA-7645,194
17,NORMA-5603,195
17,NORMA-20193,196
17,NORMA-18907,197
17,NORMA-21772,198
17,NORMA-28321,199
17,NORMA-19802,200
17,NORMA-21500,201
17,NORMA-7239,202
17,NORMA-20591,203
17,NORMA-21626,204
17,NORMA-19265,205
17,NORMA-11157,206
17,NORMA-19846,207
17,NORMA-19298,208
17,NORMA-18334,209
17,NORMA-20647,210
17,NORMA-21025,211
17,NORMA-20139,212
17,NORMA-10819,213
17,NORMA-12965,214
17,NORMA-4051,215
17,NORMA-2399,216
17,NORMA-10818,217
17,NORMA-11738,218
17,NORMA-7399,219
17,NORMA-21353,220
17,NORMA-13403,221
17,NORMA-21449,222
17,NORMA-18839,223
17,NORMA-5703,224
17,NORMA-18627,225
17,NORMA-6167,226
17,NORMA-10378,227
17,NORMA-18750,228
17,NORMA-21166,229
17,NORMA-18227,230
17,NORMA-24102,231
17,NORMA-7522,232
17,NORMA-14561,233
17,NORMA-19732,234
17,NORMA-13863,235
17,NORMA-21541,236
17,NORMA-5631,237
17,NORMA-21528,238
17,NORMA-20964,239
17,NORMA-19555,240
17,NORMA-20036,241
17,NORMA-11416,242
17,NORMA-13514,243
17,NORMA-19580,244
17,NORMA-21637,245
17,NORMA-8700,246
17,NORMA-14800,247
17,NORMA-2190,248
17,NORMA-6069,249
17,NORMA-1295,250
17,NORMA-23027,251
17,NORMA-18691,252
17,NORMA-11046,253
17,NORMA-21612,254
17,NORMA-8196,255
17,NORMA-18868,256
17,NORMA-21448,257
17,NORMA-22001,258
17,NORMA-21534,259
17,NORMA-18959,260
17,NORMA-8194,261
17,NORMA-14377,262
17,NORMA-20943,263
17,NORMA-6207,264
17,NORMA-18443,265
17,NORMA-19840,266
17,NORMA-6769,267
17,NORMA-21576,268
17,NORMA-21756,269
17,NORMA-12505,270
17,NORMA-14726,271
17,NORMA-21601,272
17,NORMA-3622,273
17,NORMA-25202,274
17,NORMA-9844,275
17,NORMA-18399,276
17,NORMA-19858,277
17,NORMA-12569,278
17,NORMA-11319,279
17,NORMA-4318,280
17,NORMA-6198,281
17,NORMA-13711,282
17,NORMA-19418,283
17,NORMA-6448,284
17,NORMA-6085,285
17,NORMA-6639,286
17,NORMA-20587,287
17,NORMA-28822,288
17,NORMA-19709,289
17,NORMA-18875,290
17,NORMA-19496,291
17,NORMA-18598,292
17,NORMA-20745,293
17,NORMA-26726,294
17,NORMA-22841,295
17,NORMA-21596,296
17,NORMA-1721,297
17,NORMA-21361,298
17,NORMA-19320,299
17,NORMA-20260,300
17,NORMA-20255,301
17,NORMA-20233,302
17,NORMA-18350,303
17,NORMA-21400,304
17,NORMA-20648,305
17,NORMA-20259,306
17,NORMA-20256,307
17,NORMA-20158,308
17,NORMA-28762,309
17,NORMA-18575,310
17,NORMA-20296,311
17,NORMA-20746,312
17,NORMA-20788,313
17,NORMA-3261,314
17,NORMA-18538,315
17,NORMA-20867,316
17,NORMA-19921,317
17,NORMA-19310,318
17,NORMA-10034,319
17,NORMA-10219,320
17,NORMA-24481,321
17,NORMA-20242,322
17,NORMA-21038,323
17,NORMA-21102,324
17,NORMA-20261,325
17,NORMA-21646,326
17,NORMA-18652,327
17,NORMA-18482,328
17,NORMA-20740,329
17,NORMA-21034,330
17,NORMA-20640,331
17,NORMA-20596,332
17,NORMA-18594,333
17,NORMA-18715,334
17,NORMA-18666,335
17,NORMA-18507,336
17,NORMA-18268,337
17,NORMA-18785,338
17,NORMA-21119,339
17,NORMA-19943,340
17,NORMA-20618,341
17,NORMA-19316,342
17,NORMA-19006,343
17,NORMA-18716,344
17,NORMA-18665,345
17,NORMA-18505,346
17,NORMA-18851,347
17,NORMA-18784,348
17,NORMA-18481,349
17,NORMA-20634,350
17,NORMA-20608,351
17,NORMA-6673,352
17,NORMA-13170,353
17,NORMA-20996,354
17,NORMA-21455,355
17,NORMA-19093,356
17,NORMA-18853,357
17,NORMA-21118,358
17,NORMA-21179,359
17,NORMA-21161,360
17,NORMA-20276,361
17,NORMA-20695,362
17,NORMA-20776,363
17,NORMA-20565,364
17,NORMA-9681,365
17,NORMA-19120,366
17,NORMA-20923,367
17,NORMA-9067,368
17,NORMA-13222,369
17,NORMA-10505,370
17,NORMA-19370,371
17,NORMA-19478,372
17,NORMA-18522,373
17,NORMA-2336,374
17,NORMA-18398,375
17,NORMA-19807,376
17,NORMA-21476,377
17,NORMA-6637,378
17,NORMA-18782,379
17,NORMA-18483,380
17,NORMA-1693,381
17,NORMA-20262,382
17,NORMA-21218,383
17,NORMA-21673,384
17,NORMA-19690,385
17,NORMA-2385,386
17,NORMA-19100,387
17,NORMA-10016,388
17,NORMA-19576,389
17,NORMA-21101,390
17,NORMA-21091,391
17,NORMA-2181,392
17,NORMA-18925,393
17,NORMA-20529,394
17,NORMA-20600,395
17,NORMA-19835,396
17,NORMA-19332,397
17,NORMA-962,398
17,NORMA-20178,399
17,NORMA-218,400
17,NORMA-6248,401
17,NORMA-1594,402
17,NORMA-19954,403
17,NORMA-20020,404
17,NORMA-21442,405
17,NORMA-19227,406
17,NORMA-18277,407
17,NORMA-18448,408
17,NORMA-20981,409
17,NORMA-20663,410
17,NORMA-28921,411
17,NORMA-18181,412
17,NORMA-14514,413
17,NORMA-15090,414
17,NORMA-780,415
17,NORMA-19113,416
17,NORMA-9848,417
17,NORMA-2149,418
17,NORMA-20683,419
17,NORMA-19834,420
17,NORMA-20118,421
17,NORMA-6749,422
17,NORMA-19133,423
17,NORMA-6874,424
17,NORMA-21037,425
17,NORMA-21106,426
17,NORMA-21057,427
17,NORMA-20177,428
17,NORMA-19607,429
17,NORMA-21493,430
17,NORMA-19366,431
17,NORMA-2043,432
17,NORMA-1645,433
17,NORMA-1714,434
17,NORMA-20832,435
17,NORMA-20592,436
17,NORMA-19823,437
17,NORMA-205,438
17,NORMA-2091,439
17,NORMA-10033,440
17,NORMA-760,441
17,NORMA-19083,442
17,NORMA-19035,443
17,NORMA-2086,444
17,NORMA-21103,445
17,NORMA-2082,446
17,NORMA-1859,447
17,NORMA-18920,448
17,NORMA-20639,449
17,NORMA-13174,450
17,NORMA-15541,451
17,NORMA-17281,452
17,NORMA-12700,453
17,NORMA-19199,454
17,NORMA-2465,455
17,NORMA-9850,456
17,NORMA-19068,457
17,NORMA-18993,458
17,NORMA-18455,459
17,NORMA-1602,460
17,NORMA-1565,461
17,NORMA-20650,462
17,NORMA-12577,463
17,NORMA-18612,464
17,NORMA-18599,465
17,NORMA-19045,466
17,NORMA-6593,467
17,NORMA-18338,468
17,NORMA-20664,469
17,NORMA-6713,470
17,NORMA-5932,471
17,NORMA-6013,472
17,NORMA-19048,473
17,NORMA-120,474
17,NORMA-21160,475
17,NORMA-20769,476
17,NORMA-20785,477
17,NORMA-20658,478
17,NORMA-21658,479
17,NORMA-19326,480
17,NORMA-19058,481
17,NORMA-18718,482
17,NORMA-18508,483
17,NORMA-2489,484
17,NORMA-2094,485
17,NORMA-2101,486
17,NORMA-20951,487
17,NORMA-2117,488
17,NORMA-20652,489
17,NORMA-19747,490
17,NORMA-27549,491
17,NORMA-15347,492
17,NORMA-19533,493
17,NORMA-19385,494
17,NORMA-19145,495
17,NORMA-18632,496
17,NORMA-18620,497
17,NORMA-18611,498
17,NORMA-19043,499
17,NORMA-19000,500
17,NORMA-2488,501
17,NORMA-2106,502
17,NORMA-18860,503
17,NORMA-1726,504
17,NORMA-20306,505
17,NORMA-18943,506
17,NORMA-18832,507
17,NORMA-20778,508
17,NORMA-9350,509
17,NORMA-6190,510
17,NORMA-19108,511
17,NORMA-6642,512
17,NORMA-19419,513
17,NORMA-18608,514
17,NORMA-18582,515
17,NORMA-19042,516
17,NORMA-7520,517
17,NORMA-7512,518
17,NORMA-18719,519
17,NORMA-18667,520
17,NORMA-18551,521
17,NORMA-18514,522
17,NORMA-18504,523
17,NORMA-18783,524
17,NORMA-18484,525
17,NORMA-19567,526
17,NORMA-1298,527
17,NORMA-20910,528
17,NORMA-20875,529
17,NORMA-20691,530
17,NORMA-20669,531
17,NORMA-11226,532
17,NORMA-21275,533
17,NORMA-18502,534
17,NORMA-21281,535
17,NORMA-19252,536
17,NORMA-19218,537
17,NORMA-21222,538
17,NORMA-18619,539
17,NORMA-18610,540
17,NORMA-19046,541
17,NORMA-2569,542
17,NORMA-2105,543
17,NORMA-18852,544
17,NORMA-21045,545
17,NORMA-20848,546
17,NORMA-21176,547
17,NORMA-20267,548
17,NORMA-20066,549
17,NORMA-11976,550
17,NORMA-11831,551
17,NORMA-19687,552
17,NORMA-19196,553
17,NORMA-19511,554
17,NORMA-21221,555
17,NORMA-2452,556
17,NORMA-19074,557
17,NORMA-2337,558
17,NORMA-2405,559
17,NORMA-2133,560
17,NORMA-2134,561
17,NORMA-2249,562
17,NORMA-20952,563
17,NORMA-20438,564
17,NORMA-20271,565
17,NORMA-20520,566
17,NORMA-12802,567
17,NORMA-12696,568
17,NORMA-10255,569
17,NORMA-8869,570
17,NORMA-8953,571
17,NORMA-7137,572
17,NORMA-19135,573
17,NORMA-18739,574
17,NORMA-6832,575
17,NORMA-6888,576
17,NORMA-2087,577
17,NORMA-2003,578
17,NORMA-18410,579
17,NORMA-1660,580
17,NORMA-20937,581
17,NORMA-20853,582
17,NORMA-20286,583
17,NORMA-20676,584
17,NORMA-20628,585
17,NORMA-19559,586
17,NORMA-15317,587
17,NORMA-15074,588
17,NORMA-15158,589
17,NORMA-14582,590
17,NORMA-14564,591
17,NORMA-14565,592
17,NORMA-13498,593
17,NORMA-7487,594
17,NORMA-19208,595
17,NORMA-19203,596
17,NORMA-19421,597
17,NORMA-18643,598
17,NORMA-18613,599
17,NORMA-18581,600
17,NORMA-19069,601
17,NORMA-5430,602
17,NORMA-18310,603
17,NORMA-18792,604
17,NORMA-21054,605
17,NORMA-20305,606
17,NORMA-20735,607
17,NORMA-20528,608
17,NORMA-19811,609
17,NORMA-10745,610
17,NORMA-26123,611
17,NORMA-13948,612
17,NORMA-13941,613
17,NORMA-13350,614
17,NORMA-12819,615
17,NORMA-12150,616
17,NORMA-9270,617
17,NORMA-9829,618
17,NORMA-19360,619
17,NORMA-19357,620
17,NORMA-19339,621
17,NORMA-19334,622
17,NORMA-19195,623
17,NORMA-19153,624
17,NORMA-19114,625
17,NORMA-19487,626
17,NORMA-18636,627
17,NORMA-6246,628
17,NORMA-18512,629
17,NORMA-2164,630
17,NORMA-2047,631
17,NORMA-2102,632
17,NORMA-18840,633
17,NORMA-18488,634
17,NORMA-1369,635
17,NORMA-1985,636
17,NORMA-21172,637
17,NORMA-20283,638
17,NORMA-20071,639
17,NORMA-20124,640
17,NORMA-20114,641
17,NORMA-913,642
17,NORMA-10590,643
17,NORMA-27561,644
17,NORMA-27248,645
17,NORMA-16581,646
17,NORMA-15289,647
17,NORMA-14427,648
17,NORMA-14482,649
17,NORMA-21670,650
17,NORMA-8268,651
17,NORMA-19263,652
17,NORMA-19242,653
17,NORMA-19341,654
17,NORMA-19336,655
17,NORMA-19224,656
17,NORMA-19157,657
17,NORMA-11685,658
17,NORMA-4171,659
17,NORMA-19488,660
17,NORMA-6882,661
17,NORMA-6089,662
17,NORMA-18567,663
17,NORMA-19099,664
17,NORMA-19089,665
17,NORMA-7383,666
17,NORMA-6594,667
17,NORMA-2345,668
17,NORMA-2120,669
17,NORMA-19569,670
17,NORMA-1681,671
17,NORMA-1705,672
17,NORMA-1909,673
17,NORMA-20052,674
17,NORMA-20808,675
17,NORMA-20770,676
17,NORMA-20614,677
17,NORMA-20162,678
17,NORMA-10748,679
17,NORMA-10534,680
17,NORMA-15156,681
17,NORMA-12868,682
17,NORMA-7848,683
17,NORMA-19368,684
17,NORMA-6681,685
17,NORMA-4687,686
17,NORMA-6091,687
17,NORMA-19504,688
17,NORMA-6761,689
17,NORMA-7017,690
17,NORMA-18655,691
17,NORMA-6876,692
17,NORMA-6875,693
17,NORMA-6704,694
17,NORMA-19075,695
17,NORMA-2384,696
17,NORMA-19054,697
17,NORMA-6446,698
17,NORMA-6317,699
17,NORMA-6019,700
17,NORMA-2059,701
17,NORMA-18849,702
17,NORMA-20655,703
17,NORMA-20638,704
17,NORMA-6672,705
17,NORMA-20908,706
17,NORMA-9110,707
17,NORMA-9979,708
17,NORMA-9316,709
17,NORMA-7853,710
17,NORMA-19361,711
17,NORMA-19333,712
17,NORMA-5026,713
17,NORMA-7471,714
17,NORMA-19159,715
17,NORMA-4161,716
17,NORMA-18589,717
17,NORMA-18566,718
17,NORMA-19102,719
17,NORMA-19086,720
17,NORMA-6554,721
17,NORMA-19050,722
17,NORMA-6697,723
17,NORMA-2218,724
17,NORMA-18331,725
17,NORMA-21202,726
17,NORMA-19910,727
17,NORMA-20749,728
17,NORMA-20624,729
17,NORMA-22981,730
17,NORMA-21779,731
17,NORMA-12411,732
17,NORMA-14425,733
17,NORMA-12272,734
17,NORMA-6821,735
17,NORMA-6765,736
17,NORMA-19449,737
17,NORMA-18662,738
17,NORMA-18661,739
17,NORMA-11737,740
17,NORMA-18561,741
17,NORMA-19094,742
17,NORMA-6812,743
17,NORMA-19063,744
17,NORMA-18526,745
17,NORMA-2012,746
17,NORMA-18317,747
17,NORMA-19970,748
17,NORMA-20440,749
17,NORMA-20434,750
17,NORMA-21494,751
17,NORMA-20535,752
17,NORMA-20804,753
17,NORMA-20610,754
17,NORMA-19838,755
17,NORMA-19658,756
17,NORMA-23523,757
17,NORMA-14256,758
17,NORMA-10690,759
17,NORMA-18977,760
17,NORMA-8581,761
17,NORMA-6255,762
17,NORMA-19395,763
17,NORMA-19214,764
17,NORMA-19207,765
17,NORMA-3813,766
17,NORMA-2559,767
17,NORMA-11619,768
17,NORMA-18649,769
17,NORMA-18607,770
17,NORMA-7158,771
17,NORMA-6998,772
17,NORMA-7514,773
17,NORMA-18728,774
17,NORMA-2233,775
17,NORMA-2084,776
17,NORMA-1571,777
17,NORMA-21099,778
17,NORMA-21100,779
17,NORMA-1423,780
17,NORMA-20956,781
17,NORMA-20939,782
17,NORMA-20427,783
17,NORMA-20685,784
17,NORMA-21647,785
17,NORMA-10347,786
17,NORMA-28162,787
17,NORMA-25921,788
17,NORMA-25783,789
17,NORMA-15114,790
17,NORMA-21703,791
17,NORMA-21610,792
17,NORMA-13805,793
17,NORMA-14003,794
17,NORMA-13835,795
17,NORMA-19708,796
17,NORMA-9169,797
17,NORMA-19400,798
17,NORMA-19342,799
17,NORMA-19198,800
17,NORMA-19116,801
17,NORMA-7073,802
17,NORMA-7609,803
17,NORMA-19052,804
17,NORMA-2085,805
17,NORMA-21174,806
17,NORMA-20755,807
17,NORMA-19831,808
17,NORMA-18914,809
17,NORMA-18699,810
17,NORMA-15185,811
17,NORMA-18956,812
17,NORMA-19201,813
17,NORMA-19166,814
17,NORMA-19143,815
17,NORMA-19517,816
17,NORMA-19501,817
17,NORMA-18657,818
17,NORMA-7316,819
17,NORMA-19065,820
17,NORMA-7510,821
17,NORMA-2071,822
17,NORMA-2163,823
17,NORMA-19616,824
17,NORMA-1362,825
17,NORMA-19572,826
17,NORMA-20441,827
17,NORMA-1924,828
17,NORMA-20042,829
17,NORMA-20667,830
17,NORMA-20637,831
17,NORMA-20025,832
17,NORMA-7942,833
17,NORMA-1578,834
17,NORMA-21789,835
17,NORMA-12677,836
17,NORMA-14886,837
17,NORMA-14146,838
17,NORMA-14516,839
17,NORMA-14602,840
17,NORMA-10472,841
17,NORMA-10538,842
17,NORMA-9594,843
17,NORMA-19294,844
17,NORMA-19325,845
17,NORMA-5464,846
17,NORMA-19510,847
17,NORMA-5697,848
17,NORMA-18618,849
17,NORMA-6751,850
17,NORMA-2490,851
17,NORMA-18990,852
17,NORMA-2035,853
17,NORMA-18367,854
17,NORMA-18366,855
17,NORMA-644,856
17,NORMA-1353,857
17,NORMA-20054,858
17,NORMA-18941,859
17,NORMA-20181,860
17,NORMA-21364,861
17,NORMA-23321,862
17,NORMA-15464,863
17,NORMA-14085,864
17,NORMA-13322,865
17,NORMA-21740,866
17,NORMA-15061,867
17,NORMA-12915,868
17,NORMA-21447,869
17,NORMA-9666,870
17,NORMA-19117,871
17,NORMA-19492,872
17,NORMA-5735,873
17,NORMA-6754,874
17,NORMA-6486,875
17,NORMA-6459,876
17,NORMA-19087,877
17,NORMA-19053,878
17,NORMA-6811,879
17,NORMA-2072,880
17,NORMA-18820,881
17,NORMA-20965,882
17,NORMA-19900,883
17,NORMA-20665,884
17,NORMA-20527,885
17,NORMA-20555,886
17,NORMA-19854,887
17,NORMA-21764,888
17,NORMA-21407,889
17,NORMA-18225,890
17,NORMA-15097,891
17,NORMA-1046,892
17,NORMA-7023,893
17,NORMA-4322,894
17,NORMA-5960,895
17,NORMA-19156,896
17,NORMA-19149,897
17,NORMA-3465,898
17,NORMA-19127,899
17,NORMA-5565,900
17,NORMA-6879,901
17,NORMA-18640,902
17,NORMA-11478,903
17,NORMA-7392,904
17,NORMA-18760,905
17,NORMA-804,906
17,NORMA-1155,907
17,NORMA-20926,908
17,NORMA-19917,909
17,NORMA-20074,910
17,NORMA-20672,911
17,NORMA-20829,912
17,NORMA-20126,913
17,NORMA-20135,914
17,NORMA-21163,915
17,NORMA-28322,916
17,NORMA-26862,917
17,NORMA-12334,918
17,NORMA-13740,919
17,NORMA-21360,920
17,NORMA-12543,921
17,NORMA-8925,922
17,NORMA-19250,923
17,NORMA-3675,924
17,NORMA-19165,925
17,NORMA-3491,926
17,NORMA-19502,927
17,NORMA-18644,928
17,NORMA-2588,929
17,NORMA-18564,930
17,NORMA-6994,931
17,NORMA-19635,932
17,NORMA-1572,933
17,NORMA-19598,934
17,NORMA-20146,935
17,NORMA-25821,936
17,NORMA-13865,937
17,NORMA-15205,938
17,NORMA-14203,939
17,NORMA-12545,940
17,NORMA-14061,941
17,NORMA-15010,942
17,NORMA-15292,943
17,NORMA-14034,944
17,NORMA-13731,945
17,NORMA-12290,946
17,NORMA-2367,947
17,NORMA-19414,948
17,NORMA-5073,949
17,NORMA-19193,950
17,NORMA-5066,951
17,NORMA-6763,952
17,NORMA-18621,953
17,NORMA-19067,954
17,NORMA-4197,955
17,NORMA-6997,956
17,NORMA-18727,957
17,NORMA-3826,958
17,NORMA-18516,959
17,NORMA-18289,960
17,NORMA-1306,961
17,NORMA-1788,962
17,NORMA-20833,963
17,NORMA-29163,964
17,NORMA-15075,965
17,NORMA-12830,966
17,NORMA-13601,967
17,NORMA-15335,968
17,NORMA-15032,969
17,NORMA-13737,970
17,NORMA-21514,971
17,NORMA-20798,972
17,NORMA-19717,973
17,NORMA-19686,974
17,NORMA-8526,975
17,NORMA-19247,976
17,NORMA-19409,977
17,NORMA-19410,978
17,NORMA-5592,979
17,NORMA-19495,980
17,NORMA-19470,981
17,NORMA-5450,982
17,NORMA-1426,983
17,NORMA-18736,984
17,NORMA-21035,985
17,NORMA-20919,986
17,NORMA-20431,987
17,NORMA-20656,988
17,NORMA-20153,989
17,NORMA-20094,990
17,NORMA-20093,991
17,NORMA-819,992
17,NORMA-19648,993
17,NORMA-19315,994
17,NORMA-28922,995
17,NORMA-28522,996
17,NORMA-14537,997
17,NORMA-13305,998
17,NORMA-21354,999
17,NORMA-13791,1000
18,NORMA-21602,1
18,NORMA-25122,2
18,NORMA-21116,3
18,NORMA-18419,4
18,NORMA-20981,5
18,NORMA-18739,6
18,NORMA-18613,7
18,NORMA-18310,8
18,NORMA-18792,9
18,NORMA-21054,10
18,NORMA-19360,11
18,NORMA-19487,12
18,NORMA-18512,13
18,NORMA-18488,14
18,NORMA-18956,15
18,NORMA-19263,16
18,NORMA-19157,17
18,NORMA-18849,18
18,NORMA-19708,19
18,NORMA-19053,20
18,NORMA-21354,21
18,NORMA-21287,22
18,NORMA-21577,23
18,NORMA-21557,24
18,NORMA-20423,25
18,NORMA-20443,26
18,NORMA-20210,27
18,NORMA-361,28
18,NORMA-20806,29
18,NORMA-20718,30
18,NORMA-21264,31
18,NORMA-18917,32
18,NORMA-6383,33
18,NORMA-23521,34
18,NORMA-21752,35
18,NORMA-20448,36
18,NORMA-20453,37
18,NORMA-28841,38
18,NORMA-6448,39
18,NORMA-3662,40
18,NORMA-22861,41
18,NORMA-20854,42
18,NORMA-20426,43
18,NORMA-19192,44
18,NORMA-5993,45
18,NORMA-20513,46
18,NORMA-20514,47
18,NORMA-19403,48
18,NORMA-6560,49
18,NORMA-19830,50
18,NORMA-28623,51
18,NORMA-19592,52
18,NORMA-19266,53
18,NORMA-20185,54
18,NORMA-18960,55
18,NORMA-21767,56
18,NORMA-20666,57
18,NORMA-19588,58
18,NORMA-19027,59
18,NORMA-11711,60
18,NORMA-25621,61
18,NORMA-20530,62
18,NORMA-18255,63
18,NORMA-6022,64
18,NORMA-21608,65
18,NORMA-6629,66
18,NORMA-19727,67
18,NORMA-25541,68
18,NORMA-21286,69
18,NORMA-20993,70
18,NORMA-18424,71
18,NORMA-18562,72
18,NORMA-23682,73
18,NORMA-21366,74
18,NORMA-15045,75
18,NORMA-21649,76
18,NORMA-20249,77
18,NORMA-20205,78
18,NORMA-21459,79
18,NORMA-19699,80
18,NORMA-21220,81
18,NORMA-21279,82
18,NORMA-20371,83
18,NORMA-18595,84
18,NORMA-2,85
18,NORMA-21787,86
18,NORMA-21217,87
18,NORMA-19883,88
18,NORMA-18630,89
18,NORMA-20422,90
18,NORMA-2981,91
18,NORMA-19875,92
18,NORMA-21107,93
18,NORMA-26882,94
18,NORMA-19183,95
18,NORMA-21717,96
18,NORMA-19570,97
18,NORMA-21638,98
18,NORMA-20209,99
18,NORMA-21121,100
18,NORMA-21389,101
18,NORMA-20192,102
18,NORMA-20134,103
18,NORMA-19704,104
18,NORMA-20432,105
18,NORMA-21690,106
18,NORMA-21650,107
18,NORMA-19629,108
18,NORMA-19105,109
18,NORMA-19606,110
18,NORMA-2375,111
18,NORMA-18769,112
18,NORMA-19574,113
18,NORMA-21687,114
18,NORMA-20225,115
18,NORMA-18730,116
18,NORMA-22061,117
18,NORMA-20425,118
18,NORMA-2014,119
18,NORMA-20201,120
18,NORMA-20649,121
18,NORMA-17222,122
18,NORMA-21784,123
18,NORMA-20631,124
18,NORMA-18314,125
18,NORMA-19245,126
18,NORMA-19622,127
18,NORMA-21197,128
18,NORMA-20368,129
18,NORMA-18648,130
18,NORMA-18212,131
18,NORMA-20188,132
18,NORMA-837,133
18,NORMA-1370,134
18,NORMA-20859,135
18,NORMA-7007,136
18,NORMA-20037,137
18,NORMA-396,138
18,NORMA-19652,139
18,NORMA-21205,140
18,NORMA-20072,141
18,NORMA-21206,142
18,NORMA-18545,143
18,NORMA-19845,144
18,NORMA-21584,145
18,NORMA-26102,146
18,NORMA-20924,147
18,NORMA-18991,148
18,NORMA-21477,149
18,NORMA-19225,150
18,NORMA-21751,151
18,NORMA-16481,152
18,NORMA-18818,153
18,NORMA-19655,154
18,NORMA-21705,155
18,NORMA-20517,156
18,NORMA-20909,157
18,NORMA-19444,158
18,NORMA-20208,159
18,NORMA-18269,160
18,NORMA-19729,161
18,NORMA-21606,162
18,NORMA-18381,163
18,NORMA-24961,164
18,NORMA-19582,165
18,NORMA-28021,166
18,NORMA-27342,167
18,NORMA-21796,168
18,NORMA-19955,169
18,NORMA-18673,170
18,NORMA-20268,171
18,NORMA-20556,172
18,NORMA-28762,173
18,NORMA-18211,174
18,NORMA-23141,175
18,NORMA-20197,176
18,NORMA-21689,177
18,NORMA-658,178
18,NORMA-21524,179
18,NORMA-26881,180
18,NORMA-19842,181
18,NORMA-21786,182
18,NORMA-20566,183
18,NORMA-19583,184
18,NORMA-19797,185
18,NORMA-20437,186
18,NORMA-21630,187
18,NORMA-19925,188
18,NORMA-19650,189
18,NORMA-24501,190
18,NORMA-20195,191
18,NORMA-19581,192
18,NORMA-19481,193
18,NORMA-18237,194
18,NORMA-21609,195
18,NORMA-19623,196
18,NORMA-23341,197
18,NORMA-21604,198
18,NORMA-18668,199
18,NORMA-20190,200
18,NORMA-21369,201
18,NORMA-23061,202
18,NORMA-18801,203
18,NORMA-21437,204
18,NORMA-21698,205
18,NORMA-27981,206
18,NORMA-21693,207
18,NORMA-21225,208
18,NORMA-18574,209
18,NORMA-20300,210
18,NORMA-24601,211
18,NORMA-19110,212
18,NORMA-19798,213
18,NORMA-21788,214
18,NORMA-1092,215
18,NORMA-20428,216
18,NORMA-21735,217
18,NORMA-21249,218
18,NORMA-18884,219
18,NORMA-20922,220
18,NORMA-20761,221
18,NORMA-20339,222
18,NORMA-18605,223
18,NORMA-27221,224
18,NORMA-21792,225
18,NORMA-19724,226
18,NORMA-20332,227
18,NORMA-19942,228
18,NORMA-21795,229
18,NORMA-3571,230
18,NORMA-19422,231
18,NORMA-19733,232
18,NORMA-20186,233
18,NORMA-21710,234
18,NORMA-20217,235
18,NORMA-19330,236
18,NORMA-18812,237
18,NORMA-23862,238
18,NORMA-18751,239
18,NORMA-20452,240
18,NORMA-21544,241
18,NORMA-18604,242
18,NORMA-18282,243
18,NORMA-21409,244
18,NORMA-20754,245
18,NORMA-20985,246
18,NORMA-21111,247
18,NORMA-20602,248
18,NORMA-19329,249
18,NORMA-20473,250
18,NORMA-19596,251
18,NORMA-21003,252
18,NORMA-21203,253
18,NORMA-19277,254
18,NORMA-20901,255
18,NORMA-22723,256
18,NORMA-31923,257
18,NORMA-18690,258
18,NORMA-19512,259
18,NORMA-19427,260
18,NORMA-15423,261
18,NORMA-15422,262
18,NORMA-18653,263
18,NORMA-21291,264
18,NORMA-21599,265
18,NORMA-13265,266
18,NORMA-18699,267
18,NORMA-25281,268
18,NORMA-18873,269
18,NORMA-15802,270
18,NORMA-20836,271
18,NORMA-20183,272
18,NORMA-12630,273
18,NORMA-689,274
18,NORMA-21446,275
18,NORMA-21499,276
18,NORMA-19072,277
18,NORMA-18456,278
18,NORMA-20989,279
18,NORMA-21278,280
18,NORMA-21652,281
18,NORMA-11584,282
18,NORMA-4820,283
18,NORMA-20571,284
18,NORMA-21312,285
18,NORMA-14542,286
18,NORMA-21058,287
18,NORMA-1502,288
18,NORMA-2126,289
18,NORMA-19180,290
18,NORMA-19859,291
18,NORMA-23361,292
18,NORMA-15861,293
18,NORMA-20077,294
18,NORMA-20978,295
18,NORMA-19526,296
18,NORMA-18729,297
18,NORMA-18430,298
18,NORMA-18222,299
18,NORMA-380,300
18,NORMA-15421,301
18,NORMA-21676,302
18,NORMA-20258,303
18,NORMA-22462,304
18,NORMA-20369,305
18,NORMA-12687,306
18,NORMA-21184,307
18,NORMA-15401,308
18,NORMA-13425,309
18,NORMA-17321,310
18,NORMA-20966,311
18,NORMA-21537,312
18,NORMA-14420,313
18,NORMA-15209,314
18,NORMA-19969,315
18,NORMA-12776,316
18,NORMA-13002,317
18,NORMA-20962,318
18,NORMA-18293,319
18,NORMA-21697,320
18,NORMA-21300,321
18,NORMA-25523,322
18,NORMA-21004,323
18,NORMA-20894,324
18,NORMA-27687,325
18,NORMA-15222,326
18,NORMA-21699,327
18,NORMA-20949,328
18,NORMA-19442,329
18,NORMA-23661,330
18,NORMA-20184,331
18,NORMA-19437,332
18,NORMA-19221,333
18,NORMA-18528,334
18,NORMA-26887,335
18,NORMA-20474,336
18,NORMA-19084,337
18,NORMA-23642,338
18,NORMA-13534,339
18,NORMA-22501,340
18,NORMA-21595,341
18,NORMA-20990,342
18,NORMA-20794,343
18,NORMA-19968,344
18,NORMA-19863,345
18,NORMA-24362,346
18,NORMA-19191,347
18,NORMA-21317,348
18,NORMA-20477,349
18,NORMA-18915,350
18,NORMA-22262,351
18,NORMA-21601,352
18,NORMA-20039,353
18,NORMA-22502,354
18,NORMA-15442,355
18,NORMA-24343,356
18,NORMA-20206,357
18,NORMA-15345,358
18,NORMA-21605,359
18,NORMA-18678,360
18,NORMA-19219,361
18,NORMA-19124,362
18,NORMA-24641,363
18,NORMA-1154,364
18,NORMA-19715,365
18,NORMA-20231,366
18,NORMA-19780,367
18,NORMA-18958,368
18,NORMA-21364,369
18,NORMA-15441,370
18,NORMA-22241,371
18,NORMA-12982,372
18,NORMA-674,373
18,NORMA-25902,374
18,NORMA-4182,375
18,NORMA-22643,376
18,NORMA-21444,377
18,NORMA-13392,378
18,NORMA-23222,379
18,NORMA-17462,380
18,NORMA-26661,381
18,NORMA-19824,382
18,NORMA-19073,383
18,NORMA-15259,384
18,NORMA-20376,385
18,NORMA-18550,386
18,NORMA-20278,387
18,NORMA-19945,388
18,NORMA-20429,389
18,NORMA-21774,390
18,NORMA-7110,391
18,NORMA-21575,392
18,NORMA-21002,393
18,NORMA-21505,394
18,NORMA-26281,395
18,NORMA-778,396
18,NORMA-21791,397
18,NORMA-20780,398
18,NORMA-19871,399
18,NORMA-854,400
18,NORMA-18996,401
18,NORMA-21185,402
18,NORMA-21523,403
18,NORMA-21005,404
18,NORMA-13711,405
18,NORMA-27045,406
18,NORMA-19391,407
18,NORMA-19371,408
18,NORMA-18436,409
18,NORMA-20977,410
18,NORMA-28467,411
18,NORMA-18284,412
18,NORMA-27062,413
18,NORMA-18793,414
18,NORMA-20285,415
18,NORMA-19642,416
18,NORMA-19003,417
18,NORMA-20408,418
18,NORMA-18624,419
18,NORMA-21782,420
18,NORMA-20397,421
18,NORMA-18276,422
18,NORMA-19279,423
18,NORMA-20194,424
18,NORMA-20915,425
18,NORMA-19503,426
18,NORMA-20316,427
18,NORMA-5431,428
18,NORMA-26804,429
18,NORMA-20526,430
18,NORMA-20887,431
18,NORMA-26163,432
18,NORMA-113,433
18,NORMA-29764,434
18,NORMA-23964,435
18,NORMA-19174,436
18,NORMA-23122,437
18,NORMA-21124,438
18,NORMA-21408,439
18,NORMA-23103,440
18,NORMA-28361,441
18,NORMA-19138,442
18,NORMA-18286,443
18,NORMA-19947,444
18,NORMA-23441,445
18,NORMA-27403,446
18,NORMA-18682,447
18,NORMA-18775,448
18,NORMA-23121,449
18,NORMA-18859,450
18,NORMA-18999,451
18,NORMA-19256,452
18,NORMA-18835,453
18,NORMA-20204,454
18,NORMA-16462,455
18,NORMA-18243,456
18,NORMA-19627,457
18,NORMA-21241,458
18,NORMA-3181,459
18,NORMA-21619,460
18,NORMA-20199,461
18,NORMA-18420,462
18,NORMA-26564,463
18,NORMA-21254,464
18,NORMA-15662,465
18,NORMA-28422,466
18,NORMA-27421,467
18,NORMA-19609,468
18,NORMA-22661,469
18,NORMA-21156,470
18,NORMA-20796,471
18,NORMA-26781,472
18,NORMA-21569,473
18,NORMA-22941,474
18,NORMA-18479,475
18,NORMA-9384,476
18,NORMA-21170,477
18,NORMA-20790,478
18,NORMA-27564,479
18,NORMA-21562,480
18,NORMA-20917,481
18,NORMA-19565,482
18,NORMA-27623,483
18,NORMA-23761,484
18,NORMA-19295,485
18,NORMA-24881,486
18,NORMA-19822,487
18,NORMA-21730,488
18,NORMA-27021,489
18,NORMA-20483,490
18,NORMA-20147,491
18,NORMA-19799,492
18,NORMA-19206,493
18,NORMA-21403,494
18,NORMA-21018,495
18,NORMA-18405,496
18,NORMA-2413,497
18,NORMA-24582,498
18,NORMA-18779,499
18,NORMA-18765,500
18,NORMA-23026,501
18,NORMA-14366,502
18,NORMA-16402,503
18,NORMA-20196,504
18,NORMA-18942,505
18,NORMA-8293,506
18,NORMA-15029,507
18,NORMA-15641,508
18,NORMA-24181,509
18,NORMA-21766,510
18,NORMA-19751,511
18,NORMA-23841,512
18,NORMA-24042,513
18,NORMA-20465,514
18,NORMA-23621,515
18,NORMA-18988,516
18,NORMA-21042,517
18,NORMA-21418,518
18,NORMA-25501,519
18,NORMA-24905,520
18,NORMA-20389,521
18,NORMA-20557,522
18,NORMA-21149,523
18,NORMA-19615,524
18,NORMA-25101,525
18,NORMA-17003,526
18,NORMA-19793,527
18,NORMA-18696,528
18,NORMA-21641,529
18,NORMA-20869,530
18,NORMA-27521,531
18,NORMA-15249,532
18,NORMA-14821,533
18,NORMA-21309,534
18,NORMA-12820,535
18,NORMA-21755,536
18,NORMA-17201,537
18,NORMA-11512,538
18,NORMA-19240,539
18,NORMA-21327,540
18,NORMA-20480,541
18,NORMA-21581,542
18,NORMA-19639,543
18,NORMA-27361,544
18,NORMA-19285,545
18,NORMA-18021,546
18,NORMA-20858,547
18,NORMA-24885,548
18,NORMA-18994,549
18,NORMA-19426,550
18,NORMA-9959,551
18,NORMA-26822,552
18,NORMA-20576,553
18,NORMA-21420,554
18,NORMA-19309,555
18,NORMA-27545,556
18,NORMA-25422,557
18,NORMA-27242,558
18,NORMA-20407,559
18,NORMA-14166,560
18,NORMA-19499,561
18,NORMA-21722,562
18,NORMA-20251,563
18,NORMA-21461,564
18,NORMA-20336,565
18,NORMA-20997,566
18,NORMA-24621,567
18,NORMA-19691,568
18,NORMA-21017,569
18,NORMA-21696,570
18,NORMA-19223,571
18,NORMA-21719,572
18,NORMA-20442,573
18,NORMA-14925,574
18,NORMA-20125,575
18,NORMA-25082,576
18,NORMA-21065,577
18,NORMA-21941,578
18,NORMA-25121,579
18,NORMA-20435,580
18,NORMA-20992,581
18,NORMA-5604,582
18,NORMA-12618,583
18,NORMA-21822,584
18,NORMA-21633,585
18,NORMA-19542,586
18,NORMA-22581,587
18,NORMA-766,588
18,NORMA-23001,589
18,NORMA-16702,590
18,NORMA-21238,591
18,NORMA-18767,592
18,NORMA-25821,593
18,NORMA-23301,594
18,NORMA-20380,595
18,NORMA-13473,596
18,NORMA-14260,597
18,NORMA-22701,598
18,NORMA-8027,599
18,NORMA-19620,600
18,NORMA-28822,601
18,NORMA-21288,602
18,NORMA-21137,603
18,NORMA-20468,604
18,NORMA-30043,605
18,NORMA-20421,606
18,NORMA-18302,607
18,NORMA-124,608
18,NORMA-14597,609
18,NORMA-18459,610
18,NORMA-2016,611
18,NORMA-2143,612
18,NORMA-662,613
18,NORMA-18497,614
18,NORMA-18900,615
18,NORMA-19017,616
18,NORMA-16603,617
18,NORMA-21126,618
18,NORMA-18451,619
18,NORMA-16841,620
18,NORMA-18967,621
18,NORMA-2022,622
18,NORMA-2177,623
18,NORMA-2034,624
18,NORMA-22561,625
18,NORMA-20433,626
18,NORMA-21623,627
18,NORMA-23701,628
18,NORMA-21463,629
18,NORMA-27442,630
18,NORMA-21501,631
18,NORMA-20164,632
18,NORMA-21983,633
18,NORMA-21746,634
18,NORMA-3422,635
18,NORMA-18659,636
18,NORMA-20395,637
18,NORMA-21392,638
18,NORMA-19181,639
18,NORMA-25443,640
18,NORMA-21112,641
18,NORMA-20404,642
18,NORMA-19290,643
18,NORMA-3421,644
18,NORMA-21511,645
18,NORMA-18254,646
18,NORMA-16561,647
18,NORMA-27064,648
18,NORMA-20382,649
18,NORMA-4277,650
18,NORMA-19924,651
18,NORMA-251,652
18,NORMA-20023,653
18,NORMA-21390,654
18,NORMA-18686,655
18,NORMA-26181,656
18,NORMA-13170,657
18,NORMA-21350,658
18,NORMA-20476,659
18,NORMA-19249,660
18,NORMA-20708,661
18,NORMA-21113,662
18,NORMA-25803,663
18,NORMA-250,664
18,NORMA-21324,665
18,NORMA-252,666
18,NORMA-27384,667
18,NORMA-14876,668
18,NORMA-20841,669
18,NORMA-23461,670
18,NORMA-20488,671
18,NORMA-18536,672
18,NORMA-1619,673
18,NORMA-28182,674
18,NORMA-20852,675
18,NORMA-21260,676
18,NORMA-19874,677
18,NORMA-21661,678
18,NORMA-18903,679
18,NORMA-24904,680
18,NORMA-18970,681
18,NORMA-18691,682
18,NORMA-25522,683
18,NORMA-12657,684
18,NORMA-1567,685
18,NORMA-21415,686
18,NORMA-21417,687
18,NORMA-18722,688
18,NORMA-21539,689
18,NORMA-20812,690
18,NORMA-26003,691
18,NORMA-21757,692
18,NORMA-18319,693
18,NORMA-1415,694
18,NORMA-631,695
18,NORMA-18203,696
18,NORMA-25981,697
18,NORMA-20777,698
18,NORMA-7250,699
18,NORMA-19064,700
18,NORMA-18426,701
18,NORMA-477,702
18,NORMA-21625,703
18,NORMA-13471,704
18,NORMA-20696,705
18,NORMA-25641,706
18,NORMA-20398,707
18,NORMA-19116,708
18,NORMA-19020,709
18,NORMA-19232,710
18,NORMA-19963,711
18,NORMA-19009,712
18,NORMA-23881,713
18,NORMA-26802,714
18,NORMA-19117,715
18,NORMA-18368,716
18,NORMA-21564,717
18,NORMA-26681,718
18,NORMA-18427,719
18,NORMA-21419,720
18,NORMA-21519,721
18,NORMA-21052,722
18,NORMA-4318,723
18,NORMA-18854,724
18,NORMA-25881,725
18,NORMA-10531,726
18,NORMA-28203,727
18,NORMA-21450,728
18,NORMA-20169,729
18,NORMA-6126,730
18,NORMA-18386,731
18,NORMA-21626,732
18,NORMA-18449,733
18,NORMA-18515,734
18,NORMA-19164,735
18,NORMA-21402,736
18,NORMA-23101,737
18,NORMA-18944,738
18,NORMA-21691,739
18,NORMA-27702,740
18,NORMA-20060,741
18,NORMA-20151,742
18,NORMA-18898,743
18,NORMA-19080,744
18,NORMA-18721,745
18,NORMA-20135,746
18,NORMA-18408,747
18,NORMA-19128,748
18,NORMA-19241,749
18,NORMA-18635,750
18,NORMA-19337,751
18,NORMA-20444,752
18,NORMA-19514,753
18,NORMA-19429,754
18,NORMA-27341,755
18,NORMA-1373,756
18,NORMA-18625,757
18,NORMA-18675,758
18,NORMA-23581,759
18,NORMA-21029,760
18,NORMA-19308,761
18,NORMA-19683,762
18,NORMA-416,763
18,NORMA-19787,764
18,NORMA-417,765
18,NORMA-19648,766
18,NORMA-253,767
18,NORMA-20005,768
18,NORMA-21776,769
18,NORMA-26885,770
18,NORMA-18215,771
18,NORMA-1211,772
18,NORMA-24461,773
18,NORMA-21639,774
18,NORMA-19061,775
18,NORMA-21108,776
18,NORMA-19936,777
18,NORMA-25942,778
18,NORMA-20081,779
18,NORMA-19515,780
18,NORMA-18962,781
18,NORMA-1088,782
18,NORMA-9847,783
18,NORMA-18407,784
18,NORMA-20073,785
18,NORMA-18583,786
18,NORMA-21337,787
18,NORMA-19190,788
18,NORMA-475,789
18,NORMA-19096,790
18,NORMA-20689,791
18,NORMA-20460,792
18,NORMA-18288,793
18,NORMA-19530,794
18,NORMA-159,795
18,NORMA-18650,796
18,NORMA-16202,797
18,NORMA-26981,798
18,NORMA-4539,799
18,NORMA-20914,800
18,NORMA-20501,801
18,NORMA-20890,802
18,NORMA-20870,803
18,NORMA-28586,804
18,NORMA-19714,805
18,NORMA-20293,806
18,NORMA-21488,807
18,NORMA-20129,808
18,NORMA-20222,809
18,NORMA-21509,810
18,NORMA-20097,811
18,NORMA-19953,812
18,NORMA-16403,813
18,NORMA-19406,814
18,NORMA-18670,815
18,NORMA-19238,816
18,NORMA-21466,817
18,NORMA-18294,818
18,NORMA-19536,819
18,NORMA-19405,820
18,NORMA-21721,821
18,NORMA-20068,822
18,NORMA-21359,823
18,NORMA-19300,824
18,NORMA-6253,825
18,NORMA-18270,826
18,NORMA-20171,827
18,NORMA-6702,828
18,NORMA-18883,829
18,NORMA-20863,830
18,NORMA-18982,831
18,NORMA-18401,832
18,NORMA-18463,833
18,NORMA-21008,834
18,NORMA-19040,835
18,NORMA-19209,836
18,NORMA-20374,837
18,NORMA-18392,838
18,NORMA-19014,839
18,NORMA-14508,840
18,NORMA-21129,841
18,NORMA-20713,842
18,NORMA-18402,843
18,NORMA-20179,844
18,NORMA-18591,845
18,NORMA-21702,846
18,NORMA-20356,847
18,NORMA-21012,848
18,NORMA-18357,849
18,NORMA-21729,850
18,NORMA-19303,851
18,NORMA-1,852
18,NORMA-19569,853
18,NORMA-19077,854
18,NORMA-18629,855
18,NORMA-19662,856
18,NORMA-3502,857
18,NORMA-18921,858
18,NORMA-20995,859
18,NORMA-18933,860
18,NORMA-19310,861
18,NORMA-21263,862
18,NORMA-20560,863
18,NORMA-20401,864
18,NORMA-20963,865
18,NORMA-18647,866
18,NORMA-21502,867
18,NORMA-19182,868
18,NORMA-20436,869
18,NORMA-21399,870
18,NORMA-21764,871
18,NORMA-20642,872
18,NORMA-19408,873
18,NORMA-21326,874
18,NORMA-20386,875
18,NORMA-2484,876
18,NORMA-20880,877
18,NORMA-21168,878
18,NORMA-20381,879
18,NORMA-21548,880
18,NORMA-19343,881
18,NORMA-20342,882
18,NORMA-20762,883
18,NORMA-21269,884
18,NORMA-29301,885
18,NORMA-20207,886
18,NORMA-21663,887
18,NORMA-21550,888
18,NORMA-14652,889
18,NORMA-19007,890
18,NORMA-21212,891
18,NORMA-21476,892
18,NORMA-20392,893
18,NORMA-21664,894
18,NORMA-14307,895
18,NORMA-21647,896
18,NORMA-21597,897
18,NORMA-21666,898
18,NORMA-21763,899
18,NORMA-29283,900
18,NORMA-20503,901
18,NORMA-13795,902
18,NORMA-19779,903
18,NORMA-18336,904
18,NORMA-18290,905
18,NORMA-20229,906
18,NORMA-25721,907
18,NORMA-18517,908
18,NORMA-19498,909
18,NORMA-18558,910
18,NORMA-18808,911
18,NORMA-18796,912
18,NORMA-18201,913
18,NORMA-20359,914
18,NORMA-995,915
18,NORMA-21726,916
18,NORMA-27063,917
18,NORMA-24583,918
18,NORMA-18701,919
18,NORMA-25964,920
18,NORMA-18245,921
18,NORMA-28802,922
18,NORMA-19019,923
18,NORMA-20319,924
18,NORMA-20856,925
18,NORMA-20950,926
18,NORMA-20729,927
18,NORMA-21621,928
18,NORMA-19152,929
18,NORMA-19158,930
18,NORMA-19613,931
18,NORMA-18674,932
18,NORMA-18513,933
18,NORMA-21342,934
18,NORMA-503,935
18,NORMA-9834,936
18,NORMA-4477,937
18,NORMA-19701,938
18,NORMA-20172,939
18,NORMA-19122,940
18,NORMA-18704,941
18,NORMA-18490,942
18,NORMA-18249,943
18,NORMA-10534,944
18,NORMA-18711,945
18,NORMA-13390,946
18,NORMA-21226,947
18,NORMA-23641,948
18,NORMA-18789,949
18,NORMA-20799,950
18,NORMA-20499,951
18,NORMA-21073,952
18,NORMA-18714,953
18,NORMA-21457,954
18,NORMA-19103,955
18,NORMA-10745,956
18,NORMA-18886,957
18,NORMA-19430,958
18,NORMA-22862,959
18,NORMA-10347,960
18,NORMA-20921,961
18,NORMA-10590,962
18,NORMA-20705,963
18,NORMA-19919,964
18,NORMA-18265,965
18,NORMA-20028,966
18,NORMA-20491,967
18,NORMA-21148,968
18,NORMA-21235,969
18,NORMA-20795,970
18,NORMA-18680,971
18,NORMA-18404,972
18,NORMA-21273,973
18,NORMA-18441,974
18,NORMA-19001,975
18,NORMA-21072,976
18,NORMA-19685,977
18,NORMA-18712,978
18,NORMA-19660,979
18,NORMA-19416,980
18,NORMA-19446,981
18,NORMA-18316,982
18,NORMA-12588,983
18,NORMA-27550,984
18,NORMA-15283,985
18,NORMA-19471,986
18,NORMA-20482,987
18,NORMA-18752,988
18,NORMA-19644,989
18,NORMA-27449,990
18,NORMA-5226,991
18,NORMA-19500,992
18,NORMA-21637,993
18,NORMA-18231,994
18,NORMA-18974,995
18,NORMA-27761,996
18,NORMA-21134,997
18,NORMA-19654,998
18,NORMA-19651,999
18,NORMA-20847,1000
19,NORMA-24941,1
19,NORMA-28982,2
19,NORMA-25701,3
19,NORMA-21578,4
19,NORMA-21423,5
19,NORMA-21738,6
19,NORMA-21635,7
19,NORMA-21701,8
19,NORMA-21743,9
19,NORMA-21761,10
19,NORMA-21660,11
19,NORMA-21332,12
19,NORMA-21295,13
19,NORMA-19712,14
19,NORMA-21724,15
19,NORMA-19374,16
19,NORMA-18971,17
19,NORMA-21050,18
19,NORMA-20273,19
19,NORMA-19267,20
19,NORMA-2068,21
19,NORMA-501,22
19,NORMA-19194,23
19,NORMA-9934,24
19,NORMA-21202,25
19,NORMA-1924,26
19,NORMA-20112,27
19,NORMA-11538,28
19,NORMA-20230,29
19,NORMA-19321,30
19,NORMA-14910,31
19,NORMA-12697,32
19,NORMA-14646,33
19,NORMA-21279,34
19,NORMA-19622,35
19,NORMA-19623,36
19,NORMA-19047,37
19,NORMA-21067,38
19,NORMA-19961,39
19,NORMA-19317,40
19,NORMA-20092,41
19,NORMA-20702,42
19,NORMA-20777,43
19,NORMA-20632,44
19,NORMA-20990,45
19,NORMA-21407,46
19,NORMA-29261,47
19,NORMA-21188,48
19,NORMA-27261,49
19,NORMA-29202,50
19,NORMA-28403,51
19,NORMA-28402,52
19,NORMA-28223,53
19,NORMA-27554,54
19,NORMA-28084,55
19,NORMA-28083,56
19,NORMA-27783,57
19,NORMA-28704,58
19,NORMA-25802,59
19,NORMA-28202,60
19,NORMA-28086,61
19,NORMA-25421,62
19,NORMA-28121,63
19,NORMA-27502,64
19,NORMA-27503,65
19,NORMA-27583,66
19,NORMA-27246,67
19,NORMA-26727,68
19,NORMA-27385,69
19,NORMA-26161,70
19,NORMA-26764,71
19,NORMA-26807,72
19,NORMA-25401,73
19,NORMA-27203,74
19,NORMA-28341,75
19,NORMA-27585,76
19,NORMA-26568,77
19,NORMA-29161,78
19,NORMA-26684,79
19,NORMA-26884,80
19,NORMA-21420,81
19,NORMA-27367,82
19,NORMA-28762,83
19,NORMA-27548,84
19,NORMA-28264,85
19,NORMA-25442,86
19,NORMA-29221,87
19,NORMA-27741,88
19,NORMA-27247,89
19,NORMA-27226,90
19,NORMA-26682,91
19,NORMA-26567,92
19,NORMA-25261,93
19,NORMA-29166,94
19,NORMA-29145,95
19,NORMA-28165,96
19,NORMA-27368,97
19,NORMA-29164,98
19,NORMA-28421,99
19,NORMA-25942,100
19,NORMA-29881,101
19,NORMA-28342,102
19,NORMA-27248,103
19,NORMA-26569,104
19,NORMA-25641,105
19,NORMA-29649,106
19,NORMA-27401,107
19,NORMA-27244,108
19,NORMA-29201,109
19,NORMA-25921,110
19,NORMA-25783,111
19,NORMA-26723,112
19,NORMA-28942,113
19,NORMA-25801,114
19,NORMA-25784,115
19,NORMA-29022,116
19,NORMA-26662,117
19,NORMA-27543,118
19,NORMA-27462,119
19,NORMA-18753,120
19,NORMA-28142,121
19,NORMA-29006,122
19,NORMA-27252,123
19,NORMA-25202,124
19,NORMA-27463,125
19,NORMA-27923,126
19,NORMA-26064,127
19,NORMA-28404,128
19,NORMA-28343,129
19,NORMA-26085,130
19,NORMA-28822,131
19,NORMA-12957,132
19,NORMA-26724,133
19,NORMA-29143,134
19,NORMA-28781,135
19,NORMA-29605,136
19,NORMA-29223,137
19,NORMA-27251,138
19,NORMA-26623,139
19,NORMA-29181,140
19,NORMA-29122,141
19,NORMA-26061,142
19,NORMA-26802,143
19,NORMA-26681,144
19,NORMA-27821,145
19,NORMA-27784,146
19,NORMA-27222,147
19,NORMA-26823,148
19,NORMA-26082,149
19,NORMA-25481,150
19,NORMA-25184,151
19,NORMA-28501,152
19,NORMA-27228,153
19,NORMA-27041,154
19,NORMA-25342,155
19,NORMA-25881,156
19,NORMA-28702,157
19,NORMA-28242,158
19,NORMA-28263,159
19,NORMA-28266,160
19,NORMA-28184,161
19,NORMA-28081,162
19,NORMA-27785,163
19,NORMA-27566,164
19,NORMA-27544,165
19,NORMA-27546,166
19,NORMA-27547,167
19,NORMA-26921,168
19,NORMA-26581,169
19,NORMA-26341,170
19,NORMA-26142,171
19,NORMA-26063,172
19,NORMA-25661,173
19,NORMA-29162,174
19,NORMA-28464,175
19,NORMA-28041,176
19,NORMA-27524,177
19,NORMA-26961,178
19,NORMA-26162,179
19,NORMA-26083,180
19,NORMA-25341,181
19,NORMA-28502,182
19,NORMA-28061,183
19,NORMA-27253,184
19,NORMA-26361,185
19,NORMA-26122,186
19,NORMA-26141,187
19,NORMA-25882,188
19,NORMA-25563,189
19,NORMA-25461,190
19,NORMA-27881,191
19,NORMA-28168,192
19,NORMA-28042,193
19,NORMA-24981,194
19,NORMA-28087,195
19,NORMA-23682,196
19,NORMA-29147,197
19,NORMA-21624,198
19,NORMA-26382,199
19,NORMA-26883,200
19,NORMA-27801,201
19,NORMA-26281,202
19,NORMA-29561,203
19,NORMA-26381,204
19,NORMA-26301,205
19,NORMA-25101,206
19,NORMA-29606,207
19,NORMA-29043,208
19,NORMA-26601,209
19,NORMA-26321,210
19,NORMA-26882,211
19,NORMA-26806,212
19,NORMA-27681,213
19,NORMA-27642,214
19,NORMA-26781,215
19,NORMA-25402,216
19,NORMA-27304,217
19,NORMA-26783,218
19,NORMA-29004,219
19,NORMA-28701,220
19,NORMA-28463,221
19,NORMA-24903,222
19,NORMA-29603,223
19,NORMA-27445,224
19,NORMA-16781,225
19,NORMA-20713,226
19,NORMA-27682,227
19,NORMA-27569,228
19,NORMA-27402,229
19,NORMA-26123,230
19,NORMA-25181,231
19,NORMA-28584,232
19,NORMA-20916,233
19,NORMA-27381,234
19,NORMA-27245,235
19,NORMA-27926,236
19,NORMA-29165,237
19,NORMA-25761,238
19,NORMA-26663,239
19,NORMA-27925,240
19,NORMA-27941,241
19,NORMA-27641,242
19,NORMA-25144,243
19,NORMA-27545,244
19,NORMA-25422,245
19,NORMA-25161,246
19,NORMA-29421,247
19,NORMA-26221,248
19,NORMA-24921,249
19,NORMA-28522,250
19,NORMA-29364,251
19,NORMA-28466,252
19,NORMA-18999,253
19,NORMA-21729,254
19,NORMA-27924,255
19,NORMA-29682,256
19,NORMA-28622,257
19,NORMA-25122,258
19,NORMA-27242,259
19,NORMA-27303,260
19,NORMA-21745,261
19,NORMA-27302,262
19,NORMA-28465,263
19,NORMA-27301,264
19,NORMA-28981,265
19,NORMA-29764,266
19,NORMA-28141,267
19,NORMA-28801,268
19,NORMA-29441,269
19,NORMA-25121,270
19,NORMA-21688,271
19,NORMA-20729,272
19,NORMA-21756,273
19,NORMA-29101,274
19,NORMA-25525,275
19,NORMA-27564,276
19,NORMA-28881,277
19,NORMA-26763,278
19,NORMA-27550,279
19,NORMA-29301,280
19,NORMA-29044,281
19,NORMA-28203,282
19,NORMA-29061,283
19,NORMA-28561,284
19,NORMA-29283,285
19,NORMA-25526,286
19,NORMA-25721,287
19,NORMA-25862,288
19,NORMA-29062,289
19,NORMA-28586,290
19,NORMA-28641,291
19,NORMA-27101,292
19,NORMA-29681,293
19,NORMA-24601,294
19,NORMA-29182,295
19,NORMA-19477,296
19,NORMA-26223,297
19,NORMA-27746,298
19,NORMA-28243,299
19,NORMA-25644,300
19,NORMA-26726,301
19,NORMA-25001,302
19,NORMA-28526,303
19,NORMA-27447,304
19,NORMA-27687,305
19,NORMA-29363,306
19,NORMA-29146,307
19,NORMA-29081,308
19,NORMA-28862,309
19,NORMA-28662,310
19,NORMA-28082,311
19,NORMA-27786,312
19,NORMA-27553,313
19,NORMA-27369,314
19,NORMA-27227,315
19,NORMA-26441,316
19,NORMA-25183,317
19,NORMA-21402,318
19,NORMA-29362,319
19,NORMA-29282,320
19,NORMA-29224,321
19,NORMA-28542,322
19,NORMA-27604,323
19,NORMA-27446,324
19,NORMA-27243,325
19,NORMA-26941,326
19,NORMA-25642,327
19,NORMA-24521,328
19,NORMA-24343,329
19,NORMA-29604,330
19,NORMA-29321,331
19,NORMA-29281,332
19,NORMA-29121,333
19,NORMA-28262,334
19,NORMA-28265,335
19,NORMA-28222,336
19,NORMA-28183,337
19,NORMA-28164,338
19,NORMA-27862,339
19,NORMA-27684,340
19,NORMA-27552,341
19,NORMA-27448,342
19,NORMA-27229,343
19,NORMA-26622,344
19,NORMA-26621,345
19,NORMA-26402,346
19,NORMA-26121,347
19,NORMA-25884,348
19,NORMA-25702,349
19,NORMA-25601,350
19,NORMA-25562,351
19,NORMA-25322,352
19,NORMA-25222,353
19,NORMA-24883,354
19,NORMA-24523,355
19,NORMA-24422,356
19,NORMA-24441,357
19,NORMA-24201,358
19,NORMA-29650,359
19,NORMA-29602,360
19,NORMA-29241,361
19,NORMA-29144,362
19,NORMA-28681,363
19,NORMA-28282,364
19,NORMA-28261,365
19,NORMA-28241,366
19,NORMA-28163,367
19,NORMA-27822,368
19,NORMA-27721,369
19,NORMA-27686,370
19,NORMA-27685,371
19,NORMA-27443,372
19,NORMA-27382,373
19,NORMA-26461,374
19,NORMA-26261,375
19,NORMA-25344,376
19,NORMA-25263,377
19,NORMA-29007,378
19,NORMA-28481,379
19,NORMA-28167,380
19,NORMA-28101,381
19,NORMA-27523,382
19,NORMA-27464,383
19,NORMA-27230,384
19,NORMA-26403,385
19,NORMA-26404,386
19,NORMA-26262,387
19,NORMA-25561,388
19,NORMA-21661,389
19,NORMA-28166,390
19,NORMA-27726,391
19,NORMA-27743,392
19,NORMA-27383,393
19,NORMA-28803,394
19,NORMA-28224,395
19,NORMA-27724,396
19,NORMA-27744,397
19,NORMA-27342,398
19,NORMA-28267,399
19,NORMA-25583,400
19,NORMA-26084,401
19,NORMA-26062,402
19,NORMA-27403,403
19,NORMA-15650,404
19,NORMA-15653,405
19,NORMA-29222,406
19,NORMA-28921,407
19,NORMA-27601,408
19,NORMA-25961,409
19,NORMA-25185,410
19,NORMA-27742,411
19,NORMA-25962,412
19,NORMA-25643,413
19,NORMA-25343,414
19,NORMA-28664,415
19,NORMA-25301,416
19,NORMA-25221,417
19,NORMA-25241,418
19,NORMA-24884,419
19,NORMA-15645,420
19,NORMA-15656,421
19,NORMA-26841,422
19,NORMA-27722,423
19,NORMA-27683,424
19,NORMA-27567,425
19,NORMA-26222,426
19,NORMA-25703,427
19,NORMA-28441,428
19,NORMA-27782,429
19,NORMA-25143,430
19,NORMA-25182,431
19,NORMA-29901,432
19,NORMA-27861,433
19,NORMA-27602,434
19,NORMA-27461,435
19,NORMA-27444,436
19,NORMA-26741,437
19,NORMA-15658,438
19,NORMA-29003,439
19,NORMA-28841,440
19,NORMA-29225,441
19,NORMA-29167,442
19,NORMA-29141,443
19,NORMA-28721,444
19,NORMA-27551,445
19,NORMA-25883,446
19,NORMA-25482,447
19,NORMA-26742,448
19,NORMA-16262,449
19,NORMA-29482,450
19,NORMA-27723,451
19,NORMA-27725,452
19,NORMA-27745,453
19,NORMA-27622,454
19,NORMA-27549,455
19,NORMA-24104,456
19,NORMA-26661,457
19,NORMA-23121,458
19,NORMA-29655,459
19,NORMA-27249,460
19,NORMA-26782,461
19,NORMA-15462,462
19,NORMA-14503,463
19,NORMA-27250,464
19,NORMA-13780,465
19,NORMA-26822,466
19,NORMA-28283,467
19,NORMA-27565,468
19,NORMA-24686,469
19,NORMA-23681,470
19,NORMA-17161,471
19,NORMA-15683,472
19,NORMA-29710,473
19,NORMA-23482,474
19,NORMA-23383,475
19,NORMA-22683,476
19,NORMA-14000,477
19,NORMA-13067,478
19,NORMA-27561,479
19,NORMA-23562,480
19,NORMA-22501,481
19,NORMA-21792,482
19,NORMA-25723,483
19,NORMA-24401,484
19,NORMA-26563,485
19,NORMA-28162,486
19,NORMA-25941,487
19,NORMA-24362,488
19,NORMA-13653,489
19,NORMA-28043,490
19,NORMA-27701,491
19,NORMA-12510,492
19,NORMA-26565,493
19,NORMA-15327,494
19,NORMA-28802,495
19,NORMA-28322,496
19,NORMA-13654,497
19,NORMA-28583,498
19,NORMA-25821,499
19,NORMA-29163,500
19,NORMA-27501,501
19,NORMA-24381,502
19,NORMA-24241,503
19,NORMA-28525,504
19,NORMA-28523,505
19,NORMA-24683,506
19,NORMA-22682,507
19,NORMA-28524,508
19,NORMA-27522,509
19,NORMA-27262,510
19,NORMA-27282,511
19,NORMA-25543,512
19,NORMA-16522,513
19,NORMA-27281,514
19,NORMA-17562,515
19,NORMA-12618,516
19,NORMA-13784,517
19,NORMA-29008,518
19,NORMA-29763,519
19,NORMA-29507,520
19,NORMA-29841,521
19,NORMA-14273,522
19,NORMA-21713,523
19,NORMA-27942,524
19,NORMA-27584,525
19,NORMA-26021,526
19,NORMA-28201,527
19,NORMA-27201,528
19,NORMA-28461,529
19,NORMA-20790,530
19,NORMA-29861,531
19,NORMA-29184,532
19,NORMA-27202,533
19,NORMA-26725,534
19,NORMA-15821,535
19,NORMA-24882,536
19,NORMA-24581,537
19,NORMA-29621,538
19,NORMA-28582,539
19,NORMA-27181,540
19,NORMA-18462,541
19,NORMA-29185,542
19,NORMA-28585,543
19,NORMA-27688,544
19,NORMA-25204,545
19,NORMA-26564,546
19,NORMA-24681,547
19,NORMA-28321,548
19,NORMA-27081,549
19,NORMA-25524,550
19,NORMA-25203,551
19,NORMA-25141,552
19,NORMA-25262,553
19,NORMA-23642,554
19,NORMA-18427,555
19,NORMA-29023,556
19,NORMA-27901,557
19,NORMA-27605,558
19,NORMA-27021,559
19,NORMA-24781,560
19,NORMA-12587,561
19,NORMA-28581,562
19,NORMA-27421,563
19,NORMA-26886,564
19,NORMA-25205,565
19,NORMA-27225,566
19,NORMA-16582,567
19,NORMA-25082,568
19,NORMA-13116,569
19,NORMA-19699,570
19,NORMA-29186,571
19,NORMA-26002,572
19,NORMA-25681,573
19,NORMA-26803,574
19,NORMA-14505,575
19,NORMA-27366,576
19,NORMA-26421,577
19,NORMA-27623,578
19,NORMA-20879,579
19,NORMA-27555,580
19,NORMA-24904,581
19,NORMA-19779,582
19,NORMA-3121,583
19,NORMA-21564,584
19,NORMA-21921,585
19,NORMA-21785,586
19,NORMA-21755,587
19,NORMA-23341,588
19,NORMA-28381,589
19,NORMA-27121,590
19,NORMA-19512,591
19,NORMA-22661,592
19,NORMA-28281,593
19,NORMA-27362,594
19,NORMA-21324,595
19,NORMA-25542,596
19,NORMA-23101,597
19,NORMA-28021,598
19,NORMA-25281,599
19,NORMA-28467,600
19,NORMA-28703,601
19,NORMA-21698,602
19,NORMA-25682,603
19,NORMA-21796,604
19,NORMA-20887,605
19,NORMA-24583,606
19,NORMA-27449,607
19,NORMA-19632,608
19,NORMA-26362,609
19,NORMA-26641,610
19,NORMA-29042,611
19,NORMA-22061,612
19,NORMA-28623,613
19,NORMA-27363,614
19,NORMA-21604,615
19,NORMA-27361,616
19,NORMA-26124,617
19,NORMA-27305,618
19,NORMA-25981,619
19,NORMA-26163,620
19,NORMA-33728,621
19,NORMA-20901,622
19,NORMA-19225,623
19,NORMA-21784,624
19,NORMA-24461,625
19,NORMA-21586,626
19,NORMA-25541,627
19,NORMA-28401,628
19,NORMA-26885,629
19,NORMA-28961,630
19,NORMA-18536,631
19,NORMA-18974,632
19,NORMA-28221,633
19,NORMA-21650,634
19,NORMA-21312,635
19,NORMA-20704,636
19,NORMA-20922,637
19,NORMA-26003,638
19,NORMA-22401,639
19,NORMA-3966,640
19,NORMA-21249,641
19,NORMA-27761,642
19,NORMA-26887,643
19,NORMA-24582,644
19,NORMA-18314,645
19,NORMA-21699,646
19,NORMA-19606,647
19,NORMA-27365,648
19,NORMA-19704,649
19,NORMA-21185,650
19,NORMA-19329,651
19,NORMA-23881,652
19,NORMA-25041,653
19,NORMA-21608,654
19,NORMA-21630,655
19,NORMA-20730,656
19,NORMA-27063,657
19,NORMA-27064,658
19,NORMA-27981,659
19,NORMA-13882,660
19,NORMA-25964,661
19,NORMA-25201,662
19,NORMA-27521,663
19,NORMA-26201,664
19,NORMA-27221,665
19,NORMA-6505,666
19,NORMA-14279,667
19,NORMA-27001,668
19,NORMA-4631,669
19,NORMA-27045,670
19,NORMA-27608,671
19,NORMA-25523,672
19,NORMA-28422,673
19,NORMA-28663,674
19,NORMA-19245,675
19,NORMA-18934,676
19,NORMA-3638,677
19,NORMA-20950,678
19,NORMA-27022,679
19,NORMA-27062,680
19,NORMA-20397,681
19,NORMA-27384,682
19,NORMA-27364,683
19,NORMA-20135,684
19,NORMA-21065,685
19,NORMA-20056,686
19,NORMA-21651,687
19,NORMA-23361,688
19,NORMA-20468,689
19,NORMA-28362,690
19,NORMA-27044,691
19,NORMA-27609,692
19,NORMA-7525,693
19,NORMA-14937,694
19,NORMA-13158,695
19,NORMA-27061,696
19,NORMA-13469,697
19,NORMA-19588,698
19,NORMA-3642,699
19,NORMA-19275,700
19,NORMA-26102,701
19,NORMA-16202,702
19,NORMA-19940,703
19,NORMA-7241,704
19,NORMA-29005,705
19,NORMA-19384,706
19,NORMA-23521,707
19,NORMA-19629,708
19,NORMA-28181,709
19,NORMA-17201,710
19,NORMA-20205,711
19,NORMA-3503,712
19,NORMA-20993,713
19,NORMA-19520,714
19,NORMA-19292,715
19,NORMA-23982,716
19,NORMA-26701,717
19,NORMA-11798,718
19,NORMA-11868,719
19,NORMA-20349,720
19,NORMA-18748,721
19,NORMA-25861,722
19,NORMA-20359,723
19,NORMA-20137,724
19,NORMA-30043,725
19,NORMA-21431,726
19,NORMA-20465,727
19,NORMA-20460,728
19,NORMA-15211,729
19,NORMA-12067,730
19,NORMA-27610,731
19,NORMA-21638,732
19,NORMA-21272,733
19,NORMA-20405,734
19,NORMA-20388,735
19,NORMA-20396,736
19,NORMA-20474,737
19,NORMA-25902,738
19,NORMA-21352,739
19,NORMA-20325,740
19,NORMA-20472,741
19,NORMA-20369,742
20,NORMA-21591,1
20,NORMA-12956,2
20,NORMA-21575,3
20,NORMA-20817,4
20,NORMA-21769,5
20,NORMA-13470,6
20,NORMA-27044,7
20,NORMA-14724,8
20,NORMA-12733,9
20,NORMA-19985,10
20,NORMA-21277,11
20,NORMA-19769,12
20,NORMA-309,13
20,NORMA-18886,14
20,NORMA-21535,15
20,NORMA-7387,16
20,NORMA-21173,17
20,NORMA-6736,18
20,NORMA-18381,19
20,NORMA-3767,20
20,NORMA-19027,21
20,NORMA-11356,22
20,NORMA-12415,23
20,NORMA-8706,24
20,NORMA-12923,25
20,NORMA-13124,26
20,NORMA-20599,27
20,NORMA-18269,28
20,NORMA-13308,29
20,NORMA-19733,30
20,NORMA-6448,31
20,NORMA-18729,32
20,NORMA-18335,33
20,NORMA-4786,34
20,NORMA-7250,35
20,NORMA-3571,36
20,NORMA-20863,37
20,NORMA-21312,38
20,NORMA-18699,39
20,NORMA-20943,40
20,NORMA-18562,41
20,NORMA-19080,42
20,NORMA-13918,43
20,NORMA-14746,44
20,NORMA-21585,45
20,NORMA-27364,46
20,NORMA-21717,47
20,NORMA-18474,48
20,NORMA-20924,49
20,NORMA-18327,50
20,NORMA-20818,51
20,NORMA-20601,52
20,NORMA-21278,53
20,NORMA-20885,54
20,NORMA-6783,55
20,NORMA-21459,56
20,NORMA-20300,57
20,NORMA-9724,58
20,NORMA-20138,59
20,NORMA-19407,60
20,NORMA-7113,61
20,NORMA-18418,62
20,NORMA-7222,63
20,NORMA-8435,64
20,NORMA-19078,65
20,NORMA-19727,66
20,NORMA-21678,67
20,NORMA-6140,68
20,NORMA-20963,69
20,NORMA-21651,70
20,NORMA-7386,71
20,NORMA-15339,72
20,NORMA-21716,73
20,NORMA-7225,74
20,NORMA-20705,75
20,NORMA-16446,76
20,NORMA-16445,77
20,NORMA-21177,78
20,NORMA-19090,79
20,NORMA-19030,80
20,NORMA-21526,81
20,NORMA-21250,82
20,NORMA-1407,83
20,NORMA-18697,84
20,NORMA-19006,85
20,NORMA-21000,86
20,NORMA-18313,87
20,NORMA-20073,88
20,NORMA-21160,89
20,NORMA-19798,90
20,NORMA-20034,91
20,NORMA-19011,92
20,NORMA-4396,93
20,NORMA-19942,94
20,NORMA-13746,95
20,NORMA-19580,96
20,NORMA-14828,97
20,NORMA-21587,98
20,NORMA-23543,99
20,NORMA-26041,100
20,NORMA-15396,101
20,NORMA-27365,102
20,NORMA-12613,103
20,NORMA-18254,104
20,NORMA-13789,105
20,NORMA-29655,106
20,NORMA-19330,107
20,NORMA-18702,108
20,NORMA-20742,109
20,NORMA-23761,110
20,NORMA-29841,111
20,NORMA-25841,112
20,NORMA-26563,113
20,NORMA-24881,114
20,NORMA-19144,115
20,NORMA-25941,116
20,NORMA-22921,117
20,NORMA-28043,118
20,NORMA-20605,119
20,NORMA-19457,120
20,NORMA-26565,121
20,NORMA-19350,122
20,NORMA-18221,123
20,NORMA-28583,124
20,NORMA-24823,125
20,NORMA-19452,126
20,NORMA-19422,127
20,NORMA-24842,128
20,NORMA-21131,129
20,NORMA-29008,130
20,NORMA-27942,131
20,NORMA-27584,132
20,NORMA-24341,133
20,NORMA-27201,134
20,NORMA-23181,135
20,NORMA-28461,136
20,NORMA-29861,137
20,NORMA-29184,138
20,NORMA-27202,139
20,NORMA-1718,140
20,NORMA-19139,141
20,NORMA-29621,142
20,NORMA-24221,143
20,NORMA-18429,144
20,NORMA-20582,145
20,NORMA-27181,146
20,NORMA-24841,147
20,NORMA-23081,148
20,NORMA-26841,149
20,NORMA-19425,150
20,NORMA-1613,151
20,NORMA-29185,152
20,NORMA-27688,153
20,NORMA-25204,154
20,NORMA-26564,155
20,NORMA-23841,156
20,NORMA-20432,157
20,NORMA-27081,158
20,NORMA-25524,159
20,NORMA-25203,160
20,NORMA-25141,161
20,NORMA-23621,162
20,NORMA-25262,163
20,NORMA-29023,164
20,NORMA-27901,165
20,NORMA-27605,166
20,NORMA-27021,167
20,NORMA-21065,168
20,NORMA-28581,169
20,NORMA-27421,170
20,NORMA-26886,171
20,NORMA-19972,172
20,NORMA-20028,173
20,NORMA-25205,174
20,NORMA-21773,175
20,NORMA-18372,176
20,NORMA-19039,177
20,NORMA-19516,178
20,NORMA-21140,179
20,NORMA-18280,180
20,NORMA-26421,181
20,NORMA-19253,182
20,NORMA-18903,183
20,NORMA-27623,184
20,NORMA-19180,185
20,NORMA-22401,186
20,NORMA-20876,187
20,NORMA-19902,188
20,NORMA-19505,189
20,NORMA-20983,190
20,NORMA-18593,191
20,NORMA-20298,192
20,NORMA-21185,193
20,NORMA-19607,194
20,NORMA-18989,195
20,NORMA-19411,196
20,NORMA-5792,197
20,NORMA-18451,198
20,NORMA-21623,199
20,NORMA-19204,200
20,NORMA-20713,201
20,NORMA-18557,202
20,NORMA-18246,203
20,NORMA-20277,204
20,NORMA-1999,205
20,NORMA-18774,206
20,NORMA-19809,207
20,NORMA-18953,208
20,NORMA-18900,209
20,NORMA-19459,210
20,NORMA-18769,211
20,NORMA-21200,212
20,NORMA-20753,213
20,NORMA-18939,214
20,NORMA-11729,215
20,NORMA-23862,216
20,NORMA-20709,217
20,NORMA-18405,218
20,NORMA-20841,219
20,NORMA-19953,220
20,NORMA-20572,221
20,NORMA-21187,222
20,NORMA-21264,223
20,NORMA-21206,224
20,NORMA-20712,225
20,NORMA-21149,226
20,NORMA-19553,227
20,NORMA-15211,228
20,NORMA-19794,229
20,NORMA-11443,230
20,NORMA-19961,231
20,NORMA-12067,232
20,NORMA-18456,233
20,NORMA-5421,234
20,NORMA-20023,235
20,NORMA-15167,236
20,NORMA-21791,237
20,NORMA-21645,238
20,NORMA-20255,239
20,NORMA-15581,240
20,NORMA-19351,241
20,NORMA-19864,242
20,NORMA-20524,243
20,NORMA-20936,244
20,NORMA-20190,245
20,NORMA-19303,246
20,NORMA-4710,247
20,NORMA-21144,248
20,NORMA-18385,249
20,NORMA-20702,250
20,NORMA-20592,251
20,NORMA-20871,252
20,NORMA-20791,253
20,NORMA-3503,254
20,NORMA-20846,255
20,NORMA-15253,256
20,NORMA-11523,257
20,NORMA-20438,258
20,NORMA-10255,259
20,NORMA-9979,260
20,NORMA-20912,261
20,NORMA-14937,262
20,NORMA-21570,263
20,NORMA-28601,264
20,NORMA-13158,265
20,NORMA-21178,266
20,NORMA-20959,267
20,NORMA-13469,268
20,NORMA-19618,269
20,NORMA-705,270
20,NORMA-19202,271
20,NORMA-20284,272
20,NORMA-20291,273
20,NORMA-3577,274
20,NORMA-21630,275
20,NORMA-5360,276
20,NORMA-19991,277
20,NORMA-10116,278
20,NORMA-18809,279
20,NORMA-18587,280
20,NORMA-2461,281
20,NORMA-18586,282
20,NORMA-19025,283
20,NORMA-19023,284
20,NORMA-18469,285
20,NORMA-18470,286
20,NORMA-20245,287
20,NORMA-20602,288
20,NORMA-18365,289
20,NORMA-11085,290
20,NORMA-8205,291
20,NORMA-5496,292
20,NORMA-19570,293
20,NORMA-18560,294
20,NORMA-21666,295
20,NORMA-18714,296
20,NORMA-21780,297
20,NORMA-19441,298
20,NORMA-18908,299
20,NORMA-20250,300
20,NORMA-19793,301
20,NORMA-18750,302
20,NORMA-19136,303
20,NORMA-2568,304
20,NORMA-19160,305
20,NORMA-21041,306
20,NORMA-14294,307
20,NORMA-18712,308
20,NORMA-16941,309
20,NORMA-18468,310
20,NORMA-15350,311
20,NORMA-18284,312
20,NORMA-20506,313
20,NORMA-18300,314
20,NORMA-21554,315
20,NORMA-18931,316
20,NORMA-18444,317
20,NORMA-19755,318
20,NORMA-24742,319
20,NORMA-19503,320
20,NORMA-18742,321
20,NORMA-18748,322
20,NORMA-21026,323
20,NORMA-20907,324
20,NORMA-20729,325
20,NORMA-19704,326
20,NORMA-19197,327
20,NORMA-13476,328
20,NORMA-21408,329
20,NORMA-19571,330
20,NORMA-19629,331
20,NORMA-19429,332
20,NORMA-20512,333
20,NORMA-21274,334
20,NORMA-21242,335
20,NORMA-18988,336
20,NORMA-19870,337
20,NORMA-20970,338
20,NORMA-18243,339
20,NORMA-18940,340
20,NORMA-18929,341
20,NORMA-20249,342
20,NORMA-7416,343
20,NORMA-21036,344
20,NORMA-21669,345
20,NORMA-981,346
20,NORMA-19600,347
20,NORMA-18548,348
20,NORMA-21788,349
20,NORMA-18831,350
20,NORMA-19454,351
20,NORMA-19391,352
20,NORMA-21151,353
20,NORMA-19408,354
20,NORMA-19245,355
20,NORMA-20569,356
20,NORMA-20157,357
20,NORMA-2126,358
20,NORMA-20240,359
20,NORMA-21663,360
20,NORMA-18605,361
20,NORMA-21710,362
20,NORMA-19329,363
20,NORMA-18936,364
20,NORMA-18683,365
20,NORMA-21005,366
20,NORMA-21776,367
20,NORMA-20578,368
20,NORMA-21693,369
20,NORMA-18952,370
20,NORMA-19722,371
20,NORMA-20426,372
20,NORMA-634,373
20,NORMA-21751,374
20,NORMA-16202,375
20,NORMA-21762,376
20,NORMA-23341,377
20,NORMA-21683,378
20,NORMA-5217,379
20,NORMA-7466,380
20,NORMA-19980,381
20,NORMA-19770,382
20,NORMA-20565,383
20,NORMA-20164,384
20,NORMA-20060,385
20,NORMA-21279,386
20,NORMA-20219,387
20,NORMA-20622,388
20,NORMA-19608,389
20,NORMA-19565,390
20,NORMA-21684,391
20,NORMA-21795,392
20,NORMA-19256,393
20,NORMA-20180,394
20,NORMA-18937,395
20,NORMA-27761,396
20,NORMA-20828,397
20,NORMA-21321,398
20,NORMA-7381,399
20,NORMA-21544,400
20,NORMA-13797,401
20,NORMA-20246,402
20,NORMA-18278,403
20,NORMA-19583,404
20,NORMA-14390,405
20,NORMA-20056,406
20,NORMA-20649,407
20,NORMA-13545,408
20,NORMA-20167,409
20,NORMA-21418,410
20,NORMA-658,411
20,NORMA-20065,412
20,NORMA-20302,413
20,NORMA-20949,414
20,NORMA-19518,415
20,NORMA-8931,416
20,NORMA-3918,417
20,NORMA-11454,418
20,NORMA-5100,419
20,NORMA-14967,420
20,NORMA-10267,421
20,NORMA-18207,422
20,NORMA-21599,423
20,NORMA-5956,424
20,NORMA-19977,425
20,NORMA-20096,426
20,NORMA-19232,427
20,NORMA-4972,428
20,NORMA-20921,429
20,NORMA-19808,430
20,NORMA-20263,431
20,NORMA-7798,432
20,NORMA-23981,433
20,NORMA-18927,434
20,NORMA-20790,435
20,NORMA-21562,436
20,NORMA-8027,437
20,NORMA-21446,438
20,NORMA-4747,439
20,NORMA-21241,440
20,NORMA-21086,441
20,NORMA-19426,442
20,NORMA-18286,443
20,NORMA-6050,444
20,NORMA-20616,445
20,NORMA-9557,446
20,NORMA-20091,447
20,NORMA-19442,448
20,NORMA-7970,449
20,NORMA-20505,450
20,NORMA-21262,451
20,NORMA-20037,452
20,NORMA-6063,453
20,NORMA-7384,454
20,NORMA-18502,455
20,NORMA-19919,456
20,NORMA-20098,457
20,NORMA-11417,458
20,NORMA-19021,459
20,NORMA-18266,460
20,NORMA-21729,461
20,NORMA-20381,462
20,NORMA-20304,463
20,NORMA-8298,464
20,NORMA-15239,465
20,NORMA-21420,466
20,NORMA-28841,467
20,NORMA-21063,468
20,NORMA-11314,469
20,NORMA-21382,470
20,NORMA-19081,471
20,NORMA-21217,472
20,NORMA-21317,473
20,NORMA-5293,474
20,NORMA-21496,475
20,NORMA-21403,476
20,NORMA-20134,477
20,NORMA-20369,478
20,NORMA-18942,479
20,NORMA-19574,480
20,NORMA-8463,481
20,NORMA-21468,482
20,NORMA-20603,483
20,NORMA-5536,484
20,NORMA-8739,485
20,NORMA-21581,486
20,NORMA-7058,487
20,NORMA-31923,488
20,NORMA-21327,489
20,NORMA-19904,490
20,NORMA-21605,491
20,NORMA-19249,492
20,NORMA-18302,493
20,NORMA-21750,494
20,NORMA-18654,495
20,NORMA-19939,496
20,NORMA-21410,497
20,NORMA-6199,498
20,NORMA-20476,499
20,NORMA-21337,500
20,NORMA-20501,501
20,NORMA-6509,502
20,NORMA-7651,503
20,NORMA-21690,504
20,NORMA-4818,505
20,NORMA-4091,506
20,NORMA-9720,507
20,NORMA-21012,508
20,NORMA-7601,509
20,NORMA-4711,510
20,NORMA-9823,511
20,NORMA-4075,512
20,NORMA-19138,513
20,NORMA-19593,514
20,NORMA-20468,515
20,NORMA-19609,516
20,NORMA-10860,517
20,NORMA-21073,518
20,NORMA-21472,519
20,NORMA-21619,520
20,NORMA-21491,521
20,NORMA-20218,522
20,NORMA-12353,523
20,NORMA-4275,524
20,NORMA-21415,525
20,NORMA-22723,526
20,NORMA-20950,527
20,NORMA-19155,528
20,NORMA-20780,529
20,NORMA-25541,530
20,NORMA-21624,531
20,NORMA-18545,532
20,NORMA-21113,533
20,NORMA-8670,534
20,NORMA-7366,535
20,NORMA-21787,536
20,NORMA-12657,537
20,NORMA-20631,538
20,NORMA-20488,539
20,NORMA-13273,540
20,NORMA-7110,541
20,NORMA-19981,542
20,NORMA-8328,543
20,NORMA-21107,544
20,NORMA-20460,545
20,NORMA-20465,546
20,NORMA-20503,547
20,NORMA-20359,548
20,NORMA-18479,549
20,NORMA-20366,550
20,NORMA-19221,551
20,NORMA-462,552
20,NORMA-20473,553
20,NORMA-21608,554
20,NORMA-20474,555
20,NORMA-19729,556
20,NORMA-20349,557
20,NORMA-21631,558
20,NORMA-21211,559
20,NORMA-19617,560
20,NORMA-21755,561
20,NORMA-25902,562
20,NORMA-3181,563
20,NORMA-18648,564
20,NORMA-21523,565
20,NORMA-20428,566
20,NORMA-21537,567
20,NORMA-20316,568
20,NORMA-19582,569
20,NORMA-6948,570
20,NORMA-20482,571
20,NORMA-1567,572
20,NORMA-8028,573
20,NORMA-18445,574
20,NORMA-19715,575
20,NORMA-20403,576
20,NORMA-19573,577
20,NORMA-21705,578
20,NORMA-21756,579
20,NORMA-20480,580
20,NORMA-18730,581
20,NORMA-21437,582
20,NORMA-19631,583
20,NORMA-21224,584
20,NORMA-20398,585
20,NORMA-20422,586
20,NORMA-21367,587
20,NORMA-21553,588
20,NORMA-18709,589
20,NORMA-20407,590
20,NORMA-20487,591
20,NORMA-20087,592
20,NORMA-19937,593
20,NORMA-21650,594
20,NORMA-20389,595
20,NORMA-19932,596
20,NORMA-19957,597
20,NORMA-18912,598
20,NORMA-19177,599
20,NORMA-20928,600
20,NORMA-19857,601
20,NORMA-14459,602
20,NORMA-4520,603
20,NORMA-20703,604
20,NORMA-20086,605
20,NORMA-19181,606
20,NORMA-4942,607
20,NORMA-6046,608
20,NORMA-33288,609
20,NORMA-33308,610
20,NORMA-8515,611
20,NORMA-9779,612
20,NORMA-5224,613
20,NORMA-4566,614
20,NORMA-6685,615
20,NORMA-5905,616
20,NORMA-6698,617
20,NORMA-6496,618
20,NORMA-7241,619
20,NORMA-6669,620
20,NORMA-5141,621
20,NORMA-5280,622
20,NORMA-19895,623
20,NORMA-20490,624
20,NORMA-6184,625
20,NORMA-3748,626
20,NORMA-3810,627
20,NORMA-21413,628
20,NORMA-7838,629
20,NORMA-3638,630
20,NORMA-5299,631
20,NORMA-6006,632
20,NORMA-19906,633
20,NORMA-19622,634
20,NORMA-19606,635
20,NORMA-6618,636
20,NORMA-4630,637
20,NORMA-5533,638
20,NORMA-6636,639
20,NORMA-20235,640
20,NORMA-20694,641
20,NORMA-20085,642
20,NORMA-10118,643
20,NORMA-8091,644
20,NORMA-18997,645
20,NORMA-20613,646
20,NORMA-4984,647
20,NORMA-7021,648
20,NORMA-7845,649
20,NORMA-9893,650
20,NORMA-3642,651
20,NORMA-6982,652
20,NORMA-6732,653
20,NORMA-19744,654
20,NORMA-6881,655
20,NORMA-5872,656
20,NORMA-9831,657
20,NORMA-3839,658
20,NORMA-19645,659
20,NORMA-6701,660
20,NORMA-20297,661
20,NORMA-4286,662
20,NORMA-8092,663
20,NORMA-6031,664
20,NORMA-27564,665
20,NORMA-3493,666
20,NORMA-7525,667
20,NORMA-7844,668
20,NORMA-4029,669
20,NORMA-10028,670
20,NORMA-19773,671
20,NORMA-8693,672
20,NORMA-3968,673
20,NORMA-6247,674
20,NORMA-8088,675
20,NORMA-18999,676
20,NORMA-7518,677
20,NORMA-18884,678
20,NORMA-8090,679
20,NORMA-5799,680
20,NORMA-7074,681
20,NORMA-9847,682
20,NORMA-5839,683
20,NORMA-21344,684
20,NORMA-19898,685
20,NORMA-6643,686
20,NORMA-8308,687
20,NORMA-10890,688
20,NORMA-13345,689
20,NORMA-18962,690
20,NORMA-8014,691
20,NORMA-20730,692
20,NORMA-7842,693
20,NORMA-12490,694
20,NORMA-14850,695
20,NORMA-6789,696
20,NORMA-9835,697
20,NORMA-20704,698
20,NORMA-11352,699
20,NORMA-19753,700
20,NORMA-20731,701
20,NORMA-14744,702
20,NORMA-21155,703
20,NORMA-9741,704
20,NORMA-20269,705
20,NORMA-19605,706
20,NORMA-19791,707
20,NORMA-19017,708
20,NORMA-21417,709
20,NORMA-4549,710
20,NORMA-23361,711
20,NORMA-6389,712
20,NORMA-12868,713
20,NORMA-20845,714
20,NORMA-18276,715
20,NORMA-8162,716
20,NORMA-6505,717
20,NORMA-19003,718
20,NORMA-19623,719
20,NORMA-21638,720
20,NORMA-27608,721
20,NORMA-14474,722
20,NORMA-4544,723
20,NORMA-6521,724
20,NORMA-18574,725
20,NORMA-18781,726
20,NORMA-14688,727
20,NORMA-4012,728
20,NORMA-15229,729
20,NORMA-25964,730
20,NORMA-5630,731
20,NORMA-14146,732
20,NORMA-14602,733
20,NORMA-5015,734
20,NORMA-13402,735
20,NORMA-4631,736
20,NORMA-20762,737
20,NORMA-9481,738
20,NORMA-9783,739
20,NORMA-7150,740
20,NORMA-18682,741
20,NORMA-7023,742
20,NORMA-12837,743
20,NORMA-20295,744
20,NORMA-8575,745
20,NORMA-13740,746
20,NORMA-10017,747
20,NORMA-5967,748
20,NORMA-20763,749
20,NORMA-27609,750
20,NORMA-19437,751
20,NORMA-6763,752
20,NORMA-7616,753
20,NORMA-5886,754
20,NORMA-19757,755
20,NORMA-14279,756
20,NORMA-7846,757
20,NORMA-14703,758
20,NORMA-4500,759
20,NORMA-20626,760
20,NORMA-10931,761
20,NORMA-29764,762
20,NORMA-18584,763
20,NORMA-21402,764
20,NORMA-21564,765
20,NORMA-21409,766
20,NORMA-18420,767
20,NORMA-15027,768
20,NORMA-7818,769
20,NORMA-20597,770
20,NORMA-28361,771
20,NORMA-4792,772
20,NORMA-6699,773
20,NORMA-20883,774
20,NORMA-21477,775
20,NORMA-12911,776
20,NORMA-4149,777
20,NORMA-5910,778
20,NORMA-5500,779
20,NORMA-19913,780
20,NORMA-18211,781
20,NORMA-6673,782
20,NORMA-6291,783
20,NORMA-27403,784
20,NORMA-19810,785
20,NORMA-8156,786
20,NORMA-6397,787
20,NORMA-14345,788
20,NORMA-13056,789
20,NORMA-11601,790
20,NORMA-13995,791
20,NORMA-6897,792
20,NORMA-5535,793
20,NORMA-8158,794
20,NORMA-21201,795
20,NORMA-14113,796
20,NORMA-11292,797
20,NORMA-19982,798
20,NORMA-11873,799
20,NORMA-8836,800
20,NORMA-10834,801
20,NORMA-3720,802
20,NORMA-28802,803
20,NORMA-27550,804
20,NORMA-19124,805
20,NORMA-5381,806
20,NORMA-3555,807
20,NORMA-18673,808
20,NORMA-9740,809
20,NORMA-7024,810
20,NORMA-4266,811
20,NORMA-14501,812
20,NORMA-6670,813
20,NORMA-1374,814
20,NORMA-12900,815
20,NORMA-12901,816
20,NORMA-20692,817
20,NORMA-21132,818
20,NORMA-12814,819
20,NORMA-9794,820
20,NORMA-20212,821
20,NORMA-19896,822
20,NORMA-13229,823
20,NORMA-21609,824
20,NORMA-27610,825
20,NORMA-20221,826
20,NORMA-21205,827
20,NORMA-8802,828
20,NORMA-6208,829
20,NORMA-21122,830
20,NORMA-14661,831
20,NORMA-21676,832
20,NORMA-13519,833
20,NORMA-7843,834
20,NORMA-14508,835
20,NORMA-10740,836
20,NORMA-3552,837
20,NORMA-21269,838
20,NORMA-6595,839
20,NORMA-12649,840
20,NORMA-6851,841
20,NORMA-12437,842
20,NORMA-13743,843
20,NORMA-5188,844
20,NORMA-13594,845
20,NORMA-20102,846
20,NORMA-21649,847
20,NORMA-10745,848
20,NORMA-10018,849
20,NORMA-12910,850
20,NORMA-20737,851
20,NORMA-9332,852
20,NORMA-15662,853
20,NORMA-18835,854
20,NORMA-10590,855
20,NORMA-7502,856
20,NORMA-4037,857
20,NORMA-20129,858
20,NORMA-21203,859
20,NORMA-10347,860
20,NORMA-6321,861
20,NORMA-14463,862
20,NORMA-6644,863
20,NORMA-1662,864
20,NORMA-10534,865
20,NORMA-20055,866
20,NORMA-7746,867
20,NORMA-3550,868
20,NORMA-8012,869
20,NORMA-19901,870
20,NORMA-14587,871
20,NORMA-20581,872
20,NORMA-21404,873
20,NORMA-15134,874
20,NORMA-13664,875
20,NORMA-20815,876
20,NORMA-20915,877
20,NORMA-6958,878
20,NORMA-19223,879
20,NORMA-9987,880
20,NORMA-7841,881
20,NORMA-20286,882
20,NORMA-21134,883
20,NORMA-20222,884
20,NORMA-13398,885
20,NORMA-21381,886
20,NORMA-923,887
20,NORMA-21509,888
20,NORMA-9902,889
20,NORMA-8837,890
20,NORMA-8691,891
20,NORMA-8684,892
20,NORMA-7524,893
20,NORMA-20278,894
20,NORMA-8557,895
20,NORMA-6033,896
20,NORMA-18839,897
20,NORMA-9988,898
20,NORMA-4381,899
20,NORMA-4634,900
20,NORMA-23027,901
20,NORMA-1470,902
20,NORMA-7730,903
20,NORMA-19004,904
20,NORMA-12631,905
20,NORMA-6257,906
20,NORMA-21141,907
20,NORMA-22001,908
20,NORMA-11505,909
20,NORMA-9903,910
20,NORMA-5223,911
20,NORMA-6056,912
20,NORMA-19240,913
20,NORMA-20927,914
20,NORMA-3735,915
20,NORMA-19278,916
20,NORMA-10788,917
20,NORMA-6655,918
20,NORMA-10048,919
20,NORMA-4304,920
20,NORMA-4744,921
20,NORMA-20632,922
20,NORMA-14974,923
20,NORMA-17281,924
20,NORMA-24082,925
20,NORMA-7742,926
20,NORMA-14652,927
20,NORMA-7911,928
20,NORMA-14302,929
20,NORMA-15105,930
20,NORMA-13127,931
20,NORMA-8699,932
20,NORMA-8043,933
20,NORMA-7602,934
20,NORMA-7418,935
20,NORMA-5347,936
20,NORMA-8679,937
20,NORMA-20081,938
20,NORMA-18529,939
20,NORMA-9862,940
20,NORMA-5009,941
20,NORMA-9681,942
20,NORMA-1114,943
20,NORMA-4242,944
20,NORMA-10154,945
20,NORMA-8327,946
20,NORMA-7369,947
20,NORMA-7434,948
20,NORMA-7360,949
20,NORMA-6272,950
20,NORMA-5155,951
20,NORMA-3755,952
20,NORMA-5588,953
20,NORMA-5891,954
20,NORMA-5894,955
20,NORMA-14878,956
20,NORMA-10668,957
20,NORMA-4620,958
20,NORMA-9936,959
20,NORMA-18528,960
20,NORMA-4229,961
20,NORMA-4626,962
20,NORMA-6454,963
20,NORMA-9738,964
20,NORMA-18910,965
20,NORMA-21497,966
20,NORMA-11901,967
20,NORMA-4307,968
20,NORMA-5655,969
20,NORMA-8311,970
20,NORMA-13903,971
20,NORMA-20577,972
20,NORMA-8698,973
20,NORMA-9739,974
20,NORMA-9737,975
20,NORMA-9861,976
20,NORMA-20802,977
20,NORMA-9872,978
20,NORMA-3604,979
20,NORMA-7717,980
20,NORMA-3606,981
20,NORMA-18996,982
20,NORMA-10610,983
20,NORMA-7583,984
20,NORMA-2376,985
20,NORMA-1248,986
20,NORMA-10472,987
20,NORMA-7864,988
20,NORMA-7850,989
20,NORMA-6340,990
20,NORMA-6328,991
20,NORMA-3725,992
20,NORMA-4605,993
20,NORMA-5841,994
20,NORMA-8241,995
20,NORMA-21406,996
20,NORMA-6895,997
20,NORMA-24102,998
20,NORMA-9940,999
20,NORMA-7043,1000
21,NORMA-19017,1
21,NORMA-21676,2
21,NORMA-19643,3
21,NORMA-21659,4
21,NORMA-24582,5
21,NORMA-21254,6
21,NORMA-12246,7
21,NORMA-2047,8
21,NORMA-2249,9
21,NORMA-2043,10
21,NORMA-21628,11
21,NORMA-21209,12
21,NORMA-21451,13
21,NORMA-19381,14
21,NORMA-19472,15
21,NORMA-21341,16
21,NORMA-18966,17
21,NORMA-21611,18
21,NORMA-19522,19
21,NORMA-19521,20
21,NORMA-19256,21
21,NORMA-19062,22
21,NORMA-19152,23
21,NORMA-21367,24
21,NORMA-26701,25
21,NORMA-26841,26
21,NORMA-21506,27
21,NORMA-11766,28
21,NORMA-11571,29
21,NORMA-21626,30
21,NORMA-19096,31
21,NORMA-21550,32
21,NORMA-21351,33
21,NORMA-21413,34
21,NORMA-21387,35
21,NORMA-21305,36
21,NORMA-21328,37
21,NORMA-20906,38
21,NORMA-21725,39
21,NORMA-21028,40
21,NORMA-22561,41
21,NORMA-2269,42
21,NORMA-20108,43
21,NORMA-18750,44
21,NORMA-20912,45
21,NORMA-17201,46
21,NORMA-18762,47
21,NORMA-19578,48
21,NORMA-18536,49
21,NORMA-21739,50
21,NORMA-28281,51
21,NORMA-6253,52
21,NORMA-19605,53
21,NORMA-13298,54
21,NORMA-19387,55
21,NORMA-19456,56
21,NORMA-21434,57
21,NORMA-18479,58
21,NORMA-18796,59
21,NORMA-21507,60
21,NORMA-6316,61
21,NORMA-6181,62
21,NORMA-6630,63
21,NORMA-6967,64
21,NORMA-18780,65
21,NORMA-21114,66
21,NORMA-21631,67
21,NORMA-20134,68
21,NORMA-21756,69
21,NORMA-20056,70
21,NORMA-19939,71
21,NORMA-25201,72
21,NORMA-21211,73
21,NORMA-20902,74
21,NORMA-19485,75
21,NORMA-4830,76
21,NORMA-19138,77
21,NORMA-4746,78
21,NORMA-3503,79
21,NORMA-462,80
21,NORMA-21553,81
21,NORMA-21484,82
21,NORMA-21608,83
21,NORMA-4909,84
21,NORMA-28181,85
21,NORMA-21224,86
21,NORMA-21253,87
21,NORMA-19021,88
21,NORMA-18748,89
21,NORMA-10375,90
21,NORMA-19081,91
21,NORMA-10629,92
21,NORMA-6948,93
21,NORMA-21210,94
21,NORMA-21552,95
21,NORMA-21223,96
21,NORMA-4817,97
21,NORMA-5363,98
21,NORMA-3632,99
21,NORMA-19734,100
21,NORMA-9898,101
21,NORMA-12989,102
21,NORMA-6805,103
21,NORMA-6443,104
21,NORMA-3738,105
21,NORMA-5798,106
21,NORMA-5513,107
21,NORMA-3553,108
21,NORMA-7746,109
21,NORMA-9391,110
21,NORMA-6211,111
21,NORMA-5784,112
21,NORMA-5843,113
21,NORMA-5408,114
21,NORMA-8677,115
21,NORMA-4622,116
21,NORMA-8074,117
21,NORMA-7748,118
21,NORMA-6271,119
21,NORMA-4801,120
21,NORMA-4662,121
21,NORMA-4869,122
21,NORMA-5883,123
21,NORMA-4942,124
21,NORMA-4235,125
21,NORMA-4867,126
21,NORMA-4565,127
21,NORMA-5572,128
21,NORMA-7821,129
21,NORMA-5786,130
21,NORMA-8919,131
21,NORMA-8823,132
21,NORMA-4863,133
21,NORMA-5334,134
21,NORMA-4029,135
21,NORMA-5967,136
21,NORMA-4557,137
21,NORMA-12317,138
21,NORMA-6011,139
21,NORMA-7820,140
21,NORMA-13415,141
21,NORMA-5097,142
21,NORMA-4435,143
21,NORMA-5478,144
21,NORMA-4038,145
21,NORMA-4688,146
21,NORMA-7068,147
21,NORMA-11898,148
21,NORMA-4253,149
21,NORMA-4868,150
21,NORMA-4816,151
21,NORMA-4858,152
21,NORMA-8830,153
21,NORMA-8165,154
21,NORMA-7917,155
21,NORMA-5096,156
21,NORMA-5332,157
21,NORMA-4888,158
21,NORMA-4286,159
21,NORMA-8253,160
21,NORMA-13397,161
21,NORMA-8827,162
21,NORMA-5982,163
21,NORMA-7422,164
21,NORMA-3478,165
21,NORMA-8683,166
21,NORMA-5558,167
21,NORMA-3506,168
21,NORMA-8829,169
21,NORMA-14901,170
21,NORMA-5597,171
21,NORMA-5794,172
21,NORMA-7726,173
21,NORMA-5060,174
21,NORMA-6066,175
21,NORMA-8693,176
21,NORMA-8009,177
21,NORMA-7768,178
21,NORMA-11314,179
21,NORMA-3714,180
21,NORMA-8507,181
21,NORMA-5837,182
21,NORMA-8885,183
21,NORMA-4146,184
21,NORMA-6004,185
21,NORMA-5098,186
21,NORMA-10273,187
21,NORMA-5884,188
21,NORMA-8238,189
21,NORMA-5783,190
21,NORMA-4893,191
21,NORMA-5867,192
21,NORMA-3882,193
21,NORMA-6050,194
21,NORMA-6336,195
21,NORMA-8463,196
21,NORMA-11826,197
21,NORMA-8163,198
21,NORMA-8220,199
21,NORMA-6458,200
21,NORMA-7658,201
21,NORMA-13295,202
21,NORMA-7035,203
21,NORMA-8164,204
21,NORMA-5014,205
21,NORMA-12393,206
21,NORMA-12291,207
21,NORMA-6482,208
21,NORMA-4175,209
21,NORMA-10490,210
21,NORMA-14428,211
21,NORMA-5956,212
21,NORMA-3627,213
21,NORMA-4860,214
21,NORMA-13074,215
21,NORMA-4352,216
21,NORMA-11989,217
21,NORMA-8687,218
21,NORMA-4873,219
21,NORMA-3462,220
21,NORMA-5272,221
21,NORMA-4527,222
21,NORMA-8019,223
21,NORMA-8167,224
21,NORMA-8310,225
21,NORMA-7736,226
21,NORMA-4714,227
21,NORMA-5377,228
21,NORMA-4708,229
21,NORMA-6453,230
21,NORMA-8240,231
21,NORMA-7659,232
21,NORMA-8004,233
21,NORMA-5028,234
21,NORMA-8007,235
21,NORMA-3559,236
21,NORMA-5269,237
21,NORMA-11115,238
21,NORMA-7603,239
21,NORMA-14240,240
21,NORMA-6335,241
21,NORMA-10734,242
21,NORMA-15005,243
21,NORMA-8654,244
21,NORMA-3804,245
21,NORMA-8082,246
21,NORMA-5123,247
21,NORMA-7990,248
21,NORMA-7370,249
21,NORMA-5359,250
21,NORMA-10397,251
21,NORMA-5409,252
21,NORMA-5823,253
21,NORMA-8686,254
21,NORMA-7722,255
21,NORMA-7358,256
21,NORMA-10337,257
21,NORMA-5930,258
21,NORMA-15007,259
21,NORMA-13881,260
21,NORMA-12722,261
21,NORMA-8154,262
21,NORMA-8920,263
21,NORMA-10400,264
21,NORMA-4580,265
21,NORMA-13902,266
21,NORMA-8835,267
21,NORMA-3918,268
21,NORMA-8505,269
21,NORMA-15234,270
21,NORMA-11176,271
21,NORMA-4336,272
21,NORMA-5692,273
21,NORMA-9763,274
21,NORMA-5729,275
21,NORMA-8563,276
21,NORMA-12566,277
21,NORMA-5393,278
21,NORMA-7204,279
21,NORMA-5976,280
21,NORMA-12387,281
21,NORMA-3582,282
21,NORMA-4410,283
21,NORMA-4810,284
21,NORMA-4249,285
21,NORMA-14120,286
21,NORMA-4806,287
21,NORMA-3841,288
21,NORMA-5593,289
21,NORMA-5949,290
21,NORMA-8388,291
21,NORMA-8178,292
21,NORMA-5851,293
21,NORMA-11082,294
21,NORMA-12851,295
21,NORMA-10240,296
21,NORMA-7714,297
21,NORMA-7718,298
21,NORMA-12395,299
21,NORMA-8680,300
21,NORMA-4202,301
21,NORMA-11677,302
21,NORMA-5989,303
21,NORMA-15163,304
21,NORMA-8826,305
21,NORMA-4604,306
21,NORMA-5752,307
21,NORMA-8916,308
21,NORMA-3850,309
21,NORMA-4987,310
21,NORMA-8077,311
21,NORMA-7858,312
21,NORMA-7201,313
21,NORMA-5889,314
21,NORMA-3811,315
21,NORMA-5465,316
21,NORMA-15099,317
21,NORMA-5356,318
21,NORMA-4324,319
21,NORMA-4291,320
21,NORMA-4847,321
21,NORMA-7991,322
21,NORMA-5897,323
21,NORMA-9526,324
21,NORMA-5181,325
21,NORMA-4518,326
21,NORMA-3796,327
21,NORMA-5753,328
21,NORMA-14932,329
21,NORMA-5056,330
21,NORMA-5031,331
21,NORMA-7218,332
21,NORMA-5126,333
21,NORMA-11927,334
21,NORMA-7829,335
21,NORMA-8258,336
21,NORMA-4872,337
21,NORMA-4555,338
21,NORMA-8008,339
21,NORMA-7830,340
21,NORMA-5630,341
21,NORMA-8251,342
21,NORMA-5057,343
21,NORMA-8828,344
21,NORMA-13834,345
21,NORMA-4390,346
21,NORMA-3674,347
21,NORMA-4112,348
21,NORMA-10385,349
21,NORMA-13855,350
21,NORMA-13973,351
21,NORMA-4826,352
21,NORMA-4392,353
21,NORMA-8173,354
21,NORMA-10279,355
21,NORMA-8245,356
21,NORMA-5564,357
21,NORMA-7739,358
21,NORMA-8416,359
21,NORMA-7824,360
21,NORMA-10023,361
21,NORMA-5971,362
21,NORMA-8403,363
21,NORMA-5416,364
21,NORMA-14929,365
21,NORMA-3807,366
21,NORMA-5653,367
21,NORMA-4268,368
21,NORMA-8243,369
21,NORMA-4164,370
21,NORMA-8398,371
21,NORMA-8746,372
21,NORMA-8081,373
21,NORMA-8011,374
21,NORMA-9251,375
21,NORMA-3464,376
21,NORMA-10554,377
21,NORMA-14277,378
21,NORMA-10567,379
21,NORMA-5652,380
21,NORMA-8499,381
21,NORMA-4600,382
21,NORMA-9049,383
21,NORMA-5364,384
21,NORMA-5707,385
21,NORMA-10224,386
21,NORMA-8392,387
21,NORMA-5835,388
21,NORMA-8255,389
21,NORMA-5507,390
21,NORMA-14530,391
21,NORMA-4675,392
21,NORMA-6734,393
21,NORMA-4273,394
21,NORMA-7444,395
21,NORMA-7041,396
21,NORMA-4668,397
21,NORMA-5994,398
21,NORMA-5693,399
21,NORMA-7215,400
21,NORMA-5900,401
21,NORMA-5102,402
21,NORMA-5888,403
21,NORMA-6801,404
21,NORMA-4049,405
21,NORMA-6263,406
21,NORMA-8825,407
21,NORMA-15357,408
21,NORMA-4538,409
21,NORMA-9050,410
21,NORMA-6014,411
21,NORMA-9994,412
21,NORMA-5701,413
21,NORMA-8562,414
21,NORMA-13477,415
21,NORMA-7416,416
21,NORMA-5738,417
21,NORMA-4272,418
21,NORMA-4079,419
21,NORMA-7826,420
21,NORMA-11649,421
21,NORMA-4943,422
21,NORMA-5852,423
21,NORMA-7362,424
21,NORMA-5754,425
21,NORMA-3470,426
21,NORMA-8408,427
21,NORMA-5211,428
21,NORMA-4862,429
21,NORMA-3788,430
21,NORMA-12725,431
21,NORMA-8256,432
21,NORMA-4748,433
21,NORMA-7679,434
21,NORMA-5760,435
21,NORMA-4493,436
21,NORMA-8389,437
21,NORMA-3778,438
21,NORMA-3818,439
21,NORMA-5807,440
21,NORMA-5957,441
21,NORMA-13399,442
21,NORMA-4107,443
21,NORMA-5585,444
21,NORMA-7208,445
21,NORMA-8313,446
21,NORMA-13198,447
21,NORMA-4047,448
21,NORMA-4996,449
21,NORMA-3501,450
21,NORMA-12428,451
21,NORMA-15161,452
21,NORMA-5912,453
21,NORMA-7822,454
21,NORMA-5487,455
21,NORMA-9082,456
21,NORMA-7716,457
21,NORMA-5602,458
21,NORMA-5358,459
21,NORMA-6803,460
21,NORMA-4780,461
21,NORMA-4428,462
21,NORMA-8168,463
21,NORMA-5892,464
21,NORMA-3959,465
21,NORMA-8685,466
21,NORMA-8506,467
21,NORMA-5995,468
21,NORMA-5518,469
21,NORMA-7744,470
21,NORMA-10539,471
21,NORMA-8176,472
21,NORMA-5248,473
21,NORMA-12485,474
21,NORMA-4649,475
21,NORMA-4607,476
21,NORMA-13857,477
21,NORMA-7921,478
21,NORMA-10589,479
21,NORMA-5733,480
21,NORMA-10066,481
21,NORMA-3794,482
21,NORMA-6009,483
21,NORMA-8315,484
21,NORMA-8695,485
21,NORMA-14928,486
21,NORMA-4958,487
21,NORMA-3987,488
21,NORMA-4827,489
21,NORMA-5191,490
21,NORMA-10480,491
21,NORMA-4866,492
21,NORMA-4365,493
21,NORMA-15190,494
21,NORMA-13856,495
21,NORMA-8175,496
21,NORMA-10632,497
21,NORMA-7809,498
21,NORMA-5878,499
21,NORMA-4618,500
21,NORMA-5965,501
21,NORMA-4363,502
21,NORMA-4857,503
21,NORMA-5355,504
21,NORMA-5874,505
21,NORMA-3629,506
21,NORMA-4633,507
21,NORMA-5509,508
21,NORMA-9776,509
21,NORMA-3467,510
21,NORMA-8502,511
21,NORMA-5998,512
21,NORMA-7836,513
21,NORMA-7730,514
21,NORMA-4861,515
21,NORMA-8066,516
21,NORMA-5043,517
21,NORMA-14437,518
21,NORMA-3568,519
21,NORMA-4999,520
21,NORMA-3569,521
21,NORMA-8235,522
21,NORMA-14914,523
21,NORMA-14942,524
21,NORMA-8036,525
21,NORMA-6738,526
21,NORMA-5204,527
21,NORMA-5290,528
21,NORMA-7833,529
21,NORMA-4859,530
21,NORMA-6469,531
21,NORMA-7831,532
21,NORMA-7433,533
21,NORMA-8135,534
21,NORMA-7732,535
21,NORMA-5825,536
21,NORMA-4558,537
21,NORMA-7715,538
21,NORMA-15020,539
21,NORMA-4042,540
21,NORMA-11623,541
21,NORMA-3812,542
21,NORMA-4595,543
21,NORMA-4974,544
21,NORMA-4665,545
21,NORMA-8239,546
21,NORMA-8918,547
21,NORMA-8237,548
21,NORMA-7742,549
21,NORMA-7131,550
21,NORMA-6194,551
21,NORMA-6217,552
21,NORMA-5865,553
21,NORMA-5983,554
21,NORMA-8319,555
21,NORMA-5871,556
21,NORMA-4929,557
21,NORMA-5893,558
21,NORMA-4995,559
21,NORMA-5870,560
21,NORMA-4305,561
21,NORMA-14653,562
21,NORMA-5525,563
21,NORMA-7986,564
21,NORMA-5063,565
21,NORMA-9096,566
21,NORMA-5850,567
21,NORMA-5474,568
21,NORMA-4811,569
21,NORMA-4459,570
21,NORMA-3809,571
21,NORMA-8844,572
21,NORMA-9447,573
21,NORMA-7121,574
21,NORMA-11595,575
21,NORMA-3797,576
21,NORMA-4174,577
21,NORMA-4566,578
21,NORMA-5931,579
21,NORMA-8681,580
21,NORMA-15320,581
21,NORMA-4068,582
21,NORMA-3817,583
21,NORMA-8742,584
21,NORMA-15198,585
21,NORMA-5922,586
21,NORMA-8399,587
21,NORMA-10756,588
21,NORMA-10559,589
21,NORMA-14381,590
21,NORMA-4267,591
21,NORMA-8001,592
21,NORMA-8320,593
21,NORMA-4852,594
21,NORMA-7827,595
21,NORMA-8010,596
21,NORMA-5019,597
21,NORMA-5394,598
21,NORMA-4334,599
21,NORMA-9331,600
21,NORMA-3594,601
21,NORMA-5684,602
21,NORMA-8576,603
21,NORMA-5793,604
21,NORMA-5524,605
21,NORMA-5720,606
21,NORMA-3652,607
21,NORMA-4674,608
21,NORMA-8387,609
21,NORMA-14006,610
21,NORMA-7724,611
21,NORMA-8570,612
21,NORMA-4290,613
21,NORMA-8394,614
21,NORMA-4731,615
21,NORMA-7729,616
21,NORMA-3606,617
21,NORMA-5842,618
21,NORMA-5621,619
21,NORMA-11750,620
21,NORMA-5050,621
21,NORMA-4402,622
21,NORMA-7819,623
21,NORMA-13619,624
21,NORMA-4061,625
21,NORMA-5100,626
21,NORMA-7727,627
21,NORMA-10424,628
21,NORMA-5580,629
21,NORMA-5955,630
21,NORMA-3628,631
21,NORMA-12435,632
21,NORMA-4284,633
21,NORMA-13296,634
21,NORMA-3846,635
21,NORMA-6496,636
21,NORMA-12327,637
21,NORMA-6578,638
21,NORMA-5042,639
21,NORMA-5866,640
21,NORMA-3772,641
21,NORMA-5235,642
21,NORMA-3693,643
21,NORMA-8569,644
21,NORMA-8037,645
21,NORMA-6264,646
21,NORMA-4467,647
21,NORMA-4886,648
21,NORMA-3933,649
21,NORMA-7138,650
21,NORMA-8428,651
21,NORMA-8665,652
21,NORMA-4236,653
21,NORMA-4379,654
21,NORMA-5527,655
21,NORMA-4986,656
21,NORMA-5600,657
21,NORMA-12928,658
21,NORMA-8298,659
21,NORMA-8171,660
21,NORMA-8504,661
21,NORMA-13997,662
21,NORMA-4650,663
21,NORMA-4478,664
21,NORMA-7656,665
21,NORMA-12053,666
21,NORMA-5776,667
21,NORMA-7654,668
21,NORMA-3620,669
21,NORMA-8381,670
21,NORMA-6494,671
21,NORMA-3499,672
21,NORMA-8564,673
21,NORMA-5706,674
21,NORMA-8819,675
21,NORMA-7975,676
21,NORMA-5668,677
21,NORMA-8075,678
21,NORMA-4016,679
21,NORMA-5383,680
21,NORMA-5506,681
21,NORMA-9090,682
21,NORMA-4871,683
21,NORMA-4433,684
21,NORMA-8393,685
21,NORMA-10348,686
21,NORMA-4542,687
21,NORMA-4325,688
21,NORMA-4750,689
21,NORMA-4060,690
21,NORMA-5796,691
21,NORMA-12152,692
21,NORMA-8902,693
21,NORMA-7988,694
21,NORMA-8265,695
21,NORMA-4881,696
21,NORMA-5591,697
21,NORMA-4010,698
21,NORMA-7737,699
21,NORMA-10253,700
21,NORMA-4889,701
21,NORMA-9889,702
21,NORMA-5921,703
21,NORMA-7652,704
21,NORMA-5938,705
21,NORMA-14142,706
21,NORMA-14190,707
21,NORMA-5466,708
21,NORMA-7723,709
21,NORMA-3940,710
21,NORMA-19599,711
21,NORMA-5160,712
21,NORMA-4554,713
21,NORMA-4991,714
21,NORMA-5734,715
21,NORMA-13739,716
21,NORMA-8832,717
21,NORMA-7130,718
21,NORMA-11021,719
21,NORMA-8170,720
21,NORMA-7832,721
21,NORMA-14217,722
21,NORMA-5378,723
21,NORMA-3787,724
21,NORMA-4699,725
21,NORMA-8497,726
21,NORMA-8739,727
21,NORMA-3944,728
21,NORMA-5139,729
21,NORMA-7413,730
21,NORMA-4865,731
21,NORMA-5782,732
21,NORMA-4904,733
21,NORMA-5346,734
21,NORMA-7660,735
21,NORMA-19573,736
21,NORMA-8573,737
21,NORMA-10145,738
21,NORMA-4149,739
21,NORMA-8824,740
21,NORMA-5548,741
21,NORMA-11639,742
21,NORMA-4443,743
21,NORMA-4036,744
21,NORMA-4120,745
21,NORMA-7655,746
21,NORMA-7420,747
21,NORMA-5214,748
21,NORMA-5500,749
21,NORMA-4623,750
21,NORMA-7892,751
21,NORMA-5157,752
21,NORMA-5418,753
21,NORMA-17002,754
21,NORMA-5282,755
21,NORMA-3997,756
21,NORMA-3663,757
21,NORMA-3554,758
21,NORMA-4664,759
21,NORMA-4169,760
21,NORMA-4446,761
21,NORMA-3646,762
21,NORMA-4774,763
21,NORMA-11682,764
21,NORMA-4026,765
21,NORMA-4295,766
21,NORMA-6339,767
21,NORMA-15107,768
21,NORMA-5546,769
21,NORMA-4647,770
21,NORMA-3631,771
21,NORMA-4011,772
21,NORMA-5553,773
21,NORMA-10653,774
21,NORMA-7970,775
21,NORMA-14491,776
21,NORMA-4768,777
21,NORMA-5131,778
21,NORMA-4476,779
21,NORMA-10877,780
21,NORMA-4655,781
21,NORMA-7042,782
21,NORMA-8820,783
21,NORMA-5674,784
21,NORMA-3740,785
21,NORMA-7916,786
21,NORMA-5072,787
21,NORMA-3991,788
21,NORMA-4902,789
21,NORMA-4673,790
21,NORMA-5730,791
21,NORMA-5169,792
21,NORMA-5221,793
21,NORMA-5023,794
21,NORMA-5217,795
21,NORMA-5528,796
21,NORMA-4337,797
21,NORMA-8749,798
21,NORMA-5149,799
21,NORMA-13792,800
21,NORMA-5062,801
21,NORMA-10767,802
21,NORMA-7720,803
21,NORMA-3896,804
21,NORMA-3806,805
21,NORMA-7771,806
21,NORMA-8697,807
21,NORMA-3480,808
21,NORMA-19551,809
21,NORMA-8748,810
21,NORMA-8118,811
21,NORMA-7045,812
21,NORMA-13363,813
21,NORMA-14059,814
21,NORMA-3989,815
21,NORMA-4769,816
21,NORMA-14097,817
21,NORMA-4707,818
21,NORMA-4250,819
21,NORMA-3974,820
21,NORMA-3917,821
21,NORMA-7666,822
21,NORMA-6470,823
21,NORMA-11365,824
21,NORMA-6830,825
21,NORMA-4022,826
21,NORMA-5581,827
21,NORMA-6002,828
21,NORMA-8236,829
21,NORMA-4732,830
21,NORMA-7709,831
21,NORMA-5022,832
21,NORMA-3798,833
21,NORMA-3563,834
21,NORMA-3630,835
21,NORMA-5329,836
21,NORMA-7449,837
21,NORMA-4610,838
21,NORMA-4526,839
21,NORMA-3538,840
21,NORMA-4442,841
21,NORMA-11971,842
21,NORMA-7971,843
21,NORMA-15327,844
21,NORMA-13313,845
21,NORMA-15124,846
21,NORMA-8172,847
21,NORMA-12750,848
21,NORMA-6063,849
21,NORMA-7735,850
21,NORMA-11590,851
21,NORMA-8404,852
21,NORMA-4519,853
21,NORMA-4356,854
21,NORMA-10234,855
21,NORMA-5517,856
21,NORMA-5924,857
21,NORMA-13654,858
21,NORMA-15350,859
21,NORMA-7106,860
21,NORMA-10817,861
21,NORMA-7205,862
21,NORMA-6270,863
21,NORMA-4065,864
21,NORMA-5608,865
21,NORMA-4482,866
21,NORMA-10900,867
21,NORMA-7122,868
21,NORMA-8080,869
21,NORMA-8314,870
21,NORMA-4436,871
21,NORMA-5471,872
21,NORMA-10442,873
21,NORMA-5333,874
21,NORMA-7825,875
21,NORMA-5188,876
21,NORMA-6484,877
21,NORMA-4281,878
21,NORMA-13558,879
21,NORMA-5331,880
21,NORMA-7823,881
21,NORMA-10301,882
21,NORMA-8561,883
21,NORMA-5911,884
21,NORMA-12600,885
21,NORMA-13622,886
21,NORMA-5407,887
21,NORMA-5515,888
21,NORMA-3701,889
21,NORMA-5570,890
21,NORMA-12957,891
21,NORMA-4722,892
21,NORMA-10636,893
21,NORMA-5562,894
21,NORMA-8083,895
21,NORMA-7039,896
21,NORMA-15133,897
21,NORMA-13906,898
21,NORMA-14479,899
21,NORMA-27462,900
21,NORMA-3493,901
21,NORMA-5557,902
21,NORMA-5220,903
21,NORMA-4404,904
21,NORMA-8690,905
21,NORMA-8304,906
21,NORMA-22682,907
21,NORMA-17481,908
21,NORMA-3562,909
21,NORMA-8896,910
21,NORMA-4181,911
21,NORMA-4730,912
21,NORMA-8246,913
21,NORMA-10943,914
21,NORMA-12210,915
21,NORMA-8943,916
21,NORMA-4228,917
21,NORMA-4661,918
21,NORMA-13809,919
21,NORMA-4822,920
21,NORMA-5451,921
21,NORMA-29006,922
21,NORMA-27252,923
21,NORMA-16522,924
21,NORMA-7429,925
21,NORMA-4982,926
21,NORMA-8496,927
21,NORMA-6790,928
21,NORMA-5919,929
21,NORMA-3958,930
21,NORMA-4776,931
21,NORMA-14038,932
21,NORMA-8402,933
21,NORMA-15316,934
21,NORMA-4346,935
21,NORMA-6276,936
21,NORMA-5709,937
21,NORMA-6794,938
21,NORMA-4266,939
21,NORMA-8151,940
21,NORMA-8339,941
21,NORMA-4237,942
21,NORMA-3739,943
21,NORMA-12958,944
21,NORMA-13784,945
21,NORMA-12942,946
21,NORMA-5799,947
21,NORMA-3780,948
21,NORMA-4733,949
21,NORMA-3883,950
21,NORMA-5583,951
21,NORMA-5055,952
21,NORMA-7693,953
21,NORMA-8565,954
21,NORMA-7537,955
21,NORMA-7741,956
21,NORMA-4789,957
21,NORMA-13048,958
21,NORMA-8843,959
21,NORMA-5787,960
21,NORMA-5530,961
21,NORMA-7734,962
21,NORMA-12129,963
21,NORMA-4581,964
21,NORMA-3657,965
21,NORMA-14201,966
21,NORMA-5516,967
21,NORMA-5962,968
21,NORMA-13357,969
21,NORMA-5839,970
21,NORMA-4749,971
21,NORMA-9881,972
21,NORMA-5216,973
21,NORMA-7040,974
21,NORMA-8861,975
21,NORMA-5354,976
21,NORMA-3884,977
21,NORMA-11374,978
21,NORMA-17521,979
21,NORMA-5898,980
21,NORMA-4377,981
21,NORMA-7740,982
21,NORMA-7653,983
21,NORMA-5937,984
21,NORMA-13273,985
21,NORMA-5268,986
21,NORMA-7703,987
21,NORMA-13205,988
21,NORMA-11938,989
21,NORMA-5054,990
21,NORMA-8836,991
21,NORMA-8308,992
21,NORMA-7765,993
21,NORMA-4050,994
21,NORMA-6274,995
21,NORMA-7058,996
21,NORMA-3941,997
21,NORMA-3720,998
21,NORMA-5743,999
21,NORMA-14117,1000
23,NORMA-20423,1
23,NORMA-21268,2
23,NORMA-3382,3
23,NORMA-15521,4
23,NORMA-20590,5
23,NORMA-20217,6
23,NORMA-20189,7
23,NORMA-20796,8
23,NORMA-21012,9
23,NORMA-6880,10
23,NORMA-207,11
23,NORMA-21755,12
23,NORMA-8677,13
23,NORMA-2120,14
23,NORMA-82,15
23,NORMA-18788,16
23,NORMA-1672,17
23,NORMA-18797,18
23,NORMA-19486,19
23,NORMA-6758,20
23,NORMA-220,21
23,NORMA-20192,22
23,NORMA-18394,23
23,NORMA-19456,24
23,NORMA-75,25
23,NORMA-20349,26
23,NORMA-19200,27
23,NORMA-21698,28
23,NORMA-23501,29
23,NORMA-19509,30
23,NORMA-19507,31
23,NORMA-18695,32
23,NORMA-20885,33
23,NORMA-20359,34
23,NORMA-12039,35
23,NORMA-20476,36
23,NORMA-19866,37
23,NORMA-3241,38
23,NORMA-18466,39
23,NORMA-20880,40
23,NORMA-19012,41
23,NORMA-23862,42
23,NORMA-1641,43
23,NORMA-778,44
23,NORMA-18299,45
23,NORMA-19011,46
23,NORMA-19016,47
23,NORMA-29301,48
23,NORMA-11474,49
23,NORMA-18468,50
23,NORMA-11527,51
23,NORMA-23061,52
23,NORMA-18300,53
23,NORMA-25721,54
23,NORMA-24501,55
23,NORMA-21021,56
23,NORMA-18558,57
23,NORMA-21496,58
23,NORMA-18370,59
23,NORMA-18774,60
23,NORMA-26822,61
23,NORMA-18702,62
23,NORMA-18866,63
23,NORMA-29283,64
23,NORMA-20505,65
23,NORMA-18587,66
23,NORMA-7100,67
23,NORMA-18363,68
23,NORMA-19022,69
23,NORMA-18262,70
23,NORMA-18285,71
23,NORMA-18369,72
23,NORMA-19025,73
23,NORMA-18513,74
23,NORMA-19023,75
23,NORMA-18469,76
23,NORMA-18470,77
23,NORMA-18257,78
23,NORMA-18258,79
23,NORMA-18373,80
23,NORMA-18711,81
23,NORMA-20182,82
23,NORMA-1549,83
23,NORMA-18714,84
23,NORMA-5760,85
23,NORMA-19891,86
23,NORMA-18712,87
23,NORMA-18700,88
23,NORMA-18208,89
23,NORMA-834,90
23,NORMA-20460,91
23,NORMA-20468,92
23,NORMA-2337,93
23,NORMA-15141,94
23,NORMA-18586,95
23,NORMA-20443,96
23,NORMA-20501,97
23,NORMA-31923,98
23,NORMA-18226,99
23,NORMA-18703,100
23,NORMA-2032,101
23,NORMA-20985,102
23,NORMA-20366,103
23,NORMA-20029,104
23,NORMA-20183,105
23,NORMA-20473,106
23,NORMA-18433,107
23,NORMA-24621,108
23,NORMA-18450,109
23,NORMA-20716,110
23,NORMA-8028,111
23,NORMA-5562,112
23,NORMA-21164,113
23,NORMA-20886,114
23,NORMA-19098,115
23,NORMA-20488,116
23,NORMA-20861,117
23,NORMA-18235,118
23,NORMA-18588,119
23,NORMA-18704,120
23,NORMA-11575,121
23,NORMA-20793,122
23,NORMA-18256,123
23,NORMA-19097,124
23,NORMA-6948,125
23,NORMA-1341,126
23,NORMA-555,127
23,NORMA-20902,128
23,NORMA-20995,129
23,NORMA-18818,130
23,NORMA-20490,131
23,NORMA-20503,132
23,NORMA-12165,133
23,NORMA-20477,134
23,NORMA-19232,135
23,NORMA-18537,136
23,NORMA-20374,137
23,NORMA-20487,138
23,NORMA-20873,139
23,NORMA-18743,140
23,NORMA-18734,141
23,NORMA-18759,142
23,NORMA-27521,143
23,NORMA-20289,144
23,NORMA-20125,145
23,NORMA-21691,146
23,NORMA-20465,147
23,NORMA-20403,148
23,NORMA-18541,149
23,NORMA-21196,150
23,NORMA-1994,151
23,NORMA-19275,152
23,NORMA-21766,153
23,NORMA-20540,154
23,NORMA-20369,155
23,NORMA-2383,156
23,NORMA-20024,157
23,NORMA-18372,158
23,NORMA-20548,159
23,NORMA-18205,160
23,NORMA-20422,161
23,NORMA-18286,162
23,NORMA-21388,163
23,NORMA-19188,164
23,NORMA-19485,165
23,NORMA-20327,166
23,NORMA-8695,167
23,NORMA-20480,168
23,NORMA-1740,169
23,NORMA-5518,170
23,NORMA-19611,171
23,NORMA-20534,172
23,NORMA-20402,173
23,NORMA-20187,174
23,NORMA-20539,175
23,NORMA-20171,176
23,NORMA-21086,177
23,NORMA-19384,178
23,NORMA-4273,179
23,NORMA-3478,180
23,NORMA-20482,181
23,NORMA-4817,182
23,NORMA-20376,183
23,NORMA-20008,184
23,NORMA-4929,185
23,NORMA-18266,186
23,NORMA-4377,187
23,NORMA-3708,188
23,NORMA-20892,189
23,NORMA-20546,190
23,NORMA-20053,191
23,NORMA-8502,192
23,NORMA-18462,193
23,NORMA-19431,194
23,NORMA-5955,195
23,NORMA-20474,196
23,NORMA-21437,197
23,NORMA-19520,198
23,NORMA-4079,199
23,NORMA-3479,200
23,NORMA-3851,201
23,NORMA-20968,202
23,NORMA-19292,203
23,NORMA-4565,204
23,NORMA-4663,205
23,NORMA-18529,206
23,NORMA-4982,207
23,NORMA-24582,208
23,NORMA-20150,209
23,NORMA-7012,210
23,NORMA-5938,211
23,NORMA-18935,212
23,NORMA-2377,213
23,NORMA-20055,214
23,NORMA-21419,215
23,NORMA-643,216
23,NORMA-19249,217
23,NORMA-3592,218
23,NORMA-6256,219
23,NORMA-20040,220
23,NORMA-19620,221
23,NORMA-11621,222
23,NORMA-18432,223
23,NORMA-20811,224
23,NORMA-21233,225
23,NORMA-21540,226
23,NORMA-684,227
23,NORMA-20382,228
23,NORMA-5956,229
23,NORMA-11560,230
23,NORMA-21211,231
23,NORMA-3896,232
23,NORMA-6185,233
23,NORMA-25902,234
23,NORMA-20377,235
23,NORMA-9382,236
23,NORMA-20100,237
23,NORMA-20920,238
23,NORMA-29005,239
23,NORMA-18243,240
23,NORMA-20371,241
23,NORMA-19593,242
23,NORMA-10375,243
23,NORMA-5834,244
23,NORMA-8501,245
23,NORMA-3505,246
23,NORMA-3904,247
23,NORMA-4449,248
23,NORMA-9834,249
23,NORMA-11632,250
23,NORMA-6623,251
23,NORMA-5415,252
23,NORMA-5357,253
23,NORMA-5519,254
23,NORMA-3943,255
23,NORMA-4145,256
23,NORMA-4329,257
23,NORMA-18654,258
23,NORMA-18446,259
23,NORMA-20013,260
23,NORMA-4829,261
23,NORMA-3342,262
23,NORMA-10629,263
23,NORMA-19981,264
23,NORMA-12160,265
23,NORMA-228,266
23,NORMA-3698,267
23,NORMA-20425,268
23,NORMA-12102,269
23,NORMA-4342,270
23,NORMA-4686,271
23,NORMA-6000,272
23,NORMA-4840,273
23,NORMA-4567,274
23,NORMA-20356,275
23,NORMA-5964,276
23,NORMA-1421,277
23,NORMA-2094,278
23,NORMA-6856,279
23,NORMA-12920,280
23,NORMA-11836,281
23,NORMA-11827,282
23,NORMA-12826,283
23,NORMA-13638,284
23,NORMA-14162,285
23,NORMA-13831,286
23,NORMA-13999,287
23,NORMA-13962,288
23,NORMA-14735,289
23,NORMA-1650,290
23,NORMA-15276,291
23,NORMA-26161,292
23,NORMA-20753,293
23,NORMA-15115,294
23,NORMA-5838,295
23,NORMA-21238,296
23,NORMA-3883,297
23,NORMA-8074,298
23,NORMA-14885,299
23,NORMA-13179,300
23,NORMA-22622,301
23,NORMA-12870,302
23,NORMA-13183,303
23,NORMA-24362,304
23,NORMA-20918,305
23,NORMA-19621,306
23,NORMA-588,307
23,NORMA-587,308
23,NORMA-18709,309
23,NORMA-4144,310
23,NORMA-3875,311
23,NORMA-18933,312
23,NORMA-14145,313
23,NORMA-2158,314
23,NORMA-19233,315
23,NORMA-21052,316
23,NORMA-6084,317
23,NORMA-11828,318
23,NORMA-4618,319
23,NORMA-21705,320
23,NORMA-20989,321
23,NORMA-2104,322
23,NORMA-19429,323
23,NORMA-19181,324
23,NORMA-15194,325
23,NORMA-7658,326
23,NORMA-3846,327
23,NORMA-2089,328
23,NORMA-11524,329
23,NORMA-20706,330
23,NORMA-3514,331
23,NORMA-20172,332
23,NORMA-20223,333
23,NORMA-20197,334
23,NORMA-18319,335
23,NORMA-20869,336
23,NORMA-11574,337
23,NORMA-19387,338
23,NORMA-20446,339
23,NORMA-5327,340
23,NORMA-18430,341
23,NORMA-8165,342
23,NORMA-4915,343
23,NORMA-4433,344
23,NORMA-21634,345
23,NORMA-20389,346
23,NORMA-20602,347
23,NORMA-28203,348
23,NORMA-26841,349
23,NORMA-20009,350
23,NORMA-7068,351
23,NORMA-5500,352
23,NORMA-6253,353
23,NORMA-18291,354
23,NORMA-878,355
23,NORMA-4120,356
23,NORMA-6621,357
23,NORMA-19960,358
23,NORMA-13323,359
23,NORMA-2058,360
23,NORMA-19057,361
23,NORMA-6643,362
23,NORMA-13298,363
23,NORMA-3701,364
23,NORMA-1851,365
23,NORMA-18918,366
23,NORMA-21321,367
23,NORMA-2184,368
23,NORMA-11687,369
23,NORMA-4519,370
23,NORMA-6443,371
23,NORMA-4365,372
23,NORMA-19021,373
23,NORMA-332,374
23,NORMA-1689,375
23,NORMA-19212,376
23,NORMA-11570,377
23,NORMA-18445,378
23,NORMA-20381,379
23,NORMA-15237,380
23,NORMA-5734,381
23,NORMA-18411,382
23,NORMA-462,383
23,NORMA-938,384
23,NORMA-19095,385
23,NORMA-19883,386
23,NORMA-20999,387
23,NORMA-7011,388
23,NORMA-20091,389
23,NORMA-19096,390
23,NORMA-20277,391
23,NORMA-215,392
23,NORMA-20195,393
23,NORMA-7659,394
23,NORMA-4325,395
23,NORMA-21626,396
23,NORMA-21367,397
23,NORMA-20164,398
23,NORMA-6318,399
23,NORMA-5346,400
23,NORMA-18204,401
23,NORMA-12020,402
23,NORMA-3804,403
23,NORMA-9481,404
23,NORMA-18796,405
23,NORMA-18753,406
23,NORMA-2517,407
23,NORMA-21507,408
23,NORMA-20388,409
23,NORMA-18248,410
23,NORMA-20428,411
23,NORMA-6819,412
23,NORMA-21783,413
23,NORMA-19081,414
23,NORMA-6820,415
23,NORMA-21550,416
23,NORMA-19631,417
23,NORMA-19845,418
23,NORMA-3738,419
23,NORMA-7723,420
23,NORMA-5507,421
23,NORMA-15542,422
23,NORMA-4068,423
23,NORMA-3850,424
23,NORMA-21114,425
23,NORMA-3884,426
23,NORMA-18479,427
23,NORMA-8823,428
23,NORMA-6970,429
23,NORMA-7737,430
23,NORMA-19637,431
23,NORMA-18762,432
23,NORMA-21028,433
23,NORMA-3577,434
23,NORMA-20754,435
23,NORMA-4118,436
23,NORMA-5360,437
23,NORMA-18780,438
23,NORMA-29003,439
23,NORMA-5998,440
23,NORMA-10116,441
23,NORMA-18984,442
23,NORMA-20174,443
23,NORMA-17281,444
23,NORMA-11655,445
23,NORMA-8167,446
23,NORMA-22941,447
23,NORMA-14239,448
23,NORMA-12657,449
23,NORMA-18219,450
23,NORMA-18653,451
23,NORMA-8689,452
23,NORMA-5496,453
23,NORMA-21568,454
23,NORMA-4146,455
23,NORMA-5236,456
23,NORMA-2076,457
23,NORMA-21461,458
23,NORMA-2546,459
23,NORMA-5843,460
23,NORMA-4169,461
23,NORMA-21228,462
23,NORMA-3595,463
23,NORMA-18798,464
23,NORMA-20709,465
23,NORMA-6962,466
23,NORMA-7110,467
23,NORMA-19220,468
23,NORMA-4164,469
23,NORMA-4762,470
23,NORMA-28181,471
23,NORMA-4335,472
23,NORMA-5888,473
23,NORMA-4979,474
23,NORMA-20138,475
23,NORMA-21725,476
23,NORMA-11790,477
23,NORMA-19787,478
23,NORMA-8832,479
23,NORMA-6627,480
23,NORMA-5031,481
23,NORMA-5358,482
23,NORMA-21526,483
23,NORMA-19170,484
23,NORMA-18545,485
23,NORMA-5752,486
23,NORMA-19617,487
23,NORMA-4749,488
23,NORMA-20407,489
23,NORMA-10029,490
23,NORMA-21239,491
23,NORMA-21173,492
23,NORMA-9871,493
23,NORMA-704,494
23,NORMA-10044,495
23,NORMA-11999,496
23,NORMA-8390,497
23,NORMA-18434,498
23,NORMA-11798,499
23,NORMA-4442,500
23,NORMA-4748,501
23,NORMA-20396,502
23,NORMA-20303,503
23,NORMA-19383,504
23,NORMA-11605,505
23,NORMA-18934,506
23,NORMA-12002,507
23,NORMA-18391,508
23,NORMA-20777,509
23,NORMA-19715,510
23,NORMA-21387,511
23,NORMA-8504,512
23,NORMA-20913,513
23,NORMA-20800,514
23,NORMA-19959,515
23,NORMA-15339,516
23,NORMA-20068,517
23,NORMA-19651,518
23,NORMA-19842,519
23,NORMA-28422,520
23,NORMA-21328,521
23,NORMA-3569,522
23,NORMA-11085,523
23,NORMA-6957,524
23,NORMA-8205,525
23,NORMA-19152,526
23,NORMA-18474,527
23,NORMA-21583,528
23,NORMA-19629,529
23,NORMA-6017,530
23,NORMA-7387,531
23,NORMA-5776,532
23,NORMA-21792,533
23,NORMA-14294,534
23,NORMA-19983,535
23,NORMA-20834,536
23,NORMA-14447,537
23,NORMA-10200,538
23,NORMA-19221,539
23,NORMA-6736,540
23,NORMA-20444,541
23,NORMA-20141,542
23,NORMA-3787,543
23,NORMA-18240,544
23,NORMA-13345,545
23,NORMA-20206,546
23,NORMA-21427,547
23,NORMA-17321,548
23,NORMA-7027,549
23,NORMA-11804,550
23,NORMA-18533,551
23,NORMA-5524,552
23,NORMA-4392,553
23,NORMA-19940,554
23,NORMA-20293,555
23,NORMA-21474,556
23,NORMA-6343,557
23,NORMA-7953,558
23,NORMA-8081,559
23,NORMA-19328,560
23,NORMA-20405,561
23,NORMA-11476,562
23,NORMA-14724,563
23,NORMA-18325,564
23,NORMA-18915,565
23,NORMA-3767,566
23,NORMA-18811,567
23,NORMA-8920,568
23,NORMA-14850,569
23,NORMA-13918,570
23,NORMA-3470,571
23,NORMA-12394,572
23,NORMA-19351,573
23,NORMA-14113,574
23,NORMA-20037,575
23,NORMA-21664,576
23,NORMA-18835,577
23,NORMA-11356,578
23,NORMA-1909,579
23,NORMA-5873,580
23,NORMA-12415,581
23,NORMA-9835,582
23,NORMA-19455,583
23,NORMA-3979,584
23,NORMA-8706,585
23,NORMA-18375,586
23,NORMA-12923,587
23,NORMA-13124,588
23,NORMA-20859,589
23,NORMA-13470,590
23,NORMA-8392,591
23,NORMA-1572,592
23,NORMA-21561,593
23,NORMA-19553,594
23,NORMA-7660,595
23,NORMA-20690,596
23,NORMA-4443,597
23,NORMA-21547,598
23,NORMA-12733,599
23,NORMA-18972,600
23,NORMA-4026,601
23,NORMA-19406,602
23,NORMA-19039,603
23,NORMA-18674,604
23,NORMA-13308,605
23,NORMA-13476,606
23,NORMA-27044,607
23,NORMA-11868,608
23,NORMA-21333,609
23,NORMA-20719,610
23,NORMA-19895,611
23,NORMA-18823,612
23,NORMA-18868,613
23,NORMA-19935,614
23,NORMA-11571,615
23,NORMA-2694,616
23,NORMA-21522,617
23,NORMA-2551,618
23,NORMA-20508,619
23,NORMA-20647,620
23,NORMA-8011,621
23,NORMA-11780,622
23,NORMA-8075,623
23,NORMA-5842,624
23,NORMA-18978,625
23,NORMA-5994,626
23,NORMA-21537,627
23,NORMA-3638,628
23,NORMA-14688,629
23,NORMA-18825,630
23,NORMA-2421,631
23,NORMA-15229,632
23,NORMA-5897,633
23,NORMA-19272,634
23,NORMA-4786,635
23,NORMA-21756,636
23,NORMA-5383,637
23,NORMA-21305,638
23,NORMA-5487,639
23,NORMA-26003,640
23,NORMA-18826,641
23,NORMA-19459,642
23,NORMA-8176,643
23,NORMA-20103,644
23,NORMA-6752,645
23,NORMA-18668,646
23,NORMA-19077,647
23,NORMA-4095,648
23,NORMA-6881,649
23,NORMA-8027,650
23,NORMA-11766,651
23,NORMA-18443,652
23,NORMA-6783,653
23,NORMA-20304,654
23,NORMA-4813,655
23,NORMA-18399,656
23,NORMA-6701,657
23,NORMA-8178,658
23,NORMA-23101,659
23,NORMA-19784,660
23,NORMA-18672,661
23,NORMA-5170,662
23,NORMA-7833,663
23,NORMA-9724,664
23,NORMA-5548,665
23,NORMA-6140,666
23,NORMA-7225,667
23,NORMA-1388,668
23,NORMA-20723,669
23,NORMA-18307,670
23,NORMA-10807,671
23,NORMA-9275,672
23,NORMA-7113,673
23,NORMA-10235,674
23,NORMA-9043,675
23,NORMA-20865,676
23,NORMA-21431,677
23,NORMA-4268,678
23,NORMA-18691,679
23,NORMA-11607,680
23,NORMA-8435,681
23,NORMA-7386,682
23,NORMA-8403,683
23,NORMA-20982,684
23,NORMA-9003,685
23,NORMA-20397,686
23,NORMA-21678,687
23,NORMA-8458,688
23,NORMA-9314,689
23,NORMA-7558,690
23,NORMA-11180,691
23,NORMA-20928,692
23,NORMA-21651,693
23,NORMA-9516,694
23,NORMA-7222,695
23,NORMA-5596,696
23,NORMA-18836,697
23,NORMA-4831,698
23,NORMA-20178,699
23,NORMA-18848,700
23,NORMA-27761,701
23,NORMA-21523,702
23,NORMA-19227,703
23,NORMA-31904,704
23,NORMA-5287,705
23,NORMA-20177,706
23,NORMA-25645,707
23,NORMA-412,708
23,NORMA-28381,709
23,NORMA-12814,710
23,NORMA-11154,711
23,NORMA-9642,712
23,NORMA-28362,713
23,NORMA-18407,714
23,NORMA-5506,715
23,NORMA-5517,716
23,NORMA-11839,717
23,NORMA-8637,718
23,NORMA-18863,719
23,NORMA-21352,720
23,NORMA-12694,721
23,NORMA-11840,722
23,NORMA-18406,723
23,NORMA-21135,724
23,NORMA-11205,725
23,NORMA-2134,726
23,NORMA-6334,727
23,NORMA-14049,728
23,NORMA-10233,729
23,NORMA-1660,730
23,NORMA-20853,731
23,NORMA-19584,732
23,NORMA-3665,733
23,NORMA-29603,734
23,NORMA-27445,735
23,NORMA-21802,736
23,NORMA-15683,737
23,NORMA-21182,738
23,NORMA-18207,739
23,NORMA-27402,740
23,NORMA-12360,741
23,NORMA-20283,742
23,NORMA-19488,743
23,NORMA-26569,744
23,NORMA-11234,745
23,NORMA-13469,746
23,NORMA-4114,747
23,NORMA-20440,748
23,NORMA-5332,749
23,NORMA-6673,750
23,NORMA-18607,751
23,NORMA-2233,752
23,NORMA-18724,753
23,NORMA-14836,754
23,NORMA-11513,755
23,NORMA-14614,756
23,NORMA-20137,757
23,NORMA-20398,758
23,NORMA-11521,759
23,NORMA-6629,760
23,NORMA-14498,761
23,NORMA-14578,762
23,NORMA-11835,763
23,NORMA-12045,764
23,NORMA-19028,765
23,NORMA-4448,766
23,NORMA-11331,767
23,NORMA-6088,768
23,NORMA-2588,769
23,NORMA-19414,770
23,NORMA-19067,771
23,NORMA-18727,772
23,NORMA-20864,773
23,NORMA-1608,774
23,NORMA-4902,775
23,NORMA-6252,776
23,NORMA-11978,777
23,NORMA-20681,778
23,NORMA-20807,779
23,NORMA-20597,780
23,NORMA-21224,781
23,NORMA-19639,782
23,NORMA-21584,783
23,NORMA-20033,784
23,NORMA-15316,785
23,NORMA-21180,786
23,NORMA-21554,787
23,NORMA-7720,788
23,NORMA-21348,789
23,NORMA-19666,790
23,NORMA-358,791
23,NORMA-14746,792
23,NORMA-8685,793
23,NORMA-21272,794
23,NORMA-5527,795
23,NORMA-18552,796
23,NORMA-1420,797
23,NORMA-16586,798
23,NORMA-21560,799
23,NORMA-1129,800
23,NORMA-18602,801
23,NORMA-1346,802
23,NORMA-21632,803
23,NORMA-21193,804
23,NORMA-20779,805
23,NORMA-19493,806
23,NORMA-28582,807
23,NORMA-20836,808
23,NORMA-18577,809
23,NORMA-27364,810
23,NORMA-11735,811
23,NORMA-6560,812
23,NORMA-21776,813
23,NORMA-20049,814
23,NORMA-6509,815
23,NORMA-6665,816
23,NORMA-20266,817
23,NORMA-16202,818
23,NORMA-357,819
23,NORMA-19466,820
23,NORMA-21434,821
23,NORMA-21586,822
23,NORMA-1863,823
23,NORMA-6076,824
23,NORMA-3553,825
23,NORMA-4538,826
23,NORMA-7656,827
23,NORMA-7651,828
23,NORMA-9870,829
23,NORMA-26241,830
23,NORMA-20946,831
23,NORMA-5852,832
23,NORMA-19788,833
23,NORMA-6961,834
23,NORMA-5340,835
23,NORMA-21181,836
23,NORMA-13158,837
23,NORMA-21722,838
23,NORMA-19375,839
23,NORMA-18239,840
23,NORMA-6347,841
23,NORMA-19151,842
23,NORMA-1442,843
23,NORMA-5739,844
23,NORMA-15211,845
23,NORMA-1348,846
23,NORMA-19519,847
23,NORMA-13545,848
23,NORMA-20907,849
23,NORMA-5558,850
23,NORMA-12038,851
23,NORMA-3777,852
23,NORMA-21201,853
23,NORMA-21134,854
23,NORMA-10309,855
23,NORMA-19871,856
23,NORMA-19618,857
23,NORMA-21521,858
23,NORMA-20550,859
23,NORMA-21440,860
23,NORMA-6391,861
23,NORMA-1558,862
23,NORMA-20742,863
23,NORMA-5714,864
23,NORMA-21155,865
23,NORMA-18777,866
23,NORMA-11734,867
23,NORMA-21636,868
23,NORMA-19619,869
23,NORMA-18473,870
23,NORMA-19377,871
23,NORMA-9824,872
23,NORMA-9597,873
23,NORMA-18723,874
23,NORMA-21448,875
23,NORMA-5835,876
23,NORMA-4711,877
23,NORMA-21534,878
23,NORMA-18959,879
23,NORMA-11864,880
23,NORMA-9823,881
23,NORMA-18540,882
23,NORMA-21576,883
23,NORMA-18865,884
23,NORMA-12500,885
23,NORMA-7820,886
23,NORMA-178,887
23,NORMA-18690,888
23,NORMA-18903,889
23,NORMA-21601,890
23,NORMA-25202,891
23,NORMA-18435,892
23,NORMA-4075,893
23,NORMA-15159,894
23,NORMA-11611,895
23,NORMA-11872,896
23,NORMA-7716,897
23,NORMA-6647,898
23,NORMA-11715,899
23,NORMA-4295,900
23,NORMA-19709,901
23,NORMA-18875,902
23,NORMA-21546,903
23,NORMA-3801,904
23,NORMA-783,905
23,NORMA-8404,906
23,NORMA-19573,907
23,NORMA-5621,908
23,NORMA-19689,909
23,NORMA-20157,910
23,NORMA-18859,911
23,NORMA-18651,912
23,NORMA-5466,913
23,NORMA-21739,914
23,NORMA-28526,915
23,NORMA-17301,916
23,NORMA-12067,917
23,NORMA-21344,918
23,NORMA-21578,919
23,NORMA-21423,920
23,NORMA-20263,921
23,NORMA-18617,922
23,NORMA-20941,923
23,NORMA-5693,924
23,NORMA-20288,925
23,NORMA-28281,926
23,NORMA-8931,927
23,NORMA-21738,928
23,NORMA-21635,929
23,NORMA-21701,930
23,NORMA-21743,931
23,NORMA-21660,932
23,NORMA-11710,933
23,NORMA-19491,934
23,NORMA-21147,935
23,NORMA-6199,936
23,NORMA-5612,937
23,NORMA-21023,938
23,NORMA-11614,939
23,NORMA-28982,940
23,NORMA-22001,941
23,NORMA-20996,942
23,NORMA-3501,943
23,NORMA-26641,944
23,NORMA-18461,945
23,NORMA-4428,946
23,NORMA-19923,947
23,NORMA-8570,948
23,NORMA-21139,949
23,NORMA-24941,950
23,NORMA-21761,951
23,NORMA-18901,952
23,NORMA-6677,953
23,NORMA-5889,954
23,NORMA-11454,955
23,NORMA-21363,956
23,NORMA-19701,957
23,NORMA-20724,958
23,NORMA-4518,959
23,NORMA-19632,960
23,NORMA-21724,961
23,NORMA-5546,962
23,NORMA-11857,963
23,NORMA-20844,964
23,NORMA-15643,965
23,NORMA-1173,966
23,NORMA-5536,967
23,NORMA-19265,968
23,NORMA-21332,969
23,NORMA-12228,970
23,NORMA-5023,971
23,NORMA-4554,972
23,NORMA-4606,973
23,NORMA-261,974
23,NORMA-21295,975
23,NORMA-20973,976
23,NORMA-7728,977
23,NORMA-20316,978
23,NORMA-14937,979
23,NORMA-11731,980
23,NORMA-21353,981
23,NORMA-19411,982
23,NORMA-19712,983
23,NORMA-972,984
23,NORMA-4410,985
23,NORMA-13402,986
23,NORMA-4275,987
23,NORMA-4047,988
23,NORMA-13635,989
23,NORMA-19374,990
23,NORMA-19204,991
23,NORMA-19973,992
23,NORMA-20912,993
23,NORMA-3421,994
23,NORMA-10267,995
23,NORMA-18971,996
23,NORMA-28561,997
23,NORMA-11596,998
23,NORMA-1303,999
23,NORMA-20906,1000
24,NORMA-483,1
24,NORMA-21135,2
24,NORMA-12160,3
24,NORMA-18434,4
24,NORMA-15004,5
24,NORMA-3382,6
24,NORMA-15521,7
24,NORMA-838,8
24,NORMA-12228,9
24,NORMA-423,10
24,NORMA-11631,11
24,NORMA-75,12
24,NORMA-11999,13
24,NORMA-11790,14
24,NORMA-12002,15
24,NORMA-385,16
24,NORMA-28281,17
24,NORMA-1361,18
24,NORMA-1996,19
24,NORMA-12035,20
24,NORMA-1352,21
24,NORMA-2395,22
24,NORMA-12015,23
24,NORMA-21308,24
24,NORMA-82,25
24,NORMA-24961,26
24,NORMA-1674,27
24,NORMA-18233,28
24,NORMA-11780,29
24,NORMA-850,30
24,NORMA-1175,31
24,NORMA-1171,32
24,NORMA-21052,33
24,NORMA-20426,34
24,NORMA-1295,35
24,NORMA-20271,36
24,NORMA-20853,37
24,NORMA-21305,38
24,NORMA-76,39
24,NORMA-19456,40
24,NORMA-1433,41
24,NORMA-1585,42
24,NORMA-1631,43
24,NORMA-19895,44
24,NORMA-20995,45
24,NORMA-19380,46
24,NORMA-19568,47
24,NORMA-21199,48
24,NORMA-2157,49
24,NORMA-220,50
24,NORMA-12005,51
24,NORMA-21147,52
24,NORMA-20786,53
24,NORMA-12165,54
24,NORMA-19080,55
24,NORMA-12039,56
24,NORMA-1341,57
24,NORMA-18798,58
24,NORMA-18492,59
24,NORMA-20865,60
24,NORMA-18394,61
24,NORMA-21739,62
24,NORMA-755,63
24,NORMA-11474,64
24,NORMA-11981,65
24,NORMA-20182,66
24,NORMA-18541,67
24,NORMA-11527,68
24,NORMA-14642,69
24,NORMA-11836,70
24,NORMA-11827,71
24,NORMA-21190,72
24,NORMA-18378,73
24,NORMA-985,74
24,NORMA-13977,75
24,NORMA-13317,76
24,NORMA-2413,77
24,NORMA-1260,78
24,NORMA-15362,79
24,NORMA-11828,80
24,NORMA-13357,81
24,NORMA-3201,82
24,NORMA-23441,83
24,NORMA-18446,84
24,NORMA-3381,85
24,NORMA-20625,86
24,NORMA-2032,87
24,NORMA-18301,88
24,NORMA-20443,89
24,NORMA-729,90
24,NORMA-20943,91
24,NORMA-11766,92
24,NORMA-20096,93
24,NORMA-28181,94
24,NORMA-20584,95
24,NORMA-20425,96
24,NORMA-21249,97
24,NORMA-20941,98
24,NORMA-21496,99
24,NORMA-13466,100
24,NORMA-18279,101
24,NORMA-20869,102
24,NORMA-31904,103
24,NORMA-5334,104
24,NORMA-19212,105
24,NORMA-21725,106
24,NORMA-18451,107
24,NORMA-19486,108
24,NORMA-19805,109
24,NORMA-20873,110
24,NORMA-21069,111
24,NORMA-19096,112
24,NORMA-21626,113
24,NORMA-8028,114
24,NORMA-12303,115
24,NORMA-20930,116
24,NORMA-1541,117
24,NORMA-20258,118
24,NORMA-21299,119
24,NORMA-20904,120
24,NORMA-21028,121
24,NORMA-13474,122
24,NORMA-21550,123
24,NORMA-2184,124
24,NORMA-6948,125
24,NORMA-4435,126
24,NORMA-11758,127
24,NORMA-16147,128
24,NORMA-11316,129
24,NORMA-18838,130
24,NORMA-11868,131
24,NORMA-21437,132
24,NORMA-21012,133
24,NORMA-20369,134
24,NORMA-11473,135
24,NORMA-10260,136
24,NORMA-18479,137
24,NORMA-18102,138
24,NORMA-11982,139
24,NORMA-6880,140
24,NORMA-18303,141
24,NORMA-11798,142
24,NORMA-11998,143
24,NORMA-21085,144
24,NORMA-704,145
24,NORMA-7068,146
24,NORMA-12048,147
24,NORMA-19485,148
24,NORMA-20304,149
24,NORMA-18412,150
24,NORMA-1654,151
24,NORMA-21126,152
24,NORMA-11621,153
24,NORMA-3988,154
24,NORMA-21419,155
24,NORMA-20403,156
24,NORMA-22561,157
24,NORMA-13263,158
24,NORMA-745,159
24,NORMA-416,160
24,NORMA-18815,161
24,NORMA-18436,162
24,NORMA-21521,163
24,NORMA-21157,164
24,NORMA-7829,165
24,NORMA-20196,166
24,NORMA-5290,167
24,NORMA-2536,168
24,NORMA-20280,169
24,NORMA-11864,170
24,NORMA-19571,171
24,NORMA-1619,172
24,NORMA-19853,173
24,NORMA-19200,174
24,NORMA-21205,175
24,NORMA-20861,176
24,NORMA-20616,177
24,NORMA-6505,178
24,NORMA-18292,179
24,NORMA-2981,180
24,NORMA-21267,181
24,NORMA-19507,182
24,NORMA-24582,183
24,NORMA-4631,184
24,NORMA-11041,185
24,NORMA-20432,186
24,NORMA-11764,187
24,NORMA-18375,188
24,NORMA-11479,189
24,NORMA-11609,190
24,NORMA-18219,191
24,NORMA-3747,192
24,NORMA-18418,193
24,NORMA-5359,194
24,NORMA-18385,195
24,NORMA-20263,196
24,NORMA-19152,197
24,NORMA-11469,198
24,NORMA-21023,199
24,NORMA-5507,200
24,NORMA-6630,201
24,NORMA-11763,202
24,NORMA-20999,203
24,NORMA-21367,204
24,NORMA-20002,205
24,NORMA-5141,206
24,NORMA-4335,207
24,NORMA-19275,208
24,NORMA-9779,209
24,NORMA-20137,210
24,NORMA-12049,211
24,NORMA-25902,212
24,NORMA-6967,213
24,NORMA-21431,214
24,NORMA-21388,215
24,NORMA-18981,216
24,NORMA-21562,217
24,NORMA-20888,218
24,NORMA-7838,219
24,NORMA-5181,220
24,NORMA-1471,221
24,NORMA-18762,222
24,NORMA-19787,223
24,NORMA-1516,224
24,NORMA-12657,225
24,NORMA-11792,226
24,NORMA-20376,227
24,NORMA-4277,228
24,NORMA-3241,229
24,NORMA-18697,230
24,NORMA-18424,231
24,NORMA-19384,232
24,NORMA-19092,233
24,NORMA-21086,234
24,NORMA-19798,235
24,NORMA-6316,236
24,NORMA-6181,237
24,NORMA-11739,238
24,NORMA-7110,239
24,NORMA-21537,240
24,NORMA-20557,241
24,NORMA-21152,242
24,NORMA-1740,243
24,NORMA-19249,244
24,NORMA-19715,245
24,NORMA-8515,246
24,NORMA-20985,247
24,NORMA-12103,248
24,NORMA-1463,249
24,NORMA-18411,250
24,NORMA-4267,251
24,NORMA-5220,252
24,NORMA-11615,253
24,NORMA-20091,254
24,NORMA-18430,255
24,NORMA-19520,256
24,NORMA-18439,257
24,NORMA-21756,258
24,NORMA-12014,259
24,NORMA-12234,260
24,NORMA-4711,261
24,NORMA-19292,262
24,NORMA-7011,263
24,NORMA-20474,264
24,NORMA-6819,265
24,NORMA-11476,266
24,NORMA-20503,267
24,NORMA-4075,268
24,NORMA-7525,269
24,NORMA-20278,270
24,NORMA-12232,271
24,NORMA-6820,272
24,NORMA-3181,273
24,NORMA-19221,274
24,NORMA-19933,275
24,NORMA-18266,276
24,NORMA-3642,277
24,NORMA-11779,278
24,NORMA-11472,279
24,NORMA-19081,280
24,NORMA-11723,281
24,NORMA-6970,282
24,NORMA-20989,283
24,NORMA-332,284
24,NORMA-20796,285
24,NORMA-4079,286
24,NORMA-6758,287
24,NORMA-20316,288
24,NORMA-7241,289
24,NORMA-5072,290
24,NORMA-18682,291
24,NORMA-20164,292
24,NORMA-4275,293
24,NORMA-1994,294
24,NORMA-21211,295
24,NORMA-12006,296
24,NORMA-21783,297
24,NORMA-5536,298
24,NORMA-1547,299
24,NORMA-21659,300
24,NORMA-19981,301
24,NORMA-27761,302
24,NORMA-11632,303
24,NORMA-1252,304
24,NORMA-19337,305
24,NORMA-18654,306
24,NORMA-1183,307
24,NORMA-20934,308
24,NORMA-1207,309
24,NORMA-20874,310
24,NORMA-2020,311
24,NORMA-21189,312
24,NORMA-5062,313
24,NORMA-4826,314
24,NORMA-11417,315
24,NORMA-20407,316
24,NORMA-20870,317
24,NORMA-1026,318
24,NORMA-188,319
24,NORMA-20886,320
24,NORMA-19232,321
24,NORMA-20841,322
24,NORMA-3568,323
24,NORMA-802,324
24,NORMA-4308,325
24,NORMA-20785,326
24,NORMA-4219,327
24,NORMA-21497,328
24,NORMA-5586,329
24,NORMA-20691,330
24,NORMA-4868,331
24,NORMA-21523,332
24,NORMA-4909,333
24,NORMA-20482,334
24,NORMA-9823,335
24,NORMA-2089,336
24,NORMA-59,337
24,NORMA-20928,338
24,NORMA-20774,339
24,NORMA-660,340
24,NORMA-11920,341
24,NORMA-20927,342
24,NORMA-18216,343
24,NORMA-801,344
24,NORMA-2013,345
24,NORMA-20490,346
24,NORMA-2185,347
24,NORMA-4827,348
24,NORMA-21113,349
24,NORMA-21547,350
24,NORMA-20728,351
24,NORMA-3462,352
24,NORMA-18204,353
24,NORMA-462,354
24,NORMA-834,355
24,NORMA-21608,356
24,NORMA-4316,357
24,NORMA-1611,358
24,NORMA-16202,359
24,NORMA-8248,360
24,NORMA-18286,361
24,NORMA-20389,362
24,NORMA-21224,363
24,NORMA-28203,364
24,NORMA-554,365
24,NORMA-21705,366
24,NORMA-3342,367
24,NORMA-5626,368
24,NORMA-4091,369
24,NORMA-1222,370
24,NORMA-3804,371
24,NORMA-5553,372
24,NORMA-5900,373
24,NORMA-21026,374
24,NORMA-3850,375
24,NORMA-13469,376
24,NORMA-20282,377
24,NORMA-20374,378
24,NORMA-20233,379
24,NORMA-5478,380
24,NORMA-1620,381
24,NORMA-21114,382
24,NORMA-14063,383
24,NORMA-6082,384
24,NORMA-18489,385
24,NORMA-18549,386
24,NORMA-15381,387
24,NORMA-12315,388
24,NORMA-21417,389
24,NORMA-18486,390
24,NORMA-18487,391
24,NORMA-12612,392
24,NORMA-3693,393
24,NORMA-21136,394
24,NORMA-18237,395
24,NORMA-20990,396
24,NORMA-21776,397
24,NORMA-21144,398
24,NORMA-18503,399
24,NORMA-20945,400
24,NORMA-15377,401
24,NORMA-14470,402
24,NORMA-27305,403
24,NORMA-21461,404
24,NORMA-19582,405
24,NORMA-11605,406
24,NORMA-20910,407
24,NORMA-11687,408
24,NORMA-10375,409
24,NORMA-20754,410
24,NORMA-20382,411
24,NORMA-1650,412
24,NORMA-3823,413
24,NORMA-21031,414
24,NORMA-4393,415
24,NORMA-11144,416
24,NORMA-19871,417
24,NORMA-1421,418
24,NORMA-21402,419
24,NORMA-2113,420
24,NORMA-5008,421
24,NORMA-5028,422
24,NORMA-20755,423
24,NORMA-4746,424
24,NORMA-17201,425
24,NORMA-15097,426
24,NORMA-1155,427
24,NORMA-20488,428
24,NORMA-12543,429
24,NORMA-19598,430
24,NORMA-14203,431
24,NORMA-12545,432
24,NORMA-15010,433
24,NORMA-15292,434
24,NORMA-14034,435
24,NORMA-13731,436
24,NORMA-12290,437
24,NORMA-10629,438
24,NORMA-15075,439
24,NORMA-12830,440
24,NORMA-13601,441
24,NORMA-15335,442
24,NORMA-13737,443
24,NORMA-6075,444
24,NORMA-14537,445
24,NORMA-13343,446
24,NORMA-12844,447
24,NORMA-11911,448
24,NORMA-12391,449
24,NORMA-14799,450
24,NORMA-12519,451
24,NORMA-21143,452
24,NORMA-23804,453
24,NORMA-23025,454
24,NORMA-17242,455
24,NORMA-17042,456
24,NORMA-13249,457
24,NORMA-12077,458
24,NORMA-15306,459
24,NORMA-13451,460
24,NORMA-11824,461
24,NORMA-6830,462
24,NORMA-24021,463
24,NORMA-15008,464
24,NORMA-19090,465
24,NORMA-21125,466
24,NORMA-571,467
24,NORMA-5956,468
24,NORMA-14064,469
24,NORMA-17902,470
24,NORMA-13899,471
24,NORMA-12821,472
24,NORMA-14246,473
24,NORMA-12660,474
24,NORMA-14083,475
24,NORMA-14605,476
24,NORMA-15045,477
24,NORMA-20157,478
24,NORMA-23682,479
24,NORMA-19611,480
24,NORMA-13121,481
24,NORMA-13956,482
24,NORMA-15101,483
24,NORMA-12301,484
24,NORMA-18444,485
24,NORMA-14542,486
24,NORMA-29682,487
24,NORMA-24142,488
24,NORMA-23803,489
24,NORMA-16201,490
24,NORMA-13028,491
24,NORMA-13118,492
24,NORMA-14021,493
24,NORMA-11907,494
24,NORMA-14365,495
24,NORMA-14500,496
24,NORMA-14391,497
24,NORMA-20398,498
24,NORMA-3991,499
24,NORMA-26021,500
24,NORMA-16744,501
24,NORMA-13089,502
24,NORMA-13243,503
24,NORMA-11914,504
24,NORMA-4717,505
24,NORMA-14745,506
24,NORMA-15042,507
24,NORMA-14893,508
24,NORMA-12627,509
24,NORMA-14697,510
24,NORMA-292,511
24,NORMA-8743,512
24,NORMA-18082,513
24,NORMA-14736,514
24,NORMA-14820,515
24,NORMA-12377,516
24,NORMA-6601,517
24,NORMA-13712,518
24,NORMA-6814,519
24,NORMA-14937,520
24,NORMA-28465,521
24,NORMA-26725,522
24,NORMA-16962,523
24,NORMA-15129,524
24,NORMA-6768,525
24,NORMA-14018,526
24,NORMA-13156,527
24,NORMA-18771,528
24,NORMA-3618,529
24,NORMA-18910,530
24,NORMA-1475,531
24,NORMA-18807,532
24,NORMA-13206,533
24,NORMA-15076,534
24,NORMA-23161,535
24,NORMA-14852,536
24,NORMA-4290,537
24,NORMA-4253,538
24,NORMA-14751,539
24,NORMA-19220,540
24,NORMA-20349,541
24,NORMA-12061,542
24,NORMA-12498,543
24,NORMA-14110,544
24,NORMA-14173,545
24,NORMA-13158,546
24,NORMA-2623,547
24,NORMA-12478,548
24,NORMA-13084,549
24,NORMA-6044,550
24,NORMA-15250,551
24,NORMA-6021,552
24,NORMA-23963,553
24,NORMA-16222,554
24,NORMA-16221,555
24,NORMA-14897,556
24,NORMA-12838,557
24,NORMA-6180,558
24,NORMA-5165,559
24,NORMA-1274,560
24,NORMA-22522,561
24,NORMA-17241,562
24,NORMA-15002,563
24,NORMA-6558,564
24,NORMA-5431,565
24,NORMA-14232,566
24,NORMA-13917,567
24,NORMA-19181,568
24,NORMA-2455,569
24,NORMA-14540,570
24,NORMA-21792,571
24,NORMA-8677,572
24,NORMA-24261,573
24,NORMA-12382,574
24,NORMA-13112,575
24,NORMA-5001,576
24,NORMA-5761,577
24,NORMA-27225,578
24,NORMA-14421,579
24,NORMA-13768,580
24,NORMA-14888,581
24,NORMA-4443,582
24,NORMA-18796,583
24,NORMA-13872,584
24,NORMA-27881,585
24,NORMA-5988,586
24,NORMA-19170,587
24,NORMA-6592,588
24,NORMA-22381,589
24,NORMA-3621,590
24,NORMA-18393,591
24,NORMA-8177,592
24,NORMA-28881,593
24,NORMA-16963,594
24,NORMA-13341,595
24,NORMA-12051,596
24,NORMA-19883,597
24,NORMA-18709,598
24,NORMA-5945,599
24,NORMA-18769,600
24,NORMA-8699,601
24,NORMA-5352,602
24,NORMA-5840,603
24,NORMA-4997,604
24,NORMA-5896,605
24,NORMA-11879,606
24,NORMA-18450,607
24,NORMA-6831,608
24,NORMA-21902,609
24,NORMA-18438,610
24,NORMA-5438,611
24,NORMA-12910,612
24,NORMA-14686,613
24,NORMA-12538,614
24,NORMA-13217,615
24,NORMA-13971,616
24,NORMA-13707,617
24,NORMA-6046,618
24,NORMA-2376,619
24,NORMA-13402,620
24,NORMA-13220,621
24,NORMA-15207,622
24,NORMA-12701,623
24,NORMA-29061,624
24,NORMA-12414,625
24,NORMA-9520,626
24,NORMA-10123,627
24,NORMA-15085,628
24,NORMA-22043,629
24,NORMA-14175,630
24,NORMA-18496,631
24,NORMA-28362,632
24,NORMA-21760,633
24,NORMA-1863,634
24,NORMA-20402,635
24,NORMA-10865,636
24,NORMA-4297,637
24,NORMA-9358,638
24,NORMA-20705,639
24,NORMA-13385,640
24,NORMA-12974,641
24,NORMA-9389,642
24,NORMA-18501,643
24,NORMA-6801,644
24,NORMA-26841,645
24,NORMA-4272,646
24,NORMA-15868,647
24,NORMA-5378,648
24,NORMA-4820,649
24,NORMA-18465,650
24,NORMA-19021,651
24,NORMA-4898,652
24,NORMA-17003,653
24,NORMA-13592,654
24,NORMA-20970,655
24,NORMA-558,656
24,NORMA-5060,657
24,NORMA-2415,658
24,NORMA-28641,659
24,NORMA-8013,660
24,NORMA-2470,661
24,NORMA-976,662
24,NORMA-7741,663
24,NORMA-19977,664
24,NORMA-18933,665
24,NORMA-8074,666
24,NORMA-20633,667
24,NORMA-12562,668
24,NORMA-1422,669
24,NORMA-2691,670
24,NORMA-2523,671
24,NORMA-29681,672
24,NORMA-1147,673
24,NORMA-4929,674
24,NORMA-19383,675
24,NORMA-20850,676
24,NORMA-4550,677
24,NORMA-5812,678
24,NORMA-2537,679
24,NORMA-2551,680
24,NORMA-8824,681
24,NORMA-4397,682
24,NORMA-13265,683
24,NORMA-19923,684
24,NORMA-12630,685
24,NORMA-28981,686
24,NORMA-27261,687
24,NORMA-19625,688
24,NORMA-4133,689
24,NORMA-19057,690
24,NORMA-2444,691
24,NORMA-29201,692
24,NORMA-2367,693
24,NORMA-28942,694
24,NORMA-14951,695
24,NORMA-20800,696
24,NORMA-5968,697
24,NORMA-20344,698
24,NORMA-777,699
24,NORMA-18819,700
24,NORMA-20204,701
24,NORMA-1163,702
24,NORMA-1407,703
24,NORMA-28142,704
24,NORMA-12067,705
24,NORMA-15426,706
24,NORMA-18287,707
24,NORMA-1332,708
24,NORMA-4688,709
24,NORMA-1179,710
24,NORMA-21025,711
24,NORMA-20726,712
24,NORMA-1442,713
24,NORMA-15701,714
24,NORMA-27926,715
24,NORMA-5853,716
24,NORMA-15541,717
24,NORMA-25523,718
24,NORMA-20677,719
24,NORMA-7556,720
24,NORMA-6242,721
24,NORMA-19233,722
24,NORMA-3594,723
24,NORMA-28961,724
24,NORMA-27925,725
24,NORMA-5417,726
24,NORMA-19184,727
24,NORMA-11614,728
24,NORMA-21280,729
24,NORMA-27941,730
24,NORMA-61,731
24,NORMA-18298,732
24,NORMA-7390,733
24,NORMA-11607,734
24,NORMA-1306,735
24,NORMA-21158,736
24,NORMA-13138,737
24,NORMA-19803,738
24,NORMA-5852,739
24,NORMA-358,740
24,NORMA-833,741
24,NORMA-996,742
24,NORMA-1420,743
24,NORMA-1129,744
24,NORMA-21712,745
24,NORMA-1346,746
24,NORMA-21606,747
24,NORMA-13026,748
24,NORMA-13925,749
24,NORMA-13327,750
24,NORMA-5862,751
24,NORMA-7001,752
24,NORMA-328,753
24,NORMA-13873,754
24,NORMA-798,755
24,NORMA-28101,756
24,NORMA-12951,757
24,NORMA-13936,758
24,NORMA-13328,759
24,NORMA-5296,760
24,NORMA-5479,761
24,NORMA-27924,762
24,NORMA-3852,763
24,NORMA-21328,764
24,NORMA-7744,765
24,NORMA-1280,766
24,NORMA-1151,767
24,NORMA-20291,768
24,NORMA-14755,769
24,NORMA-357,770
24,NORMA-4600,771
24,NORMA-4553,772
24,NORMA-6040,773
24,NORMA-875,774
24,NORMA-1098,775
24,NORMA-515,776
24,NORMA-13720,777
24,NORMA-20029,778
24,NORMA-1452,779
24,NORMA-1408,780
24,NORMA-4598,781
24,NORMA-20130,782
24,NORMA-17281,783
24,NORMA-4204,784
24,NORMA-5756,785
24,NORMA-1342,786
24,NORMA-5007,787
24,NORMA-751,788
24,NORMA-4225,789
24,NORMA-2421,790
24,NORMA-27585,791
24,NORMA-11716,792
24,NORMA-20480,793
24,NORMA-19824,794
24,NORMA-20678,795
24,NORMA-20445,796
24,NORMA-20599,797
24,NORMA-11742,798
24,NORMA-5831,799
24,NORMA-680,800
24,NORMA-22001,801
24,NORMA-1334,802
24,NORMA-782,803
24,NORMA-19618,804
24,NORMA-7149,805
24,NORMA-4778,806
24,NORMA-4914,807
24,NORMA-3609,808
24,NORMA-6247,809
24,NORMA-6015,810
24,NORMA-3779,811
24,NORMA-21246,812
24,NORMA-3673,813
24,NORMA-8090,814
24,NORMA-3579,815
24,NORMA-1776,816
24,NORMA-20224,817
24,NORMA-7098,818
24,NORMA-15264,819
24,NORMA-18502,820
24,NORMA-11576,821
24,NORMA-1567,822
24,NORMA-18406,823
24,NORMA-19617,824
24,NORMA-8570,825
24,NORMA-984,826
24,NORMA-14509,827
24,NORMA-14895,828
24,NORMA-15561,829
24,NORMA-21664,830
24,NORMA-20465,831
24,NORMA-11571,832
24,NORMA-7842,833
24,NORMA-5367,834
24,NORMA-20289,835
24,NORMA-18213,836
24,NORMA-20595,837
24,NORMA-1144,838
24,NORMA-8825,839
24,NORMA-1388,840
24,NORMA-6470,841
24,NORMA-3879,842
24,NORMA-230,843
24,NORMA-8522,844
24,NORMA-2180,845
24,NORMA-1788,846
24,NORMA-6509,847
24,NORMA-23341,848
24,NORMA-16401,849
24,NORMA-5099,850
24,NORMA-3666,851
24,NORMA-18382,852
24,NORMA-23562,853
24,NORMA-2456,854
24,NORMA-20366,855
24,NORMA-1286,856
24,NORMA-8680,857
24,NORMA-15390,858
24,NORMA-9973,859
24,NORMA-5997,860
24,NORMA-7211,861
24,NORMA-16268,862
24,NORMA-736,863
24,NORMA-5617,864
24,NORMA-20440,865
24,NORMA-11528,866
24,NORMA-20501,867
24,NORMA-21286,868
24,NORMA-8399,869
24,NORMA-1390,870
24,NORMA-12601,871
24,NORMA-14003,872
24,NORMA-20053,873
24,NORMA-24,874
24,NORMA-4674,875
24,NORMA-21260,876
24,NORMA-7651,877
24,NORMA-20948,878
24,NORMA-11556,879
24,NORMA-19194,880
24,NORMA-17702,881
24,NORMA-14854,882
24,NORMA-20577,883
24,NORMA-18638,884
24,NORMA-15263,885
24,NORMA-3619,886
24,NORMA-4713,887
24,NORMA-3953,888
24,NORMA-21766,889
24,NORMA-20460,890
24,NORMA-8239,891
24,NORMA-2694,892
24,NORMA-1840,893
24,NORMA-766,894
24,NORMA-13247,895
24,NORMA-21024,896
24,NORMA-2056,897
24,NORMA-4818,898
24,NORMA-18690,899
24,NORMA-8004,900
24,NORMA-8176,901
24,NORMA-15882,902
24,NORMA-5843,903
24,NORMA-29186,904
24,NORMA-26861,905
24,NORMA-24241,906
24,NORMA-21744,907
24,NORMA-20846,908
24,NORMA-4886,909
24,NORMA-20782,910
24,NORMA-20971,911
24,NORMA-783,912
24,NORMA-20477,913
24,NORMA-15211,914
24,NORMA-25903,915
24,NORMA-12646,916
24,NORMA-14066,917
24,NORMA-4762,918
24,NORMA-18388,919
24,NORMA-1188,920
24,NORMA-18554,921
24,NORMA-8836,922
24,NORMA-6975,923
24,NORMA-4668,924
24,NORMA-20566,925
24,NORMA-3989,926
24,NORMA-567,927
24,NORMA-1558,928
24,NORMA-7550,929
24,NORMA-18950,930
24,NORMA-20594,931
24,NORMA-5458,932
24,NORMA-5715,933
24,NORMA-21198,934
24,NORMA-19953,935
24,NORMA-4379,936
24,NORMA-21302,937
24,NORMA-15192,938
24,NORMA-1655,939
24,NORMA-19305,940
24,NORMA-5356,941
24,NORMA-11767,942
24,NORMA-3796,943
24,NORMA-4830,944
24,NORMA-13802,945
24,NORMA-10326,946
24,NORMA-5807,947
24,NORMA-19893,948
24,NORMA-18931,949
24,NORMA-18823,950
24,NORMA-13552,951
24,NORMA-1545,952
24,NORMA-7723,953
24,NORMA-818,954
24,NORMA-6890,955
24,NORMA-7831,956
24,NORMA-2447,957
24,NORMA-3812,958
24,NORMA-13078,959
24,NORMA-14012,960
24,NORMA-7779,961
24,NORMA-5516,962
24,NORMA-6023,963
24,NORMA-3716,964
24,NORMA-4250,965
24,NORMA-21484,966
24,NORMA-13483,967
24,NORMA-23027,968
24,NORMA-12668,969
24,NORMA-12140,970
24,NORMA-11385,971
24,NORMA-6895,972
24,NORMA-2573,973
24,NORMA-5695,974
24,NORMA-27063,975
24,NORMA-21200,976
24,NORMA-21081,977
24,NORMA-19949,978
24,NORMA-14279,979
24,NORMA-5969,980
24,NORMA-28021,981
24,NORMA-6014,982
24,NORMA-9672,983
24,NORMA-3839,984
24,NORMA-5684,985
24,NORMA-4279,986
24,NORMA-8600,987
24,NORMA-5154,988
24,NORMA-4482,989
24,NORMA-4325,990
24,NORMA-18335,991
24,NORMA-3915,992
24,NORMA-6645,993
24,NORMA-4733,994
24,NORMA-13035,995
24,NORMA-20906,996
24,NORMA-27564,997
24,NORMA-12977,998
24,NORMA-14795,999
24,NORMA-14302,1000
25,NORMA-18233,1
25,NORMA-12657,2
25,NORMA-7110,3
25,NORMA-21506,4
25,NORMA-21398,5
25,NORMA-20995,6
25,NORMA-18446,7
25,NORMA-18541,8
25,NORMA-19380,9
25,NORMA-21052,10
25,NORMA-18796,11
25,NORMA-19096,12
25,NORMA-21626,13
25,NORMA-21550,14
25,NORMA-20941,15
25,NORMA-18762,16
25,NORMA-21419,17
25,NORMA-21739,18
25,NORMA-818,19
25,NORMA-19212,20
25,NORMA-21113,21
25,NORMA-21705,22
25,NORMA-11739,23
25,NORMA-21367,24
25,NORMA-20425,25
25,NORMA-21461,26
25,NORMA-18492,27
25,NORMA-11571,28
25,NORMA-21023,29
25,NORMA-19715,30
25,NORMA-20451,31
25,NORMA-8028,32
25,NORMA-19431,33
25,NORMA-21228,34
25,NORMA-19152,35
25,NORMA-19378,36
25,NORMA-11615,37
25,NORMA-18219,38
25,NORMA-984,39
25,NORMA-6948,40
25,NORMA-18364,41
25,NORMA-20435,42
25,NORMA-20021,43
25,NORMA-704,44
25,NORMA-20428,45
25,NORMA-3201,46
25,NORMA-21496,47
25,NORMA-12102,48
25,NORMA-75,49
25,NORMA-18411,50
25,NORMA-18818,51
25,NORMA-19568,52
25,NORMA-28181,53
25,NORMA-3381,54
25,NORMA-21752,55
25,NORMA-21147,56
25,NORMA-61,57
25,NORMA-18958,58
25,NORMA-1674,59
25,NORMA-20861,60
25,NORMA-20917,61
25,NORMA-20316,62
25,NORMA-20531,63
25,NORMA-21310,64
25,NORMA-21231,65
25,NORMA-19387,66
25,NORMA-21308,67
25,NORMA-20853,68
25,NORMA-15882,69
25,NORMA-6880,70
25,NORMA-19724,71
25,NORMA-19597,72
25,NORMA-12020,73
25,NORMA-21524,74
25,NORMA-21260,75
25,NORMA-3382,76
25,NORMA-20786,77
25,NORMA-28362,78
25,NORMA-1171,79
25,NORMA-18479,80
25,NORMA-21239,81
25,NORMA-20271,82
25,NORMA-385,83
25,NORMA-1740,84
25,NORMA-18863,85
25,NORMA-3281,86
25,NORMA-12089,87
25,NORMA-18439,88
25,NORMA-28961,89
25,NORMA-20369,90
25,NORMA-21437,91
25,NORMA-18208,92
25,NORMA-12160,93
25,NORMA-15701,94
25,NORMA-3181,95
25,NORMA-19953,96
25,NORMA-21114,97
25,NORMA-21012,98
25,NORMA-20029,99
25,NORMA-1776,100
25,NORMA-20376,101
25,NORMA-19095,102
25,NORMA-21756,103
25,NORMA-11864,104
25,NORMA-18306,105
25,NORMA-11588,106
25,NORMA-1151,107
25,NORMA-21537,108
25,NORMA-18806,109
25,NORMA-19249,110
25,NORMA-1098,111
25,NORMA-20611,112
25,NORMA-6758,113
25,NORMA-21783,114
25,NORMA-18325,115
25,NORMA-20503,116
25,NORMA-18984,117
25,NORMA-20474,118
25,NORMA-417,119
25,NORMA-18222,120
25,NORMA-6636,121
25,NORMA-3241,122
25,NORMA-25902,123
25,NORMA-21541,124
25,NORMA-21792,125
25,NORMA-21267,126
25,NORMA-20426,127
25,NORMA-21126,128
25,NORMA-20902,129
25,NORMA-21343,130
25,NORMA-21046,131
25,NORMA-21523,132
25,NORMA-19473,133
25,NORMA-21224,134
25,NORMA-20258,135
25,NORMA-19981,136
25,NORMA-18502,137
25,NORMA-996,138
25,NORMA-7025,139
25,NORMA-18276,140
25,NORMA-11999,141
25,NORMA-20914,142
25,NORMA-18225,143
25,NORMA-12002,144
25,NORMA-11766,145
25,NORMA-20488,146
25,NORMA-12049,147
25,NORMA-21515,148
25,NORMA-17321,149
25,NORMA-11516,150
25,NORMA-6757,151
25,NORMA-12113,152
25,NORMA-11798,153
25,NORMA-11474,154
25,NORMA-18816,155
25,NORMA-20473,156
25,NORMA-416,157
25,NORMA-18980,158
25,NORMA-1619,159
25,NORMA-11527,160
25,NORMA-1567,161
25,NORMA-20007,162
25,NORMA-19968,163
25,NORMA-13954,164
25,NORMA-10629,165
25,NORMA-18933,166
25,NORMA-19977,167
25,NORMA-21431,168
25,NORMA-20182,169
25,NORMA-12048,170
25,NORMA-11722,171
25,NORMA-18432,172
25,NORMA-21135,173
25,NORMA-972,174
25,NORMA-21539,175
25,NORMA-20621,176
25,NORMA-18434,177
25,NORMA-20522,178
25,NORMA-20359,179
25,NORMA-20422,180
25,NORMA-20188,181
25,NORMA-18838,182
25,NORMA-6627,183
25,NORMA-21249,184
25,NORMA-20402,185
25,NORMA-21211,186
25,NORMA-18444,187
25,NORMA-1421,188
25,NORMA-15561,189
25,NORMA-18298,190
25,NORMA-21199,191
25,NORMA-18436,192
25,NORMA-11567,193
25,NORMA-21218,194
25,NORMA-18772,195
25,NORMA-18780,196
25,NORMA-9823,197
25,NORMA-24582,198
25,NORMA-26102,199
25,NORMA-18249,200
25,NORMA-18815,201
25,NORMA-21521,202
25,NORMA-18224,203
25,NORMA-2032,204
25,NORMA-15521,205
25,NORMA-7027,206
25,NORMA-18339,207
25,NORMA-1994,208
25,NORMA-20398,209
25,NORMA-20192,210
25,NORMA-20037,211
25,NORMA-20185,212
25,NORMA-21776,213
25,NORMA-11780,214
25,NORMA-11790,215
25,NORMA-18802,216
25,NORMA-10375,217
25,NORMA-20557,218
25,NORMA-19471,219
25,NORMA-20349,220
25,NORMA-19092,221
25,NORMA-21256,222
25,NORMA-20002,223
25,NORMA-2184,224
25,NORMA-20505,225
25,NORMA-19281,226
25,NORMA-19174,227
25,NORMA-10200,228
25,NORMA-5536,229
25,NORMA-18430,230
25,NORMA-18359,231
25,NORMA-6957,232
25,NORMA-20840,233
25,NORMA-18858,234
25,NORMA-19232,235
25,NORMA-20447,236
25,NORMA-15881,237
25,NORMA-20465,238
25,NORMA-20460,239
25,NORMA-21507,240
25,NORMA-20137,241
25,NORMA-18237,242
25,NORMA-2158,243
25,NORMA-8458,244
25,NORMA-20389,245
25,NORMA-21157,246
25,NORMA-20253,247
25,NORMA-7953,248
25,NORMA-28422,249
25,NORMA-19181,250
25,NORMA-20186,251
25,NORMA-22941,252
25,NORMA-18412,253
25,NORMA-2444,254
25,NORMA-20102,255
25,NORMA-21238,256
25,NORMA-18798,257
25,NORMA-20999,258
25,NORMA-19275,259
25,NORMA-21300,260
25,NORMA-19787,261
25,NORMA-18669,262
25,NORMA-7149,263
25,NORMA-20989,264
25,NORMA-6820,265
25,NORMA-20616,266
25,NORMA-1341,267
25,NORMA-18981,268
25,NORMA-358,269
25,NORMA-19966,270
25,NORMA-17201,271
25,NORMA-20918,272
25,NORMA-1534,273
25,NORMA-19941,274
25,NORMA-20443,275
25,NORMA-3638,276
25,NORMA-21107,277
25,NORMA-1175,278
25,NORMA-20407,279
25,NORMA-4818,280
25,NORMA-1222,281
25,NORMA-20796,282
25,NORMA-20873,283
25,NORMA-20753,284
25,NORMA-2551,285
25,NORMA-1442,286
25,NORMA-21664,287
25,NORMA-7651,288
25,NORMA-26201,289
25,NORMA-20865,290
25,NORMA-19883,291
25,NORMA-18301,292
25,NORMA-21533,293
25,NORMA-6819,294
25,NORMA-21086,295
25,NORMA-20195,296
25,NORMA-6970,297
25,NORMA-9792,298
25,NORMA-1144,299
25,NORMA-18706,300
25,NORMA-19081,301
25,NORMA-21071,302
25,NORMA-18955,303
25,NORMA-20633,304
25,NORMA-31923,305
25,NORMA-20944,306
25,NORMA-19617,307
25,NORMA-21020,308
25,NORMA-18654,309
25,NORMA-18825,310
25,NORMA-18967,311
25,NORMA-18406,312
25,NORMA-6509,313
25,NORMA-2517,314
25,NORMA-7011,315
25,NORMA-729,316
25,NORMA-18549,317
25,NORMA-6856,318
25,NORMA-20197,319
25,NORMA-12886,320
25,NORMA-20580,321
25,NORMA-18378,322
25,NORMA-11472,323
25,NORMA-21152,324
25,NORMA-1420,325
25,NORMA-1129,326
25,NORMA-15004,327
25,NORMA-1346,328
25,NORMA-26124,329
25,NORMA-21028,330
25,NORMA-20945,331
25,NORMA-19980,332
25,NORMA-14898,333
25,NORMA-6082,334
25,NORMA-1471,335
25,NORMA-357,336
25,NORMA-21069,337
25,NORMA-20448,338
25,NORMA-567,339
25,NORMA-21058,340
25,NORMA-31904,341
25,NORMA-19659,342
25,NORMA-18819,343
25,NORMA-19384,344
25,NORMA-834,345
25,NORMA-11627,346
25,NORMA-1516,347
25,NORMA-19609,348
25,NORMA-15581,349
25,NORMA-20053,350
25,NORMA-19520,351
25,NORMA-19651,352
25,NORMA-24561,353
25,NORMA-20452,354
25,NORMA-19634,355
25,NORMA-19292,356
25,NORMA-4219,357
25,NORMA-20869,358
25,NORMA-18385,359
25,NORMA-21631,360
25,NORMA-19871,361
25,NORMA-20027,362
25,NORMA-18395,363
25,NORMA-423,364
25,NORMA-6316,365
25,NORMA-2089,366
25,NORMA-21253,367
25,NORMA-20925,368
25,NORMA-6181,369
25,NORMA-483,370
25,NORMA-766,371
25,NORMA-20562,372
25,NORMA-14788,373
25,NORMA-20985,374
25,NORMA-11524,375
25,NORMA-18527,376
25,NORMA-20265,377
25,NORMA-19021,378
25,NORMA-28281,379
25,NORMA-8522,380
25,NORMA-21553,381
25,NORMA-18844,382
25,NORMA-21712,383
25,NORMA-12165,384
25,NORMA-1463,385
25,NORMA-21484,386
25,NORMA-15239,387
25,NORMA-12228,388
25,NORMA-1620,389
25,NORMA-20382,390
25,NORMA-11574,391
25,NORMA-21490,392
25,NORMA-974,393
25,NORMA-11476,394
25,NORMA-555,395
25,NORMA-6630,396
25,NORMA-7525,397
25,NORMA-783,398
25,NORMA-124,399
25,NORMA-18724,400
25,NORMA-20480,401
25,NORMA-11868,402
25,NORMA-21391,403
25,NORMA-21417,404
25,NORMA-26003,405
25,NORMA-18859,406
25,NORMA-19574,407
25,NORMA-19603,408
25,NORMA-27761,409
25,NORMA-20477,410
25,NORMA-20440,411
25,NORMA-6084,412
25,NORMA-21121,413
25,NORMA-12035,414
25,NORMA-2421,415
25,NORMA-19959,416
25,NORMA-18451,417
25,NORMA-13801,418
25,NORMA-12024,419
25,NORMA-8027,420
25,NORMA-12032,421
25,NORMA-21718,422
25,NORMA-12015,423
25,NORMA-21217,424
25,NORMA-20277,425
25,NORMA-19845,426
25,NORMA-6967,427
25,NORMA-19205,428
25,NORMA-11512,429
25,NORMA-332,430
25,NORMA-19209,431
25,NORMA-19829,432
25,NORMA-20366,433
25,NORMA-462,434
25,NORMA-5421,435
25,NORMA-11761,436
25,NORMA-19798,437
25,NORMA-20303,438
25,NORMA-21036,439
25,NORMA-12664,440
25,NORMA-1173,441
25,NORMA-18804,442
25,NORMA-680,443
25,NORMA-11000,444
25,NORMA-20726,445
25,NORMA-20429,446
25,NORMA-2415,447
25,NORMA-21115,448
25,NORMA-3642,449
25,NORMA-28203,450
25,NORMA-11576,451
25,NORMA-19842,452
25,NORMA-20374,453
25,NORMA-20209,454
25,NORMA-21508,455
25,NORMA-2171,456
25,NORMA-10994,457
25,NORMA-228,458
25,NORMA-21540,459
25,NORMA-1407,460
25,NORMA-19923,461
25,NORMA-19876,462
25,NORMA-6641,463
25,NORMA-21137,464
25,NORMA-21127,465
25,NORMA-19650,466
25,NORMA-19513,467
25,NORMA-18807,468
25,NORMA-6199,469
25,NORMA-19051,470
25,NORMA-20799,471
25,NORMA-6645,472
25,NORMA-1179,473
25,NORMA-20501,474
25,NORMA-18931,475
25,NORMA-20723,476
25,NORMA-12236,477
25,NORMA-11814,478
25,NORMA-20482,479
25,NORMA-18356,480
25,NORMA-19800,481
25,NORMA-7241,482
25,NORMA-18797,483
25,NORMA-21706,484
25,NORMA-18788,485
25,NORMA-21206,486
25,NORMA-21744,487
25,NORMA-21139,488
25,NORMA-18214,489
25,NORMA-19379,490
25,NORMA-20445,491
25,NORMA-19891,492
25,NORMA-19474,493
25,NORMA-20189,494
25,NORMA-18823,495
25,NORMA-11470,496
25,NORMA-11756,497
25,NORMA-11631,498
25,NORMA-18583,499
25,NORMA-1217,500
25,NORMA-20030,501
25,NORMA-9834,502
25,NORMA-19983,503
25,NORMA-7384,504
25,NORMA-28001,505
25,NORMA-21429,506
25,NORMA-18529,507
25,NORMA-20433,508
25,NORMA-18292,509
25,NORMA-21404,510
25,NORMA-21695,511
25,NORMA-20760,512
25,NORMA-19722,513
25,NORMA-18333,514
25,NORMA-18709,515
25,NORMA-2981,516
25,NORMA-21252,517
25,NORMA-4075,518
25,NORMA-249,519
25,NORMA-13106,520
25,NORMA-20569,521
25,NORMA-20171,522
25,NORMA-18537,523
25,NORMA-11528,524
25,NORMA-19805,525
25,NORMA-20525,526
25,NORMA-12954,527
25,NORMA-20994,528
25,NORMA-19818,529
25,NORMA-20091,530
25,NORMA-24583,531
25,NORMA-19546,532
25,NORMA-19675,533
25,NORMA-27342,534
25,NORMA-21586,535
25,NORMA-5751,536
25,NORMA-21650,537
25,NORMA-328,538
25,NORMA-21305,539
25,NORMA-14459,540
25,NORMA-838,541
25,NORMA-21545,542
25,NORMA-30043,543
25,NORMA-19631,544
25,NORMA-21173,545
25,NORMA-18986,546
25,NORMA-1295,547
25,NORMA-21247,548
25,NORMA-19468,549
25,NORMA-19119,550
25,NORMA-76,551
25,NORMA-20536,552
25,NORMA-19682,553
25,NORMA-21394,554
25,NORMA-21699,555
25,NORMA-20183,556
25,NORMA-21668,557
25,NORMA-7012,558
25,NORMA-19895,559
25,NORMA-19949,560
25,NORMA-20508,561
25,NORMA-875,562
25,NORMA-11655,563
25,NORMA-19803,564
25,NORMA-18616,565
25,NORMA-19417,566
25,NORMA-6185,567
25,NORMA-10119,568
25,NORMA-19866,569
25,NORMA-14239,570
25,NORMA-1408,571
25,NORMA-19221,572
25,NORMA-18205,573
25,NORMA-18303,574
25,NORMA-11767,575
25,NORMA-11263,576
25,NORMA-12872,577
25,NORMA-11417,578
25,NORMA-18868,579
25,NORMA-19358,580
25,NORMA-21085,581
25,NORMA-21547,582
25,NORMA-19056,583
25,NORMA-24001,584
25,NORMA-9979,585
25,NORMA-20490,586
25,NORMA-4275,587
25,NORMA-21215,588
25,NORMA-18994,589
25,NORMA-21029,590
25,NORMA-6698,591
25,NORMA-6621,592
25,NORMA-20119,593
25,NORMA-18548,594
25,NORMA-20948,595
25,NORMA-21192,596
25,NORMA-21647,597
25,NORMA-27101,598
25,NORMA-12029,599
25,NORMA-20408,600
25,NORMA-20204,601
25,NORMA-16202,602
25,NORMA-12060,603
25,NORMA-19723,604
25,NORMA-24661,605
25,NORMA-20677,606
25,NORMA-2395,607
25,NORMA-13160,608
25,NORMA-18295,609
25,NORMA-9382,610
25,NORMA-21568,611
25,NORMA-20483,612
25,NORMA-20217,613
25,NORMA-20916,614
25,NORMA-4710,615
25,NORMA-2269,616
25,NORMA-18635,617
25,NORMA-18740,618
25,NORMA-20870,619
25,NORMA-12631,620
25,NORMA-21790,621
25,NORMA-19582,622
25,NORMA-13469,623
25,NORMA-11806,624
25,NORMA-11562,625
25,NORMA-11751,626
25,NORMA-18625,627
25,NORMA-11771,628
25,NORMA-12005,629
25,NORMA-24601,630
25,NORMA-21226,631
25,NORMA-970,632
25,NORMA-20487,633
25,NORMA-19632,634
25,NORMA-6083,635
25,NORMA-21462,636
25,NORMA-19406,637
25,NORMA-21164,638
25,NORMA-19192,639
25,NORMA-15237,640
25,NORMA-18414,641
25,NORMA-4423,642
25,NORMA-317,643
25,NORMA-20836,644
25,NORMA-18394,645
25,NORMA-18388,646
25,NORMA-20453,647
25,NORMA-18286,648
25,NORMA-21661,649
25,NORMA-21356,650
25,NORMA-18690,651
25,NORMA-6623,652
25,NORMA-12039,653
25,NORMA-19919,654
25,NORMA-21017,655
25,NORMA-835,656
25,NORMA-13390,657
25,NORMA-18342,658
25,NORMA-1545,659
25,NORMA-19028,660
25,NORMA-20432,661
25,NORMA-7381,662
25,NORMA-18732,663
25,NORMA-21245,664
25,NORMA-11734,665
25,NORMA-13158,666
25,NORMA-20523,667
25,NORMA-9297,668
25,NORMA-4711,669
25,NORMA-14937,670
25,NORMA-159,671
25,NORMA-20754,672
25,NORMA-3662,673
25,NORMA-18773,674
25,NORMA-21401,675
25,NORMA-19594,676
25,NORMA-18877,677
25,NORMA-21357,678
25,NORMA-18634,679
25,NORMA-6256,680
25,NORMA-19297,681
25,NORMA-7028,682
25,NORMA-22861,683
25,NORMA-12649,684
25,NORMA-13474,685
25,NORMA-13594,686
25,NORMA-20997,687
25,NORMA-19206,688
25,NORMA-21634,689
25,NORMA-18450,690
25,NORMA-21299,691
25,NORMA-10309,692
25,NORMA-6962,693
25,NORMA-21561,694
25,NORMA-20512,695
25,NORMA-21648,696
25,NORMA-12952,697
25,NORMA-20269,698
25,NORMA-20252,699
25,NORMA-20906,700
25,NORMA-13610,701
25,NORMA-20476,702
25,NORMA-18691,703
25,NORMA-1663,704
25,NORMA-21175,705
25,NORMA-6669,706
25,NORMA-20930,707
25,NORMA-20196,708
25,NORMA-18963,709
25,NORMA-21460,710
25,NORMA-18375,711
25,NORMA-13508,712
25,NORMA-20208,713
25,NORMA-14652,714
25,NORMA-18424,715
25,NORMA-21418,716
25,NORMA-20977,717
25,NORMA-4182,718
25,NORMA-11729,719
25,NORMA-10029,720
25,NORMA-20381,721
25,NORMA-13138,722
25,NORMA-18646,723
25,NORMA-20896,724
25,NORMA-20857,725
25,NORMA-19573,726
25,NORMA-20172,727
25,NORMA-1223,728
25,NORMA-28821,729
25,NORMA-20996,730
25,NORMA-11735,731
25,NORMA-18563,732
25,NORMA-21450,733
25,NORMA-12014,734
25,NORMA-12234,735
25,NORMA-21043,736
25,NORMA-20961,737
25,NORMA-12956,738
25,NORMA-6673,739
25,NORMA-20175,740
25,NORMA-20194,741
25,NORMA-12038,742
25,NORMA-18937,743
25,NORMA-20336,744
25,NORMA-21659,745
25,NORMA-13323,746
25,NORMA-20368,747
25,NORMA-20849,748
25,NORMA-12232,749
25,NORMA-9871,750
25,NORMA-18978,751
25,NORMA-10044,752
25,NORMA-82,753
25,NORMA-20437,754
25,NORMA-19969,755
25,NORMA-19565,756
25,NORMA-19515,757
25,NORMA-21784,758
25,NORMA-18603,759
25,NORMA-19730,760
25,NORMA-11646,761
25,NORMA-18536,762
25,NORMA-18750,763
25,NORMA-21184,764
25,NORMA-19957,765
25,NORMA-12910,766
25,NORMA-19371,767
25,NORMA-21236,768
25,NORMA-20800,769
25,NORMA-27022,770
25,NORMA-18239,771
25,NORMA-13990,772
25,NORMA-19383,773
25,NORMA-19967,774
25,NORMA-21309,775
25,NORMA-6245,776
25,NORMA-25523,777
25,NORMA-19736,778
25,NORMA-7280,779
25,NORMA-19629,780
25,NORMA-20191,781
25,NORMA-19233,782
25,NORMA-19220,783
25,NORMA-11316,784
25,NORMA-21025,785
25,NORMA-19170,786
25,NORMA-11496,787
25,NORMA-20526,788
25,NORMA-21766,789
25,NORMA-20682,790
25,NORMA-20096,791
25,NORMA-17221,792
25,NORMA-21159,793
25,NORMA-20199,794
25,NORMA-4586,795
25,NORMA-19290,796
25,NORMA-20584,797
25,NORMA-11455,798
25,NORMA-976,799
25,NORMA-18462,800
25,NORMA-26841,801
25,NORMA-19354,802
25,NORMA-19523,803
25,NORMA-21627,804
25,NORMA-19554,805
25,NORMA-19618,806
25,NORMA-11614,807
25,NORMA-13648,808
25,NORMA-20205,809
25,NORMA-7100,810
25,NORMA-20912,811
25,NORMA-20959,812
25,NORMA-8384,813
25,NORMA-20871,814
25,NORMA-21275,815
25,NORMA-21624,816
25,NORMA-21530,817
25,NORMA-6344,818
25,NORMA-12019,819
25,NORMA-15211,820
25,NORMA-20491,821
25,NORMA-19903,822
25,NORMA-19557,823
25,NORMA-20598,824
25,NORMA-27521,825
25,NORMA-20106,826
25,NORMA-12092,827
25,NORMA-21220,828
25,NORMA-20793,829
25,NORMA-1317,830
25,NORMA-18531,831
25,NORMA-20904,832
25,NORMA-20709,833
25,NORMA-20070,834
25,NORMA-13195,835
25,NORMA-19570,836
25,NORMA-20590,837
25,NORMA-13480,838
25,NORMA-19878,839
25,NORMA-217,840
25,NORMA-19809,841
25,NORMA-19559,842
25,NORMA-19017,843
25,NORMA-20167,844
25,NORMA-20055,845
25,NORMA-18952,846
25,NORMA-21527,847
25,NORMA-12006,848
25,NORMA-2563,849
25,NORMA-21725,850
25,NORMA-11577,851
25,NORMA-4425,852
25,NORMA-21758,853
25,NORMA-23222,854
25,NORMA-21691,855
25,NORMA-11578,856
25,NORMA-21158,857
25,NORMA-11572,858
25,NORMA-6253,859
25,NORMA-13308,860
25,NORMA-12733,861
25,NORMA-18530,862
25,NORMA-6318,863
25,NORMA-20421,864
25,NORMA-1613,865
25,NORMA-772,866
25,NORMA-12415,867
25,NORMA-19799,868
25,NORMA-20184,869
25,NORMA-12923,870
25,NORMA-13124,871
25,NORMA-23027,872
25,NORMA-12067,873
25,NORMA-13746,874
25,NORMA-21103,875
25,NORMA-6752,876
25,NORMA-14828,877
25,NORMA-20293,878
25,NORMA-20103,879
25,NORMA-19644,880
25,NORMA-29005,881
25,NORMA-5586,882
25,NORMA-15542,883
25,NORMA-20223,884
25,NORMA-985,885
25,NORMA-21235,886
25,NORMA-18230,887
25,NORMA-17281,888
25,NORMA-22061,889
25,NORMA-5626,890
25,NORMA-18227,891
25,NORMA-15396,892
25,NORMA-27365,893
25,NORMA-21339,894
25,NORMA-21449,895
25,NORMA-8119,896
25,NORMA-20780,897
25,NORMA-11164,898
25,NORMA-12613,899
25,NORMA-5426,900
25,NORMA-24102,901
25,NORMA-13789,902
25,NORMA-11144,903
25,NORMA-6676,904
25,NORMA-20631,905
25,NORMA-220,906
25,NORMA-3819,907
25,NORMA-20708,908
25,NORMA-19408,909
25,NORMA-14724,910
25,NORMA-21754,911
25,NORMA-20521,912
25,NORMA-21538,913
25,NORMA-10034,914
25,NORMA-19797,915
25,NORMA-4091,916
25,NORMA-22001,917
25,NORMA-23341,918
25,NORMA-6257,919
25,NORMA-11570,920
25,NORMA-1863,921
25,NORMA-10531,922
25,NORMA-21556,923
25,NORMA-14814,924
25,NORMA-21564,925
25,NORMA-20856,926
25,NORMA-14746,927
25,NORMA-21609,928
25,NORMA-20011,929
25,NORMA-21386,930
25,NORMA-2413,931
25,NORMA-9670,932
25,NORMA-9110,933
25,NORMA-18332,934
25,NORMA-27364,935
25,NORMA-11760,936
25,NORMA-21532,937
25,NORMA-1549,938
25,NORMA-1996,939
25,NORMA-20888,940
25,NORMA-7942,941
25,NORMA-21676,942
25,NORMA-4314,943
25,NORMA-12169,944
25,NORMA-6321,945
25,NORMA-19213,946
25,NORMA-6644,947
25,NORMA-18428,948
25,NORMA-21273,949
25,NORMA-19822,950
25,NORMA-18216,951
25,NORMA-20100,952
25,NORMA-11805,953
25,NORMA-20224,954
25,NORMA-18653,955
25,NORMA-20468,956
25,NORMA-21156,957
25,NORMA-27449,958
25,NORMA-19155,959
25,NORMA-19646,960
25,NORMA-18630,961
25,NORMA-6126,962
25,NORMA-18550,963
25,NORMA-20280,964
25,NORMA-25964,965
25,NORMA-19571,966
25,NORMA-19859,967
25,NORMA-20164,968
25,NORMA-21666,969
25,NORMA-6954,970
25,NORMA-20201,971
25,NORMA-18204,972
25,NORMA-11792,973
25,NORMA-21314,974
25,NORMA-20993,975
25,NORMA-21682,976
25,NORMA-20706,977
25,NORMA-20222,978
25,NORMA-21522,979
25,NORMA-31903,980
25,NORMA-21509,981
25,NORMA-19602,982
25,NORMA-21193,983
25,NORMA-19691,984
25,NORMA-20577,985
25,NORMA-18938,986
25,NORMA-18542,987
25,NORMA-878,988
25,NORMA-26885,989
25,NORMA-20082,990
25,NORMA-21746,991
25,NORMA-18633,992
25,NORMA-11913,993
25,NORMA-833,994
25,NORMA-594,995
25,NORMA-19577,996
25,NORMA-21064,997
25,NORMA-1989,998
25,NORMA-11804,999
25,NORMA-21390,1000
26,NORMA-20073,1
26,NORMA-3503,2
26,NORMA-21065,3
26,NORMA-18748,4
26,NORMA-20070,5
26,NORMA-19798,6
26,NORMA-18313,7
26,NORMA-20582,8
26,NORMA-21200,9
26,NORMA-13797,10
26,NORMA-1613,11
26,NORMA-18900,12
26,NORMA-21264,13
26,NORMA-21630,14
26,NORMA-20291,15
26,NORMA-20983,16
26,NORMA-15581,17
26,NORMA-21544,18
26,NORMA-20817,19
26,NORMA-19770,20
26,NORMA-20569,21
26,NORMA-18474,22
26,NORMA-15211,23
26,NORMA-12067,24
26,NORMA-20028,25
26,NORMA-14937,26
26,NORMA-21131,27
26,NORMA-13158,28
26,NORMA-20907,29
26,NORMA-13469,30
26,NORMA-21791,31
26,NORMA-21012,32
26,NORMA-16202,33
26,NORMA-19808,34
26,NORMA-18444,35
26,NORMA-7466,36
26,NORMA-20157,37
26,NORMA-19574,38
26,NORMA-20219,39
26,NORMA-5421,40
26,NORMA-19953,41
26,NORMA-20572,42
26,NORMA-21217,43
26,NORMA-1407,44
26,NORMA-21250,45
26,NORMA-4710,46
26,NORMA-19030,47
26,NORMA-20023,48
26,NORMA-19442,49
26,NORMA-20034,50
26,NORMA-21000,51
26,NORMA-21645,52
26,NORMA-20255,53
26,NORMA-6199,54
26,NORMA-27761,55
26,NORMA-19006,56
26,NORMA-21144,57
26,NORMA-19011,58
26,NORMA-21026,59
26,NORMA-20592,60
26,NORMA-21587,61
26,NORMA-23543,62
26,NORMA-26041,63
26,NORMA-21160,64
26,NORMA-20846,65
26,NORMA-29655,66
26,NORMA-12956,67
26,NORMA-20438,68
26,NORMA-10255,69
26,NORMA-18702,70
26,NORMA-23761,71
26,NORMA-9979,72
26,NORMA-25841,73
26,NORMA-26563,74
26,NORMA-24881,75
26,NORMA-19144,76
26,NORMA-4396,77
26,NORMA-25941,78
26,NORMA-22921,79
26,NORMA-28043,80
26,NORMA-21570,81
26,NORMA-13746,82
26,NORMA-19457,83
26,NORMA-19180,84
26,NORMA-28601,85
26,NORMA-14828,86
26,NORMA-26565,87
26,NORMA-19350,88
26,NORMA-28583,89
26,NORMA-24823,90
26,NORMA-19452,91
26,NORMA-18697,92
26,NORMA-18418,93
26,NORMA-15396,94
26,NORMA-27365,95
26,NORMA-24842,96
26,NORMA-12613,97
26,NORMA-13789,98
26,NORMA-29008,99
26,NORMA-29841,100
26,NORMA-27942,101
26,NORMA-27584,102
26,NORMA-24341,103
26,NORMA-27201,104
26,NORMA-23181,105
26,NORMA-705,106
26,NORMA-28461,107
26,NORMA-19202,108
26,NORMA-19809,109
26,NORMA-29861,110
26,NORMA-29184,111
26,NORMA-27202,112
26,NORMA-18221,113
26,NORMA-19139,114
26,NORMA-29621,115
26,NORMA-24221,116
26,NORMA-18429,117
26,NORMA-19722,118
26,NORMA-27181,119
26,NORMA-24841,120
26,NORMA-23081,121
26,NORMA-29185,122
26,NORMA-20605,123
26,NORMA-27688,124
26,NORMA-25204,125
26,NORMA-26564,126
26,NORMA-23841,127
26,NORMA-19991,128
26,NORMA-27081,129
26,NORMA-25524,130
26,NORMA-25203,131
26,NORMA-25141,132
26,NORMA-23621,133
26,NORMA-25262,134
26,NORMA-29023,135
26,NORMA-27901,136
26,NORMA-27605,137
26,NORMA-27021,138
26,NORMA-18587,139
26,NORMA-28581,140
26,NORMA-27421,141
26,NORMA-26886,142
26,NORMA-2461,143
26,NORMA-18586,144
26,NORMA-19025,145
26,NORMA-19023,146
26,NORMA-18469,147
26,NORMA-18470,148
26,NORMA-18500,149
26,NORMA-25205,150
26,NORMA-21773,151
26,NORMA-20245,152
26,NORMA-18372,153
26,NORMA-19330,154
26,NORMA-18560,155
26,NORMA-18714,156
26,NORMA-21780,157
26,NORMA-19441,158
26,NORMA-1718,159
26,NORMA-20432,160
26,NORMA-18908,161
26,NORMA-20250,162
26,NORMA-19422,163
26,NORMA-19363,164
26,NORMA-19136,165
26,NORMA-2568,166
26,NORMA-19160,167
26,NORMA-21041,168
26,NORMA-18254,169
26,NORMA-19425,170
26,NORMA-19288,171
26,NORMA-26421,172
26,NORMA-19253,173
26,NORMA-27623,174
26,NORMA-20237,175
26,NORMA-18712,176
26,NORMA-20064,177
26,NORMA-21591,178
26,NORMA-18468,179
26,NORMA-6121,180
26,NORMA-21678,181
26,NORMA-19505,182
26,NORMA-20506,183
26,NORMA-18300,184
26,NORMA-21651,185
26,NORMA-19831,186
26,NORMA-19755,187
26,NORMA-24742,188
26,NORMA-20858,189
26,NORMA-22401,190
26,NORMA-19516,191
26,NORMA-18742,192
26,NORMA-20030,193
26,NORMA-20617,194
26,NORMA-21140,195
26,NORMA-18280,196
26,NORMA-18273,197
26,NORMA-19939,198
26,NORMA-19197,199
26,NORMA-19171,200
26,NORMA-18593,201
26,NORMA-9212,202
26,NORMA-19832,203
26,NORMA-21600,204
26,NORMA-4091,205
26,NORMA-18557,206
26,NORMA-18246,207
26,NORMA-20512,208
26,NORMA-19039,209
26,NORMA-20876,210
26,NORMA-19902,211
26,NORMA-19870,212
26,NORMA-18807,213
26,NORMA-20970,214
26,NORMA-21395,215
26,NORMA-19706,216
26,NORMA-18989,217
26,NORMA-18957,218
26,NORMA-18774,219
26,NORMA-18953,220
26,NORMA-19148,221
26,NORMA-25261,222
26,NORMA-20801,223
26,NORMA-19351,224
26,NORMA-20134,225
26,NORMA-1999,226
26,NORMA-19411,227
26,NORMA-11729,228
26,NORMA-23862,229
26,NORMA-13905,230
26,NORMA-19479,231
26,NORMA-18482,232
26,NORMA-11557,233
26,NORMA-9724,234
26,NORMA-18715,235
26,NORMA-18666,236
26,NORMA-18507,237
26,NORMA-18785,238
26,NORMA-21119,239
26,NORMA-21316,240
26,NORMA-5792,241
26,NORMA-20298,242
26,NORMA-18716,243
26,NORMA-18665,244
26,NORMA-18505,245
26,NORMA-18851,246
26,NORMA-18784,247
26,NORMA-18481,248
26,NORMA-18853,249
26,NORMA-21118,250
26,NORMA-18385,251
26,NORMA-18546,252
26,NORMA-18451,253
26,NORMA-8814,254
26,NORMA-19204,255
26,NORMA-205,256
26,NORMA-20521,257
26,NORMA-18831,258
26,NORMA-6268,259
26,NORMA-19760,260
26,NORMA-18612,261
26,NORMA-19045,262
26,NORMA-15092,263
26,NORMA-20713,264
26,NORMA-20841,265
26,NORMA-18611,266
26,NORMA-19043,267
26,NORMA-3898,268
26,NORMA-19794,269
26,NORMA-3969,270
26,NORMA-20091,271
26,NORMA-6659,272
26,NORMA-20638,273
26,NORMA-13179,274
26,NORMA-4140,275
26,NORMA-18561,276
26,NORMA-3854,277
26,NORMA-19838,278
26,NORMA-5424,279
26,NORMA-3971,280
26,NORMA-5498,281
26,NORMA-5228,282
26,NORMA-21610,283
26,NORMA-13835,284
26,NORMA-4317,285
26,NORMA-14251,286
26,NORMA-3837,287
26,NORMA-13065,288
26,NORMA-7096,289
26,NORMA-21522,290
26,NORMA-9195,291
26,NORMA-4162,292
26,NORMA-4911,293
26,NORMA-4636,294
26,NORMA-3690,295
26,NORMA-7113,296
26,NORMA-21163,297
26,NORMA-4703,298
26,NORMA-4196,299
26,NORMA-6783,300
26,NORMA-20235,301
26,NORMA-21624,302
26,NORMA-15143,303
26,NORMA-8435,304
26,NORMA-17801,305
26,NORMA-5341,306
26,NORMA-6488,307
26,NORMA-9423,308
26,NORMA-19226,309
26,NORMA-4832,310
26,NORMA-9559,311
26,NORMA-4680,312
26,NORMA-5472,313
26,NORMA-19801,314
26,NORMA-19966,315
26,NORMA-18274,316
26,NORMA-18203,317
26,NORMA-7390,318
26,NORMA-19459,319
26,NORMA-19314,320
26,NORMA-20686,321
26,NORMA-18902,322
26,NORMA-18936,323
26,NORMA-20709,324
26,NORMA-14666,325
26,NORMA-20636,326
26,NORMA-10256,327
26,NORMA-20752,328
26,NORMA-5433,329
26,NORMA-7222,330
26,NORMA-27521,331
26,NORMA-20524,332
26,NORMA-18923,333
26,NORMA-18939,334
26,NORMA-18683,335
26,NORMA-20899,336
26,NORMA-18405,337
26,NORMA-19790,338
26,NORMA-21304,339
26,NORMA-19817,340
26,NORMA-20240,341
26,NORMA-3855,342
26,NORMA-4002,343
26,NORMA-4139,344
26,NORMA-19763,345
26,NORMA-6354,346
26,NORMA-18892,347
26,NORMA-6140,348
26,NORMA-20647,349
26,NORMA-20578,350
26,NORMA-21693,351
26,NORMA-5973,352
26,NORMA-19738,353
26,NORMA-21526,354
26,NORMA-20190,355
26,NORMA-5195,356
26,NORMA-21206,357
26,NORMA-634,358
26,NORMA-20871,359
26,NORMA-21319,360
26,NORMA-19737,361
26,NORMA-21751,362
26,NORMA-21149,363
26,NORMA-20942,364
26,NORMA-20900,365
26,NORMA-4572,366
26,NORMA-7025,367
26,NORMA-6757,368
26,NORMA-19553,369
26,NORMA-5503,370
26,NORMA-18883,371
26,NORMA-11443,372
26,NORMA-21695,373
26,NORMA-20814,374
26,NORMA-7386,375
26,NORMA-19776,376
26,NORMA-3487,377
26,NORMA-19992,378
26,NORMA-19856,379
26,NORMA-19237,380
26,NORMA-3528,381
26,NORMA-19851,382
26,NORMA-19864,383
26,NORMA-21194,384
26,NORMA-20641,385
26,NORMA-19816,386
26,NORMA-18921,387
26,NORMA-3741,388
26,NORMA-20699,389
26,NORMA-19961,390
26,NORMA-7225,391
26,NORMA-14724,392
26,NORMA-835,393
26,NORMA-19771,394
26,NORMA-15167,395
26,NORMA-13998,396
26,NORMA-20565,397
26,NORMA-704,398
26,NORMA-20714,399
26,NORMA-19735,400
26,NORMA-11185,401
26,NORMA-7157,402
26,NORMA-20748,403
26,NORMA-18887,404
26,NORMA-14463,405
26,NORMA-19608,406
26,NORMA-11523,407
26,NORMA-18809,408
26,NORMA-8121,409
26,NORMA-5337,410
26,NORMA-20909,411
26,NORMA-19594,412
26,NORMA-12733,413
26,NORMA-17301,414
26,NORMA-21795,415
26,NORMA-20810,416
26,NORMA-19426,417
26,NORMA-1474,418
26,NORMA-19772,419
26,NORMA-20791,420
26,NORMA-19827,421
26,NORMA-19793,422
26,NORMA-19311,423
26,NORMA-3511,424
26,NORMA-15118,425
26,NORMA-12899,426
26,NORMA-11774,427
26,NORMA-20680,428
26,NORMA-23581,429
26,NORMA-20828,430
26,NORMA-13470,431
26,NORMA-20959,432
26,NORMA-229,433
26,NORMA-12517,434
26,NORMA-20859,435
26,NORMA-16941,436
26,NORMA-21321,437
26,NORMA-19736,438
26,NORMA-20702,439
26,NORMA-27044,440
26,NORMA-18931,441
26,NORMA-21496,442
26,NORMA-20912,443
26,NORMA-5361,444
26,NORMA-18934,445
26,NORMA-20751,446
26,NORMA-4278,447
26,NORMA-27063,448
26,NORMA-578,449
26,NORMA-2723,450
26,NORMA-19972,451
26,NORMA-20246,452
26,NORMA-21063,453
26,NORMA-8772,454
26,NORMA-10117,455
26,NORMA-19718,456
26,NORMA-20696,457
26,NORMA-18903,458
26,NORMA-18961,459
26,NORMA-19812,460
26,NORMA-60,461
26,NORMA-10975,462
26,NORMA-19806,463
26,NORMA-21769,464
26,NORMA-19746,465
26,NORMA-19765,466
26,NORMA-923,467
26,NORMA-19833,468
26,NORMA-19138,469
26,NORMA-10028,470
26,NORMA-33288,471
26,NORMA-20602,472
26,NORMA-19634,473
26,NORMA-21164,474
26,NORMA-9297,475
26,NORMA-21450,476
26,NORMA-15350,477
26,NORMA-33308,478
26,NORMA-21178,479
26,NORMA-20101,480
26,NORMA-18802,481
26,NORMA-19536,482
26,NORMA-21169,483
26,NORMA-11628,484
26,NORMA-20278,485
26,NORMA-19571,486
26,NORMA-18929,487
26,NORMA-9831,488
26,NORMA-18276,489
26,NORMA-21584,490
26,NORMA-11272,491
26,NORMA-19773,492
26,NORMA-19474,493
26,NORMA-14661,494
26,NORMA-21725,495
26,NORMA-20766,496
26,NORMA-19570,497
26,NORMA-18365,498
26,NORMA-20284,499
26,NORMA-18805,500
26,NORMA-20726,501
26,NORMA-19177,502
26,NORMA-981,503
26,NORMA-12054,504
26,NORMA-20607,505
26,NORMA-19813,506
26,NORMA-21545,507
26,NORMA-24001,508
26,NORMA-21666,509
26,NORMA-12098,510
26,NORMA-18591,511
26,NORMA-19021,512
26,NORMA-5853,513
26,NORMA-5417,514
26,NORMA-19403,515
26,NORMA-19027,516
26,NORMA-19791,517
26,NORMA-11860,518
26,NORMA-11858,519
26,NORMA-21554,520
26,NORMA-21575,521
26,NORMA-18750,522
26,NORMA-18207,523
26,NORMA-21460,524
26,NORMA-2126,525
26,NORMA-19983,526
26,NORMA-21205,527
26,NORMA-29005,528
26,NORMA-20960,529
26,NORMA-19743,530
26,NORMA-21212,531
26,NORMA-21420,532
26,NORMA-18988,533
26,NORMA-27449,534
26,NORMA-11417,535
26,NORMA-20435,536
26,NORMA-7384,537
26,NORMA-18404,538
26,NORMA-20316,539
26,NORMA-7381,540
26,NORMA-4423,541
26,NORMA-20818,542
26,NORMA-21211,543
26,NORMA-20359,544
26,NORMA-18344,545
26,NORMA-19281,546
26,NORMA-21406,547
26,NORMA-20721,548
26,NORMA-11496,549
26,NORMA-4926,550
26,NORMA-228,551
26,NORMA-8803,552
26,NORMA-15242,553
26,NORMA-20717,554
26,NORMA-20349,555
26,NORMA-222,556
26,NORMA-21036,557
26,NORMA-20460,558
26,NORMA-20623,559
26,NORMA-20729,560
26,NORMA-13195,561
26,NORMA-23981,562
26,NORMA-772,563
26,NORMA-19017,564
26,NORMA-20619,565
26,NORMA-19985,566
26,NORMA-19377,567
26,NORMA-802,568
26,NORMA-13480,569
26,NORMA-21648,570
26,NORMA-21242,571
26,NORMA-21215,572
26,NORMA-13918,573
26,NORMA-11813,574
26,NORMA-19119,575
26,NORMA-309,576
26,NORMA-19429,577
26,NORMA-19379,578
26,NORMA-21274,579
26,NORMA-2089,580
26,NORMA-59,581
26,NORMA-18940,582
26,NORMA-18249,583
26,NORMA-660,584
26,NORMA-18952,585
26,NORMA-19081,586
26,NORMA-801,587
26,NORMA-20241,588
26,NORMA-6962,589
26,NORMA-2013,590
26,NORMA-2185,591
26,NORMA-7413,592
26,NORMA-14898,593
26,NORMA-1611,594
26,NORMA-19980,595
26,NORMA-7416,596
26,NORMA-21398,597
26,NORMA-21305,598
26,NORMA-20238,599
26,NORMA-21247,600
26,NORMA-20908,601
26,NORMA-554,602
26,NORMA-12886,603
26,NORMA-18243,604
26,NORMA-18548,605
26,NORMA-18333,606
26,NORMA-19471,607
26,NORMA-21310,608
26,NORMA-20167,609
26,NORMA-215,610
26,NORMA-21173,611
26,NORMA-6894,612
26,NORMA-12089,613
26,NORMA-6856,614
26,NORMA-12859,615
26,NORMA-11876,616
26,NORMA-20690,617
26,NORMA-19749,618
26,NORMA-18722,619
26,NORMA-9984,620
26,NORMA-20522,621
26,NORMA-20037,622
26,NORMA-19600,623
26,NORMA-10691,624
26,NORMA-20630,625
26,NORMA-21231,626
26,NORMA-4425,627
26,NORMA-18706,628
26,NORMA-19406,629
26,NORMA-18295,630
26,NORMA-18278,631
26,NORMA-20465,632
26,NORMA-27101,633
26,NORMA-21233,634
26,NORMA-20803,635
26,NORMA-12664,636
26,NORMA-19454,637
26,NORMA-7387,638
26,NORMA-21238,639
26,NORMA-18933,640
26,NORMA-6245,641
26,NORMA-21151,642
26,NORMA-14788,643
26,NORMA-19205,644
26,NORMA-21756,645
26,NORMA-14263,646
26,NORMA-18868,647
26,NORMA-13471,648
26,NORMA-6736,649
26,NORMA-19468,650
26,NORMA-21207,651
26,NORMA-17182,652
26,NORMA-20802,653
26,NORMA-10994,654
26,NORMA-4540,655
26,NORMA-20738,656
26,NORMA-19593,657
26,NORMA-18844,658
26,NORMA-21224,659
26,NORMA-3767,660
26,NORMA-462,661
26,NORMA-12952,662
26,NORMA-21561,663
26,NORMA-2005,664
26,NORMA-19903,665
26,NORMA-5536,666
26,NORMA-20065,667
26,NORMA-13954,668
26,NORMA-19740,669
26,NORMA-11356,670
26,NORMA-12415,671
26,NORMA-11470,672
26,NORMA-12113,673
26,NORMA-18978,674
26,NORMA-18935,675
26,NORMA-8706,676
26,NORMA-18562,677
26,NORMA-12923,678
26,NORMA-13124,679
26,NORMA-24661,680
26,NORMA-741,681
26,NORMA-2184,682
26,NORMA-21691,683
26,NORMA-21005,684
26,NORMA-19777,685
26,NORMA-19358,686
26,NORMA-889,687
26,NORMA-11621,688
26,NORMA-20692,689
26,NORMA-13308,690
26,NORMA-21156,691
26,NORMA-18216,692
26,NORMA-20706,693
26,NORMA-4412,694
26,NORMA-18937,695
26,NORMA-28981,696
26,NORMA-19232,697
26,NORMA-9792,698
26,NORMA-21762,699
26,NORMA-4786,700
26,NORMA-20369,701
26,NORMA-21255,702
26,NORMA-21683,703
26,NORMA-20164,704
26,NORMA-20643,705
26,NORMA-20577,706
26,NORMA-19211,707
26,NORMA-20531,708
26,NORMA-21790,709
26,NORMA-19703,710
26,NORMA-21356,711
26,NORMA-555,712
26,NORMA-21043,713
26,NORMA-19631,714
26,NORMA-19371,715
26,NORMA-18386,716
26,NORMA-20087,717
26,NORMA-21684,718
26,NORMA-5217,719
26,NORMA-20558,720
26,NORMA-13106,721
26,NORMA-4169,722
26,NORMA-19751,723
26,NORMA-509,724
26,NORMA-19629,725
26,NORMA-20949,726
26,NORMA-11723,727
26,NORMA-20861,728
26,NORMA-19758,729
26,NORMA-20649,730
26,NORMA-5662,731
26,NORMA-21327,732
26,NORMA-19843,733
26,NORMA-20060,734
26,NORMA-21533,735
26,NORMA-21605,736
26,NORMA-20622,737
26,NORMA-19256,738
26,NORMA-20849,739
26,NORMA-20885,740
26,NORMA-21750,741
26,NORMA-18955,742
26,NORMA-21444,743
26,NORMA-21547,744
26,NORMA-18916,745
26,NORMA-19565,746
26,NORMA-19955,747
26,NORMA-21410,748
26,NORMA-19542,749
26,NORMA-19981,750
26,NORMA-4664,751
26,NORMA-6645,752
26,NORMA-14746,753
26,NORMA-21599,754
26,NORMA-19977,755
26,NORMA-4175,756
26,NORMA-20918,757
26,NORMA-20100,758
26,NORMA-6509,759
26,NORMA-20077,760
26,NORMA-6621,761
26,NORMA-18654,762
26,NORMA-658,763
26,NORMA-21275,764
26,NORMA-5431,765
26,NORMA-27364,766
26,NORMA-12872,767
26,NORMA-19941,768
26,NORMA-3818,769
26,NORMA-4810,770
26,NORMA-20239,771
26,NORMA-20180,772
26,NORMA-21717,773
26,NORMA-19206,774
26,NORMA-4818,775
26,NORMA-21343,776
26,NORMA-20225,777
26,NORMA-21252,778
26,NORMA-19942,779
26,NORMA-18980,780
26,NORMA-13545,781
26,NORMA-21459,782
26,NORMA-20082,783
26,NORMA-19818,784
26,NORMA-19061,785
26,NORMA-6249,786
26,NORMA-19394,787
26,NORMA-21506,788
26,NORMA-8008,789
26,NORMA-21357,790
26,NORMA-18927,791
26,NORMA-20138,792
26,NORMA-18890,793
26,NORMA-19583,794
26,NORMA-18204,795
26,NORMA-20056,796
26,NORMA-21659,797
26,NORMA-14390,798
26,NORMA-19408,799
26,NORMA-4820,800
26,NORMA-21369,801
26,NORMA-21446,802
26,NORMA-20108,803
26,NORMA-19378,804
26,NORMA-12027,805
26,NORMA-21553,806
26,NORMA-23222,807
26,NORMA-19637,808
26,NORMA-8931,809
26,NORMA-3281,810
26,NORMA-18264,811
26,NORMA-21472,812
26,NORMA-18631,813
26,NORMA-4219,814
26,NORMA-20302,815
26,NORMA-11454,816
26,NORMA-20189,817
26,NORMA-21619,818
26,NORMA-1663,819
26,NORMA-5100,820
26,NORMA-21491,821
26,NORMA-19473,822
26,NORMA-28841,823
26,NORMA-838,824
26,NORMA-21474,825
26,NORMA-20561,826
26,NORMA-3918,827
26,NORMA-20218,828
26,NORMA-15339,829
26,NORMA-15561,830
26,NORMA-31904,831
26,NORMA-15004,832
26,NORMA-21417,833
26,NORMA-21415,834
26,NORMA-10267,835
26,NORMA-19518,836
26,NORMA-19919,837
26,NORMA-20705,838
26,NORMA-20096,839
26,NORMA-28961,840
26,NORMA-1471,841
26,NORMA-14967,842
26,NORMA-6955,843
26,NORMA-19617,844
26,NORMA-15882,845
26,NORMA-22723,846
26,NORMA-1534,847
26,NORMA-20780,848
26,NORMA-6083,849
26,NORMA-20468,850
26,NORMA-20106,851
26,NORMA-20089,852
26,NORMA-5956,853
26,NORMA-19968,854
26,NORMA-6185,855
26,NORMA-4972,856
26,NORMA-854,857
26,NORMA-18510,858
26,NORMA-21586,859
26,NORMA-10123,860
26,NORMA-7798,861
26,NORMA-19609,862
26,NORMA-20263,863
26,NORMA-10865,864
26,NORMA-9358,865
26,NORMA-3554,866
26,NORMA-19647,867
26,NORMA-16268,868
26,NORMA-9382,869
26,NORMA-9893,870
26,NORMA-21262,871
26,NORMA-21382,872
26,NORMA-18967,873
26,NORMA-6318,874
26,NORMA-19328,875
26,NORMA-61,876
26,NORMA-20258,877
26,NORMA-4747,878
26,NORMA-5031,879
26,NORMA-21787,880
26,NORMA-9834,881
26,NORMA-7822,882
26,NORMA-6954,883
26,NORMA-4424,884
26,NORMA-4845,885
26,NORMA-21317,886
26,NORMA-20789,887
26,NORMA-21403,888
26,NORMA-20098,889
26,NORMA-20796,890
26,NORMA-20616,891
26,NORMA-783,892
26,NORMA-20505,893
26,NORMA-10708,894
26,NORMA-2546,895
26,NORMA-6082,896
26,NORMA-974,897
26,NORMA-21235,898
26,NORMA-21484,899
26,NORMA-9557,900
26,NORMA-20631,901
26,NORMA-28281,902
26,NORMA-18232,903
26,NORMA-15881,904
26,NORMA-20945,905
26,NORMA-21253,906
26,NORMA-6092,907
26,NORMA-20501,908
26,NORMA-6410,909
26,NORMA-21218,910
26,NORMA-11751,911
26,NORMA-7970,912
26,NORMA-2158,913
26,NORMA-7279,914
26,NORMA-21776,915
26,NORMA-20482,916
26,NORMA-19904,917
26,NORMA-6344,918
26,NORMA-20924,919
26,NORMA-20790,920
26,NORMA-19605,921
26,NORMA-11588,922
26,NORMA-6050,923
26,NORMA-19930,924
26,NORMA-21468,925
26,NORMA-21729,926
26,NORMA-18286,927
26,NORMA-13265,928
26,NORMA-6641,929
26,NORMA-5293,930
26,NORMA-21086,931
26,NORMA-21126,932
26,NORMA-19750,933
26,NORMA-12630,934
26,NORMA-21107,935
26,NORMA-18534,936
26,NORMA-6063,937
26,NORMA-19155,938
26,NORMA-6948,939
26,NORMA-31923,940
26,NORMA-26201,941
26,NORMA-11314,942
26,NORMA-18545,943
26,NORMA-18556,944
26,NORMA-15045,945
26,NORMA-23682,946
26,NORMA-28362,947
26,NORMA-1740,948
26,NORMA-14542,949
26,NORMA-19456,950
26,NORMA-18502,951
26,NORMA-7693,952
26,NORMA-20428,953
26,NORMA-1463,954
26,NORMA-21581,955
26,NORMA-21300,956
26,NORMA-1421,957
26,NORMA-11664,958
26,NORMA-1516,959
26,NORMA-19249,960
26,NORMA-21337,961
26,NORMA-20950,962
26,NORMA-18436,963
26,NORMA-18525,964
26,NORMA-19221,965
26,NORMA-8298,966
26,NORMA-13514,967
26,NORMA-21236,968
26,NORMA-6256,969
26,NORMA-25541,970
26,NORMA-11655,971
26,NORMA-8028,972
26,NORMA-14239,973
26,NORMA-20304,974
26,NORMA-18709,975
26,NORMA-20422,976
26,NORMA-5962,977
26,NORMA-2517,978
26,NORMA-20603,979
26,NORMA-18769,980
26,NORMA-7991,981
26,NORMA-3241,982
26,NORMA-18773,983
26,NORMA-7012,984
26,NORMA-15239,985
26,NORMA-21159,986
26,NORMA-7704,987
26,NORMA-13508,988
26,NORMA-20188,989
26,NORMA-14279,990
26,NORMA-19745,991
26,NORMA-21344,992
26,NORMA-21755,993
26,NORMA-21676,994
26,NORMA-2269,995
26,NORMA-8463,996
26,NORMA-8739,997
26,NORMA-27022,998
26,NORMA-7058,999
26,NORMA-21637,1000
27,NORMA-20309,1
27,NORMA-20744,2
27,NORMA-19092,3
27,NORMA-21126,4
27,NORMA-567,5
27,NORMA-18436,6
27,NORMA-21299,7
27,NORMA-20182,8
27,NORMA-20304,9
27,NORMA-18539,10
27,NORMA-5226,11
27,NORMA-18805,12
27,NORMA-21002,13
27,NORMA-19593,14
27,NORMA-11570,15
27,NORMA-854,16
27,NORMA-15581,17
27,NORMA-16941,18
27,NORMA-18885,19
27,NORMA-18981,20
27,NORMA-21288,21
27,NORMA-26102,22
27,NORMA-20263,23
27,NORMA-20098,24
27,NORMA-20443,25
27,NORMA-11839,26
27,NORMA-21519,27
27,NORMA-16481,28
27,NORMA-20188,29
27,NORMA-27761,30
27,NORMA-14578,31
27,NORMA-20908,32
27,NORMA-18822,33
27,NORMA-18548,34
27,NORMA-12762,35
27,NORMA-20945,36
27,NORMA-22721,37
27,NORMA-19096,38
27,NORMA-11720,39
27,NORMA-18690,40
27,NORMA-18345,41
27,NORMA-11723,42
27,NORMA-20756,43
27,NORMA-20578,44
27,NORMA-21626,45
27,NORMA-11316,46
27,NORMA-20205,47
27,NORMA-13610,48
27,NORMA-18219,49
27,NORMA-14279,50
27,NORMA-12171,51
27,NORMA-981,52
27,NORMA-15701,53
27,NORMA-21046,54
27,NORMA-21550,55
27,NORMA-18293,56
27,NORMA-19916,57
27,NORMA-16403,58
27,NORMA-16202,59
27,NORMA-14608,60
27,NORMA-11835,61
27,NORMA-18838,62
27,NORMA-21539,63
27,NORMA-13469,64
27,NORMA-12760,65
27,NORMA-14095,66
27,NORMA-15015,67
27,NORMA-22144,68
27,NORMA-12311,69
27,NORMA-938,70
27,NORMA-13158,71
27,NORMA-18225,72
27,NORMA-20831,73
27,NORMA-19597,74
27,NORMA-18922,75
27,NORMA-281,76
27,NORMA-18356,77
27,NORMA-19958,78
27,NORMA-11864,79
27,NORMA-19574,80
27,NORMA-412,81
27,NORMA-20185,82
27,NORMA-838,83
27,NORMA-588,84
27,NORMA-587,85
27,NORMA-21650,86
27,NORMA-20836,87
27,NORMA-3281,88
27,NORMA-16382,89
27,NORMA-20506,90
27,NORMA-14937,91
27,NORMA-11526,92
27,NORMA-20426,93
27,NORMA-578,94
27,NORMA-1549,95
27,NORMA-21217,96
27,NORMA-15561,97
27,NORMA-54,98
27,NORMA-17221,99
27,NORMA-1840,100
27,NORMA-20852,101
27,NORMA-6344,102
27,NORMA-20902,103
27,NORMA-19212,104
27,NORMA-2555,105
27,NORMA-18411,106
27,NORMA-21757,107
27,NORMA-19608,108
27,NORMA-1024,109
27,NORMA-6410,110
27,NORMA-28181,111
27,NORMA-19963,112
27,NORMA-18360,113
27,NORMA-18237,114
27,NORMA-4631,115
27,NORMA-3241,116
27,NORMA-21606,117
27,NORMA-11614,118
27,NORMA-18214,119
27,NORMA-11597,120
27,NORMA-6092,121
27,NORMA-11515,122
27,NORMA-3502,123
27,NORMA-15881,124
27,NORMA-20865,125
27,NORMA-18446,126
27,NORMA-11760,127
27,NORMA-20290,128
27,NORMA-26201,129
27,NORMA-21432,130
27,NORMA-1373,131
27,NORMA-6505,132
27,NORMA-18541,133
27,NORMA-7241,134
27,NORMA-20641,135
27,NORMA-20941,136
27,NORMA-18206,137
27,NORMA-19573,138
27,NORMA-19875,139
27,NORMA-15902,140
27,NORMA-27342,141
27,NORMA-18828,142
27,NORMA-595,143
27,NORMA-18205,144
27,NORMA-18796,145
27,NORMA-21756,146
27,NORMA-2024,147
27,NORMA-2523,148
27,NORMA-19155,149
27,NORMA-21000,150
27,NORMA-1981,151
27,NORMA-21739,152
27,NORMA-21629,153
27,NORMA-11665,154
27,NORMA-18412,155
27,NORMA-19416,156
27,NORMA-21261,157
27,NORMA-19870,158
27,NORMA-13585,159
27,NORMA-13714,160
27,NORMA-13753,161
27,NORMA-13877,162
27,NORMA-2583,163
27,NORMA-21429,164
27,NORMA-13598,165
27,NORMA-12589,166
27,NORMA-21012,167
27,NORMA-1656,168
27,NORMA-18379,169
27,NORMA-19797,170
27,NORMA-18208,171
27,NORMA-1607,172
27,NORMA-21159,173
27,NORMA-14348,174
27,NORMA-14975,175
27,NORMA-14184,176
27,NORMA-12048,177
27,NORMA-2554,178
27,NORMA-2413,179
27,NORMA-13654,180
27,NORMA-18234,181
27,NORMA-570,182
27,NORMA-20854,183
27,NORMA-20616,184
27,NORMA-2301,185
27,NORMA-28381,186
27,NORMA-18724,187
27,NORMA-3642,188
27,NORMA-11609,189
27,NORMA-15603,190
27,NORMA-21755,191
27,NORMA-19028,192
27,NORMA-18342,193
27,NORMA-21064,194
27,NORMA-30043,195
27,NORMA-18804,196
27,NORMA-20452,197
27,NORMA-21496,198
27,NORMA-15211,199
27,NORMA-18798,200
27,NORMA-26885,201
27,NORMA-19621,202
27,NORMA-21624,203
27,NORMA-18819,204
27,NORMA-20985,205
27,NORMA-2447,206
27,NORMA-2536,207
27,NORMA-19904,208
27,NORMA-3201,209
27,NORMA-20847,210
27,NORMA-2057,211
27,NORMA-21071,212
27,NORMA-3381,213
27,NORMA-14499,214
27,NORMA-12049,215
27,NORMA-2587,216
27,NORMA-20137,217
27,NORMA-11735,218
27,NORMA-21219,219
27,NORMA-20423,220
27,NORMA-1535,221
27,NORMA-12102,222
27,NORMA-18870,223
27,NORMA-5170,224
27,NORMA-18537,225
27,NORMA-20714,226
27,NORMA-20316,227
27,NORMA-21419,228
27,NORMA-3001,229
27,NORMA-20429,230
27,NORMA-2415,231
27,NORMA-28961,232
27,NORMA-7525,233
27,NORMA-21238,234
27,NORMA-20280,235
27,NORMA-13444,236
27,NORMA-1173,237
27,NORMA-19387,238
27,NORMA-535,239
27,NORMA-2563,240
27,NORMA-20650,241
27,NORMA-7942,242
27,NORMA-1573,243
27,NORMA-9670,244
27,NORMA-13642,245
27,NORMA-12860,246
27,NORMA-14078,247
27,NORMA-12067,248
27,NORMA-15521,249
27,NORMA-984,250
27,NORMA-1406,251
27,NORMA-972,252
27,NORMA-13513,253
27,NORMA-13916,254
27,NORMA-11999,255
27,NORMA-11814,256
27,NORMA-9110,257
27,NORMA-12364,258
27,NORMA-19110,259
27,NORMA-20754,260
27,NORMA-21114,261
27,NORMA-21431,262
27,NORMA-11596,263
27,NORMA-2162,264
27,NORMA-646,265
27,NORMA-21767,266
27,NORMA-20866,267
27,NORMA-24381,268
27,NORMA-11474,269
27,NORMA-18403,270
27,NORMA-12002,271
27,NORMA-21661,272
27,NORMA-14268,273
27,NORMA-6315,274
27,NORMA-6656,275
27,NORMA-18273,276
27,NORMA-11527,277
27,NORMA-20448,278
27,NORMA-20169,279
27,NORMA-18298,280
27,NORMA-13957,281
27,NORMA-20779,282
27,NORMA-18479,283
27,NORMA-18733,284
27,NORMA-20995,285
27,NORMA-14758,286
27,NORMA-21291,287
27,NORMA-21608,288
27,NORMA-20870,289
27,NORMA-11764,290
27,NORMA-19803,291
27,NORMA-20859,292
27,NORMA-21186,293
27,NORMA-11479,294
27,NORMA-21023,295
27,NORMA-20840,296
27,NORMA-20953,297
27,NORMA-11780,298
27,NORMA-12495,299
27,NORMA-19183,300
27,NORMA-19933,301
27,NORMA-15921,302
27,NORMA-6325,303
27,NORMA-21242,304
27,NORMA-21321,305
27,NORMA-18458,306
27,NORMA-1667,307
27,NORMA-27022,308
27,NORMA-21139,309
27,NORMA-20194,310
27,NORMA-20186,311
27,NORMA-15203,312
27,NORMA-21690,313
27,NORMA-232,314
27,NORMA-19594,315
27,NORMA-20950,316
27,NORMA-18359,317
27,NORMA-13968,318
27,NORMA-21326,319
27,NORMA-21026,320
27,NORMA-18648,321
27,NORMA-20958,322
27,NORMA-20447,323
27,NORMA-20861,324
27,NORMA-19095,325
27,NORMA-20873,326
27,NORMA-20437,327
27,NORMA-21199,328
27,NORMA-18511,329
27,NORMA-1740,330
27,NORMA-20590,331
27,NORMA-20037,332
27,NORMA-20989,333
27,NORMA-2558,334
27,NORMA-21367,335
27,NORMA-2269,336
27,NORMA-21634,337
27,NORMA-11469,338
27,NORMA-20453,339
27,NORMA-18309,340
27,NORMA-1987,341
27,NORMA-11763,342
27,NORMA-20557,343
27,NORMA-21521,344
27,NORMA-25201,345
27,NORMA-11798,346
27,NORMA-19981,347
27,NORMA-18430,348
27,NORMA-17201,349
27,NORMA-1613,350
27,NORMA-18842,351
27,NORMA-11715,352
27,NORMA-14786,353
27,NORMA-2444,354
27,NORMA-8028,355
27,NORMA-21245,356
27,NORMA-6948,357
27,NORMA-2091,358
27,NORMA-18803,359
27,NORMA-18444,360
27,NORMA-6343,361
27,NORMA-18793,362
27,NORMA-2522,363
27,NORMA-20210,364
27,NORMA-1983,365
27,NORMA-2176,366
27,NORMA-2083,367
27,NORMA-2009,368
27,NORMA-2067,369
27,NORMA-479,370
27,NORMA-1994,371
27,NORMA-20425,372
27,NORMA-478,373
27,NORMA-20869,374
27,NORMA-19436,375
27,NORMA-15264,376
27,NORMA-21020,377
27,NORMA-122,378
27,NORMA-280,379
27,NORMA-19909,380
27,NORMA-11983,381
27,NORMA-7384,382
27,NORMA-18274,383
27,NORMA-18264,384
27,NORMA-12350,385
27,NORMA-11991,386
27,NORMA-19729,387
27,NORMA-3979,388
27,NORMA-18915,389
27,NORMA-20164,390
27,NORMA-12910,391
27,NORMA-16424,392
27,NORMA-19650,393
27,NORMA-18307,394
27,NORMA-6185,395
27,NORMA-18414,396
27,NORMA-21524,397
27,NORMA-20894,398
27,NORMA-14988,399
27,NORMA-12348,400
27,NORMA-14854,401
27,NORMA-10029,402
27,NORMA-18826,403
27,NORMA-14508,404
27,NORMA-1206,405
27,NORMA-9871,406
27,NORMA-11992,407
27,NORMA-18772,408
27,NORMA-20244,409
27,NORMA-13056,410
27,NORMA-21508,411
27,NORMA-10044,412
27,NORMA-20332,413
27,NORMA-9823,414
27,NORMA-19628,415
27,NORMA-18722,416
27,NORMA-11847,417
27,NORMA-11977,418
27,NORMA-9382,419
27,NORMA-1211,420
27,NORMA-20597,421
27,NORMA-12900,422
27,NORMA-12901,423
27,NORMA-1088,424
27,NORMA-20265,425
27,NORMA-15192,426
27,NORMA-18203,427
27,NORMA-10119,428
27,NORMA-20603,429
27,NORMA-21063,430
27,NORMA-18552,431
27,NORMA-15237,432
27,NORMA-11845,433
27,NORMA-1991,434
27,NORMA-361,435
27,NORMA-18378,436
27,NORMA-19667,437
27,NORMA-14148,438
27,NORMA-19520,439
27,NORMA-20428,440
27,NORMA-4909,441
27,NORMA-18435,442
27,NORMA-18450,443
27,NORMA-6509,444
27,NORMA-20931,445
27,NORMA-19292,446
27,NORMA-7651,447
27,NORMA-12329,448
27,NORMA-14555,449
27,NORMA-462,450
27,NORMA-2531,451
27,NORMA-126,452
27,NORMA-1471,453
27,NORMA-14556,454
27,NORMA-21461,455
27,NORMA-11984,456
27,NORMA-14501,457
27,NORMA-19620,458
27,NORMA-20180,459
27,NORMA-634,460
27,NORMA-20097,461
27,NORMA-19448,462
27,NORMA-21113,463
27,NORMA-778,464
27,NORMA-11790,465
27,NORMA-21792,466
27,NORMA-20381,467
27,NORMA-689,468
27,NORMA-21437,469
27,NORMA-2010,470
27,NORMA-19582,471
27,NORMA-11739,472
27,NORMA-15901,473
27,NORMA-21107,474
27,NORMA-18212,475
27,NORMA-18217,476
27,NORMA-20432,477
27,NORMA-11417,478
27,NORMA-21223,479
27,NORMA-20914,480
27,NORMA-20209,481
27,NORMA-20102,482
27,NORMA-2188,483
27,NORMA-6252,484
27,NORMA-19647,485
27,NORMA-19632,486
27,NORMA-60,487
27,NORMA-18781,488
27,NORMA-18825,489
27,NORMA-12039,490
27,NORMA-22862,491
27,NORMA-5128,492
27,NORMA-3382,493
27,NORMA-6198,494
27,NORMA-1566,495
27,NORMA-15239,496
27,NORMA-6128,497
27,NORMA-2126,498
27,NORMA-3638,499
27,NORMA-24582,500
27,NORMA-18434,501
27,NORMA-21249,502
27,NORMA-20183,503
27,NORMA-19917,504
27,NORMA-6134,505
27,NORMA-2395,506
27,NORMA-1,507
27,NORMA-21211,508
27,NORMA-5339,509
27,NORMA-18709,510
27,NORMA-6743,511
27,NORMA-6411,512
27,NORMA-14529,513
27,NORMA-6051,514
27,NORMA-5242,515
27,NORMA-20999,516
27,NORMA-249,517
27,NORMA-19299,518
27,NORMA-12729,519
27,NORMA-4075,520
27,NORMA-1374,521
27,NORMA-1445,522
27,NORMA-2542,523
27,NORMA-19232,524
27,NORMA-18685,525
27,NORMA-18439,526
27,NORMA-783,527
27,NORMA-15882,528
27,NORMA-18859,529
27,NORMA-21718,530
27,NORMA-20065,531
27,NORMA-6700,532
27,NORMA-1114,533
27,NORMA-2475,534
27,NORMA-19833,535
27,NORMA-1090,536
27,NORMA-20473,537
27,NORMA-12019,538
27,NORMA-20064,539
27,NORMA-6514,540
27,NORMA-4818,541
27,NORMA-21625,542
27,NORMA-18549,543
27,NORMA-19061,544
27,NORMA-807,545
27,NORMA-3846,546
27,NORMA-6621,547
27,NORMA-21730,548
27,NORMA-20376,549
27,NORMA-19617,550
27,NORMA-704,551
27,NORMA-20368,552
27,NORMA-14383,553
27,NORMA-21226,554
27,NORMA-5013,555
27,NORMA-19596,556
27,NORMA-3822,557
27,NORMA-15364,558
27,NORMA-21152,559
27,NORMA-4420,560
27,NORMA-21149,561
27,NORMA-21216,562
27,NORMA-6764,563
27,NORMA-1999,564
27,NORMA-4275,565
27,NORMA-20072,566
27,NORMA-14239,567
27,NORMA-11756,568
27,NORMA-11664,569
27,NORMA-1516,570
27,NORMA-14260,571
27,NORMA-996,572
27,NORMA-20157,573
27,NORMA-18405,574
27,NORMA-11655,575
27,NORMA-729,576
27,NORMA-20586,577
27,NORMA-18432,578
27,NORMA-19609,579
27,NORMA-6962,580
27,NORMA-18291,581
27,NORMA-21122,582
27,NORMA-20369,583
27,NORMA-21784,584
27,NORMA-211,585
27,NORMA-1541,586
27,NORMA-18806,587
27,NORMA-1035,588
27,NORMA-229,589
27,NORMA-18377,590
27,NORMA-19021,591
27,NORMA-18424,592
27,NORMA-2496,593
27,NORMA-417,594
27,NORMA-21286,595
27,NORMA-8522,596
27,NORMA-6954,597
27,NORMA-20070,598
27,NORMA-4194,599
27,NORMA-28001,600
27,NORMA-19081,601
27,NORMA-19919,602
27,NORMA-416,603
27,NORMA-11729,604
27,NORMA-3648,605
27,NORMA-18533,606
27,NORMA-6955,607
27,NORMA-6627,608
27,NORMA-2375,609
27,NORMA-13924,610
27,NORMA-19029,611
27,NORMA-21170,612
27,NORMA-14985,613
27,NORMA-1398,614
27,NORMA-18984,615
27,NORMA-12160,616
27,NORMA-4711,617
27,NORMA-18892,618
27,NORMA-292,619
27,NORMA-6684,620
27,NORMA-18734,621
27,NORMA-20257,622
27,NORMA-16268,623
27,NORMA-1619,624
27,NORMA-18682,625
27,NORMA-19605,626
27,NORMA-18827,627
27,NORMA-4664,628
27,NORMA-18204,629
27,NORMA-19735,630
27,NORMA-14236,631
27,NORMA-10318,632
27,NORMA-21446,633
27,NORMA-208,634
27,NORMA-20356,635
27,NORMA-19764,636
27,NORMA-18937,637
27,NORMA-1502,638
27,NORMA-207,639
27,NORMA-19384,640
27,NORMA-19631,641
27,NORMA-2921,642
27,NORMA-4038,643
27,NORMA-206,644
27,NORMA-21387,645
27,NORMA-18350,646
27,NORMA-10708,647
27,NORMA-20474,648
27,NORMA-19965,649
27,NORMA-970,650
27,NORMA-20184,651
27,NORMA-13106,652
27,NORMA-21607,653
27,NORMA-18474,654
27,NORMA-20723,655
27,NORMA-943,656
27,NORMA-974,657
27,NORMA-6758,658
27,NORMA-210,659
27,NORMA-8245,660
27,NORMA-18265,661
27,NORMA-27502,662
27,NORMA-11472,663
27,NORMA-21507,664
27,NORMA-20450,665
27,NORMA-11496,666
27,NORMA-12165,667
27,NORMA-9834,668
27,NORMA-969,669
27,NORMA-20055,670
27,NORMA-19581,671
27,NORMA-9984,672
27,NORMA-19564,673
27,NORMA-28981,674
27,NORMA-21224,675
27,NORMA-11470,676
27,NORMA-1463,677
27,NORMA-309,678
27,NORMA-21382,679
27,NORMA-61,680
27,NORMA-6641,681
27,NORMA-2399,682
27,NORMA-754,683
27,NORMA-4297,684
27,NORMA-4830,685
27,NORMA-555,686
27,NORMA-18654,687
27,NORMA-11670,688
27,NORMA-560,689
27,NORMA-18863,690
27,NORMA-20883,691
27,NORMA-209,692
27,NORMA-5653,693
27,NORMA-21244,694
27,NORMA-11981,695
27,NORMA-19930,696
27,NORMA-4886,697
27,NORMA-20451,698
27,NORMA-6880,699
27,NORMA-18248,700
27,NORMA-23564,701
27,NORMA-10691,702
27,NORMA-19122,703
27,NORMA-15028,704
27,NORMA-8387,705
27,NORMA-20834,706
27,NORMA-25523,707
27,NORMA-8163,708
27,NORMA-24583,709
27,NORMA-6217,710
27,NORMA-4747,711
27,NORMA-1222,712
27,NORMA-19182,713
27,NORMA-19950,714
27,NORMA-20239,715
27,NORMA-745,716
27,NORMA-19967,717
27,NORMA-19338,718
27,NORMA-19977,719
27,NORMA-19345,720
27,NORMA-19324,721
27,NORMA-4746,722
27,NORMA-12347,723
27,NORMA-19347,724
27,NORMA-19348,725
27,NORMA-19346,726
27,NORMA-19746,727
27,NORMA-12872,728
27,NORMA-8370,729
27,NORMA-13474,730
27,NORMA-3674,731
27,NORMA-19842,732
27,NORMA-20605,733
27,NORMA-14263,734
27,NORMA-8623,735
27,NORMA-7752,736
27,NORMA-19222,737
27,NORMA-28362,738
27,NORMA-21705,739
27,NORMA-20449,740
27,NORMA-28203,741
27,NORMA-11868,742
27,NORMA-20844,743
27,NORMA-14982,744
27,NORMA-20349,745
27,NORMA-20371,746
27,NORMA-18788,747
27,NORMA-5007,748
27,NORMA-8324,749
27,NORMA-6176,750
27,NORMA-9888,751
27,NORMA-18771,752
27,NORMA-19785,753
27,NORMA-2483,754
27,NORMA-11560,755
27,NORMA-835,756
27,NORMA-6957,757
27,NORMA-8258,758
27,NORMA-21631,759
27,NORMA-558,760
27,NORMA-7042,761
27,NORMA-4065,762
27,NORMA-18797,763
27,NORMA-11599,764
27,NORMA-509,765
27,NORMA-3342,766
27,NORMA-9717,767
27,NORMA-1671,768
27,NORMA-19941,769
27,NORMA-19181,770
27,NORMA-17281,771
27,NORMA-14996,772
27,NORMA-20220,773
27,NORMA-13772,774
27,NORMA-22001,775
27,NORMA-13796,776
27,NORMA-14308,777
27,NORMA-13323,778
27,NORMA-18832,779
27,NORMA-5097,780
27,NORMA-12875,781
27,NORMA-21456,782
27,NORMA-20053,783
27,NORMA-20421,784
27,NORMA-19383,785
27,NORMA-20688,786
27,NORMA-3804,787
27,NORMA-19768,788
27,NORMA-20196,789
27,NORMA-19800,790
27,NORMA-20948,791
27,NORMA-19799,792
27,NORMA-20422,793
27,NORMA-20460,794
27,NORMA-20359,795
27,NORMA-4750,796
27,NORMA-20344,797
27,NORMA-20835,798
27,NORMA-21135,799
27,NORMA-20339,800
27,NORMA-12029,801
27,NORMA-3181,802
27,NORMA-20197,803
27,NORMA-19637,804
27,NORMA-12006,805
27,NORMA-4898,806
27,NORMA-27062,807
27,NORMA-19724,808
27,NORMA-5375,809
27,NORMA-9297,810
27,NORMA-19643,811
27,NORMA-1567,812
27,NORMA-18706,813
27,NORMA-7729,814
27,NORMA-8562,815
27,NORMA-2,816
27,NORMA-18731,817
27,NORMA-5008,818
27,NORMA-18292,819
27,NORMA-19070,820
27,NORMA-20541,821
27,NORMA-20545,822
27,NORMA-11476,823
27,NORMA-21028,824
27,NORMA-19611,825
27,NORMA-18710,826
27,NORMA-18532,827
27,NORMA-18329,828
27,NORMA-19013,829
27,NORMA-20968,830
27,NORMA-10878,831
27,NORMA-180,832
27,NORMA-15427,833
27,NORMA-21032,834
27,NORMA-20885,835
27,NORMA-19018,836
27,NORMA-18846,837
27,NORMA-5191,838
27,NORMA-3966,839
27,NORMA-19272,840
27,NORMA-20403,841
27,NORMA-18326,842
27,NORMA-20191,843
27,NORMA-19740,844
27,NORMA-18253,845
27,NORMA-20113,846
27,NORMA-18857,847
27,NORMA-18780,848
27,NORMA-21333,849
27,NORMA-5118,850
27,NORMA-5938,851
27,NORMA-20538,852
27,NORMA-19955,853
27,NORMA-6318,854
27,NORMA-9785,855
27,NORMA-6075,856
27,NORMA-9595,857
27,NORMA-20465,858
27,NORMA-19077,859
27,NORMA-21328,860
27,NORMA-5408,861
27,NORMA-21783,862
27,NORMA-20398,863
27,NORMA-21490,864
27,NORMA-20709,865
27,NORMA-9893,866
27,NORMA-19249,867
27,NORMA-11757,868
27,NORMA-2588,869
27,NORMA-20166,870
27,NORMA-21659,871
27,NORMA-23027,872
27,NORMA-11627,873
27,NORMA-655,874
27,NORMA-29005,875
27,NORMA-19816,876
27,NORMA-21150,877
27,NORMA-14898,878
27,NORMA-20056,879
27,NORMA-21537,880
27,NORMA-1317,881
27,NORMA-1337,882
27,NORMA-19152,883
27,NORMA-9763,884
27,NORMA-12886,885
27,NORMA-3503,886
27,NORMA-3772,887
27,NORMA-19587,888
27,NORMA-19947,889
27,NORMA-19928,890
27,NORMA-7025,891
27,NORMA-14345,892
27,NORMA-12014,893
27,NORMA-12234,894
27,NORMA-26841,895
27,NORMA-20488,896
27,NORMA-21253,897
27,NORMA-13995,898
27,NORMA-13480,899
27,NORMA-20737,900
27,NORMA-24561,901
27,NORMA-20796,902
27,NORMA-24102,903
27,NORMA-6293,904
27,NORMA-13519,905
27,NORMA-18837,906
27,NORMA-19329,907
27,NORMA-12232,908
27,NORMA-15542,909
27,NORMA-13195,910
27,NORMA-13229,911
27,NORMA-7027,912
27,NORMA-28182,913
27,NORMA-28441,914
27,NORMA-222,915
27,NORMA-19879,916
27,NORMA-6970,917
27,NORMA-26003,918
27,NORMA-20838,919
27,NORMA-20444,920
27,NORMA-20246,921
27,NORMA-8918,922
27,NORMA-15027,923
27,NORMA-8458,924
27,NORMA-772,925
27,NORMA-18501,926
27,NORMA-6085,927
27,NORMA-6639,928
27,NORMA-8576,929
27,NORMA-5227,930
27,NORMA-19777,931
27,NORMA-18383,932
27,NORMA-18818,933
27,NORMA-7771,934
27,NORMA-21744,935
27,NORMA-21015,936
27,NORMA-20206,937
27,NORMA-20192,938
27,NORMA-20151,939
27,NORMA-20572,940
27,NORMA-6083,941
27,NORMA-18295,942
27,NORMA-18683,943
27,NORMA-1421,944
27,NORMA-4820,945
27,NORMA-19959,946
27,NORMA-12637,947
27,NORMA-18883,948
27,NORMA-18417,949
27,NORMA-11751,950
27,NORMA-8027,951
27,NORMA-18898,952
27,NORMA-14113,953
27,NORMA-5031,954
27,NORMA-20573,955
27,NORMA-1620,956
27,NORMA-21523,957
27,NORMA-5478,958
27,NORMA-7953,959
27,NORMA-14673,960
27,NORMA-21236,961
27,NORMA-19170,962
27,NORMA-5982,963
27,NORMA-18882,964
27,NORMA-21124,965
27,NORMA-21237,966
27,NORMA-20480,967
27,NORMA-4826,968
27,NORMA-18699,969
27,NORMA-18931,970
27,NORMA-18603,971
27,NORMA-18729,972
27,NORMA-10200,973
27,NORMA-23701,974
27,NORMA-9493,975
27,NORMA-18545,976
27,NORMA-8827,977
27,NORMA-18339,978
27,NORMA-20503,979
27,NORMA-658,980
27,NORMA-18862,981
27,NORMA-19599,982
27,NORMA-7319,983
27,NORMA-25981,984
27,NORMA-20440,985
27,NORMA-18671,986
27,NORMA-20542,987
27,NORMA-27555,988
27,NORMA-10865,989
27,NORMA-5692,990
27,NORMA-14459,991
27,NORMA-21413,992
27,NORMA-9358,993
27,NORMA-18802,994
27,NORMA-21210,995
27,NORMA-2089,996
27,NORMA-19806,997
27,NORMA-6819,998
27,NORMA-19948,999
27,NORMA-12060,1000
28,NORMA-22941,1
28,NORMA-6395,2
28,NORMA-19128,3
28,NORMA-18631,4
28,NORMA-21261,5
28,NORMA-19684,6
28,NORMA-21245,7
28,NORMA-21225,8
28,NORMA-19646,9
28,NORMA-12094,10
28,NORMA-6677,11
28,NORMA-19337,12
28,NORMA-20797,13
28,NORMA-6676,14
28,NORMA-15242,15
28,NORMA-20135,16
28,NORMA-6710,17
28,NORMA-12171,18
28,NORMA-18201,19
28,NORMA-12245,20
28,NORMA-21650,21
28,NORMA-12859,22
28,NORMA-6655,23
28,NORMA-12236,24
28,NORMA-21521,25
28,NORMA-7095,26
28,NORMA-1516,27
28,NORMA-27062,28
28,NORMA-15921,29
28,NORMA-1463,30
28,NORMA-15901,31
28,NORMA-11866,32
28,NORMA-11454,33
28,NORMA-6894,34
28,NORMA-18747,35
28,NORMA-13471,36
28,NORMA-10267,37
28,NORMA-8931,38
28,NORMA-19650,39
28,NORMA-21744,40
28,NORMA-20796,41
28,NORMA-21429,42
28,NORMA-28422,43
28,NORMA-12237,44
28,NORMA-20402,45
28,NORMA-6957,46
28,NORMA-833,47
28,NORMA-21105,48
28,NORMA-18646,49
28,NORMA-12063,50
28,NORMA-6627,51
28,NORMA-14850,52
28,NORMA-18591,53
28,NORMA-21776,54
28,NORMA-19378,55
28,NORMA-12052,56
28,NORMA-8772,57
28,NORMA-10117,58
28,NORMA-1573,59
28,NORMA-10975,60
28,NORMA-11862,61
28,NORMA-11921,62
28,NORMA-21343,63
28,NORMA-13545,64
28,NORMA-18980,65
28,NORMA-12092,66
28,NORMA-14688,67
28,NORMA-12172,68
28,NORMA-15229,69
28,NORMA-21647,70
28,NORMA-534,71
28,NORMA-21326,72
28,NORMA-11272,73
28,NORMA-19730,74
28,NORMA-12235,75
28,NORMA-19640,76
28,NORMA-11805,77
28,NORMA-20209,78
28,NORMA-552,79
28,NORMA-15060,80
28,NORMA-1608,81
28,NORMA-1222,82
28,NORMA-21541,83
28,NORMA-21762,84
28,NORMA-21683,85
28,NORMA-18436,86
28,NORMA-1283,87
28,NORMA-14814,88
28,NORMA-18293,89
28,NORMA-1620,90
28,NORMA-12163,91
28,NORMA-19613,92
28,NORMA-12020,93
28,NORMA-31904,94
28,NORMA-13473,95
28,NORMA-21544,96
28,NORMA-21126,97
28,NORMA-13771,98
28,NORMA-21684,99
28,NORMA-15004,100
28,NORMA-21069,101
28,NORMA-21550,102
28,NORMA-19105,103
28,NORMA-21533,104
28,NORMA-19933,105
28,NORMA-18955,106
28,NORMA-13990,107
28,NORMA-7194,108
28,NORMA-535,109
28,NORMA-3201,110
28,NORMA-1578,111
28,NORMA-20507,112
28,NORMA-19675,113
28,NORMA-19634,114
28,NORMA-28281,115
28,NORMA-143,116
28,NORMA-21456,117
28,NORMA-1,118
28,NORMA-19965,119
28,NORMA-20847,120
28,NORMA-21648,121
28,NORMA-9481,122
28,NORMA-2981,123
28,NORMA-12019,124
28,NORMA-28181,125
28,NORMA-20186,126
28,NORMA-21626,127
28,NORMA-11418,128
28,NORMA-6389,129
28,NORMA-21695,130
28,NORMA-6022,131
28,NORMA-12104,132
28,NORMA-12030,133
28,NORMA-24661,134
28,NORMA-9835,135
28,NORMA-19564,136
28,NORMA-19172,137
28,NORMA-18223,138
28,NORMA-21631,139
28,NORMA-14890,140
28,NORMA-19343,141
28,NORMA-18906,142
28,NORMA-19092,143
28,NORMA-13918,144
28,NORMA-20182,145
28,NORMA-19542,146
28,NORMA-54,147
28,NORMA-11804,148
28,NORMA-18825,149
28,NORMA-20865,150
28,NORMA-19096,151
28,NORMA-778,152
28,NORMA-21110,153
28,NORMA-12031,154
28,NORMA-4314,155
28,NORMA-11528,156
28,NORMA-23881,157
28,NORMA-19853,158
28,NORMA-21420,159
28,NORMA-13470,160
28,NORMA-20887,161
28,NORMA-7015,162
28,NORMA-20208,163
28,NORMA-31903,164
28,NORMA-13345,165
28,NORMA-19968,166
28,NORMA-13772,167
28,NORMA-19875,168
28,NORMA-5853,169
28,NORMA-21269,170
28,NORMA-6629,171
28,NORMA-5417,172
28,NORMA-27044,173
28,NORMA-6752,174
28,NORMA-27384,175
28,NORMA-11087,176
28,NORMA-4588,177
28,NORMA-8774,178
28,NORMA-229,179
28,NORMA-6084,180
28,NORMA-12858,181
28,NORMA-21606,182
28,NORMA-26881,183
28,NORMA-20879,184
28,NORMA-6720,185
28,NORMA-4277,186
28,NORMA-11715,187
28,NORMA-18233,188
28,NORMA-13671,189
28,NORMA-19408,190
28,NORMA-21508,191
28,NORMA-19746,192
28,NORMA-14501,193
28,NORMA-23222,194
28,NORMA-2184,195
28,NORMA-20708,196
28,NORMA-20425,197
28,NORMA-21384,198
28,NORMA-14099,199
28,NORMA-10797,200
28,NORMA-14508,201
28,NORMA-20184,202
28,NORMA-21524,203
28,NORMA-13056,204
28,NORMA-9457,205
28,NORMA-17201,206
28,NORMA-4926,207
28,NORMA-19190,208
28,NORMA-11665,209
28,NORMA-18989,210
28,NORMA-12900,211
28,NORMA-12901,212
28,NORMA-20224,213
28,NORMA-20196,214
28,NORMA-20917,215
28,NORMA-3181,216
28,NORMA-14746,217
28,NORMA-7326,218
28,NORMA-7351,219
28,NORMA-20494,220
28,NORMA-13029,221
28,NORMA-3281,222
28,NORMA-10116,223
28,NORMA-20189,224
28,NORMA-9147,225
28,NORMA-22101,226
28,NORMA-11300,227
28,NORMA-19704,228
28,NORMA-21313,229
28,NORMA-27364,230
28,NORMA-21220,231
28,NORMA-21588,232
28,NORMA-21530,233
28,NORMA-854,234
28,NORMA-835,235
28,NORMA-11085,236
28,NORMA-8205,237
28,NORMA-19379,238
28,NORMA-19557,239
28,NORMA-21678,240
28,NORMA-8771,241
28,NORMA-5184,242
28,NORMA-20421,243
28,NORMA-21608,244
28,NORMA-20172,245
28,NORMA-21651,246
28,NORMA-18205,247
28,NORMA-14294,248
28,NORMA-15208,249
28,NORMA-21705,250
28,NORMA-21336,251
28,NORMA-20941,252
28,NORMA-19844,253
28,NORMA-18203,254
28,NORMA-21453,255
28,NORMA-21680,256
28,NORMA-19799,257
28,NORMA-28362,258
28,NORMA-19352,259
28,NORMA-19655,260
28,NORMA-20174,261
28,NORMA-21159,262
28,NORMA-12588,263
28,NORMA-11198,264
28,NORMA-20144,265
28,NORMA-12663,266
28,NORMA-13476,267
28,NORMA-20192,268
28,NORMA-6636,269
28,NORMA-21739,270
28,NORMA-18839,271
28,NORMA-18815,272
28,NORMA-21713,273
28,NORMA-21071,274
28,NORMA-20171,275
28,NORMA-6698,276
28,NORMA-18806,277
28,NORMA-26003,278
28,NORMA-21275,279
28,NORMA-20072,280
28,NORMA-21784,281
28,NORMA-11864,282
28,NORMA-19205,283
28,NORMA-12161,284
28,NORMA-1092,285
28,NORMA-19164,286
28,NORMA-21344,287
28,NORMA-18656,288
28,NORMA-21147,289
28,NORMA-1567,290
28,NORMA-8773,291
28,NORMA-4587,292
28,NORMA-11443,293
28,NORMA-974,294
28,NORMA-18981,295
28,NORMA-2563,296
28,NORMA-21554,297
28,NORMA-20894,298
28,NORMA-21279,299
28,NORMA-21768,300
28,NORMA-21157,301
28,NORMA-1442,302
28,NORMA-2660,303
28,NORMA-18967,304
28,NORMA-1332,305
28,NORMA-25523,306
28,NORMA-19429,307
28,NORMA-18697,308
28,NORMA-21286,309
28,NORMA-15902,310
28,NORMA-17321,311
28,NORMA-13265,312
28,NORMA-15167,313
28,NORMA-21356,314
28,NORMA-12630,315
28,NORMA-19245,316
28,NORMA-1388,317
28,NORMA-20197,318
28,NORMA-20709,319
28,NORMA-25902,320
28,NORMA-1663,321
28,NORMA-15396,322
28,NORMA-13474,323
28,NORMA-27365,324
28,NORMA-15045,325
28,NORMA-3820,326
28,NORMA-20870,327
28,NORMA-14542,328
28,NORMA-21367,329
28,NORMA-12613,330
28,NORMA-21193,331
28,NORMA-1674,332
28,NORMA-23682,333
28,NORMA-3907,334
28,NORMA-1474,335
28,NORMA-12038,336
28,NORMA-18350,337
28,NORMA-3821,338
28,NORMA-14813,339
28,NORMA-10473,340
28,NORMA-13789,341
28,NORMA-8204,342
28,NORMA-19010,343
28,NORMA-5536,344
28,NORMA-15701,345
28,NORMA-6962,346
28,NORMA-26102,347
28,NORMA-21638,348
28,NORMA-18838,349
28,NORMA-4515,350
28,NORMA-10309,351
28,NORMA-21299,352
28,NORMA-680,353
28,NORMA-19667,354
28,NORMA-13919,355
28,NORMA-18264,356
28,NORMA-18360,357
28,NORMA-21264,358
28,NORMA-783,359
28,NORMA-9888,360
28,NORMA-21537,361
28,NORMA-13094,362
28,NORMA-14581,363
28,NORMA-4091,364
28,NORMA-19842,365
28,NORMA-19643,366
28,NORMA-20121,367
28,NORMA-21419,368
28,NORMA-6185,369
28,NORMA-18418,370
28,NORMA-21012,371
28,NORMA-19609,372
28,NORMA-6318,373
28,NORMA-19295,374
28,NORMA-18992,375
28,NORMA-21181,376
28,NORMA-28802,377
28,NORMA-18772,378
28,NORMA-6669,379
28,NORMA-15211,380
28,NORMA-18227,381
28,NORMA-754,382
28,NORMA-11086,383
28,NORMA-21659,384
28,NORMA-21023,385
28,NORMA-385,386
28,NORMA-20995,387
28,NORMA-20304,388
28,NORMA-19088,389
28,NORMA-12911,390
28,NORMA-18669,391
28,NORMA-9595,392
28,NORMA-634,393
28,NORMA-2183,394
28,NORMA-6595,395
28,NORMA-12067,396
28,NORMA-60,397
28,NORMA-13746,398
28,NORMA-21717,399
28,NORMA-27064,400
28,NORMA-14828,401
28,NORMA-21630,402
28,NORMA-18603,403
28,NORMA-13552,404
28,NORMA-13586,405
28,NORMA-20687,406
28,NORMA-18541,407
28,NORMA-11798,408
28,NORMA-20183,409
28,NORMA-18221,410
28,NORMA-1009,411
28,NORMA-72,412
28,NORMA-9785,413
28,NORMA-33728,414
28,NORMA-13472,415
28,NORMA-5008,416
28,NORMA-21437,417
28,NORMA-12170,418
28,NORMA-21239,419
28,NORMA-21201,420
28,NORMA-6253,421
28,NORMA-21249,422
28,NORMA-19977,423
28,NORMA-6895,424
28,NORMA-27063,425
28,NORMA-10375,426
28,NORMA-5280,427
28,NORMA-1013,428
28,NORMA-21523,429
28,NORMA-14937,430
28,NORMA-18411,431
28,NORMA-6621,432
28,NORMA-1421,433
28,NORMA-23521,434
28,NORMA-1485,435
28,NORMA-1365,436
28,NORMA-1555,437
28,NORMA-14462,438
28,NORMA-6006,439
28,NORMA-18528,440
28,NORMA-13158,441
28,NORMA-20263,442
28,NORMA-1535,443
28,NORMA-13218,444
28,NORMA-4630,445
28,NORMA-1512,446
28,NORMA-27550,447
28,NORMA-21634,448
28,NORMA-14302,449
28,NORMA-30043,450
28,NORMA-22862,451
28,NORMA-5170,452
28,NORMA-1173,453
28,NORMA-13469,454
28,NORMA-834,455
28,NORMA-18359,456
28,NORMA-20705,457
28,NORMA-19787,458
28,NORMA-13298,459
28,NORMA-18517,460
28,NORMA-11417,461
28,NORMA-18403,462
28,NORMA-18974,463
28,NORMA-20201,464
28,NORMA-20565,465
28,NORMA-11655,466
28,NORMA-8203,467
28,NORMA-10629,468
28,NORMA-14239,469
28,NORMA-1740,470
28,NORMA-18542,471
28,NORMA-16202,472
28,NORMA-9382,473
28,NORMA-18720,474
28,NORMA-18243,475
28,NORMA-6702,476
28,NORMA-20191,477
28,NORMA-11739,478
28,NORMA-14788,479
28,NORMA-20512,480
28,NORMA-21386,481
28,NORMA-21563,482
28,NORMA-863,483
28,NORMA-1337,484
28,NORMA-16403,485
28,NORMA-15239,486
28,NORMA-1256,487
28,NORMA-18394,488
28,NORMA-666,489
28,NORMA-12877,490
28,NORMA-664,491
28,NORMA-594,492
28,NORMA-871,493
28,NORMA-5626,494
28,NORMA-16481,495
28,NORMA-20167,496
28,NORMA-1846,497
28,NORMA-20873,498
28,NORMA-28961,499
28,NORMA-9834,500
28,NORMA-12103,501
28,NORMA-865,502
28,NORMA-11572,503
28,NORMA-19170,504
28,NORMA-1033,505
28,NORMA-966,506
28,NORMA-10865,507
28,NORMA-9358,508
28,NORMA-1026,509
28,NORMA-749,510
28,NORMA-19651,511
28,NORMA-12415,512
28,NORMA-972,513
28,NORMA-2032,514
28,NORMA-20621,515
28,NORMA-25964,516
28,NORMA-12923,517
28,NORMA-13124,518
28,NORMA-19416,519
28,NORMA-4514,520
28,NORMA-19733,521
28,NORMA-20199,522
28,NORMA-1144,523
28,NORMA-19330,524
28,NORMA-18823,525
28,NORMA-6955,526
28,NORMA-15028,527
28,NORMA-12733,528
28,NORMA-26124,529
28,NORMA-13308,530
28,NORMA-2189,531
28,NORMA-20185,532
28,NORMA-21139,533
28,NORMA-18548,534
28,NORMA-6509,535
28,NORMA-703,536
28,NORMA-1192,537
28,NORMA-14293,538
28,NORMA-18762,539
28,NORMA-27761,540
28,NORMA-2574,541
28,NORMA-7149,542
28,NORMA-850,543
28,NORMA-20443,544
28,NORMA-20886,545
28,NORMA-2426,546
28,NORMA-1164,547
28,NORMA-18325,548
28,NORMA-5431,549
28,NORMA-878,550
28,NORMA-11758,551
28,NORMA-1470,552
28,NORMA-984,553
28,NORMA-10123,554
28,NORMA-19627,555
28,NORMA-7651,556
28,NORMA-1044,557
28,NORMA-2536,558
28,NORMA-11473,559
28,NORMA-1296,560
28,NORMA-903,561
28,NORMA-19658,562
28,NORMA-883,563
28,NORMA-16424,564
28,NORMA-9893,565
28,NORMA-4818,566
28,NORMA-19212,567
28,NORMA-20188,568
28,NORMA-18303,569
28,NORMA-13905,570
28,NORMA-27045,571
28,NORMA-12099,572
28,NORMA-11679,573
28,NORMA-14474,574
28,NORMA-20474,575
28,NORMA-6970,576
28,NORMA-11236,577
28,NORMA-2546,578
28,NORMA-20204,579
28,NORMA-21547,580
28,NORMA-6753,581
28,NORMA-19192,582
28,NORMA-20155,583
28,NORMA-978,584
28,NORMA-20813,585
28,NORMA-11577,586
28,NORMA-5586,587
28,NORMA-14724,588
28,NORMA-21562,589
28,NORMA-570,590
28,NORMA-4424,591
28,NORMA-7525,592
28,NORMA-9792,593
28,NORMA-11578,594
28,NORMA-14390,595
28,NORMA-21393,596
28,NORMA-923,597
28,NORMA-12437,598
28,NORMA-18802,599
28,NORMA-15237,600
28,NORMA-19535,601
28,NORMA-12049,602
28,NORMA-20945,603
28,NORMA-8522,604
28,NORMA-21309,605
28,NORMA-7022,606
28,NORMA-20098,607
28,NORMA-2089,608
28,NORMA-18378,609
28,NORMA-21072,610
28,NORMA-11356,611
28,NORMA-9823,612
28,NORMA-20065,613
28,NORMA-18294,614
28,NORMA-18446,615
28,NORMA-8706,616
28,NORMA-18474,617
28,NORMA-19519,618
28,NORMA-21140,619
28,NORMA-19051,620
28,NORMA-2371,621
28,NORMA-20891,622
28,NORMA-417,623
28,NORMA-21065,624
28,NORMA-24961,625
28,NORMA-18835,626
28,NORMA-20840,627
28,NORMA-6948,628
28,NORMA-6954,629
28,NORMA-3642,630
28,NORMA-18554,631
28,NORMA-19329,632
28,NORMA-18935,633
28,NORMA-20880,634
28,NORMA-3819,635
28,NORMA-18380,636
28,NORMA-20911,637
28,NORMA-13864,638
28,NORMA-18280,639
28,NORMA-11688,640
28,NORMA-5792,641
28,NORMA-18462,642
28,NORMA-21203,643
28,NORMA-20202,644
28,NORMA-26701,645
28,NORMA-222,646
28,NORMA-19553,647
28,NORMA-19442,648
28,NORMA-21519,649
28,NORMA-3511,650
28,NORMA-1619,651
28,NORMA-19515,652
28,NORMA-1260,653
28,NORMA-6343,654
28,NORMA-19574,655
28,NORMA-12027,656
28,NORMA-19448,657
28,NORMA-18892,658
28,NORMA-21496,659
28,NORMA-4786,660
28,NORMA-19290,661
28,NORMA-21535,662
28,NORMA-21324,663
28,NORMA-28203,664
28,NORMA-12048,665
28,NORMA-19561,666
28,NORMA-2413,667
28,NORMA-18685,668
28,NORMA-19883,669
28,NORMA-11316,670
28,NORMA-19761,671
28,NORMA-11766,672
28,NORMA-5361,673
28,NORMA-12066,674
28,NORMA-21767,675
28,NORMA-4278,676
28,NORMA-4586,677
28,NORMA-19859,678
28,NORMA-20818,679
28,NORMA-3979,680
28,NORMA-8028,681
28,NORMA-18801,682
28,NORMA-19152,683
28,NORMA-19422,684
28,NORMA-18934,685
28,NORMA-11680,686
28,NORMA-11771,687
28,NORMA-8119,688
28,NORMA-19155,689
28,NORMA-20772,690
28,NORMA-11164,691
28,NORMA-11571,692
28,NORMA-11610,693
28,NORMA-802,694
28,NORMA-19181,695
28,NORMA-2475,696
28,NORMA-21268,697
28,NORMA-1132,698
28,NORMA-18377,699
28,NORMA-19509,700
28,NORMA-4396,701
28,NORMA-20123,702
28,NORMA-4909,703
28,NORMA-20902,704
28,NORMA-59,705
28,NORMA-11814,706
28,NORMA-567,707
28,NORMA-11560,708
28,NORMA-19221,709
28,NORMA-6505,710
28,NORMA-660,711
28,NORMA-19351,712
28,NORMA-416,713
28,NORMA-13508,714
28,NORMA-18225,715
28,NORMA-11496,716
28,NORMA-20700,717
28,NORMA-801,718
28,NORMA-20969,719
28,NORMA-20777,720
28,NORMA-2013,721
28,NORMA-19119,722
28,NORMA-2185,723
28,NORMA-18767,724
28,NORMA-18769,725
28,NORMA-19256,726
28,NORMA-9724,727
28,NORMA-1611,728
28,NORMA-8384,729
28,NORMA-18695,730
28,NORMA-554,731
28,NORMA-21595,732
28,NORMA-11563,733
28,NORMA-4631,734
28,NORMA-21586,735
28,NORMA-21459,736
28,NORMA-20002,737
28,NORMA-20950,738
28,NORMA-19727,739
28,NORMA-21522,740
28,NORMA-19945,741
28,NORMA-12113,742
28,NORMA-17281,743
28,NORMA-33288,744
28,NORMA-13195,745
28,NORMA-19597,746
28,NORMA-20426,747
28,NORMA-20999,748
28,NORMA-19220,749
28,NORMA-20817,750
28,NORMA-22001,751
28,NORMA-14345,752
28,NORMA-558,753
28,NORMA-18873,754
28,NORMA-7025,755
28,NORMA-13995,756
28,NORMA-21241,757
28,NORMA-18344,758
28,NORMA-19426,759
28,NORMA-21756,760
28,NORMA-13480,761
28,NORMA-18435,762
28,NORMA-33308,763
28,NORMA-20962,764
28,NORMA-22721,765
28,NORMA-837,766
28,NORMA-1370,767
28,NORMA-6623,768
28,NORMA-3001,769
28,NORMA-21004,770
28,NORMA-20397,771
28,NORMA-11524,772
28,NORMA-20249,773
28,NORMA-18527,774
28,NORMA-18692,775
28,NORMA-19061,776
28,NORMA-20137,777
28,NORMA-12657,778
28,NORMA-29005,779
28,NORMA-14113,780
28,NORMA-317,781
28,NORMA-21217,782
28,NORMA-21342,783
28,NORMA-21721,784
28,NORMA-19715,785
28,NORMA-21792,786
28,NORMA-18207,787
28,NORMA-144,788
28,NORMA-18722,789
28,NORMA-19682,790
28,NORMA-220,791
28,NORMA-20869,792
28,NORMA-20569,793
28,NORMA-13323,794
28,NORMA-11768,795
28,NORMA-21273,796
28,NORMA-20175,797
28,NORMA-6083,798
28,NORMA-18788,799
28,NORMA-15027,800
28,NORMA-11574,801
28,NORMA-18545,802
28,NORMA-20915,803
28,NORMA-18530,804
28,NORMA-36,805
28,NORMA-27101,806
28,NORMA-19444,807
28,NORMA-18922,808
28,NORMA-20089,809
28,NORMA-21135,810
28,NORMA-5421,811
28,NORMA-19830,812
28,NORMA-1317,813
28,NORMA-21156,814
28,NORMA-20460,815
28,NORMA-11556,816
28,NORMA-18962,817
28,NORMA-21394,818
28,NORMA-19588,819
28,NORMA-11776,820
28,NORMA-6759,821
28,NORMA-3825,822
28,NORMA-19056,823
28,NORMA-19581,824
28,NORMA-20742,825
28,NORMA-251,826
28,NORMA-18979,827
28,NORMA-21526,828
28,NORMA-943,829
28,NORMA-11780,830
28,NORMA-7012,831
28,NORMA-6256,832
28,NORMA-15561,833
28,NORMA-18797,834
28,NORMA-21515,835
28,NORMA-19383,836
28,NORMA-19021,837
28,NORMA-616,838
28,NORMA-11687,839
28,NORMA-20129,840
28,NORMA-20861,841
28,NORMA-2076,842
28,NORMA-20793,843
28,NORMA-20477,844
28,NORMA-11999,845
28,NORMA-20369,846
28,NORMA-18773,847
28,NORMA-19624,848
28,NORMA-7241,849
28,NORMA-581,850
28,NORMA-4710,851
28,NORMA-9297,852
28,NORMA-6880,853
28,NORMA-19928,854
28,NORMA-19503,855
28,NORMA-20205,856
28,NORMA-12021,857
28,NORMA-19606,858
28,NORMA-819,859
28,NORMA-27501,860
28,NORMA-21277,861
28,NORMA-981,862
28,NORMA-21278,863
28,NORMA-21757,864
28,NORMA-18420,865
28,NORMA-18463,866
28,NORMA-18401,867
28,NORMA-250,868
28,NORMA-18870,869
28,NORMA-23027,870
28,NORMA-252,871
28,NORMA-19573,872
28,NORMA-27341,873
28,NORMA-20166,874
28,NORMA-21218,875
28,NORMA-8814,876
28,NORMA-20195,877
28,NORMA-20429,878
28,NORMA-12002,879
28,NORMA-5360,880
28,NORMA-8027,881
28,NORMA-19919,882
28,NORMA-19559,883
28,NORMA-19081,884
28,NORMA-20643,885
28,NORMA-20108,886
28,NORMA-19603,887
28,NORMA-21407,888
28,NORMA-18375,889
28,NORMA-19845,890
28,NORMA-19454,891
28,NORMA-19358,892
28,NORMA-18730,893
28,NORMA-21231,894
28,NORMA-20906,895
28,NORMA-6398,896
28,NORMA-6856,897
28,NORMA-11791,898
28,NORMA-5496,899
28,NORMA-6953,900
28,NORMA-21545,901
28,NORMA-12060,902
28,NORMA-7011,903
28,NORMA-4583,904
28,NORMA-21791,905
28,NORMA-19009,906
28,NORMA-18368,907
28,NORMA-6199,908
28,NORMA-24102,909
28,NORMA-21624,910
28,NORMA-19431,911
28,NORMA-21366,912
28,NORMA-21242,913
28,NORMA-4746,914
28,NORMA-18492,915
28,NORMA-6819,916
28,NORMA-20141,917
28,NORMA-7110,918
28,NORMA-18750,919
28,NORMA-10821,920
28,NORMA-20448,921
28,NORMA-19167,922
28,NORMA-380,923
28,NORMA-7007,924
28,NORMA-228,925
28,NORMA-8206,926
28,NORMA-19315,927
28,NORMA-11599,928
28,NORMA-19571,929
28,NORMA-20503,930
28,NORMA-6488,931
28,NORMA-13160,932
28,NORMA-21460,933
28,NORMA-6268,934
28,NORMA-15427,935
28,NORMA-6820,936
28,NORMA-21184,937
28,NORMA-9871,938
28,NORMA-20349,939
28,NORMA-6257,940
28,NORMA-10044,941
28,NORMA-15465,942
28,NORMA-21497,943
28,NORMA-18781,944
28,NORMA-21774,945
28,NORMA-7027,946
28,NORMA-18407,947
28,NORMA-11621,948
28,NORMA-20465,949
28,NORMA-12029,950
28,NORMA-19829,951
28,NORMA-20901,952
28,NORMA-20725,953
28,NORMA-6757,954
28,NORMA-18208,955
28,NORMA-21461,956
28,NORMA-21387,957
28,NORMA-21694,958
28,NORMA-19565,959
28,NORMA-20316,960
28,NORMA-21556,961
28,NORMA-8575,962
28,NORMA-21552,963
28,NORMA-10878,964
28,NORMA-21158,965
28,NORMA-21507,966
28,NORMA-15272,967
28,NORMA-21637,968
28,NORMA-18691,969
28,NORMA-7390,970
28,NORMA-18434,971
28,NORMA-20721,972
28,NORMA-21561,973
28,NORMA-18988,974
28,NORMA-20488,975
28,NORMA-21532,976
28,NORMA-3503,977
28,NORMA-5226,978
28,NORMA-6958,979
28,NORMA-18709,980
28,NORMA-19468,981
28,NORMA-26841,982
28,NORMA-18654,983
28,NORMA-1471,984
28,NORMA-18978,985
28,NORMA-483,986
28,NORMA-1250,987
28,NORMA-19969,988
28,NORMA-11594,989
28,NORMA-11631,990
28,NORMA-3381,991
28,NORMA-20566,992
28,NORMA-21208,993
28,NORMA-18502,994
28,NORMA-12952,995
28,NORMA-10029,996
28,NORMA-21254,997
28,NORMA-2,998
28,NORMA-21113,999
28,NORMA-19828,1000
29,NORMA-76,1
29,NORMA-1433,2
29,NORMA-1295,3
29,NORMA-483,4
29,NORMA-996,5
29,NORMA-3382,6
29,NORMA-18301,7
29,NORMA-18798,8
29,NORMA-818,9
29,NORMA-15521,10
29,NORMA-1332,11
29,NORMA-1398,12
29,NORMA-2496,13
29,NORMA-18424,14
29,NORMA-18446,15
29,NORMA-18434,16
29,NORMA-20477,17
29,NORMA-976,18
29,NORMA-1442,19
29,NORMA-18436,20
29,NORMA-1306,21
29,NORMA-358,22
29,NORMA-2413,23
29,NORMA-17221,24
29,NORMA-21126,25
29,NORMA-20849,26
29,NORMA-18740,27
29,NORMA-21069,28
29,NORMA-12657,29
29,NORMA-1173,30
29,NORMA-18450,31
29,NORMA-972,32
29,NORMA-20460,33
29,NORMA-21308,34
29,NORMA-19568,35
29,NORMA-2157,36
29,NORMA-21135,37
29,NORMA-12165,38
29,NORMA-23501,39
29,NORMA-18492,40
29,NORMA-18219,41
29,NORMA-7110,42
29,NORMA-12039,43
29,NORMA-751,44
29,NORMA-19895,45
29,NORMA-2523,46
29,NORMA-385,47
29,NORMA-18541,48
29,NORMA-20995,49
29,NORMA-1260,50
29,NORMA-6880,51
29,NORMA-18233,52
29,NORMA-20474,53
29,NORMA-12228,54
29,NORMA-20465,55
29,NORMA-838,56
29,NORMA-18394,57
29,NORMA-20468,58
29,NORMA-20625,59
29,NORMA-20873,60
29,NORMA-18549,61
29,NORMA-20930,62
29,NORMA-20943,63
29,NORMA-11631,64
29,NORMA-75,65
29,NORMA-21521,66
29,NORMA-21002,67
29,NORMA-21249,68
29,NORMA-21028,69
29,NORMA-21305,70
29,NORMA-18451,71
29,NORMA-20359,72
29,NORMA-18815,73
29,NORMA-20865,74
29,NORMA-11999,75
29,NORMA-19486,76
29,NORMA-21725,77
29,NORMA-12002,78
29,NORMA-20426,79
29,NORMA-755,80
29,NORMA-12160,81
29,NORMA-11798,82
29,NORMA-12048,83
29,NORMA-6948,84
29,NORMA-11780,85
29,NORMA-8028,86
29,NORMA-11758,87
29,NORMA-20103,88
29,NORMA-11473,89
29,NORMA-20196,90
29,NORMA-3201,91
29,NORMA-423,92
29,NORMA-19805,93
29,NORMA-28181,94
29,NORMA-6630,95
29,NORMA-11864,96
29,NORMA-82,97
29,NORMA-12015,98
29,NORMA-11868,99
29,NORMA-12035,100
29,NORMA-6967,101
29,NORMA-745,102
29,NORMA-20182,103
29,NORMA-2536,104
29,NORMA-20443,105
29,NORMA-20402,106
29,NORMA-28281,107
29,NORMA-12049,108
29,NORMA-15004,109
29,NORMA-1471,110
29,NORMA-19200,111
29,NORMA-1341,112
29,NORMA-2184,113
29,NORMA-11474,114
29,NORMA-6316,115
29,NORMA-20137,116
29,NORMA-6181,117
29,NORMA-11527,118
29,NORMA-19456,119
29,NORMA-19275,120
29,NORMA-19507,121
29,NORMA-21431,122
29,NORMA-20280,123
29,NORMA-11790,124
29,NORMA-21052,125
29,NORMA-18806,126
29,NORMA-20091,127
29,NORMA-20425,128
29,NORMA-19384,129
29,NORMA-12005,130
29,NORMA-18411,131
29,NORMA-1348,132
29,NORMA-21267,133
29,NORMA-20941,134
29,NORMA-20796,135
29,NORMA-1994,136
29,NORMA-2032,137
29,NORMA-12014,138
29,NORMA-12234,139
29,NORMA-20861,140
29,NORMA-21537,141
29,NORMA-12232,142
29,NORMA-20369,143
29,NORMA-20164,144
29,NORMA-18479,145
29,NORMA-18325,146
29,NORMA-19520,147
29,NORMA-19221,148
29,NORMA-11981,149
29,NORMA-19292,150
29,NORMA-20002,151
29,NORMA-19212,152
29,NORMA-11570,153
29,NORMA-18266,154
29,NORMA-14642,155
29,NORMA-11836,156
29,NORMA-11827,157
29,NORMA-19715,158
29,NORMA-985,159
29,NORMA-13977,160
29,NORMA-3381,161
29,NORMA-19249,162
29,NORMA-13317,163
29,NORMA-18306,164
29,NORMA-1586,165
29,NORMA-15362,166
29,NORMA-11599,167
29,NORMA-11828,168
29,NORMA-21012,169
29,NORMA-12006,170
29,NORMA-13357,171
29,NORMA-20482,172
29,NORMA-20503,173
29,NORMA-20096,174
29,NORMA-21419,175
29,NORMA-21523,176
29,NORMA-21437,177
29,NORMA-1996,178
29,NORMA-3342,179
29,NORMA-13466,180
29,NORMA-21113,181
29,NORMA-18412,182
29,NORMA-18279,183
29,NORMA-20869,184
29,NORMA-20157,185
29,NORMA-5334,186
29,NORMA-13523,187
29,NORMA-22622,188
29,NORMA-21705,189
29,NORMA-18286,190
29,NORMA-1352,191
29,NORMA-292,192
29,NORMA-19232,193
29,NORMA-2623,194
29,NORMA-20407,195
29,NORMA-20800,196
29,NORMA-20403,197
29,NORMA-20376,198
29,NORMA-1274,199
29,NORMA-12303,200
29,NORMA-21562,201
29,NORMA-1541,202
29,NORMA-12287,203
29,NORMA-220,204
29,NORMA-2455,205
29,NORMA-13474,206
29,NORMA-21626,207
29,NORMA-19096,208
29,NORMA-2537,209
29,NORMA-21550,210
29,NORMA-26102,211
29,NORMA-4435,212
29,NORMA-20490,213
29,NORMA-19485,214
29,NORMA-20382,215
29,NORMA-1463,216
29,NORMA-16147,217
29,NORMA-15701,218
29,NORMA-28961,219
29,NORMA-558,220
29,NORMA-18287,221
29,NORMA-10260,222
29,NORMA-21367,223
29,NORMA-18248,224
29,NORMA-14415,225
29,NORMA-19923,226
29,NORMA-20374,227
29,NORMA-18102,228
29,NORMA-11982,229
29,NORMA-21260,230
29,NORMA-18802,231
29,NORMA-20985,232
29,NORMA-6758,233
29,NORMA-20389,234
29,NORMA-21712,235
29,NORMA-4277,236
29,NORMA-11998,237
29,NORMA-20440,238
29,NORMA-1361,239
29,NORMA-2456,240
29,NORMA-14950,241
29,NORMA-25523,242
29,NORMA-21760,243
29,NORMA-7068,244
29,NORMA-18769,245
29,NORMA-14405,246
29,NORMA-18393,247
29,NORMA-19383,248
29,NORMA-20488,249
29,NORMA-25902,250
29,NORMA-20366,251
29,NORMA-19170,252
29,NORMA-29186,253
29,NORMA-19233,254
29,NORMA-1654,255
29,NORMA-18682,256
29,NORMA-15541,257
29,NORMA-21606,258
29,NORMA-21756,259
29,NORMA-3988,260
29,NORMA-19625,261
29,NORMA-19220,262
29,NORMA-11764,263
29,NORMA-11479,264
29,NORMA-11609,265
29,NORMA-2522,266
29,NORMA-11469,267
29,NORMA-4079,268
29,NORMA-704,269
29,NORMA-13263,270
29,NORMA-11763,271
29,NORMA-16401,272
29,NORMA-875,273
29,NORMA-61,274
29,NORMA-27342,275
29,NORMA-1408,276
29,NORMA-15390,277
29,NORMA-18224,278
29,NORMA-1863,279
29,NORMA-20188,280
29,NORMA-3241,281
29,NORMA-3804,282
29,NORMA-12601,283
29,NORMA-15561,284
29,NORMA-20398,285
29,NORMA-24961,286
29,NORMA-19949,287
29,NORMA-20906,288
29,NORMA-5072,289
29,NORMA-13247,290
29,NORMA-7829,291
29,NORMA-17301,292
29,NORMA-18274,293
29,NORMA-24241,294
29,NORMA-5290,295
29,NORMA-21246,296
29,NORMA-20961,297
29,NORMA-21427,298
29,NORMA-21783,299
29,NORMA-29201,300
29,NORMA-20912,301
29,NORMA-19209,302
29,NORMA-18816,303
29,NORMA-1452,304
29,NORMA-20130,305
29,NORMA-11605,306
29,NORMA-1388,307
29,NORMA-20793,308
29,NORMA-11632,309
29,NORMA-14011,310
29,NORMA-6023,311
29,NORMA-21127,312
29,NORMA-18690,313
29,NORMA-12102,314
29,NORMA-680,315
29,NORMA-18722,316
29,NORMA-14157,317
29,NORMA-15041,318
29,NORMA-21211,319
29,NORMA-969,320
29,NORMA-2981,321
29,NORMA-23482,322
29,NORMA-20959,323
29,NORMA-12629,324
29,NORMA-15542,325
29,NORMA-11838,326
29,NORMA-17321,327
29,NORMA-11041,328
29,NORMA-19727,329
29,NORMA-19388,330
29,NORMA-21664,331
29,NORMA-23341,332
29,NORMA-21821,333
29,NORMA-7470,334
29,NORMA-11974,335
29,NORMA-18564,336
29,NORMA-19824,337
29,NORMA-19057,338
29,NORMA-92,339
29,NORMA-20501,340
29,NORMA-3747,341
29,NORMA-11847,342
29,NORMA-11977,343
29,NORMA-18396,344
29,NORMA-18891,345
29,NORMA-5359,346
29,NORMA-18573,347
29,NORMA-18583,348
29,NORMA-28622,349
29,NORMA-20578,350
29,NORMA-20505,351
29,NORMA-19152,352
29,NORMA-18362,353
29,NORMA-1143,354
29,NORMA-5507,355
29,NORMA-19658,356
29,NORMA-11845,357
29,NORMA-20195,358
29,NORMA-6396,359
29,NORMA-5141,360
29,NORMA-4335,361
29,NORMA-462,362
29,NORMA-729,363
29,NORMA-19774,364
29,NORMA-19809,365
29,NORMA-16582,366
29,NORMA-9779,367
29,NORMA-19981,368
29,NORMA-1840,369
29,NORMA-20480,370
29,NORMA-13719,371
29,NORMA-19973,372
29,NORMA-18757,373
29,NORMA-4929,374
29,NORMA-21434,375
29,NORMA-5553,376
29,NORMA-19081,377
29,NORMA-2555,378
29,NORMA-19571,379
29,NORMA-18656,380
29,NORMA-21114,381
29,NORMA-4827,382
29,NORMA-21286,383
29,NORMA-21568,384
29,NORMA-3942,385
29,NORMA-21784,386
29,NORMA-20590,387
29,NORMA-20053,388
29,NORMA-2460,389
29,NORMA-7838,390
29,NORMA-20167,391
29,NORMA-18843,392
29,NORMA-7241,393
29,NORMA-19222,394
29,NORMA-1740,395
29,NORMA-20450,396
29,NORMA-19952,397
29,NORMA-6958,398
29,NORMA-5181,399
29,NORMA-9799,400
29,NORMA-20633,401
29,NORMA-19611,402
29,NORMA-19787,403
29,NORMA-11556,404
29,NORMA-21739,405
29,NORMA-11607,406
29,NORMA-20029,407
29,NORMA-21328,408
29,NORMA-15882,409
29,NORMA-15581,410
29,NORMA-19842,411
29,NORMA-20753,412
29,NORMA-12080,413
29,NORMA-6636,414
29,NORMA-20349,415
29,NORMA-18931,416
29,NORMA-14876,417
29,NORMA-25542,418
29,NORMA-14529,419
29,NORMA-19500,420
29,NORMA-3642,421
29,NORMA-18654,422
29,NORMA-18796,423
29,NORMA-19582,424
29,NORMA-11687,425
29,NORMA-22941,426
29,NORMA-21496,427
29,NORMA-18762,428
29,NORMA-18634,429
29,NORMA-20836,430
29,NORMA-1217,431
29,NORMA-18641,432
29,NORMA-8773,433
29,NORMA-4587,434
29,NORMA-20422,435
29,NORMA-18615,436
29,NORMA-11577,437
29,NORMA-20166,438
29,NORMA-11578,439
29,NORMA-11572,440
29,NORMA-20316,441
29,NORMA-20512,442
29,NORMA-6698,443
29,NORMA-2383,444
29,NORMA-21310,445
29,NORMA-21173,446
29,NORMA-10878,447
29,NORMA-23222,448
29,NORMA-13552,449
29,NORMA-21595,450
29,NORMA-19933,451
29,NORMA-18880,452
29,NORMA-3524,453
29,NORMA-20577,454
29,NORMA-19967,455
29,NORMA-7525,456
29,NORMA-19883,457
29,NORMA-11792,458
29,NORMA-6895,459
29,NORMA-27063,460
29,NORMA-8515,461
29,NORMA-21357,462
29,NORMA-24582,463
29,NORMA-12103,464
29,NORMA-27761,465
29,NORMA-21388,466
29,NORMA-18537,467
29,NORMA-5956,468
29,NORMA-21086,469
29,NORMA-25761,470
29,NORMA-4267,471
29,NORMA-20896,472
29,NORMA-18908,473
29,NORMA-14302,474
29,NORMA-21506,475
29,NORMA-20277,476
29,NORMA-21459,477
29,NORMA-20030,478
29,NORMA-5220,479
29,NORMA-20240,480
29,NORMA-21147,481
29,NORMA-21206,482
29,NORMA-20844,483
29,NORMA-20070,484
29,NORMA-6321,485
29,NORMA-6644,486
29,NORMA-20453,487
29,NORMA-13801,488
29,NORMA-12024,489
29,NORMA-12032,490
29,NORMA-19617,491
29,NORMA-20522,492
29,NORMA-18430,493
29,NORMA-9217,494
29,NORMA-18385,495
29,NORMA-19122,496
29,NORMA-553,497
29,NORMA-1989,498
29,NORMA-21659,499
29,NORMA-20705,500
29,NORMA-20089,501
29,NORMA-20175,502
29,NORMA-19871,503
29,NORMA-20028,504
29,NORMA-3281,505
29,NORMA-4555,506
29,NORMA-11877,507
29,NORMA-20037,508
29,NORMA-21224,509
29,NORMA-19849,510
29,NORMA-25201,511
29,NORMA-20989,512
29,NORMA-19559,513
29,NORMA-11086,514
29,NORMA-6257,515
29,NORMA-332,516
29,NORMA-22401,517
29,NORMA-20487,518
29,NORMA-18842,519
29,NORMA-20021,520
29,NORMA-11736,521
29,NORMA-11000,522
29,NORMA-425,523
29,NORMA-21462,524
29,NORMA-15242,525
29,NORMA-24601,526
29,NORMA-21184,527
29,NORMA-19829,528
29,NORMA-20579,529
29,NORMA-4091,530
29,NORMA-19655,531
29,NORMA-21107,532
29,NORMA-2158,533
29,NORMA-20557,534
29,NORMA-11779,535
29,NORMA-10749,536
29,NORMA-11872,537
29,NORMA-20448,538
29,NORMA-20885,539
29,NORMA-10375,540
29,NORMA-20292,541
29,NORMA-27022,542
29,NORMA-10393,543
29,NORMA-20192,544
29,NORMA-9893,545
29,NORMA-20191,546
29,NORMA-20928,547
29,NORMA-18952,548
29,NORMA-11904,549
29,NORMA-19646,550
29,NORMA-27064,551
29,NORMA-11560,552
29,NORMA-21507,553
29,NORMA-16268,554
29,NORMA-20007,555
29,NORMA-19878,556
29,NORMA-5843,557
29,NORMA-20428,558
29,NORMA-19574,559
29,NORMA-10629,560
29,NORMA-19181,561
29,NORMA-33728,562
29,NORMA-19853,563
29,NORMA-20435,564
29,NORMA-21608,565
29,NORMA-11621,566
29,NORMA-5955,567
29,NORMA-18226,568
29,NORMA-21238,569
29,NORMA-11805,570
29,NORMA-21461,571
29,NORMA-3632,572
29,NORMA-11417,573
29,NORMA-19744,574
29,NORMA-20263,575
29,NORMA-6679,576
29,NORMA-21217,577
29,NORMA-20336,578
29,NORMA-21556,579
29,NORMA-20222,580
29,NORMA-18885,581
29,NORMA-21509,582
29,NORMA-21220,583
29,NORMA-20531,584
29,NORMA-21152,585
29,NORMA-18276,586
29,NORMA-22061,587
29,NORMA-15427,588
29,NORMA-21205,589
29,NORMA-21532,590
29,NORMA-18746,591
29,NORMA-31904,592
29,NORMA-19691,593
29,NORMA-18825,594
29,NORMA-6894,595
29,NORMA-21547,596
29,NORMA-19192,597
29,NORMA-12859,598
29,NORMA-20432,599
29,NORMA-18533,600
29,NORMA-2517,601
29,NORMA-21663,602
29,NORMA-18247,603
29,NORMA-21710,604
29,NORMA-20616,605
29,NORMA-6627,606
29,NORMA-11225,607
29,NORMA-19733,608
29,NORMA-21390,609
29,NORMA-14459,610
29,NORMA-20780,611
29,NORMA-10282,612
29,NORMA-9188,613
29,NORMA-4036,614
29,NORMA-18292,615
29,NORMA-11804,616
29,NORMA-9823,617
29,NORMA-20476,618
29,NORMA-20217,619
29,NORMA-11272,620
29,NORMA-3571,621
29,NORMA-27687,622
29,NORMA-20840,623
29,NORMA-21241,624
29,NORMA-4909,625
29,NORMA-11814,626
29,NORMA-20304,627
29,NORMA-20451,628
29,NORMA-4830,629
29,NORMA-20452,630
29,NORMA-18293,631
29,NORMA-19631,632
29,NORMA-20197,633
29,NORMA-4325,634
29,NORMA-10027,635
29,NORMA-5346,636
29,NORMA-12249,637
29,NORMA-5062,638
29,NORMA-20473,639
29,NORMA-4826,640
29,NORMA-18958,641
29,NORMA-13471,642
29,NORMA-9124,643
29,NORMA-3809,644
29,NORMA-19798,645
29,NORMA-19844,646
29,NORMA-31923,647
29,NORMA-19603,648
29,NORMA-20102,649
29,NORMA-20631,650
29,NORMA-19387,651
29,NORMA-8281,652
29,NORMA-20999,653
29,NORMA-20100,654
29,NORMA-14279,655
29,NORMA-1421,656
29,NORMA-17182,657
29,NORMA-3568,658
29,NORMA-4746,659
29,NORMA-20997,660
29,NORMA-4308,661
29,NORMA-21647,662
29,NORMA-4868,663
29,NORMA-18630,664
29,NORMA-9821,665
29,NORMA-11562,666
29,NORMA-10821,667
29,NORMA-18474,668
29,NORMA-1663,669
29,NORMA-21651,670
29,NORMA-6957,671
29,NORMA-18672,672
29,NORMA-21553,673
29,NORMA-19662,674
29,NORMA-21678,675
29,NORMA-5014,676
29,NORMA-28001,677
29,NORMA-20754,678
29,NORMA-11739,679
29,NORMA-11771,680
29,NORMA-3462,681
29,NORMA-19977,682
29,NORMA-21522,683
29,NORMA-8248,684
29,NORMA-21484,685
29,NORMA-1613,686
29,NORMA-834,687
29,NORMA-20429,688
29,NORMA-19431,689
29,NORMA-21554,690
29,NORMA-19092,691
29,NORMA-18378,692
29,NORMA-20737,693
29,NORMA-33288,694
29,NORMA-15465,695
29,NORMA-14661,696
29,NORMA-16202,697
29,NORMA-8695,698
29,NORMA-28422,699
29,NORMA-5900,700
29,NORMA-21137,701
29,NORMA-938,702
29,NORMA-15028,703
29,NORMA-19039,704
29,NORMA-5361,705
29,NORMA-11476,706
29,NORMA-3850,707
29,NORMA-14937,708
29,NORMA-12395,709
29,NORMA-5478,710
29,NORMA-20185,711
29,NORMA-33308,712
29,NORMA-4278,713
29,NORMA-28203,714
29,NORMA-19941,715
29,NORMA-5363,716
29,NORMA-13158,717
29,NORMA-3820,718
29,NORMA-11920,719
29,NORMA-317,720
29,NORMA-21269,721
29,NORMA-18781,722
29,NORMA-20397,723
29,NORMA-3693,724
29,NORMA-5558,725
29,NORMA-18205,726
29,NORMA-3821,727
29,NORMA-772,728
29,NORMA-19724,729
29,NORMA-14724,730
29,NORMA-18638,731
29,NORMA-2269,732
29,NORMA-1,733
29,NORMA-8772,734
29,NORMA-10117,735
29,NORMA-21017,736
29,NORMA-13469,737
29,NORMA-20996,738
29,NORMA-21792,739
29,NORMA-20199,740
29,NORMA-21023,741
29,NORMA-10975,742
29,NORMA-20106,743
29,NORMA-12415,744
29,NORMA-6819,745
29,NORMA-12923,746
29,NORMA-13124,747
29,NORMA-20421,748
29,NORMA-14463,749
29,NORMA-19593,750
29,NORMA-27981,751
29,NORMA-6820,752
29,NORMA-1534,753
29,NORMA-12733,754
29,NORMA-13308,755
29,NORMA-19722,756
29,NORMA-18724,757
29,NORMA-4393,758
29,NORMA-19799,759
29,NORMA-3478,760
29,NORMA-20902,761
29,NORMA-3806,762
29,NORMA-19659,763
29,NORMA-20758,764
29,NORMA-5028,765
29,NORMA-12066,766
29,NORMA-19797,767
29,NORMA-7011,768
29,NORMA-20708,769
29,NORMA-6676,770
29,NORMA-11472,771
29,NORMA-20186,772
29,NORMA-23521,773
29,NORMA-19459,774
29,NORMA-6970,775
29,NORMA-19021,776
29,NORMA-6830,777
29,NORMA-21008,778
29,NORMA-20856,779
29,NORMA-4337,780
29,NORMA-571,781
29,NORMA-12029,782
29,NORMA-11087,783
29,NORMA-18631,784
29,NORMA-6669,785
29,NORMA-4588,786
29,NORMA-6505,787
29,NORMA-3991,788
29,NORMA-8774,789
29,NORMA-20209,790
29,NORMA-4631,791
29,NORMA-8743,792
29,NORMA-20072,793
29,NORMA-3618,794
29,NORMA-18432,795
29,NORMA-20863,796
29,NORMA-1475,797
29,NORMA-4290,798
29,NORMA-4253,799
29,NORMA-19699,800
29,NORMA-6044,801
29,NORMA-11734,802
29,NORMA-6084,803
29,NORMA-12248,804
29,NORMA-21132,805
29,NORMA-588,806
29,NORMA-587,807
29,NORMA-21625,808
29,NORMA-21526,809
29,NORMA-8677,810
29,NORMA-19351,811
29,NORMA-15239,812
29,NORMA-20224,813
29,NORMA-11518,814
29,NORMA-4443,815
29,NORMA-5988,816
29,NORMA-3937,817
29,NORMA-802,818
29,NORMA-8177,819
29,NORMA-19841,820
29,NORMA-5945,821
29,NORMA-8699,822
29,NORMA-5352,823
29,NORMA-5840,824
29,NORMA-4997,825
29,NORMA-5896,826
29,NORMA-6831,827
29,NORMA-5438,828
29,NORMA-12910,829
29,NORMA-3883,830
29,NORMA-6046,831
29,NORMA-2376,832
29,NORMA-5358,833
29,NORMA-19632,834
29,NORMA-28362,835
29,NORMA-18981,836
29,NORMA-18407,837
29,NORMA-15211,838
29,NORMA-18502,839
29,NORMA-6801,840
29,NORMA-59,841
29,NORMA-26841,842
29,NORMA-4272,843
29,NORMA-5378,844
29,NORMA-17201,845
29,NORMA-19647,846
29,NORMA-660,847
29,NORMA-12067,848
29,NORMA-801,849
29,NORMA-20970,850
29,NORMA-595,851
29,NORMA-5060,852
29,NORMA-2415,853
29,NORMA-2013,854
29,NORMA-19056,855
29,NORMA-2470,856
29,NORMA-7741,857
29,NORMA-2185,858
29,NORMA-14746,859
29,NORMA-4011,860
29,NORMA-8074,861
29,NORMA-2691,862
29,NORMA-4748,863
29,NORMA-18445,864
29,NORMA-20850,865
29,NORMA-14932,866
29,NORMA-28586,867
29,NORMA-4550,868
29,NORMA-850,869
29,NORMA-19095,870
29,NORMA-20950,871
29,NORMA-1611,872
29,NORMA-5812,873
29,NORMA-2551,874
29,NORMA-6645,875
29,NORMA-8824,876
29,NORMA-18562,877
29,NORMA-27364,878
29,NORMA-20278,879
29,NORMA-6509,880
29,NORMA-28981,881
29,NORMA-27261,882
29,NORMA-21276,883
29,NORMA-554,884
29,NORMA-2395,885
29,NORMA-21299,886
29,NORMA-2444,887
29,NORMA-2367,888
29,NORMA-20219,889
29,NORMA-28942,890
29,NORMA-6082,891
29,NORMA-5968,892
29,NORMA-777,893
29,NORMA-20204,894
29,NORMA-1163,895
29,NORMA-7651,896
29,NORMA-5654,897
29,NORMA-1407,898
29,NORMA-28142,899
29,NORMA-7012,900
29,NORMA-20993,901
29,NORMA-19942,902
29,NORMA-21199,903
29,NORMA-4688,904
29,NORMA-1179,905
29,NORMA-4818,906
29,NORMA-20726,907
29,NORMA-27926,908
29,NORMA-1674,909
29,NORMA-31903,910
29,NORMA-18418,911
29,NORMA-20677,912
29,NORMA-7556,913
29,NORMA-6242,914
29,NORMA-3594,915
29,NORMA-27925,916
29,NORMA-19184,917
29,NORMA-19380,918
29,NORMA-27941,919
29,NORMA-21475,920
29,NORMA-3917,921
29,NORMA-19803,922
29,NORMA-5852,923
29,NORMA-13160,924
29,NORMA-833,925
29,NORMA-20437,926
29,NORMA-1420,927
29,NORMA-1129,928
29,NORMA-1346,929
29,NORMA-13026,930
29,NORMA-13925,931
29,NORMA-13327,932
29,NORMA-5862,933
29,NORMA-7001,934
29,NORMA-328,935
29,NORMA-13873,936
29,NORMA-20039,937
29,NORMA-20593,938
29,NORMA-798,939
29,NORMA-28101,940
29,NORMA-12951,941
29,NORMA-13936,942
29,NORMA-13328,943
29,NORMA-5296,944
29,NORMA-5479,945
29,NORMA-27924,946
29,NORMA-7744,947
29,NORMA-1280,948
29,NORMA-1151,949
29,NORMA-14755,950
29,NORMA-18204,951
29,NORMA-357,952
29,NORMA-19808,953
29,NORMA-4600,954
29,NORMA-4553,955
29,NORMA-6040,956
29,NORMA-1098,957
29,NORMA-21634,958
29,NORMA-515,959
29,NORMA-1222,960
29,NORMA-3940,961
29,NORMA-18423,962
29,NORMA-4598,963
29,NORMA-21111,964
29,NORMA-21398,965
29,NORMA-17281,966
29,NORMA-3919,967
29,NORMA-5756,968
29,NORMA-5007,969
29,NORMA-4225,970
29,NORMA-2421,971
29,NORMA-18822,972
29,NORMA-27585,973
29,NORMA-11716,974
29,NORMA-12989,975
29,NORMA-20678,976
29,NORMA-20445,977
29,NORMA-20599,978
29,NORMA-11742,979
29,NORMA-5831,980
29,NORMA-22001,981
29,NORMA-1334,982
29,NORMA-21752,983
29,NORMA-19618,984
29,NORMA-3582,985
29,NORMA-19919,986
29,NORMA-4778,987
29,NORMA-4914,988
29,NORMA-3609,989
29,NORMA-6247,990
29,NORMA-6015,991
29,NORMA-3673,992
29,NORMA-8090,993
29,NORMA-1776,994
29,NORMA-7098,995
29,NORMA-15264,996
29,NORMA-20184,997
29,NORMA-11576,998
29,NORMA-18406,999
29,NORMA-8570,1000
30,NORMA-20934,1
30,NORMA-20870,2
30,NORMA-20945,3
30,NORMA-20344,4
30,NORMA-18771,5
30,NORMA-18807,6
30,NORMA-18233,7
30,NORMA-22561,8
30,NORMA-21002,9
30,NORMA-18216,10
30,NORMA-18440,11
30,NORMA-18950,12
30,NORMA-13138,13
30,NORMA-19828,14
30,NORMA-21157,15
30,NORMA-18819,16
30,NORMA-18378,17
30,NORMA-729,18
30,NORMA-18298,19
30,NORMA-782,20
30,NORMA-2413,21
30,NORMA-11316,22
30,NORMA-18838,23
30,NORMA-11756,24
30,NORMA-21158,25
30,NORMA-220,26
30,NORMA-21147,27
30,NORMA-20865,28
30,NORMA-18388,29
30,NORMA-7149,30
30,NORMA-21496,31
30,NORMA-18439,32
30,NORMA-11757,33
30,NORMA-21025,34
30,NORMA-18414,35
30,NORMA-21046,36
30,NORMA-21028,37
30,NORMA-19155,38
30,NORMA-4297,39
30,NORMA-5008,40
30,NORMA-21085,41
30,NORMA-18377,42
30,NORMA-1619,43
30,NORMA-18303,44
30,NORMA-483,45
30,NORMA-21063,46
30,NORMA-4898,47
30,NORMA-20690,48
30,NORMA-6075,49
30,NORMA-8522,50
30,NORMA-18806,51
30,NORMA-21470,52
30,NORMA-416,53
30,NORMA-14542,54
30,NORMA-20908,55
30,NORMA-18772,56
30,NORMA-18798,57
30,NORMA-18823,58
30,NORMA-18403,59
30,NORMA-18418,60
30,NORMA-18789,61
30,NORMA-4820,62
30,NORMA-18697,63
30,NORMA-20999,64
30,NORMA-18237,65
30,NORMA-13265,66
30,NORMA-21267,67
30,NORMA-21003,68
30,NORMA-20995,69
30,NORMA-12630,70
30,NORMA-18554,71
30,NORMA-18375,72
30,NORMA-10123,73
30,NORMA-28203,74
30,NORMA-20038,75
30,NORMA-10865,76
30,NORMA-9358,77
30,NORMA-19587,78
30,NORMA-15045,79
30,NORMA-23682,80
30,NORMA-18773,81
30,NORMA-20304,82
30,NORMA-18492,83
30,NORMA-18273,84
30,NORMA-18709,85
30,NORMA-20888,86
30,NORMA-18292,87
30,NORMA-21152,88
30,NORMA-11688,89
30,NORMA-18863,90
30,NORMA-1317,91
30,NORMA-11570,92
30,NORMA-5431,93
30,NORMA-21023,94
30,NORMA-6757,95
30,NORMA-21026,96
30,NORMA-19212,97
30,NORMA-21792,98
30,NORMA-13954,99
30,NORMA-18306,100
30,NORMA-21419,101
30,NORMA-21069,102
30,NORMA-21043,103
30,NORMA-19596,104
30,NORMA-19096,105
30,NORMA-18539,106
30,NORMA-20992,107
30,NORMA-18501,108
30,NORMA-11723,109
30,NORMA-21626,110
30,NORMA-3381,111
30,NORMA-7384,112
30,NORMA-704,113
30,NORMA-18204,114
30,NORMA-838,115
30,NORMA-21550,116
30,NORMA-18762,117
30,NORMA-18219,118
30,NORMA-18301,119
30,NORMA-18826,120
30,NORMA-20432,121
30,NORMA-20869,122
30,NORMA-18816,123
30,NORMA-18307,124
30,NORMA-18802,125
30,NORMA-11472,126
30,NORMA-21110,127
30,NORMA-20993,128
30,NORMA-24961,129
30,NORMA-18691,130
30,NORMA-1547,131
30,NORMA-385,132
30,NORMA-11665,133
30,NORMA-11476,134
30,NORMA-18815,135
30,NORMA-18552,136
30,NORMA-1252,137
30,NORMA-20263,138
30,NORMA-1183,139
30,NORMA-1207,140
30,NORMA-6082,141
30,NORMA-20316,142
30,NORMA-26,143
30,NORMA-20874,144
30,NORMA-2020,145
30,NORMA-7025,146
30,NORMA-21417,147
30,NORMA-21189,148
30,NORMA-11739,149
30,NORMA-11600,150
30,NORMA-229,151
30,NORMA-332,152
30,NORMA-20941,153
30,NORMA-1026,154
30,NORMA-21308,155
30,NORMA-2395,156
30,NORMA-188,157
30,NORMA-20886,158
30,NORMA-11614,159
30,NORMA-18412,160
30,NORMA-11615,161
30,NORMA-20785,162
30,NORMA-21497,163
30,NORMA-20691,164
30,NORMA-18350,165
30,NORMA-21135,166
30,NORMA-1674,167
30,NORMA-11664,168
30,NORMA-19337,169
30,NORMA-1352,170
30,NORMA-18444,171
30,NORMA-20774,172
30,NORMA-21012,173
30,NORMA-20927,174
30,NORMA-1361,175
30,NORMA-1175,176
30,NORMA-20914,177
30,NORMA-20854,178
30,NORMA-18548,179
30,NORMA-12035,180
30,NORMA-19080,181
30,NORMA-1171,182
30,NORMA-19095,183
30,NORMA-18430,184
30,NORMA-2089,185
30,NORMA-20728,186
30,NORMA-21521,187
30,NORMA-4316,188
30,NORMA-12015,189
30,NORMA-21547,190
30,NORMA-11764,191
30,NORMA-21403,192
30,NORMA-20258,193
30,NORMA-11479,194
30,NORMA-21413,195
30,NORMA-21052,196
30,NORMA-11609,197
30,NORMA-18803,198
30,NORMA-1250,199
30,NORMA-1996,200
30,NORMA-20786,201
30,NORMA-21150,202
30,NORMA-20223,203
30,NORMA-21437,204
30,NORMA-19152,205
30,NORMA-594,206
30,NORMA-20426,207
30,NORMA-850,208
30,NORMA-18224,209
30,NORMA-21388,210
30,NORMA-20282,211
30,NORMA-20233,212
30,NORMA-3382,213
30,NORMA-18339,214
30,NORMA-14063,215
30,NORMA-18489,216
30,NORMA-13106,217
30,NORMA-18844,218
30,NORMA-15381,219
30,NORMA-12315,220
30,NORMA-20989,221
30,NORMA-18486,222
30,NORMA-18487,223
30,NORMA-12612,224
30,NORMA-20985,225
30,NORMA-18502,226
30,NORMA-21136,227
30,NORMA-11469,228
30,NORMA-18434,229
30,NORMA-18360,230
30,NORMA-1341,231
30,NORMA-21783,232
30,NORMA-11790,233
30,NORMA-21144,234
30,NORMA-18503,235
30,NORMA-11763,236
30,NORMA-21299,237
30,NORMA-15377,238
30,NORMA-878,239
30,NORMA-11999,240
30,NORMA-14470,241
30,NORMA-20557,242
30,NORMA-27305,243
30,NORMA-20966,244
30,NORMA-2184,245
30,NORMA-20910,246
30,NORMA-20841,247
30,NORMA-6783,248
30,NORMA-20271,249
30,NORMA-1650,250
30,NORMA-20853,251
30,NORMA-3823,252
30,NORMA-21031,253
30,NORMA-1585,254
30,NORMA-21461,255
30,NORMA-11144,256
30,NORMA-1631,257
30,NORMA-12002,258
30,NORMA-21402,259
30,NORMA-4423,260
30,NORMA-2113,261
30,NORMA-19578,262
30,NORMA-3503,263
30,NORMA-20755,264
30,NORMA-18211,265
30,NORMA-20425,266
30,NORMA-19021,267
30,NORMA-21367,268
30,NORMA-15097,269
30,NORMA-1155,270
30,NORMA-12543,271
30,NORMA-19598,272
30,NORMA-14203,273
30,NORMA-12545,274
30,NORMA-15010,275
30,NORMA-15292,276
30,NORMA-14034,277
30,NORMA-13731,278
30,NORMA-12290,279
30,NORMA-15075,280
30,NORMA-12830,281
30,NORMA-13601,282
30,NORMA-15335,283
30,NORMA-13737,284
30,NORMA-7381,285
30,NORMA-14537,286
30,NORMA-13343,287
30,NORMA-12844,288
30,NORMA-11911,289
30,NORMA-12391,290
30,NORMA-14799,291
30,NORMA-12519,292
30,NORMA-21143,293
30,NORMA-1092,294
30,NORMA-23804,295
30,NORMA-23025,296
30,NORMA-17242,297
30,NORMA-17042,298
30,NORMA-13249,299
30,NORMA-12077,300
30,NORMA-15306,301
30,NORMA-13451,302
30,NORMA-11824,303
30,NORMA-24021,304
30,NORMA-15008,305
30,NORMA-19090,306
30,NORMA-21125,307
30,NORMA-14064,308
30,NORMA-23441,309
30,NORMA-18450,310
30,NORMA-17902,311
30,NORMA-13899,312
30,NORMA-12821,313
30,NORMA-14246,314
30,NORMA-12660,315
30,NORMA-14083,316
30,NORMA-14605,317
30,NORMA-11474,318
30,NORMA-13121,319
30,NORMA-13956,320
30,NORMA-15101,321
30,NORMA-12301,322
30,NORMA-18342,323
30,NORMA-29682,324
30,NORMA-24142,325
30,NORMA-23803,326
30,NORMA-16201,327
30,NORMA-13028,328
30,NORMA-13118,329
30,NORMA-14021,330
30,NORMA-11907,331
30,NORMA-14365,332
30,NORMA-14500,333
30,NORMA-14391,334
30,NORMA-26021,335
30,NORMA-16744,336
30,NORMA-13089,337
30,NORMA-13243,338
30,NORMA-11914,339
30,NORMA-4717,340
30,NORMA-14745,341
30,NORMA-15042,342
30,NORMA-14893,343
30,NORMA-12627,344
30,NORMA-14697,345
30,NORMA-12872,346
30,NORMA-18082,347
30,NORMA-14736,348
30,NORMA-14820,349
30,NORMA-12377,350
30,NORMA-6601,351
30,NORMA-13712,352
30,NORMA-6814,353
30,NORMA-28465,354
30,NORMA-26725,355
30,NORMA-16962,356
30,NORMA-15129,357
30,NORMA-6768,358
30,NORMA-14018,359
30,NORMA-13156,360
30,NORMA-18910,361
30,NORMA-82,362
30,NORMA-21114,363
30,NORMA-21020,364
30,NORMA-13206,365
30,NORMA-15076,366
30,NORMA-19977,367
30,NORMA-23161,368
30,NORMA-14852,369
30,NORMA-18933,370
30,NORMA-14751,371
30,NORMA-12061,372
30,NORMA-12498,373
30,NORMA-14110,374
30,NORMA-14173,375
30,NORMA-11527,376
30,NORMA-21776,377
30,NORMA-12478,378
30,NORMA-13084,379
30,NORMA-15250,380
30,NORMA-6021,381
30,NORMA-23963,382
30,NORMA-16222,383
30,NORMA-16221,384
30,NORMA-14897,385
30,NORMA-12838,386
30,NORMA-6180,387
30,NORMA-5165,388
30,NORMA-22522,389
30,NORMA-17241,390
30,NORMA-15002,391
30,NORMA-6558,392
30,NORMA-18385,393
30,NORMA-14232,394
30,NORMA-13917,395
30,NORMA-14540,396
30,NORMA-24261,397
30,NORMA-12382,398
30,NORMA-11920,399
30,NORMA-13112,400
30,NORMA-5001,401
30,NORMA-5761,402
30,NORMA-27225,403
30,NORMA-14421,404
30,NORMA-13768,405
30,NORMA-14888,406
30,NORMA-13872,407
30,NORMA-27881,408
30,NORMA-6592,409
30,NORMA-22381,410
30,NORMA-3621,411
30,NORMA-28881,412
30,NORMA-16963,413
30,NORMA-13341,414
30,NORMA-12051,415
30,NORMA-18479,416
30,NORMA-21071,417
30,NORMA-11879,418
30,NORMA-21902,419
30,NORMA-18438,420
30,NORMA-14686,421
30,NORMA-12538,422
30,NORMA-13217,423
30,NORMA-13971,424
30,NORMA-13707,425
30,NORMA-21791,426
30,NORMA-13402,427
30,NORMA-13220,428
30,NORMA-15207,429
30,NORMA-12701,430
30,NORMA-29061,431
30,NORMA-12414,432
30,NORMA-9520,433
30,NORMA-18788,434
30,NORMA-18446,435
30,NORMA-15085,436
30,NORMA-22043,437
30,NORMA-14175,438
30,NORMA-18496,439
30,NORMA-18364,440
30,NORMA-21139,441
30,NORMA-7280,442
30,NORMA-13385,443
30,NORMA-12974,444
30,NORMA-21065,445
30,NORMA-1421,446
30,NORMA-11792,447
30,NORMA-9389,448
30,NORMA-15868,449
30,NORMA-18356,450
30,NORMA-19380,451
30,NORMA-18465,452
30,NORMA-17003,453
30,NORMA-13592,454
30,NORMA-19110,455
30,NORMA-28641,456
30,NORMA-8013,457
30,NORMA-19387,458
30,NORMA-7386,459
30,NORMA-19503,460
30,NORMA-6645,461
30,NORMA-12228,462
30,NORMA-754,463
30,NORMA-12562,464
30,NORMA-1422,465
30,NORMA-21190,466
30,NORMA-29681,467
30,NORMA-1147,468
30,NORMA-12113,469
30,NORMA-18797,470
30,NORMA-7222,471
30,NORMA-11780,472
30,NORMA-4397,473
30,NORMA-4133,474
30,NORMA-2032,475
30,NORMA-14951,476
30,NORMA-12005,477
30,NORMA-834,478
30,NORMA-15426,479
30,NORMA-5853,480
30,NORMA-21199,481
30,NORMA-6140,482
30,NORMA-21739,483
30,NORMA-7225,484
30,NORMA-5417,485
30,NORMA-21280,486
30,NORMA-2546,487
30,NORMA-7113,488
30,NORMA-5536,489
30,NORMA-20349,490
30,NORMA-8435,491
30,NORMA-3852,492
30,NORMA-20224,493
30,NORMA-20291,494
30,NORMA-9792,495
30,NORMA-13720,496
30,NORMA-4204,497
30,NORMA-1342,498
30,NORMA-21752,499
30,NORMA-3779,500
30,NORMA-15521,501
30,NORMA-3579,502
30,NORMA-19081,503
30,NORMA-18638,504
30,NORMA-19571,505
30,NORMA-18208,506
30,NORMA-20584,507
30,NORMA-9724,508
30,NORMA-18796,509
30,NORMA-4277,510
30,NORMA-21659,511
30,NORMA-4091,512
30,NORMA-19643,513
30,NORMA-11631,514
30,NORMA-18654,515
30,NORMA-20180,516
30,NORMA-24,517
30,NORMA-20182,518
30,NORMA-19194,519
30,NORMA-766,520
30,NORMA-20443,521
30,NORMA-20846,522
30,NORMA-20971,523
30,NORMA-33288,524
30,NORMA-21787,525
30,NORMA-19981,526
30,NORMA-15004,527
30,NORMA-33308,528
30,NORMA-19609,529
30,NORMA-19391,530
30,NORMA-21200,531
30,NORMA-21126,532
30,NORMA-20904,533
30,NORMA-12664,534
30,NORMA-20371,535
30,NORMA-6698,536
30,NORMA-19650,537
30,NORMA-14788,538
30,NORMA-14459,539
30,NORMA-18225,540
30,NORMA-124,541
30,NORMA-21224,542
30,NORMA-21159,543
30,NORMA-3980,544
30,NORMA-10994,545
30,NORMA-18996,546
30,NORMA-19181,547
30,NORMA-20369,548
30,NORMA-6669,549
30,NORMA-18436,550
30,NORMA-19111,551
30,NORMA-18748,552
30,NORMA-18284,553
30,NORMA-4909,554
30,NORMA-21631,555
30,NORMA-6679,556
30,NORMA-5252,557
30,NORMA-18981,558
30,NORMA-4924,559
30,NORMA-2536,560
30,NORMA-2383,561
30,NORMA-4746,562
30,NORMA-21562,563
30,NORMA-11575,564
30,NORMA-11588,565
30,NORMA-6955,566
30,NORMA-4926,567
30,NORMA-18432,568
30,NORMA-21650,569
30,NORMA-20757,570
30,NORMA-21544,571
30,NORMA-12066,572
30,NORMA-19164,573
30,NORMA-6621,574
30,NORMA-3201,575
30,NORMA-20428,576
30,NORMA-19853,577
30,NORMA-19658,578
30,NORMA-18435,579
30,NORMA-20468,580
30,NORMA-21613,581
30,NORMA-4312,582
30,NORMA-21630,583
30,NORMA-9893,584
30,NORMA-11766,585
30,NORMA-20880,586
30,NORMA-20754,587
30,NORMA-21211,588
30,NORMA-31904,589
30,NORMA-24582,590
30,NORMA-1740,591
30,NORMA-21305,592
30,NORMA-19456,593
30,NORMA-12060,594
30,NORMA-18542,595
30,NORMA-6636,596
30,NORMA-19883,597
30,NORMA-11655,598
30,NORMA-14239,599
30,NORMA-28181,600
30,NORMA-1573,601
30,NORMA-23521,602
30,NORMA-75,603
30,NORMA-5421,604
30,NORMA-21264,605
30,NORMA-18254,606
30,NORMA-25902,607
30,NORMA-6954,608
30,NORMA-20811,609
30,NORMA-13094,610
30,NORMA-19104,611
30,NORMA-21408,612
30,NORMA-20950,613
30,NORMA-20449,614
30,NORMA-2114,615
30,NORMA-20128,616
30,NORMA-6702,617
30,NORMA-20141,618
30,NORMA-2484,619
30,NORMA-13469,620
30,NORMA-16202,621
30,NORMA-17201,622
30,NORMA-6185,623
30,NORMA-2126,624
30,NORMA-20190,625
30,NORMA-981,626
30,NORMA-18248,627
30,NORMA-18659,628
30,NORMA-60,629
30,NORMA-20144,630
30,NORMA-12067,631
30,NORMA-16941,632
30,NORMA-20121,633
30,NORMA-20172,634
30,NORMA-20171,635
30,NORMA-19878,636
30,NORMA-126,637
30,NORMA-18868,638
30,NORMA-19273,639
30,NORMA-19304,640
30,NORMA-19296,641
30,NORMA-20292,642
30,NORMA-19142,643
30,NORMA-18262,644
30,NORMA-18285,645
30,NORMA-18369,646
30,NORMA-217,647
30,NORMA-18359,648
30,NORMA-18257,649
30,NORMA-25523,650
30,NORMA-18258,651
30,NORMA-3241,652
30,NORMA-18373,653
30,NORMA-28281,654
30,NORMA-20002,655
30,NORMA-19541,656
30,NORMA-20451,657
30,NORMA-19450,658
30,NORMA-20166,659
30,NORMA-16403,660
30,NORMA-19115,661
30,NORMA-9382,662
30,NORMA-18300,663
30,NORMA-18639,664
30,NORMA-15921,665
30,NORMA-19482,666
30,NORMA-18370,667
30,NORMA-1656,668
30,NORMA-16481,669
30,NORMA-20836,670
30,NORMA-21756,671
30,NORMA-19798,672
30,NORMA-19425,673
30,NORMA-20589,674
30,NORMA-20184,675
30,NORMA-18588,676
30,NORMA-19780,677
30,NORMA-19956,678
30,NORMA-13319,679
30,NORMA-20949,680
30,NORMA-12160,681
30,NORMA-19845,682
30,NORMA-1566,683
30,NORMA-19163,684
30,NORMA-9799,685
30,NORMA-6134,686
30,NORMA-19085,687
30,NORMA-18774,688
30,NORMA-19338,689
30,NORMA-20688,690
30,NORMA-18620,691
30,NORMA-19345,692
30,NORMA-5339,693
30,NORMA-18824,694
30,NORMA-9746,695
30,NORMA-19347,696
30,NORMA-3932,697
30,NORMA-20147,698
30,NORMA-18235,699
30,NORMA-18547,700
30,NORMA-230,701
30,NORMA-10789,702
30,NORMA-6743,703
30,NORMA-6411,704
30,NORMA-19348,705
30,NORMA-18469,706
30,NORMA-5168,707
30,NORMA-6985,708
30,NORMA-18568,709
30,NORMA-18470,710
30,NORMA-14529,711
30,NORMA-19500,712
30,NORMA-20861,713
30,NORMA-18757,714
30,NORMA-19346,715
30,NORMA-18372,716
30,NORMA-19402,717
30,NORMA-18466,718
30,NORMA-20834,719
30,NORMA-6051,720
30,NORMA-18703,721
30,NORMA-5128,722
30,NORMA-4711,723
30,NORMA-13219,724
30,NORMA-18743,725
30,NORMA-4304,726
30,NORMA-6198,727
30,NORMA-13714,728
30,NORMA-5347,729
30,NORMA-18256,730
30,NORMA-18854,731
30,NORMA-14114,732
30,NORMA-122,733
30,NORMA-19439,734
30,NORMA-8537,735
30,NORMA-4944,736
30,NORMA-19130,737
30,NORMA-18759,738
30,NORMA-1571,739
30,NORMA-12729,740
30,NORMA-6378,741
30,NORMA-11438,742
30,NORMA-6128,743
30,NORMA-19147,744
30,NORMA-19076,745
30,NORMA-19950,746
30,NORMA-19871,747
30,NORMA-19428,748
30,NORMA-18549,749
30,NORMA-20761,750
30,NORMA-14790,751
30,NORMA-12836,752
30,NORMA-14679,753
30,NORMA-18634,754
30,NORMA-18606,755
30,NORMA-18641,756
30,NORMA-15641,757
30,NORMA-12799,758
30,NORMA-21492,759
30,NORMA-18615,760
30,NORMA-21435,761
30,NORMA-26802,762
30,NORMA-24181,763
30,NORMA-12843,764
30,NORMA-13840,765
30,NORMA-19434,766
30,NORMA-19781,767
30,NORMA-26681,768
30,NORMA-14504,769
30,NORMA-18651,770
30,NORMA-18623,771
30,NORMA-21486,772
30,NORMA-11621,773
30,NORMA-9679,774
30,NORMA-19276,775
30,NORMA-19452,776
30,NORMA-20153,777
30,NORMA-25881,778
30,NORMA-18609,779
30,NORMA-18936,780
30,NORMA-18573,781
30,NORMA-19187,782
30,NORMA-19443,783
30,NORMA-19066,784
30,NORMA-18617,785
30,NORMA-18731,786
30,NORMA-4075,787
30,NORMA-18468,788
30,NORMA-6413,789
30,NORMA-19070,790
30,NORMA-18205,791
30,NORMA-14262,792
30,NORMA-210,793
30,NORMA-5253,794
30,NORMA-20270,795
30,NORMA-19215,796
30,NORMA-19491,797
30,NORMA-21358,798
30,NORMA-9238,799
30,NORMA-25641,800
30,NORMA-14260,801
30,NORMA-209,802
30,NORMA-18710,803
30,NORMA-18532,804
30,NORMA-18329,805
30,NORMA-21582,806
30,NORMA-21021,807
30,NORMA-8958,808
30,NORMA-6514,809
30,NORMA-19008,810
30,NORMA-21113,811
30,NORMA-412,812
30,NORMA-18569,813
30,NORMA-18295,814
30,NORMA-9834,815
30,NORMA-19049,816
30,NORMA-20671,817
30,NORMA-10205,818
30,NORMA-21517,819
30,NORMA-18437,820
30,NORMA-19018,821
30,NORMA-18846,822
30,NORMA-20195,823
30,NORMA-20299,824
30,NORMA-19098,825
30,NORMA-19188,826
30,NORMA-20907,827
30,NORMA-15237,828
30,NORMA-6500,829
30,NORMA-18326,830
30,NORMA-20361,831
30,NORMA-18825,832
30,NORMA-13797,833
30,NORMA-18253,834
30,NORMA-6846,835
30,NORMA-18363,836
30,NORMA-20131,837
30,NORMA-18857,838
30,NORMA-8028,839
30,NORMA-18587,840
30,NORMA-21485,841
30,NORMA-19022,842
30,NORMA-11496,843
30,NORMA-10950,844
30,NORMA-18586,845
30,NORMA-19025,846
30,NORMA-19023,847
30,NORMA-27761,848
30,NORMA-5133,849
30,NORMA-18202,850
30,NORMA-12822,851
30,NORMA-9217,852
30,NORMA-9297,853
30,NORMA-18711,854
30,NORMA-11814,855
30,NORMA-1406,856
30,NORMA-9820,857
30,NORMA-20982,858
30,NORMA-15901,859
30,NORMA-20703,860
30,NORMA-19097,861
30,NORMA-18714,862
30,NORMA-19788,863
30,NORMA-14236,864
30,NORMA-10318,865
30,NORMA-18404,866
30,NORMA-11214,867
30,NORMA-29301,868
30,NORMA-19123,869
30,NORMA-462,870
30,NORMA-20453,871
30,NORMA-19937,872
30,NORMA-19324,873
30,NORMA-14937,874
30,NORMA-19253,875
30,NORMA-19092,876
30,NORMA-19545,877
30,NORMA-19528,878
30,NORMA-18712,879
30,NORMA-938,880
30,NORMA-18836,881
30,NORMA-20437,882
30,NORMA-19519,883
30,NORMA-23061,884
30,NORMA-1024,885
30,NORMA-7011,886
30,NORMA-208,887
30,NORMA-18394,888
30,NORMA-25721,889
30,NORMA-18866,890
30,NORMA-11599,891
30,NORMA-19016,892
30,NORMA-20284,893
30,NORMA-4263,894
30,NORMA-20397,895
30,NORMA-19483,896
30,NORMA-20717,897
30,NORMA-207,898
30,NORMA-1535,899
30,NORMA-15249,900
30,NORMA-14821,901
30,NORMA-19222,902
30,NORMA-1416,903
30,NORMA-6819,904
30,NORMA-18299,905
30,NORMA-18322,906
30,NORMA-20450,907
30,NORMA-10393,908
30,NORMA-21636,909
30,NORMA-21519,910
30,NORMA-23862,911
30,NORMA-19480,912
30,NORMA-20155,913
30,NORMA-19582,914
30,NORMA-18362,915
30,NORMA-20278,916
30,NORMA-19335,917
30,NORMA-6509,918
30,NORMA-18321,919
30,NORMA-6948,920
30,NORMA-588,921
30,NORMA-587,922
30,NORMA-14925,923
30,NORMA-18297,924
30,NORMA-6820,925
30,NORMA-19340,926
30,NORMA-18931,927
30,NORMA-20422,928
30,NORMA-20021,929
30,NORMA-18411,930
30,NORMA-20150,931
30,NORMA-15239,932
30,NORMA-21331,933
30,NORMA-18601,934
30,NORMA-20541,935
30,NORMA-211,936
30,NORMA-13480,937
30,NORMA-18541,938
30,NORMA-4688,939
30,NORMA-20545,940
30,NORMA-20356,941
30,NORMA-19150,942
30,NORMA-423,943
30,NORMA-18357,944
30,NORMA-18656,945
30,NORMA-19879,946
30,NORMA-1114,947
30,NORMA-4830,948
30,NORMA-20503,949
30,NORMA-595,950
30,NORMA-19783,951
30,NORMA-20133,952
30,NORMA-20968,953
30,NORMA-19955,954
30,NORMA-21546,955
30,NORMA-7651,956
30,NORMA-15211,957
30,NORMA-7902,958
30,NORMA-18812,959
30,NORMA-8204,960
30,NORMA-20605,961
30,NORMA-19071,962
30,NORMA-19573,963
30,NORMA-20154,964
30,NORMA-18490,965
30,NORMA-12933,966
30,NORMA-4515,967
30,NORMA-13158,968
30,NORMA-19354,969
30,NORMA-19594,970
30,NORMA-19554,971
30,NORMA-8027,972
30,NORMA-18282,973
30,NORMA-19904,974
30,NORMA-10878,975
30,NORMA-12742,976
30,NORMA-11956,977
30,NORMA-1374,978
30,NORMA-1445,979
30,NORMA-20309,980
30,NORMA-18780,981
30,NORMA-20744,982
30,NORMA-18833,983
30,NORMA-13564,984
30,NORMA-8558,985
30,NORMA-20142,986
30,NORMA-18336,987
30,NORMA-4818,988
30,NORMA-18513,989
30,NORMA-6447,990
30,NORMA-19591,991
30,NORMA-20627,992
30,NORMA-12203,993
30,NORMA-11102,994
30,NORMA-8377,995
30,NORMA-8374,996
30,NORMA-20538,997
30,NORMA-4202,998
30,NORMA-18423,999
30,NORMA-14481,1000
31,NORMA-21321,1
31,NORMA-2076,2
31,NORMA-19960,3
31,NORMA-535,4
31,NORMA-207,5
31,NORMA-19593,6
31,NORMA-13138,7
31,NORMA-21110,8
31,NORMA-21267,9
31,NORMA-26,10
31,NORMA-19928,11
31,NORMA-22561,12
31,NORMA-23501,13
31,NORMA-555,14
31,NORMA-1994,15
31,NORMA-21648,16
31,NORMA-1341,17
31,NORMA-15542,18
31,NORMA-22941,19
31,NORMA-2269,20
31,NORMA-18394,21
31,NORMA-17201,22
31,NORMA-20217,23
31,NORMA-21256,24
31,NORMA-854,25
31,NORMA-21755,26
31,NORMA-1567,27
31,NORMA-20187,28
31,NORMA-19733,29
31,NORMA-782,30
31,NORMA-1740,31
31,NORMA-2184,32
31,NORMA-13106,33
31,NORMA-21631,34
31,NORMA-11615,35
31,NORMA-19205,36
31,NORMA-1092,37
31,NORMA-20423,38
31,NORMA-20590,39
31,NORMA-3181,40
31,NORMA-21540,41
31,NORMA-2383,42
31,NORMA-13802,43
31,NORMA-10326,44
31,NORMA-21367,45
31,NORMA-21398,46
31,NORMA-3592,47
31,NORMA-6669,48
31,NORMA-21268,49
31,NORMA-12872,50
31,NORMA-6819,51
31,NORMA-18226,52
31,NORMA-2517,53
31,NORMA-2032,54
31,NORMA-6820,55
31,NORMA-6636,56
31,NORMA-20796,57
31,NORMA-658,58
31,NORMA-25902,59
31,NORMA-15239,60
31,NORMA-6970,61
31,NORMA-6698,62
31,NORMA-14459,63
31,NORMA-12920,64
31,NORMA-11836,65
31,NORMA-11827,66
31,NORMA-12826,67
31,NORMA-13638,68
31,NORMA-15276,69
31,NORMA-19371,70
31,NORMA-21419,71
31,NORMA-14885,72
31,NORMA-20220,73
31,NORMA-22622,74
31,NORMA-12870,75
31,NORMA-13183,76
31,NORMA-14145,77
31,NORMA-21515,78
31,NORMA-11828,79
31,NORMA-15194,80
31,NORMA-2158,81
31,NORMA-3571,82
31,NORMA-7011,83
31,NORMA-21506,84
31,NORMA-18291,85
31,NORMA-1851,86
31,NORMA-9893,87
31,NORMA-634,88
31,NORMA-18992,89
31,NORMA-581,90
31,NORMA-21388,91
31,NORMA-18224,92
31,NORMA-20402,93
31,NORMA-20941,94
31,NORMA-31903,95
31,NORMA-215,96
31,NORMA-12165,97
31,NORMA-19095,98
31,NORMA-18967,99
31,NORMA-20197,100
31,NORMA-21739,101
31,NORMA-20046,102
31,NORMA-834,103
31,NORMA-1672,104
31,NORMA-21012,105
31,NORMA-33288,106
31,NORMA-21300,107
31,NORMA-21568,108
31,NORMA-21063,109
31,NORMA-33308,110
31,NORMA-913,111
31,NORMA-15521,112
31,NORMA-3382,113
31,NORMA-20885,114
31,NORMA-778,115
31,NORMA-12560,116
31,NORMA-21783,117
31,NORMA-579,118
31,NORMA-21547,119
31,NORMA-19486,120
31,NORMA-21431,121
31,NORMA-11588,122
31,NORMA-2546,123
31,NORMA-19057,124
31,NORMA-21625,125
31,NORMA-20443,126
31,NORMA-21437,127
31,NORMA-8575,128
31,NORMA-1534,129
31,NORMA-21239,130
31,NORMA-970,131
31,NORMA-2,132
31,NORMA-12012,133
31,NORMA-3241,134
31,NORMA-1549,135
31,NORMA-143,136
31,NORMA-1421,137
31,NORMA-18249,138
31,NORMA-20192,139
31,NORMA-20137,140
31,NORMA-18204,141
31,NORMA-18385,142
31,NORMA-18780,143
31,NORMA-20189,144
31,NORMA-18446,145
31,NORMA-19471,146
31,NORMA-19152,147
31,NORMA-12089,148
31,NORMA-1035,149
31,NORMA-20206,150
31,NORMA-19634,151
31,NORMA-19014,152
31,NORMA-11646,153
31,NORMA-11455,154
31,NORMA-19212,155
31,NORMA-15921,156
31,NORMA-18248,157
31,NORMA-19643,158
31,NORMA-19800,159
31,NORMA-21459,160
31,NORMA-21114,161
31,NORMA-11620,162
31,NORMA-82,163
31,NORMA-6291,164
31,NORMA-6396,165
31,NORMA-18788,166
31,NORMA-21535,167
31,NORMA-26201,168
31,NORMA-21241,169
31,NORMA-19155,170
31,NORMA-1573,171
31,NORMA-1,172
31,NORMA-18750,173
31,NORMA-21659,174
31,NORMA-1138,175
31,NORMA-14898,176
31,NORMA-18797,177
31,NORMA-12648,178
31,NORMA-12113,179
31,NORMA-12886,180
31,NORMA-26263,181
31,NORMA-19387,182
31,NORMA-20957,183
31,NORMA-11316,184
31,NORMA-19234,185
31,NORMA-21621,186
31,NORMA-1555,187
31,NORMA-2484,188
31,NORMA-12607,189
31,NORMA-21217,190
31,NORMA-36,191
31,NORMA-21228,192
31,NORMA-19574,193
31,NORMA-18659,194
31,NORMA-607,195
31,NORMA-19920,196
31,NORMA-14279,197
31,NORMA-18685,198
31,NORMA-1366,199
31,NORMA-13954,200
31,NORMA-20512,201
31,NORMA-19202,202
31,NORMA-12029,203
31,NORMA-5752,204
31,NORMA-6673,205
31,NORMA-21754,206
31,NORMA-19424,207
31,NORMA-15901,208
31,NORMA-19609,209
31,NORMA-20616,210
31,NORMA-17221,211
31,NORMA-26701,212
31,NORMA-21277,213
31,NORMA-21124,214
31,NORMA-8167,215
31,NORMA-19096,216
31,NORMA-4377,217
31,NORMA-3708,218
31,NORMA-19129,219
31,NORMA-31923,220
31,NORMA-14985,221
31,NORMA-21188,222
31,NORMA-553,223
31,NORMA-19136,224
31,NORMA-19160,225
31,NORMA-772,226
31,NORMA-18270,227
31,NORMA-1613,228
31,NORMA-20880,229
31,NORMA-21626,230
31,NORMA-11469,231
31,NORMA-19176,232
31,NORMA-21235,233
31,NORMA-5031,234
31,NORMA-14661,235
31,NORMA-265,236
31,NORMA-11763,237
31,NORMA-3569,238
31,NORMA-6249,239
31,NORMA-6880,240
31,NORMA-6958,241
31,NORMA-14676,242
31,NORMA-29421,243
31,NORMA-7773,244
31,NORMA-19200,245
31,NORMA-19505,246
31,NORMA-3479,247
31,NORMA-18411,248
31,NORMA-3851,249
31,NORMA-4169,250
31,NORMA-21246,251
31,NORMA-21450,252
31,NORMA-21231,253
31,NORMA-20852,254
31,NORMA-4663,255
31,NORMA-75,256
31,NORMA-21550,257
31,NORMA-2567,258
31,NORMA-20963,259
31,NORMA-4982,260
31,NORMA-13458,261
31,NORMA-6598,262
31,NORMA-14463,263
31,NORMA-13547,264
31,NORMA-12038,265
31,NORMA-11609,266
31,NORMA-7723,267
31,NORMA-14089,268
31,NORMA-19561,269
31,NORMA-2377,270
31,NORMA-18237,271
31,NORMA-20303,272
31,NORMA-13202,273
31,NORMA-643,274
31,NORMA-10309,275
31,NORMA-5998,276
31,NORMA-5956,277
31,NORMA-14786,278
31,NORMA-19908,279
31,NORMA-20183,280
31,NORMA-19727,281
31,NORMA-755,282
31,NORMA-835,283
31,NORMA-19562,284
31,NORMA-19507,285
31,NORMA-3381,286
31,NORMA-6128,287
31,NORMA-19197,288
31,NORMA-20559,289
31,NORMA-18746,290
31,NORMA-19630,291
31,NORMA-15581,292
31,NORMA-6758,293
31,NORMA-11764,294
31,NORMA-11857,295
31,NORMA-18811,296
31,NORMA-11479,297
31,NORMA-3470,298
31,NORMA-3896,299
31,NORMA-3281,300
31,NORMA-20863,301
31,NORMA-21650,302
31,NORMA-19789,303
31,NORMA-19275,304
31,NORMA-21705,305
31,NORMA-18205,306
31,NORMA-18265,307
31,NORMA-28381,308
31,NORMA-21676,309
31,NORMA-6257,310
31,NORMA-20039,311
31,NORMA-21622,312
31,NORMA-6514,313
31,NORMA-19923,314
31,NORMA-21500,315
31,NORMA-12039,316
31,NORMA-5834,317
31,NORMA-8501,318
31,NORMA-3505,319
31,NORMA-3904,320
31,NORMA-4449,321
31,NORMA-5415,322
31,NORMA-5357,323
31,NORMA-5519,324
31,NORMA-3943,325
31,NORMA-4145,326
31,NORMA-4329,327
31,NORMA-21772,328
31,NORMA-19384,329
31,NORMA-15881,330
31,NORMA-704,331
31,NORMA-20700,332
31,NORMA-18424,333
31,NORMA-4829,334
31,NORMA-11999,335
31,NORMA-15882,336
31,NORMA-6321,337
31,NORMA-6644,338
31,NORMA-18225,339
31,NORMA-11772,340
31,NORMA-21158,341
31,NORMA-3698,342
31,NORMA-21230,343
31,NORMA-4342,344
31,NORMA-4686,345
31,NORMA-6000,346
31,NORMA-4840,347
31,NORMA-4567,348
31,NORMA-21521,349
31,NORMA-12002,350
31,NORMA-5964,351
31,NORMA-2094,352
31,NORMA-20002,353
31,NORMA-21653,354
31,NORMA-19806,355
31,NORMA-18844,356
31,NORMA-14162,357
31,NORMA-18511,358
31,NORMA-21461,359
31,NORMA-21025,360
31,NORMA-13831,361
31,NORMA-13999,362
31,NORMA-13962,363
31,NORMA-14735,364
31,NORMA-1650,365
31,NORMA-19028,366
31,NORMA-18691,367
31,NORMA-26161,368
31,NORMA-19489,369
31,NORMA-15115,370
31,NORMA-5838,371
31,NORMA-2120,372
31,NORMA-8074,373
31,NORMA-21541,374
31,NORMA-13179,375
31,NORMA-21784,376
31,NORMA-20241,377
31,NORMA-19520,378
31,NORMA-24362,379
31,NORMA-20569,380
31,NORMA-20185,381
31,NORMA-21792,382
31,NORMA-4144,383
31,NORMA-3875,384
31,NORMA-20729,385
31,NORMA-21105,386
31,NORMA-19292,387
31,NORMA-18631,388
31,NORMA-19724,389
31,NORMA-20238,390
31,NORMA-18630,391
31,NORMA-19382,392
31,NORMA-19603,393
31,NORMA-4618,394
31,NORMA-21613,395
31,NORMA-18804,396
31,NORMA-18958,397
31,NORMA-2104,398
31,NORMA-20237,399
31,NORMA-646,400
31,NORMA-8028,401
31,NORMA-981,402
31,NORMA-19785,403
31,NORMA-21764,404
31,NORMA-18733,405
31,NORMA-14673,406
31,NORMA-8677,407
31,NORMA-18724,408
31,NORMA-2144,409
31,NORMA-3514,410
31,NORMA-5506,411
31,NORMA-12245,412
31,NORMA-2126,413
31,NORMA-28203,414
31,NORMA-19947,415
31,NORMA-19965,416
31,NORMA-20225,417
31,NORMA-5776,418
31,NORMA-18207,419
31,NORMA-20602,420
31,NORMA-21533,421
31,NORMA-27761,422
31,NORMA-24661,423
31,NORMA-5327,424
31,NORMA-358,425
31,NORMA-28422,426
31,NORMA-20403,427
31,NORMA-11780,428
31,NORMA-8165,429
31,NORMA-6955,430
31,NORMA-20918,431
31,NORMA-4114,432
31,NORMA-18414,433
31,NORMA-4915,434
31,NORMA-6710,435
31,NORMA-19581,436
31,NORMA-18955,437
31,NORMA-24582,438
31,NORMA-19641,439
31,NORMA-4433,440
31,NORMA-2089,441
31,NORMA-18910,442
31,NORMA-19853,443
31,NORMA-18885,444
31,NORMA-1144,445
31,NORMA-4566,446
31,NORMA-21524,447
31,NORMA-6203,448
31,NORMA-7068,449
31,NORMA-5500,450
31,NORMA-9457,451
31,NORMA-19564,452
31,NORMA-20778,453
31,NORMA-8938,454
31,NORMA-20269,455
31,NORMA-19791,456
31,NORMA-228,457
31,NORMA-2058,458
31,NORMA-6948,459
31,NORMA-20789,460
31,NORMA-9834,461
31,NORMA-20184,462
31,NORMA-6351,463
31,NORMA-18430,464
31,NORMA-18886,465
31,NORMA-18530,466
31,NORMA-11627,467
31,NORMA-7466,468
31,NORMA-21356,469
31,NORMA-27064,470
31,NORMA-6443,471
31,NORMA-3201,472
31,NORMA-20349,473
31,NORMA-4365,474
31,NORMA-18375,475
31,NORMA-18953,476
31,NORMA-15202,477
31,NORMA-8178,478
31,NORMA-19431,479
31,NORMA-1689,480
31,NORMA-33728,481
31,NORMA-19830,482
31,NORMA-21220,483
31,NORMA-14701,484
31,NORMA-5548,485
31,NORMA-19640,486
31,NORMA-416,487
31,NORMA-27981,488
31,NORMA-11864,489
31,NORMA-20452,490
31,NORMA-11913,491
31,NORMA-21624,492
31,NORMA-20491,493
31,NORMA-21695,494
31,NORMA-92,495
31,NORMA-15163,496
31,NORMA-12970,497
31,NORMA-21434,498
31,NORMA-21725,499
31,NORMA-12685,500
31,NORMA-19528,501
31,NORMA-20721,502
31,NORMA-1419,503
31,NORMA-8245,504
31,NORMA-19329,505
31,NORMA-18432,506
31,NORMA-11814,507
31,NORMA-20966,508
31,NORMA-20072,509
31,NORMA-20235,510
31,NORMA-7659,511
31,NORMA-20574,512
31,NORMA-18890,513
31,NORMA-21299,514
31,NORMA-13722,515
31,NORMA-21003,516
31,NORMA-984,517
31,NORMA-20989,518
31,NORMA-19220,519
31,NORMA-20090,520
31,NORMA-21342,521
31,NORMA-18208,522
31,NORMA-53,523
31,NORMA-6954,524
31,NORMA-20195,525
31,NORMA-28362,526
31,NORMA-222,527
31,NORMA-19170,528
31,NORMA-18490,529
31,NORMA-20369,530
31,NORMA-15561,531
31,NORMA-15541,532
31,NORMA-18789,533
31,NORMA-10708,534
31,NORMA-21371,535
31,NORMA-11910,536
31,NORMA-21456,537
31,NORMA-19844,538
31,NORMA-13323,539
31,NORMA-13082,540
31,NORMA-3478,541
31,NORMA-12576,542
31,NORMA-13436,543
31,NORMA-12715,544
31,NORMA-9973,545
31,NORMA-18859,546
31,NORMA-11734,547
31,NORMA-11838,548
31,NORMA-5026,549
31,NORMA-21401,550
31,NORMA-20800,551
31,NORMA-12579,552
31,NORMA-22025,553
31,NORMA-13460,554
31,NORMA-20182,555
31,NORMA-3738,556
31,NORMA-5562,557
31,NORMA-19383,558
31,NORMA-20754,559
31,NORMA-21771,560
31,NORMA-28181,561
31,NORMA-11974,562
31,NORMA-54,563
31,NORMA-19803,564
31,NORMA-317,565
31,NORMA-18316,566
31,NORMA-5507,567
31,NORMA-12035,568
31,NORMA-6521,569
31,NORMA-7311,570
31,NORMA-20708,571
31,NORMA-18122,572
31,NORMA-3850,573
31,NORMA-19468,574
31,NORMA-18605,575
31,NORMA-13797,576
31,NORMA-3884,577
31,NORMA-5853,578
31,NORMA-12015,579
31,NORMA-21561,580
31,NORMA-380,581
31,NORMA-21165,582
31,NORMA-5417,583
31,NORMA-6627,584
31,NORMA-21254,585
31,NORMA-4273,586
31,NORMA-588,587
31,NORMA-587,588
31,NORMA-18240,589
31,NORMA-8685,590
31,NORMA-12160,591
31,NORMA-4173,592
31,NORMA-14937,593
31,NORMA-21661,594
31,NORMA-18978,595
31,NORMA-6505,596
31,NORMA-20577,597
31,NORMA-4118,598
31,NORMA-19221,599
31,NORMA-20356,600
31,NORMA-13772,601
31,NORMA-18359,602
31,NORMA-11736,603
31,NORMA-21717,604
31,NORMA-19245,605
31,NORMA-6629,606
31,NORMA-5154,607
31,NORMA-11621,608
31,NORMA-729,609
31,NORMA-754,610
31,NORMA-19735,611
31,NORMA-8689,612
31,NORMA-20239,613
31,NORMA-18537,614
31,NORMA-4817,615
31,NORMA-19358,616
31,NORMA-4631,617
31,NORMA-20291,618
31,NORMA-802,619
31,NORMA-14577,620
31,NORMA-3722,621
31,NORMA-20558,622
31,NORMA-1442,623
31,NORMA-15237,624
31,NORMA-220,625
31,NORMA-6393,626
31,NORMA-18515,627
31,NORMA-19704,628
31,NORMA-4146,629
31,NORMA-595,630
31,NORMA-61,631
31,NORMA-5023,632
31,NORMA-19049,633
31,NORMA-18981,634
31,NORMA-7656,635
31,NORMA-19456,636
31,NORMA-660,637
31,NORMA-20359,638
31,NORMA-8767,639
31,NORMA-18721,640
31,NORMA-21507,641
31,NORMA-59,642
31,NORMA-4041,643
31,NORMA-19650,644
31,NORMA-4541,645
31,NORMA-6957,646
31,NORMA-5850,647
31,NORMA-6318,648
31,NORMA-21608,649
31,NORMA-801,650
31,NORMA-22262,651
31,NORMA-4926,652
31,NORMA-2185,653
31,NORMA-2660,654
31,NORMA-1611,655
31,NORMA-19206,656
31,NORMA-3595,657
31,NORMA-21497,658
31,NORMA-21279,659
31,NORMA-11087,660
31,NORMA-21756,661
31,NORMA-21343,662
31,NORMA-4588,663
31,NORMA-8774,664
31,NORMA-19365,665
31,NORMA-14618,666
31,NORMA-18656,667
31,NORMA-20376,668
31,NORMA-554,669
31,NORMA-4712,670
31,NORMA-20561,671
31,NORMA-14501,672
31,NORMA-19570,673
31,NORMA-4164,674
31,NORMA-4762,675
31,NORMA-8695,676
31,NORMA-13473,677
31,NORMA-18539,678
31,NORMA-5888,679
31,NORMA-8175,680
31,NORMA-20503,681
31,NORMA-8832,682
31,NORMA-15242,683
31,NORMA-13914,684
31,NORMA-12832,685
31,NORMA-14508,686
31,NORMA-13771,687
31,NORMA-15211,688
31,NORMA-4236,689
31,NORMA-13056,690
31,NORMA-19266,691
31,NORMA-18806,692
31,NORMA-19343,693
31,NORMA-6856,694
31,NORMA-13158,695
31,NORMA-27925,696
31,NORMA-11655,697
31,NORMA-4749,698
31,NORMA-14239,699
31,NORMA-18960,700
31,NORMA-20103,701
31,NORMA-7279,702
31,NORMA-20583,703
31,NORMA-20102,704
31,NORMA-8390,705
31,NORMA-12900,706
31,NORMA-12901,707
31,NORMA-19480,708
31,NORMA-20300,709
31,NORMA-21238,710
31,NORMA-13469,711
31,NORMA-20566,712
31,NORMA-20902,713
31,NORMA-4442,714
31,NORMA-18722,715
31,NORMA-18669,716
31,NORMA-12060,717
31,NORMA-20501,718
31,NORMA-13593,719
31,NORMA-19864,720
31,NORMA-20258,721
31,NORMA-20425,722
31,NORMA-6185,723
31,NORMA-19056,724
31,NORMA-19646,725
31,NORMA-20135,726
31,NORMA-21417,727
31,NORMA-19797,728
31,NORMA-616,729
31,NORMA-21544,730
31,NORMA-21091,731
31,NORMA-18601,732
31,NORMA-12952,733
31,NORMA-18219,734
31,NORMA-8504,735
31,NORMA-13671,736
31,NORMA-7737,737
31,NORMA-21477,738
31,NORMA-21606,739
31,NORMA-19804,740
31,NORMA-20108,741
31,NORMA-20936,742
31,NORMA-5938,743
31,NORMA-19787,744
31,NORMA-19303,745
31,NORMA-18227,746
31,NORMA-16202,747
31,NORMA-20836,748
31,NORMA-21310,749
31,NORMA-21554,750
31,NORMA-21752,751
31,NORMA-11226,752
31,NORMA-12055,753
31,NORMA-9382,754
31,NORMA-6017,755
31,NORMA-9892,756
31,NORMA-13402,757
31,NORMA-10797,758
31,NORMA-21679,759
31,NORMA-19981,760
31,NORMA-4120,761
31,NORMA-6083,762
31,NORMA-19150,763
31,NORMA-6877,764
31,NORMA-6960,765
31,NORMA-6631,766
31,NORMA-19249,767
31,NORMA-18747,768
31,NORMA-6878,769
31,NORMA-19651,770
31,NORMA-6632,771
31,NORMA-6559,772
31,NORMA-19933,773
31,NORMA-20446,774
31,NORMA-6633,775
31,NORMA-21776,776
31,NORMA-6087,777
31,NORMA-7831,778
31,NORMA-18293,779
31,NORMA-18934,780
31,NORMA-13345,781
31,NORMA-6088,782
31,NORMA-6813,783
31,NORMA-19909,784
31,NORMA-19792,785
31,NORMA-18937,786
31,NORMA-21035,787
31,NORMA-21496,788
31,NORMA-6894,789
31,NORMA-11651,790
31,NORMA-6635,791
31,NORMA-19912,792
31,NORMA-20191,793
31,NORMA-13585,794
31,NORMA-12262,795
31,NORMA-21133,796
31,NORMA-18533,797
31,NORMA-5524,798
31,NORMA-13753,799
31,NORMA-12159,800
31,NORMA-12188,801
31,NORMA-6250,802
31,NORMA-6556,803
31,NORMA-6557,804
31,NORMA-12859,805
31,NORMA-4392,806
31,NORMA-21065,807
31,NORMA-12858,808
31,NORMA-4792,809
31,NORMA-23881,810
31,NORMA-12354,811
31,NORMA-4500,812
31,NORMA-14850,813
31,NORMA-21555,814
31,NORMA-4929,815
31,NORMA-10778,816
31,NORMA-8081,817
31,NORMA-893,818
31,NORMA-14268,819
31,NORMA-6320,820
31,NORMA-6315,821
31,NORMA-18541,822
31,NORMA-19051,823
31,NORMA-2460,824
31,NORMA-1641,825
31,NORMA-13877,826
31,NORMA-6656,827
31,NORMA-14742,828
31,NORMA-7525,829
31,NORMA-11605,830
31,NORMA-14870,831
31,NORMA-9482,832
31,NORMA-6667,833
31,NORMA-12005,834
31,NORMA-8920,835
31,NORMA-10365,836
31,NORMA-18898,837
31,NORMA-21152,838
31,NORMA-14517,839
31,NORMA-6183,840
31,NORMA-13912,841
31,NORMA-11654,842
31,NORMA-6666,843
31,NORMA-21581,844
31,NORMA-9835,845
31,NORMA-13957,846
31,NORMA-11508,847
31,NORMA-9867,848
31,NORMA-8871,849
31,NORMA-6776,850
31,NORMA-6951,851
31,NORMA-6965,852
31,NORMA-14636,853
31,NORMA-13883,854
31,NORMA-14429,855
31,NORMA-15208,856
31,NORMA-16268,857
31,NORMA-21328,858
31,NORMA-14758,859
31,NORMA-10621,860
31,NORMA-8172,861
31,NORMA-19225,862
31,NORMA-21384,863
31,NORMA-14208,864
31,NORMA-10692,865
31,NORMA-21204,866
31,NORMA-20460,867
31,NORMA-10925,868
31,NORMA-19790,869
31,NORMA-18319,870
31,NORMA-6622,871
31,NORMA-3464,872
31,NORMA-20992,873
31,NORMA-18796,874
31,NORMA-21609,875
31,NORMA-11157,876
31,NORMA-6665,877
31,NORMA-9969,878
31,NORMA-19298,879
31,NORMA-6766,880
31,NORMA-19179,881
31,NORMA-4305,882
31,NORMA-18818,883
31,NORMA-6188,884
31,NORMA-6251,885
31,NORMA-19351,886
31,NORMA-8392,887
31,NORMA-19763,888
31,NORMA-11664,889
31,NORMA-9866,890
31,NORMA-9026,891
31,NORMA-7660,892
31,NORMA-11652,893
31,NORMA-6950,894
31,NORMA-20840,895
31,NORMA-4443,896
31,NORMA-21218,897
31,NORMA-12495,898
31,NORMA-6177,899
31,NORMA-9972,900
31,NORMA-18325,901
31,NORMA-14498,902
31,NORMA-14688,903
31,NORMA-9792,904
31,NORMA-9870,905
31,NORMA-4565,906
31,NORMA-19977,907
31,NORMA-20860,908
31,NORMA-21289,909
31,NORMA-14099,910
31,NORMA-15229,911
31,NORMA-20076,912
31,NORMA-4026,913
31,NORMA-6325,914
31,NORMA-20994,915
31,NORMA-11282,916
31,NORMA-18772,917
31,NORMA-6599,918
31,NORMA-10529,919
31,NORMA-21759,920
31,NORMA-6186,921
31,NORMA-18284,922
31,NORMA-6256,923
31,NORMA-10741,924
31,NORMA-21166,925
31,NORMA-14627,926
31,NORMA-6676,927
31,NORMA-20453,928
31,NORMA-17061,929
31,NORMA-14759,930
31,NORMA-10039,931
31,NORMA-21013,932
31,NORMA-8011,933
31,NORMA-15069,934
31,NORMA-5921,935
31,NORMA-8075,936
31,NORMA-20793,937
31,NORMA-3539,938
31,NORMA-12345,939
31,NORMA-14562,940
31,NORMA-13884,941
31,NORMA-21113,942
31,NORMA-20205,943
31,NORMA-5842,944
31,NORMA-6189,945
31,NORMA-5994,946
31,NORMA-13471,947
31,NORMA-13195,948
31,NORMA-19714,949
31,NORMA-18883,950
31,NORMA-20586,951
31,NORMA-18529,952
31,NORMA-18748,953
31,NORMA-21264,954
31,NORMA-18266,955
31,NORMA-10890,956
31,NORMA-10342,957
31,NORMA-19776,958
31,NORMA-19232,959
31,NORMA-10994,960
31,NORMA-20633,961
31,NORMA-20098,962
31,NORMA-7012,963
31,NORMA-10693,964
31,NORMA-9493,965
31,NORMA-3642,966
31,NORMA-18327,967
31,NORMA-5487,968
31,NORMA-20368,969
31,NORMA-21269,970
31,NORMA-10364,971
31,NORMA-21307,972
31,NORMA-21132,973
31,NORMA-18211,974
31,NORMA-9968,975
31,NORMA-8176,976
31,NORMA-13480,977
31,NORMA-18212,978
31,NORMA-20670,979
31,NORMA-19181,980
31,NORMA-20913,981
31,NORMA-3503,982
31,NORMA-19017,983
31,NORMA-14377,984
31,NORMA-11653,985
31,NORMA-18499,986
31,NORMA-18498,987
31,NORMA-18882,988
31,NORMA-3846,989
31,NORMA-4813,990
31,NORMA-18603,991
31,NORMA-18292,992
31,NORMA-11920,993
31,NORMA-5134,994
31,NORMA-19586,995
31,NORMA-20505,996
31,NORMA-21260,997
31,NORMA-18672,998
31,NORMA-8823,999
31,NORMA-7833,1000
32,NORMA-385,1
32,NORMA-21308,2
32,NORMA-1674,3
32,NORMA-18233,4
32,NORMA-1175,5
32,NORMA-1171,6
32,NORMA-20853,7
32,NORMA-20271,8
32,NORMA-19380,9
32,NORMA-18298,10
32,NORMA-6757,11
32,NORMA-21147,12
32,NORMA-766,13
32,NORMA-18388,14
32,NORMA-7025,15
32,NORMA-11756,16
32,NORMA-11144,17
32,NORMA-11496,18
32,NORMA-9297,19
32,NORMA-21025,20
32,NORMA-124,21
32,NORMA-21199,22
32,NORMA-729,23
32,NORMA-21739,24
32,NORMA-13480,25
32,NORMA-18541,26
32,NORMA-18798,27
32,NORMA-18863,28
32,NORMA-19587,29
32,NORMA-18806,30
32,NORMA-12160,31
32,NORMA-20941,32
32,NORMA-20945,33
32,NORMA-20995,34
32,NORMA-21792,35
32,NORMA-18819,36
32,NORMA-20690,37
32,NORMA-18446,38
32,NORMA-13195,39
32,NORMA-13402,40
32,NORMA-21043,41
32,NORMA-21069,42
32,NORMA-15004,43
32,NORMA-18306,44
32,NORMA-18301,45
32,NORMA-483,46
32,NORMA-18219,47
32,NORMA-20865,48
32,NORMA-13954,49
32,NORMA-18364,50
32,NORMA-25902,51
32,NORMA-21461,52
32,NORMA-18772,53
32,NORMA-6783,54
32,NORMA-19096,55
32,NORMA-21626,56
32,NORMA-31904,57
32,NORMA-21496,58
32,NORMA-21419,59
32,NORMA-18838,60
32,NORMA-423,61
32,NORMA-834,62
32,NORMA-21550,63
32,NORMA-7386,64
32,NORMA-332,65
32,NORMA-20223,66
32,NORMA-7222,67
32,NORMA-18204,68
32,NORMA-19212,69
32,NORMA-12035,70
32,NORMA-20425,71
32,NORMA-18378,72
32,NORMA-12015,73
32,NORMA-7225,74
32,NORMA-5421,75
32,NORMA-75,76
32,NORMA-11790,77
32,NORMA-5536,78
32,NORMA-18237,79
32,NORMA-21267,80
32,NORMA-20316,81
32,NORMA-19152,82
32,NORMA-6140,83
32,NORMA-18377,84
32,NORMA-11316,85
32,NORMA-7113,86
32,NORMA-28203,87
32,NORMA-8435,88
32,NORMA-18823,89
32,NORMA-12664,90
32,NORMA-18933,91
32,NORMA-11615,92
32,NORMA-14788,93
32,NORMA-28281,94
32,NORMA-1421,95
32,NORMA-13106,96
32,NORMA-9724,97
32,NORMA-3382,98
32,NORMA-21023,99
32,NORMA-10994,100
32,NORMA-229,101
32,NORMA-11999,102
32,NORMA-18762,103
32,NORMA-20208,104
32,NORMA-7384,105
32,NORMA-3381,106
32,NORMA-18981,107
32,NORMA-18815,108
32,NORMA-12113,109
32,NORMA-12002,110
32,NORMA-11920,111
32,NORMA-4075,112
32,NORMA-3181,113
32,NORMA-24961,114
32,NORMA-11739,115
32,NORMA-19017,116
32,NORMA-18479,117
32,NORMA-1547,118
32,NORMA-1252,119
32,NORMA-11792,120
32,NORMA-6505,121
32,NORMA-4219,122
32,NORMA-1183,123
32,NORMA-12872,124
32,NORMA-20934,125
32,NORMA-1207,126
32,NORMA-20874,127
32,NORMA-2020,128
32,NORMA-9792,129
32,NORMA-21189,130
32,NORMA-18208,131
32,NORMA-2089,132
32,NORMA-7381,133
32,NORMA-4631,134
32,NORMA-6082,135
32,NORMA-1026,136
32,NORMA-2395,137
32,NORMA-188,138
32,NORMA-20886,139
32,NORMA-12005,140
32,NORMA-1740,141
32,NORMA-21776,142
32,NORMA-20785,143
32,NORMA-21497,144
32,NORMA-20691,145
32,NORMA-4275,146
32,NORMA-20999,147
32,NORMA-1352,148
32,NORMA-18350,149
32,NORMA-20774,150
32,NORMA-20927,151
32,NORMA-18216,152
32,NORMA-1361,153
32,NORMA-18211,154
32,NORMA-11780,155
32,NORMA-19080,156
32,NORMA-704,157
32,NORMA-8384,158
32,NORMA-20728,159
32,NORMA-4316,160
32,NORMA-6389,161
32,NORMA-20914,162
32,NORMA-20869,163
32,NORMA-22561,164
32,NORMA-1996,165
32,NORMA-20786,166
32,NORMA-18773,167
32,NORMA-20182,168
32,NORMA-1442,169
32,NORMA-850,170
32,NORMA-20282,171
32,NORMA-3241,172
32,NORMA-4536,173
32,NORMA-20233,174
32,NORMA-20029,175
32,NORMA-20288,176
32,NORMA-14063,177
32,NORMA-18414,178
32,NORMA-18224,179
32,NORMA-18489,180
32,NORMA-15381,181
32,NORMA-12315,182
32,NORMA-18709,183
32,NORMA-18486,184
32,NORMA-18487,185
32,NORMA-12612,186
32,NORMA-18439,187
32,NORMA-21136,188
32,NORMA-12954,189
32,NORMA-19573,190
32,NORMA-358,191
32,NORMA-21144,192
32,NORMA-1315,193
32,NORMA-18503,194
32,NORMA-5586,195
32,NORMA-19736,196
32,NORMA-17201,197
32,NORMA-15377,198
32,NORMA-14470,199
32,NORMA-27305,200
32,NORMA-20751,201
32,NORMA-19621,202
32,NORMA-20910,203
32,NORMA-21086,204
32,NORMA-1650,205
32,NORMA-21041,206
32,NORMA-3823,207
32,NORMA-21031,208
32,NORMA-20137,209
32,NORMA-1585,210
32,NORMA-2421,211
32,NORMA-2444,212
32,NORMA-6955,213
32,NORMA-1631,214
32,NORMA-21402,215
32,NORMA-2113,216
32,NORMA-5008,217
32,NORMA-19030,218
32,NORMA-20755,219
32,NORMA-26281,220
32,NORMA-15097,221
32,NORMA-1155,222
32,NORMA-12543,223
32,NORMA-19598,224
32,NORMA-6509,225
32,NORMA-14203,226
32,NORMA-12545,227
32,NORMA-15010,228
32,NORMA-15292,229
32,NORMA-14034,230
32,NORMA-13731,231
32,NORMA-12290,232
32,NORMA-15075,233
32,NORMA-12830,234
32,NORMA-13601,235
32,NORMA-15335,236
32,NORMA-13737,237
32,NORMA-6075,238
32,NORMA-12297,239
32,NORMA-11698,240
32,NORMA-14537,241
32,NORMA-13343,242
32,NORMA-12844,243
32,NORMA-11911,244
32,NORMA-12391,245
32,NORMA-14799,246
32,NORMA-12519,247
32,NORMA-21143,248
32,NORMA-2184,249
32,NORMA-12673,250
32,NORMA-13483,251
32,NORMA-11388,252
32,NORMA-23804,253
32,NORMA-23025,254
32,NORMA-17242,255
32,NORMA-17042,256
32,NORMA-13249,257
32,NORMA-12077,258
32,NORMA-15306,259
32,NORMA-13451,260
32,NORMA-11824,261
32,NORMA-21398,262
32,NORMA-15921,263
32,NORMA-24021,264
32,NORMA-15008,265
32,NORMA-19090,266
32,NORMA-21125,267
32,NORMA-14064,268
32,NORMA-15126,269
32,NORMA-4711,270
32,NORMA-23441,271
32,NORMA-18384,272
32,NORMA-17902,273
32,NORMA-13899,274
32,NORMA-12821,275
32,NORMA-14246,276
32,NORMA-12660,277
32,NORMA-14083,278
32,NORMA-14605,279
32,NORMA-9371,280
32,NORMA-15045,281
32,NORMA-23682,282
32,NORMA-7651,283
32,NORMA-13121,284
32,NORMA-13956,285
32,NORMA-15101,286
32,NORMA-12301,287
32,NORMA-21431,288
32,NORMA-14542,289
32,NORMA-29682,290
32,NORMA-24142,291
32,NORMA-23803,292
32,NORMA-16201,293
32,NORMA-13028,294
32,NORMA-13118,295
32,NORMA-14021,296
32,NORMA-11907,297
32,NORMA-14365,298
32,NORMA-14500,299
32,NORMA-14391,300
32,NORMA-26021,301
32,NORMA-16744,302
32,NORMA-13089,303
32,NORMA-13243,304
32,NORMA-11914,305
32,NORMA-4717,306
32,NORMA-14745,307
32,NORMA-15042,308
32,NORMA-14893,309
32,NORMA-12627,310
32,NORMA-14697,311
32,NORMA-18082,312
32,NORMA-14736,313
32,NORMA-14820,314
32,NORMA-12377,315
32,NORMA-6601,316
32,NORMA-13712,317
32,NORMA-6814,318
32,NORMA-15103,319
32,NORMA-4818,320
32,NORMA-28465,321
32,NORMA-26725,322
32,NORMA-16962,323
32,NORMA-15129,324
32,NORMA-6768,325
32,NORMA-14018,326
32,NORMA-13156,327
32,NORMA-18771,328
32,NORMA-15146,329
32,NORMA-15058,330
32,NORMA-8259,331
32,NORMA-18910,332
32,NORMA-7525,333
32,NORMA-14053,334
32,NORMA-13576,335
32,NORMA-18807,336
32,NORMA-13206,337
32,NORMA-15076,338
32,NORMA-12408,339
32,NORMA-14086,340
32,NORMA-23161,341
32,NORMA-14852,342
32,NORMA-12617,343
32,NORMA-11131,344
32,NORMA-6455,345
32,NORMA-4808,346
32,NORMA-4045,347
32,NORMA-9632,348
32,NORMA-9668,349
32,NORMA-5626,350
32,NORMA-14751,351
32,NORMA-4809,352
32,NORMA-19577,353
32,NORMA-12061,354
32,NORMA-12498,355
32,NORMA-14110,356
32,NORMA-14173,357
32,NORMA-2415,358
32,NORMA-11052,359
32,NORMA-12478,360
32,NORMA-13084,361
32,NORMA-15239,362
32,NORMA-15250,363
32,NORMA-6021,364
32,NORMA-23963,365
32,NORMA-16222,366
32,NORMA-16221,367
32,NORMA-14897,368
32,NORMA-12838,369
32,NORMA-6180,370
32,NORMA-5165,371
32,NORMA-18502,372
32,NORMA-17462,373
32,NORMA-12842,374
32,NORMA-4293,375
32,NORMA-1313,376
32,NORMA-22522,377
32,NORMA-17241,378
32,NORMA-15002,379
32,NORMA-6558,380
32,NORMA-5431,381
32,NORMA-14232,382
32,NORMA-13917,383
32,NORMA-14540,384
32,NORMA-1991,385
32,NORMA-24261,386
32,NORMA-12382,387
32,NORMA-13112,388
32,NORMA-5001,389
32,NORMA-5761,390
32,NORMA-6365,391
32,NORMA-21047,392
32,NORMA-27225,393
32,NORMA-14421,394
32,NORMA-13768,395
32,NORMA-14888,396
32,NORMA-13872,397
32,NORMA-21052,398
32,NORMA-27881,399
32,NORMA-7784,400
32,NORMA-6592,401
32,NORMA-22381,402
32,NORMA-3621,403
32,NORMA-8293,404
32,NORMA-28881,405
32,NORMA-16963,406
32,NORMA-13341,407
32,NORMA-12051,408
32,NORMA-8978,409
32,NORMA-20592,410
32,NORMA-34,411
32,NORMA-11879,412
32,NORMA-18843,413
32,NORMA-21902,414
32,NORMA-18438,415
32,NORMA-14686,416
32,NORMA-12538,417
32,NORMA-13217,418
32,NORMA-13971,419
32,NORMA-13707,420
32,NORMA-12864,421
32,NORMA-13003,422
32,NORMA-8981,423
32,NORMA-26102,424
32,NORMA-13220,425
32,NORMA-15207,426
32,NORMA-12701,427
32,NORMA-20870,428
32,NORMA-20985,429
32,NORMA-11474,430
32,NORMA-1981,431
32,NORMA-19161,432
32,NORMA-29061,433
32,NORMA-12414,434
32,NORMA-9520,435
32,NORMA-10123,436
32,NORMA-15085,437
32,NORMA-9823,438
32,NORMA-22043,439
32,NORMA-14175,440
32,NORMA-18496,441
32,NORMA-15901,442
32,NORMA-10980,443
32,NORMA-3638,444
32,NORMA-16681,445
32,NORMA-18406,446
32,NORMA-10865,447
32,NORMA-16267,448
32,NORMA-10977,449
32,NORMA-4297,450
32,NORMA-9358,451
32,NORMA-20892,452
32,NORMA-27741,453
32,NORMA-27226,454
32,NORMA-14315,455
32,NORMA-26163,456
32,NORMA-19489,457
32,NORMA-13385,458
32,NORMA-12974,459
32,NORMA-9389,460
32,NORMA-23681,461
32,NORMA-13177,462
32,NORMA-15240,463
32,NORMA-14347,464
32,NORMA-13390,465
32,NORMA-15868,466
32,NORMA-7241,467
32,NORMA-28342,468
32,NORMA-16423,469
32,NORMA-12629,470
32,NORMA-18241,471
32,NORMA-12628,472
32,NORMA-18881,473
32,NORMA-4820,474
32,NORMA-18418,475
32,NORMA-18465,476
32,NORMA-4898,477
32,NORMA-12364,478
32,NORMA-21202,479
32,NORMA-20651,480
32,NORMA-20440,481
32,NORMA-17003,482
32,NORMA-13592,483
32,NORMA-24881,484
32,NORMA-11588,485
32,NORMA-21026,486
32,NORMA-25921,487
32,NORMA-25941,488
32,NORMA-25783,489
32,NORMA-14836,490
32,NORMA-18311,491
32,NORMA-28641,492
32,NORMA-8013,493
32,NORMA-11527,494
32,NORMA-13648,495
32,NORMA-13255,496
32,NORMA-13394,497
32,NORMA-1983,498
32,NORMA-2176,499
32,NORMA-2083,500
32,NORMA-2009,501
32,NORMA-12562,502
32,NORMA-1422,503
32,NORMA-21190,504
32,NORMA-2067,505
32,NORMA-19953,506
32,NORMA-3642,507
32,NORMA-13631,508
32,NORMA-15308,509
32,NORMA-29681,510
32,NORMA-1147,511
32,NORMA-6954,512
32,NORMA-20598,513
32,NORMA-18697,514
32,NORMA-12762,515
32,NORMA-12483,516
32,NORMA-20611,517
32,NORMA-20864,518
32,NORMA-12906,519
32,NORMA-13886,520
32,NORMA-19775,521
32,NORMA-1976,522
32,NORMA-4397,523
32,NORMA-13265,524
32,NORMA-12618,525
32,NORMA-14316,526
32,NORMA-1085,527
32,NORMA-12630,528
32,NORMA-6645,529
32,NORMA-4133,530
32,NORMA-18303,531
32,NORMA-20673,532
32,NORMA-27242,533
32,NORMA-10129,534
32,NORMA-1420,535
32,NORMA-18365,536
32,NORMA-14951,537
32,NORMA-21567,538
32,NORMA-19337,539
32,NORMA-16586,540
32,NORMA-1129,541
32,NORMA-20344,542
32,NORMA-1346,543
32,NORMA-479,544
32,NORMA-24882,545
32,NORMA-20881,546
32,NORMA-20752,547
32,NORMA-20787,548
32,NORMA-1549,549
32,NORMA-478,550
32,NORMA-15426,551
32,NORMA-21224,552
32,NORMA-20299,553
32,NORMA-21157,554
32,NORMA-5853,555
32,NORMA-20760,556
32,NORMA-280,557
32,NORMA-21012,558
32,NORMA-1151,559
32,NORMA-5417,560
32,NORMA-21280,561
32,NORMA-27421,562
32,NORMA-26886,563
32,NORMA-1341,564
32,NORMA-357,565
32,NORMA-11417,566
32,NORMA-8625,567
32,NORMA-21158,568
32,NORMA-1098,569
32,NORMA-13138,570
32,NORMA-15521,571
32,NORMA-16462,572
32,NORMA-19441,573
32,NORMA-3852,574
32,NORMA-19021,575
32,NORMA-21706,576
32,NORMA-4539,577
32,NORMA-20037,578
32,NORMA-20291,579
32,NORMA-19136,580
32,NORMA-18239,581
32,NORMA-20402,582
32,NORMA-13720,583
32,NORMA-14498,584
32,NORMA-4204,585
32,NORMA-1342,586
32,NORMA-14493,587
32,NORMA-14857,588
32,NORMA-782,589
32,NORMA-23301,590
32,NORMA-11684,591
32,NORMA-7149,592
32,NORMA-3779,593
32,NORMA-1415,594
32,NORMA-3579,595
32,NORMA-19960,596
32,NORMA-21367,597
32,NORMA-19209,598
32,NORMA-21095,599
32,NORMA-19568,600
32,NORMA-1463,601
32,NORMA-21300,602
32,NORMA-1990,603
32,NORMA-21790,604
32,NORMA-18339,605
32,NORMA-20584,606
32,NORMA-3201,607
32,NORMA-11263,608
32,NORMA-19768,609
32,NORMA-8522,610
32,NORMA-21718,611
32,NORMA-281,612
32,NORMA-23141,613
32,NORMA-20053,614
32,NORMA-4277,615
32,NORMA-20699,616
32,NORMA-18742,617
32,NORMA-18865,618
32,NORMA-18600,619
32,NORMA-1516,620
32,NORMA-20949,621
32,NORMA-6170,622
32,NORMA-18251,623
32,NORMA-24,624
32,NORMA-18347,625
32,NORMA-19194,626
32,NORMA-20085,627
32,NORMA-220,628
32,NORMA-2551,629
32,NORMA-20748,630
32,NORMA-20846,631
32,NORMA-2057,632
32,NORMA-28181,633
32,NORMA-20971,634
32,NORMA-2093,635
32,NORMA-20027,636
32,NORMA-20426,637
32,NORMA-19095,638
32,NORMA-18554,639
32,NORMA-19121,640
32,NORMA-5751,641
32,NORMA-18889,642
32,NORMA-2032,643
32,NORMA-18950,644
32,NORMA-20810,645
32,NORMA-12631,646
32,NORMA-1211,647
32,NORMA-24583,648
32,NORMA-11649,649
32,NORMA-2171,650
32,NORMA-1088,651
32,NORMA-21200,652
32,NORMA-20840,653
32,NORMA-19513,654
32,NORMA-984,655
32,NORMA-18492,656
32,NORMA-20680,657
32,NORMA-19503,658
32,NORMA-6880,659
32,NORMA-20904,660
32,NORMA-11729,661
32,NORMA-19427,662
32,NORMA-21392,663
32,NORMA-865,664
32,NORMA-21547,665
32,NORMA-1173,666
32,NORMA-966,667
32,NORMA-2413,668
32,NORMA-12867,669
32,NORMA-18440,670
32,NORMA-205,671
32,NORMA-21437,672
32,NORMA-474,673
32,NORMA-19957,674
32,NORMA-21408,675
32,NORMA-4710,676
32,NORMA-26003,677
32,NORMA-21050,678
32,NORMA-20273,679
32,NORMA-21113,680
32,NORMA-20119,681
32,NORMA-12880,682
32,NORMA-12649,683
32,NORMA-3980,684
32,NORMA-13594,685
32,NORMA-972,686
32,NORMA-20525,687
32,NORMA-20189,688
32,NORMA-18996,689
32,NORMA-20646,690
32,NORMA-144,691
32,NORMA-19417,692
32,NORMA-1222,693
32,NORMA-19734,694
32,NORMA-19644,695
32,NORMA-18601,696
32,NORMA-2162,697
32,NORMA-19745,698
32,NORMA-475,699
32,NORMA-25964,700
32,NORMA-2546,701
32,NORMA-903,702
32,NORMA-18394,703
32,NORMA-12165,704
32,NORMA-19111,705
32,NORMA-8027,706
32,NORMA-14652,707
32,NORMA-21046,708
32,NORMA-19382,709
32,NORMA-251,710
32,NORMA-19787,711
32,NORMA-19181,712
32,NORMA-10708,713
32,NORMA-19731,714
32,NORMA-18796,715
32,NORMA-5252,716
32,NORMA-20408,717
32,NORMA-12014,718
32,NORMA-12234,719
32,NORMA-18688,720
32,NORMA-978,721
32,NORMA-4924,722
32,NORMA-28821,723
32,NORMA-4182,724
32,NORMA-21063,725
32,NORMA-12232,726
32,NORMA-250,727
32,NORMA-2383,728
32,NORMA-252,729
32,NORMA-20857,730
32,NORMA-249,731
32,NORMA-1567,732
32,NORMA-6199,733
32,NORMA-20861,734
32,NORMA-19290,735
32,NORMA-11575,736
32,NORMA-18225,737
32,NORMA-19081,738
32,NORMA-4926,739
32,NORMA-1217,740
32,NORMA-231,741
32,NORMA-1667,742
32,NORMA-20030,743
32,NORMA-11757,744
32,NORMA-61,745
32,NORMA-21002,746
32,NORMA-634,747
32,NORMA-20757,748
32,NORMA-21606,749
32,NORMA-11802,750
32,NORMA-19164,751
32,NORMA-20723,752
32,NORMA-21114,753
32,NORMA-19828,754
32,NORMA-19853,755
32,NORMA-21783,756
32,NORMA-2014,757
32,NORMA-22941,758
32,NORMA-317,759
32,NORMA-17321,760
32,NORMA-18691,761
32,NORMA-10375,762
32,NORMA-21613,763
32,NORMA-4312,764
32,NORMA-5692,765
32,NORMA-11766,766
32,NORMA-6354,767
32,NORMA-11688,768
32,NORMA-18342,769
32,NORMA-21521,770
32,NORMA-20435,771
32,NORMA-1317,772
32,NORMA-24582,773
32,NORMA-27761,774
32,NORMA-20908,775
32,NORMA-3662,776
32,NORMA-20451,777
32,NORMA-12006,778
32,NORMA-19391,779
32,NORMA-19737,780
32,NORMA-10629,781
32,NORMA-18542,782
32,NORMA-19528,783
32,NORMA-19365,784
32,NORMA-21028,785
32,NORMA-18669,786
32,NORMA-21370,787
32,NORMA-13990,788
32,NORMA-18403,789
32,NORMA-218,790
32,NORMA-12169,791
32,NORMA-1987,792
32,NORMA-18565,793
32,NORMA-19490,794
32,NORMA-1994,795
32,NORMA-265,796
32,NORMA-21211,797
32,NORMA-19238,798
32,NORMA-21132,799
32,NORMA-19405,800
32,NORMA-20621,801
32,NORMA-18254,802
32,NORMA-28362,803
32,NORMA-6881,804
32,NORMA-20349,805
32,NORMA-1573,806
32,NORMA-20811,807
32,NORMA-19480,808
32,NORMA-6701,809
32,NORMA-13094,810
32,NORMA-5925,811
32,NORMA-21631,812
32,NORMA-6636,813
32,NORMA-11516,814
32,NORMA-20301,815
32,NORMA-19119,816
32,NORMA-1663,817
32,NORMA-19467,818
32,NORMA-4091,819
32,NORMA-18931,820
32,NORMA-18249,821
32,NORMA-253,822
32,NORMA-20021,823
32,NORMA-6643,824
32,NORMA-1545,825
32,NORMA-20948,826
32,NORMA-19249,827
32,NORMA-18430,828
32,NORMA-20432,829
32,NORMA-985,830
32,NORMA-18530,831
32,NORMA-14898,832
32,NORMA-20258,833
32,NORMA-20038,834
32,NORMA-21064,835
32,NORMA-7742,836
32,NORMA-11571,837
32,NORMA-12060,838
32,NORMA-12886,839
32,NORMA-19232,840
32,NORMA-5225,841
32,NORMA-11722,842
32,NORMA-18528,843
32,NORMA-10044,844
32,NORMA-21756,845
32,NORMA-18333,846
32,NORMA-12092,847
32,NORMA-19471,848
32,NORMA-18868,849
32,NORMA-15882,850
32,NORMA-18411,851
32,NORMA-18292,852
32,NORMA-21699,853
32,NORMA-11798,854
32,NORMA-1534,855
32,NORMA-21152,856
32,NORMA-217,857
32,NORMA-21126,858
32,NORMA-19981,859
32,NORMA-21470,860
32,NORMA-5487,861
32,NORMA-21085,862
32,NORMA-18844,863
32,NORMA-20376,864
32,NORMA-1619,865
32,NORMA-12089,866
32,NORMA-20086,867
32,NORMA-21649,868
32,NORMA-9481,869
32,NORMA-19798,870
32,NORMA-11433,871
32,NORMA-247,872
32,NORMA-18958,873
32,NORMA-11567,874
32,NORMA-18527,875
32,NORMA-20304,876
32,NORMA-19724,877
32,NORMA-23027,878
32,NORMA-13469,879
32,NORMA-19977,880
32,NORMA-970,881
32,NORMA-20841,882
32,NORMA-4647,883
32,NORMA-20192,884
32,NORMA-21668,885
32,NORMA-4909,886
32,NORMA-11621,887
32,NORMA-19542,888
32,NORMA-20917,889
32,NORMA-14113,890
32,NORMA-23581,891
32,NORMA-21273,892
32,NORMA-18789,893
32,NORMA-24102,894
32,NORMA-26,895
32,NORMA-27101,896
32,NORMA-20907,897
32,NORMA-21666,898
32,NORMA-21506,899
32,NORMA-20369,900
32,NORMA-12039,901
32,NORMA-6758,902
32,NORMA-11570,903
32,NORMA-12020,904
32,NORMA-1144,905
32,NORMA-7011,906
32,NORMA-6621,907
32,NORMA-416,908
32,NORMA-3958,909
32,NORMA-6819,910
32,NORMA-12067,911
32,NORMA-8028,912
32,NORMA-20521,913
32,NORMA-13345,914
32,NORMA-20278,915
32,NORMA-6820,916
32,NORMA-26124,917
32,NORMA-11814,918
32,NORMA-16202,919
32,NORMA-6698,920
32,NORMA-18356,921
32,NORMA-19903,922
32,NORMA-14850,923
32,NORMA-20443,924
32,NORMA-6274,925
32,NORMA-21253,926
32,NORMA-3966,927
32,NORMA-60,928
32,NORMA-21484,929
32,NORMA-674,930
32,NORMA-9835,931
32,NORMA-20916,932
32,NORMA-21515,933
32,NORMA-20854,934
32,NORMA-6316,935
32,NORMA-19155,936
32,NORMA-6181,937
32,NORMA-889,938
32,NORMA-11723,939
32,NORMA-6970,940
32,NORMA-21434,941
32,NORMA-4746,942
32,NORMA-20185,943
32,NORMA-923,944
32,NORMA-18654,945
32,NORMA-3503,946
32,NORMA-18804,947
32,NORMA-21003,948
32,NORMA-2660,949
32,NORMA-18432,950
32,NORMA-20706,951
32,NORMA-20616,952
32,NORMA-20993,953
32,NORMA-1419,954
32,NORMA-14688,955
32,NORMA-17281,956
32,NORMA-15229,957
32,NORMA-6630,958
32,NORMA-19694,959
32,NORMA-20526,960
32,NORMA-22001,961
32,NORMA-20888,962
32,NORMA-1250,963
32,NORMA-5989,964
32,NORMA-19009,965
32,NORMA-594,966
32,NORMA-20531,967
32,NORMA-14937,968
32,NORMA-18940,969
32,NORMA-7798,970
32,NORMA-1620,971
32,NORMA-555,972
32,NORMA-8398,973
32,NORMA-20918,974
32,NORMA-20873,975
32,NORMA-13158,976
32,NORMA-18273,977
32,NORMA-18583,978
32,NORMA-20474,979
32,NORMA-53,980
32,NORMA-19980,981
32,NORMA-6967,982
32,NORMA-20002,983
32,NORMA-21135,984
32,NORMA-21110,985
32,NORMA-19571,986
32,NORMA-18818,987
32,NORMA-21205,988
32,NORMA-12900,989
32,NORMA-12901,990
32,NORMA-462,991
32,NORMA-21299,992
32,NORMA-21589,993
32,NORMA-878,994
32,NORMA-19602,995
32,NORMA-21239,996
32,NORMA-20633,997
32,NORMA-20368,998
32,NORMA-11655,999
32,NORMA-18500,1000
33,NORMA-21508,1
33,NORMA-229,2
33,NORMA-22101,3
33,NORMA-26124,4
33,NORMA-19977,5
33,NORMA-7279,6
33,NORMA-21245,7
33,NORMA-21456,8
33,NORMA-21650,9
33,NORMA-18293,10
33,NORMA-15561,11
33,NORMA-19609,12
33,NORMA-20096,13
33,NORMA-974,14
33,NORMA-19009,15
33,NORMA-19933,16
33,NORMA-1463,17
33,NORMA-21429,18
33,NORMA-21762,19
33,NORMA-21683,20
33,NORMA-21684,21
33,NORMA-18922,22
33,NORMA-20210,23
33,NORMA-20070,24
33,NORMA-20803,25
33,NORMA-21159,26
33,NORMA-20205,27
33,NORMA-2158,28
33,NORMA-18350,29
33,NORMA-1740,30
33,NORMA-18591,31
33,NORMA-1663,32
33,NORMA-21713,33
33,NORMA-3241,34
33,NORMA-14279,35
33,NORMA-2517,36
33,NORMA-20208,37
33,NORMA-19573,38
33,NORMA-5421,39
33,NORMA-13138,40
33,NORMA-21661,41
33,NORMA-19919,42
33,NORMA-1573,43
33,NORMA-6199,44
33,NORMA-20869,45
33,NORMA-21705,46
33,NORMA-21437,47
33,NORMA-21496,48
33,NORMA-20849,49
33,NORMA-28362,50
33,NORMA-20186,51
33,NORMA-1471,52
33,NORMA-11751,53
33,NORMA-19542,54
33,NORMA-13508,55
33,NORMA-772,56
33,NORMA-21313,57
33,NORMA-8027,58
33,NORMA-9821,59
33,NORMA-21588,60
33,NORMA-21530,61
33,NORMA-21625,62
33,NORMA-19962,63
33,NORMA-19557,64
33,NORMA-12588,65
33,NORMA-11198,66
33,NORMA-802,67
33,NORMA-3642,68
33,NORMA-11588,69
33,NORMA-12663,70
33,NORMA-19352,71
33,NORMA-1994,72
33,NORMA-8384,73
33,NORMA-20189,74
33,NORMA-59,75
33,NORMA-660,76
33,NORMA-21544,77
33,NORMA-801,78
33,NORMA-19981,79
33,NORMA-7022,80
33,NORMA-2185,81
33,NORMA-1611,82
33,NORMA-19798,83
33,NORMA-11655,84
33,NORMA-20425,85
33,NORMA-14239,86
33,NORMA-554,87
33,NORMA-2013,88
33,NORMA-21756,89
33,NORMA-27761,90
33,NORMA-15921,91
33,NORMA-835,92
33,NORMA-7525,93
33,NORMA-3638,94
33,NORMA-7241,95
33,NORMA-21264,96
33,NORMA-15521,97
33,NORMA-20029,98
33,NORMA-21626,99
33,NORMA-6856,100
33,NORMA-19096,101
33,NORMA-12089,102
33,NORMA-15901,103
33,NORMA-14898,104
33,NORMA-19947,105
33,NORMA-19621,106
33,NORMA-19351,107
33,NORMA-19039,108
33,NORMA-6318,109
33,NORMA-21550,110
33,NORMA-21012,111
33,NORMA-1421,112
33,NORMA-1317,113
33,NORMA-25523,114
33,NORMA-7149,115
33,NORMA-8773,116
33,NORMA-4587,117
33,NORMA-6669,118
33,NORMA-6645,119
33,NORMA-6185,120
33,NORMA-28001,121
33,NORMA-20091,122
33,NORMA-6636,123
33,NORMA-4710,124
33,NORMA-18933,125
33,NORMA-7384,126
33,NORMA-6698,127
33,NORMA-10821,128
33,NORMA-19853,129
33,NORMA-9834,130
33,NORMA-8522,131
33,NORMA-20065,132
33,NORMA-18530,133
33,NORMA-20902,134
33,NORMA-21023,135
33,NORMA-13195,136
33,NORMA-12886,137
33,NORMA-6641,138
33,NORMA-6621,139
33,NORMA-61,140
33,NORMA-18858,141
33,NORMA-21459,142
33,NORMA-18286,143
33,NORMA-20397,144
33,NORMA-20185,145
33,NORMA-28181,146
33,NORMA-9382,147
33,NORMA-20206,148
33,NORMA-15237,149
33,NORMA-22941,150
33,NORMA-19646,151
33,NORMA-18952,152
33,NORMA-21367,153
33,NORMA-16202,154
33,NORMA-14985,155
33,NORMA-7381,156
33,NORMA-18207,157
33,NORMA-20558,158
33,NORMA-14788,159
33,NORMA-10878,160
33,NORMA-21090,161
33,NORMA-9792,162
33,NORMA-7194,163
33,NORMA-3201,164
33,NORMA-21211,165
33,NORMA-19553,166
33,NORMA-11882,167
33,NORMA-19459,168
33,NORMA-11086,169
33,NORMA-15272,170
33,NORMA-704,171
33,NORMA-14673,172
33,NORMA-6082,173
33,NORMA-20569,174
33,NORMA-21310,175
33,NORMA-21462,176
33,NORMA-21253,177
33,NORMA-13552,178
33,NORMA-6948,179
33,NORMA-15211,180
33,NORMA-12067,181
33,NORMA-6955,182
33,NORMA-14459,183
33,NORMA-17321,184
33,NORMA-9888,185
33,NORMA-21563,186
33,NORMA-21651,187
33,NORMA-1534,188
33,NORMA-20917,189
33,NORMA-21695,190
33,NORMA-6895,191
33,NORMA-19903,192
33,NORMA-27063,193
33,NORMA-20865,194
33,NORMA-21678,195
33,NORMA-13158,196
33,NORMA-21479,197
33,NORMA-9893,198
33,NORMA-19787,199
33,NORMA-21224,200
33,NORMA-13469,201
33,NORMA-15060,202
33,NORMA-1175,203
33,NORMA-21254,204
33,NORMA-14302,205
33,NORMA-20028,206
33,NORMA-21210,207
33,NORMA-19596,208
33,NORMA-9785,209
33,NORMA-18385,210
33,NORMA-20581,211
33,NORMA-9595,212
33,NORMA-8028,213
33,NORMA-21553,214
33,NORMA-18690,215
33,NORMA-20813,216
33,NORMA-20616,217
33,NORMA-6268,218
33,NORMA-6954,219
33,NORMA-19632,220
33,NORMA-6962,221
33,NORMA-10708,222
33,NORMA-33288,223
33,NORMA-8814,224
33,NORMA-20870,225
33,NORMA-21226,226
33,NORMA-9823,227
33,NORMA-15541,228
33,NORMA-21220,229
33,NORMA-14937,230
33,NORMA-21554,231
33,NORMA-18337,232
33,NORMA-33308,233
33,NORMA-11735,234
33,NORMA-26201,235
33,NORMA-7390,236
33,NORMA-3281,237
33,NORMA-19617,238
33,NORMA-13864,239
33,NORMA-19431,240
33,NORMA-21526,241
33,NORMA-21484,242
33,NORMA-594,243
33,NORMA-15881,244
33,NORMA-21114,245
33,NORMA-21607,246
33,NORMA-20602,247
33,NORMA-12113,248
33,NORMA-28422,249
33,NORMA-11417,250
33,NORMA-15542,251
33,NORMA-13160,252
33,NORMA-11419,253
33,NORMA-21721,254
33,NORMA-21739,255
33,NORMA-27384,256
33,NORMA-18439,257
33,NORMA-5925,258
33,NORMA-20859,259
33,NORMA-14293,260
33,NORMA-10843,261
33,NORMA-19152,262
33,NORMA-21152,263
33,NORMA-21242,264
33,NORMA-11599,265
33,NORMA-6083,266
33,NORMA-19647,267
33,NORMA-9481,268
33,NORMA-29005,269
33,NORMA-21752,270
33,NORMA-21717,271
33,NORMA-19842,272
33,NORMA-20197,273
33,NORMA-20554,274
33,NORMA-11236,275
33,NORMA-6488,276
33,NORMA-19727,277
33,NORMA-3381,278
33,NORMA-20314,279
33,NORMA-2184,280
33,NORMA-12169,281
33,NORMA-20329,282
33,NORMA-11594,283
33,NORMA-14814,284
33,NORMA-20811,285
33,NORMA-20334,286
33,NORMA-20194,287
33,NORMA-27501,288
33,NORMA-20802,289
33,NORMA-3571,290
33,NORMA-19593,291
33,NORMA-20321,292
33,NORMA-18549,293
33,NORMA-1171,294
33,NORMA-19037,295
33,NORMA-11614,296
33,NORMA-21217,297
33,NORMA-6759,298
33,NORMA-578,299
33,NORMA-878,300
33,NORMA-332,301
33,NORMA-19650,302
33,NORMA-13473,303
33,NORMA-13771,304
33,NORMA-4091,305
33,NORMA-20191,306
33,NORMA-20336,307
33,NORMA-19297,308
33,NORMA-4219,309
33,NORMA-20541,310
33,NORMA-11684,311
33,NORMA-20995,312
33,NORMA-20545,313
33,NORMA-20192,314
33,NORMA-4314,315
33,NORMA-20677,316
33,NORMA-11454,317
33,NORMA-923,318
33,NORMA-20195,319
33,NORMA-13323,320
33,NORMA-13954,321
33,NORMA-21776,322
33,NORMA-21147,323
33,NORMA-3825,324
33,NORMA-754,325
33,NORMA-423,326
33,NORMA-5536,327
33,NORMA-4746,328
33,NORMA-20966,329
33,NORMA-19574,330
33,NORMA-6257,331
33,NORMA-18818,332
33,NORMA-18265,333
33,NORMA-7651,334
33,NORMA-19684,335
33,NORMA-19624,336
33,NORMA-18747,337
33,NORMA-6509,338
33,NORMA-21694,339
33,NORMA-10994,340
33,NORMA-1516,341
33,NORMA-4818,342
33,NORMA-2089,343
33,NORMA-18359,344
33,NORMA-27366,345
33,NORMA-1613,346
33,NORMA-217,347
33,NORMA-2546,348
33,NORMA-21446,349
33,NORMA-19095,350
33,NORMA-20077,351
33,NORMA-21648,352
33,NORMA-12664,353
33,NORMA-6958,354
33,NORMA-18201,355
33,NORMA-21691,356
33,NORMA-18631,357
33,NORMA-20184,358
33,NORMA-10267,359
33,NORMA-19343,360
33,NORMA-6764,361
33,NORMA-21113,362
33,NORMA-6783,363
33,NORMA-12952,364
33,NORMA-18979,365
33,NORMA-6684,366
33,NORMA-6752,367
33,NORMA-19221,368
33,NORMA-19103,369
33,NORMA-9835,370
33,NORMA-7222,371
33,NORMA-4909,372
33,NORMA-9724,373
33,NORMA-6321,374
33,NORMA-6644,375
33,NORMA-4830,376
33,NORMA-21768,377
33,NORMA-13534,378
33,NORMA-19730,379
33,NORMA-18583,380
33,NORMA-1341,381
33,NORMA-19845,382
33,NORMA-18333,383
33,NORMA-19635,384
33,NORMA-14874,385
33,NORMA-15229,386
33,NORMA-20557,387
33,NORMA-8931,388
33,NORMA-21521,389
33,NORMA-1141,390
33,NORMA-21157,391
33,NORMA-18780,392
33,NORMA-20432,393
33,NORMA-20999,394
33,NORMA-7113,395
33,NORMA-2032,396
33,NORMA-7225,397
33,NORMA-19128,398
33,NORMA-7386,399
33,NORMA-6249,400
33,NORMA-21419,401
33,NORMA-82,402
33,NORMA-26701,403
33,NORMA-19655,404
33,NORMA-20103,405
33,NORMA-18835,406
33,NORMA-26102,407
33,NORMA-18967,408
33,NORMA-219,409
33,NORMA-27045,410
33,NORMA-28961,411
33,NORMA-13345,412
33,NORMA-21595,413
33,NORMA-14462,414
33,NORMA-20183,415
33,NORMA-19644,416
33,NORMA-18303,417
33,NORMA-20793,418
33,NORMA-972,419
33,NORMA-13545,420
33,NORMA-14850,421
33,NORMA-3510,422
33,NORMA-13586,423
33,NORMA-18360,424
33,NORMA-228,425
33,NORMA-21225,426
33,NORMA-13472,427
33,NORMA-8435,428
33,NORMA-21468,429
33,NORMA-20708,430
33,NORMA-11418,431
33,NORMA-783,432
33,NORMA-19597,433
33,NORMA-20202,434
33,NORMA-6354,435
33,NORMA-18915,436
33,NORMA-12657,437
33,NORMA-13392,438
33,NORMA-20429,439
33,NORMA-13218,440
33,NORMA-14688,441
33,NORMA-6140,442
33,NORMA-3511,443
33,NORMA-1250,444
33,NORMA-21609,445
33,NORMA-19634,446
33,NORMA-13106,447
33,NORMA-20426,448
33,NORMA-33728,449
33,NORMA-20408,450
33,NORMA-21231,451
33,NORMA-6505,452
33,NORMA-21236,453
33,NORMA-20710,454
33,NORMA-19295,455
33,NORMA-4906,456
33,NORMA-13237,457
33,NORMA-20316,458
33,NORMA-14890,459
33,NORMA-21215,460
33,NORMA-18432,461
33,NORMA-13769,462
33,NORMA-21384,463
33,NORMA-19092,464
33,NORMA-11739,465
33,NORMA-20423,466
33,NORMA-21784,467
33,NORMA-20857,468
33,NORMA-4631,469
33,NORMA-208,470
33,NORMA-19444,471
33,NORMA-18741,472
33,NORMA-5361,473
33,NORMA-18554,474
33,NORMA-21394,475
33,NORMA-18722,476
33,NORMA-20871,477
33,NORMA-21790,478
33,NORMA-4278,479
33,NORMA-2005,480
33,NORMA-18816,481
33,NORMA-19792,482
33,NORMA-5495,483
33,NORMA-20188,484
33,NORMA-6316,485
33,NORMA-7110,486
33,NORMA-3181,487
33,NORMA-6181,488
33,NORMA-560,489
33,NORMA-6623,490
33,NORMA-19155,491
33,NORMA-18992,492
33,NORMA-1999,493
33,NORMA-21232,494
33,NORMA-19387,495
33,NORMA-6758,496
33,NORMA-12872,497
33,NORMA-19205,498
33,NORMA-462,499
33,NORMA-19968,500
33,NORMA-20494,501
33,NORMA-11664,502
33,NORMA-20167,503
33,NORMA-20796,504
33,NORMA-6256,505
33,NORMA-207,506
33,NORMA-19245,507
33,NORMA-19631,508
33,NORMA-18225,509
33,NORMA-21126,510
33,NORMA-21003,511
33,NORMA-19391,512
33,NORMA-6630,513
33,NORMA-6629,514
33,NORMA-21244,515
33,NORMA-15701,516
33,NORMA-3979,517
33,NORMA-20224,518
33,NORMA-18669,519
33,NORMA-27064,520
33,NORMA-13298,521
33,NORMA-8442,522
33,NORMA-5170,523
33,NORMA-7012,524
33,NORMA-27062,525
33,NORMA-20941,526
33,NORMA-34,527
33,NORMA-21258,528
33,NORMA-11621,529
33,NORMA-21606,530
33,NORMA-5335,531
33,NORMA-21647,532
33,NORMA-18911,533
33,NORMA-20985,534
33,NORMA-10375,535
33,NORMA-9297,536
33,NORMA-6880,537
33,NORMA-21783,538
33,NORMA-14661,539
33,NORMA-20098,540
33,NORMA-75,541
33,NORMA-23881,542
33,NORMA-6967,543
33,NORMA-10797,544
33,NORMA-18981,545
33,NORMA-28586,546
33,NORMA-12492,547
33,NORMA-20499,548
33,NORMA-9457,549
33,NORMA-19715,550
33,NORMA-19874,551
33,NORMA-21539,552
33,NORMA-18646,553
33,NORMA-20179,554
33,NORMA-13471,555
33,NORMA-6894,556
33,NORMA-15208,557
33,NORMA-12859,558
33,NORMA-20072,559
33,NORMA-21699,560
33,NORMA-19638,561
33,NORMA-21158,562
33,NORMA-18528,563
33,NORMA-12858,564
33,NORMA-19408,565
33,NORMA-9384,566
33,NORMA-21561,567
33,NORMA-21589,568
33,NORMA-18436,569
33,NORMA-15242,570
33,NORMA-20989,571
33,NORMA-10629,572
33,NORMA-19328,573
33,NORMA-13671,574
33,NORMA-11087,575
33,NORMA-7466,576
33,NORMA-1222,577
33,NORMA-4588,578
33,NORMA-14463,579
33,NORMA-8774,580
33,NORMA-18917,581
33,NORMA-14099,582
33,NORMA-6343,583
33,NORMA-11496,584
33,NORMA-509,585
33,NORMA-558,586
33,NORMA-4586,587
33,NORMA-20182,588
33,NORMA-18838,589
33,NORMA-6627,590
33,NORMA-20135,591
33,NORMA-3819,592
33,NORMA-19358,593
33,NORMA-19875,594
33,NORMA-28281,595
33,NORMA-749,596
33,NORMA-18474,597
33,NORMA-8119,598
33,NORMA-21356,599
33,NORMA-11164,600
33,NORMA-11760,601
33,NORMA-587,602
33,NORMA-21218,603
33,NORMA-13480,604
33,NORMA-15581,605
33,NORMA-385,606
33,NORMA-20473,607
33,NORMA-1620,608
33,NORMA-1024,609
33,NORMA-12867,610
33,NORMA-588,611
33,NORMA-21063,612
33,NORMA-20421,613
33,NORMA-7027,614
33,NORMA-19237,615
33,NORMA-20839,616
33,NORMA-18892,617
33,NORMA-6084,618
33,NORMA-14278,619
33,NORMA-20301,620
33,NORMA-20055,621
33,NORMA-595,622
33,NORMA-21382,623
33,NORMA-854,624
33,NORMA-20817,625
33,NORMA-938,626
33,NORMA-10041,627
33,NORMA-20253,628
33,NORMA-21029,629
33,NORMA-20583,630
33,NORMA-20840,631
33,NORMA-15882,632
33,NORMA-18761,633
33,NORMA-21461,634
33,NORMA-883,635
33,NORMA-20448,636
33,NORMA-21483,637
33,NORMA-19952,638
33,NORMA-21659,639
33,NORMA-18885,640
33,NORMA-19468,641
33,NORMA-20190,642
33,NORMA-19799,643
33,NORMA-31904,644
33,NORMA-19275,645
33,NORMA-18988,646
33,NORMA-20204,647
33,NORMA-6957,648
33,NORMA-20993,649
33,NORMA-21139,650
33,NORMA-19704,651
33,NORMA-20590,652
33,NORMA-25722,653
33,NORMA-11864,654
33,NORMA-15004,655
33,NORMA-8204,656
33,NORMA-13918,657
33,NORMA-19941,658
33,NORMA-19649,659
33,NORMA-222,660
33,NORMA-21241,661
33,NORMA-11665,662
33,NORMA-20660,663
33,NORMA-4515,664
33,NORMA-20854,665
33,NORMA-20292,666
33,NORMA-15118,667
33,NORMA-12899,668
33,NORMA-18978,669
33,NORMA-2413,670
33,NORMA-20852,671
33,NORMA-12517,672
33,NORMA-13583,673
33,NORMA-19021,674
33,NORMA-11888,675
33,NORMA-25902,676
33,NORMA-20171,677
33,NORMA-21655,678
33,NORMA-20474,679
33,NORMA-20560,680
33,NORMA-3741,681
33,NORMA-13470,682
33,NORMA-18695,683
33,NORMA-18762,684
33,NORMA-19643,685
33,NORMA-20443,686
33,NORMA-8458,687
33,NORMA-11798,688
33,NORMA-9110,689
33,NORMA-21247,690
33,NORMA-18706,691
33,NORMA-7942,692
33,NORMA-21260,693
33,NORMA-21286,694
33,NORMA-19384,695
33,NORMA-6253,696
33,NORMA-209,697
33,NORMA-11185,698
33,NORMA-7157,699
33,NORMA-21744,700
33,NORMA-9670,701
33,NORMA-27044,702
33,NORMA-7953,703
33,NORMA-27521,704
33,NORMA-21622,705
33,NORMA-19458,706
33,NORMA-18217,707
33,NORMA-6203,708
33,NORMA-18953,709
33,NORMA-8121,710
33,NORMA-20847,711
33,NORMA-5337,712
33,NORMA-12049,713
33,NORMA-21279,714
33,NORMA-18541,715
33,NORMA-18234,716
33,NORMA-18796,717
33,NORMA-20053,718
33,NORMA-8772,719
33,NORMA-10117,720
33,NORMA-19953,721
33,NORMA-8938,722
33,NORMA-5586,723
33,NORMA-20209,724
33,NORMA-18411,725
33,NORMA-11459,726
33,NORMA-10975,727
33,NORMA-19871,728
33,NORMA-20451,729
33,NORMA-19578,730
33,NORMA-3820,731
33,NORMA-27550,732
33,NORMA-20172,733
33,NORMA-21173,734
33,NORMA-19330,735
33,NORMA-3821,736
33,NORMA-19172,737
33,NORMA-12102,738
33,NORMA-21533,739
33,NORMA-21046,740
33,NORMA-12161,741
33,NORMA-8206,742
33,NORMA-211,743
33,NORMA-20582,744
33,NORMA-6595,745
33,NORMA-19587,746
33,NORMA-7148,747
33,NORMA-12027,748
33,NORMA-20549,749
33,NORMA-12048,750
33,NORMA-26003,751
33,NORMA-18709,752
33,NORMA-21537,753
33,NORMA-27341,754
33,NORMA-21631,755
33,NORMA-20157,756
33,NORMA-4297,757
33,NORMA-20971,758
33,NORMA-19942,759
33,NORMA-20914,760
33,NORMA-7280,761
33,NORMA-18605,762
33,NORMA-5626,763
33,NORMA-28561,764
33,NORMA-19948,765
33,NORMA-4898,766
33,NORMA-1535,767
33,NORMA-18936,768
33,NORMA-18223,769
33,NORMA-20531,770
33,NORMA-19520,771
33,NORMA-19658,772
33,NORMA-27363,773
33,NORMA-21477,774
33,NORMA-11272,775
33,NORMA-21342,776
33,NORMA-60,777
33,NORMA-10200,778
33,NORMA-21192,779
33,NORMA-19797,780
33,NORMA-19292,781
33,NORMA-5226,782
33,NORMA-28802,783
33,NORMA-20565,784
33,NORMA-20790,785
33,NORMA-6170,786
33,NORMA-21386,787
33,NORMA-19640,788
33,NORMA-19983,789
33,NORMA-21233,790
33,NORMA-18692,791
33,NORMA-19777,792
33,NORMA-20894,793
33,NORMA-21532,794
33,NORMA-19904,795
33,NORMA-20460,796
33,NORMA-20422,797
33,NORMA-18937,798
33,NORMA-6020,799
33,NORMA-24961,800
33,NORMA-7011,801
33,NORMA-18394,802
33,NORMA-25964,803
33,NORMA-20925,804
33,NORMA-7016,805
33,NORMA-21731,806
33,NORMA-21730,807
33,NORMA-18213,808
33,NORMA-18691,809
33,NORMA-19571,810
33,NORMA-20836,811
33,NORMA-21523,812
33,NORMA-18897,813
33,NORMA-21267,814
33,NORMA-9358,815
33,NORMA-19651,816
33,NORMA-18954,817
33,NORMA-6700,818
33,NORMA-6075,819
33,NORMA-10865,820
33,NORMA-18806,821
33,NORMA-19212,822
33,NORMA-21538,823
33,NORMA-18306,824
33,NORMA-19965,825
33,NORMA-21556,826
33,NORMA-20144,827
33,NORMA-5008,828
33,NORMA-19879,829
33,NORMA-21741,830
33,NORMA-21299,831
33,NORMA-18955,832
33,NORMA-18772,833
33,NORMA-21206,834
33,NORMA-19329,835
33,NORMA-8771,836
33,NORMA-5184,837
33,NORMA-20402,838
33,NORMA-20797,839
33,NORMA-14345,840
33,NORMA-18670,841
33,NORMA-20716,842
33,NORMA-20945,843
33,NORMA-10123,844
33,NORMA-18855,845
33,NORMA-21404,846
33,NORMA-21747,847
33,NORMA-19793,848
33,NORMA-2563,849
33,NORMA-19559,850
33,NORMA-19883,851
33,NORMA-309,852
33,NORMA-220,853
33,NORMA-21388,854
33,NORMA-1147,855
33,NORMA-18801,856
33,NORMA-20149,857
33,NORMA-21608,858
33,NORMA-13265,859
33,NORMA-21524,860
33,NORMA-12630,861
33,NORMA-19232,862
33,NORMA-19564,863
33,NORMA-92,864
33,NORMA-19315,865
33,NORMA-19081,866
33,NORMA-29003,867
33,NORMA-21248,868
33,NORMA-19928,869
33,NORMA-19337,870
33,NORMA-20106,871
33,NORMA-20841,872
33,NORMA-5492,873
33,NORMA-3577,874
33,NORMA-5360,875
33,NORMA-15465,876
33,NORMA-13174,877
33,NORMA-20566,878
33,NORMA-19181,879
33,NORMA-21249,880
33,NORMA-13111,881
33,NORMA-943,882
33,NORMA-15045,883
33,NORMA-3509,884
33,NORMA-11715,885
33,NORMA-534,886
33,NORMA-7015,887
33,NORMA-14542,888
33,NORMA-20064,889
33,NORMA-18420,890
33,NORMA-23682,891
33,NORMA-2425,892
33,NORMA-4820,893
33,NORMA-1419,894
33,NORMA-20465,895
33,NORMA-6643,896
33,NORMA-6881,897
33,NORMA-6701,898
33,NORMA-19119,899
33,NORMA-14113,900
33,NORMA-5496,901
33,NORMA-11470,902
33,NORMA-4482,903
33,NORMA-30043,904
33,NORMA-21418,905
33,NORMA-14508,906
33,NORMA-12038,907
33,NORMA-5162,908
33,NORMA-20705,909
33,NORMA-21223,910
33,NORMA-20538,911
33,NORMA-20773,912
33,NORMA-20762,913
33,NORMA-20349,914
33,NORMA-14054,915
33,NORMA-19249,916
33,NORMA-21043,917
33,NORMA-10116,918
33,NORMA-5969,919
33,NORMA-21216,920
33,NORMA-4279,921
33,NORMA-20761,922
33,NORMA-19828,923
33,NORMA-10309,924
33,NORMA-18430,925
33,NORMA-1138,926
33,NORMA-15027,927
33,NORMA-11085,928
33,NORMA-20196,929
33,NORMA-8205,930
33,NORMA-21028,931
33,NORMA-18654,932
33,NORMA-18660,933
33,NORMA-20340,934
33,NORMA-5993,935
33,NORMA-21562,936
33,NORMA-18697,937
33,NORMA-18298,938
33,NORMA-20037,939
33,NORMA-19724,940
33,NORMA-2551,941
33,NORMA-1567,942
33,NORMA-18894,943
33,NORMA-14294,944
33,NORMA-19803,945
33,NORMA-18958,946
33,NORMA-28203,947
33,NORMA-20258,948
33,NORMA-14746,949
33,NORMA-12910,950
33,NORMA-12094,951
33,NORMA-27701,952
33,NORMA-24621,953
33,NORMA-231,954
33,NORMA-19809,955
33,NORMA-21366,956
33,NORMA-3382,957
33,NORMA-20879,958
33,NORMA-21238,959
33,NORMA-14501,960
33,NORMA-20428,961
33,NORMA-21757,962
33,NORMA-19629,963
33,NORMA-18325,964
33,NORMA-19010,965
33,NORMA-21402,966
33,NORMA-19321,967
33,NORMA-27364,968
33,NORMA-21624,969
33,NORMA-17281,970
33,NORMA-3824,971
33,NORMA-21599,972
33,NORMA-18916,973
33,NORMA-20369,974
33,NORMA-21488,975
33,NORMA-6819,976
33,NORMA-18918,977
33,NORMA-13056,978
33,NORMA-21371,979
33,NORMA-22001,980
33,NORMA-1674,981
33,NORMA-21278,982
33,NORMA-21552,983
33,NORMA-19991,984
33,NORMA-11757,985
33,NORMA-21256,986
33,NORMA-19859,987
33,NORMA-6820,988
33,NORMA-18418,989
33,NORMA-19061,990
33,NORMA-20488,991
33,NORMA-19729,992
33,NORMA-21507,993
33,NORMA-21746,994
33,NORMA-12092,995
33,NORMA-12900,996
33,NORMA-12901,997
33,NORMA-21547,998
33,NORMA-26822,999
33,NORMA-21787,1000
34,NORMA-21606,1
34,NORMA-3966,2
34,NORMA-206,3
34,NORMA-21286,4
34,NORMA-19192,5
34,NORMA-21344,6
34,NORMA-25902,7
34,NORMA-570,8
34,NORMA-21776,9
34,NORMA-21638,10
34,NORMA-21389,11
34,NORMA-3503,12
34,NORMA-21499,13
34,NORMA-21028,14
34,NORMA-20754,15
34,NORMA-18342,16
34,NORMA-19212,17
34,NORMA-18748,18
34,NORMA-21126,19
34,NORMA-20865,20
34,NORMA-19096,21
34,NORMA-21626,22
34,NORMA-18430,23
34,NORMA-17201,24
34,NORMA-21065,25
34,NORMA-18436,26
34,NORMA-6948,27
34,NORMA-19655,28
34,NORMA-12910,29
34,NORMA-13797,30
34,NORMA-21550,31
34,NORMA-22561,32
34,NORMA-21649,33
34,NORMA-20192,34
34,NORMA-20989,35
34,NORMA-20428,36
34,NORMA-21437,37
34,NORMA-21634,38
34,NORMA-3001,39
34,NORMA-8028,40
34,NORMA-20443,41
34,NORMA-6595,42
34,NORMA-20397,43
34,NORMA-13514,44
34,NORMA-21705,45
34,NORMA-20703,46
34,NORMA-21519,47
34,NORMA-6389,48
34,NORMA-616,49
34,NORMA-20632,50
34,NORMA-12965,51
34,NORMA-18818,52
34,NORMA-21783,53
34,NORMA-30043,54
34,NORMA-20182,55
34,NORMA-18722,56
34,NORMA-20197,57
34,NORMA-20163,58
34,NORMA-19512,59
34,NORMA-14390,60
34,NORMA-20995,61
34,NORMA-19658,62
34,NORMA-20196,63
34,NORMA-13265,64
34,NORMA-14581,65
34,NORMA-12630,66
34,NORMA-21367,67
34,NORMA-19416,68
34,NORMA-3661,69
34,NORMA-21521,70
34,NORMA-12314,71
34,NORMA-20169,72
34,NORMA-30724,73
34,NORMA-12437,74
34,NORMA-21739,75
34,NORMA-11184,76
34,NORMA-20426,77
34,NORMA-14542,78
34,NORMA-7156,79
34,NORMA-30726,80
34,NORMA-30725,81
34,NORMA-18424,82
34,NORMA-21537,83
34,NORMA-7867,84
34,NORMA-5336,85
34,NORMA-15045,86
34,NORMA-19181,87
34,NORMA-23682,88
34,NORMA-14744,89
34,NORMA-20186,90
34,NORMA-21071,91
34,NORMA-18838,92
34,NORMA-12490,93
34,NORMA-20223,94
34,NORMA-20943,95
34,NORMA-21650,96
34,NORMA-21147,97
34,NORMA-18221,98
34,NORMA-18697,99
34,NORMA-12371,100
34,NORMA-20914,101
34,NORMA-19799,102
34,NORMA-14366,103
34,NORMA-20474,104
34,NORMA-16402,105
34,NORMA-21135,106
34,NORMA-21063,107
34,NORMA-12379,108
34,NORMA-18293,109
34,NORMA-19138,110
34,NORMA-21277,111
34,NORMA-12900,112
34,NORMA-12901,113
34,NORMA-15603,114
34,NORMA-20730,115
34,NORMA-19444,116
34,NORMA-18492,117
34,NORMA-18418,118
34,NORMA-18989,119
34,NORMA-18378,120
34,NORMA-18656,121
34,NORMA-1419,122
34,NORMA-19152,123
34,NORMA-19245,124
34,NORMA-27063,125
34,NORMA-20950,126
34,NORMA-18450,127
34,NORMA-18434,128
34,NORMA-20465,129
34,NORMA-27361,130
34,NORMA-21419,131
34,NORMA-19408,132
34,NORMA-21002,133
34,NORMA-12911,134
34,NORMA-2981,135
34,NORMA-20460,136
34,NORMA-20704,137
34,NORMA-14498,138
34,NORMA-19155,139
34,NORMA-2089,140
34,NORMA-26804,141
34,NORMA-9984,142
34,NORMA-6808,143
34,NORMA-31903,144
34,NORMA-19095,145
34,NORMA-21461,146
34,NORMA-20073,147
34,NORMA-20870,148
34,NORMA-18227,149
34,NORMA-20072,150
34,NORMA-4477,151
34,NORMA-2269,152
34,NORMA-21757,153
34,NORMA-21523,154
34,NORMA-20349,155
34,NORMA-6082,156
34,NORMA-18446,157
34,NORMA-20854,158
34,NORMA-21208,159
34,NORMA-19081,160
34,NORMA-11760,161
34,NORMA-27062,162
34,NORMA-19704,163
34,NORMA-19092,164
34,NORMA-21791,165
34,NORMA-26102,166
34,NORMA-21535,167
34,NORMA-19281,168
34,NORMA-20183,169
34,NORMA-15211,170
34,NORMA-20840,171
34,NORMA-19955,172
34,NORMA-18208,173
34,NORMA-19295,174
34,NORMA-20172,175
34,NORMA-19387,176
34,NORMA-19609,177
34,NORMA-20941,178
34,NORMA-20359,179
34,NORMA-19021,180
34,NORMA-18394,181
34,NORMA-21107,182
34,NORMA-981,183
34,NORMA-18769,184
34,NORMA-21631,185
34,NORMA-18709,186
34,NORMA-21228,187
34,NORMA-16202,188
34,NORMA-19426,189
34,NORMA-20376,190
34,NORMA-19436,191
34,NORMA-19103,192
34,NORMA-20389,193
34,NORMA-21470,194
34,NORMA-18502,195
34,NORMA-13772,196
34,NORMA-21608,197
34,NORMA-18870,198
34,NORMA-11756,199
34,NORMA-602,200
34,NORMA-19787,201
34,NORMA-20134,202
34,NORMA-20473,203
34,NORMA-6851,204
34,NORMA-20812,205
34,NORMA-18536,206
34,NORMA-21139,207
34,NORMA-20421,208
34,NORMA-27064,209
34,NORMA-54,210
34,NORMA-20407,211
34,NORMA-18414,212
34,NORMA-19969,213
34,NORMA-18375,214
34,NORMA-19542,215
34,NORMA-18646,216
34,NORMA-20189,217
34,NORMA-18654,218
34,NORMA-19431,219
34,NORMA-21012,220
34,NORMA-380,221
34,NORMA-21150,222
34,NORMA-18780,223
34,NORMA-20398,224
34,NORMA-18432,225
34,NORMA-18427,226
34,NORMA-18992,227
34,NORMA-59,228
34,NORMA-18631,229
34,NORMA-20796,230
34,NORMA-20366,231
34,NORMA-19515,232
34,NORMA-53,233
34,NORMA-18364,234
34,NORMA-18554,235
34,NORMA-20477,236
34,NORMA-21609,237
34,NORMA-20482,238
34,NORMA-14501,239
34,NORMA-18243,240
34,NORMA-2184,241
34,NORMA-20369,242
34,NORMA-15239,243
34,NORMA-21792,244
34,NORMA-14508,245
34,NORMA-18548,246
34,NORMA-554,247
34,NORMA-13056,248
34,NORMA-11577,249
34,NORMA-21661,250
34,NORMA-27761,251
34,NORMA-11578,252
34,NORMA-11572,253
34,NORMA-1,254
34,NORMA-11316,255
34,NORMA-13158,256
34,NORMA-19174,257
34,NORMA-21239,258
34,NORMA-21114,259
34,NORMA-18439,260
34,NORMA-14937,261
34,NORMA-19061,262
34,NORMA-18529,263
34,NORMA-21086,264
34,NORMA-13298,265
34,NORMA-21205,266
34,NORMA-18420,267
34,NORMA-21562,268
34,NORMA-20423,269
34,NORMA-13469,270
34,NORMA-5535,271
34,NORMA-19574,272
34,NORMA-19650,273
34,NORMA-19477,274
34,NORMA-18825,275
34,NORMA-20729,276
34,NORMA-18804,277
34,NORMA-658,278
34,NORMA-893,279
34,NORMA-20381,280
34,NORMA-1154,281
34,NORMA-21157,282
34,NORMA-20382,283
34,NORMA-19777,284
34,NORMA-6253,285
34,NORMA-20869,286
34,NORMA-18981,287
34,NORMA-21393,288
34,NORMA-20164,289
34,NORMA-19689,290
34,NORMA-21299,291
34,NORMA-2185,292
34,NORMA-21264,293
34,NORMA-21547,294
34,NORMA-12102,295
34,NORMA-19603,296
34,NORMA-21279,297
34,NORMA-21159,298
34,NORMA-18772,299
34,NORMA-21140,300
34,NORMA-21420,301
34,NORMA-20887,302
34,NORMA-19330,303
34,NORMA-20037,304
34,NORMA-20468,305
34,NORMA-18886,306
34,NORMA-26701,307
34,NORMA-15237,308
34,NORMA-220,309
34,NORMA-21446,310
34,NORMA-14263,311
34,NORMA-7110,312
34,NORMA-801,313
34,NORMA-25523,314
34,NORMA-6645,315
34,NORMA-10691,316
34,NORMA-18691,317
34,NORMA-21269,318
34,NORMA-19859,319
34,NORMA-8814,320
34,NORMA-20885,321
34,NORMA-1611,322
34,NORMA-20557,323
34,NORMA-19128,324
34,NORMA-20336,325
34,NORMA-19581,326
34,NORMA-19724,327
34,NORMA-20202,328
34,NORMA-2413,329
34,NORMA-20166,330
34,NORMA-19933,331
34,NORMA-2375,332
34,NORMA-21300,333
34,NORMA-20053,334
34,NORMA-18746,335
34,NORMA-20444,336
34,NORMA-20917,337
34,NORMA-21500,338
34,NORMA-19329,339
34,NORMA-21217,340
34,NORMA-21249,341
34,NORMA-20901,342
34,NORMA-21698,343
34,NORMA-18350,344
34,NORMA-21630,345
34,NORMA-18325,346
34,NORMA-3181,347
34,NORMA-12067,348
34,NORMA-20108,349
34,NORMA-20710,350
34,NORMA-19729,351
34,NORMA-19667,352
34,NORMA-417,353
34,NORMA-412,354
34,NORMA-20408,355
34,NORMA-21659,356
34,NORMA-21434,357
34,NORMA-19571,358
34,NORMA-21676,359
34,NORMA-1144,360
34,NORMA-23521,361
34,NORMA-20188,362
34,NORMA-21388,363
34,NORMA-19651,364
34,NORMA-20672,365
34,NORMA-20992,366
34,NORMA-18403,367
34,NORMA-27449,368
34,NORMA-18205,369
34,NORMA-20185,370
34,NORMA-21131,371
34,NORMA-10034,372
34,NORMA-20778,373
34,NORMA-21267,374
34,NORMA-15662,375
34,NORMA-20198,376
34,NORMA-20990,377
34,NORMA-3511,378
34,NORMA-8772,379
34,NORMA-19573,380
34,NORMA-18303,381
34,NORMA-28466,382
34,NORMA-18292,383
34,NORMA-28361,384
34,NORMA-20671,385
34,NORMA-20476,386
34,NORMA-11798,387
34,NORMA-10975,388
34,NORMA-802,389
34,NORMA-12657,390
34,NORMA-20204,391
34,NORMA-18206,392
34,NORMA-20921,393
34,NORMA-8575,394
34,NORMA-19582,395
34,NORMA-20263,396
34,NORMA-13174,397
34,NORMA-2,398
34,NORMA-20184,399
34,NORMA-21544,400
34,NORMA-20195,401
34,NORMA-20501,402
34,NORMA-18827,403
34,NORMA-20168,404
34,NORMA-835,405
34,NORMA-15902,406
34,NORMA-18803,407
34,NORMA-20922,408
34,NORMA-416,409
34,NORMA-22941,410
34,NORMA-3735,411
34,NORMA-21366,412
34,NORMA-5361,413
34,NORMA-20702,414
34,NORMA-3642,415
34,NORMA-660,416
34,NORMA-20316,417
34,NORMA-1567,418
34,NORMA-14345,419
34,NORMA-883,420
34,NORMA-6022,421
34,NORMA-4278,422
34,NORMA-20425,423
34,NORMA-13995,424
34,NORMA-26,425
34,NORMA-20205,426
34,NORMA-20429,427
34,NORMA-18690,428
34,NORMA-20432,429
34,NORMA-20300,430
34,NORMA-11757,431
34,NORMA-20374,432
34,NORMA-20793,433
34,NORMA-6679,434
34,NORMA-18435,435
34,NORMA-19883,436
34,NORMA-21273,437
34,NORMA-21351,438
34,NORMA-2546,439
34,NORMA-6140,440
34,NORMA-20402,441
34,NORMA-2013,442
34,NORMA-7525,443
34,NORMA-18411,444
34,NORMA-20422,445
34,NORMA-7113,446
34,NORMA-19588,447
34,NORMA-18653,448
34,NORMA-6291,449
34,NORMA-19730,450
34,NORMA-567,451
34,NORMA-6268,452
34,NORMA-18822,453
34,NORMA-646,454
34,NORMA-6629,455
34,NORMA-21767,456
34,NORMA-8435,457
34,NORMA-588,458
34,NORMA-587,459
34,NORMA-21020,460
34,NORMA-6521,461
34,NORMA-20880,462
34,NORMA-21260,463
34,NORMA-20135,464
34,NORMA-595,465
34,NORMA-21695,466
34,NORMA-19769,467
34,NORMA-21326,468
34,NORMA-21152,469
34,NORMA-19596,470
34,NORMA-7241,471
34,NORMA-21206,472
34,NORMA-60,473
34,NORMA-19005,474
34,NORMA-21241,475
34,NORMA-19643,476
34,NORMA-21220,477
34,NORMA-19977,478
34,NORMA-14113,479
34,NORMA-18979,480
34,NORMA-18284,481
34,NORMA-3382,482
34,NORMA-20836,483
34,NORMA-18379,484
34,NORMA-207,485
34,NORMA-19715,486
34,NORMA-938,487
34,NORMA-6894,488
34,NORMA-1535,489
34,NORMA-20209,490
34,NORMA-20834,491
34,NORMA-228,492
34,NORMA-15027,493
34,NORMA-20734,494
34,NORMA-19014,495
34,NORMA-1092,496
34,NORMA-18531,497
34,NORMA-19303,498
34,NORMA-6962,499
34,NORMA-6783,500
34,NORMA-18280,501
34,NORMA-1024,502
34,NORMA-18451,503
34,NORMA-21744,504
34,NORMA-21110,505
34,NORMA-19784,506
34,NORMA-21185,507
34,NORMA-211,508
34,NORMA-1283,509
34,NORMA-20480,510
34,NORMA-12048,511
34,NORMA-21625,512
34,NORMA-208,513
34,NORMA-21586,514
34,NORMA-7225,515
34,NORMA-21417,516
34,NORMA-20221,517
34,NORMA-20490,518
34,NORMA-20859,519
34,NORMA-18835,520
34,NORMA-19770,521
34,NORMA-20690,522
34,NORMA-2014,523
34,NORMA-19275,524
34,NORMA-9382,525
34,NORMA-19751,526
34,NORMA-11272,527
34,NORMA-20902,528
34,NORMA-18248,529
34,NORMA-20301,530
34,NORMA-7387,531
34,NORMA-22101,532
34,NORMA-6758,533
34,NORMA-18224,534
34,NORMA-20452,535
34,NORMA-18730,536
34,NORMA-21252,537
34,NORMA-209,538
34,NORMA-18212,539
34,NORMA-7386,540
34,NORMA-6736,541
34,NORMA-26881,542
34,NORMA-21398,543
34,NORMA-20190,544
34,NORMA-28203,545
34,NORMA-20993,546
34,NORMA-20344,547
34,NORMA-6185,548
34,NORMA-21477,549
34,NORMA-18239,550
34,NORMA-3767,551
34,NORMA-16481,552
34,NORMA-7222,553
34,NORMA-4634,554
34,NORMA-7390,555
34,NORMA-20277,556
34,NORMA-13471,557
34,NORMA-6488,558
34,NORMA-21023,559
34,NORMA-21541,560
34,NORMA-1485,561
34,NORMA-1365,562
34,NORMA-21552,563
34,NORMA-8931,564
34,NORMA-18669,565
34,NORMA-11454,566
34,NORMA-14279,567
34,NORMA-9741,568
34,NORMA-21522,569
34,NORMA-26124,570
34,NORMA-18734,571
34,NORMA-21784,572
34,NORMA-21515,573
34,NORMA-19828,574
34,NORMA-20753,575
34,NORMA-19797,576
34,NORMA-19343,577
34,NORMA-21507,578
34,NORMA-9783,579
34,NORMA-19821,580
34,NORMA-21564,581
34,NORMA-9792,582
34,NORMA-31923,583
34,NORMA-21235,584
34,NORMA-19940,585
34,NORMA-16403,586
34,NORMA-15242,587
34,NORMA-18915,588
34,NORMA-20278,589
34,NORMA-19703,590
34,NORMA-1502,591
34,NORMA-20206,592
34,NORMA-20488,593
34,NORMA-27341,594
34,NORMA-7518,595
34,NORMA-20194,596
34,NORMA-20797,597
34,NORMA-7994,598
34,NORMA-5872,599
34,NORMA-18958,600
34,NORMA-5280,601
34,NORMA-10267,602
34,NORMA-9740,603
34,NORMA-17281,604
34,NORMA-21787,605
34,NORMA-8409,606
34,NORMA-20841,607
34,NORMA-21456,608
34,NORMA-6006,609
34,NORMA-6208,610
34,NORMA-20999,611
34,NORMA-4630,612
34,NORMA-22001,613
34,NORMA-834,614
34,NORMA-8556,615
34,NORMA-21496,616
34,NORMA-19290,617
34,NORMA-9332,618
34,NORMA-4549,619
34,NORMA-18934,620
34,NORMA-113,621
34,NORMA-20602,622
34,NORMA-8801,623
34,NORMA-7502,624
34,NORMA-6677,625
34,NORMA-18201,626
34,NORMA-6856,627
34,NORMA-21085,628
34,NORMA-8012,629
34,NORMA-21508,630
34,NORMA-8840,631
34,NORMA-21026,632
34,NORMA-8557,633
34,NORMA-21402,634
34,NORMA-6056,635
34,NORMA-1613,636
34,NORMA-15581,637
34,NORMA-10788,638
34,NORMA-20578,639
34,NORMA-479,640
34,NORMA-18604,641
34,NORMA-13519,642
34,NORMA-15028,643
34,NORMA-21173,644
34,NORMA-20171,645
34,NORMA-9862,646
34,NORMA-10117,647
34,NORMA-18630,648
34,NORMA-12066,649
34,NORMA-19800,650
34,NORMA-14878,651
34,NORMA-10668,652
34,NORMA-10017,653
34,NORMA-4620,654
34,NORMA-7397,655
34,NORMA-18412,656
34,NORMA-20912,657
34,NORMA-9738,658
34,NORMA-19167,659
34,NORMA-8698,660
34,NORMA-9739,661
34,NORMA-9737,662
34,NORMA-9861,663
34,NORMA-7712,664
34,NORMA-21641,665
34,NORMA-20098,666
34,NORMA-10610,667
34,NORMA-7583,668
34,NORMA-11563,669
34,NORMA-889,670
34,NORMA-28821,671
34,NORMA-18648,672
34,NORMA-21218,673
34,NORMA-19583,674
34,NORMA-7526,675
34,NORMA-280,676
34,NORMA-5745,677
34,NORMA-21418,678
34,NORMA-8156,679
34,NORMA-21497,680
34,NORMA-19622,681
34,NORMA-7914,682
34,NORMA-7910,683
34,NORMA-20736,684
34,NORMA-20936,685
34,NORMA-8158,686
34,NORMA-18638,687
34,NORMA-20513,688
34,NORMA-20514,689
34,NORMA-10669,690
34,NORMA-21384,691
34,NORMA-19871,692
34,NORMA-21524,693
34,NORMA-20525,694
34,NORMA-7996,695
34,NORMA-5552,696
34,NORMA-7993,697
34,NORMA-21637,698
34,NORMA-7913,699
34,NORMA-7912,700
34,NORMA-1983,701
34,NORMA-2176,702
34,NORMA-2083,703
34,NORMA-2009,704
34,NORMA-2067,705
34,NORMA-20866,706
34,NORMA-6451,707
34,NORMA-18301,708
34,NORMA-20503,709
34,NORMA-18885,710
34,NORMA-21272,711
34,NORMA-18762,712
34,NORMA-20705,713
34,NORMA-984,714
34,NORMA-18511,715
34,NORMA-18341,716
34,NORMA-12029,717
34,NORMA-6084,718
34,NORMA-15521,719
34,NORMA-20208,720
34,NORMA-10018,721
34,NORMA-423,722
34,NORMA-13229,723
34,NORMA-18219,724
34,NORMA-11629,725
34,NORMA-7995,726
34,NORMA-23222,727
34,NORMA-20851,728
34,NORMA-281,729
34,NORMA-19845,730
34,NORMA-18997,731
34,NORMA-772,732
34,NORMA-11627,733
34,NORMA-21647,734
34,NORMA-16941,735
34,NORMA-9855,736
34,NORMA-20517,737
34,NORMA-20371,738
34,NORMA-1619,739
34,NORMA-21361,740
34,NORMA-20368,741
34,NORMA-20536,742
34,NORMA-21312,743
34,NORMA-21168,744
34,NORMA-20896,745
34,NORMA-23027,746
34,NORMA-21046,747
34,NORMA-20191,748
34,NORMA-9936,749
34,NORMA-21189,750
34,NORMA-11356,751
34,NORMA-18549,752
34,NORMA-8706,753
34,NORMA-19947,754
34,NORMA-19427,755
34,NORMA-12230,756
34,NORMA-15542,757
34,NORMA-11784,758
34,NORMA-309,759
34,NORMA-19605,760
34,NORMA-12231,761
34,NORMA-20566,762
34,NORMA-19384,763
34,NORMA-21352,764
34,NORMA-560,765
34,NORMA-218,766
34,NORMA-12859,767
34,NORMA-11788,768
34,NORMA-14724,769
34,NORMA-20448,770
34,NORMA-1406,771
34,NORMA-21017,772
34,NORMA-15427,773
34,NORMA-10931,774
34,NORMA-20167,775
34,NORMA-20762,776
34,NORMA-24102,777
34,NORMA-20231,778
34,NORMA-20633,779
34,NORMA-12233,780
34,NORMA-12007,781
34,NORMA-18873,782
34,NORMA-1620,783
34,NORMA-20871,784
34,NORMA-15465,785
34,NORMA-21113,786
34,NORMA-12000,787
34,NORMA-20299,788
34,NORMA-4786,789
34,NORMA-19528,790
34,NORMA-20551,791
34,NORMA-18401,792
34,NORMA-20915,793
34,NORMA-20149,794
34,NORMA-21069,795
34,NORMA-20241,796
34,NORMA-22721,797
34,NORMA-5381,798
34,NORMA-12003,799
34,NORMA-15802,800
34,NORMA-20028,801
34,NORMA-12733,802
34,NORMA-19983,803
34,NORMA-20295,804
34,NORMA-18952,805
34,NORMA-21137,806
34,NORMA-6354,807
34,NORMA-21328,808
34,NORMA-20065,809
34,NORMA-20751,810
34,NORMA-6752,811
34,NORMA-21324,812
34,NORMA-11683,813
34,NORMA-19750,814
34,NORMA-19164,815
34,NORMA-20997,816
34,NORMA-18767,817
34,NORMA-6720,818
34,NORMA-11630,819
34,NORMA-20763,820
34,NORMA-20898,821
34,NORMA-21729,822
34,NORMA-6753,823
34,NORMA-689,824
34,NORMA-25964,825
34,NORMA-75,826
34,NORMA-231,827
34,NORMA-11734,828
34,NORMA-19621,829
34,NORMA-20505,830
34,NORMA-23581,831
34,NORMA-11778,832
34,NORMA-11814,833
34,NORMA-20631,834
34,NORMA-18910,835
34,NORMA-21386,836
34,NORMA-12049,837
34,NORMA-20526,838
34,NORMA-21184,839
34,NORMA-18747,840
34,NORMA-12664,841
34,NORMA-778,842
34,NORMA-3638,843
34,NORMA-21413,844
34,NORMA-4792,845
34,NORMA-18542,846
34,NORMA-4500,847
34,NORMA-20845,848
34,NORMA-14788,849
34,NORMA-20512,850
34,NORMA-28181,851
34,NORMA-20727,852
34,NORMA-6641,853
34,NORMA-11655,854
34,NORMA-19798,855
34,NORMA-18545,856
34,NORMA-19078,857
34,NORMA-19942,858
34,NORMA-19837,859
34,NORMA-14239,860
34,NORMA-20966,861
34,NORMA-19919,862
34,NORMA-19981,863
34,NORMA-19597,864
34,NORMA-21203,865
34,NORMA-19842,866
34,NORMA-10865,867
34,NORMA-9358,868
34,NORMA-7015,869
34,NORMA-20717,870
34,NORMA-20985,871
34,NORMA-19520,872
34,NORMA-10994,873
34,NORMA-20064,874
34,NORMA-20861,875
34,NORMA-18906,876
34,NORMA-20772,877
34,NORMA-3201,878
34,NORMA-854,879
34,NORMA-19292,880
34,NORMA-18298,881
34,NORMA-12229,882
34,NORMA-20843,883
34,NORMA-6249,884
34,NORMA-20121,885
34,NORMA-219,886
34,NORMA-20280,887
34,NORMA-6955,888
34,NORMA-21278,889
34,NORMA-20157,890
34,NORMA-535,891
34,NORMA-1534,892
34,NORMA-21624,893
34,NORMA-21788,894
34,NORMA-578,895
34,NORMA-6880,896
34,NORMA-6970,897
34,NORMA-20677,898
34,NORMA-3721,899
34,NORMA-21747,900
34,NORMA-18802,901
34,NORMA-23361,902
34,NORMA-20949,903
34,NORMA-9724,904
34,NORMA-1138,905
34,NORMA-18796,906
34,NORMA-6318,907
34,NORMA-20437,908
34,NORMA-20249,909
34,NORMA-7011,910
34,NORMA-20102,911
34,NORMA-1608,912
34,NORMA-18753,913
34,NORMA-18984,914
34,NORMA-6199,915
34,NORMA-18359,916
34,NORMA-11601,917
34,NORMA-5421,918
34,NORMA-19630,919
34,NORMA-18565,920
34,NORMA-7326,921
34,NORMA-124,922
34,NORMA-7351,923
34,NORMA-20007,924
34,NORMA-21768,925
34,NORMA-6702,926
34,NORMA-18217,927
34,NORMA-13029,928
34,NORMA-20884,929
34,NORMA-215,930
34,NORMA-18474,931
34,NORMA-27221,932
34,NORMA-5008,933
34,NORMA-11300,934
34,NORMA-6757,935
34,NORMA-20597,936
34,NORMA-18463,937
34,NORMA-19593,938
34,NORMA-18456,939
34,NORMA-20574,940
34,NORMA-7095,941
34,NORMA-19809,942
34,NORMA-19652,943
34,NORMA-13990,944
34,NORMA-22061,945
34,NORMA-12245,946
34,NORMA-20523,947
34,NORMA-1315,948
34,NORMA-6075,949
34,NORMA-19830,950
34,NORMA-20091,951
34,NORMA-6954,952
34,NORMA-21309,953
34,NORMA-19629,954
34,NORMA-27687,955
34,NORMA-29003,956
34,NORMA-18215,957
34,NORMA-21475,958
34,NORMA-11715,959
34,NORMA-1999,960
34,NORMA-18294,961
34,NORMA-21407,962
34,NORMA-9834,963
34,NORMA-21746,964
34,NORMA-19684,965
34,NORMA-21595,966
34,NORMA-21690,967
34,NORMA-28422,968
34,NORMA-7022,969
34,NORMA-4710,970
34,NORMA-20451,971
34,NORMA-18781,972
34,NORMA-729,973
34,NORMA-28802,974
34,NORMA-20139,975
34,NORMA-19234,976
34,NORMA-19961,977
34,NORMA-10531,978
34,NORMA-21004,979
34,NORMA-21752,980
34,NORMA-19546,981
34,NORMA-21762,982
34,NORMA-11621,983
34,NORMA-20603,984
34,NORMA-21774,985
34,NORMA-21310,986
34,NORMA-18552,987
34,NORMA-19417,988
34,NORMA-19632,989
34,NORMA-21683,990
34,NORMA-18302,991
34,NORMA-6636,992
34,NORMA-21247,993
34,NORMA-1313,994
34,NORMA-19968,995
34,NORMA-4909,996
34,NORMA-18954,997
34,NORMA-20210,998
34,NORMA-18286,999
34,NORMA-20023,1000
35,NORMA-21305,1
35,NORMA-18450,2
35,NORMA-21437,3
35,NORMA-21367,4
35,NORMA-20445,5
35,NORMA-26841,6
35,NORMA-22941,7
35,NORMA-19152,8
35,NORMA-19829,9
35,NORMA-21398,10
35,NORMA-20258,11
35,NORMA-20726,12
35,NORMA-18287,13
35,NORMA-28981,14
35,NORMA-21521,15
35,NORMA-18522,16
35,NORMA-19787,17
35,NORMA-3342,18
35,NORMA-25523,19
35,NORMA-3241,20
35,NORMA-20021,21
35,NORMA-20027,22
35,NORMA-28181,23
35,NORMA-21725,24
35,NORMA-28961,25
35,NORMA-28362,26
35,NORMA-20374,27
35,NORMA-818,28
35,NORMA-19212,29
35,NORMA-25201,30
35,NORMA-2460,31
35,NORMA-28281,32
35,NORMA-20580,33
35,NORMA-20369,34
35,NORMA-21506,35
35,NORMA-19190,36
35,NORMA-19891,37
35,NORMA-21523,38
35,NORMA-21419,39
35,NORMA-984,40
35,NORMA-21310,41
35,NORMA-15701,42
35,NORMA-21357,43
35,NORMA-21537,44
35,NORMA-21705,45
35,NORMA-11798,46
35,NORMA-969,47
35,NORMA-21127,48
35,NORMA-19232,49
35,NORMA-17221,50
35,NORMA-19866,51
35,NORMA-20503,52
35,NORMA-2158,53
35,NORMA-61,54
35,NORMA-19233,55
35,NORMA-20422,56
35,NORMA-8028,57
35,NORMA-20465,58
35,NORMA-11739,59
35,NORMA-20359,60
35,NORMA-20474,61
35,NORMA-20800,62
35,NORMA-31904,63
35,NORMA-20460,64
35,NORMA-3281,65
35,NORMA-21114,66
35,NORMA-19700,67
35,NORMA-21028,68
35,NORMA-12035,69
35,NORMA-12015,70
35,NORMA-19387,71
35,NORMA-2517,72
35,NORMA-1740,73
35,NORMA-20501,74
35,NORMA-6948,75
35,NORMA-11872,76
35,NORMA-20473,77
35,NORMA-21783,78
35,NORMA-20477,79
35,NORMA-11999,80
35,NORMA-20382,81
35,NORMA-29441,82
35,NORMA-12002,83
35,NORMA-20428,84
35,NORMA-20407,85
35,NORMA-11780,86
35,NORMA-21267,87
35,NORMA-20398,88
35,NORMA-15561,89
35,NORMA-19378,90
35,NORMA-555,91
35,NORMA-12160,92
35,NORMA-21273,93
35,NORMA-21756,94
35,NORMA-16268,95
35,NORMA-20389,96
35,NORMA-20366,97
35,NORMA-12005,98
35,NORMA-20476,99
35,NORMA-20349,100
35,NORMA-20799,101
35,NORMA-20376,102
35,NORMA-27585,103
35,NORMA-24583,104
35,NORMA-21626,105
35,NORMA-19096,106
35,NORMA-20435,107
35,NORMA-19969,108
35,NORMA-996,109
35,NORMA-21739,110
35,NORMA-21550,111
35,NORMA-20505,112
35,NORMA-11792,113
35,NORMA-19883,114
35,NORMA-729,115
35,NORMA-19923,116
35,NORMA-1619,117
35,NORMA-18396,118
35,NORMA-20488,119
35,NORMA-19540,120
35,NORMA-704,121
35,NORMA-416,122
35,NORMA-20482,123
35,NORMA-11864,124
35,NORMA-2447,125
35,NORMA-20316,126
35,NORMA-21239,127
35,NORMA-19081,128
35,NORMA-11790,129
35,NORMA-24582,130
35,NORMA-11877,131
35,NORMA-18958,132
35,NORMA-21431,133
35,NORMA-1663,134
35,NORMA-11631,135
35,NORMA-21259,136
35,NORMA-20869,137
35,NORMA-11868,138
35,NORMA-20557,139
35,NORMA-19859,140
35,NORMA-12228,141
35,NORMA-18446,142
35,NORMA-20468,143
35,NORMA-772,144
35,NORMA-20758,145
35,NORMA-27521,146
35,NORMA-28001,147
35,NORMA-21821,148
35,NORMA-21691,149
35,NORMA-18780,150
35,NORMA-19715,151
35,NORMA-15004,152
35,NORMA-20137,153
35,NORMA-17182,154
35,NORMA-20590,155
35,NORMA-19724,156
35,NORMA-21257,157
35,NORMA-19095,158
35,NORMA-21461,159
35,NORMA-20480,160
35,NORMA-19784,161
35,NORMA-18433,162
35,NORMA-21507,163
35,NORMA-20090,164
35,NORMA-20381,165
35,NORMA-20995,166
35,NORMA-14387,167
35,NORMA-684,168
35,NORMA-18654,169
35,NORMA-18899,170
35,NORMA-23222,171
35,NORMA-19778,172
35,NORMA-20490,173
35,NORMA-18492,174
35,NORMA-11687,175
35,NORMA-21446,176
35,NORMA-20446,177
35,NORMA-2184,178
35,NORMA-2579,179
35,NORMA-18825,180
35,NORMA-20989,181
35,NORMA-19952,182
35,NORMA-19328,183
35,NORMA-15159,184
35,NORMA-12657,185
35,NORMA-21345,186
35,NORMA-20885,187
35,NORMA-21728,188
35,NORMA-1303,189
35,NORMA-21434,190
35,NORMA-21668,191
35,NORMA-15541,192
35,NORMA-883,193
35,NORMA-21752,194
35,NORMA-21352,195
35,NORMA-7110,196
35,NORMA-18430,197
35,NORMA-18549,198
35,NORMA-20487,199
35,NORMA-12049,200
35,NORMA-1222,201
35,NORMA-21220,202
35,NORMA-18803,203
35,NORMA-27501,204
35,NORMA-1620,205
35,NORMA-20217,206
35,NORMA-28203,207
35,NORMA-25645,208
35,NORMA-28422,209
35,NORMA-21086,210
35,NORMA-21218,211
35,NORMA-19181,212
35,NORMA-1578,213
35,NORMA-20753,214
35,NORMA-21417,215
35,NORMA-19275,216
35,NORMA-29005,217
35,NORMA-22561,218
35,NORMA-6880,219
35,NORMA-21113,220
35,NORMA-19981,221
35,NORMA-2567,222
35,NORMA-21694,223
35,NORMA-1863,224
35,NORMA-20209,225
35,NORMA-20179,226
35,NORMA-20754,227
35,NORMA-12245,228
35,NORMA-20277,229
35,NORMA-19822,230
35,NORMA-20304,231
35,NORMA-19474,232
35,NORMA-18659,233
35,NORMA-18388,234
35,NORMA-417,235
35,NORMA-21792,236
35,NORMA-19021,237
35,NORMA-20219,238
35,NORMA-20941,239
35,NORMA-21012,240
35,NORMA-11576,241
35,NORMA-21260,242
35,NORMA-20029,243
35,NORMA-19384,244
35,NORMA-1334,245
35,NORMA-21664,246
35,NORMA-18205,247
35,NORMA-19249,248
35,NORMA-11571,249
35,NORMA-21152,250
35,NORMA-21147,251
35,NORMA-15542,252
35,NORMA-21496,253
35,NORMA-595,254
35,NORMA-7028,255
35,NORMA-21356,256
35,NORMA-328,257
35,NORMA-19740,258
35,NORMA-21695,259
35,NORMA-19824,260
35,NORMA-1151,261
35,NORMA-11528,262
35,NORMA-20595,263
35,NORMA-21769,264
35,NORMA-1098,265
35,NORMA-19380,266
35,NORMA-19871,267
35,NORMA-783,268
35,NORMA-18680,269
35,NORMA-19506,270
35,NORMA-1406,271
35,NORMA-10878,272
35,NORMA-777,273
35,NORMA-19001,274
35,NORMA-21363,275
35,NORMA-6758,276
35,NORMA-19803,277
35,NORMA-2522,278
35,NORMA-1144,279
35,NORMA-12026,280
35,NORMA-1516,281
35,NORMA-18630,282
35,NORMA-20599,283
35,NORMA-833,284
35,NORMA-18752,285
35,NORMA-11767,286
35,NORMA-4830,287
35,NORMA-21173,288
35,NORMA-18231,289
35,NORMA-19520,290
35,NORMA-20425,291
35,NORMA-11766,292
35,NORMA-18233,293
35,NORMA-19125,294
35,NORMA-21256,295
35,NORMA-19292,296
35,NORMA-18690,297
35,NORMA-19256,298
35,NORMA-18686,299
35,NORMA-11524,300
35,NORMA-18642,301
35,NORMA-20794,302
35,NORMA-4746,303
35,NORMA-14577,304
35,NORMA-19432,305
35,NORMA-20865,306
35,NORMA-18570,307
35,NORMA-3201,308
35,NORMA-22101,309
35,NORMA-18981,310
35,NORMA-13323,311
35,NORMA-11574,312
35,NORMA-14011,313
35,NORMA-20633,314
35,NORMA-1388,315
35,NORMA-19084,316
35,NORMA-13003,317
35,NORMA-20433,318
35,NORMA-18210,319
35,NORMA-4909,320
35,NORMA-20908,321
35,NORMA-974,322
35,NORMA-26102,323
35,NORMA-1535,324
35,NORMA-20206,325
35,NORMA-16267,326
35,NORMA-15041,327
35,NORMA-14315,328
35,NORMA-20402,329
35,NORMA-23681,330
35,NORMA-13177,331
35,NORMA-15240,332
35,NORMA-14347,333
35,NORMA-588,334
35,NORMA-587,335
35,NORMA-1463,336
35,NORMA-28342,337
35,NORMA-16423,338
35,NORMA-20749,339
35,NORMA-18931,340
35,NORMA-29649,341
35,NORMA-19800,342
35,NORMA-22025,343
35,NORMA-25921,344
35,NORMA-25783,345
35,NORMA-18478,346
35,NORMA-20483,347
35,NORMA-18724,348
35,NORMA-20197,349
35,NORMA-21744,350
35,NORMA-13648,351
35,NORMA-13255,352
35,NORMA-21758,353
35,NORMA-18796,354
35,NORMA-13394,355
35,NORMA-12019,356
35,NORMA-19219,357
35,NORMA-20263,358
35,NORMA-15237,359
35,NORMA-21351,360
35,NORMA-13143,361
35,NORMA-26221,362
35,NORMA-19119,363
35,NORMA-13886,364
35,NORMA-18980,365
35,NORMA-14316,366
35,NORMA-11847,367
35,NORMA-11977,368
35,NORMA-20621,369
35,NORMA-10821,370
35,NORMA-21515,371
35,NORMA-20914,372
35,NORMA-20861,373
35,NORMA-29763,374
35,NORMA-16586,375
35,NORMA-24882,376
35,NORMA-11600,377
35,NORMA-18385,378
35,NORMA-11845,379
35,NORMA-27342,380
35,NORMA-12014,381
35,NORMA-12234,382
35,NORMA-11734,383
35,NORMA-20371,384
35,NORMA-76,385
35,NORMA-18479,386
35,NORMA-18641,387
35,NORMA-1812,388
35,NORMA-21702,389
35,NORMA-20447,390
35,NORMA-19628,391
35,NORMA-12232,392
35,NORMA-19953,393
35,NORMA-18359,394
35,NORMA-19580,395
35,NORMA-11476,396
35,NORMA-21766,397
35,NORMA-21413,398
35,NORMA-2496,399
35,NORMA-13583,400
35,NORMA-21299,401
35,NORMA-483,402
35,NORMA-11758,403
35,NORMA-21599,404
35,NORMA-20508,405
35,NORMA-19618,406
35,NORMA-11473,407
35,NORMA-18301,408
35,NORMA-11570,409
35,NORMA-12006,410
35,NORMA-11621,411
35,NORMA-11577,412
35,NORMA-20195,413
35,NORMA-19571,414
35,NORMA-19473,415
35,NORMA-2413,416
35,NORMA-11578,417
35,NORMA-11572,418
35,NORMA-19607,419
35,NORMA-11560,420
35,NORMA-20522,421
35,NORMA-19732,422
35,NORMA-14857,423
35,NORMA-21069,424
35,NORMA-18820,425
35,NORMA-24002,426
35,NORMA-21229,427
35,NORMA-13416,428
35,NORMA-21462,429
35,NORMA-11610,430
35,NORMA-18447,431
35,NORMA-20584,432
35,NORMA-19297,433
35,NORMA-12020,434
35,NORMA-19221,435
35,NORMA-211,436
35,NORMA-21333,437
35,NORMA-19977,438
35,NORMA-18979,439
35,NORMA-3382,440
35,NORMA-21656,441
35,NORMA-19967,442
35,NORMA-13801,443
35,NORMA-12024,444
35,NORMA-1223,445
35,NORMA-17321,446
35,NORMA-12032,447
35,NORMA-19809,448
35,NORMA-20786,449
35,NORMA-18394,450
35,NORMA-968,451
35,NORMA-553,452
35,NORMA-19272,453
35,NORMA-20185,454
35,NORMA-19845,455
35,NORMA-2536,456
35,NORMA-425,457
35,NORMA-21228,458
35,NORMA-11679,459
35,NORMA-21561,460
35,NORMA-11655,461
35,NORMA-20072,462
35,NORMA-19077,463
35,NORMA-14239,464
35,NORMA-19049,465
35,NORMA-20616,466
35,NORMA-20796,467
35,NORMA-2003,468
35,NORMA-10629,469
35,NORMA-20007,470
35,NORMA-11865,471
35,NORMA-11000,472
35,NORMA-10375,473
35,NORMA-20859,474
35,NORMA-15521,475
35,NORMA-20898,476
35,NORMA-13746,477
35,NORMA-1572,478
35,NORMA-14828,479
35,NORMA-19247,480
35,NORMA-5626,481
35,NORMA-13675,482
35,NORMA-1398,483
35,NORMA-21634,484
35,NORMA-20517,485
35,NORMA-20136,486
35,NORMA-11802,487
35,NORMA-18583,488
35,NORMA-1217,489
35,NORMA-14923,490
35,NORMA-10824,491
35,NORMA-19120,492
35,NORMA-20070,493
35,NORMA-9888,494
35,NORMA-21729,495
35,NORMA-20453,496
35,NORMA-14818,497
35,NORMA-15396,498
35,NORMA-21467,499
35,NORMA-26801,500
35,NORMA-27365,501
35,NORMA-11805,502
35,NORMA-20252,503
35,NORMA-12048,504
35,NORMA-29161,505
35,NORMA-21648,506
35,NORMA-20279,507
35,NORMA-18445,508
35,NORMA-20336,509
35,NORMA-12613,510
35,NORMA-209,511
35,NORMA-1541,512
35,NORMA-19092,513
35,NORMA-21699,514
35,NORMA-20531,515
35,NORMA-13789,516
35,NORMA-21139,517
35,NORMA-21023,518
35,NORMA-8027,519
35,NORMA-6187,520
35,NORMA-21659,521
35,NORMA-21314,522
35,NORMA-21205,523
35,NORMA-21682,524
35,NORMA-19929,525
35,NORMA-21339,526
35,NORMA-6856,527
35,NORMA-18539,528
35,NORMA-18908,529
35,NORMA-11523,530
35,NORMA-11562,531
35,NORMA-12029,532
35,NORMA-21126,533
35,NORMA-20096,534
35,NORMA-11522,535
35,NORMA-3181,536
35,NORMA-21527,537
35,NORMA-3381,538
35,NORMA-19354,539
35,NORMA-13556,540
35,NORMA-19554,541
35,NORMA-21359,542
35,NORMA-20906,543
35,NORMA-7384,544
35,NORMA-20902,545
35,NORMA-21571,546
35,NORMA-19365,547
35,NORMA-11998,548
35,NORMA-14466,549
35,NORMA-16202,550
35,NORMA-20836,551
35,NORMA-20216,552
35,NORMA-9595,553
35,NORMA-19028,554
35,NORMA-13080,555
35,NORMA-13298,556
35,NORMA-19842,557
35,NORMA-5586,558
35,NORMA-972,559
35,NORMA-20448,560
35,NORMA-12099,561
35,NORMA-20175,562
35,NORMA-20849,563
35,NORMA-11806,564
35,NORMA-14937,565
35,NORMA-20961,566
35,NORMA-20103,567
35,NORMA-19308,568
35,NORMA-9785,569
35,NORMA-18436,570
35,NORMA-19696,571
35,NORMA-20253,572
35,NORMA-18815,573
35,NORMA-21323,574
35,NORMA-19559,575
35,NORMA-20811,576
35,NORMA-13158,577
35,NORMA-16941,578
35,NORMA-20491,579
35,NORMA-20164,580
35,NORMA-11472,581
35,NORMA-20451,582
35,NORMA-21217,583
35,NORMA-19617,584
35,NORMA-21185,585
35,NORMA-19632,586
35,NORMA-21737,587
35,NORMA-580,588
35,NORMA-21296,589
35,NORMA-19659,590
35,NORMA-20192,591
35,NORMA-11771,592
35,NORMA-19574,593
35,NORMA-21243,594
35,NORMA-19557,595
35,NORMA-21135,596
35,NORMA-985,597
35,NORMA-6713,598
35,NORMA-15581,599
35,NORMA-19919,600
35,NORMA-2101,601
35,NORMA-19522,602
35,NORMA-18854,603
35,NORMA-19533,604
35,NORMA-12092,605
35,NORMA-9834,606
35,NORMA-13469,607
35,NORMA-21412,608
35,NORMA-19521,609
35,NORMA-18410,610
35,NORMA-9382,611
35,NORMA-24686,612
35,NORMA-18411,613
35,NORMA-19153,614
35,NORMA-20432,615
35,NORMA-19480,616
35,NORMA-21466,617
35,NORMA-20649,618
35,NORMA-18655,619
35,NORMA-20682,620
35,NORMA-11632,621
35,NORMA-745,622
35,NORMA-20873,623
35,NORMA-11417,624
35,NORMA-18515,625
35,NORMA-18317,626
35,NORMA-208,627
35,NORMA-19853,628
35,NORMA-19207,629
35,NORMA-20904,630
35,NORMA-18936,631
35,NORMA-12586,632
35,NORMA-19517,633
35,NORMA-21249,634
35,NORMA-19156,635
35,NORMA-18760,636
35,NORMA-19165,637
35,NORMA-18798,638
35,NORMA-6627,639
35,NORMA-6636,640
35,NORMA-21328,641
35,NORMA-21553,642
35,NORMA-18721,643
35,NORMA-207,644
35,NORMA-18601,645
35,NORMA-19033,646
35,NORMA-2001,647
35,NORMA-11779,648
35,NORMA-21530,649
35,NORMA-21556,650
35,NORMA-19150,651
35,NORMA-20871,652
35,NORMA-6316,653
35,NORMA-27022,654
35,NORMA-20759,655
35,NORMA-11474,656
35,NORMA-20157,657
35,NORMA-14148,658
35,NORMA-20792,659
35,NORMA-20280,660
35,NORMA-14540,661
35,NORMA-21784,662
35,NORMA-21532,663
35,NORMA-21484,664
35,NORMA-18746,665
35,NORMA-3839,666
35,NORMA-11527,667
35,NORMA-25525,668
35,NORMA-18434,669
35,NORMA-20912,670
35,NORMA-20002,671
35,NORMA-2981,672
35,NORMA-20840,673
35,NORMA-20426,674
35,NORMA-21721,675
35,NORMA-21343,676
35,NORMA-20100,677
35,NORMA-878,678
35,NORMA-12113,679
35,NORMA-12039,680
35,NORMA-20999,681
35,NORMA-20997,682
35,NORMA-9792,683
35,NORMA-19655,684
35,NORMA-838,685
35,NORMA-1567,686
35,NORMA-12067,687
35,NORMA-18432,688
35,NORMA-6244,689
35,NORMA-20947,690
35,NORMA-15211,691
35,NORMA-2269,692
35,NORMA-11804,693
35,NORMA-20959,694
35,NORMA-1024,695
35,NORMA-22241,696
35,NORMA-4423,697
35,NORMA-20443,698
35,NORMA-11518,699
35,NORMA-20565,700
35,NORMA-1994,701
35,NORMA-19661,702
35,NORMA-20710,703
35,NORMA-11882,704
35,NORMA-20028,705
35,NORMA-6957,706
35,NORMA-12249,707
35,NORMA-21391,708
35,NORMA-19933,709
35,NORMA-755,710
35,NORMA-21589,711
35,NORMA-20191,712
35,NORMA-13954,713
35,NORMA-31923,714
35,NORMA-20303,715
35,NORMA-6084,716
35,NORMA-12729,717
35,NORMA-20925,718
35,NORMA-19718,719
35,NORMA-20183,720
35,NORMA-20778,721
35,NORMA-778,722
35,NORMA-15099,723
35,NORMA-18824,724
35,NORMA-20282,725
35,NORMA-12255,726
35,NORMA-20856,727
35,NORMA-20437,728
35,NORMA-6185,729
35,NORMA-2587,730
35,NORMA-21384,731
35,NORMA-20707,732
35,NORMA-913,733
35,NORMA-19391,734
35,NORMA-19456,735
35,NORMA-9821,736
35,NORMA-20196,737
35,NORMA-20896,738
35,NORMA-18952,739
35,NORMA-18762,740
35,NORMA-11723,741
35,NORMA-19662,742
35,NORMA-18548,743
35,NORMA-21533,744
35,NORMA-4219,745
35,NORMA-2010,746
35,NORMA-27761,747
35,NORMA-20210,748
35,NORMA-18955,749
35,NORMA-21524,750
35,NORMA-20494,751
35,NORMA-19462,752
35,NORMA-17201,753
35,NORMA-20037,754
35,NORMA-11920,755
35,NORMA-20167,756
35,NORMA-12236,757
35,NORMA-12165,758
35,NORMA-11736,759
35,NORMA-12103,760
35,NORMA-21272,761
35,NORMA-21206,762
35,NORMA-20888,763
35,NORMA-20696,764
35,NORMA-20182,765
35,NORMA-6752,766
35,NORMA-20278,767
35,NORMA-18603,768
35,NORMA-19573,769
35,NORMA-1412,770
35,NORMA-20388,771
35,NORMA-21269,772
35,NORMA-9893,773
35,NORMA-18378,774
35,NORMA-5421,775
35,NORMA-573,776
35,NORMA-19205,777
35,NORMA-19581,778
35,NORMA-20301,779
35,NORMA-1613,780
35,NORMA-20581,781
35,NORMA-18424,782
35,NORMA-6672,783
35,NORMA-19798,784
35,NORMA-21787,785
35,NORMA-19941,786
35,NORMA-20199,787
35,NORMA-20239,788
35,NORMA-309,789
35,NORMA-10267,790
35,NORMA-2563,791
35,NORMA-23521,792
35,NORMA-12415,793
35,NORMA-12923,794
35,NORMA-13124,795
35,NORMA-75,796
35,NORMA-21224,797
35,NORMA-18219,798
35,NORMA-16481,799
35,NORMA-19225,800
35,NORMA-21344,801
35,NORMA-18838,802
35,NORMA-14746,803
35,NORMA-19234,804
35,NORMA-19722,805
35,NORMA-12733,806
35,NORMA-13308,807
35,NORMA-20396,808
35,NORMA-18214,809
35,NORMA-7381,810
35,NORMA-27364,811
35,NORMA-20403,812
35,NORMA-20106,813
35,NORMA-19797,814
35,NORMA-19650,815
35,NORMA-4277,816
35,NORMA-18986,817
35,NORMA-18293,818
35,NORMA-11751,819
35,NORMA-7100,820
35,NORMA-19603,821
35,NORMA-21107,822
35,NORMA-13295,823
35,NORMA-19426,824
35,NORMA-21609,825
35,NORMA-21386,826
35,NORMA-21661,827
35,NORMA-6343,828
35,NORMA-6676,829
35,NORMA-11814,830
35,NORMA-31903,831
35,NORMA-19863,832
35,NORMA-3979,833
35,NORMA-18221,834
35,NORMA-18563,835
35,NORMA-711,836
35,NORMA-535,837
35,NORMA-18933,838
35,NORMA-4425,839
35,NORMA-6181,840
35,NORMA-12248,841
35,NORMA-19799,842
35,NORMA-11316,843
35,NORMA-20405,844
35,NORMA-4863,845
35,NORMA-11714,846
35,NORMA-19939,847
35,NORMA-20055,848
35,NORMA-19841,849
35,NORMA-26701,850
35,NORMA-938,851
35,NORMA-6621,852
35,NORMA-6630,853
35,NORMA-20421,854
35,NORMA-18344,855
35,NORMA-21408,856
35,NORMA-20561,857
35,NORMA-19643,858
35,NORMA-12038,859
35,NORMA-20241,860
35,NORMA-18451,861
35,NORMA-12060,862
35,NORMA-10309,863
35,NORMA-19704,864
35,NORMA-20429,865
35,NORMA-27555,866
35,NORMA-6962,867
35,NORMA-18201,868
35,NORMA-19714,869
35,NORMA-20205,870
35,NORMA-20238,871
35,NORMA-332,872
35,NORMA-1341,873
35,NORMA-6967,874
35,NORMA-5170,875
35,NORMA-14932,876
35,NORMA-12171,877
35,NORMA-18709,878
35,NORMA-15802,879
35,NORMA-20091,880
35,NORMA-18631,881
35,NORMA-18276,882
35,NORMA-423,883
35,NORMA-19503,884
35,NORMA-21760,885
35,NORMA-13797,886
35,NORMA-29003,887
35,NORMA-20709,888
35,NORMA-6655,889
35,NORMA-1421,890
35,NORMA-6641,891
35,NORMA-20970,892
35,NORMA-2415,893
35,NORMA-4868,894
35,NORMA-3503,895
35,NORMA-976,896
35,NORMA-19805,897
35,NORMA-19651,898
35,NORMA-7027,899
35,NORMA-385,900
35,NORMA-20850,901
35,NORMA-850,902
35,NORMA-18502,903
35,NORMA-13470,904
35,NORMA-2551,905
35,NORMA-20184,906
35,NORMA-18295,907
35,NORMA-2395,908
35,NORMA-19895,909
35,NORMA-2444,910
35,NORMA-7011,911
35,NORMA-2367,912
35,NORMA-27044,913
35,NORMA-20985,914
35,NORMA-19568,915
35,NORMA-6645,916
35,NORMA-1471,917
35,NORMA-1163,918
35,NORMA-6819,919
35,NORMA-1407,920
35,NORMA-21390,921
35,NORMA-21308,922
35,NORMA-6757,923
35,NORMA-9110,924
35,NORMA-1332,925
35,NORMA-21199,926
35,NORMA-1179,927
35,NORMA-18984,928
35,NORMA-7942,929
35,NORMA-6820,930
35,NORMA-1442,931
35,NORMA-21410,932
35,NORMA-6082,933
35,NORMA-1674,934
35,NORMA-18605,935
35,NORMA-21211,936
35,NORMA-9670,937
35,NORMA-20677,938
35,NORMA-1534,939
35,NORMA-1306,940
35,NORMA-20569,941
35,NORMA-358,942
35,NORMA-20186,943
35,NORMA-20615,944
35,NORMA-20148,945
35,NORMA-1420,946
35,NORMA-1129,947
35,NORMA-21712,948
35,NORMA-1346,949
35,NORMA-798,950
35,NORMA-1280,951
35,NORMA-357,952
35,NORMA-19183,953
35,NORMA-875,954
35,NORMA-18541,955
35,NORMA-1408,956
35,NORMA-21071,957
35,NORMA-20201,958
35,NORMA-751,959
35,NORMA-2421,960
35,NORMA-11615,961
35,NORMA-19582,962
35,NORMA-27221,963
35,NORMA-19631,964
35,NORMA-6970,965
35,NORMA-7012,966
35,NORMA-680,967
35,NORMA-1295,968
35,NORMA-21246,969
35,NORMA-6318,970
35,NORMA-1776,971
35,NORMA-24661,972
35,NORMA-18406,973
35,NORMA-20271,974
35,NORMA-21371,975
35,NORMA-20853,976
35,NORMA-14895,977
35,NORMA-19605,978
35,NORMA-20289,979
35,NORMA-18303,980
35,NORMA-1788,981
35,NORMA-23341,982
35,NORMA-2157,983
35,NORMA-20943,984
35,NORMA-18382,985
35,NORMA-2456,986
35,NORMA-7025,987
35,NORMA-1286,988
35,NORMA-1433,989
35,NORMA-736,990
35,NORMA-18748,991
35,NORMA-1390,992
35,NORMA-1175,993
35,NORMA-20053,994
35,NORMA-11496,995
35,NORMA-20948,996
35,NORMA-20577,997
35,NORMA-1171,998
35,NORMA-19105,999
35,NORMA-2694,1000
37,NORMA-17301,1
37,NORMA-21625,2
37,NORMA-27022,3
37,NORMA-15882,4
37,NORMA-14307,5
37,NORMA-28181,6
37,NORMA-16268,7
37,NORMA-25201,8
37,NORMA-23564,9
37,NORMA-15581,10
37,NORMA-15701,11
37,NORMA-3281,12
37,NORMA-28961,13
37,NORMA-15521,14
37,NORMA-27461,15
37,NORMA-27250,16
37,NORMA-21661,17
37,NORMA-28243,18
37,NORMA-26083,19
37,NORMA-28282,20
37,NORMA-27721,21
37,NORMA-27622,22
37,NORMA-21756,23
37,NORMA-26084,24
37,NORMA-16444,25
37,NORMA-29901,26
37,NORMA-27602,27
37,NORMA-27444,28
37,NORMA-27551,29
37,NORMA-19841,30
37,NORMA-462,31
37,NORMA-20113,32
37,NORMA-19739,33
37,NORMA-21210,34
37,NORMA-19573,35
37,NORMA-20097,36
37,NORMA-15542,37
37,NORMA-27555,38
37,NORMA-15561,39
37,NORMA-19833,40
37,NORMA-3674,41
37,NORMA-3241,42
37,NORMA-29186,43
37,NORMA-18622,44
37,NORMA-21211,45
37,NORMA-18534,46
37,NORMA-19981,47
37,NORMA-8393,48
37,NORMA-20157,49
37,NORMA-18383,50
37,NORMA-21015,51
37,NORMA-19599,52
37,NORMA-18417,53
37,NORMA-5251,54
37,NORMA-21715,55
37,NORMA-18699,56
37,NORMA-7714,57
37,NORMA-19611,58
37,NORMA-26841,59
37,NORMA-18729,60
37,NORMA-3201,61
37,NORMA-18862,62
37,NORMA-19107,63
37,NORMA-28981,64
37,NORMA-19647,65
37,NORMA-21607,66
37,NORMA-6764,67
37,NORMA-19631,68
37,NORMA-11417,69
37,NORMA-18458,70
37,NORMA-19617,71
37,NORMA-8827,72
37,NORMA-16941,73
37,NORMA-17201,74
37,NORMA-630,75
37,NORMA-3261,76
37,NORMA-21261,77
37,NORMA-16424,78
37,NORMA-18545,79
37,NORMA-21154,80
37,NORMA-22862,81
37,NORMA-14308,82
37,NORMA-18735,83
37,NORMA-19637,84
37,NORMA-18694,85
37,NORMA-18247,86
37,NORMA-21653,87
37,NORMA-6684,88
37,NORMA-18809,89
37,NORMA-19905,90
37,NORMA-18832,91
37,NORMA-8163,92
37,NORMA-21627,93
37,NORMA-19818,94
37,NORMA-4236,95
37,NORMA-4818,96
37,NORMA-8918,97
37,NORMA-15941,98
37,NORMA-8829,99
37,NORMA-27544,100
37,NORMA-13321,101
37,NORMA-18525,102
37,NORMA-14677,103
37,NORMA-14596,104
37,NORMA-13474,105
37,NORMA-12418,106
37,NORMA-8822,107
37,NORMA-5546,108
37,NORMA-19633,109
37,NORMA-5548,110
37,NORMA-18556,111
37,NORMA-19768,112
37,NORMA-27249,113
37,NORMA-20098,114
37,NORMA-5998,115
37,NORMA-6509,116
37,NORMA-11324,117
37,NORMA-18278,118
37,NORMA-24461,119
37,NORMA-9823,120
37,NORMA-16023,121
37,NORMA-11226,122
37,NORMA-7651,123
37,NORMA-18882,124
37,NORMA-8504,125
37,NORMA-5536,126
37,NORMA-12102,127
37,NORMA-8239,128
37,NORMA-8404,129
37,NORMA-6813,130
37,NORMA-7997,131
37,NORMA-18552,132
37,NORMA-8678,133
37,NORMA-27462,134
37,NORMA-21699,135
37,NORMA-19699,136
37,NORMA-4863,137
37,NORMA-217,138
37,NORMA-20802,139
37,NORMA-22401,140
37,NORMA-23642,141
37,NORMA-4868,142
37,NORMA-5692,143
37,NORMA-19649,144
37,NORMA-8398,145
37,NORMA-18858,146
37,NORMA-19854,147
37,NORMA-28362,148
37,NORMA-27585,149
37,NORMA-19740,150
37,NORMA-20164,151
37,NORMA-18883,152
37,NORMA-5007,153
37,NORMA-4259,154
37,NORMA-3877,155
37,NORMA-21226,156
37,NORMA-5475,157
37,NORMA-5416,158
37,NORMA-20264,159
37,NORMA-7241,160
37,NORMA-20056,161
37,NORMA-15068,162
37,NORMA-9821,163
37,NORMA-3967,164
37,NORMA-19835,165
37,NORMA-5031,166
37,NORMA-11742,167
37,NORMA-14858,168
37,NORMA-3804,169
37,NORMA-22644,170
37,NORMA-19823,171
37,NORMA-20795,172
37,NORMA-13555,173
37,NORMA-4473,174
37,NORMA-4124,175
37,NORMA-5410,176
37,NORMA-5034,177
37,NORMA-18474,178
37,NORMA-2531,179
37,NORMA-5842,180
37,NORMA-20084,181
37,NORMA-6954,182
37,NORMA-20151,183
37,NORMA-7729,184
37,NORMA-8313,185
37,NORMA-5225,186
37,NORMA-20643,187
37,NORMA-8562,188
37,NORMA-20180,189
37,NORMA-7205,190
37,NORMA-20237,191
37,NORMA-11515,192
37,NORMA-6955,193
37,NORMA-21223,194
37,NORMA-4091,195
37,NORMA-11728,196
37,NORMA-4442,197
37,NORMA-19272,198
37,NORMA-8502,199
37,NORMA-4219,200
37,NORMA-5982,201
37,NORMA-5874,202
37,NORMA-25441,203
37,NORMA-16481,204
37,NORMA-19855,205
37,NORMA-19077,206
37,NORMA-25801,207
37,NORMA-28781,208
37,NORMA-5730,209
37,NORMA-27543,210
37,NORMA-21230,211
37,NORMA-26684,212
37,NORMA-7021,213
37,NORMA-5900,214
37,NORMA-21496,215
37,NORMA-4393,216
37,NORMA-26807,217
37,NORMA-8240,218
37,NORMA-4768,219
37,NORMA-4467,220
37,NORMA-3512,221
37,NORMA-8168,222
37,NORMA-18232,223
37,NORMA-18340,224
37,NORMA-18954,225
37,NORMA-5621,226
37,NORMA-16321,227
37,NORMA-15781,228
37,NORMA-4412,229
37,NORMA-10708,230
37,NORMA-28341,231
37,NORMA-20108,232
37,NORMA-10118,233
37,NORMA-21214,234
37,NORMA-18898,235
37,NORMA-17682,236
37,NORMA-4038,237
37,NORMA-11472,238
37,NORMA-13195,239
37,NORMA-5653,240
37,NORMA-21216,241
37,NORMA-5938,242
37,NORMA-22721,243
37,NORMA-4284,244
37,NORMA-5359,245
37,NORMA-6252,246
37,NORMA-4379,247
37,NORMA-13480,248
37,NORMA-8499,249
37,NORMA-21626,250
37,NORMA-23441,251
37,NORMA-19096,252
37,NORMA-19379,253
37,NORMA-21550,254
37,NORMA-7921,255
37,NORMA-7722,256
37,NORMA-18376,257
37,NORMA-4628,258
37,NORMA-18937,259
37,NORMA-4979,260
37,NORMA-18353,261
37,NORMA-19638,262
37,NORMA-11496,263
37,NORMA-1863,264
37,NORMA-18517,265
37,NORMA-6645,266
37,NORMA-7892,267
37,NORMA-856,268
37,NORMA-19468,269
37,NORMA-21552,270
37,NORMA-2140,271
37,NORMA-5888,272
37,NORMA-4335,273
37,NORMA-20246,274
37,NORMA-12394,275
37,NORMA-20055,276
37,NORMA-19608,277
37,NORMA-5055,278
37,NORMA-18660,279
37,NORMA-4011,280
37,NORMA-8563,281
37,NORMA-20064,282
37,NORMA-5932,283
37,NORMA-21739,284
37,NORMA-19057,285
37,NORMA-5216,286
37,NORMA-19474,287
37,NORMA-20257,288
37,NORMA-12067,289
37,NORMA-19393,290
37,NORMA-8243,291
37,NORMA-20817,292
37,NORMA-11476,293
37,NORMA-19634,294
37,NORMA-2035,295
37,NORMA-13469,296
37,NORMA-21224,297
37,NORMA-18781,298
37,NORMA-3381,299
37,NORMA-23281,300
37,NORMA-4305,301
37,NORMA-18953,302
37,NORMA-15046,303
37,NORMA-19944,304
37,NORMA-4152,305
37,NORMA-6700,306
37,NORMA-12462,307
37,NORMA-553,308
37,NORMA-20290,309
37,NORMA-19110,310
37,NORMA-21030,311
37,NORMA-20887,312
37,NORMA-3818,313
37,NORMA-20879,314
37,NORMA-18523,315
37,NORMA-19602,316
37,NORMA-8916,317
37,NORMA-5701,318
37,NORMA-18510,319
37,NORMA-16202,320
37,NORMA-2461,321
37,NORMA-8242,322
37,NORMA-19358,323
37,NORMA-13054,324
37,NORMA-17541,325
37,NORMA-2395,326
37,NORMA-8825,327
37,NORMA-18682,328
37,NORMA-22026,329
37,NORMA-11950,330
37,NORMA-3846,331
37,NORMA-3925,332
37,NORMA-5242,333
37,NORMA-20070,334
37,NORMA-21501,335
37,NORMA-27761,336
37,NORMA-21132,337
37,NORMA-22042,338
37,NORMA-18648,339
37,NORMA-8198,340
37,NORMA-3978,341
37,NORMA-18318,342
37,NORMA-22181,343
37,NORMA-8009,344
37,NORMA-18265,345
37,NORMA-10824,346
37,NORMA-20082,347
37,NORMA-21533,348
37,NORMA-19293,349
37,NORMA-19903,350
37,NORMA-5295,351
37,NORMA-14279,352
37,NORMA-14937,353
37,NORMA-8389,354
37,NORMA-19946,355
37,NORMA-13158,356
37,NORMA-18492,357
37,NORMA-6598,358
37,NORMA-6670,359
37,NORMA-13929,360
37,NORMA-11474,361
37,NORMA-19844,362
37,NORMA-18442,363
37,NORMA-21664,364
37,NORMA-8245,365
37,NORMA-11683,366
37,NORMA-11527,367
37,NORMA-20236,368
37,NORMA-20866,369
37,NORMA-5752,370
37,NORMA-1,371
37,NORMA-14592,372
37,NORMA-2546,373
37,NORMA-20756,374
37,NORMA-11797,375
37,NORMA-4631,376
37,NORMA-4747,377
37,NORMA-4392,378
37,NORMA-18672,379
37,NORMA-3583,380
37,NORMA-19904,381
37,NORMA-8683,382
37,NORMA-2157,383
37,NORMA-3382,384
37,NORMA-4346,385
37,NORMA-19628,386
37,NORMA-19230,387
37,NORMA-21387,388
37,NORMA-19183,389
37,NORMA-18633,390
37,NORMA-5149,391
37,NORMA-19490,392
37,NORMA-20623,393
37,NORMA-7773,394
37,NORMA-13198,395
37,NORMA-21107,396
37,NORMA-8315,397
37,NORMA-7146,398
37,NORMA-2542,399
37,NORMA-3772,400
37,NORMA-5394,401
37,NORMA-7525,402
37,NORMA-19593,403
37,NORMA-18988,404
37,NORMA-21291,405
37,NORMA-4664,406
37,NORMA-8387,407
37,NORMA-19959,408
37,NORMA-21364,409
37,NORMA-20707,410
37,NORMA-4847,411
37,NORMA-21475,412
37,NORMA-5965,413
37,NORMA-28001,414
37,NORMA-20831,415
37,NORMA-3467,416
37,NORMA-8258,417
37,NORMA-18635,418
37,NORMA-11182,419
37,NORMA-19039,420
37,NORMA-21599,421
37,NORMA-3506,422
37,NORMA-5421,423
37,NORMA-18625,424
37,NORMA-21641,425
37,NORMA-8824,426
37,NORMA-6014,427
37,NORMA-12039,428
37,NORMA-5518,429
37,NORMA-10921,430
37,NORMA-19644,431
37,NORMA-14236,432
37,NORMA-10318,433
37,NORMA-6199,434
37,NORMA-8314,435
37,NORMA-4710,436
37,NORMA-21359,437
37,NORMA-6505,438
37,NORMA-19939,439
37,NORMA-3918,440
37,NORMA-7384,441
37,NORMA-3642,442
37,NORMA-8390,443
37,NORMA-19723,444
37,NORMA-5798,445
37,NORMA-5557,446
37,NORMA-6185,447
37,NORMA-19729,448
37,NORMA-11630,449
37,NORMA-18693,450
37,NORMA-5839,451
37,NORMA-3582,452
37,NORMA-9382,453
37,NORMA-19583,454
37,NORMA-4888,455
37,NORMA-4998,456
37,NORMA-18744,457
37,NORMA-22061,458
37,NORMA-20901,459
37,NORMA-20037,460
37,NORMA-4922,461
37,NORMA-11775,462
37,NORMA-4609,463
37,NORMA-4597,464
37,NORMA-5451,465
37,NORMA-7809,466
37,NORMA-3701,467
37,NORMA-19290,468
37,NORMA-18955,469
37,NORMA-6749,470
37,NORMA-18416,471
37,NORMA-9994,472
37,NORMA-19929,473
37,NORMA-7444,474
37,NORMA-14672,475
37,NORMA-21355,476
37,NORMA-26362,477
37,NORMA-14932,478
37,NORMA-11570,479
37,NORMA-8154,480
37,NORMA-19032,481
37,NORMA-4622,482
37,NORMA-7658,483
37,NORMA-8819,484
37,NORMA-7421,485
37,NORMA-19481,486
37,NORMA-5060,487
37,NORMA-12317,488
37,NORMA-4266,489
37,NORMA-21299,490
37,NORMA-4410,491
37,NORMA-20701,492
37,NORMA-18275,493
37,NORMA-8083,494
37,NORMA-20789,495
37,NORMA-2456,496
37,NORMA-9835,497
37,NORMA-18830,498
37,NORMA-21487,499
37,NORMA-18885,500
37,NORMA-5378,501
37,NORMA-7737,502
37,NORMA-25041,503
37,NORMA-7603,504
37,NORMA-3594,505
37,NORMA-19950,506
37,NORMA-5466,507
37,NORMA-5955,508
37,NORMA-18664,509
37,NORMA-10565,510
37,NORMA-18717,511
37,NORMA-5782,512
37,NORMA-18509,513
37,NORMA-5290,514
37,NORMA-19582,515
37,NORMA-19382,516
37,NORMA-21613,517
37,NORMA-19917,518
37,NORMA-4065,519
37,NORMA-4267,520
37,NORMA-10720,521
37,NORMA-13801,522
37,NORMA-12024,523
37,NORMA-12032,524
37,NORMA-21503,525
37,NORMA-4750,526
37,NORMA-5786,527
37,NORMA-7724,528
37,NORMA-14688,529
37,NORMA-13345,530
37,NORMA-15229,531
37,NORMA-19245,532
37,NORMA-6214,533
37,NORMA-7148,534
37,NORMA-19551,535
37,NORMA-5889,536
37,NORMA-18839,537
37,NORMA-5817,538
37,NORMA-4618,539
37,NORMA-14850,540
37,NORMA-9201,541
37,NORMA-19418,542
37,NORMA-29441,543
37,NORMA-3648,544
37,NORMA-21326,545
37,NORMA-9803,546
37,NORMA-21714,547
37,NORMA-18921,548
37,NORMA-19764,549
37,NORMA-18480,550
37,NORMA-3524,551
37,NORMA-2415,552
37,NORMA-4537,553
37,NORMA-18786,554
37,NORMA-8714,555
37,NORMA-3842,556
37,NORMA-8561,557
37,NORMA-21117,558
37,NORMA-2424,559
37,NORMA-4826,560
37,NORMA-8396,561
37,NORMA-9481,562
37,NORMA-20265,563
37,NORMA-3902,564
37,NORMA-9297,565
37,NORMA-13855,566
37,NORMA-13973,567
37,NORMA-6762,568
37,NORMA-18696,569
37,NORMA-9384,570
37,NORMA-15162,571
37,NORMA-4884,572
37,NORMA-14508,573
37,NORMA-7871,574
37,NORMA-4648,575
37,NORMA-12326,576
37,NORMA-14189,577
37,NORMA-3833,578
37,NORMA-4015,579
37,NORMA-6655,580
37,NORMA-18521,581
37,NORMA-11000,582
37,NORMA-18407,583
37,NORMA-4910,584
37,NORMA-4274,585
37,NORMA-3689,586
37,NORMA-14989,587
37,NORMA-4519,588
37,NORMA-8238,589
37,NORMA-4913,590
37,NORMA-4312,591
37,NORMA-18121,592
37,NORMA-7622,593
37,NORMA-20581,594
37,NORMA-21744,595
37,NORMA-4842,596
37,NORMA-18892,597
37,NORMA-19906,598
37,NORMA-6707,599
37,NORMA-20973,600
37,NORMA-5870,601
37,NORMA-6620,602
37,NORMA-21484,603
37,NORMA-11665,604
37,NORMA-6884,605
37,NORMA-2399,606
37,NORMA-6392,607
37,NORMA-18692,608
37,NORMA-1398,609
37,NORMA-4861,610
37,NORMA-21556,611
37,NORMA-12586,612
37,NORMA-8570,613
37,NORMA-2126,614
37,NORMA-10279,615
37,NORMA-21529,616
37,NORMA-4707,617
37,NORMA-5247,618
37,NORMA-4995,619
37,NORMA-5045,620
37,NORMA-7747,621
37,NORMA-8027,622
37,NORMA-5753,623
37,NORMA-6390,624
37,NORMA-2496,625
37,NORMA-5059,626
37,NORMA-21532,627
37,NORMA-3595,628
37,NORMA-5785,629
37,NORMA-20011,630
37,NORMA-20239,631
37,NORMA-18420,632
37,NORMA-21104,633
37,NORMA-4762,634
37,NORMA-6389,635
37,NORMA-19755,636
37,NORMA-5375,637
37,NORMA-6579,638
37,NORMA-20922,639
37,NORMA-8253,640
37,NORMA-3605,641
37,NORMA-6573,642
37,NORMA-5192,643
37,NORMA-19613,644
37,NORMA-22281,645
37,NORMA-5298,646
37,NORMA-8835,647
37,NORMA-6355,648
37,NORMA-6643,649
37,NORMA-11352,650
37,NORMA-6433,651
37,NORMA-6215,652
37,NORMA-4017,653
37,NORMA-21236,654
37,NORMA-7866,655
37,NORMA-3716,656
37,NORMA-6339,657
37,NORMA-13237,658
37,NORMA-18312,659
37,NORMA-15237,660
37,NORMA-4294,661
37,NORMA-20451,662
37,NORMA-5327,663
37,NORMA-4146,664
37,NORMA-19440,665
37,NORMA-3915,666
37,NORMA-18850,667
37,NORMA-9008,668
37,NORMA-21279,669
37,NORMA-4036,670
37,NORMA-18281,671
37,NORMA-5916,672
37,NORMA-19963,673
37,NORMA-13769,674
37,NORMA-21258,675
37,NORMA-2069,676
37,NORMA-18248,677
37,NORMA-19160,678
37,NORMA-3996,679
37,NORMA-5393,680
37,NORMA-4060,681
37,NORMA-8193,682
37,NORMA-2444,683
37,NORMA-4882,684
37,NORMA-20069,685
37,NORMA-6050,686
37,NORMA-9194,687
37,NORMA-4607,688
37,NORMA-6881,689
37,NORMA-4164,690
37,NORMA-3632,691
37,NORMA-6701,692
37,NORMA-15251,693
37,NORMA-14985,694
37,NORMA-5515,695
37,NORMA-19684,696
37,NORMA-27609,697
37,NORMA-6144,698
37,NORMA-11587,699
37,NORMA-20021,700
37,NORMA-14607,701
37,NORMA-13392,702
37,NORMA-21227,703
37,NORMA-14581,704
37,NORMA-19856,705
37,NORMA-5057,706
37,NORMA-4889,707
37,NORMA-27608,708
37,NORMA-20561,709
37,NORMA-20241,710
37,NORMA-10734,711
37,NORMA-6488,712
37,NORMA-20238,713
37,NORMA-5816,714
37,NORMA-8947,715
37,NORMA-7204,716
37,NORMA-19908,717
37,NORMA-6949,718
37,NORMA-8878,719
37,NORMA-20895,720
37,NORMA-9588,721
37,NORMA-19949,722
37,NORMA-7388,723
37,NORMA-19679,724
37,NORMA-19197,725
37,NORMA-20061,726
37,NORMA-6004,727
37,NORMA-1388,728
37,NORMA-21335,729
37,NORMA-7742,730
37,NORMA-21390,731
37,NORMA-19741,732
37,NORMA-19933,733
37,NORMA-6739,734
37,NORMA-19476,735
37,NORMA-19038,736
37,NORMA-7390,737
37,NORMA-20447,738
37,NORMA-19876,739
37,NORMA-14392,740
37,NORMA-19746,741
37,NORMA-19922,742
37,NORMA-8552,743
37,NORMA-7430,744
37,NORMA-20781,745
37,NORMA-8225,746
37,NORMA-13834,747
37,NORMA-6268,748
37,NORMA-6480,749
37,NORMA-8554,750
37,NORMA-15370,751
37,NORMA-4917,752
37,NORMA-18482,753
37,NORMA-18904,754
37,NORMA-19810,755
37,NORMA-704,756
37,NORMA-5236,757
37,NORMA-7802,758
37,NORMA-20079,759
37,NORMA-21535,760
37,NORMA-6136,761
37,NORMA-5205,762
37,NORMA-5435,763
37,NORMA-4471,764
37,NORMA-18715,765
37,NORMA-18666,766
37,NORMA-18507,767
37,NORMA-18785,768
37,NORMA-21119,769
37,NORMA-18716,770
37,NORMA-18665,771
37,NORMA-18505,772
37,NORMA-18851,773
37,NORMA-18784,774
37,NORMA-18481,775
37,NORMA-27342,776
37,NORMA-11141,777
37,NORMA-10548,778
37,NORMA-4513,779
37,NORMA-18853,780
37,NORMA-21118,781
37,NORMA-18236,782
37,NORMA-5605,783
37,NORMA-6235,784
37,NORMA-4912,785
37,NORMA-6017,786
37,NORMA-29003,787
37,NORMA-6346,788
37,NORMA-5868,789
37,NORMA-3557,790
37,NORMA-5897,791
37,NORMA-7736,792
37,NORMA-7213,793
37,NORMA-6401,794
37,NORMA-3970,795
37,NORMA-4831,796
37,NORMA-11082,797
37,NORMA-6577,798
37,NORMA-3473,799
37,NORMA-180,800
37,NORMA-3789,801
37,NORMA-4308,802
37,NORMA-20818,803
37,NORMA-10477,804
37,NORMA-4132,805
37,NORMA-5747,806
37,NORMA-12428,807
37,NORMA-8814,808
37,NORMA-6575,809
37,NORMA-4843,810
37,NORMA-5166,811
37,NORMA-3728,812
37,NORMA-5978,813
37,NORMA-18277,814
37,NORMA-21553,815
37,NORMA-6880,816
37,NORMA-25961,817
37,NORMA-15013,818
37,NORMA-8113,819
37,NORMA-7103,820
37,NORMA-6348,821
37,NORMA-6519,822
37,NORMA-6847,823
37,NORMA-5051,824
37,NORMA-4978,825
37,NORMA-4793,826
37,NORMA-10377,827
37,NORMA-6001,828
37,NORMA-3814,829
37,NORMA-5543,830
37,NORMA-20118,831
37,NORMA-9345,832
37,NORMA-7102,833
37,NORMA-5255,834
37,NORMA-4778,835
37,NORMA-3976,836
37,NORMA-3924,837
37,NORMA-4756,838
37,NORMA-4914,839
37,NORMA-3698,840
37,NORMA-3609,841
37,NORMA-15211,842
37,NORMA-11459,843
37,NORMA-26382,844
37,NORMA-10232,845
37,NORMA-7115,846
37,NORMA-7216,847
37,NORMA-5806,848
37,NORMA-5258,849
37,NORMA-5036,850
37,NORMA-4646,851
37,NORMA-4342,852
37,NORMA-3673,853
37,NORMA-21681,854
37,NORMA-21244,855
37,NORMA-26883,856
37,NORMA-12749,857
37,NORMA-7926,858
37,NORMA-7090,859
37,NORMA-6861,860
37,NORMA-7050,861
37,NORMA-5821,862
37,NORMA-5103,863
37,NORMA-5254,864
37,NORMA-3680,865
37,NORMA-3476,866
37,NORMA-4686,867
37,NORMA-6000,868
37,NORMA-5006,869
37,NORMA-4069,870
37,NORMA-4398,871
37,NORMA-4300,872
37,NORMA-4694,873
37,NORMA-5555,874
37,NORMA-21422,875
37,NORMA-27801,876
37,NORMA-23861,877
37,NORMA-21587,878
37,NORMA-11328,879
37,NORMA-10514,880
37,NORMA-9018,881
37,NORMA-8928,882
37,NORMA-6525,883
37,NORMA-6262,884
37,NORMA-5828,885
37,NORMA-4784,886
37,NORMA-4840,887
37,NORMA-4338,888
37,NORMA-3679,889
37,NORMA-4450,890
37,NORMA-5549,891
37,NORMA-4693,892
37,NORMA-4692,893
37,NORMA-3633,894
37,NORMA-3634,895
37,NORMA-8002,896
37,NORMA-4567,897
37,NORMA-13708,898
37,NORMA-26381,899
37,NORMA-26301,900
37,NORMA-15073,901
37,NORMA-9529,902
37,NORMA-9561,903
37,NORMA-7432,904
37,NORMA-4358,905
37,NORMA-5127,906
37,NORMA-4802,907
37,NORMA-7745,908
37,NORMA-5964,909
37,NORMA-3653,910
37,NORMA-4994,911
37,NORMA-5542,912
37,NORMA-4414,913
37,NORMA-4073,914
37,NORMA-4092,915
37,NORMA-5013,916
37,NORMA-4569,917
37,NORMA-5288,918
37,NORMA-3906,919
37,NORMA-5365,920
37,NORMA-19559,921
37,NORMA-20588,922
37,NORMA-19792,923
37,NORMA-6962,924
37,NORMA-29043,925
37,NORMA-26601,926
37,NORMA-26321,927
37,NORMA-26041,928
37,NORMA-24084,929
37,NORMA-13128,930
37,NORMA-14671,931
37,NORMA-10361,932
37,NORMA-8049,933
37,NORMA-7606,934
37,NORMA-6060,935
37,NORMA-4691,936
37,NORMA-5541,937
37,NORMA-4178,938
37,NORMA-4180,939
37,NORMA-5676,940
37,NORMA-5594,941
37,NORMA-3570,942
37,NORMA-3671,943
37,NORMA-4072,944
37,NORMA-4472,945
37,NORMA-3905,946
37,NORMA-3508,947
37,NORMA-4469,948
37,NORMA-5366,949
37,NORMA-6882,950
37,NORMA-26806,951
37,NORMA-12759,952
37,NORMA-11304,953
37,NORMA-9298,954
37,NORMA-7107,955
37,NORMA-5826,956
37,NORMA-5137,957
37,NORMA-5398,958
37,NORMA-5514,959
37,NORMA-4690,960
37,NORMA-6460,961
37,NORMA-4077,962
37,NORMA-4313,963
37,NORMA-4071,964
37,NORMA-5493,965
37,NORMA-3688,966
37,NORMA-5012,967
37,NORMA-3822,968
37,NORMA-20652,969
37,NORMA-5734,970
37,NORMA-12542,971
37,NORMA-14140,972
37,NORMA-11235,973
37,NORMA-6191,974
37,NORMA-4460,975
37,NORMA-5497,976
37,NORMA-4125,977
37,NORMA-4090,978
37,NORMA-7448,979
37,NORMA-5740,980
37,NORMA-10709,981
37,NORMA-11547,982
37,NORMA-9596,983
37,NORMA-7446,984
37,NORMA-5035,985
37,NORMA-3515,986
37,NORMA-3964,987
37,NORMA-5432,988
37,NORMA-4420,989
37,NORMA-6786,990
37,NORMA-19761,991
37,NORMA-7303,992
37,NORMA-20964,993
37,NORMA-29655,994
37,NORMA-9271,995
37,NORMA-2425,996
37,NORMA-6274,997
37,NORMA-21558,998
37,NORMA-12202,999
37,NORMA-11205,1000
38,NORMA-21508,1
38,NORMA-229,2
38,NORMA-26124,3
38,NORMA-22101,4
38,NORMA-21456,5
38,NORMA-19977,6
38,NORMA-974,7
38,NORMA-21245,8
38,NORMA-1463,9
38,NORMA-7279,10
38,NORMA-15561,11
38,NORMA-21650,12
38,NORMA-19609,13
38,NORMA-2158,14
38,NORMA-19933,15
38,NORMA-20096,16
38,NORMA-2517,17
38,NORMA-20070,18
38,NORMA-1740,19
38,NORMA-3241,20
38,NORMA-28362,21
38,NORMA-19009,22
38,NORMA-18591,23
38,NORMA-1663,24
38,NORMA-18293,25
38,NORMA-704,26
38,NORMA-19542,27
38,NORMA-21496,28
38,NORMA-1471,29
38,NORMA-20849,30
38,NORMA-19947,31
38,NORMA-15921,32
38,NORMA-21705,33
38,NORMA-20869,34
38,NORMA-15901,35
38,NORMA-20208,36
38,NORMA-20425,37
38,NORMA-20210,38
38,NORMA-21626,39
38,NORMA-19096,40
38,NORMA-1573,41
38,NORMA-21159,42
38,NORMA-20917,43
38,NORMA-13138,44
38,NORMA-21429,45
38,NORMA-21550,46
38,NORMA-19798,47
38,NORMA-18385,48
38,NORMA-19919,49
38,NORMA-20029,50
38,NORMA-22941,51
38,NORMA-6669,52
38,NORMA-61,53
38,NORMA-802,54
38,NORMA-772,55
38,NORMA-11599,56
38,NORMA-59,57
38,NORMA-11655,58
38,NORMA-801,59
38,NORMA-2185,60
38,NORMA-14239,61
38,NORMA-660,62
38,NORMA-1611,63
38,NORMA-554,64
38,NORMA-21023,65
38,NORMA-20865,66
38,NORMA-1421,67
38,NORMA-2013,68
38,NORMA-19787,69
38,NORMA-1317,70
38,NORMA-11751,71
38,NORMA-21437,72
38,NORMA-20189,73
38,NORMA-1516,74
38,NORMA-1994,75
38,NORMA-19352,76
38,NORMA-3638,77
38,NORMA-18350,78
38,NORMA-13508,79
38,NORMA-19853,80
38,NORMA-2184,81
38,NORMA-9893,82
38,NORMA-21544,83
38,NORMA-18549,84
38,NORMA-835,85
38,NORMA-14898,86
38,NORMA-18207,87
38,NORMA-6698,88
38,NORMA-20194,89
38,NORMA-19981,90
38,NORMA-21367,91
38,NORMA-6636,92
38,NORMA-9481,93
38,NORMA-1175,94
38,NORMA-1534,95
38,NORMA-20205,96
38,NORMA-18286,97
38,NORMA-783,98
38,NORMA-7149,99
38,NORMA-14459,100
38,NORMA-25523,101
38,NORMA-11588,102
38,NORMA-15521,103
38,NORMA-9834,104
38,NORMA-6185,105
38,NORMA-15237,106
38,NORMA-21739,107
38,NORMA-8522,108
38,NORMA-6856,109
38,NORMA-19621,110
38,NORMA-20184,111
38,NORMA-21530,112
38,NORMA-21661,113
38,NORMA-19557,114
38,NORMA-17321,115
38,NORMA-19632,116
38,NORMA-27501,117
38,NORMA-19297,118
38,NORMA-7525,119
38,NORMA-19039,120
38,NORMA-6645,121
38,NORMA-6621,122
38,NORMA-6318,123
38,NORMA-19646,124
38,NORMA-9382,125
38,NORMA-13195,126
38,NORMA-19573,127
38,NORMA-12089,128
38,NORMA-33288,129
38,NORMA-3642,130
38,NORMA-12886,131
38,NORMA-27761,132
38,NORMA-33308,133
38,NORMA-423,134
38,NORMA-2089,135
38,NORMA-5421,136
38,NORMA-18741,137
38,NORMA-15060,138
38,NORMA-11735,139
38,NORMA-28001,140
38,NORMA-20408,141
38,NORMA-19351,142
38,NORMA-21211,143
38,NORMA-20902,144
38,NORMA-21756,145
38,NORMA-20065,146
38,NORMA-21220,147
38,NORMA-9792,148
38,NORMA-3381,149
38,NORMA-21157,150
38,NORMA-6958,151
38,NORMA-14279,152
38,NORMA-18303,153
38,NORMA-18933,154
38,NORMA-3201,155
38,NORMA-19596,156
38,NORMA-6082,157
38,NORMA-21114,158
38,NORMA-14788,159
38,NORMA-21762,160
38,NORMA-7241,161
38,NORMA-20569,162
38,NORMA-12113,163
38,NORMA-1171,164
38,NORMA-21683,165
38,NORMA-28181,166
38,NORMA-20708,167
38,NORMA-20185,168
38,NORMA-7022,169
38,NORMA-15004,170
38,NORMA-21012,171
38,NORMA-217,172
38,NORMA-16202,173
38,NORMA-26102,174
38,NORMA-8814,175
38,NORMA-21684,176
38,NORMA-11621,177
38,NORMA-19459,178
38,NORMA-6962,179
38,NORMA-594,180
38,NORMA-19431,181
38,NORMA-6199,182
38,NORMA-13954,183
38,NORMA-20091,184
38,NORMA-332,185
38,NORMA-21625,186
38,NORMA-21152,187
38,NORMA-21310,188
38,NORMA-20186,189
38,NORMA-6268,190
38,NORMA-2546,191
38,NORMA-21224,192
38,NORMA-20985,193
38,NORMA-20995,194
38,NORMA-11614,195
38,NORMA-6257,196
38,NORMA-9835,197
38,NORMA-15211,198
38,NORMA-29005,199
38,NORMA-6955,200
38,NORMA-20999,201
38,NORMA-20677,202
38,NORMA-31904,203
38,NORMA-12067,204
38,NORMA-19152,205
38,NORMA-13158,206
38,NORMA-15542,207
38,NORMA-18780,208
38,NORMA-20870,209
38,NORMA-20206,210
38,NORMA-1613,211
38,NORMA-6321,212
38,NORMA-6644,213
38,NORMA-13469,214
38,NORMA-21784,215
38,NORMA-219,216
38,NORMA-878,217
38,NORMA-220,218
38,NORMA-6948,219
38,NORMA-13323,220
38,NORMA-20716,221
38,NORMA-13345,222
38,NORMA-21752,223
38,NORMA-18201,224
38,NORMA-21264,225
38,NORMA-8027,226
38,NORMA-18981,227
38,NORMA-14850,228
38,NORMA-228,229
38,NORMA-21253,230
38,NORMA-560,231
38,NORMA-20811,232
38,NORMA-26201,233
38,NORMA-19650,234
38,NORMA-15541,235
38,NORMA-21158,236
38,NORMA-28422,237
38,NORMA-20197,238
38,NORMA-21695,239
38,NORMA-19928,240
38,NORMA-18554,241
38,NORMA-21553,242
38,NORMA-14937,243
38,NORMA-7390,244
38,NORMA-15881,245
38,NORMA-587,246
38,NORMA-6954,247
38,NORMA-754,248
38,NORMA-19730,249
38,NORMA-21313,250
38,NORMA-8028,251
38,NORMA-588,252
38,NORMA-8384,253
38,NORMA-19092,254
38,NORMA-19634,255
38,NORMA-9823,256
38,NORMA-21588,257
38,NORMA-19103,258
38,NORMA-14688,259
38,NORMA-4710,260
38,NORMA-6488,261
38,NORMA-15229,262
38,NORMA-19617,263
38,NORMA-21651,264
38,NORMA-2563,265
38,NORMA-20397,266
38,NORMA-21484,267
38,NORMA-18359,268
38,NORMA-21521,269
38,NORMA-854,270
38,NORMA-19553,271
38,NORMA-18858,272
38,NORMA-6783,273
38,NORMA-34,274
38,NORMA-20871,275
38,NORMA-20432,276
38,NORMA-20857,277
38,NORMA-21218,278
38,NORMA-13106,279
38,NORMA-28961,280
38,NORMA-20803,281
38,NORMA-21260,282
38,NORMA-19128,283
38,NORMA-6641,284
38,NORMA-18669,285
38,NORMA-7222,286
38,NORMA-7113,287
38,NORMA-8435,288
38,NORMA-4091,289
38,NORMA-20966,290
38,NORMA-20813,291
38,NORMA-76,292
38,NORMA-19968,293
38,NORMA-21206,294
38,NORMA-20028,295
38,NORMA-10708,296
38,NORMA-18265,297
38,NORMA-21126,298
38,NORMA-21713,299
38,NORMA-9724,300
38,NORMA-18225,301
38,NORMA-7194,302
38,NORMA-21225,303
38,NORMA-20541,304
38,NORMA-20941,305
38,NORMA-28281,306
38,NORMA-20192,307
38,NORMA-18967,308
38,NORMA-7225,309
38,NORMA-20545,310
38,NORMA-7384,311
38,NORMA-19874,312
38,NORMA-82,313
38,NORMA-20914,314
38,NORMA-75,315
38,NORMA-7386,316
38,NORMA-20301,317
38,NORMA-21419,318
38,NORMA-20817,319
38,NORMA-208,320
38,NORMA-12657,321
38,NORMA-3281,322
38,NORMA-19095,323
38,NORMA-3819,324
38,NORMA-18412,325
38,NORMA-20135,326
38,NORMA-10994,327
38,NORMA-18747,328
38,NORMA-21648,329
38,NORMA-5536,330
38,NORMA-92,331
38,NORMA-6140,332
38,NORMA-19562,333
38,NORMA-11417,334
38,NORMA-21226,335
38,NORMA-1620,336
38,NORMA-12872,337
38,NORMA-14814,338
38,NORMA-4586,339
38,NORMA-9821,340
38,NORMA-15701,341
38,NORMA-21113,342
38,NORMA-18436,343
38,NORMA-9297,344
38,NORMA-18646,345
38,NORMA-21384,346
38,NORMA-20793,347
38,NORMA-14661,348
38,NORMA-509,349
38,NORMA-12664,350
38,NORMA-8119,351
38,NORMA-19205,352
38,NORMA-20590,353
38,NORMA-11164,354
38,NORMA-11496,355
38,NORMA-6083,356
38,NORMA-18223,357
38,NORMA-18979,358
38,NORMA-222,359
38,NORMA-21217,360
38,NORMA-12169,361
38,NORMA-18325,362
38,NORMA-19155,363
38,NORMA-923,364
38,NORMA-21694,365
38,NORMA-21678,366
38,NORMA-60,367
38,NORMA-558,368
38,NORMA-417,369
38,NORMA-18690,370
38,NORMA-18583,371
38,NORMA-578,372
38,NORMA-13160,373
38,NORMA-19638,374
38,NORMA-21147,375
38,NORMA-19574,376
38,NORMA-20602,377
38,NORMA-13480,378
38,NORMA-13864,379
38,NORMA-25862,380
38,NORMA-21589,381
38,NORMA-20873,382
38,NORMA-4314,383
38,NORMA-207,384
38,NORMA-11759,385
38,NORMA-26701,386
38,NORMA-21721,387
38,NORMA-14463,388
38,NORMA-8772,389
38,NORMA-10117,390
38,NORMA-21526,391
38,NORMA-1965,392
38,NORMA-19561,393
38,NORMA-21744,394
38,NORMA-18816,395
38,NORMA-10975,396
38,NORMA-18333,397
38,NORMA-11272,398
38,NORMA-6509,399
38,NORMA-7651,400
38,NORMA-19684,401
38,NORMA-11684,402
38,NORMA-5361,403
38,NORMA-10797,404
38,NORMA-9457,405
38,NORMA-19295,406
38,NORMA-19387,407
38,NORMA-12588,408
38,NORMA-19845,409
38,NORMA-7110,410
38,NORMA-11198,411
38,NORMA-21524,412
38,NORMA-4278,413
38,NORMA-4818,414
38,NORMA-1999,415
38,NORMA-20183,416
38,NORMA-12663,417
38,NORMA-20195,418
38,NORMA-1341,419
38,NORMA-19842,420
38,NORMA-19408,421
38,NORMA-7381,422
38,NORMA-19221,423
38,NORMA-209,424
38,NORMA-18922,425
38,NORMA-19275,426
38,NORMA-19715,427
38,NORMA-18706,428
38,NORMA-18746,429
38,NORMA-18631,430
38,NORMA-2455,431
38,NORMA-2032,432
38,NORMA-20796,433
38,NORMA-18528,434
38,NORMA-3571,435
38,NORMA-1222,436
38,NORMA-14673,437
38,NORMA-21090,438
38,NORMA-834,439
38,NORMA-21231,440
38,NORMA-15581,441
38,NORMA-19593,442
38,NORMA-938,443
38,NORMA-18818,444
38,NORMA-21554,445
38,NORMA-15882,446
38,NORMA-20402,447
38,NORMA-14099,448
38,NORMA-11793,449
38,NORMA-19172,450
38,NORMA-11664,451
38,NORMA-36,452
38,NORMA-19649,453
38,NORMA-6752,454
38,NORMA-21776,455
38,NORMA-6203,456
38,NORMA-21459,457
38,NORMA-19245,458
38,NORMA-19384,459
38,NORMA-12858,460
38,NORMA-20971,461
38,NORMA-20557,462
38,NORMA-396,463
38,NORMA-21069,464
38,NORMA-20993,465
38,NORMA-11739,466
38,NORMA-21462,467
38,NORMA-18722,468
38,NORMA-19941,469
38,NORMA-20710,470
38,NORMA-27366,471
38,NORMA-20581,472
38,NORMA-28586,473
38,NORMA-25902,474
38,NORMA-20616,475
38,NORMA-19635,476
38,NORMA-20106,477
38,NORMA-3825,478
38,NORMA-20421,479
38,NORMA-18681,480
38,NORMA-19328,481
38,NORMA-10375,482
38,NORMA-19631,483
38,NORMA-8204,484
38,NORMA-20840,485
38,NORMA-13473,486
38,NORMA-23881,487
38,NORMA-3382,488
38,NORMA-10629,489
38,NORMA-20336,490
38,NORMA-4515,491
38,NORMA-1024,492
38,NORMA-11791,493
38,NORMA-21606,494
38,NORMA-13771,495
38,NORMA-18952,496
38,NORMA-18337,497
38,NORMA-483,498
38,NORMA-8773,499
38,NORMA-4587,500
38,NORMA-19799,501
38,NORMA-11665,502
38,NORMA-6249,503
38,NORMA-18411,504
38,NORMA-1535,505
38,NORMA-3510,506
38,NORMA-19644,507
38,NORMA-1147,508
38,NORMA-1250,509
38,NORMA-21003,510
38,NORMA-18541,511
38,NORMA-21267,512
38,NORMA-19391,513
38,NORMA-21254,514
38,NORMA-6354,515
38,NORMA-595,516
38,NORMA-616,517
38,NORMA-21446,518
38,NORMA-1578,519
38,NORMA-15208,520
38,NORMA-5853,521
38,NORMA-19343,522
38,NORMA-21563,523
38,NORMA-5417,524
38,NORMA-10041,525
38,NORMA-20448,526
38,NORMA-19651,527
38,NORMA-18356,528
38,NORMA-1141,529
38,NORMA-21173,530
38,NORMA-21631,531
38,NORMA-18432,532
38,NORMA-19871,533
38,NORMA-20204,534
38,NORMA-21063,535
38,NORMA-6758,536
38,NORMA-19520,537
38,NORMA-7280,538
38,NORMA-2126,539
38,NORMA-6084,540
38,NORMA-16941,541
38,NORMA-231,542
38,NORMA-18439,543
38,NORMA-18963,544
38,NORMA-11418,545
38,NORMA-8938,546
38,NORMA-4906,547
38,NORMA-20172,548
38,NORMA-21595,549
38,NORMA-21215,550
38,NORMA-19292,551
38,NORMA-13990,552
38,NORMA-20179,553
38,NORMA-21691,554
38,NORMA-18492,555
38,NORMA-21783,556
38,NORMA-21768,557
38,NORMA-20423,558
38,NORMA-412,559
38,NORMA-19629,560
38,NORMA-20182,561
38,NORMA-1183,562
38,NORMA-4588,563
38,NORMA-21382,564
38,NORMA-462,565
38,NORMA-18838,566
38,NORMA-20077,567
38,NORMA-20224,568
38,NORMA-10821,569
38,NORMA-21233,570
38,NORMA-5495,571
38,NORMA-6505,572
38,NORMA-19953,573
38,NORMA-21461,574
38,NORMA-972,575
38,NORMA-20253,576
38,NORMA-20894,577
38,NORMA-8774,578
38,NORMA-11086,579
38,NORMA-4926,580
38,NORMA-15272,581
38,NORMA-2005,582
38,NORMA-19647,583
38,NORMA-3181,584
38,NORMA-20989,585
38,NORMA-11864,586
38,NORMA-20558,587
38,NORMA-6629,588
38,NORMA-18233,589
38,NORMA-20072,590
38,NORMA-10878,591
38,NORMA-4631,592
38,NORMA-13534,593
38,NORMA-12027,594
38,NORMA-13918,595
38,NORMA-20202,596
38,NORMA-11798,597
38,NORMA-9595,598
38,NORMA-14874,599
38,NORMA-3511,600
38,NORMA-19010,601
38,NORMA-6595,602
38,NORMA-20292,603
38,NORMA-13552,604
38,NORMA-18915,605
38,NORMA-13470,606
38,NORMA-20303,607
38,NORMA-19212,608
38,NORMA-21028,609
38,NORMA-20440,610
38,NORMA-18205,611
38,NORMA-20453,612
38,NORMA-6256,613
38,NORMA-13671,614
38,NORMA-20797,615
38,NORMA-20167,616
38,NORMA-18823,617
38,NORMA-12235,618
38,NORMA-6316,619
38,NORMA-19643,620
38,NORMA-11776,621
38,NORMA-7012,622
38,NORMA-309,623
38,NORMA-20859,624
38,NORMA-18992,625
38,NORMA-20188,626
38,NORMA-21236,627
38,NORMA-6895,628
38,NORMA-27063,629
38,NORMA-27044,630
38,NORMA-2723,631
38,NORMA-12237,632
38,NORMA-21046,633
38,NORMA-17201,634
38,NORMA-20836,635
38,NORMA-20443,636
38,NORMA-21609,637
38,NORMA-18530,638
38,NORMA-12049,639
38,NORMA-11561,640
38,NORMA-20426,641
38,NORMA-15603,642
38,NORMA-19597,643
38,NORMA-21479,644
38,NORMA-21537,645
38,NORMA-21139,646
38,NORMA-20494,647
38,NORMA-19655,648
38,NORMA-380,649
38,NORMA-21659,650
38,NORMA-19329,651
38,NORMA-18762,652
38,NORMA-14462,653
38,NORMA-14302,654
38,NORMA-11087,655
38,NORMA-11470,656
38,NORMA-20706,657
38,NORMA-18796,658
38,NORMA-21607,659
38,NORMA-21717,660
38,NORMA-11882,661
38,NORMA-6957,662
38,NORMA-6880,663
38,NORMA-21790,664
38,NORMA-20053,665
38,NORMA-6881,666
38,NORMA-18474,667
38,NORMA-981,668
38,NORMA-6701,669
38,NORMA-1422,670
38,NORMA-6643,671
38,NORMA-5170,672
38,NORMA-19962,673
38,NORMA-11760,674
38,NORMA-12019,675
38,NORMA-18213,676
38,NORMA-2551,677
38,NORMA-1863,678
38,NORMA-18815,679
38,NORMA-3001,680
38,NORMA-20103,681
38,NORMA-19948,682
38,NORMA-9888,683
38,NORMA-21232,684
38,NORMA-11556,685
38,NORMA-12092,686
38,NORMA-12005,687
38,NORMA-833,688
38,NORMA-19444,689
38,NORMA-11768,690
38,NORMA-13586,691
38,NORMA-3820,692
38,NORMA-19822,693
38,NORMA-18988,694
38,NORMA-18378,695
38,NORMA-602,696
38,NORMA-13472,697
38,NORMA-503,698
38,NORMA-12102,699
38,NORMA-13298,700
38,NORMA-19704,701
38,NORMA-19792,702
38,NORMA-11570,703
38,NORMA-21286,704
38,NORMA-21228,705
38,NORMA-12038,706
38,NORMA-18685,707
38,NORMA-19640,708
38,NORMA-33728,709
38,NORMA-20854,710
38,NORMA-5925,711
38,NORMA-21366,712
38,NORMA-25722,713
38,NORMA-11757,714
38,NORMA-3577,715
38,NORMA-6181,716
38,NORMA-20909,717
38,NORMA-12048,718
38,NORMA-19571,719
38,NORMA-11472,720
38,NORMA-4219,721
38,NORMA-15242,722
38,NORMA-21110,723
38,NORMA-13218,724
38,NORMA-21342,725
38,NORMA-21655,726
38,NORMA-18446,727
38,NORMA-11804,728
38,NORMA-18691,729
38,NORMA-14746,730
38,NORMA-10309,731
38,NORMA-20945,732
38,NORMA-21244,733
38,NORMA-6623,734
38,NORMA-21702,735
38,NORMA-20322,736
38,NORMA-27687,737
38,NORMA-20209,738
38,NORMA-18806,739
38,NORMA-567,740
38,NORMA-9785,741
38,NORMA-5496,742
38,NORMA-27364,743
38,NORMA-9358,744
38,NORMA-385,745
38,NORMA-10865,746
38,NORMA-14890,747
38,NORMA-20904,748
38,NORMA-21699,749
38,NORMA-21175,750
38,NORMA-570,751
38,NORMA-6075,752
38,NORMA-6757,753
38,NORMA-3821,754
38,NORMA-14985,755
38,NORMA-27062,756
38,NORMA-21241,757
38,NORMA-19330,758
38,NORMA-5360,759
38,NORMA-19942,760
38,NORMA-10123,761
38,NORMA-211,762
38,NORMA-20435,763
38,NORMA-1398,764
38,NORMA-11627,765
38,NORMA-2269,766
38,NORMA-19658,767
38,NORMA-18248,768
38,NORMA-11715,769
38,NORMA-6630,770
38,NORMA-749,771
38,NORMA-20802,772
38,NORMA-21386,773
38,NORMA-7027,774
38,NORMA-12859,775
38,NORMA-18394,776
38,NORMA-14293,777
38,NORMA-21404,778
38,NORMA-12094,779
38,NORMA-21608,780
38,NORMA-4909,781
38,NORMA-12020,782
38,NORMA-21523,783
38,NORMA-6627,784
38,NORMA-21052,785
38,NORMA-21029,786
38,NORMA-18306,787
38,NORMA-11419,788
38,NORMA-8442,789
38,NORMA-21238,790
38,NORMA-12867,791
38,NORMA-21043,792
38,NORMA-10116,793
38,NORMA-21086,794
38,NORMA-1433,795
38,NORMA-479,796
38,NORMA-729,797
38,NORMA-21622,798
38,NORMA-27064,799
38,NORMA-5335,800
38,NORMA-159,801
38,NORMA-21515,802
38,NORMA-11236,803
38,NORMA-11085,804
38,NORMA-1567,805
38,NORMA-8205,806
38,NORMA-18697,807
38,NORMA-21239,808
38,NORMA-865,809
38,NORMA-19859,810
38,NORMA-10843,811
38,NORMA-21538,812
38,NORMA-26003,813
38,NORMA-20554,814
38,NORMA-12172,815
38,NORMA-966,816
38,NORMA-27045,817
38,NORMA-30043,818
38,NORMA-27363,819
38,NORMA-6967,820
38,NORMA-18577,821
38,NORMA-20891,822
38,NORMA-14294,823
38,NORMA-21624,824
38,NORMA-21256,825
38,NORMA-20314,826
38,NORMA-21402,827
38,NORMA-1361,828
38,NORMA-20329,829
38,NORMA-19169,830
38,NORMA-11594,831
38,NORMA-14508,832
38,NORMA-20583,833
38,NORMA-18978,834
38,NORMA-21634,835
38,NORMA-20334,836
38,NORMA-11474,837
38,NORMA-11527,838
38,NORMA-11597,839
38,NORMA-20852,840
38,NORMA-13056,841
38,NORMA-20885,842
38,NORMA-12006,843
38,NORMA-281,844
38,NORMA-4820,845
38,NORMA-21247,846
38,NORMA-20321,847
38,NORMA-12014,848
38,NORMA-12234,849
38,NORMA-21163,850
38,NORMA-6253,851
38,NORMA-3979,852
38,NORMA-903,853
38,NORMA-124,854
38,NORMA-23521,855
38,NORMA-27384,856
38,NORMA-19727,857
38,NORMA-19281,858
38,NORMA-21020,859
38,NORMA-20474,860
38,NORMA-477,861
38,NORMA-14501,862
38,NORMA-18360,863
38,NORMA-12900,864
38,NORMA-12901,865
38,NORMA-21279,866
38,NORMA-7953,867
38,NORMA-21356,868
38,NORMA-18418,869
38,NORMA-1092,870
38,NORMA-838,871
38,NORMA-20700,872
38,NORMA-21249,873
38,NORMA-21418,874
38,NORMA-11476,875
38,NORMA-11454,876
38,NORMA-978,877
38,NORMA-20157,878
38,NORMA-20191,879
38,NORMA-21299,880
38,NORMA-23222,881
38,NORMA-1406,882
38,NORMA-21242,883
38,NORMA-20369,884
38,NORMA-4746,885
38,NORMA-11814,886
38,NORMA-11792,887
38,NORMA-19925,888
38,NORMA-20252,889
38,NORMA-2623,890
38,NORMA-12232,891
38,NORMA-20171,892
38,NORMA-19605,893
38,NORMA-13476,894
38,NORMA-18835,895
38,NORMA-24,896
38,NORMA-12099,897
38,NORMA-478,898
38,NORMA-18430,899
38,NORMA-5431,900
38,NORMA-24582,901
38,NORMA-19337,902
38,NORMA-8458,903
38,NORMA-1274,904
38,NORMA-20565,905
38,NORMA-21519,906
38,NORMA-21561,907
38,NORMA-20705,908
38,NORMA-18214,909
38,NORMA-29003,910
38,NORMA-807,911
38,NORMA-3824,912
38,NORMA-18379,913
38,NORMA-18803,914
38,NORMA-19211,915
38,NORMA-2981,916
38,NORMA-20762,917
38,NORMA-6343,918
38,NORMA-27001,919
38,NORMA-21025,920
38,NORMA-20923,921
38,NORMA-11528,922
38,NORMA-6764,923
38,NORMA-4514,924
38,NORMA-18435,925
38,NORMA-20561,926
38,NORMA-7011,927
38,NORMA-21434,928
38,NORMA-18936,929
38,NORMA-7025,930
38,NORMA-20241,931
38,NORMA-18605,932
38,NORMA-12035,933
38,NORMA-18825,934
38,NORMA-21269,935
38,NORMA-883,936
38,NORMA-10200,937
38,NORMA-20721,938
38,NORMA-18656,939
38,NORMA-19490,940
38,NORMA-19809,941
38,NORMA-4898,942
38,NORMA-4297,943
38,NORMA-21507,944
38,NORMA-11576,945
38,NORMA-18479,946
38,NORMA-12015,947
38,NORMA-20169,948
38,NORMA-19021,949
38,NORMA-6684,950
38,NORMA-12952,951
38,NORMA-4830,952
38,NORMA-2413,953
38,NORMA-18234,954
38,NORMA-9384,955
38,NORMA-21468,956
38,NORMA-11572,957
38,NORMA-27341,958
38,NORMA-20473,959
38,NORMA-11756,960
38,NORMA-19056,961
38,NORMA-10267,962
38,NORMA-18720,963
38,NORMA-20531,964
38,NORMA-13545,965
38,NORMA-20219,966
38,NORMA-27342,967
38,NORMA-20682,968
38,NORMA-19570,969
38,NORMA-317,970
38,NORMA-21500,971
38,NORMA-11857,972
38,NORMA-21527,973
38,NORMA-4394,974
38,NORMA-18660,975
38,NORMA-18511,976
38,NORMA-19875,977
38,NORMA-11316,978
38,NORMA-19061,979
38,NORMA-18654,980
38,NORMA-20316,981
38,NORMA-230,982
38,NORMA-21093,983
38,NORMA-5008,984
38,NORMA-20846,985
38,NORMA-20499,986
38,NORMA-11780,987
38,NORMA-20887,988
38,NORMA-21314,989
38,NORMA-28203,990
38,NORMA-21758,991
38,NORMA-21682,992
38,NORMA-19442,993
38,NORMA-20030,994
38,NORMA-11571,995
38,NORMA-19037,996
38,NORMA-21210,997
38,NORMA-1035,998
38,NORMA-21065,999
38,NORMA-12249,1000
40,NORMA-20204,1
40,NORMA-21606,2
40,NORMA-18217,3
40,NORMA-20693,4
40,NORMA-20698,5
40,NORMA-11226,6
40,NORMA-20739,7
40,NORMA-18802,8
40,NORMA-19378,9
40,NORMA-18434,10
40,NORMA-21135,11
40,NORMA-19602,12
40,NORMA-18274,13
40,NORMA-18816,14
40,NORMA-21046,15
40,NORMA-21286,16
40,NORMA-18306,17
40,NORMA-19682,18
40,NORMA-18424,19
40,NORMA-18863,20
40,NORMA-19192,21
40,NORMA-21152,22
40,NORMA-19942,23
40,NORMA-21159,24
40,NORMA-21608,25
40,NORMA-2413,26
40,NORMA-19473,27
40,NORMA-11756,28
40,NORMA-19546,29
40,NORMA-1597,30
40,NORMA-27687,31
40,NORMA-20948,32
40,NORMA-18823,33
40,NORMA-19468,34
40,NORMA-25964,35
40,NORMA-25902,36
40,NORMA-2523,37
40,NORMA-19358,38
40,NORMA-18502,39
40,NORMA-20253,40
40,NORMA-21199,41
40,NORMA-18291,42
40,NORMA-11757,43
40,NORMA-21783,44
40,NORMA-18803,45
40,NORMA-20787,46
40,NORMA-18204,47
40,NORMA-14113,48
40,NORMA-11474,49
40,NORMA-20188,50
40,NORMA-4531,51
40,NORMA-11527,52
40,NORMA-3494,53
40,NORMA-21698,54
40,NORMA-11596,55
40,NORMA-20941,56
40,NORMA-18273,57
40,NORMA-18295,58
40,NORMA-10029,59
40,NORMA-9871,60
40,NORMA-20963,61
40,NORMA-10044,62
40,NORMA-18286,63
40,NORMA-19701,64
40,NORMA-21147,65
40,NORMA-21398,66
40,NORMA-12952,67
40,NORMA-18729,68
40,NORMA-18562,69
40,NORMA-18414,70
40,NORMA-18843,71
40,NORMA-18819,72
40,NORMA-21547,73
40,NORMA-21300,74
40,NORMA-19371,75
40,NORMA-18380,76
40,NORMA-12631,77
40,NORMA-21150,78
40,NORMA-24905,79
40,NORMA-13547,80
40,NORMA-27550,81
40,NORMA-18842,82
40,NORMA-1945,83
40,NORMA-19014,84
40,NORMA-18955,85
40,NORMA-18264,86
40,NORMA-18298,87
40,NORMA-570,88
40,NORMA-18307,89
40,NORMA-20722,90
40,NORMA-12649,91
40,NORMA-13594,92
40,NORMA-18980,93
40,NORMA-20893,94
40,NORMA-18838,95
40,NORMA-18359,96
40,NORMA-11688,97
40,NORMA-6383,98
40,NORMA-18432,99
40,NORMA-11469,100
40,NORMA-21020,101
40,NORMA-14652,102
40,NORMA-18292,103
40,NORMA-21043,104
40,NORMA-19017,105
40,NORMA-8799,106
40,NORMA-6204,107
40,NORMA-11763,108
40,NORMA-18826,109
40,NORMA-6245,110
40,NORMA-26981,111
40,NORMA-893,112
40,NORMA-18249,113
40,NORMA-21343,114
40,NORMA-18344,115
40,NORMA-19515,116
40,NORMA-20058,117
40,NORMA-11686,118
40,NORMA-18230,119
40,NORMA-985,120
40,NORMA-12657,121
40,NORMA-11470,122
40,NORMA-11633,123
40,NORMA-2,124
40,NORMA-19471,125
40,NORMA-18214,126
40,NORMA-7241,127
40,NORMA-11853,128
40,NORMA-26,129
40,NORMA-11600,130
40,NORMA-2583,131
40,NORMA-18828,132
40,NORMA-11854,133
40,NORMA-10375,134
40,NORMA-8458,135
40,NORMA-18539,136
40,NORMA-778,137
40,NORMA-11472,138
40,NORMA-20182,139
40,NORMA-18548,140
40,NORMA-11857,141
40,NORMA-11796,142
40,NORMA-18356,143
40,NORMA-18224,144
40,NORMA-15662,145
40,NORMA-12017,146
40,NORMA-28466,147
40,NORMA-1,148
40,NORMA-10200,149
40,NORMA-28361,150
40,NORMA-11795,151
40,NORMA-11793,152
40,NORMA-11862,153
40,NORMA-11921,154
40,NORMA-18690,155
40,NORMA-20840,156
40,NORMA-18412,157
40,NORMA-18219,158
40,NORMA-11609,159
40,NORMA-8522,160
40,NORMA-12092,161
40,NORMA-11791,162
40,NORMA-27449,163
40,NORMA-7953,164
40,NORMA-11764,165
40,NORMA-7027,166
40,NORMA-12237,167
40,NORMA-3181,168
40,NORMA-11479,169
40,NORMA-5993,170
40,NORMA-21023,171
40,NORMA-11615,172
40,NORMA-12009,173
40,NORMA-19570,174
40,NORMA-18448,175
40,NORMA-18822,176
40,NORMA-21037,177
40,NORMA-17281,178
40,NORMA-602,179
40,NORMA-10629,180
40,NORMA-21206,181
40,NORMA-11779,182
40,NORMA-19903,183
40,NORMA-19622,184
40,NORMA-22001,185
40,NORMA-18798,186
40,NORMA-8159,187
40,NORMA-10140,188
40,NORMA-11665,189
40,NORMA-15603,190
40,NORMA-3642,191
40,NORMA-11735,192
40,NORMA-17321,193
40,NORMA-12437,194
40,NORMA-10154,195
40,NORMA-11476,196
40,NORMA-18206,197
40,NORMA-18379,198
40,NORMA-19206,199
40,NORMA-8773,200
40,NORMA-4587,201
40,NORMA-19406,202
40,NORMA-18446,203
40,NORMA-9646,204
40,NORMA-9072,205
40,NORMA-3962,206
40,NORMA-21238,207
40,NORMA-18788,208
40,NORMA-11263,209
40,NORMA-21533,210
40,NORMA-10331,211
40,NORMA-3638,212
40,NORMA-20950,213
40,NORMA-3001,214
40,NORMA-19969,215
40,NORMA-21446,216
40,NORMA-6755,217
40,NORMA-14666,218
40,NORMA-3482,219
40,NORMA-1092,220
40,NORMA-12020,221
40,NORMA-18773,222
40,NORMA-10119,223
40,NORMA-18501,224
40,NORMA-20300,225
40,NORMA-18378,226
40,NORMA-18436,227
40,NORMA-18377,228
40,NORMA-567,229
40,NORMA-18342,230
40,NORMA-21490,231
40,NORMA-18797,232
40,NORMA-18233,233
40,NORMA-21126,234
40,NORMA-18208,235
40,NORMA-4117,236
40,NORMA-18439,237
40,NORMA-4044,238
40,NORMA-12019,239
40,NORMA-18549,240
40,NORMA-21561,241
40,NORMA-21419,242
40,NORMA-10296,243
40,NORMA-3483,244
40,NORMA-19715,245
40,NORMA-18827,246
40,NORMA-8800,247
40,NORMA-18364,248
40,NORMA-18234,249
40,NORMA-21139,250
40,NORMA-10565,251
40,NORMA-9626,252
40,NORMA-20995,253
40,NORMA-18978,254
40,NORMA-10435,255
40,NORMA-10378,256
40,NORMA-20918,257
40,NORMA-18656,258
40,NORMA-10434,259
40,NORMA-5812,260
40,NORMA-21028,261
40,NORMA-11614,262
40,NORMA-18284,263
40,NORMA-7526,264
40,NORMA-4189,265
40,NORMA-23027,266
40,NORMA-14965,267
40,NORMA-18324,268
40,NORMA-6623,269
40,NORMA-4791,270
40,NORMA-29062,271
40,NORMA-7996,272
40,NORMA-14970,273
40,NORMA-19629,274
40,NORMA-13389,275
40,NORMA-18806,276
40,NORMA-1485,277
40,NORMA-1365,278
40,NORMA-19523,279
40,NORMA-12777,280
40,NORMA-7094,281
40,NORMA-5968,282
40,NORMA-6268,283
40,NORMA-12771,284
40,NORMA-11798,285
40,NORMA-18444,286
40,NORMA-11664,287
40,NORMA-11739,288
40,NORMA-7149,289
40,NORMA-9855,290
40,NORMA-3735,291
40,NORMA-21158,292
40,NORMA-12172,293
40,NORMA-24102,294
40,NORMA-22822,295
40,NORMA-20796,296
40,NORMA-14345,297
40,NORMA-4634,298
40,NORMA-4242,299
40,NORMA-20080,300
40,NORMA-19983,301
40,NORMA-18360,302
40,NORMA-13995,303
40,NORMA-7556,304
40,NORMA-6242,305
40,NORMA-20425,306
40,NORMA-23941,307
40,NORMA-11086,308
40,NORMA-7110,309
40,NORMA-18772,310
40,NORMA-18605,311
40,NORMA-11913,312
40,NORMA-12235,313
40,NORMA-11805,314
40,NORMA-19233,315
40,NORMA-10146,316
40,NORMA-8814,317
40,NORMA-18577,318
40,NORMA-13229,319
40,NORMA-27924,320
40,NORMA-1567,321
40,NORMA-12685,322
40,NORMA-13552,323
40,NORMA-15027,324
40,NORMA-12094,325
40,NORMA-18207,326
40,NORMA-7320,327
40,NORMA-18706,328
40,NORMA-11599,329
40,NORMA-18301,330
40,NORMA-20301,331
40,NORMA-11855,332
40,NORMA-6895,333
40,NORMA-27063,334
40,NORMA-6256,335
40,NORMA-7525,336
40,NORMA-18630,337
40,NORMA-18528,338
40,NORMA-18668,339
40,NORMA-19655,340
40,NORMA-20989,341
40,NORMA-19329,342
40,NORMA-14302,343
40,NORMA-21157,344
40,NORMA-18223,345
40,NORMA-11792,346
40,NORMA-19658,347
40,NORMA-7012,348
40,NORMA-18430,349
40,NORMA-21784,350
40,NORMA-20817,351
40,NORMA-12911,352
40,NORMA-20854,353
40,NORMA-20692,354
40,NORMA-18722,355
40,NORMA-20069,356
40,NORMA-21408,357
40,NORMA-13772,358
40,NORMA-12005,359
40,NORMA-19529,360
40,NORMA-19564,361
40,NORMA-20138,362
40,NORMA-5381,363
40,NORMA-20191,364
40,NORMA-24661,365
40,NORMA-21255,366
40,NORMA-6505,367
40,NORMA-19128,368
40,NORMA-20793,369
40,NORMA-20423,370
40,NORMA-15045,371
40,NORMA-23682,372
40,NORMA-12170,373
40,NORMA-20789,374
40,NORMA-31903,375
40,NORMA-19574,376
40,NORMA-14542,377
40,NORMA-4631,378
40,NORMA-19621,379
40,NORMA-11790,380
40,NORMA-11920,381
40,NORMA-21776,382
40,NORMA-7011,383
40,NORMA-14744,384
40,NORMA-11631,385
40,NORMA-15211,386
40,NORMA-14501,387
40,NORMA-15339,388
40,NORMA-14508,389
40,NORMA-14937,390
40,NORMA-13056,391
40,NORMA-19343,392
40,NORMA-12490,393
40,NORMA-21256,394
40,NORMA-4477,395
40,NORMA-838,396
40,NORMA-19019,397
40,NORMA-18345,398
40,NORMA-20241,399
40,NORMA-19651,400
40,NORMA-12900,401
40,NORMA-12901,402
40,NORMA-19181,403
40,NORMA-20238,404
40,NORMA-12030,405
40,NORMA-19915,406
40,NORMA-21239,407
40,NORMA-12103,408
40,NORMA-13918,409
40,NORMA-19061,410
40,NORMA-12067,411
40,NORMA-13470,412
40,NORMA-20800,413
40,NORMA-12171,414
40,NORMA-21278,415
40,NORMA-27044,416
40,NORMA-21217,417
40,NORMA-21767,418
40,NORMA-21755,419
40,NORMA-20869,420
40,NORMA-20239,421
40,NORMA-19583,422
40,NORMA-8575,423
40,NORMA-14746,424
40,NORMA-21461,425
40,NORMA-12099,426
40,NORMA-21550,427
40,NORMA-19281,428
40,NORMA-18332,429
40,NORMA-18352,430
40,NORMA-21526,431
40,NORMA-11804,432
40,NORMA-2691,433
40,NORMA-27364,434
40,NORMA-18653,435
40,NORMA-6958,436
40,NORMA-20968,437
40,NORMA-18269,438
40,NORMA-21389,439
40,NORMA-11740,440
40,NORMA-6880,441
40,NORMA-18799,442
40,NORMA-18474,443
40,NORMA-3979,444
40,NORMA-18222,445
40,NORMA-21499,446
40,NORMA-19909,447
40,NORMA-18225,448
40,NORMA-21312,449
40,NORMA-425,450
40,NORMA-6321,451
40,NORMA-6644,452
40,NORMA-19394,453
40,NORMA-19777,454
40,NORMA-21676,455
40,NORMA-13158,456
40,NORMA-5170,457
40,NORMA-19096,458
40,NORMA-6758,459
40,NORMA-18825,460
40,NORMA-6257,461
40,NORMA-6521,462
40,NORMA-13519,463
40,NORMA-20443,464
40,NORMA-9670,465
40,NORMA-12027,466
40,NORMA-20754,467
40,NORMA-26003,468
40,NORMA-6291,469
40,NORMA-20880,470
40,NORMA-9110,471
40,NORMA-7942,472
40,NORMA-20949,473
40,NORMA-26102,474
40,NORMA-10931,475
40,NORMA-21626,476
40,NORMA-18837,477
40,NORMA-21650,478
40,NORMA-20738,479
40,NORMA-19503,480
40,NORMA-19927,481
40,NORMA-11570,482
40,NORMA-20561,483
40,NORMA-18967,484
40,NORMA-19290,485
40,NORMA-11760,486
40,NORMA-19601,487
40,NORMA-18834,488
40,NORMA-20065,489
40,NORMA-19751,490
40,NORMA-31923,491
40,NORMA-18972,492
40,NORMA-27521,493
40,NORMA-6819,494
40,NORMA-13469,495
40,NORMA-19027,496
40,NORMA-18181,497
40,NORMA-20131,498
40,NORMA-6083,499
40,NORMA-21690,500
40,NORMA-6820,501
40,NORMA-20703,502
40,NORMA-29301,503
40,NORMA-20916,504
40,NORMA-19431,505
40,NORMA-18626,506
40,NORMA-21519,507
40,NORMA-18403,508
40,NORMA-20655,509
40,NORMA-23301,510
40,NORMA-24885,511
40,NORMA-18418,512
40,NORMA-20704,513
40,NORMA-12006,514
40,NORMA-20672,515
40,NORMA-6092,516
40,NORMA-19483,517
40,NORMA-18465,518
40,NORMA-6813,519
40,NORMA-6410,520
40,NORMA-20917,521
40,NORMA-28922,522
40,NORMA-28522,523
40,NORMA-11651,524
40,NORMA-6635,525
40,NORMA-28802,526
40,NORMA-28525,527
40,NORMA-28523,528
40,NORMA-14091,529
40,NORMA-12262,530
40,NORMA-18807,531
40,NORMA-19245,532
40,NORMA-28941,533
40,NORMA-28524,534
40,NORMA-27262,535
40,NORMA-27282,536
40,NORMA-12159,537
40,NORMA-12188,538
40,NORMA-6250,539
40,NORMA-6556,540
40,NORMA-6557,541
40,NORMA-20601,542
40,NORMA-18350,543
40,NORMA-28541,544
40,NORMA-27281,545
40,NORMA-23801,546
40,NORMA-23781,547
40,NORMA-12354,548
40,NORMA-18709,549
40,NORMA-28861,550
40,NORMA-10778,551
40,NORMA-25021,552
40,NORMA-14742,553
40,NORMA-19609,554
40,NORMA-6970,555
40,NORMA-689,556
40,NORMA-17701,557
40,NORMA-16961,558
40,NORMA-14178,559
40,NORMA-13422,560
40,NORMA-14870,561
40,NORMA-9482,562
40,NORMA-6667,563
40,NORMA-20284,564
40,NORMA-13584,565
40,NORMA-10365,566
40,NORMA-27541,567
40,NORMA-23242,568
40,NORMA-13119,569
40,NORMA-14517,570
40,NORMA-6183,571
40,NORMA-6814,572
40,NORMA-27542,573
40,NORMA-13912,574
40,NORMA-11654,575
40,NORMA-6666,576
40,NORMA-18381,577
40,NORMA-11508,578
40,NORMA-9867,579
40,NORMA-8871,580
40,NORMA-6776,581
40,NORMA-21249,582
40,NORMA-6344,583
40,NORMA-21522,584
40,NORMA-6651,585
40,NORMA-6951,586
40,NORMA-20671,587
40,NORMA-13214,588
40,NORMA-14636,589
40,NORMA-13883,590
40,NORMA-14429,591
40,NORMA-6170,592
40,NORMA-10621,593
40,NORMA-27761,594
40,NORMA-14208,595
40,NORMA-11780,596
40,NORMA-10692,597
40,NORMA-6021,598
40,NORMA-20050,599
40,NORMA-15328,600
40,NORMA-10925,601
40,NORMA-6180,602
40,NORMA-13463,603
40,NORMA-6622,604
40,NORMA-6558,605
40,NORMA-6665,606
40,NORMA-19111,607
40,NORMA-9969,608
40,NORMA-6766,609
40,NORMA-6488,610
40,NORMA-6188,611
40,NORMA-6251,612
40,NORMA-14643,613
40,NORMA-15150,614
40,NORMA-9866,615
40,NORMA-9026,616
40,NORMA-12081,617
40,NORMA-11652,618
40,NORMA-6950,619
40,NORMA-6177,620
40,NORMA-20248,621
40,NORMA-20137,622
40,NORMA-20730,623
40,NORMA-9972,624
40,NORMA-6592,625
40,NORMA-25621,626
40,NORMA-18985,627
40,NORMA-9870,628
40,NORMA-20982,629
40,NORMA-18747,630
40,NORMA-14090,631
40,NORMA-16202,632
40,NORMA-18796,633
40,NORMA-6599,634
40,NORMA-10529,635
40,NORMA-20810,636
40,NORMA-6186,637
40,NORMA-10741,638
40,NORMA-18836,639
40,NORMA-19391,640
40,NORMA-14627,641
40,NORMA-17061,642
40,NORMA-14759,643
40,NORMA-10039,644
40,NORMA-15069,645
40,NORMA-21183,646
40,NORMA-12345,647
40,NORMA-14562,648
40,NORMA-13884,649
40,NORMA-13738,650
40,NORMA-21218,651
40,NORMA-6189,652
40,NORMA-21431,653
40,NORMA-21616,654
40,NORMA-17684,655
40,NORMA-10342,656
40,NORMA-14676,657
40,NORMA-4500,658
40,NORMA-10693,659
40,NORMA-21276,660
40,NORMA-10364,661
40,NORMA-9968,662
40,NORMA-19077,663
40,NORMA-21194,664
40,NORMA-19379,665
40,NORMA-7390,666
40,NORMA-13458,667
40,NORMA-6598,668
40,NORMA-11653,669
40,NORMA-19295,670
40,NORMA-18540,671
40,NORMA-14089,672
40,NORMA-27001,673
40,NORMA-13202,674
40,NORMA-14951,675
40,NORMA-19186,676
40,NORMA-21475,677
40,NORMA-21085,678
40,NORMA-9837,679
40,NORMA-7664,680
40,NORMA-9869,681
40,NORMA-18541,682
40,NORMA-21386,683
40,NORMA-20119,684
40,NORMA-20863,685
40,NORMA-5536,686
40,NORMA-21270,687
40,NORMA-19919,688
40,NORMA-7280,689
40,NORMA-23521,690
40,NORMA-20865,691
40,NORMA-12048,692
40,NORMA-19553,693
40,NORMA-6253,694
40,NORMA-21515,695
40,NORMA-12492,696
40,NORMA-21367,697
40,NORMA-21418,698
40,NORMA-19603,699
40,NORMA-18637,700
40,NORMA-11774,701
40,NORMA-19940,702
40,NORMA-19704,703
40,NORMA-20098,704
40,NORMA-19561,705
40,NORMA-18552,706
40,NORMA-18697,707
40,NORMA-18546,708
40,NORMA-21220,709
40,NORMA-15237,710
40,NORMA-19562,711
40,NORMA-416,712
40,NORMA-1619,713
40,NORMA-417,714
40,NORMA-27121,715
40,NORMA-12197,716
40,NORMA-18435,717
40,NORMA-4711,718
40,NORMA-20597,719
40,NORMA-21267,720
40,NORMA-20376,721
40,NORMA-7022,722
40,NORMA-18527,723
40,NORMA-20887,724
40,NORMA-19351,725
40,NORMA-12038,726
40,NORMA-21535,727
40,NORMA-11882,728
40,NORMA-19408,729
40,NORMA-10309,730
40,NORMA-11512,731
40,NORMA-4075,732
40,NORMA-10041,733
40,NORMA-20904,734
40,NORMA-1665,735
40,NORMA-21143,736
40,NORMA-21788,737
40,NORMA-18554,738
40,NORMA-782,739
40,NORMA-18950,740
40,NORMA-15028,741
40,NORMA-11922,742
40,NORMA-18409,743
40,NORMA-11316,744
40,NORMA-2014,745
40,NORMA-19750,746
40,NORMA-19623,747
40,NORMA-1863,748
40,NORMA-11557,749
40,NORMA-12049,750
40,NORMA-18999,751
40,NORMA-1866,752
40,NORMA-18804,753
40,NORMA-21790,754
40,NORMA-11628,755
40,NORMA-21739,756
40,NORMA-28821,757
40,NORMA-20987,758
40,NORMA-6509,759
40,NORMA-18205,760
40,NORMA-5252,761
40,NORMA-20559,762
40,NORMA-10821,763
40,NORMA-20090,764
40,NORMA-19945,765
40,NORMA-19958,766
40,NORMA-18633,767
40,NORMA-21277,768
40,NORMA-1689,769
40,NORMA-7651,770
40,NORMA-20777,771
40,NORMA-122,772
40,NORMA-11569,773
40,NORMA-19264,774
40,NORMA-12246,775
40,NORMA-11870,776
40,NORMA-483,777
40,NORMA-9888,778
40,NORMA-21678,779
40,NORMA-3662,780
40,NORMA-21564,781
40,NORMA-10878,782
40,NORMA-9785,783
40,NORMA-4091,784
40,NORMA-21140,785
40,NORMA-21651,786
40,NORMA-18375,787
40,NORMA-20242,788
40,NORMA-18531,789
40,NORMA-19764,790
40,NORMA-5586,791
40,NORMA-18894,792
40,NORMA-11871,793
40,NORMA-20607,794
40,NORMA-21545,795
40,NORMA-20888,796
40,NORMA-11864,797
40,NORMA-9595,798
40,NORMA-27342,799
40,NORMA-11108,800
40,NORMA-21136,801
40,NORMA-19321,802
40,NORMA-18986,803
40,NORMA-18787,804
40,NORMA-20224,805
40,NORMA-11589,806
40,NORMA-11874,807
40,NORMA-20616,808
40,NORMA-11769,809
40,NORMA-12247,810
40,NORMA-19081,811
40,NORMA-18859,812
40,NORMA-13514,813
40,NORMA-19618,814
40,NORMA-25645,815
40,NORMA-4275,816
40,NORMA-18303,817
40,NORMA-21688,818
40,NORMA-1981,819
40,NORMA-21460,820
40,NORMA-11875,821
40,NORMA-9823,822
40,NORMA-19466,823
40,NORMA-7387,824
40,NORMA-19021,825
40,NORMA-18885,826
40,NORMA-2981,827
40,NORMA-18413,828
40,NORMA-20971,829
40,NORMA-21228,830
40,NORMA-19448,831
40,NORMA-18915,832
40,NORMA-10999,833
40,NORMA-12802,834
40,NORMA-2180,835
40,NORMA-30043,836
40,NORMA-20305,837
40,NORMA-19039,838
40,NORMA-6736,839
40,NORMA-1654,840
40,NORMA-20429,841
40,NORMA-21164,842
40,NORMA-7853,843
40,NORMA-21779,844
40,NORMA-20535,845
40,NORMA-19963,846
40,NORMA-19961,847
40,NORMA-20685,848
40,NORMA-18221,849
40,NORMA-19871,850
40,NORMA-20308,851
40,NORMA-20021,852
40,NORMA-21279,853
40,NORMA-3767,854
40,NORMA-15427,855
40,NORMA-20056,856
40,NORMA-2076,857
40,NORMA-18404,858
40,NORMA-18945,859
40,NORMA-19624,860
40,NORMA-11712,861
40,NORMA-13402,862
40,NORMA-19829,863
40,NORMA-24921,864
40,NORMA-1338,865
40,NORMA-20093,866
40,NORMA-15465,867
40,NORMA-6343,868
40,NORMA-21757,869
40,NORMA-20257,870
40,NORMA-20857,871
40,NORMA-21406,872
40,NORMA-7663,873
40,NORMA-6702,874
40,NORMA-11723,875
40,NORMA-20432,876
40,NORMA-11901,877
40,NORMA-5626,878
40,NORMA-12249,879
40,NORMA-18805,880
40,NORMA-10055,881
40,NORMA-11629,882
40,NORMA-10762,883
40,NORMA-6414,884
40,NORMA-995,885
40,NORMA-19330,886
40,NORMA-11668,887
40,NORMA-18768,888
40,NORMA-607,889
40,NORMA-20226,890
40,NORMA-1655,891
40,NORMA-10219,892
40,NORMA-21554,893
40,NORMA-11799,894
40,NORMA-20719,895
40,NORMA-1035,896
40,NORMA-20657,897
40,NORMA-6396,898
40,NORMA-12063,899
40,NORMA-18909,900
40,NORMA-17182,901
40,NORMA-19269,902
40,NORMA-18248,903
40,NORMA-1621,904
40,NORMA-20934,905
40,NORMA-21078,906
40,NORMA-20733,907
40,NORMA-21019,908
40,NORMA-11714,909
40,NORMA-20127,910
40,NORMA-19164,911
40,NORMA-11505,912
40,NORMA-21024,913
40,NORMA-20998,914
40,NORMA-12164,915
40,NORMA-18892,916
40,NORMA-18654,917
40,NORMA-12255,918
40,NORMA-12043,919
40,NORMA-19534,920
40,NORMA-14974,921
40,NORMA-7353,922
40,NORMA-18947,923
40,NORMA-12026,924
40,NORMA-19377,925
40,NORMA-21622,926
40,NORMA-21411,927
40,NORMA-1656,928
40,NORMA-19312,929
40,NORMA-20862,930
40,NORMA-480,931
40,NORMA-2603,932
40,NORMA-1718,933
40,NORMA-20924,934
40,NORMA-3824,935
40,NORMA-11813,936
40,NORMA-11806,937
40,NORMA-716,938
40,NORMA-21080,939
40,NORMA-143,940
40,NORMA-20369,941
40,NORMA-18496,942
40,NORMA-19528,943
40,NORMA-20721,944
40,NORMA-19531,945
40,NORMA-21521,946
40,NORMA-12018,947
40,NORMA-20702,948
40,NORMA-18237,949
40,NORMA-4818,950
40,NORMA-655,951
40,NORMA-970,952
40,NORMA-17461,953
40,NORMA-20644,954
40,NORMA-20677,955
40,NORMA-9681,956
40,NORMA-11776,957
40,NORMA-20303,958
40,NORMA-21450,959
40,NORMA-6948,960
40,NORMA-22241,961
40,NORMA-20079,962
40,NORMA-18858,963
40,NORMA-19328,964
40,NORMA-2649,965
40,NORMA-19568,966
40,NORMA-1583,967
40,NORMA-7272,968
40,NORMA-1349,969
40,NORMA-20212,970
40,NORMA-9067,971
40,NORMA-8027,972
40,NORMA-11627,973
40,NORMA-6366,974
40,NORMA-19088,975
40,NORMA-20567,976
40,NORMA-11872,977
40,NORMA-20632,978
40,NORMA-21471,979
40,NORMA-18763,980
40,NORMA-11767,981
40,NORMA-21792,982
40,NORMA-20223,983
40,NORMA-1851,984
40,NORMA-9821,985
40,NORMA-984,986
40,NORMA-18456,987
40,NORMA-19755,988
40,NORMA-20557,989
40,NORMA-18213,990
40,NORMA-21463,991
40,NORMA-20990,992
40,NORMA-7194,993
40,NORMA-20870,994
40,NORMA-3502,995
40,NORMA-11576,996
40,NORMA-20921,997
40,NORMA-11601,998
40,NORMA-4394,999
40,NORMA-20109,1000
41,NORMA-20927,1
41,NORMA-18385,2
41,NORMA-19853,3
41,NORMA-20869,4
41,NORMA-729,5
41,NORMA-24582,6
41,NORMA-1619,7
41,NORMA-2413,8
41,NORMA-1463,9
41,NORMA-416,10
41,NORMA-26701,11
41,NORMA-19977,12
41,NORMA-20870,13
41,NORMA-20635,14
41,NORMA-21090,15
41,NORMA-21158,16
41,NORMA-1516,17
41,NORMA-20515,18
41,NORMA-1965,19
41,NORMA-20159,20
41,NORMA-19571,21
41,NORMA-21012,22
41,NORMA-21168,23
41,NORMA-11614,24
41,NORMA-20627,25
41,NORMA-2461,26
41,NORMA-21192,27
41,NORMA-21521,28
41,NORMA-3381,29
41,NORMA-21446,30
41,NORMA-854,31
41,NORMA-8061,32
41,NORMA-6690,33
41,NORMA-18844,34
41,NORMA-7323,35
41,NORMA-22561,36
41,NORMA-802,37
41,NORMA-20639,38
41,NORMA-21321,39
41,NORMA-21676,40
41,NORMA-59,41
41,NORMA-20749,42
41,NORMA-21261,43
41,NORMA-660,44
41,NORMA-801,45
41,NORMA-2013,46
41,NORMA-21787,47
41,NORMA-2185,48
41,NORMA-1006,49
41,NORMA-20857,50
41,NORMA-1611,51
41,NORMA-21650,52
41,NORMA-554,53
41,NORMA-2981,54
41,NORMA-21687,55
41,NORMA-21466,56
41,NORMA-974,57
41,NORMA-20053,58
41,NORMA-19337,59
41,NORMA-15921,60
41,NORMA-20616,61
41,NORMA-704,62
41,NORMA-573,63
41,NORMA-19919,64
41,NORMA-20304,65
41,NORMA-20263,66
41,NORMA-11758,67
41,NORMA-20805,68
41,NORMA-11473,69
41,NORMA-18237,70
41,NORMA-578,71
41,NORMA-20571,72
41,NORMA-21496,73
41,NORMA-19609,74
41,NORMA-1024,75
41,NORMA-560,76
41,NORMA-261,77
41,NORMA-21164,78
41,NORMA-20336,79
41,NORMA-21755,80
41,NORMA-18803,81
41,NORMA-19933,82
41,NORMA-20682,83
41,NORMA-24961,84
41,NORMA-21023,85
41,NORMA-819,86
41,NORMA-588,87
41,NORMA-587,88
41,NORMA-1547,89
41,NORMA-385,90
41,NORMA-938,91
41,NORMA-1252,92
41,NORMA-1183,93
41,NORMA-20934,94
41,NORMA-1207,95
41,NORMA-20578,96
41,NORMA-20874,97
41,NORMA-2020,98
41,NORMA-21189,99
41,NORMA-20425,100
41,NORMA-595,101
41,NORMA-783,102
41,NORMA-1026,103
41,NORMA-21308,104
41,NORMA-2395,105
41,NORMA-188,106
41,NORMA-26885,107
41,NORMA-20886,108
41,NORMA-20785,109
41,NORMA-21497,110
41,NORMA-20691,111
41,NORMA-1740,112
41,NORMA-1674,113
41,NORMA-13296,114
41,NORMA-1352,115
41,NORMA-20774,116
41,NORMA-11615,117
41,NORMA-21367,118
41,NORMA-18216,119
41,NORMA-1361,120
41,NORMA-1175,121
41,NORMA-19080,122
41,NORMA-18233,123
41,NORMA-1171,124
41,NORMA-1421,125
41,NORMA-20728,126
41,NORMA-4316,127
41,NORMA-19883,128
41,NORMA-18799,129
41,NORMA-11776,130
41,NORMA-20182,131
41,NORMA-567,132
41,NORMA-20621,133
41,NORMA-18494,134
41,NORMA-210,135
41,NORMA-15901,136
41,NORMA-20619,137
41,NORMA-18732,138
41,NORMA-1996,139
41,NORMA-20786,140
41,NORMA-25722,141
41,NORMA-21624,142
41,NORMA-21655,143
41,NORMA-850,144
41,NORMA-31903,145
41,NORMA-19809,146
41,NORMA-21659,147
41,NORMA-20282,148
41,NORMA-20233,149
41,NORMA-11649,150
41,NORMA-14063,151
41,NORMA-1222,152
41,NORMA-18489,153
41,NORMA-20949,154
41,NORMA-15381,155
41,NORMA-12315,156
41,NORMA-18486,157
41,NORMA-18487,158
41,NORMA-12612,159
41,NORMA-18837,160
41,NORMA-21136,161
41,NORMA-11771,162
41,NORMA-21739,163
41,NORMA-21144,164
41,NORMA-11768,165
41,NORMA-18503,166
41,NORMA-20945,167
41,NORMA-15377,168
41,NORMA-20065,169
41,NORMA-14470,170
41,NORMA-27305,171
41,NORMA-1620,172
41,NORMA-20910,173
41,NORMA-20271,174
41,NORMA-1650,175
41,NORMA-20853,176
41,NORMA-3823,177
41,NORMA-21031,178
41,NORMA-1585,179
41,NORMA-11316,180
41,NORMA-11144,181
41,NORMA-1631,182
41,NORMA-21402,183
41,NORMA-2113,184
41,NORMA-5008,185
41,NORMA-11735,186
41,NORMA-20755,187
41,NORMA-15097,188
41,NORMA-1155,189
41,NORMA-12543,190
41,NORMA-19598,191
41,NORMA-14203,192
41,NORMA-12545,193
41,NORMA-15010,194
41,NORMA-15292,195
41,NORMA-14034,196
41,NORMA-13731,197
41,NORMA-12290,198
41,NORMA-15075,199
41,NORMA-12830,200
41,NORMA-13601,201
41,NORMA-15335,202
41,NORMA-13737,203
41,NORMA-6075,204
41,NORMA-14537,205
41,NORMA-13343,206
41,NORMA-12844,207
41,NORMA-11911,208
41,NORMA-12391,209
41,NORMA-14799,210
41,NORMA-12519,211
41,NORMA-21143,212
41,NORMA-23804,213
41,NORMA-23025,214
41,NORMA-17242,215
41,NORMA-17042,216
41,NORMA-13249,217
41,NORMA-12077,218
41,NORMA-15306,219
41,NORMA-13451,220
41,NORMA-11824,221
41,NORMA-20522,222
41,NORMA-24021,223
41,NORMA-15008,224
41,NORMA-19090,225
41,NORMA-21125,226
41,NORMA-14064,227
41,NORMA-19503,228
41,NORMA-23441,229
41,NORMA-17902,230
41,NORMA-13899,231
41,NORMA-12821,232
41,NORMA-14246,233
41,NORMA-12660,234
41,NORMA-14083,235
41,NORMA-14605,236
41,NORMA-15045,237
41,NORMA-23682,238
41,NORMA-19967,239
41,NORMA-13121,240
41,NORMA-13956,241
41,NORMA-15101,242
41,NORMA-12301,243
41,NORMA-14542,244
41,NORMA-29682,245
41,NORMA-24142,246
41,NORMA-23803,247
41,NORMA-16201,248
41,NORMA-13028,249
41,NORMA-13118,250
41,NORMA-14021,251
41,NORMA-11907,252
41,NORMA-14365,253
41,NORMA-14500,254
41,NORMA-14391,255
41,NORMA-18479,256
41,NORMA-26021,257
41,NORMA-16744,258
41,NORMA-13089,259
41,NORMA-13243,260
41,NORMA-11914,261
41,NORMA-4717,262
41,NORMA-14745,263
41,NORMA-15042,264
41,NORMA-14893,265
41,NORMA-12627,266
41,NORMA-14697,267
41,NORMA-18082,268
41,NORMA-14736,269
41,NORMA-14820,270
41,NORMA-12377,271
41,NORMA-6601,272
41,NORMA-13712,273
41,NORMA-6814,274
41,NORMA-28465,275
41,NORMA-26725,276
41,NORMA-16962,277
41,NORMA-15129,278
41,NORMA-6768,279
41,NORMA-14018,280
41,NORMA-13156,281
41,NORMA-18771,282
41,NORMA-18910,283
41,NORMA-18807,284
41,NORMA-13206,285
41,NORMA-15076,286
41,NORMA-23161,287
41,NORMA-14852,288
41,NORMA-14751,289
41,NORMA-12061,290
41,NORMA-12498,291
41,NORMA-14110,292
41,NORMA-14173,293
41,NORMA-12478,294
41,NORMA-13084,295
41,NORMA-15250,296
41,NORMA-6021,297
41,NORMA-23963,298
41,NORMA-16222,299
41,NORMA-16221,300
41,NORMA-14897,301
41,NORMA-12838,302
41,NORMA-6180,303
41,NORMA-5165,304
41,NORMA-22522,305
41,NORMA-17241,306
41,NORMA-15002,307
41,NORMA-6558,308
41,NORMA-5431,309
41,NORMA-28203,310
41,NORMA-14232,311
41,NORMA-13917,312
41,NORMA-14540,313
41,NORMA-24261,314
41,NORMA-12382,315
41,NORMA-13112,316
41,NORMA-5001,317
41,NORMA-5761,318
41,NORMA-27225,319
41,NORMA-14421,320
41,NORMA-13768,321
41,NORMA-14888,322
41,NORMA-13872,323
41,NORMA-27881,324
41,NORMA-6592,325
41,NORMA-22381,326
41,NORMA-3621,327
41,NORMA-28881,328
41,NORMA-16963,329
41,NORMA-13341,330
41,NORMA-12051,331
41,NORMA-18591,332
41,NORMA-11879,333
41,NORMA-11857,334
41,NORMA-21902,335
41,NORMA-18438,336
41,NORMA-14686,337
41,NORMA-12538,338
41,NORMA-13217,339
41,NORMA-13971,340
41,NORMA-13707,341
41,NORMA-13402,342
41,NORMA-13220,343
41,NORMA-15207,344
41,NORMA-12701,345
41,NORMA-21689,346
41,NORMA-29061,347
41,NORMA-12414,348
41,NORMA-9520,349
41,NORMA-10123,350
41,NORMA-15085,351
41,NORMA-22043,352
41,NORMA-14175,353
41,NORMA-18496,354
41,NORMA-20993,355
41,NORMA-10865,356
41,NORMA-4297,357
41,NORMA-9358,358
41,NORMA-18428,359
41,NORMA-13385,360
41,NORMA-12974,361
41,NORMA-22101,362
41,NORMA-9389,363
41,NORMA-15868,364
41,NORMA-4820,365
41,NORMA-18418,366
41,NORMA-19380,367
41,NORMA-18465,368
41,NORMA-4898,369
41,NORMA-17003,370
41,NORMA-13592,371
41,NORMA-18553,372
41,NORMA-18265,373
41,NORMA-28641,374
41,NORMA-8013,375
41,NORMA-2005,376
41,NORMA-12562,377
41,NORMA-1422,378
41,NORMA-21190,379
41,NORMA-29681,380
41,NORMA-1147,381
41,NORMA-18697,382
41,NORMA-4397,383
41,NORMA-13265,384
41,NORMA-12630,385
41,NORMA-4133,386
41,NORMA-18303,387
41,NORMA-14951,388
41,NORMA-20344,389
41,NORMA-18819,390
41,NORMA-15426,391
41,NORMA-21025,392
41,NORMA-21157,393
41,NORMA-19128,394
41,NORMA-5853,395
41,NORMA-21199,396
41,NORMA-5417,397
41,NORMA-21280,398
41,NORMA-18298,399
41,NORMA-13138,400
41,NORMA-21036,401
41,NORMA-19643,402
41,NORMA-3852,403
41,NORMA-20291,404
41,NORMA-13720,405
41,NORMA-21147,406
41,NORMA-4204,407
41,NORMA-1342,408
41,NORMA-417,409
41,NORMA-782,410
41,NORMA-20531,411
41,NORMA-7149,412
41,NORMA-18450,413
41,NORMA-3779,414
41,NORMA-3579,415
41,NORMA-13665,416
41,NORMA-20584,417
41,NORMA-8522,418
41,NORMA-18378,419
41,NORMA-1573,420
41,NORMA-4277,421
41,NORMA-21792,422
41,NORMA-1613,423
41,NORMA-24,424
41,NORMA-21267,425
41,NORMA-19194,426
41,NORMA-220,427
41,NORMA-509,428
41,NORMA-766,429
41,NORMA-19391,430
41,NORMA-20846,431
41,NORMA-19730,432
41,NORMA-20971,433
41,NORMA-12030,434
41,NORMA-20633,435
41,NORMA-18388,436
41,NORMA-18554,437
41,NORMA-15004,438
41,NORMA-20072,439
41,NORMA-18950,440
41,NORMA-18823,441
41,NORMA-21200,442
41,NORMA-21519,443
41,NORMA-18492,444
41,NORMA-20865,445
41,NORMA-20904,446
41,NORMA-18798,447
41,NORMA-18377,448
41,NORMA-755,449
41,NORMA-19005,450
41,NORMA-18440,451
41,NORMA-124,452
41,NORMA-18211,453
41,NORMA-11756,454
41,NORMA-3980,455
41,NORMA-18996,456
41,NORMA-209,457
41,NORMA-15581,458
41,NORMA-19111,459
41,NORMA-21046,460
41,NORMA-20448,461
41,NORMA-21069,462
41,NORMA-19499,463
41,NORMA-5252,464
41,NORMA-211,465
41,NORMA-4924,466
41,NORMA-1999,467
41,NORMA-483,468
41,NORMA-21063,469
41,NORMA-18838,470
41,NORMA-2383,471
41,NORMA-20070,472
41,NORMA-11575,473
41,NORMA-19542,474
41,NORMA-4926,475
41,NORMA-11757,476
41,NORMA-21002,477
41,NORMA-20757,478
41,NORMA-19164,479
41,NORMA-20164,480
41,NORMA-18605,481
41,NORMA-18796,482
41,NORMA-19828,483
41,NORMA-20999,484
41,NORMA-21613,485
41,NORMA-4312,486
41,NORMA-11766,487
41,NORMA-18646,488
41,NORMA-11688,489
41,NORMA-18414,490
41,NORMA-31904,491
41,NORMA-1317,492
41,NORMA-18549,493
41,NORMA-19220,494
41,NORMA-20908,495
41,NORMA-18542,496
41,NORMA-21028,497
41,NORMA-19170,498
41,NORMA-208,499
41,NORMA-18403,500
41,NORMA-6757,501
41,NORMA-20194,502
41,NORMA-18806,503
41,NORMA-207,504
41,NORMA-5421,505
41,NORMA-18254,506
41,NORMA-20690,507
41,NORMA-20811,508
41,NORMA-13094,509
41,NORMA-1534,510
41,NORMA-19383,511
41,NORMA-21225,512
41,NORMA-18772,513
41,NORMA-21026,514
41,NORMA-21776,515
41,NORMA-20432,516
41,NORMA-7381,517
41,NORMA-18201,518
41,NORMA-20258,519
41,NORMA-20038,520
41,NORMA-21419,521
41,NORMA-18430,522
41,NORMA-19587,523
41,NORMA-10301,524
41,NORMA-18439,525
41,NORMA-18868,526
41,NORMA-18527,527
41,NORMA-18292,528
41,NORMA-18204,529
41,NORMA-21152,530
41,NORMA-217,531
41,NORMA-28281,532
41,NORMA-21135,533
41,NORMA-16268,534
41,NORMA-18301,535
41,NORMA-21470,536
41,NORMA-21085,537
41,NORMA-21249,538
41,NORMA-19798,539
41,NORMA-13954,540
41,NORMA-21437,541
41,NORMA-18863,542
41,NORMA-12160,543
41,NORMA-7384,544
41,NORMA-19593,545
41,NORMA-2184,546
41,NORMA-20841,547
41,NORMA-4711,548
41,NORMA-18815,549
41,NORMA-4909,550
41,NORMA-21227,551
41,NORMA-18434,552
41,NORMA-11621,553
41,NORMA-4075,554
41,NORMA-20854,555
41,NORMA-18789,556
41,NORMA-26,557
41,NORMA-7025,558
41,NORMA-21547,559
41,NORMA-20907,560
41,NORMA-11496,561
41,NORMA-9297,562
41,NORMA-11570,563
41,NORMA-7011,564
41,NORMA-6819,565
41,NORMA-18747,566
41,NORMA-20278,567
41,NORMA-9354,568
41,NORMA-6820,569
41,NORMA-21043,570
41,NORMA-13480,571
41,NORMA-18541,572
41,NORMA-423,573
41,NORMA-20995,574
41,NORMA-18762,575
41,NORMA-19155,576
41,NORMA-4275,577
41,NORMA-19212,578
41,NORMA-11723,579
41,NORMA-6970,580
41,NORMA-12035,581
41,NORMA-21434,582
41,NORMA-4746,583
41,NORMA-3503,584
41,NORMA-21003,585
41,NORMA-2660,586
41,NORMA-12015,587
41,NORMA-13902,588
41,NORMA-5586,589
41,NORMA-14967,590
41,NORMA-1419,591
41,NORMA-11598,592
41,NORMA-20888,593
41,NORMA-1250,594
41,NORMA-20780,595
41,NORMA-19009,596
41,NORMA-594,597
41,NORMA-18773,598
41,NORMA-20918,599
41,NORMA-18273,600
41,NORMA-53,601
41,NORMA-19152,602
41,NORMA-5626,603
41,NORMA-12014,604
41,NORMA-12234,605
41,NORMA-18709,606
41,NORMA-21110,607
41,NORMA-10337,608
41,NORMA-20091,609
41,NORMA-21205,610
41,NORMA-19096,611
41,NORMA-21626,612
41,NORMA-21299,613
41,NORMA-19095,614
41,NORMA-878,615
41,NORMA-20941,616
41,NORMA-21086,617
41,NORMA-12232,618
41,NORMA-4423,619
41,NORMA-54,620
41,NORMA-21550,621
41,NORMA-18375,622
41,NORMA-229,623
41,NORMA-1092,624
41,NORMA-21461,625
41,NORMA-1485,626
41,NORMA-1365,627
41,NORMA-20208,628
41,NORMA-82,629
41,NORMA-20891,630
41,NORMA-19596,631
41,NORMA-20989,632
41,NORMA-25523,633
41,NORMA-11920,634
41,NORMA-20631,635
41,NORMA-21254,636
41,NORMA-19017,637
41,NORMA-7280,638
41,NORMA-20569,639
41,NORMA-11792,640
41,NORMA-20369,641
41,NORMA-4219,642
41,NORMA-754,643
41,NORMA-2089,644
41,NORMA-838,645
41,NORMA-11715,646
41,NORMA-21283,647
41,NORMA-20157,648
41,NORMA-14117,649
41,NORMA-12005,650
41,NORMA-834,651
41,NORMA-10821,652
41,NORMA-20121,653
41,NORMA-21417,654
41,NORMA-9865,655
41,NORMA-21217,656
41,NORMA-18306,657
41,NORMA-23521,658
41,NORMA-10273,659
41,NORMA-332,660
41,NORMA-20223,661
41,NORMA-18219,662
41,NORMA-20990,663
41,NORMA-9888,664
41,NORMA-18286,665
41,NORMA-18446,666
41,NORMA-18539,667
41,NORMA-6783,668
41,NORMA-18325,669
41,NORMA-21224,670
41,NORMA-19981,671
41,NORMA-10375,672
41,NORMA-10878,673
41,NORMA-8384,674
41,NORMA-18552,675
41,NORMA-18307,676
41,NORMA-12006,677
41,NORMA-11790,678
41,NORMA-7386,679
41,NORMA-21506,680
41,NORMA-12029,681
41,NORMA-21071,682
41,NORMA-19574,683
41,NORMA-18444,684
41,NORMA-20180,685
41,NORMA-7222,686
41,NORMA-13855,687
41,NORMA-13973,688
41,NORMA-10629,689
41,NORMA-19578,690
41,NORMA-10044,691
41,NORMA-19871,692
41,NORMA-6140,693
41,NORMA-7225,694
41,NORMA-4425,695
41,NORMA-7113,696
41,NORMA-21413,697
41,NORMA-8435,698
41,NORMA-19651,699
41,NORMA-21408,700
41,NORMA-18501,701
41,NORMA-18826,702
41,NORMA-25902,703
41,NORMA-7042,704
41,NORMA-12664,705
41,NORMA-18933,706
41,NORMA-21065,707
41,NORMA-14788,708
41,NORMA-20557,709
41,NORMA-3181,710
41,NORMA-11665,711
41,NORMA-10916,712
41,NORMA-2546,713
41,NORMA-19387,714
41,NORMA-6082,715
41,NORMA-5536,716
41,NORMA-4830,717
41,NORMA-9724,718
41,NORMA-12102,719
41,NORMA-18816,720
41,NORMA-3382,721
41,NORMA-10994,722
41,NORMA-4780,723
41,NORMA-18748,724
41,NORMA-13672,725
41,NORMA-21783,726
41,NORMA-9785,727
41,NORMA-20293,728
41,NORMA-11600,729
41,NORMA-9595,730
41,NORMA-18350,731
41,NORMA-12228,732
41,NORMA-21052,733
41,NORMA-8135,734
41,NORMA-9542,735
41,NORMA-12113,736
41,NORMA-8696,737
41,NORMA-18691,738
41,NORMA-11739,739
41,NORMA-19646,740
41,NORMA-20144,741
41,NORMA-11588,742
41,NORMA-20096,743
41,NORMA-21126,744
41,NORMA-18411,745
41,NORMA-11472,746
41,NORMA-19221,747
41,NORMA-20224,748
41,NORMA-9792,749
41,NORMA-18984,750
41,NORMA-20316,751
41,NORMA-19408,752
41,NORMA-1341,753
41,NORMA-20992,754
41,NORMA-15521,755
41,NORMA-21484,756
41,NORMA-18802,757
41,NORMA-13195,758
41,NORMA-18638,759
41,NORMA-893,760
41,NORMA-20402,761
41,NORMA-14217,762
41,NORMA-19456,763
41,NORMA-18412,764
41,NORMA-21791,765
41,NORMA-4091,766
41,NORMA-11631,767
41,NORMA-21300,768
41,NORMA-18339,769
41,NORMA-13106,770
41,NORMA-11664,771
41,NORMA-18548,772
41,NORMA-75,773
41,NORMA-20135,774
41,NORMA-20171,775
41,NORMA-20426,776
41,NORMA-21403,777
41,NORMA-20209,778
41,NORMA-2032,779
41,NORMA-21388,780
41,NORMA-11999,781
41,NORMA-20190,782
41,NORMA-11476,783
41,NORMA-33288,784
41,NORMA-12002,785
41,NORMA-2536,786
41,NORMA-18537,787
41,NORMA-3241,788
41,NORMA-18224,789
41,NORMA-18788,790
41,NORMA-19845,791
41,NORMA-33308,792
41,NORMA-18364,793
41,NORMA-21131,794
41,NORMA-6505,795
41,NORMA-12872,796
41,NORMA-8861,797
41,NORMA-19621,798
41,NORMA-19787,799
41,NORMA-18797,800
41,NORMA-21729,801
41,NORMA-8889,802
41,NORMA-4631,803
41,NORMA-19021,804
41,NORMA-11764,805
41,NORMA-11479,806
41,NORMA-21253,807
41,NORMA-11609,808
41,NORMA-8999,809
41,NORMA-21139,810
41,NORMA-11868,811
41,NORMA-8431,812
41,NORMA-18436,813
41,NORMA-21544,814
41,NORMA-18502,815
41,NORMA-11882,816
41,NORMA-21211,817
41,NORMA-21630,818
41,NORMA-11780,819
41,NORMA-11474,820
41,NORMA-21752,821
41,NORMA-18342,822
41,NORMA-20880,823
41,NORMA-3638,824
41,NORMA-21609,825
41,NORMA-20371,826
41,NORMA-18360,827
41,NORMA-21020,828
41,NORMA-20914,829
41,NORMA-11527,830
41,NORMA-3281,831
41,NORMA-10549,832
41,NORMA-10442,833
41,NORMA-19081,834
41,NORMA-19110,835
41,NORMA-7710,836
41,NORMA-19581,837
41,NORMA-19969,838
41,NORMA-5925,839
41,NORMA-11469,840
41,NORMA-12195,841
41,NORMA-11417,842
41,NORMA-6679,843
41,NORMA-11763,844
41,NORMA-18981,845
41,NORMA-18528,846
41,NORMA-3735,847
41,NORMA-17201,848
41,NORMA-18654,849
41,NORMA-4634,850
41,NORMA-6256,851
41,NORMA-6623,852
41,NORMA-20966,853
41,NORMA-19181,854
41,NORMA-6955,855
41,NORMA-10817,856
41,NORMA-18724,857
41,NORMA-19051,858
41,NORMA-7012,859
41,NORMA-21107,860
41,NORMA-10119,861
41,NORMA-18859,862
41,NORMA-8902,863
41,NORMA-21150,864
41,NORMA-21114,865
41,NORMA-6752,866
41,NORMA-18284,867
41,NORMA-19275,868
41,NORMA-12060,869
41,NORMA-10029,870
41,NORMA-13797,871
41,NORMA-18356,872
41,NORMA-9871,873
41,NORMA-7390,874
41,NORMA-20985,875
41,NORMA-20443,876
41,NORMA-462,877
41,NORMA-19092,878
41,NORMA-4710,879
41,NORMA-19582,880
41,NORMA-21264,881
41,NORMA-21562,882
41,NORMA-6954,883
41,NORMA-6084,884
41,NORMA-8027,885
41,NORMA-6645,886
41,NORMA-6984,887
41,NORMA-10708,888
41,NORMA-19658,889
41,NORMA-6702,890
41,NORMA-15802,891
41,NORMA-6199,892
41,NORMA-18225,893
41,NORMA-18603,894
41,NORMA-6880,895
41,NORMA-21305,896
41,NORMA-19384,897
41,NORMA-5736,898
41,NORMA-12067,899
41,NORMA-21113,900
41,NORMA-21767,901
41,NORMA-7307,902
41,NORMA-14459,903
41,NORMA-21236,904
41,NORMA-20172,905
41,NORMA-18208,906
41,NORMA-11599,907
41,NORMA-6669,908
41,NORMA-6509,909
41,NORMA-10245,910
41,NORMA-18656,911
41,NORMA-27221,912
41,NORMA-7651,913
41,NORMA-12066,914
41,NORMA-4818,915
41,NORMA-7525,916
41,NORMA-18359,917
41,NORMA-10003,918
41,NORMA-19485,919
41,NORMA-19520,920
41,NORMA-14661,921
41,NORMA-19292,922
41,NORMA-20428,923
41,NORMA-9823,924
41,NORMA-21226,925
41,NORMA-20754,926
41,NORMA-18780,927
41,NORMA-13469,928
41,NORMA-20422,929
41,NORMA-21269,930
41,NORMA-20376,931
41,NORMA-1567,932
41,NORMA-3642,933
41,NORMA-19617,934
41,NORMA-21756,935
41,NORMA-21553,936
41,NORMA-14463,937
41,NORMA-6758,938
41,NORMA-21159,939
41,NORMA-16202,940
41,NORMA-6698,941
41,NORMA-20349,942
41,NORMA-27761,943
41,NORMA-18432,944
41,NORMA-7241,945
41,NORMA-3201,946
41,NORMA-19631,947
41,NORMA-6636,948
41,NORMA-15211,949
41,NORMA-19573,950
41,NORMA-28181,951
41,NORMA-21507,952
41,NORMA-6621,953
41,NORMA-13298,954
41,NORMA-11814,955
41,NORMA-21244,956
41,NORMA-8028,957
41,NORMA-20503,958
41,NORMA-14937,959
41,NORMA-13158,960
41,NORMA-19650,961
41,NORMA-18248,962
41,NORMA-18648,963
41,NORMA-9893,964
41,NORMA-21272,965
41,NORMA-11655,966
41,NORMA-14239,967
41,NORMA-21631,968
41,NORMA-6948,969
41,NORMA-20468,970
41,NORMA-21634,971
41,NORMA-21638,972
41,NORMA-15237,973
41,NORMA-19330,974
41,NORMA-13174,975
41,NORMA-21431,976
41,NORMA-6185,977
41,NORMA-21661,978
41,NORMA-9382,979
41,NORMA-18435,980
41,NORMA-9834,981
41,NORMA-20037,982
41,NORMA-19729,983
41,NORMA-9041,984
41,NORMA-2432,985
41,NORMA-21606,986
41,NORMA-9652,987
41,NORMA-19431,988
41,NORMA-20403,989
41,NORMA-20488,990
41,NORMA-21608,991
41,NORMA-10085,992
41,NORMA-29201,993
41,NORMA-20480,994
41,NORMA-2519,995
41,NORMA-5661,996
41,NORMA-3654,997
41,NORMA-21352,998
41,NORMA-20487,999
41,NORMA-20474,1000
42,NORMA-19004,1
42,NORMA-19648,2
42,NORMA-19265,3
42,NORMA-19653,4
42,NORMA-6076,5
42,NORMA-21353,6
42,NORMA-6783,7
42,NORMA-5340,8
42,NORMA-6347,9
42,NORMA-7386,10
42,NORMA-7222,11
42,NORMA-19375,12
42,NORMA-19151,13
42,NORMA-7225,14
42,NORMA-9824,15
42,NORMA-9597,16
42,NORMA-6140,17
42,NORMA-20983,18
42,NORMA-21448,19
42,NORMA-21534,20
42,NORMA-18959,21
42,NORMA-21576,22
42,NORMA-21601,23
42,NORMA-25202,24
42,NORMA-19969,25
42,NORMA-19709,26
42,NORMA-18875,27
42,NORMA-18686,28
42,NORMA-19639,29
42,NORMA-21764,30
42,NORMA-18730,31
42,NORMA-19939,32
42,NORMA-9724,33
42,NORMA-19976,34
42,NORMA-19975,35
42,NORMA-19974,36
42,NORMA-8435,37
42,NORMA-18456,38
42,NORMA-7113,39
42,NORMA-7466,40
42,NORMA-20955,41
42,NORMA-18284,42
42,NORMA-21762,43
42,NORMA-21683,44
42,NORMA-21684,45
42,NORMA-19503,46
42,NORMA-21283,47
42,NORMA-20056,48
42,NORMA-12313,49
42,NORMA-5496,50
42,NORMA-21774,51
42,NORMA-10116,52
42,NORMA-15211,53
42,NORMA-18605,54
42,NORMA-6199,55
42,NORMA-19391,56
42,NORMA-13797,57
42,NORMA-14937,58
42,NORMA-13469,59
42,NORMA-13158,60
42,NORMA-5421,61
42,NORMA-16202,62
42,NORMA-21408,63
42,NORMA-19225,64
42,NORMA-12067,65
42,NORMA-13476,66
42,NORMA-11085,67
42,NORMA-8205,68
42,NORMA-18604,69
42,NORMA-14294,70
42,NORMA-27761,71
42,NORMA-5360,72
42,NORMA-15339,73
42,NORMA-18748,74
42,NORMA-20924,75
42,NORMA-1999,76
42,NORMA-19088,77
42,NORMA-18313,78
42,NORMA-13918,79
42,NORMA-19425,80
42,NORMA-3503,81
42,NORMA-20138,82
42,NORMA-19204,83
42,NORMA-21026,84
42,NORMA-18874,85
42,NORMA-4710,86
42,NORMA-21329,87
42,NORMA-3577,88
42,NORMA-19351,89
42,NORMA-9384,90
42,NORMA-21065,91
42,NORMA-21526,92
42,NORMA-18501,93
42,NORMA-19039,94
42,NORMA-13470,95
42,NORMA-27044,96
42,NORMA-21420,97
42,NORMA-21556,98
42,NORMA-19459,99
42,NORMA-19644,100
42,NORMA-21697,101
42,NORMA-21532,102
42,NORMA-12733,103
42,NORMA-18962,104
42,NORMA-18391,105
42,NORMA-19167,106
42,NORMA-19553,107
42,NORMA-19549,108
42,NORMA-7387,109
42,NORMA-20521,110
42,NORMA-6736,111
42,NORMA-19144,112
42,NORMA-19550,113
42,NORMA-21409,114
42,NORMA-3767,115
42,NORMA-19681,116
42,NORMA-20393,117
42,NORMA-19350,118
42,NORMA-24501,119
42,NORMA-19457,120
42,NORMA-15581,121
42,NORMA-18240,122
42,NORMA-19692,123
42,NORMA-18474,124
42,NORMA-20476,125
42,NORMA-19139,126
42,NORMA-18906,127
42,NORMA-21678,128
42,NORMA-20781,129
42,NORMA-20702,130
42,NORMA-20301,131
42,NORMA-19452,132
42,NORMA-4786,133
42,NORMA-18286,134
42,NORMA-21554,135
42,NORMA-28981,136
42,NORMA-6509,137
42,NORMA-1613,138
42,NORMA-4275,139
42,NORMA-19516,140
42,NORMA-21468,141
42,NORMA-23061,142
42,NORMA-20492,143
42,NORMA-25721,144
42,NORMA-21358,145
42,NORMA-4818,146
42,NORMA-14724,147
42,NORMA-23862,148
42,NORMA-11356,149
42,NORMA-8706,150
42,NORMA-5536,151
42,NORMA-18221,152
42,NORMA-21486,153
42,NORMA-12415,154
42,NORMA-12923,155
42,NORMA-13124,156
42,NORMA-21140,157
42,NORMA-20131,158
42,NORMA-4075,159
42,NORMA-20084,160
42,NORMA-13308,161
42,NORMA-21634,162
42,NORMA-19565,163
42,NORMA-594,164
42,NORMA-21274,165
42,NORMA-19411,166
42,NORMA-1250,167
42,NORMA-20285,168
42,NORMA-18989,169
42,NORMA-21651,170
42,NORMA-4711,171
42,NORMA-19253,172
42,NORMA-19585,173
42,NORMA-19426,174
42,NORMA-14746,175
42,NORMA-878,176
42,NORMA-26841,177
42,NORMA-27364,178
42,NORMA-20302,179
42,NORMA-21128,180
42,NORMA-18812,181
42,NORMA-18854,182
42,NORMA-16268,183
42,NORMA-18280,184
42,NORMA-18282,185
42,NORMA-22661,186
42,NORMA-4091,187
42,NORMA-21120,188
42,NORMA-20477,189
42,NORMA-18440,190
42,NORMA-3342,191
42,NORMA-18877,192
42,NORMA-20710,193
42,NORMA-21318,194
42,NORMA-20729,195
42,NORMA-18691,196
42,NORMA-19870,197
42,NORMA-754,198
42,NORMA-21586,199
42,NORMA-18577,200
42,NORMA-18336,201
42,NORMA-20460,202
42,NORMA-18515,203
42,NORMA-18721,204
42,NORMA-19573,205
42,NORMA-13746,206
42,NORMA-14828,207
42,NORMA-15396,208
42,NORMA-27365,209
42,NORMA-20473,210
42,NORMA-12613,211
42,NORMA-13789,212
42,NORMA-82,213
42,NORMA-26003,214
42,NORMA-11417,215
42,NORMA-21674,216
42,NORMA-21278,217
42,NORMA-21666,218
42,NORMA-21111,219
42,NORMA-21470,220
42,NORMA-1341,221
42,NORMA-21250,222
42,NORMA-12814,223
42,NORMA-18895,224
42,NORMA-19180,225
42,NORMA-19123,226
42,NORMA-21335,227
42,NORMA-20274,228
42,NORMA-18752,229
42,NORMA-19883,230
42,NORMA-21138,231
42,NORMA-18231,232
42,NORMA-21756,233
42,NORMA-684,234
42,NORMA-19277,235
42,NORMA-19818,236
42,NORMA-18210,237
42,NORMA-19543,238
42,NORMA-19970,239
42,NORMA-19012,240
42,NORMA-20087,241
42,NORMA-20488,242
42,NORMA-20371,243
42,NORMA-15272,244
42,NORMA-20480,245
42,NORMA-7651,246
42,NORMA-18363,247
42,NORMA-18732,248
42,NORMA-18960,249
42,NORMA-18357,250
42,NORMA-20605,251
42,NORMA-3382,252
42,NORMA-18299,253
42,NORMA-2517,254
42,NORMA-19798,255
42,NORMA-19266,256
42,NORMA-18871,257
42,NORMA-21638,258
42,NORMA-21362,259
42,NORMA-20482,260
42,NORMA-21393,261
42,NORMA-9823,262
42,NORMA-20830,263
42,NORMA-21620,264
42,NORMA-20369,265
42,NORMA-20474,266
42,NORMA-20668,267
42,NORMA-21637,268
42,NORMA-20503,269
42,NORMA-21631,270
42,NORMA-21582,271
42,NORMA-1718,272
42,NORMA-18680,273
42,NORMA-18291,274
42,NORMA-15167,275
42,NORMA-20465,276
42,NORMA-17281,277
42,NORMA-19001,278
42,NORMA-19723,279
42,NORMA-22001,280
42,NORMA-20468,281
42,NORMA-19432,282
42,NORMA-21053,283
42,NORMA-18423,284
42,NORMA-21273,285
42,NORMA-8803,286
42,NORMA-20583,287
42,NORMA-20374,288
42,NORMA-20871,289
42,NORMA-18266,290
42,NORMA-20501,291
42,NORMA-20704,292
42,NORMA-20062,293
42,NORMA-3241,294
42,NORMA-21690,295
42,NORMA-6887,296
42,NORMA-26701,297
42,NORMA-23027,298
42,NORMA-21507,299
42,NORMA-13222,300
42,NORMA-20566,301
42,NORMA-75,302
42,NORMA-21021,303
42,NORMA-2005,304
42,NORMA-20359,305
42,NORMA-18642,306
42,NORMA-24102,307
42,NORMA-19340,308
42,NORMA-18372,309
42,NORMA-555,310
42,NORMA-21404,311
42,NORMA-1740,312
42,NORMA-19084,313
42,NORMA-19022,314
42,NORMA-14474,315
42,NORMA-7279,316
42,NORMA-19683,317
42,NORMA-12026,318
42,NORMA-19792,319
42,NORMA-18466,320
42,NORMA-20505,321
42,NORMA-18316,322
42,NORMA-11999,323
42,NORMA-18900,324
42,NORMA-19219,325
42,NORMA-19016,326
42,NORMA-21280,327
42,NORMA-19853,328
42,NORMA-20349,329
42,NORMA-19359,330
42,NORMA-23222,331
42,NORMA-19211,332
42,NORMA-12002,333
42,NORMA-18709,334
42,NORMA-19949,335
42,NORMA-19300,336
42,NORMA-20490,337
42,NORMA-21269,338
42,NORMA-19530,339
42,NORMA-4219,340
42,NORMA-11780,341
42,NORMA-19571,342
42,NORMA-19238,343
42,NORMA-18490,344
42,NORMA-20487,345
42,NORMA-21267,346
42,NORMA-19662,347
42,NORMA-19405,348
42,NORMA-21131,349
42,NORMA-18789,350
42,NORMA-20633,351
42,NORMA-11316,352
42,NORMA-18319,353
42,NORMA-21312,354
42,NORMA-19249,355
42,NORMA-21016,356
42,NORMA-20377,357
42,NORMA-553,358
42,NORMA-19477,359
42,NORMA-21564,360
42,NORMA-28181,361
42,NORMA-1994,362
42,NORMA-19473,363
42,NORMA-13174,364
42,NORMA-8028,365
42,NORMA-19506,366
42,NORMA-15882,367
42,NORMA-23101,368
42,NORMA-21367,369
42,NORMA-11790,370
42,NORMA-20079,371
42,NORMA-19394,372
42,NORMA-21538,373
42,NORMA-21305,374
42,NORMA-21344,375
42,NORMA-20730,376
42,NORMA-8684,377
42,NORMA-19125,378
42,NORMA-19828,379
42,NORMA-12015,380
42,NORMA-18884,381
42,NORMA-14967,382
42,NORMA-5913,383
42,NORMA-11723,384
42,NORMA-20376,385
42,NORMA-18714,386
42,NORMA-18570,387
42,NORMA-20841,388
42,NORMA-3201,389
42,NORMA-31903,390
42,NORMA-12035,391
42,NORMA-22723,392
42,NORMA-15881,393
42,NORMA-1471,394
42,NORMA-18712,395
42,NORMA-18234,396
42,NORMA-21389,397
42,NORMA-19544,398
42,NORMA-20523,399
42,NORMA-18932,400
42,NORMA-4412,401
42,NORMA-19152,402
42,NORMA-21264,403
42,NORMA-19212,404
42,NORMA-21553,405
42,NORMA-18700,406
42,NORMA-19328,407
42,NORMA-11679,408
42,NORMA-19442,409
42,NORMA-6948,410
42,NORMA-20073,411
42,NORMA-4746,412
42,NORMA-18750,413
42,NORMA-11627,414
42,NORMA-11855,415
42,NORMA-21521,416
42,NORMA-20928,417
42,NORMA-21676,418
42,NORMA-12005,419
42,NORMA-20007,420
42,NORMA-21245,421
42,NORMA-19005,422
42,NORMA-1114,423
42,NORMA-20161,424
42,NORMA-19667,425
42,NORMA-2158,426
42,NORMA-21705,427
42,NORMA-1663,428
42,NORMA-4316,429
42,NORMA-19021,430
42,NORMA-1445,431
42,NORMA-18746,432
42,NORMA-15701,433
42,NORMA-11000,434
42,NORMA-27521,435
42,NORMA-2383,436
42,NORMA-19512,437
42,NORMA-4080,438
42,NORMA-19232,439
42,NORMA-18654,440
42,NORMA-19714,441
42,NORMA-19150,442
42,NORMA-21461,443
42,NORMA-19081,444
42,NORMA-20180,445
42,NORMA-28841,446
42,NORMA-2032,447
42,NORMA-12018,448
42,NORMA-18341,449
42,NORMA-21562,450
42,NORMA-18647,451
42,NORMA-20366,452
42,NORMA-4909,453
42,NORMA-21606,454
42,NORMA-3968,455
42,NORMA-18540,456
42,NORMA-21739,457
42,NORMA-15060,458
42,NORMA-1192,459
42,NORMA-21281,460
42,NORMA-18942,461
42,NORMA-1470,462
42,NORMA-1164,463
42,NORMA-8027,464
42,NORMA-20253,465
42,NORMA-20389,466
42,NORMA-20028,467
42,NORMA-1296,468
42,NORMA-21255,469
42,NORMA-1248,470
42,NORMA-19864,471
42,NORMA-20941,472
42,NORMA-18616,473
42,NORMA-20762,474
42,NORMA-1374,475
42,NORMA-1212,476
42,NORMA-21333,477
42,NORMA-18469,478
42,NORMA-21499,479
42,NORMA-19657,480
42,NORMA-20868,481
42,NORMA-20090,482
42,NORMA-18470,483
42,NORMA-19067,484
42,NORMA-18727,485
42,NORMA-11802,486
42,NORMA-21472,487
42,NORMA-7146,488
42,NORMA-18359,489
42,NORMA-21746,490
42,NORMA-18300,491
42,NORMA-7110,492
42,NORMA-19422,493
42,NORMA-2579,494
42,NORMA-19575,495
42,NORMA-20873,496
42,NORMA-11575,497
42,NORMA-18602,498
42,NORMA-19272,499
42,NORMA-31904,500
42,NORMA-19493,501
42,NORMA-12052,502
42,NORMA-18774,503
42,NORMA-206,504
42,NORMA-11525,505
42,NORMA-12910,506
42,NORMA-19009,507
42,NORMA-21619,508
42,NORMA-11562,509
42,NORMA-19077,510
42,NORMA-19049,511
42,NORMA-21760,512
42,NORMA-21491,513
42,NORMA-20632,514
42,NORMA-11475,515
42,NORMA-18451,516
42,NORMA-18954,517
42,NORMA-20218,518
42,NORMA-6398,519
42,NORMA-18446,520
42,NORMA-20869,521
42,NORMA-20902,522
42,NORMA-20298,523
42,NORMA-11663,524
42,NORMA-943,525
42,NORMA-21415,526
42,NORMA-19408,527
42,NORMA-20402,528
42,NORMA-19794,529
42,NORMA-21257,530
42,NORMA-643,531
42,NORMA-18468,532
42,NORMA-13402,533
42,NORMA-919,534
42,NORMA-19985,535
42,NORMA-20995,536
42,NORMA-18290,537
42,NORMA-13298,538
42,NORMA-12097,539
42,NORMA-218,540
42,NORMA-1291,541
42,NORMA-30043,542
42,NORMA-12421,543
42,NORMA-18828,544
42,NORMA-19192,545
42,NORMA-20705,546
42,NORMA-11610,547
42,NORMA-13795,548
42,NORMA-20407,549
42,NORMA-20288,550
42,NORMA-20589,551
42,NORMA-21508,552
42,NORMA-21547,553
42,NORMA-18753,554
42,NORMA-8278,555
42,NORMA-12105,556
42,NORMA-21361,557
42,NORMA-21402,558
42,NORMA-20388,559
42,NORMA-20157,560
42,NORMA-968,561
42,NORMA-21581,562
42,NORMA-11712,563
42,NORMA-19179,564
42,NORMA-19365,565
42,NORMA-18780,566
42,NORMA-21317,567
42,NORMA-2126,568
42,NORMA-21286,569
42,NORMA-13004,570
42,NORMA-18339,571
42,NORMA-1578,572
42,NORMA-11524,573
42,NORMA-18999,574
42,NORMA-19353,575
42,NORMA-19373,576
42,NORMA-1452,577
42,NORMA-21419,578
42,NORMA-21403,579
42,NORMA-21525,580
42,NORMA-21197,581
42,NORMA-19540,582
42,NORMA-1321,583
42,NORMA-19554,584
42,NORMA-19354,585
42,NORMA-21314,586
42,NORMA-11798,587
42,NORMA-21682,588
42,NORMA-8238,589
42,NORMA-19233,590
42,NORMA-21758,591
42,NORMA-21527,592
42,NORMA-19948,593
42,NORMA-11574,594
42,NORMA-19281,595
42,NORMA-19778,596
42,NORMA-1179,597
42,NORMA-21339,598
42,NORMA-13990,599
42,NORMA-21653,600
42,NORMA-21655,601
42,NORMA-16225,602
42,NORMA-18427,603
42,NORMA-20046,604
42,NORMA-19412,605
42,NORMA-2378,606
42,NORMA-2534,607
42,NORMA-20763,608
42,NORMA-11799,609
42,NORMA-19788,610
42,NORMA-18806,611
42,NORMA-19600,612
42,NORMA-21629,613
42,NORMA-19480,614
42,NORMA-27550,615
42,NORMA-19650,616
42,NORMA-11512,617
42,NORMA-12657,618
42,NORMA-21691,619
42,NORMA-21522,620
42,NORMA-20382,621
42,NORMA-11516,622
42,NORMA-12046,623
42,NORMA-21500,624
42,NORMA-18879,625
42,NORMA-19297,626
42,NORMA-21233,627
42,NORMA-28961,628
42,NORMA-20800,629
42,NORMA-11776,630
42,NORMA-19519,631
42,NORMA-21648,632
42,NORMA-15521,633
42,NORMA-18935,634
42,NORMA-21725,635
42,NORMA-20135,636
42,NORMA-19181,637
42,NORMA-21132,638
42,NORMA-19557,639
42,NORMA-21276,640
42,NORMA-18450,641
42,NORMA-7015,642
42,NORMA-20405,643
42,NORMA-12163,644
42,NORMA-21608,645
42,NORMA-26201,646
42,NORMA-15561,647
42,NORMA-5184,648
42,NORMA-20861,649
42,NORMA-1846,650
42,NORMA-14054,651
42,NORMA-11862,652
42,NORMA-12017,653
42,NORMA-579,654
42,NORMA-18939,655
42,NORMA-21783,656
42,NORMA-18601,657
42,NORMA-2425,658
42,NORMA-21636,659
42,NORMA-21659,660
42,NORMA-20506,661
42,NORMA-28586,662
42,NORMA-11722,663
42,NORMA-20300,664
42,NORMA-18690,665
42,NORMA-4587,666
42,NORMA-1317,667
42,NORMA-19095,668
42,NORMA-19352,669
42,NORMA-20121,670
42,NORMA-18769,671
42,NORMA-19981,672
42,NORMA-18701,673
42,NORMA-21530,674
42,NORMA-6669,675
42,NORMA-18245,676
42,NORMA-20584,677
42,NORMA-20870,678
42,NORMA-11631,679
42,NORMA-19454,680
42,NORMA-509,681
42,NORMA-12170,682
42,NORMA-21410,683
42,NORMA-11760,684
42,NORMA-18803,685
42,NORMA-12500,686
42,NORMA-220,687
42,NORMA-26163,688
42,NORMA-18766,689
42,NORMA-20172,690
42,NORMA-1438,691
42,NORMA-15004,692
42,NORMA-21315,693
42,NORMA-222,694
42,NORMA-21337,695
42,NORMA-12235,696
42,NORMA-999,697
42,NORMA-21241,698
42,NORMA-11567,699
42,NORMA-25541,700
42,NORMA-11768,701
42,NORMA-20396,702
42,NORMA-11561,703
42,NORMA-515,704
42,NORMA-18536,705
42,NORMA-19011,706
42,NORMA-21152,707
42,NORMA-7381,708
42,NORMA-217,709
42,NORMA-1100,710
42,NORMA-21185,711
42,NORMA-1217,712
42,NORMA-20060,713
42,NORMA-1446,714
42,NORMA-783,715
42,NORMA-2390,716
42,NORMA-20108,717
42,NORMA-21194,718
42,NORMA-10920,719
42,NORMA-18656,720
42,NORMA-219,721
42,NORMA-21086,722
42,NORMA-19738,723
42,NORMA-11144,724
42,NORMA-21050,725
42,NORMA-923,726
42,NORMA-704,727
42,NORMA-20908,728
42,NORMA-21788,729
42,NORMA-11666,730
42,NORMA-21418,731
42,NORMA-5626,732
42,NORMA-19056,733
42,NORMA-6627,734
42,NORMA-20865,735
42,NORMA-11476,736
42,NORMA-28802,737
42,NORMA-27022,738
42,NORMA-18933,739
42,NORMA-14788,740
42,NORMA-11779,741
42,NORMA-12664,742
42,NORMA-21661,743
42,NORMA-20144,744
42,NORMA-12020,745
42,NORMA-21220,746
42,NORMA-19841,747
42,NORMA-18418,748
42,NORMA-6316,749
42,NORMA-21613,750
42,NORMA-4515,751
42,NORMA-8822,752
42,NORMA-15802,753
42,NORMA-1178,754
42,NORMA-21327,755
42,NORMA-1541,756
42,NORMA-21313,757
42,NORMA-20877,758
42,NORMA-21605,759
42,NORMA-560,760
42,NORMA-10994,761
42,NORMA-18827,762
42,NORMA-2207,763
42,NORMA-4436,764
42,NORMA-1549,765
42,NORMA-20776,766
42,NORMA-21588,767
42,NORMA-19330,768
42,NORMA-19278,769
42,NORMA-883,770
42,NORMA-2723,771
42,NORMA-19206,772
42,NORMA-19628,773
42,NORMA-21206,774
42,NORMA-15542,775
42,NORMA-21750,776
42,NORMA-20077,777
42,NORMA-15643,778
42,NORMA-835,779
42,NORMA-19221,780
42,NORMA-12228,781
42,NORMA-17321,782
42,NORMA-20790,783
42,NORMA-12049,784
42,NORMA-483,785
42,NORMA-12160,786
42,NORMA-7384,787
42,NORMA-425,788
42,NORMA-1463,789
42,NORMA-21437,790
42,NORMA-15208,791
42,NORMA-974,792
42,NORMA-92,793
42,NORMA-11864,794
42,NORMA-20727,795
42,NORMA-6253,796
42,NORMA-6881,797
42,NORMA-21122,798
42,NORMA-18762,799
42,NORMA-11920,800
42,NORMA-20623,801
42,NORMA-19715,802
42,NORMA-6701,803
42,NORMA-18243,804
42,NORMA-18953,805
42,NORMA-18818,806
42,NORMA-1455,807
42,NORMA-12048,808
42,NORMA-12858,809
42,NORMA-10267,810
42,NORMA-21063,811
42,NORMA-20975,812
42,NORMA-19371,813
42,NORMA-18697,814
42,NORMA-1516,815
42,NORMA-19256,816
42,NORMA-18788,817
42,NORMA-20880,818
42,NORMA-6957,819
42,NORMA-11756,820
42,NORMA-18702,821
42,NORMA-6643,822
42,NORMA-27221,823
42,NORMA-21609,824
42,NORMA-3966,825
42,NORMA-1310,826
42,NORMA-1170,827
42,NORMA-21496,828
42,NORMA-20999,829
42,NORMA-20040,830
42,NORMA-18502,831
42,NORMA-22644,832
42,NORMA-21713,833
42,NORMA-12165,834
42,NORMA-20914,835
42,NORMA-11474,836
42,NORMA-31923,837
42,NORMA-22061,838
42,NORMA-21147,839
42,NORMA-2660,840
42,NORMA-20652,841
42,NORMA-18203,842
42,NORMA-21151,843
42,NORMA-18797,844
42,NORMA-10117,845
42,NORMA-21664,846
42,NORMA-14113,847
42,NORMA-18838,848
42,NORMA-889,849
42,NORMA-25964,850
42,NORMA-12027,851
42,NORMA-24002,852
42,NORMA-11792,853
42,NORMA-33308,854
42,NORMA-4830,855
42,NORMA-985,856
42,NORMA-20990,857
42,NORMA-11572,858
42,NORMA-11600,859
42,NORMA-19155,860
42,NORMA-33288,861
42,NORMA-20581,862
42,NORMA-12880,863
42,NORMA-10034,864
42,NORMA-77,865
42,NORMA-24001,866
42,NORMA-21249,867
42,NORMA-11527,868
42,NORMA-21443,869
42,NORMA-1515,870
42,NORMA-21752,871
42,NORMA-535,872
42,NORMA-11757,873
42,NORMA-20637,874
42,NORMA-11528,875
42,NORMA-18569,876
42,NORMA-21405,877
42,NORMA-21277,878
42,NORMA-12014,879
42,NORMA-12234,880
42,NORMA-21114,881
42,NORMA-18970,882
42,NORMA-20921,883
42,NORMA-21192,884
42,NORMA-21643,885
42,NORMA-745,886
42,NORMA-772,887
42,NORMA-18683,888
42,NORMA-18201,889
42,NORMA-19138,890
42,NORMA-854,891
42,NORMA-19629,892
42,NORMA-19674,893
42,NORMA-18545,894
42,NORMA-1342,895
42,NORMA-19518,896
42,NORMA-19937,897
42,NORMA-11577,898
42,NORMA-21297,899
42,NORMA-20778,900
42,NORMA-1567,901
42,NORMA-12099,902
42,NORMA-21647,903
42,NORMA-18950,904
42,NORMA-20139,905
42,NORMA-21254,906
42,NORMA-11578,907
42,NORMA-18227,908
42,NORMA-6636,909
42,NORMA-2567,910
42,NORMA-12232,911
42,NORMA-20398,912
42,NORMA-18211,913
42,NORMA-21575,914
42,NORMA-18646,915
42,NORMA-25201,916
42,NORMA-11739,917
42,NORMA-2091,918
42,NORMA-9110,919
42,NORMA-2574,920
42,NORMA-11472,921
42,NORMA-7942,922
42,NORMA-2426,923
42,NORMA-19852,924
42,NORMA-228,925
42,NORMA-19730,926
42,NORMA-21134,927
42,NORMA-9670,928
42,NORMA-12006,929
42,NORMA-834,930
42,NORMA-21023,931
42,NORMA-18314,932
42,NORMA-9898,933
42,NORMA-18675,934
42,NORMA-23201,935
42,NORMA-6181,936
42,NORMA-20793,937
42,NORMA-21821,938
42,NORMA-21747,939
42,NORMA-20096,940
42,NORMA-2563,941
42,NORMA-18430,942
42,NORMA-11615,943
42,NORMA-19182,944
42,NORMA-20491,945
42,NORMA-21231,946
42,NORMA-20211,947
42,NORMA-19734,948
42,NORMA-18553,949
42,NORMA-18855,950
42,NORMA-9822,951
42,NORMA-19741,952
42,NORMA-18350,953
42,NORMA-18492,954
42,NORMA-4588,955
42,NORMA-21150,956
42,NORMA-21390,957
42,NORMA-15237,958
42,NORMA-1620,959
42,NORMA-4423,960
42,NORMA-11569,961
42,NORMA-20989,962
42,NORMA-15246,963
42,NORMA-838,964
42,NORMA-21384,965
42,NORMA-1863,966
42,NORMA-21225,967
42,NORMA-15541,968
42,NORMA-6560,969
42,NORMA-10298,970
42,NORMA-11519,971
42,NORMA-5781,972
42,NORMA-11609,973
42,NORMA-12172,974
42,NORMA-6630,975
42,NORMA-21414,976
42,NORMA-5586,977
42,NORMA-11571,978
42,NORMA-3121,979
42,NORMA-11576,980
42,NORMA-21242,981
42,NORMA-215,982
42,NORMA-21252,983
42,NORMA-27341,984
42,NORMA-19983,985
42,NORMA-17684,986
42,NORMA-24885,987
42,NORMA-18773,988
42,NORMA-12437,989
42,NORMA-18802,990
42,NORMA-19621,991
42,NORMA-19128,992
42,NORMA-3979,993
42,NORMA-2046,994
42,NORMA-21012,995
42,NORMA-21199,996
42,NORMA-19450,997
42,NORMA-1662,998
42,NORMA-18961,999
42,NORMA-19387,1000
43,NORMA-19565,1
43,NORMA-19180,2
43,NORMA-21250,3
43,NORMA-19852,4
43,NORMA-19585,5
43,NORMA-21129,6
43,NORMA-19595,7
43,NORMA-19835,8
43,NORMA-19175,9
43,NORMA-18559,10
43,NORMA-21690,11
43,NORMA-19179,12
43,NORMA-21060,13
43,NORMA-19729,14
43,NORMA-18407,15
43,NORMA-19741,16
43,NORMA-21291,17
43,NORMA-18302,18
43,NORMA-21008,19
43,NORMA-18545,20
43,NORMA-19448,21
43,NORMA-18648,22
43,NORMA-19466,23
43,NORMA-21121,24
43,NORMA-18540,25
43,NORMA-19644,26
43,NORMA-21058,27
43,NORMA-18202,28
43,NORMA-19377,29
43,NORMA-20180,30
43,NORMA-20104,31
43,NORMA-18531,32
43,NORMA-18332,33
43,NORMA-19440,34
43,NORMA-19780,35
43,NORMA-11601,36
43,NORMA-18243,37
43,NORMA-11713,38
43,NORMA-14850,39
43,NORMA-18900,40
43,NORMA-19768,41
43,NORMA-18939,42
43,NORMA-14688,43
43,NORMA-15229,44
43,NORMA-19794,45
43,NORMA-19972,46
43,NORMA-19629,47
43,NORMA-18882,48
43,NORMA-13345,49
43,NORMA-18428,50
43,NORMA-19902,51
43,NORMA-19926,52
43,NORMA-20097,53
43,NORMA-19518,54
43,NORMA-19072,55
43,NORMA-20151,56
43,NORMA-20134,57
43,NORMA-19748,58
43,NORMA-9835,59
43,NORMA-19817,60
43,NORMA-19815,61
43,NORMA-19589,62
43,NORMA-9481,63
43,NORMA-20094,64
43,NORMA-18529,65
43,NORMA-18835,66
43,NORMA-6753,67
43,NORMA-18998,68
43,NORMA-20163,69
43,NORMA-19810,70
43,NORMA-20162,71
43,NORMA-18942,72
43,NORMA-20817,73
43,NORMA-20105,74
43,NORMA-18565,75
43,NORMA-6679,76
43,NORMA-20060,77
43,NORMA-6702,78
43,NORMA-18754,79
43,NORMA-19951,80
43,NORMA-18616,81
43,NORMA-20062,82
43,NORMA-18904,83
43,NORMA-20101,84
43,NORMA-15802,85
43,NORMA-20125,86
43,NORMA-12066,87
43,NORMA-20149,88
43,NORMA-19138,89
43,NORMA-20964,90
43,NORMA-18799,91
43,NORMA-20110,92
43,NORMA-18932,93
43,NORMA-19515,94
43,NORMA-18494,95
43,NORMA-19436,96
43,NORMA-19833,97
43,NORMA-20102,98
43,NORMA-21026,99
43,NORMA-20113,100
43,NORMA-19738,101
43,NORMA-19013,102
43,NORMA-19839,103
43,NORMA-20649,104
43,NORMA-18870,105
43,NORMA-19566,106
43,NORMA-21666,107
43,NORMA-18391,108
43,NORMA-27221,109
43,NORMA-21187,110
43,NORMA-21669,111
43,NORMA-20712,112
43,NORMA-19682,113
43,NORMA-12910,114
43,NORMA-21044,115
43,NORMA-19643,116
43,NORMA-13402,117
43,NORMA-21233,118
43,NORMA-6783,119
43,NORMA-7222,120
43,NORMA-20738,121
43,NORMA-7386,122
43,NORMA-6881,123
43,NORMA-6701,124
43,NORMA-6140,125
43,NORMA-7225,126
43,NORMA-7113,127
43,NORMA-6643,128
43,NORMA-20692,129
43,NORMA-19431,130
43,NORMA-19328,131
43,NORMA-20684,132
43,NORMA-8435,133
43,NORMA-18289,134
43,NORMA-18795,135
43,NORMA-19746,136
43,NORMA-19546,137
43,NORMA-9724,138
43,NORMA-21095,139
43,NORMA-19605,140
43,NORMA-4909,141
43,NORMA-1342,142
43,NORMA-21413,143
43,NORMA-20706,144
43,NORMA-20766,145
43,NORMA-3687,146
43,NORMA-20803,147
43,NORMA-19789,148
43,NORMA-19841,149
43,NORMA-1390,150
43,NORMA-20802,151
43,NORMA-12105,152
43,NORMA-21659,153
43,NORMA-19569,154
43,NORMA-1662,155
43,NORMA-1151,156
43,NORMA-13004,157
43,NORMA-19849,158
43,NORMA-20278,159
43,NORMA-10226,160
43,NORMA-20945,161
43,NORMA-3121,162
43,NORMA-20055,163
43,NORMA-19960,164
43,NORMA-18921,165
43,NORMA-236,166
43,NORMA-20615,167
43,NORMA-21406,168
43,NORMA-20853,169
43,NORMA-20217,170
43,NORMA-21218,171
43,NORMA-21545,172
43,NORMA-21205,173
43,NORMA-18897,174
43,NORMA-21661,175
43,NORMA-323,176
43,NORMA-19087,177
43,NORMA-18836,178
43,NORMA-21607,179
43,NORMA-7625,180
43,NORMA-21460,181
43,NORMA-20581,182
43,NORMA-21506,183
43,NORMA-19474,184
43,NORMA-19792,185
43,NORMA-19380,186
43,NORMA-20108,187
43,NORMA-19803,188
43,NORMA-9384,189
43,NORMA-1085,190
43,NORMA-20562,191
43,NORMA-20643,192
43,NORMA-19372,193
43,NORMA-18689,194
43,NORMA-21496,195
43,NORMA-19821,196
43,NORMA-19578,197
43,NORMA-21228,198
43,NORMA-19379,199
43,NORMA-21675,200
43,NORMA-328,201
43,NORMA-19981,202
43,NORMA-643,203
43,NORMA-6948,204
43,NORMA-21239,205
43,NORMA-19615,206
43,NORMA-12886,207
43,NORMA-18927,208
43,NORMA-20558,209
43,NORMA-1603,210
43,NORMA-9297,211
43,NORMA-206,212
43,NORMA-875,213
43,NORMA-18247,214
43,NORMA-20029,215
43,NORMA-4746,216
43,NORMA-21625,217
43,NORMA-1332,218
43,NORMA-1408,219
43,NORMA-20521,220
43,NORMA-21237,221
43,NORMA-11496,222
43,NORMA-20920,223
43,NORMA-20050,224
43,NORMA-20236,225
43,NORMA-7279,226
43,NORMA-1649,227
43,NORMA-2543,228
43,NORMA-19563,229
43,NORMA-21166,230
43,NORMA-19228,231
43,NORMA-2091,232
43,NORMA-13480,233
43,NORMA-20043,234
43,NORMA-20051,235
43,NORMA-20599,236
43,NORMA-18465,237
43,NORMA-18944,238
43,NORMA-20888,239
43,NORMA-18688,240
43,NORMA-2135,241
43,NORMA-2190,242
43,NORMA-2428,243
43,NORMA-19809,244
43,NORMA-8028,245
43,NORMA-18226,246
43,NORMA-19461,247
43,NORMA-1223,248
43,NORMA-7025,249
43,NORMA-12089,250
43,NORMA-20660,251
43,NORMA-14898,252
43,NORMA-14498,253
43,NORMA-835,254
43,NORMA-22721,255
43,NORMA-19760,256
43,NORMA-21223,257
43,NORMA-222,258
43,NORMA-21196,259
43,NORMA-16481,260
43,NORMA-2483,261
43,NORMA-20167,262
43,NORMA-19818,263
43,NORMA-19735,264
43,NORMA-16403,265
43,NORMA-4830,266
43,NORMA-20064,267
43,NORMA-18319,268
43,NORMA-18420,269
43,NORMA-18584,270
43,NORMA-11588,271
43,NORMA-18994,272
43,NORMA-13583,273
43,NORMA-18863,274
43,NORMA-19903,275
43,NORMA-2503,276
43,NORMA-19941,277
43,NORMA-20058,278
43,NORMA-21344,279
43,NORMA-16424,280
43,NORMA-19767,281
43,NORMA-18935,282
43,NORMA-11628,283
43,NORMA-863,284
43,NORMA-21211,285
43,NORMA-2478,286
43,NORMA-26841,287
43,NORMA-21224,288
43,NORMA-666,289
43,NORMA-781,290
43,NORMA-11774,291
43,NORMA-20930,292
43,NORMA-21124,293
43,NORMA-1421,294
43,NORMA-18295,295
43,NORMA-664,296
43,NORMA-1663,297
43,NORMA-871,298
43,NORMA-19930,299
43,NORMA-19701,300
43,NORMA-18577,301
43,NORMA-22862,302
43,NORMA-18991,303
43,NORMA-19498,304
43,NORMA-865,305
43,NORMA-19617,306
43,NORMA-2183,307
43,NORMA-18464,308
43,NORMA-1033,309
43,NORMA-966,310
43,NORMA-19573,311
43,NORMA-332,312
43,NORMA-19416,313
43,NORMA-21256,314
43,NORMA-1373,315
43,NORMA-1471,316
43,NORMA-18934,317
43,NORMA-20175,318
43,NORMA-19481,319
43,NORMA-20038,320
43,NORMA-13094,321
43,NORMA-996,322
43,NORMA-20851,323
43,NORMA-18839,324
43,NORMA-20119,325
43,NORMA-13545,326
43,NORMA-21535,327
43,NORMA-21756,328
43,NORMA-21151,329
43,NORMA-19378,330
43,NORMA-9111,331
43,NORMA-21197,332
43,NORMA-60,333
43,NORMA-19808,334
43,NORMA-2189,335
43,NORMA-703,336
43,NORMA-21110,337
43,NORMA-12956,338
43,NORMA-2574,339
43,NORMA-21229,340
43,NORMA-2426,341
43,NORMA-704,342
43,NORMA-1044,343
43,NORMA-11557,344
43,NORMA-19570,345
43,NORMA-1013,346
43,NORMA-2005,347
43,NORMA-11751,348
43,NORMA-903,349
43,NORMA-19174,350
43,NORMA-21417,351
43,NORMA-2184,352
43,NORMA-19454,353
43,NORMA-8931,354
43,NORMA-18997,355
43,NORMA-20082,356
43,NORMA-21528,357
43,NORMA-18999,358
43,NORMA-18474,359
43,NORMA-3241,360
43,NORMA-20053,361
43,NORMA-20931,362
43,NORMA-1740,363
43,NORMA-11454,364
43,NORMA-20100,365
43,NORMA-21398,366
43,NORMA-19555,367
43,NORMA-19536,368
43,NORMA-18414,369
43,NORMA-978,370
43,NORMA-20725,371
43,NORMA-20886,372
43,NORMA-834,373
43,NORMA-21063,374
43,NORMA-18903,375
43,NORMA-6641,376
43,NORMA-10267,377
43,NORMA-19749,378
43,NORMA-396,379
43,NORMA-20742,380
43,NORMA-1485,381
43,NORMA-1365,382
43,NORMA-1613,383
43,NORMA-20902,384
43,NORMA-9984,385
43,NORMA-21012,386
43,NORMA-19959,387
43,NORMA-19631,388
43,NORMA-19606,389
43,NORMA-772,390
43,NORMA-10691,391
43,NORMA-20651,392
43,NORMA-11813,393
43,NORMA-2485,394
43,NORMA-984,395
43,NORMA-2158,396
43,NORMA-19758,397
43,NORMA-1994,398
43,NORMA-754,399
43,NORMA-19473,400
43,NORMA-6636,401
43,NORMA-20789,402
43,NORMA-18898,403
43,NORMA-26201,404
43,NORMA-18656,405
43,NORMA-2517,406
43,NORMA-20070,407
43,NORMA-1026,408
43,NORMA-14263,409
43,NORMA-11620,410
43,NORMA-20577,411
43,NORMA-19968,412
43,NORMA-4091,413
43,NORMA-462,414
43,NORMA-21553,415
43,NORMA-21638,416
43,NORMA-20880,417
43,NORMA-1840,418
43,NORMA-13508,419
43,NORMA-12952,420
43,NORMA-21253,421
43,NORMA-12165,422
43,NORMA-21020,423
43,NORMA-1534,424
43,NORMA-18276,425
43,NORMA-6757,426
43,NORMA-21226,427
43,NORMA-18984,428
43,NORMA-19942,429
43,NORMA-20877,430
43,NORMA-6083,431
43,NORMA-21289,432
43,NORMA-5536,433
43,NORMA-18254,434
43,NORMA-18233,435
43,NORMA-21244,436
43,NORMA-21759,437
43,NORMA-2383,438
43,NORMA-18954,439
43,NORMA-21792,440
43,NORMA-19634,441
43,NORMA-6627,442
43,NORMA-17201,443
43,NORMA-28981,444
43,NORMA-18342,445
43,NORMA-218,446
43,NORMA-560,447
43,NORMA-25902,448
43,NORMA-20891,449
43,NORMA-21150,450
43,NORMA-6509,451
43,NORMA-21484,452
43,NORMA-21468,453
43,NORMA-21185,454
43,NORMA-6321,455
43,NORMA-6199,456
43,NORMA-6644,457
43,NORMA-1030,458
43,NORMA-20623,459
43,NORMA-20263,460
43,NORMA-783,461
43,NORMA-21236,462
43,NORMA-19980,463
43,NORMA-19621,464
43,NORMA-20304,465
43,NORMA-20619,466
43,NORMA-18537,467
43,NORMA-974,468
43,NORMA-802,469
43,NORMA-6957,470
43,NORMA-18239,471
43,NORMA-15581,472
43,NORMA-18962,473
43,NORMA-20309,474
43,NORMA-20744,475
43,NORMA-12102,476
43,NORMA-18208,477
43,NORMA-2126,478
43,NORMA-59,479
43,NORMA-660,480
43,NORMA-655,481
43,NORMA-18988,482
43,NORMA-555,483
43,NORMA-801,484
43,NORMA-985,485
43,NORMA-2013,486
43,NORMA-18793,487
43,NORMA-2185,488
43,NORMA-970,489
43,NORMA-7651,490
43,NORMA-18837,491
43,NORMA-1250,492
43,NORMA-21679,493
43,NORMA-15004,494
43,NORMA-1611,495
43,NORMA-21069,496
43,NORMA-4818,497
43,NORMA-21755,498
43,NORMA-554,499
43,NORMA-19770,500
43,NORMA-20598,501
43,NORMA-31904,502
43,NORMA-19649,503
43,NORMA-20238,504
43,NORMA-21647,505
43,NORMA-6185,506
43,NORMA-2399,507
43,NORMA-20090,508
43,NORMA-20241,509
43,NORMA-21564,510
43,NORMA-6958,511
43,NORMA-19387,512
43,NORMA-15881,513
43,NORMA-19940,514
43,NORMA-229,515
43,NORMA-9823,516
43,NORMA-21260,517
43,NORMA-24582,518
43,NORMA-20561,519
43,NORMA-883,520
43,NORMA-1341,521
43,NORMA-21739,522
43,NORMA-21299,523
43,NORMA-6621,524
43,NORMA-2032,525
43,NORMA-21310,526
43,NORMA-21555,527
43,NORMA-15921,528
43,NORMA-28203,529
43,NORMA-15701,530
43,NORMA-6673,531
43,NORMA-27761,532
43,NORMA-22561,533
43,NORMA-21269,534
43,NORMA-21367,535
43,NORMA-75,536
43,NORMA-19599,537
43,NORMA-6257,538
43,NORMA-19249,539
43,NORMA-16268,540
43,NORMA-18826,541
43,NORMA-11085,542
43,NORMA-8205,543
43,NORMA-21238,544
43,NORMA-602,545
43,NORMA-11756,546
43,NORMA-6245,547
43,NORMA-18501,548
43,NORMA-14294,549
43,NORMA-16202,550
43,NORMA-19587,551
43,NORMA-21752,552
43,NORMA-6669,553
43,NORMA-20982,554
43,NORMA-19733,555
43,NORMA-20900,556
43,NORMA-20995,557
43,NORMA-21247,558
43,NORMA-5360,559
43,NORMA-13160,560
43,NORMA-20936,561
43,NORMA-6249,562
43,NORMA-28362,563
43,NORMA-19620,564
43,NORMA-217,565
43,NORMA-13469,566
43,NORMA-20164,567
43,NORMA-18952,568
43,NORMA-3381,569
43,NORMA-20046,570
43,NORMA-9382,571
43,NORMA-5496,572
43,NORMA-4294,573
43,NORMA-21152,574
43,NORMA-11715,575
43,NORMA-14937,576
43,NORMA-20290,577
43,NORMA-28281,578
43,NORMA-18933,579
43,NORMA-21055,580
43,NORMA-15603,581
43,NORMA-10116,582
43,NORMA-20690,583
43,NORMA-21072,584
43,NORMA-19740,585
43,NORMA-11734,586
43,NORMA-11470,587
43,NORMA-20223,588
43,NORMA-13476,589
43,NORMA-1573,590
43,NORMA-25201,591
43,NORMA-1222,592
43,NORMA-19275,593
43,NORMA-19170,594
43,NORMA-26701,595
43,NORMA-19842,596
43,NORMA-6736,597
43,NORMA-2389,598
43,NORMA-2269,599
43,NORMA-8027,600
43,NORMA-13158,601
43,NORMA-20906,602
43,NORMA-21062,603
43,NORMA-11655,604
43,NORMA-14239,605
43,NORMA-11612,606
43,NORMA-18653,607
43,NORMA-18992,608
43,NORMA-18818,609
43,NORMA-20714,610
43,NORMA-18706,611
43,NORMA-4711,612
43,NORMA-15561,613
43,NORMA-20918,614
43,NORMA-3001,615
43,NORMA-20904,616
43,NORMA-28961,617
43,NORMA-20096,618
43,NORMA-21609,619
43,NORMA-15339,620
43,NORMA-4075,621
43,NORMA-20098,622
43,NORMA-18375,623
43,NORMA-18511,624
43,NORMA-13918,625
43,NORMA-15237,626
43,NORMA-20961,627
43,NORMA-20831,628
43,NORMA-11731,629
43,NORMA-6698,630
43,NORMA-893,631
43,NORMA-12791,632
43,NORMA-19983,633
43,NORMA-15521,634
43,NORMA-5626,635
43,NORMA-18491,636
43,NORMA-21414,637
43,NORMA-13470,638
43,NORMA-9834,639
43,NORMA-19520,640
43,NORMA-18549,641
43,NORMA-20087,642
43,NORMA-20432,643
43,NORMA-1960,644
43,NORMA-2546,645
43,NORMA-18798,646
43,NORMA-19292,647
43,NORMA-27044,648
43,NORMA-18222,649
43,NORMA-19384,650
43,NORMA-1463,651
43,NORMA-18541,652
43,NORMA-21418,653
43,NORMA-21300,654
43,NORMA-20221,655
43,NORMA-19904,656
43,NORMA-21725,657
43,NORMA-33288,658
43,NORMA-19110,659
43,NORMA-12796,660
43,NORMA-18359,661
43,NORMA-1516,662
43,NORMA-9170,663
43,NORMA-4275,664
43,NORMA-6253,665
43,NORMA-6955,666
43,NORMA-20834,667
43,NORMA-12039,668
43,NORMA-21766,669
43,NORMA-21547,670
43,NORMA-20296,671
43,NORMA-18527,672
43,NORMA-18424,673
43,NORMA-15376,674
43,NORMA-14269,675
43,NORMA-15063,676
43,NORMA-10689,677
43,NORMA-33308,678
43,NORMA-18550,679
43,NORMA-12215,680
43,NORMA-712,681
43,NORMA-12216,682
43,NORMA-3560,683
43,NORMA-20596,684
43,NORMA-19651,685
43,NORMA-27022,686
43,NORMA-10076,687
43,NORMA-11417,688
43,NORMA-19220,689
43,NORMA-20941,690
43,NORMA-21207,691
43,NORMA-21252,692
43,NORMA-18668,693
43,NORMA-19183,694
43,NORMA-1714,695
43,NORMA-21541,696
43,NORMA-6344,697
43,NORMA-6752,698
43,NORMA-3382,699
43,NORMA-20758,700
43,NORMA-6968,701
43,NORMA-14589,702
43,NORMA-19647,703
43,NORMA-19844,704
43,NORMA-15110,705
43,NORMA-20952,706
43,NORMA-13195,707
43,NORMA-21787,708
43,NORMA-28422,709
43,NORMA-20283,710
43,NORMA-1681,711
43,NORMA-20091,712
43,NORMA-15882,713
43,NORMA-19455,714
43,NORMA-21676,715
43,NORMA-5586,716
43,NORMA-15901,717
43,NORMA-14661,718
43,NORMA-18595,719
43,NORMA-14516,720
43,NORMA-1658,721
43,NORMA-2276,722
43,NORMA-12712,723
43,NORMA-21698,724
43,NORMA-19383,725
43,NORMA-1727,726
43,NORMA-1155,727
43,NORMA-8384,728
43,NORMA-6962,729
43,NORMA-2629,730
43,NORMA-19883,731
43,NORMA-20924,732
43,NORMA-18554,733
43,NORMA-21125,734
43,NORMA-2081,735
43,NORMA-2137,736
43,NORMA-21112,737
43,NORMA-14233,738
43,NORMA-5925,739
43,NORMA-12585,740
43,NORMA-18797,741
43,NORMA-6856,742
43,NORMA-14395,743
43,NORMA-13245,744
43,NORMA-7111,745
43,NORMA-19095,746
43,NORMA-634,747
43,NORMA-13334,748
43,NORMA-1198,749
43,NORMA-19429,750
43,NORMA-28001,751
43,NORMA-20759,752
43,NORMA-14463,753
43,NORMA-21419,754
43,NORMA-18915,755
43,NORMA-5154,756
43,NORMA-18691,757
43,NORMA-20790,758
43,NORMA-12038,759
43,NORMA-18815,760
43,NORMA-19697,761
43,NORMA-1826,762
43,NORMA-4423,763
43,NORMA-19152,764
43,NORMA-3722,765
43,NORMA-19499,766
43,NORMA-21649,767
43,NORMA-18780,768
43,NORMA-9893,769
43,NORMA-21147,770
43,NORMA-2421,771
43,NORMA-20609,772
43,NORMA-18394,773
43,NORMA-6758,774
43,NORMA-18456,775
43,NORMA-1552,776
43,NORMA-1702,777
43,NORMA-21248,778
43,NORMA-18291,779
43,NORMA-21440,780
43,NORMA-19998,781
43,NORMA-19209,782
43,NORMA-20687,783
43,NORMA-18301,784
43,NORMA-7384,785
43,NORMA-14556,786
43,NORMA-4712,787
43,NORMA-18360,788
43,NORMA-10309,789
43,NORMA-20948,790
43,NORMA-20428,791
43,NORMA-26003,792
43,NORMA-6084,793
43,NORMA-19500,794
43,NORMA-14459,795
43,NORMA-1620,796
43,NORMA-11316,797
43,NORMA-21461,798
43,NORMA-18264,799
43,NORMA-1723,800
43,NORMA-3201,801
43,NORMA-2551,802
43,NORMA-7664,803
43,NORMA-2550,804
43,NORMA-20253,805
43,NORMA-20959,806
43,NORMA-27341,807
43,NORMA-18747,808
43,NORMA-21199,809
43,NORMA-11687,810
43,NORMA-20422,811
43,NORMA-5098,812
43,NORMA-6318,813
43,NORMA-18615,814
43,NORMA-18303,815
43,NORMA-11632,816
43,NORMA-2587,817
43,NORMA-12174,818
43,NORMA-12162,819
43,NORMA-21114,820
43,NORMA-21550,821
43,NORMA-18248,822
43,NORMA-19503,823
43,NORMA-21402,824
43,NORMA-19212,825
43,NORMA-21231,826
43,NORMA-20912,827
43,NORMA-20505,828
43,NORMA-18958,829
43,NORMA-13514,830
43,NORMA-19724,831
43,NORMA-19583,832
43,NORMA-18981,833
43,NORMA-12113,834
43,NORMA-21040,835
43,NORMA-4425,836
43,NORMA-19593,837
43,NORMA-21408,838
43,NORMA-21381,839
43,NORMA-19232,840
43,NORMA-18446,841
43,NORMA-18479,842
43,NORMA-19140,843
43,NORMA-21626,844
43,NORMA-11665,845
43,NORMA-13298,846
43,NORMA-21695,847
43,NORMA-21267,848
43,NORMA-18219,849
43,NORMA-1144,850
43,NORMA-3968,851
43,NORMA-20316,852
43,NORMA-18788,853
43,NORMA-20856,854
43,NORMA-11882,855
43,NORMA-20901,856
43,NORMA-18630,857
43,NORMA-18624,858
43,NORMA-18762,859
43,NORMA-766,860
43,NORMA-11814,861
43,NORMA-20189,862
43,NORMA-9792,863
43,NORMA-3503,864
43,NORMA-20157,865
43,NORMA-19637,866
43,NORMA-570,867
43,NORMA-658,868
43,NORMA-18307,869
43,NORMA-19574,870
43,NORMA-18669,871
43,NORMA-854,872
43,NORMA-21783,873
43,NORMA-19353,874
43,NORMA-19715,875
43,NORMA-28181,876
43,NORMA-503,877
43,NORMA-19028,878
43,NORMA-20376,879
43,NORMA-23222,880
43,NORMA-21515,881
43,NORMA-19477,882
43,NORMA-20873,883
43,NORMA-12657,884
43,NORMA-11615,885
43,NORMA-21131,886
43,NORMA-20369,887
43,NORMA-6685,888
43,NORMA-18274,889
43,NORMA-19181,890
43,NORMA-20943,891
43,NORMA-19096,892
43,NORMA-20928,893
43,NORMA-21277,894
43,NORMA-15211,895
43,NORMA-19667,896
43,NORMA-20985,897
43,NORMA-6184,898
43,NORMA-20914,899
43,NORMA-16443,900
43,NORMA-21634,901
43,NORMA-20037,902
43,NORMA-7381,903
43,NORMA-124,904
43,NORMA-18411,905
43,NORMA-20192,906
43,NORMA-10708,907
43,NORMA-6176,908
43,NORMA-19213,909
43,NORMA-21434,910
43,NORMA-12060,911
43,NORMA-19509,912
43,NORMA-18211,913
43,NORMA-20913,914
43,NORMA-16442,915
43,NORMA-28703,916
43,NORMA-20483,917
43,NORMA-23965,918
43,NORMA-21537,919
43,NORMA-18378,920
43,NORMA-16441,921
43,NORMA-5421,922
43,NORMA-18439,923
43,NORMA-19391,924
43,NORMA-19658,925
43,NORMA-18695,926
43,NORMA-28663,927
43,NORMA-20349,928
43,NORMA-7110,929
43,NORMA-12338,930
43,NORMA-18724,931
43,NORMA-21157,932
43,NORMA-18796,933
43,NORMA-9110,934
43,NORMA-18816,935
43,NORMA-7942,936
43,NORMA-9670,937
43,NORMA-11721,938
43,NORMA-12029,939
43,NORMA-2536,940
43,NORMA-4710,941
43,NORMA-20565,942
43,NORMA-4277,943
43,NORMA-18284,944
43,NORMA-18364,945
43,NORMA-12067,946
43,NORMA-18813,947
43,NORMA-19512,948
43,NORMA-18690,949
43,NORMA-20922,950
43,NORMA-20302,951
43,NORMA-21370,952
43,NORMA-20303,953
43,NORMA-11864,954
43,NORMA-18859,955
43,NORMA-6805,956
43,NORMA-21217,957
43,NORMA-21705,958
43,NORMA-20359,959
43,NORMA-21241,960
43,NORMA-18528,961
43,NORMA-7746,962
43,NORMA-21523,963
43,NORMA-19523,964
43,NORMA-18748,965
43,NORMA-11760,966
43,NORMA-18502,967
43,NORMA-10629,968
43,NORMA-3281,969
43,NORMA-21699,970
43,NORMA-11556,971
43,NORMA-20602,972
43,NORMA-6082,973
43,NORMA-18204,974
43,NORMA-4519,975
43,NORMA-6488,976
43,NORMA-18673,977
43,NORMA-20183,978
43,NORMA-18802,979
43,NORMA-11735,980
43,NORMA-21389,981
43,NORMA-21499,982
43,NORMA-19456,983
43,NORMA-5893,984
43,NORMA-7390,985
43,NORMA-6410,986
43,NORMA-21668,987
43,NORMA-21139,988
43,NORMA-18807,989
43,NORMA-4424,990
43,NORMA-5518,991
43,NORMA-20197,992
43,NORMA-18492,993
43,NORMA-20865,994
43,NORMA-9595,995
43,NORMA-20844,996
43,NORMA-6268,997
43,NORMA-20460,998
43,NORMA-18361,999
43,NORMA-21085,1000
44,NORMA-19746,1
44,NORMA-18901,2
44,NORMA-18916,3
44,NORMA-19758,4
44,NORMA-21151,5
44,NORMA-21049,6
44,NORMA-19454,7
44,NORMA-19518,8
44,NORMA-19749,9
44,NORMA-20596,10
44,NORMA-19760,11
44,NORMA-4355,12
44,NORMA-19808,13
44,NORMA-4561,14
44,NORMA-5814,15
44,NORMA-19771,16
44,NORMA-4627,17
44,NORMA-4689,18
44,NORMA-5561,19
44,NORMA-5437,20
44,NORMA-19759,21
44,NORMA-5895,22
44,NORMA-3785,23
44,NORMA-18893,24
44,NORMA-14714,25
44,NORMA-25801,26
44,NORMA-19998,27
44,NORMA-27543,28
44,NORMA-26684,29
44,NORMA-14644,30
44,NORMA-13708,31
44,NORMA-7547,32
44,NORMA-10709,33
44,NORMA-19627,34
44,NORMA-13602,35
44,NORMA-19770,36
44,NORMA-6978,37
44,NORMA-23281,38
44,NORMA-16321,39
44,NORMA-15781,40
44,NORMA-15145,41
44,NORMA-15046,42
44,NORMA-28341,43
44,NORMA-14849,44
44,NORMA-12824,45
44,NORMA-14229,46
44,NORMA-15373,47
44,NORMA-14384,48
44,NORMA-13774,49
44,NORMA-19772,50
44,NORMA-10595,51
44,NORMA-13449,52
44,NORMA-13660,53
44,NORMA-3789,54
44,NORMA-14566,55
44,NORMA-6147,56
44,NORMA-14116,57
44,NORMA-11315,58
44,NORMA-11867,59
44,NORMA-14224,60
44,NORMA-6786,61
44,NORMA-7303,62
44,NORMA-19765,63
44,NORMA-5920,64
44,NORMA-11939,65
44,NORMA-13159,66
44,NORMA-12431,67
44,NORMA-6863,68
44,NORMA-14485,69
44,NORMA-15206,70
44,NORMA-13488,71
44,NORMA-9521,72
44,NORMA-15298,73
44,NORMA-13806,74
44,NORMA-15094,75
44,NORMA-14241,76
44,NORMA-9010,77
44,NORMA-8096,78
44,NORMA-11151,79
44,NORMA-7543,80
44,NORMA-17541,81
44,NORMA-6976,82
44,NORMA-7494,83
44,NORMA-10785,84
44,NORMA-5616,85
44,NORMA-9618,86
44,NORMA-6062,87
44,NORMA-5210,88
44,NORMA-7389,89
44,NORMA-6278,90
44,NORMA-6049,91
44,NORMA-4296,92
44,NORMA-5708,93
44,NORMA-18890,94
44,NORMA-6226,95
44,NORMA-7388,96
44,NORMA-19818,97
44,NORMA-15321,98
44,NORMA-6739,99
44,NORMA-6802,100
44,NORMA-12554,101
44,NORMA-13991,102
44,NORMA-5942,103
44,NORMA-9857,104
44,NORMA-13497,105
44,NORMA-13897,106
44,NORMA-8762,107
44,NORMA-6480,108
44,NORMA-3872,109
44,NORMA-7223,110
44,NORMA-14225,111
44,NORMA-11754,112
44,NORMA-13591,113
44,NORMA-25041,114
44,NORMA-20622,115
44,NORMA-3529,116
44,NORMA-3849,117
44,NORMA-11442,118
44,NORMA-4560,119
44,NORMA-5555,120
44,NORMA-4492,121
44,NORMA-7153,122
44,NORMA-5885,123
44,NORMA-14904,124
44,NORMA-4480,125
44,NORMA-19745,126
44,NORMA-22281,127
44,NORMA-12602,128
44,NORMA-5219,129
44,NORMA-20945,130
44,NORMA-19606,131
44,NORMA-15251,132
44,NORMA-14746,133
44,NORMA-3577,134
44,NORMA-5360,135
44,NORMA-10116,136
44,NORMA-10285,137
44,NORMA-27364,138
44,NORMA-11085,139
44,NORMA-8205,140
44,NORMA-5496,141
44,NORMA-14294,142
44,NORMA-6399,143
44,NORMA-5406,144
44,NORMA-20138,145
44,NORMA-13476,146
44,NORMA-15363,147
44,NORMA-5376,148
44,NORMA-8435,149
44,NORMA-15339,150
44,NORMA-9708,151
44,NORMA-6140,152
44,NORMA-9724,153
44,NORMA-7113,154
44,NORMA-17001,155
44,NORMA-7553,156
44,NORMA-13918,157
44,NORMA-21526,158
44,NORMA-13470,159
44,NORMA-27044,160
44,NORMA-5909,161
44,NORMA-5136,162
44,NORMA-19039,163
44,NORMA-6783,164
44,NORMA-11965,165
44,NORMA-7386,166
44,NORMA-7222,167
44,NORMA-12910,168
44,NORMA-10793,169
44,NORMA-9084,170
44,NORMA-19459,171
44,NORMA-7225,172
44,NORMA-10593,173
44,NORMA-19351,174
44,NORMA-10122,175
44,NORMA-8643,176
44,NORMA-19553,177
44,NORMA-4767,178
44,NORMA-8101,179
44,NORMA-7234,180
44,NORMA-6202,181
44,NORMA-14779,182
44,NORMA-9289,183
44,NORMA-4019,184
44,NORMA-7076,185
44,NORMA-21678,186
44,NORMA-8580,187
44,NORMA-21651,188
44,NORMA-24361,189
44,NORMA-12375,190
44,NORMA-19734,191
44,NORMA-15014,192
44,NORMA-13627,193
44,NORMA-6145,194
44,NORMA-6442,195
44,NORMA-18887,196
44,NORMA-19737,197
44,NORMA-19832,198
44,NORMA-6164,199
44,NORMA-21554,200
44,NORMA-19735,201
44,NORMA-19813,202
44,NORMA-19851,203
44,NORMA-19743,204
44,NORMA-20640,205
44,NORMA-19742,206
44,NORMA-10747,207
44,NORMA-19938,208
44,NORMA-10206,209
44,NORMA-15211,210
44,NORMA-18460,211
44,NORMA-19422,212
44,NORMA-19831,213
44,NORMA-12067,214
44,NORMA-20075,215
44,NORMA-20051,216
44,NORMA-19934,217
44,NORMA-19578,218
44,NORMA-19914,219
44,NORMA-20636,220
44,NORMA-20059,221
44,NORMA-14510,222
44,NORMA-11443,223
44,NORMA-19820,224
44,NORMA-15167,225
44,NORMA-5167,226
44,NORMA-20043,227
44,NORMA-18988,228
44,NORMA-21195,229
44,NORMA-13746,230
44,NORMA-14828,231
44,NORMA-10461,232
44,NORMA-19926,233
44,NORMA-14937,234
44,NORMA-20876,235
44,NORMA-19827,236
44,NORMA-9802,237
44,NORMA-18577,238
44,NORMA-18930,239
44,NORMA-13158,240
44,NORMA-19736,241
44,NORMA-5372,242
44,NORMA-13469,243
44,NORMA-4954,244
44,NORMA-14413,245
44,NORMA-10208,246
44,NORMA-20044,247
44,NORMA-19739,248
44,NORMA-15071,249
44,NORMA-20305,250
44,NORMA-18355,251
44,NORMA-20655,252
44,NORMA-20638,253
44,NORMA-21241,254
44,NORMA-19971,255
44,NORMA-20610,256
44,NORMA-18367,257
44,NORMA-8992,258
44,NORMA-15396,259
44,NORMA-27365,260
44,NORMA-12613,261
44,NORMA-21171,262
44,NORMA-13789,263
44,NORMA-18944,264
44,NORMA-25441,265
44,NORMA-23401,266
44,NORMA-19754,267
44,NORMA-13510,268
44,NORMA-4194,269
44,NORMA-18790,270
44,NORMA-630,271
44,NORMA-18558,272
44,NORMA-20226,273
44,NORMA-19306,274
44,NORMA-19098,275
44,NORMA-18308,276
44,NORMA-9332,277
44,NORMA-19935,278
44,NORMA-19790,279
44,NORMA-18587,280
44,NORMA-20932,281
44,NORMA-19022,282
44,NORMA-18262,283
44,NORMA-18235,284
44,NORMA-18285,285
44,NORMA-18369,286
44,NORMA-18586,287
44,NORMA-19025,288
44,NORMA-19023,289
44,NORMA-18469,290
44,NORMA-20521,291
44,NORMA-18470,292
44,NORMA-10380,293
44,NORMA-19763,294
44,NORMA-18257,295
44,NORMA-9672,296
44,NORMA-20935,297
44,NORMA-18258,298
44,NORMA-18704,299
44,NORMA-18373,300
44,NORMA-18711,301
44,NORMA-16202,302
44,NORMA-18256,303
44,NORMA-19097,304
44,NORMA-18714,305
44,NORMA-29261,306
44,NORMA-60,307
44,NORMA-12698,308
44,NORMA-18663,309
44,NORMA-29301,310
44,NORMA-20565,311
44,NORMA-18903,312
44,NORMA-20257,313
44,NORMA-9223,314
44,NORMA-20747,315
44,NORMA-29283,316
44,NORMA-18712,317
44,NORMA-18836,318
44,NORMA-23061,319
44,NORMA-19929,320
44,NORMA-19176,321
44,NORMA-25721,322
44,NORMA-24501,323
44,NORMA-3985,324
44,NORMA-19016,325
44,NORMA-18378,326
44,NORMA-7196,327
44,NORMA-18468,328
44,NORMA-3487,329
44,NORMA-20212,330
44,NORMA-18940,331
44,NORMA-18351,332
44,NORMA-20062,333
44,NORMA-18300,334
44,NORMA-19477,335
44,NORMA-21700,336
44,NORMA-17682,337
44,NORMA-21021,338
44,NORMA-19816,339
44,NORMA-18703,340
44,NORMA-18363,341
44,NORMA-2660,342
44,NORMA-18350,343
44,NORMA-7742,344
44,NORMA-27761,345
44,NORMA-19180,346
44,NORMA-11568,347
44,NORMA-20615,348
44,NORMA-18229,349
44,NORMA-19902,350
44,NORMA-18929,351
44,NORMA-11093,352
44,NORMA-18700,353
44,NORMA-20868,354
44,NORMA-18918,355
44,NORMA-18370,356
44,NORMA-18774,357
44,NORMA-12798,358
44,NORMA-18866,359
44,NORMA-5526,360
44,NORMA-5833,361
44,NORMA-19901,362
44,NORMA-3901,363
44,NORMA-18299,364
44,NORMA-18466,365
44,NORMA-18915,366
44,NORMA-23862,367
44,NORMA-14035,368
44,NORMA-19913,369
44,NORMA-18848,370
44,NORMA-20583,371
44,NORMA-20070,372
44,NORMA-5792,373
44,NORMA-19011,374
44,NORMA-21676,375
44,NORMA-3968,376
44,NORMA-19804,377
44,NORMA-10530,378
44,NORMA-6711,379
44,NORMA-18360,380
44,NORMA-15443,381
44,NORMA-18835,382
44,NORMA-18962,383
44,NORMA-19740,384
44,NORMA-20294,385
44,NORMA-7658,386
44,NORMA-19605,387
44,NORMA-19559,388
44,NORMA-20705,389
44,NORMA-12823,390
44,NORMA-18702,391
44,NORMA-18427,392
44,NORMA-19769,393
44,NORMA-24582,394
44,NORMA-19723,395
44,NORMA-18877,396
44,NORMA-5739,397
44,NORMA-21242,398
44,NORMA-4396,399
44,NORMA-20964,400
44,NORMA-4105,401
44,NORMA-20163,402
44,NORMA-18307,403
44,NORMA-9234,404
44,NORMA-19234,405
44,NORMA-19315,406
44,NORMA-18899,407
44,NORMA-19047,408
44,NORMA-20597,409
44,NORMA-18942,410
44,NORMA-18884,411
44,NORMA-19801,412
44,NORMA-13024,413
44,NORMA-7308,414
44,NORMA-20766,415
44,NORMA-6988,416
44,NORMA-19498,417
44,NORMA-20285,418
44,NORMA-18314,419
44,NORMA-19922,420
44,NORMA-21556,421
44,NORMA-21413,422
44,NORMA-20607,423
44,NORMA-18910,424
44,NORMA-19072,425
44,NORMA-18769,426
44,NORMA-20723,427
44,NORMA-19741,428
44,NORMA-21532,429
44,NORMA-19863,430
44,NORMA-19027,431
44,NORMA-20068,432
44,NORMA-20817,433
44,NORMA-19029,434
44,NORMA-7387,435
44,NORMA-4810,436
44,NORMA-21301,437
44,NORMA-21069,438
44,NORMA-19012,439
44,NORMA-20302,440
44,NORMA-6736,441
44,NORMA-19864,442
44,NORMA-14054,443
44,NORMA-19738,444
44,NORMA-18772,445
44,NORMA-21622,446
44,NORMA-20982,447
44,NORMA-19961,448
44,NORMA-20946,449
44,NORMA-14724,450
44,NORMA-3767,451
44,NORMA-11721,452
44,NORMA-8261,453
44,NORMA-11356,454
44,NORMA-6984,455
44,NORMA-12415,456
44,NORMA-18888,457
44,NORMA-8706,458
44,NORMA-12923,459
44,NORMA-13124,460
44,NORMA-18588,461
44,NORMA-12733,462
44,NORMA-13308,463
44,NORMA-19592,464
44,NORMA-27521,465
44,NORMA-4786,466
44,NORMA-20921,467
44,NORMA-21629,468
44,NORMA-25722,469
44,NORMA-21655,470
44,NORMA-20189,471
44,NORMA-36,472
44,NORMA-20236,473
44,NORMA-5736,474
44,NORMA-11556,475
44,NORMA-20602,476
44,NORMA-20580,477
44,NORMA-7307,478
44,NORMA-21178,479
44,NORMA-21309,480
44,NORMA-21208,481
44,NORMA-6856,482
44,NORMA-26841,483
44,NORMA-18254,484
44,NORMA-20690,485
44,NORMA-21072,486
44,NORMA-18474,487
44,NORMA-21499,488
44,NORMA-9984,489
44,NORMA-21468,490
44,NORMA-10691,491
44,NORMA-20284,492
44,NORMA-18974,493
44,NORMA-18826,494
44,NORMA-18838,495
44,NORMA-18927,496
44,NORMA-11627,497
44,NORMA-11665,498
44,NORMA-14263,499
44,NORMA-18868,500
44,NORMA-18906,501
44,NORMA-4780,502
44,NORMA-18361,503
44,NORMA-20914,504
44,NORMA-12952,505
44,NORMA-20963,506
44,NORMA-21141,507
44,NORMA-20073,508
44,NORMA-19798,509
44,NORMA-5930,510
44,NORMA-3503,511
44,NORMA-3582,512
44,NORMA-5157,513
44,NORMA-20778,514
44,NORMA-21691,515
44,NORMA-19933,516
44,NORMA-13402,517
44,NORMA-19940,518
44,NORMA-7358,519
44,NORMA-21669,520
44,NORMA-923,521
44,NORMA-5600,522
44,NORMA-19985,523
44,NORMA-21255,524
44,NORMA-21274,525
44,NORMA-28362,526
44,NORMA-22862,527
44,NORMA-9166,528
44,NORMA-20087,529
44,NORMA-5269,530
44,NORMA-13106,531
44,NORMA-19959,532
44,NORMA-21725,533
44,NORMA-18669,534
44,NORMA-21386,535
44,NORMA-27001,536
44,NORMA-13797,537
44,NORMA-5490,538
44,NORMA-18748,539
44,NORMA-19177,540
44,NORMA-21409,541
44,NORMA-26701,542
44,NORMA-4035,543
44,NORMA-4428,544
44,NORMA-19600,545
44,NORMA-19629,546
44,NORMA-20046,547
44,NORMA-8027,548
44,NORMA-19948,549
44,NORMA-7535,550
44,NORMA-7466,551
44,NORMA-20999,552
44,NORMA-21275,553
44,NORMA-6958,554
44,NORMA-19426,555
44,NORMA-12872,556
44,NORMA-19941,557
44,NORMA-18462,558
44,NORMA-19105,559
44,NORMA-6050,560
44,NORMA-21305,561
44,NORMA-26881,562
44,NORMA-21647,563
44,NORMA-14498,564
44,NORMA-229,565
44,NORMA-19512,566
44,NORMA-19337,567
44,NORMA-19915,568
44,NORMA-20928,569
44,NORMA-8266,570
44,NORMA-19979,571
44,NORMA-18685,572
44,NORMA-228,573
44,NORMA-18934,574
44,NORMA-20880,575
44,NORMA-18937,576
44,NORMA-21638,577
44,NORMA-20936,578
44,NORMA-21762,579
44,NORMA-21132,580
44,NORMA-19303,581
44,NORMA-21683,582
44,NORMA-21065,583
44,NORMA-802,584
44,NORMA-2563,585
44,NORMA-19809,586
44,NORMA-21684,587
44,NORMA-2089,588
44,NORMA-59,589
44,NORMA-660,590
44,NORMA-801,591
44,NORMA-2013,592
44,NORMA-15561,593
44,NORMA-2185,594
44,NORMA-18554,595
44,NORMA-6804,596
44,NORMA-1611,597
44,NORMA-835,598
44,NORMA-7362,599
44,NORMA-20223,600
44,NORMA-554,601
44,NORMA-18529,602
44,NORMA-1471,603
44,NORMA-8214,604
44,NORMA-19542,605
44,NORMA-4039,606
44,NORMA-18221,607
44,NORMA-6948,608
44,NORMA-20598,609
44,NORMA-21389,610
44,NORMA-21586,611
44,NORMA-7617,612
44,NORMA-20581,613
44,NORMA-3739,614
44,NORMA-20196,615
44,NORMA-18211,616
44,NORMA-12965,617
44,NORMA-20258,618
44,NORMA-21408,619
44,NORMA-8028,620
44,NORMA-21227,621
44,NORMA-20557,622
44,NORMA-21659,623
44,NORMA-20704,624
44,NORMA-15234,625
44,NORMA-18303,626
44,NORMA-19939,627
44,NORMA-13954,628
44,NORMA-2158,629
44,NORMA-28586,630
44,NORMA-20916,631
44,NORMA-18815,632
44,NORMA-21026,633
44,NORMA-19930,634
44,NORMA-11598,635
44,NORMA-6641,636
44,NORMA-10767,637
44,NORMA-21402,638
44,NORMA-9792,639
44,NORMA-12657,640
44,NORMA-6321,641
44,NORMA-6644,642
44,NORMA-18989,643
44,NORMA-7835,644
44,NORMA-21185,645
44,NORMA-19442,646
44,NORMA-1740,647
44,NORMA-7117,648
44,NORMA-21791,649
44,NORMA-20494,650
44,NORMA-21624,651
44,NORMA-21584,652
44,NORMA-6257,653
44,NORMA-6343,654
44,NORMA-20730,655
44,NORMA-14661,656
44,NORMA-7110,657
44,NORMA-21434,658
44,NORMA-3979,659
44,NORMA-20098,660
44,NORMA-20616,661
44,NORMA-4822,662
44,NORMA-14240,663
44,NORMA-14463,664
44,NORMA-9920,665
44,NORMA-2517,666
44,NORMA-21157,667
44,NORMA-20139,668
44,NORMA-20569,669
44,NORMA-3241,670
44,NORMA-7704,671
44,NORMA-18208,672
44,NORMA-18694,673
44,NORMA-20924,674
44,NORMA-5170,675
44,NORMA-18709,676
44,NORMA-20790,677
44,NORMA-21344,678
44,NORMA-6880,679
44,NORMA-21252,680
44,NORMA-20432,681
44,NORMA-6318,682
44,NORMA-21418,683
44,NORMA-18456,684
44,NORMA-9248,685
44,NORMA-19667,686
44,NORMA-19436,687
44,NORMA-18870,688
44,NORMA-21637,689
44,NORMA-19205,690
44,NORMA-7880,691
44,NORMA-21648,692
44,NORMA-18827,693
44,NORMA-13174,694
44,NORMA-19416,695
44,NORMA-21278,696
44,NORMA-7892,697
44,NORMA-21420,698
44,NORMA-11417,699
44,NORMA-20865,700
44,NORMA-21496,701
44,NORMA-18217,702
44,NORMA-7149,703
44,NORMA-19646,704
44,NORMA-6955,705
44,NORMA-6758,706
44,NORMA-19329,707
44,NORMA-8522,708
44,NORMA-20183,709
44,NORMA-6185,710
44,NORMA-21150,711
44,NORMA-5421,712
44,NORMA-20720,713
44,NORMA-6379,714
44,NORMA-13363,715
44,NORMA-7607,716
44,NORMA-19981,717
44,NORMA-18284,718
44,NORMA-19942,719
44,NORMA-21312,720
44,NORMA-20985,721
44,NORMA-19843,722
44,NORMA-19503,723
44,NORMA-9382,724
44,NORMA-4710,725
44,NORMA-9893,726
44,NORMA-20917,727
44,NORMA-11655,728
44,NORMA-14239,729
44,NORMA-21562,730
44,NORMA-12152,731
44,NORMA-6954,732
44,NORMA-19682,733
44,NORMA-6645,734
44,NORMA-18293,735
44,NORMA-21276,736
44,NORMA-20056,737
44,NORMA-10708,738
44,NORMA-2546,739
44,NORMA-6082,740
44,NORMA-18302,741
44,NORMA-19715,742
44,NORMA-6199,743
44,NORMA-18531,744
44,NORMA-10490,745
44,NORMA-6142,746
44,NORMA-21218,747
44,NORMA-19095,748
44,NORMA-19181,749
44,NORMA-21012,750
44,NORMA-2184,751
44,NORMA-21515,752
44,NORMA-18403,753
44,NORMA-20300,754
44,NORMA-19391,755
44,NORMA-19245,756
44,NORMA-6509,757
44,NORMA-15237,758
44,NORMA-20902,759
44,NORMA-18605,760
44,NORMA-7651,761
44,NORMA-4818,762
44,NORMA-18747,763
44,NORMA-19566,764
44,NORMA-18646,765
44,NORMA-12195,766
44,NORMA-6962,767
44,NORMA-19730,768
44,NORMA-9823,769
44,NORMA-21073,770
44,NORMA-9336,771
44,NORMA-10622,772
44,NORMA-21756,773
44,NORMA-18434,774
44,NORMA-8902,775
44,NORMA-21249,776
44,NORMA-10794,777
44,NORMA-19704,778
44,NORMA-9834,779
44,NORMA-13323,780
44,NORMA-20369,781
44,NORMA-19546,782
44,NORMA-18654,783
44,NORMA-8989,784
44,NORMA-29005,785
44,NORMA-19515,786
44,NORMA-21367,787
44,NORMA-21553,788
44,NORMA-6621,789
44,NORMA-18545,790
44,NORMA-21361,791
44,NORMA-11814,792
44,NORMA-20205,793
44,NORMA-20316,794
44,NORMA-19221,795
44,NORMA-12038,796
44,NORMA-10309,797
44,NORMA-18780,798
44,NORMA-21114,799
44,NORMA-19081,800
44,NORMA-20474,801
44,NORMA-19152,802
44,NORMA-12060,803
44,NORMA-19883,804
44,NORMA-19021,805
44,NORMA-21131,806
44,NORMA-20503,807
44,NORMA-20376,808
44,NORMA-20349,809
44,NORMA-18479,810
44,NORMA-5661,811
44,NORMA-21634,812
44,NORMA-3654,813
44,NORMA-20488,814
44,NORMA-18446,815
44,NORMA-21217,816
44,NORMA-21279,817
44,NORMA-20359,818
44,NORMA-19574,819
44,NORMA-10063,820
44,NORMA-21224,821
44,NORMA-20465,822
44,NORMA-20460,823
44,NORMA-20473,824
44,NORMA-19431,825
44,NORMA-20487,826
44,NORMA-19192,827
44,NORMA-21608,828
44,NORMA-18648,829
44,NORMA-10221,830
44,NORMA-21419,831
44,NORMA-9041,832
44,NORMA-20482,833
44,NORMA-19212,834
44,NORMA-19096,835
44,NORMA-21626,836
44,NORMA-21211,837
44,NORMA-462,838
44,NORMA-19573,839
44,NORMA-21550,840
44,NORMA-20995,841
44,NORMA-10085,842
44,NORMA-21521,843
44,NORMA-21484,844
44,NORMA-20941,845
44,NORMA-21135,846
44,NORMA-21253,847
44,NORMA-21783,848
44,NORMA-20397,849
44,NORMA-20480,850
44,NORMA-21519,851
44,NORMA-21236,852
44,NORMA-21352,853
45,NORMA-19329,1
45,NORMA-19245,2
45,NORMA-19316,3
45,NORMA-19704,4
45,NORMA-6322,5
45,NORMA-18696,6
45,NORMA-13635,7
45,NORMA-6674,8
45,NORMA-21279,9
45,NORMA-21477,10
45,NORMA-19158,11
45,NORMA-21616,12
45,NORMA-19356,13
45,NORMA-21531,14
45,NORMA-19558,15
45,NORMA-21714,16
45,NORMA-21342,17
45,NORMA-21681,18
45,NORMA-21422,19
45,NORMA-19535,20
45,NORMA-12230,21
45,NORMA-11784,22
45,NORMA-12231,23
45,NORMA-12041,24
45,NORMA-12011,25
45,NORMA-11788,26
45,NORMA-11852,27
45,NORMA-12233,28
45,NORMA-12007,29
45,NORMA-18722,30
45,NORMA-12000,31
45,NORMA-12003,32
45,NORMA-7381,33
45,NORMA-5421,34
45,NORMA-11683,35
45,NORMA-11630,36
45,NORMA-11778,37
45,NORMA-4710,38
45,NORMA-6199,39
45,NORMA-12229,40
45,NORMA-7384,41
45,NORMA-20300,42
45,NORMA-19905,43
45,NORMA-8027,44
45,NORMA-20198,45
45,NORMA-7466,46
45,NORMA-889,47
45,NORMA-4423,48
45,NORMA-20225,49
45,NORMA-21326,50
45,NORMA-21183,51
45,NORMA-19061,52
45,NORMA-19435,53
45,NORMA-28981,54
45,NORMA-19309,55
45,NORMA-21324,56
45,NORMA-21468,57
45,NORMA-21773,58
45,NORMA-11759,59
45,NORMA-25621,60
45,NORMA-12087,61
45,NORMA-6668,62
45,NORMA-4275,63
45,NORMA-19407,64
45,NORMA-19282,65
45,NORMA-20963,66
45,NORMA-20863,67
45,NORMA-19642,68
45,NORMA-21497,69
45,NORMA-20799,70
45,NORMA-21623,71
45,NORMA-12495,72
45,NORMA-6023,73
45,NORMA-6675,74
45,NORMA-7149,75
45,NORMA-20697,76
45,NORMA-11888,77
45,NORMA-6774,78
45,NORMA-18776,79
45,NORMA-18968,80
45,NORMA-9110,81
45,NORMA-7942,82
45,NORMA-21108,83
45,NORMA-9670,84
45,NORMA-19645,85
45,NORMA-19306,86
45,NORMA-7382,87
45,NORMA-24885,88
45,NORMA-19408,89
45,NORMA-4091,90
45,NORMA-21159,91
45,NORMA-19000,92
45,NORMA-20810,93
45,NORMA-19310,94
45,NORMA-6775,95
45,NORMA-18663,96
45,NORMA-6969,97
45,NORMA-7018,98
45,NORMA-20737,99
45,NORMA-3551,100
45,NORMA-24905,101
45,NORMA-19417,102
45,NORMA-21369,103
45,NORMA-19237,104
45,NORMA-14786,105
45,NORMA-18629,106
45,NORMA-18996,107
45,NORMA-6092,108
45,NORMA-6410,109
45,NORMA-20734,110
45,NORMA-4424,111
45,NORMA-20068,112
45,NORMA-19583,113
45,NORMA-6755,114
45,NORMA-3638,115
45,NORMA-5428,116
45,NORMA-19657,117
45,NORMA-19134,118
45,NORMA-18847,119
45,NORMA-6344,120
45,NORMA-8522,121
45,NORMA-20813,122
45,NORMA-2428,123
45,NORMA-19047,124
45,NORMA-9821,125
45,NORMA-21007,126
45,NORMA-12867,127
45,NORMA-15211,128
45,NORMA-19615,129
45,NORMA-19668,130
45,NORMA-12161,131
45,NORMA-20605,132
45,NORMA-21548,133
45,NORMA-4075,134
45,NORMA-21097,135
45,NORMA-19927,136
45,NORMA-18305,137
45,NORMA-3472,138
45,NORMA-14937,139
45,NORMA-8077,140
45,NORMA-1315,141
45,NORMA-19225,142
45,NORMA-13801,143
45,NORMA-12024,144
45,NORMA-20984,145
45,NORMA-12032,146
45,NORMA-18779,147
45,NORMA-18765,148
45,NORMA-18459,149
45,NORMA-18392,150
45,NORMA-4221,151
45,NORMA-11474,152
45,NORMA-13158,153
45,NORMA-13390,154
45,NORMA-11000,155
45,NORMA-11527,156
45,NORMA-12067,157
45,NORMA-4711,158
45,NORMA-18530,159
45,NORMA-13469,160
45,NORMA-4746,161
45,NORMA-21042,162
45,NORMA-11417,163
45,NORMA-21096,164
45,NORMA-7525,165
45,NORMA-20992,166
45,NORMA-16202,167
45,NORMA-5586,168
45,NORMA-20064,169
45,NORMA-18237,170
45,NORMA-27761,171
45,NORMA-14054,172
45,NORMA-19351,173
45,NORMA-21283,174
45,NORMA-1313,175
45,NORMA-10821,176
45,NORMA-20056,177
45,NORMA-3642,178
45,NORMA-11086,179
45,NORMA-20079,180
45,NORMA-20880,181
45,NORMA-18773,182
45,NORMA-18449,183
45,NORMA-10878,184
45,NORMA-9384,185
45,NORMA-18838,186
45,NORMA-8203,187
45,NORMA-13552,188
45,NORMA-19422,189
45,NORMA-18408,190
45,NORMA-6170,191
45,NORMA-4412,192
45,NORMA-4909,193
45,NORMA-21444,194
45,NORMA-6895,195
45,NORMA-27063,196
45,NORMA-21018,197
45,NORMA-21547,198
45,NORMA-4041,199
45,NORMA-14302,200
45,NORMA-27045,201
45,NORMA-4514,202
45,NORMA-21146,203
45,NORMA-13534,204
45,NORMA-5626,205
45,NORMA-14874,206
45,NORMA-15045,207
45,NORMA-23682,208
45,NORMA-14542,209
45,NORMA-18415,210
45,NORMA-20990,211
45,NORMA-20817,212
45,NORMA-6032,213
45,NORMA-19553,214
45,NORMA-21208,215
45,NORMA-21242,216
45,NORMA-4476,217
45,NORMA-3824,218
45,NORMA-4249,219
45,NORMA-20247,220
45,NORMA-14462,221
45,NORMA-21185,222
45,NORMA-21088,223
45,NORMA-4830,224
45,NORMA-3966,225
45,NORMA-19570,226
45,NORMA-8885,227
45,NORMA-20785,228
45,NORMA-20691,229
45,NORMA-7194,230
45,NORMA-4394,231
45,NORMA-20624,232
45,NORMA-4379,233
45,NORMA-6126,234
45,NORMA-21002,235
45,NORMA-18358,236
45,NORMA-21003,237
45,NORMA-4219,238
45,NORMA-20774,239
45,NORMA-18217,240
45,NORMA-19629,241
45,NORMA-8937,242
45,NORMA-602,243
45,NORMA-21402,244
45,NORMA-3907,245
45,NORMA-7145,246
45,NORMA-18209,247
45,NORMA-5494,248
45,NORMA-7241,249
45,NORMA-20657,250
45,NORMA-21092,251
45,NORMA-5629,252
45,NORMA-18431,253
45,NORMA-27384,254
45,NORMA-21026,255
45,NORMA-21068,256
45,NORMA-14293,257
45,NORMA-18822,258
45,NORMA-21260,259
45,NORMA-18284,260
45,NORMA-7993,261
45,NORMA-3478,262
45,NORMA-1154,263
45,NORMA-5852,264
45,NORMA-8556,265
45,NORMA-11236,266
45,NORMA-13797,267
45,NORMA-27341,268
45,NORMA-19459,269
45,NORMA-5737,270
45,NORMA-20786,271
45,NORMA-8080,272
45,NORMA-18898,273
45,NORMA-21082,274
45,NORMA-21526,275
45,NORMA-18393,276
45,NORMA-20293,277
45,NORMA-14932,278
45,NORMA-11087,279
45,NORMA-12820,280
45,NORMA-21291,281
45,NORMA-25682,282
45,NORMA-8774,283
45,NORMA-3559,284
45,NORMA-21564,285
45,NORMA-18441,286
45,NORMA-21130,287
45,NORMA-4868,288
45,NORMA-21147,289
45,NORMA-20630,290
45,NORMA-19959,291
45,NORMA-21297,292
45,NORMA-18386,293
45,NORMA-20196,294
45,NORMA-4273,295
45,NORMA-15644,296
45,NORMA-27022,297
45,NORMA-7967,298
45,NORMA-7214,299
45,NORMA-21206,300
45,NORMA-1260,301
45,NORMA-7962,302
45,NORMA-18833,303
45,NORMA-20284,304
45,NORMA-21065,305
45,NORMA-5465,306
45,NORMA-8035,307
45,NORMA-21256,308
45,NORMA-18992,309
45,NORMA-18348,310
45,NORMA-18220,311
45,NORMA-18211,312
45,NORMA-28561,313
45,NORMA-3820,314
45,NORMA-21554,315
45,NORMA-8825,316
45,NORMA-18814,317
45,NORMA-3821,318
45,NORMA-21678,319
45,NORMA-21651,320
45,NORMA-20777,321
45,NORMA-14279,322
45,NORMA-5605,323
45,NORMA-21247,324
45,NORMA-14801,325
45,NORMA-21071,326
45,NORMA-10219,327
45,NORMA-11731,328
45,NORMA-6276,329
45,NORMA-4236,330
45,NORMA-15921,331
45,NORMA-4542,332
45,NORMA-19824,333
45,NORMA-3503,334
45,NORMA-20622,335
45,NORMA-18605,336
45,NORMA-20780,337
45,NORMA-9681,338
45,NORMA-20901,339
45,NORMA-20922,340
45,NORMA-19972,341
45,NORMA-6015,342
45,NORMA-9067,343
45,NORMA-8088,344
45,NORMA-4588,345
45,NORMA-20818,346
45,NORMA-20138,347
45,NORMA-20070,348
45,NORMA-9785,349
45,NORMA-20190,350
45,NORMA-21110,351
45,NORMA-20911,352
45,NORMA-12851,353
45,NORMA-9573,354
45,NORMA-20058,355
45,NORMA-21762,356
45,NORMA-15901,357
45,NORMA-21683,358
45,NORMA-11882,359
45,NORMA-5872,360
45,NORMA-21264,361
45,NORMA-20139,362
45,NORMA-5280,363
45,NORMA-19683,364
45,NORMA-6006,365
45,NORMA-19281,366
45,NORMA-4630,367
45,NORMA-21386,368
45,NORMA-9595,369
45,NORMA-4859,370
45,NORMA-18378,371
45,NORMA-19530,372
45,NORMA-19337,373
45,NORMA-21684,374
45,NORMA-28001,375
45,NORMA-18497,376
45,NORMA-18335,377
45,NORMA-20677,378
45,NORMA-19714,379
45,NORMA-20762,380
45,NORMA-8315,381
45,NORMA-265,382
45,NORMA-19266,383
45,NORMA-20977,384
45,NORMA-18994,385
45,NORMA-21384,386
45,NORMA-19238,387
45,NORMA-15561,388
45,NORMA-19405,389
45,NORMA-7164,390
45,NORMA-20239,391
45,NORMA-18960,392
45,NORMA-19300,393
45,NORMA-14390,394
45,NORMA-21344,395
45,NORMA-12437,396
45,NORMA-9888,397
45,NORMA-18904,398
45,NORMA-835,399
45,NORMA-8570,400
45,NORMA-4639,401
45,NORMA-20996,402
45,NORMA-10745,403
45,NORMA-11576,404
45,NORMA-10590,405
45,NORMA-18748,406
45,NORMA-1471,407
45,NORMA-20803,408
45,NORMA-19662,409
45,NORMA-10534,410
45,NORMA-11524,411
45,NORMA-18371,412
45,NORMA-19979,413
45,NORMA-20993,414
45,NORMA-20802,415
45,NORMA-18224,416
45,NORMA-1534,417
45,NORMA-19700,418
45,NORMA-6753,419
45,NORMA-20936,420
45,NORMA-20908,421
45,NORMA-8573,422
45,NORMA-10347,423
45,NORMA-11574,424
45,NORMA-18436,425
45,NORMA-19718,426
45,NORMA-21197,427
45,NORMA-18350,428
45,NORMA-21389,429
45,NORMA-18474,430
45,NORMA-28584,431
45,NORMA-20914,432
45,NORMA-11292,433
45,NORMA-6488,434
45,NORMA-20577,435
45,NORMA-8687,436
45,NORMA-20036,437
45,NORMA-20291,438
45,NORMA-19787,439
45,NORMA-3663,440
45,NORMA-7765,441
45,NORMA-19967,442
45,NORMA-14718,443
45,NORMA-20812,444
45,NORMA-4425,445
45,NORMA-21248,446
45,NORMA-61,447
45,NORMA-92,448
45,NORMA-5031,449
45,NORMA-6268,450
45,NORMA-6710,451
45,NORMA-21126,452
45,NORMA-18843,453
45,NORMA-5356,454
45,NORMA-7095,455
45,NORMA-558,456
45,NORMA-19295,457
45,NORMA-21186,458
45,NORMA-18988,459
45,NORMA-1863,460
45,NORMA-2005,461
45,NORMA-19903,462
45,NORMA-20960,463
45,NORMA-8814,464
45,NORMA-10066,465
45,NORMA-21212,466
45,NORMA-6343,467
45,NORMA-20879,468
45,NORMA-13508,469
45,NORMA-13402,470
45,NORMA-20172,471
45,NORMA-13954,472
45,NORMA-2158,473
45,NORMA-19581,474
45,NORMA-15339,475
45,NORMA-3979,476
45,NORMA-21519,477
45,NORMA-19182,478
45,NORMA-20623,479
45,NORMA-20144,480
45,NORMA-20452,481
45,NORMA-11739,482
45,NORMA-20619,483
45,NORMA-19853,484
45,NORMA-20887,485
45,NORMA-18989,486
45,NORMA-19211,487
45,NORMA-4112,488
45,NORMA-778,489
45,NORMA-11472,490
45,NORMA-19703,491
45,NORMA-11813,492
45,NORMA-18709,493
45,NORMA-19056,494
45,NORMA-6318,495
45,NORMA-20877,496
45,NORMA-19684,497
45,NORMA-21624,498
45,NORMA-12060,499
45,NORMA-20561,500
45,NORMA-20241,501
45,NORMA-21544,502
45,NORMA-18319,503
45,NORMA-9588,504
45,NORMA-10123,505
45,NORMA-20238,506
45,NORMA-19233,507
45,NORMA-1994,508
45,NORMA-13048,509
45,NORMA-6395,510
45,NORMA-19039,511
45,NORMA-21652,512
45,NORMA-21317,513
45,NORMA-20167,514
45,NORMA-7390,515
45,NORMA-21403,516
45,NORMA-21698,517
45,NORMA-1740,518
45,NORMA-20921,519
45,NORMA-19028,520
45,NORMA-5235,521
45,NORMA-11876,522
45,NORMA-20800,523
45,NORMA-1421,524
45,NORMA-13106,525
45,NORMA-21086,526
45,NORMA-8575,527
45,NORMA-21437,528
45,NORMA-21114,529
45,NORMA-21638,530
45,NORMA-21418,531
45,NORMA-19983,532
45,NORMA-21069,533
45,NORMA-21139,534
45,NORMA-20920,535
45,NORMA-13586,536
45,NORMA-5721,537
45,NORMA-21537,538
45,NORMA-13472,539
45,NORMA-20082,540
45,NORMA-4356,541
45,NORMA-20521,542
45,NORMA-11476,543
45,NORMA-18724,544
45,NORMA-11418,545
45,NORMA-13218,546
45,NORMA-2517,547
45,NORMA-20859,548
45,NORMA-11736,549
45,NORMA-19330,550
45,NORMA-3241,551
45,NORMA-6521,552
45,NORMA-6851,553
45,NORMA-21581,554
45,NORMA-12566,555
45,NORMA-14890,556
45,NORMA-6291,557
45,NORMA-21608,558
45,NORMA-20234,559
45,NORMA-18385,560
45,NORMA-20184,561
45,NORMA-21337,562
45,NORMA-20601,563
45,NORMA-18878,564
45,NORMA-5170,565
45,NORMA-21170,566
45,NORMA-20706,567
45,NORMA-5600,568
45,NORMA-4538,569
45,NORMA-11901,570
45,NORMA-12872,571
45,NORMA-21028,572
45,NORMA-6672,573
45,NORMA-19606,574
45,NORMA-13809,575
45,NORMA-18381,576
45,NORMA-20995,577
45,NORMA-7007,578
45,NORMA-12957,579
45,NORMA-11798,580
45,NORMA-18762,581
45,NORMA-21751,582
45,NORMA-27981,583
45,NORMA-25541,584
45,NORMA-7622,585
45,NORMA-20961,586
45,NORMA-11505,587
45,NORMA-15152,588
45,NORMA-8193,589
45,NORMA-571,590
45,NORMA-7866,591
45,NORMA-14345,592
45,NORMA-13165,593
45,NORMA-19807,594
45,NORMA-5247,595
45,NORMA-21627,596
45,NORMA-8398,597
45,NORMA-14616,598
45,NORMA-14974,599
45,NORMA-2168,600
45,NORMA-18203,601
45,NORMA-23361,602
45,NORMA-13995,603
45,NORMA-20845,604
45,NORMA-26881,605
45,NORMA-19551,606
45,NORMA-20385,607
45,NORMA-4882,608
45,NORMA-21521,609
45,NORMA-11607,610
45,NORMA-20221,611
45,NORMA-15239,612
45,NORMA-14951,613
45,NORMA-20558,614
45,NORMA-20638,615
45,NORMA-8751,616
45,NORMA-21523,617
45,NORMA-21580,618
45,NORMA-13151,619
45,NORMA-4648,620
45,NORMA-5906,621
45,NORMA-23381,622
45,NORMA-21267,623
45,NORMA-6724,624
45,NORMA-21482,625
45,NORMA-573,626
45,NORMA-21327,627
45,NORMA-5785,628
45,NORMA-15701,629
45,NORMA-2589,630
45,NORMA-21605,631
45,NORMA-21210,632
45,NORMA-6579,633
45,NORMA-21215,634
45,NORMA-7359,635
45,NORMA-782,636
45,NORMA-21237,637
45,NORMA-6573,638
45,NORMA-5192,639
45,NORMA-21649,640
45,NORMA-15027,641
45,NORMA-18839,642
45,NORMA-21392,643
45,NORMA-21572,644
45,NORMA-20049,645
45,NORMA-20381,646
45,NORMA-6708,647
45,NORMA-21750,648
45,NORMA-6949,649
45,NORMA-21401,650
45,NORMA-28961,651
45,NORMA-21463,652
45,NORMA-8433,653
45,NORMA-8597,654
45,NORMA-19106,655
45,NORMA-19980,656
45,NORMA-19780,657
45,NORMA-20842,658
45,NORMA-20616,659
45,NORMA-6143,660
45,NORMA-20281,661
45,NORMA-19978,662
45,NORMA-21216,663
45,NORMA-18947,664
45,NORMA-616,665
45,NORMA-7448,666
45,NORMA-19610,667
45,NORMA-19705,668
45,NORMA-18269,669
45,NORMA-13309,670
45,NORMA-2425,671
45,NORMA-11232,672
45,NORMA-21410,673
45,NORMA-5214,674
45,NORMA-7925,675
45,NORMA-19782,676
45,NORMA-5809,677
45,NORMA-9194,678
45,NORMA-20483,679
45,NORMA-20631,680
45,NORMA-576,681
45,NORMA-2567,682
45,NORMA-19793,683
45,NORMA-20888,684
45,NORMA-21715,685
45,NORMA-19998,686
45,NORMA-19209,687
45,NORMA-968,688
45,NORMA-3501,689
45,NORMA-20408,690
45,NORMA-16382,691
45,NORMA-18351,692
45,NORMA-21764,693
45,NORMA-21700,694
45,NORMA-21718,695
45,NORMA-18808,696
45,NORMA-20670,697
45,NORMA-4312,698
45,NORMA-8198,699
45,NORMA-20736,700
45,NORMA-21707,701
45,NORMA-18697,702
45,NORMA-18537,703
45,NORMA-3796,704
45,NORMA-21640,705
45,NORMA-18633,706
45,NORMA-18603,707
45,NORMA-7100,708
45,NORMA-5816,709
45,NORMA-19465,710
45,NORMA-8947,711
45,NORMA-19497,712
45,NORMA-8224,713
45,NORMA-6638,714
45,NORMA-8878,715
45,NORMA-5381,716
45,NORMA-13903,717
45,NORMA-20816,718
45,NORMA-18434,719
45,NORMA-19641,720
45,NORMA-1212,721
45,NORMA-21129,722
45,NORMA-18751,723
45,NORMA-607,724
45,NORMA-4175,725
45,NORMA-15272,726
45,NORMA-19652,727
45,NORMA-19977,728
45,NORMA-11350,729
45,NORMA-8410,730
45,NORMA-7803,731
45,NORMA-14499,732
45,NORMA-19964,733
45,NORMA-18985,734
45,NORMA-20940,735
45,NORMA-20446,736
45,NORMA-28203,737
45,NORMA-21270,738
45,NORMA-9312,739
45,NORMA-19403,740
45,NORMA-14587,741
45,NORMA-9890,742
45,NORMA-20377,743
45,NORMA-7977,744
45,NORMA-1840,745
45,NORMA-15134,746
45,NORMA-7430,747
45,NORMA-24481,748
45,NORMA-16421,749
45,NORMA-1648,750
45,NORMA-20242,751
45,NORMA-19479,752
45,NORMA-7711,753
45,NORMA-21102,754
45,NORMA-14725,755
45,NORMA-18829,756
45,NORMA-19764,757
45,NORMA-11990,758
45,NORMA-18818,759
45,NORMA-8298,760
45,NORMA-14446,761
45,NORMA-11928,762
45,NORMA-11445,763
45,NORMA-10876,764
45,NORMA-11199,765
45,NORMA-6634,766
45,NORMA-18594,767
45,NORMA-19924,768
45,NORMA-12685,769
45,NORMA-21674,770
45,NORMA-19268,771
45,NORMA-19727,772
45,NORMA-21455,773
45,NORMA-21543,774
45,NORMA-11180,775
45,NORMA-23581,776
45,NORMA-14430,777
45,NORMA-9516,778
45,NORMA-18398,779
45,NORMA-21128,780
45,NORMA-643,781
45,NORMA-20323,782
45,NORMA-21673,783
45,NORMA-19690,784
45,NORMA-19100,785
45,NORMA-19576,786
45,NORMA-19835,787
45,NORMA-6962,788
45,NORMA-19613,789
45,NORMA-15649,790
45,NORMA-18427,791
45,NORMA-21553,792
45,NORMA-19954,793
45,NORMA-21442,794
45,NORMA-2103,795
45,NORMA-18448,796
45,NORMA-2064,797
45,NORMA-20663,798
45,NORMA-18707,799
45,NORMA-9641,800
45,NORMA-5287,801
45,NORMA-1998,802
45,NORMA-19834,803
45,NORMA-20118,804
45,NORMA-21037,805
45,NORMA-15656,806
45,NORMA-12522,807
45,NORMA-21493,808
45,NORMA-20832,809
45,NORMA-19823,810
45,NORMA-18871,811
45,NORMA-8330,812
45,NORMA-6861,813
45,NORMA-5006,814
45,NORMA-19083,815
45,NORMA-18920,816
45,NORMA-19721,817
45,NORMA-21501,818
45,NORMA-21305,819
45,NORMA-19969,820
45,NORMA-26124,821
45,NORMA-463,822
45,NORMA-19589,823
45,NORMA-7917,824
45,NORMA-16268,825
45,NORMA-11839,826
45,NORMA-9290,827
45,NORMA-18599,828
45,NORMA-18338,829
45,NORMA-20664,830
45,NORMA-19862,831
45,NORMA-4792,832
45,NORMA-2555,833
45,NORMA-25421,834
45,NORMA-15722,835
45,NORMA-20658,836
45,NORMA-21535,837
45,NORMA-19171,838
45,NORMA-4500,839
45,NORMA-18811,840
45,NORMA-26882,841
45,NORMA-21658,842
45,NORMA-19326,843
45,NORMA-3688,844
45,NORMA-20951,845
45,NORMA-27549,846
45,NORMA-27642,847
45,NORMA-26781,848
45,NORMA-25402,849
45,NORMA-15347,850
45,NORMA-21498,851
45,NORMA-18620,852
45,NORMA-21244,853
45,NORMA-26783,854
45,NORMA-23964,855
45,NORMA-23121,856
45,NORMA-15745,857
45,NORMA-13344,858
45,NORMA-21565,859
45,NORMA-5432,860
45,NORMA-18514,861
45,NORMA-19567,862
45,NORMA-1298,863
45,NORMA-20669,864
45,NORMA-7838,865
45,NORMA-21281,866
45,NORMA-26782,867
45,NORMA-15741,868
45,NORMA-15462,869
45,NORMA-14057,870
45,NORMA-12745,871
45,NORMA-21222,872
45,NORMA-21045,873
45,NORMA-20848,874
45,NORMA-21176,875
45,NORMA-20267,876
45,NORMA-20066,877
45,NORMA-12956,878
45,NORMA-20147,879
45,NORMA-23122,880
45,NORMA-19907,881
45,NORMA-19511,882
45,NORMA-21221,883
45,NORMA-20952,884
45,NORMA-20438,885
45,NORMA-19849,886
45,NORMA-15602,887
45,NORMA-15423,888
45,NORMA-12696,889
45,NORMA-1660,890
45,NORMA-20937,891
45,NORMA-20676,892
45,NORMA-23103,893
45,NORMA-15422,894
45,NORMA-5430,895
45,NORMA-21182,896
45,NORMA-2066,897
45,NORMA-20069,898
45,NORMA-27682,899
45,NORMA-19114,900
45,NORMA-18636,901
45,NORMA-4422,902
45,NORMA-20114,903
45,NORMA-913,904
45,NORMA-10028,905
45,NORMA-7389,906
45,NORMA-20468,907
45,NORMA-28084,908
45,NORMA-14482,909
45,NORMA-21670,910
45,NORMA-10458,911
45,NORMA-11685,912
45,NORMA-7383,913
45,NORMA-4135,914
45,NORMA-20770,915
45,NORMA-580,916
45,NORMA-4943,917
45,NORMA-28083,918
45,NORMA-27783,919
45,NORMA-16023,920
45,NORMA-19054,921
45,NORMA-20655,922
45,NORMA-5026,923
45,NORMA-8386,924
45,NORMA-18331,925
45,NORMA-20749,926
45,NORMA-22981,927
45,NORMA-21779,928
45,NORMA-13108,929
45,NORMA-6821,930
45,NORMA-11737,931
45,NORMA-5617,932
45,NORMA-19094,933
45,NORMA-18526,934
45,NORMA-19971,935
45,NORMA-20440,936
45,NORMA-20610,937
45,NORMA-19185,938
45,NORMA-5225,939
45,NORMA-6673,940
45,NORMA-14290,941
45,NORMA-2559,942
45,NORMA-18607,943
45,NORMA-1072,944
45,NORMA-20939,945
45,NORMA-20685,946
45,NORMA-19890,947
45,NORMA-19131,948
45,NORMA-21703,949
45,NORMA-21610,950
45,NORMA-13805,951
45,NORMA-14292,952
45,NORMA-14431,953
45,NORMA-14612,954
45,NORMA-14291,955
45,NORMA-14003,956
45,NORMA-20045,957
45,NORMA-7896,958
45,NORMA-7365,959
45,NORMA-8592,960
45,NORMA-19052,961
45,NORMA-6887,962
45,NORMA-21174,963
45,NORMA-21625,964
45,NORMA-19184,965
45,NORMA-25401,966
45,NORMA-12511,967
45,NORMA-14611,968
45,NORMA-8949,969
45,NORMA-19166,970
45,NORMA-19501,971
45,NORMA-19616,972
45,NORMA-19572,973
45,NORMA-20441,974
45,NORMA-20042,975
45,NORMA-20025,976
45,NORMA-20168,977
45,NORMA-21789,978
45,NORMA-14516,979
45,NORMA-18990,980
45,NORMA-3834,981
45,NORMA-20181,982
45,NORMA-19424,983
45,NORMA-2076,984
45,NORMA-13322,985
45,NORMA-21447,986
45,NORMA-14578,987
45,NORMA-11835,988
45,NORMA-12276,989
45,NORMA-11726,990
45,NORMA-11175,991
45,NORMA-11336,992
45,NORMA-9687,993
45,NORMA-7769,994
45,NORMA-6780,995
45,NORMA-19087,996
45,NORMA-21407,997
45,NORMA-27545,998
45,NORMA-25422,999
45,NORMA-10060,1000
46,NORMA-20900,1
46,NORMA-19377,2
46,NORMA-18540,3
46,NORMA-19466,4
46,NORMA-21406,5
46,NORMA-1662,6
46,NORMA-20982,7
46,NORMA-18836,8
46,NORMA-20690,9
46,NORMA-12791,10
46,NORMA-10226,11
46,NORMA-3121,12
46,NORMA-20278,13
46,NORMA-21205,14
46,NORMA-21207,15
46,NORMA-323,16
46,NORMA-20714,17
46,NORMA-2137,18
46,NORMA-2629,19
46,NORMA-1714,20
46,NORMA-1681,21
46,NORMA-2276,22
46,NORMA-14589,23
46,NORMA-1727,24
46,NORMA-2081,25
46,NORMA-19474,26
46,NORMA-19746,27
46,NORMA-11713,28
46,NORMA-14395,29
46,NORMA-13245,30
46,NORMA-7111,31
46,NORMA-21460,32
46,NORMA-1658,33
46,NORMA-18202,34
46,NORMA-14516,35
46,NORMA-1702,36
46,NORMA-20945,37
46,NORMA-21545,38
46,NORMA-14233,39
46,NORMA-19565,40
46,NORMA-12585,41
46,NORMA-13334,42
46,NORMA-18420,43
46,NORMA-1723,44
46,NORMA-11612,45
46,NORMA-19379,46
46,NORMA-12174,47
46,NORMA-12162,48
46,NORMA-21766,49
46,NORMA-31904,50
46,NORMA-20766,51
46,NORMA-19780,52
46,NORMA-18302,53
46,NORMA-19615,54
46,NORMA-21690,55
46,NORMA-19138,56
46,NORMA-2135,57
46,NORMA-11601,58
46,NORMA-19643,59
46,NORMA-21506,60
46,NORMA-28281,61
46,NORMA-18295,62
46,NORMA-15004,63
46,NORMA-20221,64
46,NORMA-18835,65
46,NORMA-18407,66
46,NORMA-19606,67
46,NORMA-20217,68
46,NORMA-21659,69
46,NORMA-20134,70
46,NORMA-19760,71
46,NORMA-12910,72
46,NORMA-19740,73
46,NORMA-19416,74
46,NORMA-21095,75
46,NORMA-20725,76
46,NORMA-18999,77
46,NORMA-20886,78
46,NORMA-12952,79
46,NORMA-18934,80
46,NORMA-18545,81
46,NORMA-21129,82
46,NORMA-21414,83
46,NORMA-560,84
46,NORMA-19174,85
46,NORMA-18529,86
46,NORMA-11813,87
46,NORMA-19585,88
46,NORMA-206,89
46,NORMA-19436,90
46,NORMA-19605,91
46,NORMA-21250,92
46,NORMA-19981,93
46,NORMA-20055,94
46,NORMA-19072,95
46,NORMA-7225,96
46,NORMA-21008,97
46,NORMA-18203,98
46,NORMA-7222,99
46,NORMA-21211,100
46,NORMA-18559,101
46,NORMA-6948,102
46,NORMA-19940,103
46,NORMA-6783,104
46,NORMA-11556,105
46,NORMA-8028,106
46,NORMA-12015,107
46,NORMA-21151,108
46,NORMA-7386,109
46,NORMA-7110,110
46,NORMA-20952,111
46,NORMA-19729,112
46,NORMA-20906,113
46,NORMA-17201,114
46,NORMA-12035,115
46,NORMA-19431,116
46,NORMA-18565,117
46,NORMA-18998,118
46,NORMA-18375,119
46,NORMA-21062,120
46,NORMA-19448,121
46,NORMA-19617,122
46,NORMA-12102,123
46,NORMA-21012,124
46,NORMA-21676,125
46,NORMA-6140,126
46,NORMA-11721,127
46,NORMA-20930,128
46,NORMA-19667,129
46,NORMA-19095,130
46,NORMA-19249,131
46,NORMA-7113,132
46,NORMA-2184,133
46,NORMA-19758,134
46,NORMA-21124,135
46,NORMA-18653,136
46,NORMA-21228,137
46,NORMA-18697,138
46,NORMA-4091,139
46,NORMA-18595,140
46,NORMA-20349,141
46,NORMA-19960,142
46,NORMA-20834,143
46,NORMA-21137,144
46,NORMA-18648,145
46,NORMA-21496,146
46,NORMA-9724,147
46,NORMA-19430,148
46,NORMA-21344,149
46,NORMA-9297,150
46,NORMA-20997,151
46,NORMA-18935,152
46,NORMA-19454,153
46,NORMA-18584,154
46,NORMA-21017,155
46,NORMA-462,156
46,NORMA-20913,157
46,NORMA-9984,158
46,NORMA-18616,159
46,NORMA-20308,160
46,NORMA-20046,161
46,NORMA-10691,162
46,NORMA-19518,163
46,NORMA-21127,164
46,NORMA-21184,165
46,NORMA-20064,166
46,NORMA-19232,167
46,NORMA-21239,168
46,NORMA-20574,169
46,NORMA-4294,170
46,NORMA-18531,171
46,NORMA-22862,172
46,NORMA-11756,173
46,NORMA-12005,174
46,NORMA-18243,175
46,NORMA-21367,176
46,NORMA-20918,177
46,NORMA-14263,178
46,NORMA-19387,179
46,NORMA-19941,180
46,NORMA-19455,181
46,NORMA-27221,182
46,NORMA-20596,183
46,NORMA-21739,184
46,NORMA-18933,185
46,NORMA-18780,186
46,NORMA-15802,187
46,NORMA-18418,188
46,NORMA-8435,189
46,NORMA-19429,190
46,NORMA-14699,191
46,NORMA-1151,192
46,NORMA-20263,193
46,NORMA-19841,194
46,NORMA-21247,195
46,NORMA-20029,196
46,NORMA-1516,197
46,NORMA-19620,198
46,NORMA-19180,199
46,NORMA-29147,200
46,NORMA-11760,201
46,NORMA-19849,202
46,NORMA-18958,203
46,NORMA-21072,204
46,NORMA-21125,205
46,NORMA-19234,206
46,NORMA-20304,207
46,NORMA-19481,208
46,NORMA-18446,209
46,NORMA-6621,210
46,NORMA-19110,211
46,NORMA-6758,212
46,NORMA-7663,213
46,NORMA-10055,214
46,NORMA-18359,215
46,NORMA-11665,216
46,NORMA-10762,217
46,NORMA-6414,218
46,NORMA-20359,219
46,NORMA-19724,220
46,NORMA-19213,221
46,NORMA-21638,222
46,NORMA-5001,223
46,NORMA-21389,224
46,NORMA-18826,225
46,NORMA-21121,226
46,NORMA-7664,227
46,NORMA-22721,228
46,NORMA-12105,229
46,NORMA-19903,230
46,NORMA-18984,231
46,NORMA-19569,232
46,NORMA-5165,233
46,NORMA-12657,234
46,NORMA-11631,235
46,NORMA-19983,236
46,NORMA-19515,237
46,NORMA-5077,238
46,NORMA-26201,239
46,NORMA-4819,240
46,NORMA-328,241
46,NORMA-3621,242
46,NORMA-5761,243
46,NORMA-11496,244
46,NORMA-21114,245
46,NORMA-3835,246
46,NORMA-11735,247
46,NORMA-13004,248
46,NORMA-20944,249
46,NORMA-11524,250
46,NORMA-19330,251
46,NORMA-2269,252
46,NORMA-20482,253
46,NORMA-20609,254
46,NORMA-20911,255
46,NORMA-21020,256
46,NORMA-19152,257
46,NORMA-12228,258
46,NORMA-18921,259
46,NORMA-19682,260
46,NORMA-21434,261
46,NORMA-19017,262
46,NORMA-19930,263
46,NORMA-11574,264
46,NORMA-5154,265
46,NORMA-19563,266
46,NORMA-18219,267
46,NORMA-20474,268
46,NORMA-19498,269
46,NORMA-11734,270
46,NORMA-20253,271
46,NORMA-20920,272
46,NORMA-21499,273
46,NORMA-20914,274
46,NORMA-18689,275
46,NORMA-6185,276
46,NORMA-3722,277
46,NORMA-21398,278
46,NORMA-20082,279
46,NORMA-21419,280
46,NORMA-19183,281
46,NORMA-19456,282
46,NORMA-11401,283
46,NORMA-20189,284
46,NORMA-21224,285
46,NORMA-20460,286
46,NORMA-20706,287
46,NORMA-10592,288
46,NORMA-21291,289
46,NORMA-13836,290
46,NORMA-14264,291
46,NORMA-6957,292
46,NORMA-20723,293
46,NORMA-13480,294
46,NORMA-13469,295
46,NORMA-875,296
46,NORMA-11999,297
46,NORMA-20428,298
46,NORMA-11614,299
46,NORMA-18550,300
46,NORMA-5536,301
46,NORMA-19212,302
46,NORMA-1408,303
46,NORMA-6962,304
46,NORMA-7025,305
46,NORMA-19809,306
46,NORMA-14937,307
46,NORMA-12002,308
46,NORMA-1552,309
46,NORMA-20316,310
46,NORMA-10256,311
46,NORMA-9382,312
46,NORMA-19621,313
46,NORMA-18897,314
46,NORMA-20759,315
46,NORMA-26981,316
46,NORMA-6627,317
46,NORMA-19792,318
46,NORMA-13158,319
46,NORMA-11780,320
46,NORMA-21695,321
46,NORMA-8957,322
46,NORMA-18411,323
46,NORMA-21256,324
46,NORMA-18762,325
46,NORMA-20465,326
46,NORMA-16202,327
46,NORMA-20425,328
46,NORMA-10267,329
46,NORMA-18254,330
46,NORMA-21267,331
46,NORMA-21417,332
46,NORMA-21052,333
46,NORMA-19631,334
46,NORMA-20087,335
46,NORMA-20856,336
46,NORMA-6757,337
46,NORMA-9834,338
46,NORMA-21218,339
46,NORMA-27761,340
46,NORMA-20859,341
46,NORMA-19852,342
46,NORMA-15603,343
46,NORMA-18915,344
46,NORMA-13905,345
46,NORMA-4423,346
46,NORMA-21055,347
46,NORMA-11857,348
46,NORMA-19749,349
46,NORMA-21440,350
46,NORMA-18511,351
46,NORMA-20602,352
46,NORMA-18706,353
46,NORMA-19634,354
46,NORMA-19523,355
46,NORMA-18233,356
46,NORMA-18226,357
46,NORMA-21610,358
46,NORMA-12049,359
46,NORMA-6083,360
46,NORMA-21152,361
46,NORMA-19546,362
46,NORMA-21147,363
46,NORMA-11864,364
46,NORMA-19570,365
46,NORMA-20802,366
46,NORMA-19587,367
46,NORMA-3503,368
46,NORMA-21418,369
46,NORMA-11655,370
46,NORMA-21561,371
46,NORMA-20732,372
46,NORMA-14239,373
46,NORMA-21756,374
46,NORMA-21752,375
46,NORMA-19477,376
46,NORMA-20817,377
46,NORMA-21305,378
46,NORMA-20803,379
46,NORMA-20180,380
46,NORMA-23361,381
46,NORMA-18825,382
46,NORMA-13298,383
46,NORMA-1485,384
46,NORMA-1365,385
46,NORMA-19181,386
46,NORMA-16481,387
46,NORMA-20665,388
46,NORMA-834,389
46,NORMA-6968,390
46,NORMA-16403,391
46,NORMA-21537,392
46,NORMA-19715,393
46,NORMA-13545,394
46,NORMA-19275,395
46,NORMA-15211,396
46,NORMA-20961,397
46,NORMA-19406,398
46,NORMA-19644,399
46,NORMA-20223,400
46,NORMA-18577,401
46,NORMA-20192,402
46,NORMA-12098,403
46,NORMA-6509,404
46,NORMA-13797,405
46,NORMA-1826,406
46,NORMA-11522,407
46,NORMA-20912,408
46,NORMA-6316,409
46,NORMA-11770,410
46,NORMA-12054,411
46,NORMA-20873,412
46,NORMA-19235,413
46,NORMA-11860,414
46,NORMA-11858,415
46,NORMA-20902,416
46,NORMA-18870,417
46,NORMA-18528,418
46,NORMA-8931,419
46,NORMA-21523,420
46,NORMA-18986,421
46,NORMA-18307,422
46,NORMA-15237,423
46,NORMA-18319,424
46,NORMA-18630,425
46,NORMA-4818,426
46,NORMA-18688,427
46,NORMA-19573,428
46,NORMA-18591,429
46,NORMA-7279,430
46,NORMA-11454,431
46,NORMA-20995,432
46,NORMA-14498,433
46,NORMA-1144,434
46,NORMA-20068,435
46,NORMA-20943,436
46,NORMA-20100,437
46,NORMA-18818,438
46,NORMA-19424,439
46,NORMA-20590,440
46,NORMA-15060,441
46,NORMA-12066,442
46,NORMA-21437,443
46,NORMA-11997,444
46,NORMA-19741,445
46,NORMA-21069,446
46,NORMA-19384,447
46,NORMA-21661,448
46,NORMA-984,449
46,NORMA-11620,450
46,NORMA-21609,451
46,NORMA-27521,452
46,NORMA-21547,453
46,NORMA-19520,454
46,NORMA-11588,455
46,NORMA-20439,456
46,NORMA-20569,457
46,NORMA-19292,458
46,NORMA-19578,459
46,NORMA-20366,460
46,NORMA-19499,461
46,NORMA-18654,462
46,NORMA-19096,463
46,NORMA-20959,464
46,NORMA-21626,465
46,NORMA-6318,466
46,NORMA-21544,467
46,NORMA-21086,468
46,NORMA-19805,469
46,NORMA-10920,470
46,NORMA-21649,471
46,NORMA-3001,472
46,NORMA-4712,473
46,NORMA-12067,474
46,NORMA-20891,475
46,NORMA-18549,476
46,NORMA-11739,477
46,NORMA-19078,478
46,NORMA-20904,479
46,NORMA-19629,480
46,NORMA-12094,481
46,NORMA-20443,482
46,NORMA-20163,483
46,NORMA-18690,484
46,NORMA-21254,485
46,NORMA-20369,486
46,NORMA-222,487
46,NORMA-21550,488
46,NORMA-18303,489
46,NORMA-6199,490
46,NORMA-12171,491
46,NORMA-18394,492
46,NORMA-11316,493
46,NORMA-2158,494
46,NORMA-12161,495
46,NORMA-20164,496
46,NORMA-20058,497
46,NORMA-1463,498
46,NORMA-21252,499
46,NORMA-18898,500
46,NORMA-18414,501
46,NORMA-9147,502
46,NORMA-19081,503
46,NORMA-14898,504
46,NORMA-18541,505
46,NORMA-20183,506
46,NORMA-11470,507
46,NORMA-18748,508
46,NORMA-21260,509
46,NORMA-7326,510
46,NORMA-2517,511
46,NORMA-20844,512
46,NORMA-7351,513
46,NORMA-13029,514
46,NORMA-18863,515
46,NORMA-11300,516
46,NORMA-20422,517
46,NORMA-11779,518
46,NORMA-19942,519
46,NORMA-20473,520
46,NORMA-18239,521
46,NORMA-1613,522
46,NORMA-20483,523
46,NORMA-21783,524
46,NORMA-18859,525
46,NORMA-18554,526
46,NORMA-6720,527
46,NORMA-28381,528
46,NORMA-11557,529
46,NORMA-21237,530
46,NORMA-16443,531
46,NORMA-6253,532
46,NORMA-18796,533
46,NORMA-20376,534
46,NORMA-24582,535
46,NORMA-19473,536
46,NORMA-18479,537
46,NORMA-6344,538
46,NORMA-18668,539
46,NORMA-11731,540
46,NORMA-19658,541
46,NORMA-3381,542
46,NORMA-13514,543
46,NORMA-20503,544
46,NORMA-20398,545
46,NORMA-20038,546
46,NORMA-18815,547
46,NORMA-25902,548
46,NORMA-20490,549
46,NORMA-16442,550
46,NORMA-15581,551
46,NORMA-18793,552
46,NORMA-20501,553
46,NORMA-12048,554
46,NORMA-18981,555
46,NORMA-23965,556
46,NORMA-60,557
46,NORMA-1471,558
46,NORMA-16441,559
46,NORMA-22561,560
46,NORMA-835,561
46,NORMA-20407,562
46,NORMA-18227,563
46,NORMA-3241,564
46,NORMA-21634,565
46,NORMA-29005,566
46,NORMA-28663,567
46,NORMA-28422,568
46,NORMA-19509,569
46,NORMA-6257,570
46,NORMA-7651,571
46,NORMA-1222,572
46,NORMA-18208,573
46,NORMA-12089,574
46,NORMA-3823,575
46,NORMA-20389,576
46,NORMA-18325,577
46,NORMA-19512,578
46,NORMA-12338,579
46,NORMA-8814,580
46,NORMA-18695,581
46,NORMA-11723,582
46,NORMA-6181,583
46,NORMA-18978,584
46,NORMA-19542,585
46,NORMA-21553,586
46,NORMA-21060,587
46,NORMA-21253,588
46,NORMA-18427,589
46,NORMA-20877,590
46,NORMA-21283,591
46,NORMA-1740,592
46,NORMA-12019,593
46,NORMA-20175,594
46,NORMA-21356,595
46,NORMA-18952,596
46,NORMA-5360,597
46,NORMA-6630,598
46,NORMA-13094,599
46,NORMA-10116,600
46,NORMA-21691,601
46,NORMA-21071,602
46,NORMA-6736,603
46,NORMA-20615,604
46,NORMA-21269,605
46,NORMA-11085,606
46,NORMA-8205,607
46,NORMA-19659,608
46,NORMA-5496,609
46,NORMA-21150,610
46,NORMA-6595,611
46,NORMA-20793,612
46,NORMA-16268,613
46,NORMA-19378,614
46,NORMA-14294,615
46,NORMA-20865,616
46,NORMA-20374,617
46,NORMA-18844,618
46,NORMA-12107,619
46,NORMA-20188,620
46,NORMA-12236,621
46,NORMA-21515,622
46,NORMA-21792,623
46,NORMA-21026,624
46,NORMA-21139,625
46,NORMA-9823,626
46,NORMA-6084,627
46,NORMA-20880,628
46,NORMA-11598,629
46,NORMA-17902,630
46,NORMA-6967,631
46,NORMA-21166,632
46,NORMA-12886,633
46,NORMA-20985,634
46,NORMA-6410,635
46,NORMA-31923,636
46,NORMA-20941,637
46,NORMA-754,638
46,NORMA-3281,639
46,NORMA-15881,640
46,NORMA-6752,641
46,NORMA-27341,642
46,NORMA-18240,643
46,NORMA-6768,644
46,NORMA-11804,645
46,NORMA-19019,646
46,NORMA-9292,647
46,NORMA-21413,648
46,NORMA-21647,649
46,NORMA-19179,650
46,NORMA-7625,651
46,NORMA-6488,652
46,NORMA-21450,653
46,NORMA-14505,654
46,NORMA-1620,655
46,NORMA-19818,656
46,NORMA-13323,657
46,NORMA-23025,658
46,NORMA-6092,659
46,NORMA-20923,660
46,NORMA-6955,661
46,NORMA-11814,662
46,NORMA-20302,663
46,NORMA-21706,664
46,NORMA-1994,665
46,NORMA-18406,666
46,NORMA-23963,667
46,NORMA-16222,668
46,NORMA-16221,669
46,NORMA-6880,670
46,NORMA-6268,671
46,NORMA-22522,672
46,NORMA-17241,673
46,NORMA-13917,674
46,NORMA-21238,675
46,NORMA-20558,676
46,NORMA-14852,677
46,NORMA-14751,678
46,NORMA-20684,679
46,NORMA-21159,680
46,NORMA-7390,681
46,NORMA-6679,682
46,NORMA-14110,683
46,NORMA-33308,684
46,NORMA-18967,685
46,NORMA-13084,686
46,NORMA-21705,687
46,NORMA-27225,688
46,NORMA-26701,689
46,NORMA-15250,690
46,NORMA-12838,691
46,NORMA-13476,692
46,NORMA-14232,693
46,NORMA-19803,694
46,NORMA-10708,695
46,NORMA-18788,696
46,NORMA-20790,697
46,NORMA-1332,698
46,NORMA-19228,699
46,NORMA-1348,700
46,NORMA-3342,701
46,NORMA-9111,702
46,NORMA-11715,703
46,NORMA-236,704
46,NORMA-28703,705
46,NORMA-18537,706
46,NORMA-18797,707
46,NORMA-20789,708
46,NORMA-2551,709
46,NORMA-21484,710
46,NORMA-21299,711
46,NORMA-21029,712
46,NORMA-12165,713
46,NORMA-4711,714
46,NORMA-18816,715
46,NORMA-570,716
46,NORMA-33288,717
46,NORMA-14175,718
46,NORMA-358,719
46,NORMA-20167,720
46,NORMA-4075,721
46,NORMA-2587,722
46,NORMA-21521,723
46,NORMA-1420,724
46,NORMA-24621,725
46,NORMA-10044,726
46,NORMA-21040,727
46,NORMA-1129,728
46,NORMA-1346,729
46,NORMA-15443,730
46,NORMA-19595,731
46,NORMA-20989,732
46,NORMA-18287,733
46,NORMA-11792,734
46,NORMA-18249,735
46,NORMA-19206,736
46,NORMA-20801,737
46,NORMA-2089,738
46,NORMA-8027,739
46,NORMA-893,740
46,NORMA-11615,741
46,NORMA-13918,742
46,NORMA-20888,743
46,NORMA-357,744
46,NORMA-19821,745
46,NORMA-19080,746
46,NORMA-23222,747
46,NORMA-21058,748
46,NORMA-19500,749
46,NORMA-21821,750
46,NORMA-19175,751
46,NORMA-6321,752
46,NORMA-6644,753
46,NORMA-21607,754
46,NORMA-21675,755
46,NORMA-20488,756
46,NORMA-10119,757
46,NORMA-15339,758
46,NORMA-3968,759
46,NORMA-19895,760
46,NORMA-18378,761
46,NORMA-21244,762
46,NORMA-219,763
46,NORMA-20830,764
46,NORMA-20108,765
46,NORMA-20607,766
46,NORMA-19427,767
46,NORMA-18997,768
46,NORMA-19998,769
46,NORMA-974,770
46,NORMA-21169,771
46,NORMA-21535,772
46,NORMA-12956,773
46,NORMA-21524,774
46,NORMA-19371,775
46,NORMA-19471,776
46,NORMA-4909,777
46,NORMA-18430,778
46,NORMA-13470,779
46,NORMA-20599,780
46,NORMA-18615,781
46,NORMA-19170,782
46,NORMA-1603,783
46,NORMA-9893,784
46,NORMA-21194,785
46,NORMA-11774,786
46,NORMA-11668,787
46,NORMA-20721,788
46,NORMA-28203,789
46,NORMA-18364,790
46,NORMA-11920,791
46,NORMA-18651,792
46,NORMA-2627,793
46,NORMA-18994,794
46,NORMA-20079,795
46,NORMA-21461,796
46,NORMA-18382,797
46,NORMA-18286,798
46,NORMA-19209,799
46,NORMA-18839,800
46,NORMA-19383,801
46,NORMA-27044,802
46,NORMA-75,803
46,NORMA-18241,804
46,NORMA-18332,805
46,NORMA-21698,806
46,NORMA-21699,807
46,NORMA-6636,808
46,NORMA-4275,809
46,NORMA-21177,810
46,NORMA-19485,811
46,NORMA-21229,812
46,NORMA-20050,813
46,NORMA-1649,814
46,NORMA-555,815
46,NORMA-20586,816
46,NORMA-21206,817
46,NORMA-12039,818
46,NORMA-21223,819
46,NORMA-20660,820
46,NORMA-18248,821
46,NORMA-20435,822
46,NORMA-1223,823
46,NORMA-31922,824
46,NORMA-11474,825
46,NORMA-21606,826
46,NORMA-20423,827
46,NORMA-13024,828
46,NORMA-21725,829
46,NORMA-19627,830
46,NORMA-11527,831
46,NORMA-20598,832
46,NORMA-18365,833
46,NORMA-10029,834
46,NORMA-11757,835
46,NORMA-20060,836
46,NORMA-4424,837
46,NORMA-20724,838
46,NORMA-9871,839
46,NORMA-17321,840
46,NORMA-20623,841
46,NORMA-21629,842
46,NORMA-12739,843
46,NORMA-18230,844
46,NORMA-21627,845
46,NORMA-20371,846
46,NORMA-21196,847
46,NORMA-21628,848
46,NORMA-5735,849
46,NORMA-21381,850
46,NORMA-7027,851
46,NORMA-20619,852
46,NORMA-6815,853
46,NORMA-1689,854
46,NORMA-20931,855
46,NORMA-6245,856
46,NORMA-13195,857
46,NORMA-2483,858
46,NORMA-19028,859
46,NORMA-10530,860
46,NORMA-28961,861
46,NORMA-19804,862
46,NORMA-21185,863
46,NORMA-19883,864
46,NORMA-18439,865
46,NORMA-20382,866
46,NORMA-19220,867
46,NORMA-19959,868
46,NORMA-12029,869
46,NORMA-9888,870
46,NORMA-19440,871
46,NORMA-18691,872
46,NORMA-19413,873
46,NORMA-11596,874
46,NORMA-11476,875
46,NORMA-2126,876
46,NORMA-6958,877
46,NORMA-20976,878
46,NORMA-1175,879
46,NORMA-19600,880
46,NORMA-8458,881
46,NORMA-27582,882
46,NORMA-20402,883
46,NORMA-2091,884
46,NORMA-6669,885
46,NORMA-14346,886
46,NORMA-20043,887
46,NORMA-20668,888
46,NORMA-21110,889
46,NORMA-7381,890
46,NORMA-1171,891
46,NORMA-6249,892
46,NORMA-21157,893
46,NORMA-12522,894
46,NORMA-11730,895
46,NORMA-21236,896
46,NORMA-18428,897
46,NORMA-14626,898
46,NORMA-21451,899
46,NORMA-9595,900
46,NORMA-19839,901
46,NORMA-6197,902
46,NORMA-396,903
46,NORMA-13181,904
46,NORMA-16424,905
46,NORMA-11798,906
46,NORMA-12721,907
46,NORMA-658,908
46,NORMA-19297,909
46,NORMA-19461,910
46,NORMA-6391,911
46,NORMA-11607,912
46,NORMA-11736,913
46,NORMA-18311,914
46,NORMA-11050,915
46,NORMA-6568,916
46,NORMA-4360,917
46,NORMA-21439,918
46,NORMA-19394,919
46,NORMA-8434,920
46,NORMA-13583,921
46,NORMA-19812,922
46,NORMA-3760,923
46,NORMA-20892,924
46,NORMA-6354,925
46,NORMA-11628,926
46,NORMA-6753,927
46,NORMA-14369,928
46,NORMA-20646,929
46,NORMA-13116,930
46,NORMA-18656,931
46,NORMA-9212,932
46,NORMA-704,933
46,NORMA-20452,934
46,NORMA-21528,935
46,NORMA-7497,936
46,NORMA-21047,937
46,NORMA-21199,938
46,NORMA-1672,939
46,NORMA-18798,940
46,NORMA-19211,941
46,NORMA-19789,942
46,NORMA-4104,943
46,NORMA-1085,944
46,NORMA-5419,945
46,NORMA-19353,946
46,NORMA-3936,947
46,NORMA-4444,948
46,NORMA-20441,949
46,NORMA-20282,950
46,NORMA-12006,951
46,NORMA-13098,952
46,NORMA-15151,953
46,NORMA-18646,954
46,NORMA-20236,955
46,NORMA-19555,956
46,NORMA-19536,957
46,NORMA-13738,958
46,NORMA-6082,959
46,NORMA-19381,960
46,NORMA-11472,961
46,NORMA-5016,962
46,NORMA-26822,963
46,NORMA-20853,964
46,NORMA-4702,965
46,NORMA-18624,966
46,NORMA-2543,967
46,NORMA-4531,968
46,NORMA-19730,969
46,NORMA-20305,970
46,NORMA-3900,971
46,NORMA-21255,972
46,NORMA-4203,973
46,NORMA-14868,974
46,NORMA-18807,975
46,NORMA-13419,976
46,NORMA-5229,977
46,NORMA-5567,978
46,NORMA-6048,979
46,NORMA-24583,980
46,NORMA-21231,981
46,NORMA-19468,982
46,NORMA-3494,983
46,NORMA-15092,984
46,NORMA-20191,985
46,NORMA-11714,986
46,NORMA-9670,987
46,NORMA-12014,988
46,NORMA-12234,989
46,NORMA-19021,990
46,NORMA-7848,991
46,NORMA-18962,992
46,NORMA-19968,993
46,NORMA-9110,994
46,NORMA-19469,995
46,NORMA-14003,996
46,NORMA-19842,997
46,NORMA-2546,998
46,NORMA-18769,999
46,NORMA-7942,1000
47,NORMA-1085,1
47,NORMA-749,2
47,NORMA-1291,3
47,NORMA-2046,4
47,NORMA-968,5
47,NORMA-1416,6
47,NORMA-1966,7
47,NORMA-2146,8
47,NORMA-224,9
47,NORMA-579,10
47,NORMA-834,11
47,NORMA-766,12
47,NORMA-2567,13
47,NORMA-1072,14
47,NORMA-2089,15
47,NORMA-1317,16
47,NORMA-1046,17
47,NORMA-509,18
47,NORMA-618,19
47,NORMA-2069,20
47,NORMA-1239,21
47,NORMA-1224,22
47,NORMA-2066,23
47,NORMA-754,24
47,NORMA-75,25
47,NORMA-1250,26
47,NORMA-19666,27
47,NORMA-2091,28
47,NORMA-594,29
47,NORMA-878,30
47,NORMA-82,31
47,NORMA-736,32
47,NORMA-19676,33
47,NORMA-1390,34
47,NORMA-1321,35
47,NORMA-751,36
47,NORMA-798,37
47,NORMA-1188,38
47,NORMA-2371,39
47,NORMA-29165,40
47,NORMA-220,41
47,NORMA-1786,42
47,NORMA-122,43
47,NORMA-1212,44
47,NORMA-2478,45
47,NORMA-1840,46
47,NORMA-2546,47
47,NORMA-15541,48
47,NORMA-2032,49
47,NORMA-21607,50
47,NORMA-2184,51
47,NORMA-228,52
47,NORMA-976,53
47,NORMA-21760,54
47,NORMA-2010,55
47,NORMA-1002,56
47,NORMA-20215,57
47,NORMA-1138,58
47,NORMA-643,59
47,NORMA-1641,60
47,NORMA-1433,61
47,NORMA-889,62
47,NORMA-15882,63
47,NORMA-1,64
47,NORMA-19380,65
47,NORMA-385,66
47,NORMA-3381,67
47,NORMA-19293,68
47,NORMA-555,69
47,NORMA-19456,70
47,NORMA-1295,71
47,NORMA-1147,72
47,NORMA-943,73
47,NORMA-571,74
47,NORMA-503,75
47,NORMA-1674,76
47,NORMA-15881,77
47,NORMA-1341,78
47,NORMA-477,79
47,NORMA-972,80
47,NORMA-1274,81
47,NORMA-14898,82
47,NORMA-113,83
47,NORMA-1689,84
47,NORMA-974,85
47,NORMA-332,86
47,NORMA-680,87
47,NORMA-124,88
47,NORMA-1534,89
47,NORMA-2011,90
47,NORMA-1447,91
47,NORMA-1463,92
47,NORMA-11568,93
47,NORMA-2018,94
47,NORMA-60,95
47,NORMA-61,96
47,NORMA-2543,97
47,NORMA-221,98
47,NORMA-1516,99
47,NORMA-21305,100
47,NORMA-19359,101
47,NORMA-3382,102
47,NORMA-19311,103
47,NORMA-2623,104
47,NORMA-19307,105
47,NORMA-1222,106
47,NORMA-1421,107
47,NORMA-18958,108
47,NORMA-2425,109
47,NORMA-21315,110
47,NORMA-2563,111
47,NORMA-18991,112
47,NORMA-21524,113
47,NORMA-15581,114
47,NORMA-2455,115
47,NORMA-12105,116
47,NORMA-818,117
47,NORMA-18206,118
47,NORMA-18879,119
47,NORMA-76,120
47,NORMA-15542,121
47,NORMA-21525,122
47,NORMA-20931,123
47,NORMA-21227,124
47,NORMA-18961,125
47,NORMA-1994,126
47,NORMA-159,127
47,NORMA-13004,128
47,NORMA-77,129
47,NORMA-1471,130
47,NORMA-1613,131
47,NORMA-15603,132
47,NORMA-21725,133
47,NORMA-483,134
47,NORMA-15521,135
47,NORMA-909,136
47,NORMA-265,137
47,NORMA-789,138
47,NORMA-26201,139
47,NORMA-215,140
47,NORMA-567,141
47,NORMA-18541,142
47,NORMA-21731,143
47,NORMA-9188,144
47,NORMA-19724,145
47,NORMA-18403,146
47,NORMA-1620,147
47,NORMA-18345,148
47,NORMA-1313,149
47,NORMA-21741,150
47,NORMA-18379,151
47,NORMA-21589,152
47,NORMA-18432,153
47,NORMA-21123,154
47,NORMA-18226,155
47,NORMA-18827,156
47,NORMA-11476,157
47,NORMA-3201,158
47,NORMA-218,159
47,NORMA-219,160
47,NORMA-802,161
47,NORMA-21527,162
47,NORMA-15561,163
47,NORMA-18537,164
47,NORMA-1024,165
47,NORMA-8281,166
47,NORMA-59,167
47,NORMA-660,168
47,NORMA-554,169
47,NORMA-19485,170
47,NORMA-801,171
47,NORMA-2185,172
47,NORMA-1611,173
47,NORMA-3281,174
47,NORMA-21314,175
47,NORMA-21154,176
47,NORMA-21682,177
47,NORMA-19354,178
47,NORMA-18412,179
47,NORMA-21758,180
47,NORMA-19554,181
47,NORMA-21339,182
47,NORMA-2013,183
47,NORMA-783,184
47,NORMA-18859,185
47,NORMA-19649,186
47,NORMA-361,187
47,NORMA-28181,188
47,NORMA-1663,189
47,NORMA-923,190
47,NORMA-217,191
47,NORMA-704,192
47,NORMA-229,193
47,NORMA-1740,194
47,NORMA-13508,195
47,NORMA-27555,196
47,NORMA-15701,197
47,NORMA-19651,198
47,NORMA-15901,199
47,NORMA-19486,200
47,NORMA-8803,201
47,NORMA-18359,202
47,NORMA-18233,203
47,NORMA-20861,204
47,NORMA-28362,205
47,NORMA-20974,206
47,NORMA-19028,207
47,NORMA-18811,208
47,NORMA-21139,209
47,NORMA-18439,210
47,NORMA-6366,211
47,NORMA-9821,212
47,NORMA-1573,213
47,NORMA-309,214
47,NORMA-17321,215
47,NORMA-19659,216
47,NORMA-20906,217
47,NORMA-2158,218
47,NORMA-835,219
47,NORMA-19523,220
47,NORMA-19249,221
47,NORMA-2140,222
47,NORMA-21552,223
47,NORMA-1406,224
47,NORMA-10779,225
47,NORMA-21071,226
47,NORMA-535,227
47,NORMA-18724,228
47,NORMA-19647,229
47,NORMA-13160,230
47,NORMA-3241,231
47,NORMA-9712,232
47,NORMA-21702,233
47,NORMA-28422,234
47,NORMA-5154,235
47,NORMA-20281,236
47,NORMA-11805,237
47,NORMA-3722,238
47,NORMA-11804,239
47,NORMA-18823,240
47,NORMA-18342,241
47,NORMA-28961,242
47,NORMA-6630,243
47,NORMA-4712,244
47,NORMA-19373,245
47,NORMA-19507,246
47,NORMA-560,247
47,NORMA-15921,248
47,NORMA-1535,249
47,NORMA-27101,250
47,NORMA-18622,251
47,NORMA-6967,252
47,NORMA-12039,253
47,NORMA-18229,254
47,NORMA-2,255
47,NORMA-20740,256
47,NORMA-18880,257
47,NORMA-19019,258
47,NORMA-9846,259
47,NORMA-3001,260
47,NORMA-11864,261
47,NORMA-19233,262
47,NORMA-20476,263
47,NORMA-19468,264
47,NORMA-9710,265
47,NORMA-2517,266
47,NORMA-5338,267
47,NORMA-570,268
47,NORMA-18350,269
47,NORMA-19804,270
47,NORMA-19383,271
47,NORMA-9852,272
47,NORMA-20468,273
47,NORMA-6456,274
47,NORMA-20973,275
47,NORMA-21561,276
47,NORMA-19107,277
47,NORMA-2005,278
47,NORMA-208,279
47,NORMA-20937,280
47,NORMA-18955,281
47,NORMA-20366,282
47,NORMA-913,283
47,NORMA-14001,284
47,NORMA-12886,285
47,NORMA-938,286
47,NORMA-12306,287
47,NORMA-207,288
47,NORMA-20501,289
47,NORMA-20490,290
47,NORMA-21789,291
47,NORMA-20487,292
47,NORMA-11628,293
47,NORMA-18492,294
47,NORMA-838,295
47,NORMA-2424,296
47,NORMA-19637,297
47,NORMA-19665,298
47,NORMA-19358,299
47,NORMA-12089,300
47,NORMA-20800,301
47,NORMA-1999,302
47,NORMA-19031,303
47,NORMA-19259,304
47,NORMA-4458,305
47,NORMA-18772,306
47,NORMA-11472,307
47,NORMA-12827,308
47,NORMA-11588,309
47,NORMA-9854,310
47,NORMA-19497,311
47,NORMA-9928,312
47,NORMA-21668,313
47,NORMA-20254,314
47,NORMA-588,315
47,NORMA-587,316
47,NORMA-18502,317
47,NORMA-20784,318
47,NORMA-20482,319
47,NORMA-7228,320
47,NORMA-18506,321
47,NORMA-12664,322
47,NORMA-19306,323
47,NORMA-6959,324
47,NORMA-1407,325
47,NORMA-19308,326
47,NORMA-20488,327
47,NORMA-14788,328
47,NORMA-22941,329
47,NORMA-18877,330
47,NORMA-12323,331
47,NORMA-2579,332
47,NORMA-5536,333
47,NORMA-9822,334
47,NORMA-19257,335
47,NORMA-4330,336
47,NORMA-19575,337
47,NORMA-10994,338
47,NORMA-20480,339
47,NORMA-21756,340
47,NORMA-19152,341
47,NORMA-20087,342
47,NORMA-20503,343
47,NORMA-21086,344
47,NORMA-20477,345
47,NORMA-19397,346
47,NORMA-18414,347
47,NORMA-595,348
47,NORMA-1179,349
47,NORMA-12165,350
47,NORMA-12877,351
47,NORMA-19897,352
47,NORMA-21052,353
47,NORMA-20473,354
47,NORMA-18438,355
47,NORMA-20250,356
47,NORMA-19181,357
47,NORMA-20451,358
47,NORMA-18230,359
47,NORMA-18520,360
47,NORMA-19657,361
47,NORMA-20986,362
47,NORMA-18694,363
47,NORMA-19556,364
47,NORMA-21715,365
47,NORMA-21739,366
47,NORMA-20389,367
47,NORMA-13195,368
47,NORMA-19856,369
47,NORMA-21224,370
47,NORMA-4091,371
47,NORMA-18583,372
47,NORMA-1851,373
47,NORMA-19916,374
47,NORMA-19893,375
47,NORMA-1606,376
47,NORMA-24582,377
47,NORMA-833,378
47,NORMA-222,379
47,NORMA-5886,380
47,NORMA-20085,381
47,NORMA-21506,382
47,NORMA-15159,383
47,NORMA-21173,384
47,NORMA-21522,385
47,NORMA-12113,386
47,NORMA-7651,387
47,NORMA-21195,388
47,NORMA-20289,389
47,NORMA-20801,390
47,NORMA-6955,391
47,NORMA-20381,392
47,NORMA-6645,393
47,NORMA-20940,394
47,NORMA-9677,395
47,NORMA-11730,396
47,NORMA-20959,397
47,NORMA-23381,398
47,NORMA-18838,399
47,NORMA-21468,400
47,NORMA-21553,401
47,NORMA-6856,402
47,NORMA-19309,403
47,NORMA-19310,404
47,NORMA-19906,405
47,NORMA-9792,406
47,NORMA-12657,407
47,NORMA-25201,408
47,NORMA-14278,409
47,NORMA-18803,410
47,NORMA-11888,411
47,NORMA-6509,412
47,NORMA-14990,413
47,NORMA-19014,414
47,NORMA-18510,415
47,NORMA-11417,416
47,NORMA-20912,417
47,NORMA-20374,418
47,NORMA-19898,419
47,NORMA-1342,420
47,NORMA-20465,421
47,NORMA-4818,422
47,NORMA-20369,423
47,NORMA-11573,424
47,NORMA-20110,425
47,NORMA-21484,426
47,NORMA-11774,427
47,NORMA-18654,428
47,NORMA-19232,429
47,NORMA-6954,430
47,NORMA-18224,431
47,NORMA-19805,432
47,NORMA-18933,433
47,NORMA-11729,434
47,NORMA-18356,435
47,NORMA-10708,436
47,NORMA-9823,437
47,NORMA-6082,438
47,NORMA-20505,439
47,NORMA-18377,440
47,NORMA-21752,441
47,NORMA-2558,442
47,NORMA-21496,443
47,NORMA-19430,444
47,NORMA-18762,445
47,NORMA-11751,446
47,NORMA-21535,447
47,NORMA-7525,448
47,NORMA-18709,449
47,NORMA-4219,450
47,NORMA-19617,451
47,NORMA-21765,452
47,NORMA-18935,453
47,NORMA-19806,454
47,NORMA-18773,455
47,NORMA-18328,456
47,NORMA-20846,457
47,NORMA-20646,458
47,NORMA-18876,459
47,NORMA-18822,460
47,NORMA-19849,461
47,NORMA-20892,462
47,NORMA-6316,463
47,NORMA-19095,464
47,NORMA-11608,465
47,NORMA-11471,466
47,NORMA-6181,467
47,NORMA-18757,468
47,NORMA-18325,469
47,NORMA-10028,470
47,NORMA-11514,471
47,NORMA-18214,472
47,NORMA-11626,473
47,NORMA-27022,474
47,NORMA-4412,475
47,NORMA-6672,476
47,NORMA-20579,477
47,NORMA-18343,478
47,NORMA-18735,479
47,NORMA-4583,480
47,NORMA-19353,481
47,NORMA-19786,482
47,NORMA-20961,483
47,NORMA-10118,484
47,NORMA-21336,485
47,NORMA-7110,486
47,NORMA-9831,487
47,NORMA-21453,488
47,NORMA-21680,489
47,NORMA-21046,490
47,NORMA-19980,491
47,NORMA-11600,492
47,NORMA-18208,493
47,NORMA-19315,494
47,NORMA-18899,495
47,NORMA-21609,496
47,NORMA-21211,497
47,NORMA-21226,498
47,NORMA-6948,499
47,NORMA-7241,500
47,NORMA-21253,501
47,NORMA-20578,502
47,NORMA-21267,503
47,NORMA-19032,504
47,NORMA-18549,505
47,NORMA-3642,506
47,NORMA-6709,507
47,NORMA-21196,508
47,NORMA-21705,509
47,NORMA-20474,510
47,NORMA-20388,511
47,NORMA-6439,512
47,NORMA-20723,513
47,NORMA-19631,514
47,NORMA-18746,515
47,NORMA-19895,516
47,NORMA-21158,517
47,NORMA-7466,518
47,NORMA-18364,519
47,NORMA-21783,520
47,NORMA-8028,521
47,NORMA-21159,522
47,NORMA-6505,523
47,NORMA-18534,524
47,NORMA-19327,525
47,NORMA-18247,526
47,NORMA-9384,527
47,NORMA-18319,528
47,NORMA-14054,529
47,NORMA-19597,530
47,NORMA-28001,531
47,NORMA-13954,532
47,NORMA-7279,533
47,NORMA-18844,534
47,NORMA-4631,535
47,NORMA-20790,536
47,NORMA-6670,537
47,NORMA-18556,538
47,NORMA-20055,539
47,NORMA-19789,540
47,NORMA-7381,541
47,NORMA-10045,542
47,NORMA-21488,543
47,NORMA-6971,544
47,NORMA-19905,545
47,NORMA-20257,546
47,NORMA-21627,547
47,NORMA-6249,548
47,NORMA-10729,549
47,NORMA-6641,550
47,NORMA-11496,551
47,NORMA-19436,552
47,NORMA-18707,553
47,NORMA-19173,554
47,NORMA-20303,555
47,NORMA-20316,556
47,NORMA-19081,557
47,NORMA-5184,558
47,NORMA-21661,559
47,NORMA-20902,560
47,NORMA-20206,561
47,NORMA-4909,562
47,NORMA-4587,563
47,NORMA-21210,564
47,NORMA-20999,565
47,NORMA-13480,566
47,NORMA-11516,567
47,NORMA-19851,568
47,NORMA-21384,569
47,NORMA-20189,570
47,NORMA-21244,571
47,NORMA-13106,572
47,NORMA-19803,573
47,NORMA-14661,574
47,NORMA-21272,575
47,NORMA-19393,576
47,NORMA-21313,577
47,NORMA-20376,578
47,NORMA-18981,579
47,NORMA-19981,580
47,NORMA-21588,581
47,NORMA-21530,582
47,NORMA-11570,583
47,NORMA-9893,584
47,NORMA-19557,585
47,NORMA-21401,586
47,NORMA-19021,587
47,NORMA-16268,588
47,NORMA-11722,589
47,NORMA-21653,590
47,NORMA-19792,591
47,NORMA-21515,592
47,NORMA-21028,593
47,NORMA-14463,594
47,NORMA-33288,595
47,NORMA-20914,596
47,NORMA-18976,597
47,NORMA-14459,598
47,NORMA-18963,599
47,NORMA-21023,600
47,NORMA-4515,601
47,NORMA-18788,602
47,NORMA-6083,603
47,NORMA-19352,604
47,NORMA-33308,605
47,NORMA-6398,606
47,NORMA-20086,607
47,NORMA-12161,608
47,NORMA-21382,609
47,NORMA-19749,610
47,NORMA-21419,611
47,NORMA-12872,612
47,NORMA-20422,613
47,NORMA-18219,614
47,NORMA-21238,615
47,NORMA-11567,616
47,NORMA-18237,617
47,NORMA-18797,618
47,NORMA-21248,619
47,NORMA-21713,620
47,NORMA-21537,621
47,NORMA-689,622
47,NORMA-19715,623
47,NORMA-3342,624
47,NORMA-27342,625
47,NORMA-21625,626
47,NORMA-21235,627
47,NORMA-21437,628
47,NORMA-18706,629
47,NORMA-6318,630
47,NORMA-7194,631
47,NORMA-6257,632
47,NORMA-14239,633
47,NORMA-19362,634
47,NORMA-19406,635
47,NORMA-18501,636
47,NORMA-19212,637
47,NORMA-18458,638
47,NORMA-20803,639
47,NORMA-18690,640
47,NORMA-6245,641
47,NORMA-7953,642
47,NORMA-24601,643
47,NORMA-6958,644
47,NORMA-21541,645
47,NORMA-20802,646
47,NORMA-21152,647
47,NORMA-19607,648
47,NORMA-20371,649
47,NORMA-21470,650
47,NORMA-4586,651
47,NORMA-15237,652
47,NORMA-12952,653
47,NORMA-10117,654
47,NORMA-21223,655
47,NORMA-23361,656
47,NORMA-4514,657
47,NORMA-7384,658
47,NORMA-18978,659
47,NORMA-20603,660
47,NORMA-27981,661
47,NORMA-6679,662
47,NORMA-21367,663
47,NORMA-33728,664
47,NORMA-20096,665
47,NORMA-11655,666
47,NORMA-19841,667
47,NORMA-21523,668
47,NORMA-18216,669
47,NORMA-7025,670
47,NORMA-6621,671
47,NORMA-11144,672
47,NORMA-18394,673
47,NORMA-9297,674
47,NORMA-27521,675
47,NORMA-7021,676
47,NORMA-6321,677
47,NORMA-6644,678
47,NORMA-21776,679
47,NORMA-21150,680
47,NORMA-15211,681
47,NORMA-14985,682
47,NORMA-31923,683
47,NORMA-12067,684
47,NORMA-20050,685
47,NORMA-18780,686
47,NORMA-5421,687
47,NORMA-20494,688
47,NORMA-20407,689
47,NORMA-4711,690
47,NORMA-21256,691
47,NORMA-18446,692
47,NORMA-19290,693
47,NORMA-20398,694
47,NORMA-4075,695
47,NORMA-21533,696
47,NORMA-21291,697
47,NORMA-21386,698
47,NORMA-462,699
47,NORMA-27761,700
47,NORMA-11316,701
47,NORMA-18916,702
47,NORMA-20385,703
47,NORMA-8027,704
47,NORMA-20865,705
47,NORMA-6757,706
47,NORMA-18298,707
47,NORMA-19667,708
47,NORMA-21275,709
47,NORMA-7011,710
47,NORMA-21236,711
47,NORMA-18462,712
47,NORMA-18225,713
47,NORMA-14279,714
47,NORMA-21344,715
47,NORMA-16202,716
47,NORMA-4830,717
47,NORMA-21218,718
47,NORMA-20941,719
47,NORMA-21252,720
47,NORMA-20405,721
47,NORMA-21647,722
47,NORMA-4423,723
47,NORMA-4746,724
47,NORMA-14498,725
47,NORMA-18375,726
47,NORMA-13323,727
47,NORMA-20349,728
47,NORMA-21357,729
47,NORMA-4588,730
47,NORMA-18205,731
47,NORMA-20382,732
47,NORMA-20428,733
47,NORMA-19618,734
47,NORMA-18937,735
47,NORMA-3638,736
47,NORMA-6669,737
47,NORMA-4275,738
47,NORMA-19844,739
47,NORMA-29005,740
47,NORMA-21254,741
47,NORMA-19957,742
47,NORMA-19580,743
47,NORMA-6881,744
47,NORMA-21231,745
47,NORMA-7280,746
47,NORMA-6701,747
47,NORMA-21477,748
47,NORMA-10531,749
47,NORMA-19611,750
47,NORMA-11469,751
47,NORMA-19416,752
47,NORMA-20396,753
47,NORMA-9382,754
47,NORMA-20877,755
47,NORMA-6643,756
47,NORMA-6962,757
47,NORMA-6627,758
47,NORMA-11474,759
47,NORMA-9834,760
47,NORMA-18217,761
47,NORMA-21417,762
47,NORMA-19770,763
47,NORMA-18819,764
47,NORMA-20223,765
47,NORMA-20885,766
47,NORMA-21020,767
47,NORMA-20402,768
47,NORMA-11527,769
47,NORMA-19431,770
47,NORMA-19390,771
47,NORMA-11599,772
47,NORMA-6753,773
47,NORMA-18688,774
47,NORMA-8384,775
47,NORMA-14937,776
47,NORMA-10116,777
47,NORMA-18806,778
47,NORMA-20183,779
47,NORMA-6698,780
47,NORMA-13158,781
47,NORMA-6185,782
47,NORMA-19297,783
47,NORMA-18266,784
47,NORMA-21114,785
47,NORMA-18444,786
47,NORMA-20180,787
47,NORMA-18942,788
47,NORMA-10375,789
47,NORMA-21638,790
47,NORMA-11632,791
47,NORMA-13469,792
47,NORMA-10931,793
47,NORMA-21592,794
47,NORMA-20985,795
47,NORMA-6957,796
47,NORMA-21644,797
47,NORMA-10629,798
47,NORMA-4425,799
47,NORMA-18967,800
47,NORMA-11605,801
47,NORMA-21413,802
47,NORMA-20917,803
47,NORMA-19328,804
47,NORMA-18536,805
47,NORMA-18826,806
47,NORMA-19376,807
47,NORMA-6636,808
47,NORMA-25902,809
47,NORMA-20359,810
47,NORMA-20062,811
47,NORMA-20197,812
47,NORMA-20557,813
47,NORMA-20137,814
47,NORMA-21579,815
47,NORMA-19658,816
47,NORMA-7326,817
47,NORMA-6702,818
47,NORMA-7351,819
47,NORMA-8522,820
47,NORMA-13029,821
47,NORMA-9147,822
47,NORMA-11300,823
47,NORMA-18424,824
47,NORMA-6720,825
47,NORMA-6199,826
47,NORMA-552,827
47,NORMA-72,828
47,NORMA-23721,829
47,NORMA-796,830
47,NORMA-1009,831
47,NORMA-9898,832
47,NORMA-18479,833
47,NORMA-1960,834
47,NORMA-1552,835
47,NORMA-925,836
47,NORMA-21775,837
47,NORMA-3966,838
47,NORMA-21126,839
47,NORMA-1084,840
47,NORMA-716,841
47,NORMA-21431,842
47,NORMA-1199,843
47,NORMA-5408,844
47,NORMA-4817,845
47,NORMA-1965,846
47,NORMA-3632,847
47,NORMA-473,848
47,NORMA-2503,849
47,NORMA-6623,850
47,NORMA-1137,851
47,NORMA-12228,852
47,NORMA-1380,853
47,NORMA-5334,854
47,NORMA-250,855
47,NORMA-2025,856
47,NORMA-20916,857
47,NORMA-1256,858
47,NORMA-2435,859
47,NORMA-2578,860
47,NORMA-12014,861
47,NORMA-12234,862
47,NORMA-1512,863
47,NORMA-5097,864
47,NORMA-573,865
47,NORMA-12989,866
47,NORMA-5363,867
47,NORMA-576,868
47,NORMA-5096,869
47,NORMA-12232,870
47,NORMA-18542,871
47,NORMA-2501,872
47,NORMA-2492,873
47,NORMA-4942,874
47,NORMA-2562,875
47,NORMA-7821,876
47,NORMA-2521,877
47,NORMA-2592,878
47,NORMA-4893,879
47,NORMA-9110,880
47,NORMA-18434,881
47,NORMA-6443,882
47,NORMA-18815,883
47,NORMA-5268,884
47,NORMA-19281,885
47,NORMA-252,886
47,NORMA-4202,887
47,NORMA-314,888
47,NORMA-11927,889
47,NORMA-1288,890
47,NORMA-7422,891
47,NORMA-8448,892
47,NORMA-3738,893
47,NORMA-2509,894
47,NORMA-8126,895
47,NORMA-7942,896
47,NORMA-11631,897
47,NORMA-8677,898
47,NORMA-5807,899
47,NORMA-2508,900
47,NORMA-607,901
47,NORMA-253,902
47,NORMA-1289,903
47,NORMA-1510,904
47,NORMA-21519,905
47,NORMA-2453,906
47,NORMA-7730,907
47,NORMA-2076,908
47,NORMA-8680,909
47,NORMA-780,910
47,NORMA-2119,911
47,NORMA-9670,912
47,NORMA-4555,913
47,NORMA-2022,914
47,NORMA-2177,915
47,NORMA-2034,916
47,NORMA-12006,917
47,NORMA-581,918
47,NORMA-6211,919
47,NORMA-5843,920
47,NORMA-19644,921
47,NORMA-760,922
47,NORMA-4801,923
47,NORMA-3652,924
47,NORMA-20446,925
47,NORMA-7718,926
47,NORMA-5955,927
47,NORMA-6578,928
47,NORMA-4565,929
47,NORMA-4886,930
47,NORMA-4493,931
47,NORMA-10397,932
47,NORMA-2568,933
47,NORMA-144,934
47,NORMA-1474,935
47,NORMA-1132,936
47,NORMA-917,937
47,NORMA-8011,938
47,NORMA-4336,939
47,NORMA-4554,940
47,NORMA-1006,941
47,NORMA-856,942
47,NORMA-634,943
47,NORMA-19437,944
47,NORMA-14968,945
47,NORMA-8824,946
47,NORMA-7068,947
47,NORMA-5126,948
47,NORMA-2589,949
47,NORMA-5290,950
47,NORMA-12002,951
47,NORMA-2842,952
47,NORMA-11999,953
47,NORMA-278,954
47,NORMA-7714,955
47,NORMA-1337,956
47,NORMA-251,957
47,NORMA-5730,958
47,NORMA-1423,959
47,NORMA-3896,960
47,NORMA-1515,961
47,NORMA-7666,962
47,NORMA-6830,963
47,NORMA-644,964
47,NORMA-2276,965
47,NORMA-5022,966
47,NORMA-1263,967
47,NORMA-1727,968
47,NORMA-1155,969
47,NORMA-9331,970
47,NORMA-7205,971
47,NORMA-4065,972
47,NORMA-8826,973
47,NORMA-11190,974
47,NORMA-5333,975
47,NORMA-4663,976
47,NORMA-1141,977
47,NORMA-7659,978
47,NORMA-5509,979
47,NORMA-1438,980
47,NORMA-2016,981
47,NORMA-2143,982
47,NORMA-662,983
47,NORMA-4862,984
47,NORMA-10716,985
47,NORMA-18740,986
47,NORMA-4865,987
47,NORMA-999,988
47,NORMA-5982,989
47,NORMA-8167,990
47,NORMA-3478,991
47,NORMA-6276,992
47,NORMA-7820,993
47,NORMA-20700,994
47,NORMA-2168,995
47,NORMA-11859,996
47,NORMA-8825,997
47,NORMA-10539,998
47,NORMA-4688,999
47,NORMA-837,1000
48,NORMA-21450,1
48,NORMA-19786,2
48,NORMA-23222,3
48,NORMA-20140,4
48,NORMA-12872,5
48,NORMA-21721,6
48,NORMA-12706,7
48,NORMA-21648,8
48,NORMA-13696,9
48,NORMA-13106,10
48,NORMA-21470,11
48,NORMA-13802,12
48,NORMA-10326,13
48,NORMA-1999,14
48,NORMA-21583,15
48,NORMA-7773,16
48,NORMA-18747,17
48,NORMA-21474,18
48,NORMA-20865,19
48,NORMA-21744,20
48,NORMA-21301,21
48,NORMA-18839,22
48,NORMA-19205,23
48,NORMA-20812,24
48,NORMA-21220,25
48,NORMA-14618,26
48,NORMA-22101,27
48,NORMA-19646,28
48,NORMA-21522,29
48,NORMA-18201,30
48,NORMA-21443,31
48,NORMA-21631,32
48,NORMA-3342,33
48,NORMA-20139,34
48,NORMA-15542,35
48,NORMA-14474,36
48,NORMA-28203,37
48,NORMA-21276,38
48,NORMA-21225,39
48,NORMA-21461,40
48,NORMA-21586,41
48,NORMA-21261,42
48,NORMA-20797,43
48,NORMA-6655,44
48,NORMA-21361,45
48,NORMA-20995,46
48,NORMA-18646,47
48,NORMA-26163,48
48,NORMA-18691,49
48,NORMA-19730,50
48,NORMA-21637,51
48,NORMA-11605,52
48,NORMA-21608,53
48,NORMA-19968,54
48,NORMA-15060,55
48,NORMA-5536,56
48,NORMA-21756,57
48,NORMA-4818,58
48,NORMA-18227,59
48,NORMA-11607,60
48,NORMA-20569,61
48,NORMA-20811,62
48,NORMA-6509,63
48,NORMA-7651,64
48,NORMA-19542,65
48,NORMA-14629,66
48,NORMA-19803,67
48,NORMA-20521,68
48,NORMA-20969,69
48,NORMA-14703,70
48,NORMA-231,71
48,NORMA-21792,72
48,NORMA-20034,73
48,NORMA-4091,74
48,NORMA-18762,75
48,NORMA-15581,76
48,NORMA-21695,77
48,NORMA-21389,78
48,NORMA-9823,79
48,NORMA-18992,80
48,NORMA-19798,81
48,NORMA-21499,82
48,NORMA-15541,83
48,NORMA-1613,84
48,NORMA-19512,85
48,NORMA-13174,86
48,NORMA-20583,87
48,NORMA-3201,88
48,NORMA-21507,89
48,NORMA-18444,90
48,NORMA-20028,91
48,NORMA-12986,92
48,NORMA-2005,93
48,NORMA-19953,94
48,NORMA-21113,95
48,NORMA-20432,96
48,NORMA-20776,97
48,NORMA-12039,98
48,NORMA-11137,99
48,NORMA-20708,100
48,NORMA-21264,101
48,NORMA-21564,102
48,NORMA-20778,103
48,NORMA-7095,104
48,NORMA-19337,105
48,NORMA-3241,106
48,NORMA-20190,107
48,NORMA-20002,108
48,NORMA-4943,109
48,NORMA-9316,110
48,NORMA-4862,111
48,NORMA-21729,112
48,NORMA-18248,113
48,NORMA-28181,114
48,NORMA-18683,115
48,NORMA-21630,116
48,NORMA-20201,117
48,NORMA-20841,118
48,NORMA-20200,119
48,NORMA-20199,120
48,NORMA-28201,121
48,NORMA-31905,122
48,NORMA-28162,123
48,NORMA-27688,124
48,NORMA-15061,125
48,NORMA-26564,126
48,NORMA-23841,127
48,NORMA-27081,128
48,NORMA-25524,129
48,NORMA-25203,130
48,NORMA-25141,131
48,NORMA-23621,132
48,NORMA-25262,133
48,NORMA-18815,134
48,NORMA-29023,135
48,NORMA-27901,136
48,NORMA-27605,137
48,NORMA-27021,138
48,NORMA-28581,139
48,NORMA-27421,140
48,NORMA-26886,141
48,NORMA-36,142
48,NORMA-25205,143
48,NORMA-3472,144
48,NORMA-19134,145
48,NORMA-21121,146
48,NORMA-18989,147
48,NORMA-12344,148
48,NORMA-26421,149
48,NORMA-27623,150
48,NORMA-11742,151
48,NORMA-20609,152
48,NORMA-19427,153
48,NORMA-14389,154
48,NORMA-19520,155
48,NORMA-19292,156
48,NORMA-12165,157
48,NORMA-5252,158
48,NORMA-27550,159
48,NORMA-8701,160
48,NORMA-18750,161
48,NORMA-6677,162
48,NORMA-31923,163
48,NORMA-21538,164
48,NORMA-8435,165
48,NORMA-31903,166
48,NORMA-19384,167
48,NORMA-20402,168
48,NORMA-26281,169
48,NORMA-18685,170
48,NORMA-19634,171
48,NORMA-18967,172
48,NORMA-18221,173
48,NORMA-21000,174
48,NORMA-7386,175
48,NORMA-15701,176
48,NORMA-9724,177
48,NORMA-20137,178
48,NORMA-19844,179
48,NORMA-6140,180
48,NORMA-15068,181
48,NORMA-21640,182
48,NORMA-20198,183
48,NORMA-7113,184
48,NORMA-18937,185
48,NORMA-14858,186
48,NORMA-7225,187
48,NORMA-21553,188
48,NORMA-13555,189
48,NORMA-634,190
48,NORMA-6783,191
48,NORMA-28961,192
48,NORMA-18931,193
48,NORMA-20605,194
48,NORMA-19140,195
48,NORMA-7222,196
48,NORMA-12664,197
48,NORMA-21431,198
48,NORMA-14788,199
48,NORMA-18806,200
48,NORMA-20622,201
48,NORMA-21131,202
48,NORMA-684,203
48,NORMA-19589,204
48,NORMA-27001,205
48,NORMA-21367,206
48,NORMA-18631,207
48,NORMA-19275,208
48,NORMA-14967,209
48,NORMA-21739,210
48,NORMA-21231,211
48,NORMA-19571,212
48,NORMA-21226,213
48,NORMA-20138,214
48,NORMA-18280,215
48,NORMA-18428,216
48,NORMA-13990,217
48,NORMA-20828,218
48,NORMA-19715,219
48,NORMA-28102,220
48,NORMA-18213,221
48,NORMA-19422,222
48,NORMA-13545,223
48,NORMA-6126,224
48,NORMA-14329,225
48,NORMA-21526,226
48,NORMA-11144,227
48,NORMA-14459,228
48,NORMA-12102,229
48,NORMA-18688,230
48,NORMA-8028,231
48,NORMA-19809,232
48,NORMA-20023,233
48,NORMA-20908,234
48,NORMA-15339,235
48,NORMA-12657,236
48,NORMA-309,237
48,NORMA-15239,238
48,NORMA-18332,239
48,NORMA-13476,240
48,NORMA-8931,241
48,NORMA-18988,242
48,NORMA-20239,243
48,NORMA-883,244
48,NORMA-26701,245
48,NORMA-21238,246
48,NORMA-20558,247
48,NORMA-6505,248
48,NORMA-13918,249
48,NORMA-19303,250
48,NORMA-11454,251
48,NORMA-20164,252
48,NORMA-19477,253
48,NORMA-10267,254
48,NORMA-20468,255
48,NORMA-20108,256
48,NORMA-18910,257
48,NORMA-21521,258
48,NORMA-7110,259
48,NORMA-21776,260
48,NORMA-4631,261
48,NORMA-18565,262
48,NORMA-20861,263
48,NORMA-20924,264
48,NORMA-18998,265
48,NORMA-18385,266
48,NORMA-18816,267
48,NORMA-19553,268
48,NORMA-7525,269
48,NORMA-10890,270
48,NORMA-2375,271
48,NORMA-18859,272
48,NORMA-19096,273
48,NORMA-19919,274
48,NORMA-19249,275
48,NORMA-18842,276
48,NORMA-18605,277
48,NORMA-20079,278
48,NORMA-15211,279
48,NORMA-6948,280
48,NORMA-18284,281
48,NORMA-18224,282
48,NORMA-7149,283
48,NORMA-21626,284
48,NORMA-12067,285
48,NORMA-20921,286
48,NORMA-9384,287
48,NORMA-20565,288
48,NORMA-18427,289
48,NORMA-18494,290
48,NORMA-20705,291
48,NORMA-772,292
48,NORMA-11417,293
48,NORMA-18412,294
48,NORMA-21550,295
48,NORMA-18799,296
48,NORMA-14724,297
48,NORMA-19596,298
48,NORMA-28802,299
48,NORMA-18380,300
48,NORMA-19221,301
48,NORMA-18734,302
48,NORMA-11356,303
48,NORMA-19841,304
48,NORMA-8706,305
48,NORMA-20104,306
48,NORMA-20619,307
48,NORMA-14746,308
48,NORMA-3642,309
48,NORMA-20907,310
48,NORMA-9297,311
48,NORMA-20616,312
48,NORMA-21255,313
48,NORMA-20474,314
48,NORMA-4786,315
48,NORMA-18479,316
48,NORMA-27364,317
48,NORMA-18933,318
48,NORMA-19181,319
48,NORMA-18548,320
48,NORMA-18293,321
48,NORMA-20249,322
48,NORMA-12029,323
48,NORMA-20421,324
48,NORMA-19119,325
48,NORMA-19799,326
48,NORMA-19459,327
48,NORMA-18378,328
48,NORMA-18796,329
48,NORMA-20428,330
48,NORMA-14294,331
48,NORMA-21026,332
48,NORMA-4275,333
48,NORMA-20202,334
48,NORMA-21650,335
48,NORMA-20196,336
48,NORMA-19128,337
48,NORMA-20580,338
48,NORMA-11085,339
48,NORMA-14937,340
48,NORMA-8205,341
48,NORMA-6343,342
48,NORMA-13469,343
48,NORMA-13158,344
48,NORMA-25902,345
48,NORMA-20157,346
48,NORMA-3979,347
48,NORMA-7241,348
48,NORMA-19351,349
48,NORMA-19503,350
48,NORMA-21173,351
48,NORMA-19735,352
48,NORMA-18394,353
48,NORMA-20542,354
48,NORMA-19967,355
48,NORMA-18826,356
48,NORMA-29763,357
48,NORMA-20077,358
48,NORMA-13470,359
48,NORMA-16202,360
48,NORMA-20148,361
48,NORMA-19454,362
48,NORMA-33288,363
48,NORMA-27044,364
48,NORMA-20038,365
48,NORMA-19925,366
48,NORMA-21468,367
48,NORMA-19436,368
48,NORMA-21233,369
48,NORMA-3503,370
48,NORMA-19391,371
48,NORMA-33308,372
48,NORMA-20135,373
48,NORMA-20789,374
48,NORMA-20277,375
48,NORMA-11715,376
48,NORMA-18359,377
48,NORMA-19561,378
48,NORMA-20817,379
48,NORMA-8458,380
48,NORMA-3381,381
48,NORMA-19468,382
48,NORMA-21554,383
48,NORMA-20880,384
48,NORMA-19667,385
48,NORMA-19727,386
48,NORMA-19977,387
48,NORMA-20993,388
48,NORMA-6249,389
48,NORMA-20753,390
48,NORMA-19562,391
48,NORMA-8522,392
48,NORMA-18325,393
48,NORMA-19170,394
48,NORMA-21417,395
48,NORMA-8245,396
48,NORMA-27761,397
48,NORMA-19643,398
48,NORMA-6676,399
48,NORMA-19499,400
48,NORMA-21052,401
48,NORMA-4075,402
48,NORMA-11901,403
48,NORMA-25964,404
48,NORMA-11646,405
48,NORMA-11455,406
48,NORMA-18298,407
48,NORMA-20936,408
48,NORMA-19416,409
48,NORMA-19518,410
48,NORMA-20065,411
48,NORMA-18769,412
48,NORMA-20762,413
48,NORMA-18411,414
48,NORMA-18984,415
48,NORMA-18537,416
48,NORMA-220,417
48,NORMA-21170,418
48,NORMA-19426,419
48,NORMA-21150,420
48,NORMA-19691,421
48,NORMA-11505,422
48,NORMA-23341,423
48,NORMA-5170,424
48,NORMA-21390,425
48,NORMA-2089,426
48,NORMA-19959,427
48,NORMA-14974,428
48,NORMA-20222,429
48,NORMA-18439,430
48,NORMA-1341,431
48,NORMA-21509,432
48,NORMA-19580,433
48,NORMA-20465,434
48,NORMA-6962,435
48,NORMA-20336,436
48,NORMA-18981,437
48,NORMA-21459,438
48,NORMA-19442,439
48,NORMA-11736,440
48,NORMA-20941,441
48,NORMA-18654,442
48,NORMA-18292,443
48,NORMA-7953,444
48,NORMA-21158,445
48,NORMA-7027,446
48,NORMA-21408,447
48,NORMA-18456,448
48,NORMA-7279,449
48,NORMA-20087,450
48,NORMA-1035,451
48,NORMA-21114,452
48,NORMA-19916,453
48,NORMA-21663,454
48,NORMA-19105,455
48,NORMA-18870,456
48,NORMA-19650,457
48,NORMA-21710,458
48,NORMA-19256,459
48,NORMA-11798,460
48,NORMA-2032,461
48,NORMA-20885,462
48,NORMA-19408,463
48,NORMA-18446,464
48,NORMA-2413,465
48,NORMA-12989,466
48,NORMA-21788,467
48,NORMA-21305,468
48,NORMA-2158,469
48,NORMA-21661,470
48,NORMA-13903,471
48,NORMA-21269,472
48,NORMA-21659,473
48,NORMA-18724,474
48,NORMA-6256,475
48,NORMA-6623,476
48,NORMA-13195,477
48,NORMA-19760,478
48,NORMA-19081,479
48,NORMA-14587,480
48,NORMA-15134,481
48,NORMA-21678,482
48,NORMA-18952,483
48,NORMA-21651,484
48,NORMA-20989,485
48,NORMA-19948,486
48,NORMA-7012,487
48,NORMA-20473,488
48,NORMA-18286,489
48,NORMA-21149,490
48,NORMA-18591,491
48,NORMA-18430,492
48,NORMA-970,493
48,NORMA-19581,494
48,NORMA-21446,495
48,NORMA-21541,496
48,NORMA-19864,497
48,NORMA-19969,498
48,NORMA-18748,499
48,NORMA-19328,500
48,NORMA-20225,501
48,NORMA-2,502
48,NORMA-2091,503
48,NORMA-8027,504
48,NORMA-4711,505
48,NORMA-21224,506
48,NORMA-19240,507
48,NORMA-12038,508
48,NORMA-10309,509
48,NORMA-6749,510
48,NORMA-20429,511
48,NORMA-21046,512
48,NORMA-21073,513
48,NORMA-211,514
48,NORMA-20994,515
48,NORMA-21252,516
48,NORMA-18897,517
48,NORMA-21005,518
48,NORMA-8009,519
48,NORMA-20407,520
48,NORMA-14345,521
48,NORMA-7971,522
48,NORMA-20754,523
48,NORMA-21063,524
48,NORMA-20376,525
48,NORMA-19223,526
48,NORMA-205,527
48,NORMA-13995,528
48,NORMA-8198,529
48,NORMA-18364,530
48,NORMA-6673,531
48,NORMA-21140,532
48,NORMA-19933,533
48,NORMA-18356,534
48,NORMA-22561,535
48,NORMA-19021,536
48,NORMA-20369,537
48,NORMA-5251,538
48,NORMA-11473,539
48,NORMA-228,540
48,NORMA-20447,541
48,NORMA-20849,542
48,NORMA-3382,543
48,NORMA-23521,544
48,NORMA-21198,545
48,NORMA-1388,546
48,NORMA-11758,547
48,NORMA-14113,548
48,NORMA-19005,549
48,NORMA-19609,550
48,NORMA-20896,551
48,NORMA-15882,552
48,NORMA-18825,553
48,NORMA-233,554
48,NORMA-20444,555
48,NORMA-19981,556
48,NORMA-20892,557
48,NORMA-11496,558
48,NORMA-21028,559
48,NORMA-15027,560
48,NORMA-20460,561
48,NORMA-11632,562
48,NORMA-2517,563
48,NORMA-21274,564
48,NORMA-18583,565
48,NORMA-1222,566
48,NORMA-1994,567
48,NORMA-21515,568
48,NORMA-20359,569
48,NORMA-1840,570
48,NORMA-19387,571
48,NORMA-1620,572
48,NORMA-27341,573
48,NORMA-21409,574
48,NORMA-18934,575
48,NORMA-20382,576
48,NORMA-2727,577
48,NORMA-232,578
48,NORMA-18709,579
48,NORMA-18414,580
48,NORMA-20398,581
48,NORMA-18681,582
48,NORMA-20919,583
48,NORMA-19526,584
48,NORMA-20717,585
48,NORMA-20794,586
48,NORMA-18732,587
48,NORMA-20985,588
48,NORMA-20603,589
48,NORMA-20209,590
48,NORMA-20351,591
48,NORMA-20098,592
48,NORMA-21547,593
48,NORMA-18492,594
48,NORMA-13480,595
48,NORMA-20459,596
48,NORMA-20321,597
48,NORMA-20448,598
48,NORMA-21344,599
48,NORMA-20357,600
48,NORMA-20435,601
48,NORMA-20342,602
48,NORMA-19110,603
48,NORMA-6880,604
48,NORMA-18729,605
48,NORMA-18345,606
48,NORMA-20649,607
48,NORMA-1348,608
48,NORMA-21023,609
48,NORMA-20480,610
48,NORMA-18950,611
48,NORMA-10200,612
48,NORMA-18306,613
48,NORMA-15521,614
48,NORMA-21273,615
48,NORMA-1534,616
48,NORMA-10107,617
48,NORMA-20594,618
48,NORMA-1786,619
48,NORMA-20103,620
48,NORMA-555,621
48,NORMA-20356,622
48,NORMA-20786,623
48,NORMA-1846,624
48,NORMA-396,625
48,NORMA-20389,626
48,NORMA-20641,627
48,NORMA-20720,628
48,NORMA-21404,629
48,NORMA-18753,630
48,NORMA-19028,631
48,NORMA-20914,632
48,NORMA-21717,633
48,NORMA-20714,634
48,NORMA-12728,635
48,NORMA-28362,636
48,NORMA-1471,637
48,NORMA-12404,638
48,NORMA-7694,639
48,NORMA-20745,640
48,NORMA-19155,641
48,NORMA-20476,642
48,NORMA-20505,643
48,NORMA-7760,644
48,NORMA-4792,645
48,NORMA-20556,646
48,NORMA-4500,647
48,NORMA-18616,648
48,NORMA-1366,649
48,NORMA-11999,650
48,NORMA-18396,651
48,NORMA-10044,652
48,NORMA-21019,653
48,NORMA-19639,654
48,NORMA-13992,655
48,NORMA-9466,656
48,NORMA-8586,657
48,NORMA-7451,658
48,NORMA-12340,659
48,NORMA-14410,660
48,NORMA-10476,661
48,NORMA-4710,662
48,NORMA-14663,663
48,NORMA-10553,664
48,NORMA-9467,665
48,NORMA-20499,666
48,NORMA-2184,667
48,NORMA-6956,668
48,NORMA-75,669
48,NORMA-14526,670
48,NORMA-14096,671
48,NORMA-8100,672
48,NORMA-8046,673
48,NORMA-19343,674
48,NORMA-20700,675
48,NORMA-21783,676
48,NORMA-13866,677
48,NORMA-20422,678
48,NORMA-3281,679
48,NORMA-18979,680
48,NORMA-12002,681
48,NORMA-13988,682
48,NORMA-19133,683
48,NORMA-18603,684
48,NORMA-12302,685
48,NORMA-20604,686
48,NORMA-20650,687
48,NORMA-7498,688
48,NORMA-20270,689
48,NORMA-14235,690
48,NORMA-19862,691
48,NORMA-22221,692
48,NORMA-22121,693
48,NORMA-6713,694
48,NORMA-8054,695
48,NORMA-20785,696
48,NORMA-18237,697
48,NORMA-18474,698
48,NORMA-27642,699
48,NORMA-21402,700
48,NORMA-18780,701
48,NORMA-18360,702
48,NORMA-19883,703
48,NORMA-26661,704
48,NORMA-20691,705
48,NORMA-20646,706
48,NORMA-18788,707
48,NORMA-21176,708
48,NORMA-9803,709
48,NORMA-18822,710
48,NORMA-13044,711
48,NORMA-15336,712
48,NORMA-11621,713
48,NORMA-12767,714
48,NORMA-12325,715
48,NORMA-20949,716
48,NORMA-475,717
48,NORMA-18208,718
48,NORMA-913,719
48,NORMA-17482,720
48,NORMA-19224,721
48,NORMA-1681,722
48,NORMA-1909,723
48,NORMA-11771,724
48,NORMA-20546,725
48,NORMA-18219,726
48,NORMA-18434,727
48,NORMA-19449,728
48,NORMA-19800,729
48,NORMA-20928,730
48,NORMA-18542,731
48,NORMA-14256,732
48,NORMA-2559,733
48,NORMA-20956,734
48,NORMA-6669,735
48,NORMA-15114,736
48,NORMA-13137,737
48,NORMA-15189,738
48,NORMA-19052,739
48,NORMA-18764,740
48,NORMA-20280,741
48,NORMA-14432,742
48,NORMA-13669,743
48,NORMA-18205,744
48,NORMA-17281,745
48,NORMA-14886,746
48,NORMA-799,747
48,NORMA-20602,748
48,NORMA-13322,749
48,NORMA-13097,750
48,NORMA-18222,751
48,NORMA-13790,752
48,NORMA-18945,753
48,NORMA-20146,754
48,NORMA-477,755
48,NORMA-18951,756
48,NORMA-15128,757
48,NORMA-20086,758
48,NORMA-21514,759
48,NORMA-19717,760
48,NORMA-20709,761
48,NORMA-18339,762
48,NORMA-941,763
48,NORMA-21065,764
48,NORMA-4084,765
48,NORMA-20774,766
48,NORMA-20111,767
48,NORMA-20991,768
48,NORMA-12262,769
48,NORMA-20807,770
48,NORMA-18342,771
48,NORMA-937,772
48,NORMA-22001,773
48,NORMA-12188,774
48,NORMA-18838,775
48,NORMA-12354,776
48,NORMA-11687,777
48,NORMA-11814,778
48,NORMA-15197,779
48,NORMA-1085,780
48,NORMA-113,781
48,NORMA-21058,782
48,NORMA-19719,783
48,NORMA-18823,784
48,NORMA-19728,785
48,NORMA-18797,786
48,NORMA-19678,787
48,NORMA-22401,788
48,NORMA-5534,789
48,NORMA-705,790
48,NORMA-20031,791
48,NORMA-20629,792
48,NORMA-21138,793
48,NORMA-20145,794
48,NORMA-20838,795
48,NORMA-21330,796
48,NORMA-18973,797
48,NORMA-18550,798
48,NORMA-21632,799
48,NORMA-20047,800
48,NORMA-6809,801
48,NORMA-21049,802
48,NORMA-4886,803
48,NORMA-4846,804
48,NORMA-18506,805
48,NORMA-18440,806
48,NORMA-14111,807
48,NORMA-21213,808
48,NORMA-21634,809
48,NORMA-19904,810
48,NORMA-10621,811
48,NORMA-5371,812
48,NORMA-20330,813
48,NORMA-21241,814
48,NORMA-20195,815
48,NORMA-1447,816
48,NORMA-19821,817
48,NORMA-21001,818
48,NORMA-21211,819
48,NORMA-6070,820
48,NORMA-21573,821
48,NORMA-3734,822
48,NORMA-19574,823
48,NORMA-21135,824
48,NORMA-20799,825
48,NORMA-18336,826
48,NORMA-20975,827
48,NORMA-20790,828
48,NORMA-4765,829
48,NORMA-19445,830
48,NORMA-20792,831
48,NORMA-7590,832
48,NORMA-20335,833
48,NORMA-20266,834
48,NORMA-7236,835
48,NORMA-4122,836
48,NORMA-5625,837
48,NORMA-5488,838
48,NORMA-13398,839
48,NORMA-3880,840
48,NORMA-19463,841
48,NORMA-19792,842
48,NORMA-18445,843
48,NORMA-2483,844
48,NORMA-21385,845
48,NORMA-5781,846
48,NORMA-21243,847
48,NORMA-188,848
48,NORMA-1272,849
48,NORMA-20248,850
48,NORMA-21393,851
48,NORMA-19506,852
48,NORMA-21454,853
48,NORMA-19973,854
48,NORMA-4595,855
48,NORMA-8207,856
48,NORMA-21162,857
48,NORMA-19697,858
48,NORMA-6834,859
48,NORMA-20860,860
48,NORMA-3181,861
48,NORMA-19125,862
48,NORMA-60,863
48,NORMA-18642,864
48,NORMA-21139,865
48,NORMA-19432,866
48,NORMA-9960,867
48,NORMA-5312,868
48,NORMA-21181,869
48,NORMA-18570,870
48,NORMA-8459,871
48,NORMA-21070,872
48,NORMA-19084,873
48,NORMA-2568,874
48,NORMA-5142,875
48,NORMA-21420,876
48,NORMA-21414,877
48,NORMA-21412,878
48,NORMA-23441,879
48,NORMA-20584,880
48,NORMA-21667,881
48,NORMA-21441,882
48,NORMA-796,883
48,NORMA-4251,884
48,NORMA-19888,885
48,NORMA-18423,886
48,NORMA-9110,887
48,NORMA-21111,888
48,NORMA-8894,889
48,NORMA-4310,890
48,NORMA-20938,891
48,NORMA-18389,892
48,NORMA-19238,893
48,NORMA-21719,894
48,NORMA-14915,895
48,NORMA-21438,896
48,NORMA-6244,897
48,NORMA-18680,898
48,NORMA-19405,899
48,NORMA-21641,900
48,NORMA-18429,901
48,NORMA-19986,902
48,NORMA-19001,903
48,NORMA-7942,904
48,NORMA-19300,905
48,NORMA-6851,906
48,NORMA-21727,907
48,NORMA-18812,908
48,NORMA-12972,909
48,NORMA-21419,910
48,NORMA-18752,911
48,NORMA-21324,912
48,NORMA-18231,913
48,NORMA-12929,914
48,NORMA-1960,915
48,NORMA-19176,916
48,NORMA-21053,917
48,NORMA-9717,918
48,NORMA-9670,919
48,NORMA-18282,920
48,NORMA-18244,921
48,NORMA-20070,922
48,NORMA-21217,923
48,NORMA-29062,924
48,NORMA-16541,925
48,NORMA-19604,926
48,NORMA-21115,927
48,NORMA-10255,928
48,NORMA-4252,929
48,NORMA-1009,930
48,NORMA-18684,931
48,NORMA-5824,932
48,NORMA-4299,933
48,NORMA-19811,934
48,NORMA-5097,935
48,NORMA-4168,936
48,NORMA-5999,937
48,NORMA-22262,938
48,NORMA-925,939
48,NORMA-5552,940
48,NORMA-7209,941
48,NORMA-7200,942
48,NORMA-18210,943
48,NORMA-12442,944
48,NORMA-19998,945
48,NORMA-21558,946
48,NORMA-13931,947
48,NORMA-19464,948
48,NORMA-19460,949
48,NORMA-18728,950
48,NORMA-18761,951
48,NORMA-21016,952
48,NORMA-19222,953
48,NORMA-19164,954
48,NORMA-19049,955
48,NORMA-20577,956
48,NORMA-19065,957
48,NORMA-21483,958
48,NORMA-9794,959
48,NORMA-21074,960
48,NORMA-9382,961
48,NORMA-21087,962
48,NORMA-11916,963
48,NORMA-1263,964
48,NORMA-19219,965
48,NORMA-19703,966
48,NORMA-19836,967
48,NORMA-12975,968
48,NORMA-19502,969
48,NORMA-14281,970
48,NORMA-18621,971
48,NORMA-18516,972
48,NORMA-13295,973
48,NORMA-2190,974
48,NORMA-19495,975
48,NORMA-20854,976
48,NORMA-19266,977
48,NORMA-9893,978
48,NORMA-22643,979
48,NORMA-11813,980
48,NORMA-11780,981
48,NORMA-18854,982
48,NORMA-12771,983
48,NORMA-6199,984
48,NORMA-18960,985
48,NORMA-21613,986
48,NORMA-18869,987
48,NORMA-18490,988
48,NORMA-18357,989
48,NORMA-21496,990
48,NORMA-20551,991
48,NORMA-18789,992
48,NORMA-23026,993
48,NORMA-13458,994
48,NORMA-18921,995
48,NORMA-21036,996
48,NORMA-19684,997
48,NORMA-6092,998
48,NORMA-1555,999
48,NORMA-19139,1000
49,NORMA-1863,1
49,NORMA-28001,2
49,NORMA-13508,3
49,NORMA-28362,4
49,NORMA-704,5
49,NORMA-20914,6
49,NORMA-20505,7
49,NORMA-20723,8
49,NORMA-19152,9
49,NORMA-13160,10
49,NORMA-20512,11
49,NORMA-18762,12
49,NORMA-9217,13
49,NORMA-20290,14
49,NORMA-21367,15
49,NORMA-20682,16
49,NORMA-20904,17
49,NORMA-21521,18
49,NORMA-18205,19
49,NORMA-20800,20
49,NORMA-19233,21
49,NORMA-18446,22
49,NORMA-875,23
49,NORMA-1408,24
49,NORMA-1332,25
49,NORMA-976,26
49,NORMA-798,27
49,NORMA-20007,28
49,NORMA-21705,29
49,NORMA-751,30
49,NORMA-18549,31
49,NORMA-20137,32
49,NORMA-833,33
49,NORMA-736,34
49,NORMA-385,35
49,NORMA-1390,36
49,NORMA-21431,37
49,NORMA-20918,38
49,NORMA-1295,39
49,NORMA-28281,40
49,NORMA-996,41
49,NORMA-1674,42
49,NORMA-1188,43
49,NORMA-680,44
49,NORMA-12039,45
49,NORMA-20369,46
49,NORMA-20853,47
49,NORMA-20793,48
49,NORMA-3382,49
49,NORMA-3201,50
49,NORMA-12165,51
49,NORMA-2157,52
49,NORMA-20861,53
49,NORMA-28181,54
49,NORMA-2551,55
49,NORMA-20756,56
49,NORMA-15541,57
49,NORMA-1143,58
49,NORMA-818,59
49,NORMA-11739,60
49,NORMA-19212,61
49,NORMA-20941,62
49,NORMA-18492,63
49,NORMA-19866,64
49,NORMA-21419,65
49,NORMA-19209,66
49,NORMA-567,67
49,NORMA-12102,68
49,NORMA-18219,69
49,NORMA-21506,70
49,NORMA-11474,71
49,NORMA-18233,72
49,NORMA-19305,73
49,NORMA-20902,74
49,NORMA-15882,75
49,NORMA-11527,76
49,NORMA-20995,77
49,NORMA-2460,78
49,NORMA-2522,79
49,NORMA-20831,80
49,NORMA-15521,81
49,NORMA-21461,82
49,NORMA-3381,83
49,NORMA-15561,84
49,NORMA-18424,85
49,NORMA-21760,86
49,NORMA-2496,87
49,NORMA-24961,88
49,NORMA-19387,89
49,NORMA-29763,90
49,NORMA-3241,91
49,NORMA-20503,92
49,NORMA-13719,93
49,NORMA-21437,94
49,NORMA-16268,95
49,NORMA-6948,96
49,NORMA-21790,97
49,NORMA-20906,98
49,NORMA-21028,99
49,NORMA-8028,100
49,NORMA-20961,101
49,NORMA-1840,102
49,NORMA-19559,103
49,NORMA-21556,104
49,NORMA-15701,105
49,NORMA-15004,106
49,NORMA-19275,107
49,NORMA-21413,108
49,NORMA-1398,109
49,NORMA-19871,110
49,NORMA-17221,111
49,NORMA-19122,112
49,NORMA-11576,113
49,NORMA-21589,114
49,NORMA-15657,115
49,NORMA-21085,116
49,NORMA-15801,117
49,NORMA-6880,118
49,NORMA-21783,119
49,NORMA-3281,120
49,NORMA-3342,121
49,NORMA-11476,122
49,NORMA-12657,123
49,NORMA-61,124
49,NORMA-15391,125
49,NORMA-20106,126
49,NORMA-20930,127
49,NORMA-11767,128
49,NORMA-19384,129
49,NORMA-21507,130
49,NORMA-21739,131
49,NORMA-7110,132
49,NORMA-21532,133
49,NORMA-5813,134
49,NORMA-21023,135
49,NORMA-24002,136
49,NORMA-19659,137
49,NORMA-6758,138
49,NORMA-28961,139
49,NORMA-19520,140
49,NORMA-21756,141
49,NORMA-19292,142
49,NORMA-20382,143
49,NORMA-19605,144
49,NORMA-11751,145
49,NORMA-3734,146
49,NORMA-12014,147
49,NORMA-12234,148
49,NORMA-20912,149
49,NORMA-20376,150
49,NORMA-20309,151
49,NORMA-4977,152
49,NORMA-20744,153
49,NORMA-13801,154
49,NORMA-12024,155
49,NORMA-12032,156
49,NORMA-31904,157
49,NORMA-3516,158
49,NORMA-6005,159
49,NORMA-12232,160
49,NORMA-20959,161
49,NORMA-21687,162
49,NORMA-3893,163
49,NORMA-716,164
49,NORMA-21398,165
49,NORMA-18237,166
49,NORMA-11472,167
49,NORMA-23501,168
49,NORMA-20476,169
49,NORMA-12385,170
49,NORMA-7910,171
49,NORMA-17321,172
49,NORMA-11000,173
49,NORMA-19941,174
49,NORMA-2032,175
49,NORMA-17684,176
49,NORMA-20999,177
49,NORMA-21524,178
49,NORMA-21310,179
49,NORMA-20374,180
49,NORMA-1341,181
49,NORMA-6316,182
49,NORMA-75,183
49,NORMA-6181,184
49,NORMA-483,185
49,NORMA-21113,186
49,NORMA-18325,187
49,NORMA-6630,188
49,NORMA-12006,189
49,NORMA-19434,190
49,NORMA-19715,191
49,NORMA-21725,192
49,NORMA-3942,193
49,NORMA-19870,194
49,NORMA-19443,195
49,NORMA-6967,196
49,NORMA-21114,197
49,NORMA-10375,198
49,NORMA-18654,199
49,NORMA-21228,200
49,NORMA-18724,201
49,NORMA-11868,202
49,NORMA-1740,203
49,NORMA-10629,204
49,NORMA-18247,205
49,NORMA-21239,206
49,NORMA-11864,207
49,NORMA-10950,208
49,NORMA-20488,209
49,NORMA-19430,210
49,NORMA-21086,211
49,NORMA-20477,212
49,NORMA-12048,213
49,NORMA-555,214
49,NORMA-22941,215
49,NORMA-11214,216
49,NORMA-11522,217
49,NORMA-19181,218
49,NORMA-21305,219
49,NORMA-21515,220
49,NORMA-18803,221
49,NORMA-535,222
49,NORMA-6084,223
49,NORMA-18502,224
49,NORMA-12049,225
49,NORMA-2184,226
49,NORMA-21417,227
49,NORMA-15198,228
49,NORMA-19095,229
49,NORMA-6082,230
49,NORMA-9821,231
49,NORMA-18375,232
49,NORMA-28422,233
49,NORMA-19056,234
49,NORMA-21267,235
49,NORMA-11615,236
49,NORMA-21299,237
49,NORMA-12228,238
49,NORMA-20766,239
49,NORMA-19431,240
49,NORMA-21135,241
49,NORMA-18385,242
49,NORMA-15542,243
49,NORMA-21530,244
49,NORMA-19557,245
49,NORMA-332,246
49,NORMA-11632,247
49,NORMA-18303,248
49,NORMA-18981,249
49,NORMA-20217,250
49,NORMA-478,251
49,NORMA-2158,252
49,NORMA-11735,253
49,NORMA-21052,254
49,NORMA-1222,255
49,NORMA-10749,256
49,NORMA-20557,257
49,NORMA-21249,258
49,NORMA-21537,259
49,NORMA-19051,260
49,NORMA-20407,261
49,NORMA-1620,262
49,NORMA-20425,263
49,NORMA-20398,264
49,NORMA-11631,265
49,NORMA-18859,266
49,NORMA-18501,267
49,NORMA-22861,268
49,NORMA-21238,269
49,NORMA-6645,270
49,NORMA-19028,271
49,NORMA-12029,272
49,NORMA-18439,273
49,NORMA-20465,274
49,NORMA-20996,275
49,NORMA-21626,276
49,NORMA-21792,277
49,NORMA-11614,278
49,NORMA-21523,279
49,NORMA-1421,280
49,NORMA-21522,281
49,NORMA-19603,282
49,NORMA-20389,283
49,NORMA-21496,284
49,NORMA-17182,285
49,NORMA-18479,286
49,NORMA-18436,287
49,NORMA-19096,288
49,NORMA-6673,289
49,NORMA-1534,290
49,NORMA-18541,291
49,NORMA-11814,292
49,NORMA-20359,293
49,NORMA-18815,294
49,NORMA-21550,295
49,NORMA-18450,296
49,NORMA-2517,297
49,NORMA-22561,298
49,NORMA-21157,299
49,NORMA-18444,300
49,NORMA-11687,301
49,NORMA-18825,302
49,NORMA-18796,303
49,NORMA-7027,304
49,NORMA-20968,305
49,NORMA-28203,306
49,NORMA-19378,307
49,NORMA-18537,308
49,NORMA-18412,309
49,NORMA-18411,310
49,NORMA-20460,311
49,NORMA-18434,312
49,NORMA-12038,313
49,NORMA-19749,314
49,NORMA-6957,315
49,NORMA-29201,316
49,NORMA-10309,317
49,NORMA-1994,318
49,NORMA-21152,319
49,NORMA-1663,320
49,NORMA-7011,321
49,NORMA-20473,322
49,NORMA-14932,323
49,NORMA-6819,324
49,NORMA-26701,325
49,NORMA-838,326
49,NORMA-6820,327
49,NORMA-19456,328
49,NORMA-20222,329
49,NORMA-21224,330
49,NORMA-21509,331
49,NORMA-24582,332
49,NORMA-21625,333
49,NORMA-6636,334
49,NORMA-18958,335
49,NORMA-17201,336
49,NORMA-1471,337
49,NORMA-20349,338
49,NORMA-20501,339
49,NORMA-21702,340
49,NORMA-20865,341
49,NORMA-6698,342
49,NORMA-11723,343
49,NORMA-6970,344
49,NORMA-29003,345
49,NORMA-19081,346
49,NORMA-20366,347
49,NORMA-21553,348
49,NORMA-19249,349
49,NORMA-18432,350
49,NORMA-12989,351
49,NORMA-21752,352
49,NORMA-21218,353
49,NORMA-21126,354
49,NORMA-20487,355
49,NORMA-19981,356
49,NORMA-19170,357
49,NORMA-20574,358
49,NORMA-20474,359
49,NORMA-12393,360
49,NORMA-19883,361
49,NORMA-6627,362
49,NORMA-6641,363
49,NORMA-11798,364
49,NORMA-5670,365
49,NORMA-20037,366
49,NORMA-14530,367
49,NORMA-2536,368
49,NORMA-10200,369
49,NORMA-21211,370
49,NORMA-8458,371
49,NORMA-20468,372
49,NORMA-19691,373
49,NORMA-21484,374
49,NORMA-6752,375
49,NORMA-7953,376
49,NORMA-20490,377
49,NORMA-20482,378
49,NORMA-21390,379
49,NORMA-19724,380
49,NORMA-7012,381
49,NORMA-2269,382
49,NORMA-13295,383
49,NORMA-6669,384
49,NORMA-18359,385
49,NORMA-82,386
49,NORMA-21253,387
49,NORMA-21388,388
49,NORMA-772,389
49,NORMA-20219,390
49,NORMA-4392,391
49,NORMA-13902,392
49,NORMA-21020,393
49,NORMA-20385,394
49,NORMA-1315,395
49,NORMA-21025,396
49,NORMA-18563,397
49,NORMA-1313,398
49,NORMA-11760,399
49,NORMA-2563,400
49,NORMA-19611,401
49,NORMA-19676,402
49,NORMA-18986,403
49,NORMA-20444,404
49,NORMA-19220,405
49,NORMA-20913,406
49,NORMA-3464,407
49,NORMA-26841,408
49,NORMA-18984,409
49,NORMA-20970,410
49,NORMA-2415,411
49,NORMA-30663,412
49,NORMA-19805,413
49,NORMA-18301,414
49,NORMA-19092,415
49,NORMA-20633,416
49,NORMA-11677,417
49,NORMA-20204,418
49,NORMA-7015,419
49,NORMA-20850,420
49,NORMA-850,421
49,NORMA-18334,422
49,NORMA-18798,423
49,NORMA-19923,424
49,NORMA-18838,425
49,NORMA-28981,426
49,NORMA-2395,427
49,NORMA-19895,428
49,NORMA-20381,429
49,NORMA-2444,430
49,NORMA-2367,431
49,NORMA-1613,432
49,NORMA-4698,433
49,NORMA-19568,434
49,NORMA-18394,435
49,NORMA-21256,436
49,NORMA-727,437
49,NORMA-777,438
49,NORMA-18780,439
49,NORMA-1163,440
49,NORMA-1407,441
49,NORMA-20796,442
49,NORMA-21308,443
49,NORMA-5691,444
49,NORMA-21199,445
49,NORMA-1179,446
49,NORMA-21099,447
49,NORMA-11646,448
49,NORMA-20726,449
49,NORMA-1442,450
49,NORMA-2727,451
49,NORMA-21147,452
49,NORMA-19383,453
49,NORMA-20909,454
49,NORMA-9382,455
49,NORMA-20677,456
49,NORMA-19380,457
49,NORMA-24921,458
49,NORMA-17481,459
49,NORMA-9384,460
49,NORMA-1306,461
49,NORMA-11455,462
49,NORMA-19803,463
49,NORMA-18208,464
49,NORMA-1138,465
49,NORMA-358,466
49,NORMA-6185,467
49,NORMA-1420,468
49,NORMA-6256,469
49,NORMA-1129,470
49,NORMA-21712,471
49,NORMA-6623,472
49,NORMA-1346,473
49,NORMA-19651,474
49,NORMA-328,475
49,NORMA-6245,476
49,NORMA-7998,477
49,NORMA-9834,478
49,NORMA-21328,479
49,NORMA-33288,480
49,NORMA-1280,481
49,NORMA-1151,482
49,NORMA-357,483
49,NORMA-11588,484
49,NORMA-1098,485
49,NORMA-20029,486
49,NORMA-11570,487
49,NORMA-2399,488
49,NORMA-18937,489
49,NORMA-20403,490
49,NORMA-2421,491
49,NORMA-27585,492
49,NORMA-19824,493
49,NORMA-20445,494
49,NORMA-20599,495
49,NORMA-33308,496
49,NORMA-11736,497
49,NORMA-19435,498
49,NORMA-1334,499
49,NORMA-560,500
49,NORMA-21246,501
49,NORMA-18773,502
49,NORMA-1776,503
49,NORMA-18406,504
49,NORMA-18706,505
49,NORMA-2567,506
49,NORMA-20271,507
49,NORMA-984,508
49,NORMA-76,509
49,NORMA-19174,510
49,NORMA-14895,511
49,NORMA-21155,512
49,NORMA-1578,513
49,NORMA-21664,514
49,NORMA-11571,515
49,NORMA-14459,516
49,NORMA-1147,517
49,NORMA-20289,518
49,NORMA-12016,519
49,NORMA-20595,520
49,NORMA-12089,521
49,NORMA-1144,522
49,NORMA-1388,523
49,NORMA-19787,524
49,NORMA-20917,525
49,NORMA-1788,526
49,NORMA-23341,527
49,NORMA-13934,528
49,NORMA-20943,529
49,NORMA-18382,530
49,NORMA-2456,531
49,NORMA-1286,532
49,NORMA-11470,533
49,NORMA-1433,534
49,NORMA-741,535
49,NORMA-11528,536
49,NORMA-8660,537
49,NORMA-11972,538
49,NORMA-11942,539
49,NORMA-1175,540
49,NORMA-1549,541
49,NORMA-20053,542
49,NORMA-21260,543
49,NORMA-20948,544
49,NORMA-11507,545
49,NORMA-8807,546
49,NORMA-5783,547
49,NORMA-18360,548
49,NORMA-20577,549
49,NORMA-1171,550
49,NORMA-25001,551
49,NORMA-15136,552
49,NORMA-8071,553
49,NORMA-4445,554
49,NORMA-21766,555
49,NORMA-13744,556
49,NORMA-12402,557
49,NORMA-7682,558
49,NORMA-2694,559
49,NORMA-15108,560
49,NORMA-13301,561
49,NORMA-11174,562
49,NORMA-7965,563
49,NORMA-7963,564
49,NORMA-19091,565
49,NORMA-21024,566
49,NORMA-2056,567
49,NORMA-18690,568
49,NORMA-14301,569
49,NORMA-14889,570
49,NORMA-8487,571
49,NORMA-19746,572
49,NORMA-14015,573
49,NORMA-13437,574
49,NORMA-8543,575
49,NORMA-7964,576
49,NORMA-3647,577
49,NORMA-29186,578
49,NORMA-2921,579
49,NORMA-21232,580
49,NORMA-20809,581
49,NORMA-21961,582
49,NORMA-15294,583
49,NORMA-14715,584
49,NORMA-12288,585
49,NORMA-12147,586
49,NORMA-12136,587
49,NORMA-19190,588
49,NORMA-21744,589
49,NORMA-4886,590
49,NORMA-22145,591
49,NORMA-17561,592
49,NORMA-15863,593
49,NORMA-15867,594
49,NORMA-15864,595
49,NORMA-15843,596
49,NORMA-15824,597
49,NORMA-15842,598
49,NORMA-15844,599
49,NORMA-15825,600
49,NORMA-15345,601
49,NORMA-14997,602
49,NORMA-15241,603
49,NORMA-15204,604
49,NORMA-11506,605
49,NORMA-24981,606
49,NORMA-15866,607
49,NORMA-15862,608
49,NORMA-15865,609
49,NORMA-15822,610
49,NORMA-15823,611
49,NORMA-15841,612
49,NORMA-14593,613
49,NORMA-14374,614
49,NORMA-12022,615
49,NORMA-11320,616
49,NORMA-783,617
49,NORMA-24105,618
49,NORMA-23602,619
49,NORMA-14896,620
49,NORMA-14065,621
49,NORMA-12289,622
49,NORMA-14898,623
49,NORMA-17222,624
49,NORMA-19311,625
49,NORMA-25583,626
49,NORMA-11238,627
49,NORMA-19701,628
49,NORMA-20566,629
49,NORMA-10016,630
49,NORMA-8416,631
49,NORMA-1558,632
49,NORMA-20594,633
49,NORMA-11999,634
49,NORMA-13129,635
49,NORMA-13983,636
49,NORMA-19953,637
49,NORMA-3968,638
49,NORMA-18844,639
49,NORMA-995,640
49,NORMA-21254,641
49,NORMA-12002,642
49,NORMA-5807,643
49,NORMA-1250,644
49,NORMA-19893,645
49,NORMA-11766,646
49,NORMA-16861,647
49,NORMA-18931,648
49,NORMA-19722,649
49,NORMA-1545,650
49,NORMA-18828,651
49,NORMA-14235,652
49,NORMA-14509,653
49,NORMA-11810,654
49,NORMA-3735,655
49,NORMA-4856,656
49,NORMA-2447,657
49,NORMA-18350,658
49,NORMA-19770,659
49,NORMA-25482,660
49,NORMA-12351,661
49,NORMA-3871,662
49,NORMA-13078,663
49,NORMA-14012,664
49,NORMA-7779,665
49,NORMA-5516,666
49,NORMA-14231,667
49,NORMA-13483,668
49,NORMA-20985,669
49,NORMA-12668,670
49,NORMA-12140,671
49,NORMA-11385,672
49,NORMA-9893,673
49,NORMA-21081,674
49,NORMA-19949,675
49,NORMA-230,676
49,NORMA-28021,677
49,NORMA-2413,678
49,NORMA-26567,679
49,NORMA-12802,680
49,NORMA-12325,681
49,NORMA-8600,682
49,NORMA-18335,683
49,NORMA-14000,684
49,NORMA-12893,685
49,NORMA-14387,686
49,NORMA-19221,687
49,NORMA-13035,688
49,NORMA-15212,689
49,NORMA-12977,690
49,NORMA-14795,691
49,NORMA-1516,692
49,NORMA-17683,693
49,NORMA-12514,694
49,NORMA-12563,695
49,NORMA-11897,696
49,NORMA-5070,697
49,NORMA-17301,698
49,NORMA-21026,699
49,NORMA-12886,700
49,NORMA-11430,701
49,NORMA-18575,702
49,NORMA-19792,703
49,NORMA-18396,704
49,NORMA-18891,705
49,NORMA-21139,706
49,NORMA-16323,707
49,NORMA-3261,708
49,NORMA-13224,709
49,NORMA-12139,710
49,NORMA-11449,711
49,NORMA-18573,712
49,NORMA-27244,713
49,NORMA-14256,714
49,NORMA-14873,715
49,NORMA-21653,716
49,NORMA-21071,717
49,NORMA-14548,718
49,NORMA-10049,719
49,NORMA-13805,720
49,NORMA-15266,721
49,NORMA-11930,722
49,NORMA-11681,723
49,NORMA-10838,724
49,NORMA-10798,725
49,NORMA-9258,726
49,NORMA-20261,727
49,NORMA-14432,728
49,NORMA-14280,729
49,NORMA-26201,730
49,NORMA-12324,731
49,NORMA-11481,732
49,NORMA-10856,733
49,NORMA-19536,734
49,NORMA-14680,735
49,NORMA-2035,736
49,NORMA-1353,737
49,NORMA-11780,738
49,NORMA-12712,739
49,NORMA-15263,740
49,NORMA-18222,741
49,NORMA-13790,742
49,NORMA-18552,743
49,NORMA-5967,744
49,NORMA-27342,745
49,NORMA-6083,746
49,NORMA-18364,747
49,NORMA-19513,748
49,NORMA-11190,749
49,NORMA-11600,750
49,NORMA-1609,751
49,NORMA-21150,752
49,NORMA-27462,753
49,NORMA-1846,754
49,NORMA-22142,755
49,NORMA-2181,756
49,NORMA-13474,757
49,NORMA-29006,758
49,NORMA-13094,759
49,NORMA-19259,760
49,NORMA-11981,761
49,NORMA-12552,762
49,NORMA-1535,763
49,NORMA-11734,764
49,NORMA-9823,765
49,NORMA-13942,766
49,NORMA-6747,767
49,NORMA-974,768
49,NORMA-6955,769
49,NORMA-14011,770
49,NORMA-8599,771
49,NORMA-20508,772
49,NORMA-19213,773
49,NORMA-20621,774
49,NORMA-20707,775
49,NORMA-11849,776
49,NORMA-9907,777
49,NORMA-13003,778
49,NORMA-20433,779
49,NORMA-20483,780
49,NORMA-18536,781
49,NORMA-12060,782
49,NORMA-2555,783
49,NORMA-20047,784
49,NORMA-634,785
49,NORMA-159,786
49,NORMA-1981,787
49,NORMA-18653,788
49,NORMA-20089,789
49,NORMA-12928,790
49,NORMA-12160,791
49,NORMA-6965,792
49,NORMA-22721,793
49,NORMA-14738,794
49,NORMA-13466,795
49,NORMA-21233,796
49,NORMA-14111,797
49,NORMA-4152,798
49,NORMA-14661,799
49,NORMA-20778,800
49,NORMA-21335,801
49,NORMA-19469,802
49,NORMA-14642,803
49,NORMA-13188,804
49,NORMA-11836,805
49,NORMA-11827,806
49,NORMA-25201,807
49,NORMA-19308,808
49,NORMA-16681,809
49,NORMA-15368,810
49,NORMA-14206,811
49,NORMA-19649,812
49,NORMA-3592,813
49,NORMA-631,814
49,NORMA-16267,815
49,NORMA-12530,816
49,NORMA-13868,817
49,NORMA-13044,818
49,NORMA-15026,819
49,NORMA-15110,820
49,NORMA-14157,821
49,NORMA-12513,822
49,NORMA-19687,823
49,NORMA-27741,824
49,NORMA-12605,825
49,NORMA-14049,826
49,NORMA-15041,827
49,NORMA-14315,828
49,NORMA-10255,829
49,NORMA-11524,830
49,NORMA-1373,831
49,NORMA-7466,832
49,NORMA-20258,833
49,NORMA-18378,834
49,NORMA-29603,835
49,NORMA-23681,836
49,NORMA-15683,837
49,NORMA-13177,838
49,NORMA-15240,839
49,NORMA-14347,840
49,NORMA-18387,841
49,NORMA-5097,842
49,NORMA-21236,843
49,NORMA-12587,844
49,NORMA-27402,845
49,NORMA-23482,846
49,NORMA-15743,847
49,NORMA-12501,848
49,NORMA-12360,849
49,NORMA-13977,850
49,NORMA-217,851
49,NORMA-18342,852
49,NORMA-6217,853
49,NORMA-28342,854
49,NORMA-16423,855
49,NORMA-13853,856
49,NORMA-14835,857
49,NORMA-13741,858
49,NORMA-12629,859
49,NORMA-19488,860
49,NORMA-20770,861
49,NORMA-21460,862
49,NORMA-2461,863
49,NORMA-15881,864
49,NORMA-13423,865
49,NORMA-12628,866
49,NORMA-21164,867
49,NORMA-11421,868
49,NORMA-18818,869
49,NORMA-12499,870
49,NORMA-13046,871
49,NORMA-11838,872
49,NORMA-9979,873
49,NORMA-11029,874
49,NORMA-20749,875
49,NORMA-18539,876
49,NORMA-19982,877
49,NORMA-21753,878
49,NORMA-19463,879
49,NORMA-18339,880
49,NORMA-29649,881
49,NORMA-19800,882
49,NORMA-11574,883
49,NORMA-13106,884
49,NORMA-22025,885
49,NORMA-14633,886
49,NORMA-11577,887
49,NORMA-21489,888
49,NORMA-14463,889
49,NORMA-26663,890
49,NORMA-25921,891
49,NORMA-25783,892
49,NORMA-13317,893
49,NORMA-14836,894
49,NORMA-13137,895
49,NORMA-14721,896
49,NORMA-18478,897
49,NORMA-19631,898
49,NORMA-19020,899
49,NORMA-968,900
49,NORMA-11578,901
49,NORMA-11572,902
49,NORMA-13648,903
49,NORMA-13255,904
49,NORMA-11834,905
49,NORMA-2490,906
49,NORMA-6954,907
49,NORMA-20027,908
49,NORMA-13394,909
49,NORMA-11850,910
49,NORMA-20869,911
49,NORMA-15308,912
49,NORMA-15096,913
49,NORMA-21821,914
49,NORMA-24661,915
49,NORMA-15362,916
49,NORMA-13799,917
49,NORMA-13143,918
49,NORMA-13923,919
49,NORMA-11974,920
49,NORMA-18564,921
49,NORMA-25161,922
49,NORMA-15128,923
49,NORMA-12483,924
49,NORMA-20611,925
49,NORMA-1608,926
49,NORMA-20711,927
49,NORMA-26221,928
49,NORMA-12906,929
49,NORMA-10708,930
49,NORMA-12925,931
49,NORMA-11828,932
49,NORMA-18740,933
49,NORMA-21080,934
49,NORMA-13886,935
49,NORMA-19571,936
49,NORMA-20140,937
49,NORMA-19642,938
49,NORMA-923,939
49,NORMA-15316,940
49,NORMA-15038,941
49,NORMA-14316,942
49,NORMA-2333,943
49,NORMA-969,944
49,NORMA-19966,945
49,NORMA-20522,946
49,NORMA-11847,947
49,NORMA-11977,948
49,NORMA-21251,949
49,NORMA-4572,950
49,NORMA-12035,951
49,NORMA-11731,952
49,NORMA-20773,953
49,NORMA-20167,954
49,NORMA-13357,955
49,NORMA-4412,956
49,NORMA-10119,957
49,NORMA-12015,958
49,NORMA-28622,959
49,NORMA-4662,960
49,NORMA-20578,961
49,NORMA-729,962
49,NORMA-12850,963
49,NORMA-6815,964
49,NORMA-1217,965
49,NORMA-18788,966
49,NORMA-16586,967
49,NORMA-1597,968
49,NORMA-18465,969
49,NORMA-24882,970
49,NORMA-6896,971
49,NORMA-21558,972
49,NORMA-5298,973
49,NORMA-5603,974
49,NORMA-21244,975
49,NORMA-18802,976
49,NORMA-18214,977
49,NORMA-21055,978
49,NORMA-18807,979
49,NORMA-28781,980
49,NORMA-12872,981
49,NORMA-11845,982
49,NORMA-12664,983
49,NORMA-11627,984
49,NORMA-21356,985
49,NORMA-21127,986
49,NORMA-21427,987
49,NORMA-220,988
49,NORMA-24601,989
49,NORMA-29441,990
49,NORMA-12388,991
49,NORMA-20625,992
49,NORMA-6396,993
49,NORMA-18797,994
49,NORMA-21448,995
49,NORMA-1621,996
49,NORMA-1812,997
49,NORMA-21477,998
49,NORMA-20480,999
49,NORMA-21534,1000
50,NORMA-11316,1
50,NORMA-13138,2
50,NORMA-21267,3
50,NORMA-18807,4
50,NORMA-21025,5
50,NORMA-21739,6
50,NORMA-24582,7
50,NORMA-18492,8
50,NORMA-22561,9
50,NORMA-13094,10
50,NORMA-11588,11
50,NORMA-11757,12
50,NORMA-18823,13
50,NORMA-21046,14
50,NORMA-18772,15
50,NORMA-18863,16
50,NORMA-11756,17
50,NORMA-21299,18
50,NORMA-2383,19
50,NORMA-18806,20
50,NORMA-28203,21
50,NORMA-21043,22
50,NORMA-21367,23
50,NORMA-21028,24
50,NORMA-6819,25
50,NORMA-6820,26
50,NORMA-5252,27
50,NORMA-19152,28
50,NORMA-6970,29
50,NORMA-17201,30
50,NORMA-18306,31
50,NORMA-11664,32
50,NORMA-18773,33
50,NORMA-19212,34
50,NORMA-18501,35
50,NORMA-11665,36
50,NORMA-11570,37
50,NORMA-11614,38
50,NORMA-18233,39
50,NORMA-18762,40
50,NORMA-21521,41
50,NORMA-21158,42
50,NORMA-21152,43
50,NORMA-21792,44
50,NORMA-7011,45
50,NORMA-21419,46
50,NORMA-11600,47
50,NORMA-18539,48
50,NORMA-18552,49
50,NORMA-18377,50
50,NORMA-18802,51
50,NORMA-18225,52
50,NORMA-18360,53
50,NORMA-21026,54
50,NORMA-11615,55
50,NORMA-18788,56
50,NORMA-18350,57
50,NORMA-23441,58
50,NORMA-18549,59
50,NORMA-21437,60
50,NORMA-11472,61
50,NORMA-18981,62
50,NORMA-11621,63
50,NORMA-18292,64
50,NORMA-18816,65
50,NORMA-12160,66
50,NORMA-483,67
50,NORMA-21461,68
50,NORMA-18204,69
50,NORMA-11474,70
50,NORMA-20865,71
50,NORMA-21256,72
50,NORMA-18502,73
50,NORMA-11527,74
50,NORMA-20046,75
50,NORMA-12105,76
50,NORMA-2543,77
50,NORMA-18798,78
50,NORMA-13004,79
50,NORMA-21752,80
50,NORMA-11739,81
50,NORMA-1341,82
50,NORMA-19387,83
50,NORMA-21150,84
50,NORMA-21063,85
50,NORMA-18548,86
50,NORMA-9822,87
50,NORMA-21783,88
50,NORMA-18414,89
50,NORMA-21547,90
50,NORMA-18364,91
50,NORMA-12089,92
50,NORMA-19337,93
50,NORMA-28422,94
50,NORMA-818,95
50,NORMA-12886,96
50,NORMA-14898,97
50,NORMA-18342,98
50,NORMA-20985,99
50,NORMA-996,100
50,NORMA-2032,101
50,NORMA-11476,102
50,NORMA-18403,103
50,NORMA-10044,104
50,NORMA-12228,105
50,NORMA-21023,106
50,NORMA-20914,107
50,NORMA-10821,108
50,NORMA-18224,109
50,NORMA-22941,110
50,NORMA-21474,111
50,NORMA-11646,112
50,NORMA-2269,113
50,NORMA-11455,114
50,NORMA-19021,115
50,NORMA-838,116
50,NORMA-18356,117
50,NORMA-18541,118
50,NORMA-21231,119
50,NORMA-11631,120
50,NORMA-6710,121
50,NORMA-5251,122
50,NORMA-19205,123
50,NORMA-15521,124
50,NORMA-802,125
50,NORMA-18359,126
50,NORMA-11764,127
50,NORMA-18219,128
50,NORMA-19095,129
50,NORMA-11479,130
50,NORMA-20995,131
50,NORMA-21507,132
50,NORMA-11609,133
50,NORMA-9888,134
50,NORMA-59,135
50,NORMA-2013,136
50,NORMA-660,137
50,NORMA-18797,138
50,NORMA-11999,139
50,NORMA-20999,140
50,NORMA-19096,141
50,NORMA-801,142
50,NORMA-21648,143
50,NORMA-3381,144
50,NORMA-18301,145
50,NORMA-2185,146
50,NORMA-21626,147
50,NORMA-18339,148
50,NORMA-18803,149
50,NORMA-1611,150
50,NORMA-6758,151
50,NORMA-11814,152
50,NORMA-12002,153
50,NORMA-12021,154
50,NORMA-14459,155
50,NORMA-554,156
50,NORMA-1620,157
50,NORMA-21550,158
50,NORMA-6676,159
50,NORMA-21020,160
50,NORMA-18439,161
50,NORMA-18216,162
50,NORMA-21506,163
50,NORMA-21524,164
50,NORMA-11469,165
50,NORMA-8198,166
50,NORMA-12165,167
50,NORMA-6880,168
50,NORMA-11763,169
50,NORMA-11790,170
50,NORMA-18237,171
50,NORMA-19081,172
50,NORMA-3382,173
50,NORMA-18412,174
50,NORMA-2020,175
50,NORMA-9558,176
50,NORMA-18487,177
50,NORMA-18489,178
50,NORMA-11780,179
50,NORMA-1222,180
50,NORMA-10878,181
50,NORMA-10119,182
50,NORMA-21631,183
50,NORMA-19275,184
50,NORMA-6084,185
50,NORMA-11760,186
50,NORMA-11735,187
50,NORMA-3181,188
50,NORMA-18486,189
50,NORMA-18654,190
50,NORMA-1026,191
50,NORMA-21402,192
50,NORMA-2184,193
50,NORMA-18465,194
50,NORMA-21310,195
50,NORMA-33288,196
50,NORMA-18418,197
50,NORMA-21031,198
50,NORMA-26701,199
50,NORMA-18503,200
50,NORMA-19384,201
50,NORMA-21446,202
50,NORMA-33308,203
50,NORMA-3201,204
50,NORMA-13545,205
50,NORMA-21515,206
50,NORMA-18697,207
50,NORMA-18985,208
50,NORMA-10029,209
50,NORMA-13402,210
50,NORMA-6655,211
50,NORMA-18771,212
50,NORMA-10629,213
50,NORMA-2113,214
50,NORMA-21538,215
50,NORMA-9871,216
50,NORMA-19520,217
50,NORMA-19292,218
50,NORMA-8931,219
50,NORMA-11454,220
50,NORMA-11144,221
50,NORMA-12060,222
50,NORMA-18208,223
50,NORMA-10267,224
50,NORMA-18303,225
50,NORMA-14951,226
50,NORMA-20505,227
50,NORMA-10033,228
50,NORMA-21157,229
50,NORMA-10375,230
50,NORMA-21705,231
50,NORMA-5008,232
50,NORMA-11802,233
50,NORMA-27761,234
50,NORMA-1786,235
50,NORMA-18967,236
50,NORMA-21519,237
50,NORMA-6075,238
50,NORMA-19181,239
50,NORMA-20369,240
50,NORMA-20945,241
50,NORMA-18910,242
50,NORMA-11516,243
50,NORMA-21071,244
50,NORMA-18815,245
50,NORMA-28181,246
50,NORMA-4277,247
50,NORMA-18438,248
50,NORMA-12027,249
50,NORMA-21114,250
50,NORMA-12049,251
50,NORMA-9111,252
50,NORMA-18496,253
50,NORMA-18411,254
50,NORMA-15045,255
50,NORMA-3281,256
50,NORMA-23682,257
50,NORMA-4297,258
50,NORMA-11798,259
50,NORMA-19724,260
50,NORMA-14542,261
50,NORMA-12048,262
50,NORMA-11864,263
50,NORMA-11722,264
50,NORMA-3241,265
50,NORMA-18819,266
50,NORMA-20376,267
50,NORMA-18984,268
50,NORMA-10123,269
50,NORMA-4898,270
50,NORMA-18958,271
50,NORMA-11577,272
50,NORMA-18444,273
50,NORMA-11572,274
50,NORMA-18554,275
50,NORMA-19111,276
50,NORMA-11578,277
50,NORMA-21404,278
50,NORMA-12026,279
50,NORMA-15208,280
50,NORMA-11806,281
50,NORMA-5431,282
50,NORMA-21608,283
50,NORMA-19056,284
50,NORMA-18298,285
50,NORMA-11804,286
50,NORMA-12018,287
50,NORMA-11567,288
50,NORMA-12039,289
50,NORMA-13265,290
50,NORMA-19378,291
50,NORMA-4820,292
50,NORMA-18378,293
50,NORMA-10865,294
50,NORMA-21300,295
50,NORMA-9358,296
50,NORMA-12630,297
50,NORMA-11183,298
50,NORMA-12237,299
50,NORMA-25902,300
50,NORMA-29421,301
50,NORMA-18577,302
50,NORMA-23501,303
50,NORMA-18838,304
50,NORMA-11249,305
50,NORMA-21218,306
50,NORMA-15882,307
50,NORMA-15004,308
50,NORMA-20371,309
50,NORMA-220,310
50,NORMA-18996,311
50,NORMA-21139,312
50,NORMA-61,313
50,NORMA-19170,314
50,NORMA-22142,315
50,NORMA-18553,316
50,NORMA-8522,317
50,NORMA-17221,318
50,NORMA-21695,319
50,NORMA-1317,320
50,NORMA-19051,321
50,NORMA-2158,322
50,NORMA-1485,323
50,NORMA-1365,324
50,NORMA-18796,325
50,NORMA-12965,326
50,NORMA-28381,327
50,NORMA-21756,328
50,NORMA-20934,329
50,NORMA-11688,330
50,NORMA-19220,331
50,NORMA-21398,332
50,NORMA-20402,333
50,NORMA-19383,334
50,NORMA-7149,335
50,NORMA-6203,336
50,NORMA-13671,337
50,NORMA-12170,338
50,NORMA-27252,339
50,NORMA-23881,340
50,NORMA-18201,341
50,NORMA-6752,342
50,NORMA-1567,343
50,NORMA-8938,344
50,NORMA-23222,345
50,NORMA-1994,346
50,NORMA-1138,347
50,NORMA-20503,348
50,NORMA-11758,349
50,NORMA-11473,350
50,NORMA-9785,351
50,NORMA-20189,352
50,NORMA-9595,353
50,NORMA-555,354
50,NORMA-12858,355
50,NORMA-11771,356
50,NORMA-2517,357
50,NORMA-12014,358
50,NORMA-12234,359
50,NORMA-6673,360
50,NORMA-31904,361
50,NORMA-21606,362
50,NORMA-18844,363
50,NORMA-217,364
50,NORMA-21537,365
50,NORMA-21159,366
50,NORMA-12232,367
50,NORMA-6636,368
50,NORMA-14673,369
50,NORMA-21136,370
50,NORMA-5421,371
50,NORMA-14967,372
50,NORMA-357,373
50,NORMA-21144,374
50,NORMA-1188,375
50,NORMA-14099,376
50,NORMA-12029,377
50,NORMA-19092,378
50,NORMA-18780,379
50,NORMA-21484,380
50,NORMA-727,381
50,NORMA-21757,382
50,NORMA-20473,383
50,NORMA-18603,384
50,NORMA-21746,385
50,NORMA-4909,386
50,NORMA-1650,387
50,NORMA-13469,388
50,NORMA-21650,389
50,NORMA-1585,390
50,NORMA-18868,391
50,NORMA-24961,392
50,NORMA-20483,393
50,NORMA-18325,394
50,NORMA-18980,395
50,NORMA-12035,396
50,NORMA-12437,397
50,NORMA-1631,398
50,NORMA-21434,399
50,NORMA-12015,400
50,NORMA-19587,401
50,NORMA-7381,402
50,NORMA-5586,403
50,NORMA-18709,404
50,NORMA-14390,405
50,NORMA-1250,406
50,NORMA-18211,407
50,NORMA-19682,408
50,NORMA-11496,409
50,NORMA-7384,410
50,NORMA-21143,411
50,NORMA-12006,412
50,NORMA-16202,413
50,NORMA-20874,414
50,NORMA-21523,415
50,NORMA-19546,416
50,NORMA-5626,417
50,NORMA-21343,418
50,NORMA-9823,419
50,NORMA-4746,420
50,NORMA-18432,421
50,NORMA-1183,422
50,NORMA-19640,423
50,NORMA-20870,424
50,NORMA-21553,425
50,NORMA-28281,426
50,NORMA-20137,427
50,NORMA-24661,428
50,NORMA-385,429
50,NORMA-20474,430
50,NORMA-6669,431
50,NORMA-27981,432
50,NORMA-13480,433
50,NORMA-19232,434
50,NORMA-15701,435
50,NORMA-19330,436
50,NORMA-20426,437
50,NORMA-8028,438
50,NORMA-1547,439
50,NORMA-9297,440
50,NORMA-21308,441
50,NORMA-21126,442
50,NORMA-11731,443
50,NORMA-21431,444
50,NORMA-11920,445
50,NORMA-19249,446
50,NORMA-21497,447
50,NORMA-21225,448
50,NORMA-878,449
50,NORMA-594,450
50,NORMA-20197,451
50,NORMA-15542,452
50,NORMA-1207,453
50,NORMA-1674,454
50,NORMA-6316,455
50,NORMA-6181,456
50,NORMA-21417,457
50,NORMA-20465,458
50,NORMA-20941,459
50,NORMA-19634,460
50,NORMA-4423,461
50,NORMA-14549,462
50,NORMA-19080,463
50,NORMA-21247,464
50,NORMA-11792,465
50,NORMA-14985,466
50,NORMA-20908,467
50,NORMA-2395,468
50,NORMA-11882,469
50,NORMA-4316,470
50,NORMA-6948,471
50,NORMA-1361,472
50,NORMA-1989,473
50,NORMA-19782,474
50,NORMA-21706,475
50,NORMA-754,476
50,NORMA-19658,477
50,NORMA-6630,478
50,NORMA-11606,479
50,NORMA-18307,480
50,NORMA-4275,481
50,NORMA-729,482
50,NORMA-2981,483
50,NORMA-12005,484
50,NORMA-2660,485
50,NORMA-21253,486
50,NORMA-4926,487
50,NORMA-19017,488
50,NORMA-21254,489
50,NORMA-8384,490
50,NORMA-15561,491
50,NORMA-6967,492
50,NORMA-11528,493
50,NORMA-7470,494
50,NORMA-6783,495
50,NORMA-20927,496
50,NORMA-4711,497
50,NORMA-6140,498
50,NORMA-7386,499
50,NORMA-850,500
50,NORMA-21470,501
50,NORMA-7113,502
50,NORMA-7222,503
50,NORMA-18375,504
50,NORMA-4075,505
50,NORMA-19408,506
50,NORMA-21246,507
50,NORMA-8435,508
50,NORMA-18436,509
50,NORMA-19983,510
50,NORMA-20891,511
50,NORMA-82,512
50,NORMA-7225,513
50,NORMA-20460,514
50,NORMA-2386,515
50,NORMA-6757,516
50,NORMA-18656,517
50,NORMA-21496,518
50,NORMA-834,519
50,NORMA-21224,520
50,NORMA-9724,521
50,NORMA-14937,522
50,NORMA-20488,523
50,NORMA-6698,524
50,NORMA-14063,525
50,NORMA-20796,526
50,NORMA-13158,527
50,NORMA-18826,528
50,NORMA-13198,529
50,NORMA-19949,530
50,NORMA-4219,531
50,NORMA-21413,532
50,NORMA-15381,533
50,NORMA-12315,534
50,NORMA-21408,535
50,NORMA-20480,536
50,NORMA-19473,537
50,NORMA-21634,538
50,NORMA-21562,539
50,NORMA-12612,540
50,NORMA-17684,541
50,NORMA-20211,542
50,NORMA-18591,543
50,NORMA-1996,544
50,NORMA-20918,545
50,NORMA-21630,546
50,NORMA-7025,547
50,NORMA-20186,548
50,NORMA-5536,549
50,NORMA-10797,550
50,NORMA-21361,551
50,NORMA-19598,552
50,NORMA-15377,553
50,NORMA-14470,554
50,NORMA-27305,555
50,NORMA-12880,556
50,NORMA-9457,557
50,NORMA-3503,558
50,NORMA-19090,559
50,NORMA-21125,560
50,NORMA-18440,561
50,NORMA-14751,562
50,NORMA-18831,563
50,NORMA-13106,564
50,NORMA-3823,565
50,NORMA-4425,566
50,NORMA-15250,567
50,NORMA-4717,568
50,NORMA-15211,569
50,NORMA-14897,570
50,NORMA-5165,571
50,NORMA-19028,572
50,NORMA-15002,573
50,NORMA-4830,574
50,NORMA-6082,575
50,NORMA-14232,576
50,NORMA-12382,577
50,NORMA-5761,578
50,NORMA-18430,579
50,NORMA-11715,580
50,NORMA-14421,581
50,NORMA-1471,582
50,NORMA-22381,583
50,NORMA-21586,584
50,NORMA-21069,585
50,NORMA-23963,586
50,NORMA-16222,587
50,NORMA-16221,588
50,NORMA-16963,589
50,NORMA-15097,590
50,NORMA-22522,591
50,NORMA-17241,592
50,NORMA-13917,593
50,NORMA-12543,594
50,NORMA-21902,595
50,NORMA-1578,596
50,NORMA-13217,597
50,NORMA-13971,598
50,NORMA-13707,599
50,NORMA-14203,600
50,NORMA-12545,601
50,NORMA-15010,602
50,NORMA-15292,603
50,NORMA-14034,604
50,NORMA-13731,605
50,NORMA-12290,606
50,NORMA-20382,607
50,NORMA-20971,608
50,NORMA-13220,609
50,NORMA-15207,610
50,NORMA-24261,611
50,NORMA-15075,612
50,NORMA-12830,613
50,NORMA-13601,614
50,NORMA-15335,615
50,NORMA-13737,616
50,NORMA-12414,617
50,NORMA-5001,618
50,NORMA-14537,619
50,NORMA-2413,620
50,NORMA-27225,621
50,NORMA-11736,622
50,NORMA-13343,623
50,NORMA-12844,624
50,NORMA-11911,625
50,NORMA-12391,626
50,NORMA-14799,627
50,NORMA-12519,628
50,NORMA-22043,629
50,NORMA-11868,630
50,NORMA-23804,631
50,NORMA-23025,632
50,NORMA-17242,633
50,NORMA-17042,634
50,NORMA-13249,635
50,NORMA-12077,636
50,NORMA-15306,637
50,NORMA-13451,638
50,NORMA-11824,639
50,NORMA-19603,640
50,NORMA-24021,641
50,NORMA-15008,642
50,NORMA-19380,643
50,NORMA-3621,644
50,NORMA-14064,645
50,NORMA-13385,646
50,NORMA-20192,647
50,NORMA-28362,648
50,NORMA-28881,649
50,NORMA-13341,650
50,NORMA-21086,651
50,NORMA-17902,652
50,NORMA-13899,653
50,NORMA-12821,654
50,NORMA-14246,655
50,NORMA-12660,656
50,NORMA-14083,657
50,NORMA-14605,658
50,NORMA-11879,659
50,NORMA-15868,660
50,NORMA-13121,661
50,NORMA-13956,662
50,NORMA-15101,663
50,NORMA-12301,664
50,NORMA-13954,665
50,NORMA-11723,666
50,NORMA-21328,667
50,NORMA-29682,668
50,NORMA-24142,669
50,NORMA-23803,670
50,NORMA-16201,671
50,NORMA-13028,672
50,NORMA-13118,673
50,NORMA-14021,674
50,NORMA-11907,675
50,NORMA-14365,676
50,NORMA-14500,677
50,NORMA-14391,678
50,NORMA-18804,679
50,NORMA-2171,680
50,NORMA-26021,681
50,NORMA-16744,682
50,NORMA-13089,683
50,NORMA-13243,684
50,NORMA-11914,685
50,NORMA-14745,686
50,NORMA-15042,687
50,NORMA-14893,688
50,NORMA-12627,689
50,NORMA-14697,690
50,NORMA-18724,691
50,NORMA-29061,692
50,NORMA-20366,693
50,NORMA-18082,694
50,NORMA-14736,695
50,NORMA-14820,696
50,NORMA-12377,697
50,NORMA-6601,698
50,NORMA-13712,699
50,NORMA-6814,700
50,NORMA-17003,701
50,NORMA-13592,702
50,NORMA-28465,703
50,NORMA-26725,704
50,NORMA-16962,705
50,NORMA-15129,706
50,NORMA-6768,707
50,NORMA-14018,708
50,NORMA-13156,709
50,NORMA-12872,710
50,NORMA-534,711
50,NORMA-13206,712
50,NORMA-15076,713
50,NORMA-19651,714
50,NORMA-23161,715
50,NORMA-14852,716
50,NORMA-12974,717
50,NORMA-29681,718
50,NORMA-18827,719
50,NORMA-21508,720
50,NORMA-4091,721
50,NORMA-12061,722
50,NORMA-12498,723
50,NORMA-14110,724
50,NORMA-14173,725
50,NORMA-1463,726
50,NORMA-12478,727
50,NORMA-13084,728
50,NORMA-20374,729
50,NORMA-6021,730
50,NORMA-12067,731
50,NORMA-12838,732
50,NORMA-6180,733
50,NORMA-332,734
50,NORMA-13514,735
50,NORMA-6558,736
50,NORMA-14540,737
50,NORMA-28641,738
50,NORMA-1516,739
50,NORMA-13112,740
50,NORMA-21190,741
50,NORMA-13768,742
50,NORMA-14888,743
50,NORMA-20183,744
50,NORMA-18273,745
50,NORMA-18747,746
50,NORMA-13872,747
50,NORMA-18446,748
50,NORMA-27881,749
50,NORMA-20139,750
50,NORMA-6592,751
50,NORMA-20407,752
50,NORMA-20490,753
50,NORMA-12051,754
50,NORMA-2089,755
50,NORMA-13174,756
50,NORMA-21244,757
50,NORMA-14686,758
50,NORMA-12538,759
50,NORMA-12664,760
50,NORMA-14788,761
50,NORMA-12701,762
50,NORMA-4133,763
50,NORMA-14279,764
50,NORMA-9520,765
50,NORMA-20349,766
50,NORMA-21280,767
50,NORMA-15085,768
50,NORMA-21301,769
50,NORMA-14175,770
50,NORMA-20381,771
50,NORMA-1217,772
50,NORMA-21544,773
50,NORMA-20398,774
50,NORMA-5853,775
50,NORMA-20468,776
50,NORMA-9389,777
50,NORMA-21228,778
50,NORMA-5417,779
50,NORMA-1740,780
50,NORMA-1,781
50,NORMA-11417,782
50,NORMA-10994,783
50,NORMA-704,784
50,NORMA-21199,785
50,NORMA-21776,786
50,NORMA-19578,787
50,NORMA-19542,788
50,NORMA-8013,789
50,NORMA-13195,790
50,NORMA-12562,791
50,NORMA-12038,792
50,NORMA-21239,793
50,NORMA-21260,794
50,NORMA-10309,795
50,NORMA-3852,796
50,NORMA-602,797
50,NORMA-4397,798
50,NORMA-1573,799
50,NORMA-21659,800
50,NORMA-2567,801
50,NORMA-4204,802
50,NORMA-75,803
50,NORMA-28961,804
50,NORMA-19456,805
50,NORMA-20389,806
50,NORMA-3779,807
50,NORMA-3579,808
50,NORMA-21609,809
50,NORMA-20316,810
50,NORMA-21052,811
50,NORMA-15426,812
50,NORMA-19194,813
50,NORMA-25144,814
50,NORMA-21541,815
50,NORMA-21113,816
50,NORMA-15921,817
50,NORMA-21655,818
50,NORMA-18385,819
50,NORMA-20846,820
50,NORMA-20482,821
50,NORMA-15901,822
50,NORMA-19643,823
50,NORMA-9893,824
50,NORMA-1421,825
50,NORMA-9792,826
50,NORMA-13720,827
50,NORMA-12657,828
50,NORMA-16941,829
50,NORMA-18748,830
50,NORMA-7280,831
50,NORMA-18789,832
50,NORMA-18206,833
50,NORMA-578,834
50,NORMA-20182,835
50,NORMA-10066,836
50,NORMA-19155,837
50,NORMA-18479,838
50,NORMA-18388,839
50,NORMA-782,840
50,NORMA-19787,841
50,NORMA-2546,842
50,NORMA-21147,843
50,NORMA-20188,844
50,NORMA-18825,845
50,NORMA-20443,846
50,NORMA-21305,847
50,NORMA-20223,848
50,NORMA-5925,849
50,NORMA-11687,850
50,NORMA-20989,851
50,NORMA-13802,852
50,NORMA-6509,853
50,NORMA-10326,854
50,NORMA-7110,855
50,NORMA-15581,856
50,NORMA-7651,857
50,NORMA-20208,858
50,NORMA-18800,859
50,NORMA-11632,860
50,NORMA-11734,861
50,NORMA-21622,862
50,NORMA-20204,863
50,NORMA-7390,864
50,NORMA-19110,865
50,NORMA-22861,866
50,NORMA-30043,867
50,NORMA-1252,868
50,NORMA-20291,869
50,NORMA-18638,870
50,NORMA-19295,871
50,NORMA-981,872
50,NORMA-3980,873
50,NORMA-18950,874
50,NORMA-215,875
50,NORMA-22061,876
50,NORMA-6955,877
50,NORMA-18691,878
50,NORMA-18992,879
50,NORMA-19164,880
50,NORMA-19281,881
50,NORMA-21189,882
50,NORMA-18406,883
50,NORMA-21613,884
50,NORMA-21286,885
50,NORMA-21226,886
50,NORMA-20501,887
50,NORMA-8027,888
50,NORMA-13797,889
50,NORMA-11575,890
50,NORMA-10708,891
50,NORMA-16401,892
50,NORMA-17482,893
50,NORMA-4818,894
50,NORMA-11908,895
50,NORMA-19655,896
50,NORMA-29649,897
50,NORMA-18646,898
50,NORMA-20904,899
50,NORMA-27022,900
50,NORMA-1353,901
50,NORMA-188,902
50,NORMA-21429,903
50,NORMA-20886,904
50,NORMA-4924,905
50,NORMA-13247,906
50,NORMA-20359,907
50,NORMA-21522,908
50,NORMA-20425,909
50,NORMA-20785,910
50,NORMA-21211,911
50,NORMA-21388,912
50,NORMA-20691,913
50,NORMA-11599,914
50,NORMA-11766,915
50,NORMA-21443,916
50,NORMA-18818,917
50,NORMA-18542,918
50,NORMA-1863,919
50,NORMA-1352,920
50,NORMA-19981,921
50,NORMA-20774,922
50,NORMA-4710,923
50,NORMA-21272,924
50,NORMA-18933,925
50,NORMA-21637,926
50,NORMA-21236,927
50,NORMA-1175,928
50,NORMA-20258,929
50,NORMA-1171,930
50,NORMA-6954,931
50,NORMA-6645,932
50,NORMA-18254,933
50,NORMA-18379,934
50,NORMA-20728,935
50,NORMA-21002,936
50,NORMA-21403,937
50,NORMA-12113,938
50,NORMA-19431,939
50,NORMA-6621,940
50,NORMA-20184,941
50,NORMA-18839,942
50,NORMA-18345,943
50,NORMA-6199,944
50,NORMA-20185,945
50,NORMA-14463,946
50,NORMA-20786,947
50,NORMA-27001,948
50,NORMA-20705,949
50,NORMA-9968,950
50,NORMA-19715,951
50,NORMA-14661,952
50,NORMA-18859,953
50,NORMA-6627,954
50,NORMA-20854,955
50,NORMA-19485,956
50,NORMA-20282,957
50,NORMA-20233,958
50,NORMA-1619,959
50,NORMA-229,960
50,NORMA-14239,961
50,NORMA-11655,962
50,NORMA-15239,963
50,NORMA-7012,964
50,NORMA-20487,965
50,NORMA-19784,966
50,NORMA-6957,967
50,NORMA-19828,968
50,NORMA-19853,969
50,NORMA-21621,970
50,NORMA-19503,971
50,NORMA-21012,972
50,NORMA-20910,973
50,NORMA-20271,974
50,NORMA-21791,975
50,NORMA-20853,976
50,NORMA-6623,977
50,NORMA-6256,978
50,NORMA-21787,979
50,NORMA-21085,980
50,NORMA-19646,981
50,NORMA-416,982
50,NORMA-15237,983
50,NORMA-20755,984
50,NORMA-21676,985
50,NORMA-20917,986
50,NORMA-1155,987
50,NORMA-21249,988
50,NORMA-10023,989
50,NORMA-20869,990
50,NORMA-462,991
50,NORMA-19593,992
50,NORMA-21784,993
50,NORMA-19009,994
50,NORMA-20993,995
50,NORMA-19444,996
50,NORMA-9834,997
50,NORMA-6185,998
50,NORMA-18248,999
50,NORMA-18648,1000
