QUERY_KEY,DOC_KEY,RANK
1,NORMA-20037,1
1,NORMA-18845,2
1,NORMA-6949,3
1,NORMA-21107,4
1,NORMA-19582,5
1,NORMA-20246,6
1,NORMA-18212,7
1,NORMA-19903,8
1,NORMA-19980,9
1,NORMA-21235,10
1,NORMA-20064,11
1,NORMA-21519,12
1,NORMA-18892,13
1,NORMA-21359,14
1,NORMA-20854,15
1,NORMA-19978,16
1,NORMA-20425,17
1,NORMA-20065,18
1,NORMA-20249,19
1,NORMA-19609,20
1,NORMA-18546,21
1,NORMA-20869,22
1,NORMA-21650,23
1,NORMA-20957,24
1,NORMA-19730,25
1,NORMA-20631,26
1,NORMA-20422,27
1,NORMA-21754,28
1,NORMA-21105,29
1,NORMA-20184,30
1,NORMA-21621,31
1,NORMA-19977,32
1,NORMA-21432,33
1,NORMA-19613,34
1,NORMA-20072,35
1,NORMA-18646,36
1,NORMA-9834,37
1,NORMA-19604,38
1,NORMA-19963,39
1,NORMA-19919,40
1,NORMA-20916,41
1,NORMA-6185,42
1,NORMA-9382,43
1,NORMA-18678,44
1,NORMA-21260,45
1,NORMA-20809,46
1,NORMA-20053,47
1,NORMA-19964,48
1,NORMA-2413,49
1,NORMA-20197,50
1,NORMA-20950,51
1,NORMA-18885,52
1,NORMA-19593,53
1,NORMA-23521,54
1,NORMA-17182,55
1,NORMA-18974,56
1,NORMA-19568,57
1,NORMA-19594,58
1,NORMA-18936,59
1,NORMA-20082,60
1,NORMA-18937,61
1,NORMA-20789,62
1,NORMA-19630,63
1,NORMA-2,64
1,NORMA-21217,65
1,NORMA-20432,66
1,NORMA-21501,67
1,NORMA-20042,68
1,NORMA-21613,69
1,NORMA-29005,70
1,NORMA-1,71
1,NORMA-19574,72
1,NORMA-20535,73
1,NORMA-18911,74
1,NORMA-20615,75
1,NORMA-21752,76
1,NORMA-13323,77
1,NORMA-19764,78
1,NORMA-20448,79
1,NORMA-11655,80
1,NORMA-535,81
1,NORMA-14239,82
1,NORMA-20619,83
1,NORMA-19178,84
1,NORMA-19945,85
1,NORMA-20435,86
1,NORMA-19952,87
1,NORMA-18286,88
1,NORMA-19953,89
1,NORMA-19904,90
1,NORMA-20849,91
1,NORMA-19803,92
1,NORMA-21019,93
1,NORMA-19793,94
1,NORMA-15237,95
1,NORMA-21779,96
1,NORMA-20989,97
1,NORMA-20623,98
1,NORMA-19752,99
1,NORMA-19883,100
1,NORMA-19650,101
1,NORMA-18430,102
1,NORMA-18747,103
1,NORMA-18909,104
1,NORMA-20183,105
1,NORMA-20659,106
1,NORMA-20253,107
1,NORMA-18908,108
1,NORMA-19040,109
1,NORMA-20039,110
1,NORMA-21386,111
1,NORMA-20287,112
1,NORMA-18523,113
1,NORMA-20156,114
1,NORMA-20192,115
1,NORMA-20542,116
1,NORMA-18891,117
1,NORMA-19591,118
1,NORMA-21656,119
1,NORMA-18913,120
1,NORMA-18894,121
1,NORMA-20507,122
1,NORMA-1173,123
1,NORMA-1613,124
1,NORMA-19174,125
1,NORMA-18958,126
1,NORMA-21229,127
1,NORMA-19761,128
1,NORMA-534,129
1,NORMA-21364,130
1,NORMA-19767,131
1,NORMA-21249,132
1,NORMA-20559,133
1,NORMA-20831,134
1,NORMA-21220,135
1,NORMA-21242,136
1,NORMA-21067,137
1,NORMA-18724,138
1,NORMA-20270,139
1,NORMA-20309,140
1,NORMA-20744,141
1,NORMA-20551,142
1,NORMA-20966,143
1,NORMA-20209,144
1,NORMA-20512,145
1,NORMA-21537,146
1,NORMA-20423,147
1,NORMA-19876,148
1,NORMA-21188,149
1,NORMA-19724,150
1,NORMA-18818,151
1,NORMA-21371,152
1,NORMA-20428,153
1,NORMA-21228,154
1,NORMA-21023,155
1,NORMA-19364,156
1,NORMA-19286,157
1,NORMA-20531,158
1,NORMA-20487,159
1,NORMA-27521,160
1,NORMA-21523,161
1,NORMA-19965,162
1,NORMA-19955,163
1,NORMA-15581,164
1,NORMA-20480,165
1,NORMA-20756,166
1,NORMA-20513,167
1,NORMA-20514,168
1,NORMA-20366,169
1,NORMA-19787,170
1,NORMA-20070,171
1,NORMA-19798,172
1,NORMA-21239,173
1,NORMA-19051,174
1,NORMA-20374,175
1,NORMA-19581,176
1,NORMA-21437,177
1,NORMA-20494,178
1,NORMA-21705,179
1,NORMA-20007,180
1,NORMA-19164,181
1,NORMA-2475,182
1,NORMA-19578,183
1,NORMA-19921,184
1,NORMA-19807,185
1,NORMA-21310,186
1,NORMA-19954,187
1,NORMA-20382,188
1,NORMA-18943,189
1,NORMA-19747,190
1,NORMA-19249,191
1,NORMA-21624,192
1,NORMA-20808,193
1,NORMA-19564,194
1,NORMA-20066,195
1,NORMA-19910,196
1,NORMA-19572,197
1,NORMA-20071,198
1,NORMA-19601,199
1,NORMA-20185,200
1,NORMA-20424,201
1,NORMA-19603,202
1,NORMA-18926,203
1,NORMA-18850,204
1,NORMA-18664,205
1,NORMA-18312,206
1,NORMA-18786,207
1,NORMA-18480,208
1,NORMA-18717,209
1,NORMA-20620,210
1,NORMA-21117,211
1,NORMA-18511,212
1,NORMA-18509,213
1,NORMA-18597,214
1,NORMA-19044,215
1,NORMA-20727,216
1,NORMA-19711,217
1,NORMA-18917,218
1,NORMA-19755,219
1,NORMA-20958,220
1,NORMA-20290,221
1,NORMA-31923,222
1,NORMA-19933,223
1,NORMA-20716,224
1,NORMA-21300,225
1,NORMA-21254,226
1,NORMA-20556,227
1,NORMA-19797,228
1,NORMA-19668,229
1,NORMA-21784,230
1,NORMA-18394,231
1,NORMA-19386,232
1,NORMA-24583,233
1,NORMA-18461,234
1,NORMA-20188,235
1,NORMA-20780,236
1,NORMA-20515,237
1,NORMA-19155,238
1,NORMA-13298,239
1,NORMA-19800,240
1,NORMA-21496,241
1,NORMA-20987,242
1,NORMA-7208,243
1,NORMA-20322,244
1,NORMA-20257,245
1,NORMA-1573,246
1,NORMA-19879,247
1,NORMA-7100,248
1,NORMA-13902,249
1,NORMA-1026,250
1,NORMA-20796,251
1,NORMA-21305,252
1,NORMA-20055,253
1,NORMA-20763,254
1,NORMA-19190,255
1,NORMA-21600,256
1,NORMA-20198,257
1,NORMA-18536,258
1,NORMA-20501,259
1,NORMA-21210,260
1,NORMA-19119,261
1,NORMA-18715,262
1,NORMA-18666,263
1,NORMA-18505,264
1,NORMA-18784,265
1,NORMA-18481,266
1,NORMA-18853,267
1,NORMA-21118,268
1,NORMA-25261,269
1,NORMA-21769,270
1,NORMA-21552,271
1,NORMA-18611,272
1,NORMA-19043,273
1,NORMA-19056,274
1,NORMA-19629,275
1,NORMA-20571,276
1,NORMA-20770,277
1,NORMA-20295,278
1,NORMA-20602,279
1,NORMA-21316,280
1,NORMA-21390,281
1,NORMA-21224,282
1,NORMA-21232,283
1,NORMA-21776,284
1,NORMA-19028,285
1,NORMA-21394,286
1,NORMA-20962,287
1,NORMA-11615,288
1,NORMA-19221,289
1,NORMA-21384,290
1,NORMA-21004,291
1,NORMA-21382,292
1,NORMA-19583,293
1,NORMA-21203,294
1,NORMA-19019,295
1,NORMA-20915,296
1,NORMA-18916,297
1,NORMA-30043,298
1,NORMA-18796,299
1,NORMA-21288,300
1,NORMA-21126,301
1,NORMA-19891,302
1,NORMA-21756,303
1,NORMA-20569,304
1,NORMA-21237,305
1,NORMA-21192,306
1,NORMA-21211,307
1,NORMA-20206,308
1,NORMA-19694,309
1,NORMA-20050,310
1,NORMA-21395,311
1,NORMA-19706,312
1,NORMA-18957,313
1,NORMA-15901,314
1,NORMA-20802,315
1,NORMA-18707,316
1,NORMA-20407,317
1,NORMA-20077,318
1,NORMA-380,319
1,NORMA-19715,320
1,NORMA-20398,321
1,NORMA-21370,322
1,NORMA-21626,323
1,NORMA-20204,324
1,NORMA-21025,325
1,NORMA-19617,326
1,NORMA-20316,327
1,NORMA-8028,328
1,NORMA-21725,329
1,NORMA-21267,330
1,NORMA-20046,331
1,NORMA-20369,332
1,NORMA-6948,333
1,NORMA-20186,334
1,NORMA-1863,335
1,NORMA-21668,336
1,NORMA-20523,337
1,NORMA-20227,338
1,NORMA-20389,339
1,NORMA-22741,340
1,NORMA-21484,341
1,NORMA-19363,342
1,NORMA-18780,343
1,NORMA-20194,344
1,NORMA-21553,345
1,NORMA-19288,346
1,NORMA-18675,347
1,NORMA-21599,348
1,NORMA-20505,349
1,NORMA-21309,350
1,NORMA-15921,351
1,NORMA-20319,352
1,NORMA-26841,353
1,NORMA-19096,354
1,NORMA-18325,355
1,NORMA-1663,356
1,NORMA-19431,357
1,NORMA-19615,358
1,NORMA-18934,359
1,NORMA-20590,360
1,NORMA-21275,361
1,NORMA-14097,362
1,NORMA-20974,363
1,NORMA-18436,364
1,NORMA-21550,365
1,NORMA-21113,366
1,NORMA-19968,367
1,NORMA-19171,368
1,NORMA-18895,369
1,NORMA-19128,370
1,NORMA-19588,371
1,NORMA-18519,372
1,NORMA-20954,373
1,NORMA-20661,374
1,NORMA-19237,375
1,NORMA-1999,376
1,NORMA-12165,377
1,NORMA-18368,378
1,NORMA-21152,379
1,NORMA-18634,380
1,NORMA-21405,381
1,NORMA-20252,382
1,NORMA-20381,383
1,NORMA-18341,384
1,NORMA-20129,385
1,NORMA-19652,386
1,NORMA-21524,387
1,NORMA-19148,388
1,NORMA-19923,389
1,NORMA-19268,390
1,NORMA-21022,391
1,NORMA-15802,392
1,NORMA-18791,393
1,NORMA-21255,394
1,NORMA-34,395
1,NORMA-20536,396
1,NORMA-20577,397
1,NORMA-19479,398
1,NORMA-19003,399
1,NORMA-19295,400
1,NORMA-18328,401
1,NORMA-20584,402
1,NORMA-18293,403
1,NORMA-21350,404
1,NORMA-21131,405
1,NORMA-18832,406
1,NORMA-18844,407
1,NORMA-22723,408
1,NORMA-18555,409
1,NORMA-21796,410
1,NORMA-19559,411
1,NORMA-21094,412
1,NORMA-20563,413
1,NORMA-18681,414
1,NORMA-18693,415
1,NORMA-25645,416
1,NORMA-21569,417
1,NORMA-18354,418
1,NORMA-18400,419
1,NORMA-18744,420
1,NORMA-18550,421
1,NORMA-19667,422
1,NORMA-19315,423
1,NORMA-18252,424
1,NORMA-18914,425
1,NORMA-19232,426
1,NORMA-1534,427
1,NORMA-20517,428
1,NORMA-20098,429
1,NORMA-18416,430
1,NORMA-18574,431
1,NORMA-19032,432
1,NORMA-21556,433
1,NORMA-18275,434
1,NORMA-19981,435
1,NORMA-9481,436
1,NORMA-18830,437
1,NORMA-19651,438
1,NORMA-21532,439
1,NORMA-21262,440
1,NORMA-20222,441
1,NORMA-20754,442
1,NORMA-21509,443
1,NORMA-21702,444
1,NORMA-21787,445
1,NORMA-5115,446
1,NORMA-19122,447
1,NORMA-18682,448
1,NORMA-21622,449
1,NORMA-18247,450
1,NORMA-27022,451
1,NORMA-21398,452
1,NORMA-20491,453
1,NORMA-21500,454
1,NORMA-19152,455
1,NORMA-19570,456
1,NORMA-15005,457
1,NORMA-21663,458
1,NORMA-21446,459
1,NORMA-20503,460
1,NORMA-21710,461
1,NORMA-25722,462
1,NORMA-7975,463
1,NORMA-21625,464
1,NORMA-13345,465
1,NORMA-27221,466
1,NORMA-21655,467
1,NORMA-20208,468
1,NORMA-19662,469
1,NORMA-21530,470
1,NORMA-14850,471
1,NORMA-19557,472
1,NORMA-21230,473
1,NORMA-6316,474
1,NORMA-21691,475
1,NORMA-20349,476
1,NORMA-9835,477
1,NORMA-20737,478
1,NORMA-6181,479
1,NORMA-19278,480
1,NORMA-19352,481
1,NORMA-18616,482
1,NORMA-20258,483
1,NORMA-9984,484
1,NORMA-19437,485
1,NORMA-21208,486
1,NORMA-10691,487
1,NORMA-21468,488
1,NORMA-14688,489
1,NORMA-23341,490
1,NORMA-6630,491
1,NORMA-15229,492
1,NORMA-20794,493
1,NORMA-20914,494
1,NORMA-21253,495
1,NORMA-20038,496
1,NORMA-19805,497
1,NORMA-20803,498
1,NORMA-14263,499
1,NORMA-19866,500
1,NORMA-20583,501
1,NORMA-18870,502
1,NORMA-19436,503
1,NORMA-19279,504
1,NORMA-6967,505
1,NORMA-19640,506
1,NORMA-1421,507
1,NORMA-18243,508
1,NORMA-19358,509
1,NORMA-21589,510
1,NORMA-19337,511
1,NORMA-11623,512
1,NORMA-24661,513
1,NORMA-20581,514
1,NORMA-20811,515
1,NORMA-20713,516
1,NORMA-11374,517
1,NORMA-18877,518
1,NORMA-15427,519
1,NORMA-25902,520
1,NORMA-15465,521
1,NORMA-20474,522
1,NORMA-18411,523
1,NORMA-19646,524
1,NORMA-19373,525
1,NORMA-12152,526
1,NORMA-11639,527
1,NORMA-21227,528
1,NORMA-19412,529
1,NORMA-19200,530
1,NORMA-20558,531
1,NORMA-19416,532
1,NORMA-21533,533
1,NORMA-19691,534
1,NORMA-19526,535
1,NORMA-20720,536
1,NORMA-18955,537
1,NORMA-20368,538
1,NORMA-19632,539
1,NORMA-21538,540
1,NORMA-19507,541
1,NORMA-19909,542
1,NORMA-19009,543
1,NORMA-18528,544
1,NORMA-21762,545
1,NORMA-21683,546
1,NORMA-21366,547
1,NORMA-18445,548
1,NORMA-12657,549
1,NORMA-18781,550
1,NORMA-21684,551
1,NORMA-21343,552
1,NORMA-21739,553
1,NORMA-18598,554
1,NORMA-21142,555
1,NORMA-18980,556
1,NORMA-19320,557
1,NORMA-21038,558
1,NORMA-20265,559
1,NORMA-18652,560
1,NORMA-18482,561
1,NORMA-18808,562
1,NORMA-18507,563
1,NORMA-18785,564
1,NORMA-21119,565
1,NORMA-20276,566
1,NORMA-18716,567
1,NORMA-18665,568
1,NORMA-18851,569
1,NORMA-21064,570
1,NORMA-18448,571
1,NORMA-18522,572
1,NORMA-18277,573
1,NORMA-21037,574
1,NORMA-19120,575
1,NORMA-19370,576
1,NORMA-19133,577
1,NORMA-20262,578
1,NORMA-20359,579
1,NORMA-21645,580
1,NORMA-19576,581
1,NORMA-21357,582
1,NORMA-7035,583
1,NORMA-18612,584
1,NORMA-19045,585
1,NORMA-21191,586
1,NORMA-21786,587
1,NORMA-6713,588
1,NORMA-19199,589
1,NORMA-21145,590
1,NORMA-21543,591
1,NORMA-19366,592
1,NORMA-19145,593
1,NORMA-19068,594
1,NORMA-20306,595
1,NORMA-19124,596
1,NORMA-21244,597
1,NORMA-21091,598
1,NORMA-19227,599
1,NORMA-19114,600
1,NORMA-20520,601
1,NORMA-18551,602
1,NORMA-20735,603
1,NORMA-18541,604
1,NORMA-19567,605
1,NORMA-19196,606
1,NORMA-18338,607
1,NORMA-20951,608
1,NORMA-21565,609
1,NORMA-19907,610
1,NORMA-19329,611
1,NORMA-19240,612
1,NORMA-19252,613
1,NORMA-20628,614
1,NORMA-18649,615
1,NORMA-19000,616
1,NORMA-20956,617
1,NORMA-19714,618
1,NORMA-19511,619
1,NORMA-21498,620
1,NORMA-7110,621
1,NORMA-21740,622
1,NORMA-20427,623
1,NORMA-20054,624
1,NORMA-20611,625
1,NORMA-20595,626
1,NORMA-20434,627
1,NORMA-19819,628
1,NORMA-20465,629
1,NORMA-20045,630
1,NORMA-19325,631
1,NORMA-21494,632
1,NORMA-19616,633
1,NORMA-19912,634
1,NORMA-20555,635
1,NORMA-20762,636
1,NORMA-19687,637
1,NORMA-20939,638
1,NORMA-21171,639
1,NORMA-21703,640
1,NORMA-21505,641
1,NORMA-19166,642
1,NORMA-19067,643
1,NORMA-18727,644
1,NORMA-18331,645
1,NORMA-18990,646
1,NORMA-19944,647
1,NORMA-20804,648
1,NORMA-18736,649
1,NORMA-21482,650
1,NORMA-21032,651
1,NORMA-20882,652
1,NORMA-20311,653
1,NORMA-602,654
1,NORMA-21035,655
1,NORMA-19259,656
1,NORMA-18841,657
1,NORMA-24083,658
1,NORMA-24084,659
1,NORMA-20629,660
1,NORMA-20585,661
1,NORMA-21720,662
1,NORMA-20568,663
1,NORMA-20510,664
1,NORMA-20509,665
1,NORMA-21433,666
1,NORMA-19469,667
1,NORMA-19635,668
1,NORMA-20031,669
1,NORMA-19991,670
1,NORMA-21529,671
1,NORMA-18658,672
1,NORMA-19101,673
1,NORMA-18544,674
1,NORMA-19716,675
1,NORMA-18602,676
1,NORMA-19899,677
1,NORMA-20681,678
1,NORMA-20674,679
1,NORMA-19223,680
1,NORMA-24581,681
1,NORMA-21551,682
1,NORMA-18340,683
1,NORMA-18969,684
1,NORMA-19287,685
1,NORMA-19493,686
1,NORMA-20430,687
1,NORMA-20516,688
1,NORMA-19306,689
1,NORMA-20351,690
1,NORMA-20340,691
1,NORMA-20728,692
1,NORMA-20511,693
1,NORMA-19766,694
1,NORMA-19631,695
1,NORMA-19643,696
1,NORMA-19367,697
1,NORMA-18437,698
1,NORMA-21335,699
1,NORMA-19055,700
1,NORMA-20881,701
1,NORMA-2056,702
1,NORMA-20518,703
1,NORMA-20254,704
1,NORMA-3281,705
1,NORMA-20443,706
1,NORMA-20459,707
1,NORMA-19974,708
1,NORMA-20266,709
1,NORMA-18905,710
1,NORMA-20014,711
1,NORMA-18515,712
1,NORMA-21748,713
1,NORMA-20049,714
1,NORMA-19463,715
1,NORMA-20675,716
1,NORMA-20662,717
1,NORMA-21302,718
1,NORMA-21216,719
1,NORMA-18281,720
1,NORMA-20575,721
1,NORMA-21536,722
1,NORMA-19298,723
1,NORMA-20245,724
1,NORMA-20205,725
1,NORMA-20361,726
1,NORMA-20335,727
1,NORMA-20689,728
1,NORMA-21479,729
1,NORMA-18754,730
1,NORMA-20078,731
1,NORMA-21770,732
1,NORMA-18560,733
1,NORMA-20739,734
1,NORMA-24081,735
1,NORMA-19351,736
1,NORMA-21024,737
1,NORMA-19611,738
1,NORMA-19331,739
1,NORMA-24041,740
1,NORMA-20357,741
1,NORMA-19575,742
1,NORMA-24061,743
1,NORMA-18352,744
1,NORMA-19330,745
1,NORMA-21259,746
1,NORMA-19324,747
1,NORMA-19475,748
1,NORMA-19034,749
1,NORMA-21396,750
1,NORMA-20342,751
1,NORMA-20771,752
1,NORMA-18654,753
1,NORMA-14905,754
1,NORMA-21782,755
1,NORMA-21318,756
1,NORMA-19540,757
1,NORMA-21319,758
1,NORMA-19610,759
1,NORMA-20041,760
1,NORMA-21794,761
1,NORMA-19308,762
1,NORMA-19228,763
1,NORMA-19375,764
1,NORMA-20747,765
1,NORMA-19081,766
1,NORMA-18721,767
1,NORMA-18376,768
1,NORMA-19151,769
1,NORMA-19551,770
1,NORMA-19657,771
1,NORMA-19231,772
1,NORMA-19697,773
1,NORMA-6187,774
1,NORMA-18465,775
1,NORMA-21465,776
1,NORMA-19216,777
1,NORMA-19484,778
1,NORMA-18810,779
1,NORMA-21404,780
1,NORMA-19435,781
1,NORMA-18627,782
1,NORMA-20436,783
1,NORMA-21489,784
1,NORMA-24885,785
1,NORMA-19732,786
1,NORMA-18324,787
1,NORMA-21013,788
1,NORMA-20594,789
1,NORMA-19788,790
1,NORMA-20586,791
1,NORMA-19483,792
1,NORMA-19464,793
1,NORMA-20599,794
1,NORMA-20250,795
1,NORMA-21591,796
1,NORMA-6391,797
1,NORMA-19460,798
1,NORMA-18322,799
1,NORMA-19776,800
1,NORMA-21785,801
1,NORMA-21687,802
1,NORMA-19222,803
1,NORMA-18725,804
1,NORMA-18269,805
1,NORMA-21114,806
1,NORMA-18353,807
1,NORMA-18793,808
1,NORMA-22241,809
1,NORMA-21449,810
1,NORMA-19519,811
1,NORMA-19445,812
1,NORMA-20601,813
1,NORMA-21667,814
1,NORMA-20140,815
1,NORMA-21285,816
1,NORMA-18856,817
1,NORMA-18847,818
1,NORMA-21039,819
1,NORMA-19951,820
1,NORMA-19946,821
1,NORMA-21716,822
1,NORMA-19163,823
1,NORMA-20567,824
1,NORMA-1263,825
1,NORMA-19085,826
1,NORMA-18279,827
1,NORMA-19556,828
1,NORMA-19338,829
1,NORMA-18321,830
1,NORMA-18297,831
1,NORMA-20688,832
1,NORMA-21214,833
1,NORMA-18362,834
1,NORMA-20660,835
1,NORMA-21282,836
1,NORMA-19293,837
1,NORMA-19369,838
1,NORMA-18756,839
1,NORMA-20967,840
1,NORMA-18318,841
1,NORMA-10385,842
1,NORMA-18776,843
1,NORMA-19347,844
1,NORMA-18547,845
1,NORMA-21194,846
1,NORMA-18878,847
1,NORMA-18327,848
1,NORMA-18529,849
1,NORMA-19355,850
1,NORMA-18861,851
1,NORMA-21448,852
1,NORMA-18959,853
1,NORMA-20553,854
1,NORMA-20550,855
1,NORMA-20016,856
1,NORMA-20460,857
1,NORMA-20490,858
1,NORMA-19380,859
1,NORMA-19346,860
1,NORMA-19500,861
1,NORMA-19465,862
1,NORMA-18596,863
1,NORMA-18777,864
1,NORMA-21572,865
1,NORMA-21534,866
1,NORMA-19348,867
1,NORMA-2386,868
1,NORMA-19079,869
1,NORMA-20666,870
1,NORMA-21750,871
1,NORMA-27161,872
1,NORMA-21636,873
1,NORMA-19548,874
1,NORMA-18499,875
1,NORMA-18498,876
1,NORMA-18473,877
1,NORMA-20736,878
1,NORMA-24561,879
1,NORMA-19372,880
1,NORMA-18743,881
1,NORMA-19345,882
1,NORMA-122,883
1,NORMA-20080,884
1,NORMA-20562,885
1,NORMA-21576,886
1,NORMA-19389,887
1,NORMA-19586,888
1,NORMA-18759,889
1,NORMA-21601,890
1,NORMA-19130,891
1,NORMA-20289,892
1,NORMA-20282,893
1,NORMA-25202,894
1,NORMA-18751,895
1,NORMA-21715,896
1,NORMA-21714,897
1,NORMA-18260,898
1,NORMA-18443,899
1,NORMA-21612,900
1,NORMA-18600,901
1,NORMA-18381,902
1,NORMA-21290,903
1,NORMA-19428,904
1,NORMA-18606,905
1,NORMA-18968,906
1,NORMA-19197,907
1,NORMA-20909,908
1,NORMA-20718,909
1,NORMA-19115,910
1,NORMA-18641,911
1,NORMA-21129,912
1,NORMA-20320,913
1,NORMA-21284,914
1,NORMA-19147,915
1,NORMA-19071,916
1,NORMA-18208,917
1,NORMA-21566,918
1,NORMA-19258,919
1,NORMA-18615,920
1,NORMA-18399,921
1,NORMA-21108,922
1,NORMA-21571,923
1,NORMA-19709,924
1,NORMA-18875,925
1,NORMA-19434,926
1,NORMA-18651,927
1,NORMA-18623,928
1,NORMA-19906,929
1,NORMA-20313,930
1,NORMA-21402,931
1,NORMA-21681,932
1,NORMA-20810,933
1,NORMA-13675,934
1,NORMA-19514,935
1,NORMA-18639,936
1,NORMA-18609,937
1,NORMA-18557,938
1,NORMA-18246,939
1,NORMA-20876,940
1,NORMA-20216,941
1,NORMA-18573,942
1,NORMA-18335,943
1,NORMA-21548,944
1,NORMA-21280,945
1,NORMA-19443,946
1,NORMA-18617,947
1,NORMA-18731,948
1,NORMA-19482,949
1,NORMA-19066,950
1,NORMA-18821,951
1,NORMA-19950,952
1,NORMA-21698,953
1,NORMA-19070,954
1,NORMA-20461,955
1,NORMA-18346,956
1,NORMA-14923,957
1,NORMA-21297,958
1,NORMA-18255,959
1,NORMA-20572,960
1,NORMA-19091,961
1,NORMA-18880,962
1,NORMA-19187,963
1,NORMA-19134,964
1,NORMA-20868,965
1,NORMA-24905,966
1,NORMA-21355,967
1,NORMA-19491,968
1,NORMA-19902,969
1,NORMA-19309,970
1,NORMA-19215,971
1,NORMA-18794,972
1,NORMA-20348,973
1,NORMA-19926,974
1,NORMA-18896,975
1,NORMA-1229,976
1,NORMA-20734,977
1,NORMA-26362,978
1,NORMA-19282,979
1,NORMA-18710,980
1,NORMA-18532,981
1,NORMA-18329,982
1,NORMA-19535,983
1,NORMA-20333,984
1,NORMA-26641,985
1,NORMA-20466,986
1,NORMA-20576,987
1,NORMA-21183,988
1,NORMA-20573,989
1,NORMA-21416,990
1,NORMA-21270,991
1,NORMA-18738,992
1,NORMA-4868,993
1,NORMA-19008,994
1,NORMA-20130,995
1,NORMA-18288,996
1,NORMA-20543,997
1,NORMA-20805,998
1,NORMA-20519,999
1,NORMA-21674,1000
2,NORMA-18528,1
2,NORMA-19408,2
2,NORMA-21269,3
2,NORMA-21638,4
2,NORMA-13990,5
2,NORMA-20790,6
2,NORMA-21361,7
2,NORMA-18967,8
2,NORMA-21637,9
2,NORMA-18741,10
2,NORMA-21586,11
2,NORMA-21344,12
2,NORMA-18673,13
2,NORMA-20139,14
2,NORMA-6176,15
2,NORMA-6968,16
2,NORMA-21443,17
2,NORMA-21231,18
2,NORMA-19969,19
2,NORMA-20762,20
2,NORMA-21404,21
2,NORMA-18842,22
2,NORMA-21402,23
2,NORMA-23361,24
2,NORMA-19939,25
2,NORMA-20921,26
2,NORMA-4500,27
2,NORMA-4792,28
2,NORMA-22001,29
2,NORMA-24102,30
2,NORMA-18211,31
2,NORMA-3642,32
2,NORMA-21613,33
2,NORMA-27550,34
2,NORMA-25964,35
2,NORMA-18730,36
2,NORMA-15427,37
2,NORMA-15465,38
2,NORMA-7241,39
2,NORMA-17281,40
2,NORMA-7525,41
2,NORMA-28802,42
2,NORMA-19192,43
2,NORMA-14113,44
2,NORMA-21649,45
2,NORMA-3735,46
2,NORMA-6521,47
2,NORMA-6291,48
2,NORMA-23301,49
2,NORMA-12492,50
2,NORMA-23027,51
2,NORMA-12113,52
2,NORMA-20157,53
2,NORMA-19337,54
2,NORMA-13995,55
2,NORMA-5381,56
2,NORMA-21562,57
2,NORMA-13954,58
2,NORMA-13519,59
2,NORMA-13229,60
2,NORMA-10298,61
2,NORMA-4634,62
2,NORMA-5335,63
2,NORMA-11419,64
2,NORMA-3638,65
2,NORMA-10843,66
2,NORMA-18769,67
2,NORMA-21275,68
2,NORMA-11901,69
2,NORMA-21283,70
2,NORMA-8575,71
2,NORMA-11505,72
2,NORMA-14974,73
2,NORMA-15028,74
2,NORMA-21277,75
2,NORMA-19844,76
2,NORMA-13298,77
2,NORMA-14587,78
2,NORMA-15134,79
2,NORMA-13903,80
2,NORMA-19444,81
2,NORMA-8442,82
2,NORMA-13514,83
2,NORMA-14744,84
2,NORMA-12965,85
2,NORMA-13848,86
2,NORMA-12437,87
2,NORMA-14345,88
2,NORMA-12490,89
2,NORMA-20705,90
2,NORMA-646,91
2,NORMA-15027,92
2,NORMA-21535,93
2,NORMA-10931,94
2,NORMA-19281,95
2,NORMA-12911,96
2,NORMA-14390,97
2,NORMA-19542,98
2,NORMA-18753,99
2,NORMA-21185,100
2,NORMA-21538,101
2,NORMA-21697,102
2,NORMA-18910,103
2,NORMA-19330,104
2,NORMA-20491,105
2,NORMA-21497,106
2,NORMA-1485,107
2,NORMA-1365,108
2,NORMA-21774,109
2,NORMA-21301,110
2,NORMA-20300,111
2,NORMA-19674,112
2,NORMA-19182,113
2,NORMA-18747,114
2,NORMA-21474,115
2,NORMA-18970,116
2,NORMA-19712,117
2,NORMA-18604,118
2,NORMA-19167,119
2,NORMA-18536,120
2,NORMA-11144,121
2,NORMA-18577,122
2,NORMA-18906,123
2,NORMA-20963,124
2,NORMA-20223,125
2,NORMA-12880,126
2,NORMA-21291,127
2,NORMA-6856,128
2,NORMA-20056,129
2,NORMA-11736,130
2,NORMA-20766,131
2,NORMA-19648,132
2,NORMA-9792,133
2,NORMA-19961,134
2,NORMA-18529,135
2,NORMA-12228,136
2,NORMA-18591,137
2,NORMA-14498,138
2,NORMA-20240,139
2,NORMA-21238,140
2,NORMA-1516,141
2,NORMA-19371,142
2,NORMA-21640,143
2,NORMA-1463,144
2,NORMA-20800,145
2,NORMA-19609,146
2,NORMA-18685,147
2,NORMA-21391,148
2,NORMA-19206,149
2,NORMA-11687,150
2,NORMA-20135,151
2,NORMA-21155,152
2,NORMA-16402,153
2,NORMA-21281,154
2,NORMA-18827,155
2,NORMA-31905,156
2,NORMA-26804,157
2,NORMA-20619,158
2,NORMA-11459,159
2,NORMA-20235,160
2,NORMA-12314,161
2,NORMA-21420,162
2,NORMA-27363,163
2,NORMA-18691,164
2,NORMA-18237,165
2,NORMA-5380,166
2,NORMA-19729,167
2,NORMA-27366,168
2,NORMA-20432,169
2,NORMA-19583,170
2,NORMA-12899,171
2,NORMA-20108,172
2,NORMA-12517,173
2,NORMA-15118,174
2,NORMA-10986,175
2,NORMA-18339,176
2,NORMA-11184,177
2,NORMA-11186,178
2,NORMA-7867,179
2,NORMA-12380,180
2,NORMA-5336,181
2,NORMA-8212,182
2,NORMA-5185,183
2,NORMA-27362,184
2,NORMA-12516,185
2,NORMA-15358,186
2,NORMA-21634,187
2,NORMA-11185,188
2,NORMA-12371,189
2,NORMA-8121,190
2,NORMA-12379,191
2,NORMA-5337,192
2,NORMA-1222,193
2,NORMA-18697,194
2,NORMA-14366,195
2,NORMA-19639,196
2,NORMA-19278,197
2,NORMA-19973,198
2,NORMA-27361,199
2,NORMA-1620,200
2,NORMA-9681,201
2,NORMA-21515,202
2,NORMA-20302,203
2,NORMA-9067,204
2,NORMA-18748,205
2,NORMA-14279,206
2,NORMA-21252,207
2,NORMA-18418,208
2,NORMA-21434,209
2,NORMA-10745,210
2,NORMA-10590,211
2,NORMA-19205,212
2,NORMA-10534,213
2,NORMA-11352,214
2,NORMA-10347,215
2,NORMA-21690,216
2,NORMA-11292,217
2,NORMA-21746,218
2,NORMA-21400,219
2,NORMA-21648,220
2,NORMA-15211,221
2,NORMA-19629,222
2,NORMA-12067,223
2,NORMA-18225,224
2,NORMA-27449,225
2,NORMA-21764,226
2,NORMA-11760,227
2,NORMA-12649,228
2,NORMA-13594,229
2,NORMA-19088,230
2,NORMA-6253,231
2,NORMA-21159,232
2,NORMA-14652,233
2,NORMA-18934,234
2,NORMA-3966,235
2,NORMA-6140,236
2,NORMA-6783,237
2,NORMA-7113,238
2,NORMA-3503,239
2,NORMA-8435,240
2,NORMA-7386,241
2,NORMA-21650,242
2,NORMA-7222,243
2,NORMA-10119,244
2,NORMA-6315,245
2,NORMA-12972,246
2,NORMA-7225,247
2,NORMA-10029,248
2,NORMA-11632,249
2,NORMA-19581,250
2,NORMA-11734,251
2,NORMA-14703,252
2,NORMA-10044,253
2,NORMA-9871,254
2,NORMA-27687,255
2,NORMA-21631,256
2,NORMA-12060,257
2,NORMA-21131,258
2,NORMA-9724,259
2,NORMA-19573,260
2,NORMA-6948,261
2,NORMA-10219,262
2,NORMA-19442,263
2,NORMA-8028,264
2,NORMA-11731,265
2,NORMA-20536,266
2,NORMA-21461,267
2,NORMA-20996,268
2,NORMA-18669,269
2,NORMA-13174,270
2,NORMA-19426,271
2,NORMA-21286,272
2,NORMA-19092,273
2,NORMA-21437,274
2,NORMA-21784,275
2,NORMA-20091,276
2,NORMA-21126,277
2,NORMA-19940,278
2,NORMA-19704,279
2,NORMA-20870,280
2,NORMA-6851,281
2,NORMA-21201,282
2,NORMA-18430,283
2,NORMA-20989,284
2,NORMA-19650,285
2,NORMA-18436,286
2,NORMA-13469,287
2,NORMA-21012,288
2,NORMA-21298,289
2,NORMA-16202,290
2,NORMA-27761,291
2,NORMA-13158,292
2,NORMA-14937,293
2,NORMA-21521,294
2,NORMA-19020,295
2,NORMA-13835,296
2,NORMA-18327,297
2,NORMA-21360,298
2,NORMA-19645,299
2,NORMA-14666,300
2,NORMA-14474,301
2,NORMA-13711,302
2,NORMA-6769,303
2,NORMA-21756,304
2,NORMA-13912,305
2,NORMA-18337,306
2,NORMA-6651,307
2,NORMA-13883,308
2,NORMA-14429,309
2,NORMA-14208,310
2,NORMA-12161,311
2,NORMA-21211,312
2,NORMA-21747,313
2,NORMA-6599,314
2,NORMA-21120,315
2,NORMA-26163,316
2,NORMA-12345,317
2,NORMA-12837,318
2,NORMA-15382,319
2,NORMA-17061,320
2,NORMA-19981,321
2,NORMA-12569,322
2,NORMA-12442,323
2,NORMA-21367,324
2,NORMA-7146,325
2,NORMA-21224,326
2,NORMA-14629,327
2,NORMA-20865,328
2,NORMA-21220,329
2,NORMA-21553,330
2,NORMA-21484,331
2,NORMA-27562,332
2,NORMA-19212,333
2,NORMA-25723,334
2,NORMA-12159,335
2,NORMA-10365,336
2,NORMA-19617,337
2,NORMA-10925,338
2,NORMA-15328,339
2,NORMA-19802,340
2,NORMA-19846,341
2,NORMA-20503,342
2,NORMA-6326,343
2,NORMA-4736,344
2,NORMA-6451,345
2,NORMA-12975,346
2,NORMA-20159,347
2,NORMA-20369,348
2,NORMA-20376,349
2,NORMA-19764,350
2,NORMA-21272,351
2,NORMA-20065,352
2,NORMA-19798,353
2,NORMA-18962,354
2,NORMA-20761,355
2,NORMA-21177,356
2,NORMA-21253,357
2,NORMA-19977,358
2,NORMA-18886,359
2,NORMA-20523,360
2,NORMA-20488,361
2,NORMA-3662,362
2,NORMA-21496,363
2,NORMA-18462,364
2,NORMA-19919,365
2,NORMA-21544,366
2,NORMA-19574,367
2,NORMA-21236,368
2,NORMA-19631,369
2,NORMA-18201,370
2,NORMA-19515,371
2,NORMA-20219,372
2,NORMA-18531,373
2,NORMA-19546,374
2,NORMA-20487,375
2,NORMA-19682,376
2,NORMA-19328,377
2,NORMA-21739,378
2,NORMA-21626,379
2,NORMA-21276,380
2,NORMA-21217,381
2,NORMA-7027,382
2,NORMA-18638,383
2,NORMA-21550,384
2,NORMA-19096,385
2,NORMA-8458,386
2,NORMA-18838,387
2,NORMA-7953,388
2,NORMA-21490,389
2,NORMA-21431,390
2,NORMA-10200,391
2,NORMA-18653,392
2,NORMA-13402,393
2,NORMA-26701,394
2,NORMA-21661,395
2,NORMA-21688,396
2,NORMA-20217,397
2,NORMA-9888,398
2,NORMA-18439,399
2,NORMA-17321,400
2,NORMA-10878,401
2,NORMA-21608,402
2,NORMA-11316,403
2,NORMA-9834,404
2,NORMA-19779,405
2,NORMA-6636,406
2,NORMA-11627,407
2,NORMA-12099,408
2,NORMA-18274,409
2,NORMA-19431,410
2,NORMA-11664,411
2,NORMA-18233,412
2,NORMA-6669,413
2,NORMA-10821,414
2,NORMA-18648,415
2,NORMA-19387,416
2,NORMA-9785,417
2,NORMA-11804,418
2,NORMA-6623,419
2,NORMA-9595,420
2,NORMA-7012,421
2,NORMA-12248,422
2,NORMA-12103,423
2,NORMA-12055,424
2,NORMA-6256,425
2,NORMA-14459,426
2,NORMA-20999,427
2,NORMA-18364,428
2,NORMA-12171,429
2,NORMA-21659,430
2,NORMA-9382,431
2,NORMA-19857,432
2,NORMA-18772,433
2,NORMA-20398,434
2,NORMA-12049,435
2,NORMA-6698,436
2,NORMA-18816,437
2,NORMA-11877,438
2,NORMA-19235,439
2,NORMA-11864,440
2,NORMA-20564,441
2,NORMA-20137,442
2,NORMA-11882,443
2,NORMA-12019,444
2,NORMA-21792,445
2,NORMA-18298,446
2,NORMA-11790,447
2,NORMA-10375,448
2,NORMA-21752,449
2,NORMA-11433,450
2,NORMA-6621,451
2,NORMA-27221,452
2,NORMA-6185,453
2,NORMA-10629,454
2,NORMA-15802,455
2,NORMA-33288,456
2,NORMA-11715,457
2,NORMA-6318,458
2,NORMA-11780,459
2,NORMA-18981,460
2,NORMA-14239,461
2,NORMA-21218,462
2,NORMA-12030,463
2,NORMA-7280,464
2,NORMA-11655,465
2,NORMA-33308,466
2,NORMA-21026,467
2,NORMA-19095,468
2,NORMA-11686,469
2,NORMA-11855,470
2,NORMA-11876,471
2,NORMA-18554,472
2,NORMA-20382,473
2,NORMA-11631,474
2,NORMA-11791,475
2,NORMA-12009,476
2,NORMA-18403,477
2,NORMA-12020,478
2,NORMA-15237,479
2,NORMA-12657,480
2,NORMA-19526,481
2,NORMA-11688,482
2,NORMA-11569,483
2,NORMA-12005,484
2,NORMA-20490,485
2,NORMA-18819,486
2,NORMA-21114,487
2,NORMA-18780,488
2,NORMA-12237,489
2,NORMA-11633,490
2,NORMA-19606,491
2,NORMA-21609,492
2,NORMA-18802,493
2,NORMA-11779,494
2,NORMA-11854,495
2,NORMA-6962,496
2,NORMA-570,497
2,NORMA-3001,498
2,NORMA-7110,499
2,NORMA-20407,500
2,NORMA-11793,501
2,NORMA-21267,502
2,NORMA-18214,503
2,NORMA-21419,504
2,NORMA-18208,505
2,NORMA-12236,506
2,NORMA-10920,507
2,NORMA-11792,508
2,NORMA-11767,509
2,NORMA-9893,510
2,NORMA-12094,511
2,NORMA-18414,512
2,NORMA-22561,513
2,NORMA-893,514
2,NORMA-21052,515
2,NORMA-13160,516
2,NORMA-11857,517
2,NORMA-19691,518
2,NORMA-11868,519
2,NORMA-7384,520
2,NORMA-19384,521
2,NORMA-11798,522
2,NORMA-11805,523
2,NORMA-21390,524
2,NORMA-18537,525
2,NORMA-12063,526
2,NORMA-19240,527
2,NORMA-11796,528
2,NORMA-11795,529
2,NORMA-15239,530
2,NORMA-11921,531
2,NORMA-12017,532
2,NORMA-11862,533
2,NORMA-23341,534
2,NORMA-13508,535
2,NORMA-28203,536
2,NORMA-12170,537
2,NORMA-12092,538
2,NORMA-11853,539
2,NORMA-1740,540
2,NORMA-12027,541
2,NORMA-11920,542
2,NORMA-12255,543
2,NORMA-12048,544
2,NORMA-12039,545
2,NORMA-18361,546
2,NORMA-20902,547
2,NORMA-18219,548
2,NORMA-19223,549
2,NORMA-11589,550
2,NORMA-2470,551
2,NORMA-11572,552
2,NORMA-18859,553
2,NORMA-18306,554
2,NORMA-10999,555
2,NORMA-21352,556
2,NORMA-20389,557
2,NORMA-11813,558
2,NORMA-18533,559
2,NORMA-19621,560
2,NORMA-20366,561
2,NORMA-12249,562
2,NORMA-15603,563
2,NORMA-18350,564
2,NORMA-20374,565
2,NORMA-19529,566
2,NORMA-6679,567
2,NORMA-19437,568
2,NORMA-18325,569
2,NORMA-3979,570
2,NORMA-19124,571
2,NORMA-18446,572
2,NORMA-18796,573
2,NORMA-22941,574
2,NORMA-11108,575
2,NORMA-21606,576
2,NORMA-11605,577
2,NORMA-28961,578
2,NORMA-12247,579
2,NORMA-7011,580
2,NORMA-21507,581
2,NORMA-21028,582
2,NORMA-12172,583
2,NORMA-20046,584
2,NORMA-6673,585
2,NORMA-11875,586
2,NORMA-19170,587
2,NORMA-18773,588
2,NORMA-11577,589
2,NORMA-19255,590
2,NORMA-463,591
2,NORMA-6343,592
2,NORMA-21150,593
2,NORMA-11578,594
2,NORMA-6819,595
2,NORMA-11742,596
2,NORMA-6820,597
2,NORMA-12006,598
2,NORMA-9854,599
2,NORMA-6970,600
2,NORMA-11576,601
2,NORMA-12910,602
2,NORMA-21663,603
2,NORMA-20501,604
2,NORMA-21710,605
2,NORMA-11620,606
2,NORMA-11571,607
2,NORMA-19110,608
2,NORMA-11751,609
2,NORMA-18248,610
2,NORMA-13791,611
2,NORMA-12163,612
2,NORMA-20941,613
2,NORMA-1863,614
2,NORMA-20230,615
2,NORMA-12235,616
2,NORMA-11562,617
2,NORMA-19481,618
2,NORMA-19715,619
2,NORMA-11771,620
2,NORMA-18806,621
2,NORMA-20220,622
2,NORMA-11563,623
2,NORMA-21755,624
2,NORMA-18549,625
2,NORMA-19563,626
2,NORMA-18502,627
2,NORMA-11776,628
2,NORMA-18407,629
2,NORMA-18356,630
2,NORMA-4909,631
2,NORMA-15701,632
2,NORMA-20222,633
2,NORMA-18432,634
2,NORMA-21509,635
2,NORMA-19520,636
2,NORMA-18411,637
2,NORMA-11528,638
2,NORMA-11806,639
2,NORMA-10034,640
2,NORMA-18230,641
2,NORMA-19292,642
2,NORMA-28362,643
2,NORMA-13797,644
2,NORMA-19643,645
2,NORMA-5421,646
2,NORMA-21388,647
2,NORMA-18548,648
2,NORMA-11758,649
2,NORMA-11556,650
2,NORMA-18342,651
2,NORMA-20997,652
2,NORMA-18207,653
2,NORMA-11473,654
2,NORMA-5170,655
2,NORMA-12246,656
2,NORMA-21166,657
2,NORMA-18302,658
2,NORMA-11570,659
2,NORMA-19138,660
2,NORMA-12002,661
2,NORMA-11616,662
2,NORMA-11777,663
2,NORMA-19498,664
2,NORMA-11525,665
2,NORMA-20134,666
2,NORMA-11621,667
2,NORMA-19647,668
2,NORMA-11874,669
2,NORMA-21137,670
2,NORMA-11475,671
2,NORMA-19029,672
2,NORMA-1419,673
2,NORMA-18239,674
2,NORMA-11477,675
2,NORMA-4746,676
2,NORMA-11557,677
2,NORMA-11512,678
2,NORMA-11526,679
2,NORMA-11765,680
2,NORMA-18412,681
2,NORMA-984,682
2,NORMA-21139,683
2,NORMA-20185,684
2,NORMA-18359,685
2,NORMA-6753,686
2,NORMA-11670,687
2,NORMA-20985,688
2,NORMA-20405,689
2,NORMA-21417,690
2,NORMA-21227,691
2,NORMA-2376,692
2,NORMA-21244,693
2,NORMA-11524,694
2,NORMA-11872,695
2,NORMA-20920,696
2,NORMA-11673,697
2,NORMA-21299,698
2,NORMA-12018,699
2,NORMA-11671,700
2,NORMA-462,701
2,NORMA-18682,702
2,NORMA-21705,703
2,NORMA-18292,704
2,NORMA-21790,705
2,NORMA-6641,706
2,NORMA-11723,707
2,NORMA-11770,708
2,NORMA-21147,709
2,NORMA-21226,710
2,NORMA-21788,711
2,NORMA-54,712
2,NORMA-11588,713
2,NORMA-17201,714
2,NORMA-11733,715
2,NORMA-18303,716
2,NORMA-11999,717
2,NORMA-11614,718
2,NORMA-12066,719
2,NORMA-3281,720
2,NORMA-22061,721
2,NORMA-11871,722
2,NORMA-21017,723
2,NORMA-2551,724
2,NORMA-1144,725
2,NORMA-11523,726
2,NORMA-18963,727
2,NORMA-11768,728
2,NORMA-4710,729
2,NORMA-20613,730
2,NORMA-19792,731
2,NORMA-11613,732
2,NORMA-11679,733
2,NORMA-12052,734
2,NORMA-2184,735
2,NORMA-21279,736
2,NORMA-15581,737
2,NORMA-19658,738
2,NORMA-11606,739
2,NORMA-2475,740
2,NORMA-995,741
2,NORMA-11663,742
2,NORMA-2032,743
2,NORMA-11772,744
2,NORMA-18378,745
2,NORMA-19245,746
2,NORMA-13323,747
2,NORMA-11565,748
2,NORMA-11710,749
2,NORMA-19275,750
2,NORMA-11799,751
2,NORMA-21157,752
2,NORMA-18450,753
2,NORMA-11761,754
2,NORMA-11665,755
2,NORMA-11769,756
2,NORMA-21413,757
2,NORMA-1613,758
2,NORMA-21232,759
2,NORMA-28181,760
2,NORMA-25201,761
2,NORMA-9670,762
2,NORMA-2269,763
2,NORMA-11766,764
2,NORMA-29005,765
2,NORMA-21526,766
2,NORMA-7942,767
2,NORMA-9110,768
2,NORMA-3381,769
2,NORMA-11870,770
2,NORMA-11597,771
2,NORMA-772,772
2,NORMA-20482,773
2,NORMA-21506,774
2,NORMA-11574,775
2,NORMA-11560,776
2,NORMA-21199,777
2,NORMA-15068,778
2,NORMA-11714,779
2,NORMA-14858,780
2,NORMA-53,781
2,NORMA-11603,782
2,NORMA-19329,783
2,NORMA-13555,784
2,NORMA-6955,785
2,NORMA-18539,786
2,NORMA-11669,787
2,NORMA-21113,788
2,NORMA-17221,789
2,NORMA-26201,790
2,NORMA-11762,791
2,NORMA-8384,792
2,NORMA-11559,793
2,NORMA-25281,794
2,NORMA-18656,795
2,NORMA-1812,796
2,NORMA-11520,797
2,NORMA-6644,798
2,NORMA-6321,799
2,NORMA-18844,800
2,NORMA-11575,801
2,NORMA-2383,802
2,NORMA-11716,803
2,NORMA-20224,804
2,NORMA-12164,805
2,NORMA-11564,806
2,NORMA-970,807
2,NORMA-17182,808
2,NORMA-12043,809
2,NORMA-20359,810
2,NORMA-28001,811
2,NORMA-11517,812
2,NORMA-11719,813
2,NORMA-21423,814
2,NORMA-2478,815
2,NORMA-18213,816
2,NORMA-21357,817
2,NORMA-11721,818
2,NORMA-11519,819
2,NORMA-12197,820
2,NORMA-21766,821
2,NORMA-18541,822
2,NORMA-6954,823
2,NORMA-18574,824
2,NORMA-19578,825
2,NORMA-20505,826
2,NORMA-12107,827
2,NORMA-6702,828
2,NORMA-11666,829
2,NORMA-21351,830
2,NORMA-11561,831
2,NORMA-11474,832
2,NORMA-1841,833
2,NORMA-11712,834
2,NORMA-1999,835
2,NORMA-20388,836
2,NORMA-11604,837
2,NORMA-19694,838
2,NORMA-12021,839
2,NORMA-1035,840
2,NORMA-8027,841
2,NORMA-4830,842
2,NORMA-21668,843
2,NORMA-6627,844
2,NORMA-19620,845
2,NORMA-11527,846
2,NORMA-12102,847
2,NORMA-13470,848
2,NORMA-11667,849
2,NORMA-19303,850
2,NORMA-21522,851
2,NORMA-20911,852
2,NORMA-11735,853
2,NORMA-27044,854
2,NORMA-14661,855
2,NORMA-21141,856
2,NORMA-20396,857
2,NORMA-20474,858
2,NORMA-11680,859
2,NORMA-18379,860
2,NORMA-18217,861
2,NORMA-18545,862
2,NORMA-5226,863
2,NORMA-20480,864
2,NORMA-21036,865
2,NORMA-11518,866
2,NORMA-11598,867
2,NORMA-11718,868
2,NORMA-12029,869
2,NORMA-31923,870
2,NORMA-11516,871
2,NORMA-417,872
2,NORMA-15881,873
2,NORMA-6752,874
2,NORMA-3502,875
2,NORMA-1455,876
2,NORMA-18492,877
2,NORMA-985,878
2,NORMA-14463,879
2,NORMA-6957,880
2,NORMA-21387,881
2,NORMA-1170,882
2,NORMA-21326,883
2,NORMA-11722,884
2,NORMA-2207,885
2,NORMA-15060,886
2,NORMA-18994,887
2,NORMA-21523,888
2,NORMA-36,889
2,NORMA-3201,890
2,NORMA-1515,891
2,NORMA-560,892
2,NORMA-21744,893
2,NORMA-11720,894
2,NORMA-1421,895
2,NORMA-19818,896
2,NORMA-11866,897
2,NORMA-21046,898
2,NORMA-11558,899
2,NORMA-11567,900
2,NORMA-11602,901
2,NORMA-11757,902
2,NORMA-15882,903
2,NORMA-12038,904
2,NORMA-2483,905
2,NORMA-704,906
2,NORMA-1310,907
2,NORMA-10309,908
2,NORMA-19003,909
2,NORMA-6257,910
2,NORMA-19784,911
2,NORMA-11469,912
2,NORMA-12104,913
2,NORMA-11522,914
2,NORMA-11717,915
2,NORMA-19605,916
2,NORMA-24042,917
2,NORMA-18243,918
2,NORMA-25501,919
2,NORMA-24524,920
2,NORMA-12031,921
2,NORMA-745,922
2,NORMA-11672,923
2,NORMA-19221,924
2,NORMA-19383,925
2,NORMA-6881,926
2,NORMA-6701,927
2,NORMA-19172,928
2,NORMA-18546,929
2,NORMA-19722,930
2,NORMA-21702,931
2,NORMA-19808,932
2,NORMA-18803,933
2,NORMA-11610,934
2,NORMA-6084,935
2,NORMA-18224,936
2,NORMA-974,937
2,NORMA-18206,938
2,NORMA-14294,939
2,NORMA-3577,940
2,NORMA-20460,941
2,NORMA-11674,942
2,NORMA-6643,943
2,NORMA-9481,944
2,NORMA-21578,945
2,NORMA-21158,946
2,NORMA-14850,947
2,NORMA-11756,948
2,NORMA-19440,949
2,NORMA-13345,950
2,NORMA-2399,951
2,NORMA-11085,952
2,NORMA-8205,953
2,NORMA-19553,954
2,NORMA-21071,955
2,NORMA-18479,956
2,NORMA-11814,957
2,NORMA-18823,958
2,NORMA-11922,959
2,NORMA-75,960
2,NORMA-20402,961
2,NORMA-19700,962
2,NORMA-21547,963
2,NORMA-13476,964
2,NORMA-5496,965
2,NORMA-5360,966
2,NORMA-20138,967
2,NORMA-20465,968
2,NORMA-21537,969
2,NORMA-14688,970
2,NORMA-19174,971
2,NORMA-631,972
2,NORMA-20873,973
2,NORMA-6199,974
2,NORMA-18984,975
2,NORMA-18542,976
2,NORMA-15229,977
2,NORMA-10116,978
2,NORMA-19424,979
2,NORMA-11764,980
2,NORMA-11479,981
2,NORMA-18843,982
2,NORMA-21676,983
2,NORMA-21256,984
2,NORMA-21678,985
2,NORMA-219,986
2,NORMA-15339,987
2,NORMA-20793,988
2,NORMA-21651,989
2,NORMA-21625,990
2,NORMA-11566,991
2,NORMA-21499,992
2,NORMA-21170,993
2,NORMA-13918,994
2,NORMA-6344,995
2,NORMA-19866,996
2,NORMA-19261,997
2,NORMA-19107,998
2,NORMA-754,999
2,NORMA-6083,1000
3,NORMA-19095,1
3,NORMA-19387,2
3,NORMA-21367,3
3,NORMA-19152,4
3,NORMA-18780,5
3,NORMA-20865,6
3,NORMA-19431,7
3,NORMA-6948,8
3,NORMA-7279,9
3,NORMA-8028,10
3,NORMA-21253,11
3,NORMA-21661,12
3,NORMA-772,13
3,NORMA-560,14
3,NORMA-12102,15
3,NORMA-20917,16
3,NORMA-21114,17
3,NORMA-21437,18
3,NORMA-20902,19
3,NORMA-21705,20
3,NORMA-21521,21
3,NORMA-21506,22
3,NORMA-6249,23
3,NORMA-18816,24
3,NORMA-21496,25
3,NORMA-21236,26
3,NORMA-1463,27
3,NORMA-19542,28
3,NORMA-219,29
3,NORMA-21508,30
3,NORMA-21113,31
3,NORMA-21267,32
3,NORMA-21461,33
3,NORMA-21625,34
3,NORMA-21020,35
3,NORMA-19981,36
3,NORMA-21244,37
3,NORMA-11664,38
3,NORMA-21159,39
3,NORMA-20999,40
3,NORMA-19957,41
3,NORMA-1663,42
3,NORMA-21211,43
3,NORMA-21419,44
3,NORMA-25201,45
3,NORMA-19596,46
3,NORMA-21626,47
3,NORMA-229,48
3,NORMA-21382,49
3,NORMA-28362,50
3,NORMA-6256,51
3,NORMA-19384,52
3,NORMA-974,53
3,NORMA-7012,54
3,NORMA-21739,55
3,NORMA-21147,56
3,NORMA-20077,57
3,NORMA-18359,58
3,NORMA-18439,59
3,NORMA-332,60
3,NORMA-6623,61
3,NORMA-835,62
3,NORMA-19212,63
3,NORMA-15542,64
3,NORMA-1999,65
3,NORMA-19096,66
3,NORMA-20925,67
3,NORMA-18591,68
3,NORMA-21256,69
3,NORMA-21507,70
3,NORMA-21550,71
3,NORMA-19573,72
3,NORMA-7027,73
3,NORMA-10629,74
3,NORMA-19977,75
3,NORMA-10375,76
3,NORMA-21224,77
3,NORMA-1613,78
3,NORMA-20914,79
3,NORMA-20336,80
3,NORMA-21699,81
3,NORMA-18858,82
3,NORMA-15060,83
3,NORMA-18762,84
3,NORMA-22561,85
3,NORMA-12165,86
3,NORMA-6758,87
3,NORMA-9821,88
3,NORMA-18803,89
3,NORMA-6645,90
3,NORMA-15882,91
3,NORMA-19275,92
3,NORMA-14898,93
3,NORMA-1994,94
3,NORMA-19787,95
3,NORMA-21150,96
3,NORMA-21609,97
3,NORMA-8458,98
3,NORMA-19104,99
3,NORMA-21792,100
3,NORMA-1171,101
3,NORMA-19621,102
3,NORMA-21756,103
3,NORMA-6880,104
3,NORMA-18842,105
3,NORMA-27555,106
3,NORMA-217,107
3,NORMA-15237,108
3,NORMA-21631,109
3,NORMA-21226,110
3,NORMA-28203,111
3,NORMA-21650,112
3,NORMA-6318,113
3,NORMA-29005,114
3,NORMA-22101,115
3,NORMA-18933,116
3,NORMA-26124,117
3,NORMA-19649,118
3,NORMA-19617,119
3,NORMA-21152,120
3,NORMA-21446,121
3,NORMA-2005,122
3,NORMA-21456,123
3,NORMA-6199,124
3,NORMA-19631,125
3,NORMA-26701,126
3,NORMA-6185,127
3,NORMA-19520,128
3,NORMA-218,129
3,NORMA-19292,130
3,NORMA-21218,131
3,NORMA-21607,132
3,NORMA-20465,133
3,NORMA-9834,134
3,NORMA-10200,135
3,NORMA-20292,136
3,NORMA-20096,137
3,NORMA-6316,138
3,NORMA-6181,139
3,NORMA-21698,140
3,NORMA-7011,141
3,NORMA-9382,142
3,NORMA-11655,143
3,NORMA-18213,144
3,NORMA-21790,145
3,NORMA-14239,146
3,NORMA-10119,147
3,NORMA-6630,148
3,NORMA-7953,149
3,NORMA-11814,150
3,NORMA-20349,151
3,NORMA-18432,152
3,NORMA-11739,153
3,NORMA-28181,154
3,NORMA-20359,155
3,NORMA-6967,156
3,NORMA-20793,157
3,NORMA-20460,158
3,NORMA-20192,159
3,NORMA-6082,160
3,NORMA-21553,161
3,NORMA-19605,162
3,NORMA-75,163
3,NORMA-21484,164
3,NORMA-21515,165
3,NORMA-18293,166
3,NORMA-19637,167
3,NORMA-18549,168
3,NORMA-18379,169
3,NORMA-19523,170
3,NORMA-27761,171
3,NORMA-20891,172
3,NORMA-20941,173
3,NORMA-21310,174
3,NORMA-20849,175
3,NORMA-21245,176
3,NORMA-783,177
3,NORMA-82,178
3,NORMA-1534,179
3,NORMA-13323,180
3,NORMA-15881,181
3,NORMA-15561,182
3,NORMA-11864,183
3,NORMA-554,184
3,NORMA-20277,185
3,NORMA-20928,186
3,NORMA-2185,187
3,NORMA-26201,188
3,NORMA-20483,189
3,NORMA-2269,190
3,NORMA-20208,191
3,NORMA-20753,192
3,NORMA-1567,193
3,NORMA-59,194
3,NORMA-509,195
3,NORMA-801,196
3,NORMA-2013,197
3,NORMA-18915,198
3,NORMA-1516,199
3,NORMA-1611,200
3,NORMA-20473,201
3,NORMA-18818,202
3,NORMA-2158,203
3,NORMA-20070,204
3,NORMA-19103,205
3,NORMA-10029,206
3,NORMA-802,207
3,NORMA-20912,208
3,NORMA-21173,209
3,NORMA-660,210
3,NORMA-9871,211
3,NORMA-20423,212
3,NORMA-10044,213
3,NORMA-1421,214
3,NORMA-19609,215
3,NORMA-2517,216
3,NORMA-20425,217
3,NORMA-21012,218
3,NORMA-20180,219
3,NORMA-17201,220
3,NORMA-20205,221
3,NORMA-11570,222
3,NORMA-6958,223
3,NORMA-21783,224
3,NORMA-28001,225
3,NORMA-12886,226
3,NORMA-20197,227
3,NORMA-19941,228
3,NORMA-21231,229
3,NORMA-1740,230
3,NORMA-534,231
3,NORMA-21659,232
3,NORMA-19297,233
3,NORMA-6819,234
3,NORMA-20253,235
3,NORMA-6820,236
3,NORMA-18342,237
3,NORMA-21544,238
3,NORMA-21776,239
3,NORMA-3381,240
3,NORMA-6970,241
3,NORMA-20561,242
3,NORMA-20046,243
3,NORMA-20189,244
3,NORMA-27501,245
3,NORMA-21429,246
3,NORMA-18325,247
3,NORMA-3241,248
3,NORMA-20677,249
3,NORMA-21258,250
3,NORMA-18984,251
3,NORMA-1141,252
3,NORMA-20985,253
3,NORMA-20581,254
3,NORMA-23501,255
3,NORMA-6257,256
3,NORMA-1674,257
3,NORMA-19904,258
3,NORMA-3181,259
3,NORMA-11760,260
3,NORMA-20488,261
3,NORMA-21260,262
3,NORMA-20241,263
3,NORMA-2184,264
3,NORMA-20725,265
3,NORMA-9724,266
3,NORMA-12089,267
3,NORMA-9481,268
3,NORMA-5421,269
3,NORMA-19629,270
3,NORMA-9893,271
3,NORMA-21691,272
3,NORMA-20185,273
3,NORMA-6856,274
3,NORMA-8027,275
3,NORMA-20803,276
3,NORMA-21702,277
3,NORMA-6140,278
3,NORMA-20422,279
3,NORMA-21624,280
3,NORMA-21384,281
3,NORMA-8435,282
3,NORMA-7113,283
3,NORMA-8463,284
3,NORMA-21206,285
3,NORMA-12029,286
3,NORMA-20183,287
3,NORMA-4710,288
3,NORMA-20569,289
3,NORMA-3281,290
3,NORMA-19650,291
3,NORMA-2546,292
3,NORMA-3201,293
3,NORMA-20871,294
3,NORMA-6783,295
3,NORMA-26102,296
3,NORMA-18356,297
3,NORMA-15521,298
3,NORMA-7222,299
3,NORMA-7386,300
3,NORMA-20206,301
3,NORMA-20239,302
3,NORMA-7122,303
3,NORMA-10821,304
3,NORMA-7384,305
3,NORMA-20428,306
3,NORMA-21589,307
3,NORMA-18863,308
3,NORMA-7225,309
3,NORMA-20210,310
3,NORMA-18541,311
3,NORMA-9792,312
3,NORMA-20369,313
3,NORMA-21086,314
3,NORMA-21407,315
3,NORMA-6962,316
3,NORMA-11588,317
3,NORMA-12657,318
3,NORMA-18206,319
3,NORMA-19798,320
3,NORMA-18286,321
3,NORMA-20482,322
3,NORMA-21366,323
3,NORMA-12113,324
3,NORMA-14279,325
3,NORMA-20474,326
3,NORMA-12014,327
3,NORMA-12234,328
3,NORMA-20789,329
3,NORMA-21752,330
3,NORMA-21175,331
3,NORMA-12232,332
3,NORMA-20184,333
3,NORMA-17321,334
3,NORMA-22941,335
3,NORMA-20909,336
3,NORMA-6669,337
3,NORMA-7110,338
3,NORMA-18350,339
3,NORMA-21386,340
3,NORMA-6253,341
3,NORMA-8522,342
3,NORMA-20494,343
3,NORMA-18299,344
3,NORMA-20869,345
3,NORMA-19181,346
3,NORMA-9595,347
3,NORMA-396,348
3,NORMA-19647,349
3,NORMA-13954,350
3,NORMA-6621,351
3,NORMA-18937,352
3,NORMA-18403,353
3,NORMA-10878,354
3,NORMA-28586,355
3,NORMA-14967,356
3,NORMA-3382,357
3,NORMA-21217,358
3,NORMA-11798,359
3,NORMA-19249,360
3,NORMA-9888,361
3,NORMA-480,362
3,NORMA-18364,363
3,NORMA-7381,364
3,NORMA-12027,365
3,NORMA-7149,366
3,NORMA-12006,367
3,NORMA-21139,368
3,NORMA-6268,369
3,NORMA-18823,370
3,NORMA-18424,371
3,NORMA-1175,372
3,NORMA-21417,373
3,NORMA-20195,374
3,NORMA-20453,375
3,NORMA-12039,376
3,NORMA-12048,377
3,NORMA-18646,378
3,NORMA-20721,379
3,NORMA-972,380
3,NORMA-20381,381
3,NORMA-18414,382
3,NORMA-20959,383
3,NORMA-19659,384
3,NORMA-20191,385
3,NORMA-27022,386
3,NORMA-21466,387
3,NORMA-7416,388
3,NORMA-20468,389
3,NORMA-19755,390
3,NORMA-19730,391
3,NORMA-15004,392
3,NORMA-19784,393
3,NORMA-6698,394
3,NORMA-6644,395
3,NORMA-20028,396
3,NORMA-9785,397
3,NORMA-6321,398
3,NORMA-21261,399
3,NORMA-19634,400
3,NORMA-19021,401
3,NORMA-2551,402
3,NORMA-21071,403
3,NORMA-21238,404
3,NORMA-13508,405
3,NORMA-18747,406
3,NORMA-7703,407
3,NORMA-20196,408
3,NORMA-11882,409
3,NORMA-11599,410
3,NORMA-6752,411
3,NORMA-20995,412
3,NORMA-20186,413
3,NORMA-31904,414
3,NORMA-19797,415
3,NORMA-21126,416
3,NORMA-12049,417
3,NORMA-6955,418
3,NORMA-21694,419
3,NORMA-20918,420
3,NORMA-26841,421
3,NORMA-20503,422
3,NORMA-10708,423
3,NORMA-31903,424
3,NORMA-14673,425
3,NORMA-21436,426
3,NORMA-28281,427
3,NORMA-6636,428
3,NORMA-462,429
3,NORMA-19731,430
3,NORMA-3342,431
3,NORMA-18654,432
3,NORMA-20802,433
3,NORMA-680,434
3,NORMA-11472,435
3,NORMA-18205,436
3,NORMA-21459,437
3,NORMA-1147,438
3,NORMA-18234,439
3,NORMA-28981,440
3,NORMA-20303,441
3,NORMA-20541,442
3,NORMA-20545,443
3,NORMA-19896,444
3,NORMA-20762,445
3,NORMA-19232,446
3,NORMA-18690,447
3,NORMA-13298,448
3,NORMA-20538,449
3,NORMA-6954,450
3,NORMA-18967,451
3,NORMA-21537,452
3,NORMA-19916,453
3,NORMA-16268,454
3,NORMA-11476,455
3,NORMA-18219,456
3,NORMA-21597,457
3,NORMA-20774,458
3,NORMA-19777,459
3,NORMA-21653,460
3,NORMA-18378,461
3,NORMA-4909,462
3,NORMA-19643,463
3,NORMA-20432,464
3,NORMA-24582,465
3,NORMA-21413,466
3,NORMA-21028,467
3,NORMA-18709,468
3,NORMA-20976,469
3,NORMA-20836,470
3,NORMA-25523,471
3,NORMA-13174,472
3,NORMA-20557,473
3,NORMA-21029,474
3,NORMA-8860,475
3,NORMA-18981,476
3,NORMA-18412,477
3,NORMA-19081,478
3,NORMA-11751,479
3,NORMA-11621,480
3,NORMA-20252,481
3,NORMA-21299,482
3,NORMA-6598,483
3,NORMA-20169,484
3,NORMA-20408,485
3,NORMA-13195,486
3,NORMA-33288,487
3,NORMA-21404,488
3,NORMA-18436,489
3,NORMA-18761,490
3,NORMA-21394,491
3,NORMA-21483,492
3,NORMA-18669,493
3,NORMA-14661,494
3,NORMA-6488,495
3,NORMA-20772,496
3,NORMA-18225,497
3,NORMA-19658,498
3,NORMA-33308,499
3,NORMA-21695,500
3,NORMA-19799,501
3,NORMA-19751,502
3,NORMA-19574,503
3,NORMA-6702,504
3,NORMA-20421,505
3,NORMA-21369,506
3,NORMA-7390,507
3,NORMA-21220,508
3,NORMA-20723,509
3,NORMA-8384,510
3,NORMA-14463,511
3,NORMA-20923,512
3,NORMA-12161,513
3,NORMA-20429,514
3,NORMA-9220,515
3,NORMA-18741,516
3,NORMA-11417,517
3,NORMA-10636,518
3,NORMA-6343,519
3,NORMA-1606,520
3,NORMA-19785,521
3,NORMA-21356,522
3,NORMA-20989,523
3,NORMA-18974,524
3,NORMA-1183,525
3,NORMA-18248,526
3,NORMA-18207,527
3,NORMA-19092,528
3,NORMA-3979,529
3,NORMA-18430,530
3,NORMA-21523,531
3,NORMA-5170,532
3,NORMA-21291,533
3,NORMA-7444,534
3,NORMA-27521,535
3,NORMA-20993,536
3,NORMA-19122,537
3,NORMA-21539,538
3,NORMA-18530,539
3,NORMA-18653,540
3,NORMA-21361,541
3,NORMA-21405,542
3,NORMA-19155,543
3,NORMA-21279,544
3,NORMA-18370,545
3,NORMA-21639,546
3,NORMA-18656,547
3,NORMA-21370,548
3,NORMA-11793,549
3,NORMA-2579,550
3,NORMA-19091,551
3,NORMA-28422,552
3,NORMA-16202,553
3,NORMA-20376,554
3,NORMA-13158,555
3,NORMA-9823,556
3,NORMA-2694,557
3,NORMA-13469,558
3,NORMA-21731,559
3,NORMA-2421,560
3,NORMA-6753,561
3,NORMA-19644,562
3,NORMA-19620,563
3,NORMA-21741,564
3,NORMA-4275,565
3,NORMA-20501,566
3,NORMA-20371,567
3,NORMA-15802,568
3,NORMA-27001,569
3,NORMA-20374,570
3,NORMA-20834,571
3,NORMA-7449,572
3,NORMA-20499,573
3,NORMA-21157,574
3,NORMA-20480,575
3,NORMA-19968,576
3,NORMA-18720,577
3,NORMA-19729,578
3,NORMA-20801,579
3,NORMA-20487,580
3,NORMA-20811,581
3,NORMA-20340,582
3,NORMA-11516,583
3,NORMA-20397,584
3,NORMA-20037,585
3,NORMA-19328,586
3,NORMA-14985,587
3,NORMA-20382,588
3,NORMA-11722,589
3,NORMA-18303,590
3,NORMA-21648,591
3,NORMA-20307,592
3,NORMA-21519,593
3,NORMA-20086,594
3,NORMA-20407,595
3,NORMA-11567,596
3,NORMA-20477,597
3,NORMA-20398,598
3,NORMA-19800,599
3,NORMA-20055,600
3,NORMA-18633,601
3,NORMA-18377,602
3,NORMA-5626,603
3,NORMA-20053,604
3,NORMA-5925,605
3,NORMA-10795,606
3,NORMA-20366,607
3,NORMA-7042,608
3,NORMA-21668,609
3,NORMA-20554,610
3,NORMA-27221,611
3,NORMA-20549,612
3,NORMA-20314,613
3,NORMA-20329,614
3,NORMA-19635,615
3,NORMA-20334,616
3,NORMA-20321,617
3,NORMA-18899,618
3,NORMA-25261,619
3,NORMA-18452,620
3,NORMA-21192,621
3,NORMA-21717,622
3,NORMA-20961,623
3,NORMA-20034,624
3,NORMA-20476,625
3,NORMA-20082,626
3,NORMA-21254,627
3,NORMA-20770,628
3,NORMA-20389,629
3,NORMA-21180,630
3,NORMA-11597,631
3,NORMA-20913,632
3,NORMA-19841,633
3,NORMA-21563,634
3,NORMA-20906,635
3,NORMA-20894,636
3,NORMA-18691,637
3,NORMA-6092,638
3,NORMA-21162,639
3,NORMA-20940,640
3,NORMA-20490,641
3,NORMA-19380,642
3,NORMA-9588,643
3,NORMA-18553,644
3,NORMA-21468,645
3,NORMA-21462,646
3,NORMA-19668,647
3,NORMA-18838,648
3,NORMA-24583,649
3,NORMA-13160,650
3,NORMA-25645,651
3,NORMA-21065,652
3,NORMA-27602,653
3,NORMA-27622,654
3,NORMA-19546,655
3,NORMA-4711,656
3,NORMA-1173,657
3,NORMA-4075,658
3,NORMA-18769,659
3,NORMA-10442,660
3,NORMA-27745,661
3,NORMA-21427,662
3,NORMA-20202,663
3,NORMA-20705,664
3,NORMA-18513,665
3,NORMA-18446,666
3,NORMA-27723,667
3,NORMA-27725,668
3,NORMA-14054,669
3,NORMA-18796,670
3,NORMA-18427,671
3,NORMA-9110,672
3,NORMA-20839,673
3,NORMA-13138,674
3,NORMA-2536,675
3,NORMA-6950,676
3,NORMA-20209,677
3,NORMA-19593,678
3,NORMA-7942,679
3,NORMA-9670,680
3,NORMA-19805,681
3,NORMA-18859,682
3,NORMA-18537,683
3,NORMA-20087,684
3,NORMA-20179,685
3,NORMA-19061,686
3,NORMA-20794,687
3,NORMA-1341,688
3,NORMA-18411,689
3,NORMA-18479,690
3,NORMA-21431,691
3,NORMA-883,692
3,NORMA-18536,693
3,NORMA-4830,694
3,NORMA-18608,695
3,NORMA-19042,696
3,NORMA-18719,697
3,NORMA-18667,698
3,NORMA-18504,699
3,NORMA-4746,700
3,NORMA-27742,701
3,NORMA-19128,702
3,NORMA-27722,703
3,NORMA-7362,704
3,NORMA-20431,705
3,NORMA-5586,706
3,NORMA-11605,707
3,NORMA-2032,708
3,NORMA-20137,709
3,NORMA-20187,710
3,NORMA-595,711
3,NORMA-7138,712
3,NORMA-21568,713
3,NORMA-938,714
3,NORMA-19028,715
3,NORMA-18724,716
3,NORMA-1222,717
3,NORMA-10063,718
3,NORMA-749,719
3,NORMA-588,720
3,NORMA-587,721
3,NORMA-20885,722
3,NORMA-19051,723
3,NORMA-20754,724
3,NORMA-11665,725
3,NORMA-21297,726
3,NORMA-18603,727
3,NORMA-7140,728
3,NORMA-19959,729
3,NORMA-1620,730
3,NORMA-207,731
3,NORMA-208,732
3,NORMA-309,733
3,NORMA-11614,734
3,NORMA-18773,735
3,NORMA-21538,736
3,NORMA-15902,737
3,NORMA-1535,738
3,NORMA-211,739
3,NORMA-11735,740
3,NORMA-11715,741
3,NORMA-1024,742
3,NORMA-2089,743
3,NORMA-20211,744
3,NORMA-631,745
3,NORMA-838,746
3,NORMA-18799,747
3,NORMA-20433,748
3,NORMA-19174,749
3,NORMA-1035,750
3,NORMA-970,751
3,NORMA-15901,752
3,NORMA-658,753
3,NORMA-21248,754
3,NORMA-28584,755
3,NORMA-61,756
3,NORMA-923,757
3,NORMA-893,758
3,NORMA-15581,759
3,NORMA-21547,760
3,NORMA-19842,761
3,NORMA-2981,762
3,NORMA-18885,763
3,NORMA-15921,764
3,NORMA-6627,765
3,NORMA-21352,766
3,NORMA-1419,767
3,NORMA-1406,768
3,NORMA-6957,769
3,NORMA-19715,770
3,NORMA-854,771
3,NORMA-19221,772
3,NORMA-222,773
3,NORMA-729,774
3,NORMA-18208,775
3,NORMA-2395,776
3,NORMA-21228,777
3,NORMA-19965,778
3,NORMA-11607,779
3,NORMA-1471,780
3,NORMA-21052,781
3,NORMA-20220,782
3,NORMA-995,783
3,NORMA-209,784
3,NORMA-21239,785
3,NORMA-19170,786
3,NORMA-19564,787
3,NORMA-18542,788
3,NORMA-20263,789
3,NORMA-594,790
3,NORMA-18722,791
3,NORMA-34,792
3,NORMA-19009,793
3,NORMA-21242,794
3,NORMA-1250,795
3,NORMA-3001,796
3,NORMA-15603,797
3,NORMA-6084,798
3,NORMA-19056,799
3,NORMA-19883,800
3,NORMA-878,801
3,NORMA-19499,802
3,NORMA-2426,803
3,NORMA-558,804
3,NORMA-20448,805
3,NORMA-754,806
3,NORMA-27726,807
3,NORMA-27743,808
3,NORMA-28803,809
3,NORMA-27724,810
3,NORMA-27744,811
3,NORMA-20828,812
3,NORMA-21501,813
3,NORMA-24601,814
3,NORMA-21360,815
3,NORMA-1317,816
3,NORMA-21398,817
3,NORMA-819,818
3,NORMA-18681,819
3,NORMA-11731,820
3,NORMA-21215,821
3,NORMA-9881,822
3,NORMA-10279,823
3,NORMA-21359,824
3,NORMA-21744,825
3,NORMA-228,826
3,NORMA-781,827
3,NORMA-6813,828
3,NORMA-20797,829
3,NORMA-2519,830
3,NORMA-21364,831
3,NORMA-20813,832
3,NORMA-3638,833
3,NORMA-19417,834
3,NORMA-20929,835
3,NORMA-18385,836
3,NORMA-6183,837
3,NORMA-2432,838
3,NORMA-6344,839
3,NORMA-2485,840
3,NORMA-581,841
3,NORMA-1573,842
3,NORMA-15701,843
3,NORMA-15272,844
3,NORMA-7241,845
3,NORMA-18788,846
3,NORMA-3642,847
3,NORMA-7525,848
3,NORMA-19684,849
3,NORMA-21613,850
3,NORMA-20604,851
3,NORMA-15211,852
3,NORMA-2144,853
3,NORMA-18797,854
3,NORMA-15159,855
3,NORMA-2574,856
3,NORMA-314,857
3,NORMA-19808,858
3,NORMA-12060,859
3,NORMA-2183,860
3,NORMA-265,861
3,NORMA-20249,862
3,NORMA-1030,863
3,NORMA-21541,864
3,NORMA-21788,865
3,NORMA-9835,866
3,NORMA-12245,867
3,NORMA-19446,868
3,NORMA-13219,869
3,NORMA-1013,870
3,NORMA-1006,871
3,NORMA-12067,872
3,NORMA-11615,873
3,NORMA-21727,874
3,NORMA-20451,875
3,NORMA-19434,876
3,NORMA-21063,877
3,NORMA-19632,878
3,NORMA-21758,879
3,NORMA-15239,880
3,NORMA-8220,881
3,NORMA-6757,882
3,NORMA-19370,883
3,NORMA-21314,884
3,NORMA-18494,885
3,NORMA-21682,886
3,NORMA-20358,887
3,NORMA-18835,888
3,NORMA-21712,889
3,NORMA-21339,890
3,NORMA-903,891
3,NORMA-20065,892
3,NORMA-978,893
3,NORMA-21316,894
3,NORMA-14937,895
3,NORMA-21309,896
3,NORMA-21036,897
3,NORMA-12099,898
3,NORMA-54,899
3,NORMA-19383,900
3,NORMA-19164,901
3,NORMA-21158,902
3,NORMA-20851,903
3,NORMA-11759,904
3,NORMA-21746,905
3,NORMA-655,906
3,NORMA-18502,907
3,NORMA-20188,908
3,NORMA-18333,909
3,NORMA-19646,910
3,NORMA-21205,911
3,NORMA-19932,912
3,NORMA-1991,913
3,NORMA-1474,914
3,NORMA-18827,915
3,NORMA-31923,916
3,NORMA-2560,917
3,NORMA-21747,918
3,NORMA-28961,919
3,NORMA-21043,920
3,NORMA-20576,921
3,NORMA-18291,922
3,NORMA-16941,923
3,NORMA-863,924
3,NORMA-871,925
3,NORMA-7466,926
3,NORMA-21688,927
3,NORMA-1502,928
3,NORMA-21488,929
3,NORMA-20270,930
3,NORMA-20957,931
3,NORMA-1485,932
3,NORMA-1365,933
3,NORMA-535,934
3,NORMA-412,935
3,NORMA-21046,936
3,NORMA-7988,937
3,NORMA-21227,938
3,NORMA-20920,939
3,NORMA-741,940
3,NORMA-18837,941
3,NORMA-4588,942
3,NORMA-20949,943
3,NORMA-18332,944
3,NORMA-7892,945
3,NORMA-21298,946
3,NORMA-19121,947
3,NORMA-278,948
3,NORMA-19462,949
3,NORMA-18237,950
3,NORMA-29201,951
3,NORMA-21300,952
3,NORMA-20193,953
3,NORMA-1447,954
3,NORMA-21784,955
3,NORMA-19919,956
3,NORMA-20304,957
3,NORMA-711,958
3,NORMA-20560,959
3,NORMA-2093,960
3,NORMA-573,961
3,NORMA-18648,962
3,NORMA-20870,963
3,NORMA-19245,964
3,NORMA-20572,965
3,NORMA-28262,966
3,NORMA-28183,967
3,NORMA-28164,968
3,NORMA-28261,969
3,NORMA-28163,970
3,NORMA-18630,971
3,NORMA-21105,972
3,NORMA-21326,973
3,NORMA-20603,974
3,NORMA-20573,975
3,NORMA-19444,976
3,NORMA-576,977
3,NORMA-20842,978
3,NORMA-92,979
3,NORMA-570,980
3,NORMA-19955,981
3,NORMA-646,982
3,NORMA-19903,983
3,NORMA-20402,984
3,NORMA-21527,985
3,NORMA-25862,986
3,NORMA-6673,987
3,NORMA-18511,988
3,NORMA-19171,989
3,NORMA-11734,990
3,NORMA-567,991
3,NORMA-20251,992
3,NORMA-666,993
3,NORMA-19033,994
3,NORMA-865,995
3,NORMA-21172,996
3,NORMA-966,997
3,NORMA-14459,998
3,NORMA-18901,999
3,NORMA-1033,1000
4,NORMA-18668,1
4,NORMA-21065,2
4,NORMA-21361,3
4,NORMA-18653,4
4,NORMA-13298,5
4,NORMA-6253,6
4,NORMA-21638,7
4,NORMA-19629,8
4,NORMA-18769,9
4,NORMA-19583,10
4,NORMA-19515,11
4,NORMA-3503,12
4,NORMA-19942,13
4,NORMA-8028,14
4,NORMA-18748,15
4,NORMA-6948,16
4,NORMA-11664,17
4,NORMA-20474,18
4,NORMA-18243,19
4,NORMA-21269,20
4,NORMA-18648,21
4,NORMA-19021,22
4,NORMA-20730,23
4,NORMA-20473,24
4,NORMA-19181,25
4,NORMA-21575,26
4,NORMA-19574,27
4,NORMA-20058,28
4,NORMA-19729,29
4,NORMA-20468,30
4,NORMA-13797,31
4,NORMA-19429,32
4,NORMA-19546,33
4,NORMA-19081,34
4,NORMA-18286,35
4,NORMA-18545,36
4,NORMA-20465,37
4,NORMA-20704,38
4,NORMA-19689,39
4,NORMA-6184,40
4,NORMA-6685,41
4,NORMA-21521,42
4,NORMA-19431,43
4,NORMA-21131,44
4,NORMA-18219,45
4,NORMA-21217,46
4,NORMA-18391,47
4,NORMA-19691,48
4,NORMA-22561,49
4,NORMA-18654,50
4,NORMA-19526,51
4,NORMA-20223,52
4,NORMA-19969,53
4,NORMA-18915,54
4,NORMA-21390,55
4,NORMA-18434,56
4,NORMA-21431,57
4,NORMA-18427,58
4,NORMA-21461,59
4,NORMA-19436,60
4,NORMA-20402,61
4,NORMA-21135,62
4,NORMA-21634,63
4,NORMA-29003,64
4,NORMA-18870,65
4,NORMA-19095,66
4,NORMA-9834,67
4,NORMA-21659,68
4,NORMA-20790,69
4,NORMA-18835,70
4,NORMA-21064,71
4,NORMA-19329,72
4,NORMA-21649,73
4,NORMA-21279,74
4,NORMA-25902,75
4,NORMA-27221,76
4,NORMA-21149,77
4,NORMA-6957,78
4,NORMA-18492,79
4,NORMA-28203,80
4,NORMA-26881,81
4,NORMA-21562,82
4,NORMA-21241,83
4,NORMA-18211,84
4,NORMA-2158,85
4,NORMA-18502,86
4,NORMA-21126,87
4,NORMA-21792,88
4,NORMA-19245,89
4,NORMA-19518,90
4,NORMA-20072,91
4,NORMA-18682,92
4,NORMA-19416,93
4,NORMA-21367,94
4,NORMA-11527,95
4,NORMA-18405,96
4,NORMA-9724,97
4,NORMA-19667,98
4,NORMA-19909,99
4,NORMA-6022,100
4,NORMA-21788,101
4,NORMA-14967,102
4,NORMA-11474,103
4,NORMA-21404,104
4,NORMA-6140,105
4,NORMA-19138,106
4,NORMA-7113,107
4,NORMA-21606,108
4,NORMA-8435,109
4,NORMA-19704,110
4,NORMA-11655,111
4,NORMA-14239,112
4,NORMA-6679,113
4,NORMA-15237,114
4,NORMA-20134,115
4,NORMA-18734,116
4,NORMA-6627,117
4,NORMA-18436,118
4,NORMA-3966,119
4,NORMA-21519,120
4,NORMA-20371,121
4,NORMA-20796,122
4,NORMA-20754,123
4,NORMA-19221,124
4,NORMA-19155,125
4,NORMA-20186,126
4,NORMA-18450,127
4,NORMA-18554,128
4,NORMA-20705,129
4,NORMA-20995,130
4,NORMA-21676,131
4,NORMA-21608,132
4,NORMA-11814,133
4,NORMA-21526,134
4,NORMA-21698,135
4,NORMA-18793,136
4,NORMA-20865,137
4,NORMA-20460,138
4,NORMA-18916,139
4,NORMA-21402,140
4,NORMA-15211,141
4,NORMA-20168,142
4,NORMA-15802,143
4,NORMA-21509,144
4,NORMA-18411,145
4,NORMA-18418,146
4,NORMA-18451,147
4,NORMA-21663,148
4,NORMA-18531,149
4,NORMA-21710,150
4,NORMA-21666,151
4,NORMA-12066,152
4,NORMA-21113,153
4,NORMA-20098,154
4,NORMA-20349,155
4,NORMA-19330,156
4,NORMA-21086,157
4,NORMA-18796,158
4,NORMA-21547,159
4,NORMA-21305,160
4,NORMA-19240,161
4,NORMA-20997,162
4,NORMA-18697,163
4,NORMA-23341,164
4,NORMA-19682,165
4,NORMA-12029,166
4,NORMA-19223,167
4,NORMA-20295,168
4,NORMA-9382,169
4,NORMA-21203,170
4,NORMA-19437,171
4,NORMA-11764,172
4,NORMA-11479,173
4,NORMA-19746,174
4,NORMA-20989,175
4,NORMA-19212,176
4,NORMA-18838,177
4,NORMA-19092,178
4,NORMA-15229,179
4,NORMA-19124,180
4,NORMA-21028,181
4,NORMA-19387,182
4,NORMA-12067,183
4,NORMA-20880,184
4,NORMA-20359,185
4,NORMA-21012,186
4,NORMA-18762,187
4,NORMA-20222,188
4,NORMA-21267,189
4,NORMA-4275,190
4,NORMA-18767,191
4,NORMA-18430,192
4,NORMA-21073,193
4,NORMA-20480,194
4,NORMA-19152,195
4,NORMA-20205,196
4,NORMA-20397,197
4,NORMA-2269,198
4,NORMA-18780,199
4,NORMA-6758,200
4,NORMA-18221,201
4,NORMA-21690,202
4,NORMA-21768,203
4,NORMA-21017,204
4,NORMA-21344,205
4,NORMA-21609,206
4,NORMA-19553,207
4,NORMA-18801,208
4,NORMA-20941,209
4,NORMA-11715,210
4,NORMA-21784,211
4,NORMA-21409,212
4,NORMA-19110,213
4,NORMA-21286,214
4,NORMA-21137,215
4,NORMA-19620,216
4,NORMA-13323,217
4,NORMA-11469,218
4,NORMA-27761,219
4,NORMA-21239,220
4,NORMA-6185,221
4,NORMA-18528,222
4,NORMA-23521,223
4,NORMA-11763,224
4,NORMA-14937,225
4,NORMA-20870,226
4,NORMA-20962,227
4,NORMA-21678,228
4,NORMA-26701,229
4,NORMA-21004,230
4,NORMA-21651,231
4,NORMA-18479,232
4,NORMA-21537,233
4,NORMA-20240,234
4,NORMA-21626,235
4,NORMA-20729,236
4,NORMA-20702,237
4,NORMA-19727,238
4,NORMA-18934,239
4,NORMA-21249,240
4,NORMA-2517,241
4,NORMA-19174,242
4,NORMA-6970,243
4,NORMA-18420,244
4,NORMA-18205,245
4,NORMA-21554,246
4,NORMA-17201,247
4,NORMA-19351,248
4,NORMA-6629,249
4,NORMA-20376,250
4,NORMA-20137,251
4,NORMA-19542,252
4,NORMA-19183,253
4,NORMA-20632,254
4,NORMA-18709,255
4,NORMA-19408,256
4,NORMA-11756,257
4,NORMA-19039,258
4,NORMA-18626,259
4,NORMA-16403,260
4,NORMA-18670,261
4,NORMA-18972,262
4,NORMA-21550,263
4,NORMA-13158,264
4,NORMA-6783,265
4,NORMA-5626,266
4,NORMA-16481,267
4,NORMA-19609,268
4,NORMA-20713,269
4,NORMA-20890,270
4,NORMA-18302,271
4,NORMA-19096,272
4,NORMA-21595,273
4,NORMA-21157,274
4,NORMA-6084,275
4,NORMA-20278,276
4,NORMA-12060,277
4,NORMA-19658,278
4,NORMA-19003,279
4,NORMA-7222,280
4,NORMA-21459,281
4,NORMA-20712,282
4,NORMA-28981,283
4,NORMA-7386,284
4,NORMA-18859,285
4,NORMA-20172,286
4,NORMA-11570,287
4,NORMA-19459,288
4,NORMA-20369,289
4,NORMA-21187,290
4,NORMA-18550,291
4,NORMA-21159,292
4,NORMA-21783,293
4,NORMA-9803,294
4,NORMA-21228,295
4,NORMA-20300,296
4,NORMA-21776,297
4,NORMA-11316,298
4,NORMA-7225,299
4,NORMA-20915,300
4,NORMA-21026,301
4,NORMA-13469,302
4,NORMA-20090,303
4,NORMA-18463,304
4,NORMA-18401,305
4,NORMA-18294,306
4,NORMA-18303,307
4,NORMA-7110,308
4,NORMA-21499,309
4,NORMA-29005,310
4,NORMA-21523,311
4,NORMA-21114,312
4,NORMA-18954,313
4,NORMA-23501,314
4,NORMA-21205,315
4,NORMA-6752,316
4,NORMA-20557,317
4,NORMA-21669,318
4,NORMA-18574,319
4,NORMA-18414,320
4,NORMA-18825,321
4,NORMA-20616,322
4,NORMA-16202,323
4,NORMA-21005,324
4,NORMA-12657,325
4,NORMA-18772,326
4,NORMA-4909,327
4,NORMA-13402,328
4,NORMA-11665,329
4,NORMA-21328,330
4,NORMA-6880,331
4,NORMA-21637,332
4,NORMA-21387,333
4,NORMA-19927,334
4,NORMA-570,335
4,NORMA-19520,336
4,NORMA-19650,337
4,NORMA-18239,338
4,NORMA-4711,339
4,NORMA-18724,340
4,NORMA-18781,341
4,NORMA-18804,342
4,NORMA-19292,343
4,NORMA-4075,344
4,NORMA-21389,345
4,NORMA-19715,346
4,NORMA-11601,347
4,NORMA-18439,348
4,NORMA-18730,349
4,NORMA-1485,350
4,NORMA-1365,351
4,NORMA-15561,352
4,NORMA-18446,353
4,NORMA-21398,354
4,NORMA-21717,355
4,NORMA-19454,356
4,NORMA-21507,357
4,NORMA-19582,358
4,NORMA-20065,359
4,NORMA-6318,360
4,NORMA-15339,361
4,NORMA-20139,362
4,NORMA-18939,363
4,NORMA-20482,364
4,NORMA-11577,365
4,NORMA-18529,366
4,NORMA-15239,367
4,NORMA-19939,368
4,NORMA-11578,369
4,NORMA-13470,370
4,NORMA-13918,371
4,NORMA-27044,372
4,NORMA-2536,373
4,NORMA-19303,374
4,NORMA-14688,375
4,NORMA-18356,376
4,NORMA-18314,377
4,NORMA-19249,378
4,NORMA-6676,379
4,NORMA-21356,380
4,NORMA-19750,381
4,NORMA-23361,382
4,NORMA-6720,383
4,NORMA-19621,384
4,NORMA-20073,385
4,NORMA-21419,386
4,NORMA-3001,387
4,NORMA-20425,388
4,NORMA-20432,389
4,NORMA-5586,390
4,NORMA-19751,391
4,NORMA-20993,392
4,NORMA-7012,393
4,NORMA-20602,394
4,NORMA-21774,395
4,NORMA-18298,396
4,NORMA-18691,397
4,NORMA-11734,398
4,NORMA-18967,399
4,NORMA-20182,400
4,NORMA-11606,401
4,NORMA-20407,402
4,NORMA-21729,403
4,NORMA-21260,404
4,NORMA-18858,405
4,NORMA-21107,406
4,NORMA-20398,407
4,NORMA-18379,408
4,NORMA-11564,409
4,NORMA-20366,410
4,NORMA-19192,411
4,NORMA-30043,412
4,NORMA-20630,413
4,NORMA-21624,414
4,NORMA-21631,415
4,NORMA-7011,416
4,NORMA-6819,417
4,NORMA-21023,418
4,NORMA-19643,419
4,NORMA-19005,420
4,NORMA-6820,421
4,NORMA-11600,422
4,NORMA-21386,423
4,NORMA-19940,424
4,NORMA-18208,425
4,NORMA-19391,426
4,NORMA-21705,427
4,NORMA-18238,428
4,NORMA-12038,429
4,NORMA-11572,430
4,NORMA-19512,431
4,NORMA-21371,432
4,NORMA-6623,433
4,NORMA-2413,434
4,NORMA-21220,435
4,NORMA-15603,436
4,NORMA-18291,437
4,NORMA-20188,438
4,NORMA-3241,439
4,NORMA-11758,440
4,NORMA-9835,441
4,NORMA-20249,442
4,NORMA-21756,443
4,NORMA-11473,444
4,NORMA-10629,445
4,NORMA-9893,446
4,NORMA-18511,447
4,NORMA-20443,448
4,NORMA-19842,449
4,NORMA-18591,450
4,NORMA-31923,451
4,NORMA-19919,452
4,NORMA-7028,453
4,NORMA-21420,454
4,NORMA-19581,455
4,NORMA-19384,456
4,NORMA-20422,457
4,NORMA-21553,458
4,NORMA-21418,459
4,NORMA-20235,460
4,NORMA-19477,461
4,NORMA-21238,462
4,NORMA-6595,463
4,NORMA-20501,464
4,NORMA-18345,465
4,NORMA-13594,466
4,NORMA-18394,467
4,NORMA-19337,468
4,NORMA-4277,469
4,NORMA-11757,470
4,NORMA-20444,471
4,NORMA-6851,472
4,NORMA-21196,473
4,NORMA-21369,474
4,NORMA-14652,475
4,NORMA-20068,476
4,NORMA-18432,477
4,NORMA-18265,478
4,NORMA-20217,479
4,NORMA-3181,480
4,NORMA-21443,481
4,NORMA-19503,482
4,NORMA-21252,483
4,NORMA-18981,484
4,NORMA-21437,485
4,NORMA-11798,486
4,NORMA-19225,487
4,NORMA-19930,488
4,NORMA-7027,489
4,NORMA-20169,490
4,NORMA-8027,491
4,NORMA-20037,492
4,NORMA-7384,493
4,NORMA-11722,494
4,NORMA-20854,495
4,NORMA-20171,496
4,NORMA-18685,497
4,NORMA-20569,498
4,NORMA-6881,499
4,NORMA-6701,500
4,NORMA-21474,501
4,NORMA-18386,502
4,NORMA-21695,503
4,NORMA-1608,504
4,NORMA-6643,505
4,NORMA-11567,506
4,NORMA-18248,507
4,NORMA-18276,508
4,NORMA-19606,509
4,NORMA-18474,510
4,NORMA-20597,511
4,NORMA-20202,512
4,NORMA-21063,513
4,NORMA-20201,514
4,NORMA-19646,515
4,NORMA-19295,516
4,NORMA-21650,517
4,NORMA-9481,518
4,NORMA-11472,519
4,NORMA-11731,520
4,NORMA-6256,521
4,NORMA-20490,522
4,NORMA-21484,523
4,NORMA-20992,524
4,NORMA-20055,525
4,NORMA-13345,526
4,NORMA-22721,527
4,NORMA-21185,528
4,NORMA-19256,529
4,NORMA-14850,530
4,NORMA-13174,531
4,NORMA-20135,532
4,NORMA-20220,533
4,NORMA-11571,534
4,NORMA-21477,535
4,NORMA-20197,536
4,NORMA-18595,537
4,NORMA-18350,538
4,NORMA-11086,539
4,NORMA-18638,540
4,NORMA-21178,541
4,NORMA-18747,542
4,NORMA-11680,543
4,NORMA-995,544
4,NORMA-20452,545
4,NORMA-20869,546
4,NORMA-18368,547
4,NORMA-19977,548
4,NORMA-13552,549
4,NORMA-21787,550
4,NORMA-20129,551
4,NORMA-21739,552
4,NORMA-18342,553
4,NORMA-21002,554
4,NORMA-6895,555
4,NORMA-18690,556
4,NORMA-11476,557
4,NORMA-20102,558
4,NORMA-18266,559
4,NORMA-14302,560
4,NORMA-20817,561
4,NORMA-9147,562
4,NORMA-11516,563
4,NORMA-3642,564
4,NORMA-20643,565
4,NORMA-19605,566
4,NORMA-10029,567
4,NORMA-19593,568
4,NORMA-14390,569
4,NORMA-21506,570
4,NORMA-18989,571
4,NORMA-20990,572
4,NORMA-6698,573
4,NORMA-21496,574
4,NORMA-31903,575
4,NORMA-20263,576
4,NORMA-10309,577
4,NORMA-18378,578
4,NORMA-10375,579
4,NORMA-631,580
4,NORMA-20199,581
4,NORMA-20703,582
4,NORMA-21417,583
4,NORMA-20196,584
4,NORMA-20428,585
4,NORMA-19845,586
4,NORMA-20922,587
4,NORMA-21408,588
4,NORMA-7015,589
4,NORMA-19448,590
4,NORMA-7326,591
4,NORMA-7351,592
4,NORMA-20138,593
4,NORMA-13029,594
4,NORMA-20561,595
4,NORMA-20583,596
4,NORMA-11667,597
4,NORMA-11720,598
4,NORMA-11300,599
4,NORMA-1740,600
4,NORMA-19777,601
4,NORMA-20907,602
4,NORMA-11602,603
4,NORMA-19275,604
4,NORMA-20210,605
4,NORMA-19573,606
4,NORMA-11721,607
4,NORMA-18237,608
4,NORMA-12102,609
4,NORMA-21071,610
4,NORMA-21008,611
4,NORMA-20622,612
4,NORMA-11733,613
4,NORMA-18201,614
4,NORMA-19883,615
4,NORMA-20121,616
4,NORMA-970,617
4,NORMA-10200,618
4,NORMA-11762,619
4,NORMA-1471,620
4,NORMA-8458,621
4,NORMA-1419,622
4,NORMA-12415,623
4,NORMA-12923,624
4,NORMA-13124,625
4,NORMA-1567,626
4,NORMA-13308,627
4,NORMA-11716,628
4,NORMA-7953,629
4,NORMA-20488,630
4,NORMA-20064,631
4,NORMA-19061,632
4,NORMA-11674,633
4,NORMA-20708,634
4,NORMA-20221,635
4,NORMA-20092,636
4,NORMA-19571,637
4,NORMA-20157,638
4,NORMA-19078,639
4,NORMA-20503,640
4,NORMA-19426,641
4,NORMA-658,642
4,NORMA-10119,643
4,NORMA-18673,644
4,NORMA-21224,645
4,NORMA-883,646
4,NORMA-19467,647
4,NORMA-20389,648
4,NORMA-14746,649
4,NORMA-18886,650
4,NORMA-5421,651
4,NORMA-20901,652
4,NORMA-19925,653
4,NORMA-27364,654
4,NORMA-20762,655
4,NORMA-6955,656
4,NORMA-21147,657
4,NORMA-6636,658
4,NORMA-21211,659
4,NORMA-20840,660
4,NORMA-20582,661
4,NORMA-778,662
4,NORMA-4091,663
4,NORMA-12048,664
4,NORMA-20241,665
4,NORMA-21253,666
4,NORMA-4710,667
4,NORMA-18933,668
4,NORMA-19972,669
4,NORMA-18270,670
4,NORMA-21150,671
4,NORMA-21744,672
4,NORMA-10531,673
4,NORMA-25523,674
4,NORMA-11766,675
4,NORMA-22862,676
4,NORMA-18656,677
4,NORMA-11603,678
4,NORMA-1035,679
4,NORMA-26102,680
4,NORMA-11669,681
4,NORMA-28362,682
4,NORMA-18407,683
4,NORMA-11864,684
4,NORMA-11559,685
4,NORMA-21184,686
4,NORMA-20027,687
4,NORMA-11558,688
4,NORMA-21497,689
4,NORMA-19961,690
4,NORMA-21599,691
4,NORMA-11477,692
4,NORMA-20797,693
4,NORMA-19442,694
4,NORMA-20238,695
4,NORMA-19705,696
4,NORMA-11520,697
4,NORMA-20811,698
4,NORMA-11761,699
4,NORMA-19028,700
4,NORMA-20477,701
4,NORMA-22941,702
4,NORMA-11523,703
4,NORMA-6199,704
4,NORMA-11563,705
4,NORMA-11575,706
4,NORMA-595,707
4,NORMA-11670,708
4,NORMA-11522,709
4,NORMA-11666,710
4,NORMA-11717,711
4,NORMA-21630,712
4,NORMA-19417,713
4,NORMA-20894,714
4,NORMA-18307,715
4,NORMA-11672,716
4,NORMA-11561,717
4,NORMA-19499,718
4,NORMA-11562,719
4,NORMA-11517,720
4,NORMA-11719,721
4,NORMA-6954,722
4,NORMA-20888,723
4,NORMA-11663,724
4,NORMA-20727,725
4,NORMA-20056,726
4,NORMA-11524,727
4,NORMA-19440,728
4,NORMA-11673,729
4,NORMA-18206,730
4,NORMA-19590,731
4,NORMA-21151,732
4,NORMA-19983,733
4,NORMA-19822,734
4,NORMA-20209,735
4,NORMA-21515,736
4,NORMA-11671,737
4,NORMA-19859,738
4,NORMA-11574,739
4,NORMA-20565,740
4,NORMA-11560,741
4,NORMA-11556,742
4,NORMA-20208,743
4,NORMA-4830,744
4,NORMA-11627,745
4,NORMA-11597,746
4,NORMA-18999,747
4,NORMA-19603,748
4,NORMA-11519,749
4,NORMA-20382,750
4,NORMA-21444,751
4,NORMA-11604,752
4,NORMA-20448,753
4,NORMA-20190,754
4,NORMA-27045,755
4,NORMA-4746,756
4,NORMA-19128,757
4,NORMA-7149,758
4,NORMA-20206,759
4,NORMA-18562,760
4,NORMA-11526,761
4,NORMA-19051,762
4,NORMA-18339,763
4,NORMA-21544,764
4,NORMA-15396,765
4,NORMA-12613,766
4,NORMA-5360,767
4,NORMA-23222,768
4,NORMA-10116,769
4,NORMA-13789,770
4,NORMA-36,771
4,NORMA-27365,772
4,NORMA-11085,773
4,NORMA-8205,774
4,NORMA-588,775
4,NORMA-587,776
4,NORMA-5496,777
4,NORMA-19740,778
4,NORMA-14294,779
4,NORMA-20374,780
4,NORMA-61,781
4,NORMA-20299,782
4,NORMA-20316,783
4,NORMA-20253,784
4,NORMA-20763,785
4,NORMA-11518,786
4,NORMA-13476,787
4,NORMA-21767,788
4,NORMA-11718,789
4,NORMA-20423,790
4,NORMA-11565,791
4,NORMA-6755,792
4,NORMA-21538,793
4,NORMA-6968,794
4,NORMA-21291,795
4,NORMA-11566,796
4,NORMA-21225,797
4,NORMA-20082,798
4,NORMA-21299,799
4,NORMA-20194,800
4,NORMA-20183,801
4,NORMA-21245,802
4,NORMA-20950,803
4,NORMA-20176,804
4,NORMA-18631,805
4,NORMA-20166,806
4,NORMA-11723,807
4,NORMA-21156,808
4,NORMA-20917,809
4,NORMA-20192,810
4,NORMA-20429,811
4,NORMA-4396,812
4,NORMA-19782,813
4,NORMA-20144,814
4,NORMA-20960,815
4,NORMA-20239,816
4,NORMA-11609,817
4,NORMA-18605,818
4,NORMA-18293,819
4,NORMA-24661,820
4,NORMA-19749,821
4,NORMA-18306,822
4,NORMA-602,823
4,NORMA-19871,824
4,NORMA-18797,825
4,NORMA-20911,826
4,NORMA-20566,827
4,NORMA-21470,828
4,NORMA-12649,829
4,NORMA-21093,830
4,NORMA-19980,831
4,NORMA-19979,832
4,NORMA-20736,833
4,NORMA-9871,834
4,NORMA-10044,835
4,NORMA-21020,836
4,NORMA-854,837
4,NORMA-18548,838
4,NORMA-3281,839
4,NORMA-19904,840
4,NORMA-7241,841
4,NORMA-6316,842
4,NORMA-19798,843
4,NORMA-6181,844
4,NORMA-3571,845
4,NORMA-21312,846
4,NORMA-18549,847
4,NORMA-20265,848
4,NORMA-19639,849
4,NORMA-20476,850
4,NORMA-19841,851
4,NORMA-20505,852
4,NORMA-20302,853
4,NORMA-18217,854
4,NORMA-6176,855
4,NORMA-21139,856
4,NORMA-20304,857
4,NORMA-6630,858
4,NORMA-19730,859
4,NORMA-10708,860
4,NORMA-13990,861
4,NORMA-13514,862
4,NORMA-25621,863
4,NORMA-18646,864
4,NORMA-20936,865
4,NORMA-13610,866
4,NORMA-20437,867
4,NORMA-18539,868
4,NORMA-21207,869
4,NORMA-2981,870
4,NORMA-20191,871
4,NORMA-11226,872
4,NORMA-20453,873
4,NORMA-20841,874
4,NORMA-2470,875
4,NORMA-11714,876
4,NORMA-6967,877
4,NORMA-20778,878
4,NORMA-19588,879
4,NORMA-646,880
4,NORMA-18204,881
4,NORMA-23441,882
4,NORMA-19903,883
4,NORMA-20077,884
4,NORMA-19770,885
4,NORMA-20521,886
4,NORMA-3577,887
4,NORMA-20060,888
4,NORMA-21621,889
4,NORMA-1138,890
4,NORMA-12245,891
4,NORMA-19014,892
4,NORMA-21790,893
4,NORMA-6736,894
4,NORMA-13795,895
4,NORMA-18537,896
4,NORMA-18212,897
4,NORMA-21247,898
4,NORMA-4786,899
4,NORMA-20912,900
4,NORMA-21564,901
4,NORMA-6669,902
4,NORMA-18530,903
4,NORMA-18215,904
4,NORMA-12739,905
4,NORMA-20690,906
4,NORMA-18974,907
4,NORMA-12020,908
4,NORMA-9823,909
4,NORMA-21343,910
4,NORMA-20108,911
4,NORMA-18802,912
4,NORMA-19637,913
4,NORMA-21273,914
4,NORMA-12043,915
4,NORMA-21357,916
4,NORMA-20096,917
4,NORMA-8522,918
4,NORMA-21186,919
4,NORMA-21384,920
4,NORMA-17321,921
4,NORMA-20179,922
4,NORMA-20187,923
4,NORMA-7381,924
4,NORMA-20633,925
4,NORMA-18980,926
4,NORMA-11598,927
4,NORMA-21388,928
4,NORMA-11771,929
4,NORMA-21697,930
4,NORMA-20914,931
4,NORMA-19737,932
4,NORMA-6782,933
4,NORMA-21278,934
4,NORMA-6708,935
4,NORMA-21309,936
4,NORMA-18720,937
4,NORMA-18225,938
4,NORMA-20891,939
4,NORMA-18839,940
4,NORMA-20564,941
4,NORMA-18409,942
4,NORMA-2399,943
4,NORMA-21197,944
4,NORMA-21236,945
4,NORMA-21359,946
4,NORMA-20198,947
4,NORMA-19724,948
4,NORMA-18788,949
4,NORMA-19785,950
4,NORMA-11780,951
4,NORMA-19874,952
4,NORMA-19182,953
4,NORMA-6655,954
4,NORMA-2563,955
4,NORMA-21232,956
4,NORMA-14263,957
4,NORMA-27342,958
4,NORMA-20902,959
4,NORMA-19056,960
4,NORMA-21747,961
4,NORMA-19644,962
4,NORMA-21192,963
4,NORMA-28422,964
4,NORMA-938,965
4,NORMA-19378,966
4,NORMA-21122,967
4,NORMA-20336,968
4,NORMA-19768,969
4,NORMA-11631,970
4,NORMA-19655,971
4,NORMA-20694,972
4,NORMA-6702,973
4,NORMA-21170,974
4,NORMA-11770,975
4,NORMA-20421,976
4,NORMA-18958,977
4,NORMA-22061,978
4,NORMA-18462,979
4,NORMA-21264,980
4,NORMA-21791,981
4,NORMA-11614,982
4,NORMA-21413,983
4,NORMA-20028,984
4,NORMA-21524,985
4,NORMA-21746,986
4,NORMA-21141,987
4,NORMA-19947,988
4,NORMA-19444,989
4,NORMA-18822,990
4,NORMA-21757,991
4,NORMA-19830,992
4,NORMA-20128,993
4,NORMA-21276,994
4,NORMA-53,995
4,NORMA-21174,996
4,NORMA-20845,997
4,NORMA-19799,998
4,NORMA-19933,999
4,NORMA-20692,1000
5,NORMA-19295,1
5,NORMA-18270,2
5,NORMA-18807,3
5,NORMA-18386,4
5,NORMA-21606,5
5,NORMA-18418,6
5,NORMA-21369,7
5,NORMA-18697,8
5,NORMA-20389,9
5,NORMA-20630,10
5,NORMA-6268,11
5,NORMA-8814,12
5,NORMA-18802,13
5,NORMA-20407,14
5,NORMA-20398,15
5,NORMA-19330,16
5,NORMA-18450,17
5,NORMA-5586,18
5,NORMA-20376,19
5,NORMA-5626,20
5,NORMA-20382,21
5,NORMA-21547,22
5,NORMA-19784,23
5,NORMA-21608,24
5,NORMA-21352,25
5,NORMA-18952,26
5,NORMA-6488,27
5,NORMA-7390,28
5,NORMA-21286,29
5,NORMA-20444,30
5,NORMA-27610,31
5,NORMA-3942,32
5,NORMA-21363,33
5,NORMA-21537,34
5,NORMA-10749,35
5,NORMA-7392,36
5,NORMA-21734,37
5,NORMA-19553,38
5,NORMA-12067,39
5,NORMA-21778,40
5,NORMA-19351,41
5,NORMA-22861,42
5,NORMA-18445,43
5,NORMA-18722,44
5,NORMA-19192,45
5,NORMA-21678,46
5,NORMA-21526,47
5,NORMA-21272,48
5,NORMA-19642,49
5,NORMA-21562,50
5,NORMA-21554,51
5,NORMA-20405,52
5,NORMA-20388,53
5,NORMA-20396,54
5,NORMA-4318,55
5,NORMA-21444,56
5,NORMA-684,57
5,NORMA-20603,58
5,NORMA-5252,59
5,NORMA-3571,60
5,NORMA-19061,61
5,NORMA-18255,62
5,NORMA-20225,63
5,NORMA-20488,64
5,NORMA-27062,65
5,NORMA-4182,66
5,NORMA-21185,67
5,NORMA-4711,68
5,NORMA-20968,69
5,NORMA-4075,70
5,NORMA-18729,71
5,NORMA-21012,72
5,NORMA-19828,73
5,NORMA-4275,74
5,NORMA-27981,75
5,NORMA-19158,76
5,NORMA-20503,77
5,NORMA-20670,78
5,NORMA-21776,79
5,NORMA-11664,80
5,NORMA-20369,81
5,NORMA-18562,82
5,NORMA-20423,83
5,NORMA-20179,84
5,NORMA-18314,85
5,NORMA-6948,86
5,NORMA-19830,87
5,NORMA-6753,88
5,NORMA-20917,89
5,NORMA-27449,90
5,NORMA-6702,91
5,NORMA-20858,92
5,NORMA-27063,93
5,NORMA-21241,94
5,NORMA-8028,95
5,NORMA-20091,96
5,NORMA-19704,97
5,NORMA-20240,98
5,NORMA-31923,99
5,NORMA-21521,100
5,NORMA-21616,101
5,NORMA-14749,102
5,NORMA-20557,103
5,NORMA-4423,104
5,NORMA-21523,105
5,NORMA-21783,106
5,NORMA-27761,107
5,NORMA-21768,108
5,NORMA-20164,109
5,NORMA-19361,110
5,NORMA-21152,111
5,NORMA-21690,112
5,NORMA-11756,113
5,NORMA-21367,114
5,NORMA-20359,115
5,NORMA-4425,116
5,NORMA-30043,117
5,NORMA-21941,118
5,NORMA-12657,119
5,NORMA-20157,120
5,NORMA-21595,121
5,NORMA-18724,122
5,NORMA-18434,123
5,NORMA-20096,124
5,NORMA-7110,125
5,NORMA-6752,126
5,NORMA-20480,127
5,NORMA-18762,128
5,NORMA-22561,129
5,NORMA-19039,130
5,NORMA-25902,131
5,NORMA-21279,132
5,NORMA-20941,133
5,NORMA-9384,134
5,NORMA-20460,135
5,NORMA-19459,136
5,NORMA-21651,137
5,NORMA-20300,138
5,NORMA-21132,139
5,NORMA-20468,140
5,NORMA-11764,141
5,NORMA-11479,142
5,NORMA-11609,143
5,NORMA-18306,144
5,NORMA-21243,145
5,NORMA-6342,146
5,NORMA-21742,147
5,NORMA-21777,148
5,NORMA-24904,149
5,NORMA-21676,150
5,NORMA-21633,151
5,NORMA-18414,152
5,NORMA-20119,153
5,NORMA-11469,154
5,NORMA-4424,155
5,NORMA-19939,156
5,NORMA-11763,157
5,NORMA-21305,158
5,NORMA-18816,159
5,NORMA-20865,160
5,NORMA-19715,161
5,NORMA-21135,162
5,NORMA-21114,163
5,NORMA-19028,164
5,NORMA-18780,165
5,NORMA-11814,166
5,NORMA-27022,167
5,NORMA-20473,168
5,NORMA-18537,169
5,NORMA-19844,170
5,NORMA-21419,171
5,NORMA-20349,172
5,NORMA-19729,173
5,NORMA-6092,174
5,NORMA-6410,175
5,NORMA-18648,176
5,NORMA-6140,177
5,NORMA-7225,178
5,NORMA-6344,179
5,NORMA-19181,180
5,NORMA-7113,181
5,NORMA-6318,182
5,NORMA-8435,183
5,NORMA-18204,184
5,NORMA-15246,185
5,NORMA-9724,186
5,NORMA-12954,187
5,NORMA-20465,188
5,NORMA-12029,189
5,NORMA-20487,190
5,NORMA-9110,191
5,NORMA-7942,192
5,NORMA-20869,193
5,NORMA-9670,194
5,NORMA-21519,195
5,NORMA-20403,196
5,NORMA-20816,197
5,NORMA-20474,198
5,NORMA-16462,199
5,NORMA-14874,200
5,NORMA-21634,201
5,NORMA-4394,202
5,NORMA-6645,203
5,NORMA-13174,204
5,NORMA-5494,205
5,NORMA-18796,206
5,NORMA-6082,207
5,NORMA-4514,208
5,NORMA-28404,209
5,NORMA-28501,210
5,NORMA-28542,211
5,NORMA-27446,212
5,NORMA-29007,213
5,NORMA-27383,214
5,NORMA-19332,215
5,NORMA-19199,216
5,NORMA-19145,217
5,NORMA-27641,218
5,NORMA-26884,219
5,NORMA-19298,220
5,NORMA-20647,221
5,NORMA-29062,222
5,NORMA-7466,223
5,NORMA-27362,224
5,NORMA-29182,225
5,NORMA-21471,226
5,NORMA-21461,227
5,NORMA-20110,228
5,NORMA-27385,229
5,NORMA-27363,230
5,NORMA-13170,231
5,NORMA-27361,232
5,NORMA-18654,233
5,NORMA-20108,234
5,NORMA-21762,235
5,NORMA-20482,236
5,NORMA-21683,237
5,NORMA-20244,238
5,NORMA-772,239
5,NORMA-21684,240
5,NORMA-19021,241
5,NORMA-11733,242
5,NORMA-11477,243
5,NORMA-27366,244
5,NORMA-3577,245
5,NORMA-20490,246
5,NORMA-18574,247
5,NORMA-19081,248
5,NORMA-18682,249
5,NORMA-20995,250
5,NORMA-25964,251
5,NORMA-16202,252
5,NORMA-20558,253
5,NORMA-228,254
5,NORMA-6881,255
5,NORMA-20103,256
5,NORMA-6701,257
5,NORMA-802,258
5,NORMA-6643,259
5,NORMA-2089,260
5,NORMA-59,261
5,NORMA-660,262
5,NORMA-2013,263
5,NORMA-801,264
5,NORMA-2185,265
5,NORMA-835,266
5,NORMA-1611,267
5,NORMA-14345,268
5,NORMA-13995,269
5,NORMA-554,270
5,NORMA-14113,271
5,NORMA-20293,272
5,NORMA-18424,273
5,NORMA-6856,274
5,NORMA-15027,275
5,NORMA-18806,276
5,NORMA-938,277
5,NORMA-20374,278
5,NORMA-18394,279
5,NORMA-28281,280
5,NORMA-18827,281
5,NORMA-26881,282
5,NORMA-19245,283
5,NORMA-18303,284
5,NORMA-20854,285
5,NORMA-12113,286
5,NORMA-19329,287
5,NORMA-18801,288
5,NORMA-20316,289
5,NORMA-20366,290
5,NORMA-21735,291
5,NORMA-21263,292
5,NORMA-20401,293
5,NORMA-21502,294
5,NORMA-21399,295
5,NORMA-20386,296
5,NORMA-20397,297
5,NORMA-20394,298
5,NORMA-21604,299
5,NORMA-6022,300
5,NORMA-20392,301
5,NORMA-20356,302
5,NORMA-18818,303
5,NORMA-20754,304
5,NORMA-20205,305
5,NORMA-17281,306
5,NORMA-18604,307
5,NORMA-21457,308
5,NORMA-22001,309
5,NORMA-26887,310
5,NORMA-21756,311
5,NORMA-9792,312
5,NORMA-21459,313
5,NORMA-26102,314
5,NORMA-19529,315
5,NORMA-20949,316
5,NORMA-20210,317
5,NORMA-18730,318
5,NORMA-20983,319
5,NORMA-21312,320
5,NORMA-20569,321
5,NORMA-4141,322
5,NORMA-19925,323
5,NORMA-18605,324
5,NORMA-18709,325
5,NORMA-27221,326
5,NORMA-21278,327
5,NORMA-20087,328
5,NORMA-19859,329
5,NORMA-21717,330
5,NORMA-11901,331
5,NORMA-20196,332
5,NORMA-5421,333
5,NORMA-3573,334
5,NORMA-20936,335
5,NORMA-18284,336
5,NORMA-20977,337
5,NORMA-19871,338
5,NORMA-6629,339
5,NORMA-7250,340
5,NORMA-20437,341
5,NORMA-2375,342
5,NORMA-19969,343
5,NORMA-20989,344
5,NORMA-18430,345
5,NORMA-11505,346
5,NORMA-19643,347
5,NORMA-19303,348
5,NORMA-19080,349
5,NORMA-20302,350
5,NORMA-14974,351
5,NORMA-21786,352
5,NORMA-20452,353
5,NORMA-23027,354
5,NORMA-19845,355
5,NORMA-21505,356
5,NORMA-658,357
5,NORMA-20993,358
5,NORMA-21408,359
5,NORMA-4710,360
5,NORMA-20429,361
5,NORMA-15802,362
5,NORMA-21157,363
5,NORMA-21752,364
5,NORMA-19444,365
5,NORMA-19797,366
5,NORMA-20649,367
5,NORMA-6679,368
5,NORMA-24102,369
5,NORMA-20476,370
5,NORMA-21659,371
5,NORMA-20453,372
5,NORMA-20918,373
5,NORMA-19727,374
5,NORMA-20191,375
5,NORMA-20985,376
5,NORMA-19447,377
5,NORMA-22661,378
5,NORMA-13265,379
5,NORMA-19588,380
5,NORMA-12630,381
5,NORMA-6627,382
5,NORMA-20432,383
5,NORMA-19105,384
5,NORMA-15045,385
5,NORMA-13519,386
5,NORMA-18456,387
5,NORMA-23682,388
5,NORMA-19225,389
5,NORMA-14542,390
5,NORMA-21026,391
5,NORMA-20692,392
5,NORMA-13229,393
5,NORMA-20201,394
5,NORMA-13903,395
5,NORMA-18203,396
5,NORMA-15134,397
5,NORMA-6957,398
5,NORMA-2014,399
5,NORMA-14587,400
5,NORMA-19391,401
5,NORMA-18212,402
5,NORMA-20195,403
5,NORMA-6720,404
5,NORMA-6084,405
5,NORMA-20172,406
5,NORMA-20924,407
5,NORMA-1092,408
5,NORMA-18215,409
5,NORMA-21463,410
5,NORMA-20404,411
5,NORMA-18800,412
5,NORMA-20894,413
5,NORMA-21511,414
5,NORMA-20448,415
5,NORMA-18854,416
5,NORMA-21350,417
5,NORMA-10534,418
5,NORMA-21796,419
5,NORMA-18515,420
5,NORMA-4898,421
5,NORMA-21569,422
5,NORMA-10347,423
5,NORMA-18721,424
5,NORMA-21337,425
5,NORMA-25121,426
5,NORMA-20381,427
5,NORMA-21131,428
5,NORMA-20863,429
5,NORMA-20963,430
5,NORMA-23521,431
5,NORMA-10219,432
5,NORMA-3828,433
5,NORMA-7384,434
5,NORMA-4193,435
5,NORMA-20519,436
5,NORMA-18829,437
5,NORMA-9681,438
5,NORMA-20002,439
5,NORMA-9067,440
5,NORMA-20249,441
5,NORMA-18290,442
5,NORMA-19655,443
5,NORMA-5428,444
5,NORMA-2536,445
5,NORMA-4221,446
5,NORMA-7326,447
5,NORMA-7351,448
5,NORMA-21008,449
5,NORMA-21705,450
5,NORMA-13029,451
5,NORMA-9147,452
5,NORMA-11300,453
5,NORMA-19566,454
5,NORMA-18629,455
5,NORMA-19629,456
5,NORMA-10123,457
5,NORMA-14967,458
5,NORMA-21544,459
5,NORMA-19027,460
5,NORMA-10865,461
5,NORMA-9358,462
5,NORMA-10745,463
5,NORMA-18545,464
5,NORMA-10590,465
5,NORMA-4297,466
5,NORMA-19503,467
5,NORMA-19883,468
5,NORMA-19266,469
5,NORMA-18960,470
5,NORMA-20209,471
5,NORMA-19152,472
5,NORMA-19582,473
5,NORMA-20477,474
5,NORMA-18332,475
5,NORMA-18699,476
5,NORMA-21058,477
5,NORMA-21539,478
5,NORMA-19875,479
5,NORMA-21698,480
5,NORMA-18391,481
5,NORMA-19137,482
5,NORMA-20738,483
5,NORMA-19652,484
5,NORMA-11417,485
5,NORMA-20380,486
5,NORMA-20062,487
5,NORMA-18859,488
5,NORMA-21437,489
5,NORMA-21418,490
5,NORMA-20430,491
5,NORMA-18451,492
5,NORMA-19815,493
5,NORMA-3566,494
5,NORMA-18554,495
5,NORMA-21774,496
5,NORMA-3954,497
5,NORMA-21687,498
5,NORMA-20258,499
5,NORMA-6075,500
5,NORMA-21107,501
5,NORMA-20666,502
5,NORMA-19583,503
5,NORMA-616,504
5,NORMA-4820,505
5,NORMA-25621,506
5,NORMA-6555,507
5,NORMA-25682,508
5,NORMA-9238,509
5,NORMA-18423,510
5,NORMA-21111,511
5,NORMA-25541,512
5,NORMA-20435,513
5,NORMA-18701,514
5,NORMA-18245,515
5,NORMA-20696,516
5,NORMA-18961,517
5,NORMA-21005,518
5,NORMA-6126,519
5,NORMA-11734,520
5,NORMA-19182,521
5,NORMA-19945,522
5,NORMA-21787,523
5,NORMA-21755,524
5,NORMA-21751,525
5,NORMA-29301,526
5,NORMA-19407,527
5,NORMA-29283,528
5,NORMA-20194,529
5,NORMA-23061,530
5,NORMA-5431,531
5,NORMA-24501,532
5,NORMA-25721,533
5,NORMA-18942,534
5,NORMA-19639,535
5,NORMA-20443,536
5,NORMA-18286,537
5,NORMA-18405,538
5,NORMA-21121,539
5,NORMA-20737,540
5,NORMA-21073,541
5,NORMA-2413,542
5,NORMA-21149,543
5,NORMA-18845,544
5,NORMA-20402,545
5,NORMA-20395,546
5,NORMA-21666,547
5,NORMA-21071,548
5,NORMA-11474,549
5,NORMA-23862,550
5,NORMA-19733,551
5,NORMA-19420,552
5,NORMA-28203,553
5,NORMA-19972,554
5,NORMA-11527,555
5,NORMA-21113,556
5,NORMA-28586,557
5,NORMA-19110,558
5,NORMA-26,559
5,NORMA-21767,560
5,NORMA-21170,561
5,NORMA-22723,562
5,NORMA-20780,563
5,NORMA-20285,564
5,NORMA-21329,565
5,NORMA-19126,566
5,NORMA-19141,567
5,NORMA-8575,568
5,NORMA-20077,569
5,NORMA-20999,570
5,NORMA-20528,571
5,NORMA-21403,572
5,NORMA-25821,573
5,NORMA-19221,574
5,NORMA-20631,575
5,NORMA-20424,576
5,NORMA-21792,577
5,NORMA-18790,578
5,NORMA-19748,579
5,NORMA-20739,580
5,NORMA-6076,581
5,NORMA-5340,582
5,NORMA-6347,583
5,NORMA-20134,584
5,NORMA-6291,585
5,NORMA-19714,586
5,NORMA-5890,587
5,NORMA-4080,588
5,NORMA-21716,589
5,NORMA-4195,590
5,NORMA-20171,591
5,NORMA-15029,592
5,NORMA-15249,593
5,NORMA-14821,594
5,NORMA-9597,595
5,NORMA-8269,596
5,NORMA-6222,597
5,NORMA-4849,598
5,NORMA-20806,599
5,NORMA-25101,600
5,NORMA-9959,601
5,NORMA-3541,602
5,NORMA-20080,603
5,NORMA-12820,604
5,NORMA-19936,605
5,NORMA-5128,606
5,NORMA-8027,607
5,NORMA-19112,608
5,NORMA-20796,609
5,NORMA-20718,610
5,NORMA-6448,611
5,NORMA-20320,612
5,NORMA-18293,613
5,NORMA-21108,614
5,NORMA-20877,615
5,NORMA-20313,616
5,NORMA-14504,617
5,NORMA-21548,618
5,NORMA-24905,619
5,NORMA-5008,620
5,NORMA-631,621
5,NORMA-6514,622
5,NORMA-21184,623
5,NORMA-14262,624
5,NORMA-3472,625
5,NORMA-20060,626
5,NORMA-19423,627
5,NORMA-20323,628
5,NORMA-5536,629
5,NORMA-18439,630
5,NORMA-20032,631
5,NORMA-475,632
5,NORMA-20106,633
5,NORMA-19146,634
5,NORMA-477,635
5,NORMA-19183,636
5,NORMA-18900,637
5,NORMA-21007,638
5,NORMA-21609,639
5,NORMA-21002,640
5,NORMA-19620,641
5,NORMA-21082,642
5,NORMA-18884,643
5,NORMA-21623,644
5,NORMA-20151,645
5,NORMA-20914,646
5,NORMA-20371,647
5,NORMA-729,648
5,NORMA-19852,649
5,NORMA-18886,650
5,NORMA-20799,651
5,NORMA-21249,652
5,NORMA-11731,653
5,NORMA-20123,654
5,NORMA-11715,655
5,NORMA-20847,656
5,NORMA-18779,657
5,NORMA-18765,658
5,NORMA-2475,659
5,NORMA-21042,660
5,NORMA-19335,661
5,NORMA-18837,662
5,NORMA-18350,663
5,NORMA-13402,664
5,NORMA-18412,665
5,NORMA-20037,666
5,NORMA-20794,667
5,NORMA-19570,668
5,NORMA-7007,669
5,NORMA-2184,670
5,NORMA-19015,671
5,NORMA-21010,672
5,NORMA-21141,673
5,NORMA-18630,674
5,NORMA-21011,675
5,NORMA-21018,676
5,NORMA-19073,677
5,NORMA-19422,678
5,NORMA-21652,679
5,NORMA-18550,680
5,NORMA-21317,681
5,NORMA-21159,682
5,NORMA-20526,683
5,NORMA-19822,684
5,NORMA-25523,685
5,NORMA-18302,686
5,NORMA-19168,687
5,NORMA-18411,688
5,NORMA-19574,689
5,NORMA-19254,690
5,NORMA-21277,691
5,NORMA-20593,692
5,NORMA-20039,693
5,NORMA-21626,694
5,NORMA-21697,695
5,NORMA-19573,696
5,NORMA-15068,697
5,NORMA-19508,698
5,NORMA-14858,699
5,NORMA-21515,700
5,NORMA-19453,701
5,NORMA-13555,702
5,NORMA-19002,703
5,NORMA-21788,704
5,NORMA-19670,705
5,NORMA-21506,706
5,NORMA-19481,707
5,NORMA-3181,708
5,NORMA-6509,709
5,NORMA-6595,710
5,NORMA-20859,711
5,NORMA-21581,712
5,NORMA-11742,713
5,NORMA-19431,714
5,NORMA-18799,715
5,NORMA-7651,716
5,NORMA-18494,717
5,NORMA-27341,718
5,NORMA-12066,719
5,NORMA-21477,720
5,NORMA-27384,721
5,NORMA-4818,722
5,NORMA-24582,723
5,NORMA-19404,724
5,NORMA-4091,725
5,NORMA-19256,726
5,NORMA-19096,727
5,NORMA-19565,728
5,NORMA-11570,729
5,NORMA-18345,730
5,NORMA-18266,731
5,NORMA-19138,732
5,NORMA-18448,733
5,NORMA-19167,734
5,NORMA-21037,735
5,NORMA-20981,736
5,NORMA-18460,737
5,NORMA-20162,738
5,NORMA-18501,739
5,NORMA-18739,740
5,NORMA-21550,741
5,NORMA-18613,742
5,NORMA-18310,743
5,NORMA-18792,744
5,NORMA-21054,745
5,NORMA-20138,746
5,NORMA-18497,747
5,NORMA-19360,748
5,NORMA-19487,749
5,NORMA-18512,750
5,NORMA-2164,751
5,NORMA-18488,752
5,NORMA-19263,753
5,NORMA-19157,754
5,NORMA-21116,755
5,NORMA-18849,756
5,NORMA-4525,757
5,NORMA-20427,758
5,NORMA-19708,759
5,NORMA-20434,760
5,NORMA-9823,761
5,NORMA-18956,762
5,NORMA-18419,763
5,NORMA-19053,764
5,NORMA-13471,765
5,NORMA-14118,766
5,NORMA-21354,767
5,NORMA-19942,768
5,NORMA-20311,769
5,NORMA-20693,770
5,NORMA-21602,771
5,NORMA-21287,772
5,NORMA-6560,773
5,NORMA-21446,774
5,NORMA-25122,775
5,NORMA-14055,776
5,NORMA-20698,777
5,NORMA-21577,778
5,NORMA-21557,779
5,NORMA-20674,780
5,NORMA-12053,781
5,NORMA-20183,782
5,NORMA-14597,783
5,NORMA-20351,784
5,NORMA-21472,785
5,NORMA-18437,786
5,NORMA-20330,787
5,NORMA-25082,788
5,NORMA-20459,789
5,NORMA-19817,790
5,NORMA-20662,791
5,NORMA-20335,792
5,NORMA-18549,793
5,NORMA-9960,794
5,NORMA-5312,795
5,NORMA-8459,796
5,NORMA-20357,797
5,NORMA-18352,798
5,NORMA-20342,799
5,NORMA-29101,800
5,NORMA-21619,801
5,NORMA-19216,802
5,NORMA-19484,803
5,NORMA-9824,804
5,NORMA-9799,805
5,NORMA-21491,806
5,NORMA-24885,807
5,NORMA-18324,808
5,NORMA-15339,809
5,NORMA-28841,810
5,NORMA-7241,811
5,NORMA-21642,812
5,NORMA-1416,813
5,NORMA-20921,814
5,NORMA-23001,815
5,NORMA-18856,816
5,NORMA-18847,817
5,NORMA-19095,818
5,NORMA-20218,819
5,NORMA-6134,820
5,NORMA-20641,821
5,NORMA-23026,822
5,NORMA-9746,823
5,NORMA-6489,824
5,NORMA-5339,825
5,NORMA-18776,826
5,NORMA-20268,827
5,NORMA-19347,828
5,NORMA-4102,829
5,NORMA-6743,830
5,NORMA-6411,831
5,NORMA-19346,832
5,NORMA-19605,833
5,NORMA-14529,834
5,NORMA-19348,835
5,NORMA-19548,836
5,NORMA-13219,837
5,NORMA-6051,838
5,NORMA-18822,839
5,NORMA-21415,840
5,NORMA-6198,841
5,NORMA-20229,842
5,NORMA-14114,843
5,NORMA-18751,844
5,NORMA-12729,845
5,NORMA-6170,846
5,NORMA-18260,847
5,NORMA-24181,848
5,NORMA-6128,849
5,NORMA-18381,850
5,NORMA-8537,851
5,NORMA-4944,852
5,NORMA-6378,853
5,NORMA-21129,854
5,NORMA-11438,855
5,NORMA-14790,856
5,NORMA-12836,857
5,NORMA-14679,858
5,NORMA-3551,859
5,NORMA-26802,860
5,NORMA-15641,861
5,NORMA-12799,862
5,NORMA-12843,863
5,NORMA-13840,864
5,NORMA-20530,865
5,NORMA-20556,866
5,NORMA-26681,867
5,NORMA-9679,868
5,NORMA-8958,869
5,NORMA-18904,870
5,NORMA-21739,871
5,NORMA-25881,872
5,NORMA-6413,873
5,NORMA-18710,874
5,NORMA-5253,875
5,NORMA-19008,876
5,NORMA-6015,877
5,NORMA-10205,878
5,NORMA-6500,879
5,NORMA-13319,880
5,NORMA-6846,881
5,NORMA-18857,882
5,NORMA-10950,883
5,NORMA-19310,884
5,NORMA-5133,885
5,NORMA-9217,886
5,NORMA-19429,887
5,NORMA-9820,888
5,NORMA-18624,889
5,NORMA-10318,890
5,NORMA-11214,891
5,NORMA-20147,892
5,NORMA-21476,893
5,NORMA-21153,894
5,NORMA-20097,895
5,NORMA-19769,896
5,NORMA-10789,897
5,NORMA-6383,898
5,NORMA-18757,899
5,NORMA-21791,900
5,NORMA-19549,901
5,NORMA-18568,902
5,NORMA-19273,903
5,NORMA-19304,904
5,NORMA-19296,905
5,NORMA-19402,906
5,NORMA-20761,907
5,NORMA-10393,908
5,NORMA-19550,909
5,NORMA-18914,910
5,NORMA-19144,911
5,NORMA-21570,912
5,NORMA-20492,913
5,NORMA-20517,914
5,NORMA-19142,915
5,NORMA-21098,916
5,NORMA-19681,917
5,NORMA-19076,918
5,NORMA-21693,919
5,NORMA-19457,920
5,NORMA-19781,921
5,NORMA-21486,922
5,NORMA-21435,923
5,NORMA-18407,924
5,NORMA-19276,925
5,NORMA-21542,926
5,NORMA-21311,927
5,NORMA-8198,928
5,NORMA-19350,929
5,NORMA-19452,930
5,NORMA-19387,931
5,NORMA-19277,932
5,NORMA-19541,933
5,NORMA-19450,934
5,NORMA-21358,935
5,NORMA-18812,936
5,NORMA-21582,937
5,NORMA-19741,938
5,NORMA-18558,939
5,NORMA-19644,940
5,NORMA-20501,941
5,NORMA-18282,942
5,NORMA-19725,943
5,NORMA-19403,944
5,NORMA-18569,945
5,NORMA-19098,946
5,NORMA-11760,947
5,NORMA-19139,948
5,NORMA-21217,949
5,NORMA-21097,950
5,NORMA-19810,951
5,NORMA-21780,952
5,NORMA-5251,953
5,NORMA-18262,954
5,NORMA-18587,955
5,NORMA-18285,956
5,NORMA-20131,957
5,NORMA-19022,958
5,NORMA-18513,959
5,NORMA-19448,960
5,NORMA-18469,961
5,NORMA-18257,962
5,NORMA-18305,963
5,NORMA-18470,964
5,NORMA-18258,965
5,NORMA-18235,966
5,NORMA-18369,967
5,NORMA-11316,968
5,NORMA-19025,969
5,NORMA-19023,970
5,NORMA-19683,971
5,NORMA-18586,972
5,NORMA-18704,973
5,NORMA-19012,974
5,NORMA-3662,975
5,NORMA-18372,976
5,NORMA-18373,977
5,NORMA-18256,978
5,NORMA-6253,979
5,NORMA-18711,980
5,NORMA-21795,981
5,NORMA-20955,982
5,NORMA-6521,983
5,NORMA-18714,984
5,NORMA-19097,985
5,NORMA-19251,986
5,NORMA-5063,987
5,NORMA-20984,988
5,NORMA-19123,989
5,NORMA-19530,990
5,NORMA-18459,991
5,NORMA-19425,992
5,NORMA-18392,993
5,NORMA-19253,994
5,NORMA-18712,995
5,NORMA-18588,996
5,NORMA-11711,997
5,NORMA-19238,998
5,NORMA-19174,999
5,NORMA-21021,1000
6,NORMA-20223,1
6,NORMA-19629,2
6,NORMA-9803,3
6,NORMA-19583,4
6,NORMA-14967,5
6,NORMA-18668,6
6,NORMA-18286,7
6,NORMA-9835,8
6,NORMA-13298,9
6,NORMA-19942,10
6,NORMA-4909,11
6,NORMA-6881,12
6,NORMA-6701,13
6,NORMA-6643,14
6,NORMA-18219,15
6,NORMA-18653,16
6,NORMA-9481,17
6,NORMA-13345,18
6,NORMA-14850,19
6,NORMA-19782,20
6,NORMA-14688,21
6,NORMA-15229,22
6,NORMA-21526,23
6,NORMA-8028,24
6,NORMA-29003,25
6,NORMA-21361,26
6,NORMA-6948,27
6,NORMA-7028,28
6,NORMA-20138,29
6,NORMA-12415,30
6,NORMA-12923,31
6,NORMA-13124,32
6,NORMA-13308,33
6,NORMA-15339,34
6,NORMA-13470,35
6,NORMA-9724,36
6,NORMA-19429,37
6,NORMA-27044,38
6,NORMA-13918,39
6,NORMA-18243,40
6,NORMA-14746,41
6,NORMA-27364,42
6,NORMA-6679,43
6,NORMA-18474,44
6,NORMA-21305,45
6,NORMA-15396,46
6,NORMA-12613,47
6,NORMA-18391,48
6,NORMA-13789,49
6,NORMA-27365,50
6,NORMA-6708,51
6,NORMA-19039,52
6,NORMA-6253,53
6,NORMA-6140,54
6,NORMA-7113,55
6,NORMA-8435,56
6,NORMA-6627,57
6,NORMA-19459,58
6,NORMA-19553,59
6,NORMA-21065,60
6,NORMA-6957,61
6,NORMA-19351,62
6,NORMA-21678,63
6,NORMA-21651,64
6,NORMA-11516,65
6,NORMA-18801,66
6,NORMA-11722,67
6,NORMA-8027,68
6,NORMA-11567,69
6,NORMA-11664,70
6,NORMA-21554,71
6,NORMA-21634,72
6,NORMA-6318,73
6,NORMA-20468,74
6,NORMA-4711,75
6,NORMA-4830,76
6,NORMA-4075,77
6,NORMA-4746,78
6,NORMA-19658,79
6,NORMA-5586,80
6,NORMA-12066,81
6,NORMA-28362,82
6,NORMA-4275,83
6,NORMA-5626,84
6,NORMA-18769,85
6,NORMA-5421,86
6,NORMA-15561,87
6,NORMA-19616,88
6,NORMA-19590,89
6,NORMA-1471,90
6,NORMA-12739,91
6,NORMA-4710,92
6,NORMA-15211,93
6,NORMA-6783,94
6,NORMA-12067,95
6,NORMA-18972,96
6,NORMA-6199,97
6,NORMA-15881,98
6,NORMA-7386,99
6,NORMA-20371,100
6,NORMA-7222,101
6,NORMA-7384,102
6,NORMA-6184,103
6,NORMA-6685,104
6,NORMA-2158,105
6,NORMA-11603,106
6,NORMA-11669,107
6,NORMA-7225,108
6,NORMA-11733,109
6,NORMA-11667,110
6,NORMA-11720,111
6,NORMA-11606,112
6,NORMA-11762,113
6,NORMA-11559,114
6,NORMA-11558,115
6,NORMA-11477,116
6,NORMA-11602,117
6,NORMA-20890,118
6,NORMA-3503,119
6,NORMA-11520,120
6,NORMA-20402,121
6,NORMA-11721,122
6,NORMA-11761,123
6,NORMA-11523,124
6,NORMA-6022,125
6,NORMA-11563,126
6,NORMA-11575,127
6,NORMA-11680,128
6,NORMA-11716,129
6,NORMA-11670,130
6,NORMA-21113,131
6,NORMA-11522,132
6,NORMA-11666,133
6,NORMA-11717,134
6,NORMA-11564,135
6,NORMA-26201,136
6,NORMA-1740,137
6,NORMA-11672,138
6,NORMA-11561,139
6,NORMA-11562,140
6,NORMA-11517,141
6,NORMA-11719,142
6,NORMA-21402,143
6,NORMA-11663,144
6,NORMA-11524,145
6,NORMA-11673,146
6,NORMA-11671,147
6,NORMA-18626,148
6,NORMA-11574,149
6,NORMA-11560,150
6,NORMA-11556,151
6,NORMA-11597,152
6,NORMA-11519,153
6,NORMA-11674,154
6,NORMA-11604,155
6,NORMA-11756,156
6,NORMA-12060,157
6,NORMA-11526,158
6,NORMA-2517,159
6,NORMA-3241,160
6,NORMA-11758,161
6,NORMA-13323,162
6,NORMA-18748,163
6,NORMA-11473,164
6,NORMA-21638,165
6,NORMA-18724,166
6,NORMA-11518,167
6,NORMA-11718,168
6,NORMA-21659,169
6,NORMA-29005,170
6,NORMA-26881,171
6,NORMA-11565,172
6,NORMA-11566,173
6,NORMA-18276,174
6,NORMA-21547,175
6,NORMA-11723,176
6,NORMA-19021,177
6,NORMA-11577,178
6,NORMA-11572,179
6,NORMA-11578,180
6,NORMA-19303,181
6,NORMA-19515,182
6,NORMA-21404,183
6,NORMA-11655,184
6,NORMA-11714,185
6,NORMA-14239,186
6,NORMA-6782,187
6,NORMA-6629,188
6,NORMA-21698,189
6,NORMA-19689,190
6,NORMA-20730,191
6,NORMA-20704,192
6,NORMA-13797,193
6,NORMA-15237,194
6,NORMA-18682,195
6,NORMA-10708,196
6,NORMA-20713,197
6,NORMA-61,198
6,NORMA-11627,199
6,NORMA-9834,200
6,NORMA-15802,201
6,NORMA-20729,202
6,NORMA-20702,203
6,NORMA-11665,204
6,NORMA-27761,205
6,NORMA-18734,206
6,NORMA-14937,207
6,NORMA-20888,208
6,NORMA-11600,209
6,NORMA-13158,210
6,NORMA-20474,211
6,NORMA-11598,212
6,NORMA-19081,213
6,NORMA-21575,214
6,NORMA-11757,215
6,NORMA-19028,216
6,NORMA-3281,217
6,NORMA-27221,218
6,NORMA-11474,219
6,NORMA-11527,220
6,NORMA-21431,221
6,NORMA-19181,222
6,NORMA-12102,223
6,NORMA-13469,224
6,NORMA-18502,225
6,NORMA-20790,226
6,NORMA-21086,227
6,NORMA-6758,228
6,NORMA-18838,229
6,NORMA-11764,230
6,NORMA-18427,231
6,NORMA-11479,232
6,NORMA-20632,233
6,NORMA-6698,234
6,NORMA-18935,235
6,NORMA-7381,236
6,NORMA-6851,237
6,NORMA-16202,238
6,NORMA-3577,239
6,NORMA-5360,240
6,NORMA-20299,241
6,NORMA-10116,242
6,NORMA-11085,243
6,NORMA-8205,244
6,NORMA-5496,245
6,NORMA-14294,246
6,NORMA-18238,247
6,NORMA-18670,248
6,NORMA-6880,249
6,NORMA-13476,250
6,NORMA-7387,251
6,NORMA-6736,252
6,NORMA-18439,253
6,NORMA-3767,254
6,NORMA-11356,255
6,NORMA-8706,256
6,NORMA-19431,257
6,NORMA-18211,258
6,NORMA-4786,259
6,NORMA-20473,260
6,NORMA-20907,261
6,NORMA-6636,262
6,NORMA-20480,263
6,NORMA-20902,264
6,NORMA-11469,265
6,NORMA-6316,266
6,NORMA-6181,267
6,NORMA-21409,268
6,NORMA-11763,269
6,NORMA-18291,270
6,NORMA-20817,271
6,NORMA-8114,272
6,NORMA-5792,273
6,NORMA-14724,274
6,NORMA-20960,275
6,NORMA-12733,276
6,NORMA-18788,277
6,NORMA-21585,278
6,NORMA-11570,279
6,NORMA-12039,280
6,NORMA-18797,281
6,NORMA-11571,282
6,NORMA-6630,283
6,NORMA-6955,284
6,NORMA-6084,285
6,NORMA-18654,286
6,NORMA-21356,287
6,NORMA-20727,288
6,NORMA-20073,289
6,NORMA-6967,290
6,NORMA-20910,291
6,NORMA-1572,292
6,NORMA-6752,293
6,NORMA-13508,294
6,NORMA-21474,295
6,NORMA-20235,296
6,NORMA-6954,297
6,NORMA-7939,298
6,NORMA-12089,299
6,NORMA-21028,300
6,NORMA-7012,301
6,NORMA-19387,302
6,NORMA-21196,303
6,NORMA-20703,304
6,NORMA-21135,305
6,NORMA-4396,306
6,NORMA-18939,307
6,NORMA-11443,308
6,NORMA-20763,309
6,NORMA-15167,310
6,NORMA-11588,311
6,NORMA-6256,312
6,NORMA-6623,313
6,NORMA-13160,314
6,NORMA-13746,315
6,NORMA-14828,316
6,NORMA-20295,317
6,NORMA-19051,318
6,NORMA-19384,319
6,NORMA-21203,320
6,NORMA-19138,321
6,NORMA-20134,322
6,NORMA-18248,323
6,NORMA-18411,324
6,NORMA-18298,325
6,NORMA-9893,326
6,NORMA-20186,327
6,NORMA-11814,328
6,NORMA-18780,329
6,NORMA-2184,330
6,NORMA-18434,331
6,NORMA-20055,332
6,NORMA-18205,333
6,NORMA-6595,334
6,NORMA-19095,335
6,NORMA-20622,336
6,NORMA-4091,337
6,NORMA-2233,338
6,NORMA-19271,339
6,NORMA-21611,340
6,NORMA-19275,341
6,NORMA-18993,342
6,NORMA-21662,343
6,NORMA-21574,344
6,NORMA-11751,345
6,NORMA-19326,346
6,NORMA-28001,347
6,NORMA-6185,348
6,NORMA-28586,349
6,NORMA-21686,350
6,NORMA-12029,351
6,NORMA-18759,352
6,NORMA-23141,353
6,NORMA-29507,354
6,NORMA-20248,355
6,NORMA-6641,356
6,NORMA-6447,357
6,NORMA-19056,358
6,NORMA-28321,359
6,NORMA-8700,360
6,NORMA-6069,361
6,NORMA-19705,362
6,NORMA-21562,363
6,NORMA-3622,364
6,NORMA-12730,365
6,NORMA-8195,366
6,NORMA-19518,367
6,NORMA-9844,368
6,NORMA-20705,369
6,NORMA-9382,370
6,NORMA-21269,371
6,NORMA-19731,372
6,NORMA-22561,373
6,NORMA-21131,374
6,NORMA-18900,375
6,NORMA-18711,376
6,NORMA-21788,377
6,NORMA-18364,378
6,NORMA-19852,379
6,NORMA-19741,380
6,NORMA-11766,381
6,NORMA-20113,382
6,NORMA-20369,383
6,NORMA-12165,384
6,NORMA-21497,385
6,NORMA-18774,386
6,NORMA-19570,387
6,NORMA-18370,388
6,NORMA-20465,389
6,NORMA-19520,390
6,NORMA-18466,391
6,NORMA-19292,392
6,NORMA-20880,393
6,NORMA-21609,394
6,NORMA-10119,395
6,NORMA-18450,396
6,NORMA-21666,397
6,NORMA-10029,398
6,NORMA-9871,399
6,NORMA-10044,400
6,NORMA-18954,401
6,NORMA-20692,402
6,NORMA-28981,403
6,NORMA-21725,404
6,NORMA-20137,405
6,NORMA-7011,406
6,NORMA-19546,407
6,NORMA-29201,408
6,NORMA-6819,409
6,NORMA-18916,410
6,NORMA-18796,411
6,NORMA-1138,412
6,NORMA-6820,413
6,NORMA-20712,414
6,NORMA-18603,415
6,NORMA-6970,416
6,NORMA-772,417
6,NORMA-18420,418
6,NORMA-26701,419
6,NORMA-21521,420
6,NORMA-19909,421
6,NORMA-20058,422
6,NORMA-15542,423
6,NORMA-18819,424
6,NORMA-19768,425
6,NORMA-10200,426
6,NORMA-21389,427
6,NORMA-12664,428
6,NORMA-14788,429
6,NORMA-8458,430
6,NORMA-19221,431
6,NORMA-10994,432
6,NORMA-7953,433
6,NORMA-21238,434
6,NORMA-19925,435
6,NORMA-18690,436
6,NORMA-18863,437
6,NORMA-7027,438
6,NORMA-11472,439
6,NORMA-20376,440
6,NORMA-13106,441
6,NORMA-1516,442
6,NORMA-18859,443
6,NORMA-11476,444
6,NORMA-18239,445
6,NORMA-18479,446
6,NORMA-18858,447
6,NORMA-18432,448
6,NORMA-12872,449
6,NORMA-18772,450
6,NORMA-20157,451
6,NORMA-19729,452
6,NORMA-21637,453
6,NORMA-21367,454
6,NORMA-21756,455
6,NORMA-18835,456
6,NORMA-18915,457
6,NORMA-6642,458
6,NORMA-18709,459
6,NORMA-2003,460
6,NORMA-21553,461
6,NORMA-14056,462
6,NORMA-6088,463
6,NORMA-19504,464
6,NORMA-13299,465
6,NORMA-19807,466
6,NORMA-19143,467
6,NORMA-19086,468
6,NORMA-6965,469
6,NORMA-20926,470
6,NORMA-19686,471
6,NORMA-19492,472
6,NORMA-19400,473
6,NORMA-6622,474
6,NORMA-19283,475
6,NORMA-6665,476
6,NORMA-6888,477
6,NORMA-19663,478
6,NORMA-21330,479
6,NORMA-6177,480
6,NORMA-4499,481
6,NORMA-6821,482
6,NORMA-19229,483
6,NORMA-9870,484
6,NORMA-3597,485
6,NORMA-19224,486
6,NORMA-20132,487
6,NORMA-21512,488
6,NORMA-6186,489
6,NORMA-21322,490
6,NORMA-18945,491
6,NORMA-3723,492
6,NORMA-18267,493
6,NORMA-21632,494
6,NORMA-21114,495
6,NORMA-3659,496
6,NORMA-21517,497
6,NORMA-6189,498
6,NORMA-6195,499
6,NORMA-12850,500
6,NORMA-21323,501
6,NORMA-5243,502
6,NORMA-3676,503
6,NORMA-3733,504
6,NORMA-4093,505
6,NORMA-4298,506
6,NORMA-19299,507
6,NORMA-18990,508
6,NORMA-25525,509
6,NORMA-4783,510
6,NORMA-6093,511
6,NORMA-3732,512
6,NORMA-4616,513
6,NORMA-4676,514
6,NORMA-5915,515
6,NORMA-21737,516
6,NORMA-7645,517
6,NORMA-20120,518
6,NORMA-4240,519
6,NORMA-5385,520
6,NORMA-9799,521
6,NORMA-12777,522
6,NORMA-6746,523
6,NORMA-5320,524
6,NORMA-26763,525
6,NORMA-4759,526
6,NORMA-6352,527
6,NORMA-21696,528
6,NORMA-21412,529
6,NORMA-5396,530
6,NORMA-11157,531
6,NORMA-25526,532
6,NORMA-18825,533
6,NORMA-3598,534
6,NORMA-29044,535
6,NORMA-21722,536
6,NORMA-7236,537
6,NORMA-4122,538
6,NORMA-7504,539
6,NORMA-19574,540
6,NORMA-8202,541
6,NORMA-10819,542
6,NORMA-5973,543
6,NORMA-6134,544
6,NORMA-19338,545
6,NORMA-21748,546
6,NORMA-10818,547
6,NORMA-4512,548
6,NORMA-7399,549
6,NORMA-13403,550
6,NORMA-21347,551
6,NORMA-1222,552
6,NORMA-9746,553
6,NORMA-5339,554
6,NORMA-21719,555
6,NORMA-19347,556
6,NORMA-6167,557
6,NORMA-7160,558
6,NORMA-6743,559
6,NORMA-21471,560
6,NORMA-6411,561
6,NORMA-10025,562
6,NORMA-19346,563
6,NORMA-14562,564
6,NORMA-13884,565
6,NORMA-8894,566
6,NORMA-14529,567
6,NORMA-19348,568
6,NORMA-26803,569
6,NORMA-6051,570
6,NORMA-18743,571
6,NORMA-19345,572
6,NORMA-20085,573
6,NORMA-14561,574
6,NORMA-9842,575
6,NORMA-12919,576
6,NORMA-13863,577
6,NORMA-6198,578
6,NORMA-19389,579
6,NORMA-8702,580
6,NORMA-5128,581
6,NORMA-17162,582
6,NORMA-14114,583
6,NORMA-12729,584
6,NORMA-13264,585
6,NORMA-21612,586
6,NORMA-6128,587
6,NORMA-19428,588
6,NORMA-11416,589
6,NORMA-26901,590
6,NORMA-17461,591
6,NORMA-21591,592
6,NORMA-21749,593
6,NORMA-11137,594
6,NORMA-8196,595
6,NORMA-8194,596
6,NORMA-10974,597
6,NORMA-6207,598
6,NORMA-21643,599
6,NORMA-14800,600
6,NORMA-8111,601
6,NORMA-7648,602
6,NORMA-25621,603
6,NORMA-21618,604
6,NORMA-18617,605
6,NORMA-14726,606
6,NORMA-19783,607
6,NORMA-11319,608
6,NORMA-19491,609
6,NORMA-12505,610
6,NORMA-1620,611
6,NORMA-20736,612
6,NORMA-27926,613
6,NORMA-9238,614
6,NORMA-23941,615
6,NORMA-6514,616
6,NORMA-14262,617
6,NORMA-20056,618
6,NORMA-20796,619
6,NORMA-19188,620
6,NORMA-11759,621
6,NORMA-5751,622
6,NORMA-18302,623
6,NORMA-20995,624
6,NORMA-13756,625
6,NORMA-10789,626
6,NORMA-19013,627
6,NORMA-20297,628
6,NORMA-20694,629
6,NORMA-11632,630
6,NORMA-11734,631
6,NORMA-20886,632
6,NORMA-20294,633
6,NORMA-12956,634
6,NORMA-21821,635
6,NORMA-19939,636
6,NORMA-10748,637
6,NORMA-18240,638
6,NORMA-20597,639
6,NORMA-21515,640
6,NORMA-19927,641
6,NORMA-3509,642
6,NORMA-20068,643
6,NORMA-20151,644
6,NORMA-18285,645
6,NORMA-18208,646
6,NORMA-18886,647
6,NORMA-143,648
6,NORMA-5969,649
6,NORMA-21186,650
6,NORMA-4279,651
6,NORMA-5162,652
6,NORMA-20742,653
6,NORMA-19961,654
6,NORMA-19448,655
6,NORMA-3662,656
6,NORMA-20565,657
6,NORMA-8803,658
6,NORMA-20893,659
6,NORMA-11528,660
6,NORMA-13474,661
6,NORMA-10473,662
6,NORMA-10375,663
6,NORMA-8771,664
6,NORMA-20092,665
6,NORMA-14813,666
6,NORMA-5184,667
6,NORMA-18492,668
6,NORMA-13919,669
6,NORMA-21690,670
6,NORMA-2551,671
6,NORMA-11263,672
6,NORMA-6755,673
6,NORMA-7773,674
6,NORMA-20236,675
6,NORMA-21699,676
6,NORMA-23501,677
6,NORMA-18254,678
6,NORMA-20690,679
6,NORMA-10629,680
6,NORMA-20908,681
6,NORMA-3819,682
6,NORMA-21656,683
6,NORMA-18673,684
6,NORMA-12631,685
6,NORMA-21273,686
6,NORMA-19749,687
6,NORMA-19249,688
6,NORMA-11086,689
6,NORMA-19659,690
6,NORMA-18294,691
6,NORMA-17221,692
6,NORMA-217,693
6,NORMA-18361,694
6,NORMA-20284,695
6,NORMA-4586,696
6,NORMA-18463,697
6,NORMA-18401,698
6,NORMA-18553,699
6,NORMA-21371,700
6,NORMA-8119,701
6,NORMA-18535,702
6,NORMA-20962,703
6,NORMA-20803,704
6,NORMA-11164,705
6,NORMA-13552,706
6,NORMA-2005,707
6,NORMA-21004,708
6,NORMA-20102,709
6,NORMA-3907,710
6,NORMA-20802,711
6,NORMA-6895,712
6,NORMA-3642,713
6,NORMA-18368,714
6,NORMA-20915,715
6,NORMA-20906,716
6,NORMA-19903,717
6,NORMA-12649,718
6,NORMA-13594,719
6,NORMA-14302,720
6,NORMA-18988,721
6,NORMA-20129,722
6,NORMA-21217,723
6,NORMA-18679,724
6,NORMA-19211,725
6,NORMA-20961,726
6,NORMA-21790,727
6,NORMA-14652,728
6,NORMA-20064,729
6,NORMA-20643,730
6,NORMA-18767,731
6,NORMA-20188,732
6,NORMA-1419,733
6,NORMA-7241,734
6,NORMA-27045,735
6,NORMA-3820,736
6,NORMA-3821,737
6,NORMA-19454,738
6,NORMA-483,739
6,NORMA-21187,740
6,NORMA-28221,741
6,NORMA-19499,742
6,NORMA-11715,743
6,NORMA-21151,744
6,NORMA-19394,745
6,NORMA-14498,746
6,NORMA-20168,747
6,NORMA-20891,748
6,NORMA-20894,749
6,NORMA-19512,750
6,NORMA-21005,751
6,NORMA-11087,752
6,NORMA-13990,753
6,NORMA-18648,754
6,NORMA-8774,755
6,NORMA-4588,756
6,NORMA-6676,757
6,NORMA-220,758
6,NORMA-20959,759
6,NORMA-20936,760
6,NORMA-20912,761
6,NORMA-14898,762
6,NORMA-883,763
6,NORMA-560,764
6,NORMA-27384,765
6,NORMA-12886,766
6,NORMA-18529,767
6,NORMA-10326,768
6,NORMA-19003,769
6,NORMA-13802,770
6,NORMA-1534,771
6,NORMA-21064,772
6,NORMA-18539,773
6,NORMA-21026,774
6,NORMA-10219,775
6,NORMA-19639,776
6,NORMA-18511,777
6,NORMA-18574,778
6,NORMA-6083,779
6,NORMA-21649,780
6,NORMA-21586,781
6,NORMA-16268,782
6,NORMA-21499,783
6,NORMA-18545,784
6,NORMA-18405,785
6,NORMA-9681,786
6,NORMA-9067,787
6,NORMA-21244,788
6,NORMA-20196,789
6,NORMA-18793,790
6,NORMA-783,791
6,NORMA-18706,792
6,NORMA-974,793
6,NORMA-25902,794
6,NORMA-3382,795
6,NORMA-21149,796
6,NORMA-14390,797
6,NORMA-12038,798
6,NORMA-10309,799
6,NORMA-18451,800
6,NORMA-20302,801
6,NORMA-18822,802
6,NORMA-3966,803
6,NORMA-21241,804
6,NORMA-20778,805
6,NORMA-13402,806
6,NORMA-20290,807
6,NORMA-21669,808
6,NORMA-1994,809
6,NORMA-19437,810
6,NORMA-15521,811
6,NORMA-20222,812
6,NORMA-18828,813
6,NORMA-21509,814
6,NORMA-18541,815
6,NORMA-21507,816
6,NORMA-1463,817
6,NORMA-18638,818
6,NORMA-1421,819
6,NORMA-8575,820
6,NORMA-19124,821
6,NORMA-19240,822
6,NORMA-20997,823
6,NORMA-21017,824
6,NORMA-21012,825
6,NORMA-21663,826
6,NORMA-21710,827
6,NORMA-19223,828
6,NORMA-21291,829
6,NORMA-21137,830
6,NORMA-6521,831
6,NORMA-6291,832
6,NORMA-19691,833
6,NORMA-19526,834
6,NORMA-19904,835
6,NORMA-23341,836
6,NORMA-21252,837
6,NORMA-2269,838
6,NORMA-21390,839
6,NORMA-21468,840
6,NORMA-18870,841
6,NORMA-19436,842
6,NORMA-27687,843
6,NORMA-18378,844
6,NORMA-18342,845
6,NORMA-18934,846
6,NORMA-3638,847
6,NORMA-18554,848
6,NORMA-5925,849
6,NORMA-19746,850
6,NORMA-19416,851
6,NORMA-19969,852
6,NORMA-15701,853
6,NORMA-17201,854
6,NORMA-7149,855
6,NORMA-28961,856
6,NORMA-18345,857
6,NORMA-20090,858
6,NORMA-8522,859
6,NORMA-15921,860
6,NORMA-21224,861
6,NORMA-21150,862
6,NORMA-21071,863
6,NORMA-3381,864
6,NORMA-18762,865
6,NORMA-15901,866
6,NORMA-20182,867
6,NORMA-20443,868
6,NORMA-19503,869
6,NORMA-20072,870
6,NORMA-12048,871
6,NORMA-6645,872
6,NORMA-21276,873
6,NORMA-21408,874
6,NORMA-6082,875
6,NORMA-18537,876
6,NORMA-19212,877
6,NORMA-18225,878
6,NORMA-21461,879
6,NORMA-2536,880
6,NORMA-19643,881
6,NORMA-21279,882
6,NORMA-21484,883
6,NORMA-7015,884
6,NORMA-11798,885
6,NORMA-21286,886
6,NORMA-21211,887
6,NORMA-18691,888
6,NORMA-12657,889
6,NORMA-19391,890
6,NORMA-19573,891
6,NORMA-18656,892
6,NORMA-6669,893
6,NORMA-21185,894
6,NORMA-7525,895
6,NORMA-21606,896
6,NORMA-18747,897
6,NORMA-14661,898
6,NORMA-7110,899
6,NORMA-18414,900
6,NORMA-21073,901
6,NORMA-20098,902
6,NORMA-14463,903
6,NORMA-19940,904
6,NORMA-21676,905
6,NORMA-20432,906
6,NORMA-19152,907
6,NORMA-19667,908
6,NORMA-28203,909
6,NORMA-19637,910
6,NORMA-11316,911
6,NORMA-6621,912
6,NORMA-20349,913
6,NORMA-21267,914
6,NORMA-19329,915
6,NORMA-11731,916
6,NORMA-19650,917
6,NORMA-21236,918
6,NORMA-33288,919
6,NORMA-20488,920
6,NORMA-33308,921
6,NORMA-19715,922
6,NORMA-21253,923
6,NORMA-20359,924
6,NORMA-20870,925
6,NORMA-18697,926
6,NORMA-18418,927
6,NORMA-20300,928
6,NORMA-19245,929
6,NORMA-19631,930
6,NORMA-21631,931
6,NORMA-20460,932
6,NORMA-21739,933
6,NORMA-21126,934
6,NORMA-19704,935
6,NORMA-20941,936
6,NORMA-20503,937
6,NORMA-20865,938
6,NORMA-21792,939
6,NORMA-20403,940
6,NORMA-18436,941
6,NORMA-21608,942
6,NORMA-19609,943
6,NORMA-21496,944
6,NORMA-18730,945
6,NORMA-21626,946
6,NORMA-19096,947
6,NORMA-2519,948
6,NORMA-19617,949
6,NORMA-2432,950
6,NORMA-21550,951
6,NORMA-20487,952
6,NORMA-21419,953
6,NORMA-21783,954
7,NORMA-12038,1
7,NORMA-10309,2
7,NORMA-11687,3
7,NORMA-21402,4
7,NORMA-11734,5
7,NORMA-18530,6
7,NORMA-11731,7
7,NORMA-18211,8
7,NORMA-11814,9
7,NORMA-20202,10
7,NORMA-11715,11
7,NORMA-21497,12
7,NORMA-12029,13
7,NORMA-21638,14
7,NORMA-18337,15
7,NORMA-20990,16
7,NORMA-12060,17
7,NORMA-19321,18
7,NORMA-20887,19
7,NORMA-20879,20
7,NORMA-19514,21
7,NORMA-18753,22
7,NORMA-19542,23
7,NORMA-19512,24
7,NORMA-21389,25
7,NORMA-20901,26
7,NORMA-19698,27
7,NORMA-20996,28
7,NORMA-21499,29
7,NORMA-20922,30
7,NORMA-3966,31
7,NORMA-23361,32
7,NORMA-19650,33
7,NORMA-13797,34
7,NORMA-13402,35
7,NORMA-21711,36
7,NORMA-19982,37
7,NORMA-21280,38
7,NORMA-3503,39
7,NORMA-18756,40
7,NORMA-19477,41
7,NORMA-19194,42
7,NORMA-27161,43
7,NORMA-18427,44
7,NORMA-7525,45
7,NORMA-3642,46
7,NORMA-18748,47
7,NORMA-20491,48
7,NORMA-21141,49
7,NORMA-7241,50
7,NORMA-18754,51
7,NORMA-21637,52
7,NORMA-19622,53
7,NORMA-18994,54
7,NORMA-20907,55
7,NORMA-18970,56
7,NORMA-19674,57
7,NORMA-19408,58
7,NORMA-19047,59
7,NORMA-18910,60
7,NORMA-20135,61
7,NORMA-27521,62
7,NORMA-21059,63
7,NORMA-21269,64
7,NORMA-3638,65
7,NORMA-19658,66
7,NORMA-19290,67
7,NORMA-10531,68
7,NORMA-20925,69
7,NORMA-19620,70
7,NORMA-18656,71
7,NORMA-19040,72
7,NORMA-21703,73
7,NORMA-21586,74
7,NORMA-19940,75
7,NORMA-6505,76
7,NORMA-21344,77
7,NORMA-13174,78
7,NORMA-19711,79
7,NORMA-4631,80
7,NORMA-19000,81
7,NORMA-21361,82
7,NORMA-7279,83
7,NORMA-18996,84
7,NORMA-21050,85
7,NORMA-14279,86
7,NORMA-20273,87
7,NORMA-20599,88
7,NORMA-18815,89
7,NORMA-21283,90
7,NORMA-20694,91
7,NORMA-21386,92
7,NORMA-19278,93
7,NORMA-18541,94
7,NORMA-20927,95
7,NORMA-21086,96
7,NORMA-18523,97
7,NORMA-19329,98
7,NORMA-21139,99
7,NORMA-19593,100
7,NORMA-19844,101
7,NORMA-18293,102
7,NORMA-21676,103
7,NORMA-21547,104
7,NORMA-21691,105
7,NORMA-23521,106
7,NORMA-20845,107
7,NORMA-20056,108
7,NORMA-19643,109
7,NORMA-21026,110
7,NORMA-21634,111
7,NORMA-21286,112
7,NORMA-18529,113
7,NORMA-21241,114
7,NORMA-13298,115
7,NORMA-21526,116
7,NORMA-21202,117
7,NORMA-20230,118
7,NORMA-19573,119
7,NORMA-20999,120
7,NORMA-20240,121
7,NORMA-20562,122
7,NORMA-18248,123
7,NORMA-18915,124
7,NORMA-20880,125
7,NORMA-20762,126
7,NORMA-18722,127
7,NORMA-20921,128
7,NORMA-1485,129
7,NORMA-1365,130
7,NORMA-18934,131
7,NORMA-20731,132
7,NORMA-19570,133
7,NORMA-19629,134
7,NORMA-6679,135
7,NORMA-20626,136
7,NORMA-15211,137
7,NORMA-12067,138
7,NORMA-11737,139
7,NORMA-15239,140
7,NORMA-20730,141
7,NORMA-21606,142
7,NORMA-19061,143
7,NORMA-21012,144
7,NORMA-19645,145
7,NORMA-19574,146
7,NORMA-21562,147
7,NORMA-21678,148
7,NORMA-21651,149
7,NORMA-18225,150
7,NORMA-21217,151
7,NORMA-18691,152
7,NORMA-19925,153
7,NORMA-19295,154
7,NORMA-21470,155
7,NORMA-21554,156
7,NORMA-19969,157
7,NORMA-11588,158
7,NORMA-20235,159
7,NORMA-6753,160
7,NORMA-19904,161
7,NORMA-6948,162
7,NORMA-19961,163
7,NORMA-18747,164
7,NORMA-19602,165
7,NORMA-8028,166
7,NORMA-20790,167
7,NORMA-9297,168
7,NORMA-18706,169
7,NORMA-20622,170
7,NORMA-13195,171
7,NORMA-21343,172
7,NORMA-20139,173
7,NORMA-7025,174
7,NORMA-18204,175
7,NORMA-19378,176
7,NORMA-11496,177
7,NORMA-18980,178
7,NORMA-21211,179
7,NORMA-21218,180
7,NORMA-13480,181
7,NORMA-21065,182
7,NORMA-6083,183
7,NORMA-20704,184
7,NORMA-18432,185
7,NORMA-21267,186
7,NORMA-24661,187
7,NORMA-9893,188
7,NORMA-19644,189
7,NORMA-6257,190
7,NORMA-20888,191
7,NORMA-20582,192
7,NORMA-21224,193
7,NORMA-6757,194
7,NORMA-19017,195
7,NORMA-21515,196
7,NORMA-21356,197
7,NORMA-14898,198
7,NORMA-10708,199
7,NORMA-12886,200
7,NORMA-222,201
7,NORMA-19328,202
7,NORMA-8027,203
7,NORMA-27761,204
7,NORMA-12089,205
7,NORMA-19473,206
7,NORMA-332,207
7,NORMA-26841,208
7,NORMA-6082,209
7,NORMA-19245,210
7,NORMA-14788,211
7,NORMA-14661,212
7,NORMA-12664,213
7,NORMA-10994,214
7,NORMA-21460,215
7,NORMA-21475,216
7,NORMA-6698,217
7,NORMA-14463,218
7,NORMA-21608,219
7,NORMA-19330,220
7,NORMA-21220,221
7,NORMA-18827,222
7,NORMA-6636,223
7,NORMA-6955,224
7,NORMA-7381,225
7,NORMA-20228,226
7,NORMA-19553,227
7,NORMA-20222,228
7,NORMA-21509,229
7,NORMA-19211,230
7,NORMA-11627,231
7,NORMA-20894,232
7,NORMA-19358,233
7,NORMA-1421,234
7,NORMA-6954,235
7,NORMA-21663,236
7,NORMA-18955,237
7,NORMA-11557,238
7,NORMA-21710,239
7,NORMA-19981,240
7,NORMA-19009,241
7,NORMA-21533,242
7,NORMA-4710,243
7,NORMA-23341,244
7,NORMA-19468,245
7,NORMA-19371,246
7,NORMA-19394,247
7,NORMA-18769,248
7,NORMA-21756,249
7,NORMA-21367,250
7,NORMA-6199,251
7,NORMA-19691,252
7,NORMA-21767,253
7,NORMA-21253,254
7,NORMA-18780,255
7,NORMA-7384,256
7,NORMA-18298,257
7,NORMA-11716,258
7,NORMA-12952,259
7,NORMA-19631,260
7,NORMA-21484,261
7,NORMA-19297,262
7,NORMA-21305,263
7,NORMA-21226,264
7,NORMA-33288,265
7,NORMA-21244,266
7,NORMA-33308,267
7,NORMA-19843,268
7,NORMA-21553,269
7,NORMA-19751,270
7,NORMA-21183,271
7,NORMA-18462,272
7,NORMA-21236,273
7,NORMA-2503,274
7,NORMA-6644,275
7,NORMA-6321,276
7,NORMA-21443,277
7,NORMA-21580,278
7,NORMA-9834,279
7,NORMA-21155,280
7,NORMA-20301,281
7,NORMA-21285,282
7,NORMA-21779,283
7,NORMA-21185,284
7,NORMA-14937,285
7,NORMA-19437,286
7,NORMA-20710,287
7,NORMA-12382,288
7,NORMA-14421,289
7,NORMA-11515,290
7,NORMA-14232,291
7,NORMA-19668,292
7,NORMA-15002,293
7,NORMA-13217,294
7,NORMA-13971,295
7,NORMA-13707,296
7,NORMA-13220,297
7,NORMA-12414,298
7,NORMA-13158,299
7,NORMA-18824,300
7,NORMA-8384,301
7,NORMA-19240,302
7,NORMA-13385,303
7,NORMA-19124,304
7,NORMA-19732,305
7,NORMA-13592,306
7,NORMA-6958,307
7,NORMA-6758,308
7,NORMA-20865,309
7,NORMA-15868,310
7,NORMA-19474,311
7,NORMA-19223,312
7,NORMA-18878,313
7,NORMA-6621,314
7,NORMA-6185,315
7,NORMA-18208,316
7,NORMA-6669,317
7,NORMA-13469,318
7,NORMA-19526,319
7,NORMA-21392,320
7,NORMA-21390,321
7,NORMA-21648,322
7,NORMA-12066,323
7,NORMA-1740,324
7,NORMA-6783,325
7,NORMA-15167,326
7,NORMA-21407,327
7,NORMA-2452,328
7,NORMA-11443,329
7,NORMA-6968,330
7,NORMA-2387,331
7,NORMA-22522,332
7,NORMA-13341,333
7,NORMA-11879,334
7,NORMA-18772,335
7,NORMA-2377,336
7,NORMA-12974,337
7,NORMA-21761,338
7,NORMA-2691,339
7,NORMA-19379,340
7,NORMA-2428,341
7,NORMA-19605,342
7,NORMA-20814,343
7,NORMA-20046,344
7,NORMA-19697,345
7,NORMA-7386,346
7,NORMA-21295,347
7,NORMA-20564,348
7,NORMA-534,349
7,NORMA-19617,350
7,NORMA-6140,351
7,NORMA-6176,352
7,NORMA-7222,353
7,NORMA-19712,354
7,NORMA-21450,355
7,NORMA-13746,356
7,NORMA-14828,357
7,NORMA-21561,358
7,NORMA-21725,359
7,NORMA-7113,360
7,NORMA-16202,361
7,NORMA-12613,362
7,NORMA-18978,363
7,NORMA-21124,364
7,NORMA-8435,365
7,NORMA-18295,366
7,NORMA-12798,367
7,NORMA-24941,368
7,NORMA-18254,369
7,NORMA-21332,370
7,NORMA-18540,371
7,NORMA-7225,372
7,NORMA-19913,373
7,NORMA-6880,374
7,NORMA-21661,375
7,NORMA-19537,376
7,NORMA-10530,377
7,NORMA-6711,378
7,NORMA-15443,379
7,NORMA-19206,380
7,NORMA-20958,381
7,NORMA-21784,382
7,NORMA-20680,383
7,NORMA-9724,384
7,NORMA-5421,385
7,NORMA-13990,386
7,NORMA-19642,387
7,NORMA-18206,388
7,NORMA-11470,389
7,NORMA-21404,390
7,NORMA-6245,391
7,NORMA-618,392
7,NORMA-13024,393
7,NORMA-18379,394
7,NORMA-21578,395
7,NORMA-1250,396
7,NORMA-9382,397
7,NORMA-21564,398
7,NORMA-20920,399
7,NORMA-6249,400
7,NORMA-19387,401
7,NORMA-11467,402
7,NORMA-18537,403
7,NORMA-19618,404
7,NORMA-20868,405
7,NORMA-14724,406
7,NORMA-12965,407
7,NORMA-5925,408
7,NORMA-6253,409
7,NORMA-11356,410
7,NORMA-8706,411
7,NORMA-12437,412
7,NORMA-7651,413
7,NORMA-1572,414
7,NORMA-12415,415
7,NORMA-7387,416
7,NORMA-13112,417
7,NORMA-12733,418
7,NORMA-18359,419
7,NORMA-13308,420
7,NORMA-21423,421
7,NORMA-4786,422
7,NORMA-19095,423
7,NORMA-6736,424
7,NORMA-15085,425
7,NORMA-3577,426
7,NORMA-14390,427
7,NORMA-19192,428
7,NORMA-3767,429
7,NORMA-19704,430
7,NORMA-11085,431
7,NORMA-8205,432
7,NORMA-9823,433
7,NORMA-18574,434
7,NORMA-5360,435
7,NORMA-14294,436
7,NORMA-10116,437
7,NORMA-5496,438
7,NORMA-20494,439
7,NORMA-11655,440
7,NORMA-14239,441
7,NORMA-13106,442
7,NORMA-18682,443
7,NORMA-19003,444
7,NORMA-19980,445
7,NORMA-18933,446
7,NORMA-20284,447
7,NORMA-18974,448
7,NORMA-21650,449
7,NORMA-20138,450
7,NORMA-18333,451
7,NORMA-13476,452
7,NORMA-19578,453
7,NORMA-4818,454
7,NORMA-21521,455
7,NORMA-13514,456
7,NORMA-6949,457
7,NORMA-12872,458
7,NORMA-18546,459
7,NORMA-15339,460
7,NORMA-19587,461
7,NORMA-19802,462
7,NORMA-19972,463
7,NORMA-4396,464
7,NORMA-13323,465
7,NORMA-2032,466
7,NORMA-2517,467
7,NORMA-19234,468
7,NORMA-21122,469
7,NORMA-20855,470
7,NORMA-11756,471
7,NORMA-1341,472
7,NORMA-20105,473
7,NORMA-19755,474
7,NORMA-6318,475
7,NORMA-21506,476
7,NORMA-13918,477
7,NORMA-3201,478
7,NORMA-2536,479
7,NORMA-20070,480
7,NORMA-21631,481
7,NORMA-29005,482
7,NORMA-13470,483
7,NORMA-15237,484
7,NORMA-19580,485
7,NORMA-19092,486
7,NORMA-18838,487
7,NORMA-27044,488
7,NORMA-21069,489
7,NORMA-3662,490
7,NORMA-21291,491
7,NORMA-3241,492
7,NORMA-21063,493
7,NORMA-11417,494
7,NORMA-11316,495
7,NORMA-21541,496
7,NORMA-20082,497
7,NORMA-21419,498
7,NORMA-462,499
7,NORMA-18892,500
7,NORMA-6627,501
7,NORMA-28181,502
7,NORMA-20104,503
7,NORMA-20300,504
7,NORMA-18937,505
7,NORMA-20096,506
7,NORMA-21228,507
7,NORMA-21431,508
7,NORMA-21114,509
7,NORMA-20797,510
7,NORMA-20705,511
7,NORMA-18781,512
7,NORMA-19039,513
7,NORMA-18825,514
7,NORMA-6957,515
7,NORMA-19463,516
7,NORMA-20906,517
7,NORMA-21700,518
7,NORMA-6645,519
7,NORMA-18935,520
7,NORMA-20706,521
7,NORMA-24061,522
7,NORMA-13905,523
7,NORMA-6084,524
7,NORMA-21418,525
7,NORMA-19750,526
7,NORMA-19469,527
7,NORMA-11632,528
7,NORMA-21770,529
7,NORMA-19104,530
7,NORMA-19675,531
7,NORMA-21293,532
7,NORMA-21709,533
7,NORMA-21680,534
7,NORMA-19459,535
7,NORMA-2269,536
7,NORMA-21336,537
7,NORMA-21453,538
7,NORMA-21231,539
7,NORMA-6509,540
7,NORMA-28561,541
7,NORMA-21213,542
7,NORMA-18450,543
7,NORMA-19372,544
7,NORMA-14459,545
7,NORMA-18474,546
7,NORMA-18343,547
7,NORMA-18500,548
7,NORMA-18350,549
7,NORMA-21396,550
7,NORMA-20902,551
7,NORMA-21545,552
7,NORMA-7015,553
7,NORMA-21563,554
7,NORMA-18725,555
7,NORMA-21462,556
7,NORMA-21500,557
7,NORMA-21528,558
7,NORMA-21165,559
7,NORMA-20721,560
7,NORMA-12880,561
7,NORMA-3281,562
7,NORMA-21405,563
7,NORMA-19458,564
7,NORMA-10256,565
7,NORMA-3981,566
7,NORMA-12098,567
7,NORMA-19103,568
7,NORMA-11860,569
7,NORMA-11858,570
7,NORMA-28584,571
7,NORMA-18746,572
7,NORMA-21313,573
7,NORMA-21150,574
7,NORMA-21613,575
7,NORMA-21289,576
7,NORMA-21588,577
7,NORMA-21530,578
7,NORMA-17201,579
7,NORMA-12045,580
7,NORMA-14813,581
7,NORMA-19557,582
7,NORMA-18647,583
7,NORMA-13919,584
7,NORMA-19352,585
7,NORMA-19351,586
7,NORMA-10473,587
7,NORMA-6398,588
7,NORMA-6962,589
7,NORMA-19377,590
7,NORMA-21713,591
7,NORMA-21370,592
7,NORMA-19461,593
7,NORMA-21297,594
7,NORMA-21679,595
7,NORMA-2470,596
7,NORMA-17182,597
7,NORMA-21433,598
7,NORMA-18396,599
7,NORMA-19659,600
7,NORMA-2478,601
7,NORMA-21555,602
7,NORMA-20103,603
7,NORMA-6252,604
7,NORMA-19118,605
7,NORMA-13138,606
7,NORMA-18563,607
7,NORMA-19228,608
7,NORMA-19406,609
7,NORMA-19323,610
7,NORMA-18868,611
7,NORMA-21406,612
7,NORMA-21759,613
7,NORMA-972,614
7,NORMA-11599,615
7,NORMA-21232,616
7,NORMA-19471,617
7,NORMA-20896,618
7,NORMA-21656,619
7,NORMA-1841,620
7,NORMA-19871,621
7,NORMA-20108,622
7,NORMA-11857,623
7,NORMA-835,624
7,NORMA-19353,625
7,NORMA-2483,626
7,NORMA-21126,627
7,NORMA-18600,628
7,NORMA-19555,629
7,NORMA-21520,630
7,NORMA-21552,631
7,NORMA-2376,632
7,NORMA-18249,633
7,NORMA-11523,634
7,NORMA-18724,635
7,NORMA-21771,636
7,NORMA-21747,637
7,NORMA-19233,638
7,NORMA-2921,639
7,NORMA-13474,640
7,NORMA-21237,641
7,NORMA-21279,642
7,NORMA-14985,643
7,NORMA-21538,644
7,NORMA-19466,645
7,NORMA-21668,646
7,NORMA-18230,647
7,NORMA-19444,648
7,NORMA-20800,649
7,NORMA-18986,650
7,NORMA-19413,651
7,NORMA-2383,652
7,NORMA-10028,653
7,NORMA-19259,654
7,NORMA-15802,655
7,NORMA-9831,656
7,NORMA-18995,657
7,NORMA-18775,658
7,NORMA-7011,659
7,NORMA-28582,660
7,NORMA-18979,661
7,NORMA-19667,662
7,NORMA-18572,663
7,NORMA-19235,664
7,NORMA-19249,665
7,NORMA-3777,666
7,NORMA-4319,667
7,NORMA-18553,668
7,NORMA-19343,669
7,NORMA-20988,670
7,NORMA-9110,671
7,NORMA-21746,672
7,NORMA-7942,673
7,NORMA-9670,674
7,NORMA-19637,675
7,NORMA-14377,676
7,NORMA-19841,677
7,NORMA-5134,678
7,NORMA-18583,679
7,NORMA-12027,680
7,NORMA-21548,681
7,NORMA-21690,682
7,NORMA-24582,683
7,NORMA-20519,684
7,NORMA-27341,685
7,NORMA-6702,686
7,NORMA-20137,687
7,NORMA-18971,688
7,NORMA-21496,689
7,NORMA-21589,690
7,NORMA-4830,691
7,NORMA-21254,692
7,NORMA-29421,693
7,NORMA-19803,694
7,NORMA-19607,695
7,NORMA-21085,696
7,NORMA-19942,697
7,NORMA-11087,698
7,NORMA-19383,699
7,NORMA-4746,700
7,NORMA-11513,701
7,NORMA-11521,702
7,NORMA-18501,703
7,NORMA-5626,704
7,NORMA-215,705
7,NORMA-4423,706
7,NORMA-26003,707
7,NORMA-2399,708
7,NORMA-19824,709
7,NORMA-27221,710
7,NORMA-20941,711
7,NORMA-1999,712
7,NORMA-19374,713
7,NORMA-19588,714
7,NORMA-18819,715
7,NORMA-20676,716
7,NORMA-18690,717
7,NORMA-1534,718
7,NORMA-8774,719
7,NORMA-18368,720
7,NORMA-1471,721
7,NORMA-20167,722
7,NORMA-18734,723
7,NORMA-18992,724
7,NORMA-18897,725
7,NORMA-21626,726
7,NORMA-2089,727
7,NORMA-20899,728
7,NORMA-19777,729
7,NORMA-20129,730
7,NORMA-5372,731
7,NORMA-21066,732
7,NORMA-21061,733
7,NORMA-20942,734
7,NORMA-20172,735
7,NORMA-61,736
7,NORMA-3820,737
7,NORMA-21201,738
7,NORMA-18687,739
7,NORMA-4588,740
7,NORMA-3821,741
7,NORMA-20299,742
7,NORMA-20535,743
7,NORMA-20916,744
7,NORMA-19267,745
7,NORMA-18556,746
7,NORMA-18366,747
7,NORMA-20161,748
7,NORMA-21187,749
7,NORMA-15561,750
7,NORMA-4425,751
7,NORMA-19244,752
7,NORMA-21584,753
7,NORMA-772,754
7,NORMA-21159,755
7,NORMA-20748,756
7,NORMA-20699,757
7,NORMA-19916,758
7,NORMA-19846,759
7,NORMA-20157,760
7,NORMA-509,761
7,NORMA-1663,762
7,NORMA-18650,763
7,NORMA-2158,764
7,NORMA-20613,765
7,NORMA-15542,766
7,NORMA-20751,767
7,NORMA-18861,768
7,NORMA-20098,769
7,NORMA-15426,770
7,NORMA-21791,771
7,NORMA-20229,772
7,NORMA-20125,773
7,NORMA-7466,774
7,NORMA-11739,775
7,NORMA-21262,776
7,NORMA-20895,777
7,NORMA-20512,778
7,NORMA-19655,779
7,NORMA-20110,780
7,NORMA-13508,781
7,NORMA-18214,782
7,NORMA-21702,783
7,NORMA-20929,784
7,NORMA-21522,785
7,NORMA-11472,786
7,NORMA-19096,787
7,NORMA-1613,788
7,NORMA-20119,789
7,NORMA-1173,790
7,NORMA-19028,791
7,NORMA-18436,792
7,NORMA-11596,793
7,NORMA-21413,794
7,NORMA-19205,795
7,NORMA-21252,796
7,NORMA-20269,797
7,NORMA-19724,798
7,NORMA-20068,799
7,NORMA-21382,800
7,NORMA-21544,801
7,NORMA-18899,802
7,NORMA-20190,803
7,NORMA-21550,804
7,NORMA-18958,805
7,NORMA-21659,806
7,NORMA-20971,807
7,NORMA-18303,808
7,NORMA-19859,809
7,NORMA-19621,810
7,NORMA-18870,811
7,NORMA-15581,812
7,NORMA-11476,813
7,NORMA-19828,814
7,NORMA-19436,815
7,NORMA-20055,816
7,NORMA-18528,817
7,NORMA-19376,818
7,NORMA-3571,819
7,NORMA-21071,820
7,NORMA-18984,821
7,NORMA-20149,822
7,NORMA-21157,823
7,NORMA-4634,824
7,NORMA-19649,825
7,NORMA-19416,826
7,NORMA-3735,827
7,NORMA-18953,828
7,NORMA-18294,829
7,NORMA-838,830
7,NORMA-18463,831
7,NORMA-18401,832
7,NORMA-18550,833
7,NORMA-31904,834
7,NORMA-20234,835
7,NORMA-1024,836
7,NORMA-20102,837
7,NORMA-15004,838
7,NORMA-21207,839
7,NORMA-21408,840
7,NORMA-18591,841
7,NORMA-19503,842
7,NORMA-19903,843
7,NORMA-19740,844
7,NORMA-741,845
7,NORMA-19682,846
7,NORMA-23027,847
7,NORMA-18554,848
7,NORMA-20064,849
7,NORMA-19845,850
7,NORMA-24102,851
7,NORMA-20179,852
7,NORMA-20163,853
7,NORMA-18767,854
7,NORMA-21461,855
7,NORMA-18403,856
7,NORMA-21028,857
7,NORMA-20371,858
7,NORMA-19959,859
7,NORMA-21264,860
7,NORMA-12657,861
7,NORMA-20183,862
7,NORMA-28281,863
7,NORMA-19391,864
7,NORMA-21147,865
7,NORMA-18345,866
7,NORMA-21783,867
7,NORMA-5536,868
7,NORMA-7110,869
7,NORMA-19174,870
7,NORMA-18205,871
7,NORMA-21669,872
7,NORMA-6316,873
7,NORMA-6181,874
7,NORMA-18412,875
7,NORMA-11605,876
7,NORMA-19212,877
7,NORMA-228,878
7,NORMA-6343,879
7,NORMA-6630,880
7,NORMA-21507,881
7,NORMA-20789,882
7,NORMA-19431,883
7,NORMA-3979,884
7,NORMA-20189,885
7,NORMA-4091,886
7,NORMA-6967,887
7,NORMA-19337,888
7,NORMA-5170,889
7,NORMA-11864,890
7,NORMA-27022,891
7,NORMA-20106,892
7,NORMA-18446,893
7,NORMA-18549,894
7,NORMA-6819,895
7,NORMA-6820,896
7,NORMA-19515,897
7,NORMA-6970,898
7,NORMA-19939,899
7,NORMA-20290,900
7,NORMA-21437,901
7,NORMA-10821,902
7,NORMA-20831,903
7,NORMA-9888,904
7,NORMA-21523,905
7,NORMA-19729,906
7,NORMA-10119,907
7,NORMA-20707,908
7,NORMA-18952,909
7,NORMA-10878,910
7,NORMA-6752,911
7,NORMA-22561,912
7,NORMA-19842,913
7,NORMA-10029,914
7,NORMA-10044,915
7,NORMA-18653,916
7,NORMA-9871,917
7,NORMA-25902,918
7,NORMA-19715,919
7,NORMA-20488,920
7,NORMA-20995,921
7,NORMA-18654,922
7,NORMA-20520,923
7,NORMA-20227,924
7,NORMA-4909,925
7,NORMA-7228,926
7,NORMA-20779,927
7,NORMA-20759,928
7,NORMA-21080,929
7,NORMA-7312,930
7,NORMA-7912,931
7,NORMA-19155,932
7,NORMA-2495,933
7,NORMA-10375,934
7,NORMA-20801,935
7,NORMA-20557,936
7,NORMA-20252,937
7,NORMA-19121,938
7,NORMA-18382,939
7,NORMA-10200,940
7,NORMA-10629,941
7,NORMA-21093,942
7,NORMA-20407,943
7,NORMA-8458,944
7,NORMA-7953,945
7,NORMA-21163,946
7,NORMA-19178,947
7,NORMA-20597,948
7,NORMA-20398,949
7,NORMA-7027,950
7,NORMA-1672,951
7,NORMA-20763,952
7,NORMA-20257,953
7,NORMA-2519,954
7,NORMA-20053,955
7,NORMA-20236,956
7,NORMA-20632,957
7,NORMA-20295,958
7,NORMA-20602,959
7,NORMA-20389,960
7,NORMA-20038,961
7,NORMA-20962,962
7,NORMA-6344,963
7,NORMA-21004,964
7,NORMA-19613,965
7,NORMA-20844,966
7,NORMA-6410,967
7,NORMA-21203,968
7,NORMA-2432,969
7,NORMA-20915,970
7,NORMA-20856,971
7,NORMA-6092,972
7,NORMA-21739,973
7,NORMA-20727,974
7,NORMA-20577,975
7,NORMA-20558,976
7,NORMA-20253,977
7,NORMA-20758,978
7,NORMA-20503,979
7,NORMA-20265,980
7,NORMA-19181,981
7,NORMA-229,982
7,NORMA-20561,983
7,NORMA-20241,984
7,NORMA-20238,985
7,NORMA-20444,986
7,NORMA-21776,987
7,NORMA-20369,988
7,NORMA-20490,989
7,NORMA-21107,990
7,NORMA-19021,991
7,NORMA-18434,992
7,NORMA-19152,993
7,NORMA-19081,994
7,NORMA-20087,995
7,NORMA-20482,996
7,NORMA-20473,997
7,NORMA-20382,998
7,NORMA-20465,999
7,NORMA-20460,1000
8,NORMA-20422,1
8,NORMA-20183,2
8,NORMA-21369,3
8,NORMA-20428,4
8,NORMA-20316,5
8,NORMA-20989,6
8,NORMA-19883,7
8,NORMA-18958,8
8,NORMA-18430,9
8,NORMA-21524,10
8,NORMA-21361,11
8,NORMA-21437,12
8,NORMA-20465,13
8,NORMA-20192,14
8,NORMA-19724,15
8,NORMA-18873,16
8,NORMA-21272,17
8,NORMA-21269,18
8,NORMA-21444,19
8,NORMA-20754,20
8,NORMA-20468,21
8,NORMA-19152,22
8,NORMA-20189,23
8,NORMA-20460,24
8,NORMA-21784,25
8,NORMA-20359,26
8,NORMA-20405,27
8,NORMA-20426,28
8,NORMA-21705,29
8,NORMA-20513,30
8,NORMA-20514,31
8,NORMA-18211,32
8,NORMA-20443,33
8,NORMA-20139,34
8,NORMA-20396,35
8,NORMA-21459,36
8,NORMA-21717,37
8,NORMA-20474,38
8,NORMA-3181,39
8,NORMA-21367,40
8,NORMA-20374,41
8,NORMA-8027,42
8,NORMA-19081,43
8,NORMA-20182,44
8,NORMA-18884,45
8,NORMA-21537,46
8,NORMA-19609,47
8,NORMA-21650,48
8,NORMA-6199,49
8,NORMA-21676,50
8,NORMA-20517,51
8,NORMA-20197,52
8,NORMA-20854,53
8,NORMA-20205,54
8,NORMA-19192,55
8,NORMA-21507,56
8,NORMA-20616,57
8,NORMA-20382,58
8,NORMA-20439,59
8,NORMA-21637,60
8,NORMA-20870,61
8,NORMA-19574,62
8,NORMA-18654,63
8,NORMA-21345,64
8,NORMA-20790,65
8,NORMA-19977,66
8,NORMA-21217,67
8,NORMA-21286,68
8,NORMA-19437,69
8,NORMA-21352,70
8,NORMA-20397,71
8,NORMA-19124,72
8,NORMA-19629,73
8,NORMA-20557,74
8,NORMA-19969,75
8,NORMA-20222,76
8,NORMA-21509,77
8,NORMA-21462,78
8,NORMA-21787,79
8,NORMA-21663,80
8,NORMA-20072,81
8,NORMA-21710,82
8,NORMA-21305,83
8,NORMA-19799,84
8,NORMA-21461,85
8,NORMA-18562,86
8,NORMA-13265,87
8,NORMA-23341,88
8,NORMA-18668,89
8,NORMA-12630,90
8,NORMA-21649,91
8,NORMA-21626,92
8,NORMA-19787,93
8,NORMA-19583,94
8,NORMA-21523,95
8,NORMA-14542,96
8,NORMA-19206,97
8,NORMA-5421,98
8,NORMA-21224,99
8,NORMA-21638,100
8,NORMA-18574,101
8,NORMA-19003,102
8,NORMA-20225,103
8,NORMA-21225,104
8,NORMA-19727,105
8,NORMA-20388,106
8,NORMA-4710,107
8,NORMA-18682,108
8,NORMA-18653,109
8,NORMA-7651,110
8,NORMA-4091,111
8,NORMA-19842,112
8,NORMA-19371,113
8,NORMA-21241,114
8,NORMA-15045,115
8,NORMA-19444,116
8,NORMA-23682,117
8,NORMA-21253,118
8,NORMA-20206,119
8,NORMA-19337,120
8,NORMA-19096,121
8,NORMA-19330,122
8,NORMA-9823,123
8,NORMA-20188,124
8,NORMA-20922,125
8,NORMA-21197,126
8,NORMA-21065,127
8,NORMA-20924,128
8,NORMA-20171,129
8,NORMA-20901,130
8,NORMA-21238,131
8,NORMA-6509,132
8,NORMA-25902,133
8,NORMA-19181,134
8,NORMA-10865,135
8,NORMA-21550,136
8,NORMA-21608,137
8,NORMA-9358,138
8,NORMA-21390,139
8,NORMA-19245,140
8,NORMA-7110,141
8,NORMA-7384,142
8,NORMA-20258,143
8,NORMA-21279,144
8,NORMA-20501,145
8,NORMA-19784,146
8,NORMA-21152,147
8,NORMA-21606,148
8,NORMA-10123,149
8,NORMA-21659,150
8,NORMA-19622,151
8,NORMA-19704,152
8,NORMA-18996,153
8,NORMA-20477,154
8,NORMA-20398,155
8,NORMA-21418,156
8,NORMA-21052,157
8,NORMA-1567,158
8,NORMA-19406,159
8,NORMA-6753,160
8,NORMA-3571,161
8,NORMA-19606,162
8,NORMA-480,163
8,NORMA-20349,164
8,NORMA-20778,165
8,NORMA-20677,166
8,NORMA-20423,167
8,NORMA-21211,168
8,NORMA-19733,169
8,NORMA-21189,170
8,NORMA-21404,171
8,NORMA-21277,172
8,NORMA-19729,173
8,NORMA-21029,174
8,NORMA-21205,175
8,NORMA-18386,176
8,NORMA-19174,177
8,NORMA-18978,178
8,NORMA-20385,179
8,NORMA-18767,180
8,NORMA-21561,181
8,NORMA-20407,182
8,NORMA-20144,183
8,NORMA-16202,184
8,NORMA-658,185
8,NORMA-20482,186
8,NORMA-20630,187
8,NORMA-19240,188
8,NORMA-21290,189
8,NORMA-14937,190
8,NORMA-18858,191
8,NORMA-20389,192
8,NORMA-18201,193
8,NORMA-21725,194
8,NORMA-18691,195
8,NORMA-13158,196
8,NORMA-20172,197
8,NORMA-21126,198
8,NORMA-3503,199
8,NORMA-19223,200
8,NORMA-25964,201
8,NORMA-12858,202
8,NORMA-13469,203
8,NORMA-6203,204
8,NORMA-13671,205
8,NORMA-8938,206
8,NORMA-15208,207
8,NORMA-20812,208
8,NORMA-23361,209
8,NORMA-10797,210
8,NORMA-27550,211
8,NORMA-20503,212
8,NORMA-9457,213
8,NORMA-14099,214
8,NORMA-20108,215
8,NORMA-15027,216
8,NORMA-19942,217
8,NORMA-5381,218
8,NORMA-14345,219
8,NORMA-15237,220
8,NORMA-14113,221
8,NORMA-6521,222
8,NORMA-28802,223
8,NORMA-19691,224
8,NORMA-19526,225
8,NORMA-20007,226
8,NORMA-3735,227
8,NORMA-20800,228
8,NORMA-13995,229
8,NORMA-4634,230
8,NORMA-21402,231
8,NORMA-4792,232
8,NORMA-4500,233
8,NORMA-6185,234
8,NORMA-9382,235
8,NORMA-18748,236
8,NORMA-9834,237
8,NORMA-17281,238
8,NORMA-27687,239
8,NORMA-19874,240
8,NORMA-13519,241
8,NORMA-22001,242
8,NORMA-27761,243
8,NORMA-18319,244
8,NORMA-13229,245
8,NORMA-18436,246
8,NORMA-14508,247
8,NORMA-23027,248
8,NORMA-18266,249
8,NORMA-11599,250
8,NORMA-19515,251
8,NORMA-19279,252
8,NORMA-18368,253
8,NORMA-21236,254
8,NORMA-19021,255
8,NORMA-19947,256
8,NORMA-24102,257
8,NORMA-18915,258
8,NORMA-18293,259
8,NORMA-20129,260
8,NORMA-18456,261
8,NORMA-18999,262
8,NORMA-23881,263
8,NORMA-18994,264
8,NORMA-21366,265
8,NORMA-21231,266
8,NORMA-19645,267
8,NORMA-18450,268
8,NORMA-20366,269
8,NORMA-3966,270
8,NORMA-19859,271
8,NORMA-19570,272
8,NORMA-20105,273
8,NORMA-20300,274
8,NORMA-20369,275
8,NORMA-18970,276
8,NORMA-462,277
8,NORMA-20185,278
8,NORMA-18545,279
8,NORMA-6256,280
8,NORMA-19940,281
8,NORMA-15211,282
8,NORMA-3638,283
8,NORMA-21344,284
8,NORMA-19845,285
8,NORMA-20962,286
8,NORMA-18424,287
8,NORMA-21004,288
8,NORMA-18697,289
8,NORMA-12067,290
8,NORMA-7012,291
8,NORMA-15465,292
8,NORMA-7011,293
8,NORMA-20065,294
8,NORMA-20731,295
8,NORMA-21170,296
8,NORMA-15427,297
8,NORMA-19822,298
8,NORMA-6819,299
8,NORMA-20571,300
8,NORMA-5008,301
8,NORMA-18294,302
8,NORMA-19863,303
8,NORMA-6820,304
8,NORMA-18463,305
8,NORMA-18401,306
8,NORMA-19387,307
8,NORMA-15239,308
8,NORMA-13772,309
8,NORMA-21291,310
8,NORMA-21147,311
8,NORMA-21203,312
8,NORMA-21359,313
8,NORMA-20295,314
8,NORMA-20915,315
8,NORMA-21226,316
8,NORMA-19751,317
8,NORMA-19797,318
8,NORMA-7241,319
8,NORMA-6970,320
8,NORMA-21535,321
8,NORMA-20845,322
8,NORMA-6075,323
8,NORMA-19221,324
8,NORMA-21443,325
8,NORMA-19365,326
8,NORMA-19928,327
8,NORMA-19588,328
8,NORMA-21586,329
8,NORMA-19249,330
8,NORMA-21046,331
8,NORMA-21110,332
8,NORMA-21423,333
8,NORMA-18287,334
8,NORMA-20447,335
8,NORMA-11655,336
8,NORMA-21578,337
8,NORMA-14239,338
8,NORMA-19408,339
8,NORMA-834,340
8,NORMA-6880,341
8,NORMA-20966,342
8,NORMA-19182,343
8,NORMA-19631,344
8,NORMA-20602,345
8,NORMA-19150,346
8,NORMA-18962,347
8,NORMA-18356,348
8,NORMA-7390,349
8,NORMA-2269,350
8,NORMA-18605,351
8,NORMA-18501,352
8,NORMA-19939,353
8,NORMA-21228,354
8,NORMA-20429,355
8,NORMA-20856,356
8,NORMA-18906,357
8,NORMA-20738,358
8,NORMA-20692,359
8,NORMA-21477,360
8,NORMA-12982,361
8,NORMA-20490,362
8,NORMA-21752,363
8,NORMA-21156,364
8,NORMA-21389,365
8,NORMA-26701,366
8,NORMA-18974,367
8,NORMA-159,368
8,NORMA-20452,369
8,NORMA-12029,370
8,NORMA-15861,371
8,NORMA-18446,372
8,NORMA-14501,373
8,NORMA-12776,374
8,NORMA-18418,375
8,NORMA-20869,376
8,NORMA-15028,377
8,NORMA-19750,378
8,NORMA-18359,379
8,NORMA-19092,380
8,NORMA-20199,381
8,NORMA-18648,382
8,NORMA-13323,383
8,NORMA-20626,384
8,NORMA-20446,385
8,NORMA-6623,386
8,NORMA-13056,387
8,NORMA-20210,388
8,NORMA-20990,389
8,NORMA-12900,390
8,NORMA-12901,391
8,NORMA-20239,392
8,NORMA-20157,393
8,NORMA-5536,394
8,NORMA-20917,395
8,NORMA-207,396
8,NORMA-20169,397
8,NORMA-26003,398
8,NORMA-19573,399
8,NORMA-21414,400
8,NORMA-29005,401
8,NORMA-20488,402
8,NORMA-19674,403
8,NORMA-20201,404
8,NORMA-19403,405
8,NORMA-20376,406
8,NORMA-20238,407
8,NORMA-18474,408
8,NORMA-4297,409
8,NORMA-20421,410
8,NORMA-20561,411
8,NORMA-4898,412
8,NORMA-20101,413
8,NORMA-5431,414
8,NORMA-21012,415
8,NORMA-20096,416
8,NORMA-11814,417
8,NORMA-18249,418
8,NORMA-3642,419
8,NORMA-20473,420
8,NORMA-20761,421
8,NORMA-20880,422
8,NORMA-4818,423
8,NORMA-21747,424
8,NORMA-7149,425
8,NORMA-21544,426
8,NORMA-19219,427
8,NORMA-19471,428
8,NORMA-20729,429
8,NORMA-21756,430
8,NORMA-6505,431
8,NORMA-18432,432
8,NORMA-778,433
8,NORMA-6758,434
8,NORMA-20068,435
8,NORMA-8522,436
8,NORMA-21631,437
8,NORMA-20028,438
8,NORMA-21746,439
8,NORMA-75,440
8,NORMA-18339,441
8,NORMA-21432,442
8,NORMA-4820,443
8,NORMA-9870,444
8,NORMA-20483,445
8,NORMA-18796,446
8,NORMA-18934,447
8,NORMA-21526,448
8,NORMA-27521,449
8,NORMA-19205,450
8,NORMA-20985,451
8,NORMA-20106,452
8,NORMA-19941,453
8,NORMA-21332,454
8,NORMA-21003,455
8,NORMA-2555,456
8,NORMA-20448,457
8,NORMA-21220,458
8,NORMA-21295,459
8,NORMA-21419,460
8,NORMA-21264,461
8,NORMA-4538,462
8,NORMA-21239,463
8,NORMA-19225,464
8,NORMA-19968,465
8,NORMA-17201,466
8,NORMA-18967,467
8,NORMA-18954,468
8,NORMA-20950,469
8,NORMA-21641,470
8,NORMA-6702,471
8,NORMA-6253,472
8,NORMA-19712,473
8,NORMA-21761,474
8,NORMA-19295,475
8,NORMA-209,476
8,NORMA-18276,477
8,NORMA-19374,478
8,NORMA-211,479
8,NORMA-19232,480
8,NORMA-18971,481
8,NORMA-19647,482
8,NORMA-21114,483
8,NORMA-21521,484
8,NORMA-18479,485
8,NORMA-21776,486
8,NORMA-20184,487
8,NORMA-20164,488
8,NORMA-19459,489
8,NORMA-19919,490
8,NORMA-20873,491
8,NORMA-18385,492
8,NORMA-20841,493
8,NORMA-24941,494
8,NORMA-21192,495
8,NORMA-20992,496
8,NORMA-208,497
8,NORMA-12657,498
8,NORMA-21792,499
8,NORMA-20402,500
8,NORMA-588,501
8,NORMA-587,502
8,NORMA-19642,503
8,NORMA-10708,504
8,NORMA-4588,505
8,NORMA-13402,506
8,NORMA-19715,507
8,NORMA-20887,508
8,NORMA-6701,509
8,NORMA-595,510
8,NORMA-878,511
8,NORMA-11505,512
8,NORMA-10034,513
8,NORMA-15134,514
8,NORMA-14587,515
8,NORMA-20190,516
8,NORMA-10931,517
8,NORMA-14974,518
8,NORMA-11901,519
8,NORMA-19634,520
8,NORMA-13903,521
8,NORMA-19267,522
8,NORMA-18243,523
8,NORMA-20056,524
8,NORMA-18549,525
8,NORMA-21669,526
8,NORMA-8028,527
8,NORMA-11711,528
8,NORMA-19183,529
8,NORMA-2184,530
8,NORMA-19265,531
8,NORMA-4182,532
8,NORMA-20217,533
8,NORMA-6645,534
8,NORMA-11292,535
8,NORMA-21687,536
8,NORMA-20138,537
8,NORMA-21522,538
8,NORMA-10745,539
8,NORMA-10590,540
8,NORMA-10534,541
8,NORMA-18303,542
8,NORMA-10347,543
8,NORMA-18952,544
8,NORMA-21496,545
8,NORMA-18818,546
8,NORMA-1740,547
8,NORMA-19981,548
8,NORMA-20381,549
8,NORMA-20179,550
8,NORMA-19095,551
8,NORMA-21159,552
8,NORMA-19699,553
8,NORMA-19110,554
8,NORMA-8575,555
8,NORMA-19798,556
8,NORMA-6291,557
8,NORMA-20167,558
8,NORMA-4711,559
8,NORMA-18624,560
8,NORMA-18595,561
8,NORMA-13918,562
8,NORMA-1421,563
8,NORMA-15339,564
8,NORMA-4075,565
8,NORMA-20090,566
8,NORMA-9681,567
8,NORMA-9067,568
8,NORMA-19829,569
8,NORMA-19481,570
8,NORMA-28561,571
8,NORMA-19866,572
8,NORMA-19617,573
8,NORMA-21553,574
8,NORMA-21353,575
8,NORMA-21729,576
8,NORMA-13470,577
8,NORMA-3241,578
8,NORMA-19582,579
8,NORMA-19788,580
8,NORMA-27044,581
8,NORMA-19519,582
8,NORMA-11000,583
8,NORMA-21636,584
8,NORMA-21000,585
8,NORMA-21751,586
8,NORMA-12174,587
8,NORMA-11794,588
8,NORMA-19891,589
8,NORMA-21755,590
8,NORMA-27101,591
8,NORMA-4318,592
8,NORMA-10219,593
8,NORMA-20993,594
8,NORMA-23222,595
8,NORMA-18942,596
8,NORMA-14703,597
8,NORMA-4275,598
8,NORMA-20612,599
8,NORMA-21431,600
8,NORMA-143,601
8,NORMA-7381,602
8,NORMA-19014,603
8,NORMA-23521,604
8,NORMA-13719,605
8,NORMA-19818,606
8,NORMA-28961,607
8,NORMA-21648,608
8,NORMA-12080,609
8,NORMA-14876,610
8,NORMA-25542,611
8,NORMA-21157,612
8,NORMA-6881,613
8,NORMA-18626,614
8,NORMA-13801,615
8,NORMA-12024,616
8,NORMA-12032,617
8,NORMA-729,618
8,NORMA-188,619
8,NORMA-21107,620
8,NORMA-20223,621
8,NORMA-19621,622
8,NORMA-18937,623
8,NORMA-21256,624
8,NORMA-19039,625
8,NORMA-6643,626
8,NORMA-20949,627
8,NORMA-19436,628
8,NORMA-20037,629
8,NORMA-18342,630
8,NORMA-1422,631
8,NORMA-12102,632
8,NORMA-11863,633
8,NORMA-19655,634
8,NORMA-19925,635
8,NORMA-19212,636
8,NORMA-21689,637
8,NORMA-19658,638
8,NORMA-6595,639
8,NORMA-18302,640
8,NORMA-18769,641
8,NORMA-21267,642
8,NORMA-20121,643
8,NORMA-18341,644
8,NORMA-21244,645
8,NORMA-21020,646
8,NORMA-21739,647
8,NORMA-20706,648
8,NORMA-18554,649
8,NORMA-217,650
8,NORMA-23301,651
8,NORMA-14629,652
8,NORMA-18989,653
8,NORMA-21337,654
8,NORMA-11803,655
8,NORMA-18427,656
8,NORMA-18959,657
8,NORMA-20995,658
8,NORMA-15662,659
8,NORMA-28466,660
8,NORMA-28361,661
8,NORMA-19709,662
8,NORMA-18875,663
8,NORMA-19871,664
8,NORMA-19375,665
8,NORMA-19151,666
8,NORMA-21297,667
8,NORMA-19278,668
8,NORMA-19553,669
8,NORMA-13004,670
8,NORMA-20772,671
8,NORMA-21448,672
8,NORMA-21534,673
8,NORMA-21576,674
8,NORMA-21601,675
8,NORMA-25202,676
8,NORMA-19862,677
8,NORMA-18935,678
8,NORMA-20147,679
8,NORMA-18602,680
8,NORMA-19493,681
8,NORMA-18284,682
8,NORMA-6655,683
8,NORMA-6629,684
8,NORMA-18492,685
8,NORMA-27501,686
8,NORMA-12165,687
8,NORMA-21690,688
8,NORMA-20796,689
8,NORMA-12837,690
8,NORMA-8384,691
8,NORMA-19592,692
8,NORMA-19351,693
8,NORMA-6948,694
8,NORMA-12161,695
8,NORMA-12039,696
8,NORMA-26163,697
8,NORMA-18780,698
8,NORMA-21354,699
8,NORMA-19067,700
8,NORMA-18727,701
8,NORMA-21287,702
8,NORMA-19027,703
8,NORMA-21577,704
8,NORMA-21557,705
8,NORMA-18730,706
8,NORMA-21624,707
8,NORMA-20581,708
8,NORMA-20234,709
8,NORMA-20268,710
8,NORMA-21501,711
8,NORMA-18980,712
8,NORMA-18747,713
8,NORMA-20476,714
8,NORMA-2125,715
8,NORMA-18560,716
8,NORMA-20100,717
8,NORMA-20269,718
8,NORMA-18490,719
8,NORMA-27342,720
8,NORMA-18789,721
8,NORMA-18972,722
8,NORMA-19905,723
8,NORMA-18955,724
8,NORMA-11769,725
8,NORMA-20480,726
8,NORMA-18316,727
8,NORMA-20646,728
8,NORMA-11728,729
8,NORMA-13797,730
8,NORMA-20721,731
8,NORMA-19358,732
8,NORMA-20487,733
8,NORMA-21163,734
8,NORMA-20955,735
8,NORMA-20278,736
8,NORMA-15701,737
8,NORMA-21506,738
8,NORMA-20089,739
8,NORMA-20204,740
8,NORMA-20802,741
8,NORMA-20981,742
8,NORMA-21767,743
8,NORMA-10226,744
8,NORMA-20356,745
8,NORMA-18739,746
8,NORMA-2413,747
8,NORMA-18613,748
8,NORMA-18310,749
8,NORMA-18792,750
8,NORMA-21054,751
8,NORMA-20253,752
8,NORMA-19360,753
8,NORMA-19487,754
8,NORMA-18512,755
8,NORMA-18488,756
8,NORMA-19263,757
8,NORMA-19157,758
8,NORMA-21116,759
8,NORMA-18849,760
8,NORMA-21184,761
8,NORMA-20191,762
8,NORMA-19708,763
8,NORMA-18956,764
8,NORMA-18419,765
8,NORMA-19053,766
8,NORMA-19049,767
8,NORMA-61,768
8,NORMA-21440,769
8,NORMA-20834,770
8,NORMA-18515,771
8,NORMA-18854,772
8,NORMA-20911,773
8,NORMA-21602,774
8,NORMA-25122,775
8,NORMA-21678,776
8,NORMA-19155,777
8,NORMA-18721,778
8,NORMA-19637,779
8,NORMA-21651,780
8,NORMA-21661,781
8,NORMA-6082,782
8,NORMA-21175,783
8,NORMA-19580,784
8,NORMA-21599,785
8,NORMA-21002,786
8,NORMA-20235,787
8,NORMA-16462,788
8,NORMA-19738,789
8,NORMA-21564,790
8,NORMA-20858,791
8,NORMA-26102,792
8,NORMA-21783,793
8,NORMA-20803,794
8,NORMA-6439,795
8,NORMA-21554,796
8,NORMA-20432,797
8,NORMA-7525,798
8,NORMA-20877,799
8,NORMA-18933,800
8,NORMA-21351,801
8,NORMA-15603,802
8,NORMA-19480,803
8,NORMA-21206,804
8,NORMA-5925,805
8,NORMA-19714,806
8,NORMA-18601,807
8,NORMA-5586,808
8,NORMA-21086,809
8,NORMA-19266,810
8,NORMA-21790,811
8,NORMA-20804,812
8,NORMA-3001,813
8,NORMA-1144,814
8,NORMA-20314,815
8,NORMA-18960,816
8,NORMA-6851,817
8,NORMA-570,818
8,NORMA-21533,819
8,NORMA-20538,820
8,NORMA-21043,821
8,NORMA-19009,822
8,NORMA-20839,823
8,NORMA-20554,824
8,NORMA-11316,825
8,NORMA-18832,826
8,NORMA-20321,827
8,NORMA-21356,828
8,NORMA-20659,829
8,NORMA-19777,830
8,NORMA-20442,831
8,NORMA-19575,832
8,NORMA-21166,833
8,NORMA-20159,834
8,NORMA-19785,835
8,NORMA-581,836
8,NORMA-21575,837
8,NORMA-21215,838
8,NORMA-20541,839
8,NORMA-20545,840
8,NORMA-20997,841
8,NORMA-21017,842
8,NORMA-20087,843
8,NORMA-21420,844
8,NORMA-19828,845
8,NORMA-20445,846
8,NORMA-11588,847
8,NORMA-20512,848
8,NORMA-20137,849
8,NORMA-20329,850
8,NORMA-20334,851
8,NORMA-20726,852
8,NORMA-19391,853
8,NORMA-20340,854
8,NORMA-11615,855
8,NORMA-21137,856
8,NORMA-1035,857
8,NORMA-970,858
8,NORMA-15347,859
8,NORMA-19789,860
8,NORMA-18301,861
8,NORMA-5626,862
8,NORMA-18429,863
8,NORMA-20730,864
8,NORMA-21580,865
8,NORMA-20724,866
8,NORMA-21584,867
8,NORMA-20174,868
8,NORMA-20317,869
8,NORMA-21484,870
8,NORMA-21499,871
8,NORMA-20615,872
8,NORMA-12016,873
8,NORMA-2336,874
8,NORMA-11482,875
8,NORMA-11618,876
8,NORMA-11579,877
8,NORMA-18435,878
8,NORMA-2071,879
8,NORMA-20053,880
8,NORMA-25761,881
8,NORMA-6022,882
8,NORMA-1485,883
8,NORMA-19282,884
8,NORMA-18633,885
8,NORMA-1365,886
8,NORMA-15521,887
8,NORMA-5566,888
8,NORMA-18669,889
8,NORMA-27564,890
8,NORMA-6451,891
8,NORMA-10018,892
8,NORMA-11683,893
8,NORMA-20166,894
8,NORMA-21301,895
8,NORMA-11630,896
8,NORMA-20304,897
8,NORMA-9936,898
8,NORMA-20784,899
8,NORMA-21721,900
8,NORMA-20491,901
8,NORMA-21169,902
8,NORMA-13094,903
8,NORMA-18899,904
8,NORMA-984,905
8,NORMA-19593,906
8,NORMA-19746,907
8,NORMA-21317,908
8,NORMA-6954,909
8,NORMA-21403,910
8,NORMA-19933,911
8,NORMA-19805,912
8,NORMA-18577,913
8,NORMA-8458,914
8,NORMA-19297,915
8,NORMA-7953,916
8,NORMA-19652,917
8,NORMA-20690,918
8,NORMA-20849,919
8,NORMA-28821,920
8,NORMA-7027,921
8,NORMA-21652,922
8,NORMA-20577,923
8,NORMA-3824,924
8,NORMA-19841,925
8,NORMA-18420,926
8,NORMA-19523,927
8,NORMA-18221,928
8,NORMA-21124,929
8,NORMA-19503,930
8,NORMA-18212,931
8,NORMA-21113,932
8,NORMA-249,933
8,NORMA-18910,934
8,NORMA-19895,935
8,NORMA-21450,936
8,NORMA-20437,937
8,NORMA-783,938
8,NORMA-21343,939
8,NORMA-20763,940
8,NORMA-9705,941
8,NORMA-20403,942
8,NORMA-19191,943
8,NORMA-19682,944
8,NORMA-10247,945
8,NORMA-21278,946
8,NORMA-19233,947
8,NORMA-974,948
8,NORMA-3484,949
8,NORMA-20104,950
8,NORMA-20195,951
8,NORMA-24661,952
8,NORMA-20892,953
8,NORMA-19792,954
8,NORMA-11601,955
8,NORMA-26281,956
8,NORMA-18409,957
8,NORMA-20807,958
8,NORMA-19394,959
8,NORMA-21569,960
8,NORMA-995,961
8,NORMA-21538,962
8,NORMA-14985,963
8,NORMA-21774,964
8,NORMA-4631,965
8,NORMA-292,966
8,NORMA-21446,967
8,NORMA-11859,968
8,NORMA-10200,969
8,NORMA-5134,970
8,NORMA-6245,971
8,NORMA-12101,972
8,NORMA-20263,973
8,NORMA-22561,974
8,NORMA-21288,975
8,NORMA-20793,976
8,NORMA-21227,977
8,NORMA-19378,978
8,NORMA-10041,979
8,NORMA-22241,980
8,NORMA-25541,981
8,NORMA-21312,982
8,NORMA-19473,983
8,NORMA-18816,984
8,NORMA-21562,985
8,NORMA-631,986
8,NORMA-18798,987
8,NORMA-14279,988
8,NORMA-6488,989
8,NORMA-21563,990
8,NORMA-20857,991
8,NORMA-21505,992
8,NORMA-18528,993
8,NORMA-21503,994
8,NORMA-19518,995
8,NORMA-20098,996
8,NORMA-28623,997
8,NORMA-20909,998
8,NORMA-19627,999
8,NORMA-21309,1000
9,NORMA-20302,1
9,NORMA-3966,2
9,NORMA-20144,3
9,NORMA-18730,4
9,NORMA-21499,5
9,NORMA-18748,6
9,NORMA-3503,7
9,NORMA-13797,8
9,NORMA-21120,9
9,NORMA-18871,10
9,NORMA-19477,11
9,NORMA-18351,12
9,NORMA-19969,13
9,NORMA-19512,14
9,NORMA-18604,15
9,NORMA-18427,16
9,NORMA-19167,17
9,NORMA-19939,18
9,NORMA-19648,19
9,NORMA-21274,20
9,NORMA-18271,21
9,NORMA-8028,22
9,NORMA-21065,23
9,NORMA-19639,24
9,NORMA-21764,25
9,NORMA-21697,26
9,NORMA-20073,27
9,NORMA-4195,28
9,NORMA-6489,29
9,NORMA-4102,30
9,NORMA-3541,31
9,NORMA-21526,32
9,NORMA-6948,33
9,NORMA-21389,34
9,NORMA-15029,35
9,NORMA-8269,36
9,NORMA-6222,37
9,NORMA-4849,38
9,NORMA-9959,39
9,NORMA-19186,40
9,NORMA-20108,41
9,NORMA-21408,42
9,NORMA-19391,43
9,NORMA-19503,44
9,NORMA-21409,45
9,NORMA-20704,46
9,NORMA-21283,47
9,NORMA-20473,48
9,NORMA-19811,49
9,NORMA-21420,50
9,NORMA-19351,51
9,NORMA-19039,52
9,NORMA-20138,53
9,NORMA-5913,54
9,NORMA-18456,55
9,NORMA-20056,56
9,NORMA-15339,57
9,NORMA-18605,58
9,NORMA-19459,59
9,NORMA-18284,60
9,NORMA-20474,61
9,NORMA-19553,62
9,NORMA-21281,63
9,NORMA-20349,64
9,NORMA-18906,65
9,NORMA-18280,66
9,NORMA-21651,67
9,NORMA-19426,68
9,NORMA-20730,69
9,NORMA-19844,70
9,NORMA-18745,71
9,NORMA-18445,72
9,NORMA-20359,73
9,NORMA-14746,74
9,NORMA-21021,75
9,NORMA-21113,76
9,NORMA-27364,77
9,NORMA-18363,78
9,NORMA-20460,79
9,NORMA-21402,80
9,NORMA-18299,81
9,NORMA-18466,82
9,NORMA-26701,83
9,NORMA-21461,84
9,NORMA-19088,85
9,NORMA-18577,86
9,NORMA-18221,87
9,NORMA-21678,88
9,NORMA-19431,89
9,NORMA-18781,90
9,NORMA-21026,91
9,NORMA-19012,92
9,NORMA-20503,93
9,NORMA-21554,94
9,NORMA-19442,95
9,NORMA-5890,96
9,NORMA-3342,97
9,NORMA-19670,98
9,NORMA-21774,99
9,NORMA-20468,100
9,NORMA-20369,101
9,NORMA-18450,102
9,NORMA-18474,103
9,NORMA-18266,104
9,NORMA-18455,105
9,NORMA-21676,106
9,NORMA-20480,107
9,NORMA-21197,108
9,NORMA-18663,109
9,NORMA-18793,110
9,NORMA-25101,111
9,NORMA-21305,112
9,NORMA-20397,113
9,NORMA-20869,114
9,NORMA-13918,115
9,NORMA-21649,116
9,NORMA-21140,117
9,NORMA-6887,118
9,NORMA-13470,119
9,NORMA-29003,120
9,NORMA-27044,121
9,NORMA-19022,122
9,NORMA-21638,123
9,NORMA-20117,124
9,NORMA-20536,125
9,NORMA-23361,126
9,NORMA-20487,127
9,NORMA-19925,128
9,NORMA-18700,129
9,NORMA-18240,130
9,NORMA-15167,131
9,NORMA-18411,132
9,NORMA-20541,133
9,NORMA-20545,134
9,NORMA-13746,135
9,NORMA-14828,136
9,NORMA-15396,137
9,NORMA-12613,138
9,NORMA-13789,139
9,NORMA-27365,140
9,NORMA-18884,141
9,NORMA-20079,142
9,NORMA-13094,143
9,NORMA-18451,144
9,NORMA-18211,145
9,NORMA-19251,146
9,NORMA-6253,147
9,NORMA-19942,148
9,NORMA-19429,149
9,NORMA-6076,150
9,NORMA-21114,151
9,NORMA-5340,152
9,NORMA-6347,153
9,NORMA-19979,154
9,NORMA-9597,155
9,NORMA-7387,156
9,NORMA-20928,157
9,NORMA-6736,158
9,NORMA-14724,159
9,NORMA-3767,160
9,NORMA-19685,161
9,NORMA-11356,162
9,NORMA-12415,163
9,NORMA-12923,164
9,NORMA-13124,165
9,NORMA-19702,166
9,NORMA-19447,167
9,NORMA-8706,168
9,NORMA-12733,169
9,NORMA-13308,170
9,NORMA-18242,171
9,NORMA-4786,172
9,NORMA-20465,173
9,NORMA-21606,174
9,NORMA-13298,175
9,NORMA-18415,176
9,NORMA-14474,177
9,NORMA-21005,178
9,NORMA-18479,179
9,NORMA-3577,180
9,NORMA-5360,181
9,NORMA-19137,182
9,NORMA-11085,183
9,NORMA-8205,184
9,NORMA-20955,185
9,NORMA-21663,186
9,NORMA-5496,187
9,NORMA-21710,188
9,NORMA-14294,189
9,NORMA-20376,190
9,NORMA-21122,191
9,NORMA-9824,192
9,NORMA-4080,193
9,NORMA-19180,194
9,NORMA-21064,195
9,NORMA-11443,196
9,NORMA-23341,197
9,NORMA-6783,198
9,NORMA-21783,199
9,NORMA-9724,200
9,NORMA-13476,201
9,NORMA-18801,202
9,NORMA-19416,203
9,NORMA-18405,204
9,NORMA-20538,205
9,NORMA-18950,206
9,NORMA-20924,207
9,NORMA-28586,208
9,NORMA-11316,209
9,NORMA-19667,210
9,NORMA-21149,211
9,NORMA-20377,212
9,NORMA-21659,213
9,NORMA-19777,214
9,NORMA-21537,215
9,NORMA-19281,216
9,NORMA-23101,217
9,NORMA-20169,218
9,NORMA-21459,219
9,NORMA-19750,220
9,NORMA-21725,221
9,NORMA-18286,222
9,NORMA-19751,223
9,NORMA-18433,224
9,NORMA-19957,225
9,NORMA-20482,226
9,NORMA-18654,227
9,NORMA-19302,228
9,NORMA-20505,229
9,NORMA-20845,230
9,NORMA-9382,231
9,NORMA-18953,232
9,NORMA-21762,233
9,NORMA-21683,234
9,NORMA-19573,235
9,NORMA-19126,236
9,NORMA-21684,237
9,NORMA-20877,238
9,NORMA-6185,239
9,NORMA-19453,240
9,NORMA-18870,241
9,NORMA-20879,242
9,NORMA-10116,243
9,NORMA-19436,244
9,NORMA-21254,245
9,NORMA-3566,246
9,NORMA-3954,247
9,NORMA-20476,248
9,NORMA-22661,249
9,NORMA-9834,250
9,NORMA-20887,251
9,NORMA-3828,252
9,NORMA-21661,253
9,NORMA-4193,254
9,NORMA-18494,255
9,NORMA-18319,256
9,NORMA-19152,257
9,NORMA-19794,258
9,NORMA-23141,259
9,NORMA-18444,260
9,NORMA-3573,261
9,NORMA-13402,262
9,NORMA-20356,263
9,NORMA-20240,264
9,NORMA-18989,265
9,NORMA-20542,266
9,NORMA-21584,267
9,NORMA-2035,268
9,NORMA-18657,269
9,NORMA-1572,270
9,NORMA-18790,271
9,NORMA-20121,272
9,NORMA-21251,273
9,NORMA-20894,274
9,NORMA-21264,275
9,NORMA-19841,276
9,NORMA-28981,277
9,NORMA-20366,278
9,NORMA-19981,279
9,NORMA-27761,280
9,NORMA-21637,281
9,NORMA-19643,282
9,NORMA-19181,283
9,NORMA-21069,284
9,NORMA-19620,285
9,NORMA-21135,286
9,NORMA-20374,287
9,NORMA-21418,288
9,NORMA-20300,289
9,NORMA-19768,290
9,NORMA-18934,291
9,NORMA-14709,292
9,NORMA-18942,293
9,NORMA-18982,294
9,NORMA-15211,295
9,NORMA-21521,296
9,NORMA-18418,297
9,NORMA-21773,298
9,NORMA-18460,299
9,NORMA-19113,300
9,NORMA-2105,301
9,NORMA-19818,302
9,NORMA-12067,303
9,NORMA-18434,304
9,NORMA-2072,305
9,NORMA-2104,306
9,NORMA-21073,307
9,NORMA-20493,308
9,NORMA-21608,309
9,NORMA-19243,310
9,NORMA-4700,311
9,NORMA-21722,312
9,NORMA-21411,313
9,NORMA-21518,314
9,NORMA-24904,315
9,NORMA-19930,316
9,NORMA-19833,317
9,NORMA-21345,318
9,NORMA-15443,319
9,NORMA-12014,320
9,NORMA-12234,321
9,NORMA-12232,322
9,NORMA-13024,323
9,NORMA-21717,324
9,NORMA-19277,325
9,NORMA-19450,326
9,NORMA-20488,327
9,NORMA-11999,328
9,NORMA-21419,329
9,NORMA-18569,330
9,NORMA-18562,331
9,NORMA-12002,332
9,NORMA-3241,333
9,NORMA-555,334
9,NORMA-19123,335
9,NORMA-19253,336
9,NORMA-12006,337
9,NORMA-19739,338
9,NORMA-19081,339
9,NORMA-11780,340
9,NORMA-4091,341
9,NORMA-19738,342
9,NORMA-19204,343
9,NORMA-21756,344
9,NORMA-20906,345
9,NORMA-20087,346
9,NORMA-20883,347
9,NORMA-19249,348
9,NORMA-19301,349
9,NORMA-20983,350
9,NORMA-23581,351
9,NORMA-18501,352
9,NORMA-19009,353
9,NORMA-18428,354
9,NORMA-19141,355
9,NORMA-18462,356
9,NORMA-19248,357
9,NORMA-20865,358
9,NORMA-18954,359
9,NORMA-21036,360
9,NORMA-20055,361
9,NORMA-6949,362
9,NORMA-11920,363
9,NORMA-20891,364
9,NORMA-26881,365
9,NORMA-11792,366
9,NORMA-20959,367
9,NORMA-19112,368
9,NORMA-18545,369
9,NORMA-21496,370
9,NORMA-18697,371
9,NORMA-20912,372
9,NORMA-20868,373
9,NORMA-21369,374
9,NORMA-19692,375
9,NORMA-20991,376
9,NORMA-1740,377
9,NORMA-21337,378
9,NORMA-20225,379
9,NORMA-19146,380
9,NORMA-18668,381
9,NORMA-20058,382
9,NORMA-19606,383
9,NORMA-20799,384
9,NORMA-658,385
9,NORMA-20632,386
9,NORMA-19871,387
9,NORMA-26102,388
9,NORMA-27022,389
9,NORMA-20762,390
9,NORMA-18653,391
9,NORMA-18854,392
9,NORMA-19983,393
9,NORMA-18721,394
9,NORMA-20195,395
9,NORMA-13345,396
9,NORMA-19909,397
9,NORMA-19330,398
9,NORMA-21787,399
9,NORMA-14850,400
9,NORMA-2158,401
9,NORMA-12228,402
9,NORMA-28961,403
9,NORMA-8435,404
9,NORMA-19437,405
9,NORMA-20710,406
9,NORMA-18515,407
9,NORMA-20222,408
9,NORMA-21509,409
9,NORMA-18648,410
9,NORMA-14688,411
9,NORMA-15229,412
9,NORMA-19124,413
9,NORMA-19150,414
9,NORMA-19240,415
9,NORMA-20274,416
9,NORMA-19653,417
9,NORMA-21333,418
9,NORMA-19790,419
9,NORMA-6629,420
9,NORMA-19223,421
9,NORMA-18574,422
9,NORMA-21652,423
9,NORMA-21317,424
9,NORMA-19183,425
9,NORMA-19176,426
9,NORMA-21352,427
9,NORMA-19272,428
9,NORMA-18895,429
9,NORMA-3794,430
9,NORMA-6555,431
9,NORMA-18316,432
9,NORMA-19170,433
9,NORMA-19077,434
9,NORMA-19004,435
9,NORMA-20301,436
9,NORMA-11631,437
9,NORMA-19049,438
9,NORMA-13295,439
9,NORMA-19722,440
9,NORMA-18996,441
9,NORMA-18290,442
9,NORMA-7386,443
9,NORMA-20890,444
9,NORMA-21267,445
9,NORMA-19175,446
9,NORMA-7222,447
9,NORMA-6022,448
9,NORMA-19266,449
9,NORMA-20975,450
9,NORMA-18960,451
9,NORMA-19480,452
9,NORMA-19192,453
9,NORMA-19857,454
9,NORMA-20084,455
9,NORMA-18386,456
9,NORMA-25541,457
9,NORMA-19003,458
9,NORMA-18601,459
9,NORMA-6140,460
9,NORMA-7225,461
9,NORMA-7113,462
9,NORMA-19622,463
9,NORMA-21403,464
9,NORMA-19629,465
9,NORMA-7007,466
9,NORMA-2517,467
9,NORMA-18686,468
9,NORMA-5421,469
9,NORMA-21131,470
9,NORMA-19691,471
9,NORMA-15701,472
9,NORMA-19526,473
9,NORMA-20407,474
9,NORMA-3735,475
9,NORMA-18682,476
9,NORMA-4634,477
9,NORMA-20720,478
9,NORMA-1192,479
9,NORMA-1164,480
9,NORMA-1470,481
9,NORMA-19583,482
9,NORMA-1114,483
9,NORMA-1296,484
9,NORMA-1248,485
9,NORMA-1374,486
9,NORMA-1445,487
9,NORMA-20385,488
9,NORMA-18255,489
9,NORMA-18423,490
9,NORMA-18972,491
9,NORMA-21111,492
9,NORMA-19481,493
9,NORMA-4710,494
9,NORMA-21001,495
9,NORMA-19927,496
9,NORMA-21132,497
9,NORMA-18440,498
9,NORMA-20729,499
9,NORMA-2389,500
9,NORMA-18336,501
9,NORMA-19683,502
9,NORMA-21605,503
9,NORMA-13610,504
9,NORMA-21572,505
9,NORMA-21750,506
9,NORMA-19592,507
9,NORMA-19565,508
9,NORMA-21410,509
9,NORMA-19001,510
9,NORMA-18752,511
9,NORMA-18231,512
9,NORMA-19662,513
9,NORMA-19177,514
9,NORMA-20154,515
9,NORMA-18626,516
9,NORMA-18210,517
9,NORMA-21463,518
9,NORMA-19729,519
9,NORMA-19219,520
9,NORMA-21053,521
9,NORMA-5586,522
9,NORMA-14967,523
9,NORMA-21472,524
9,NORMA-21553,525
9,NORMA-19295,526
9,NORMA-21619,527
9,NORMA-28841,528
9,NORMA-18789,529
9,NORMA-21415,530
9,NORMA-6199,531
9,NORMA-18446,532
9,NORMA-26003,533
9,NORMA-4606,534
9,NORMA-22723,535
9,NORMA-20037,536
9,NORMA-21092,537
9,NORMA-27449,538
9,NORMA-5626,539
9,NORMA-18314,540
9,NORMA-19792,541
9,NORMA-18818,542
9,NORMA-17281,543
9,NORMA-25902,544
9,NORMA-19642,545
9,NORMA-22001,546
9,NORMA-19365,547
9,NORMA-20518,548
9,NORMA-5910,549
9,NORMA-4847,550
9,NORMA-5338,551
9,NORMA-19714,552
9,NORMA-7238,553
9,NORMA-20790,554
9,NORMA-21269,555
9,NORMA-2043,556
9,NORMA-16268,557
9,NORMA-21595,558
9,NORMA-2249,559
9,NORMA-21390,560
9,NORMA-9890,561
9,NORMA-19787,562
9,NORMA-8087,563
9,NORMA-20217,564
9,NORMA-5512,565
9,NORMA-2003,566
9,NORMA-2047,567
9,NORMA-14411,568
9,NORMA-21327,569
9,NORMA-4525,570
9,NORMA-15197,571
9,NORMA-8085,572
9,NORMA-8086,573
9,NORMA-2163,574
9,NORMA-9456,575
9,NORMA-28623,576
9,NORMA-19067,577
9,NORMA-18727,578
9,NORMA-11039,579
9,NORMA-19838,580
9,NORMA-18624,581
9,NORMA-19976,582
9,NORMA-19663,583
9,NORMA-4353,584
9,NORMA-18602,585
9,NORMA-19975,586
9,NORMA-19493,587
9,NORMA-23027,588
9,NORMA-18511,589
9,NORMA-19974,590
9,NORMA-8768,591
9,NORMA-21581,592
9,NORMA-4633,593
9,NORMA-20081,594
9,NORMA-19455,595
9,NORMA-20220,596
9,NORMA-19375,597
9,NORMA-19151,598
9,NORMA-5812,599
9,NORMA-13795,600
9,NORMA-18559,601
9,NORMA-20569,602
9,NORMA-18357,603
9,NORMA-21363,604
9,NORMA-24102,605
9,NORMA-3483,606
9,NORMA-21751,607
9,NORMA-19299,608
9,NORMA-18812,609
9,NORMA-7240,610
9,NORMA-21138,611
9,NORMA-8517,612
9,NORMA-21013,613
9,NORMA-4985,614
9,NORMA-8770,615
9,NORMA-4791,616
9,NORMA-18305,617
9,NORMA-19655,618
9,NORMA-21325,619
9,NORMA-19619,620
9,NORMA-6679,621
9,NORMA-5968,622
9,NORMA-18459,623
9,NORMA-18779,624
9,NORMA-18765,625
9,NORMA-19348,626
9,NORMA-21674,627
9,NORMA-19506,628
9,NORMA-19389,629
9,NORMA-20922,630
9,NORMA-21491,631
9,NORMA-18701,632
9,NORMA-18245,633
9,NORMA-18642,634
9,NORMA-19432,635
9,NORMA-19937,636
9,NORMA-20218,637
9,NORMA-21042,638
9,NORMA-18570,639
9,NORMA-21755,640
9,NORMA-9339,641
9,NORMA-19084,642
9,NORMA-18747,643
9,NORMA-20902,644
9,NORMA-20777,645
9,NORMA-5471,646
9,NORMA-5139,647
9,NORMA-19806,648
9,NORMA-18800,649
9,NORMA-12798,650
9,NORMA-10146,651
9,NORMA-18595,652
9,NORMA-20933,653
9,NORMA-18394,654
9,NORMA-20929,655
9,NORMA-19704,656
9,NORMA-7320,657
9,NORMA-2189,658
9,NORMA-2574,659
9,NORMA-19570,660
9,NORMA-2426,661
9,NORMA-11655,662
9,NORMA-10530,663
9,NORMA-14239,664
9,NORMA-18449,665
9,NORMA-7525,666
9,NORMA-19791,667
9,NORMA-18408,668
9,NORMA-20172,669
9,NORMA-21018,670
9,NORMA-19652,671
9,NORMA-21146,672
9,NORMA-18490,673
9,NORMA-21431,674
9,NORMA-20210,675
9,NORMA-704,676
9,NORMA-21256,677
9,NORMA-18293,678
9,NORMA-23061,679
9,NORMA-20886,680
9,NORMA-20205,681
9,NORMA-24501,682
9,NORMA-25721,683
9,NORMA-20157,684
9,NORMA-20702,685
9,NORMA-13333,686
9,NORMA-5242,687
9,NORMA-14937,688
9,NORMA-18358,689
9,NORMA-18699,690
9,NORMA-21344,691
9,NORMA-21739,692
9,NORMA-18209,693
9,NORMA-19212,694
9,NORMA-5853,695
9,NORMA-20854,696
9,NORMA-13158,697
9,NORMA-5417,698
9,NORMA-21186,699
9,NORMA-19002,700
9,NORMA-19737,701
9,NORMA-13469,702
9,NORMA-6332,703
9,NORMA-18441,704
9,NORMA-5381,705
9,NORMA-20847,706
9,NORMA-23862,707
9,NORMA-4926,708
9,NORMA-25645,709
9,NORMA-21439,710
9,NORMA-6881,711
9,NORMA-3642,712
9,NORMA-14914,713
9,NORMA-6701,714
9,NORMA-27221,715
9,NORMA-18729,716
9,NORMA-12066,717
9,NORMA-18833,718
9,NORMA-27384,719
9,NORMA-6643,720
9,NORMA-5370,721
9,NORMA-6487,722
9,NORMA-19110,723
9,NORMA-18348,724
9,NORMA-18220,725
9,NORMA-19359,726
9,NORMA-18898,727
9,NORMA-14942,728
9,NORMA-21525,729
9,NORMA-20901,730
9,NORMA-16202,731
9,NORMA-11560,732
9,NORMA-6203,733
9,NORMA-18528,734
9,NORMA-19233,735
9,NORMA-8938,736
9,NORMA-6343,737
9,NORMA-14277,738
9,NORMA-18628,739
9,NORMA-10797,740
9,NORMA-21012,741
9,NORMA-21286,742
9,NORMA-9457,743
9,NORMA-21361,744
9,NORMA-20393,745
9,NORMA-21705,746
9,NORMA-20995,747
9,NORMA-20800,748
9,NORMA-4817,749
9,NORMA-3979,750
9,NORMA-21387,751
9,NORMA-21279,752
9,NORMA-20926,753
9,NORMA-18915,754
9,NORMA-20554,755
9,NORMA-6560,756
9,NORMA-20549,757
9,NORMA-21446,758
9,NORMA-20314,759
9,NORMA-20510,760
9,NORMA-20509,761
9,NORMA-20920,762
9,NORMA-20329,763
9,NORMA-20334,764
9,NORMA-20516,765
9,NORMA-21490,766
9,NORMA-20340,767
9,NORMA-20511,768
9,NORMA-20731,769
9,NORMA-20321,770
9,NORMA-20442,771
9,NORMA-21367,772
9,NORMA-27623,773
9,NORMA-21024,774
9,NORMA-7028,775
9,NORMA-18371,776
9,NORMA-15237,777
9,NORMA-8667,778
9,NORMA-21687,779
9,NORMA-21328,780
9,NORMA-4065,781
9,NORMA-20954,782
9,NORMA-5515,783
9,NORMA-10298,784
9,NORMA-18776,785
9,NORMA-20268,786
9,NORMA-19972,787
9,NORMA-18669,788
9,NORMA-82,789
9,NORMA-19548,790
9,NORMA-21707,791
9,NORMA-20835,792
9,NORMA-21405,793
9,NORMA-5751,794
9,NORMA-7241,795
9,NORMA-4392,796
9,NORMA-6702,797
9,NORMA-20892,798
9,NORMA-21484,799
9,NORMA-21524,800
9,NORMA-15802,801
9,NORMA-19574,802
9,NORMA-684,803
9,NORMA-19809,804
9,NORMA-19762,805
9,NORMA-5536,806
9,NORMA-20961,807
9,NORMA-31904,808
9,NORMA-5170,809
9,NORMA-8670,810
9,NORMA-21016,811
9,NORMA-19623,812
9,NORMA-19225,813
9,NORMA-6184,814
9,NORMA-6685,815
9,NORMA-19078,816
9,NORMA-29202,817
9,NORMA-21435,818
9,NORMA-20873,819
9,NORMA-21623,820
9,NORMA-11419,821
9,NORMA-18282,822
9,NORMA-19822,823
9,NORMA-20269,824
9,NORMA-21097,825
9,NORMA-10843,826
9,NORMA-12035,827
9,NORMA-13265,828
9,NORMA-21768,829
9,NORMA-3882,830
9,NORMA-20180,831
9,NORMA-12015,832
9,NORMA-3662,833
9,NORMA-22861,834
9,NORMA-19530,835
9,NORMA-567,836
9,NORMA-19238,837
9,NORMA-18680,838
9,NORMA-19405,839
9,NORMA-15045,840
9,NORMA-20941,841
9,NORMA-19300,842
9,NORMA-18645,843
9,NORMA-11263,844
9,NORMA-14542,845
9,NORMA-20836,846
9,NORMA-18708,847
9,NORMA-18698,848
9,NORMA-19125,849
9,NORMA-19621,850
9,NORMA-19785,851
9,NORMA-20925,852
9,NORMA-21096,853
9,NORMA-21086,854
9,NORMA-20166,855
9,NORMA-5466,856
9,NORMA-13323,857
9,NORMA-20133,858
9,NORMA-21178,859
9,NORMA-18673,860
9,NORMA-12631,861
9,NORMA-18585,862
9,NORMA-19534,863
9,NORMA-21139,864
9,NORMA-19772,865
9,NORMA-6509,866
9,NORMA-19531,867
9,NORMA-21497,868
9,NORMA-483,869
9,NORMA-3918,870
9,NORMA-7651,871
9,NORMA-19015,872
9,NORMA-20405,873
9,NORMA-19660,874
9,NORMA-4818,875
9,NORMA-4820,876
9,NORMA-8576,877
9,NORMA-19654,878
9,NORMA-4830,879
9,NORMA-27063,880
9,NORMA-7358,881
9,NORMA-12649,882
9,NORMA-13594,883
9,NORMA-21141,884
9,NORMA-18603,885
9,NORMA-19640,886
9,NORMA-10745,887
9,NORMA-20422,888
9,NORMA-5028,889
9,NORMA-10590,890
9,NORMA-19784,891
9,NORMA-10534,892
9,NORMA-14652,893
9,NORMA-29005,894
9,NORMA-21776,895
9,NORMA-9823,896
9,NORMA-18679,897
9,NORMA-1341,898
9,NORMA-10347,899
9,NORMA-4746,900
9,NORMA-3618,901
9,NORMA-778,902
9,NORMA-21088,903
9,NORMA-18554,904
9,NORMA-21475,905
9,NORMA-19859,906
9,NORMA-423,907
9,NORMA-19456,908
9,NORMA-18987,909
9,NORMA-4801,910
9,NORMA-11292,911
9,NORMA-75,912
9,NORMA-12005,913
9,NORMA-21444,914
9,NORMA-19220,915
9,NORMA-6753,916
9,NORMA-20223,917
9,NORMA-21366,918
9,NORMA-317,919
9,NORMA-21272,920
9,NORMA-20137,921
9,NORMA-18571,922
9,NORMA-28221,923
9,NORMA-6521,924
9,NORMA-19383,925
9,NORMA-7415,926
9,NORMA-15242,927
9,NORMA-3846,928
9,NORMA-20453,929
9,NORMA-20258,930
9,NORMA-20171,931
9,NORMA-19682,932
9,NORMA-21276,933
9,NORMA-20437,934
9,NORMA-20557,935
9,NORMA-20394,936
9,NORMA-14113,937
9,NORMA-20060,938
9,NORMA-20990,939
9,NORMA-21247,940
9,NORMA-19845,941
9,NORMA-13671,942
9,NORMA-19245,943
9,NORMA-18391,944
9,NORMA-12859,945
9,NORMA-6331,946
9,NORMA-8032,947
9,NORMA-12858,948
9,NORMA-20630,949
9,NORMA-21217,950
9,NORMA-4929,951
9,NORMA-23881,952
9,NORMA-20371,953
9,NORMA-15208,954
9,NORMA-4792,955
9,NORMA-4500,956
9,NORMA-12630,957
9,NORMA-20477,958
9,NORMA-9835,959
9,NORMA-21626,960
9,NORMA-18750,961
9,NORMA-21625,962
9,NORMA-14099,963
9,NORMA-11417,964
9,NORMA-18303,965
9,NORMA-7208,966
9,NORMA-21185,967
9,NORMA-9174,968
9,NORMA-8135,969
9,NORMA-4909,970
9,NORMA-10877,971
9,NORMA-13606,972
9,NORMA-12406,973
9,NORMA-4297,974
9,NORMA-10327,975
9,NORMA-13695,976
9,NORMA-13694,977
9,NORMA-10910,978
9,NORMA-9770,979
9,NORMA-15521,980
9,NORMA-19092,981
9,NORMA-10835,982
9,NORMA-10527,983
9,NORMA-12454,984
9,NORMA-11104,985
9,NORMA-10019,986
9,NORMA-9255,987
9,NORMA-9264,988
9,NORMA-9097,989
9,NORMA-9308,990
9,NORMA-7702,991
9,NORMA-7985,992
9,NORMA-10493,993
9,NORMA-13376,994
9,NORMA-14435,995
9,NORMA-14438,996
9,NORMA-13562,997
9,NORMA-13223,998
9,NORMA-11329,999
9,NORMA-10427,1000
10,NORMA-21638,1
10,NORMA-21269,2
10,NORMA-21402,3
10,NORMA-21344,4
10,NORMA-21649,5
10,NORMA-23361,6
10,NORMA-20790,7
10,NORMA-13402,8
10,NORMA-18910,9
10,NORMA-18211,10
10,NORMA-21700,11
10,NORMA-19303,12
10,NORMA-13470,13
10,NORMA-27044,14
10,NORMA-20138,15
10,NORMA-15339,16
10,NORMA-14746,17
10,NORMA-27364,18
10,NORMA-13918,19
10,NORMA-21711,20
10,NORMA-21526,21
10,NORMA-21678,22
10,NORMA-21651,23
10,NORMA-13610,24
10,NORMA-15802,25
10,NORMA-1192,26
10,NORMA-1164,27
10,NORMA-1296,28
10,NORMA-6176,29
10,NORMA-16424,30
10,NORMA-27221,31
10,NORMA-6968,32
10,NORMA-1470,33
10,NORMA-1248,34
10,NORMA-1374,35
10,NORMA-20922,36
10,NORMA-9890,37
10,NORMA-19972,38
10,NORMA-20990,39
10,NORMA-21554,40
10,NORMA-18638,41
10,NORMA-10298,42
10,NORMA-20901,43
10,NORMA-19979,44
10,NORMA-21404,45
10,NORMA-21361,46
10,NORMA-19629,47
10,NORMA-21637,48
10,NORMA-19182,49
10,NORMA-19583,50
10,NORMA-18994,51
10,NORMA-18996,52
10,NORMA-19982,53
10,NORMA-22862,54
10,NORMA-14937,55
10,NORMA-19408,56
10,NORMA-8442,57
10,NORMA-20879,58
10,NORMA-5335,59
10,NORMA-11419,60
10,NORMA-10843,61
10,NORMA-20887,62
10,NORMA-20139,63
10,NORMA-12910,64
10,NORMA-19961,65
10,NORMA-21521,66
10,NORMA-21170,67
10,NORMA-21141,68
10,NORMA-21706,69
10,NORMA-60,70
10,NORMA-21499,71
10,NORMA-13795,72
10,NORMA-19424,73
10,NORMA-21389,74
10,NORMA-1114,75
10,NORMA-1445,76
10,NORMA-13514,77
10,NORMA-13158,78
10,NORMA-19512,79
10,NORMA-19000,80
10,NORMA-19622,81
10,NORMA-19606,82
10,NORMA-21409,83
10,NORMA-6253,84
10,NORMA-19526,85
10,NORMA-19691,86
10,NORMA-13298,87
10,NORMA-21390,88
10,NORMA-21305,89
10,NORMA-21497,90
10,NORMA-20491,91
10,NORMA-19674,92
10,NORMA-21538,93
10,NORMA-18658,94
10,NORMA-18970,95
10,NORMA-14744,96
10,NORMA-21059,97
10,NORMA-20134,98
10,NORMA-1485,99
10,NORMA-1365,100
10,NORMA-21282,101
10,NORMA-19615,102
10,NORMA-14390,103
10,NORMA-18898,104
10,NORMA-19712,105
10,NORMA-12066,106
10,NORMA-19240,107
10,NORMA-6881,108
10,NORMA-6701,109
10,NORMA-19223,110
10,NORMA-6643,111
10,NORMA-15396,112
10,NORMA-25964,113
10,NORMA-19930,114
10,NORMA-13789,115
10,NORMA-27365,116
10,NORMA-22001,117
10,NORMA-12911,118
10,NORMA-24102,119
10,NORMA-3577,120
10,NORMA-5360,121
10,NORMA-6318,122
10,NORMA-21413,123
10,NORMA-10116,124
10,NORMA-21275,125
10,NORMA-19138,126
10,NORMA-11085,127
10,NORMA-8205,128
10,NORMA-5496,129
10,NORMA-18844,130
10,NORMA-9481,131
10,NORMA-14294,132
10,NORMA-5380,133
10,NORMA-21703,134
10,NORMA-10986,135
10,NORMA-11352,136
10,NORMA-12490,137
10,NORMA-12314,138
10,NORMA-11184,139
10,NORMA-13476,140
10,NORMA-11186,141
10,NORMA-13345,142
10,NORMA-7867,143
10,NORMA-17281,144
10,NORMA-12380,145
10,NORMA-5336,146
10,NORMA-8212,147
10,NORMA-5185,148
10,NORMA-27362,149
10,NORMA-12516,150
10,NORMA-6679,151
10,NORMA-14850,152
10,NORMA-15358,153
10,NORMA-21280,154
10,NORMA-11185,155
10,NORMA-12371,156
10,NORMA-8121,157
10,NORMA-12379,158
10,NORMA-5337,159
10,NORMA-18474,160
10,NORMA-14366,161
10,NORMA-16402,162
10,NORMA-12899,163
10,NORMA-12517,164
10,NORMA-15118,165
10,NORMA-14113,166
10,NORMA-14688,167
10,NORMA-15229,168
10,NORMA-27363,169
10,NORMA-27361,170
10,NORMA-12492,171
10,NORMA-12437,172
10,NORMA-12923,173
10,NORMA-13124,174
10,NORMA-26804,175
10,NORMA-11459,176
10,NORMA-21586,177
10,NORMA-23101,178
10,NORMA-20959,179
10,NORMA-20622,180
10,NORMA-27366,181
10,NORMA-16202,182
10,NORMA-18427,183
10,NORMA-18803,184
10,NORMA-19039,185
10,NORMA-23027,186
10,NORMA-20302,187
10,NORMA-18631,188
10,NORMA-3503,189
10,NORMA-20564,190
10,NORMA-10267,191
10,NORMA-18673,192
10,NORMA-19553,193
10,NORMA-21562,194
10,NORMA-19459,195
10,NORMA-8575,196
10,NORMA-19745,197
10,NORMA-19570,198
10,NORMA-6521,199
10,NORMA-19351,200
10,NORMA-6291,201
10,NORMA-646,202
10,NORMA-30663,203
10,NORMA-21439,204
10,NORMA-21418,205
10,NORMA-7386,206
10,NORMA-9834,207
10,NORMA-6140,208
10,NORMA-20936,209
10,NORMA-7113,210
10,NORMA-8435,211
10,NORMA-5381,212
10,NORMA-7225,213
10,NORMA-20996,214
10,NORMA-4792,215
10,NORMA-4500,216
10,NORMA-20269,217
10,NORMA-18239,218
10,NORMA-20619,219
10,NORMA-3735,220
10,NORMA-19467,221
10,NORMA-4634,222
10,NORMA-21459,223
10,NORMA-9724,224
10,NORMA-19477,225
10,NORMA-19437,226
10,NORMA-13797,227
10,NORMA-18649,228
10,NORMA-20600,229
10,NORMA-19124,230
10,NORMA-14482,231
10,NORMA-27321,232
10,NORMA-4322,233
10,NORMA-20222,234
10,NORMA-21690,235
10,NORMA-21509,236
10,NORMA-20169,237
10,NORMA-21663,238
10,NORMA-18748,239
10,NORMA-21710,240
10,NORMA-18754,241
10,NORMA-18528,242
10,NORMA-20738,243
10,NORMA-18663,244
10,NORMA-21591,245
10,NORMA-19698,246
10,NORMA-15211,247
10,NORMA-20692,248
10,NORMA-23341,249
10,NORMA-20304,250
10,NORMA-18904,251
10,NORMA-5792,252
10,NORMA-19913,253
10,NORMA-14629,254
10,NORMA-18871,255
10,NORMA-12956,256
10,NORMA-20704,257
10,NORMA-20043,258
10,NORMA-27761,259
10,NORMA-20051,260
10,NORMA-19047,261
10,NORMA-18243,262
10,NORMA-11443,263
10,NORMA-6623,264
10,NORMA-6256,265
10,NORMA-15167,266
10,NORMA-21086,267
10,NORMA-7012,268
10,NORMA-6753,269
10,NORMA-19959,270
10,NORMA-20912,271
10,NORMA-20730,272
10,NORMA-18530,273
10,NORMA-18435,274
10,NORMA-9835,275
10,NORMA-6185,276
10,NORMA-13746,277
10,NORMA-19278,278
10,NORMA-14828,279
10,NORMA-6948,280
10,NORMA-12613,281
10,NORMA-21124,282
10,NORMA-9382,283
10,NORMA-20263,284
10,NORMA-21676,285
10,NORMA-18753,286
10,NORMA-18722,287
10,NORMA-19942,288
10,NORMA-8088,289
10,NORMA-21748,290
10,NORMA-6702,291
10,NORMA-5872,292
10,NORMA-5280,293
10,NORMA-6006,294
10,NORMA-4630,295
10,NORMA-8028,296
10,NORMA-27161,297
10,NORMA-21028,298
10,NORMA-18967,299
10,NORMA-3638,300
10,NORMA-20285,301
10,NORMA-21392,302
10,NORMA-20172,303
10,NORMA-14279,304
10,NORMA-11814,305
10,NORMA-7387,306
10,NORMA-20166,307
10,NORMA-6736,308
10,NORMA-19429,309
10,NORMA-14724,310
10,NORMA-3767,311
10,NORMA-11356,312
10,NORMA-12415,313
10,NORMA-8706,314
10,NORMA-21507,315
10,NORMA-19644,316
10,NORMA-6249,317
10,NORMA-12733,318
10,NORMA-13308,319
10,NORMA-19736,320
10,NORMA-4786,321
10,NORMA-21197,322
10,NORMA-9803,323
10,NORMA-12067,324
10,NORMA-14345,325
10,NORMA-13995,326
10,NORMA-6783,327
10,NORMA-13469,328
10,NORMA-26881,329
10,NORMA-21461,330
10,NORMA-21192,331
10,NORMA-7222,332
10,NORMA-15027,333
10,NORMA-20300,334
10,NORMA-19925,335
10,NORMA-20877,336
10,NORMA-29003,337
10,NORMA-19729,338
10,NORMA-13323,339
10,NORMA-8931,340
10,NORMA-11454,341
10,NORMA-10219,342
10,NORMA-7279,343
10,NORMA-19566,344
10,NORMA-29005,345
10,NORMA-11655,346
10,NORMA-14239,347
10,NORMA-21717,348
10,NORMA-19704,349
10,NORMA-21065,350
10,NORMA-3642,351
10,NORMA-21547,352
10,NORMA-21185,353
10,NORMA-7525,354
10,NORMA-15237,355
10,NORMA-13519,356
10,NORMA-13229,357
10,NORMA-12965,358
10,NORMA-7241,359
10,NORMA-18266,360
10,NORMA-19061,361
10,NORMA-11882,362
10,NORMA-7942,363
10,NORMA-9670,364
10,NORMA-3571,365
10,NORMA-21634,366
10,NORMA-16601,367
10,NORMA-14595,368
10,NORMA-13459,369
10,NORMA-21606,370
10,NORMA-18697,371
10,NORMA-5727,372
10,NORMA-11901,373
10,NORMA-11505,374
10,NORMA-6092,375
10,NORMA-6410,376
10,NORMA-14974,377
10,NORMA-6344,378
10,NORMA-18418,379
10,NORMA-9888,380
10,NORMA-9785,381
10,NORMA-19330,382
10,NORMA-10821,383
10,NORMA-9595,384
10,NORMA-13903,385
10,NORMA-15134,386
10,NORMA-14587,387
10,NORMA-10878,388
10,NORMA-10931,389
10,NORMA-19152,390
10,NORMA-20941,391
10,NORMA-20301,392
10,NORMA-18319,393
10,NORMA-13545,394
10,NORMA-9681,395
10,NORMA-9067,396
10,NORMA-10745,397
10,NORMA-10590,398
10,NORMA-10534,399
10,NORMA-10347,400
10,NORMA-21367,401
10,NORMA-11292,402
10,NORMA-21434,403
10,NORMA-20121,404
10,NORMA-20154,405
10,NORMA-20144,406
10,NORMA-19727,407
10,NORMA-20171,408
10,NORMA-20219,409
10,NORMA-19515,410
10,NORMA-18531,411
10,NORMA-19546,412
10,NORMA-19682,413
10,NORMA-21490,414
10,NORMA-21739,415
10,NORMA-570,416
10,NORMA-21626,417
10,NORMA-3001,418
10,NORMA-15603,419
10,NORMA-19096,420
10,NORMA-21550,421
10,NORMA-18838,422
10,NORMA-11627,423
10,NORMA-18842,424
10,NORMA-18981,425
10,NORMA-18364,426
10,NORMA-21299,427
10,NORMA-893,428
10,NORMA-12099,429
10,NORMA-18274,430
10,NORMA-18816,431
10,NORMA-21286,432
10,NORMA-19444,433
10,NORMA-19844,434
10,NORMA-21431,435
10,NORMA-12103,436
10,NORMA-12055,437
10,NORMA-21276,438
10,NORMA-18653,439
10,NORMA-18554,440
10,NORMA-21126,441
10,NORMA-12248,442
10,NORMA-17321,443
10,NORMA-19328,444
10,NORMA-20570,445
10,NORMA-18436,446
10,NORMA-20999,447
10,NORMA-13990,448
10,NORMA-1863,449
10,NORMA-26701,450
10,NORMA-6636,451
10,NORMA-19235,452
10,NORMA-15239,453
10,NORMA-7027,454
10,NORMA-2269,455
10,NORMA-21131,456
10,NORMA-18439,457
10,NORMA-20997,458
10,NORMA-11877,459
10,NORMA-17201,460
10,NORMA-8458,461
10,NORMA-22561,462
10,NORMA-21137,463
10,NORMA-7953,464
10,NORMA-10200,465
10,NORMA-11316,466
10,NORMA-20137,467
10,NORMA-18546,468
10,NORMA-11664,469
10,NORMA-19643,470
10,NORMA-18772,471
10,NORMA-11804,472
10,NORMA-1455,473
10,NORMA-1170,474
10,NORMA-6698,475
10,NORMA-18298,476
10,NORMA-2207,477
10,NORMA-1515,478
10,NORMA-7280,479
10,NORMA-18843,480
10,NORMA-20398,481
10,NORMA-19092,482
10,NORMA-18207,483
10,NORMA-6669,484
10,NORMA-11621,485
10,NORMA-21026,486
10,NORMA-20217,487
10,NORMA-21608,488
10,NORMA-12171,489
10,NORMA-21659,490
10,NORMA-11556,491
10,NORMA-1310,492
10,NORMA-12019,493
10,NORMA-11876,494
10,NORMA-11433,495
10,NORMA-12030,496
10,NORMA-20396,497
10,NORMA-745,498
10,NORMA-1740,499
10,NORMA-21419,500
10,NORMA-21688,501
10,NORMA-18361,502
10,NORMA-11790,503
10,NORMA-11864,504
10,NORMA-19528,505
10,NORMA-11767,506
10,NORMA-11855,507
10,NORMA-20911,508
10,NORMA-14459,509
10,NORMA-18214,510
10,NORMA-18233,511
10,NORMA-11868,512
10,NORMA-19779,513
10,NORMA-12237,514
10,NORMA-11512,515
10,NORMA-20382,516
10,NORMA-21008,517
10,NORMA-18819,518
10,NORMA-11791,519
10,NORMA-21017,520
10,NORMA-20920,521
10,NORMA-19866,522
10,NORMA-12009,523
10,NORMA-18691,524
10,NORMA-12020,525
10,NORMA-18445,526
10,NORMA-21147,527
10,NORMA-19857,528
10,NORMA-21661,529
10,NORMA-18237,530
10,NORMA-11562,531
10,NORMA-18802,532
10,NORMA-11795,533
10,NORMA-11688,534
10,NORMA-11921,535
10,NORMA-11686,536
10,NORMA-11771,537
10,NORMA-19431,538
10,NORMA-11633,539
10,NORMA-12049,540
10,NORMA-9893,541
10,NORMA-11854,542
10,NORMA-21184,543
10,NORMA-18303,544
10,NORMA-11519,545
10,NORMA-20490,546
10,NORMA-995,547
10,NORMA-18306,548
10,NORMA-11793,549
10,NORMA-33288,550
10,NORMA-18648,551
10,NORMA-11780,552
10,NORMA-1144,553
10,NORMA-2376,554
10,NORMA-11577,555
10,NORMA-11779,556
10,NORMA-33308,557
10,NORMA-11572,558
10,NORMA-2522,559
10,NORMA-11578,560
10,NORMA-970,561
10,NORMA-11742,562
10,NORMA-12170,563
10,NORMA-19255,564
10,NORMA-11631,565
10,NORMA-12236,566
10,NORMA-11721,567
10,NORMA-10029,568
10,NORMA-2470,569
10,NORMA-11770,570
10,NORMA-11792,571
10,NORMA-11666,572
10,NORMA-20374,573
10,NORMA-12063,574
10,NORMA-11796,575
10,NORMA-11561,576
10,NORMA-11813,577
10,NORMA-18533,578
10,NORMA-12017,579
10,NORMA-19573,580
10,NORMA-12005,581
10,NORMA-11576,582
10,NORMA-10375,583
10,NORMA-11862,584
10,NORMA-11620,585
10,NORMA-11571,586
10,NORMA-11768,587
10,NORMA-11569,588
10,NORMA-12092,589
10,NORMA-20487,590
10,NORMA-12163,591
10,NORMA-10920,592
10,NORMA-9871,593
10,NORMA-10044,594
10,NORMA-21072,595
10,NORMA-11805,596
10,NORMA-10629,597
10,NORMA-29201,598
10,NORMA-20220,599
10,NORMA-11710,600
10,NORMA-10119,601
10,NORMA-20388,602
10,NORMA-12094,603
10,NORMA-18780,604
10,NORMA-19529,605
10,NORMA-11526,606
10,NORMA-20407,607
10,NORMA-984,608
10,NORMA-20405,609
10,NORMA-19387,610
10,NORMA-11857,611
10,NORMA-6673,612
10,NORMA-54,613
10,NORMA-2558,614
10,NORMA-21792,615
10,NORMA-19192,616
10,NORMA-11920,617
10,NORMA-19498,618
10,NORMA-18219,619
10,NORMA-21291,620
10,NORMA-11525,621
10,NORMA-11108,622
10,NORMA-6621,623
10,NORMA-11679,624
10,NORMA-11589,625
10,NORMA-12247,626
10,NORMA-11475,627
10,NORMA-11667,628
10,NORMA-11875,629
10,NORMA-11606,630
10,NORMA-10999,631
10,NORMA-11715,632
10,NORMA-11772,633
10,NORMA-21052,634
10,NORMA-21609,635
10,NORMA-21157,636
10,NORMA-11765,637
10,NORMA-11761,638
10,NORMA-18208,639
10,NORMA-11769,640
10,NORMA-12249,641
10,NORMA-11563,642
10,NORMA-11680,643
10,NORMA-18773,644
10,NORMA-11670,645
10,NORMA-1035,646
10,NORMA-11776,647
10,NORMA-20185,648
10,NORMA-12255,649
10,NORMA-20366,650
10,NORMA-11528,651
10,NORMA-11806,652
10,NORMA-11766,653
10,NORMA-11516,654
10,NORMA-11524,655
10,NORMA-20389,656
10,NORMA-11673,657
10,NORMA-18806,658
10,NORMA-12018,659
10,NORMA-20488,660
10,NORMA-19621,661
10,NORMA-7384,662
10,NORMA-11671,663
10,NORMA-12172,664
10,NORMA-11574,665
10,NORMA-18446,666
10,NORMA-11560,667
10,NORMA-11722,668
10,NORMA-21199,669
10,NORMA-20503,670
10,NORMA-11853,671
10,NORMA-20425,672
10,NORMA-6962,673
10,NORMA-20376,674
10,NORMA-11567,675
10,NORMA-18537,676
10,NORMA-20369,677
10,NORMA-21752,678
10,NORMA-20108,679
10,NORMA-772,680
10,NORMA-21218,681
10,NORMA-18741,682
10,NORMA-19095,683
10,NORMA-18350,684
10,NORMA-20501,685
10,NORMA-18815,686
10,NORMA-11565,687
10,NORMA-11616,688
10,NORMA-11777,689
10,NORMA-11798,690
10,NORMA-11603,691
10,NORMA-11874,692
10,NORMA-11669,693
10,NORMA-19694,694
10,NORMA-11733,695
10,NORMA-11720,696
10,NORMA-18414,697
10,NORMA-11762,698
10,NORMA-11559,699
10,NORMA-11723,700
10,NORMA-18325,701
10,NORMA-19029,702
10,NORMA-11558,703
10,NORMA-12048,704
10,NORMA-11477,705
10,NORMA-11602,706
10,NORMA-28961,707
10,NORMA-11557,708
10,NORMA-11520,709
10,NORMA-21114,710
10,NORMA-11523,711
10,NORMA-28203,712
10,NORMA-1419,713
10,NORMA-11575,714
10,NORMA-2383,715
10,NORMA-11716,716
10,NORMA-11522,717
10,NORMA-11717,718
10,NORMA-11564,719
10,NORMA-11613,720
10,NORMA-20918,721
10,NORMA-18548,722
10,NORMA-11672,723
10,NORMA-11517,724
10,NORMA-11719,725
10,NORMA-2475,726
10,NORMA-11663,727
10,NORMA-18407,728
10,NORMA-18213,729
10,NORMA-11611,730
10,NORMA-20480,731
10,NORMA-19481,732
10,NORMA-2184,733
10,NORMA-11674,734
10,NORMA-12235,735
10,NORMA-11604,736
10,NORMA-969,737
10,NORMA-2399,738
10,NORMA-19110,739
10,NORMA-18403,740
10,NORMA-12027,741
10,NORMA-3979,742
10,NORMA-20422,743
10,NORMA-11758,744
10,NORMA-21267,745
10,NORMA-2428,746
10,NORMA-1100,747
10,NORMA-919,748
10,NORMA-9152,749
10,NORMA-22061,750
10,NORMA-1446,751
10,NORMA-11473,752
10,NORMA-19563,753
10,NORMA-15701,754
10,NORMA-2483,755
10,NORMA-12104,756
10,NORMA-18349,757
10,NORMA-11598,758
10,NORMA-1178,759
10,NORMA-12657,760
10,NORMA-18248,761
10,NORMA-21474,762
10,NORMA-19658,763
10,NORMA-515,764
10,NORMA-2503,765
10,NORMA-4909,766
10,NORMA-11518,767
10,NORMA-741,768
10,NORMA-2478,769
10,NORMA-18230,770
10,NORMA-12031,771
10,NORMA-11718,772
10,NORMA-11714,773
10,NORMA-2542,774
10,NORMA-12006,775
10,NORMA-12197,776
10,NORMA-13160,777
10,NORMA-18413,778
10,NORMA-28362,779
10,NORMA-21224,780
10,NORMA-11566,781
10,NORMA-20163,782
10,NORMA-21756,783
10,NORMA-8384,784
10,NORMA-11610,785
10,NORMA-1841,786
10,NORMA-6343,787
10,NORMA-11712,788
10,NORMA-18378,789
10,NORMA-12021,790
10,NORMA-20579,791
10,NORMA-18549,792
10,NORMA-19751,793
10,NORMA-20558,794
10,NORMA-12246,795
10,NORMA-11870,796
10,NORMA-7110,797
10,NORMA-21437,798
10,NORMA-11871,799
10,NORMA-11865,800
10,NORMA-18356,801
10,NORMA-18682,802
10,NORMA-11802,803
10,NORMA-11922,804
10,NORMA-18827,805
10,NORMA-12052,806
10,NORMA-20758,807
10,NORMA-15068,808
10,NORMA-14858,809
10,NORMA-7011,810
10,NORMA-53,811
10,NORMA-12002,812
10,NORMA-19384,813
10,NORMA-22941,814
10,NORMA-13555,815
10,NORMA-6819,816
10,NORMA-11799,817
10,NORMA-6644,818
10,NORMA-21363,819
10,NORMA-567,820
10,NORMA-6321,821
10,NORMA-21352,822
10,NORMA-6820,823
10,NORMA-20865,824
10,NORMA-20902,825
10,NORMA-13508,826
10,NORMA-12164,827
10,NORMA-18302,828
10,NORMA-11751,829
10,NORMA-12043,830
10,NORMA-20157,831
10,NORMA-28221,832
10,NORMA-18859,833
10,NORMA-985,834
10,NORMA-20948,835
10,NORMA-12113,836
10,NORMA-19784,837
10,NORMA-11872,838
10,NORMA-21755,839
10,NORMA-2551,840
10,NORMA-19605,841
10,NORMA-11597,842
10,NORMA-6970,843
10,NORMA-4746,844
10,NORMA-19750,845
10,NORMA-21139,846
10,NORMA-21150,847
10,NORMA-21484,848
10,NORMA-11605,849
10,NORMA-5421,850
10,NORMA-21515,851
10,NORMA-12039,852
10,NORMA-3342,853
10,NORMA-838,854
10,NORMA-19170,855
10,NORMA-631,856
10,NORMA-560,857
10,NORMA-1812,858
10,NORMA-15882,859
10,NORMA-20609,860
10,NORMA-18796,861
10,NORMA-21553,862
10,NORMA-2190,863
10,NORMA-1438,864
10,NORMA-1288,865
10,NORMA-999,866
10,NORMA-19755,867
10,NORMA-2390,868
10,NORMA-11999,869
10,NORMA-704,870
10,NORMA-21211,871
10,NORMA-1541,872
10,NORMA-19578,873
10,NORMA-5170,874
10,NORMA-20505,875
10,NORMA-12107,876
10,NORMA-21790,877
10,NORMA-1452,878
10,NORMA-21231,879
10,NORMA-18217,880
10,NORMA-18411,881
10,NORMA-9008,882
10,NORMA-11665,883
10,NORMA-581,884
10,NORMA-21206,885
10,NORMA-20101,886
10,NORMA-21522,887
10,NORMA-20482,888
10,NORMA-20046,889
10,NORMA-11614,890
10,NORMA-15581,891
10,NORMA-20239,892
10,NORMA-18341,893
10,NORMA-19981,894
10,NORMA-1217,895
10,NORMA-20726,896
10,NORMA-21205,897
10,NORMA-12228,898
10,NORMA-19777,899
10,NORMA-21766,900
10,NORMA-18502,901
10,NORMA-6641,902
10,NORMA-1999,903
10,NORMA-18685,904
10,NORMA-143,905
10,NORMA-9792,906
10,NORMA-4710,907
10,NORMA-18342,908
10,NORMA-11511,909
10,NORMA-222,910
10,NORMA-21734,911
10,NORMA-1222,912
10,NORMA-10034,913
10,NORMA-19803,914
10,NORMA-18450,915
10,NORMA-19520,916
10,NORMA-20561,917
10,NORMA-20241,918
10,NORMA-18412,919
10,NORMA-21272,920
10,NORMA-1613,921
10,NORMA-19292,922
10,NORMA-19003,923
10,NORMA-6257,924
10,NORMA-75,925
10,NORMA-18432,926
10,NORMA-18434,927
10,NORMA-1516,928
10,NORMA-6958,929
10,NORMA-31904,930
10,NORMA-21417,931
10,NORMA-18963,932
10,NORMA-20238,933
10,NORMA-13174,934
10,NORMA-18529,935
10,NORMA-18539,936
10,NORMA-219,937
10,NORMA-2032,938
10,NORMA-21232,939
10,NORMA-21388,940
10,NORMA-19715,941
10,NORMA-462,942
10,NORMA-19792,943
10,NORMA-19245,944
10,NORMA-11668,945
10,NORMA-18574,946
10,NORMA-6856,947
10,NORMA-11570,948
10,NORMA-21668,949
10,NORMA-11735,950
10,NORMA-18915,951
10,NORMA-17221,952
10,NORMA-20802,953
10,NORMA-18224,954
10,NORMA-9110,955
10,NORMA-20581,956
10,NORMA-19740,957
10,NORMA-20963,958
10,NORMA-20626,959
10,NORMA-21135,960
10,NORMA-21036,961
10,NORMA-21159,962
10,NORMA-3381,963
10,NORMA-20349,964
10,NORMA-21227,965
10,NORMA-2387,966
10,NORMA-417,967
10,NORMA-20985,968
10,NORMA-19647,969
10,NORMA-20873,970
10,NORMA-2530,971
10,NORMA-18899,972
10,NORMA-12739,973
10,NORMA-1866,974
10,NORMA-24042,975
10,NORMA-18656,976
10,NORMA-13954,977
10,NORMA-25501,978
10,NORMA-2694,979
10,NORMA-24524,980
10,NORMA-3281,981
10,NORMA-2362,982
10,NORMA-2537,983
10,NORMA-2421,984
10,NORMA-15203,985
10,NORMA-18359,986
10,NORMA-21778,987
10,NORMA-11474,988
10,NORMA-1945,989
10,NORMA-3502,990
10,NORMA-11588,991
10,NORMA-28181,992
10,NORMA-12025,993
10,NORMA-19261,994
10,NORMA-11568,995
10,NORMA-11997,996
10,NORMA-18292,997
10,NORMA-11527,998
10,NORMA-14661,999
10,NORMA-2587,1000
11,NORMA-20452,1
11,NORMA-20429,2
11,NORMA-20210,3
11,NORMA-20293,4
11,NORMA-20205,5
11,NORMA-20696,6
11,NORMA-20191,7
11,NORMA-18430,8
11,NORMA-20397,9
11,NORMA-20993,10
11,NORMA-20989,11
11,NORMA-19588,12
11,NORMA-20557,13
11,NORMA-20854,14
11,NORMA-21107,15
11,NORMA-19797,16
11,NORMA-15701,17
11,NORMA-19582,18
11,NORMA-20806,19
11,NORMA-20718,20
11,NORMA-14937,21
11,NORMA-16202,22
11,NORMA-13158,23
11,NORMA-26,24
11,NORMA-13469,25
11,NORMA-1092,26
11,NORMA-20977,27
11,NORMA-18212,28
11,NORMA-20249,29
11,NORMA-20473,30
11,NORMA-27761,31
11,NORMA-28961,32
11,NORMA-23521,33
11,NORMA-19442,34
11,NORMA-20474,35
11,NORMA-18989,36
11,NORMA-20519,37
11,NORMA-21305,38
11,NORMA-21717,39
11,NORMA-19426,40
11,NORMA-18221,41
11,NORMA-19650,42
11,NORMA-21026,43
11,NORMA-21459,44
11,NORMA-15211,45
11,NORMA-21217,46
11,NORMA-12067,47
11,NORMA-19192,48
11,NORMA-28181,49
11,NORMA-21420,50
11,NORMA-4711,51
11,NORMA-3201,52
11,NORMA-20869,53
11,NORMA-4075,54
11,NORMA-21369,55
11,NORMA-18845,56
11,NORMA-6851,57
11,NORMA-18818,58
11,NORMA-19574,59
11,NORMA-20807,60
11,NORMA-11901,61
11,NORMA-11505,62
11,NORMA-14974,63
11,NORMA-19727,64
11,NORMA-15134,65
11,NORMA-834,66
11,NORMA-4275,67
11,NORMA-14587,68
11,NORMA-13903,69
11,NORMA-11814,70
11,NORMA-25902,71
11,NORMA-20754,72
11,NORMA-20304,73
11,NORMA-7149,74
11,NORMA-18873,75
11,NORMA-8522,76
11,NORMA-18418,77
11,NORMA-20316,78
11,NORMA-20507,79
11,NORMA-18838,80
11,NORMA-188,81
11,NORMA-12029,82
11,NORMA-20144,83
11,NORMA-14703,84
11,NORMA-19596,85
11,NORMA-21524,86
11,NORMA-8458,87
11,NORMA-7027,88
11,NORMA-10745,89
11,NORMA-10590,90
11,NORMA-10534,91
11,NORMA-20263,92
11,NORMA-6140,93
11,NORMA-10347,94
11,NORMA-11292,95
11,NORMA-7113,96
11,NORMA-9681,97
11,NORMA-9067,98
11,NORMA-19724,99
11,NORMA-12837,100
11,NORMA-6783,101
11,NORMA-14629,102
11,NORMA-20225,103
11,NORMA-217,104
11,NORMA-10219,105
11,NORMA-7953,106
11,NORMA-7386,107
11,NORMA-7222,108
11,NORMA-7225,109
11,NORMA-18292,110
11,NORMA-6595,111
11,NORMA-10931,112
11,NORMA-10200,113
11,NORMA-20477,114
11,NORMA-16462,115
11,NORMA-8435,116
11,NORMA-20065,117
11,NORMA-18439,118
11,NORMA-18549,119
11,NORMA-75,120
11,NORMA-9724,121
11,NORMA-21046,122
11,NORMA-2517,123
11,NORMA-6880,124
11,NORMA-6256,125
11,NORMA-6623,126
11,NORMA-6758,127
11,NORMA-2184,128
11,NORMA-21002,129
11,NORMA-11226,130
11,NORMA-7012,131
11,NORMA-10749,132
11,NORMA-3001,133
11,NORMA-1994,134
11,NORMA-22861,135
11,NORMA-570,136
11,NORMA-5536,137
11,NORMA-20817,138
11,NORMA-560,139
11,NORMA-20183,140
11,NORMA-21506,141
11,NORMA-7384,142
11,NORMA-15561,143
11,NORMA-18697,144
11,NORMA-21705,145
11,NORMA-18435,146
11,NORMA-13230,147
11,NORMA-18293,148
11,NORMA-18474,149
11,NORMA-5421,150
11,NORMA-21157,151
11,NORMA-19081,152
11,NORMA-20356,153
11,NORMA-19969,154
11,NORMA-13298,155
11,NORMA-20428,156
11,NORMA-2158,157
11,NORMA-19977,158
11,NORMA-18654,159
11,NORMA-20422,160
11,NORMA-7390,161
11,NORMA-21631,162
11,NORMA-18301,163
11,NORMA-21756,164
11,NORMA-21446,165
11,NORMA-1740,166
11,NORMA-13699,167
11,NORMA-18339,168
11,NORMA-14995,169
11,NORMA-20270,170
11,NORMA-18646,171
11,NORMA-18802,172
11,NORMA-15239,173
11,NORMA-19730,174
11,NORMA-12777,175
11,NORMA-18798,176
11,NORMA-3241,177
11,NORMA-20480,178
11,NORMA-6702,179
11,NORMA-14725,180
11,NORMA-11913,181
11,NORMA-20465,182
11,NORMA-18432,183
11,NORMA-12685,184
11,NORMA-309,185
11,NORMA-11882,186
11,NORMA-4909,187
11,NORMA-21608,188
11,NORMA-20692,189
11,NORMA-20374,190
11,NORMA-6199,191
11,NORMA-19021,192
11,NORMA-21367,193
11,NORMA-19955,194
11,NORMA-6509,195
11,NORMA-12102,196
11,NORMA-4091,197
11,NORMA-7651,198
11,NORMA-4818,199
11,NORMA-20468,200
11,NORMA-209,201
11,NORMA-21224,202
11,NORMA-211,203
11,NORMA-27022,204
11,NORMA-20188,205
11,NORMA-9823,206
11,NORMA-21211,207
11,NORMA-2522,208
11,NORMA-6753,209
11,NORMA-19784,210
11,NORMA-4710,211
11,NORMA-20796,212
11,NORMA-20902,213
11,NORMA-20389,214
11,NORMA-208,215
11,NORMA-19639,216
11,NORMA-21114,217
11,NORMA-1534,218
11,NORMA-3723,219
11,NORMA-6320,220
11,NORMA-18691,221
11,NORMA-4239,222
11,NORMA-6766,223
11,NORMA-6251,224
11,NORMA-19919,225
11,NORMA-4117,226
11,NORMA-4122,227
11,NORMA-19573,228
11,NORMA-21776,229
11,NORMA-12997,230
11,NORMA-12917,231
11,NORMA-18825,232
11,NORMA-21541,233
11,NORMA-20382,234
11,NORMA-20870,235
11,NORMA-20436,236
11,NORMA-21515,237
11,NORMA-22941,238
11,NORMA-10821,239
11,NORMA-20322,240
11,NORMA-19181,241
11,NORMA-7011,242
11,NORMA-20147,243
11,NORMA-19090,244
11,NORMA-9888,245
11,NORMA-6819,246
11,NORMA-6820,247
11,NORMA-20778,248
11,NORMA-20616,249
11,NORMA-19536,250
11,NORMA-21135,251
11,NORMA-10878,252
11,NORMA-3571,253
11,NORMA-1421,254
11,NORMA-21409,255
11,NORMA-20488,256
11,NORMA-21274,257
11,NORMA-19609,258
11,NORMA-6970,259
11,NORMA-21539,260
11,NORMA-18548,261
11,NORMA-20091,262
11,NORMA-21071,263
11,NORMA-21729,264
11,NORMA-21012,265
11,NORMA-21553,266
11,NORMA-11599,267
11,NORMA-222,268
11,NORMA-18233,269
11,NORMA-13519,270
11,NORMA-13229,271
11,NORMA-20201,272
11,NORMA-3735,273
11,NORMA-20082,274
11,NORMA-4634,275
11,NORMA-18796,276
11,NORMA-5381,277
11,NORMA-21069,278
11,NORMA-15027,279
11,NORMA-20865,280
11,NORMA-28362,281
11,NORMA-462,282
11,NORMA-19981,283
11,NORMA-23027,284
11,NORMA-4182,285
11,NORMA-17281,286
11,NORMA-4792,287
11,NORMA-4500,288
11,NORMA-21444,289
11,NORMA-14113,290
11,NORMA-24102,291
11,NORMA-18286,292
11,NORMA-25964,293
11,NORMA-14345,294
11,NORMA-20490,295
11,NORMA-22001,296
11,NORMA-21437,297
11,NORMA-18533,298
11,NORMA-13995,299
11,NORMA-21419,300
11,NORMA-6521,301
11,NORMA-19787,302
11,NORMA-380,303
11,NORMA-27687,304
11,NORMA-20385,305
11,NORMA-20077,306
11,NORMA-18386,307
11,NORMA-18562,308
11,NORMA-19169,309
11,NORMA-12066,310
11,NORMA-20179,311
11,NORMA-21468,312
11,NORMA-18958,313
11,NORMA-27550,314
11,NORMA-8575,315
11,NORMA-6291,316
11,NORMA-20402,317
11,NORMA-19231,318
11,NORMA-20189,319
11,NORMA-21140,320
11,NORMA-19829,321
11,NORMA-21189,322
11,NORMA-21725,323
11,NORMA-835,324
11,NORMA-19866,325
11,NORMA-19859,326
11,NORMA-3281,327
11,NORMA-18685,328
11,NORMA-28802,329
11,NORMA-6253,330
11,NORMA-21650,331
11,NORMA-19622,332
11,NORMA-2375,333
11,NORMA-1222,334
11,NORMA-19842,335
11,NORMA-18216,336
11,NORMA-18688,337
11,NORMA-19891,338
11,NORMA-18434,339
11,NORMA-21755,340
11,NORMA-27101,341
11,NORMA-3381,342
11,NORMA-4318,343
11,NORMA-14661,344
11,NORMA-20938,345
11,NORMA-20630,346
11,NORMA-1416,347
11,NORMA-11664,348
11,NORMA-21253,349
11,NORMA-21286,350
11,NORMA-14463,351
11,NORMA-20501,352
11,NORMA-20924,353
11,NORMA-20056,354
11,NORMA-19444,355
11,NORMA-19733,356
11,NORMA-1471,357
11,NORMA-21352,358
11,NORMA-20172,359
11,NORMA-6948,360
11,NORMA-729,361
11,NORMA-8028,362
11,NORMA-20258,363
11,NORMA-18565,364
11,NORMA-18998,365
11,NORMA-21152,366
11,NORMA-21290,367
11,NORMA-20949,368
11,NORMA-19845,369
11,NORMA-20909,370
11,NORMA-1422,371
11,NORMA-19655,372
11,NORMA-19939,373
11,NORMA-18403,374
11,NORMA-19445,375
11,NORMA-21689,376
11,NORMA-19883,377
11,NORMA-18456,378
11,NORMA-219,379
11,NORMA-15901,380
11,NORMA-15465,381
11,NORMA-19822,382
11,NORMA-20192,383
11,NORMA-20521,384
11,NORMA-14508,385
11,NORMA-15427,386
11,NORMA-19716,387
11,NORMA-20121,388
11,NORMA-21164,389
11,NORMA-20405,390
11,NORMA-19427,391
11,NORMA-20366,392
11,NORMA-19631,393
11,NORMA-18239,394
11,NORMA-23301,395
11,NORMA-704,396
11,NORMA-19297,397
11,NORMA-20369,398
11,NORMA-21394,399
11,NORMA-20460,400
11,NORMA-15662,401
11,NORMA-28466,402
11,NORMA-28361,403
11,NORMA-20503,404
11,NORMA-19095,405
11,NORMA-19871,406
11,NORMA-18424,407
11,NORMA-1620,408
11,NORMA-20359,409
11,NORMA-21609,410
11,NORMA-19862,411
11,NORMA-24961,412
11,NORMA-265,413
11,NORMA-18583,414
11,NORMA-19152,415
11,NORMA-18284,416
11,NORMA-19700,417
11,NORMA-27501,418
11,NORMA-12165,419
11,NORMA-18280,420
11,NORMA-21272,421
11,NORMA-20482,422
11,NORMA-20171,423
11,NORMA-12039,424
11,NORMA-26163,425
11,NORMA-20064,426
11,NORMA-21787,427
11,NORMA-13195,428
11,NORMA-18771,429
11,NORMA-21404,430
11,NORMA-21624,431
11,NORMA-18605,432
11,NORMA-21716,433
11,NORMA-13265,434
11,NORMA-5008,435
11,NORMA-20269,436
11,NORMA-1573,437
11,NORMA-12630,438
11,NORMA-15045,439
11,NORMA-19645,440
11,NORMA-21423,441
11,NORMA-23682,442
11,NORMA-11769,443
11,NORMA-14542,444
11,NORMA-18539,445
11,NORMA-15921,446
11,NORMA-10865,447
11,NORMA-26881,448
11,NORMA-9358,449
11,NORMA-21752,450
11,NORMA-20396,451
11,NORMA-13416,452
11,NORMA-20955,453
11,NORMA-6075,454
11,NORMA-9384,455
11,NORMA-20089,456
11,NORMA-7381,457
11,NORMA-18356,458
11,NORMA-61,459
11,NORMA-20834,460
11,NORMA-20487,461
11,NORMA-18203,462
11,NORMA-19155,463
11,NORMA-21606,464
11,NORMA-19303,465
11,NORMA-802,466
11,NORMA-21496,467
11,NORMA-21309,468
11,NORMA-59,469
11,NORMA-660,470
11,NORMA-20443,471
11,NORMA-18807,472
11,NORMA-21564,473
11,NORMA-801,474
11,NORMA-2185,475
11,NORMA-18274,476
11,NORMA-1611,477
11,NORMA-21578,478
11,NORMA-554,479
11,NORMA-21361,480
11,NORMA-19617,481
11,NORMA-18226,482
11,NORMA-33288,483
11,NORMA-13772,484
11,NORMA-18201,485
11,NORMA-15603,486
11,NORMA-21065,487
11,NORMA-33308,488
11,NORMA-20105,489
11,NORMA-21225,490
11,NORMA-11472,491
11,NORMA-20804,492
11,NORMA-20314,493
11,NORMA-10123,494
11,NORMA-18501,495
11,NORMA-21113,496
11,NORMA-18906,497
11,NORMA-20426,498
11,NORMA-20538,499
11,NORMA-21043,500
11,NORMA-19009,501
11,NORMA-2013,502
11,NORMA-20839,503
11,NORMA-20554,504
11,NORMA-20321,505
11,NORMA-20442,506
11,NORMA-21462,507
11,NORMA-11476,508
11,NORMA-19863,509
11,NORMA-20159,510
11,NORMA-19785,511
11,NORMA-21215,512
11,NORMA-20541,513
11,NORMA-20545,514
11,NORMA-19874,515
11,NORMA-19828,516
11,NORMA-18364,517
11,NORMA-21434,518
11,NORMA-20512,519
11,NORMA-18772,520
11,NORMA-19249,521
11,NORMA-20329,522
11,NORMA-20334,523
11,NORMA-19391,524
11,NORMA-20340,525
11,NORMA-15028,526
11,NORMA-21418,527
11,NORMA-11496,528
11,NORMA-21580,529
11,NORMA-21630,530
11,NORMA-20174,531
11,NORMA-20317,532
11,NORMA-21537,533
11,NORMA-20446,534
11,NORMA-21544,535
11,NORMA-2336,536
11,NORMA-21131,537
11,NORMA-2071,538
11,NORMA-4830,539
11,NORMA-20053,540
11,NORMA-13106,541
11,NORMA-25761,542
11,NORMA-15521,543
11,NORMA-9595,544
11,NORMA-5566,545
11,NORMA-27564,546
11,NORMA-6451,547
11,NORMA-20800,548
11,NORMA-20914,549
11,NORMA-10018,550
11,NORMA-9785,551
11,NORMA-20166,552
11,NORMA-4746,553
11,NORMA-6257,554
11,NORMA-21484,555
11,NORMA-9936,556
11,NORMA-21721,557
11,NORMA-20007,558
11,NORMA-18217,559
11,NORMA-36,560
11,NORMA-21269,561
11,NORMA-9297,562
11,NORMA-18780,563
11,NORMA-18823,564
11,NORMA-21783,565
11,NORMA-21676,566
11,NORMA-18577,567
11,NORMA-21158,568
11,NORMA-13480,569
11,NORMA-12872,570
11,NORMA-28821,571
11,NORMA-18884,572
11,NORMA-3824,573
11,NORMA-6679,574
11,NORMA-9893,575
11,NORMA-19503,576
11,NORMA-249,577
11,NORMA-14501,578
11,NORMA-15237,579
11,NORMA-20437,580
11,NORMA-783,581
11,NORMA-9705,582
11,NORMA-21712,583
11,NORMA-18225,584
11,NORMA-9834,585
11,NORMA-20476,586
11,NORMA-21257,587
11,NORMA-19191,588
11,NORMA-10247,589
11,NORMA-19212,590
11,NORMA-23523,591
11,NORMA-207,592
11,NORMA-974,593
11,NORMA-3484,594
11,NORMA-20195,595
11,NORMA-13954,596
11,NORMA-20344,597
11,NORMA-20801,598
11,NORMA-3597,599
11,NORMA-28001,600
11,NORMA-26281,601
11,NORMA-17401,602
11,NORMA-11738,603
11,NORMA-21241,604
11,NORMA-20136,605
11,NORMA-21521,606
11,NORMA-1175,607
11,NORMA-21538,608
11,NORMA-11736,609
11,NORMA-1171,610
11,NORMA-20096,611
11,NORMA-13032,612
11,NORMA-13516,613
11,NORMA-1671,614
11,NORMA-26003,615
11,NORMA-1674,616
11,NORMA-21236,617
11,NORMA-26885,618
11,NORMA-6488,619
11,NORMA-2546,620
11,NORMA-20626,621
11,NORMA-13160,622
11,NORMA-13056,623
11,NORMA-12900,624
11,NORMA-12901,625
11,NORMA-20934,626
11,NORMA-20880,627
11,NORMA-18635,628
11,NORMA-21748,629
11,NORMA-21308,630
11,NORMA-18625,631
11,NORMA-18816,632
11,NORMA-72,633
11,NORMA-20423,634
11,NORMA-18732,635
11,NORMA-21277,636
11,NORMA-19540,637
11,NORMA-12060,638
11,NORMA-18122,639
11,NORMA-15802,640
11,NORMA-21626,641
11,NORMA-20376,642
11,NORMA-1555,643
11,NORMA-21769,644
11,NORMA-20812,645
11,NORMA-20203,646
11,NORMA-20398,647
11,NORMA-2921,648
11,NORMA-1463,649
11,NORMA-13583,650
11,NORMA-18972,651
11,NORMA-680,652
11,NORMA-21090,653
11,NORMA-18404,654
11,NORMA-19422,655
11,NORMA-11605,656
11,NORMA-19651,657
11,NORMA-21232,658
11,NORMA-21249,659
11,NORMA-20971,660
11,NORMA-19387,661
11,NORMA-6268,662
11,NORMA-20154,663
11,NORMA-18462,664
11,NORMA-19061,665
11,NORMA-21507,666
11,NORMA-2413,667
11,NORMA-5431,668
11,NORMA-21523,669
11,NORMA-18436,670
11,NORMA-18740,671
11,NORMA-1840,672
11,NORMA-20039,673
11,NORMA-20833,674
11,NORMA-8814,675
11,NORMA-19903,676
11,NORMA-2399,677
11,NORMA-19431,678
11,NORMA-21198,679
11,NORMA-18724,680
11,NORMA-10819,681
11,NORMA-10818,682
11,NORMA-20950,683
11,NORMA-14926,684
11,NORMA-1407,685
11,NORMA-20139,686
11,NORMA-13264,687
11,NORMA-21273,688
11,NORMA-4297,689
11,NORMA-19232,690
11,NORMA-1179,691
11,NORMA-20425,692
11,NORMA-28467,693
11,NORMA-20861,694
11,NORMA-27521,695
11,NORMA-27221,696
11,NORMA-4898,697
11,NORMA-18249,698
11,NORMA-30043,699
11,NORMA-19279,700
11,NORMA-19096,701
11,NORMA-18219,702
11,NORMA-21147,703
11,NORMA-21613,704
11,NORMA-15159,705
11,NORMA-21231,706
11,NORMA-4820,707
11,NORMA-21637,708
11,NORMA-20060,709
11,NORMA-19471,710
11,NORMA-21199,711
11,NORMA-19221,712
11,NORMA-20182,713
11,NORMA-20604,714
11,NORMA-3966,715
11,NORMA-483,716
11,NORMA-21237,717
11,NORMA-18937,718
11,NORMA-20894,719
11,NORMA-11857,720
11,NORMA-21094,721
11,NORMA-19394,722
11,NORMA-13990,723
11,NORMA-19468,724
11,NORMA-19384,725
11,NORMA-11655,726
11,NORMA-18319,727
11,NORMA-21547,728
11,NORMA-14239,729
11,NORMA-20037,730
11,NORMA-21223,731
11,NORMA-21550,732
11,NORMA-18762,733
11,NORMA-19925,734
11,NORMA-20439,735
11,NORMA-18933,736
11,NORMA-11720,737
11,NORMA-20187,738
11,NORMA-20549,739
11,NORMA-13802,740
11,NORMA-20756,741
11,NORMA-20499,742
11,NORMA-159,743
11,NORMA-19878,744
11,NORMA-20627,745
11,NORMA-20407,746
11,NORMA-20178,747
11,NORMA-19945,748
11,NORMA-20682,749
11,NORMA-20177,750
11,NORMA-21477,751
11,NORMA-19473,752
11,NORMA-10326,753
11,NORMA-6249,754
11,NORMA-3975,755
11,NORMA-20181,756
11,NORMA-20621,757
11,NORMA-20828,758
11,NORMA-20571,759
11,NORMA-20128,760
11,NORMA-20101,761
11,NORMA-19826,762
11,NORMA-11688,763
11,NORMA-15246,764
11,NORMA-20184,765
11,NORMA-21345,766
11,NORMA-19769,767
11,NORMA-19735,768
11,NORMA-18479,769
11,NORMA-29186,770
11,NORMA-12657,771
11,NORMA-18627,772
11,NORMA-20580,773
11,NORMA-21449,774
11,NORMA-20567,775
11,NORMA-21694,776
11,NORMA-18205,777
11,NORMA-4219,778
11,NORMA-20290,779
11,NORMA-7110,780
11,NORMA-19928,781
11,NORMA-20513,782
11,NORMA-20514,783
11,NORMA-20835,784
11,NORMA-4074,785
11,NORMA-18886,786
11,NORMA-15881,787
11,NORMA-20021,788
11,NORMA-3656,789
11,NORMA-807,790
11,NORMA-20141,791
11,NORMA-5735,792
11,NORMA-332,793
11,NORMA-10538,794
11,NORMA-20515,795
11,NORMA-4701,796
11,NORMA-7279,797
11,NORMA-18541,798
11,NORMA-21625,799
11,NORMA-14666,800
11,NORMA-19194,801
11,NORMA-14856,802
11,NORMA-4549,803
11,NORMA-18831,804
11,NORMA-15150,805
11,NORMA-1567,806
11,NORMA-18961,807
11,NORMA-21535,808
11,NORMA-9739,809
11,NORMA-21635,810
11,NORMA-21701,811
11,NORMA-21738,812
11,NORMA-21743,813
11,NORMA-19800,814
11,NORMA-4736,815
11,NORMA-7910,816
11,NORMA-20995,817
11,NORMA-5552,818
11,NORMA-7993,819
11,NORMA-9794,820
11,NORMA-20602,821
11,NORMA-3638,822
11,NORMA-2005,823
11,NORMA-22262,824
11,NORMA-19408,825
11,NORMA-21586,826
11,NORMA-21660,827
11,NORMA-22643,828
11,NORMA-11621,829
11,NORMA-20292,830
11,NORMA-18287,831
11,NORMA-9855,832
11,NORMA-20581,833
11,NORMA-22822,834
11,NORMA-18248,835
11,NORMA-23941,836
11,NORMA-18527,837
11,NORMA-21388,838
11,NORMA-18647,839
11,NORMA-27925,840
11,NORMA-8537,841
11,NORMA-6378,842
11,NORMA-21526,843
11,NORMA-1663,844
11,NORMA-9679,845
11,NORMA-9890,846
11,NORMA-26201,847
11,NORMA-27924,848
11,NORMA-19187,849
11,NORMA-13877,850
11,NORMA-6656,851
11,NORMA-18536,852
11,NORMA-5813,853
11,NORMA-10029,854
11,NORMA-10119,855
11,NORMA-20831,856
11,NORMA-21325,857
11,NORMA-9871,858
11,NORMA-10044,859
11,NORMA-996,860
11,NORMA-19430,861
11,NORMA-19972,862
11,NORMA-12903,863
11,NORMA-6644,864
11,NORMA-23026,865
11,NORMA-6321,866
11,NORMA-21085,867
11,NORMA-18824,868
11,NORMA-6757,869
11,NORMA-4906,870
11,NORMA-19105,871
11,NORMA-15259,872
11,NORMA-19634,873
11,NORMA-18931,874
11,NORMA-20633,875
11,NORMA-8203,876
11,NORMA-818,877
11,NORMA-5495,878
11,NORMA-18885,879
11,NORMA-214,880
11,NORMA-8204,881
11,NORMA-12228,882
11,NORMA-19275,883
11,NORMA-4515,884
11,NORMA-18766,885
11,NORMA-3181,886
11,NORMA-21659,887
11,NORMA-11868,888
11,NORMA-509,889
11,NORMA-19741,890
11,NORMA-21332,891
11,NORMA-21170,892
11,NORMA-4514,893
11,NORMA-20738,894
11,NORMA-9446,895
11,NORMA-21159,896
11,NORMA-7466,897
11,NORMA-19403,898
11,NORMA-14812,899
11,NORMA-20797,900
11,NORMA-20206,901
11,NORMA-17161,902
11,NORMA-21295,903
11,NORMA-4171,904
11,NORMA-2337,905
11,NORMA-20349,906
11,NORMA-9455,907
11,NORMA-20199,908
11,NORMA-9078,909
11,NORMA-10429,910
11,NORMA-8161,911
11,NORMA-13835,912
11,NORMA-9072,913
11,NORMA-20941,914
11,NORMA-18954,915
11,NORMA-19809,916
11,NORMA-9928,917
11,NORMA-13586,918
11,NORMA-9740,919
11,NORMA-13912,920
11,NORMA-6185,921
11,NORMA-13883,922
11,NORMA-14429,923
11,NORMA-4052,924
11,NORMA-14208,925
11,NORMA-8409,926
11,NORMA-6747,927
11,NORMA-20809,928
11,NORMA-13241,929
11,NORMA-9856,930
11,NORMA-20731,931
11,NORMA-9375,932
11,NORMA-13472,933
11,NORMA-6716,934
11,NORMA-9332,935
11,NORMA-19976,936
11,NORMA-10380,937
11,NORMA-19975,938
11,NORMA-11352,939
11,NORMA-10296,940
11,NORMA-8840,941
11,NORMA-11418,942
11,NORMA-8800,943
11,NORMA-19581,944
11,NORMA-13664,945
11,NORMA-26241,946
11,NORMA-10788,947
11,NORMA-10565,948
11,NORMA-19974,949
11,NORMA-9870,950
11,NORMA-20106,951
11,NORMA-9862,952
11,NORMA-6599,953
11,NORMA-10668,954
11,NORMA-10435,955
11,NORMA-10017,956
11,NORMA-8119,957
11,NORMA-10434,958
11,NORMA-5812,959
11,NORMA-9738,960
11,NORMA-13218,961
11,NORMA-11164,962
11,NORMA-7097,963
11,NORMA-9737,964
11,NORMA-9861,965
11,NORMA-10610,966
11,NORMA-5712,967
11,NORMA-19648,968
11,NORMA-10529,969
11,NORMA-14965,970
11,NORMA-20164,971
11,NORMA-18378,972
11,NORMA-6326,973
11,NORMA-5535,974
11,NORMA-8158,975
11,NORMA-17061,976
11,NORMA-10669,977
11,NORMA-13237,978
11,NORMA-8156,979
11,NORMA-14890,980
11,NORMA-13769,981
11,NORMA-1317,982
11,NORMA-5694,983
11,NORMA-20599,984
11,NORMA-13458,985
11,NORMA-6598,986
11,NORMA-13547,987
11,NORMA-14089,988
11,NORMA-11631,989
11,NORMA-11414,990
11,NORMA-6314,991
11,NORMA-19712,992
11,NORMA-21761,993
11,NORMA-5968,994
11,NORMA-13931,995
11,NORMA-13202,996
11,NORMA-7556,997
11,NORMA-10920,998
11,NORMA-20083,999
11,NORMA-12771,1000
13,NORMA-19105,1
13,NORMA-20201,2
13,NORMA-21729,3
13,NORMA-20199,4
13,NORMA-27001,5
13,NORMA-20709,6
13,NORMA-18605,7
13,NORMA-19799,8
13,NORMA-20421,9
13,NORMA-19969,10
13,NORMA-21158,11
13,NORMA-19939,12
13,NORMA-3503,13
13,NORMA-20465,14
13,NORMA-20468,15
13,NORMA-18576,16
13,NORMA-18748,17
13,NORMA-19503,18
13,NORMA-18284,19
13,NORMA-12067,20
13,NORMA-18221,21
13,NORMA-18906,22
13,NORMA-19391,23
13,NORMA-21012,24
13,NORMA-1620,25
13,NORMA-20474,26
13,NORMA-15211,27
13,NORMA-18604,28
13,NORMA-21774,29
13,NORMA-18958,30
13,NORMA-21420,31
13,NORMA-20708,32
13,NORMA-19724,33
13,NORMA-20460,34
13,NORMA-7149,35
13,NORMA-14937,36
13,NORMA-20473,37
13,NORMA-13158,38
13,NORMA-16202,39
13,NORMA-19919,40
13,NORMA-13469,41
13,NORMA-20359,42
13,NORMA-18237,43
13,NORMA-21468,44
13,NORMA-18730,45
13,NORMA-20065,46
13,NORMA-19192,47
13,NORMA-21461,48
13,NORMA-20700,49
13,NORMA-6253,50
13,NORMA-19655,51
13,NORMA-21606,52
13,NORMA-20188,53
13,NORMA-27761,54
13,NORMA-21026,55
13,NORMA-6140,56
13,NORMA-7113,57
13,NORMA-21697,58
13,NORMA-8435,59
13,NORMA-15060,60
13,NORMA-9724,61
13,NORMA-21676,62
13,NORMA-19977,63
13,NORMA-20796,64
13,NORMA-19167,65
13,NORMA-21279,66
13,NORMA-21650,67
13,NORMA-21783,68
13,NORMA-20056,69
13,NORMA-21459,70
13,NORMA-20428,71
13,NORMA-18314,72
13,NORMA-21217,73
13,NORMA-13298,74
13,NORMA-20865,75
13,NORMA-21269,76
13,NORMA-20316,77
13,NORMA-19444,78
13,NORMA-19609,79
13,NORMA-21404,80
13,NORMA-20754,81
13,NORMA-18430,82
13,NORMA-20989,83
13,NORMA-21521,84
13,NORMA-20426,85
13,NORMA-20369,86
13,NORMA-19715,87
13,NORMA-12880,88
13,NORMA-21717,89
13,NORMA-21550,90
13,NORMA-18989,91
13,NORMA-12657,92
13,NORMA-20443,93
13,NORMA-19650,94
13,NORMA-21312,95
13,NORMA-13476,96
13,NORMA-19088,97
13,NORMA-21756,98
13,NORMA-21626,99
13,NORMA-1222,100
13,NORMA-19426,101
13,NORMA-20480,102
13,NORMA-18722,103
13,NORMA-20302,104
13,NORMA-21419,105
13,NORMA-13918,106
13,NORMA-12911,107
13,NORMA-13470,108
13,NORMA-21220,109
13,NORMA-27044,110
13,NORMA-20072,111
13,NORMA-21631,112
13,NORMA-6783,113
13,NORMA-20192,114
13,NORMA-19408,115
13,NORMA-7386,116
13,NORMA-20135,117
13,NORMA-21746,118
13,NORMA-7222,119
13,NORMA-7225,120
13,NORMA-21526,121
13,NORMA-18654,122
13,NORMA-21524,123
13,NORMA-18709,124
13,NORMA-19181,125
13,NORMA-19639,126
13,NORMA-19777,127
13,NORMA-19574,128
13,NORMA-23521,129
13,NORMA-21744,130
13,NORMA-21241,131
13,NORMA-18456,132
13,NORMA-14967,133
13,NORMA-19295,134
13,NORMA-19727,135
13,NORMA-19096,136
13,NORMA-13797,137
13,NORMA-14390,138
13,NORMA-31903,139
13,NORMA-19081,140
13,NORMA-3201,141
13,NORMA-7390,142
13,NORMA-19634,143
13,NORMA-20182,144
13,NORMA-6268,145
13,NORMA-21553,146
13,NORMA-8522,147
13,NORMA-14744,148
13,NORMA-19329,149
13,NORMA-18697,150
13,NORMA-19330,151
13,NORMA-12490,152
13,NORMA-18677,153
13,NORMA-20557,154
13,NORMA-20200,155
13,NORMA-20950,156
13,NORMA-21361,157
13,NORMA-8814,158
13,NORMA-20336,159
13,NORMA-21678,160
13,NORMA-21651,161
13,NORMA-20797,162
13,NORMA-19337,163
13,NORMA-20936,164
13,NORMA-13959,165
13,NORMA-19281,166
13,NORMA-28181,167
13,NORMA-20397,168
13,NORMA-25902,169
13,NORMA-19155,170
13,NORMA-20349,171
13,NORMA-21554,172
13,NORMA-19205,173
13,NORMA-883,174
13,NORMA-6621,175
13,NORMA-20157,176
13,NORMA-19646,177
13,NORMA-21767,178
13,NORMA-21275,179
13,NORMA-19249,180
13,NORMA-21283,181
13,NORMA-21408,182
13,NORMA-21278,183
13,NORMA-6185,184
13,NORMA-21434,185
13,NORMA-20477,186
13,NORMA-3966,187
13,NORMA-6488,188
13,NORMA-20995,189
13,NORMA-9382,190
13,NORMA-19061,191
13,NORMA-6702,192
13,NORMA-20476,193
13,NORMA-21538,194
13,NORMA-19704,195
13,NORMA-20885,196
13,NORMA-18418,197
13,NORMA-9358,198
13,NORMA-26881,199
13,NORMA-689,200
13,NORMA-18227,201
13,NORMA-20172,202
13,NORMA-21522,203
13,NORMA-21367,204
13,NORMA-21788,205
13,NORMA-6962,206
13,NORMA-9834,207
13,NORMA-18465,208
13,NORMA-3281,209
13,NORMA-19021,210
13,NORMA-18656,211
13,NORMA-20144,212
13,NORMA-20448,213
13,NORMA-12437,214
13,NORMA-19413,215
13,NORMA-19658,216
13,NORMA-15802,217
13,NORMA-18248,218
13,NORMA-18337,219
13,NORMA-20304,220
13,NORMA-20138,221
13,NORMA-18691,222
13,NORMA-21648,223
13,NORMA-6318,224
13,NORMA-15339,225
13,NORMA-19605,226
13,NORMA-13402,227
13,NORMA-21747,228
13,NORMA-3571,229
13,NORMA-20300,230
13,NORMA-18201,231
13,NORMA-21225,232
13,NORMA-15701,233
13,NORMA-7110,234
13,NORMA-18446,235
13,NORMA-36,236
13,NORMA-21386,237
13,NORMA-21135,238
13,NORMA-13174,239
13,NORMA-18293,240
13,NORMA-28961,241
13,NORMA-21384,242
13,NORMA-27221,243
13,NORMA-1999,244
13,NORMA-6257,245
13,NORMA-20993,246
13,NORMA-20778,247
13,NORMA-20263,248
13,NORMA-18967,249
13,NORMA-18669,250
13,NORMA-20921,251
13,NORMA-20494,252
13,NORMA-25523,253
13,NORMA-18979,254
13,NORMA-18479,255
13,NORMA-18685,256
13,NORMA-1740,257
13,NORMA-12066,258
13,NORMA-19542,259
13,NORMA-31923,260
13,NORMA-19730,261
13,NORMA-6958,262
13,NORMA-20488,263
13,NORMA-20240,264
13,NORMA-21739,265
13,NORMA-18646,266
13,NORMA-21286,267
13,NORMA-6677,268
13,NORMA-19128,269
13,NORMA-19343,270
13,NORMA-11607,271
13,NORMA-18796,272
13,NORMA-10865,273
13,NORMA-20762,274
13,NORMA-19515,275
13,NORMA-20894,276
13,NORMA-18873,277
13,NORMA-2517,278
13,NORMA-19351,279
13,NORMA-6644,280
13,NORMA-6321,281
13,NORMA-18531,282
13,NORMA-21002,283
13,NORMA-20924,284
13,NORMA-3381,285
13,NORMA-19643,286
13,NORMA-21273,287
13,NORMA-18219,288
13,NORMA-19245,289
13,NORMA-18801,290
13,NORMA-21776,291
13,NORMA-18915,292
13,NORMA-1567,293
13,NORMA-21784,294
13,NORMA-19751,295
13,NORMA-18653,296
13,NORMA-21264,297
13,NORMA-15901,298
13,NORMA-18747,299
13,NORMA-10116,300
13,NORMA-21342,301
13,NORMA-11085,302
13,NORMA-8205,303
13,NORMA-14294,304
13,NORMA-11605,305
13,NORMA-21762,306
13,NORMA-21683,307
13,NORMA-18591,308
13,NORMA-23222,309
13,NORMA-21326,310
13,NORMA-21684,311
13,NORMA-18225,312
13,NORMA-20402,313
13,NORMA-20376,314
13,NORMA-19027,315
13,NORMA-18434,316
13,NORMA-2158,317
13,NORMA-18750,318
13,NORMA-21659,319
13,NORMA-21792,320
13,NORMA-20870,321
13,NORMA-21757,322
13,NORMA-21653,323
13,NORMA-19617,324
13,NORMA-19640,325
13,NORMA-20633,326
13,NORMA-30043,327
13,NORMA-24601,328
13,NORMA-21017,329
13,NORMA-18350,330
13,NORMA-20356,331
13,NORMA-21541,332
13,NORMA-15561,333
13,NORMA-19830,334
13,NORMA-21705,335
13,NORMA-1471,336
13,NORMA-18215,337
13,NORMA-19583,338
13,NORMA-18536,339
13,NORMA-15237,340
13,NORMA-21126,341
13,NORMA-19933,342
13,NORMA-19684,343
13,NORMA-18436,344
13,NORMA-18781,345
13,NORMA-18359,346
13,NORMA-21613,347
13,NORMA-19445,348
13,NORMA-6022,349
13,NORMA-27063,350
13,NORMA-20183,351
13,NORMA-20398,352
13,NORMA-21185,353
13,NORMA-28203,354
13,NORMA-20626,355
13,NORMA-26102,356
13,NORMA-20203,357
13,NORMA-20425,358
13,NORMA-19750,359
13,NORMA-1138,360
13,NORMA-20503,361
13,NORMA-12038,362
13,NORMA-18815,363
13,NORMA-19667,364
13,NORMA-19925,365
13,NORMA-21496,366
13,NORMA-13265,367
13,NORMA-12630,368
13,NORMA-20166,369
13,NORMA-19553,370
13,NORMA-15045,371
13,NORMA-21186,372
13,NORMA-23682,373
13,NORMA-14542,374
13,NORMA-21159,375
13,NORMA-21402,376
13,NORMA-20209,377
13,NORMA-21695,378
13,NORMA-20487,379
13,NORMA-6948,380
13,NORMA-18549,381
13,NORMA-19930,382
13,NORMA-232,383
13,NORMA-20139,384
13,NORMA-19303,385
13,NORMA-20095,386
13,NORMA-21069,387
13,NORMA-18208,388
13,NORMA-3241,389
13,NORMA-19442,390
13,NORMA-19256,391
13,NORMA-11655,392
13,NORMA-14239,393
13,NORMA-19606,394
13,NORMA-18638,395
13,NORMA-21211,396
13,NORMA-8028,397
13,NORMA-20482,398
13,NORMA-20564,399
13,NORMA-19095,400
13,NORMA-1373,401
13,NORMA-21137,402
13,NORMA-616,403
13,NORMA-18528,404
13,NORMA-18899,405
13,NORMA-462,406
13,NORMA-18762,407
13,NORMA-20970,408
13,NORMA-1463,409
13,NORMA-19429,410
13,NORMA-21122,411
13,NORMA-21484,412
13,NORMA-20115,413
13,NORMA-11715,414
13,NORMA-28021,415
13,NORMA-21488,416
13,NORMA-20374,417
13,NORMA-1786,418
13,NORMA-19588,419
13,NORMA-11687,420
13,NORMA-21224,421
13,NORMA-21231,422
13,NORMA-33288,423
13,NORMA-18211,424
13,NORMA-21086,425
13,NORMA-1994,426
13,NORMA-19232,427
13,NORMA-19152,428
13,NORMA-4277,429
13,NORMA-19387,430
13,NORMA-19431,431
13,NORMA-33308,432
13,NORMA-20394,433
13,NORMA-20154,434
13,NORMA-19682,435
13,NORMA-14459,436
13,NORMA-13323,437
13,NORMA-21608,438
13,NORMA-21028,439
13,NORMA-21349,440
13,NORMA-19039,441
13,NORMA-5421,442
13,NORMA-20966,443
13,NORMA-6669,444
13,NORMA-20098,445
13,NORMA-9893,446
13,NORMA-19645,447
13,NORMA-18342,448
13,NORMA-21388,449
13,NORMA-4710,450
13,NORMA-21305,451
13,NORMA-19459,452
13,NORMA-18243,453
13,NORMA-13106,454
13,NORMA-21567,455
13,NORMA-21677,456
13,NORMA-8027,457
13,NORMA-12872,458
13,NORMA-18839,459
13,NORMA-11731,460
13,NORMA-20167,461
13,NORMA-21735,462
13,NORMA-21263,463
13,NORMA-10041,464
13,NORMA-20401,465
13,NORMA-21599,466
13,NORMA-21457,467
13,NORMA-21502,468
13,NORMA-21399,469
13,NORMA-20386,470
13,NORMA-18411,471
13,NORMA-26887,472
13,NORMA-6199,473
13,NORMA-18461,474
13,NORMA-21604,475
13,NORMA-11734,476
13,NORMA-20392,477
13,NORMA-18950,478
13,NORMA-14661,479
13,NORMA-19546,480
13,NORMA-7384,481
13,NORMA-18435,482
13,NORMA-18432,483
13,NORMA-14463,484
13,NORMA-20987,485
13,NORMA-21157,486
13,NORMA-9110,487
13,NORMA-20605,488
13,NORMA-20983,489
13,NORMA-7942,490
13,NORMA-9670,491
13,NORMA-11632,492
13,NORMA-21490,493
13,NORMA-21566,494
13,NORMA-21405,495
13,NORMA-21272,496
13,NORMA-21297,497
13,NORMA-19968,498
13,NORMA-20169,499
13,NORMA-18974,500
13,NORMA-21252,501
13,NORMA-20574,502
13,NORMA-6851,503
13,NORMA-1421,504
13,NORMA-21063,505
13,NORMA-19729,506
13,NORMA-18934,507
13,NORMA-21114,508
13,NORMA-20922,509
13,NORMA-20794,510
13,NORMA-20585,511
13,NORMA-21336,512
13,NORMA-21453,513
13,NORMA-21680,514
13,NORMA-3181,515
13,NORMA-26124,516
13,NORMA-6698,517
13,NORMA-21309,518
13,NORMA-21638,519
13,NORMA-19581,520
13,NORMA-21407,521
13,NORMA-6636,522
13,NORMA-21107,523
13,NORMA-19809,524
13,NORMA-2032,525
13,NORMA-19620,526
13,NORMA-27341,527
13,NORMA-19972,528
13,NORMA-7279,529
13,NORMA-1534,530
13,NORMA-19631,531
13,NORMA-20841,532
13,NORMA-18877,533
13,NORMA-6679,534
13,NORMA-7525,535
13,NORMA-20164,536
13,NORMA-11454,537
13,NORMA-20873,538
13,NORMA-61,539
13,NORMA-21634,540
13,NORMA-19691,541
13,NORMA-3638,542
13,NORMA-10267,543
13,NORMA-2005,544
13,NORMA-12965,545
13,NORMA-21351,546
13,NORMA-20992,547
13,NORMA-20389,548
13,NORMA-21413,549
13,NORMA-8931,550
13,NORMA-18823,551
13,NORMA-18403,552
13,NORMA-21140,553
13,NORMA-60,554
13,NORMA-20291,555
13,NORMA-3642,556
13,NORMA-19883,557
13,NORMA-21245,558
13,NORMA-19119,559
13,NORMA-20127,560
13,NORMA-21253,561
13,NORMA-18292,562
13,NORMA-21515,563
13,NORMA-18780,564
13,NORMA-21519,565
13,NORMA-18554,566
13,NORMA-10117,567
13,NORMA-19622,568
13,NORMA-22101,569
13,NORMA-7241,570
13,NORMA-19981,571
13,NORMA-819,572
13,NORMA-6880,573
13,NORMA-19386,574
13,NORMA-19675,575
13,NORMA-19870,576
13,NORMA-18356,577
13,NORMA-5360,578
13,NORMA-21649,579
13,NORMA-18914,580
13,NORMA-20444,581
13,NORMA-20941,582
13,NORMA-12060,583
13,NORMA-5496,584
13,NORMA-1573,585
13,NORMA-19297,586
13,NORMA-18992,587
13,NORMA-18529,588
13,NORMA-21261,589
13,NORMA-20202,590
13,NORMA-6092,591
13,NORMA-20849,592
13,NORMA-11627,593
13,NORMA-6410,594
13,NORMA-6344,595
13,NORMA-13514,596
13,NORMA-6758,597
13,NORMA-4746,598
13,NORMA-20432,599
13,NORMA-3577,600
13,NORMA-19845,601
13,NORMA-19009,602
13,NORMA-21508,603
13,NORMA-11316,604
13,NORMA-21437,605
13,NORMA-18732,606
13,NORMA-21562,607
13,NORMA-18368,608
13,NORMA-11814,609
13,NORMA-15921,610
13,NORMA-19526,611
13,NORMA-20013,612
13,NORMA-18385,613
13,NORMA-21637,614
13,NORMA-10309,615
13,NORMA-15902,616
13,NORMA-8575,617
13,NORMA-20058,618
13,NORMA-18631,619
13,NORMA-23501,620
13,NORMA-21173,621
13,NORMA-18724,622
13,NORMA-18474,623
13,NORMA-20106,624
13,NORMA-19092,625
13,NORMA-12029,626
13,NORMA-20999,627
13,NORMA-19779,628
13,NORMA-20096,629
13,NORMA-11599,630
13,NORMA-4830,631
13,NORMA-6521,632
13,NORMA-21338,633
13,NORMA-7387,634
13,NORMA-12246,635
13,NORMA-6291,636
13,NORMA-21477,637
13,NORMA-21721,638
13,NORMA-6736,639
13,NORMA-5626,640
13,NORMA-21249,641
13,NORMA-11875,642
13,NORMA-11670,643
13,NORMA-3767,644
13,NORMA-10219,645
13,NORMA-19648,646
13,NORMA-20277,647
13,NORMA-6655,648
13,NORMA-4909,649
13,NORMA-5586,650
13,NORMA-9681,651
13,NORMA-21390,652
13,NORMA-20753,653
13,NORMA-9067,654
13,NORMA-5170,655
13,NORMA-5008,656
13,NORMA-21725,657
13,NORMA-12245,658
13,NORMA-19871,659
13,NORMA-21537,660
13,NORMA-19228,661
13,NORMA-20222,662
13,NORMA-21509,663
13,NORMA-6075,664
13,NORMA-18265,665
13,NORMA-11876,666
13,NORMA-4500,667
13,NORMA-21475,668
13,NORMA-20705,669
13,NORMA-18303,670
13,NORMA-2378,671
13,NORMA-2534,672
13,NORMA-11400,673
13,NORMA-15027,674
13,NORMA-10888,675
13,NORMA-21663,676
13,NORMA-21710,677
13,NORMA-12728,678
13,NORMA-26201,679
13,NORMA-20963,680
13,NORMA-12255,681
13,NORMA-23361,682
13,NORMA-19942,683
13,NORMA-6343,684
13,NORMA-20990,685
13,NORMA-18583,686
13,NORMA-20366,687
13,NORMA-20916,688
13,NORMA-21533,689
13,NORMA-15881,690
13,NORMA-18955,691
13,NORMA-20606,692
13,NORMA-19732,693
13,NORMA-23341,694
13,NORMA-18769,695
13,NORMA-21003,696
13,NORMA-18647,697
13,NORMA-15239,698
13,NORMA-19240,699
13,NORMA-20382,700
13,NORMA-20185,701
13,NORMA-17221,702
13,NORMA-18734,703
13,NORMA-29003,704
13,NORMA-14345,705
13,NORMA-20363,706
13,NORMA-18427,707
13,NORMA-3979,708
13,NORMA-19518,709
13,NORMA-21474,710
13,NORMA-2184,711
13,NORMA-19437,712
13,NORMA-5381,713
13,NORMA-14113,714
13,NORMA-18753,715
13,NORMA-21586,716
13,NORMA-18951,717
13,NORMA-10745,718
13,NORMA-21764,719
13,NORMA-21501,720
13,NORMA-19164,721
13,NORMA-10590,722
13,NORMA-10534,723
13,NORMA-4792,724
13,NORMA-19124,725
13,NORMA-19235,726
13,NORMA-18807,727
13,NORMA-28362,728
13,NORMA-21647,729
13,NORMA-21267,730
13,NORMA-10347,731
13,NORMA-13519,732
13,NORMA-18404,733
13,NORMA-13229,734
13,NORMA-10975,735
13,NORMA-16268,736
13,NORMA-8773,737
13,NORMA-19223,738
13,NORMA-4587,739
13,NORMA-11292,740
13,NORMA-4634,741
13,NORMA-11272,742
13,NORMA-20017,743
13,NORMA-6203,744
13,NORMA-22723,745
13,NORMA-13671,746
13,NORMA-8772,747
13,NORMA-8938,748
13,NORMA-9457,749
13,NORMA-19629,750
13,NORMA-10797,751
13,NORMA-11108,752
13,NORMA-11589,753
13,NORMA-11874,754
13,NORMA-12247,755
13,NORMA-15242,756
13,NORMA-10531,757
13,NORMA-12858,758
13,NORMA-10999,759
13,NORMA-18548,760
13,NORMA-23881,761
13,NORMA-25723,762
13,NORMA-15208,763
13,NORMA-18706,764
13,NORMA-20194,765
13,NORMA-5361,766
13,NORMA-14099,767
13,NORMA-4278,768
13,NORMA-14974,769
13,NORMA-20883,770
13,NORMA-25964,771
13,NORMA-10629,772
13,NORMA-18405,773
13,NORMA-11086,774
13,NORMA-20490,775
13,NORMA-18527,776
13,NORMA-20985,777
13,NORMA-13995,778
13,NORMA-29005,779
13,NORMA-12859,780
13,NORMA-20405,781
13,NORMA-21236,782
13,NORMA-21523,783
13,NORMA-6894,784
13,NORMA-19621,785
13,NORMA-18668,786
13,NORMA-20738,787
13,NORMA-11872,788
13,NORMA-13552,789
13,NORMA-20102,790
13,NORMA-19028,791
13,NORMA-20083,792
13,NORMA-1144,793
13,NORMA-6895,794
13,NORMA-21344,795
13,NORMA-22001,796
13,NORMA-21149,797
13,NORMA-10920,798
13,NORMA-13471,799
13,NORMA-21546,800
13,NORMA-21400,801
13,NORMA-19733,802
13,NORMA-11523,803
13,NORMA-11433,804
13,NORMA-14302,805
13,NORMA-24102,806
13,NORMA-19740,807
13,NORMA-6903,808
13,NORMA-6819,809
13,NORMA-15134,810
13,NORMA-3511,811
13,NORMA-14587,812
13,NORMA-21170,813
13,NORMA-6820,814
13,NORMA-2020,815
13,NORMA-3342,816
13,NORMA-555,817
13,NORMA-10931,818
13,NORMA-972,819
13,NORMA-1674,820
13,NORMA-21359,821
13,NORMA-7012,822
13,NORMA-6083,823
13,NORMA-18462,824
13,NORMA-18802,825
13,NORMA-1578,826
13,NORMA-20869,827
13,NORMA-20812,828
13,NORMA-27064,829
13,NORMA-23027,830
13,NORMA-20908,831
13,NORMA-6970,832
13,NORMA-12248,833
13,NORMA-19278,834
13,NORMA-11854,835
13,NORMA-19800,836
13,NORMA-18378,837
13,NORMA-2399,838
13,NORMA-76,839
13,NORMA-27384,840
13,NORMA-17281,841
13,NORMA-27062,842
13,NORMA-21131,843
13,NORMA-11736,844
13,NORMA-20800,845
13,NORMA-18562,846
13,NORMA-11665,847
13,NORMA-12107,848
13,NORMA-18767,849
13,NORMA-13473,850
13,NORMA-12020,851
13,NORMA-13771,852
13,NORMA-835,853
13,NORMA-11804,854
13,NORMA-11087,855
13,NORMA-8774,856
13,NORMA-4588,857
13,NORMA-20997,858
13,NORMA-20406,859
13,NORMA-21564,860
13,NORMA-10473,861
13,NORMA-20403,862
13,NORMA-19940,863
13,NORMA-19623,864
13,NORMA-33728,865
13,NORMA-20857,866
13,NORMA-317,867
13,NORMA-20396,868
13,NORMA-12055,869
13,NORMA-11901,870
13,NORMA-6753,871
13,NORMA-14724,872
13,NORMA-13545,873
13,NORMA-21401,874
13,NORMA-21609,875
13,NORMA-21429,876
13,NORMA-12664,877
13,NORMA-11921,878
13,NORMA-6957,879
13,NORMA-28001,880
13,NORMA-14788,881
13,NORMA-9792,882
13,NORMA-13508,883
13,NORMA-19017,884
13,NORMA-13160,885
13,NORMA-20184,886
13,NORMA-11877,887
13,NORMA-11505,888
13,NORMA-12733,889
13,NORMA-10994,890
13,NORMA-1334,891
13,NORMA-20911,892
13,NORMA-21190,893
13,NORMA-19182,894
13,NORMA-21418,895
13,NORMA-20422,896
13,NORMA-1613,897
13,NORMA-19875,898
13,NORMA-11758,899
13,NORMA-11813,900
13,NORMA-18577,901
13,NORMA-20171,902
13,NORMA-11473,903
13,NORMA-3735,904
13,NORMA-13954,905
13,NORMA-14814,906
13,NORMA-24961,907
13,NORMA-13903,908
13,NORMA-18699,909
13,NORMA-11356,910
13,NORMA-8706,911
13,NORMA-19221,912
13,NORMA-15581,913
13,NORMA-20190,914
13,NORMA-11920,915
13,NORMA-10123,916
13,NORMA-4786,917
13,NORMA-7381,918
13,NORMA-18670,919
13,NORMA-772,920
13,NORMA-984,921
13,NORMA-11792,922
13,NORMA-1026,923
13,NORMA-19784,924
13,NORMA-20196,925
13,NORMA-18952,926
13,NORMA-21299,927
13,NORMA-20383,928
13,NORMA-15167,929
13,NORMA-20375,930
13,NORMA-21499,931
13,NORMA-20390,932
13,NORMA-21481,933
13,NORMA-13474,934
13,NORMA-1516,935
13,NORMA-20399,936
13,NORMA-6629,937
13,NORMA-20365,938
13,NORMA-14813,939
13,NORMA-12113,940
13,NORMA-18729,941
13,NORMA-18391,942
13,NORMA-14746,943
13,NORMA-13919,944
13,NORMA-9481,945
13,NORMA-21393,946
13,NORMA-20388,947
13,NORMA-20407,948
13,NORMA-27364,949
13,NORMA-18872,950
13,NORMA-21334,951
13,NORMA-11771,952
13,NORMA-20472,953
13,NORMA-2413,954
13,NORMA-19582,955
13,NORMA-12415,956
13,NORMA-12923,957
13,NORMA-13124,958
13,NORMA-13746,959
13,NORMA-14828,960
13,NORMA-20481,961
13,NORMA-20502,962
13,NORMA-13308,963
13,NORMA-7022,964
13,NORMA-20371,965
13,NORMA-20489,966
13,NORMA-21124,967
13,NORMA-10034,968
13,NORMA-21549,969
13,NORMA-20221,970
13,NORMA-7194,971
13,NORMA-21656,972
13,NORMA-20274,973
13,NORMA-19547,974
13,NORMA-7027,975
13,NORMA-14577,976
13,NORMA-18648,977
13,NORMA-31904,978
13,NORMA-21417,979
13,NORMA-12739,980
13,NORMA-15004,981
13,NORMA-20285,982
13,NORMA-13345,983
13,NORMA-21445,984
13,NORMA-24582,985
13,NORMA-21785,986
13,NORMA-21428,987
13,NORMA-18286,988
13,NORMA-14850,989
13,NORMA-18451,990
13,NORMA-21398,991
13,NORMA-20224,992
13,NORMA-24661,993
13,NORMA-21768,994
13,NORMA-18216,995
13,NORMA-9835,996
13,NORMA-21226,997
13,NORMA-19134,998
13,NORMA-18444,999
13,NORMA-19535,1000
14,NORMA-19629,1
14,NORMA-18391,2
14,NORMA-19969,3
14,NORMA-19942,4
14,NORMA-19429,5
14,NORMA-20058,6
14,NORMA-18243,7
14,NORMA-21631,8
14,NORMA-20713,9
14,NORMA-18450,10
14,NORMA-21526,11
14,NORMA-19704,12
14,NORMA-20995,13
14,NORMA-18668,14
14,NORMA-19553,15
14,NORMA-20597,16
14,NORMA-20073,17
14,NORMA-21651,18
14,NORMA-19039,19
14,NORMA-19925,20
14,NORMA-19351,21
14,NORMA-19927,22
14,NORMA-21659,23
14,NORMA-21065,24
14,NORMA-19459,25
14,NORMA-18691,26
14,NORMA-20817,27
14,NORMA-19245,28
14,NORMA-19583,29
14,NORMA-9724,30
14,NORMA-21678,31
14,NORMA-21626,32
14,NORMA-21783,33
14,NORMA-21554,34
14,NORMA-20138,35
14,NORMA-15339,36
14,NORMA-8435,37
14,NORMA-21279,38
14,NORMA-6140,39
14,NORMA-3503,40
14,NORMA-7113,41
14,NORMA-21185,42
14,NORMA-19096,43
14,NORMA-18511,44
14,NORMA-21241,45
14,NORMA-19667,46
14,NORMA-21550,47
14,NORMA-19416,48
14,NORMA-13470,49
14,NORMA-13918,50
14,NORMA-18748,51
14,NORMA-12029,52
14,NORMA-14746,53
14,NORMA-27044,54
14,NORMA-18211,55
14,NORMA-27364,56
14,NORMA-20248,57
14,NORMA-6783,58
14,NORMA-18747,59
14,NORMA-21575,60
14,NORMA-19003,61
14,NORMA-18870,62
14,NORMA-18574,63
14,NORMA-7386,64
14,NORMA-7222,65
14,NORMA-19609,66
14,NORMA-7225,67
14,NORMA-18781,68
14,NORMA-18682,69
14,NORMA-19081,70
14,NORMA-18793,71
14,NORMA-18411,72
14,NORMA-18545,73
14,NORMA-18446,74
14,NORMA-18653,75
14,NORMA-11814,76
14,NORMA-21650,77
14,NORMA-19212,78
14,NORMA-6629,79
14,NORMA-19436,80
14,NORMA-13797,81
14,NORMA-19574,82
14,NORMA-21676,83
14,NORMA-21131,84
14,NORMA-18648,85
14,NORMA-18626,86
14,NORMA-21408,87
14,NORMA-18451,88
14,NORMA-21064,89
14,NORMA-19503,90
14,NORMA-21122,91
14,NORMA-19391,92
14,NORMA-20704,93
14,NORMA-19646,94
14,NORMA-21521,95
14,NORMA-18434,96
14,NORMA-20870,97
14,NORMA-6022,98
14,NORMA-6253,99
14,NORMA-21461,100
14,NORMA-19437,101
14,NORMA-18418,102
14,NORMA-21269,103
14,NORMA-21114,104
14,NORMA-19124,105
14,NORMA-18697,106
14,NORMA-19746,107
14,NORMA-18654,108
14,NORMA-21005,109
14,NORMA-21776,110
14,NORMA-18405,111
14,NORMA-7387,112
14,NORMA-6736,113
14,NORMA-19909,114
14,NORMA-3767,115
14,NORMA-26881,116
14,NORMA-11356,117
14,NORMA-8706,118
14,NORMA-21217,119
14,NORMA-13308,120
14,NORMA-21367,121
14,NORMA-21149,122
14,NORMA-4786,123
14,NORMA-25902,124
14,NORMA-14724,125
14,NORMA-21784,126
14,NORMA-19691,127
14,NORMA-20705,128
14,NORMA-12733,129
14,NORMA-21562,130
14,NORMA-18286,131
14,NORMA-21135,132
14,NORMA-12415,133
14,NORMA-20134,134
14,NORMA-21419,135
14,NORMA-19240,136
14,NORMA-18474,137
14,NORMA-19223,138
14,NORMA-20712,139
14,NORMA-21666,140
14,NORMA-27761,141
14,NORMA-21608,142
14,NORMA-21390,143
14,NORMA-15802,144
14,NORMA-20865,145
14,NORMA-12923,146
14,NORMA-13124,147
14,NORMA-8028,148
14,NORMA-19729,149
14,NORMA-19526,150
14,NORMA-21638,151
14,NORMA-27221,152
14,NORMA-20941,153
14,NORMA-21437,154
14,NORMA-19155,155
14,NORMA-11316,156
14,NORMA-20443,157
14,NORMA-20622,158
14,NORMA-20222,159
14,NORMA-20102,160
14,NORMA-21509,161
14,NORMA-18769,162
14,NORMA-21178,163
14,NORMA-18796,164
14,NORMA-21663,165
14,NORMA-21710,166
14,NORMA-20762,167
14,NORMA-19181,168
14,NORMA-21286,169
14,NORMA-21113,170
14,NORMA-21073,171
14,NORMA-6679,172
14,NORMA-23341,173
14,NORMA-3662,174
14,NORMA-19426,175
14,NORMA-18284,176
14,NORMA-21690,177
14,NORMA-21547,178
14,NORMA-19740,179
14,NORMA-18605,180
14,NORMA-13469,181
14,NORMA-20922,182
14,NORMA-19138,183
14,NORMA-19021,184
14,NORMA-18996,185
14,NORMA-6948,186
14,NORMA-21186,187
14,NORMA-21519,188
14,NORMA-18899,189
14,NORMA-18276,190
14,NORMA-20924,191
14,NORMA-16202,192
14,NORMA-14937,193
14,NORMA-18900,194
14,NORMA-13158,195
14,NORMA-19431,196
14,NORMA-20901,197
14,NORMA-20223,198
14,NORMA-21187,199
14,NORMA-18302,200
14,NORMA-15239,201
14,NORMA-20643,202
14,NORMA-21648,203
14,NORMA-12060,204
14,NORMA-12067,205
14,NORMA-19939,206
14,NORMA-18528,207
14,NORMA-15211,208
14,NORMA-20172,209
14,NORMA-19329,210
14,NORMA-13514,211
14,NORMA-12066,212
14,NORMA-21595,213
14,NORMA-20072,214
14,NORMA-20426,215
14,NORMA-19655,216
14,NORMA-20879,217
14,NORMA-6627,218
14,NORMA-20893,219
14,NORMA-19387,220
14,NORMA-6957,221
14,NORMA-14390,222
14,NORMA-21086,223
14,NORMA-20887,224
14,NORMA-12102,225
14,NORMA-21788,226
14,NORMA-20966,227
14,NORMA-3577,228
14,NORMA-5360,229
14,NORMA-10116,230
14,NORMA-13298,231
14,NORMA-11085,232
14,NORMA-8205,233
14,NORMA-5496,234
14,NORMA-14294,235
14,NORMA-21264,236
14,NORMA-20990,237
14,NORMA-21669,238
14,NORMA-19643,239
14,NORMA-13476,240
14,NORMA-21792,241
14,NORMA-19192,242
14,NORMA-19977,243
14,NORMA-21126,244
14,NORMA-21366,245
14,NORMA-19095,246
14,NORMA-29003,247
14,NORMA-6881,248
14,NORMA-6701,249
14,NORMA-6643,250
14,NORMA-20182,251
14,NORMA-21267,252
14,NORMA-5751,253
14,NORMA-28981,254
14,NORMA-20473,255
14,NORMA-21220,256
14,NORMA-20730,257
14,NORMA-21490,258
14,NORMA-20632,259
14,NORMA-21028,260
14,NORMA-19281,261
14,NORMA-27449,262
14,NORMA-19933,263
14,NORMA-4909,264
14,NORMA-18724,265
14,NORMA-19573,266
14,NORMA-11263,267
14,NORMA-12038,268
14,NORMA-10309,269
14,NORMA-18223,270
14,NORMA-21768,271
14,NORMA-19682,272
14,NORMA-19622,273
14,NORMA-21063,274
14,NORMA-21249,275
14,NORMA-14744,276
14,NORMA-20397,277
14,NORMA-12631,278
14,NORMA-20196,279
14,NORMA-18479,280
14,NORMA-20888,281
14,NORMA-18709,282
14,NORMA-18436,283
14,NORMA-10200,284
14,NORMA-21606,285
14,NORMA-19330,286
14,NORMA-6753,287
14,NORMA-8458,288
14,NORMA-20224,289
14,NORMA-12649,290
14,NORMA-13594,291
14,NORMA-28203,292
14,NORMA-14652,293
14,NORMA-19930,294
14,NORMA-27384,295
14,NORMA-18835,296
14,NORMA-20179,297
14,NORMA-21409,298
14,NORMA-20474,299
14,NORMA-21507,300
14,NORMA-20168,301
14,NORMA-7953,302
14,NORMA-18734,303
14,NORMA-18424,304
14,NORMA-18780,305
14,NORMA-20376,306
14,NORMA-3509,307
14,NORMA-20797,308
14,NORMA-19979,309
14,NORMA-6084,310
14,NORMA-6752,311
14,NORMA-5969,312
14,NORMA-4279,313
14,NORMA-18916,314
14,NORMA-5162,315
14,NORMA-21069,316
14,NORMA-14967,317
14,NORMA-20796,318
14,NORMA-7012,319
14,NORMA-8771,320
14,NORMA-19658,321
14,NORMA-5184,322
14,NORMA-20188,323
14,NORMA-21012,324
14,NORMA-18456,325
14,NORMA-19172,326
14,NORMA-12490,327
14,NORMA-21361,328
14,NORMA-20402,329
14,NORMA-20790,330
14,NORMA-19152,331
14,NORMA-6184,332
14,NORMA-6685,333
14,NORMA-27063,334
14,NORMA-6256,335
14,NORMA-6623,336
14,NORMA-4830,337
14,NORMA-3642,338
14,NORMA-20890,339
14,NORMA-20999,340
14,NORMA-8027,341
14,NORMA-11086,342
14,NORMA-26102,343
14,NORMA-4746,344
14,NORMA-21515,345
14,NORMA-30043,346
14,NORMA-18801,347
14,NORMA-20815,348
14,NORMA-12437,349
14,NORMA-13552,350
14,NORMA-19735,351
14,NORMA-6895,352
14,NORMA-20060,353
14,NORMA-14302,354
14,NORMA-19092,355
14,NORMA-5586,356
14,NORMA-7241,357
14,NORMA-21203,358
14,NORMA-18427,359
14,NORMA-7027,360
14,NORMA-21278,361
14,NORMA-18646,362
14,NORMA-6702,363
14,NORMA-20569,364
14,NORMA-19844,365
14,NORMA-5626,366
14,NORMA-22561,367
14,NORMA-18762,368
14,NORMA-20692,369
14,NORMA-18239,370
14,NORMA-20432,371
14,NORMA-20056,372
14,NORMA-12859,373
14,NORMA-10326,374
14,NORMA-13802,375
14,NORMA-12911,376
14,NORMA-3638,377
14,NORMA-10034,378
14,NORMA-19620,379
14,NORMA-18962,380
14,NORMA-11731,381
14,NORMA-21402,382
14,NORMA-19985,383
14,NORMA-20955,384
14,NORMA-19570,385
14,NORMA-19180,386
14,NORMA-18248,387
14,NORMA-18802,388
14,NORMA-18414,389
14,NORMA-19650,390
14,NORMA-19110,391
14,NORMA-28586,392
14,NORMA-21431,393
14,NORMA-19730,394
14,NORMA-18972,395
14,NORMA-11687,396
14,NORMA-20349,397
14,NORMA-21637,398
14,NORMA-19968,399
14,NORMA-21649,400
14,NORMA-7525,401
14,NORMA-21003,402
14,NORMA-19337,403
14,NORMA-19760,404
14,NORMA-21255,405
14,NORMA-20369,406
14,NORMA-21312,407
14,NORMA-6758,408
14,NORMA-18669,409
14,NORMA-20240,410
14,NORMA-9803,411
14,NORMA-20065,412
14,NORMA-5421,413
14,NORMA-23222,414
14,NORMA-15242,415
14,NORMA-18750,416
14,NORMA-21291,417
14,NORMA-21739,418
14,NORMA-18967,419
14,NORMA-21026,420
14,NORMA-18859,421
14,NORMA-18554,422
14,NORMA-4710,423
14,NORMA-21023,424
14,NORMA-18539,425
14,NORMA-21446,426
14,NORMA-19770,427
14,NORMA-20300,428
14,NORMA-18673,429
14,NORMA-18548,430
14,NORMA-19295,431
14,NORMA-20465,432
14,NORMA-19565,433
14,NORMA-19859,434
14,NORMA-18325,435
14,NORMA-18293,436
14,NORMA-7384,437
14,NORMA-21420,438
14,NORMA-19518,439
14,NORMA-20811,440
14,NORMA-19883,441
14,NORMA-21369,442
14,NORMA-18549,443
14,NORMA-21537,444
14,NORMA-12965,445
14,NORMA-3820,446
14,NORMA-3821,447
14,NORMA-21705,448
14,NORMA-6894,449
14,NORMA-21256,450
14,NORMA-6199,451
14,NORMA-13471,452
14,NORMA-18350,453
14,NORMA-21439,454
14,NORMA-19600,455
14,NORMA-19175,456
14,NORMA-23521,457
14,NORMA-19033,458
14,NORMA-18420,459
14,NORMA-21147,460
14,NORMA-11771,461
14,NORMA-19462,462
14,NORMA-20779,463
14,NORMA-6354,464
14,NORMA-19442,465
14,NORMA-19582,466
14,NORMA-20236,467
14,NORMA-20950,468
14,NORMA-2126,469
14,NORMA-20359,470
14,NORMA-20985,471
14,NORMA-21647,472
14,NORMA-21756,473
14,NORMA-19948,474
14,NORMA-10531,475
14,NORMA-19303,476
14,NORMA-18201,477
14,NORMA-21523,478
14,NORMA-19592,479
14,NORMA-20601,480
14,NORMA-18730,481
14,NORMA-20460,482
14,NORMA-3907,483
14,NORMA-21052,484
14,NORMA-20778,485
14,NORMA-21225,486
14,NORMA-19972,487
14,NORMA-20098,488
14,NORMA-19689,489
14,NORMA-19028,490
14,NORMA-9834,491
14,NORMA-19919,492
14,NORMA-21008,493
14,NORMA-13402,494
14,NORMA-18591,495
14,NORMA-19639,496
14,NORMA-7011,497
14,NORMA-3966,498
14,NORMA-19588,499
14,NORMA-21544,500
14,NORMA-6819,501
14,NORMA-19632,502
14,NORMA-20171,503
14,NORMA-21151,504
14,NORMA-6820,505
14,NORMA-20869,506
14,NORMA-20205,507
14,NORMA-21506,508
14,NORMA-21584,509
14,NORMA-20738,510
14,NORMA-21152,511
14,NORMA-6318,512
14,NORMA-6970,513
14,NORMA-19105,514
14,NORMA-21344,515
14,NORMA-21475,516
14,NORMA-18219,517
14,NORMA-19772,518
14,NORMA-21468,519
14,NORMA-21496,520
14,NORMA-21132,521
14,NORMA-19417,522
14,NORMA-21541,523
14,NORMA-19959,524
14,NORMA-6880,525
14,NORMA-11758,526
14,NORMA-11087,527
14,NORMA-8774,528
14,NORMA-20429,529
14,NORMA-11473,530
14,NORMA-4588,531
14,NORMA-1994,532
14,NORMA-19542,533
14,NORMA-19822,534
14,NORMA-18531,535
14,NORMA-21429,536
14,NORMA-6669,537
14,NORMA-21170,538
14,NORMA-21418,539
14,NORMA-11570,540
14,NORMA-11715,541
14,NORMA-11670,542
14,NORMA-19768,543
14,NORMA-19590,544
14,NORMA-23361,545
14,NORMA-20297,546
14,NORMA-18208,547
14,NORMA-20374,548
14,NORMA-7381,549
14,NORMA-18656,550
14,NORMA-19749,551
14,NORMA-6698,552
14,NORMA-21553,553
14,NORMA-11614,554
14,NORMA-21205,555
14,NORMA-19444,556
14,NORMA-19828,557
14,NORMA-21404,558
14,NORMA-18935,559
14,NORMA-21566,560
14,NORMA-21139,561
14,NORMA-19904,562
14,NORMA-20422,563
14,NORMA-13323,564
14,NORMA-19842,565
14,NORMA-13265,566
14,NORMA-11632,567
14,NORMA-6636,568
14,NORMA-21609,569
14,NORMA-23581,570
14,NORMA-18238,571
14,NORMA-20169,572
14,NORMA-18207,573
14,NORMA-15045,574
14,NORMA-19779,575
14,NORMA-61,576
14,NORMA-14542,577
14,NORMA-3571,578
14,NORMA-19634,579
14,NORMA-18407,580
14,NORMA-6955,581
14,NORMA-19061,582
14,NORMA-15881,583
14,NORMA-3281,584
14,NORMA-19961,585
14,NORMA-20263,586
14,NORMA-20557,587
14,NORMA-20144,588
14,NORMA-19983,589
14,NORMA-12492,590
14,NORMA-18939,591
14,NORMA-13534,592
14,NORMA-21717,593
14,NORMA-19703,594
14,NORMA-10878,595
14,NORMA-19515,596
14,NORMA-19249,597
14,NORMA-18942,598
14,NORMA-15237,599
14,NORMA-11665,600
14,NORMA-19845,601
14,NORMA-20962,602
14,NORMA-20299,603
14,NORMA-20186,604
14,NORMA-21004,605
14,NORMA-11655,606
14,NORMA-14239,607
14,NORMA-20197,608
14,NORMA-19798,609
14,NORMA-20902,610
14,NORMA-20915,611
14,NORMA-9835,612
14,NORMA-18670,613
14,NORMA-10821,614
14,NORMA-11735,615
14,NORMA-29005,616
14,NORMA-12630,617
14,NORMA-18224,618
14,NORMA-20191,619
14,NORMA-26201,620
14,NORMA-19454,621
14,NORMA-18221,622
14,NORMA-6954,623
14,NORMA-20129,624
14,NORMA-19628,625
14,NORMA-18339,626
14,NORMA-18997,627
14,NORMA-20398,628
14,NORMA-20702,629
14,NORMA-21228,630
14,NORMA-20626,631
14,NORMA-6851,632
14,NORMA-480,633
14,NORMA-19408,634
14,NORMA-21071,635
14,NORMA-20729,636
14,NORMA-20845,637
14,NORMA-20505,638
14,NORMA-9481,639
14,NORMA-18603,640
14,NORMA-4711,641
14,NORMA-7007,642
14,NORMA-20703,643
14,NORMA-21239,644
14,NORMA-21499,645
14,NORMA-4075,646
14,NORMA-658,647
14,NORMA-12245,648
14,NORMA-18541,649
14,NORMA-7015,650
14,NORMA-13345,651
14,NORMA-21157,652
14,NORMA-19051,653
14,NORMA-9888,654
14,NORMA-14850,655
14,NORMA-18815,656
14,NORMA-19475,657
14,NORMA-19034,658
14,NORMA-21459,659
14,NORMA-18934,660
14,NORMA-18378,661
14,NORMA-21564,662
14,NORMA-20304,663
14,NORMA-14688,664
14,NORMA-15229,665
14,NORMA-20407,666
14,NORMA-4275,667
14,NORMA-21387,668
14,NORMA-20217,669
14,NORMA-19808,670
14,NORMA-18800,671
14,NORMA-20727,672
14,NORMA-15060,673
14,NORMA-6595,674
14,NORMA-9382,675
14,NORMA-5925,676
14,NORMA-21328,677
14,NORMA-21634,678
14,NORMA-20137,679
14,NORMA-20385,680
14,NORMA-11882,681
14,NORMA-31903,682
14,NORMA-6782,683
14,NORMA-19782,684
14,NORMA-21107,685
14,NORMA-9785,686
14,NORMA-18319,687
14,NORMA-18873,688
14,NORMA-11443,689
14,NORMA-9595,690
14,NORMA-20090,691
14,NORMA-20371,692
14,NORMA-20763,693
14,NORMA-20121,694
14,NORMA-15167,695
14,NORMA-6185,696
14,NORMA-26701,697
14,NORMA-20235,698
14,NORMA-4091,699
14,NORMA-23682,700
14,NORMA-19606,701
14,NORMA-13746,702
14,NORMA-14828,703
14,NORMA-20295,704
14,NORMA-20468,705
14,NORMA-20028,706
14,NORMA-20799,707
14,NORMA-19481,708
14,NORMA-20886,709
14,NORMA-18536,710
14,NORMA-18492,711
14,NORMA-20435,712
14,NORMA-21787,713
14,NORMA-19546,714
14,NORMA-20091,715
14,NORMA-21508,716
14,NORMA-20382,717
14,NORMA-18529,718
14,NORMA-11272,719
14,NORMA-15701,720
14,NORMA-11756,721
14,NORMA-19621,722
14,NORMA-18237,723
14,NORMA-24582,724
14,NORMA-18386,725
14,NORMA-20366,726
14,NORMA-21207,727
14,NORMA-21359,728
14,NORMA-21025,729
14,NORMA-19205,730
14,NORMA-20891,731
14,NORMA-27064,732
14,NORMA-2013,733
14,NORMA-20921,734
14,NORMA-18314,735
14,NORMA-18583,736
14,NORMA-21324,737
14,NORMA-20480,738
14,NORMA-20503,739
14,NORMA-20558,740
14,NORMA-18733,741
14,NORMA-21272,742
14,NORMA-21159,743
14,NORMA-21661,744
14,NORMA-13508,745
14,NORMA-20210,746
14,NORMA-9893,747
14,NORMA-704,748
14,NORMA-33728,749
14,NORMA-9110,750
14,NORMA-7942,751
14,NORMA-9670,752
14,NORMA-2158,753
14,NORMA-27062,754
14,NORMA-13174,755
14,NORMA-4396,756
14,NORMA-33288,757
14,NORMA-21463,758
14,NORMA-22721,759
14,NORMA-33308,760
14,NORMA-560,761
14,NORMA-20883,762
14,NORMA-19170,763
14,NORMA-21247,764
14,NORMA-19864,765
14,NORMA-28623,766
14,NORMA-1222,767
14,NORMA-18266,768
14,NORMA-20157,769
14,NORMA-18360,770
14,NORMA-21597,771
14,NORMA-15921,772
14,NORMA-15901,773
14,NORMA-18217,774
14,NORMA-19787,775
14,NORMA-12613,776
14,NORMA-59,777
14,NORMA-20285,778
14,NORMA-6316,779
14,NORMA-801,780
14,NORMA-2185,781
14,NORMA-19642,782
14,NORMA-6181,783
14,NORMA-21325,784
14,NORMA-1611,785
14,NORMA-554,786
14,NORMA-18287,787
14,NORMA-20294,788
14,NORMA-6630,789
14,NORMA-19056,790
14,NORMA-13160,791
14,NORMA-20710,792
14,NORMA-18674,793
14,NORMA-14459,794
14,NORMA-19792,795
14,NORMA-6967,796
14,NORMA-20225,797
14,NORMA-2517,798
14,NORMA-21352,799
14,NORMA-21755,800
14,NORMA-18906,801
14,NORMA-18227,802
14,NORMA-19762,803
14,NORMA-14463,804
14,NORMA-19290,805
14,NORMA-20301,806
14,NORMA-11721,807
14,NORMA-11751,808
14,NORMA-1534,809
14,NORMA-11563,810
14,NORMA-20946,811
14,NORMA-3381,812
14,NORMA-21484,813
14,NORMA-20442,814
14,NORMA-18984,815
14,NORMA-11757,816
14,NORMA-6641,817
14,NORMA-4424,818
14,NORMA-18988,819
14,NORMA-20541,820
14,NORMA-20545,821
14,NORMA-28001,822
14,NORMA-19940,823
14,NORMA-21192,824
14,NORMA-13106,825
14,NORMA-20538,826
14,NORMA-19640,827
14,NORMA-20854,828
14,NORMA-21524,829
14,NORMA-1421,830
14,NORMA-18432,831
14,NORMA-20959,832
14,NORMA-21434,833
14,NORMA-11664,834
14,NORMA-18394,835
14,NORMA-4926,836
14,NORMA-19852,837
14,NORMA-19741,838
14,NORMA-21684,839
14,NORMA-19005,840
14,NORMA-13610,841
14,NORMA-12165,842
14,NORMA-20113,843
14,NORMA-11526,844
14,NORMA-12872,845
14,NORMA-20269,846
14,NORMA-21029,847
14,NORMA-802,848
14,NORMA-18685,849
14,NORMA-19947,850
14,NORMA-660,851
14,NORMA-21729,852
14,NORMA-883,853
14,NORMA-6203,854
14,NORMA-20405,855
14,NORMA-20501,856
14,NORMA-8938,857
14,NORMA-21767,858
14,NORMA-18823,859
14,NORMA-20444,860
14,NORMA-10797,861
14,NORMA-9457,862
14,NORMA-18828,863
14,NORMA-20836,864
14,NORMA-12039,865
14,NORMA-20290,866
14,NORMA-21791,867
14,NORMA-20627,868
14,NORMA-20574,869
14,NORMA-1573,870
14,NORMA-20037,871
14,NORMA-21774,872
14,NORMA-6856,873
14,NORMA-21641,874
14,NORMA-20081,875
14,NORMA-21305,876
14,NORMA-4423,877
14,NORMA-21386,878
14,NORMA-13795,879
14,NORMA-21698,880
14,NORMA-18307,881
14,NORMA-20428,882
14,NORMA-20645,883
14,NORMA-2125,884
14,NORMA-21762,885
14,NORMA-21683,886
14,NORMA-11474,887
14,NORMA-19722,888
14,NORMA-21351,889
14,NORMA-18954,890
14,NORMA-19422,891
14,NORMA-22862,892
14,NORMA-12113,893
14,NORMA-20630,894
14,NORMA-11527,895
14,NORMA-19837,896
14,NORMA-21371,897
14,NORMA-18294,898
14,NORMA-423,899
14,NORMA-18463,900
14,NORMA-18401,901
14,NORMA-20777,902
14,NORMA-13474,903
14,NORMA-10473,904
14,NORMA-13954,905
14,NORMA-14813,906
14,NORMA-20396,907
14,NORMA-21501,908
14,NORMA-13919,909
14,NORMA-6505,910
14,NORMA-19020,911
14,NORMA-19593,912
14,NORMA-18368,913
14,NORMA-4539,914
14,NORMA-317,915
14,NORMA-18981,916
14,NORMA-9792,917
14,NORMA-6676,918
14,NORMA-18722,919
14,NORMA-4631,920
14,NORMA-21630,921
14,NORMA-21695,922
14,NORMA-2981,923
14,NORMA-21163,924
14,NORMA-19448,925
14,NORMA-19652,926
14,NORMA-20565,927
14,NORMA-19694,928
14,NORMA-20554,929
14,NORMA-20549,930
14,NORMA-20314,931
14,NORMA-20885,932
14,NORMA-4314,933
14,NORMA-20329,934
14,NORMA-20334,935
14,NORMA-21629,936
14,NORMA-20340,937
14,NORMA-20321,938
14,NORMA-18767,939
14,NORMA-20258,940
14,NORMA-18385,941
14,NORMA-3573,942
14,NORMA-3824,943
14,NORMA-21254,944
14,NORMA-1620,945
14,NORMA-18877,946
14,NORMA-20803,947
14,NORMA-2005,948
14,NORMA-20802,949
14,NORMA-27045,950
14,NORMA-18838,951
14,NORMA-4394,952
14,NORMA-8203,953
14,NORMA-27101,954
14,NORMA-21398,955
14,NORMA-5853,956
14,NORMA-21309,957
14,NORMA-5417,958
14,NORMA-19581,959
14,NORMA-19862,960
14,NORMA-13671,961
14,NORMA-18827,962
14,NORMA-13990,963
14,NORMA-20190,964
14,NORMA-10219,965
14,NORMA-21310,966
14,NORMA-19009,967
14,NORMA-20580,968
14,NORMA-5494,969
14,NORMA-20284,970
14,NORMA-20446,971
14,NORMA-4514,972
14,NORMA-20206,973
14,NORMA-20936,974
14,NORMA-6621,975
14,NORMA-11760,976
14,NORMA-19623,977
14,NORMA-19182,978
14,NORMA-12089,979
14,NORMA-18963,980
14,NORMA-14661,981
14,NORMA-19725,982
14,NORMA-9067,983
14,NORMA-20452,984
14,NORMA-19901,985
14,NORMA-7022,986
14,NORMA-21744,987
14,NORMA-21212,988
14,NORMA-28422,989
14,NORMA-27363,990
14,NORMA-18537,991
14,NORMA-21721,992
14,NORMA-21173,993
14,NORMA-19820,994
14,NORMA-4792,995
14,NORMA-21625,996
14,NORMA-20488,997
14,NORMA-18220,998
14,NORMA-11711,999
14,NORMA-21232,1000
15,NORMA-21717,1
15,NORMA-21617,2
15,NORMA-21459,3
15,NORMA-19727,4
15,NORMA-18418,5
15,NORMA-18697,6
15,NORMA-20865,7
15,NORMA-19408,8
15,NORMA-21277,9
15,NORMA-19330,10
15,NORMA-3571,11
15,NORMA-18562,12
15,NORMA-21185,13
15,NORMA-4318,14
15,NORMA-20300,15
15,NORMA-18729,16
15,NORMA-20863,17
15,NORMA-21776,18
15,NORMA-18886,19
15,NORMA-12067,20
15,NORMA-19245,21
15,NORMA-15211,22
15,NORMA-19329,23
15,NORMA-19704,24
15,NORMA-18699,25
15,NORMA-19580,26
15,NORMA-21279,27
15,NORMA-21241,28
15,NORMA-19081,29
15,NORMA-21535,30
15,NORMA-20963,31
15,NORMA-18654,32
15,NORMA-20989,33
15,NORMA-18709,34
15,NORMA-18430,35
15,NORMA-21631,36
15,NORMA-21608,37
15,NORMA-20443,38
15,NORMA-19181,39
15,NORMA-3638,40
15,NORMA-19021,41
15,NORMA-20995,42
15,NORMA-19607,43
15,NORMA-21526,44
15,NORMA-14937,45
15,NORMA-13158,46
15,NORMA-19459,47
15,NORMA-13469,48
15,NORMA-19249,49
15,NORMA-18412,50
15,NORMA-19845,51
15,NORMA-21132,52
15,NORMA-21312,53
15,NORMA-21419,54
15,NORMA-7525,55
15,NORMA-8027,56
15,NORMA-20172,57
15,NORMA-18691,58
15,NORMA-7381,59
15,NORMA-5421,60
15,NORMA-18780,61
15,NORMA-21113,62
15,NORMA-3642,63
15,NORMA-21278,64
15,NORMA-4710,65
15,NORMA-14661,66
15,NORMA-19733,67
15,NORMA-19503,68
15,NORMA-6257,69
15,NORMA-20089,70
15,NORMA-19303,71
15,NORMA-27761,72
15,NORMA-14463,73
15,NORMA-7241,74
15,NORMA-19769,75
15,NORMA-20473,76
15,NORMA-19969,77
15,NORMA-7384,78
15,NORMA-19582,79
15,NORMA-3577,80
15,NORMA-20476,81
15,NORMA-19039,82
15,NORMA-20936,83
15,NORMA-21783,84
15,NORMA-19391,85
15,NORMA-25902,86
15,NORMA-4091,87
15,NORMA-20817,88
15,NORMA-18327,89
15,NORMA-9893,90
15,NORMA-21408,91
15,NORMA-19095,92
15,NORMA-19985,93
15,NORMA-21369,94
15,NORMA-20138,95
15,NORMA-19553,96
15,NORMA-21651,97
15,NORMA-19351,98
15,NORMA-21564,99
15,NORMA-21678,100
15,NORMA-33308,101
15,NORMA-19387,102
15,NORMA-21114,103
15,NORMA-16202,104
15,NORMA-20426,105
15,NORMA-20397,106
15,NORMA-20474,107
15,NORMA-6199,108
15,NORMA-18381,109
15,NORMA-21444,110
15,NORMA-20818,111
15,NORMA-9724,112
15,NORMA-33288,113
15,NORMA-20175,114
15,NORMA-18605,115
15,NORMA-5360,116
15,NORMA-10116,117
15,NORMA-21606,118
15,NORMA-6509,119
15,NORMA-11085,120
15,NORMA-8205,121
15,NORMA-5496,122
15,NORMA-21126,123
15,NORMA-14294,124
15,NORMA-7651,125
15,NORMA-20465,126
15,NORMA-12029,127
15,NORMA-21135,128
15,NORMA-20171,129
15,NORMA-19905,130
15,NORMA-18225,131
15,NORMA-6140,132
15,NORMA-13476,133
15,NORMA-9823,134
15,NORMA-20186,135
15,NORMA-7113,136
15,NORMA-19232,137
15,NORMA-8435,138
15,NORMA-11655,139
15,NORMA-21159,140
15,NORMA-14239,141
15,NORMA-20369,142
15,NORMA-18248,143
15,NORMA-19061,144
15,NORMA-21544,145
15,NORMA-19981,146
15,NORMA-18796,147
15,NORMA-21220,148
15,NORMA-20921,149
15,NORMA-19295,150
15,NORMA-20869,151
15,NORMA-20164,152
15,NORMA-18952,153
15,NORMA-18434,154
15,NORMA-6962,155
15,NORMA-20121,156
15,NORMA-23222,157
15,NORMA-15237,158
15,NORMA-13323,159
15,NORMA-18436,160
15,NORMA-9834,161
15,NORMA-18204,162
15,NORMA-18646,163
15,NORMA-20943,164
15,NORMA-15701,165
15,NORMA-26102,166
15,NORMA-20240,167
15,NORMA-6621,168
15,NORMA-21367,169
15,NORMA-19650,170
15,NORMA-20859,171
15,NORMA-21562,172
15,NORMA-15581,173
15,NORMA-29005,174
15,NORMA-13514,175
15,NORMA-12630,176
15,NORMA-14542,177
15,NORMA-20188,178
15,NORMA-21177,179
15,NORMA-25523,180
15,NORMA-20870,181
15,NORMA-1613,182
15,NORMA-20460,183
15,NORMA-6948,184
15,NORMA-220,185
15,NORMA-19959,186
15,NORMA-4818,187
15,NORMA-20366,188
15,NORMA-20106,189
15,NORMA-3382,190
15,NORMA-11798,191
15,NORMA-8028,192
15,NORMA-21305,193
15,NORMA-20376,194
15,NORMA-21638,195
15,NORMA-9382,196
15,NORMA-61,197
15,NORMA-18284,198
15,NORMA-483,199
15,NORMA-18269,200
15,NORMA-20359,201
15,NORMA-19940,202
15,NORMA-19634,203
15,NORMA-18631,204
15,NORMA-18669,205
15,NORMA-4909,206
15,NORMA-20098,207
15,NORMA-21273,208
15,NORMA-6185,209
15,NORMA-7386,210
15,NORMA-7279,211
15,NORMA-7222,212
15,NORMA-18474,213
15,NORMA-23341,214
15,NORMA-6636,215
15,NORMA-19384,216
15,NORMA-21515,217
15,NORMA-9110,218
15,NORMA-7942,219
15,NORMA-18201,220
15,NORMA-20167,221
15,NORMA-7225,222
15,NORMA-6318,223
15,NORMA-20381,224
15,NORMA-21669,225
15,NORMA-20742,226
15,NORMA-19573,227
15,NORMA-21107,228
15,NORMA-5536,229
15,NORMA-20754,230
15,NORMA-19563,231
15,NORMA-28961,232
15,NORMA-21012,233
15,NORMA-26841,234
15,NORMA-12048,235
15,NORMA-19618,236
15,NORMA-21461,237
15,NORMA-20601,238
15,NORMA-18254,239
15,NORMA-19520,240
15,NORMA-4711,241
15,NORMA-20144,242
15,NORMA-19292,243
15,NORMA-4075,244
15,NORMA-19730,245
15,NORMA-2184,246
15,NORMA-19715,247
15,NORMA-4830,248
15,NORMA-20356,249
15,NORMA-20385,250
15,NORMA-20501,251
15,NORMA-18205,252
15,NORMA-21224,253
15,NORMA-20225,254
15,NORMA-7149,255
15,NORMA-8522,256
15,NORMA-4746,257
15,NORMA-20503,258
15,NORMA-20838,259
15,NORMA-15541,260
15,NORMA-12657,261
15,NORMA-21402,262
15,NORMA-21537,263
15,NORMA-21626,264
15,NORMA-21648,265
15,NORMA-21437,266
15,NORMA-18385,267
15,NORMA-18656,268
15,NORMA-4275,269
15,NORMA-18211,270
15,NORMA-21028,271
15,NORMA-27341,272
15,NORMA-7387,273
15,NORMA-6702,274
15,NORMA-21211,275
15,NORMA-21434,276
15,NORMA-6783,277
15,NORMA-6736,278
15,NORMA-21523,279
15,NORMA-18825,280
15,NORMA-20852,281
15,NORMA-14724,282
15,NORMA-7110,283
15,NORMA-18992,284
15,NORMA-3767,285
15,NORMA-20477,286
15,NORMA-11356,287
15,NORMA-8706,288
15,NORMA-12733,289
15,NORMA-20382,290
15,NORMA-20616,291
15,NORMA-4182,292
15,NORMA-4786,293
15,NORMA-19968,294
15,NORMA-19096,295
15,NORMA-18456,296
15,NORMA-18653,297
15,NORMA-20374,298
15,NORMA-20854,299
15,NORMA-20705,300
15,NORMA-13470,301
15,NORMA-20678,302
15,NORMA-19431,303
15,NORMA-21739,304
15,NORMA-27044,305
15,NORMA-12049,306
15,NORMA-3201,307
15,NORMA-21550,308
15,NORMA-21698,309
15,NORMA-21449,310
15,NORMA-21554,311
15,NORMA-18668,312
15,NORMA-12965,313
15,NORMA-19574,314
15,NORMA-20389,315
15,NORMA-19658,316
15,NORMA-20488,317
15,NORMA-21575,318
15,NORMA-18769,319
15,NORMA-21218,320
15,NORMA-12113,321
15,NORMA-28181,322
15,NORMA-19939,323
15,NORMA-21519,324
15,NORMA-19629,325
15,NORMA-21217,326
15,NORMA-18411,327
15,NORMA-18479,328
15,NORMA-20983,329
15,NORMA-21269,330
15,NORMA-18801,331
15,NORMA-20679,332
15,NORMA-19617,333
15,NORMA-21762,334
15,NORMA-21683,335
15,NORMA-21684,336
15,NORMA-21026,337
15,NORMA-20398,338
15,NORMA-15339,339
15,NORMA-6753,340
15,NORMA-20985,341
15,NORMA-20407,342
15,NORMA-7250,343
15,NORMA-18536,344
15,NORMA-20734,345
15,NORMA-11316,346
15,NORMA-3381,347
15,NORMA-21496,348
15,NORMA-20091,349
15,NORMA-11864,350
15,NORMA-20096,351
15,NORMA-21344,352
15,NORMA-19205,353
15,NORMA-21663,354
15,NORMA-21609,355
15,NORMA-21710,356
15,NORMA-19027,357
15,NORMA-20941,358
15,NORMA-19584,359
15,NORMA-12437,360
15,NORMA-19655,361
15,NORMA-20453,362
15,NORMA-14390,363
15,NORMA-14279,364
15,NORMA-18750,365
15,NORMA-26124,366
15,NORMA-9670,367
15,NORMA-462,368
15,NORMA-20157,369
15,NORMA-560,370
15,NORMA-18501,371
15,NORMA-19290,372
15,NORMA-6698,373
15,NORMA-13954,374
15,NORMA-12872,375
15,NORMA-6644,376
15,NORMA-11814,377
15,NORMA-6321,378
15,NORMA-21186,379
15,NORMA-19925,380
15,NORMA-21254,381
15,NORMA-13106,382
15,NORMA-19417,383
15,NORMA-18341,384
15,NORMA-21152,385
15,NORMA-19631,386
15,NORMA-20402,387
15,NORMA-20861,388
15,NORMA-18364,389
15,NORMA-19646,390
15,NORMA-21541,391
15,NORMA-20090,392
15,NORMA-7390,393
15,NORMA-6448,394
15,NORMA-20541,395
15,NORMA-20468,396
15,NORMA-20545,397
15,NORMA-20002,398
15,NORMA-20036,399
15,NORMA-20557,400
15,NORMA-20487,401
15,NORMA-20996,402
15,NORMA-11763,403
15,NORMA-21252,404
15,NORMA-20480,405
15,NORMA-21744,406
15,NORMA-6958,407
15,NORMA-20316,408
15,NORMA-14746,409
15,NORMA-20184,410
15,NORMA-21751,411
15,NORMA-20056,412
15,NORMA-9785,413
15,NORMA-27364,414
15,NORMA-9595,415
15,NORMA-18806,416
15,NORMA-10821,417
15,NORMA-9888,418
15,NORMA-11573,419
15,NORMA-6819,420
15,NORMA-18732,421
15,NORMA-7011,422
15,NORMA-6820,423
15,NORMA-18545,424
15,NORMA-20809,425
15,NORMA-6268,426
15,NORMA-20812,427
15,NORMA-20566,428
15,NORMA-10878,429
15,NORMA-15239,430
15,NORMA-14967,431
15,NORMA-1620,432
15,NORMA-14673,433
15,NORMA-6970,434
15,NORMA-19128,435
15,NORMA-20630,436
15,NORMA-2546,437
15,NORMA-21792,438
15,NORMA-8814,439
15,NORMA-21547,440
15,NORMA-18914,441
15,NORMA-21290,442
15,NORMA-18386,443
15,NORMA-18350,444
15,NORMA-18529,445
15,NORMA-6092,446
15,NORMA-6410,447
15,NORMA-1222,448
15,NORMA-11882,449
15,NORMA-20517,450
15,NORMA-6344,451
15,NORMA-21225,452
15,NORMA-6851,453
15,NORMA-838,454
15,NORMA-21351,455
15,NORMA-19222,456
15,NORMA-18266,457
15,NORMA-26201,458
15,NORMA-13918,459
15,NORMA-12490,460
15,NORMA-19749,461
15,NORMA-1999,462
15,NORMA-19080,463
15,NORMA-18686,464
15,NORMA-19078,465
15,NORMA-20815,466
15,NORMA-20034,467
15,NORMA-20422,468
15,NORMA-19275,469
15,NORMA-20403,470
15,NORMA-20028,471
15,NORMA-21215,472
15,NORMA-18549,473
15,NORMA-21705,474
15,NORMA-20969,475
15,NORMA-18979,476
15,NORMA-20058,477
15,NORMA-18967,478
15,NORMA-21756,479
15,NORMA-20599,480
15,NORMA-21260,481
15,NORMA-18931,482
15,NORMA-20892,483
15,NORMA-13298,484
15,NORMA-1463,485
15,NORMA-18335,486
15,NORMA-20584,487
15,NORMA-20258,488
15,NORMA-21253,489
15,NORMA-19542,490
15,NORMA-21521,491
15,NORMA-21069,492
15,NORMA-21431,493
15,NORMA-11469,494
15,NORMA-15881,495
15,NORMA-21286,496
15,NORMA-20137,497
15,NORMA-10531,498
15,NORMA-20432,499
15,NORMA-21063,500
15,NORMA-19020,501
15,NORMA-10123,502
15,NORMA-19192,503
15,NORMA-19221,504
15,NORMA-20531,505
15,NORMA-9358,506
15,NORMA-19343,507
15,NORMA-15045,508
15,NORMA-13265,509
15,NORMA-10865,510
15,NORMA-18722,511
15,NORMA-23682,512
15,NORMA-20265,513
15,NORMA-412,514
15,NORMA-21131,515
15,NORMA-21676,516
15,NORMA-1994,517
15,NORMA-10025,518
15,NORMA-21418,519
15,NORMA-4277,520
15,NORMA-19281,521
15,NORMA-20425,522
15,NORMA-19644,523
15,NORMA-9792,524
15,NORMA-11780,525
15,NORMA-21299,526
15,NORMA-20914,527
15,NORMA-7620,528
15,NORMA-20834,529
15,NORMA-18396,530
15,NORMA-21585,531
15,NORMA-11999,532
15,NORMA-28203,533
15,NORMA-18981,534
15,NORMA-21420,535
15,NORMA-19403,536
15,NORMA-19337,537
15,NORMA-9393,538
15,NORMA-18958,539
15,NORMA-12002,540
15,NORMA-19724,541
15,NORMA-6669,542
15,NORMA-20072,543
15,NORMA-18424,544
15,NORMA-18838,545
15,NORMA-31923,546
15,NORMA-12066,547
15,NORMA-21413,548
15,NORMA-783,549
15,NORMA-18232,550
15,NORMA-21659,551
15,NORMA-18747,552
15,NORMA-21023,553
15,NORMA-3503,554
15,NORMA-15521,555
15,NORMA-14054,556
15,NORMA-1485,557
15,NORMA-1365,558
15,NORMA-18818,559
15,NORMA-24661,560
15,NORMA-6679,561
15,NORMA-18356,562
15,NORMA-19092,563
15,NORMA-6249,564
15,NORMA-19407,565
15,NORMA-21361,566
15,NORMA-19465,567
15,NORMA-19936,568
15,NORMA-21470,569
15,NORMA-18243,570
15,NORMA-18375,571
15,NORMA-29003,572
15,NORMA-21226,573
15,NORMA-18446,574
15,NORMA-18839,575
15,NORMA-19896,576
15,NORMA-11730,577
15,NORMA-974,578
15,NORMA-18333,579
15,NORMA-19152,580
15,NORMA-217,581
15,NORMA-834,582
15,NORMA-19212,583
15,NORMA-19609,584
15,NORMA-18226,585
15,NORMA-28467,586
15,NORMA-18858,587
15,NORMA-18359,588
15,NORMA-13635,589
15,NORMA-12102,590
15,NORMA-6488,591
15,NORMA-6752,592
15,NORMA-1567,593
15,NORMA-2531,594
15,NORMA-20924,595
15,NORMA-18444,596
15,NORMA-20796,597
15,NORMA-20141,598
15,NORMA-20185,599
15,NORMA-3281,600
15,NORMA-20444,601
15,NORMA-6505,602
15,NORMA-20917,603
15,NORMA-21774,604
15,NORMA-21147,605
15,NORMA-21634,606
15,NORMA-19809,607
15,NORMA-4631,608
15,NORMA-18414,609
15,NORMA-21649,610
15,NORMA-11226,611
15,NORMA-1516,612
15,NORMA-21158,613
15,NORMA-18292,614
15,NORMA-14459,615
15,NORMA-75,616
15,NORMA-18591,617
15,NORMA-6838,618
15,NORMA-10375,619
15,NORMA-12015,620
15,NORMA-20576,621
15,NORMA-19605,622
15,NORMA-18208,623
15,NORMA-20166,624
15,NORMA-20490,625
15,NORMA-18803,626
15,NORMA-18217,627
15,NORMA-13345,628
15,NORMA-27926,629
15,NORMA-20762,630
15,NORMA-10629,631
15,NORMA-20505,632
15,NORMA-19844,633
15,NORMA-20580,634
15,NORMA-12005,635
15,NORMA-21342,636
15,NORMA-417,637
15,NORMA-11792,638
15,NORMA-18342,639
15,NORMA-19883,640
15,NORMA-18748,641
15,NORMA-19429,642
15,NORMA-3181,643
15,NORMA-19729,644
15,NORMA-21231,645
15,NORMA-21622,646
15,NORMA-20661,647
15,NORMA-21716,648
15,NORMA-18935,649
15,NORMA-15060,650
15,NORMA-20797,651
15,NORMA-11920,652
15,NORMA-21236,653
15,NORMA-6354,654
15,NORMA-11474,655
15,NORMA-18730,656
15,NORMA-19155,657
15,NORMA-6245,658
15,NORMA-12035,659
15,NORMA-11868,660
15,NORMA-11527,661
15,NORMA-21189,662
15,NORMA-19906,663
15,NORMA-20060,664
15,NORMA-18432,665
15,NORMA-14345,666
15,NORMA-13995,667
15,NORMA-20836,668
15,NORMA-19463,669
15,NORMA-14113,670
15,NORMA-11764,671
15,NORMA-11479,672
15,NORMA-15027,673
15,NORMA-21788,674
15,NORMA-19464,675
15,NORMA-11609,676
15,NORMA-27221,677
15,NORMA-20037,678
15,NORMA-27022,679
15,NORMA-20135,680
15,NORMA-13990,681
15,NORMA-15253,682
15,NORMA-21769,683
15,NORMA-20202,684
15,NORMA-20182,685
15,NORMA-14850,686
15,NORMA-15802,687
15,NORMA-18781,688
15,NORMA-19792,689
15,NORMA-19927,690
15,NORMA-4459,691
15,NORMA-5925,692
15,NORMA-18492,693
15,NORMA-19852,694
15,NORMA-14688,695
15,NORMA-15229,696
15,NORMA-11664,697
15,NORMA-2399,698
15,NORMA-26003,699
15,NORMA-18219,700
15,NORMA-2089,701
15,NORMA-20437,702
15,NORMA-12956,703
15,NORMA-12030,704
15,NORMA-21029,705
15,NORMA-18541,706
15,NORMA-17281,707
15,NORMA-22001,708
15,NORMA-6880,709
15,NORMA-22561,710
15,NORMA-21456,711
15,NORMA-20103,712
15,NORMA-18227,713
15,NORMA-18815,714
15,NORMA-4926,715
15,NORMA-18548,716
15,NORMA-23521,717
15,NORMA-18233,718
15,NORMA-19930,719
15,NORMA-19972,720
15,NORMA-21695,721
15,NORMA-19256,722
15,NORMA-20234,723
15,NORMA-18423,724
15,NORMA-21111,725
15,NORMA-19808,726
15,NORMA-6075,727
15,NORMA-13392,728
15,NORMA-21784,729
15,NORMA-20396,730
15,NORMA-18528,731
15,NORMA-19645,732
15,NORMA-21170,733
15,NORMA-23027,734
15,NORMA-5008,735
15,NORMA-27384,736
15,NORMA-13769,737
15,NORMA-19225,738
15,NORMA-18816,739
15,NORMA-18314,740
15,NORMA-18303,741
15,NORMA-13237,742
15,NORMA-19952,743
15,NORMA-20405,744
15,NORMA-19922,745
15,NORMA-18403,746
15,NORMA-7012,747
15,NORMA-19150,748
15,NORMA-6256,749
15,NORMA-24102,750
15,NORMA-18339,751
15,NORMA-19798,752
15,NORMA-19571,753
15,NORMA-21553,754
15,NORMA-18345,755
15,NORMA-21591,756
15,NORMA-11804,757
15,NORMA-21187,758
15,NORMA-20712,759
15,NORMA-13519,760
15,NORMA-21052,761
15,NORMA-4898,762
15,NORMA-11790,763
15,NORMA-28586,764
15,NORMA-6758,765
15,NORMA-4297,766
15,NORMA-12415,767
15,NORMA-12923,768
15,NORMA-13124,769
15,NORMA-10843,770
15,NORMA-13308,771
15,NORMA-11419,772
15,NORMA-18515,773
15,NORMA-8384,774
15,NORMA-27062,775
15,NORMA-18859,776
15,NORMA-20108,777
15,NORMA-21227,778
15,NORMA-11417,779
15,NORMA-20349,780
15,NORMA-19643,781
15,NORMA-18721,782
15,NORMA-18428,783
15,NORMA-21390,784
15,NORMA-21484,785
15,NORMA-4820,786
15,NORMA-8119,787
15,NORMA-11164,788
15,NORMA-20388,789
15,NORMA-21623,790
15,NORMA-6083,791
15,NORMA-11715,792
15,NORMA-20831,793
15,NORMA-20317,794
15,NORMA-19266,795
15,NORMA-19977,796
15,NORMA-21157,797
15,NORMA-18960,798
15,NORMA-18706,799
15,NORMA-27045,800
15,NORMA-11087,801
15,NORMA-8774,802
15,NORMA-4586,803
15,NORMA-3819,804
15,NORMA-13473,805
15,NORMA-8442,806
15,NORMA-13771,807
15,NORMA-5335,808
15,NORMA-21337,809
15,NORMA-11418,810
15,NORMA-19444,811
15,NORMA-20949,812
15,NORMA-19651,813
15,NORMA-27366,814
15,NORMA-18772,815
15,NORMA-20290,816
15,NORMA-18494,817
15,NORMA-11459,818
15,NORMA-309,819
15,NORMA-21003,820
15,NORMA-3907,821
15,NORMA-10119,822
15,NORMA-11665,823
15,NORMA-21264,824
15,NORMA-18638,825
15,NORMA-21581,826
15,NORMA-14890,827
15,NORMA-4748,828
15,NORMA-3820,829
15,NORMA-3821,830
15,NORMA-19913,831
15,NORMA-20174,832
15,NORMA-20274,833
15,NORMA-20999,834
15,NORMA-21173,835
15,NORMA-20482,836
15,NORMA-4588,837
15,NORMA-6623,838
15,NORMA-19506,839
15,NORMA-10029,840
15,NORMA-18788,841
15,NORMA-18642,842
15,NORMA-19432,843
15,NORMA-18570,844
15,NORMA-9871,845
15,NORMA-19084,846
15,NORMA-21008,847
15,NORMA-10044,848
15,NORMA-19001,849
15,NORMA-18752,850
15,NORMA-18231,851
15,NORMA-18210,852
15,NORMA-18933,853
15,NORMA-19219,854
15,NORMA-8204,855
15,NORMA-26881,856
15,NORMA-19049,857
15,NORMA-4515,858
15,NORMA-18215,859
15,NORMA-5431,860
15,NORMA-18797,861
15,NORMA-20277,862
15,NORMA-18854,863
15,NORMA-13586,864
15,NORMA-21690,865
15,NORMA-13472,866
15,NORMA-18680,867
15,NORMA-13218,868
15,NORMA-18863,869
15,NORMA-21233,870
15,NORMA-19125,871
15,NORMA-19642,872
15,NORMA-20753,873
15,NORMA-19480,874
15,NORMA-4424,875
15,NORMA-20249,876
15,NORMA-18601,877
15,NORMA-3510,878
15,NORMA-19714,879
15,NORMA-19871,880
15,NORMA-20304,881
15,NORMA-4906,882
15,NORMA-18823,883
15,NORMA-5495,884
15,NORMA-19365,885
15,NORMA-19830,886
15,NORMA-12039,887
15,NORMA-19859,888
15,NORMA-18554,889
15,NORMA-21317,890
15,NORMA-18394,891
15,NORMA-21650,892
15,NORMA-3825,893
15,NORMA-4314,894
15,NORMA-18741,895
15,NORMA-18897,896
15,NORMA-19639,897
15,NORMA-7148,898
15,NORMA-19620,899
15,NORMA-18734,900
15,NORMA-20837,901
15,NORMA-19637,902
15,NORMA-21150,903
15,NORMA-21272,904
15,NORMA-20885,905
15,NORMA-12038,906
15,NORMA-10309,907
15,NORMA-21310,908
15,NORMA-19926,909
15,NORMA-18720,910
15,NORMA-205,911
15,NORMA-21122,912
15,NORMA-18490,913
15,NORMA-18789,914
15,NORMA-6253,915
15,NORMA-20569,916
15,NORMA-8537,917
15,NORMA-4944,918
15,NORMA-6378,919
15,NORMA-21051,920
15,NORMA-12165,921
15,NORMA-21403,922
15,NORMA-12081,923
15,NORMA-9679,924
15,NORMA-20217,925
15,NORMA-19515,926
15,NORMA-21353,927
15,NORMA-20990,928
15,NORMA-2559,929
15,NORMA-28841,930
15,NORMA-18757,931
15,NORMA-4394,932
15,NORMA-19174,933
15,NORMA-9384,934
15,NORMA-23721,935
15,NORMA-18560,936
15,NORMA-19813,937
15,NORMA-20632,938
15,NORMA-5494,939
15,NORMA-18491,940
15,NORMA-21466,941
15,NORMA-18813,942
15,NORMA-4514,943
15,NORMA-25541,944
15,NORMA-211,945
15,NORMA-20940,946
15,NORMA-6022,947
15,NORMA-21112,948
15,NORMA-16446,949
15,NORMA-16445,950
15,NORMA-21036,951
15,NORMA-19866,952
15,NORMA-13864,953
15,NORMA-18690,954
15,NORMA-19648,955
15,NORMA-21499,956
15,NORMA-21007,957
15,NORMA-21300,958
15,NORMA-19822,959
15,NORMA-18206,960
15,NORMA-21595,961
15,NORMA-20179,962
15,NORMA-19090,963
15,NORMA-11557,964
15,NORMA-19746,965
15,NORMA-10393,966
15,NORMA-21247,967
15,NORMA-20521,968
15,NORMA-20446,969
15,NORMA-18379,970
15,NORMA-18903,971
15,NORMA-19824,972
15,NORMA-20984,973
15,NORMA-19722,974
15,NORMA-11600,975
15,NORMA-3975,976
15,NORMA-11687,977
15,NORMA-14392,978
15,NORMA-5586,979
15,NORMA-18276,980
15,NORMA-20756,981
15,NORMA-18822,982
15,NORMA-21479,983
15,NORMA-18539,984
15,NORMA-20894,985
15,NORMA-21768,986
15,NORMA-20195,987
15,NORMA-729,988
15,NORMA-21448,989
15,NORMA-19983,990
15,NORMA-21534,991
15,NORMA-21576,992
15,NORMA-18821,993
15,NORMA-21601,994
15,NORMA-25202,995
15,NORMA-19187,996
15,NORMA-19709,997
15,NORMA-18875,998
15,NORMA-18677,999
15,NORMA-14260,1000
16,NORMA-21638,1
16,NORMA-21269,2
16,NORMA-21344,3
16,NORMA-21649,4
16,NORMA-23361,5
16,NORMA-22862,6
16,NORMA-16424,7
16,NORMA-21402,8
16,NORMA-21404,9
16,NORMA-13610,10
16,NORMA-13514,11
16,NORMA-13795,12
16,NORMA-14744,13
16,NORMA-21538,14
16,NORMA-21361,15
16,NORMA-14390,16
16,NORMA-21637,17
16,NORMA-6176,18
16,NORMA-12911,19
16,NORMA-12490,20
16,NORMA-20139,21
16,NORMA-12437,22
16,NORMA-20790,23
16,NORMA-21409,24
16,NORMA-6968,25
16,NORMA-21305,26
16,NORMA-21700,27
16,NORMA-1374,28
16,NORMA-1470,29
16,NORMA-1114,30
16,NORMA-1248,31
16,NORMA-1445,32
16,NORMA-1192,33
16,NORMA-1164,34
16,NORMA-1296,35
16,NORMA-21586,36
16,NORMA-19303,37
16,NORMA-1485,38
16,NORMA-1365,39
16,NORMA-13402,40
16,NORMA-18631,41
16,NORMA-21413,42
16,NORMA-12965,43
16,NORMA-21748,44
16,NORMA-21275,45
16,NORMA-10298,46
16,NORMA-18910,47
16,NORMA-15802,48
16,NORMA-9890,49
16,NORMA-12492,50
16,NORMA-27221,51
16,NORMA-21690,52
16,NORMA-21676,53
16,NORMA-18211,54
16,NORMA-21706,55
16,NORMA-23101,56
16,NORMA-10843,57
16,NORMA-11419,58
16,NORMA-8442,59
16,NORMA-5335,60
16,NORMA-60,61
16,NORMA-12910,62
16,NORMA-13158,63
16,NORMA-14937,64
16,NORMA-21461,65
16,NORMA-20300,66
16,NORMA-19704,67
16,NORMA-19729,68
16,NORMA-11352,69
16,NORMA-11459,70
16,NORMA-21703,71
16,NORMA-21392,72
16,NORMA-26804,73
16,NORMA-27161,74
16,NORMA-12371,75
16,NORMA-21711,76
16,NORMA-12379,77
16,NORMA-14366,78
16,NORMA-16402,79
16,NORMA-27361,80
16,NORMA-12314,81
16,NORMA-11184,82
16,NORMA-7867,83
16,NORMA-12380,84
16,NORMA-5336,85
16,NORMA-27362,86
16,NORMA-12516,87
16,NORMA-27366,88
16,NORMA-15358,89
16,NORMA-27761,90
16,NORMA-19712,91
16,NORMA-12899,92
16,NORMA-12517,93
16,NORMA-15118,94
16,NORMA-27363,95
16,NORMA-16202,96
16,NORMA-14746,97
16,NORMA-27364,98
16,NORMA-20138,99
16,NORMA-15339,100
16,NORMA-13918,101
16,NORMA-13470,102
16,NORMA-27044,103
16,NORMA-11814,104
16,NORMA-5380,105
16,NORMA-10986,106
16,NORMA-11186,107
16,NORMA-8212,108
16,NORMA-5185,109
16,NORMA-11185,110
16,NORMA-8121,111
16,NORMA-5337,112
16,NORMA-22561,113
16,NORMA-21443,114
16,NORMA-21606,115
16,NORMA-21608,116
16,NORMA-21286,117
16,NORMA-18697,118
16,NORMA-19431,119
16,NORMA-18450,120
16,NORMA-18418,121
16,NORMA-19181,122
16,NORMA-18528,123
16,NORMA-18654,124
16,NORMA-21131,125
16,NORMA-21717,126
16,NORMA-19081,127
16,NORMA-21367,128
16,NORMA-19192,129
16,NORMA-21678,130
16,NORMA-19021,131
16,NORMA-21609,132
16,NORMA-19330,133
16,NORMA-21651,134
16,NORMA-20705,135
16,NORMA-21634,136
16,NORMA-13797,137
16,NORMA-21086,138
16,NORMA-20936,139
16,NORMA-19542,140
16,NORMA-19337,141
16,NORMA-20922,142
16,NORMA-19650,143
16,NORMA-19408,144
16,NORMA-18691,145
16,NORMA-13174,146
16,NORMA-18591,147
16,NORMA-21739,148
16,NORMA-18748,149
16,NORMA-21562,150
16,NORMA-20135,151
16,NORMA-6253,152
16,NORMA-3966,153
16,NORMA-3571,154
16,NORMA-21788,155
16,NORMA-21626,156
16,NORMA-3503,157
16,NORMA-20945,158
16,NORMA-19629,159
16,NORMA-20921,160
16,NORMA-25902,161
16,NORMA-20924,162
16,NORMA-21187,163
16,NORMA-21659,164
16,NORMA-20941,165
16,NORMA-18769,166
16,NORMA-19095,167
16,NORMA-21279,168
16,NORMA-20880,169
16,NORMA-20730,170
16,NORMA-21459,171
16,NORMA-19096,172
16,NORMA-20712,173
16,NORMA-20704,174
16,NORMA-21554,175
16,NORMA-19387,176
16,NORMA-19444,177
16,NORMA-21776,178
16,NORMA-18221,179
16,NORMA-18780,180
16,NORMA-18709,181
16,NORMA-21550,182
16,NORMA-19959,183
16,NORMA-19969,184
16,NORMA-21669,185
16,NORMA-21135,186
16,NORMA-20278,187
16,NORMA-20985,188
16,NORMA-19245,189
16,NORMA-20983,190
16,NORMA-19578,191
16,NORMA-18434,192
16,NORMA-21595,193
16,NORMA-18574,194
16,NORMA-20894,195
16,NORMA-19942,196
16,NORMA-20990,197
16,NORMA-18685,198
16,NORMA-18545,199
16,NORMA-21369,200
16,NORMA-13265,201
16,NORMA-12630,202
16,NORMA-11316,203
16,NORMA-21698,204
16,NORMA-20240,205
16,NORMA-18446,206
16,NORMA-18747,207
16,NORMA-19437,208
16,NORMA-19925,209
16,NORMA-20397,210
16,NORMA-19727,211
16,NORMA-21065,212
16,NORMA-19124,213
16,NORMA-19515,214
16,NORMA-20202,215
16,NORMA-18227,216
16,NORMA-18668,217
16,NORMA-19223,218
16,NORMA-883,219
16,NORMA-21695,220
16,NORMA-21420,221
16,NORMA-18427,222
16,NORMA-21205,223
16,NORMA-21434,224
16,NORMA-20865,225
16,NORMA-19691,226
16,NORMA-19526,227
16,NORMA-21650,228
16,NORMA-19426,229
16,NORMA-19003,230
16,NORMA-10865,231
16,NORMA-9358,232
16,NORMA-21186,233
16,NORMA-18201,234
16,NORMA-20847,235
16,NORMA-20234,236
16,NORMA-18386,237
16,NORMA-13298,238
16,NORMA-578,239
16,NORMA-19682,240
16,NORMA-19240,241
16,NORMA-21309,242
16,NORMA-23521,243
16,NORMA-21241,244
16,NORMA-21526,245
16,NORMA-21126,246
16,NORMA-18424,247
16,NORMA-21631,248
16,NORMA-21522,249
16,NORMA-18682,250
16,NORMA-18554,251
16,NORMA-15045,252
16,NORMA-21499,253
16,NORMA-20630,254
16,NORMA-14542,255
16,NORMA-21497,256
16,NORMA-6075,257
16,NORMA-19667,258
16,NORMA-18550,259
16,NORMA-20474,260
16,NORMA-20460,261
16,NORMA-3001,262
16,NORMA-23682,263
16,NORMA-20465,264
16,NORMA-10123,265
16,NORMA-21419,266
16,NORMA-21768,267
16,NORMA-20366,268
16,NORMA-21114,269
16,NORMA-20993,270
16,NORMA-20917,271
16,NORMA-18730,272
16,NORMA-19138,273
16,NORMA-21231,274
16,NORMA-20622,275
16,NORMA-18962,276
16,NORMA-20349,277
16,NORMA-19609,278
16,NORMA-20359,279
16,NORMA-21408,280
16,NORMA-26881,281
16,NORMA-12066,282
16,NORMA-19152,283
16,NORMA-21267,284
16,NORMA-19546,285
16,NORMA-14099,286
16,NORMA-570,287
16,NORMA-18456,288
16,NORMA-19979,289
16,NORMA-21521,290
16,NORMA-13671,291
16,NORMA-19602,292
16,NORMA-18804,293
16,NORMA-21264,294
16,NORMA-19948,295
16,NORMA-20443,296
16,NORMA-18436,297
16,NORMA-18531,298
16,NORMA-23222,299
16,NORMA-18753,300
16,NORMA-20188,301
16,NORMA-18858,302
16,NORMA-21792,303
16,NORMA-21767,304
16,NORMA-18435,305
16,NORMA-7280,306
16,NORMA-21140,307
16,NORMA-18391,308
16,NORMA-21418,309
16,NORMA-18656,310
16,NORMA-18280,311
16,NORMA-20995,312
16,NORMA-18646,313
16,NORMA-18284,314
16,NORMA-19295,315
16,NORMA-10797,316
16,NORMA-21206,317
16,NORMA-20841,318
16,NORMA-21783,319
16,NORMA-12858,320
16,NORMA-19968,321
16,NORMA-20616,322
16,NORMA-18669,323
16,NORMA-15603,324
16,NORMA-18302,325
16,NORMA-20999,326
16,NORMA-21661,327
16,NORMA-21705,328
16,NORMA-19930,329
16,NORMA-4820,330
16,NORMA-18967,331
16,NORMA-21437,332
16,NORMA-18722,333
16,NORMA-18420,334
16,NORMA-658,335
16,NORMA-18648,336
16,NORMA-19583,337
16,NORMA-19730,338
16,NORMA-20374,339
16,NORMA-18690,340
16,NORMA-5431,341
16,NORMA-20473,342
16,NORMA-20172,343
16,NORMA-21278,344
16,NORMA-19477,345
16,NORMA-18479,346
16,NORMA-4277,347
16,NORMA-19061,348
16,NORMA-9457,349
16,NORMA-19799,350
16,NORMA-21519,351
16,NORMA-19655,352
16,NORMA-13990,353
16,NORMA-19658,354
16,NORMA-15208,355
16,NORMA-20190,356
16,NORMA-19588,357
16,NORMA-20249,358
16,NORMA-21351,359
16,NORMA-36,360
16,NORMA-21390,361
16,NORMA-21073,362
16,NORMA-6203,363
16,NORMA-8938,364
16,NORMA-18859,365
16,NORMA-20382,366
16,NORMA-21225,367
16,NORMA-18536,368
16,NORMA-20869,369
16,NORMA-19620,370
16,NORMA-21470,371
16,NORMA-20501,372
16,NORMA-21389,373
16,NORMA-21178,374
16,NORMA-19581,375
16,NORMA-19646,376
16,NORMA-18835,377
16,NORMA-18603,378
16,NORMA-3181,379
16,NORMA-20482,380
16,NORMA-19174,381
16,NORMA-19329,382
16,NORMA-19845,383
16,NORMA-20432,384
16,NORMA-19587,385
16,NORMA-20222,386
16,NORMA-23881,387
16,NORMA-21509,388
16,NORMA-19972,389
16,NORMA-20911,390
16,NORMA-21648,391
16,NORMA-20914,392
16,NORMA-4425,393
16,NORMA-21729,394
16,NORMA-18605,395
16,NORMA-20421,396
16,NORMA-21663,397
16,NORMA-21710,398
16,NORMA-21301,399
16,NORMA-18325,400
16,NORMA-20402,401
16,NORMA-20796,402
16,NORMA-21220,403
16,NORMA-19977,404
16,NORMA-21272,405
16,NORMA-21028,406
16,NORMA-19643,407
16,NORMA-18537,408
16,NORMA-21002,409
16,NORMA-18527,410
16,NORMA-20490,411
16,NORMA-21417,412
16,NORMA-20058,413
16,NORMA-5008,414
16,NORMA-21456,415
16,NORMA-19221,416
16,NORMA-4926,417
16,NORMA-6685,418
16,NORMA-23341,419
16,NORMA-21507,420
16,NORMA-20134,421
16,NORMA-19574,422
16,NORMA-6184,423
16,NORMA-18870,424
16,NORMA-19940,425
16,NORMA-20426,426
16,NORMA-21312,427
16,NORMA-19281,428
16,NORMA-21124,429
16,NORMA-20561,430
16,NORMA-20182,431
16,NORMA-19512,432
16,NORMA-18266,433
16,NORMA-18800,434
16,NORMA-21113,435
16,NORMA-20070,436
16,NORMA-20157,437
16,NORMA-21523,438
16,NORMA-26102,439
16,NORMA-21774,440
16,NORMA-21052,441
16,NORMA-21575,442
16,NORMA-20859,443
16,NORMA-20891,444
16,NORMA-21157,445
16,NORMA-20927,446
16,NORMA-229,447
16,NORMA-19232,448
16,NORMA-20758,449
16,NORMA-11144,450
16,NORMA-20632,451
16,NORMA-18796,452
16,NORMA-18781,453
16,NORMA-20452,454
16,NORMA-18205,455
16,NORMA-19442,456
16,NORMA-21515,457
16,NORMA-18999,458
16,NORMA-20291,459
16,NORMA-18673,460
16,NORMA-19278,461
16,NORMA-19784,462
16,NORMA-18989,463
16,NORMA-21277,464
16,NORMA-19467,465
16,NORMA-20845,466
16,NORMA-19750,467
16,NORMA-20241,468
16,NORMA-20812,469
16,NORMA-19212,470
16,NORMA-18303,471
16,NORMA-20238,472
16,NORMA-20907,473
16,NORMA-21085,474
16,NORMA-20405,475
16,NORMA-19205,476
16,NORMA-19249,477
16,NORMA-19582,478
16,NORMA-5853,479
16,NORMA-5417,480
16,NORMA-20429,481
16,NORMA-19256,482
16,NORMA-20854,483
16,NORMA-4297,484
16,NORMA-19919,485
16,NORMA-19297,486
16,NORMA-18877,487
16,NORMA-8028,488
16,NORMA-21107,489
16,NORMA-4898,490
16,NORMA-20888,491
16,NORMA-20494,492
16,NORMA-19051,493
16,NORMA-21217,494
16,NORMA-18314,495
16,NORMA-21387,496
16,NORMA-21477,497
16,NORMA-19689,498
16,NORMA-21352,499
16,NORMA-6948,500
16,NORMA-20201,501
16,NORMA-19473,502
16,NORMA-19694,503
16,NORMA-17201,504
16,NORMA-18319,505
16,NORMA-21063,506
16,NORMA-18286,507
16,NORMA-19798,508
16,NORMA-14498,509
16,NORMA-19128,510
16,NORMA-21069,511
16,NORMA-21008,512
16,NORMA-20185,513
16,NORMA-21159,514
16,NORMA-18293,515
16,NORMA-21273,516
16,NORMA-21328,517
16,NORMA-20870,518
16,NORMA-19528,519
16,NORMA-26701,520
16,NORMA-20098,521
16,NORMA-10531,522
16,NORMA-21697,523
16,NORMA-20396,524
16,NORMA-20389,525
16,NORMA-21184,526
16,NORMA-20703,527
16,NORMA-21238,528
16,NORMA-26841,529
16,NORMA-2144,530
16,NORMA-19780,531
16,NORMA-20388,532
16,NORMA-20398,533
16,NORMA-20613,534
16,NORMA-19105,535
16,NORMA-19009,536
16,NORMA-18750,537
16,NORMA-25523,538
16,NORMA-19724,539
16,NORMA-21744,540
16,NORMA-18653,541
16,NORMA-21537,542
16,NORMA-20224,543
16,NORMA-19699,544
16,NORMA-18844,545
16,NORMA-21148,546
16,NORMA-6753,547
16,NORMA-21474,548
16,NORMA-21506,549
16,NORMA-19715,550
16,NORMA-20477,551
16,NORMA-22941,552
16,NORMA-20948,553
16,NORMA-19622,554
16,NORMA-20191,555
16,NORMA-20369,556
16,NORMA-21000,557
16,NORMA-18270,558
16,NORMA-21199,559
16,NORMA-21299,560
16,NORMA-19589,561
16,NORMA-19634,562
16,NORMA-19429,563
16,NORMA-18411,564
16,NORMA-20284,565
16,NORMA-21147,566
16,NORMA-729,567
16,NORMA-20488,568
16,NORMA-20073,569
16,NORMA-20840,570
16,NORMA-20731,571
16,NORMA-18958,572
16,NORMA-21249,573
16,NORMA-18981,574
16,NORMA-11664,575
16,NORMA-21752,576
16,NORMA-21791,577
16,NORMA-19078,578
16,NORMA-19621,579
16,NORMA-20931,580
16,NORMA-18633,581
16,NORMA-21203,582
16,NORMA-20199,583
16,NORMA-20626,584
16,NORMA-18401,585
16,NORMA-18724,586
16,NORMA-20915,587
16,NORMA-18294,588
16,NORMA-20963,589
16,NORMA-20407,590
16,NORMA-18463,591
16,NORMA-20729,592
16,NORMA-19797,593
16,NORMA-22721,594
16,NORMA-20962,595
16,NORMA-21666,596
16,NORMA-20376,597
16,NORMA-21004,598
16,NORMA-20164,599
16,NORMA-21012,600
16,NORMA-10267,601
16,NORMA-21274,602
16,NORMA-18767,603
16,NORMA-18961,604
16,NORMA-21300,605
16,NORMA-19580,606
16,NORMA-6957,607
16,NORMA-20861,608
16,NORMA-206,609
16,NORMA-11454,610
16,NORMA-20813,611
16,NORMA-21647,612
16,NORMA-19571,613
16,NORMA-21207,614
16,NORMA-1567,615
16,NORMA-4275,616
16,NORMA-20557,617
16,NORMA-19017,618
16,NORMA-20591,619
16,NORMA-20072,620
16,NORMA-20852,621
16,NORMA-11734,622
16,NORMA-28203,623
16,NORMA-20422,624
16,NORMA-20574,625
16,NORMA-6022,626
16,NORMA-20992,627
16,NORMA-20879,628
16,NORMA-21641,629
16,NORMA-18577,630
16,NORMA-21242,631
16,NORMA-6783,632
16,NORMA-21192,633
16,NORMA-309,634
16,NORMA-1573,635
16,NORMA-18216,636
16,NORMA-6679,637
16,NORMA-29421,638
16,NORMA-20887,639
16,NORMA-19751,640
16,NORMA-20797,641
16,NORMA-10034,642
16,NORMA-30043,643
16,NORMA-19859,644
16,NORMA-21607,645
16,NORMA-21541,646
16,NORMA-18341,647
16,NORMA-18638,648
16,NORMA-20091,649
16,NORMA-20192,650
16,NORMA-21005,651
16,NORMA-7386,652
16,NORMA-11226,653
16,NORMA-21194,654
16,NORMA-27001,655
16,NORMA-18394,656
16,NORMA-20950,657
16,NORMA-18984,658
16,NORMA-7222,659
16,NORMA-19103,660
16,NORMA-20237,661
16,NORMA-19110,662
16,NORMA-11557,663
16,NORMA-21283,664
16,NORMA-18801,665
16,NORMA-20077,666
16,NORMA-15921,667
16,NORMA-20239,668
16,NORMA-689,669
16,NORMA-20976,670
16,NORMA-7225,671
16,NORMA-20623,672
16,NORMA-17321,673
16,NORMA-6755,674
16,NORMA-6245,675
16,NORMA-21110,676
16,NORMA-19092,677
16,NORMA-20304,678
16,NORMA-2126,679
16,NORMA-18762,680
16,NORMA-19206,681
16,NORMA-18992,682
16,NORMA-6185,683
16,NORMA-18405,684
16,NORMA-20183,685
16,NORMA-20197,686
16,NORMA-20761,687
16,NORMA-11470,688
16,NORMA-18233,689
16,NORMA-21784,690
16,NORMA-15060,691
16,NORMA-31923,692
16,NORMA-6354,693
16,NORMA-19155,694
16,NORMA-20602,695
16,NORMA-18562,696
16,NORMA-13138,697
16,NORMA-21584,698
16,NORMA-20056,699
16,NORMA-21165,700
16,NORMA-19735,701
16,NORMA-21149,702
16,NORMA-18906,703
16,NORMA-19416,704
16,NORMA-13469,705
16,NORMA-9382,706
16,NORMA-5626,707
16,NORMA-18451,708
16,NORMA-18616,709
16,NORMA-20949,710
16,NORMA-19503,711
16,NORMA-20065,712
16,NORMA-6084,713
16,NORMA-19883,714
16,NORMA-21444,715
16,NORMA-2269,716
16,NORMA-19842,717
16,NORMA-18243,718
16,NORMA-20476,719
16,NORMA-2013,720
16,NORMA-2375,721
16,NORMA-21017,722
16,NORMA-21630,723
16,NORMA-16403,724
16,NORMA-18225,725
16,NORMA-16481,726
16,NORMA-18339,727
16,NORMA-20710,728
16,NORMA-19639,729
16,NORMA-18359,730
16,NORMA-20997,731
16,NORMA-20480,732
16,NORMA-19417,733
16,NORMA-19933,734
16,NORMA-20778,735
16,NORMA-20371,736
16,NORMA-20503,737
16,NORMA-20301,738
16,NORMA-21185,739
16,NORMA-11723,740
16,NORMA-20090,741
16,NORMA-6752,742
16,NORMA-18375,743
16,NORMA-28586,744
16,NORMA-21757,745
16,NORMA-19809,746
16,NORMA-24582,747
16,NORMA-21324,748
16,NORMA-21381,749
16,NORMA-20815,750
16,NORMA-18659,751
16,NORMA-20811,752
16,NORMA-19391,753
16,NORMA-20269,754
16,NORMA-21364,755
16,NORMA-21163,756
16,NORMA-8931,757
16,NORMA-20121,758
16,NORMA-18689,759
16,NORMA-18248,760
16,NORMA-18772,761
16,NORMA-21503,762
16,NORMA-20892,763
16,NORMA-20144,764
16,NORMA-18996,765
16,NORMA-20487,766
16,NORMA-19321,767
16,NORMA-20274,768
16,NORMA-21036,769
16,NORMA-10749,770
16,NORMA-11601,771
16,NORMA-20762,772
16,NORMA-21019,773
16,NORMA-19630,774
16,NORMA-20265,775
16,NORMA-20943,776
16,NORMA-21228,777
16,NORMA-19499,778
16,NORMA-18407,779
16,NORMA-18939,780
16,NORMA-20737,781
16,NORMA-18583,782
16,NORMA-22861,783
16,NORMA-20569,784
16,NORMA-18915,785
16,NORMA-18734,786
16,NORMA-12063,787
16,NORMA-19828,788
16,NORMA-12030,789
16,NORMA-11731,790
16,NORMA-9834,791
16,NORMA-18492,792
16,NORMA-18994,793
16,NORMA-20893,794
16,NORMA-19746,795
16,NORMA-20096,796
16,NORMA-20263,797
16,NORMA-21490,798
16,NORMA-6140,799
16,NORMA-11469,800
16,NORMA-20248,801
16,NORMA-18626,802
16,NORMA-20171,803
16,NORMA-19027,804
16,NORMA-7113,805
16,NORMA-20803,806
16,NORMA-18952,807
16,NORMA-19927,808
16,NORMA-20802,809
16,NORMA-20196,810
16,NORMA-19167,811
16,NORMA-8435,812
16,NORMA-20280,813
16,NORMA-11763,814
16,NORMA-20129,815
16,NORMA-13772,816
16,NORMA-21388,817
16,NORMA-20713,818
16,NORMA-21398,819
16,NORMA-18378,820
16,NORMA-14501,821
16,NORMA-18368,822
16,NORMA-12099,823
16,NORMA-18549,824
16,NORMA-20308,825
16,NORMA-21003,826
16,NORMA-14508,827
16,NORMA-20106,828
16,NORMA-15211,829
16,NORMA-18360,830
16,NORMA-13056,831
16,NORMA-20225,832
16,NORMA-21407,833
16,NORMA-20577,834
16,NORMA-13480,835
16,NORMA-21137,836
16,NORMA-616,837
16,NORMA-20966,838
16,NORMA-21255,839
16,NORMA-12900,840
16,NORMA-12901,841
16,NORMA-9724,842
16,NORMA-18604,843
16,NORMA-20643,844
16,NORMA-12067,845
16,NORMA-19722,846
16,NORMA-18530,847
16,NORMA-21366,848
16,NORMA-18839,849
16,NORMA-20285,850
16,NORMA-4909,851
16,NORMA-13195,852
16,NORMA-19607,853
16,NORMA-21055,854
16,NORMA-19733,855
16,NORMA-1641,856
16,NORMA-19600,857
16,NORMA-19916,858
16,NORMA-26124,859
16,NORMA-18818,860
16,NORMA-646,861
16,NORMA-2066,862
16,NORMA-27341,863
16,NORMA-21564,864
16,NORMA-31903,865
16,NORMA-20582,866
16,NORMA-19570,867
16,NORMA-20996,868
16,NORMA-1373,869
16,NORMA-18252,870
16,NORMA-4182,871
16,NORMA-15901,872
16,NORMA-19014,873
16,NORMA-20619,874
16,NORMA-20428,875
16,NORMA-19596,876
16,NORMA-20448,877
16,NORMA-20709,878
16,NORMA-224,879
16,NORMA-20863,880
16,NORMA-19871,881
16,NORMA-20179,882
16,NORMA-20381,883
16,NORMA-20236,884
16,NORMA-20873,885
16,NORMA-21276,886
16,NORMA-18356,887
16,NORMA-19941,888
16,NORMA-6082,889
16,NORMA-20964,890
16,NORMA-11715,891
16,NORMA-535,892
16,NORMA-18345,893
16,NORMA-20491,894
16,NORMA-18301,895
16,NORMA-6676,896
16,NORMA-18979,897
16,NORMA-21026,898
16,NORMA-12103,899
16,NORMA-18529,900
16,NORMA-18328,901
16,NORMA-20696,902
16,NORMA-2555,903
16,NORMA-228,904
16,NORMA-18555,905
16,NORMA-21158,906
16,NORMA-19770,907
16,NORMA-6702,908
16,NORMA-18217,909
16,NORMA-28802,910
16,NORMA-19593,911
16,NORMA-19939,912
16,NORMA-18693,913
16,NORMA-889,914
16,NORMA-27981,915
16,NORMA-18354,916
16,NORMA-18744,917
16,NORMA-18430,918
16,NORMA-416,919
16,NORMA-22401,920
16,NORMA-20316,921
16,NORMA-19328,922
16,NORMA-509,923
16,NORMA-19343,924
16,NORMA-19909,925
16,NORMA-18524,926
16,NORMA-21152,927
16,NORMA-19032,928
16,NORMA-20151,929
16,NORMA-20204,930
16,NORMA-21356,931
16,NORMA-20039,932
16,NORMA-21508,933
16,NORMA-20167,934
16,NORMA-54,935
16,NORMA-18832,936
16,NORMA-2660,937
16,NORMA-11615,938
16,NORMA-27550,939
16,NORMA-18980,940
16,NORMA-19822,941
16,NORMA-11570,942
16,NORMA-20633,943
16,NORMA-1510,944
16,NORMA-18819,945
16,NORMA-12027,946
16,NORMA-21343,947
16,NORMA-18350,948
16,NORMA-18827,949
16,NORMA-19490,950
16,NORMA-19605,951
16,NORMA-21064,952
16,NORMA-20925,953
16,NORMA-59,954
16,NORMA-20877,955
16,NORMA-25964,956
16,NORMA-19725,957
16,NORMA-19606,958
16,NORMA-801,959
16,NORMA-802,960
16,NORMA-19393,961
16,NORMA-2185,962
16,NORMA-21580,963
16,NORMA-1611,964
16,NORMA-19191,965
16,NORMA-18202,966
16,NORMA-21250,967
16,NORMA-19787,968
16,NORMA-2563,969
16,NORMA-18677,970
16,NORMA-554,971
16,NORMA-21762,972
16,NORMA-15028,973
16,NORMA-660,974
16,NORMA-21683,975
16,NORMA-20168,976
16,NORMA-18660,977
16,NORMA-18681,978
16,NORMA-19878,979
16,NORMA-14239,980
16,NORMA-18511,981
16,NORMA-21684,982
16,NORMA-19644,983
16,NORMA-11655,984
16,NORMA-20772,985
16,NORMA-20028,986
16,NORMA-7007,987
16,NORMA-14788,988
16,NORMA-92,989
16,NORMA-18542,990
16,NORMA-20989,991
16,NORMA-1608,992
16,NORMA-21121,993
16,NORMA-18955,994
16,NORMA-20150,995
16,NORMA-18237,996
16,NORMA-21585,997
16,NORMA-15427,998
16,NORMA-18429,999
16,NORMA-18822,1000
17,NORMA-21122,1
17,NORMA-18781,2
17,NORMA-12649,3
17,NORMA-13594,4
17,NORMA-14652,5
17,NORMA-5751,6
17,NORMA-27449,7
17,NORMA-5162,8
17,NORMA-8771,9
17,NORMA-5184,10
17,NORMA-3509,11
17,NORMA-5969,12
17,NORMA-4279,13
17,NORMA-3662,14
17,NORMA-11086,15
17,NORMA-11263,16
17,NORMA-13552,17
17,NORMA-6895,18
17,NORMA-27063,19
17,NORMA-21185,20
17,NORMA-14302,21
17,NORMA-12631,22
17,NORMA-19281,23
17,NORMA-20762,24
17,NORMA-20883,25
17,NORMA-20921,26
17,NORMA-19704,27
17,NORMA-20586,28
17,NORMA-20585,29
17,NORMA-19245,30
17,NORMA-3638,31
17,NORMA-19329,32
17,NORMA-19634,33
17,NORMA-21279,34
17,NORMA-19205,35
17,NORMA-21191,36
17,NORMA-20799,37
17,NORMA-20737,38
17,NORMA-18337,39
17,NORMA-19646,40
17,NORMA-20863,41
17,NORMA-20963,42
17,NORMA-18747,43
17,NORMA-19689,44
17,NORMA-14279,45
17,NORMA-19337,46
17,NORMA-21744,47
17,NORMA-7326,48
17,NORMA-7351,49
17,NORMA-13029,50
17,NORMA-9147,51
17,NORMA-11300,52
17,NORMA-6720,53
17,NORMA-19913,54
17,NORMA-20274,55
17,NORMA-18967,56
17,NORMA-16382,57
17,NORMA-20562,58
17,NORMA-14725,59
17,NORMA-20300,60
17,NORMA-7233,61
17,NORMA-3978,62
17,NORMA-19071,63
17,NORMA-18609,64
17,NORMA-7525,65
17,NORMA-19066,66
17,NORMA-26003,67
17,NORMA-21564,68
17,NORMA-19008,69
17,NORMA-6184,70
17,NORMA-6685,71
17,NORMA-7028,72
17,NORMA-3642,73
17,NORMA-6439,74
17,NORMA-19968,75
17,NORMA-7241,76
17,NORMA-20995,77
17,NORMA-12161,78
17,NORMA-21309,79
17,NORMA-21238,80
17,NORMA-20234,81
17,NORMA-3966,82
17,NORMA-21231,83
17,NORMA-14345,84
17,NORMA-13995,85
17,NORMA-21192,86
17,NORMA-14113,87
17,NORMA-15027,88
17,NORMA-20219,89
17,NORMA-8161,90
17,NORMA-4052,91
17,NORMA-6344,92
17,NORMA-11417,93
17,NORMA-13519,94
17,NORMA-19408,95
17,NORMA-18530,96
17,NORMA-21631,97
17,NORMA-15211,98
17,NORMA-6509,99
17,NORMA-7651,100
17,NORMA-9823,101
17,NORMA-4818,102
17,NORMA-12067,103
17,NORMA-21226,104
17,NORMA-21241,105
17,NORMA-14937,106
17,NORMA-13158,107
17,NORMA-6318,108
17,NORMA-6343,109
17,NORMA-20402,110
17,NORMA-27022,111
17,NORMA-13469,112
17,NORMA-3979,113
17,NORMA-18531,114
17,NORMA-27761,115
17,NORMA-16202,116
17,NORMA-5170,117
17,NORMA-20865,118
17,NORMA-19667,119
17,NORMA-19152,120
17,NORMA-6962,121
17,NORMA-29005,122
17,NORMA-19515,123
17,NORMA-21634,124
17,NORMA-6621,125
17,NORMA-13323,126
17,NORMA-19387,127
17,NORMA-19095,128
17,NORMA-11655,129
17,NORMA-14239,130
17,NORMA-9382,131
17,NORMA-15237,132
17,NORMA-21626,133
17,NORMA-6948,134
17,NORMA-21776,135
17,NORMA-6185,136
17,NORMA-9834,137
17,NORMA-8028,138
17,NORMA-9670,139
17,NORMA-3503,140
17,NORMA-6092,141
17,NORMA-6410,142
17,NORMA-9110,143
17,NORMA-7942,144
17,NORMA-21756,145
17,NORMA-21783,146
17,NORMA-19096,147
17,NORMA-21550,148
17,NORMA-21224,149
17,NORMA-21553,150
17,NORMA-18748,151
17,NORMA-21484,152
17,NORMA-21012,153
17,NORMA-21253,154
17,NORMA-21135,155
17,NORMA-18434,156
17,NORMA-21236,157
17,NORMA-21367,158
17,NORMA-14744,159
17,NORMA-12490,160
17,NORMA-12911,161
17,NORMA-21515,162
17,NORMA-18992,163
17,NORMA-18380,164
17,NORMA-18734,165
17,NORMA-12437,166
17,NORMA-21361,167
17,NORMA-24102,168
17,NORMA-27341,169
17,NORMA-18691,170
17,NORMA-13174,171
17,NORMA-21443,172
17,NORMA-23027,173
17,NORMA-20291,174
17,NORMA-20139,175
17,NORMA-21541,176
17,NORMA-22001,177
17,NORMA-18350,178
17,NORMA-14390,179
17,NORMA-21637,180
17,NORMA-21586,181
17,NORMA-21218,182
17,NORMA-13514,183
17,NORMA-18697,184
17,NORMA-18418,185
17,NORMA-12965,186
17,NORMA-18750,187
17,NORMA-18227,188
17,NORMA-25902,189
17,NORMA-21547,190
17,NORMA-19290,191
17,NORMA-19330,192
17,NORMA-17281,193
17,NORMA-19658,194
17,NORMA-18225,195
17,NORMA-20588,196
17,NORMA-20135,197
17,NORMA-18502,198
17,NORMA-21679,199
17,NORMA-21555,200
17,NORMA-19580,201
17,NORMA-20920,202
17,NORMA-13903,203
17,NORMA-15134,204
17,NORMA-14587,205
17,NORMA-11901,206
17,NORMA-21200,207
17,NORMA-10219,208
17,NORMA-11505,209
17,NORMA-18839,210
17,NORMA-14974,211
17,NORMA-9681,212
17,NORMA-14967,213
17,NORMA-9067,214
17,NORMA-6636,215
17,NORMA-20778,216
17,NORMA-10931,217
17,NORMA-10745,218
17,NORMA-10590,219
17,NORMA-10534,220
17,NORMA-10034,221
17,NORMA-10347,222
17,NORMA-20932,223
17,NORMA-20935,224
17,NORMA-8575,225
17,NORMA-11736,226
17,NORMA-21648,227
17,NORMA-1776,228
17,NORMA-6698,229
17,NORMA-20964,230
17,NORMA-13229,231
17,NORMA-6291,232
17,NORMA-31905,233
17,NORMA-21114,234
17,NORMA-12029,235
17,NORMA-6673,236
17,NORMA-21301,237
17,NORMA-11814,238
17,NORMA-21289,239
17,NORMA-21759,240
17,NORMA-21500,241
17,NORMA-6669,242
17,NORMA-1222,243
17,NORMA-11292,244
17,NORMA-1620,245
17,NORMA-21025,246
17,NORMA-33308,247
17,NORMA-19225,248
17,NORMA-2399,249
17,NORMA-18217,250
17,NORMA-21717,251
17,NORMA-19650,252
17,NORMA-18868,253
17,NORMA-6521,254
17,NORMA-18345,255
17,NORMA-18859,256
17,NORMA-18325,257
17,NORMA-6644,258
17,NORMA-6321,259
17,NORMA-20815,260
17,NORMA-18780,261
17,NORMA-5381,262
17,NORMA-15541,263
17,NORMA-20705,264
17,NORMA-7939,265
17,NORMA-21669,266
17,NORMA-21275,267
17,NORMA-4792,268
17,NORMA-4500,269
17,NORMA-21647,270
17,NORMA-20237,271
17,NORMA-7384,272
17,NORMA-20812,273
17,NORMA-14459,274
17,NORMA-3381,275
17,NORMA-8384,276
17,NORMA-3281,277
17,NORMA-20908,278
17,NORMA-20811,279
17,NORMA-20996,280
17,NORMA-6958,281
17,NORMA-19607,282
17,NORMA-19051,283
17,NORMA-12113,284
17,NORMA-18446,285
17,NORMA-18730,286
17,NORMA-11226,287
17,NORMA-18822,288
17,NORMA-6679,289
17,NORMA-9297,290
17,NORMA-19648,291
17,NORMA-4634,292
17,NORMA-18208,293
17,NORMA-33288,294
17,NORMA-18656,295
17,NORMA-19727,296
17,NORMA-12066,297
17,NORMA-18873,298
17,NORMA-15427,299
17,NORMA-15465,300
17,NORMA-23521,301
17,NORMA-6249,302
17,NORMA-21425,303
17,NORMA-21000,304
17,NORMA-18414,305
17,NORMA-26901,306
17,NORMA-222,307
17,NORMA-19170,308
17,NORMA-26065,309
17,NORMA-12730,310
17,NORMA-21459,311
17,NORMA-21640,312
17,NORMA-976,313
17,NORMA-5586,314
17,NORMA-6448,315
17,NORMA-18293,316
17,NORMA-10531,317
17,NORMA-22541,318
17,NORMA-13162,319
17,NORMA-18335,320
17,NORMA-9893,321
17,NORMA-19535,322
17,NORMA-7027,323
17,NORMA-20591,324
17,NORMA-11864,325
17,NORMA-12492,326
17,NORMA-19310,327
17,NORMA-19265,328
17,NORMA-21772,329
17,NORMA-15882,330
17,NORMA-20202,331
17,NORMA-21476,332
17,NORMA-21353,333
17,NORMA-19939,334
17,NORMA-6083,335
17,NORMA-20036,336
17,NORMA-21528,337
17,NORMA-19555,338
17,NORMA-20943,339
17,NORMA-5626,340
17,NORMA-819,341
17,NORMA-21165,342
17,NORMA-4318,343
17,NORMA-12049,344
17,NORMA-18706,345
17,NORMA-19020,346
17,NORMA-8458,347
17,NORMA-20565,348
17,NORMA-218,349
17,NORMA-3735,350
17,NORMA-18270,351
17,NORMA-13954,352
17,NORMA-20090,353
17,NORMA-18359,354
17,NORMA-21461,355
17,NORMA-18603,356
17,NORMA-6257,357
17,NORMA-18699,358
17,NORMA-19056,359
17,NORMA-14661,360
17,NORMA-11496,361
17,NORMA-21407,362
17,NORMA-9792,363
17,NORMA-13195,364
17,NORMA-6332,365
17,NORMA-11473,366
17,NORMA-13480,367
17,NORMA-18541,368
17,NORMA-20844,369
17,NORMA-19240,370
17,NORMA-1463,371
17,NORMA-10200,372
17,NORMA-19351,373
17,NORMA-20574,374
17,NORMA-14463,375
17,NORMA-1516,376
17,NORMA-19223,377
17,NORMA-21434,378
17,NORMA-18729,379
17,NORMA-21562,380
17,NORMA-18216,381
17,NORMA-5370,382
17,NORMA-6487,383
17,NORMA-12048,384
17,NORMA-23301,385
17,NORMA-7953,386
17,NORMA-21521,387
17,NORMA-20569,388
17,NORMA-19343,389
17,NORMA-18773,390
17,NORMA-19691,391
17,NORMA-19526,392
17,NORMA-21676,393
17,NORMA-18979,394
17,NORMA-21305,395
17,NORMA-21538,396
17,NORMA-11734,397
17,NORMA-18958,398
17,NORMA-21390,399
17,NORMA-21252,400
17,NORMA-20797,401
17,NORMA-11798,402
17,NORMA-18403,403
17,NORMA-20225,404
17,NORMA-12060,405
17,NORMA-11577,406
17,NORMA-11572,407
17,NORMA-18248,408
17,NORMA-11578,409
17,NORMA-13990,410
17,NORMA-19039,411
17,NORMA-19618,412
17,NORMA-6084,413
17,NORMA-21404,414
17,NORMA-5925,415
17,NORMA-15542,416
17,NORMA-19220,417
17,NORMA-3571,418
17,NORMA-835,419
17,NORMA-20649,420
17,NORMA-19249,421
17,NORMA-15701,422
17,NORMA-6203,423
17,NORMA-1534,424
17,NORMA-3577,425
17,NORMA-2413,426
17,NORMA-13671,427
17,NORMA-19459,428
17,NORMA-8938,429
17,NORMA-19383,430
17,NORMA-6856,431
17,NORMA-21384,432
17,NORMA-19297,433
17,NORMA-18479,434
17,NORMA-10797,435
17,NORMA-19138,436
17,NORMA-9457,437
17,NORMA-6753,438
17,NORMA-12858,439
17,NORMA-12522,440
17,NORMA-18984,441
17,NORMA-23881,442
17,NORMA-18536,443
17,NORMA-19579,444
17,NORMA-21091,445
17,NORMA-15208,446
17,NORMA-21565,447
17,NORMA-13108,448
17,NORMA-11665,449
17,NORMA-5950,450
17,NORMA-13957,451
17,NORMA-23242,452
17,NORMA-20228,453
17,NORMA-5977,454
17,NORMA-16961,455
17,NORMA-14178,456
17,NORMA-7645,457
17,NORMA-5603,458
17,NORMA-27541,459
17,NORMA-19855,460
17,NORMA-7239,461
17,NORMA-20193,462
17,NORMA-11157,463
17,NORMA-18356,464
17,NORMA-14099,465
17,NORMA-15821,466
17,NORMA-10819,467
17,NORMA-18844,468
17,NORMA-4051,469
17,NORMA-18907,470
17,NORMA-19802,471
17,NORMA-13848,472
17,NORMA-10818,473
17,NORMA-7399,474
17,NORMA-29507,475
17,NORMA-13403,476
17,NORMA-19298,477
17,NORMA-10378,478
17,NORMA-19846,479
17,NORMA-5703,480
17,NORMA-6167,481
17,NORMA-11738,482
17,NORMA-20647,483
17,NORMA-18334,484
17,NORMA-20302,485
17,NORMA-14561,486
17,NORMA-13863,487
17,NORMA-7522,488
17,NORMA-18627,489
17,NORMA-11416,490
17,NORMA-5631,491
17,NORMA-21166,492
17,NORMA-19732,493
17,NORMA-7279,494
17,NORMA-28321,495
17,NORMA-8700,496
17,NORMA-6069,497
17,NORMA-11046,498
17,NORMA-2190,499
17,NORMA-8196,500
17,NORMA-1295,501
17,NORMA-21449,502
17,NORMA-8194,503
17,NORMA-6207,504
17,NORMA-14800,505
17,NORMA-14726,506
17,NORMA-12569,507
17,NORMA-13711,508
17,NORMA-11319,509
17,NORMA-21448,510
17,NORMA-18959,511
17,NORMA-13402,512
17,NORMA-14377,513
17,NORMA-12505,514
17,NORMA-21534,515
17,NORMA-3622,516
17,NORMA-21576,517
17,NORMA-6198,518
17,NORMA-21601,519
17,NORMA-9844,520
17,NORMA-8027,521
17,NORMA-3201,522
17,NORMA-28822,523
17,NORMA-25202,524
17,NORMA-6769,525
17,NORMA-18443,526
17,NORMA-21612,527
17,NORMA-18211,528
17,NORMA-26726,529
17,NORMA-18399,530
17,NORMA-19709,531
17,NORMA-18875,532
17,NORMA-28762,533
17,NORMA-7025,534
17,NORMA-15028,535
17,NORMA-21400,536
17,NORMA-24583,537
17,NORMA-21524,538
17,NORMA-15802,539
17,NORMA-11757,540
17,NORMA-6749,541
17,NORMA-13170,542
17,NORMA-1341,543
17,NORMA-205,544
17,NORMA-2091,545
17,NORMA-11632,546
17,NORMA-28362,547
17,NORMA-18832,548
17,NORMA-19969,549
17,NORMA-19559,550
17,NORMA-21281,551
17,NORMA-20831,552
17,NORMA-20240,553
17,NORMA-913,554
17,NORMA-6672,555
17,NORMA-10748,556
17,NORMA-21659,557
17,NORMA-21364,558
17,NORMA-21163,559
17,NORMA-1578,560
17,NORMA-13106,561
17,NORMA-18548,562
17,NORMA-21262,563
17,NORMA-19315,564
17,NORMA-21382,565
17,NORMA-18914,566
17,NORMA-21764,567
17,NORMA-1846,568
17,NORMA-21386,569
17,NORMA-21556,570
17,NORMA-23441,571
17,NORMA-21532,572
17,NORMA-2032,573
17,NORMA-18910,574
17,NORMA-18746,575
17,NORMA-579,576
17,NORMA-18584,577
17,NORMA-1840,578
17,NORMA-6757,579
17,NORMA-11563,580
17,NORMA-2425,581
17,NORMA-11799,582
17,NORMA-5226,583
17,NORMA-567,584
17,NORMA-25645,585
17,NORMA-18686,586
17,NORMA-20790,587
17,NORMA-28181,588
17,NORMA-11813,589
17,NORMA-12872,590
17,NORMA-18720,591
17,NORMA-18732,592
17,NORMA-21046,593
17,NORMA-27221,594
17,NORMA-21655,595
17,NORMA-21697,596
17,NORMA-18492,597
17,NORMA-19645,598
17,NORMA-19724,599
17,NORMA-15581,600
17,NORMA-19278,601
17,NORMA-7381,602
17,NORMA-11805,603
17,NORMA-21332,604
17,NORMA-219,605
17,NORMA-3819,606
17,NORMA-21295,607
17,NORMA-12094,608
17,NORMA-21232,609
17,NORMA-21544,610
17,NORMA-4394,611
17,NORMA-21526,612
17,NORMA-984,613
17,NORMA-11758,614
17,NORMA-20803,615
17,NORMA-18204,616
17,NORMA-21630,617
17,NORMA-19588,618
17,NORMA-18207,619
17,NORMA-12020,620
17,NORMA-20802,621
17,NORMA-12038,622
17,NORMA-21695,623
17,NORMA-1144,624
17,NORMA-4586,625
17,NORMA-10309,626
17,NORMA-23222,627
17,NORMA-18553,628
17,NORMA-19844,629
17,NORMA-21470,630
17,NORMA-5494,631
17,NORMA-8119,632
17,NORMA-20029,633
17,NORMA-21020,634
17,NORMA-14814,635
17,NORMA-11164,636
17,NORMA-4314,637
17,NORMA-6752,638
17,NORMA-4514,639
17,NORMA-19172,640
17,NORMA-18223,641
17,NORMA-19542,642
17,NORMA-19422,643
17,NORMA-18988,644
17,NORMA-18450,645
17,NORMA-11621,646
17,NORMA-20892,647
17,NORMA-18935,648
17,NORMA-12170,649
17,NORMA-19712,650
17,NORMA-21761,651
17,NORMA-20706,652
17,NORMA-18769,653
17,NORMA-12236,654
17,NORMA-20577,655
17,NORMA-21237,656
17,NORMA-20941,657
17,NORMA-555,658
17,NORMA-21107,659
17,NORMA-20558,660
17,NORMA-18219,661
17,NORMA-12035,662
17,NORMA-21725,663
17,NORMA-20633,664
17,NORMA-12015,665
17,NORMA-1419,666
17,NORMA-20253,667
17,NORMA-21589,668
17,NORMA-21351,669
17,NORMA-21444,670
17,NORMA-20046,671
17,NORMA-5853,672
17,NORMA-5417,673
17,NORMA-28422,674
17,NORMA-20309,675
17,NORMA-20744,676
17,NORMA-6623,677
17,NORMA-7466,678
17,NORMA-19553,679
17,NORMA-21187,680
17,NORMA-5421,681
17,NORMA-9384,682
17,NORMA-6488,683
17,NORMA-20712,684
17,NORMA-20756,685
17,NORMA-11804,686
17,NORMA-1406,687
17,NORMA-1138,688
17,NORMA-18980,689
17,NORMA-13473,690
17,NORMA-11687,691
17,NORMA-19642,692
17,NORMA-13771,693
17,NORMA-21245,694
17,NORMA-7390,695
17,NORMA-4710,696
17,NORMA-21578,697
17,NORMA-20134,698
17,NORMA-4926,699
17,NORMA-21369,700
17,NORMA-11920,701
17,NORMA-27062,702
17,NORMA-20108,703
17,NORMA-19378,704
17,NORMA-21762,705
17,NORMA-1535,706
17,NORMA-21408,707
17,NORMA-21683,708
17,NORMA-11792,709
17,NORMA-6268,710
17,NORMA-18591,711
17,NORMA-18631,712
17,NORMA-20056,713
17,NORMA-20501,714
17,NORMA-21684,715
17,NORMA-19611,716
17,NORMA-21477,717
17,NORMA-19473,718
17,NORMA-2563,719
17,NORMA-20561,720
17,NORMA-20241,721
17,NORMA-21474,722
17,NORMA-6702,723
17,NORMA-12005,724
17,NORMA-20238,725
17,NORMA-834,726
17,NORMA-332,727
17,NORMA-21678,728
17,NORMA-1471,729
17,NORMA-6199,730
17,NORMA-21651,731
17,NORMA-19582,732
17,NORMA-19295,733
17,NORMA-21026,734
17,NORMA-6782,735
17,NORMA-14746,736
17,NORMA-8814,737
17,NORMA-5360,738
17,NORMA-19639,739
17,NORMA-10116,740
17,NORMA-20106,741
17,NORMA-11085,742
17,NORMA-8205,743
17,NORMA-27364,744
17,NORMA-19643,745
17,NORMA-12171,746
17,NORMA-5496,747
17,NORMA-18474,748
17,NORMA-14294,749
17,NORMA-21499,750
17,NORMA-938,751
17,NORMA-21028,752
17,NORMA-19181,753
17,NORMA-19578,754
17,NORMA-6627,755
17,NORMA-18411,756
17,NORMA-20138,757
17,NORMA-21554,758
17,NORMA-20789,759
17,NORMA-11599,760
17,NORMA-13476,761
17,NORMA-3382,762
17,NORMA-21235,763
17,NORMA-21522,764
17,NORMA-15881,765
17,NORMA-18654,766
17,NORMA-21423,767
17,NORMA-20421,768
17,NORMA-15339,769
17,NORMA-18562,770
17,NORMA-19799,771
17,NORMA-19777,772
17,NORMA-20290,773
17,NORMA-18815,774
17,NORMA-19933,775
17,NORMA-20185,776
17,NORMA-6957,777
17,NORMA-19437,778
17,NORMA-18214,779
17,NORMA-19750,780
17,NORMA-20224,781
17,NORMA-20222,782
17,NORMA-21509,783
17,NORMA-13918,784
17,NORMA-15521,785
17,NORMA-18989,786
17,NORMA-26201,787
17,NORMA-20091,788
17,NORMA-18828,789
17,NORMA-19124,790
17,NORMA-20369,791
17,NORMA-19028,792
17,NORMA-13470,793
17,NORMA-18798,794
17,NORMA-21702,795
17,NORMA-1421,796
17,NORMA-27044,797
17,NORMA-21663,798
17,NORMA-18724,799
17,NORMA-75,800
17,NORMA-21710,801
17,NORMA-21159,802
17,NORMA-11999,803
17,NORMA-18314,804
17,NORMA-20186,805
17,NORMA-21256,806
17,NORMA-7386,807
17,NORMA-11756,808
17,NORMA-21739,809
17,NORMA-21768,810
17,NORMA-19940,811
17,NORMA-7222,812
17,NORMA-12002,813
17,NORMA-19573,814
17,NORMA-18549,815
17,NORMA-26102,816
17,NORMA-5431,817
17,NORMA-23341,818
17,NORMA-20157,819
17,NORMA-7225,820
17,NORMA-21344,821
17,NORMA-21595,822
17,NORMA-21729,823
17,NORMA-20448,824
17,NORMA-19192,825
17,NORMA-19021,826
17,NORMA-27687,827
17,NORMA-9724,828
17,NORMA-11780,829
17,NORMA-18342,830
17,NORMA-18934,831
17,NORMA-4820,832
17,NORMA-28203,833
17,NORMA-21113,834
17,NORMA-18835,835
17,NORMA-12102,836
17,NORMA-1573,837
17,NORMA-21420,838
17,NORMA-21792,839
17,NORMA-21147,840
17,NORMA-15239,841
17,NORMA-19629,842
17,NORMA-20425,843
17,NORMA-28961,844
17,NORMA-11570,845
17,NORMA-19858,846
17,NORMA-19840,847
17,NORMA-19418,848
17,NORMA-18598,849
17,NORMA-6085,850
17,NORMA-6639,851
17,NORMA-20745,852
17,NORMA-20255,853
17,NORMA-1721,854
17,NORMA-20260,855
17,NORMA-19320,856
17,NORMA-20256,857
17,NORMA-19496,858
17,NORMA-20587,859
17,NORMA-20259,860
17,NORMA-20233,861
17,NORMA-18594,862
17,NORMA-21038,863
17,NORMA-20648,864
17,NORMA-20596,865
17,NORMA-20746,866
17,NORMA-20788,867
17,NORMA-13222,868
17,NORMA-20740,869
17,NORMA-20158,870
17,NORMA-21228,871
17,NORMA-21225,872
17,NORMA-18652,873
17,NORMA-20867,874
17,NORMA-19921,875
17,NORMA-18221,876
17,NORMA-18575,877
17,NORMA-18268,878
17,NORMA-18482,879
17,NORMA-19943,880
17,NORMA-20261,881
17,NORMA-20242,882
17,NORMA-21596,883
17,NORMA-18808,884
17,NORMA-15921,885
17,NORMA-21646,886
17,NORMA-18715,887
17,NORMA-18666,888
17,NORMA-18507,889
17,NORMA-18785,890
17,NORMA-21119,891
17,NORMA-20276,892
17,NORMA-9848,893
17,NORMA-18716,894
17,NORMA-18665,895
17,NORMA-18505,896
17,NORMA-18851,897
17,NORMA-18784,898
17,NORMA-18481,899
17,NORMA-21161,900
17,NORMA-20640,901
17,NORMA-19807,902
17,NORMA-2385,903
17,NORMA-18853,904
17,NORMA-21118,905
17,NORMA-20618,906
17,NORMA-6637,907
17,NORMA-21102,908
17,NORMA-21179,909
17,NORMA-20776,910
17,NORMA-21034,911
17,NORMA-20296,912
17,NORMA-20634,913
17,NORMA-20608,914
17,NORMA-19835,915
17,NORMA-3261,916
17,NORMA-10505,917
17,NORMA-9850,918
17,NORMA-10016,919
17,NORMA-19006,920
17,NORMA-18448,921
17,NORMA-20695,922
17,NORMA-28921,923
17,NORMA-19093,924
17,NORMA-962,925
17,NORMA-6248,926
17,NORMA-19332,927
17,NORMA-18538,928
17,NORMA-18522,929
17,NORMA-18277,930
17,NORMA-21037,931
17,NORMA-1594,932
17,NORMA-19316,933
17,NORMA-1693,934
17,NORMA-20118,935
17,NORMA-19120,936
17,NORMA-6874,937
17,NORMA-20923,938
17,NORMA-20020,939
17,NORMA-12700,940
17,NORMA-2465,941
17,NORMA-19478,942
17,NORMA-2086,943
17,NORMA-19954,944
17,NORMA-20663,945
17,NORMA-20650,946
17,NORMA-20600,947
17,NORMA-19370,948
17,NORMA-19133,949
17,NORMA-780,950
17,NORMA-21103,951
17,NORMA-20981,952
17,NORMA-20262,953
17,NORMA-24481,954
17,NORMA-21645,955
17,NORMA-21673,956
17,NORMA-11976,957
17,NORMA-11831,958
17,NORMA-19690,959
17,NORMA-5932,960
17,NORMA-6013,961
17,NORMA-19035,962
17,NORMA-19576,963
17,NORMA-19834,964
17,NORMA-12802,965
17,NORMA-12696,966
17,NORMA-14514,967
17,NORMA-15090,968
17,NORMA-10033,969
17,NORMA-8869,970
17,NORMA-7137,971
17,NORMA-6593,972
17,NORMA-21057,973
17,NORMA-20769,974
17,NORMA-27549,975
17,NORMA-18612,976
17,NORMA-19045,977
17,NORMA-20664,978
17,NORMA-20832,979
17,NORMA-18925,980
17,NORMA-20592,981
17,NORMA-19823,982
17,NORMA-6713,983
17,NORMA-19199,984
17,NORMA-2043,985
17,NORMA-2082,986
17,NORMA-18943,987
17,NORMA-20639,988
17,NORMA-20529,989
17,NORMA-15289,990
17,NORMA-14427,991
17,NORMA-14482,992
17,NORMA-760,993
17,NORMA-8268,994
17,NORMA-6190,995
17,NORMA-18782,996
17,NORMA-18483,997
17,NORMA-21145,998
17,NORMA-1602,999
17,NORMA-1565,1000
18,NORMA-21602,1
18,NORMA-25122,2
18,NORMA-21116,3
18,NORMA-18956,4
18,NORMA-20981,5
18,NORMA-18739,6
18,NORMA-18613,7
18,NORMA-18310,8
18,NORMA-18792,9
18,NORMA-21054,10
18,NORMA-19360,11
18,NORMA-19487,12
18,NORMA-18512,13
18,NORMA-18488,14
18,NORMA-19263,15
18,NORMA-19157,16
18,NORMA-18849,17
18,NORMA-19708,18
18,NORMA-18419,19
18,NORMA-19053,20
18,NORMA-21354,21
18,NORMA-21287,22
18,NORMA-21577,23
18,NORMA-21557,24
18,NORMA-20443,25
18,NORMA-20423,26
18,NORMA-20854,27
18,NORMA-23521,28
18,NORMA-21264,29
18,NORMA-20210,30
18,NORMA-21608,31
18,NORMA-21217,32
18,NORMA-21286,33
18,NORMA-19192,34
18,NORMA-19588,35
18,NORMA-21107,36
18,NORMA-21650,37
18,NORMA-20448,38
18,NORMA-19574,39
18,NORMA-21279,40
18,NORMA-21752,41
18,NORMA-20205,42
18,NORMA-19883,43
18,NORMA-20426,44
18,NORMA-21459,45
18,NORMA-20037,46
18,NORMA-20993,47
18,NORMA-20422,48
18,NORMA-28841,49
18,NORMA-19699,50
18,NORMA-19582,51
18,NORMA-21220,52
18,NORMA-19704,53
18,NORMA-20432,54
18,NORMA-20453,55
18,NORMA-19727,56
18,NORMA-21767,57
18,NORMA-20188,58
18,NORMA-18730,59
18,NORMA-20185,60
18,NORMA-23682,61
18,NORMA-361,62
18,NORMA-15045,63
18,NORMA-20806,64
18,NORMA-19629,65
18,NORMA-19245,66
18,NORMA-20989,67
18,NORMA-6022,68
18,NORMA-18769,69
18,NORMA-25541,70
18,NORMA-20371,71
18,NORMA-18212,72
18,NORMA-20718,73
18,NORMA-18430,74
18,NORMA-20209,75
18,NORMA-21638,76
18,NORMA-21717,77
18,NORMA-21690,78
18,NORMA-20425,79
18,NORMA-20192,80
18,NORMA-18424,81
18,NORMA-21784,82
18,NORMA-18648,83
18,NORMA-20376,84
18,NORMA-19830,85
18,NORMA-19266,86
18,NORMA-18960,87
18,NORMA-20428,88
18,NORMA-20072,89
18,NORMA-20369,90
18,NORMA-20473,91
18,NORMA-21787,92
18,NORMA-6629,93
18,NORMA-21705,94
18,NORMA-19650,95
18,NORMA-26102,96
18,NORMA-20474,97
18,NORMA-21606,98
18,NORMA-18562,99
18,NORMA-19845,100
18,NORMA-20754,101
18,NORMA-21437,102
18,NORMA-21792,103
18,NORMA-20197,104
18,NORMA-20300,105
18,NORMA-19729,106
18,NORMA-20249,107
18,NORMA-20134,108
18,NORMA-21649,109
18,NORMA-18436,110
18,NORMA-18545,111
18,NORMA-21366,112
18,NORMA-20631,113
18,NORMA-22861,114
18,NORMA-19330,115
18,NORMA-18314,116
18,NORMA-18690,117
18,NORMA-21126,118
18,NORMA-19444,119
18,NORMA-21537,120
18,NORMA-18211,121
18,NORMA-21626,122
18,NORMA-20513,123
18,NORMA-20514,124
18,NORMA-19105,125
18,NORMA-19715,126
18,NORMA-20201,127
18,NORMA-25902,128
18,NORMA-19221,129
18,NORMA-21630,130
18,NORMA-20183,131
18,NORMA-19606,132
18,NORMA-19183,133
18,NORMA-6383,134
18,NORMA-2,135
18,NORMA-11711,136
18,NORMA-19592,137
18,NORMA-18818,138
18,NORMA-21389,139
18,NORMA-20382,140
18,NORMA-21523,141
18,NORMA-19969,142
18,NORMA-2981,143
18,NORMA-21791,144
18,NORMA-3662,145
18,NORMA-19581,146
18,NORMA-18917,147
18,NORMA-20924,148
18,NORMA-20397,149
18,NORMA-19583,150
18,NORMA-21369,151
18,NORMA-21249,152
18,NORMA-18668,153
18,NORMA-19798,154
18,NORMA-21419,155
18,NORMA-19027,156
18,NORMA-20389,157
18,NORMA-21786,158
18,NORMA-18653,159
18,NORMA-21609,160
18,NORMA-21461,161
18,NORMA-20480,162
18,NORMA-20477,163
18,NORMA-6448,164
18,NORMA-26881,165
18,NORMA-20649,166
18,NORMA-20407,167
18,NORMA-19096,168
18,NORMA-20488,169
18,NORMA-16481,170
18,NORMA-27221,171
18,NORMA-20190,172
18,NORMA-19875,173
18,NORMA-19329,174
18,NORMA-19942,175
18,NORMA-5993,176
18,NORMA-20465,177
18,NORMA-19842,178
18,NORMA-21788,179
18,NORMA-18605,180
18,NORMA-20374,181
18,NORMA-20530,182
18,NORMA-20225,183
18,NORMA-19403,184
18,NORMA-19181,185
18,NORMA-21002,186
18,NORMA-20869,187
18,NORMA-21550,188
18,NORMA-19655,189
18,NORMA-19609,190
18,NORMA-21776,191
18,NORMA-19110,192
18,NORMA-7110,193
18,NORMA-18630,194
18,NORMA-20186,195
18,NORMA-19724,196
18,NORMA-21796,197
18,NORMA-18237,198
18,NORMA-21584,199
18,NORMA-23341,200
18,NORMA-20398,201
18,NORMA-18595,202
18,NORMA-21519,203
18,NORMA-18691,204
18,NORMA-21524,205
18,NORMA-20503,206
18,NORMA-20859,207
18,NORMA-25621,208
18,NORMA-15802,209
18,NORMA-2375,210
18,NORMA-13265,211
18,NORMA-12630,212
18,NORMA-20985,213
18,NORMA-3571,214
18,NORMA-28623,215
18,NORMA-21676,216
18,NORMA-20368,217
18,NORMA-20501,218
18,NORMA-19225,219
18,NORMA-21225,220
18,NORMA-14542,221
18,NORMA-21477,222
18,NORMA-16202,223
18,NORMA-21205,224
18,NORMA-31923,225
18,NORMA-21687,226
18,NORMA-21185,227
18,NORMA-20217,228
18,NORMA-21710,229
18,NORMA-21544,230
18,NORMA-20195,231
18,NORMA-19570,232
18,NORMA-20482,233
18,NORMA-21241,234
18,NORMA-2413,235
18,NORMA-21312,236
18,NORMA-20396,237
18,NORMA-21121,238
18,NORMA-3181,239
18,NORMA-20405,240
18,NORMA-20666,241
18,NORMA-18604,242
18,NORMA-19859,243
18,NORMA-19925,244
18,NORMA-21206,245
18,NORMA-4820,246
18,NORMA-20566,247
18,NORMA-19652,248
18,NORMA-21278,249
18,NORMA-18859,250
18,NORMA-20208,251
18,NORMA-658,252
18,NORMA-18915,253
18,NORMA-21604,254
18,NORMA-20995,255
18,NORMA-20258,256
18,NORMA-18255,257
18,NORMA-19797,258
18,NORMA-21065,259
18,NORMA-21197,260
18,NORMA-21735,261
18,NORMA-21562,262
18,NORMA-18456,263
18,NORMA-19526,264
18,NORMA-21291,265
18,NORMA-6560,266
18,NORMA-27761,267
18,NORMA-20437,268
18,NORMA-20460,269
18,NORMA-22061,270
18,NORMA-20922,271
18,NORMA-18550,272
18,NORMA-18479,273
18,NORMA-20452,274
18,NORMA-19620,275
18,NORMA-20339,276
18,NORMA-21631,277
18,NORMA-21697,278
18,NORMA-18574,279
18,NORMA-19174,280
18,NORMA-21505,281
18,NORMA-21367,282
18,NORMA-21698,283
18,NORMA-2014,284
18,NORMA-19622,285
18,NORMA-18801,286
18,NORMA-20490,287
18,NORMA-19955,288
18,NORMA-18293,289
18,NORMA-23222,290
18,NORMA-19481,291
18,NORMA-20966,292
18,NORMA-20870,293
18,NORMA-20316,294
18,NORMA-7007,295
18,NORMA-25523,296
18,NORMA-18528,297
18,NORMA-21652,298
18,NORMA-19295,299
18,NORMA-21300,300
18,NORMA-1092,301
18,NORMA-23361,302
18,NORMA-20359,303
18,NORMA-21726,304
18,NORMA-21317,305
18,NORMA-21774,306
18,NORMA-22723,307
18,NORMA-18958,308
18,NORMA-19871,309
18,NORMA-20429,310
18,NORMA-6253,311
18,NORMA-17201,312
18,NORMA-27687,313
18,NORMA-20557,314
18,NORMA-13469,315
18,NORMA-20184,316
18,NORMA-26887,317
18,NORMA-27981,318
18,NORMA-19249,319
18,NORMA-21272,320
18,NORMA-20381,321
18,NORMA-18942,322
18,NORMA-21751,323
18,NORMA-27342,324
18,NORMA-18673,325
18,NORMA-19515,326
18,NORMA-20901,327
18,NORMA-21499,328
18,NORMA-21599,329
18,NORMA-21446,330
18,NORMA-18654,331
18,NORMA-1567,332
18,NORMA-20517,333
18,NORMA-9834,334
18,NORMA-21012,335
18,NORMA-20487,336
18,NORMA-19437,337
18,NORMA-19391,338
18,NORMA-21595,339
18,NORMA-19138,340
18,NORMA-24501,341
18,NORMA-19124,342
18,NORMA-19596,343
18,NORMA-21661,344
18,NORMA-12657,345
18,NORMA-22561,346
18,NORMA-24601,347
18,NORMA-18796,348
18,NORMA-19442,349
18,NORMA-21111,350
18,NORMA-21113,351
18,NORMA-21689,352
18,NORMA-396,353
18,NORMA-19152,354
18,NORMA-19512,355
18,NORMA-18302,356
18,NORMA-19422,357
18,NORMA-19503,358
18,NORMA-20917,359
18,NORMA-21409,360
18,NORMA-23061,361
18,NORMA-18284,362
18,NORMA-5431,363
18,NORMA-23982,364
18,NORMA-8027,365
18,NORMA-18434,366
18,NORMA-18243,367
18,NORMA-18286,368
18,NORMA-20332,369
18,NORMA-21184,370
18,NORMA-20796,371
18,NORMA-21408,372
18,NORMA-18873,373
18,NORMA-20836,374
18,NORMA-23862,375
18,NORMA-19968,376
18,NORMA-21003,377
18,NORMA-19232,378
18,NORMA-20990,379
18,NORMA-19733,380
18,NORMA-18266,381
18,NORMA-20468,382
18,NORMA-26882,383
18,NORMA-18835,384
18,NORMA-20949,385
18,NORMA-9382,386
18,NORMA-24961,387
18,NORMA-837,388
18,NORMA-1370,389
18,NORMA-21575,390
18,NORMA-689,391
18,NORMA-20268,392
18,NORMA-20790,393
18,NORMA-19542,394
18,NORMA-20894,395
18,NORMA-21605,396
18,NORMA-19822,397
18,NORMA-18967,398
18,NORMA-19977,399
18,NORMA-21581,400
18,NORMA-6185,401
18,NORMA-21226,402
18,NORMA-20780,403
18,NORMA-17321,404
18,NORMA-21403,405
18,NORMA-15211,406
18,NORMA-20077,407
18,NORMA-21755,408
18,NORMA-19799,409
18,NORMA-380,410
18,NORMA-20206,411
18,NORMA-854,412
18,NORMA-19337,413
18,NORMA-21693,414
18,NORMA-21418,415
18,NORMA-21619,416
18,NORMA-20366,417
18,NORMA-19751,418
18,NORMA-21569,419
18,NORMA-21795,420
18,NORMA-28021,421
18,NORMA-21783,422
18,NORMA-18729,423
18,NORMA-21203,424
18,NORMA-18793,425
18,NORMA-21420,426
18,NORMA-19081,427
18,NORMA-14937,428
18,NORMA-20794,429
18,NORMA-19155,430
18,NORMA-18699,431
18,NORMA-1502,432
18,NORMA-18903,433
18,NORMA-20476,434
18,NORMA-19427,435
18,NORMA-21058,436
18,NORMA-19691,437
18,NORMA-28203,438
18,NORMA-19061,439
18,NORMA-13158,440
18,NORMA-20977,441
18,NORMA-25281,442
18,NORMA-30043,443
18,NORMA-21352,444
18,NORMA-20039,445
18,NORMA-22941,446
18,NORMA-19240,447
18,NORMA-21269,448
18,NORMA-20909,449
18,NORMA-21756,450
18,NORMA-20194,451
18,NORMA-20997,452
18,NORMA-21017,453
18,NORMA-19223,454
18,NORMA-18991,455
18,NORMA-27521,456
18,NORMA-18269,457
18,NORMA-19003,458
18,NORMA-19426,459
18,NORMA-21137,460
18,NORMA-20172,461
18,NORMA-27062,462
18,NORMA-2126,463
18,NORMA-21005,464
18,NORMA-18682,465
18,NORMA-19256,466
18,NORMA-20887,467
18,NORMA-19642,468
18,NORMA-21390,469
18,NORMA-20293,470
18,NORMA-20171,471
18,NORMA-21444,472
18,NORMA-21112,473
18,NORMA-18884,474
18,NORMA-18270,475
18,NORMA-20921,476
18,NORMA-20762,477
18,NORMA-19387,478
18,NORMA-19623,479
18,NORMA-20421,480
18,NORMA-19438,481
18,NORMA-20349,482
18,NORMA-18839,483
18,NORMA-20602,484
18,NORMA-21008,485
18,NORMA-21601,486
18,NORMA-18405,487
18,NORMA-20992,488
18,NORMA-20199,489
18,NORMA-20556,490
18,NORMA-19021,491
18,NORMA-18381,492
18,NORMA-6702,493
18,NORMA-19919,494
18,NORMA-20278,495
18,NORMA-19128,496
18,NORMA-20196,497
18,NORMA-19565,498
18,NORMA-18722,499
18,NORMA-21149,500
18,NORMA-18750,501
18,NORMA-12067,502
18,NORMA-20444,503
18,NORMA-17222,504
18,NORMA-21260,505
18,NORMA-20098,506
18,NORMA-27022,507
18,NORMA-21131,508
18,NORMA-19499,509
18,NORMA-18591,510
18,NORMA-23141,511
18,NORMA-18603,512
18,NORMA-24582,513
18,NORMA-20962,514
18,NORMA-11814,515
18,NORMA-20135,516
18,NORMA-21254,517
18,NORMA-20761,518
18,NORMA-21004,519
18,NORMA-20285,520
18,NORMA-20388,521
18,NORMA-19277,522
18,NORMA-18420,523
18,NORMA-15423,524
18,NORMA-15422,525
18,NORMA-20028,526
18,NORMA-19180,527
18,NORMA-19644,528
18,NORMA-19072,529
18,NORMA-18812,530
18,NORMA-27045,531
18,NORMA-21402,532
18,NORMA-20204,533
18,NORMA-18282,534
18,NORMA-21309,535
18,NORMA-12029,536
18,NORMA-21073,537
18,NORMA-19191,538
18,NORMA-778,539
18,NORMA-19408,540
18,NORMA-18982,541
18,NORMA-674,542
18,NORMA-21238,543
18,NORMA-28762,544
18,NORMA-19092,545
18,NORMA-20380,546
18,NORMA-20404,547
18,NORMA-21511,548
18,NORMA-21327,549
18,NORMA-19639,550
18,NORMA-18359,551
18,NORMA-19371,552
18,NORMA-20526,553
18,NORMA-20978,554
18,NORMA-21350,555
18,NORMA-19073,556
18,NORMA-21415,557
18,NORMA-9384,558
18,NORMA-28422,559
18,NORMA-20841,560
18,NORMA-18451,561
18,NORMA-21699,562
18,NORMA-20914,563
18,NORMA-20403,564
18,NORMA-19947,565
18,NORMA-20179,566
18,NORMA-20880,567
18,NORMA-19824,568
18,NORMA-19784,569
18,NORMA-21729,570
18,NORMA-20395,571
18,NORMA-20169,572
18,NORMA-19793,573
18,NORMA-18276,574
18,NORMA-20950,575
18,NORMA-21052,576
18,NORMA-13298,577
18,NORMA-18407,578
18,NORMA-19787,579
18,NORMA-4277,580
18,NORMA-19780,581
18,NORMA-19206,582
18,NORMA-18386,583
18,NORMA-18996,584
18,NORMA-18427,585
18,NORMA-20402,586
18,NORMA-18874,587
18,NORMA-19863,588
18,NORMA-13471,589
18,NORMA-21018,590
18,NORMA-21135,591
18,NORMA-19429,592
18,NORMA-13392,593
18,NORMA-18497,594
18,NORMA-20483,595
18,NORMA-18536,596
18,NORMA-20408,597
18,NORMA-20182,598
18,NORMA-20222,599
18,NORMA-21625,600
18,NORMA-21509,601
18,NORMA-13534,602
18,NORMA-25942,603
18,NORMA-19084,604
18,NORMA-18411,605
18,NORMA-15861,606
18,NORMA-19219,607
18,NORMA-16403,608
18,NORMA-21337,609
18,NORMA-18748,610
18,NORMA-21637,611
18,NORMA-19051,612
18,NORMA-21663,613
18,NORMA-18751,614
18,NORMA-19939,615
18,NORMA-11316,616
18,NORMA-12066,617
18,NORMA-19017,618
18,NORMA-21170,619
18,NORMA-18222,620
18,NORMA-18201,621
18,NORMA-22661,622
18,NORMA-18624,623
18,NORMA-20435,624
18,NORMA-21253,625
18,NORMA-17462,626
18,NORMA-19593,627
18,NORMA-19667,628
18,NORMA-19279,629
18,NORMA-20915,630
18,NORMA-20090,631
18,NORMA-113,632
18,NORMA-22262,633
18,NORMA-19285,634
18,NORMA-19416,635
18,NORMA-7250,636
18,NORMA-20164,637
18,NORMA-18999,638
18,NORMA-13473,639
18,NORMA-21156,640
18,NORMA-27384,641
18,NORMA-23661,642
18,NORMA-15901,643
18,NORMA-18656,644
18,NORMA-12776,645
18,NORMA-21417,646
18,NORMA-16462,647
18,NORMA-24641,648
18,NORMA-23881,649
18,NORMA-18319,650
18,NORMA-3503,651
18,NORMA-18933,652
18,NORMA-21124,653
18,NORMA-18779,654
18,NORMA-18765,655
18,NORMA-3342,656
18,NORMA-15029,657
18,NORMA-24461,658
18,NORMA-19945,659
18,NORMA-23642,660
18,NORMA-631,661
18,NORMA-21042,662
18,NORMA-21603,663
18,NORMA-21324,664
18,NORMA-23301,665
18,NORMA-22643,666
18,NORMA-18767,667
18,NORMA-26003,668
18,NORMA-19779,669
18,NORMA-21114,670
18,NORMA-23441,671
18,NORMA-15259,672
18,NORMA-20571,673
18,NORMA-20060,674
18,NORMA-10878,675
18,NORMA-10531,676
18,NORMA-124,677
18,NORMA-18870,678
18,NORMA-18988,679
18,NORMA-20356,680
18,NORMA-24905,681
18,NORMA-20336,682
18,NORMA-19658,683
18,NORMA-18854,684
18,NORMA-14420,685
18,NORMA-15209,686
18,NORMA-21276,687
18,NORMA-13002,688
18,NORMA-21641,689
18,NORMA-20705,690
18,NORMA-10123,691
18,NORMA-18515,692
18,NORMA-23026,693
18,NORMA-28361,694
18,NORMA-10865,695
18,NORMA-18721,696
18,NORMA-9358,697
18,NORMA-18646,698
18,NORMA-21702,699
18,NORMA-28586,700
18,NORMA-21463,701
18,NORMA-27564,702
18,NORMA-27341,703
18,NORMA-21239,704
18,NORMA-21029,705
18,NORMA-18203,706
18,NORMA-21564,707
18,NORMA-21665,708
18,NORMA-19940,709
18,NORMA-20858,710
18,NORMA-18962,711
18,NORMA-20708,712
18,NORMA-21746,713
18,NORMA-19009,714
18,NORMA-21757,715
18,NORMA-24181,716
18,NORMA-15641,717
18,NORMA-19290,718
18,NORMA-21252,719
18,NORMA-7651,720
18,NORMA-26804,721
18,NORMA-9823,722
18,NORMA-25101,723
18,NORMA-25964,724
18,NORMA-21263,725
18,NORMA-20401,726
18,NORMA-26163,727
18,NORMA-18659,728
18,NORMA-21502,729
18,NORMA-21399,730
18,NORMA-20386,731
18,NORMA-21730,732
18,NORMA-21507,733
18,NORMA-20392,734
18,NORMA-15662,735
18,NORMA-23001,736
18,NORMA-27064,737
18,NORMA-21648,738
18,NORMA-19714,739
18,NORMA-21364,740
18,NORMA-18678,741
18,NORMA-4182,742
18,NORMA-21235,743
18,NORMA-21539,744
18,NORMA-10534,745
18,NORMA-20147,746
18,NORMA-22001,747
18,NORMA-21457,748
18,NORMA-1,749
18,NORMA-10347,750
18,NORMA-19651,751
18,NORMA-6851,752
18,NORMA-12687,753
18,NORMA-15421,754
18,NORMA-20777,755
18,NORMA-22462,756
18,NORMA-13425,757
18,NORMA-15401,758
18,NORMA-18974,759
18,NORMA-22241,760
18,NORMA-15222,761
18,NORMA-18709,762
18,NORMA-24102,763
18,NORMA-10745,764
18,NORMA-10590,765
18,NORMA-22501,766
18,NORMA-23027,767
18,NORMA-24362,768
18,NORMA-17281,769
18,NORMA-24881,770
18,NORMA-19303,771
18,NORMA-21359,772
18,NORMA-21691,773
18,NORMA-21450,774
18,NORMA-21598,775
18,NORMA-19648,776
18,NORMA-21496,777
18,NORMA-28802,778
18,NORMA-25082,779
18,NORMA-18402,780
18,NORMA-18583,781
18,NORMA-19566,782
18,NORMA-21326,783
18,NORMA-19095,784
18,NORMA-13711,785
18,NORMA-19182,786
18,NORMA-26281,787
18,NORMA-6509,788
18,NORMA-23964,789
18,NORMA-23122,790
18,NORMA-28467,791
18,NORMA-23103,792
18,NORMA-22721,793
18,NORMA-11584,794
18,NORMA-26822,795
18,NORMA-18265,796
18,NORMA-27550,797
18,NORMA-18531,798
18,NORMA-29764,799
18,NORMA-6753,800
18,NORMA-11512,801
18,NORMA-21344,802
18,NORMA-27403,803
18,NORMA-14113,804
18,NORMA-21651,805
18,NORMA-21766,806
18,NORMA-15249,807
18,NORMA-14821,808
18,NORMA-18459,809
18,NORMA-19670,810
18,NORMA-18368,811
18,NORMA-18221,812
18,NORMA-18021,813
18,NORMA-14307,814
18,NORMA-26701,815
18,NORMA-21768,816
18,NORMA-1619,817
18,NORMA-15465,818
18,NORMA-16702,819
18,NORMA-1373,820
18,NORMA-24621,821
18,NORMA-21647,822
18,NORMA-14508,823
18,NORMA-23581,824
18,NORMA-14260,825
18,NORMA-19685,826
18,NORMA-19660,827
18,NORMA-18449,828
18,NORMA-24042,829
18,NORMA-21361,830
18,NORMA-25501,831
18,NORMA-417,832
18,NORMA-19930,833
18,NORMA-477,834
18,NORMA-23121,835
18,NORMA-17003,836
18,NORMA-19654,837
18,NORMA-19702,838
18,NORMA-416,839
18,NORMA-18408,840
18,NORMA-19983,841
18,NORMA-20341,842
18,NORMA-21244,843
18,NORMA-4318,844
18,NORMA-20433,845
18,NORMA-21822,846
18,NORMA-18898,847
18,NORMA-15427,848
18,NORMA-18215,849
18,NORMA-20350,850
18,NORMA-14925,851
18,NORMA-251,852
18,NORMA-16603,853
18,NORMA-19080,854
18,NORMA-1154,855
18,NORMA-10821,856
18,NORMA-23701,857
18,NORMA-27442,858
18,NORMA-20231,859
18,NORMA-252,860
18,NORMA-250,861
18,NORMA-21501,862
18,NORMA-16561,863
18,NORMA-21678,864
18,NORMA-19627,865
18,NORMA-20797,866
18,NORMA-20073,867
18,NORMA-19020,868
18,NORMA-14597,869
18,NORMA-20129,870
18,NORMA-19963,871
18,NORMA-18418,872
18,NORMA-20696,873
18,NORMA-11715,874
18,NORMA-24885,875
18,NORMA-20963,876
18,NORMA-14652,877
18,NORMA-6126,878
18,NORMA-18254,879
18,NORMA-21521,880
18,NORMA-20863,881
18,NORMA-19039,882
18,NORMA-18696,883
18,NORMA-253,884
18,NORMA-13323,885
18,NORMA-995,886
18,NORMA-12820,887
18,NORMA-19343,888
18,NORMA-19212,889
18,NORMA-20730,890
18,NORMA-28822,891
18,NORMA-18394,892
18,NORMA-21388,893
18,NORMA-21398,894
18,NORMA-10041,895
18,NORMA-588,896
18,NORMA-21515,897
18,NORMA-18441,898
18,NORMA-19014,899
18,NORMA-18219,900
18,NORMA-16841,901
18,NORMA-21028,902
18,NORMA-21983,903
18,NORMA-3422,904
18,NORMA-2269,905
18,NORMA-25443,906
18,NORMA-3421,907
18,NORMA-11901,908
18,NORMA-26181,909
18,NORMA-7525,910
18,NORMA-21554,911
18,NORMA-25803,912
18,NORMA-23461,913
18,NORMA-28182,914
18,NORMA-20442,915
18,NORMA-9959,916
18,NORMA-18900,917
18,NORMA-25522,918
18,NORMA-18686,919
18,NORMA-25981,920
18,NORMA-21623,921
18,NORMA-27449,922
18,NORMA-6199,923
18,NORMA-21666,924
18,NORMA-11505,925
18,NORMA-2484,926
18,NORMA-2016,927
18,NORMA-2143,928
18,NORMA-662,929
18,NORMA-29005,930
18,NORMA-19406,931
18,NORMA-14974,932
18,NORMA-2022,933
18,NORMA-2177,934
18,NORMA-2034,935
18,NORMA-19722,936
18,NORMA-19459,937
18,NORMA-25121,938
18,NORMA-20865,939
18,NORMA-27242,940
18,NORMA-12982,941
18,NORMA-26781,942
18,NORMA-18391,943
18,NORMA-587,944
18,NORMA-19328,945
18,NORMA-21721,946
18,NORMA-20852,947
18,NORMA-20023,948
18,NORMA-21553,949
18,NORMA-20576,950
18,NORMA-20551,951
18,NORMA-3966,952
18,NORMA-18294,953
18,NORMA-20302,954
18,NORMA-19777,955
18,NORMA-18401,956
18,NORMA-18463,957
18,NORMA-20251,958
18,NORMA-20151,959
18,NORMA-18845,960
18,NORMA-20795,961
18,NORMA-22502,962
18,NORMA-15442,963
18,NORMA-18944,964
18,NORMA-766,965
18,NORMA-21064,966
18,NORMA-15345,967
18,NORMA-24343,968
18,NORMA-20713,969
18,NORMA-19436,970
18,NORMA-11764,971
18,NORMA-15441,972
18,NORMA-11479,973
18,NORMA-19750,974
18,NORMA-23761,975
18,NORMA-14166,976
18,NORMA-26661,977
18,NORMA-27063,978
18,NORMA-20458,979
18,NORMA-19190,980
18,NORMA-21639,981
18,NORMA-4539,982
18,NORMA-11609,983
18,NORMA-22862,984
18,NORMA-21488,985
18,NORMA-13903,986
18,NORMA-19164,987
18,NORMA-25861,988
18,NORMA-19613,989
18,NORMA-23841,990
18,NORMA-23621,991
18,NORMA-15134,992
18,NORMA-21231,993
18,NORMA-20941,994
18,NORMA-14587,995
18,NORMA-475,996
18,NORMA-27702,997
18,NORMA-10219,998
18,NORMA-20139,999
18,NORMA-21621,1000
19,NORMA-24941,1
19,NORMA-25701,2
19,NORMA-28982,3
19,NORMA-21279,4
19,NORMA-21423,5
19,NORMA-21578,6
19,NORMA-21761,7
19,NORMA-21332,8
19,NORMA-21295,9
19,NORMA-19712,10
19,NORMA-19374,11
19,NORMA-18971,12
19,NORMA-19267,13
19,NORMA-21635,14
19,NORMA-21701,15
19,NORMA-21738,16
19,NORMA-21743,17
19,NORMA-21660,18
19,NORMA-21050,19
19,NORMA-20273,20
19,NORMA-21724,21
19,NORMA-9934,22
19,NORMA-11538,23
19,NORMA-14910,24
19,NORMA-14646,25
19,NORMA-12697,26
19,NORMA-2068,27
19,NORMA-27761,28
19,NORMA-1924,29
19,NORMA-501,30
19,NORMA-19194,31
19,NORMA-19321,32
19,NORMA-19317,33
19,NORMA-19622,34
19,NORMA-20990,35
19,NORMA-20916,36
19,NORMA-29261,37
19,NORMA-29201,38
19,NORMA-21420,39
19,NORMA-23682,40
19,NORMA-21756,41
19,NORMA-20790,42
19,NORMA-18427,43
19,NORMA-19704,44
19,NORMA-25942,45
19,NORMA-28203,46
19,NORMA-21624,47
19,NORMA-21661,48
19,NORMA-29202,49
19,NORMA-12957,50
19,NORMA-21729,51
19,NORMA-21792,52
19,NORMA-21402,53
19,NORMA-27261,54
19,NORMA-29003,55
19,NORMA-28586,56
19,NORMA-28341,57
19,NORMA-27550,58
19,NORMA-27687,59
19,NORMA-25261,60
19,NORMA-21442,61
19,NORMA-19699,62
19,NORMA-21202,63
19,NORMA-27385,64
19,NORMA-19329,65
19,NORMA-22981,66
19,NORMA-20230,67
19,NORMA-20112,68
19,NORMA-21688,69
19,NORMA-27502,70
19,NORMA-28762,71
19,NORMA-18999,72
19,NORMA-26684,73
19,NORMA-28981,74
19,NORMA-28841,75
19,NORMA-29763,76
19,NORMA-29421,77
19,NORMA-28403,78
19,NORMA-28084,79
19,NORMA-28083,80
19,NORMA-27783,81
19,NORMA-28202,82
19,NORMA-27101,83
19,NORMA-27503,84
19,NORMA-26727,85
19,NORMA-26807,86
19,NORMA-27585,87
19,NORMA-28942,88
19,NORMA-28142,89
19,NORMA-26841,90
19,NORMA-28822,91
19,NORMA-25202,92
19,NORMA-19623,93
19,NORMA-25801,94
19,NORMA-27543,95
19,NORMA-25641,96
19,NORMA-23341,97
19,NORMA-19047,98
19,NORMA-21755,99
19,NORMA-19779,100
19,NORMA-21067,101
19,NORMA-19961,102
19,NORMA-20092,103
19,NORMA-28802,104
19,NORMA-28223,105
19,NORMA-27554,106
19,NORMA-28402,107
19,NORMA-28704,108
19,NORMA-24601,109
19,NORMA-25802,110
19,NORMA-28086,111
19,NORMA-25421,112
19,NORMA-28121,113
19,NORMA-27246,114
19,NORMA-26161,115
19,NORMA-21185,116
19,NORMA-25401,117
19,NORMA-27203,118
19,NORMA-26568,119
19,NORMA-20702,120
19,NORMA-29161,121
19,NORMA-26884,122
19,NORMA-28281,123
19,NORMA-29181,124
19,NORMA-29147,125
19,NORMA-20632,126
19,NORMA-21650,127
19,NORMA-25101,128
19,NORMA-20777,129
19,NORMA-26281,130
19,NORMA-21784,131
19,NORMA-26726,132
19,NORMA-26802,133
19,NORMA-26681,134
19,NORMA-25881,135
19,NORMA-21796,136
19,NORMA-28584,137
19,NORMA-25761,138
19,NORMA-19632,139
19,NORMA-21188,140
19,NORMA-25862,141
19,NORMA-21407,142
19,NORMA-28466,143
19,NORMA-21604,144
19,NORMA-19245,145
19,NORMA-27564,146
19,NORMA-29301,147
19,NORMA-29283,148
19,NORMA-25721,149
19,NORMA-18753,150
19,NORMA-27342,151
19,NORMA-20713,152
19,NORMA-20729,153
19,NORMA-27583,154
19,NORMA-26764,155
19,NORMA-19477,156
19,NORMA-27367,157
19,NORMA-27548,158
19,NORMA-28264,159
19,NORMA-25442,160
19,NORMA-29221,161
19,NORMA-27741,162
19,NORMA-27247,163
19,NORMA-27226,164
19,NORMA-26682,165
19,NORMA-26567,166
19,NORMA-29166,167
19,NORMA-29145,168
19,NORMA-28165,169
19,NORMA-27368,170
19,NORMA-29164,171
19,NORMA-28421,172
19,NORMA-29881,173
19,NORMA-28342,174
19,NORMA-27248,175
19,NORMA-26569,176
19,NORMA-29649,177
19,NORMA-27401,178
19,NORMA-27244,179
19,NORMA-25921,180
19,NORMA-25783,181
19,NORMA-26723,182
19,NORMA-25784,183
19,NORMA-29022,184
19,NORMA-26662,185
19,NORMA-27462,186
19,NORMA-29006,187
19,NORMA-27252,188
19,NORMA-28522,189
19,NORMA-27463,190
19,NORMA-28781,191
19,NORMA-27881,192
19,NORMA-29441,193
19,NORMA-29062,194
19,NORMA-29182,195
19,NORMA-27926,196
19,NORMA-27925,197
19,NORMA-27941,198
19,NORMA-27924,199
19,NORMA-28801,200
19,NORMA-29764,201
19,NORMA-21745,202
19,NORMA-28441,203
19,NORMA-18462,204
19,NORMA-28561,205
19,NORMA-21608,206
19,NORMA-21698,207
19,NORMA-20879,208
19,NORMA-25541,209
19,NORMA-21249,210
19,NORMA-21564,211
19,NORMA-19512,212
19,NORMA-21324,213
19,NORMA-28961,214
19,NORMA-20887,215
19,NORMA-21713,216
19,NORMA-21312,217
19,NORMA-20901,218
19,NORMA-28703,219
19,NORMA-27449,220
19,NORMA-28221,221
19,NORMA-18536,222
19,NORMA-18974,223
19,NORMA-19225,224
19,NORMA-26887,225
19,NORMA-21586,226
19,NORMA-24461,227
19,NORMA-27923,228
19,NORMA-26064,229
19,NORMA-28404,230
19,NORMA-28343,231
19,NORMA-26724,232
19,NORMA-26085,233
19,NORMA-29143,234
19,NORMA-29605,235
19,NORMA-29223,236
19,NORMA-27251,237
19,NORMA-26623,238
19,NORMA-29122,239
19,NORMA-26061,240
19,NORMA-27821,241
19,NORMA-27784,242
19,NORMA-27222,243
19,NORMA-26823,244
19,NORMA-26082,245
19,NORMA-25481,246
19,NORMA-25184,247
19,NORMA-28501,248
19,NORMA-27228,249
19,NORMA-27041,250
19,NORMA-25342,251
19,NORMA-28702,252
19,NORMA-28242,253
19,NORMA-28263,254
19,NORMA-28266,255
19,NORMA-28184,256
19,NORMA-28081,257
19,NORMA-27785,258
19,NORMA-27566,259
19,NORMA-27544,260
19,NORMA-27546,261
19,NORMA-27547,262
19,NORMA-26921,263
19,NORMA-26581,264
19,NORMA-26341,265
19,NORMA-26063,266
19,NORMA-25661,267
19,NORMA-28464,268
19,NORMA-28041,269
19,NORMA-27524,270
19,NORMA-26961,271
19,NORMA-26162,272
19,NORMA-26142,273
19,NORMA-26083,274
19,NORMA-25341,275
19,NORMA-28502,276
19,NORMA-28061,277
19,NORMA-27253,278
19,NORMA-26361,279
19,NORMA-26141,280
19,NORMA-25882,281
19,NORMA-25563,282
19,NORMA-25461,283
19,NORMA-26122,284
19,NORMA-29162,285
19,NORMA-28168,286
19,NORMA-28042,287
19,NORMA-24981,288
19,NORMA-28087,289
19,NORMA-20704,290
19,NORMA-20922,291
19,NORMA-26883,292
19,NORMA-26382,293
19,NORMA-27801,294
19,NORMA-26381,295
19,NORMA-26301,296
19,NORMA-29043,297
19,NORMA-27681,298
19,NORMA-27642,299
19,NORMA-26601,300
19,NORMA-26321,301
19,NORMA-27304,302
19,NORMA-26882,303
19,NORMA-26806,304
19,NORMA-29004,305
19,NORMA-28701,306
19,NORMA-26781,307
19,NORMA-25402,308
19,NORMA-28463,309
19,NORMA-26783,310
19,NORMA-29561,311
19,NORMA-24903,312
19,NORMA-29606,313
19,NORMA-16781,314
19,NORMA-27569,315
19,NORMA-29603,316
19,NORMA-27445,317
19,NORMA-27682,318
19,NORMA-27402,319
19,NORMA-25181,320
19,NORMA-27381,321
19,NORMA-27245,322
19,NORMA-29165,323
19,NORMA-26663,324
19,NORMA-27641,325
19,NORMA-25144,326
19,NORMA-27545,327
19,NORMA-25422,328
19,NORMA-25161,329
19,NORMA-24921,330
19,NORMA-3966,331
19,NORMA-26221,332
19,NORMA-29364,333
19,NORMA-28622,334
19,NORMA-27242,335
19,NORMA-27303,336
19,NORMA-26123,337
19,NORMA-27302,338
19,NORMA-28141,339
19,NORMA-27301,340
19,NORMA-29682,341
19,NORMA-25122,342
19,NORMA-28465,343
19,NORMA-25121,344
19,NORMA-28881,345
19,NORMA-26803,346
19,NORMA-29061,347
19,NORMA-25525,348
19,NORMA-29101,349
19,NORMA-14505,350
19,NORMA-26763,351
19,NORMA-25526,352
19,NORMA-29044,353
19,NORMA-28641,354
19,NORMA-29681,355
19,NORMA-27746,356
19,NORMA-20397,357
19,NORMA-28526,358
19,NORMA-19606,359
19,NORMA-27403,360
19,NORMA-26822,361
19,NORMA-26163,362
19,NORMA-27501,363
19,NORMA-21065,364
19,NORMA-18314,365
19,NORMA-27366,366
19,NORMA-20730,367
19,NORMA-25201,368
19,NORMA-27555,369
19,NORMA-28381,370
19,NORMA-27221,371
19,NORMA-25281,372
19,NORMA-20468,373
19,NORMA-22061,374
19,NORMA-21630,375
19,NORMA-26124,376
19,NORMA-6505,377
19,NORMA-33728,378
19,NORMA-14279,379
19,NORMA-4631,380
19,NORMA-14937,381
19,NORMA-13158,382
19,NORMA-27022,383
19,NORMA-13469,384
19,NORMA-18934,385
19,NORMA-3638,386
19,NORMA-20950,387
19,NORMA-26003,388
19,NORMA-24582,389
19,NORMA-16202,390
19,NORMA-23881,391
19,NORMA-25964,392
19,NORMA-27521,393
19,NORMA-26201,394
19,NORMA-27608,395
19,NORMA-20135,396
19,NORMA-25523,397
19,NORMA-20056,398
19,NORMA-3503,399
19,NORMA-26223,400
19,NORMA-28243,401
19,NORMA-25644,402
19,NORMA-25001,403
19,NORMA-27447,404
19,NORMA-29363,405
19,NORMA-29146,406
19,NORMA-29081,407
19,NORMA-28862,408
19,NORMA-28662,409
19,NORMA-28082,410
19,NORMA-27786,411
19,NORMA-27553,412
19,NORMA-27369,413
19,NORMA-27227,414
19,NORMA-25183,415
19,NORMA-29282,416
19,NORMA-29224,417
19,NORMA-28542,418
19,NORMA-27604,419
19,NORMA-27446,420
19,NORMA-27243,421
19,NORMA-26941,422
19,NORMA-25642,423
19,NORMA-24521,424
19,NORMA-24343,425
19,NORMA-29604,426
19,NORMA-29281,427
19,NORMA-29121,428
19,NORMA-28262,429
19,NORMA-28265,430
19,NORMA-28222,431
19,NORMA-28183,432
19,NORMA-28164,433
19,NORMA-27862,434
19,NORMA-27552,435
19,NORMA-27448,436
19,NORMA-27229,437
19,NORMA-26622,438
19,NORMA-26621,439
19,NORMA-26441,440
19,NORMA-26402,441
19,NORMA-26121,442
19,NORMA-25884,443
19,NORMA-25702,444
19,NORMA-25601,445
19,NORMA-25562,446
19,NORMA-25322,447
19,NORMA-25222,448
19,NORMA-24883,449
19,NORMA-24523,450
19,NORMA-24422,451
19,NORMA-24441,452
19,NORMA-24201,453
19,NORMA-29650,454
19,NORMA-29602,455
19,NORMA-29362,456
19,NORMA-29241,457
19,NORMA-29144,458
19,NORMA-28681,459
19,NORMA-28282,460
19,NORMA-28261,461
19,NORMA-28241,462
19,NORMA-28163,463
19,NORMA-27822,464
19,NORMA-27721,465
19,NORMA-27686,466
19,NORMA-27685,467
19,NORMA-27443,468
19,NORMA-27382,469
19,NORMA-26461,470
19,NORMA-26261,471
19,NORMA-25344,472
19,NORMA-29321,473
19,NORMA-29007,474
19,NORMA-28481,475
19,NORMA-28167,476
19,NORMA-28101,477
19,NORMA-27684,478
19,NORMA-27523,479
19,NORMA-27464,480
19,NORMA-27230,481
19,NORMA-26403,482
19,NORMA-26404,483
19,NORMA-26262,484
19,NORMA-25561,485
19,NORMA-25263,486
19,NORMA-28166,487
19,NORMA-27726,488
19,NORMA-27743,489
19,NORMA-27383,490
19,NORMA-28803,491
19,NORMA-28224,492
19,NORMA-27724,493
19,NORMA-27744,494
19,NORMA-28267,495
19,NORMA-25583,496
19,NORMA-26084,497
19,NORMA-15650,498
19,NORMA-15653,499
19,NORMA-26062,500
19,NORMA-27601,501
19,NORMA-29222,502
19,NORMA-28664,503
19,NORMA-25961,504
19,NORMA-25301,505
19,NORMA-25185,506
19,NORMA-24884,507
19,NORMA-15645,508
19,NORMA-15656,509
19,NORMA-28921,510
19,NORMA-27742,511
19,NORMA-25643,512
19,NORMA-25343,513
19,NORMA-25962,514
19,NORMA-25221,515
19,NORMA-25241,516
19,NORMA-25143,517
19,NORMA-27722,518
19,NORMA-27683,519
19,NORMA-27567,520
19,NORMA-26222,521
19,NORMA-25703,522
19,NORMA-15658,523
19,NORMA-29225,524
19,NORMA-29167,525
19,NORMA-29141,526
19,NORMA-28721,527
19,NORMA-27782,528
19,NORMA-25182,529
19,NORMA-29901,530
19,NORMA-27861,531
19,NORMA-27602,532
19,NORMA-27461,533
19,NORMA-27444,534
19,NORMA-26741,535
19,NORMA-16262,536
19,NORMA-27551,537
19,NORMA-25883,538
19,NORMA-24104,539
19,NORMA-26661,540
19,NORMA-25482,541
19,NORMA-26742,542
19,NORMA-14503,543
19,NORMA-27723,544
19,NORMA-27725,545
19,NORMA-27745,546
19,NORMA-27622,547
19,NORMA-23121,548
19,NORMA-15462,549
19,NORMA-13780,550
19,NORMA-27549,551
19,NORMA-29482,552
19,NORMA-27249,553
19,NORMA-26782,554
19,NORMA-14000,555
19,NORMA-13067,556
19,NORMA-28283,557
19,NORMA-27565,558
19,NORMA-24686,559
19,NORMA-23681,560
19,NORMA-17161,561
19,NORMA-15683,562
19,NORMA-29655,563
19,NORMA-27250,564
19,NORMA-23482,565
19,NORMA-22683,566
19,NORMA-23383,567
19,NORMA-22501,568
19,NORMA-29710,569
19,NORMA-23562,570
19,NORMA-24401,571
19,NORMA-13653,572
19,NORMA-27561,573
19,NORMA-25723,574
19,NORMA-26563,575
19,NORMA-25941,576
19,NORMA-12510,577
19,NORMA-27701,578
19,NORMA-24362,579
19,NORMA-28043,580
19,NORMA-13654,581
19,NORMA-15327,582
19,NORMA-26565,583
19,NORMA-7525,584
19,NORMA-28162,585
19,NORMA-24241,586
19,NORMA-24683,587
19,NORMA-22682,588
19,NORMA-27522,589
19,NORMA-25543,590
19,NORMA-24381,591
19,NORMA-16522,592
19,NORMA-13784,593
19,NORMA-29163,594
19,NORMA-28583,595
19,NORMA-17562,596
19,NORMA-12618,597
19,NORMA-28525,598
19,NORMA-28523,599
19,NORMA-14273,600
19,NORMA-29008,601
19,NORMA-28524,602
19,NORMA-27262,603
19,NORMA-27282,604
19,NORMA-28201,605
19,NORMA-27281,606
19,NORMA-25821,607
19,NORMA-27942,608
19,NORMA-27584,609
19,NORMA-27201,610
19,NORMA-28461,611
19,NORMA-24882,612
19,NORMA-29841,613
19,NORMA-29184,614
19,NORMA-27202,615
19,NORMA-29861,616
19,NORMA-28322,617
19,NORMA-27181,618
19,NORMA-25204,619
19,NORMA-29621,620
19,NORMA-29185,621
19,NORMA-24681,622
19,NORMA-27688,623
19,NORMA-26564,624
19,NORMA-26021,625
19,NORMA-25524,626
19,NORMA-25203,627
19,NORMA-25262,628
19,NORMA-25141,629
19,NORMA-24781,630
19,NORMA-12587,631
19,NORMA-27081,632
19,NORMA-27021,633
19,NORMA-26725,634
19,NORMA-23642,635
19,NORMA-29023,636
19,NORMA-27901,637
19,NORMA-27605,638
19,NORMA-26886,639
19,NORMA-28581,640
19,NORMA-27421,641
19,NORMA-25205,642
19,NORMA-24581,643
19,NORMA-16582,644
19,NORMA-28582,645
19,NORMA-15821,646
19,NORMA-25082,647
19,NORMA-26002,648
19,NORMA-25681,649
19,NORMA-29507,650
19,NORMA-27225,651
19,NORMA-13116,652
19,NORMA-26421,653
19,NORMA-29186,654
19,NORMA-27623,655
19,NORMA-24061,656
19,NORMA-28585,657
19,NORMA-28321,658
19,NORMA-3121,659
19,NORMA-21921,660
19,NORMA-21785,661
19,NORMA-27362,662
19,NORMA-27121,663
19,NORMA-25542,664
19,NORMA-22661,665
19,NORMA-24904,666
19,NORMA-19384,667
19,NORMA-28467,668
19,NORMA-23101,669
19,NORMA-28021,670
19,NORMA-29042,671
19,NORMA-25682,672
19,NORMA-24583,673
19,NORMA-26362,674
19,NORMA-26641,675
19,NORMA-27363,676
19,NORMA-19588,677
19,NORMA-27361,678
19,NORMA-28623,679
19,NORMA-21651,680
19,NORMA-27305,681
19,NORMA-3642,682
19,NORMA-25981,683
19,NORMA-28401,684
19,NORMA-26885,685
19,NORMA-19940,686
19,NORMA-23982,687
19,NORMA-7241,688
19,NORMA-22401,689
19,NORMA-21699,690
19,NORMA-27365,691
19,NORMA-25041,692
19,NORMA-27063,693
19,NORMA-27064,694
19,NORMA-13882,695
19,NORMA-23521,696
19,NORMA-27981,697
19,NORMA-19275,698
19,NORMA-26102,699
19,NORMA-27045,700
19,NORMA-27001,701
19,NORMA-20993,702
19,NORMA-28422,703
19,NORMA-28663,704
19,NORMA-20349,705
19,NORMA-27062,706
19,NORMA-29005,707
19,NORMA-27384,708
19,NORMA-18748,709
19,NORMA-19629,710
19,NORMA-28181,711
19,NORMA-27364,712
19,NORMA-20205,713
19,NORMA-19520,714
19,NORMA-19292,715
19,NORMA-23361,716
19,NORMA-28362,717
19,NORMA-25861,718
19,NORMA-27609,719
19,NORMA-27044,720
19,NORMA-20359,721
19,NORMA-27061,722
19,NORMA-17201,723
19,NORMA-20465,724
19,NORMA-26701,725
19,NORMA-20460,726
19,NORMA-11798,727
19,NORMA-11868,728
19,NORMA-21431,729
19,NORMA-15211,730
19,NORMA-12067,731
19,NORMA-20137,732
19,NORMA-30043,733
19,NORMA-27610,734
19,NORMA-21638,735
19,NORMA-21272,736
19,NORMA-20405,737
19,NORMA-20388,738
19,NORMA-20396,739
19,NORMA-20474,740
19,NORMA-25902,741
19,NORMA-21352,742
19,NORMA-20325,743
19,NORMA-20472,744
19,NORMA-20369,745
20,NORMA-21575,1
20,NORMA-13470,2
20,NORMA-27044,3
20,NORMA-20817,4
20,NORMA-12956,5
20,NORMA-18418,6
20,NORMA-14724,7
20,NORMA-12733,8
20,NORMA-6783,9
20,NORMA-21678,10
20,NORMA-9724,11
20,NORMA-21651,12
20,NORMA-7113,13
20,NORMA-7222,14
20,NORMA-8435,15
20,NORMA-6140,16
20,NORMA-7386,17
20,NORMA-21277,18
20,NORMA-7225,19
20,NORMA-21769,20
20,NORMA-20924,21
20,NORMA-18697,22
20,NORMA-13918,23
20,NORMA-21591,24
20,NORMA-21526,25
20,NORMA-18886,26
20,NORMA-19330,27
20,NORMA-19769,28
20,NORMA-19985,29
20,NORMA-3571,30
20,NORMA-21312,31
20,NORMA-7387,32
20,NORMA-20300,33
20,NORMA-6736,34
20,NORMA-21459,35
20,NORMA-21717,36
20,NORMA-3767,37
20,NORMA-11356,38
20,NORMA-12415,39
20,NORMA-12923,40
20,NORMA-13124,41
20,NORMA-8706,42
20,NORMA-21535,43
20,NORMA-13308,44
20,NORMA-4786,45
20,NORMA-309,46
20,NORMA-18562,47
20,NORMA-21173,48
20,NORMA-21278,49
20,NORMA-14746,50
20,NORMA-27364,51
20,NORMA-18474,52
20,NORMA-18729,53
20,NORMA-19733,54
20,NORMA-20138,55
20,NORMA-19942,56
20,NORMA-19727,57
20,NORMA-7250,58
20,NORMA-15339,59
20,NORMA-19027,60
20,NORMA-20705,61
20,NORMA-20885,62
20,NORMA-20863,63
20,NORMA-15211,64
20,NORMA-12067,65
20,NORMA-6448,66
20,NORMA-18381,67
20,NORMA-18699,68
20,NORMA-19039,69
20,NORMA-14937,70
20,NORMA-13158,71
20,NORMA-18903,72
20,NORMA-21776,73
20,NORMA-13469,74
20,NORMA-19459,75
20,NORMA-18769,76
20,NORMA-19080,77
20,NORMA-19078,78
20,NORMA-19553,79
20,NORMA-5421,80
20,NORMA-20599,81
20,NORMA-20943,82
20,NORMA-21185,83
20,NORMA-19351,84
20,NORMA-18335,85
20,NORMA-21131,86
20,NORMA-4710,87
20,NORMA-19629,88
20,NORMA-18269,89
20,NORMA-20963,90
20,NORMA-20818,91
20,NORMA-19798,92
20,NORMA-21065,93
20,NORMA-21585,94
20,NORMA-20432,95
20,NORMA-21554,96
20,NORMA-18221,97
20,NORMA-19704,98
20,NORMA-20028,99
20,NORMA-21000,100
20,NORMA-19407,101
20,NORMA-20073,102
20,NORMA-1613,103
20,NORMA-19580,104
20,NORMA-3503,105
20,NORMA-26841,106
20,NORMA-21264,107
20,NORMA-21250,108
20,NORMA-13746,109
20,NORMA-14828,110
20,NORMA-27365,111
20,NORMA-18456,112
20,NORMA-18748,113
20,NORMA-19245,114
20,NORMA-18989,115
20,NORMA-21279,116
20,NORMA-20841,117
20,NORMA-19011,118
20,NORMA-18702,119
20,NORMA-20983,120
20,NORMA-4396,121
20,NORMA-18451,122
20,NORMA-19030,123
20,NORMA-20190,124
20,NORMA-12613,125
20,NORMA-13789,126
20,NORMA-15396,127
20,NORMA-19422,128
20,NORMA-19329,129
20,NORMA-18284,130
20,NORMA-21716,131
20,NORMA-19503,132
20,NORMA-21140,133
20,NORMA-18280,134
20,NORMA-1407,135
20,NORMA-21408,136
20,NORMA-15581,137
20,NORMA-21026,138
20,NORMA-18327,139
20,NORMA-18405,140
20,NORMA-20601,141
20,NORMA-19809,142
20,NORMA-21788,143
20,NORMA-21791,144
20,NORMA-21149,145
20,NORMA-21630,146
20,NORMA-15253,147
20,NORMA-19391,148
20,NORMA-1999,149
20,NORMA-19408,150
20,NORMA-18605,151
20,NORMA-19571,152
20,NORMA-16202,153
20,NORMA-18313,154
20,NORMA-18254,155
20,NORMA-10255,156
20,NORMA-15167,157
20,NORMA-21617,158
20,NORMA-19972,159
20,NORMA-20234,160
20,NORMA-20605,161
20,NORMA-19180,162
20,NORMA-20713,163
20,NORMA-20582,164
20,NORMA-25941,165
20,NORMA-27761,166
20,NORMA-19516,167
20,NORMA-19204,168
20,NORMA-25141,169
20,NORMA-27081,170
20,NORMA-26421,171
20,NORMA-1718,172
20,NORMA-19425,173
20,NORMA-21187,174
20,NORMA-20712,175
20,NORMA-19411,176
20,NORMA-22401,177
20,NORMA-20709,178
20,NORMA-21206,179
20,NORMA-19144,180
20,NORMA-20936,181
20,NORMA-19303,182
20,NORMA-19457,183
20,NORMA-19350,184
20,NORMA-19452,185
20,NORMA-18429,186
20,NORMA-19953,187
20,NORMA-19139,188
20,NORMA-18372,189
20,NORMA-21587,190
20,NORMA-23543,191
20,NORMA-26041,192
20,NORMA-21177,193
20,NORMA-29655,194
20,NORMA-23761,195
20,NORMA-25841,196
20,NORMA-18385,197
20,NORMA-26563,198
20,NORMA-22921,199
20,NORMA-28043,200
20,NORMA-19253,201
20,NORMA-26565,202
20,NORMA-20023,203
20,NORMA-28583,204
20,NORMA-29008,205
20,NORMA-24341,206
20,NORMA-23181,207
20,NORMA-27942,208
20,NORMA-27584,209
20,NORMA-21623,210
20,NORMA-27201,211
20,NORMA-28461,212
20,NORMA-29184,213
20,NORMA-27202,214
20,NORMA-24221,215
20,NORMA-23081,216
20,NORMA-29861,217
20,NORMA-3577,218
20,NORMA-27181,219
20,NORMA-25204,220
20,NORMA-5360,221
20,NORMA-29621,222
20,NORMA-29185,223
20,NORMA-23841,224
20,NORMA-27688,225
20,NORMA-26564,226
20,NORMA-25524,227
20,NORMA-25203,228
20,NORMA-23621,229
20,NORMA-25262,230
20,NORMA-27021,231
20,NORMA-29023,232
20,NORMA-27901,233
20,NORMA-27605,234
20,NORMA-26886,235
20,NORMA-10116,236
20,NORMA-28581,237
20,NORMA-27421,238
20,NORMA-25205,239
20,NORMA-20291,240
20,NORMA-20912,241
20,NORMA-11085,242
20,NORMA-8205,243
20,NORMA-19607,244
20,NORMA-27623,245
20,NORMA-19864,246
20,NORMA-18750,247
20,NORMA-5496,248
20,NORMA-14294,249
20,NORMA-20034,250
20,NORMA-18953,251
20,NORMA-20501,252
20,NORMA-18774,253
20,NORMA-13797,254
20,NORMA-20369,255
20,NORMA-23862,256
20,NORMA-20742,257
20,NORMA-20572,258
20,NORMA-13476,259
20,NORMA-19429,260
20,NORMA-20959,261
20,NORMA-18243,262
20,NORMA-21669,263
20,NORMA-19618,264
20,NORMA-18266,265
20,NORMA-7416,266
20,NORMA-18444,267
20,NORMA-20277,268
20,NORMA-18548,269
20,NORMA-20157,270
20,NORMA-20753,271
20,NORMA-20569,272
20,NORMA-20249,273
20,NORMA-20240,274
20,NORMA-21241,275
20,NORMA-21663,276
20,NORMA-21710,277
20,NORMA-21217,278
20,NORMA-19977,279
20,NORMA-20426,280
20,NORMA-19722,281
20,NORMA-19021,282
20,NORMA-23341,283
20,NORMA-19574,284
20,NORMA-20065,285
20,NORMA-18952,286
20,NORMA-7381,287
20,NORMA-19081,288
20,NORMA-19583,289
20,NORMA-20056,290
20,NORMA-16446,291
20,NORMA-16445,292
20,NORMA-19006,293
20,NORMA-21160,294
20,NORMA-21544,295
20,NORMA-19090,296
20,NORMA-21418,297
20,NORMA-20298,298
20,NORMA-19902,299
20,NORMA-14967,300
20,NORMA-20876,301
20,NORMA-18900,302
20,NORMA-18939,303
20,NORMA-19961,304
20,NORMA-29841,305
20,NORMA-19919,306
20,NORMA-5792,307
20,NORMA-21200,308
20,NORMA-18654,309
20,NORMA-11443,310
20,NORMA-20921,311
20,NORMA-21496,312
20,NORMA-20263,313
20,NORMA-19232,314
20,NORMA-20702,315
20,NORMA-20037,316
20,NORMA-20284,317
20,NORMA-20255,318
20,NORMA-21178,319
20,NORMA-28601,320
20,NORMA-21666,321
20,NORMA-21773,322
20,NORMA-20250,323
20,NORMA-21562,324
20,NORMA-20729,325
20,NORMA-8027,326
20,NORMA-20907,327
20,NORMA-19755,328
20,NORMA-18365,329
20,NORMA-19570,330
20,NORMA-9557,331
20,NORMA-21274,332
20,NORMA-18593,333
20,NORMA-20167,334
20,NORMA-20846,335
20,NORMA-21242,336
20,NORMA-19600,337
20,NORMA-21570,338
20,NORMA-20602,339
20,NORMA-19454,340
20,NORMA-18940,341
20,NORMA-20791,342
20,NORMA-20098,343
20,NORMA-21780,344
20,NORMA-21151,345
20,NORMA-7384,346
20,NORMA-18587,347
20,NORMA-18469,348
20,NORMA-18470,349
20,NORMA-19025,350
20,NORMA-19023,351
20,NORMA-18908,352
20,NORMA-18586,353
20,NORMA-18714,354
20,NORMA-18712,355
20,NORMA-18468,356
20,NORMA-19609,357
20,NORMA-18300,358
20,NORMA-27701,359
20,NORMA-21005,360
20,NORMA-11523,361
20,NORMA-24881,362
20,NORMA-24823,363
20,NORMA-24842,364
20,NORMA-19770,365
20,NORMA-24841,366
20,NORMA-5217,367
20,NORMA-20060,368
20,NORMA-19565,369
20,NORMA-19505,370
20,NORMA-21012,371
20,NORMA-20622,372
20,NORMA-18988,373
20,NORMA-20180,374
20,NORMA-15350,375
20,NORMA-18557,376
20,NORMA-18246,377
20,NORMA-21036,378
20,NORMA-21762,379
20,NORMA-21683,380
20,NORMA-19256,381
20,NORMA-11729,382
20,NORMA-21684,383
20,NORMA-20219,384
20,NORMA-20164,385
20,NORMA-14390,386
20,NORMA-19794,387
20,NORMA-19518,388
20,NORMA-20302,389
20,NORMA-20524,390
20,NORMA-20871,391
20,NORMA-3918,392
20,NORMA-13545,393
20,NORMA-19249,394
20,NORMA-18809,395
20,NORMA-8931,396
20,NORMA-11454,397
20,NORMA-5956,398
20,NORMA-10267,399
20,NORMA-18937,400
20,NORMA-20381,401
20,NORMA-5100,402
20,NORMA-19793,403
20,NORMA-16941,404
20,NORMA-18931,405
20,NORMA-20476,406
20,NORMA-658,407
20,NORMA-7466,408
20,NORMA-4972,409
20,NORMA-20488,410
20,NORMA-20649,411
20,NORMA-20096,412
20,NORMA-19808,413
20,NORMA-21208,414
20,NORMA-20790,415
20,NORMA-18929,416
20,NORMA-7798,417
20,NORMA-981,418
20,NORMA-21086,419
20,NORMA-18286,420
20,NORMA-19426,421
20,NORMA-6050,422
20,NORMA-2126,423
20,NORMA-4747,424
20,NORMA-19593,425
20,NORMA-7970,426
20,NORMA-19155,427
20,NORMA-18502,428
20,NORMA-20468,429
20,NORMA-20949,430
20,NORMA-6063,431
20,NORMA-18927,432
20,NORMA-20616,433
20,NORMA-11417,434
20,NORMA-21599,435
20,NORMA-19980,436
20,NORMA-20505,437
20,NORMA-20091,438
20,NORMA-19442,439
20,NORMA-20304,440
20,NORMA-21420,441
20,NORMA-8298,442
20,NORMA-21262,443
20,NORMA-15239,444
20,NORMA-18278,445
20,NORMA-21107,446
20,NORMA-21729,447
20,NORMA-20366,448
20,NORMA-21446,449
20,NORMA-20503,450
20,NORMA-21063,451
20,NORMA-11314,452
20,NORMA-20134,453
20,NORMA-18942,454
20,NORMA-8463,455
20,NORMA-8739,456
20,NORMA-20473,457
20,NORMA-5536,458
20,NORMA-20465,459
20,NORMA-5293,460
20,NORMA-20603,461
20,NORMA-7058,462
20,NORMA-18302,463
20,NORMA-19939,464
20,NORMA-21581,465
20,NORMA-6199,466
20,NORMA-21382,467
20,NORMA-21468,468
20,NORMA-21317,469
20,NORMA-20460,470
20,NORMA-31923,471
20,NORMA-21403,472
20,NORMA-6509,473
20,NORMA-9720,474
20,NORMA-21690,475
20,NORMA-7651,476
20,NORMA-21645,477
20,NORMA-4818,478
20,NORMA-20592,479
20,NORMA-4091,480
20,NORMA-7601,481
20,NORMA-20438,482
20,NORMA-21144,483
20,NORMA-9979,484
20,NORMA-4711,485
20,NORMA-21337,486
20,NORMA-4075,487
20,NORMA-19991,488
20,NORMA-19904,489
20,NORMA-19202,490
20,NORMA-705,491
20,NORMA-20245,492
20,NORMA-18560,493
20,NORMA-9823,494
20,NORMA-21041,495
20,NORMA-2461,496
20,NORMA-19136,497
20,NORMA-10860,498
20,NORMA-19160,499
20,NORMA-28841,500
20,NORMA-19441,501
20,NORMA-2568,502
20,NORMA-20506,503
20,NORMA-19138,504
20,NORMA-18742,505
20,NORMA-21073,506
20,NORMA-24742,507
20,NORMA-19197,508
20,NORMA-20970,509
20,NORMA-20512,510
20,NORMA-19870,511
20,NORMA-20359,512
20,NORMA-18831,513
20,NORMA-12353,514
20,NORMA-4275,515
20,NORMA-20474,516
20,NORMA-18936,517
20,NORMA-21693,518
20,NORMA-20578,519
20,NORMA-18683,520
20,NORMA-21751,521
20,NORMA-634,522
20,NORMA-20565,523
20,NORMA-21795,524
20,NORMA-19608,525
20,NORMA-20198,526
20,NORMA-20828,527
20,NORMA-21321,528
20,NORMA-19981,529
20,NORMA-20246,530
20,NORMA-7366,531
20,NORMA-8670,532
20,NORMA-21113,533
20,NORMA-19582,534
20,NORMA-18207,535
20,NORMA-20428,536
20,NORMA-18545,537
20,NORMA-12657,538
20,NORMA-23981,539
20,NORMA-20950,540
20,NORMA-25541,541
20,NORMA-7110,542
20,NORMA-8328,543
20,NORMA-25902,544
20,NORMA-20349,545
20,NORMA-13273,546
20,NORMA-462,547
20,NORMA-19221,548
20,NORMA-21327,549
20,NORMA-21605,550
20,NORMA-21750,551
20,NORMA-21410,552
20,NORMA-21211,553
20,NORMA-18479,554
20,NORMA-19617,555
20,NORMA-21608,556
20,NORMA-20482,557
20,NORMA-21472,558
20,NORMA-21619,559
20,NORMA-21491,560
20,NORMA-20218,561
20,NORMA-21415,562
20,NORMA-3181,563
20,NORMA-22723,564
20,NORMA-21631,565
20,NORMA-20780,566
20,NORMA-21523,567
20,NORMA-21624,568
20,NORMA-20316,569
20,NORMA-20403,570
20,NORMA-21537,571
20,NORMA-21787,572
20,NORMA-20631,573
20,NORMA-19729,574
20,NORMA-20480,575
20,NORMA-19715,576
20,NORMA-1567,577
20,NORMA-21705,578
20,NORMA-21755,579
20,NORMA-6948,580
20,NORMA-18648,581
20,NORMA-21437,582
20,NORMA-20398,583
20,NORMA-20422,584
20,NORMA-8028,585
20,NORMA-20407,586
20,NORMA-19631,587
20,NORMA-18730,588
20,NORMA-20389,589
20,NORMA-18445,590
20,NORMA-19573,591
20,NORMA-21756,592
20,NORMA-21519,593
20,NORMA-20487,594
20,NORMA-21650,595
20,NORMA-20490,596
20,NORMA-18709,597
20,NORMA-21224,598
20,NORMA-21553,599
20,NORMA-21367,600
20,NORMA-20374,601
20,NORMA-20382,602
20,NORMA-19181,603
20,NORMA-18430,604
20,NORMA-20989,605
20,NORMA-21783,606
20,NORMA-21236,607
20,NORMA-20376,608
20,NORMA-21419,609
20,NORMA-20087,610
20,NORMA-20928,611
20,NORMA-33288,612
20,NORMA-33308,613
20,NORMA-14459,614
20,NORMA-9893,615
20,NORMA-7241,616
20,NORMA-6698,617
20,NORMA-6636,618
20,NORMA-6669,619
20,NORMA-21638,620
20,NORMA-3642,621
20,NORMA-7525,622
20,NORMA-3638,623
20,NORMA-27610,624
20,NORMA-18211,625
20,NORMA-19957,626
20,NORMA-19857,627
20,NORMA-21402,628
20,NORMA-21676,629
20,NORMA-10931,630
20,NORMA-21269,631
20,NORMA-19606,632
20,NORMA-21286,633
20,NORMA-14661,634
20,NORMA-14463,635
20,NORMA-21344,636
20,NORMA-19177,637
20,NORMA-6644,638
20,NORMA-6321,639
20,NORMA-13229,640
20,NORMA-6257,641
20,NORMA-13519,642
20,NORMA-4500,643
20,NORMA-21413,644
20,NORMA-20762,645
20,NORMA-14587,646
20,NORMA-4792,647
20,NORMA-20730,648
20,NORMA-15134,649
20,NORMA-6958,650
20,NORMA-6505,651
20,NORMA-6521,652
20,NORMA-4631,653
20,NORMA-15027,654
20,NORMA-5381,655
20,NORMA-13903,656
20,NORMA-11505,657
20,NORMA-14974,658
20,NORMA-19932,659
20,NORMA-23027,660
20,NORMA-27608,661
20,NORMA-14279,662
20,NORMA-14113,663
20,NORMA-4634,664
20,NORMA-14345,665
20,NORMA-9835,666
20,NORMA-6291,667
20,NORMA-22561,668
20,NORMA-21609,669
20,NORMA-13995,670
20,NORMA-11901,671
20,NORMA-8575,672
20,NORMA-24102,673
20,NORMA-13345,674
20,NORMA-3735,675
20,NORMA-6851,676
20,NORMA-14850,677
20,NORMA-22001,678
20,NORMA-18835,679
20,NORMA-14688,680
20,NORMA-23361,681
20,NORMA-27609,682
20,NORMA-20235,683
20,NORMA-19605,684
20,NORMA-17281,685
20,NORMA-6318,686
20,NORMA-6185,687
20,NORMA-15229,688
20,NORMA-18528,689
20,NORMA-9382,690
20,NORMA-13402,691
20,NORMA-19937,692
20,NORMA-18781,693
20,NORMA-20704,694
20,NORMA-25964,695
20,NORMA-11292,696
20,NORMA-6881,697
20,NORMA-21361,698
20,NORMA-6701,699
20,NORMA-19437,700
20,NORMA-6621,701
20,NORMA-18962,702
20,NORMA-19124,703
20,NORMA-6643,704
20,NORMA-18668,705
20,NORMA-9834,706
20,NORMA-9481,707
20,NORMA-10347,708
20,NORMA-19223,709
20,NORMA-12490,710
20,NORMA-18682,711
20,NORMA-10745,712
20,NORMA-10590,713
20,NORMA-10534,714
20,NORMA-18574,715
20,NORMA-18653,716
20,NORMA-21515,717
20,NORMA-6962,718
20,NORMA-21417,719
20,NORMA-7390,720
20,NORMA-21390,721
20,NORMA-27061,722
20,NORMA-21659,723
20,NORMA-19240,724
20,NORMA-4817,725
20,NORMA-19192,726
20,NORMA-20222,727
20,NORMA-19746,728
20,NORMA-21509,729
20,NORMA-27550,730
20,NORMA-19003,731
20,NORMA-6679,732
20,NORMA-6488,733
20,NORMA-14744,734
20,NORMA-10708,735
20,NORMA-19017,736
20,NORMA-20985,737
20,NORMA-6645,738
20,NORMA-12437,739
20,NORMA-19691,740
20,NORMA-19526,741
20,NORMA-13514,742
20,NORMA-10118,743
20,NORMA-15237,744
20,NORMA-27687,745
20,NORMA-6753,746
20,NORMA-19969,747
20,NORMA-28802,748
20,NORMA-21477,749
20,NORMA-21606,750
20,NORMA-21649,751
20,NORMA-7021,752
20,NORMA-6082,753
20,NORMA-12910,754
20,NORMA-3810,755
20,NORMA-20922,756
20,NORMA-11605,757
20,NORMA-9681,758
20,NORMA-15921,759
20,NORMA-14239,760
20,NORMA-15427,761
20,NORMA-20086,762
20,NORMA-11469,763
20,NORMA-15465,764
20,NORMA-8515,765
20,NORMA-19622,766
20,NORMA-21564,767
20,NORMA-6955,768
20,NORMA-18420,769
20,NORMA-20581,770
20,NORMA-15028,771
20,NORMA-21276,772
20,NORMA-21132,773
20,NORMA-1573,774
20,NORMA-18691,775
20,NORMA-13323,776
20,NORMA-9067,777
20,NORMA-27022,778
20,NORMA-11763,779
20,NORMA-18999,780
20,NORMA-6268,781
20,NORMA-21122,782
20,NORMA-4520,783
20,NORMA-18529,784
20,NORMA-20845,785
20,NORMA-12029,786
20,NORMA-11655,787
20,NORMA-8814,788
20,NORMA-6673,789
20,NORMA-5905,790
20,NORMA-21404,791
20,NORMA-6595,792
20,NORMA-3748,793
20,NORMA-20945,794
20,NORMA-19431,795
20,NORMA-21409,796
20,NORMA-5299,797
20,NORMA-6954,798
20,NORMA-11609,799
20,NORMA-29005,800
20,NORMA-20443,801
20,NORMA-12911,802
20,NORMA-15901,803
20,NORMA-21205,804
20,NORMA-18912,805
20,NORMA-6655,806
20,NORMA-18772,807
20,NORMA-15802,808
20,NORMA-18339,809
20,NORMA-18276,810
20,NORMA-11764,811
20,NORMA-18722,812
20,NORMA-11479,813
20,NORMA-10219,814
20,NORMA-6670,815
20,NORMA-11814,816
20,NORMA-20990,817
20,NORMA-19925,818
20,NORMA-19744,819
20,NORMA-20058,820
20,NORMA-21547,821
20,NORMA-12060,822
20,NORMA-9779,823
20,NORMA-18862,824
20,NORMA-20731,825
20,NORMA-7838,826
20,NORMA-19643,827
20,NORMA-20055,828
20,NORMA-27221,829
20,NORMA-12066,830
20,NORMA-18432,831
20,NORMA-4984,832
20,NORMA-19645,833
20,NORMA-20221,834
20,NORMA-19979,835
20,NORMA-19844,836
20,NORMA-20626,837
20,NORMA-18391,838
20,NORMA-6253,839
20,NORMA-4780,840
20,NORMA-10034,841
20,NORMA-20288,842
20,NORMA-19444,843
20,NORMA-5141,844
20,NORMA-13056,845
20,NORMA-12900,846
20,NORMA-12901,847
20,NORMA-20217,848
20,NORMA-20887,849
20,NORMA-20692,850
20,NORMA-18314,851
20,NORMA-14501,852
20,NORMA-14508,853
20,NORMA-20278,854
20,NORMA-12965,855
20,NORMA-18435,856
20,NORMA-18839,857
20,NORMA-20703,858
20,NORMA-12039,859
20,NORMA-19667,860
20,NORMA-20108,861
20,NORMA-18439,862
20,NORMA-6685,863
20,NORMA-923,864
20,NORMA-11731,865
20,NORMA-20135,866
20,NORMA-20561,867
20,NORMA-18225,868
20,NORMA-20139,869
20,NORMA-4732,870
20,NORMA-19895,871
20,NORMA-22862,872
20,NORMA-12102,873
20,NORMA-27564,874
20,NORMA-20901,875
20,NORMA-6702,876
20,NORMA-20285,877
20,NORMA-20102,878
20,NORMA-11607,879
20,NORMA-18796,880
20,NORMA-12649,881
20,NORMA-13594,882
20,NORMA-21141,883
20,NORMA-14302,884
20,NORMA-4942,885
20,NORMA-20129,886
20,NORMA-18997,887
20,NORMA-14652,888
20,NORMA-6184,889
20,NORMA-8823,890
20,NORMA-20737,891
20,NORMA-13174,892
20,NORMA-20577,893
20,NORMA-20295,894
20,NORMA-21170,895
20,NORMA-6677,896
20,NORMA-21363,897
20,NORMA-20883,898
20,NORMA-20880,899
20,NORMA-18531,900
20,NORMA-6249,901
20,NORMA-18906,902
20,NORMA-19515,903
20,NORMA-8570,904
20,NORMA-5014,905
20,NORMA-20707,906
20,NORMA-5707,907
20,NORMA-21114,908
20,NORMA-9888,909
20,NORMA-21203,910
20,NORMA-6895,911
20,NORMA-20888,912
20,NORMA-21637,913
20,NORMA-20915,914
20,NORMA-10234,915
20,NORMA-20902,916
20,NORMA-4219,917
20,NORMA-21352,918
20,NORMA-11601,919
20,NORMA-21150,920
20,NORMA-19699,921
20,NORMA-14703,922
20,NORMA-5465,923
20,NORMA-18239,924
20,NORMA-19757,925
20,NORMA-20632,926
20,NORMA-8191,927
20,NORMA-7149,928
20,NORMA-21255,929
20,NORMA-9831,930
20,NORMA-7449,931
20,NORMA-20879,932
20,NORMA-18767,933
20,NORMA-14985,934
20,NORMA-18673,935
20,NORMA-12631,936
20,NORMA-10890,937
20,NORMA-13990,938
20,NORMA-18303,939
20,NORMA-19542,940
20,NORMA-28361,941
20,NORMA-8522,942
20,NORMA-21389,943
20,NORMA-19183,944
20,NORMA-21497,945
20,NORMA-19061,946
20,NORMA-18386,947
20,NORMA-10490,948
20,NORMA-20269,949
20,NORMA-7208,950
20,NORMA-11882,951
20,NORMA-13552,952
20,NORMA-19578,953
20,NORMA-19387,954
20,NORMA-20802,955
20,NORMA-13397,956
20,NORMA-13772,957
20,NORMA-8392,958
20,NORMA-5028,959
20,NORMA-20727,960
20,NORMA-25201,961
20,NORMA-16481,962
20,NORMA-14059,963
20,NORMA-21283,964
20,NORMA-9248,965
20,NORMA-20297,966
20,NORMA-19110,967
20,NORMA-7326,968
20,NORMA-20706,969
20,NORMA-7351,970
20,NORMA-27449,971
20,NORMA-13029,972
20,NORMA-10878,973
20,NORMA-9147,974
20,NORMA-11300,975
20,NORMA-6758,976
20,NORMA-20643,977
20,NORMA-6720,978
20,NORMA-4277,979
20,NORMA-9785,980
20,NORMA-8163,981
20,NORMA-14498,982
20,NORMA-6083,983
20,NORMA-19278,984
20,NORMA-4909,985
20,NORMA-10821,986
20,NORMA-1485,987
20,NORMA-1365,988
20,NORMA-6676,989
20,NORMA-3632,990
20,NORMA-9595,991
20,NORMA-6949,992
20,NORMA-2184,993
20,NORMA-18884,994
20,NORMA-19773,995
20,NORMA-20999,996
20,NORMA-18219,997
20,NORMA-21029,998
20,NORMA-15662,999
20,NORMA-18401,1000
21,NORMA-21676,1
21,NORMA-21659,2
21,NORMA-19643,3
21,NORMA-19017,4
21,NORMA-21254,5
21,NORMA-24582,6
21,NORMA-21367,7
21,NORMA-19152,8
21,NORMA-2047,9
21,NORMA-21626,10
21,NORMA-19096,11
21,NORMA-21550,12
21,NORMA-2249,13
21,NORMA-21628,14
21,NORMA-21209,15
21,NORMA-26701,16
21,NORMA-12246,17
21,NORMA-19256,18
21,NORMA-2043,19
21,NORMA-19381,20
21,NORMA-19472,21
21,NORMA-21341,22
21,NORMA-18966,23
21,NORMA-21451,24
21,NORMA-21506,25
21,NORMA-21611,26
21,NORMA-26841,27
21,NORMA-19062,28
21,NORMA-21305,29
21,NORMA-22561,30
21,NORMA-21028,31
21,NORMA-21739,32
21,NORMA-21413,33
21,NORMA-21387,34
21,NORMA-21328,35
21,NORMA-2269,36
21,NORMA-19387,37
21,NORMA-6253,38
21,NORMA-18479,39
21,NORMA-17201,40
21,NORMA-21351,41
21,NORMA-13298,42
21,NORMA-21673,43
21,NORMA-19690,44
21,NORMA-21493,45
21,NORMA-18599,46
21,NORMA-21658,47
21,NORMA-18762,48
21,NORMA-19522,49
21,NORMA-19521,50
21,NORMA-21507,51
21,NORMA-18796,52
21,NORMA-21631,53
21,NORMA-18750,54
21,NORMA-11766,55
21,NORMA-11571,56
21,NORMA-20906,57
21,NORMA-21756,58
21,NORMA-21725,59
21,NORMA-20108,60
21,NORMA-20912,61
21,NORMA-19578,62
21,NORMA-18536,63
21,NORMA-21211,64
21,NORMA-28281,65
21,NORMA-18780,66
21,NORMA-21114,67
21,NORMA-19605,68
21,NORMA-19456,69
21,NORMA-21434,70
21,NORMA-3503,71
21,NORMA-6316,72
21,NORMA-6181,73
21,NORMA-6630,74
21,NORMA-21553,75
21,NORMA-6967,76
21,NORMA-21484,77
21,NORMA-462,78
21,NORMA-20134,79
21,NORMA-20056,80
21,NORMA-19939,81
21,NORMA-21608,82
21,NORMA-4830,83
21,NORMA-4746,84
21,NORMA-25201,85
21,NORMA-20902,86
21,NORMA-21253,87
21,NORMA-19485,88
21,NORMA-21224,89
21,NORMA-19138,90
21,NORMA-4909,91
21,NORMA-18748,92
21,NORMA-28181,93
21,NORMA-6948,94
21,NORMA-8028,95
21,NORMA-10375,96
21,NORMA-10629,97
21,NORMA-19021,98
21,NORMA-21606,99
21,NORMA-21461,100
21,NORMA-19081,101
21,NORMA-12165,102
21,NORMA-21236,103
21,NORMA-19431,104
21,NORMA-18654,105
21,NORMA-21419,106
21,NORMA-19181,107
21,NORMA-21521,108
21,NORMA-27761,109
21,NORMA-9391,110
21,NORMA-4817,111
21,NORMA-19573,112
21,NORMA-9526,113
21,NORMA-9082,114
21,NORMA-12327,115
21,NORMA-10490,116
21,NORMA-12291,117
21,NORMA-21131,118
21,NORMA-11082,119
21,NORMA-8381,120
21,NORMA-8896,121
21,NORMA-8823,122
21,NORMA-12317,123
21,NORMA-10559,124
21,NORMA-5363,125
21,NORMA-8463,126
21,NORMA-11750,127
21,NORMA-7917,128
21,NORMA-5131,129
21,NORMA-7041,130
21,NORMA-3632,131
21,NORMA-5478,132
21,NORMA-4801,133
21,NORMA-8902,134
21,NORMA-11989,135
21,NORMA-8007,136
21,NORMA-9432,137
21,NORMA-6443,138
21,NORMA-11161,139
21,NORMA-8163,140
21,NORMA-11314,141
21,NORMA-13273,142
21,NORMA-8220,143
21,NORMA-12928,144
21,NORMA-9898,145
21,NORMA-9451,146
21,NORMA-8885,147
21,NORMA-10234,148
21,NORMA-6270,149
21,NORMA-13295,150
21,NORMA-8154,151
21,NORMA-14901,152
21,NORMA-8654,153
21,NORMA-10273,154
21,NORMA-6050,155
21,NORMA-5558,156
21,NORMA-13074,157
21,NORMA-21210,158
21,NORMA-8428,159
21,NORMA-7208,160
21,NORMA-7130,161
21,NORMA-5843,162
21,NORMA-7679,163
21,NORMA-3738,164
21,NORMA-21552,165
21,NORMA-10817,166
21,NORMA-11391,167
21,NORMA-13855,168
21,NORMA-13973,169
21,NORMA-13397,170
21,NORMA-8135,171
21,NORMA-4112,172
21,NORMA-13881,173
21,NORMA-10767,174
21,NORMA-10450,175
21,NORMA-12152,176
21,NORMA-10424,177
21,NORMA-10442,178
21,NORMA-12566,179
21,NORMA-5364,180
21,NORMA-10921,181
21,NORMA-14240,182
21,NORMA-15005,183
21,NORMA-7370,184
21,NORMA-5729,185
21,NORMA-3467,186
21,NORMA-8665,187
21,NORMA-7991,188
21,NORMA-4929,189
21,NORMA-10795,190
21,NORMA-7986,191
21,NORMA-10279,192
21,NORMA-14217,193
21,NORMA-7035,194
21,NORMA-4604,195
21,NORMA-7809,196
21,NORMA-8739,197
21,NORMA-8304,198
21,NORMA-10734,199
21,NORMA-10943,200
21,NORMA-7768,201
21,NORMA-9577,202
21,NORMA-12387,203
21,NORMA-12395,204
21,NORMA-21223,205
21,NORMA-5956,206
21,NORMA-3462,207
21,NORMA-8019,208
21,NORMA-12989,209
21,NORMA-10337,210
21,NORMA-12722,211
21,NORMA-9557,212
21,NORMA-8697,213
21,NORMA-11258,214
21,NORMA-14059,215
21,NORMA-11590,216
21,NORMA-4010,217
21,NORMA-8339,218
21,NORMA-11649,219
21,NORMA-12393,220
21,NORMA-9220,221
21,NORMA-8298,222
21,NORMA-13363,223
21,NORMA-5028,224
21,NORMA-7603,225
21,NORMA-8943,226
21,NORMA-6066,227
21,NORMA-7449,228
21,NORMA-6336,229
21,NORMA-4095,230
21,NORMA-10877,231
21,NORMA-4352,232
21,NORMA-12195,233
21,NORMA-11639,234
21,NORMA-4714,235
21,NORMA-7988,236
21,NORMA-7892,237
21,NORMA-8861,238
21,NORMA-7358,239
21,NORMA-3480,240
21,NORMA-13902,241
21,NORMA-11021,242
21,NORMA-7703,243
21,NORMA-7416,244
21,NORMA-8009,245
21,NORMA-8507,246
21,NORMA-8066,247
21,NORMA-4565,248
21,NORMA-10301,249
21,NORMA-19734,250
21,NORMA-7433,251
21,NORMA-5897,252
21,NORMA-11826,253
21,NORMA-5014,254
21,NORMA-4956,255
21,NORMA-9336,256
21,NORMA-10653,257
21,NORMA-6120,258
21,NORMA-5823,259
21,NORMA-7213,260
21,NORMA-8827,261
21,NORMA-5982,262
21,NORMA-9367,263
21,NORMA-3918,264
21,NORMA-10622,265
21,NORMA-3582,266
21,NORMA-3506,267
21,NORMA-8937,268
21,NORMA-8860,269
21,NORMA-3846,270
21,NORMA-13834,271
21,NORMA-8037,272
21,NORMA-4826,273
21,NORMA-10794,274
21,NORMA-8191,275
21,NORMA-7042,276
21,NORMA-4868,277
21,NORMA-11047,278
21,NORMA-4827,279
21,NORMA-6453,280
21,NORMA-10135,281
21,NORMA-11971,282
21,NORMA-5394,283
21,NORMA-9343,284
21,NORMA-3804,285
21,NORMA-7771,286
21,NORMA-8570,287
21,NORMA-9253,288
21,NORMA-15234,289
21,NORMA-10253,290
21,NORMA-6273,291
21,NORMA-9588,292
21,NORMA-5976,293
21,NORMA-4393,294
21,NORMA-11365,295
21,NORMA-11374,296
21,NORMA-3850,297
21,NORMA-12428,298
21,NORMA-15133,299
21,NORMA-9619,300
21,NORMA-8420,301
21,NORMA-5798,302
21,NORMA-12750,303
21,NORMA-4390,304
21,NORMA-7710,305
21,NORMA-4958,306
21,NORMA-3987,307
21,NORMA-8676,308
21,NORMA-6482,309
21,NORMA-8866,310
21,NORMA-11115,311
21,NORMA-4079,312
21,NORMA-5393,313
21,NORMA-8074,314
21,NORMA-13399,315
21,NORMA-10240,316
21,NORMA-8171,317
21,NORMA-11133,318
21,NORMA-4863,319
21,NORMA-8118,320
21,NORMA-14944,321
21,NORMA-5181,322
21,NORMA-7975,323
21,NORMA-8258,324
21,NORMA-8075,325
21,NORMA-9625,326
21,NORMA-13558,327
21,NORMA-3674,328
21,NORMA-8010,329
21,NORMA-5019,330
21,NORMA-3882,331
21,NORMA-7058,332
21,NORMA-8164,333
21,NORMA-4061,334
21,NORMA-8687,335
21,NORMA-7836,336
21,NORMA-6263,337
21,NORMA-3787,338
21,NORMA-11623,339
21,NORMA-4974,340
21,NORMA-10397,341
21,NORMA-8951,342
21,NORMA-8147,343
21,NORMA-8190,344
21,NORMA-4478,345
21,NORMA-8563,346
21,NORMA-8683,347
21,NORMA-8685,348
21,NORMA-7709,349
21,NORMA-21002,350
21,NORMA-6339,351
21,NORMA-8829,352
21,NORMA-5031,353
21,NORMA-5060,354
21,NORMA-20432,355
21,NORMA-5938,356
21,NORMA-7729,357
21,NORMA-10632,358
21,NORMA-10385,359
21,NORMA-4146,360
21,NORMA-4991,361
21,NORMA-8416,362
21,NORMA-6458,363
21,NORMA-3569,364
21,NORMA-8235,365
21,NORMA-7439,366
21,NORMA-5235,367
21,NORMA-10854,368
21,NORMA-8310,369
21,NORMA-4120,370
21,NORMA-7659,371
21,NORMA-10867,372
21,NORMA-3559,373
21,NORMA-4305,374
21,NORMA-8738,375
21,NORMA-7762,376
21,NORMA-13270,377
21,NORMA-9881,378
21,NORMA-3539,379
21,NORMA-9812,380
21,NORMA-12210,381
21,NORMA-9763,382
21,NORMA-4325,383
21,NORMA-4060,384
21,NORMA-4780,385
21,NORMA-7970,386
21,NORMA-8178,387
21,NORMA-4768,388
21,NORMA-6063,389
21,NORMA-5921,390
21,NORMA-10066,391
21,NORMA-7051,392
21,NORMA-5160,393
21,NORMA-4847,394
21,NORMA-5023,395
21,NORMA-5753,396
21,NORMA-5378,397
21,NORMA-5331,398
21,NORMA-7045,399
21,NORMA-8173,400
21,NORMA-4633,401
21,NORMA-10023,402
21,NORMA-10567,403
21,NORMA-8418,404
21,NORMA-18709,405
21,NORMA-5329,406
21,NORMA-4610,407
21,NORMA-6494,408
21,NORMA-14428,409
21,NORMA-3538,410
21,NORMA-4811,411
21,NORMA-11595,412
21,NORMA-4748,413
21,NORMA-4068,414
21,NORMA-5924,415
21,NORMA-4655,416
21,NORMA-5123,417
21,NORMA-7822,418
21,NORMA-10543,419
21,NORMA-4537,420
21,NORMA-4609,421
21,NORMA-5169,422
21,NORMA-8168,423
21,NORMA-8576,424
21,NORMA-7426,425
21,NORMA-13048,426
21,NORMA-10652,427
21,NORMA-3806,428
21,NORMA-5139,429
21,NORMA-7858,430
21,NORMA-4707,431
21,NORMA-3974,432
21,NORMA-4861,433
21,NORMA-7138,434
21,NORMA-4356,435
21,NORMA-10743,436
21,NORMA-5600,437
21,NORMA-9256,438
21,NORMA-7726,439
21,NORMA-7656,440
21,NORMA-5776,441
21,NORMA-5707,442
21,NORMA-8255,443
21,NORMA-5383,444
21,NORMA-4011,445
21,NORMA-10900,446
21,NORMA-8233,447
21,NORMA-7658,448
21,NORMA-7127,449
21,NORMA-7652,450
21,NORMA-7126,451
21,NORMA-7736,452
21,NORMA-8320,453
21,NORMA-7040,454
21,NORMA-8240,455
21,NORMA-5358,456
21,NORMA-7990,457
21,NORMA-5995,458
21,NORMA-7744,459
21,NORMA-10433,460
21,NORMA-10400,461
21,NORMA-5100,462
21,NORMA-9136,463
21,NORMA-4606,464
21,NORMA-8695,465
21,NORMA-5593,466
21,NORMA-11677,467
21,NORMA-8826,468
21,NORMA-3693,469
21,NORMA-5465,470
21,NORMA-5056,471
21,NORMA-8502,472
21,NORMA-7829,473
21,NORMA-7106,474
21,NORMA-7830,475
21,NORMA-6561,476
21,NORMA-5817,477
21,NORMA-8819,478
21,NORMA-5072,479
21,NORMA-10549,480
21,NORMA-8011,481
21,NORMA-9251,482
21,NORMA-10224,483
21,NORMA-4889,484
21,NORMA-13672,485
21,NORMA-7366,486
21,NORMA-7765,487
21,NORMA-5867,488
21,NORMA-8032,489
21,NORMA-3937,490
21,NORMA-8387,491
21,NORMA-4732,492
21,NORMA-8313,493
21,NORMA-7604,494
21,NORMA-8039,495
21,NORMA-4873,496
21,NORMA-3563,497
21,NORMA-5282,498
21,NORMA-7971,499
21,NORMA-3997,500
21,NORMA-8404,501
21,NORMA-5733,502
21,NORMA-8686,503
21,NORMA-7722,504
21,NORMA-14928,505
21,NORMA-11402,506
21,NORMA-8920,507
21,NORMA-4774,508
21,NORMA-10160,509
21,NORMA-7122,510
21,NORMA-12275,511
21,NORMA-3841,512
21,NORMA-7714,513
21,NORMA-12053,514
21,NORMA-6334,515
21,NORMA-10752,516
21,NORMA-7653,517
21,NORMA-14437,518
21,NORMA-3568,519
21,NORMA-6269,520
21,NORMA-11898,521
21,NORMA-8690,522
21,NORMA-14117,523
21,NORMA-8976,524
21,NORMA-9309,525
21,NORMA-4822,526
21,NORMA-3807,527
21,NORMA-9876,528
21,NORMA-3940,529
21,NORMA-4776,530
21,NORMA-4152,531
21,NORMA-3464,532
21,NORMA-4600,533
21,NORMA-3478,534
21,NORMA-8392,535
21,NORMA-8742,536
21,NORMA-14741,537
21,NORMA-4642,538
21,NORMA-4865,539
21,NORMA-7210,540
21,NORMA-4448,541
21,NORMA-5990,542
21,NORMA-7827,543
21,NORMA-19599,544
21,NORMA-6331,545
21,NORMA-7826,546
21,NORMA-14905,547
21,NORMA-7362,548
21,NORMA-7724,549
21,NORMA-3747,550
21,NORMA-5157,551
21,NORMA-7597,552
21,NORMA-5242,553
21,NORMA-5962,554
21,NORMA-5471,555
21,NORMA-3646,556
21,NORMA-8431,557
21,NORMA-8569,558
21,NORMA-8004,559
21,NORMA-8083,560
21,NORMA-9248,561
21,NORMA-8749,562
21,NORMA-9174,563
21,NORMA-3988,564
21,NORMA-8388,565
21,NORMA-12851,566
21,NORMA-9635,567
21,NORMA-7737,568
21,NORMA-7732,569
21,NORMA-7133,570
21,NORMA-5173,571
21,NORMA-8151,572
21,NORMA-5466,573
21,NORMA-7723,574
21,NORMA-4459,575
21,NORMA-7748,576
21,NORMA-4392,577
21,NORMA-13682,578
21,NORMA-8081,579
21,NORMA-5922,580
21,NORMA-4267,581
21,NORMA-7607,582
21,NORMA-7444,583
21,NORMA-7655,584
21,NORMA-8080,585
21,NORMA-3700,586
21,NORMA-13477,587
21,NORMA-5050,588
21,NORMA-3701,589
21,NORMA-3801,590
21,NORMA-8256,591
21,NORMA-9236,592
21,NORMA-8955,593
21,NORMA-15267,594
21,NORMA-4493,595
21,NORMA-8989,596
21,NORMA-4404,597
21,NORMA-8820,598
21,NORMA-5602,599
21,NORMA-8238,600
21,NORMA-7720,601
21,NORMA-8315,602
21,NORMA-6211,603
21,NORMA-4308,604
21,NORMA-7693,605
21,NORMA-8082,606
21,NORMA-7924,607
21,NORMA-5998,608
21,NORMA-5409,609
21,NORMA-3657,610
21,NORMA-8835,611
21,NORMA-6469,612
21,NORMA-7832,613
21,NORMA-8319,614
21,NORMA-3944,615
21,NORMA-8077,616
21,NORMA-7201,617
21,NORMA-9757,618
21,NORMA-9621,619
21,NORMA-4036,620
21,NORMA-4436,621
21,NORMA-7436,622
21,NORMA-8008,623
21,NORMA-8696,624
21,NORMA-4839,625
21,NORMA-8245,626
21,NORMA-8746,627
21,NORMA-4747,628
21,NORMA-14789,629
21,NORMA-10916,630
21,NORMA-5553,631
21,NORMA-7727,632
21,NORMA-4181,633
21,NORMA-3772,634
21,NORMA-10014,635
21,NORMA-8389,636
21,NORMA-3989,637
21,NORMA-9865,638
21,NORMA-8038,639
21,NORMA-6004,640
21,NORMA-5884,641
21,NORMA-4166,642
21,NORMA-9889,643
21,NORMA-4175,644
21,NORMA-7735,645
21,NORMA-5734,646
21,NORMA-4699,647
21,NORMA-8406,648
21,NORMA-4859,649
21,NORMA-5293,650
21,NORMA-6484,651
21,NORMA-7798,652
21,NORMA-5548,653
21,NORMA-3800,654
21,NORMA-9034,655
21,NORMA-8670,656
21,NORMA-8561,657
21,NORMA-8505,658
21,NORMA-5692,659
21,NORMA-5850,660
21,NORMA-4410,661
21,NORMA-4810,662
21,NORMA-3663,663
21,NORMA-3554,664
21,NORMA-10013,665
21,NORMA-3817,666
21,NORMA-15099,667
21,NORMA-4291,668
21,NORMA-4647,669
21,NORMA-11213,670
21,NORMA-10216,671
21,NORMA-5720,672
21,NORMA-5057,673
21,NORMA-7916,674
21,NORMA-5416,675
21,NORMA-8577,676
21,NORMA-4979,677
21,NORMA-5149,678
21,NORMA-10554,679
21,NORMA-8999,680
21,NORMA-7215,681
21,NORMA-5900,682
21,NORMA-14355,683
21,NORMA-6264,684
21,NORMA-3583,685
21,NORMA-5216,686
21,NORMA-8564,687
21,NORMA-14718,688
21,NORMA-4621,689
21,NORMA-14580,690
21,NORMA-9281,691
21,NORMA-13198,692
21,NORMA-8172,693
21,NORMA-3877,694
21,NORMA-5517,695
21,NORMA-7441,696
21,NORMA-4054,697
21,NORMA-8692,698
21,NORMA-7951,699
21,NORMA-7601,700
21,NORMA-8573,701
21,NORMA-5737,702
21,NORMA-10868,703
21,NORMA-3958,704
21,NORMA-6805,705
21,NORMA-9447,706
21,NORMA-4972,707
21,NORMA-15007,708
21,NORMA-4476,709
21,NORMA-11176,710
21,NORMA-7204,711
21,NORMA-5055,712
21,NORMA-7721,713
21,NORMA-14120,714
21,NORMA-4806,715
21,NORMA-7741,716
21,NORMA-5524,717
21,NORMA-5851,718
21,NORMA-5752,719
21,NORMA-8916,720
21,NORMA-3618,721
21,NORMA-5889,722
21,NORMA-5356,723
21,NORMA-8748,724
21,NORMA-4518,725
21,NORMA-3796,726
21,NORMA-13665,727
21,NORMA-14097,728
21,NORMA-9916,729
21,NORMA-3917,730
21,NORMA-7786,731
21,NORMA-14929,732
21,NORMA-7746,733
21,NORMA-9041,734
21,NORMA-9818,735
21,NORMA-4050,736
21,NORMA-6274,737
21,NORMA-14530,738
21,NORMA-8242,739
21,NORMA-7654,740
21,NORMA-8825,741
21,NORMA-3499,742
21,NORMA-5706,743
21,NORMA-8314,744
21,NORMA-7421,745
21,NORMA-3818,746
21,NORMA-10860,747
21,NORMA-10324,748
21,NORMA-4047,749
21,NORMA-19551,750
21,NORMA-7068,751
21,NORMA-10063,752
21,NORMA-8667,753
21,NORMA-8328,754
21,NORMA-8889,755
21,NORMA-7660,756
21,NORMA-8034,757
21,NORMA-9631,758
21,NORMA-8175,759
21,NORMA-3665,760
21,NORMA-13809,761
21,NORMA-4443,762
21,NORMA-3902,763
21,NORMA-10757,764
21,NORMA-8076,765
21,NORMA-7125,766
21,NORMA-8918,767
21,NORMA-12129,768
21,NORMA-5236,769
21,NORMA-4749,770
21,NORMA-6333,771
21,NORMA-5189,772
21,NORMA-9825,773
21,NORMA-5272,774
21,NORMA-15054,775
21,NORMA-5269,776
21,NORMA-7828,777
21,NORMA-5359,778
21,NORMA-7605,779
21,NORMA-7211,780
21,NORMA-7140,781
21,NORMA-7718,782
21,NORMA-14495,783
21,NORMA-15163,784
21,NORMA-6015,785
21,NORMA-9542,786
21,NORMA-3811,787
21,NORMA-4173,788
21,NORMA-4519,789
21,NORMA-3699,790
21,NORMA-5117,791
21,NORMA-5714,792
21,NORMA-5564,793
21,NORMA-7739,794
21,NORMA-5668,795
21,NORMA-4164,796
21,NORMA-9920,797
21,NORMA-8174,798
21,NORMA-9232,799
21,NORMA-14277,800
21,NORMA-4750,801
21,NORMA-4273,802
21,NORMA-10003,803
21,NORMA-5693,804
21,NORMA-5888,805
21,NORMA-4049,806
21,NORMA-9354,807
21,NORMA-14190,808
21,NORMA-5970,809
21,NORMA-5513,810
21,NORMA-5629,811
21,NORMA-3951,812
21,NORMA-8658,813
21,NORMA-3501,814
21,NORMA-5346,815
21,NORMA-4428,816
21,NORMA-3959,817
21,NORMA-3739,818
21,NORMA-19647,819
21,NORMA-7747,820
21,NORMA-5965,821
21,NORMA-4363,822
21,NORMA-7599,823
21,NORMA-3991,824
21,NORMA-7757,825
21,NORMA-7728,826
21,NORMA-7831,827
21,NORMA-7428,828
21,NORMA-4673,829
21,NORMA-5730,830
21,NORMA-5217,831
21,NORMA-7131,832
21,NORMA-7447,833
21,NORMA-8309,834
21,NORMA-9563,835
21,NORMA-4174,836
21,NORMA-15011,837
21,NORMA-5596,838
21,NORMA-8167,839
21,NORMA-5866,840
21,NORMA-4236,841
21,NORMA-5721,842
21,NORMA-4597,843
21,NORMA-8504,844
21,NORMA-7039,845
21,NORMA-5989,846
21,NORMA-8393,847
21,NORMA-14932,848
21,NORMA-4730,849
21,NORMA-4542,850
21,NORMA-5591,851
21,NORMA-8828,852
21,NORMA-5971,853
21,NORMA-8398,854
21,NORMA-7425,855
21,NORMA-5652,856
21,NORMA-5835,857
21,NORMA-4733,858
21,NORMA-5701,859
21,NORMA-5059,860
21,NORMA-5754,861
21,NORMA-4623,862
21,NORMA-12725,863
21,NORMA-5418,864
21,NORMA-7716,865
21,NORMA-8485,866
21,NORMA-5457,867
21,NORMA-12485,868
21,NORMA-4649,869
21,NORMA-10589,870
21,NORMA-13856,871
21,NORMA-4814,872
21,NORMA-5874,873
21,NORMA-4038,874
21,NORMA-7704,875
21,NORMA-9137,876
21,NORMA-7862,877
21,NORMA-3798,878
21,NORMA-3553,879
21,NORMA-9543,880
21,NORMA-3797,881
21,NORMA-7438,882
21,NORMA-5621,883
21,NORMA-5570,884
21,NORMA-4284,885
21,NORMA-5115,886
21,NORMA-5220,887
21,NORMA-9178,888
21,NORMA-8246,889
21,NORMA-7135,890
21,NORMA-5408,891
21,NORMA-5930,892
21,NORMA-10990,893
21,NORMA-3883,894
21,NORMA-7431,895
21,NORMA-8248,896
21,NORMA-4619,897
21,NORMA-8841,898
21,NORMA-10245,899
21,NORMA-3935,900
21,NORMA-9344,901
21,NORMA-7144,902
21,NORMA-7824,903
21,NORMA-8499,904
21,NORMA-15357,905
21,NORMA-4538,906
21,NORMA-7202,907
21,NORMA-5852,908
21,NORMA-5740,909
21,NORMA-11439,910
21,NORMA-5760,911
21,NORMA-10277,912
21,NORMA-14778,913
21,NORMA-10539,914
21,NORMA-7128,915
21,NORMA-14942,916
21,NORMA-6265,917
21,NORMA-15020,918
21,NORMA-15351,919
21,NORMA-4065,920
21,NORMA-5608,921
21,NORMA-4550,922
21,NORMA-5515,923
21,NORMA-5562,924
21,NORMA-12957,925
21,NORMA-10756,926
21,NORMA-5523,927
21,NORMA-4813,928
21,NORMA-14006,929
21,NORMA-5928,930
21,NORMA-5919,931
21,NORMA-4335,932
21,NORMA-8402,933
21,NORMA-12435,934
21,NORMA-8565,935
21,NORMA-7734,936
21,NORMA-5354,937
21,NORMA-9612,938
21,NORMA-8832,939
21,NORMA-9119,940
21,NORMA-8688,941
21,NORMA-4041,942
21,NORMA-4664,943
21,NORMA-8743,944
21,NORMA-14037,945
21,NORMA-5546,946
21,NORMA-4845,947
21,NORMA-7738,948
21,NORMA-3919,949
21,NORMA-5221,950
21,NORMA-5741,951
21,NORMA-5507,952
21,NORMA-9050,953
21,NORMA-6014,954
21,NORMA-8562,955
21,NORMA-6470,956
21,NORMA-5032,957
21,NORMA-5892,958
21,NORMA-8390,959
21,NORMA-7435,960
21,NORMA-7921,961
21,NORMA-15190,962
21,NORMA-13208,963
21,NORMA-4999,964
21,NORMA-4922,965
21,NORMA-5148,966
21,NORMA-14914,967
21,NORMA-7443,968
21,NORMA-7415,969
21,NORMA-5871,970
21,NORMA-5870,971
21,NORMA-3809,972
21,NORMA-15320,973
21,NORMA-8193,974
21,NORMA-4237,975
21,NORMA-4579,976
21,NORMA-5583,977
21,NORMA-4731,978
21,NORMA-10436,979
21,NORMA-5580,980
21,NORMA-9090,981
21,NORMA-5215,982
21,NORMA-12656,983
21,NORMA-21226,984
21,NORMA-7422,985
21,NORMA-7419,986
21,NORMA-9056,987
21,NORMA-5782,988
21,NORMA-4169,989
21,NORMA-4295,990
21,NORMA-9291,991
21,NORMA-5674,992
21,NORMA-6017,993
21,NORMA-9089,994
21,NORMA-4249,995
21,NORMA-5062,996
21,NORMA-4555,997
21,NORMA-5653,998
21,NORMA-4268,999
21,NORMA-8243,1000
23,NORMA-20423,1
23,NORMA-3382,2
23,NORMA-21012,3
23,NORMA-20217,4
23,NORMA-21268,5
23,NORMA-15521,6
23,NORMA-6880,7
23,NORMA-12039,8
23,NORMA-20796,9
23,NORMA-6758,10
23,NORMA-21755,11
23,NORMA-19486,12
23,NORMA-20590,13
23,NORMA-21496,14
23,NORMA-20349,15
23,NORMA-19200,16
23,NORMA-18788,17
23,NORMA-20403,18
23,NORMA-19507,19
23,NORMA-20192,20
23,NORMA-20189,21
23,NORMA-18797,22
23,NORMA-20183,23
23,NORMA-20359,24
23,NORMA-18266,25
23,NORMA-12165,26
23,NORMA-20501,27
23,NORMA-20366,28
23,NORMA-20460,29
23,NORMA-21437,30
23,NORMA-20182,31
23,NORMA-207,32
23,NORMA-20443,33
23,NORMA-18394,34
23,NORMA-20880,35
23,NORMA-82,36
23,NORMA-20490,37
23,NORMA-19981,38
23,NORMA-3241,39
23,NORMA-21211,40
23,NORMA-220,41
23,NORMA-75,42
23,NORMA-18432,43
23,NORMA-19456,44
23,NORMA-8028,45
23,NORMA-20488,46
23,NORMA-6948,47
23,NORMA-18205,48
23,NORMA-20989,49
23,NORMA-31923,50
23,NORMA-18430,51
23,NORMA-20503,52
23,NORMA-19593,53
23,NORMA-2032,54
23,NORMA-20869,55
23,NORMA-20487,56
23,NORMA-462,57
23,NORMA-4817,58
23,NORMA-20476,59
23,NORMA-25902,60
23,NORMA-21705,61
23,NORMA-20369,62
23,NORMA-20473,63
23,NORMA-20468,64
23,NORMA-19631,65
23,NORMA-11474,66
23,NORMA-11527,67
23,NORMA-20376,68
23,NORMA-19485,69
23,NORMA-21698,70
23,NORMA-20885,71
23,NORMA-20995,72
23,NORMA-18208,73
23,NORMA-20465,74
23,NORMA-20197,75
23,NORMA-20374,76
23,NORMA-19617,77
23,NORMA-21086,78
23,NORMA-20505,79
23,NORMA-28203,80
23,NORMA-20480,81
23,NORMA-20985,82
23,NORMA-19384,83
23,NORMA-23501,84
23,NORMA-20477,85
23,NORMA-20474,86
23,NORMA-834,87
23,NORMA-1672,88
23,NORMA-20482,89
23,NORMA-20902,90
23,NORMA-21419,91
23,NORMA-18450,92
23,NORMA-8677,93
23,NORMA-1341,94
23,NORMA-19509,95
23,NORMA-18695,96
23,NORMA-18818,97
23,NORMA-20402,98
23,NORMA-19275,99
23,NORMA-20422,100
23,NORMA-19866,101
23,NORMA-19431,102
23,NORMA-18537,103
23,NORMA-20754,104
23,NORMA-18654,105
23,NORMA-19057,106
23,NORMA-2184,107
23,NORMA-19232,108
23,NORMA-4929,109
23,NORMA-21367,110
23,NORMA-7012,111
23,NORMA-18466,112
23,NORMA-20382,113
23,NORMA-23862,114
23,NORMA-18545,115
23,NORMA-19181,116
23,NORMA-6256,117
23,NORMA-1994,118
23,NORMA-18299,119
23,NORMA-19520,120
23,NORMA-19292,121
23,NORMA-19011,122
23,NORMA-18702,123
23,NORMA-21388,124
23,NORMA-18709,125
23,NORMA-778,126
23,NORMA-6623,127
23,NORMA-20171,128
23,NORMA-20388,129
23,NORMA-6185,130
23,NORMA-19021,131
23,NORMA-9834,132
23,NORMA-27521,133
23,NORMA-18774,134
23,NORMA-18370,135
23,NORMA-18866,136
23,NORMA-18286,137
23,NORMA-9382,138
23,NORMA-10375,139
23,NORMA-18446,140
23,NORMA-5562,141
23,NORMA-19637,142
23,NORMA-19249,143
23,NORMA-21626,144
23,NORMA-29005,145
23,NORMA-10629,146
23,NORMA-18541,147
23,NORMA-19081,148
23,NORMA-19012,149
23,NORMA-7100,150
23,NORMA-21021,151
23,NORMA-18734,152
23,NORMA-19016,153
23,NORMA-18468,154
23,NORMA-5938,155
23,NORMA-20793,156
23,NORMA-18300,157
23,NORMA-21792,158
23,NORMA-21028,159
23,NORMA-21507,160
23,NORMA-6084,161
23,NORMA-19212,162
23,NORMA-18363,163
23,NORMA-19620,164
23,NORMA-29301,165
23,NORMA-23061,166
23,NORMA-24501,167
23,NORMA-25721,168
23,NORMA-19096,169
23,NORMA-18700,170
23,NORMA-19387,171
23,NORMA-19891,172
23,NORMA-1740,173
23,NORMA-5760,174
23,NORMA-8695,175
23,NORMA-21783,176
23,NORMA-21550,177
23,NORMA-21634,178
23,NORMA-20029,179
23,NORMA-29283,180
23,NORMA-20861,181
23,NORMA-4079,182
23,NORMA-19095,183
23,NORMA-2120,184
23,NORMA-2546,185
23,NORMA-20172,186
23,NORMA-8502,187
23,NORMA-18558,188
23,NORMA-3342,189
23,NORMA-18262,190
23,NORMA-18587,191
23,NORMA-18285,192
23,NORMA-19022,193
23,NORMA-18513,194
23,NORMA-18469,195
23,NORMA-18257,196
23,NORMA-18470,197
23,NORMA-18258,198
23,NORMA-18369,199
23,NORMA-19025,200
23,NORMA-19023,201
23,NORMA-20389,202
23,NORMA-18373,203
23,NORMA-18711,204
23,NORMA-18714,205
23,NORMA-18445,206
23,NORMA-5956,207
23,NORMA-18712,208
23,NORMA-21776,209
23,NORMA-555,210
23,NORMA-20873,211
23,NORMA-15237,212
23,NORMA-18703,213
23,NORMA-19883,214
23,NORMA-11632,215
23,NORMA-20371,216
23,NORMA-18434,217
23,NORMA-13323,218
23,NORMA-19611,219
23,NORMA-20428,220
23,NORMA-29201,221
23,NORMA-18319,222
23,NORMA-18411,223
23,NORMA-20425,224
23,NORMA-20356,225
23,NORMA-18243,226
23,NORMA-3846,227
23,NORMA-11687,228
23,NORMA-21224,229
23,NORMA-24621,230
23,NORMA-21461,231
23,NORMA-18586,232
23,NORMA-26822,233
23,NORMA-2383,234
23,NORMA-7011,235
23,NORMA-20396,236
23,NORMA-18248,237
23,NORMA-6819,238
23,NORMA-6253,239
23,NORMA-4565,240
23,NORMA-21114,241
23,NORMA-19152,242
23,NORMA-6820,243
23,NORMA-4120,244
23,NORMA-6621,245
23,NORMA-21217,246
23,NORMA-13298,247
23,NORMA-3478,248
23,NORMA-21691,249
23,NORMA-18796,250
23,NORMA-6970,251
23,NORMA-18529,252
23,NORMA-19621,253
23,NORMA-1641,254
23,NORMA-18811,255
23,NORMA-20811,256
23,NORMA-1421,257
23,NORMA-11655,258
23,NORMA-12102,259
23,NORMA-14239,260
23,NORMA-6318,261
23,NORMA-24582,262
23,NORMA-20999,263
23,NORMA-18479,264
23,NORMA-28181,265
23,NORMA-18226,266
23,NORMA-18780,267
23,NORMA-21756,268
23,NORMA-19574,269
23,NORMA-2158,270
23,NORMA-8823,271
23,NORMA-18462,272
23,NORMA-10029,273
23,NORMA-9871,274
23,NORMA-10044,275
23,NORMA-20405,276
23,NORMA-11570,277
23,NORMA-20886,278
23,NORMA-18433,279
23,NORMA-4273,280
23,NORMA-11575,281
23,NORMA-21766,282
23,NORMA-19098,283
23,NORMA-12657,284
23,NORMA-18588,285
23,NORMA-21135,286
23,NORMA-18235,287
23,NORMA-6627,288
23,NORMA-20037,289
23,NORMA-18704,290
23,NORMA-19845,291
23,NORMA-18256,292
23,NORMA-684,293
23,NORMA-3701,294
23,NORMA-4095,295
23,NORMA-19097,296
23,NORMA-19429,297
23,NORMA-21052,298
23,NORMA-20055,299
23,NORMA-29003,300
23,NORMA-27761,301
23,NORMA-4325,302
23,NORMA-20381,303
23,NORMA-7110,304
23,NORMA-20397,305
23,NORMA-19715,306
23,NORMA-21164,307
23,NORMA-18204,308
23,NORMA-18933,309
23,NORMA-19170,310
23,NORMA-6957,311
23,NORMA-2517,312
23,NORMA-6856,313
23,NORMA-21238,314
23,NORMA-20892,315
23,NORMA-10200,316
23,NORMA-13469,317
23,NORMA-20187,318
23,NORMA-3883,319
23,NORMA-588,320
23,NORMA-587,321
23,NORMA-7027,322
23,NORMA-17281,323
23,NORMA-7953,324
23,NORMA-1549,325
23,NORMA-21521,326
23,NORMA-18984,327
23,NORMA-21526,328
23,NORMA-5236,329
23,NORMA-11798,330
23,NORMA-20446,331
23,NORMA-16202,332
23,NORMA-20100,333
23,NORMA-18435,334
23,NORMA-228,335
23,NORMA-4979,336
23,NORMA-13158,337
23,NORMA-20407,338
23,NORMA-20091,339
23,NORMA-11605,340
23,NORMA-21228,341
23,NORMA-19651,342
23,NORMA-7658,343
23,NORMA-6752,344
23,NORMA-2089,345
23,NORMA-18762,346
23,NORMA-20928,347
23,NORMA-6343,348
23,NORMA-18653,349
23,NORMA-19221,350
23,NORMA-19573,351
23,NORMA-21239,352
23,NORMA-8074,353
23,NORMA-11621,354
23,NORMA-3804,355
23,NORMA-18935,356
23,NORMA-20223,357
23,NORMA-3979,358
23,NORMA-20444,359
23,NORMA-18219,360
23,NORMA-6962,361
23,NORMA-5518,362
23,NORMA-19787,363
23,NORMA-4519,364
23,NORMA-15211,365
23,NORMA-26841,366
23,NORMA-20289,367
23,NORMA-4068,368
23,NORMA-18823,369
23,NORMA-5734,370
23,NORMA-5955,371
23,NORMA-21431,372
23,NORMA-5170,373
23,NORMA-21253,374
23,NORMA-20195,375
23,NORMA-20918,376
23,NORMA-21739,377
23,NORMA-7737,378
23,NORMA-21196,379
23,NORMA-11868,380
23,NORMA-21553,381
23,NORMA-19629,382
23,NORMA-21233,383
23,NORMA-21484,384
23,NORMA-18372,385
23,NORMA-20716,386
23,NORMA-938,387
23,NORMA-4377,388
23,NORMA-6643,389
23,NORMA-3708,390
23,NORMA-2377,391
23,NORMA-18291,392
23,NORMA-21540,393
23,NORMA-332,394
23,NORMA-20053,395
23,NORMA-8458,396
23,NORMA-19784,397
23,NORMA-12067,398
23,NORMA-6443,399
23,NORMA-20968,400
23,NORMA-19373,401
23,NORMA-21305,402
23,NORMA-14937,403
23,NORMA-643,404
23,NORMA-18798,405
23,NORMA-19412,406
23,NORMA-19233,407
23,NORMA-9481,408
23,NORMA-3787,409
23,NORMA-7659,410
23,NORMA-18825,411
23,NORMA-21352,412
23,NORMA-20920,413
23,NORMA-11999,414
23,NORMA-704,415
23,NORMA-8027,416
23,NORMA-21272,417
23,NORMA-18724,418
23,NORMA-7723,419
23,NORMA-12002,420
23,NORMA-3850,421
23,NORMA-878,422
23,NORMA-12160,423
23,NORMA-5346,424
23,NORMA-9724,425
23,NORMA-6783,426
23,NORMA-4618,427
23,NORMA-6140,428
23,NORMA-7225,429
23,NORMA-22941,430
23,NORMA-19983,431
23,NORMA-7113,432
23,NORMA-20040,433
23,NORMA-8435,434
23,NORMA-11560,435
23,NORMA-19351,436
23,NORMA-20164,437
23,NORMA-7386,438
23,NORMA-14113,439
23,NORMA-15542,440
23,NORMA-7222,441
23,NORMA-7068,442
23,NORMA-3801,443
23,NORMA-18835,444
23,NORMA-19553,445
23,NORMA-11780,446
23,NORMA-21537,447
23,NORMA-20753,448
23,NORMA-3638,449
23,NORMA-3577,450
23,NORMA-5360,451
23,NORMA-11715,452
23,NORMA-19959,453
23,NORMA-10116,454
23,NORMA-5843,455
23,NORMA-5496,456
23,NORMA-4335,457
23,NORMA-11864,458
23,NORMA-18325,459
23,NORMA-20706,460
23,NORMA-5358,461
23,NORMA-19842,462
23,NORMA-4606,463
23,NORMA-3738,464
23,NORMA-4748,465
23,NORMA-19459,466
23,NORMA-19039,467
23,NORMA-20138,468
23,NORMA-21678,469
23,NORMA-11476,470
23,NORMA-21651,471
23,NORMA-5998,472
23,NORMA-6334,473
23,NORMA-21523,474
23,NORMA-4146,475
23,NORMA-15339,476
23,NORMA-20304,477
23,NORMA-6509,478
23,NORMA-20137,479
23,NORMA-21026,480
23,NORMA-19582,481
23,NORMA-11607,482
23,NORMA-7651,483
23,NORMA-5031,484
23,NORMA-15141,485
23,NORMA-11790,486
23,NORMA-3479,487
23,NORMA-3851,488
23,NORMA-21236,489
23,NORMA-2337,490
23,NORMA-21554,491
23,NORMA-4663,492
23,NORMA-4749,493
23,NORMA-4982,494
23,NORMA-1567,495
23,NORMA-8390,496
23,NORMA-3592,497
23,NORMA-13918,498
23,NORMA-3896,499
23,NORMA-9823,500
23,NORMA-5897,501
23,NORMA-13470,502
23,NORMA-5383,503
23,NORMA-3569,504
23,NORMA-20398,505
23,NORMA-6017,506
23,NORMA-5776,507
23,NORMA-27044,508
23,NORMA-3665,509
23,NORMA-4448,510
23,NORMA-11734,511
23,NORMA-18743,512
23,NORMA-13345,513
23,NORMA-18759,514
23,NORMA-20125,515
23,NORMA-4711,516
23,NORMA-19220,517
23,NORMA-14850,518
23,NORMA-20293,519
23,NORMA-4075,520
23,NORMA-20327,521
23,NORMA-9835,522
23,NORMA-19188,523
23,NORMA-20540,524
23,NORMA-11731,525
23,NORMA-6199,526
23,NORMA-18391,527
23,NORMA-20024,528
23,NORMA-20548,529
23,NORMA-19383,530
23,NORMA-11085,531
23,NORMA-8205,532
23,NORMA-8075,533
23,NORMA-18474,534
23,NORMA-14294,535
23,NORMA-18648,536
23,NORMA-20534,537
23,NORMA-20539,538
23,NORMA-14688,539
23,NORMA-15229,540
23,NORMA-18859,541
23,NORMA-20008,542
23,NORMA-20546,543
23,NORMA-21321,544
23,NORMA-19328,545
23,NORMA-20150,546
23,NORMA-20263,547
23,NORMA-215,548
23,NORMA-5558,549
23,NORMA-4275,550
23,NORMA-13476,551
23,NORMA-20377,552
23,NORMA-21522,553
23,NORMA-18407,554
23,NORMA-9110,555
23,NORMA-7942,556
23,NORMA-5507,557
23,NORMA-9670,558
23,NORMA-3884,559
23,NORMA-20013,560
23,NORMA-4118,561
23,NORMA-18934,562
23,NORMA-8167,563
23,NORMA-5536,564
23,NORMA-8689,565
23,NORMA-11524,566
23,NORMA-7525,567
23,NORMA-4169,568
23,NORMA-11574,569
23,NORMA-3595,570
23,NORMA-21387,571
23,NORMA-4164,572
23,NORMA-5888,573
23,NORMA-20602,574
23,NORMA-8832,575
23,NORMA-21328,576
23,NORMA-19940,577
23,NORMA-5752,578
23,NORMA-18918,579
23,NORMA-20009,580
23,NORMA-19028,581
23,NORMA-21584,582
23,NORMA-22001,583
23,NORMA-8504,584
23,NORMA-20277,585
23,NORMA-21547,586
23,NORMA-18915,587
23,NORMA-12020,588
23,NORMA-20303,589
23,NORMA-18903,590
23,NORMA-21434,591
23,NORMA-18753,592
23,NORMA-3642,593
23,NORMA-3201,594
23,NORMA-20865,595
23,NORMA-20777,596
23,NORMA-5524,597
23,NORMA-21661,598
23,NORMA-4392,599
23,NORMA-8081,600
23,NORMA-8920,601
23,NORMA-20206,602
23,NORMA-21474,603
23,NORMA-8392,604
23,NORMA-7660,605
23,NORMA-20174,606
23,NORMA-4443,607
23,NORMA-23027,608
23,NORMA-18668,609
23,NORMA-4818,610
23,NORMA-8011,611
23,NORMA-20913,612
23,NORMA-20157,613
23,NORMA-20834,614
23,NORMA-24102,615
23,NORMA-21344,616
23,NORMA-4813,617
23,NORMA-20709,618
23,NORMA-8178,619
23,NORMA-17321,620
23,NORMA-21725,621
23,NORMA-7241,622
23,NORMA-5548,623
23,NORMA-20068,624
23,NORMA-18233,625
23,NORMA-21173,626
23,NORMA-18691,627
23,NORMA-5596,628
23,NORMA-20800,629
23,NORMA-5517,630
23,NORMA-28422,631
23,NORMA-7387,632
23,NORMA-4114,633
23,NORMA-6736,634
23,NORMA-20141,635
23,NORMA-11804,636
23,NORMA-14724,637
23,NORMA-3767,638
23,NORMA-7720,639
23,NORMA-8685,640
23,NORMA-11356,641
23,NORMA-12415,642
23,NORMA-12923,643
23,NORMA-13124,644
23,NORMA-8706,645
23,NORMA-18375,646
23,NORMA-20859,647
23,NORMA-12733,648
23,NORMA-18826,649
23,NORMA-13308,650
23,NORMA-7656,651
23,NORMA-18603,652
23,NORMA-20941,653
23,NORMA-3381,654
23,NORMA-21664,655
23,NORMA-4786,656
23,NORMA-5714,657
23,NORMA-12038,658
23,NORMA-10309,659
23,NORMA-26003,660
23,NORMA-6881,661
23,NORMA-20103,662
23,NORMA-6701,663
23,NORMA-6316,664
23,NORMA-6181,665
23,NORMA-20690,666
23,NORMA-21583,667
23,NORMA-18868,668
23,NORMA-21561,669
23,NORMA-8404,670
23,NORMA-31904,671
23,NORMA-28362,672
23,NORMA-18307,673
23,NORMA-18240,674
23,NORMA-20557,675
23,NORMA-6630,676
23,NORMA-21363,677
23,NORMA-18302,678
23,NORMA-8570,679
23,NORMA-14746,680
23,NORMA-18863,681
23,NORMA-18552,682
23,NORMA-2551,683
23,NORMA-19639,684
23,NORMA-5023,685
23,NORMA-20033,686
23,NORMA-11735,687
23,NORMA-19406,688
23,NORMA-27364,689
23,NORMA-7728,690
23,NORMA-21586,691
23,NORMA-21427,692
23,NORMA-18978,693
23,NORMA-6967,694
23,NORMA-21008,695
23,NORMA-5293,696
23,NORMA-13545,697
23,NORMA-18942,698
23,NORMA-19455,699
23,NORMA-3935,700
23,NORMA-412,701
23,NORMA-20316,702
23,NORMA-19871,703
23,NORMA-783,704
23,NORMA-5466,705
23,NORMA-11571,706
23,NORMA-19644,707
23,NORMA-21408,708
23,NORMA-19609,709
23,NORMA-18239,710
23,NORMA-21562,711
23,NORMA-6629,712
23,NORMA-8931,713
23,NORMA-26701,714
23,NORMA-28281,715
23,NORMA-11614,716
23,NORMA-12048,717
23,NORMA-11454,718
23,NORMA-12228,719
23,NORMA-4010,720
23,NORMA-13402,721
23,NORMA-19729,722
23,NORMA-10267,723
23,NORMA-18972,724
23,NORMA-18674,725
23,NORMA-18804,726
23,NORMA-6673,727
23,NORMA-21147,728
23,NORMA-14498,729
23,NORMA-4091,730
23,NORMA-3539,731
23,NORMA-19895,732
23,NORMA-25645,733
23,NORMA-5834,734
23,NORMA-8501,735
23,NORMA-21440,736
23,NORMA-3505,737
23,NORMA-3904,738
23,NORMA-4449,739
23,NORMA-14661,740
23,NORMA-5415,741
23,NORMA-5357,742
23,NORMA-5519,743
23,NORMA-3943,744
23,NORMA-28381,745
23,NORMA-4145,746
23,NORMA-4329,747
23,NORMA-11766,748
23,NORMA-4829,749
23,NORMA-3698,750
23,NORMA-4342,751
23,NORMA-4686,752
23,NORMA-6000,753
23,NORMA-4840,754
23,NORMA-4567,755
23,NORMA-5964,756
23,NORMA-12920,757
23,NORMA-11836,758
23,NORMA-11827,759
23,NORMA-12826,760
23,NORMA-13638,761
23,NORMA-14162,762
23,NORMA-13831,763
23,NORMA-13999,764
23,NORMA-13962,765
23,NORMA-14735,766
23,NORMA-15276,767
23,NORMA-15115,768
23,NORMA-5838,769
23,NORMA-11631,770
23,NORMA-14885,771
23,NORMA-13179,772
23,NORMA-26161,773
23,NORMA-1650,774
23,NORMA-21139,775
23,NORMA-12870,776
23,NORMA-13183,777
23,NORMA-2094,778
23,NORMA-22622,779
23,NORMA-4144,780
23,NORMA-3875,781
23,NORMA-12049,782
23,NORMA-18386,783
23,NORMA-24362,784
23,NORMA-14145,785
23,NORMA-11828,786
23,NORMA-15194,787
23,NORMA-19192,788
23,NORMA-2104,789
23,NORMA-18690,790
23,NORMA-3514,791
23,NORMA-20193,792
23,NORMA-5327,793
23,NORMA-8165,794
23,NORMA-19138,795
23,NORMA-4915,796
23,NORMA-3181,797
23,NORMA-4433,798
23,NORMA-6344,799
23,NORMA-5500,800
23,NORMA-18981,801
23,NORMA-4909,802
23,NORMA-14463,803
23,NORMA-19542,804
23,NORMA-19960,805
23,NORMA-20837,806
23,NORMA-4365,807
23,NORMA-1851,808
23,NORMA-2058,809
23,NORMA-20836,810
23,NORMA-1689,811
23,NORMA-21137,812
23,NORMA-14447,813
23,NORMA-3281,814
23,NORMA-6092,815
23,NORMA-6410,816
23,NORMA-1909,817
23,NORMA-1572,818
23,NORMA-4830,819
23,NORMA-21333,820
23,NORMA-20647,821
23,NORMA-2694,822
23,NORMA-12394,823
23,NORMA-19618,824
23,NORMA-19272,825
23,NORMA-18412,826
23,NORMA-2421,827
23,NORMA-4746,828
23,NORMA-19077,829
23,NORMA-20508,830
23,NORMA-19584,831
23,NORMA-11513,832
23,NORMA-11521,833
23,NORMA-12045,834
23,NORMA-1608,835
23,NORMA-20597,836
23,NORMA-20288,837
23,NORMA-6252,838
23,NORMA-21568,839
23,NORMA-2076,840
23,NORMA-4762,841
23,NORMA-20723,842
23,NORMA-20982,843
23,NORMA-18836,844
23,NORMA-21269,845
23,NORMA-4442,846
23,NORMA-21023,847
23,NORMA-21637,848
23,NORMA-27022,849
23,NORMA-21423,850
23,NORMA-18502,851
23,NORMA-21578,852
23,NORMA-19632,853
23,NORMA-18577,854
23,NORMA-18828,855
23,NORMA-4537,856
23,NORMA-3470,857
23,NORMA-18533,858
23,NORMA-21300,859
23,NORMA-1863,860
23,NORMA-4026,861
23,NORMA-20907,862
23,NORMA-10867,863
23,NORMA-5842,864
23,NORMA-5994,865
23,NORMA-5487,866
23,NORMA-8176,867
23,NORMA-24941,868
23,NORMA-7833,869
23,NORMA-5621,870
23,NORMA-18672,871
23,NORMA-4268,872
23,NORMA-19689,873
23,NORMA-6636,874
23,NORMA-21761,875
23,NORMA-5506,876
23,NORMA-15239,877
23,NORMA-6677,878
23,NORMA-18207,879
23,NORMA-21734,880
23,NORMA-4902,881
23,NORMA-5527,882
23,NORMA-21778,883
23,NORMA-20912,884
23,NORMA-21635,885
23,NORMA-21701,886
23,NORMA-21738,887
23,NORMA-21743,888
23,NORMA-21660,889
23,NORMA-4538,890
23,NORMA-5852,891
23,NORMA-20144,892
23,NORMA-5739,893
23,NORMA-595,894
23,NORMA-21332,895
23,NORMA-21295,896
23,NORMA-20598,897
23,NORMA-20435,898
23,NORMA-5835,899
23,NORMA-19712,900
23,NORMA-15060,901
23,NORMA-18971,902
23,NORMA-11814,903
23,NORMA-838,904
23,NORMA-7716,905
23,NORMA-4295,906
23,NORMA-21413,907
23,NORMA-5873,908
23,NORMA-19227,909
23,NORMA-18607,910
23,NORMA-2233,911
23,NORMA-19374,912
23,NORMA-8258,913
23,NORMA-5693,914
23,NORMA-19414,915
23,NORMA-19859,916
23,NORMA-2579,917
23,NORMA-20807,918
23,NORMA-1024,919
23,NORMA-19935,920
23,NORMA-19822,921
23,NORMA-20719,922
23,NORMA-20681,923
23,NORMA-5612,924
23,NORMA-21348,925
23,NORMA-20266,926
23,NORMA-3501,927
23,NORMA-18549,928
23,NORMA-28982,929
23,NORMA-4428,930
23,NORMA-5889,931
23,NORMA-4518,932
23,NORMA-5546,933
23,NORMA-19411,934
23,NORMA-28586,935
23,NORMA-19204,936
23,NORMA-772,937
23,NORMA-19957,938
23,NORMA-19605,939
23,NORMA-19267,940
23,NORMA-20179,941
23,NORMA-1388,942
23,NORMA-18443,943
23,NORMA-23101,944
23,NORMA-18399,945
23,NORMA-8403,946
23,NORMA-4410,947
23,NORMA-19930,948
23,NORMA-4047,949
23,NORMA-28526,950
23,NORMA-21546,951
23,NORMA-7558,952
23,NORMA-21249,953
23,NORMA-17301,954
23,NORMA-8175,955
23,NORMA-18848,956
23,NORMA-4236,957
23,NORMA-8918,958
23,NORMA-4237,959
23,NORMA-5332,960
23,NORMA-261,961
23,NORMA-11596,962
23,NORMA-5583,963
23,NORMA-19843,964
23,NORMA-19359,965
23,NORMA-20864,966
23,NORMA-19704,967
23,NORMA-8245,968
23,NORMA-16268,969
23,NORMA-8388,970
23,NORMA-3553,971
23,NORMA-4750,972
23,NORMA-19466,973
23,NORMA-5867,974
23,NORMA-20946,975
23,NORMA-20209,976
23,NORMA-21724,977
23,NORMA-8565,978
23,NORMA-7734,979
23,NORMA-3798,980
23,NORMA-18224,981
23,NORMA-21134,982
23,NORMA-19245,983
23,NORMA-18364,984
23,NORMA-13635,985
23,NORMA-20742,986
23,NORMA-25201,987
23,NORMA-3841,988
23,NORMA-5570,989
23,NORMA-4041,990
23,NORMA-7654,991
23,NORMA-19377,992
23,NORMA-21055,993
23,NORMA-5850,994
23,NORMA-9893,995
23,NORMA-18540,996
23,NORMA-11872,997
23,NORMA-8240,998
23,NORMA-11611,999
23,NORMA-5741,1000
24,NORMA-21135,1
24,NORMA-18434,2
24,NORMA-483,3
24,NORMA-20995,4
24,NORMA-15521,5
24,NORMA-3382,6
24,NORMA-12228,7
24,NORMA-15004,8
24,NORMA-11999,9
24,NORMA-75,10
24,NORMA-11631,11
24,NORMA-12002,12
24,NORMA-21012,13
24,NORMA-838,14
24,NORMA-21496,15
24,NORMA-20369,16
24,NORMA-12160,17
24,NORMA-11780,18
24,NORMA-21305,19
24,NORMA-28281,20
24,NORMA-11790,21
24,NORMA-8028,22
24,NORMA-18446,23
24,NORMA-20869,24
24,NORMA-20426,25
24,NORMA-6948,26
24,NORMA-20865,27
24,NORMA-21052,28
24,NORMA-19456,29
24,NORMA-20182,30
24,NORMA-18233,31
24,NORMA-3201,32
24,NORMA-18479,33
24,NORMA-6880,34
24,NORMA-423,35
24,NORMA-2536,36
24,NORMA-82,37
24,NORMA-19212,38
24,NORMA-28181,39
24,NORMA-11474,40
24,NORMA-19081,41
24,NORMA-20376,42
24,NORMA-11527,43
24,NORMA-20941,44
24,NORMA-25902,45
24,NORMA-20443,46
24,NORMA-385,47
24,NORMA-3381,48
24,NORMA-21521,49
24,NORMA-21419,50
24,NORMA-1341,51
24,NORMA-21739,52
24,NORMA-18654,53
24,NORMA-21437,54
24,NORMA-18412,55
24,NORMA-2184,56
24,NORMA-21126,57
24,NORMA-2395,58
24,NORMA-18541,59
24,NORMA-12035,60
24,NORMA-12015,61
24,NORMA-21367,62
24,NORMA-12165,63
24,NORMA-21147,64
24,NORMA-18492,65
24,NORMA-12039,66
24,NORMA-11316,67
24,NORMA-1361,68
24,NORMA-20403,69
24,NORMA-1674,70
24,NORMA-2032,71
24,NORMA-2413,72
24,NORMA-19485,73
24,NORMA-20503,74
24,NORMA-12005,75
24,NORMA-20425,76
24,NORMA-24961,77
24,NORMA-21211,78
24,NORMA-1352,79
24,NORMA-21626,80
24,NORMA-1996,81
24,NORMA-18798,82
24,NORMA-18436,83
24,NORMA-19096,84
24,NORMA-18378,85
24,NORMA-21756,86
24,NORMA-220,87
24,NORMA-850,88
24,NORMA-21550,89
24,NORMA-76,90
24,NORMA-21224,91
24,NORMA-18394,92
24,NORMA-19981,93
24,NORMA-1175,94
24,NORMA-1171,95
24,NORMA-20096,96
24,NORMA-21308,97
24,NORMA-21249,98
24,NORMA-462,99
24,NORMA-18838,100
24,NORMA-21299,101
24,NORMA-1433,102
24,NORMA-19895,103
24,NORMA-19181,104
24,NORMA-18301,105
24,NORMA-1295,106
24,NORMA-729,107
24,NORMA-21028,108
24,NORMA-27761,109
24,NORMA-19152,110
24,NORMA-20258,111
24,NORMA-19582,112
24,NORMA-755,113
24,NORMA-21199,114
24,NORMA-6758,115
24,NORMA-20474,116
24,NORMA-19021,117
24,NORMA-21267,118
24,NORMA-18418,119
24,NORMA-20999,120
24,NORMA-11868,121
24,NORMA-22561,122
24,NORMA-11798,123
24,NORMA-21783,124
24,NORMA-20432,125
24,NORMA-12048,126
24,NORMA-18430,127
24,NORMA-19384,128
24,NORMA-20304,129
24,NORMA-18292,130
24,NORMA-11864,131
24,NORMA-16202,132
24,NORMA-20271,133
24,NORMA-20853,134
24,NORMA-21152,135
24,NORMA-21659,136
24,NORMA-18451,137
24,NORMA-18697,138
24,NORMA-2157,139
24,NORMA-20989,140
24,NORMA-21431,141
24,NORMA-704,142
24,NORMA-20263,143
24,NORMA-20557,144
24,NORMA-31904,145
24,NORMA-19568,146
24,NORMA-19275,147
24,NORMA-3988,148
24,NORMA-19080,149
24,NORMA-18303,150
24,NORMA-21461,151
24,NORMA-19715,152
24,NORMA-21023,153
24,NORMA-21157,154
24,NORMA-985,155
24,NORMA-19571,156
24,NORMA-18266,157
24,NORMA-21484,158
24,NORMA-21792,159
24,NORMA-18219,160
24,NORMA-13469,161
24,NORMA-20137,162
24,NORMA-7011,163
24,NORMA-20488,164
24,NORMA-6819,165
24,NORMA-21114,166
24,NORMA-19617,167
24,NORMA-12049,168
24,NORMA-19380,169
24,NORMA-6820,170
24,NORMA-19520,171
24,NORMA-18762,172
24,NORMA-18815,173
24,NORMA-19292,174
24,NORMA-20616,175
24,NORMA-20480,176
24,NORMA-18709,177
24,NORMA-6630,178
24,NORMA-6970,179
24,NORMA-19221,180
24,NORMA-21725,181
24,NORMA-21069,182
24,NORMA-3747,183
24,NORMA-12657,184
24,NORMA-6967,185
24,NORMA-3181,186
24,NORMA-21553,187
24,NORMA-4711,188
24,NORMA-18424,189
24,NORMA-6505,190
24,NORMA-4075,191
24,NORMA-4631,192
24,NORMA-11764,193
24,NORMA-20873,194
24,NORMA-28203,195
24,NORMA-7110,196
24,NORMA-11479,197
24,NORMA-20316,198
24,NORMA-11609,199
24,NORMA-9823,200
24,NORMA-18411,201
24,NORMA-19249,202
24,NORMA-11469,203
24,NORMA-19092,204
24,NORMA-11763,205
24,NORMA-19631,206
24,NORMA-20786,207
24,NORMA-20482,208
24,NORMA-18439,209
24,NORMA-20196,210
24,NORMA-20349,211
24,NORMA-19805,212
24,NORMA-4275,213
24,NORMA-19798,214
24,NORMA-21562,215
24,NORMA-4909,216
24,NORMA-21776,217
24,NORMA-7829,218
24,NORMA-21537,219
24,NORMA-20490,220
24,NORMA-29201,221
24,NORMA-14937,222
24,NORMA-5586,223
24,NORMA-11615,224
24,NORMA-13158,225
24,NORMA-21086,226
24,NORMA-11981,227
24,NORMA-18981,228
24,NORMA-21388,229
24,NORMA-20754,230
24,NORMA-1260,231
24,NORMA-6316,232
24,NORMA-6181,233
24,NORMA-11766,234
24,NORMA-5626,235
24,NORMA-20985,236
24,NORMA-19787,237
24,NORMA-3241,238
24,NORMA-20928,239
24,NORMA-5536,240
24,NORMA-24582,241
24,NORMA-20943,242
24,NORMA-7068,243
24,NORMA-7525,244
24,NORMA-1516,245
24,NORMA-20487,246
24,NORMA-21547,247
24,NORMA-20796,248
24,NORMA-10878,249
24,NORMA-4335,250
24,NORMA-3642,251
24,NORMA-11758,252
24,NORMA-21608,253
24,NORMA-5334,254
24,NORMA-11473,255
24,NORMA-19486,256
24,NORMA-5181,257
24,NORMA-7241,258
24,NORMA-11632,259
24,NORMA-21026,260
24,NORMA-4277,261
24,NORMA-21205,262
24,NORMA-23441,263
24,NORMA-13474,264
24,NORMA-1740,265
24,NORMA-21085,266
24,NORMA-18375,267
24,NORMA-4091,268
24,NORMA-1463,269
24,NORMA-18385,270
24,NORMA-11739,271
24,NORMA-11621,272
24,NORMA-19337,273
24,NORMA-20407,274
24,NORMA-20091,275
24,NORMA-21253,276
24,NORMA-2981,277
24,NORMA-4746,278
24,NORMA-12067,279
24,NORMA-20861,280
24,NORMA-20402,281
24,NORMA-11476,282
24,NORMA-11687,283
24,NORMA-416,284
24,NORMA-18549,285
24,NORMA-19200,286
24,NORMA-20870,287
24,NORMA-19507,288
24,NORMA-10375,289
24,NORMA-20374,290
24,NORMA-1471,291
24,NORMA-20930,292
24,NORMA-10629,293
24,NORMA-464,294
24,NORMA-12014,295
24,NORMA-12234,296
24,NORMA-20389,297
24,NORMA-19853,298
24,NORMA-12232,299
24,NORMA-11417,300
24,NORMA-11792,301
24,NORMA-6082,302
24,NORMA-19933,303
24,NORMA-11472,304
24,NORMA-5359,305
24,NORMA-21107,306
24,NORMA-19977,307
24,NORMA-19095,308
24,NORMA-4267,309
24,NORMA-12060,310
24,NORMA-11605,311
24,NORMA-1619,312
24,NORMA-5072,313
24,NORMA-12006,314
24,NORMA-1585,315
24,NORMA-4079,316
24,NORMA-1631,317
24,NORMA-13466,318
24,NORMA-20382,319
24,NORMA-20002,320
24,NORMA-10260,321
24,NORMA-1994,322
24,NORMA-11814,323
24,NORMA-19232,324
24,NORMA-18237,325
24,NORMA-19170,326
24,NORMA-18204,327
24,NORMA-1222,328
24,NORMA-15211,329
24,NORMA-21523,330
24,NORMA-20888,331
24,NORMA-5220,332
24,NORMA-1620,333
24,NORMA-21113,334
24,NORMA-20280,335
24,NORMA-3342,336
24,NORMA-4308,337
24,NORMA-5290,338
24,NORMA-20465,339
24,NORMA-19573,340
24,NORMA-18445,341
24,NORMA-7012,342
24,NORMA-5507,343
24,NORMA-4830,344
24,NORMA-18682,345
24,NORMA-2432,346
24,NORMA-20468,347
24,NORMA-19387,348
24,NORMA-21705,349
24,NORMA-21190,350
24,NORMA-18796,351
24,NORMA-19883,352
24,NORMA-18286,353
24,NORMA-4393,354
24,NORMA-332,355
24,NORMA-4826,356
24,NORMA-17201,357
24,NORMA-20473,358
24,NORMA-5478,359
24,NORMA-20584,360
24,NORMA-20841,361
24,NORMA-20993,362
24,NORMA-12103,363
24,NORMA-20904,364
24,NORMA-4827,365
24,NORMA-20501,366
24,NORMA-20398,367
24,NORMA-20366,368
24,NORMA-21606,369
24,NORMA-3462,370
24,NORMA-6509,371
24,NORMA-19871,372
24,NORMA-7390,373
24,NORMA-7651,374
24,NORMA-1567,375
24,NORMA-4818,376
24,NORMA-19155,377
24,NORMA-14642,378
24,NORMA-11836,379
24,NORMA-11827,380
24,NORMA-18450,381
24,NORMA-13977,382
24,NORMA-13317,383
24,NORMA-21507,384
24,NORMA-15362,385
24,NORMA-11828,386
24,NORMA-6256,387
24,NORMA-20164,388
24,NORMA-6623,389
24,NORMA-13357,390
24,NORMA-11736,391
24,NORMA-2519,392
24,NORMA-20625,393
24,NORMA-10821,394
24,NORMA-3568,395
24,NORMA-6084,396
24,NORMA-18279,397
24,NORMA-9888,398
24,NORMA-1421,399
24,NORMA-20157,400
24,NORMA-20460,401
24,NORMA-12303,402
24,NORMA-4868,403
24,NORMA-1541,404
24,NORMA-8248,405
24,NORMA-4435,406
24,NORMA-16147,407
24,NORMA-4929,408
24,NORMA-11982,409
24,NORMA-18102,410
24,NORMA-20477,411
24,NORMA-3804,412
24,NORMA-3850,413
24,NORMA-11998,414
24,NORMA-20854,415
24,NORMA-1654,416
24,NORMA-5553,417
24,NORMA-3693,418
24,NORMA-13263,419
24,NORMA-11607,420
24,NORMA-745,421
24,NORMA-20278,422
24,NORMA-17281,423
24,NORMA-5028,424
24,NORMA-22001,425
24,NORMA-11723,426
24,NORMA-11041,427
24,NORMA-6645,428
24,NORMA-5956,429
24,NORMA-20428,430
24,NORMA-3618,431
24,NORMA-802,432
24,NORMA-20037,433
24,NORMA-5141,434
24,NORMA-20188,435
24,NORMA-4219,436
24,NORMA-9779,437
24,NORMA-2089,438
24,NORMA-59,439
24,NORMA-660,440
24,NORMA-18502,441
24,NORMA-2013,442
24,NORMA-801,443
24,NORMA-7838,444
24,NORMA-2185,445
24,NORMA-834,446
24,NORMA-5378,447
24,NORMA-1611,448
24,NORMA-21784,449
24,NORMA-554,450
24,NORMA-23027,451
24,NORMA-24102,452
24,NORMA-8515,453
24,NORMA-2546,454
24,NORMA-21071,455
24,NORMA-11920,456
24,NORMA-21402,457
24,NORMA-25523,458
24,NORMA-11779,459
24,NORMA-7211,460
24,NORMA-2020,461
24,NORMA-15045,462
24,NORMA-23682,463
24,NORMA-14542,464
24,NORMA-21008,465
24,NORMA-21189,466
24,NORMA-19643,467
24,NORMA-21417,468
24,NORMA-1026,469
24,NORMA-20359,470
24,NORMA-20990,471
24,NORMA-1547,472
24,NORMA-21497,473
24,NORMA-23521,474
24,NORMA-5008,475
24,NORMA-18216,476
24,NORMA-6075,477
24,NORMA-20886,478
24,NORMA-10044,479
24,NORMA-5062,480
24,NORMA-18444,481
24,NORMA-4152,482
24,NORMA-20945,483
24,NORMA-27022,484
24,NORMA-10123,485
24,NORMA-1252,486
24,NORMA-20224,487
24,NORMA-1183,488
24,NORMA-10865,489
24,NORMA-9358,490
24,NORMA-20934,491
24,NORMA-1207,492
24,NORMA-20874,493
24,NORMA-21236,494
24,NORMA-13265,495
24,NORMA-18501,496
24,NORMA-12630,497
24,NORMA-18933,498
24,NORMA-18638,499
24,NORMA-21131,500
24,NORMA-5900,501
24,NORMA-5431,502
24,NORMA-10119,503
24,NORMA-11614,504
24,NORMA-3700,505
24,NORMA-19391,506
24,NORMA-4820,507
24,NORMA-21002,508
24,NORMA-19408,509
24,NORMA-3991,510
24,NORMA-8743,511
24,NORMA-18807,512
24,NORMA-19611,513
24,NORMA-20476,514
24,NORMA-188,515
24,NORMA-4443,516
24,NORMA-19220,517
24,NORMA-13402,518
24,NORMA-6636,519
24,NORMA-4297,520
24,NORMA-4898,521
24,NORMA-18769,522
24,NORMA-5060,523
24,NORMA-7149,524
24,NORMA-20927,525
24,NORMA-19383,526
24,NORMA-21226,527
24,NORMA-8522,528
24,NORMA-18298,529
24,NORMA-21158,530
24,NORMA-18211,531
24,NORMA-20291,532
24,NORMA-19574,533
24,NORMA-21286,534
24,NORMA-21403,535
24,NORMA-292,536
24,NORMA-11649,537
24,NORMA-20705,538
24,NORMA-12910,539
24,NORMA-11144,540
24,NORMA-18554,541
24,NORMA-3989,542
24,NORMA-18537,543
24,NORMA-7741,544
24,NORMA-28362,545
24,NORMA-18823,546
24,NORMA-3638,547
24,NORMA-20880,548
24,NORMA-20397,549
24,NORMA-571,550
24,NORMA-20785,551
24,NORMA-26841,552
24,NORMA-20691,553
24,NORMA-20774,554
24,NORMA-33288,555
24,NORMA-20371,556
24,NORMA-4550,557
24,NORMA-20728,558
24,NORMA-4316,559
24,NORMA-1863,560
24,NORMA-20282,561
24,NORMA-33308,562
24,NORMA-21217,563
24,NORMA-18819,564
24,NORMA-15701,565
24,NORMA-28961,566
24,NORMA-21760,567
24,NORMA-20633,568
24,NORMA-8074,569
24,NORMA-18377,570
24,NORMA-21139,571
24,NORMA-8570,572
24,NORMA-3735,573
24,NORMA-6015,574
24,NORMA-4634,575
24,NORMA-20800,576
24,NORMA-7744,577
24,NORMA-21328,578
24,NORMA-61,579
24,NORMA-6698,580
24,NORMA-21752,581
24,NORMA-19431,582
24,NORMA-28981,583
24,NORMA-20204,584
24,NORMA-12395,585
24,NORMA-9382,586
24,NORMA-3503,587
24,NORMA-18414,588
24,NORMA-4600,589
24,NORMA-2551,590
24,NORMA-19233,591
24,NORMA-15541,592
24,NORMA-558,593
24,NORMA-23341,594
24,NORMA-2415,595
24,NORMA-18432,596
24,NORMA-6830,597
24,NORMA-1274,598
24,NORMA-2623,599
24,NORMA-3806,600
24,NORMA-2455,601
24,NORMA-21260,602
24,NORMA-976,603
24,NORMA-9834,604
24,NORMA-11756,605
24,NORMA-14279,606
24,NORMA-3979,607
24,NORMA-777,608
24,NORMA-2376,609
24,NORMA-8677,610
24,NORMA-15561,611
24,NORMA-21744,612
24,NORMA-21634,613
24,NORMA-2470,614
24,NORMA-11742,615
24,NORMA-16268,616
24,NORMA-19618,617
24,NORMA-21046,618
24,NORMA-5170,619
24,NORMA-20970,620
24,NORMA-5853,621
24,NORMA-5417,622
24,NORMA-4325,623
24,NORMA-6343,624
24,NORMA-21063,625
24,NORMA-11882,626
24,NORMA-18403,627
24,NORMA-21661,628
24,NORMA-5843,629
24,NORMA-18690,630
24,NORMA-20677,631
24,NORMA-20850,632
24,NORMA-20217,633
24,NORMA-19923,634
24,NORMA-5852,635
24,NORMA-25201,636
24,NORMA-20029,637
24,NORMA-7723,638
24,NORMA-783,639
24,NORMA-1475,640
24,NORMA-15882,641
24,NORMA-18393,642
24,NORMA-19803,643
24,NORMA-8076,644
24,NORMA-8825,645
24,NORMA-6470,646
24,NORMA-2444,647
24,NORMA-20566,648
24,NORMA-4448,649
24,NORMA-2523,650
24,NORMA-3953,651
24,NORMA-8004,652
24,NORMA-20577,653
24,NORMA-20726,654
24,NORMA-20811,655
24,NORMA-20233,656
24,NORMA-10326,657
24,NORMA-13802,658
24,NORMA-20910,659
24,NORMA-5421,660
24,NORMA-4733,661
24,NORMA-19057,662
24,NORMA-4610,663
24,NORMA-20755,664
24,NORMA-1442,665
24,NORMA-984,666
24,NORMA-22721,667
24,NORMA-21125,668
24,NORMA-21595,669
24,NORMA-20778,670
24,NORMA-19090,671
24,NORMA-3594,672
24,NORMA-1144,673
24,NORMA-21712,674
24,NORMA-23222,675
24,NORMA-19184,676
24,NORMA-996,677
24,NORMA-20707,678
24,NORMA-4036,679
24,NORMA-13174,680
24,NORMA-20422,681
24,NORMA-21664,682
24,NORMA-20167,683
24,NORMA-5976,684
24,NORMA-6752,685
24,NORMA-12102,686
24,NORMA-14063,687
24,NORMA-974,688
24,NORMA-15381,689
24,NORMA-12612,690
24,NORMA-11576,691
24,NORMA-3281,692
24,NORMA-12315,693
24,NORMA-11571,694
24,NORMA-1545,695
24,NORMA-4054,696
24,NORMA-15581,697
24,NORMA-4010,698
24,NORMA-11757,699
24,NORMA-15377,700
24,NORMA-14470,701
24,NORMA-2367,702
24,NORMA-27305,703
24,NORMA-328,704
24,NORMA-1163,705
24,NORMA-1332,706
24,NORMA-21220,707
24,NORMA-20240,708
24,NORMA-1407,709
24,NORMA-5356,710
24,NORMA-3796,711
24,NORMA-15239,712
24,NORMA-21200,713
24,NORMA-1179,714
24,NORMA-7831,715
24,NORMA-833,716
24,NORMA-10029,717
24,NORMA-7384,718
24,NORMA-20505,719
24,NORMA-9871,720
24,NORMA-27449,721
24,NORMA-8918,722
24,NORMA-5962,723
24,NORMA-18910,724
24,NORMA-4290,725
24,NORMA-4253,726
24,NORMA-18208,727
24,NORMA-6044,728
24,NORMA-5558,729
24,NORMA-8388,730
24,NORMA-3632,731
24,NORMA-19824,732
24,NORMA-2691,733
24,NORMA-2537,734
24,NORMA-6757,735
24,NORMA-3499,736
24,NORMA-5706,737
24,NORMA-4493,738
24,NORMA-20757,739
24,NORMA-3877,740
24,NORMA-11528,741
24,NORMA-20130,742
24,NORMA-4112,743
24,NORMA-19646,744
24,NORMA-20948,745
24,NORMA-20053,746
24,NORMA-19192,747
24,NORMA-20912,748
24,NORMA-8011,749
24,NORMA-15542,750
24,NORMA-4579,751
24,NORMA-4459,752
24,NORMA-18772,753
24,NORMA-21025,754
24,NORMA-18287,755
24,NORMA-7381,756
24,NORMA-13138,757
24,NORMA-20906,758
24,NORMA-1373,759
24,NORMA-9261,760
24,NORMA-14459,761
24,NORMA-1306,762
24,NORMA-5393,763
24,NORMA-358,764
24,NORMA-1420,765
24,NORMA-1346,766
24,NORMA-1129,767
24,NORMA-20961,768
24,NORMA-798,769
24,NORMA-19655,770
24,NORMA-6453,771
24,NORMA-1151,772
24,NORMA-1098,773
24,NORMA-875,774
24,NORMA-357,775
24,NORMA-11716,776
24,NORMA-1408,777
24,NORMA-751,778
24,NORMA-1280,779
24,NORMA-7655,780
24,NORMA-27585,781
24,NORMA-5014,782
24,NORMA-1334,783
24,NORMA-20599,784
24,NORMA-9621,785
24,NORMA-1776,786
24,NORMA-4609,787
24,NORMA-18213,788
24,NORMA-1388,789
24,NORMA-5157,790
24,NORMA-8680,791
24,NORMA-20483,792
24,NORMA-3480,793
24,NORMA-18382,794
24,NORMA-8399,795
24,NORMA-16481,796
24,NORMA-4674,797
24,NORMA-11556,798
24,NORMA-9110,799
24,NORMA-680,800
24,NORMA-20445,801
24,NORMA-21519,802
24,NORMA-8176,803
24,NORMA-7942,804
24,NORMA-11577,805
24,NORMA-14059,806
24,NORMA-5897,807
24,NORMA-9670,808
24,NORMA-11572,809
24,NORMA-15028,810
24,NORMA-11578,811
24,NORMA-18748,812
24,NORMA-4668,813
24,NORMA-20793,814
24,NORMA-4379,815
24,NORMA-6092,816
24,NORMA-6410,817
24,NORMA-11599,818
24,NORMA-18248,819
24,NORMA-20959,820
24,NORMA-13552,821
24,NORMA-21766,822
24,NORMA-6669,823
24,NORMA-1840,824
24,NORMA-6014,825
24,NORMA-5684,826
24,NORMA-6895,827
24,NORMA-27063,828
24,NORMA-4467,829
24,NORMA-6344,830
24,NORMA-14302,831
24,NORMA-567,832
24,NORMA-4478,833
24,NORMA-11767,834
24,NORMA-5760,835
24,NORMA-11570,836
24,NORMA-18931,837
24,NORMA-21276,838
24,NORMA-18958,839
24,NORMA-14508,840
24,NORMA-21065,841
24,NORMA-13056,842
24,NORMA-21506,843
24,NORMA-12900,844
24,NORMA-12901,845
24,NORMA-27342,846
24,NORMA-7728,847
24,NORMA-18359,848
24,NORMA-20195,849
24,NORMA-3501,850
24,NORMA-5851,851
24,NORMA-18747,852
24,NORMA-5990,853
24,NORMA-15068,854
24,NORMA-5242,855
24,NORMA-14858,856
24,NORMA-9812,857
24,NORMA-13555,858
24,NORMA-4291,859
24,NORMA-20185,860
24,NORMA-21241,861
24,NORMA-22862,862
24,NORMA-4542,863
24,NORMA-21678,864
24,NORMA-4621,865
24,NORMA-4926,866
24,NORMA-20007,867
24,NORMA-4065,868
24,NORMA-21651,869
24,NORMA-8746,870
24,NORMA-19609,871
24,NORMA-8389,872
24,NORMA-12027,873
24,NORMA-19842,874
24,NORMA-19844,875
24,NORMA-5346,876
24,NORMA-4537,877
24,NORMA-19580,878
24,NORMA-9612,879
24,NORMA-8686,880
24,NORMA-7722,881
24,NORMA-8920,882
24,NORMA-18406,883
24,NORMA-5570,884
24,NORMA-2181,885
24,NORMA-8256,886
24,NORMA-20595,887
24,NORMA-1788,888
24,NORMA-1286,889
24,NORMA-736,890
24,NORMA-2456,891
24,NORMA-3919,892
24,NORMA-8240,893
24,NORMA-1390,894
24,NORMA-4565,895
24,NORMA-21283,896
24,NORMA-1188,897
24,NORMA-21246,898
24,NORMA-19305,899
24,NORMA-2421,900
24,NORMA-20103,901
24,NORMA-20209,902
24,NORMA-20289,903
24,NORMA-19809,904
24,NORMA-21269,905
24,NORMA-4519,906
24,NORMA-2447,907
24,NORMA-8310,908
24,NORMA-19513,909
24,NORMA-4699,910
24,NORMA-20448,911
24,NORMA-5548,912
24,NORMA-5753,913
24,NORMA-18806,914
24,NORMA-8937,915
24,NORMA-2555,916
24,NORMA-8695,917
24,NORMA-9785,918
24,NORMA-8827,919
24,NORMA-5988,920
24,NORMA-8177,921
24,NORMA-15237,922
24,NORMA-5945,923
24,NORMA-1608,924
24,NORMA-20453,925
24,NORMA-8699,926
24,NORMA-5352,927
24,NORMA-5840,928
24,NORMA-4997,929
24,NORMA-5896,930
24,NORMA-6831,931
24,NORMA-5438,932
24,NORMA-818,933
24,NORMA-6046,934
24,NORMA-2180,935
24,NORMA-19953,936
24,NORMA-27550,937
24,NORMA-9595,938
24,NORMA-6801,939
24,NORMA-4272,940
24,NORMA-4114,941
24,NORMA-8320,942
24,NORMA-21302,943
24,NORMA-5812,944
24,NORMA-21554,945
24,NORMA-8824,946
24,NORMA-22941,947
24,NORMA-27261,948
24,NORMA-4050,949
24,NORMA-4261,950
24,NORMA-20028,951
24,NORMA-4068,952
24,NORMA-20621,953
24,NORMA-28942,954
24,NORMA-19625,955
24,NORMA-4688,956
24,NORMA-20197,957
24,NORMA-5968,958
24,NORMA-11751,959
24,NORMA-16941,960
24,NORMA-3569,961
24,NORMA-28142,962
24,NORMA-7556,963
24,NORMA-11524,964
24,NORMA-27926,965
24,NORMA-18844,966
24,NORMA-27925,967
24,NORMA-27941,968
24,NORMA-27746,969
24,NORMA-4305,970
24,NORMA-6242,971
24,NORMA-5600,972
24,NORMA-16424,973
24,NORMA-11574,974
24,NORMA-13954,975
24,NORMA-8692,976
24,NORMA-27924,977
24,NORMA-515,978
24,NORMA-1452,979
24,NORMA-5007,980
24,NORMA-5737,981
24,NORMA-18863,982
24,NORMA-20027,983
24,NORMA-969,984
24,NORMA-12428,985
24,NORMA-20522,986
24,NORMA-20678,987
24,NORMA-20222,988
24,NORMA-21509,989
24,NORMA-7721,990
24,NORMA-20720,991
24,NORMA-18952,992
24,NORMA-230,993
24,NORMA-10931,994
24,NORMA-5235,995
24,NORMA-17221,996
24,NORMA-26981,997
24,NORMA-20753,998
24,NORMA-8239,999
24,NORMA-5019,1000
25,NORMA-20995,1
25,NORMA-21626,2
25,NORMA-21419,3
25,NORMA-19096,4
25,NORMA-21550,5
25,NORMA-21367,6
25,NORMA-20941,7
25,NORMA-19212,8
25,NORMA-18796,9
25,NORMA-18446,10
25,NORMA-12657,11
25,NORMA-7110,12
25,NORMA-8028,13
25,NORMA-18233,14
25,NORMA-6948,15
25,NORMA-19431,16
25,NORMA-19152,17
25,NORMA-21461,18
25,NORMA-21739,19
25,NORMA-21506,20
25,NORMA-21398,21
25,NORMA-18762,22
25,NORMA-21113,23
25,NORMA-21783,24
25,NORMA-21705,25
25,NORMA-19387,26
25,NORMA-18541,27
25,NORMA-21023,28
25,NORMA-20376,29
25,NORMA-20428,30
25,NORMA-21052,31
25,NORMA-19715,32
25,NORMA-21496,33
25,NORMA-21012,34
25,NORMA-19095,35
25,NORMA-18411,36
25,NORMA-18492,37
25,NORMA-21114,38
25,NORMA-21228,39
25,NORMA-20316,40
25,NORMA-20369,41
25,NORMA-21756,42
25,NORMA-25902,43
25,NORMA-20474,44
25,NORMA-18479,45
25,NORMA-3181,46
25,NORMA-18439,47
25,NORMA-21267,48
25,NORMA-21231,49
25,NORMA-3381,50
25,NORMA-21792,51
25,NORMA-21126,52
25,NORMA-18219,53
25,NORMA-20425,54
25,NORMA-19181,55
25,NORMA-3201,56
25,NORMA-20473,57
25,NORMA-28181,58
25,NORMA-21224,59
25,NORMA-11739,60
25,NORMA-20503,61
25,NORMA-6880,62
25,NORMA-6636,63
25,NORMA-11864,64
25,NORMA-18654,65
25,NORMA-18818,66
25,NORMA-21521,67
25,NORMA-12102,68
25,NORMA-11615,69
25,NORMA-20488,70
25,NORMA-18430,71
25,NORMA-21437,72
25,NORMA-21507,73
25,NORMA-21211,74
25,NORMA-10629,75
25,NORMA-18432,76
25,NORMA-21147,77
25,NORMA-7027,78
25,NORMA-18364,79
25,NORMA-6758,80
25,NORMA-19081,81
25,NORMA-19249,82
25,NORMA-10200,83
25,NORMA-19981,84
25,NORMA-20359,85
25,NORMA-20989,86
25,NORMA-1567,87
25,NORMA-21431,88
25,NORMA-8458,89
25,NORMA-21752,90
25,NORMA-20999,91
25,NORMA-7953,92
25,NORMA-18958,93
25,NORMA-18208,94
25,NORMA-21776,95
25,NORMA-3281,96
25,NORMA-18434,97
25,NORMA-20917,98
25,NORMA-21135,99
25,NORMA-704,100
25,NORMA-20465,101
25,NORMA-19724,102
25,NORMA-21239,103
25,NORMA-75,104
25,NORMA-20865,105
25,NORMA-20188,106
25,NORMA-20349,107
25,NORMA-12049,108
25,NORMA-21537,109
25,NORMA-19977,110
25,NORMA-20460,111
25,NORMA-18780,112
25,NORMA-20902,113
25,NORMA-20402,114
25,NORMA-21107,115
25,NORMA-19021,116
25,NORMA-19092,117
25,NORMA-19378,118
25,NORMA-20480,119
25,NORMA-21523,120
25,NORMA-18984,121
25,NORMA-6627,122
25,NORMA-18436,123
25,NORMA-12048,124
25,NORMA-28961,125
25,NORMA-21260,126
25,NORMA-21484,127
25,NORMA-18838,128
25,NORMA-21253,129
25,NORMA-21553,130
25,NORMA-21524,131
25,NORMA-15701,132
25,NORMA-10375,133
25,NORMA-1740,134
25,NORMA-11798,135
25,NORMA-20258,136
25,NORMA-6957,137
25,NORMA-19617,138
25,NORMA-61,139
25,NORMA-18225,140
25,NORMA-27761,141
25,NORMA-20422,142
25,NORMA-18502,143
25,NORMA-21541,144
25,NORMA-18325,145
25,NORMA-28362,146
25,NORMA-19609,147
25,NORMA-18863,148
25,NORMA-21310,149
25,NORMA-20435,150
25,NORMA-20037,151
25,NORMA-21631,152
25,NORMA-19384,153
25,NORMA-3382,154
25,NORMA-20398,155
25,NORMA-11474,156
25,NORMA-11527,157
25,NORMA-15882,158
25,NORMA-19574,159
25,NORMA-462,160
25,NORMA-21217,161
25,NORMA-20389,162
25,NORMA-9823,163
25,NORMA-19883,164
25,NORMA-19275,165
25,NORMA-20914,166
25,NORMA-19174,167
25,NORMA-3241,168
25,NORMA-11588,169
25,NORMA-18412,170
25,NORMA-18359,171
25,NORMA-20182,172
25,NORMA-21218,173
25,NORMA-12089,174
25,NORMA-6820,175
25,NORMA-26102,176
25,NORMA-11999,177
25,NORMA-12002,178
25,NORMA-11571,179
25,NORMA-11814,180
25,NORMA-20487,181
25,NORMA-18772,182
25,NORMA-6970,183
25,NORMA-20426,184
25,NORMA-20557,185
25,NORMA-18806,186
25,NORMA-12029,187
25,NORMA-18237,188
25,NORMA-19232,189
25,NORMA-19380,190
25,NORMA-21046,191
25,NORMA-6819,192
25,NORMA-21515,193
25,NORMA-20407,194
25,NORMA-2184,195
25,NORMA-16202,196
25,NORMA-19650,197
25,NORMA-7011,198
25,NORMA-20869,199
25,NORMA-20861,200
25,NORMA-11780,201
25,NORMA-20137,202
25,NORMA-19520,203
25,NORMA-19292,204
25,NORMA-19631,205
25,NORMA-18306,206
25,NORMA-21249,207
25,NORMA-6084,208
25,NORMA-984,209
25,NORMA-12113,210
25,NORMA-20382,211
25,NORMA-20531,212
25,NORMA-13469,213
25,NORMA-21071,214
25,NORMA-18825,215
25,NORMA-12060,216
25,NORMA-18224,217
25,NORMA-6757,218
25,NORMA-13954,219
25,NORMA-18709,220
25,NORMA-7025,221
25,NORMA-14937,222
25,NORMA-20477,223
25,NORMA-13158,224
25,NORMA-17201,225
25,NORMA-9834,226
25,NORMA-19221,227
25,NORMA-18669,228
25,NORMA-10309,229
25,NORMA-20796,230
25,NORMA-1674,231
25,NORMA-1222,232
25,NORMA-18444,233
25,NORMA-18339,234
25,NORMA-1421,235
25,NORMA-18859,236
25,NORMA-19582,237
25,NORMA-21152,238
25,NORMA-20366,239
25,NORMA-5536,240
25,NORMA-21256,241
25,NORMA-21236,242
25,NORMA-20443,243
25,NORMA-3638,244
25,NORMA-6185,245
25,NORMA-818,246
25,NORMA-6082,247
25,NORMA-21157,248
25,NORMA-19473,249
25,NORMA-18967,250
25,NORMA-20501,251
25,NORMA-18816,252
25,NORMA-20754,253
25,NORMA-20451,254
25,NORMA-20482,255
25,NORMA-20021,256
25,NORMA-18815,257
25,NORMA-18298,258
25,NORMA-2032,259
25,NORMA-4818,260
25,NORMA-18933,261
25,NORMA-18858,262
25,NORMA-19546,263
25,NORMA-20029,264
25,NORMA-18549,265
25,NORMA-7651,266
25,NORMA-1994,267
25,NORMA-20192,268
25,NORMA-7525,269
25,NORMA-12038,270
25,NORMA-20505,271
25,NORMA-9382,272
25,NORMA-21661,273
25,NORMA-19281,274
25,NORMA-7149,275
25,NORMA-15521,276
25,NORMA-21028,277
25,NORMA-18802,278
25,NORMA-20374,279
25,NORMA-21300,280
25,NORMA-28203,281
25,NORMA-6509,282
25,NORMA-20186,283
25,NORMA-417,284
25,NORMA-11868,285
25,NORMA-3642,286
25,NORMA-19968,287
25,NORMA-12160,288
25,NORMA-21086,289
25,NORMA-21343,290
25,NORMA-7241,291
25,NORMA-20985,292
25,NORMA-14459,293
25,NORMA-21650,294
25,NORMA-20490,295
25,NORMA-12020,296
25,NORMA-20197,297
25,NORMA-15239,298
25,NORMA-1171,299
25,NORMA-19192,300
25,NORMA-10119,301
25,NORMA-19597,302
25,NORMA-18301,303
25,NORMA-20616,304
25,NORMA-385,305
25,NORMA-31923,306
25,NORMA-18980,307
25,NORMA-18981,308
25,NORMA-2158,309
25,NORMA-2517,310
25,NORMA-1620,311
25,NORMA-20185,312
25,NORMA-18378,313
25,NORMA-18724,314
25,NORMA-18205,315
25,NORMA-1341,316
25,NORMA-22941,317
25,NORMA-20840,318
25,NORMA-12165,319
25,NORMA-15581,320
25,NORMA-19515,321
25,NORMA-20870,322
25,NORMA-15561,323
25,NORMA-416,324
25,NORMA-9792,325
25,NORMA-18537,326
25,NORMA-19682,327
25,NORMA-19953,328
25,NORMA-7012,329
25,NORMA-11790,330
25,NORMA-21020,331
25,NORMA-19651,332
25,NORMA-6645,333
25,NORMA-21139,334
25,NORMA-24582,335
25,NORMA-15881,336
25,NORMA-19969,337
25,NORMA-17321,338
25,NORMA-21238,339
25,NORMA-15211,340
25,NORMA-18798,341
25,NORMA-18356,342
25,NORMA-20476,343
25,NORMA-19629,344
25,NORMA-19787,345
25,NORMA-26201,346
25,NORMA-21308,347
25,NORMA-1619,348
25,NORMA-19784,349
25,NORMA-6316,350
25,NORMA-6181,351
25,NORMA-8522,352
25,NORMA-21547,353
25,NORMA-19051,354
25,NORMA-8027,355
25,NORMA-6630,356
25,NORMA-11655,357
25,NORMA-20007,358
25,NORMA-14239,359
25,NORMA-6698,360
25,NORMA-6623,361
25,NORMA-19845,362
25,NORMA-12067,363
25,NORMA-6967,364
25,NORMA-30043,365
25,NORMA-6621,366
25,NORMA-27022,367
25,NORMA-6256,368
25,NORMA-18292,369
25,NORMA-18276,370
25,NORMA-11316,371
25,NORMA-19871,372
25,NORMA-6199,373
25,NORMA-15237,374
25,NORMA-19919,375
25,NORMA-5421,376
25,NORMA-10029,377
25,NORMA-11472,378
25,NORMA-1534,379
25,NORMA-4075,380
25,NORMA-20448,381
25,NORMA-20447,382
25,NORMA-20853,383
25,NORMA-19205,384
25,NORMA-9871,385
25,NORMA-10044,386
25,NORMA-4275,387
25,NORMA-6669,388
25,NORMA-7384,389
25,NORMA-20195,390
25,NORMA-19634,391
25,NORMA-6856,392
25,NORMA-20945,393
25,NORMA-18706,394
25,NORMA-19798,395
25,NORMA-21634,396
25,NORMA-21695,397
25,NORMA-19959,398
25,NORMA-6344,399
25,NORMA-19941,400
25,NORMA-729,401
25,NORMA-12039,402
25,NORMA-20171,403
25,NORMA-28422,404
25,NORMA-21226,405
25,NORMA-21159,406
25,NORMA-1516,407
25,NORMA-11476,408
25,NORMA-21490,409
25,NORMA-21539,410
25,NORMA-20209,411
25,NORMA-20183,412
25,NORMA-19568,413
25,NORMA-21299,414
25,NORMA-11627,415
25,NORMA-11766,416
25,NORMA-18807,417
25,NORMA-21305,418
25,NORMA-18823,419
25,NORMA-20522,420
25,NORMA-20452,421
25,NORMA-6253,422
25,NORMA-1471,423
25,NORMA-20002,424
25,NORMA-15004,425
25,NORMA-18414,426
25,NORMA-19573,427
25,NORMA-18531,428
25,NORMA-12886,429
25,NORMA-20253,430
25,NORMA-20172,431
25,NORMA-18653,432
25,NORMA-1463,433
25,NORMA-6641,434
25,NORMA-20429,435
25,NORMA-20918,436
25,NORMA-12228,437
25,NORMA-9670,438
25,NORMA-18844,439
25,NORMA-9110,440
25,NORMA-4710,441
25,NORMA-6962,442
25,NORMA-28281,443
25,NORMA-7942,444
25,NORMA-20611,445
25,NORMA-18214,446
25,NORMA-11417,447
25,NORMA-20217,448
25,NORMA-14898,449
25,NORMA-21252,450
25,NORMA-21744,451
25,NORMA-21199,452
25,NORMA-13323,453
25,NORMA-18804,454
25,NORMA-14788,455
25,NORMA-18603,456
25,NORMA-20633,457
25,NORMA-31904,458
25,NORMA-18819,459
25,NORMA-4711,460
25,NORMA-21026,461
25,NORMA-20271,462
25,NORMA-19842,463
25,NORMA-834,464
25,NORMA-2536,465
25,NORMA-20786,466
25,NORMA-21676,467
25,NORMA-18527,468
25,NORMA-11734,469
25,NORMA-19471,470
25,NORMA-18342,471
25,NORMA-18249,472
25,NORMA-20621,473
25,NORMA-19722,474
25,NORMA-18451,475
25,NORMA-20569,476
25,NORMA-6752,477
25,NORMA-11516,478
25,NORMA-11631,479
25,NORMA-20873,480
25,NORMA-19056,481
25,NORMA-1776,482
25,NORMA-974,483
25,NORMA-21069,484
25,NORMA-21533,485
25,NORMA-12872,486
25,NORMA-18955,487
25,NORMA-11722,488
25,NORMA-18424,489
25,NORMA-18691,490
25,NORMA-18646,491
25,NORMA-783,492
25,NORMA-21417,493
25,NORMA-19632,494
25,NORMA-13106,495
25,NORMA-21784,496
25,NORMA-21519,497
25,NORMA-4219,498
25,NORMA-18286,499
25,NORMA-2089,500
25,NORMA-21137,501
25,NORMA-11567,502
25,NORMA-20753,503
25,NORMA-20091,504
25,NORMA-10878,505
25,NORMA-28001,506
25,NORMA-12664,507
25,NORMA-6318,508
25,NORMA-20102,509
25,NORMA-19730,510
25,NORMA-10994,511
25,NORMA-18385,512
25,NORMA-26003,513
25,NORMA-20709,514
25,NORMA-2269,515
25,NORMA-20468,516
25,NORMA-19980,517
25,NORMA-18450,518
25,NORMA-11756,519
25,NORMA-21220,520
25,NORMA-21659,521
25,NORMA-33288,522
25,NORMA-21508,523
25,NORMA-2551,524
25,NORMA-18548,525
25,NORMA-13160,526
25,NORMA-33308,527
25,NORMA-13298,528
25,NORMA-7381,529
25,NORMA-20265,530
25,NORMA-18788,531
25,NORMA-18797,532
25,NORMA-19417,533
25,NORMA-483,534
25,NORMA-996,535
25,NORMA-332,536
25,NORMA-13508,537
25,NORMA-18303,538
25,NORMA-1175,539
25,NORMA-21058,540
25,NORMA-21586,541
25,NORMA-19983,542
25,NORMA-29005,543
25,NORMA-5586,544
25,NORMA-5626,545
25,NORMA-18773,546
25,NORMA-18222,547
25,NORMA-6257,548
25,NORMA-20381,549
25,NORMA-20925,550
25,NORMA-19408,551
25,NORMA-1144,552
25,NORMA-2444,553
25,NORMA-19330,554
25,NORMA-18529,555
25,NORMA-21404,556
25,NORMA-21352,557
25,NORMA-19170,558
25,NORMA-21664,559
25,NORMA-19593,560
25,NORMA-1151,561
25,NORMA-1098,562
25,NORMA-19155,563
25,NORMA-21418,564
25,NORMA-19028,565
25,NORMA-20993,566
25,NORMA-10821,567
25,NORMA-19699,568
25,NORMA-20205,569
25,NORMA-11751,570
25,NORMA-228,571
25,NORMA-6644,572
25,NORMA-423,573
25,NORMA-6321,574
25,NORMA-20053,575
25,NORMA-23222,576
25,NORMA-20432,577
25,NORMA-26124,578
25,NORMA-21648,579
25,NORMA-21043,580
25,NORMA-2413,581
25,NORMA-23027,582
25,NORMA-11736,583
25,NORMA-19105,584
25,NORMA-7015,585
25,NORMA-20189,586
25,NORMA-21286,587
25,NORMA-17281,588
25,NORMA-19659,589
25,NORMA-19818,590
25,NORMA-20027,591
25,NORMA-21712,592
25,NORMA-21017,593
25,NORMA-19966,594
25,NORMA-18394,595
25,NORMA-22561,596
25,NORMA-12035,597
25,NORMA-11731,598
25,NORMA-555,599
25,NORMA-12015,600
25,NORMA-22001,601
25,NORMA-21459,602
25,NORMA-18266,603
25,NORMA-970,604
25,NORMA-4091,605
25,NORMA-838,606
25,NORMA-19603,607
25,NORMA-11470,608
25,NORMA-21247,609
25,NORMA-20997,610
25,NORMA-1442,611
25,NORMA-21121,612
25,NORMA-972,613
25,NORMA-24102,614
25,NORMA-20916,615
25,NORMA-19542,616
25,NORMA-21036,617
25,NORMA-6954,618
25,NORMA-18690,619
25,NORMA-20397,620
25,NORMA-21029,621
25,NORMA-19061,622
25,NORMA-20065,623
25,NORMA-20580,624
25,NORMA-358,625
25,NORMA-249,626
25,NORMA-26701,627
25,NORMA-20928,628
25,NORMA-6083,629
25,NORMA-9888,630
25,NORMA-2981,631
25,NORMA-21647,632
25,NORMA-18583,633
25,NORMA-317,634
25,NORMA-9297,635
25,NORMA-12005,636
25,NORMA-9724,637
25,NORMA-21206,638
25,NORMA-12014,639
25,NORMA-12234,640
25,NORMA-20277,641
25,NORMA-19803,642
25,NORMA-20726,643
25,NORMA-12232,644
25,NORMA-567,645
25,NORMA-20223,646
25,NORMA-27342,647
25,NORMA-11570,648
25,NORMA-19644,649
25,NORMA-19646,650
25,NORMA-20303,651
25,NORMA-11687,652
25,NORMA-21215,653
25,NORMA-2415,654
25,NORMA-835,655
25,NORMA-21192,656
25,NORMA-19876,657
25,NORMA-11524,658
25,NORMA-18501,659
25,NORMA-20453,660
25,NORMA-19383,661
25,NORMA-20944,662
25,NORMA-11574,663
25,NORMA-6092,664
25,NORMA-19805,665
25,NORMA-6410,666
25,NORMA-11512,667
25,NORMA-21245,668
25,NORMA-19297,669
25,NORMA-1613,670
25,NORMA-20204,671
25,NORMA-19220,672
25,NORMA-21173,673
25,NORMA-21158,674
25,NORMA-12236,675
25,NORMA-21241,676
25,NORMA-2546,677
25,NORMA-9893,678
25,NORMA-18239,679
25,NORMA-21624,680
25,NORMA-12006,681
25,NORMA-20483,682
25,NORMA-21244,683
25,NORMA-12910,684
25,NORMA-6245,685
25,NORMA-24661,686
25,NORMA-20196,687
25,NORMA-20799,688
25,NORMA-18403,689
25,NORMA-21606,690
25,NORMA-18248,691
25,NORMA-4423,692
25,NORMA-21357,693
25,NORMA-21609,694
25,NORMA-18868,695
25,NORMA-18656,696
25,NORMA-19942,697
25,NORMA-25523,698
25,NORMA-19206,699
25,NORMA-21790,700
25,NORMA-21394,701
25,NORMA-11735,702
25,NORMA-18536,703
25,NORMA-19379,704
25,NORMA-18750,705
25,NORMA-19923,706
25,NORMA-11576,707
25,NORMA-1663,708
25,NORMA-680,709
25,NORMA-21309,710
25,NORMA-5925,711
25,NORMA-11646,712
25,NORMA-20836,713
25,NORMA-19667,714
25,NORMA-19358,715
25,NORMA-18877,716
25,NORMA-19649,717
25,NORMA-19829,718
25,NORMA-19468,719
25,NORMA-20167,720
25,NORMA-18554,721
25,NORMA-18931,722
25,NORMA-11614,723
25,NORMA-20096,724
25,NORMA-11760,725
25,NORMA-27521,726
25,NORMA-6955,727
25,NORMA-18616,728
25,NORMA-21429,729
25,NORMA-19565,730
25,NORMA-18204,731
25,NORMA-20030,732
25,NORMA-21272,733
25,NORMA-18550,734
25,NORMA-11455,735
25,NORMA-20194,736
25,NORMA-20437,737
25,NORMA-19800,738
25,NORMA-10708,739
25,NORMA-11496,740
25,NORMA-1545,741
25,NORMA-20191,742
25,NORMA-20208,743
25,NORMA-21235,744
25,NORMA-27101,745
25,NORMA-18375,746
25,NORMA-23341,747
25,NORMA-21699,748
25,NORMA-21085,749
25,NORMA-21184,750
25,NORMA-21356,751
25,NORMA-18952,752
25,NORMA-4425,753
25,NORMA-8384,754
25,NORMA-20403,755
25,NORMA-24601,756
25,NORMA-18937,757
25,NORMA-20224,758
25,NORMA-20598,759
25,NORMA-7225,760
25,NORMA-26841,761
25,NORMA-13480,762
25,NORMA-19391,763
25,NORMA-20445,764
25,NORMA-13195,765
25,NORMA-19866,766
25,NORMA-76,767
25,NORMA-18295,768
25,NORMA-21718,769
25,NORMA-19957,770
25,NORMA-7280,771
25,NORMA-25201,772
25,NORMA-20631,773
25,NORMA-82,774
25,NORMA-19571,775
25,NORMA-19895,776
25,NORMA-19406,777
25,NORMA-21115,778
25,NORMA-6673,779
25,NORMA-21081,780
25,NORMA-23521,781
25,NORMA-19746,782
25,NORMA-20368,783
25,NORMA-19859,784
25,NORMA-19891,785
25,NORMA-6958,786
25,NORMA-21391,787
25,NORMA-13990,788
25,NORMA-1407,789
25,NORMA-3342,790
25,NORMA-11263,791
25,NORMA-124,792
25,NORMA-18333,793
25,NORMA-1179,794
25,NORMA-20106,795
25,NORMA-20912,796
25,NORMA-20199,797
25,NORMA-21008,798
25,NORMA-21450,799
25,NORMA-21668,800
25,NORMA-1420,801
25,NORMA-18986,802
25,NORMA-1346,803
25,NORMA-1129,804
25,NORMA-11528,805
25,NORMA-20433,806
25,NORMA-159,807
25,NORMA-20677,808
25,NORMA-19691,809
25,NORMA-19723,810
25,NORMA-357,811
25,NORMA-20959,812
25,NORMA-20780,813
25,NORMA-12631,814
25,NORMA-21390,815
25,NORMA-21561,816
25,NORMA-20800,817
25,NORMA-20849,818
25,NORMA-19967,819
25,NORMA-21386,820
25,NORMA-20070,821
25,NORMA-20184,822
25,NORMA-19799,823
25,NORMA-12649,824
25,NORMA-7028,825
25,NORMA-20421,826
25,NORMA-13594,827
25,NORMA-18227,828
25,NORMA-19618,829
25,NORMA-20222,830
25,NORMA-21275,831
25,NORMA-21509,832
25,NORMA-20293,833
25,NORMA-21725,834
25,NORMA-19822,835
25,NORMA-19119,836
25,NORMA-14652,837
25,NORMA-21127,838
25,NORMA-25964,839
25,NORMA-15901,840
25,NORMA-21279,841
25,NORMA-20523,842
25,NORMA-15921,843
25,NORMA-19017,844
25,NORMA-7386,845
25,NORMA-20977,846
25,NORMA-19474,847
25,NORMA-15542,848
25,NORMA-20948,849
25,NORMA-18406,850
25,NORMA-7222,851
25,NORMA-21545,852
25,NORMA-18293,853
25,NORMA-20536,854
25,NORMA-3503,855
25,NORMA-20793,856
25,NORMA-19605,857
25,NORMA-20723,858
25,NORMA-766,859
25,NORMA-6140,860
25,NORMA-13801,861
25,NORMA-12024,862
25,NORMA-6783,863
25,NORMA-12032,864
25,NORMA-20408,865
25,NORMA-7113,866
25,NORMA-20336,867
25,NORMA-18462,868
25,NORMA-21131,869
25,NORMA-19809,870
25,NORMA-2563,871
25,NORMA-11000,872
25,NORMA-18978,873
25,NORMA-21002,874
25,NORMA-24561,875
25,NORMA-18360,876
25,NORMA-19233,877
25,NORMA-20906,878
25,NORMA-19729,879
25,NORMA-10034,880
25,NORMA-11767,881
25,NORMA-10531,882
25,NORMA-18992,883
25,NORMA-12952,884
25,NORMA-5751,885
25,NORMA-6505,886
25,NORMA-21401,887
25,NORMA-20961,888
25,NORMA-13138,889
25,NORMA-20201,890
25,NORMA-21637,891
25,NORMA-19290,892
25,NORMA-2421,893
25,NORMA-21568,894
25,NORMA-4631,895
25,NORMA-19128,896
25,NORMA-20854,897
25,NORMA-11761,898
25,NORMA-19371,899
25,NORMA-1173,900
25,NORMA-20304,901
25,NORMA-18591,902
25,NORMA-20263,903
25,NORMA-13474,904
25,NORMA-772,905
25,NORMA-21522,906
25,NORMA-17221,907
25,NORMA-19581,908
25,NORMA-21663,909
25,NORMA-21710,910
25,NORMA-21361,911
25,NORMA-13308,912
25,NORMA-20179,913
25,NORMA-20896,914
25,NORMA-12733,915
25,NORMA-20103,916
25,NORMA-20055,917
25,NORMA-4909,918
25,NORMA-21625,919
25,NORMA-20526,920
25,NORMA-11577,921
25,NORMA-18732,922
25,NORMA-11572,923
25,NORMA-18963,924
25,NORMA-2395,925
25,NORMA-18350,926
25,NORMA-11578,927
25,NORMA-20028,928
25,NORMA-20525,929
25,NORMA-20508,930
25,NORMA-19797,931
25,NORMA-12415,932
25,NORMA-12923,933
25,NORMA-13124,934
25,NORMA-18379,935
25,NORMA-14746,936
25,NORMA-20371,937
25,NORMA-19704,938
25,NORMA-220,939
25,NORMA-27364,940
25,NORMA-20098,941
25,NORMA-20562,942
25,NORMA-18211,943
25,NORMA-20930,944
25,NORMA-19513,945
25,NORMA-4830,946
25,NORMA-6676,947
25,NORMA-20841,948
25,NORMA-24001,949
25,NORMA-20529,950
25,NORMA-21538,951
25,NORMA-18748,952
25,NORMA-18395,953
25,NORMA-4746,954
25,NORMA-21225,955
25,NORMA-21564,956
25,NORMA-1217,957
25,NORMA-9595,958
25,NORMA-12019,959
25,NORMA-11882,960
25,NORMA-18545,961
25,NORMA-14113,962
25,NORMA-21462,963
25,NORMA-19736,964
25,NORMA-14724,965
25,NORMA-20100,966
25,NORMA-20996,967
25,NORMA-3662,968
25,NORMA-13470,969
25,NORMA-18201,970
25,NORMA-20157,971
25,NORMA-12954,972
25,NORMA-11771,973
25,NORMA-18302,974
25,NORMA-21227,975
25,NORMA-21766,976
25,NORMA-27044,977
25,NORMA-21153,978
25,NORMA-19853,979
25,NORMA-8435,980
25,NORMA-20444,981
25,NORMA-4586,982
25,NORMA-21434,983
25,NORMA-20708,984
25,NORMA-6702,985
25,NORMA-20269,986
25,NORMA-21063,987
25,NORMA-20440,988
25,NORMA-21474,989
25,NORMA-1295,990
25,NORMA-20164,991
25,NORMA-18822,992
25,NORMA-21164,993
25,NORMA-11792,994
25,NORMA-21717,995
25,NORMA-11665,996
25,NORMA-27341,997
25,NORMA-18563,998
25,NORMA-20175,999
25,NORMA-5170,1000
26,NORMA-3503,1
26,NORMA-20073,2
26,NORMA-18748,3
26,NORMA-21065,4
26,NORMA-13797,5
26,NORMA-19798,6
26,NORMA-19574,7
26,NORMA-20070,8
26,NORMA-21264,9
26,NORMA-21217,10
26,NORMA-21131,11
26,NORMA-21630,12
26,NORMA-1613,13
26,NORMA-15211,14
26,NORMA-12067,15
26,NORMA-14937,16
26,NORMA-13158,17
26,NORMA-13469,18
26,NORMA-16202,19
26,NORMA-15581,20
26,NORMA-21544,21
26,NORMA-20291,22
26,NORMA-20983,23
26,NORMA-21012,24
26,NORMA-20582,25
26,NORMA-20569,26
26,NORMA-27761,27
26,NORMA-20028,28
26,NORMA-19770,29
26,NORMA-18313,30
26,NORMA-21200,31
26,NORMA-18900,32
26,NORMA-18474,33
26,NORMA-21791,34
26,NORMA-20817,35
26,NORMA-21026,36
26,NORMA-19808,37
26,NORMA-20157,38
26,NORMA-5421,39
26,NORMA-4710,40
26,NORMA-19021,41
26,NORMA-6199,42
26,NORMA-21496,43
26,NORMA-18444,44
26,NORMA-18697,45
26,NORMA-18418,46
26,NORMA-21678,47
26,NORMA-21651,48
26,NORMA-19081,49
26,NORMA-19330,50
26,NORMA-4091,51
26,NORMA-19939,52
26,NORMA-19442,53
26,NORMA-21526,54
26,NORMA-19722,55
26,NORMA-20460,56
26,NORMA-19351,57
26,NORMA-20134,58
26,NORMA-20907,59
26,NORMA-20359,60
26,NORMA-20465,61
26,NORMA-20369,62
26,NORMA-19039,63
26,NORMA-7466,64
26,NORMA-21211,65
26,NORMA-20349,66
26,NORMA-20219,67
26,NORMA-19459,68
26,NORMA-19553,69
26,NORMA-18654,70
26,NORMA-19138,71
26,NORMA-20432,72
26,NORMA-18221,73
26,NORMA-20316,74
26,NORMA-21000,75
26,NORMA-462,76
26,NORMA-19953,77
26,NORMA-9724,78
26,NORMA-20023,79
26,NORMA-20091,80
26,NORMA-21250,81
26,NORMA-21554,82
26,NORMA-21624,83
26,NORMA-7113,84
26,NORMA-8435,85
26,NORMA-20572,86
26,NORMA-6783,87
26,NORMA-19809,88
26,NORMA-7222,89
26,NORMA-19981,90
26,NORMA-6140,91
26,NORMA-13746,92
26,NORMA-19426,93
26,NORMA-14828,94
26,NORMA-27365,95
26,NORMA-19011,96
26,NORMA-20841,97
26,NORMA-18702,98
26,NORMA-7386,99
26,NORMA-21063,100
26,NORMA-18989,101
26,NORMA-19631,102
26,NORMA-7225,103
26,NORMA-18903,104
26,NORMA-21756,105
26,NORMA-18500,106
26,NORMA-20190,107
26,NORMA-1407,108
26,NORMA-19593,109
26,NORMA-21224,110
26,NORMA-20064,111
26,NORMA-8814,112
26,NORMA-4396,113
26,NORMA-19030,114
26,NORMA-18254,115
26,NORMA-6268,116
26,NORMA-21420,117
26,NORMA-11417,118
26,NORMA-18451,119
26,NORMA-18807,120
26,NORMA-19180,121
26,NORMA-15396,122
26,NORMA-12613,123
26,NORMA-13789,124
26,NORMA-18273,125
26,NORMA-6488,126
26,NORMA-7390,127
26,NORMA-19422,128
26,NORMA-19629,129
26,NORMA-20237,130
26,NORMA-21140,131
26,NORMA-20030,132
26,NORMA-18280,133
26,NORMA-19571,134
26,NORMA-19617,135
26,NORMA-20858,136
26,NORMA-1999,137
26,NORMA-14463,138
26,NORMA-18385,139
26,NORMA-21522,140
26,NORMA-27521,141
26,NORMA-21695,142
26,NORMA-20240,143
26,NORMA-33288,144
26,NORMA-20037,145
26,NORMA-18405,146
26,NORMA-33308,147
26,NORMA-20255,148
26,NORMA-21587,149
26,NORMA-23543,150
26,NORMA-26041,151
26,NORMA-6757,152
26,NORMA-29655,153
26,NORMA-23761,154
26,NORMA-25841,155
26,NORMA-5536,156
26,NORMA-26563,157
26,NORMA-22921,158
26,NORMA-25941,159
26,NORMA-18274,160
26,NORMA-28601,161
26,NORMA-28043,162
26,NORMA-26565,163
26,NORMA-21149,164
26,NORMA-28583,165
26,NORMA-10255,166
26,NORMA-29008,167
26,NORMA-24341,168
26,NORMA-23181,169
26,NORMA-27942,170
26,NORMA-27584,171
26,NORMA-27201,172
26,NORMA-28461,173
26,NORMA-29184,174
26,NORMA-27202,175
26,NORMA-24221,176
26,NORMA-23081,177
26,NORMA-29861,178
26,NORMA-27181,179
26,NORMA-25204,180
26,NORMA-29621,181
26,NORMA-29185,182
26,NORMA-23841,183
26,NORMA-27688,184
26,NORMA-26564,185
26,NORMA-25524,186
26,NORMA-25203,187
26,NORMA-23621,188
26,NORMA-25262,189
26,NORMA-25141,190
26,NORMA-27081,191
26,NORMA-27021,192
26,NORMA-29023,193
26,NORMA-27901,194
26,NORMA-27605,195
26,NORMA-26886,196
26,NORMA-28581,197
26,NORMA-27421,198
26,NORMA-25205,199
26,NORMA-19363,200
26,NORMA-19288,201
26,NORMA-26421,202
26,NORMA-27623,203
26,NORMA-1718,204
26,NORMA-20250,205
26,NORMA-19755,206
26,NORMA-19760,207
26,NORMA-20034,208
26,NORMA-7025,209
26,NORMA-19171,210
26,NORMA-21600,211
26,NORMA-20235,212
26,NORMA-21395,213
26,NORMA-19706,214
26,NORMA-18957,215
26,NORMA-21553,216
26,NORMA-19148,217
26,NORMA-25261,218
26,NORMA-704,219
26,NORMA-12956,220
26,NORMA-13470,221
26,NORMA-19479,222
26,NORMA-20846,223
26,NORMA-21316,224
26,NORMA-27044,225
26,NORMA-19144,226
26,NORMA-21570,227
26,NORMA-19457,228
26,NORMA-19350,229
26,NORMA-19452,230
26,NORMA-18429,231
26,NORMA-20605,232
26,NORMA-19609,233
26,NORMA-14661,234
26,NORMA-19139,235
26,NORMA-21780,236
26,NORMA-18587,237
26,NORMA-18469,238
26,NORMA-18470,239
26,NORMA-19025,240
26,NORMA-18546,241
26,NORMA-19023,242
26,NORMA-18908,243
26,NORMA-18586,244
26,NORMA-15167,245
26,NORMA-18372,246
26,NORMA-20501,247
26,NORMA-18934,248
26,NORMA-18714,249
26,NORMA-20521,250
26,NORMA-29005,251
26,NORMA-19425,252
26,NORMA-19253,253
26,NORMA-18712,254
26,NORMA-18468,255
26,NORMA-19746,256
26,NORMA-18300,257
26,NORMA-20482,258
26,NORMA-22401,259
26,NORMA-19516,260
26,NORMA-18203,261
26,NORMA-19735,262
26,NORMA-18953,263
26,NORMA-6509,264
26,NORMA-6354,265
26,NORMA-18774,266
26,NORMA-19831,267
26,NORMA-23862,268
26,NORMA-19411,269
26,NORMA-20468,270
26,NORMA-19832,271
26,NORMA-4818,272
26,NORMA-18591,273
26,NORMA-6121,274
26,NORMA-20801,275
26,NORMA-19204,276
26,NORMA-20713,277
26,NORMA-835,278
26,NORMA-15092,279
26,NORMA-14251,280
26,NORMA-15143,281
26,NORMA-17801,282
26,NORMA-7384,283
26,NORMA-10256,284
26,NORMA-20709,285
26,NORMA-21206,286
26,NORMA-11557,287
26,NORMA-19738,288
26,NORMA-19737,289
26,NORMA-578,290
26,NORMA-19851,291
26,NORMA-14724,292
26,NORMA-6948,293
26,NORMA-19864,294
26,NORMA-19634,295
26,NORMA-9297,296
26,NORMA-6962,297
26,NORMA-19772,298
26,NORMA-12733,299
26,NORMA-18802,300
26,NORMA-21584,301
26,NORMA-19736,302
26,NORMA-20959,303
26,NORMA-19833,304
26,NORMA-20912,305
26,NORMA-21305,306
26,NORMA-19983,307
26,NORMA-21107,308
26,NORMA-7381,309
26,NORMA-20065,310
26,NORMA-229,311
26,NORMA-20859,312
26,NORMA-19977,313
26,NORMA-21648,314
26,NORMA-21231,315
26,NORMA-21575,316
26,NORMA-18750,317
26,NORMA-8028,318
26,NORMA-21247,319
26,NORMA-21310,320
26,NORMA-20243,321
26,NORMA-20428,322
26,NORMA-18482,323
26,NORMA-18715,324
26,NORMA-18666,325
26,NORMA-18507,326
26,NORMA-18785,327
26,NORMA-21119,328
26,NORMA-18716,329
26,NORMA-18665,330
26,NORMA-18505,331
26,NORMA-18851,332
26,NORMA-18784,333
26,NORMA-18481,334
26,NORMA-18853,335
26,NORMA-21118,336
26,NORMA-18612,337
26,NORMA-19045,338
26,NORMA-18611,339
26,NORMA-19043,340
26,NORMA-3969,341
26,NORMA-18722,342
26,NORMA-19838,343
26,NORMA-13918,344
26,NORMA-20617,345
26,NORMA-5433,346
26,NORMA-19226,347
26,NORMA-19429,348
26,NORMA-19314,349
26,NORMA-19790,350
26,NORMA-19817,351
26,NORMA-18952,352
26,NORMA-9212,353
26,NORMA-21304,354
26,NORMA-7416,355
26,NORMA-20814,356
26,NORMA-19777,357
26,NORMA-18243,358
26,NORMA-18548,359
26,NORMA-19816,360
26,NORMA-19771,361
26,NORMA-13905,362
26,NORMA-18887,363
26,NORMA-19281,364
26,NORMA-11496,365
26,NORMA-17301,366
26,NORMA-19827,367
26,NORMA-20167,368
26,NORMA-205,369
26,NORMA-13195,370
26,NORMA-20680,371
26,NORMA-13480,372
26,NORMA-19812,373
26,NORMA-19718,374
26,NORMA-21169,375
26,NORMA-21163,376
26,NORMA-19751,377
26,NORMA-2184,378
26,NORMA-19801,379
26,NORMA-12054,380
26,NORMA-20607,381
26,NORMA-12098,382
26,NORMA-21398,383
26,NORMA-11860,384
26,NORMA-11858,385
26,NORMA-19966,386
26,NORMA-19743,387
26,NORMA-21547,388
26,NORMA-18892,389
26,NORMA-18709,390
26,NORMA-20900,391
26,NORMA-21459,392
26,NORMA-6621,393
26,NORMA-20474,394
26,NORMA-3511,395
26,NORMA-19205,396
26,NORMA-23581,397
26,NORMA-5361,398
26,NORMA-4278,399
26,NORMA-27063,400
26,NORMA-8772,401
26,NORMA-20488,402
26,NORMA-10117,403
26,NORMA-10975,404
26,NORMA-19972,405
26,NORMA-60,406
26,NORMA-19061,407
26,NORMA-19542,408
26,NORMA-21236,409
26,NORMA-18545,410
26,NORMA-923,411
26,NORMA-21450,412
26,NORMA-21776,413
26,NORMA-20278,414
26,NORMA-11272,415
26,NORMA-18276,416
26,NORMA-19919,417
26,NORMA-21725,418
26,NORMA-19232,419
26,NORMA-19177,420
26,NORMA-19758,421
26,NORMA-5853,422
26,NORMA-5417,423
26,NORMA-21205,424
26,NORMA-19221,425
26,NORMA-19006,426
26,NORMA-20435,427
26,NORMA-27449,428
26,NORMA-21645,429
26,NORMA-20592,430
26,NORMA-4423,431
26,NORMA-21484,432
26,NORMA-21160,433
26,NORMA-19818,434
26,NORMA-20438,435
26,NORMA-27701,436
26,NORMA-21253,437
26,NORMA-21144,438
26,NORMA-19843,439
26,NORMA-9979,440
26,NORMA-21659,441
26,NORMA-15242,442
26,NORMA-18890,443
26,NORMA-4926,444
26,NORMA-21369,445
26,NORMA-228,446
26,NORMA-29841,447
26,NORMA-19942,448
26,NORMA-24881,449
26,NORMA-222,450
26,NORMA-6185,451
26,NORMA-19991,452
26,NORMA-19202,453
26,NORMA-24823,454
26,NORMA-19637,455
26,NORMA-19017,456
26,NORMA-24842,457
26,NORMA-772,458
26,NORMA-705,459
26,NORMA-20245,460
26,NORMA-802,461
26,NORMA-18560,462
26,NORMA-21041,463
26,NORMA-6645,464
26,NORMA-24841,465
26,NORMA-21773,466
26,NORMA-2461,467
26,NORMA-19136,468
26,NORMA-2089,469
26,NORMA-59,470
26,NORMA-20422,471
26,NORMA-19160,472
26,NORMA-20241,473
26,NORMA-660,474
26,NORMA-14898,475
26,NORMA-21591,476
26,NORMA-19441,477
26,NORMA-2013,478
26,NORMA-801,479
26,NORMA-19505,480
26,NORMA-2568,481
26,NORMA-2185,482
26,NORMA-20238,483
26,NORMA-20506,484
26,NORMA-1611,485
26,NORMA-12886,486
26,NORMA-554,487
26,NORMA-19583,488
26,NORMA-18742,489
26,NORMA-9382,490
26,NORMA-24742,491
26,NORMA-20056,492
26,NORMA-19197,493
26,NORMA-21717,494
26,NORMA-21126,495
26,NORMA-18593,496
26,NORMA-18557,497
26,NORMA-18246,498
26,NORMA-20970,499
26,NORMA-20876,500
26,NORMA-20512,501
26,NORMA-12859,502
26,NORMA-6894,503
26,NORMA-6856,504
26,NORMA-19870,505
26,NORMA-12089,506
26,NORMA-19902,507
26,NORMA-5792,508
26,NORMA-9834,509
26,NORMA-11729,510
26,NORMA-20298,511
26,NORMA-20630,512
26,NORMA-4425,513
26,NORMA-18831,514
26,NORMA-18706,515
26,NORMA-19794,516
26,NORMA-12664,517
26,NORMA-14788,518
26,NORMA-18933,519
26,NORMA-13471,520
26,NORMA-10994,521
26,NORMA-21238,522
26,NORMA-18936,523
26,NORMA-21693,524
26,NORMA-18844,525
26,NORMA-20578,526
26,NORMA-18939,527
26,NORMA-20524,528
26,NORMA-19408,529
26,NORMA-18683,530
26,NORMA-13954,531
26,NORMA-19573,532
26,NORMA-3281,533
26,NORMA-11443,534
26,NORMA-21751,535
26,NORMA-12113,536
26,NORMA-20871,537
26,NORMA-18562,538
26,NORMA-634,539
26,NORMA-14967,540
26,NORMA-19961,541
26,NORMA-20565,542
26,NORMA-11523,543
26,NORMA-21795,544
26,NORMA-9893,545
26,NORMA-19750,546
26,NORMA-9792,547
26,NORMA-18809,548
26,NORMA-19608,549
26,NORMA-6092,550
26,NORMA-6410,551
26,NORMA-20791,552
26,NORMA-20198,553
26,NORMA-20828,554
26,NORMA-19793,555
26,NORMA-16941,556
26,NORMA-21043,557
26,NORMA-20087,558
26,NORMA-18931,559
26,NORMA-19155,560
26,NORMA-20263,561
26,NORMA-18386,562
26,NORMA-20702,563
26,NORMA-21321,564
26,NORMA-13106,565
26,NORMA-6344,566
26,NORMA-21769,567
26,NORMA-20246,568
26,NORMA-15350,569
26,NORMA-20602,570
26,NORMA-21178,571
26,NORMA-20503,572
26,NORMA-21208,573
26,NORMA-18929,574
26,NORMA-18479,575
26,NORMA-18365,576
26,NORMA-19570,577
26,NORMA-20284,578
26,NORMA-20989,579
26,NORMA-981,580
26,NORMA-20098,581
26,NORMA-21666,582
26,NORMA-5431,583
26,NORMA-12872,584
26,NORMA-18207,585
26,NORMA-9557,586
26,NORMA-2126,587
26,NORMA-21705,588
26,NORMA-6318,589
26,NORMA-21252,590
26,NORMA-18988,591
26,NORMA-18436,592
26,NORMA-21036,593
26,NORMA-21506,594
26,NORMA-20729,595
26,NORMA-19985,596
26,NORMA-309,597
26,NORMA-21242,598
26,NORMA-23981,599
26,NORMA-21274,600
26,NORMA-18940,601
26,NORMA-18204,602
26,NORMA-4820,603
26,NORMA-23222,604
26,NORMA-19980,605
26,NORMA-18430,606
26,NORMA-21173,607
26,NORMA-19600,608
26,NORMA-7387,609
26,NORMA-19454,610
26,NORMA-18278,611
26,NORMA-6736,612
26,NORMA-21151,613
26,NORMA-28961,614
26,NORMA-3767,615
26,NORMA-18915,616
26,NORMA-6955,617
26,NORMA-11356,618
26,NORMA-12415,619
26,NORMA-12923,620
26,NORMA-13124,621
26,NORMA-8706,622
26,NORMA-21005,623
26,NORMA-13308,624
26,NORMA-6256,625
26,NORMA-3898,626
26,NORMA-6659,627
26,NORMA-13179,628
26,NORMA-4140,629
26,NORMA-3854,630
26,NORMA-21455,631
26,NORMA-5424,632
26,NORMA-3971,633
26,NORMA-5498,634
26,NORMA-5228,635
26,NORMA-18937,636
26,NORMA-3837,637
26,NORMA-13065,638
26,NORMA-7096,639
26,NORMA-4317,640
26,NORMA-9195,641
26,NORMA-4911,642
26,NORMA-4636,643
26,NORMA-4703,644
26,NORMA-4196,645
26,NORMA-4786,646
26,NORMA-5341,647
26,NORMA-3690,648
26,NORMA-10123,649
26,NORMA-20638,650
26,NORMA-21762,651
26,NORMA-13835,652
26,NORMA-9423,653
26,NORMA-4832,654
26,NORMA-9559,655
26,NORMA-4680,656
26,NORMA-5472,657
26,NORMA-21683,658
26,NORMA-21610,659
26,NORMA-18561,660
26,NORMA-4162,661
26,NORMA-21670,662
26,NORMA-20164,663
26,NORMA-20752,664
26,NORMA-10865,665
26,NORMA-20686,666
26,NORMA-20636,667
26,NORMA-14666,668
26,NORMA-3855,669
26,NORMA-9358,670
26,NORMA-18902,671
26,NORMA-18923,672
26,NORMA-4139,673
26,NORMA-19754,674
26,NORMA-7012,675
26,NORMA-4002,676
26,NORMA-20899,677
26,NORMA-5195,678
26,NORMA-5217,679
26,NORMA-19647,680
26,NORMA-5973,681
26,NORMA-19763,682
26,NORMA-21684,683
26,NORMA-20647,684
26,NORMA-4572,685
26,NORMA-21319,686
26,NORMA-20942,687
26,NORMA-18967,688
26,NORMA-3487,689
26,NORMA-5503,690
26,NORMA-18883,691
26,NORMA-20949,692
26,NORMA-19776,693
26,NORMA-19856,694
26,NORMA-3528,695
26,NORMA-20258,696
26,NORMA-19992,697
26,NORMA-20641,698
26,NORMA-21327,699
26,NORMA-20649,700
26,NORMA-3741,701
26,NORMA-18921,702
26,NORMA-6954,703
26,NORMA-19237,704
26,NORMA-21605,705
26,NORMA-19256,706
26,NORMA-21194,707
26,NORMA-20060,708
26,NORMA-20885,709
26,NORMA-20714,710
26,NORMA-20622,711
26,NORMA-11185,712
26,NORMA-7157,713
26,NORMA-21750,714
26,NORMA-13998,715
26,NORMA-20748,716
26,NORMA-20699,717
26,NORMA-8121,718
26,NORMA-20796,719
26,NORMA-20909,720
26,NORMA-5337,721
26,NORMA-19565,722
26,NORMA-10708,723
26,NORMA-20810,724
26,NORMA-19594,725
26,NORMA-2546,726
26,NORMA-21410,727
26,NORMA-6082,728
26,NORMA-12899,729
26,NORMA-14746,730
26,NORMA-6963,731
26,NORMA-12517,732
26,NORMA-11774,733
26,NORMA-15118,734
26,NORMA-1474,735
26,NORMA-21599,736
26,NORMA-658,737
26,NORMA-19311,738
26,NORMA-6591,739
26,NORMA-20751,740
26,NORMA-27364,741
26,NORMA-11655,742
26,NORMA-7020,743
26,NORMA-14239,744
26,NORMA-2723,745
26,NORMA-20180,746
26,NORMA-20696,747
26,NORMA-6703,748
26,NORMA-19765,749
26,NORMA-18961,750
26,NORMA-21218,751
26,NORMA-21164,752
26,NORMA-19806,753
26,NORMA-10028,754
26,NORMA-20101,755
26,NORMA-13545,756
26,NORMA-11628,757
26,NORMA-9831,758
26,NORMA-19536,759
26,NORMA-20043,760
26,NORMA-19474,761
26,NORMA-20051,762
26,NORMA-19773,763
26,NORMA-20766,764
26,NORMA-18805,765
26,NORMA-20726,766
26,NORMA-18944,767
26,NORMA-24001,768
26,NORMA-21545,769
26,NORMA-20138,770
26,NORMA-19813,771
26,NORMA-18927,772
26,NORMA-21293,773
26,NORMA-19791,774
26,NORMA-21460,775
26,NORMA-19403,776
26,NORMA-20490,777
26,NORMA-20960,778
26,NORMA-21446,779
26,NORMA-19027,780
26,NORMA-13265,781
26,NORMA-14390,782
26,NORMA-21212,783
26,NORMA-8931,784
26,NORMA-18404,785
26,NORMA-12630,786
26,NORMA-21631,787
26,NORMA-21472,788
26,NORMA-20818,789
26,NORMA-19820,790
26,NORMA-18344,791
26,NORMA-20721,792
26,NORMA-21406,793
26,NORMA-20302,794
26,NORMA-5100,795
26,NORMA-21437,796
26,NORMA-11454,797
26,NORMA-20717,798
26,NORMA-21619,799
26,NORMA-20623,800
26,NORMA-3918,801
26,NORMA-21491,802
26,NORMA-15339,803
26,NORMA-20619,804
26,NORMA-28841,805
26,NORMA-15045,806
26,NORMA-8803,807
26,NORMA-19377,808
26,NORMA-11813,809
26,NORMA-23682,810
26,NORMA-20218,811
26,NORMA-19119,812
26,NORMA-14542,813
26,NORMA-19379,814
26,NORMA-7413,815
26,NORMA-18249,816
26,NORMA-21215,817
26,NORMA-19582,818
26,NORMA-21415,819
26,NORMA-19518,820
26,NORMA-10267,821
26,NORMA-20705,822
26,NORMA-20096,823
26,NORMA-20908,824
26,NORMA-18333,825
26,NORMA-19471,826
26,NORMA-9785,827
26,NORMA-10821,828
26,NORMA-22723,829
26,NORMA-11876,830
26,NORMA-20690,831
26,NORMA-9595,832
26,NORMA-215,833
26,NORMA-9984,834
26,NORMA-5956,835
26,NORMA-19749,836
26,NORMA-20522,837
26,NORMA-19249,838
26,NORMA-4972,839
26,NORMA-20780,840
26,NORMA-10691,841
26,NORMA-9888,842
26,NORMA-7798,843
26,NORMA-18295,844
26,NORMA-27101,845
26,NORMA-19406,846
26,NORMA-20803,847
26,NORMA-6245,848
26,NORMA-21626,849
26,NORMA-14263,850
26,NORMA-21233,851
26,NORMA-4540,852
26,NORMA-18868,853
26,NORMA-19468,854
26,NORMA-19563,855
26,NORMA-20802,856
26,NORMA-21207,857
26,NORMA-21638,858
26,NORMA-17182,859
26,NORMA-15237,860
26,NORMA-12952,861
26,NORMA-19903,862
26,NORMA-21561,863
26,NORMA-21262,864
26,NORMA-21382,865
26,NORMA-19740,866
26,NORMA-2005,867
26,NORMA-4747,868
26,NORMA-11470,869
26,NORMA-20738,870
26,NORMA-21691,871
26,NORMA-10878,872
26,NORMA-18978,873
26,NORMA-19358,874
26,NORMA-741,875
26,NORMA-24661,876
26,NORMA-11621,877
26,NORMA-21787,878
26,NORMA-18935,879
26,NORMA-21156,880
26,NORMA-889,881
26,NORMA-21317,882
26,NORMA-18216,883
26,NORMA-20706,884
26,NORMA-19734,885
26,NORMA-21159,886
26,NORMA-21403,887
26,NORMA-4412,888
26,NORMA-20692,889
26,NORMA-28981,890
26,NORMA-20616,891
26,NORMA-21255,892
26,NORMA-20643,893
26,NORMA-20577,894
26,NORMA-19211,895
26,NORMA-20531,896
26,NORMA-21790,897
26,NORMA-21356,898
26,NORMA-19703,899
26,NORMA-20631,900
26,NORMA-555,901
26,NORMA-19371,902
26,NORMA-20505,903
26,NORMA-20188,904
26,NORMA-4169,905
26,NORMA-20558,906
26,NORMA-7970,907
26,NORMA-11723,908
26,NORMA-5662,909
26,NORMA-509,910
26,NORMA-21533,911
26,NORMA-20861,912
26,NORMA-21676,913
26,NORMA-18955,914
26,NORMA-20849,915
26,NORMA-19904,916
26,NORMA-4664,917
26,NORMA-18916,918
26,NORMA-20924,919
26,NORMA-21444,920
26,NORMA-20790,921
26,NORMA-4175,922
26,NORMA-19955,923
26,NORMA-20918,924
26,NORMA-21275,925
26,NORMA-20077,926
26,NORMA-6050,927
26,NORMA-20100,928
26,NORMA-3818,929
26,NORMA-4810,930
26,NORMA-19941,931
26,NORMA-20239,932
26,NORMA-5293,933
26,NORMA-18286,934
26,NORMA-21729,935
26,NORMA-19096,936
26,NORMA-21468,937
26,NORMA-21086,938
26,NORMA-19206,939
26,NORMA-21343,940
26,NORMA-27022,941
26,NORMA-6063,942
26,NORMA-20225,943
26,NORMA-18980,944
26,NORMA-20082,945
26,NORMA-20473,946
26,NORMA-11314,947
26,NORMA-31923,948
26,NORMA-8008,949
26,NORMA-19394,950
26,NORMA-6249,951
26,NORMA-21357,952
26,NORMA-18502,953
26,NORMA-12027,954
26,NORMA-20108,955
26,NORMA-19378,956
26,NORMA-21581,957
26,NORMA-18264,958
26,NORMA-18631,959
26,NORMA-21367,960
26,NORMA-21337,961
26,NORMA-20950,962
26,NORMA-4219,963
26,NORMA-1663,964
26,NORMA-19473,965
26,NORMA-8298,966
26,NORMA-21550,967
26,NORMA-20189,968
26,NORMA-20561,969
26,NORMA-21474,970
26,NORMA-21783,971
26,NORMA-838,972
26,NORMA-15561,973
26,NORMA-31904,974
26,NORMA-21417,975
26,NORMA-15004,976
26,NORMA-25541,977
26,NORMA-1471,978
26,NORMA-20304,979
26,NORMA-15882,980
26,NORMA-20603,981
26,NORMA-18769,982
26,NORMA-1534,983
26,NORMA-20089,984
26,NORMA-20106,985
26,NORMA-6083,986
26,NORMA-15239,987
26,NORMA-19968,988
26,NORMA-18510,989
26,NORMA-854,990
26,NORMA-21586,991
26,NORMA-3554,992
26,NORMA-19857,993
26,NORMA-16268,994
26,NORMA-5031,995
26,NORMA-7822,996
26,NORMA-19328,997
26,NORMA-61,998
26,NORMA-4845,999
26,NORMA-21755,1000
27,NORMA-27761,1
27,NORMA-21126,2
27,NORMA-19092,3
27,NORMA-18436,4
27,NORMA-21519,5
27,NORMA-16202,6
27,NORMA-13469,7
27,NORMA-19593,8
27,NORMA-13158,9
27,NORMA-19574,10
27,NORMA-21626,11
27,NORMA-19096,12
27,NORMA-21217,13
27,NORMA-14937,14
27,NORMA-20304,15
27,NORMA-21002,16
27,NORMA-21299,17
27,NORMA-26102,18
27,NORMA-18981,19
27,NORMA-11570,20
27,NORMA-20182,21
27,NORMA-15581,22
27,NORMA-21550,23
27,NORMA-20098,24
27,NORMA-20309,25
27,NORMA-20744,26
27,NORMA-20263,27
27,NORMA-20865,28
27,NORMA-20205,29
27,NORMA-18293,30
27,NORMA-19212,31
27,NORMA-21650,32
27,NORMA-20941,33
27,NORMA-11864,34
27,NORMA-6344,35
27,NORMA-21756,36
27,NORMA-18446,37
27,NORMA-20443,38
27,NORMA-11316,39
27,NORMA-18539,40
27,NORMA-6410,41
27,NORMA-15701,42
27,NORMA-854,43
27,NORMA-21419,44
27,NORMA-6092,45
27,NORMA-20188,46
27,NORMA-21496,47
27,NORMA-15211,48
27,NORMA-14279,49
27,NORMA-18838,50
27,NORMA-18219,51
27,NORMA-16481,52
27,NORMA-21606,53
27,NORMA-18548,54
27,NORMA-18411,55
27,NORMA-18345,56
27,NORMA-28181,57
27,NORMA-21739,58
27,NORMA-20854,59
27,NORMA-2536,60
27,NORMA-21367,61
27,NORMA-12067,62
27,NORMA-7241,63
27,NORMA-22721,64
27,NORMA-20902,65
27,NORMA-3281,66
27,NORMA-18822,67
27,NORMA-19573,68
27,NORMA-5226,69
27,NORMA-18356,70
27,NORMA-21046,71
27,NORMA-20945,72
27,NORMA-18796,73
27,NORMA-18690,74
27,NORMA-7942,75
27,NORMA-9670,76
27,NORMA-20995,77
27,NORMA-21608,78
27,NORMA-18208,79
27,NORMA-19155,80
27,NORMA-9110,81
27,NORMA-2413,82
27,NORMA-30043,83
27,NORMA-21012,84
27,NORMA-12171,85
27,NORMA-16941,86
27,NORMA-16403,87
27,NORMA-3642,88
27,NORMA-18225,89
27,NORMA-567,90
27,NORMA-20831,91
27,NORMA-19387,92
27,NORMA-18237,93
27,NORMA-18885,94
27,NORMA-21521,95
27,NORMA-3201,96
27,NORMA-21431,97
27,NORMA-8028,98
27,NORMA-11814,99
27,NORMA-20756,100
27,NORMA-5170,101
27,NORMA-6948,102
27,NORMA-20376,103
27,NORMA-21159,104
27,NORMA-21634,105
27,NORMA-18360,106
27,NORMA-12048,107
27,NORMA-11723,108
27,NORMA-18205,109
27,NORMA-938,110
27,NORMA-3241,111
27,NORMA-18412,112
27,NORMA-18724,113
27,NORMA-20185,114
27,NORMA-20137,115
27,NORMA-20754,116
27,NORMA-18434,117
27,NORMA-21114,118
27,NORMA-12049,119
27,NORMA-20426,120
27,NORMA-19095,121
27,NORMA-18479,122
27,NORMA-4631,123
27,NORMA-21661,124
27,NORMA-21755,125
27,NORMA-19081,126
27,NORMA-18234,127
27,NORMA-20316,128
27,NORMA-981,129
27,NORMA-19916,130
27,NORMA-11715,131
27,NORMA-20870,132
27,NORMA-21539,133
27,NORMA-20869,134
27,NORMA-18805,135
27,NORMA-7525,136
27,NORMA-588,137
27,NORMA-587,138
27,NORMA-19021,139
27,NORMA-6505,140
27,NORMA-20369,141
27,NORMA-26201,142
27,NORMA-578,143
27,NORMA-18541,144
27,NORMA-18206,145
27,NORMA-11609,146
27,NORMA-18648,147
27,NORMA-11760,148
27,NORMA-20989,149
27,NORMA-15881,150
27,NORMA-20037,151
27,NORMA-21767,152
27,NORMA-20908,153
27,NORMA-18709,154
27,NORMA-838,155
27,NORMA-1573,156
27,NORMA-20473,157
27,NORMA-18342,158
27,NORMA-18214,159
27,NORMA-21071,160
27,NORMA-19582,161
27,NORMA-19650,162
27,NORMA-18537,163
27,NORMA-20290,164
27,NORMA-18379,165
27,NORMA-18430,166
27,NORMA-11614,167
27,NORMA-20616,168
27,NORMA-15561,169
27,NORMA-20985,170
27,NORMA-15921,171
27,NORMA-18654,172
27,NORMA-4909,173
27,NORMA-595,174
27,NORMA-21026,175
27,NORMA-19621,176
27,NORMA-18828,177
27,NORMA-18359,178
27,NORMA-19416,179
27,NORMA-412,180
27,NORMA-11798,181
27,NORMA-54,182
27,NORMA-20836,183
27,NORMA-1024,184
27,NORMA-19729,185
27,NORMA-6343,186
27,NORMA-11665,187
27,NORMA-10029,188
27,NORMA-18798,189
27,NORMA-9871,190
27,NORMA-10044,191
27,NORMA-20578,192
27,NORMA-3979,193
27,NORMA-19981,194
27,NORMA-10119,195
27,NORMA-21792,196
27,NORMA-19181,197
27,NORMA-20474,198
27,NORMA-18804,199
27,NORMA-19028,200
27,NORMA-28961,201
27,NORMA-12102,202
27,NORMA-13610,203
27,NORMA-21286,204
27,NORMA-11780,205
27,NORMA-17221,206
27,NORMA-21023,207
27,NORMA-11720,208
27,NORMA-21624,209
27,NORMA-20557,210
27,NORMA-3381,211
27,NORMA-18403,212
27,NORMA-21107,213
27,NORMA-21757,214
27,NORMA-19110,215
27,NORMA-20429,216
27,NORMA-27022,217
27,NORMA-11999,218
27,NORMA-20452,219
27,NORMA-21113,220
27,NORMA-20423,221
27,NORMA-19597,222
27,NORMA-6185,223
27,NORMA-12002,224
27,NORMA-19797,225
27,NORMA-21139,226
27,NORMA-1373,227
27,NORMA-570,228
27,NORMA-21690,229
27,NORMA-9382,230
27,NORMA-21000,231
27,NORMA-18922,232
27,NORMA-11764,233
27,NORMA-21288,234
27,NORMA-11479,235
27,NORMA-15237,236
27,NORMA-18298,237
27,NORMA-21461,238
27,NORMA-21432,239
27,NORMA-11526,240
27,NORMA-18435,241
27,NORMA-20381,242
27,NORMA-7384,243
27,NORMA-281,244
27,NORMA-21507,245
27,NORMA-18870,246
27,NORMA-2555,247
27,NORMA-21211,248
27,NORMA-11469,249
27,NORMA-21249,250
27,NORMA-11763,251
27,NORMA-18819,252
27,NORMA-21064,253
27,NORMA-19958,254
27,NORMA-462,255
27,NORMA-15603,256
27,NORMA-15902,257
27,NORMA-9823,258
27,NORMA-27342,259
27,NORMA-19904,260
27,NORMA-21291,261
27,NORMA-21238,262
27,NORMA-21631,263
27,NORMA-3502,264
27,NORMA-3503,265
27,NORMA-11474,266
27,NORMA-20169,267
27,NORMA-19520,268
27,NORMA-19292,269
27,NORMA-11597,270
27,NORMA-6627,271
27,NORMA-11527,272
27,NORMA-21135,273
27,NORMA-21783,274
27,NORMA-20186,275
27,NORMA-15901,276
27,NORMA-18414,277
27,NORMA-20448,278
27,NORMA-3001,279
27,NORMA-6509,280
27,NORMA-7651,281
27,NORMA-15521,282
27,NORMA-19933,283
27,NORMA-18803,284
27,NORMA-20840,285
27,NORMA-1535,286
27,NORMA-18915,287
27,NORMA-19620,288
27,NORMA-11735,289
27,NORMA-18212,290
27,NORMA-18859,291
27,NORMA-4075,292
27,NORMA-20999,293
27,NORMA-19608,294
27,NORMA-19436,295
27,NORMA-19617,296
27,NORMA-12039,297
27,NORMA-4275,298
27,NORMA-19963,299
27,NORMA-20950,300
27,NORMA-11839,301
27,NORMA-21224,302
27,NORMA-14578,303
27,NORMA-18432,304
27,NORMA-12762,305
27,NORMA-2563,306
27,NORMA-20432,307
27,NORMA-21020,308
27,NORMA-17201,309
27,NORMA-25201,310
27,NORMA-2269,311
27,NORMA-4830,312
27,NORMA-18217,313
27,NORMA-19875,314
27,NORMA-1406,315
27,NORMA-19667,316
27,NORMA-19061,317
27,NORMA-20425,318
27,NORMA-4746,319
27,NORMA-18722,320
27,NORMA-1840,321
27,NORMA-18825,322
27,NORMA-19183,323
27,NORMA-19384,324
27,NORMA-18450,325
27,NORMA-3638,326
27,NORMA-1549,327
27,NORMA-20603,328
27,NORMA-19632,329
27,NORMA-4818,330
27,NORMA-1740,331
27,NORMA-6957,332
27,NORMA-19152,333
27,NORMA-20465,334
27,NORMA-20183,335
27,NORMA-19647,336
27,NORMA-20847,337
27,NORMA-11417,338
27,NORMA-4711,339
27,NORMA-1613,340
27,NORMA-20503,341
27,NORMA-19631,342
27,NORMA-20194,343
27,NORMA-6758,344
27,NORMA-2583,345
27,NORMA-21429,346
27,NORMA-21063,347
27,NORMA-2024,348
27,NORMA-10878,349
27,NORMA-20852,350
27,NORMA-20914,351
27,NORMA-1981,352
27,NORMA-20859,353
27,NORMA-1607,354
27,NORMA-6621,355
27,NORMA-19232,356
27,NORMA-18748,357
27,NORMA-18424,358
27,NORMA-18685,359
27,NORMA-21537,360
27,NORMA-19919,361
27,NORMA-14239,362
27,NORMA-18511,363
27,NORMA-1994,364
27,NORMA-11655,365
27,NORMA-20210,366
27,NORMA-20437,367
27,NORMA-2057,368
27,NORMA-9888,369
27,NORMA-19609,370
27,NORMA-21437,371
27,NORMA-21326,372
27,NORMA-20428,373
27,NORMA-18772,374
27,NORMA-14608,375
27,NORMA-18273,376
27,NORMA-20447,377
27,NORMA-11835,378
27,NORMA-12760,379
27,NORMA-20488,380
27,NORMA-2162,381
27,NORMA-14095,382
27,NORMA-15015,383
27,NORMA-535,384
27,NORMA-18378,385
27,NORMA-21629,386
27,NORMA-1667,387
27,NORMA-20460,388
27,NORMA-20349,389
27,NORMA-18793,390
27,NORMA-21524,391
27,NORMA-20453,392
27,NORMA-2523,393
27,NORMA-21226,394
27,NORMA-22144,395
27,NORMA-12311,396
27,NORMA-20209,397
27,NORMA-18549,398
27,NORMA-6880,399
27,NORMA-2415,400
27,NORMA-1987,401
27,NORMA-21523,402
27,NORMA-12165,403
27,NORMA-12060,404
27,NORMA-9834,405
27,NORMA-18274,406
27,NORMA-18842,407
27,NORMA-20398,408
27,NORMA-21705,409
27,NORMA-984,410
27,NORMA-20506,411
27,NORMA-1656,412
27,NORMA-16382,413
27,NORMA-20480,414
27,NORMA-2519,415
27,NORMA-18826,416
27,NORMA-18248,417
27,NORMA-2432,418
27,NORMA-646,419
27,NORMA-20065,420
27,NORMA-20359,421
27,NORMA-9785,422
27,NORMA-18444,423
27,NORMA-9595,424
27,NORMA-28381,425
27,NORMA-21236,426
27,NORMA-18307,427
27,NORMA-20403,428
27,NORMA-2554,429
27,NORMA-11515,430
27,NORMA-3342,431
27,NORMA-5242,432
27,NORMA-12910,433
27,NORMA-6962,434
27,NORMA-20861,435
27,NORMA-21253,436
27,NORMA-18377,437
27,NORMA-19329,438
27,NORMA-18781,439
27,NORMA-18264,440
27,NORMA-20873,441
27,NORMA-19909,442
27,NORMA-21261,443
27,NORMA-11739,444
27,NORMA-21508,445
27,NORMA-21242,446
27,NORMA-19581,447
27,NORMA-26885,448
27,NORMA-21245,449
27,NORMA-18827,450
27,NORMA-20280,451
27,NORMA-12029,452
27,NORMA-21152,453
27,NORMA-20164,454
27,NORMA-8522,455
27,NORMA-3846,456
27,NORMA-11868,457
27,NORMA-18552,458
27,NORMA-20356,459
27,NORMA-20894,460
27,NORMA-1471,461
27,NORMA-11790,462
27,NORMA-20407,463
27,NORMA-18204,464
27,NORMA-21784,465
27,NORMA-18458,466
27,NORMA-20180,467
27,NORMA-20641,468
27,NORMA-15239,469
27,NORMA-21186,470
27,NORMA-20072,471
27,NORMA-19870,472
27,NORMA-3382,473
27,NORMA-10821,474
27,NORMA-19431,475
27,NORMA-21484,476
27,NORMA-18439,477
27,NORMA-704,478
27,NORMA-20590,479
27,NORMA-20265,480
27,NORMA-13877,481
27,NORMA-11756,482
27,NORMA-21553,483
27,NORMA-21219,484
27,NORMA-18350,485
27,NORMA-20157,486
27,NORMA-11664,487
27,NORMA-18984,488
27,NORMA-6954,489
27,NORMA-13585,490
27,NORMA-13753,491
27,NORMA-21244,492
27,NORMA-18203,493
27,NORMA-13714,494
27,NORMA-14508,495
27,NORMA-19803,496
27,NORMA-24582,497
27,NORMA-21199,498
27,NORMA-17281,499
27,NORMA-13323,500
27,NORMA-22001,501
27,NORMA-232,502
27,NORMA-16424,503
27,NORMA-1222,504
27,NORMA-1516,505
27,NORMA-19746,506
27,NORMA-6955,507
27,NORMA-28203,508
27,NORMA-13056,509
27,NORMA-19249,510
27,NORMA-783,511
27,NORMA-12900,512
27,NORMA-12901,513
27,NORMA-11599,514
27,NORMA-21149,515
27,NORMA-6970,516
27,NORMA-1,517
27,NORMA-21321,518
27,NORMA-19628,519
27,NORMA-20487,520
27,NORMA-23027,521
27,NORMA-13519,522
27,NORMA-2301,523
27,NORMA-20714,524
27,NORMA-13229,525
27,NORMA-10708,526
27,NORMA-29005,527
27,NORMA-28001,528
27,NORMA-20332,529
27,NORMA-15882,530
27,NORMA-20389,531
27,NORMA-24102,532
27,NORMA-21625,533
27,NORMA-18405,534
27,NORMA-2447,535
27,NORMA-13654,536
27,NORMA-14499,537
27,NORMA-2587,538
27,NORMA-778,539
27,NORMA-1983,540
27,NORMA-2176,541
27,NORMA-2083,542
27,NORMA-2009,543
27,NORMA-21382,544
27,NORMA-20374,545
27,NORMA-2067,546
27,NORMA-22862,547
27,NORMA-21131,548
27,NORMA-2444,549
27,NORMA-13598,550
27,NORMA-14501,551
27,NORMA-12589,552
27,NORMA-479,553
27,NORMA-478,554
27,NORMA-1173,555
27,NORMA-21659,556
27,NORMA-14348,557
27,NORMA-2126,558
27,NORMA-14975,559
27,NORMA-14184,560
27,NORMA-972,561
27,NORMA-11596,562
27,NORMA-280,563
27,NORMA-21028,564
27,NORMA-6318,565
27,NORMA-18733,566
27,NORMA-1567,567
27,NORMA-19643,568
27,NORMA-6819,569
27,NORMA-20371,570
27,NORMA-60,571
27,NORMA-21223,572
27,NORMA-6820,573
27,NORMA-19977,574
27,NORMA-249,575
27,NORMA-9893,576
27,NORMA-3181,577
27,NORMA-18734,578
27,NORMA-7027,579
27,NORMA-19637,580
27,NORMA-20422,581
27,NORMA-729,582
27,NORMA-21776,583
27,NORMA-20397,584
27,NORMA-1035,585
27,NORMA-11882,586
27,NORMA-8458,587
27,NORMA-18806,588
27,NORMA-18682,589
27,NORMA-7953,590
27,NORMA-19842,591
27,NORMA-19605,592
27,NORMA-21122,593
27,NORMA-20709,594
27,NORMA-19596,595
27,NORMA-7011,596
27,NORMA-21387,597
27,NORMA-10200,598
27,NORMA-15028,599
27,NORMA-21446,600
27,NORMA-11496,601
27,NORMA-16268,602
27,NORMA-1999,603
27,NORMA-6084,604
27,NORMA-8163,605
27,NORMA-7042,606
27,NORMA-361,607
27,NORMA-18291,608
27,NORMA-1463,609
27,NORMA-20866,610
27,NORMA-970,611
27,NORMA-19930,612
27,NORMA-689,613
27,NORMA-2558,614
27,NORMA-19969,615
27,NORMA-13106,616
27,NORMA-19724,617
27,NORMA-211,618
27,NORMA-20070,619
27,NORMA-19594,620
27,NORMA-19833,621
27,NORMA-11472,622
27,NORMA-634,623
27,NORMA-6641,624
27,NORMA-4297,625
27,NORMA-4747,626
27,NORMA-18265,627
27,NORMA-2522,628
27,NORMA-20102,629
27,NORMA-18292,630
27,NORMA-974,631
27,NORMA-229,632
27,NORMA-20064,633
27,NORMA-12019,634
27,NORMA-208,635
27,NORMA-7581,636
27,NORMA-18474,637
27,NORMA-20368,638
27,NORMA-122,639
27,NORMA-61,640
27,NORMA-18863,641
27,NORMA-417,642
27,NORMA-18492,643
27,NORMA-12657,644
27,NORMA-13444,645
27,NORMA-21267,646
27,NORMA-14345,647
27,NORMA-13642,648
27,NORMA-12860,649
27,NORMA-20650,650
27,NORMA-15427,651
27,NORMA-14078,652
27,NORMA-13513,653
27,NORMA-13916,654
27,NORMA-13995,655
27,NORMA-12364,656
27,NORMA-20056,657
27,NORMA-18545,658
27,NORMA-15802,659
27,NORMA-207,660
27,NORMA-12872,661
27,NORMA-19658,662
27,NORMA-18780,663
27,NORMA-24381,664
27,NORMA-1206,665
27,NORMA-13957,666
27,NORMA-20931,667
27,NORMA-14268,668
27,NORMA-6315,669
27,NORMA-5008,670
27,NORMA-1211,671
27,NORMA-28362,672
27,NORMA-6656,673
27,NORMA-8387,674
27,NORMA-20779,675
27,NORMA-15027,676
27,NORMA-1088,677
27,NORMA-1991,678
27,NORMA-20953,679
27,NORMA-33308,680
27,NORMA-20184,681
27,NORMA-14758,682
27,NORMA-7012,683
27,NORMA-18937,684
27,NORMA-416,685
27,NORMA-6325,686
27,NORMA-13968,687
27,NORMA-12495,688
27,NORMA-6075,689
27,NORMA-19391,690
27,NORMA-2010,691
27,NORMA-15203,692
27,NORMA-20917,693
27,NORMA-20958,694
27,NORMA-3674,695
27,NORMA-18788,696
27,NORMA-20097,697
27,NORMA-8027,698
27,NORMA-6256,699
27,NORMA-18797,700
27,NORMA-18309,701
27,NORMA-1620,702
27,NORMA-18603,703
27,NORMA-6252,704
27,NORMA-8814,705
27,NORMA-14113,706
27,NORMA-33288,707
27,NORMA-19940,708
27,NORMA-2091,709
27,NORMA-3966,710
27,NORMA-560,711
27,NORMA-8245,712
27,NORMA-10629,713
27,NORMA-14786,714
27,NORMA-4664,715
27,NORMA-12006,716
27,NORMA-25523,717
27,NORMA-6644,718
27,NORMA-27221,719
27,NORMA-6321,720
27,NORMA-8258,721
27,NORMA-19735,722
27,NORMA-754,723
27,NORMA-20244,724
27,NORMA-10375,725
27,NORMA-4898,726
27,NORMA-20597,727
27,NORMA-206,728
27,NORMA-14661,729
27,NORMA-6623,730
27,NORMA-9297,731
27,NORMA-13265,732
27,NORMA-12630,733
27,NORMA-5938,734
27,NORMA-7729,735
27,NORMA-20197,736
27,NORMA-19917,737
27,NORMA-2531,738
27,NORMA-10865,739
27,NORMA-9358,740
27,NORMA-14985,741
27,NORMA-6958,742
27,NORMA-19448,743
27,NORMA-21150,744
27,NORMA-4820,745
27,NORMA-6636,746
27,NORMA-1566,747
27,NORMA-20055,748
27,NORMA-126,749
27,NORMA-14463,750
27,NORMA-3804,751
27,NORMA-19170,752
27,NORMA-19883,753
27,NORMA-7771,754
27,NORMA-25902,755
27,NORMA-20421,756
27,NORMA-807,757
27,NORMA-1619,758
27,NORMA-14459,759
27,NORMA-19799,760
27,NORMA-18531,761
27,NORMA-13797,762
27,NORMA-19245,763
27,NORMA-20796,764
27,NORMA-11476,765
27,NORMA-21276,766
27,NORMA-2375,767
27,NORMA-19051,768
27,NORMA-19182,769
27,NORMA-209,770
27,NORMA-21328,771
27,NORMA-6257,772
27,NORMA-13480,773
27,NORMA-180,774
27,NORMA-4393,775
27,NORMA-19515,776
27,NORMA-292,777
27,NORMA-835,778
27,NORMA-21676,779
27,NORMA-20834,780
27,NORMA-18656,781
27,NORMA-19682,782
27,NORMA-21730,783
27,NORMA-11757,784
27,NORMA-6488,785
27,NORMA-6698,786
27,NORMA-5478,787
27,NORMA-28981,788
27,NORMA-20449,789
27,NORMA-13195,790
27,NORMA-6198,791
27,NORMA-5128,792
27,NORMA-21490,793
27,NORMA-6128,794
27,NORMA-2475,795
27,NORMA-18706,796
27,NORMA-21744,797
27,NORMA-18892,798
27,NORMA-20220,799
27,NORMA-21718,800
27,NORMA-18533,801
27,NORMA-20196,802
27,NORMA-6268,803
27,NORMA-6669,804
27,NORMA-12160,805
27,NORMA-7025,806
27,NORMA-21170,807
27,NORMA-21595,808
27,NORMA-19768,809
27,NORMA-19383,810
27,NORMA-21073,811
27,NORMA-20444,812
27,NORMA-10626,813
27,NORMA-4065,814
27,NORMA-309,815
27,NORMA-18967,816
27,NORMA-5536,817
27,NORMA-2395,818
27,NORMA-20239,819
27,NORMA-20451,820
27,NORMA-1374,821
27,NORMA-1445,822
27,NORMA-19959,823
27,NORMA-13474,824
27,NORMA-27687,825
27,NORMA-19784,826
27,NORMA-555,827
27,NORMA-10123,828
27,NORMA-19965,829
27,NORMA-18818,830
27,NORMA-20192,831
27,NORMA-4750,832
27,NORMA-20257,833
27,NORMA-7015,834
27,NORMA-19564,835
27,NORMA-8576,836
27,NORMA-3467,837
27,NORMA-4038,838
27,NORMA-11627,839
27,NORMA-6134,840
27,NORMA-20191,841
27,NORMA-15045,842
27,NORMA-5339,843
27,NORMA-6743,844
27,NORMA-6411,845
27,NORMA-14529,846
27,NORMA-6051,847
27,NORMA-19941,848
27,NORMA-12729,849
27,NORMA-9763,850
27,NORMA-19611,851
27,NORMA-3772,852
27,NORMA-18339,853
27,NORMA-1421,854
27,NORMA-18301,855
27,NORMA-6514,856
27,NORMA-21456,857
27,NORMA-12329,858
27,NORMA-14555,859
27,NORMA-12014,860
27,NORMA-12234,861
27,NORMA-27062,862
27,NORMA-20482,863
27,NORMA-14556,864
27,NORMA-11984,865
27,NORMA-18823,866
27,NORMA-19939,867
27,NORMA-20928,868
27,NORMA-20885,869
27,NORMA-19644,870
27,NORMA-12232,871
27,NORMA-19777,872
27,NORMA-7892,873
27,NORMA-23564,874
27,NORMA-509,875
27,NORMA-4826,876
27,NORMA-969,877
27,NORMA-19785,878
27,NORMA-21695,879
27,NORMA-14308,880
27,NORMA-18762,881
27,NORMA-1114,882
27,NORMA-20382,883
27,NORMA-5031,884
27,NORMA-19649,885
27,NORMA-2,886
27,NORMA-21158,887
27,NORMA-11751,888
27,NORMA-14898,889
27,NORMA-12886,890
27,NORMA-2093,891
27,NORMA-15264,892
27,NORMA-11470,893
27,NORMA-11983,894
27,NORMA-12350,895
27,NORMA-11991,896
27,NORMA-19546,897
27,NORMA-1398,898
27,NORMA-18862,899
27,NORMA-9984,900
27,NORMA-14260,901
27,NORMA-14988,902
27,NORMA-12348,903
27,NORMA-14854,904
27,NORMA-21678,905
27,NORMA-11992,906
27,NORMA-20450,907
27,NORMA-21651,908
27,NORMA-11847,909
27,NORMA-11977,910
27,NORMA-26841,911
27,NORMA-19039,912
27,NORMA-15192,913
27,NORMA-11845,914
27,NORMA-14148,915
27,NORMA-18501,916
27,NORMA-8562,917
27,NORMA-23682,918
27,NORMA-210,919
27,NORMA-6700,920
27,NORMA-20844,921
27,NORMA-3648,922
27,NORMA-20206,923
27,NORMA-19950,924
27,NORMA-2496,925
27,NORMA-18383,926
27,NORMA-21015,927
27,NORMA-20366,928
27,NORMA-10691,929
27,NORMA-1090,930
27,NORMA-18527,931
27,NORMA-18417,932
27,NORMA-6764,933
27,NORMA-15542,934
27,NORMA-20402,935
27,NORMA-6684,936
27,NORMA-7991,937
27,NORMA-14263,938
27,NORMA-7110,939
27,NORMA-5653,940
27,NORMA-6679,941
27,NORMA-2188,942
27,NORMA-12066,943
27,NORMA-21185,944
27,NORMA-7113,945
27,NORMA-20166,946
27,NORMA-6083,947
27,NORMA-8435,948
27,NORMA-13772,949
27,NORMA-26003,950
27,NORMA-21216,951
27,NORMA-558,952
27,NORMA-7225,953
27,NORMA-7798,954
27,NORMA-21260,955
27,NORMA-18502,956
27,NORMA-19299,957
27,NORMA-2542,958
27,NORMA-21768,959
27,NORMA-14236,960
27,NORMA-19955,961
27,NORMA-10318,962
27,NORMA-5982,963
27,NORMA-222,964
27,NORMA-20053,965
27,NORMA-18325,966
27,NORMA-18221,967
27,NORMA-18802,968
27,NORMA-772,969
27,NORMA-19599,970
27,NORMA-21765,971
27,NORMA-20501,972
27,NORMA-21227,973
27,NORMA-18451,974
27,NORMA-3700,975
27,NORMA-19764,976
27,NORMA-21264,977
27,NORMA-21579,978
27,NORMA-20172,979
27,NORMA-8827,980
27,NORMA-2399,981
27,NORMA-8918,982
27,NORMA-11588,983
27,NORMA-20966,984
27,NORMA-9724,985
27,NORMA-19518,986
27,NORMA-20883,987
27,NORMA-13796,988
27,NORMA-8404,989
27,NORMA-12875,990
27,NORMA-11729,991
27,NORMA-20916,992
27,NORMA-22561,993
27,NORMA-8298,994
27,NORMA-5586,995
27,NORMA-20490,996
27,NORMA-19029,997
27,NORMA-1541,998
27,NORMA-27521,999
27,NORMA-658,1000
28,NORMA-21521,1
28,NORMA-19128,2
28,NORMA-22941,3
28,NORMA-21650,4
28,NORMA-21776,5
28,NORMA-18631,6
28,NORMA-21225,7
28,NORMA-19646,8
28,NORMA-20797,9
28,NORMA-18201,10
28,NORMA-20135,11
28,NORMA-19337,12
28,NORMA-6395,13
28,NORMA-20402,14
28,NORMA-6957,15
28,NORMA-19650,16
28,NORMA-6627,17
28,NORMA-18646,18
28,NORMA-21245,19
28,NORMA-6677,20
28,NORMA-19730,21
28,NORMA-21631,22
28,NORMA-15921,23
28,NORMA-6676,24
28,NORMA-1516,25
28,NORMA-15901,26
28,NORMA-20796,27
28,NORMA-18747,28
28,NORMA-12171,29
28,NORMA-1463,30
28,NORMA-18436,31
28,NORMA-15242,32
28,NORMA-21126,33
28,NORMA-12859,34
28,NORMA-20865,35
28,NORMA-21550,36
28,NORMA-20209,37
28,NORMA-19684,38
28,NORMA-21626,39
28,NORMA-6655,40
28,NORMA-21744,41
28,NORMA-1222,42
28,NORMA-13471,43
28,NORMA-21261,44
28,NORMA-1620,45
28,NORMA-11454,46
28,NORMA-3201,47
28,NORMA-27062,48
28,NORMA-18591,49
28,NORMA-10267,50
28,NORMA-28181,51
28,NORMA-12094,52
28,NORMA-6894,53
28,NORMA-1573,54
28,NORMA-8931,55
28,NORMA-18293,56
28,NORMA-21541,57
28,NORMA-19096,58
28,NORMA-14850,59
28,NORMA-21367,60
28,NORMA-21269,61
28,NORMA-11715,62
28,NORMA-12245,63
28,NORMA-14688,64
28,NORMA-15229,65
28,NORMA-21279,66
28,NORMA-19704,67
28,NORMA-21608,68
28,NORMA-19105,69
28,NORMA-12236,70
28,NORMA-7015,71
28,NORMA-21784,72
28,NORMA-13545,73
28,NORMA-21544,74
28,NORMA-6710,75
28,NORMA-19408,76
28,NORMA-19542,77
28,NORMA-11864,78
28,NORMA-19245,79
28,NORMA-3281,80
28,NORMA-19378,81
28,NORMA-21648,82
28,NORMA-19746,83
28,NORMA-21678,84
28,NORMA-21651,85
28,NORMA-28422,86
28,NORMA-21606,87
28,NORMA-21249,88
28,NORMA-18656,89
28,NORMA-19092,90
28,NORMA-6084,91
28,NORMA-21326,92
28,NORMA-6752,93
28,NORMA-21419,94
28,NORMA-21647,95
28,NORMA-15060,96
28,NORMA-21554,97
28,NORMA-21638,98
28,NORMA-21695,99
28,NORMA-19181,100
28,NORMA-21135,101
28,NORMA-13918,102
28,NORMA-20941,103
28,NORMA-19634,104
28,NORMA-21343,105
28,NORMA-18980,106
28,NORMA-13470,107
28,NORMA-6970,108
28,NORMA-27044,109
28,NORMA-18825,110
28,NORMA-23222,111
28,NORMA-19640,112
28,NORMA-18967,113
28,NORMA-21739,114
28,NORMA-21705,115
28,NORMA-21762,116
28,NORMA-19933,117
28,NORMA-21420,118
28,NORMA-21683,119
28,NORMA-20182,120
28,NORMA-12038,121
28,NORMA-3181,122
28,NORMA-31904,123
28,NORMA-7095,124
28,NORMA-21684,125
28,NORMA-10309,126
28,NORMA-15004,127
28,NORMA-25902,128
28,NORMA-2184,129
28,NORMA-21220,130
28,NORMA-9888,131
28,NORMA-11798,132
28,NORMA-20172,133
28,NORMA-20186,134
28,NORMA-28281,135
28,NORMA-20503,136
28,NORMA-11272,137
28,NORMA-9835,138
28,NORMA-21519,139
28,NORMA-8772,140
28,NORMA-10117,141
28,NORMA-10975,142
28,NORMA-9595,143
28,NORMA-21286,144
28,NORMA-13473,145
28,NORMA-13771,146
28,NORMA-18205,147
28,NORMA-6022,148
28,NORMA-9785,149
28,NORMA-18434,150
28,NORMA-19081,151
28,NORMA-18359,152
28,NORMA-18697,153
28,NORMA-9481,154
28,NORMA-12237,155
28,NORMA-21012,156
28,NORMA-20995,157
28,NORMA-19609,158
28,NORMA-15211,159
28,NORMA-1567,160
28,NORMA-20425,161
28,NORMA-20917,162
28,NORMA-14937,163
28,NORMA-6636,164
28,NORMA-1,165
28,NORMA-6185,166
28,NORMA-26881,167
28,NORMA-21756,168
28,NORMA-20488,169
28,NORMA-13158,170
28,NORMA-12067,171
28,NORMA-13345,172
28,NORMA-13990,173
28,NORMA-20474,174
28,NORMA-21069,175
28,NORMA-13469,176
28,NORMA-18233,177
28,NORMA-6698,178
28,NORMA-21437,179
28,NORMA-18906,180
28,NORMA-21429,181
28,NORMA-16202,182
28,NORMA-21159,183
28,NORMA-1608,184
28,NORMA-20197,185
28,NORMA-20192,186
28,NORMA-19667,187
28,NORMA-20494,188
28,NORMA-20870,189
28,NORMA-20171,190
28,NORMA-18418,191
28,NORMA-20144,192
28,NORMA-17201,193
28,NORMA-23881,194
28,NORMA-6948,195
28,NORMA-21659,196
28,NORMA-10375,197
28,NORMA-21634,198
28,NORMA-21456,199
28,NORMA-21071,200
28,NORMA-21533,201
28,NORMA-19844,202
28,NORMA-20072,203
28,NORMA-18955,204
28,NORMA-18654,205
28,NORMA-21344,206
28,NORMA-27761,207
28,NORMA-19212,208
28,NORMA-8028,209
28,NORMA-18603,210
28,NORMA-20183,211
28,NORMA-19021,212
28,NORMA-10629,213
28,NORMA-19170,214
28,NORMA-9382,215
28,NORMA-4277,216
28,NORMA-21524,217
28,NORMA-26102,218
28,NORMA-14814,219
28,NORMA-12858,220
28,NORMA-19968,221
28,NORMA-21537,222
28,NORMA-20184,223
28,NORMA-2981,224
28,NORMA-12049,225
28,NORMA-833,226
28,NORMA-12063,227
28,NORMA-6720,228
28,NORMA-21105,229
28,NORMA-14099,230
28,NORMA-11862,231
28,NORMA-11921,232
28,NORMA-5536,233
28,NORMA-4091,234
28,NORMA-19574,235
28,NORMA-6629,236
28,NORMA-31903,237
28,NORMA-20224,238
28,NORMA-6318,239
28,NORMA-19643,240
28,NORMA-12092,241
28,NORMA-12172,242
28,NORMA-18989,243
28,NORMA-13298,244
28,NORMA-13265,245
28,NORMA-54,246
28,NORMA-20397,247
28,NORMA-12630,248
28,NORMA-20376,249
28,NORMA-535,250
28,NORMA-12235,251
28,NORMA-9834,252
28,NORMA-11805,253
28,NORMA-20887,254
28,NORMA-6253,255
28,NORMA-21523,256
28,NORMA-18669,257
28,NORMA-15045,258
28,NORMA-6669,259
28,NORMA-21147,260
28,NORMA-14542,261
28,NORMA-21239,262
28,NORMA-21508,263
28,NORMA-6880,264
28,NORMA-23682,265
28,NORMA-11665,266
28,NORMA-534,267
28,NORMA-18446,268
28,NORMA-27384,269
28,NORMA-18981,270
28,NORMA-20421,271
28,NORMA-19977,272
28,NORMA-13671,273
28,NORMA-18815,274
28,NORMA-19330,275
28,NORMA-2536,276
28,NORMA-11655,277
28,NORMA-12020,278
28,NORMA-19205,279
28,NORMA-20369,280
28,NORMA-14239,281
28,NORMA-15701,282
28,NORMA-6962,283
28,NORMA-19799,284
28,NORMA-20208,285
28,NORMA-19295,286
28,NORMA-10797,287
28,NORMA-18350,288
28,NORMA-19613,289
28,NORMA-9457,290
28,NORMA-11804,291
28,NORMA-6621,292
28,NORMA-30043,293
28,NORMA-20196,294
28,NORMA-21384,295
28,NORMA-21110,296
28,NORMA-28362,297
28,NORMA-11866,298
28,NORMA-5626,299
28,NORMA-18838,300
28,NORMA-7326,301
28,NORMA-7351,302
28,NORMA-13029,303
28,NORMA-13476,304
28,NORMA-19343,305
28,NORMA-5170,306
28,NORMA-9147,307
28,NORMA-11300,308
28,NORMA-10116,309
28,NORMA-11087,310
28,NORMA-8774,311
28,NORMA-21157,312
28,NORMA-11085,313
28,NORMA-8205,314
28,NORMA-4588,315
28,NORMA-14746,316
28,NORMA-19192,317
28,NORMA-14294,318
28,NORMA-21217,319
28,NORMA-229,320
28,NORMA-20263,321
28,NORMA-27364,322
28,NORMA-12048,323
28,NORMA-12019,324
28,NORMA-12030,325
28,NORMA-18411,326
28,NORMA-7011,327
28,NORMA-9893,328
28,NORMA-15208,329
28,NORMA-21264,330
28,NORMA-21496,331
28,NORMA-18360,332
28,NORMA-21768,333
28,NORMA-20879,334
28,NORMA-21065,335
28,NORMA-6819,336
28,NORMA-19155,337
28,NORMA-12052,338
28,NORMA-5853,339
28,NORMA-5417,340
28,NORMA-18403,341
28,NORMA-6820,342
28,NORMA-854,343
28,NORMA-21023,344
28,NORMA-25523,345
28,NORMA-20460,346
28,NORMA-15237,347
28,NORMA-21547,348
28,NORMA-552,349
28,NORMA-20465,350
28,NORMA-778,351
28,NORMA-19655,352
28,NORMA-19883,353
28,NORMA-19658,354
28,NORMA-23521,355
28,NORMA-19172,356
28,NORMA-18223,357
28,NORMA-21717,358
28,NORMA-20869,359
28,NORMA-835,360
28,NORMA-21507,361
28,NORMA-4926,362
28,NORMA-19429,363
28,NORMA-20189,364
28,NORMA-20121,365
28,NORMA-12163,366
28,NORMA-18772,367
28,NORMA-19152,368
28,NORMA-20473,369
28,NORMA-21783,370
28,NORMA-19329,371
28,NORMA-5586,372
28,NORMA-19221,373
28,NORMA-20304,374
28,NORMA-4909,375
28,NORMA-6509,376
28,NORMA-974,377
28,NORMA-7651,378
28,NORMA-6702,379
28,NORMA-20708,380
28,NORMA-26701,381
28,NORMA-19190,382
28,NORMA-4818,383
28,NORMA-7194,384
28,NORMA-13094,385
28,NORMA-20349,386
28,NORMA-19715,387
28,NORMA-18221,388
28,NORMA-21553,389
28,NORMA-4314,390
28,NORMA-21630,391
28,NORMA-11418,392
28,NORMA-20201,393
28,NORMA-9823,394
28,NORMA-11814,395
28,NORMA-18806,396
28,NORMA-19965,397
28,NORMA-20098,398
28,NORMA-18225,399
28,NORMA-18528,400
28,NORMA-1092,401
28,NORMA-14890,402
28,NORMA-19051,403
28,NORMA-24661,404
28,NORMA-19564,405
28,NORMA-18541,406
28,NORMA-9724,407
28,NORMA-28961,408
28,NORMA-11417,409
28,NORMA-19842,410
28,NORMA-18709,411
28,NORMA-2563,412
28,NORMA-33288,413
28,NORMA-19515,414
28,NORMA-13772,415
28,NORMA-5008,416
28,NORMA-21484,417
28,NORMA-2413,418
28,NORMA-33308,419
28,NORMA-21241,420
28,NORMA-18203,421
28,NORMA-19553,422
28,NORMA-11687,423
28,NORMA-14501,424
28,NORMA-20999,425
28,NORMA-21562,426
28,NORMA-143,427
28,NORMA-14508,428
28,NORMA-13056,429
28,NORMA-12900,430
28,NORMA-12901,431
28,NORMA-19573,432
28,NORMA-18762,433
28,NORMA-10865,434
28,NORMA-9358,435
28,NORMA-19875,436
28,NORMA-15239,437
28,NORMA-26003,438
28,NORMA-28203,439
28,NORMA-19351,440
28,NORMA-783,441
28,NORMA-19787,442
28,NORMA-2546,443
28,NORMA-21299,444
28,NORMA-19981,445
28,NORMA-20847,446
28,NORMA-11316,447
28,NORMA-1421,448
28,NORMA-6955,449
28,NORMA-19416,450
28,NORMA-21526,451
28,NORMA-10123,452
28,NORMA-21231,453
28,NORMA-18992,454
28,NORMA-1578,455
28,NORMA-21275,456
28,NORMA-6343,457
28,NORMA-18227,458
28,NORMA-20894,459
28,NORMA-18823,460
28,NORMA-7027,461
28,NORMA-19651,462
28,NORMA-12060,463
28,NORMA-12029,464
28,NORMA-3503,465
28,NORMA-21211,466
28,NORMA-3979,467
28,NORMA-7149,468
28,NORMA-6623,469
28,NORMA-20359,470
28,NORMA-18545,471
28,NORMA-10821,472
28,NORMA-1283,473
28,NORMA-1663,474
28,NORMA-19431,475
28,NORMA-21792,476
28,NORMA-21224,477
28,NORMA-22101,478
28,NORMA-21139,479
28,NORMA-6954,480
28,NORMA-18243,481
28,NORMA-12066,482
28,NORMA-19164,483
28,NORMA-1740,484
28,NORMA-6256,485
28,NORMA-6753,486
28,NORMA-19061,487
28,NORMA-7012,488
28,NORMA-21431,489
28,NORMA-8522,490
28,NORMA-10878,491
28,NORMA-18325,492
28,NORMA-2660,493
28,NORMA-28802,494
28,NORMA-18748,495
28,NORMA-18839,496
28,NORMA-20137,497
28,NORMA-17321,498
28,NORMA-11528,499
28,NORMA-7953,500
28,NORMA-19675,501
28,NORMA-21386,502
28,NORMA-18554,503
28,NORMA-20167,504
28,NORMA-18835,505
28,NORMA-2032,506
28,NORMA-20880,507
28,NORMA-5431,508
28,NORMA-20705,509
28,NORMA-15902,510
28,NORMA-20205,511
28,NORMA-21767,512
28,NORMA-19853,513
28,NORMA-27550,514
28,NORMA-18394,515
28,NORMA-18264,516
28,NORMA-12657,517
28,NORMA-20477,518
28,NORMA-20487,519
28,NORMA-20174,520
28,NORMA-18548,521
28,NORMA-29005,522
28,NORMA-9871,523
28,NORMA-10044,524
28,NORMA-19859,525
28,NORMA-13323,526
28,NORMA-11739,527
28,NORMA-754,528
28,NORMA-4746,529
28,NORMA-17281,530
28,NORMA-22001,531
28,NORMA-25964,532
28,NORMA-8458,533
28,NORMA-15028,534
28,NORMA-21267,535
28,NORMA-21461,536
28,NORMA-7525,537
28,NORMA-20191,538
28,NORMA-3820,539
28,NORMA-3821,540
28,NORMA-18974,541
28,NORMA-14788,542
28,NORMA-18769,543
28,NORMA-19682,544
28,NORMA-3642,545
28,NORMA-20854,546
28,NORMA-19969,547
28,NORMA-10029,548
28,NORMA-462,549
28,NORMA-7110,550
28,NORMA-23027,551
28,NORMA-19384,552
28,NORMA-18802,553
28,NORMA-24102,554
28,NORMA-21218,555
28,NORMA-19503,556
28,NORMA-18730,557
28,NORMA-9792,558
28,NORMA-21356,559
28,NORMA-13797,560
28,NORMA-6758,561
28,NORMA-6595,562
28,NORMA-834,563
28,NORMA-20188,564
28,NORMA-21313,565
28,NORMA-20366,566
28,NORMA-21588,567
28,NORMA-21530,568
28,NORMA-20709,569
28,NORMA-4830,570
28,NORMA-20902,571
28,NORMA-19557,572
28,NORMA-20507,573
28,NORMA-20840,574
28,NORMA-21515,575
28,NORMA-18303,576
28,NORMA-1535,577
28,NORMA-20482,578
28,NORMA-14345,579
28,NORMA-19352,580
28,NORMA-13995,581
28,NORMA-16403,582
28,NORMA-10200,583
28,NORMA-6389,584
28,NORMA-20443,585
28,NORMA-1485,586
28,NORMA-16481,587
28,NORMA-1365,588
28,NORMA-21713,589
28,NORMA-12911,590
28,NORMA-14113,591
28,NORMA-15027,592
28,NORMA-20065,593
28,NORMA-12437,594
28,NORMA-11731,595
28,NORMA-18435,596
28,NORMA-14390,597
28,NORMA-14661,598
28,NORMA-19546,599
28,NORMA-10119,600
28,NORMA-21661,601
28,NORMA-21459,602
28,NORMA-19391,603
28,NORMA-7241,604
28,NORMA-11780,605
28,NORMA-60,606
28,NORMA-20185,607
28,NORMA-19379,608
28,NORMA-19010,609
28,NORMA-11496,610
28,NORMA-14463,611
28,NORMA-18378,612
28,NORMA-22862,613
28,NORMA-20501,614
28,NORMA-21028,615
28,NORMA-12161,616
28,NORMA-13195,617
28,NORMA-570,618
28,NORMA-8771,619
28,NORMA-20429,620
28,NORMA-5184,621
28,NORMA-18934,622
28,NORMA-13480,623
28,NORMA-12104,624
28,NORMA-18474,625
28,NORMA-20950,626
28,NORMA-18430,627
28,NORMA-9110,628
28,NORMA-13508,629
28,NORMA-20199,630
28,NORMA-6505,631
28,NORMA-11572,632
28,NORMA-7942,633
28,NORMA-12031,634
28,NORMA-9670,635
28,NORMA-21253,636
28,NORMA-5421,637
28,NORMA-3907,638
28,NORMA-20945,639
28,NORMA-4631,640
28,NORMA-7022,641
28,NORMA-15396,642
28,NORMA-12613,643
28,NORMA-7025,644
28,NORMA-20873,645
28,NORMA-13789,646
28,NORMA-27365,647
28,NORMA-4710,648
28,NORMA-12113,649
28,NORMA-6257,650
28,NORMA-19275,651
28,NORMA-4424,652
28,NORMA-11999,653
28,NORMA-883,654
28,NORMA-18248,655
28,NORMA-20989,656
28,NORMA-12415,657
28,NORMA-12923,658
28,NORMA-13124,659
28,NORMA-18685,660
28,NORMA-8027,661
28,NORMA-19588,662
28,NORMA-12733,663
28,NORMA-19088,664
28,NORMA-13308,665
28,NORMA-12002,666
28,NORMA-18377,667
28,NORMA-26,668
28,NORMA-21150,669
28,NORMA-18780,670
28,NORMA-18208,671
28,NORMA-6199,672
28,NORMA-19442,673
28,NORMA-19727,674
28,NORMA-19919,675
28,NORMA-27064,676
28,NORMA-19729,677
28,NORMA-33728,678
28,NORMA-12170,679
28,NORMA-18492,680
28,NORMA-21309,681
28,NORMA-18648,682
28,NORMA-20037,683
28,NORMA-3381,684
28,NORMA-19444,685
28,NORMA-749,686
28,NORMA-12588,687
28,NORMA-11198,688
28,NORMA-12663,689
28,NORMA-13519,690
28,NORMA-21114,691
28,NORMA-13229,692
28,NORMA-18722,693
28,NORMA-8773,694
28,NORMA-19056,695
28,NORMA-4587,696
28,NORMA-19308,697
28,NORMA-21595,698
28,NORMA-9297,699
28,NORMA-20056,700
28,NORMA-594,701
28,NORMA-18542,702
28,NORMA-19606,703
28,NORMA-20316,704
28,NORMA-2089,705
28,NORMA-6757,706
28,NORMA-1388,707
28,NORMA-19459,708
28,NORMA-1674,709
28,NORMA-18502,710
28,NORMA-12103,711
28,NORMA-15427,712
28,NORMA-26124,713
28,NORMA-19617,714
28,NORMA-20204,715
28,NORMA-8204,716
28,NORMA-15465,717
28,NORMA-19095,718
28,NORMA-20202,719
28,NORMA-680,720
28,NORMA-11577,721
28,NORMA-6958,722
28,NORMA-19039,723
28,NORMA-21158,724
28,NORMA-878,725
28,NORMA-4515,726
28,NORMA-11578,727
28,NORMA-21624,728
28,NORMA-1442,729
28,NORMA-20565,730
28,NORMA-19249,731
28,NORMA-1846,732
28,NORMA-8814,733
28,NORMA-19845,734
28,NORMA-21193,735
28,NORMA-18788,736
28,NORMA-20426,737
28,NORMA-20374,738
28,NORMA-11086,739
28,NORMA-12099,740
28,NORMA-19581,741
28,NORMA-21522,742
28,NORMA-14724,743
28,NORMA-18720,744
28,NORMA-18691,745
28,NORMA-18797,746
28,NORMA-21278,747
28,NORMA-1474,748
28,NORMA-1144,749
28,NORMA-19387,750
28,NORMA-18870,751
28,NORMA-13586,752
28,NORMA-11356,753
28,NORMA-8706,754
28,NORMA-13552,755
28,NORMA-20911,756
28,NORMA-18380,757
28,NORMA-20891,758
28,NORMA-21336,759
28,NORMA-13472,760
28,NORMA-19426,761
28,NORMA-222,762
28,NORMA-20382,763
28,NORMA-21453,764
28,NORMA-21680,765
28,NORMA-6895,766
28,NORMA-27063,767
28,NORMA-1332,768
28,NORMA-19174,769
28,NORMA-13218,770
28,NORMA-1173,771
28,NORMA-18773,772
28,NORMA-14302,773
28,NORMA-12027,774
28,NORMA-4786,775
28,NORMA-634,776
28,NORMA-18859,777
28,NORMA-11443,778
28,NORMA-6851,779
28,NORMA-11736,780
28,NORMA-20398,781
28,NORMA-6344,782
28,NORMA-20569,783
28,NORMA-8384,784
28,NORMA-11599,785
28,NORMA-21324,786
28,NORMA-21774,787
28,NORMA-984,788
28,NORMA-6268,789
28,NORMA-15167,790
28,NORMA-18801,791
28,NORMA-21586,792
28,NORMA-19733,793
28,NORMA-27687,794
28,NORMA-13474,795
28,NORMA-10473,796
28,NORMA-6783,797
28,NORMA-21113,798
28,NORMA-18462,799
28,NORMA-14813,800
28,NORMA-6488,801
28,NORMA-21107,802
28,NORMA-19582,803
28,NORMA-19520,804
28,NORMA-21140,805
28,NORMA-13919,806
28,NORMA-3001,807
28,NORMA-22721,808
28,NORMA-19256,809
28,NORMA-19292,810
28,NORMA-20249,811
28,NORMA-802,812
28,NORMA-20490,813
28,NORMA-6083,814
28,NORMA-21369,815
28,NORMA-59,816
28,NORMA-660,817
28,NORMA-27045,818
28,NORMA-2013,819
28,NORMA-801,820
28,NORMA-2185,821
28,NORMA-7222,822
28,NORMA-1611,823
28,NORMA-21020,824
28,NORMA-72,825
28,NORMA-11758,826
28,NORMA-554,827
28,NORMA-19571,828
28,NORMA-11473,829
28,NORMA-7390,830
28,NORMA-19220,831
28,NORMA-13746,832
28,NORMA-18280,833
28,NORMA-18818,834
28,NORMA-14828,835
28,NORMA-19629,836
28,NORMA-21181,837
28,NORMA-7384,838
28,NORMA-14462,839
28,NORMA-1026,840
28,NORMA-14581,841
28,NORMA-923,842
28,NORMA-20448,843
28,NORMA-20687,844
28,NORMA-18527,845
28,NORMA-20407,846
28,NORMA-18479,847
28,NORMA-20468,848
28,NORMA-417,849
28,NORMA-8203,850
28,NORMA-21791,851
28,NORMA-13160,852
28,NORMA-18549,853
28,NORMA-19383,854
28,NORMA-385,855
28,NORMA-7113,856
28,NORMA-21637,857
28,NORMA-19290,858
28,NORMA-8435,859
28,NORMA-18750,860
28,NORMA-20089,861
28,NORMA-8575,862
28,NORMA-21272,863
28,NORMA-4514,864
28,NORMA-19232,865
28,NORMA-20389,866
28,NORMA-18407,867
28,NORMA-14293,868
28,NORMA-11236,869
28,NORMA-20621,870
28,NORMA-20195,871
28,NORMA-6521,872
28,NORMA-20432,873
28,NORMA-21236,874
28,NORMA-6291,875
28,NORMA-19110,876
28,NORMA-19417,877
28,NORMA-16424,878
28,NORMA-220,879
28,NORMA-7386,880
28,NORMA-18781,881
28,NORMA-21072,882
28,NORMA-18935,883
28,NORMA-19561,884
28,NORMA-15561,885
28,NORMA-36,886
28,NORMA-18294,887
28,NORMA-18302,888
28,NORMA-20817,889
28,NORMA-18653,890
28,NORMA-5360,891
28,NORMA-15521,892
28,NORMA-18962,893
28,NORMA-18873,894
28,NORMA-21203,895
28,NORMA-972,896
28,NORMA-21260,897
28,NORMA-21690,898
28,NORMA-3819,899
28,NORMA-558,900
28,NORMA-7225,901
28,NORMA-2519,902
28,NORMA-3571,903
28,NORMA-11882,904
28,NORMA-11631,905
28,NORMA-1619,906
28,NORMA-3511,907
28,NORMA-5496,908
28,NORMA-19422,909
28,NORMA-18668,910
28,NORMA-21387,911
28,NORMA-2183,912
28,NORMA-5361,913
28,NORMA-3638,914
28,NORMA-4820,915
28,NORMA-4278,916
28,NORMA-4586,917
28,NORMA-6644,918
28,NORMA-21434,919
28,NORMA-6321,920
28,NORMA-8119,921
28,NORMA-11164,922
28,NORMA-6856,923
28,NORMA-19167,924
28,NORMA-1613,925
28,NORMA-317,926
28,NORMA-18767,927
28,NORMA-20002,928
28,NORMA-416,929
28,NORMA-2432,930
28,NORMA-1013,931
28,NORMA-19830,932
28,NORMA-2517,933
28,NORMA-18604,934
28,NORMA-5925,935
28,NORMA-19871,936
28,NORMA-18214,937
28,NORMA-18798,938
28,NORMA-27341,939
28,NORMA-20793,940
28,NORMA-12006,941
28,NORMA-19593,942
28,NORMA-14459,943
28,NORMA-18979,944
28,NORMA-20108,945
28,NORMA-1994,946
28,NORMA-18958,947
28,NORMA-18420,948
28,NORMA-21393,949
28,NORMA-21184,950
28,NORMA-6140,951
28,NORMA-20210,952
28,NORMA-11688,953
28,NORMA-20790,954
28,NORMA-18211,955
28,NORMA-21300,956
28,NORMA-18217,957
28,NORMA-21046,958
28,NORMA-19939,959
28,NORMA-18375,960
28,NORMA-20901,961
28,NORMA-616,962
28,NORMA-10708,963
28,NORMA-19565,964
28,NORMA-21312,965
28,NORMA-2158,966
28,NORMA-21201,967
28,NORMA-21277,968
28,NORMA-20166,969
28,NORMA-15581,970
28,NORMA-12039,971
28,NORMA-27221,972
28,NORMA-26841,973
28,NORMA-18432,974
28,NORMA-3241,975
28,NORMA-581,976
28,NORMA-20566,977
28,NORMA-11679,978
28,NORMA-13174,979
28,NORMA-21676,980
28,NORMA-61,981
28,NORMA-20861,982
28,NORMA-10041,983
28,NORMA-18517,984
28,NORMA-19454,985
28,NORMA-20616,986
28,NORMA-228,987
28,NORMA-21156,988
28,NORMA-21446,989
28,NORMA-21506,990
28,NORMA-18537,991
28,NORMA-1471,992
28,NORMA-21697,993
28,NORMA-21394,994
28,NORMA-578,995
28,NORMA-4425,996
28,NORMA-18386,997
28,NORMA-11766,998
28,NORMA-19940,999
28,NORMA-19784,1000
29,NORMA-76,1
29,NORMA-1433,2
29,NORMA-1295,3
29,NORMA-18434,4
29,NORMA-18446,5
29,NORMA-18424,6
29,NORMA-3382,7
29,NORMA-20474,8
29,NORMA-15521,9
29,NORMA-483,10
29,NORMA-20477,11
29,NORMA-18301,12
29,NORMA-18436,13
29,NORMA-18798,14
29,NORMA-21126,15
29,NORMA-20460,16
29,NORMA-21135,17
29,NORMA-20465,18
29,NORMA-20995,19
29,NORMA-12657,20
29,NORMA-996,21
29,NORMA-7110,22
29,NORMA-21521,23
29,NORMA-6880,24
29,NORMA-20468,25
29,NORMA-818,26
29,NORMA-2413,27
29,NORMA-20359,28
29,NORMA-20865,29
29,NORMA-18492,30
29,NORMA-2536,31
29,NORMA-18450,32
29,NORMA-18219,33
29,NORMA-18549,34
29,NORMA-1398,35
29,NORMA-18541,36
29,NORMA-12165,37
29,NORMA-12039,38
29,NORMA-18233,39
29,NORMA-6948,40
29,NORMA-8028,41
29,NORMA-976,42
29,NORMA-2496,43
29,NORMA-21028,44
29,NORMA-20402,45
29,NORMA-1442,46
29,NORMA-21069,47
29,NORMA-20849,48
29,NORMA-2184,49
29,NORMA-1306,50
29,NORMA-358,51
29,NORMA-21249,52
29,NORMA-21002,53
29,NORMA-20941,54
29,NORMA-20369,55
29,NORMA-21267,56
29,NORMA-12228,57
29,NORMA-21305,58
29,NORMA-17221,59
29,NORMA-18394,60
29,NORMA-1332,61
29,NORMA-18815,62
29,NORMA-75,63
29,NORMA-11798,64
29,NORMA-11631,65
29,NORMA-20503,66
29,NORMA-838,67
29,NORMA-12048,68
29,NORMA-19384,69
29,NORMA-3201,70
29,NORMA-11999,71
29,NORMA-28181,72
29,NORMA-11864,73
29,NORMA-12002,74
29,NORMA-20426,75
29,NORMA-21431,76
29,NORMA-18451,77
29,NORMA-21308,78
29,NORMA-11780,79
29,NORMA-1173,80
29,NORMA-20488,81
29,NORMA-972,82
29,NORMA-11868,83
29,NORMA-19275,84
29,NORMA-21012,85
29,NORMA-6630,86
29,NORMA-18266,87
29,NORMA-23501,88
29,NORMA-2157,89
29,NORMA-12049,90
29,NORMA-20443,91
29,NORMA-20182,92
29,NORMA-20137,93
29,NORMA-20869,94
29,NORMA-6967,95
29,NORMA-18248,96
29,NORMA-20376,97
29,NORMA-19895,98
29,NORMA-20873,99
29,NORMA-19715,100
29,NORMA-20482,101
29,NORMA-19520,102
29,NORMA-19221,103
29,NORMA-19292,104
29,NORMA-18479,105
29,NORMA-10878,106
29,NORMA-18411,107
29,NORMA-19212,108
29,NORMA-19568,109
29,NORMA-20196,110
29,NORMA-6316,111
29,NORMA-6181,112
29,NORMA-11474,113
29,NORMA-21419,114
29,NORMA-755,115
29,NORMA-11527,116
29,NORMA-26102,117
29,NORMA-20103,118
29,NORMA-21537,119
29,NORMA-21725,120
29,NORMA-20490,121
29,NORMA-20796,122
29,NORMA-19249,123
29,NORMA-1341,124
29,NORMA-18325,125
29,NORMA-19456,126
29,NORMA-20403,127
29,NORMA-28281,128
29,NORMA-1260,129
29,NORMA-11599,130
29,NORMA-20425,131
29,NORMA-20930,132
29,NORMA-20091,133
29,NORMA-82,134
29,NORMA-423,135
29,NORMA-385,136
29,NORMA-21052,137
29,NORMA-12160,138
29,NORMA-2032,139
29,NORMA-19081,140
29,NORMA-21211,141
29,NORMA-1471,142
29,NORMA-21783,143
29,NORMA-18740,144
29,NORMA-15004,145
29,NORMA-11570,146
29,NORMA-462,147
29,NORMA-18654,148
29,NORMA-20374,149
29,NORMA-2523,150
29,NORMA-21606,151
29,NORMA-20480,152
29,NORMA-18412,153
29,NORMA-21756,154
29,NORMA-1994,155
29,NORMA-20407,156
29,NORMA-3381,157
29,NORMA-21367,158
29,NORMA-25902,159
29,NORMA-12014,160
29,NORMA-12234,161
29,NORMA-11790,162
29,NORMA-20943,163
29,NORMA-12232,164
29,NORMA-751,165
29,NORMA-12015,166
29,NORMA-20382,167
29,NORMA-21459,168
29,NORMA-19582,169
29,NORMA-6636,170
29,NORMA-20389,171
29,NORMA-19981,172
29,NORMA-6758,173
29,NORMA-18806,174
29,NORMA-12035,175
29,NORMA-19486,176
29,NORMA-11758,177
29,NORMA-20487,178
29,NORMA-11473,179
29,NORMA-19485,180
29,NORMA-3342,181
29,NORMA-21523,182
29,NORMA-29201,183
29,NORMA-12006,184
29,NORMA-21113,185
29,NORMA-19170,186
29,NORMA-19805,187
29,NORMA-21437,188
29,NORMA-6698,189
29,NORMA-21705,190
29,NORMA-20366,191
29,NORMA-12005,192
29,NORMA-18722,193
29,NORMA-19181,194
29,NORMA-21496,195
29,NORMA-19200,196
29,NORMA-19617,197
29,NORMA-19507,198
29,NORMA-19232,199
29,NORMA-11605,200
29,NORMA-9893,201
29,NORMA-21507,202
29,NORMA-19727,203
29,NORMA-20501,204
29,NORMA-10821,205
29,NORMA-21224,206
29,NORMA-18286,207
29,NORMA-11687,208
29,NORMA-4909,209
29,NORMA-27761,210
29,NORMA-20157,211
29,NORMA-20096,212
29,NORMA-11632,213
29,NORMA-20164,214
29,NORMA-20398,215
29,NORMA-20188,216
29,NORMA-18306,217
29,NORMA-464,218
29,NORMA-21784,219
29,NORMA-20861,220
29,NORMA-19631,221
29,NORMA-4830,222
29,NORMA-1463,223
29,NORMA-18656,224
29,NORMA-19658,225
29,NORMA-4746,226
29,NORMA-4091,227
29,NORMA-1348,228
29,NORMA-2519,229
29,NORMA-25523,230
29,NORMA-428,231
29,NORMA-21107,232
29,NORMA-4277,233
29,NORMA-20473,234
29,NORMA-18802,235
29,NORMA-21114,236
29,NORMA-2432,237
29,NORMA-6627,238
29,NORMA-20349,239
29,NORMA-20002,240
29,NORMA-33288,241
29,NORMA-20928,242
29,NORMA-11736,243
29,NORMA-20280,244
29,NORMA-6958,245
29,NORMA-33308,246
29,NORMA-21562,247
29,NORMA-19574,248
29,NORMA-21553,249
29,NORMA-21626,250
29,NORMA-4079,251
29,NORMA-19096,252
29,NORMA-4929,253
29,NORMA-5072,254
29,NORMA-21550,255
29,NORMA-21484,256
29,NORMA-3988,257
29,NORMA-18445,258
29,NORMA-6957,259
29,NORMA-20985,260
29,NORMA-11607,261
29,NORMA-985,262
29,NORMA-6644,263
29,NORMA-6321,264
29,NORMA-19021,265
29,NORMA-27022,266
29,NORMA-21217,267
29,NORMA-1586,268
29,NORMA-3804,269
29,NORMA-19573,270
29,NORMA-14459,271
29,NORMA-21659,272
29,NORMA-28961,273
29,NORMA-15701,274
29,NORMA-18769,275
29,NORMA-6257,276
29,NORMA-18682,277
29,NORMA-20397,278
29,NORMA-292,279
29,NORMA-18224,280
29,NORMA-16202,281
29,NORMA-21461,282
29,NORMA-18537,283
29,NORMA-220,284
29,NORMA-20800,285
29,NORMA-21260,286
29,NORMA-20625,287
29,NORMA-21608,288
29,NORMA-19383,289
29,NORMA-11469,290
29,NORMA-11763,291
29,NORMA-11764,292
29,NORMA-11609,293
29,NORMA-11479,294
29,NORMA-3747,295
29,NORMA-18816,296
29,NORMA-21286,297
29,NORMA-19152,298
29,NORMA-9823,299
29,NORMA-4827,300
29,NORMA-3241,301
29,NORMA-704,302
29,NORMA-11814,303
29,NORMA-20476,304
29,NORMA-745,305
29,NORMA-19220,306
29,NORMA-21269,307
29,NORMA-21220,308
29,NORMA-23222,309
29,NORMA-21434,310
29,NORMA-18274,311
29,NORMA-12102,312
29,NORMA-61,313
29,NORMA-14937,314
29,NORMA-7829,315
29,NORMA-7241,316
29,NORMA-13158,317
29,NORMA-19871,318
29,NORMA-18430,319
29,NORMA-558,320
29,NORMA-15561,321
29,NORMA-13469,322
29,NORMA-19233,323
29,NORMA-21739,324
29,NORMA-11981,325
29,NORMA-20989,326
29,NORMA-15541,327
29,NORMA-19883,328
29,NORMA-20422,329
29,NORMA-5553,330
29,NORMA-3642,331
29,NORMA-1996,332
29,NORMA-23341,333
29,NORMA-18796,334
29,NORMA-20793,335
29,NORMA-1274,336
29,NORMA-18690,337
29,NORMA-20316,338
29,NORMA-6669,339
29,NORMA-19646,340
29,NORMA-20037,341
29,NORMA-14661,342
29,NORMA-11882,343
29,NORMA-20912,344
29,NORMA-19192,345
29,NORMA-15542,346
29,NORMA-20505,347
29,NORMA-21152,348
29,NORMA-5956,349
29,NORMA-7068,350
29,NORMA-20428,351
29,NORMA-1361,352
29,NORMA-20993,353
29,NORMA-21328,354
29,NORMA-21760,355
29,NORMA-7525,356
29,NORMA-19571,357
29,NORMA-1863,358
29,NORMA-14463,359
29,NORMA-4335,360
29,NORMA-21253,361
29,NORMA-15581,362
29,NORMA-10375,363
29,NORMA-5334,364
29,NORMA-10629,365
29,NORMA-20167,366
29,NORMA-21712,367
29,NORMA-20959,368
29,NORMA-3571,369
29,NORMA-27342,370
29,NORMA-18762,371
29,NORMA-20906,372
29,NORMA-5181,373
29,NORMA-21792,374
29,NORMA-2623,375
29,NORMA-6679,376
29,NORMA-20961,377
29,NORMA-2455,378
29,NORMA-20195,379
29,NORMA-19787,380
29,NORMA-21547,381
29,NORMA-3281,382
29,NORMA-13474,383
29,NORMA-729,384
29,NORMA-1740,385
29,NORMA-2537,386
29,NORMA-21595,387
29,NORMA-19923,388
29,NORMA-17321,389
29,NORMA-19842,390
29,NORMA-21241,391
29,NORMA-1352,392
29,NORMA-21651,393
29,NORMA-20557,394
29,NORMA-21678,395
29,NORMA-2981,396
29,NORMA-25201,397
29,NORMA-18287,398
29,NORMA-21554,399
29,NORMA-21506,400
29,NORMA-19809,401
29,NORMA-20754,402
29,NORMA-21086,403
29,NORMA-22941,404
29,NORMA-20028,405
29,NORMA-20192,406
29,NORMA-20432,407
29,NORMA-21388,408
29,NORMA-21664,409
29,NORMA-21147,410
29,NORMA-20263,411
29,NORMA-20999,412
29,NORMA-19611,413
29,NORMA-20197,414
29,NORMA-20240,415
29,NORMA-2522,416
29,NORMA-15882,417
29,NORMA-21008,418
29,NORMA-19933,419
29,NORMA-2456,420
29,NORMA-11417,421
29,NORMA-19387,422
29,NORMA-28203,423
29,NORMA-18583,424
29,NORMA-18292,425
29,NORMA-19655,426
29,NORMA-19388,427
29,NORMA-969,428
29,NORMA-20448,429
29,NORMA-19431,430
29,NORMA-5359,431
29,NORMA-18825,432
29,NORMA-4267,433
29,NORMA-19977,434
29,NORMA-21526,435
29,NORMA-13466,436
29,NORMA-21310,437
29,NORMA-12066,438
29,NORMA-15211,439
29,NORMA-12067,440
29,NORMA-20705,441
29,NORMA-20633,442
29,NORMA-18293,443
29,NORMA-92,444
29,NORMA-10260,445
29,NORMA-18843,446
29,NORMA-18952,447
29,NORMA-850,448
29,NORMA-24582,449
29,NORMA-20217,450
29,NORMA-5220,451
29,NORMA-11792,452
29,NORMA-11577,453
29,NORMA-20453,454
29,NORMA-11572,455
29,NORMA-18393,456
29,NORMA-11578,457
29,NORMA-27687,458
29,NORMA-15427,459
29,NORMA-19593,460
29,NORMA-20089,461
29,NORMA-24961,462
29,NORMA-19691,463
29,NORMA-2158,464
29,NORMA-12029,465
29,NORMA-19095,466
29,NORMA-18842,467
29,NORMA-21127,468
29,NORMA-4308,469
29,NORMA-5290,470
29,NORMA-21357,471
29,NORMA-19844,472
29,NORMA-20166,473
29,NORMA-20836,474
29,NORMA-21390,475
29,NORMA-9382,476
29,NORMA-20304,477
29,NORMA-15239,478
29,NORMA-6819,479
29,NORMA-6820,480
29,NORMA-20029,481
29,NORMA-5507,482
29,NORMA-31923,483
29,NORMA-20222,484
29,NORMA-21509,485
29,NORMA-17301,486
29,NORMA-20070,487
29,NORMA-20191,488
29,NORMA-19798,489
29,NORMA-19057,490
29,NORMA-6970,491
29,NORMA-7011,492
29,NORMA-9834,493
29,NORMA-21663,494
29,NORMA-21710,495
29,NORMA-2517,496
29,NORMA-21173,497
29,NORMA-18385,498
29,NORMA-332,499
29,NORMA-20616,500
29,NORMA-21184,501
29,NORMA-12395,502
29,NORMA-21206,503
29,NORMA-21238,504
29,NORMA-20577,505
29,NORMA-23521,506
29,NORMA-18709,507
29,NORMA-16268,508
29,NORMA-18724,509
29,NORMA-4393,510
29,NORMA-7012,511
29,NORMA-5843,512
29,NORMA-6084,513
29,NORMA-20753,514
29,NORMA-18205,515
29,NORMA-20885,516
29,NORMA-4826,517
29,NORMA-18958,518
29,NORMA-20130,519
29,NORMA-18418,520
29,NORMA-19824,521
29,NORMA-5478,522
29,NORMA-3806,523
29,NORMA-875,524
29,NORMA-1408,525
29,NORMA-20840,526
29,NORMA-15242,527
29,NORMA-20590,528
29,NORMA-20780,529
29,NORMA-4325,530
29,NORMA-14279,531
29,NORMA-1388,532
29,NORMA-29186,533
29,NORMA-12103,534
29,NORMA-11877,535
29,NORMA-20053,536
29,NORMA-20997,537
29,NORMA-20631,538
29,NORMA-680,539
29,NORMA-19949,540
29,NORMA-19699,541
29,NORMA-20452,542
29,NORMA-21276,543
29,NORMA-3462,544
29,NORMA-1421,545
29,NORMA-12859,546
29,NORMA-6894,547
29,NORMA-4036,548
29,NORMA-21475,549
29,NORMA-19039,550
29,NORMA-20429,551
29,NORMA-1840,552
29,NORMA-11556,553
29,NORMA-11734,554
29,NORMA-21821,555
29,NORMA-3632,556
29,NORMA-21023,557
29,NORMA-20578,558
29,NORMA-21634,559
29,NORMA-14642,560
29,NORMA-11836,561
29,NORMA-11827,562
29,NORMA-13977,563
29,NORMA-6509,564
29,NORMA-6396,565
29,NORMA-20030,566
29,NORMA-13317,567
29,NORMA-12060,568
29,NORMA-18931,569
29,NORMA-15362,570
29,NORMA-13471,571
29,NORMA-11828,572
29,NORMA-7651,573
29,NORMA-21236,574
29,NORMA-15465,575
29,NORMA-13552,576
29,NORMA-13357,577
29,NORMA-11316,578
29,NORMA-4818,579
29,NORMA-20902,580
29,NORMA-6895,581
29,NORMA-27063,582
29,NORMA-21137,583
29,NORMA-20435,584
29,NORMA-31904,585
29,NORMA-21246,586
29,NORMA-14302,587
29,NORMA-19092,588
29,NORMA-19459,589
29,NORMA-20209,590
29,NORMA-19853,591
29,NORMA-18378,592
29,NORMA-3568,593
29,NORMA-19351,594
29,NORMA-18669,595
29,NORMA-1613,596
29,NORMA-19647,597
29,NORMA-18279,598
29,NORMA-18432,599
29,NORMA-2555,600
29,NORMA-18653,601
29,NORMA-2269,602
29,NORMA-19724,603
29,NORMA-19919,604
29,NORMA-12303,605
29,NORMA-4868,606
29,NORMA-19625,607
29,NORMA-19967,608
29,NORMA-20072,609
29,NORMA-1541,610
29,NORMA-8248,611
29,NORMA-20277,612
29,NORMA-21427,613
29,NORMA-4435,614
29,NORMA-19209,615
29,NORMA-20844,616
29,NORMA-5558,617
29,NORMA-16147,618
29,NORMA-28001,619
29,NORMA-18697,620
29,NORMA-5014,621
29,NORMA-11982,622
29,NORMA-18102,623
29,NORMA-1452,624
29,NORMA-6256,625
29,NORMA-6623,626
29,NORMA-20007,627
29,NORMA-21017,628
29,NORMA-6645,629
29,NORMA-3850,630
29,NORMA-11998,631
29,NORMA-11739,632
29,NORMA-19637,633
29,NORMA-13174,634
29,NORMA-11476,635
29,NORMA-6082,636
29,NORMA-3937,637
29,NORMA-1654,638
29,NORMA-19722,639
29,NORMA-3693,640
29,NORMA-13263,641
29,NORMA-21205,642
29,NORMA-15028,643
29,NORMA-18474,644
29,NORMA-5346,645
29,NORMA-21522,646
29,NORMA-19632,647
29,NORMA-17281,648
29,NORMA-7027,649
29,NORMA-21661,650
29,NORMA-20896,651
29,NORMA-5028,652
29,NORMA-17201,653
29,NORMA-22001,654
29,NORMA-20522,655
29,NORMA-9261,656
29,NORMA-11041,657
29,NORMA-3877,658
29,NORMA-3618,659
29,NORMA-11804,660
29,NORMA-2460,661
29,NORMA-8773,662
29,NORMA-20185,663
29,NORMA-18781,664
29,NORMA-5141,665
29,NORMA-4587,666
29,NORMA-24601,667
29,NORMA-22561,668
29,NORMA-9779,669
29,NORMA-11621,670
29,NORMA-19845,671
29,NORMA-19942,672
29,NORMA-27064,673
29,NORMA-18638,674
29,NORMA-33728,675
29,NORMA-19051,676
29,NORMA-18276,677
29,NORMA-20440,678
29,NORMA-7838,679
29,NORMA-20336,680
29,NORMA-8695,681
29,NORMA-5378,682
29,NORMA-18502,683
29,NORMA-20531,684
29,NORMA-21776,685
29,NORMA-1663,686
29,NORMA-18859,687
29,NORMA-23027,688
29,NORMA-9110,689
29,NORMA-4555,690
29,NORMA-7942,691
29,NORMA-9670,692
29,NORMA-11086,693
29,NORMA-21020,694
29,NORMA-13523,695
29,NORMA-20950,696
29,NORMA-7390,697
29,NORMA-22622,698
29,NORMA-1143,699
29,NORMA-14059,700
29,NORMA-24102,701
29,NORMA-18573,702
29,NORMA-18891,703
29,NORMA-6092,704
29,NORMA-8515,705
29,NORMA-6410,706
29,NORMA-12287,707
29,NORMA-18396,708
29,NORMA-20021,709
29,NORMA-18885,710
29,NORMA-5955,711
29,NORMA-938,712
29,NORMA-14415,713
29,NORMA-20172,714
29,NORMA-6344,715
29,NORMA-19952,716
29,NORMA-21226,717
29,NORMA-14950,718
29,NORMA-20186,719
29,NORMA-834,720
29,NORMA-18407,721
29,NORMA-14405,722
29,NORMA-20183,723
29,NORMA-11472,724
29,NORMA-20421,725
29,NORMA-21647,726
29,NORMA-1222,727
29,NORMA-18757,728
29,NORMA-11779,729
29,NORMA-1217,730
29,NORMA-3919,731
29,NORMA-7211,732
29,NORMA-19799,733
29,NORMA-18603,734
29,NORMA-11272,735
29,NORMA-21568,736
29,NORMA-18528,737
29,NORMA-19122,738
29,NORMA-15237,739
29,NORMA-20100,740
29,NORMA-18908,741
29,NORMA-18838,742
29,NORMA-9812,743
29,NORMA-4011,744
29,NORMA-20175,745
29,NORMA-19666,746
29,NORMA-11872,747
29,NORMA-20224,748
29,NORMA-20292,749
29,NORMA-19829,750
29,NORMA-20106,751
29,NORMA-20215,752
29,NORMA-22401,753
29,NORMA-425,754
29,NORMA-10200,755
29,NORMA-11560,756
29,NORMA-5062,757
29,NORMA-19744,758
29,NORMA-10119,759
29,NORMA-20199,760
29,NORMA-3181,761
29,NORMA-11805,762
29,NORMA-28422,763
29,NORMA-4152,764
29,NORMA-18204,765
29,NORMA-5363,766
29,NORMA-17182,767
29,NORMA-7953,768
29,NORMA-1534,769
29,NORMA-18226,770
29,NORMA-19643,771
29,NORMA-21625,772
29,NORMA-1,773
29,NORMA-2383,774
29,NORMA-20880,775
29,NORMA-11920,776
29,NORMA-21398,777
29,NORMA-5900,778
29,NORMA-22061,779
29,NORMA-772,780
29,NORMA-21228,781
29,NORMA-5536,782
29,NORMA-19784,783
29,NORMA-18631,784
29,NORMA-21752,785
29,NORMA-3700,786
29,NORMA-19056,787
29,NORMA-12317,788
29,NORMA-19797,789
29,NORMA-3809,790
29,NORMA-21239,791
29,NORMA-21139,792
29,NORMA-20381,793
29,NORMA-13160,794
29,NORMA-8458,795
29,NORMA-5358,796
29,NORMA-19878,797
29,NORMA-28586,798
29,NORMA-18562,799
29,NORMA-6185,800
29,NORMA-588,801
29,NORMA-587,802
29,NORMA-3991,803
29,NORMA-4748,804
29,NORMA-18208,805
29,NORMA-8743,806
29,NORMA-14724,807
29,NORMA-6505,808
29,NORMA-4631,809
29,NORMA-19941,810
29,NORMA-20121,811
29,NORMA-12415,812
29,NORMA-12923,813
29,NORMA-13124,814
29,NORMA-16401,815
29,NORMA-15390,816
29,NORMA-21071,817
29,NORMA-4443,818
29,NORMA-12601,819
29,NORMA-20371,820
29,NORMA-12733,821
29,NORMA-13247,822
29,NORMA-595,823
29,NORMA-13308,824
29,NORMA-19733,825
29,NORMA-24241,826
29,NORMA-19808,827
29,NORMA-1567,828
29,NORMA-3820,829
29,NORMA-5060,830
29,NORMA-6023,831
29,NORMA-3821,832
29,NORMA-317,833
29,NORMA-6676,834
29,NORMA-19609,835
29,NORMA-3582,836
29,NORMA-13508,837
29,NORMA-3940,838
29,NORMA-21768,839
29,NORMA-19603,840
29,NORMA-20102,841
29,NORMA-7470,842
29,NORMA-3478,843
29,NORMA-18362,844
29,NORMA-6488,845
29,NORMA-18822,846
29,NORMA-18630,847
29,NORMA-11087,848
29,NORMA-3883,849
29,NORMA-8774,850
29,NORMA-4588,851
29,NORMA-20184,852
29,NORMA-14746,853
29,NORMA-3942,854
29,NORMA-27062,855
29,NORMA-14967,856
29,NORMA-20300,857
29,NORMA-21132,858
29,NORMA-19553,859
29,NORMA-27364,860
29,NORMA-12910,861
29,NORMA-802,862
29,NORMA-19028,863
29,NORMA-59,864
29,NORMA-660,865
29,NORMA-18243,866
29,NORMA-3917,867
29,NORMA-2013,868
29,NORMA-801,869
29,NORMA-18981,870
29,NORMA-2185,871
29,NORMA-3989,872
29,NORMA-7741,873
29,NORMA-25761,874
29,NORMA-1611,875
29,NORMA-19651,876
29,NORMA-28362,877
29,NORMA-14011,878
29,NORMA-20437,879
29,NORMA-554,880
29,NORMA-19704,881
29,NORMA-18747,882
29,NORMA-14157,883
29,NORMA-15041,884
29,NORMA-12629,885
29,NORMA-23482,886
29,NORMA-11838,887
29,NORMA-20201,888
29,NORMA-571,889
29,NORMA-20758,890
29,NORMA-5169,891
29,NORMA-20708,892
29,NORMA-11974,893
29,NORMA-5938,894
29,NORMA-26841,895
29,NORMA-11847,896
29,NORMA-11977,897
29,NORMA-19687,898
29,NORMA-28622,899
29,NORMA-4550,900
29,NORMA-18564,901
29,NORMA-10749,902
29,NORMA-11845,903
29,NORMA-16582,904
29,NORMA-10309,905
29,NORMA-13719,906
29,NORMA-19973,907
29,NORMA-21299,908
29,NORMA-19774,909
29,NORMA-20841,910
29,NORMA-18303,911
29,NORMA-20444,912
29,NORMA-9799,913
29,NORMA-19222,914
29,NORMA-18237,915
29,NORMA-19281,916
29,NORMA-20423,917
29,NORMA-12080,918
29,NORMA-14876,919
29,NORMA-25542,920
29,NORMA-19391,921
29,NORMA-20917,922
29,NORMA-20450,923
29,NORMA-19500,924
29,NORMA-14529,925
29,NORMA-8074,926
29,NORMA-5293,927
29,NORMA-18533,928
29,NORMA-8570,929
29,NORMA-5364,930
29,NORMA-18634,931
29,NORMA-18641,932
29,NORMA-18615,933
29,NORMA-20219,934
29,NORMA-3524,935
29,NORMA-18804,936
29,NORMA-20512,937
29,NORMA-18880,938
29,NORMA-6015,939
29,NORMA-31903,940
29,NORMA-13470,941
29,NORMA-4390,942
29,NORMA-27044,943
29,NORMA-13801,944
29,NORMA-12024,945
29,NORMA-7744,946
29,NORMA-12032,947
29,NORMA-18646,948
29,NORMA-9217,949
29,NORMA-1989,950
29,NORMA-11615,951
29,NORMA-20584,952
29,NORMA-7015,953
29,NORMA-28981,954
29,NORMA-19849,955
29,NORMA-18672,956
29,NORMA-553,957
29,NORMA-19559,958
29,NORMA-11000,959
29,NORMA-20204,960
29,NORMA-19730,961
29,NORMA-18212,962
29,NORMA-19329,963
29,NORMA-10393,964
29,NORMA-20579,965
29,NORMA-3638,966
29,NORMA-4600,967
29,NORMA-11904,968
29,NORMA-2551,969
29,NORMA-6083,970
29,NORMA-21430,971
29,NORMA-11735,972
29,NORMA-21519,973
29,NORMA-5361,974
29,NORMA-21462,975
29,NORMA-21556,976
29,NORMA-2415,977
29,NORMA-4278,978
29,NORMA-19337,979
29,NORMA-6830,980
29,NORMA-21532,981
29,NORMA-8772,982
29,NORMA-18746,983
29,NORMA-18967,984
29,NORMA-21279,985
29,NORMA-10117,986
29,NORMA-10975,987
29,NORMA-3979,988
29,NORMA-777,989
29,NORMA-2376,990
29,NORMA-18247,991
29,NORMA-8677,992
29,NORMA-11225,993
29,NORMA-21157,994
29,NORMA-10282,995
29,NORMA-9188,996
29,NORMA-20870,997
29,NORMA-21744,998
29,NORMA-20451,999
29,NORMA-27981,1000
30,NORMA-20870,1
30,NORMA-21002,2
30,NORMA-20865,3
30,NORMA-22561,4
30,NORMA-18233,5
30,NORMA-21496,6
30,NORMA-20945,7
30,NORMA-11316,8
30,NORMA-18838,9
30,NORMA-19155,10
30,NORMA-2413,11
30,NORMA-18807,12
30,NORMA-20995,13
30,NORMA-18378,14
30,NORMA-18298,15
30,NORMA-18414,16
30,NORMA-18418,17
30,NORMA-20999,18
30,NORMA-18697,19
30,NORMA-18709,20
30,NORMA-21419,21
30,NORMA-21157,22
30,NORMA-729,23
30,NORMA-21267,24
30,NORMA-21147,25
30,NORMA-21626,26
30,NORMA-21028,27
30,NORMA-7149,28
30,NORMA-18439,29
30,NORMA-19212,30
30,NORMA-21158,31
30,NORMA-19096,32
30,NORMA-14542,33
30,NORMA-11756,34
30,NORMA-18403,35
30,NORMA-20869,36
30,NORMA-18819,37
30,NORMA-8522,38
30,NORMA-28203,39
30,NORMA-21550,40
30,NORMA-18377,41
30,NORMA-18237,42
30,NORMA-21792,43
30,NORMA-20941,44
30,NORMA-21046,45
30,NORMA-13265,46
30,NORMA-12630,47
30,NORMA-18823,48
30,NORMA-21063,49
30,NORMA-21026,50
30,NORMA-5008,51
30,NORMA-18492,52
30,NORMA-21135,53
30,NORMA-6075,54
30,NORMA-11757,55
30,NORMA-20854,56
30,NORMA-20993,57
30,NORMA-18772,58
30,NORMA-18554,59
30,NORMA-15045,60
30,NORMA-23682,61
30,NORMA-18292,62
30,NORMA-4297,63
30,NORMA-20992,64
30,NORMA-21152,65
30,NORMA-10123,66
30,NORMA-4820,67
30,NORMA-4898,68
30,NORMA-10865,69
30,NORMA-9358,70
30,NORMA-20934,71
30,NORMA-18430,72
30,NORMA-18434,73
30,NORMA-21521,74
30,NORMA-21783,75
30,NORMA-18798,76
30,NORMA-18303,77
30,NORMA-220,78
30,NORMA-18216,79
30,NORMA-20304,80
30,NORMA-19152,81
30,NORMA-20432,82
30,NORMA-3503,83
30,NORMA-21367,84
30,NORMA-11570,85
30,NORMA-20989,86
30,NORMA-21023,87
30,NORMA-7384,88
30,NORMA-21012,89
30,NORMA-18773,90
30,NORMA-19021,91
30,NORMA-19095,92
30,NORMA-18806,93
30,NORMA-21437,94
30,NORMA-20316,95
30,NORMA-20263,96
30,NORMA-18762,97
30,NORMA-21776,98
30,NORMA-6757,99
30,NORMA-18446,100
30,NORMA-21065,101
30,NORMA-3381,102
30,NORMA-483,103
30,NORMA-20557,104
30,NORMA-5431,105
30,NORMA-13138,106
30,NORMA-18219,107
30,NORMA-18691,108
30,NORMA-18204,109
30,NORMA-18863,110
30,NORMA-18301,111
30,NORMA-21461,112
30,NORMA-6082,113
30,NORMA-21043,114
30,NORMA-18412,115
30,NORMA-19828,116
30,NORMA-21126,117
30,NORMA-19081,118
30,NORMA-18748,119
30,NORMA-704,120
30,NORMA-18350,121
30,NORMA-13954,122
30,NORMA-20344,123
30,NORMA-19337,124
30,NORMA-6783,125
30,NORMA-21547,126
30,NORMA-21299,127
30,NORMA-18654,128
30,NORMA-1619,129
30,NORMA-18375,130
30,NORMA-20258,131
30,NORMA-416,132
30,NORMA-21085,133
30,NORMA-2184,134
30,NORMA-21470,135
30,NORMA-21224,136
30,NORMA-21003,137
30,NORMA-20369,138
30,NORMA-19387,139
30,NORMA-7386,140
30,NORMA-18440,141
30,NORMA-7222,142
30,NORMA-21114,143
30,NORMA-19977,144
30,NORMA-18501,145
30,NORMA-18802,146
30,NORMA-18211,147
30,NORMA-11476,148
30,NORMA-18436,149
30,NORMA-6140,150
30,NORMA-18306,151
30,NORMA-7225,152
30,NORMA-18273,153
30,NORMA-21025,154
30,NORMA-18815,155
30,NORMA-7113,156
30,NORMA-11472,157
30,NORMA-18789,158
30,NORMA-18771,159
30,NORMA-8435,160
30,NORMA-7025,161
30,NORMA-18479,162
30,NORMA-20908,163
30,NORMA-33288,164
30,NORMA-19181,165
30,NORMA-18816,166
30,NORMA-18539,167
30,NORMA-20690,168
30,NORMA-9724,169
30,NORMA-20754,170
30,NORMA-18826,171
30,NORMA-33308,172
30,NORMA-21659,173
30,NORMA-20888,174
30,NORMA-25902,175
30,NORMA-20914,176
30,NORMA-21739,177
30,NORMA-20349,178
30,NORMA-18950,179
30,NORMA-11665,180
30,NORMA-11739,181
30,NORMA-21150,182
30,NORMA-11615,183
30,NORMA-18307,184
30,NORMA-18803,185
30,NORMA-19596,186
30,NORMA-19981,187
30,NORMA-11664,188
30,NORMA-21071,189
30,NORMA-11600,190
30,NORMA-11764,191
30,NORMA-11479,192
30,NORMA-11609,193
30,NORMA-838,194
30,NORMA-20985,195
30,NORMA-19503,196
30,NORMA-21069,197
30,NORMA-18548,198
30,NORMA-11614,199
30,NORMA-21403,200
30,NORMA-11469,201
30,NORMA-18552,202
30,NORMA-11763,203
30,NORMA-18360,204
30,NORMA-18502,205
30,NORMA-2546,206
30,NORMA-20966,207
30,NORMA-5536,208
30,NORMA-4091,209
30,NORMA-12060,210
30,NORMA-18224,211
30,NORMA-20426,212
30,NORMA-20858,213
30,NORMA-20425,214
30,NORMA-7381,215
30,NORMA-21388,216
30,NORMA-20038,217
30,NORMA-21211,218
30,NORMA-19587,219
30,NORMA-19643,220
30,NORMA-13797,221
30,NORMA-13106,222
30,NORMA-18339,223
30,NORMA-18450,224
30,NORMA-21052,225
30,NORMA-21417,226
30,NORMA-11474,227
30,NORMA-332,228
30,NORMA-18342,229
30,NORMA-11999,230
30,NORMA-21020,231
30,NORMA-19391,232
30,NORMA-11527,233
30,NORMA-18356,234
30,NORMA-12002,235
30,NORMA-6645,236
30,NORMA-1341,237
30,NORMA-18444,238
30,NORMA-11723,239
30,NORMA-12872,240
30,NORMA-21413,241
30,NORMA-4909,242
30,NORMA-18844,243
30,NORMA-20833,244
30,NORMA-14820,245
30,NORMA-19110,246
30,NORMA-2536,247
30,NORMA-3382,248
30,NORMA-21110,249
30,NORMA-21139,250
30,NORMA-12067,251
30,NORMA-20841,252
30,NORMA-13469,253
30,NORMA-24961,254
30,NORMA-11780,255
30,NORMA-21756,256
30,NORMA-18208,257
30,NORMA-229,258
30,NORMA-16202,259
30,NORMA-18364,260
30,NORMA-19609,261
30,NORMA-18788,262
30,NORMA-21631,263
30,NORMA-385,264
30,NORMA-4746,265
30,NORMA-21519,266
30,NORMA-18796,267
30,NORMA-18797,268
30,NORMA-782,269
30,NORMA-18388,270
30,NORMA-2089,271
30,NORMA-21791,272
30,NORMA-20182,273
30,NORMA-21402,274
30,NORMA-20443,275
30,NORMA-21484,276
30,NORMA-1421,277
30,NORMA-20223,278
30,NORMA-21752,279
30,NORMA-2020,280
30,NORMA-21253,281
30,NORMA-21189,282
30,NORMA-6698,283
30,NORMA-2032,284
30,NORMA-11790,285
30,NORMA-1026,286
30,NORMA-21650,287
30,NORMA-27761,288
30,NORMA-14459,289
30,NORMA-21159,290
30,NORMA-8028,291
30,NORMA-1547,292
30,NORMA-19578,293
30,NORMA-19571,294
30,NORMA-21497,295
30,NORMA-18225,296
30,NORMA-19582,297
30,NORMA-21553,298
30,NORMA-19650,299
30,NORMA-2395,300
30,NORMA-6669,301
30,NORMA-20886,302
30,NORMA-10878,303
30,NORMA-11688,304
30,NORMA-18933,305
30,NORMA-1317,306
30,NORMA-462,307
30,NORMA-1252,308
30,NORMA-1183,309
30,NORMA-1207,310
30,NORMA-20874,311
30,NORMA-12228,312
30,NORMA-12113,313
30,NORMA-20376,314
30,NORMA-19573,315
30,NORMA-1352,316
30,NORMA-18432,317
30,NORMA-18284,318
30,NORMA-1674,319
30,NORMA-6948,320
30,NORMA-3201,321
30,NORMA-19092,322
30,NORMA-6621,323
30,NORMA-12066,324
30,NORMA-20224,325
30,NORMA-19080,326
30,NORMA-9792,327
30,NORMA-20371,328
30,NORMA-15521,329
30,NORMA-18638,330
30,NORMA-21562,331
30,NORMA-11631,332
30,NORMA-18435,333
30,NORMA-9893,334
30,NORMA-26,335
30,NORMA-15211,336
30,NORMA-6679,337
30,NORMA-14937,338
30,NORMA-18981,339
30,NORMA-19658,340
30,NORMA-6636,341
30,NORMA-20468,342
30,NORMA-21787,343
30,NORMA-188,344
30,NORMA-18549,345
30,NORMA-20503,346
30,NORMA-28181,347
30,NORMA-23521,348
30,NORMA-13402,349
30,NORMA-19883,350
30,NORMA-6955,351
30,NORMA-12035,352
30,NORMA-13158,353
30,NORMA-1361,354
30,NORMA-11655,355
30,NORMA-1175,356
30,NORMA-12015,357
30,NORMA-1171,358
30,NORMA-14239,359
30,NORMA-21305,360
30,NORMA-1250,361
30,NORMA-594,362
30,NORMA-20927,363
30,NORMA-878,364
30,NORMA-20291,365
30,NORMA-21236,366
30,NORMA-18248,367
30,NORMA-4423,368
30,NORMA-21131,369
30,NORMA-21408,370
30,NORMA-18648,371
30,NORMA-1092,372
30,NORMA-82,373
30,NORMA-19631,374
30,NORMA-6954,375
30,NORMA-21264,376
30,NORMA-11144,377
30,NORMA-11920,378
30,NORMA-18385,379
30,NORMA-4830,380
30,NORMA-21544,381
30,NORMA-20428,382
30,NORMA-18359,383
30,NORMA-11792,384
30,NORMA-6702,385
30,NORMA-7280,386
30,NORMA-19617,387
30,NORMA-21630,388
30,NORMA-6185,389
30,NORMA-20880,390
30,NORMA-20785,391
30,NORMA-20691,392
30,NORMA-754,393
30,NORMA-20774,394
30,NORMA-12005,395
30,NORMA-20728,396
30,NORMA-21308,397
30,NORMA-834,398
30,NORMA-4316,399
30,NORMA-11814,400
30,NORMA-1996,401
30,NORMA-20786,402
30,NORMA-850,403
30,NORMA-20282,404
30,NORMA-1573,405
30,NORMA-15237,406
30,NORMA-9382,407
30,NORMA-20180,408
30,NORMA-17201,409
30,NORMA-4277,410
30,NORMA-11599,411
30,NORMA-9834,412
30,NORMA-12664,413
30,NORMA-6509,414
30,NORMA-14788,415
30,NORMA-15921,416
30,NORMA-18656,417
30,NORMA-21244,418
30,NORMA-7651,419
30,NORMA-10994,420
30,NORMA-4818,421
30,NORMA-18747,422
30,NORMA-14661,423
30,NORMA-15901,424
30,NORMA-20037,425
30,NORMA-9823,426
30,NORMA-11588,427
30,NORMA-5853,428
30,NORMA-5417,429
30,NORMA-21226,430
30,NORMA-8027,431
30,NORMA-10708,432
30,NORMA-14463,433
30,NORMA-1740,434
30,NORMA-19456,435
30,NORMA-15802,436
30,NORMA-15004,437
30,NORMA-20403,438
30,NORMA-75,439
30,NORMA-20811,440
30,NORMA-20233,441
30,NORMA-21272,442
30,NORMA-20271,443
30,NORMA-20910,444
30,NORMA-20853,445
30,NORMA-5421,446
30,NORMA-20755,447
30,NORMA-21125,448
30,NORMA-20190,449
30,NORMA-19090,450
30,NORMA-21507,451
30,NORMA-3241,452
30,NORMA-20480,453
30,NORMA-14063,454
30,NORMA-15381,455
30,NORMA-19729,456
30,NORMA-12612,457
30,NORMA-7011,458
30,NORMA-12315,459
30,NORMA-6819,460
30,NORMA-15377,461
30,NORMA-6820,462
30,NORMA-10375,463
30,NORMA-14470,464
30,NORMA-27305,465
30,NORMA-21200,466
30,NORMA-6970,467
30,NORMA-4711,468
30,NORMA-27221,469
30,NORMA-23441,470
30,NORMA-18910,471
30,NORMA-4075,472
30,NORMA-5586,473
30,NORMA-10629,474
30,NORMA-20757,475
30,NORMA-5626,476
30,NORMA-21661,477
30,NORMA-21199,478
30,NORMA-10821,479
30,NORMA-21634,480
30,NORMA-20474,481
30,NORMA-19128,482
30,NORMA-3638,483
30,NORMA-4275,484
30,NORMA-21609,485
30,NORMA-9888,486
30,NORMA-21269,487
30,NORMA-21107,488
30,NORMA-19581,489
30,NORMA-19798,490
30,NORMA-11417,491
30,NORMA-21638,492
30,NORMA-3735,493
30,NORMA-20473,494
30,NORMA-4634,495
30,NORMA-19969,496
30,NORMA-21676,497
30,NORMA-4926,498
30,NORMA-24582,499
30,NORMA-21283,500
30,NORMA-31904,501
30,NORMA-11715,502
30,NORMA-7390,503
30,NORMA-20465,504
30,NORMA-9785,505
30,NORMA-9595,506
30,NORMA-1222,507
30,NORMA-20488,508
30,NORMA-28281,509
30,NORMA-10044,510
30,NORMA-11496,511
30,NORMA-9297,512
30,NORMA-13480,513
30,NORMA-18541,514
30,NORMA-19431,515
30,NORMA-13298,516
30,NORMA-21767,517
30,NORMA-21606,518
30,NORMA-21434,519
30,NORMA-21608,520
30,NORMA-20616,521
30,NORMA-20950,522
30,NORMA-20172,523
30,NORMA-20144,524
30,NORMA-20171,525
30,NORMA-21086,526
30,NORMA-20121,527
30,NORMA-3181,528
30,NORMA-7525,529
30,NORMA-20449,530
30,NORMA-20397,531
30,NORMA-25523,532
30,NORMA-19845,533
30,NORMA-20141,534
30,NORMA-21113,535
30,NORMA-19485,536
30,NORMA-16403,537
30,NORMA-2126,538
30,NORMA-18205,539
30,NORMA-19104,540
30,NORMA-16481,541
30,NORMA-20359,542
30,NORMA-981,543
30,NORMA-60,544
30,NORMA-20128,545
30,NORMA-19871,546
30,NORMA-20184,547
30,NORMA-20422,548
30,NORMA-18411,549
30,NORMA-18825,550
30,NORMA-20460,551
30,NORMA-2432,552
30,NORMA-18780,553
30,NORMA-18659,554
30,NORMA-2484,555
30,NORMA-20166,556
30,NORMA-16941,557
30,NORMA-3642,558
30,NORMA-20002,559
30,NORMA-20949,560
30,NORMA-2114,561
30,NORMA-20836,562
30,NORMA-18489,563
30,NORMA-20356,564
30,NORMA-18486,565
30,NORMA-18487,566
30,NORMA-21217,567
30,NORMA-15239,568
30,NORMA-21136,569
30,NORMA-1650,570
30,NORMA-18503,571
30,NORMA-1585,572
30,NORMA-19574,573
30,NORMA-3823,574
30,NORMA-1631,575
30,NORMA-18394,576
30,NORMA-15097,577
30,NORMA-21031,578
30,NORMA-20154,579
30,NORMA-14203,580
30,NORMA-21144,581
30,NORMA-2113,582
30,NORMA-15075,583
30,NORMA-12830,584
30,NORMA-13601,585
30,NORMA-15335,586
30,NORMA-14537,587
30,NORMA-13343,588
30,NORMA-12844,589
30,NORMA-11911,590
30,NORMA-12391,591
30,NORMA-13249,592
30,NORMA-12077,593
30,NORMA-15306,594
30,NORMA-20402,595
30,NORMA-14064,596
30,NORMA-12543,597
30,NORMA-1155,598
30,NORMA-13899,599
30,NORMA-12821,600
30,NORMA-14246,601
30,NORMA-12660,602
30,NORMA-14083,603
30,NORMA-24021,604
30,NORMA-13121,605
30,NORMA-13956,606
30,NORMA-15101,607
30,NORMA-13028,608
30,NORMA-13118,609
30,NORMA-14021,610
30,NORMA-11907,611
30,NORMA-14365,612
30,NORMA-18854,613
30,NORMA-13089,614
30,NORMA-13243,615
30,NORMA-11914,616
30,NORMA-15042,617
30,NORMA-14893,618
30,NORMA-12627,619
30,NORMA-20195,620
30,NORMA-24142,621
30,NORMA-12377,622
30,NORMA-6601,623
30,NORMA-13712,624
30,NORMA-12545,625
30,NORMA-15010,626
30,NORMA-15292,627
30,NORMA-14034,628
30,NORMA-13731,629
30,NORMA-12290,630
30,NORMA-15129,631
30,NORMA-6768,632
30,NORMA-14018,633
30,NORMA-13156,634
30,NORMA-13737,635
30,NORMA-19598,636
30,NORMA-19878,637
30,NORMA-14799,638
30,NORMA-12519,639
30,NORMA-15076,640
30,NORMA-23804,641
30,NORMA-23025,642
30,NORMA-17902,643
30,NORMA-17242,644
30,NORMA-17042,645
30,NORMA-13451,646
30,NORMA-11824,647
30,NORMA-21690,648
30,NORMA-15008,649
30,NORMA-16201,650
30,NORMA-12061,651
30,NORMA-12498,652
30,NORMA-12478,653
30,NORMA-13084,654
30,NORMA-14605,655
30,NORMA-6814,656
30,NORMA-12301,657
30,NORMA-21515,658
30,NORMA-29682,659
30,NORMA-23803,660
30,NORMA-14500,661
30,NORMA-14391,662
30,NORMA-26021,663
30,NORMA-16744,664
30,NORMA-14745,665
30,NORMA-13917,666
30,NORMA-14697,667
30,NORMA-20292,668
30,NORMA-23963,669
30,NORMA-18082,670
30,NORMA-14736,671
30,NORMA-4717,672
30,NORMA-28465,673
30,NORMA-26725,674
30,NORMA-16962,675
30,NORMA-12382,676
30,NORMA-14852,677
30,NORMA-21143,678
30,NORMA-14751,679
30,NORMA-13112,680
30,NORMA-13206,681
30,NORMA-13768,682
30,NORMA-14110,683
30,NORMA-14173,684
30,NORMA-6021,685
30,NORMA-24261,686
30,NORMA-23161,687
30,NORMA-13872,688
30,NORMA-6180,689
30,NORMA-15250,690
30,NORMA-6558,691
30,NORMA-16222,692
30,NORMA-16221,693
30,NORMA-14897,694
30,NORMA-14421,695
30,NORMA-12838,696
30,NORMA-22522,697
30,NORMA-17241,698
30,NORMA-14232,699
30,NORMA-13341,700
30,NORMA-12051,701
30,NORMA-11879,702
30,NORMA-14540,703
30,NORMA-15002,704
30,NORMA-14686,705
30,NORMA-12538,706
30,NORMA-13217,707
30,NORMA-13971,708
30,NORMA-13707,709
30,NORMA-5001,710
30,NORMA-27225,711
30,NORMA-13220,712
30,NORMA-15207,713
30,NORMA-12701,714
30,NORMA-14888,715
30,NORMA-12414,716
30,NORMA-9520,717
30,NORMA-6592,718
30,NORMA-5165,719
30,NORMA-15085,720
30,NORMA-14175,721
30,NORMA-27881,722
30,NORMA-22381,723
30,NORMA-13385,724
30,NORMA-12974,725
30,NORMA-5761,726
30,NORMA-28881,727
30,NORMA-16963,728
30,NORMA-9389,729
30,NORMA-21902,730
30,NORMA-3621,731
30,NORMA-21431,732
30,NORMA-29061,733
30,NORMA-13592,734
30,NORMA-22043,735
30,NORMA-8013,736
30,NORMA-18465,737
30,NORMA-18438,738
30,NORMA-12562,739
30,NORMA-15868,740
30,NORMA-18984,741
30,NORMA-18496,742
30,NORMA-17003,743
30,NORMA-4397,744
30,NORMA-20861,745
30,NORMA-28641,746
30,NORMA-1147,747
30,NORMA-19904,748
30,NORMA-21190,749
30,NORMA-29681,750
30,NORMA-19705,751
30,NORMA-1422,752
30,NORMA-20453,753
30,NORMA-21492,754
30,NORMA-938,755
30,NORMA-20437,756
30,NORMA-19380,757
30,NORMA-4133,758
30,NORMA-20448,759
30,NORMA-15426,760
30,NORMA-19384,761
30,NORMA-18591,762
30,NORMA-20209,763
30,NORMA-209,764
30,NORMA-14951,765
30,NORMA-18370,766
30,NORMA-20487,767
30,NORMA-19822,768
30,NORMA-13720,769
30,NORMA-20179,770
30,NORMA-21280,771
30,NORMA-20834,772
30,NORMA-20137,773
30,NORMA-3852,774
30,NORMA-208,775
30,NORMA-1024,776
30,NORMA-7241,777
30,NORMA-4204,778
30,NORMA-207,779
30,NORMA-21260,780
30,NORMA-19520,781
30,NORMA-19292,782
30,NORMA-18262,783
30,NORMA-18285,784
30,NORMA-18257,785
30,NORMA-3779,786
30,NORMA-18258,787
30,NORMA-18369,788
30,NORMA-3579,789
30,NORMA-20451,790
30,NORMA-18373,791
30,NORMA-588,792
30,NORMA-587,793
30,NORMA-20087,794
30,NORMA-19049,795
30,NORMA-412,796
30,NORMA-1342,797
30,NORMA-20196,798
30,NORMA-18300,799
30,NORMA-1965,800
30,NORMA-595,801
30,NORMA-1406,802
30,NORMA-19780,803
30,NORMA-24,804
30,NORMA-19194,805
30,NORMA-766,806
30,NORMA-20584,807
30,NORMA-20971,808
30,NORMA-18774,809
30,NORMA-1535,810
30,NORMA-18466,811
30,NORMA-3342,812
30,NORMA-19480,813
30,NORMA-20846,814
30,NORMA-18601,815
30,NORMA-21755,816
30,NORMA-19150,817
30,NORMA-19593,818
30,NORMA-20707,819
30,NORMA-18859,820
30,NORMA-21218,821
30,NORMA-18824,822
30,NORMA-19273,823
30,NORMA-19304,824
30,NORMA-19296,825
30,NORMA-20904,826
30,NORMA-19751,827
30,NORMA-19142,828
30,NORMA-19541,829
30,NORMA-19450,830
30,NORMA-124,831
30,NORMA-18227,832
30,NORMA-19425,833
30,NORMA-3980,834
30,NORMA-18588,835
30,NORMA-20902,836
30,NORMA-211,837
30,NORMA-18996,838
30,NORMA-18703,839
30,NORMA-19439,840
30,NORMA-19111,841
30,NORMA-19750,842
30,NORMA-18833,843
30,NORMA-20065,844
30,NORMA-18295,845
30,NORMA-19796,846
30,NORMA-11882,847
30,NORMA-20429,848
30,NORMA-18814,849
30,NORMA-5252,850
30,NORMA-4924,851
30,NORMA-20072,852
30,NORMA-21485,853
30,NORMA-20921,854
30,NORMA-11575,855
30,NORMA-2383,856
30,NORMA-20444,857
30,NORMA-18982,858
30,NORMA-19115,859
30,NORMA-18274,860
30,NORMA-18639,861
30,NORMA-19545,862
30,NORMA-19482,863
30,NORMA-18302,864
30,NORMA-417,865
30,NORMA-19859,866
30,NORMA-13319,867
30,NORMA-19620,868
30,NORMA-20191,869
30,NORMA-10789,870
30,NORMA-18757,871
30,NORMA-19408,872
30,NORMA-4312,873
30,NORMA-21331,874
30,NORMA-19164,875
30,NORMA-19853,876
30,NORMA-19955,877
30,NORMA-20309,878
30,NORMA-20744,879
30,NORMA-11766,880
30,NORMA-18423,881
30,NORMA-20452,882
30,NORMA-21613,883
30,NORMA-19930,884
30,NORMA-18469,885
30,NORMA-18470,886
30,NORMA-18235,887
30,NORMA-19365,888
30,NORMA-13990,889
30,NORMA-18372,890
30,NORMA-18256,891
30,NORMA-20134,892
30,NORMA-19714,893
30,NORMA-19528,894
30,NORMA-21021,895
30,NORMA-20447,896
30,NORMA-18468,897
30,NORMA-20270,898
30,NORMA-18828,899
30,NORMA-18960,900
30,NORMA-19940,901
30,NORMA-18494,902
30,NORMA-18542,903
30,NORMA-210,904
30,NORMA-19543,905
30,NORMA-25541,906
30,NORMA-18721,907
30,NORMA-18363,908
30,NORMA-19249,909
30,NORMA-18254,910
30,NORMA-19919,911
30,NORMA-11760,912
30,NORMA-20284,913
30,NORMA-20089,914
30,NORMA-18866,915
30,NORMA-18299,916
30,NORMA-23862,917
30,NORMA-13094,918
30,NORMA-18793,919
30,NORMA-18490,920
30,NORMA-19330,921
30,NORMA-21352,922
30,NORMA-18818,923
30,NORMA-6644,924
30,NORMA-21238,925
30,NORMA-6321,926
30,NORMA-1656,927
30,NORMA-19436,928
30,NORMA-20589,929
30,NORMA-18868,930
30,NORMA-18283,931
30,NORMA-19163,932
30,NORMA-21173,933
30,NORMA-21581,934
30,NORMA-19085,935
30,NORMA-6134,936
30,NORMA-19338,937
30,NORMA-9746,938
30,NORMA-5339,939
30,NORMA-19347,940
30,NORMA-18547,941
30,NORMA-217,942
30,NORMA-18843,943
30,NORMA-6743,944
30,NORMA-6411,945
30,NORMA-19346,946
30,NORMA-19500,947
30,NORMA-14529,948
30,NORMA-19348,949
30,NORMA-13219,950
30,NORMA-6051,951
30,NORMA-18743,952
30,NORMA-19345,953
30,NORMA-6198,954
30,NORMA-6257,955
30,NORMA-5128,956
30,NORMA-18759,957
30,NORMA-19130,958
30,NORMA-14114,959
30,NORMA-21337,960
30,NORMA-12729,961
30,NORMA-24181,962
30,NORMA-6128,963
30,NORMA-19428,964
30,NORMA-18606,965
30,NORMA-8537,966
30,NORMA-4944,967
30,NORMA-18634,968
30,NORMA-6378,969
30,NORMA-18641,970
30,NORMA-11438,971
30,NORMA-19147,972
30,NORMA-18615,973
30,NORMA-19434,974
30,NORMA-14790,975
30,NORMA-12836,976
30,NORMA-14679,977
30,NORMA-18651,978
30,NORMA-18623,979
30,NORMA-6318,980
30,NORMA-26802,981
30,NORMA-15641,982
30,NORMA-12799,983
30,NORMA-18609,984
30,NORMA-12843,985
30,NORMA-13840,986
30,NORMA-18573,987
30,NORMA-26681,988
30,NORMA-14504,989
30,NORMA-9679,990
30,NORMA-19443,991
30,NORMA-18617,992
30,NORMA-18731,993
30,NORMA-19066,994
30,NORMA-19070,995
30,NORMA-19187,996
30,NORMA-25881,997
30,NORMA-19491,998
30,NORMA-19215,999
30,NORMA-6413,1000
31,NORMA-19593,1
31,NORMA-21321,2
31,NORMA-21267,3
31,NORMA-22561,4
31,NORMA-21631,5
31,NORMA-207,6
31,NORMA-20217,7
31,NORMA-21367,8
31,NORMA-535,9
31,NORMA-25902,10
31,NORMA-21012,11
31,NORMA-21648,12
31,NORMA-18394,13
31,NORMA-21217,14
31,NORMA-1994,15
31,NORMA-1341,16
31,NORMA-21437,17
31,NORMA-2076,18
31,NORMA-19574,19
31,NORMA-1567,20
31,NORMA-2269,21
31,NORMA-21755,22
31,NORMA-17201,23
31,NORMA-21419,24
31,NORMA-6819,25
31,NORMA-6820,26
31,NORMA-2184,27
31,NORMA-6970,28
31,NORMA-3181,29
31,NORMA-21110,30
31,NORMA-22941,31
31,NORMA-21783,32
31,NORMA-19095,33
31,NORMA-21256,34
31,NORMA-20941,35
31,NORMA-15542,36
31,NORMA-18446,37
31,NORMA-21626,38
31,NORMA-7011,39
31,NORMA-6880,40
31,NORMA-6669,41
31,NORMA-6636,42
31,NORMA-1740,43
31,NORMA-21739,44
31,NORMA-6758,45
31,NORMA-19205,46
31,NORMA-854,47
31,NORMA-19096,48
31,NORMA-6698,49
31,NORMA-13106,50
31,NORMA-13138,51
31,NORMA-20197,52
31,NORMA-14459,53
31,NORMA-8028,54
31,NORMA-11615,55
31,NORMA-21550,56
31,NORMA-12165,57
31,NORMA-21459,58
31,NORMA-21705,59
31,NORMA-26,60
31,NORMA-12872,61
31,NORMA-21515,62
31,NORMA-9893,63
31,NORMA-15239,64
31,NORMA-2517,65
31,NORMA-555,66
31,NORMA-2032,67
31,NORMA-20402,68
31,NORMA-19152,69
31,NORMA-19609,70
31,NORMA-12029,71
31,NORMA-18780,72
31,NORMA-21398,73
31,NORMA-3571,74
31,NORMA-33288,75
31,NORMA-18248,76
31,NORMA-33308,77
31,NORMA-6948,78
31,NORMA-21547,79
31,NORMA-20369,80
31,NORMA-2546,81
31,NORMA-21521,82
31,NORMA-18205,83
31,NORMA-21650,84
31,NORMA-21114,85
31,NORMA-20423,86
31,NORMA-20503,87
31,NORMA-20796,88
31,NORMA-20349,89
31,NORMA-19212,90
31,NORMA-23501,91
31,NORMA-21239,92
31,NORMA-21659,93
31,NORMA-10326,94
31,NORMA-19155,95
31,NORMA-13802,96
31,NORMA-21063,97
31,NORMA-19960,98
31,NORMA-2158,99
31,NORMA-19643,100
31,NORMA-19928,101
31,NORMA-658,102
31,NORMA-20403,103
31,NORMA-1092,104
31,NORMA-21241,105
31,NORMA-18430,106
31,NORMA-18992,107
31,NORMA-21461,108
31,NORMA-20376,109
31,NORMA-12038,110
31,NORMA-10309,111
31,NORMA-20187,112
31,NORMA-20989,113
31,NORMA-20590,114
31,NORMA-21676,115
31,NORMA-3241,116
31,NORMA-26701,117
31,NORMA-18270,118
31,NORMA-21228,119
31,NORMA-21792,120
31,NORMA-8575,121
31,NORMA-20359,122
31,NORMA-20443,123
31,NORMA-9834,124
31,NORMA-20501,125
31,NORMA-21506,126
31,NORMA-21431,127
31,NORMA-20220,128
31,NORMA-21388,129
31,NORMA-6291,130
31,NORMA-19431,131
31,NORMA-2383,132
31,NORMA-18967,133
31,NORMA-19733,134
31,NORMA-18224,135
31,NORMA-18237,136
31,NORMA-20880,137
31,NORMA-19981,138
31,NORMA-21784,139
31,NORMA-19727,140
31,NORMA-28203,141
31,NORMA-27761,142
31,NORMA-18691,143
31,NORMA-21268,144
31,NORMA-20192,145
31,NORMA-3381,146
31,NORMA-18424,147
31,NORMA-21625,148
31,NORMA-19387,149
31,NORMA-15521,150
31,NORMA-18225,151
31,NORMA-20137,152
31,NORMA-834,153
31,NORMA-31923,154
31,NORMA-21300,155
31,NORMA-18291,156
31,NORMA-19634,157
31,NORMA-31903,158
31,NORMA-21507,159
31,NORMA-12039,160
31,NORMA-3382,161
31,NORMA-11316,162
31,NORMA-581,163
31,NORMA-21540,164
31,NORMA-21661,165
31,NORMA-21220,166
31,NORMA-19181,167
31,NORMA-20183,168
31,NORMA-11588,169
31,NORMA-15921,170
31,NORMA-21756,171
31,NORMA-18204,172
31,NORMA-18414,173
31,NORMA-12113,174
31,NORMA-20885,175
31,NORMA-20460,176
31,NORMA-18788,177
31,NORMA-19384,178
31,NORMA-19371,179
31,NORMA-18750,180
31,NORMA-11864,181
31,NORMA-1421,182
31,NORMA-18797,183
31,NORMA-20046,184
31,NORMA-21496,185
31,NORMA-13954,186
31,NORMA-18411,187
31,NORMA-1573,188
31,NORMA-20754,189
31,NORMA-14937,190
31,NORMA-970,191
31,NORMA-14661,192
31,NORMA-1534,193
31,NORMA-14463,194
31,NORMA-15901,195
31,NORMA-21776,196
31,NORMA-21231,197
31,NORMA-13323,198
31,NORMA-21279,199
31,NORMA-6958,200
31,NORMA-26201,201
31,NORMA-4173,202
31,NORMA-14279,203
31,NORMA-15237,204
31,NORMA-19275,205
31,NORMA-21608,206
31,NORMA-3281,207
31,NORMA-12089,208
31,NORMA-11646,209
31,NORMA-11455,210
31,NORMA-18226,211
31,NORMA-6257,212
31,NORMA-19221,213
31,NORMA-6955,214
31,NORMA-778,215
31,NORMA-20488,216
31,NORMA-11469,217
31,NORMA-18685,218
31,NORMA-13158,219
31,NORMA-11763,220
31,NORMA-2,221
31,NORMA-20189,222
31,NORMA-15211,223
31,NORMA-1035,224
31,NORMA-19520,225
31,NORMA-18385,226
31,NORMA-19292,227
31,NORMA-13469,228
31,NORMA-634,229
31,NORMA-20206,230
31,NORMA-6644,231
31,NORMA-6321,232
31,NORMA-21606,233
31,NORMA-75,234
31,NORMA-215,235
31,NORMA-11609,236
31,NORMA-19650,237
31,NORMA-1613,238
31,NORMA-20616,239
31,NORMA-6185,240
31,NORMA-6954,241
31,NORMA-11655,242
31,NORMA-14898,243
31,NORMA-14239,244
31,NORMA-3569,245
31,NORMA-16202,246
31,NORMA-20474,247
31,NORMA-10708,248
31,NORMA-1,249
31,NORMA-12886,250
31,NORMA-11734,251
31,NORMA-82,252
31,NORMA-21484,253
31,NORMA-5956,254
31,NORMA-11764,255
31,NORMA-11479,256
31,NORMA-15581,257
31,NORMA-9382,258
31,NORMA-21235,259
31,NORMA-18724,260
31,NORMA-5031,261
31,NORMA-21717,262
31,NORMA-36,263
31,NORMA-18359,264
31,NORMA-11814,265
31,NORMA-1138,266
31,NORMA-7723,267
31,NORMA-18432,268
31,NORMA-782,269
31,NORMA-18656,270
31,NORMA-3201,271
31,NORMA-21541,272
31,NORMA-704,273
31,NORMA-11999,274
31,NORMA-6673,275
31,NORMA-21126,276
31,NORMA-12002,277
31,NORMA-3592,278
31,NORMA-21621,279
31,NORMA-772,280
31,NORMA-19329,281
31,NORMA-19724,282
31,NORMA-21434,283
31,NORMA-28181,284
31,NORMA-913,285
31,NORMA-21158,286
31,NORMA-18958,287
31,NORMA-18265,288
31,NORMA-11780,289
31,NORMA-5998,290
31,NORMA-6627,291
31,NORMA-19704,292
31,NORMA-5752,293
31,NORMA-579,294
31,NORMA-19014,295
31,NORMA-13797,296
31,NORMA-835,297
31,NORMA-12060,298
31,NORMA-6521,299
31,NORMA-6249,300
31,NORMA-18266,301
31,NORMA-18208,302
31,NORMA-18648,303
31,NORMA-21553,304
31,NORMA-21277,305
31,NORMA-19170,306
31,NORMA-19028,307
31,NORMA-15881,308
31,NORMA-20366,309
31,NORMA-18249,310
31,NORMA-1672,311
31,NORMA-19245,312
31,NORMA-6957,313
31,NORMA-18859,314
31,NORMA-19471,315
31,NORMA-20569,316
31,NORMA-19582,317
31,NORMA-19486,318
31,NORMA-20182,319
31,NORMA-19057,320
31,NORMA-20185,321
31,NORMA-18844,322
31,NORMA-19637,323
31,NORMA-11736,324
31,NORMA-755,325
31,NORMA-19581,326
31,NORMA-21269,327
31,NORMA-18804,328
31,NORMA-20184,329
31,NORMA-18748,330
31,NORMA-5776,331
31,NORMA-14985,332
31,NORMA-143,333
31,NORMA-21568,334
31,NORMA-29201,335
31,NORMA-6318,336
31,NORMA-15882,337
31,NORMA-4817,338
31,NORMA-11620,339
31,NORMA-18212,340
31,NORMA-18659,341
31,NORMA-18605,342
31,NORMA-21695,343
31,NORMA-19977,344
31,NORMA-21519,345
31,NORMA-3503,346
31,NORMA-20072,347
31,NORMA-8167,348
31,NORMA-4114,349
31,NORMA-20966,350
31,NORMA-3342,351
31,NORMA-18654,352
31,NORMA-20090,353
31,NORMA-18511,354
31,NORMA-20865,355
31,NORMA-17221,356
31,NORMA-4169,357
31,NORMA-20300,358
31,NORMA-4792,359
31,NORMA-4500,360
31,NORMA-19200,361
31,NORMA-21524,362
31,NORMA-21124,363
31,NORMA-21299,364
31,NORMA-21188,365
31,NORMA-19507,366
31,NORMA-21450,367
31,NORMA-20963,368
31,NORMA-18709,369
31,NORMA-21065,370
31,NORMA-19844,371
31,NORMA-6256,372
31,NORMA-20241,373
31,NORMA-18537,374
31,NORMA-20238,375
31,NORMA-19249,376
31,NORMA-19800,377
31,NORMA-18669,378
31,NORMA-20039,379
31,NORMA-19232,380
31,NORMA-7012,381
31,NORMA-18631,382
31,NORMA-20778,383
31,NORMA-20356,384
31,NORMA-20957,385
31,NORMA-18981,386
31,NORMA-19561,387
31,NORMA-11627,388
31,NORMA-19562,389
31,NORMA-28362,390
31,NORMA-8074,391
31,NORMA-21624,392
31,NORMA-20465,393
31,NORMA-5023,394
31,NORMA-6505,395
31,NORMA-20193,396
31,NORMA-6396,397
31,NORMA-20863,398
31,NORMA-20789,399
31,NORMA-1549,400
31,NORMA-4631,401
31,NORMA-9457,402
31,NORMA-20452,403
31,NORMA-20902,404
31,NORMA-1851,405
31,NORMA-24582,406
31,NORMA-8178,407
31,NORMA-21535,408
31,NORMA-5548,409
31,NORMA-6203,410
31,NORMA-2484,411
31,NORMA-8938,412
31,NORMA-12067,413
31,NORMA-19234,414
31,NORMA-2089,415
31,NORMA-20999,416
31,NORMA-18219,417
31,NORMA-11687,418
31,NORMA-18747,419
31,NORMA-21554,420
31,NORMA-29421,421
31,NORMA-21754,422
31,NORMA-21224,423
31,NORMA-7525,424
31,NORMA-19051,425
31,NORMA-11605,426
31,NORMA-20002,427
31,NORMA-11857,428
31,NORMA-21253,429
31,NORMA-7773,430
31,NORMA-8685,431
31,NORMA-18211,432
31,NORMA-21131,433
31,NORMA-4377,434
31,NORMA-18796,435
31,NORMA-3708,436
31,NORMA-20195,437
31,NORMA-607,438
31,NORMA-2377,439
31,NORMA-20225,440
31,NORMA-7656,441
31,NORMA-20205,442
31,NORMA-6443,443
31,NORMA-20258,444
31,NORMA-228,445
31,NORMA-18890,446
31,NORMA-18722,447
31,NORMA-3642,448
31,NORMA-20135,449
31,NORMA-21113,450
31,NORMA-3539,451
31,NORMA-643,452
31,NORMA-265,453
31,NORMA-20425,454
31,NORMA-9110,455
31,NORMA-10931,456
31,NORMA-7942,457
31,NORMA-7659,458
31,NORMA-19646,459
31,NORMA-19947,460
31,NORMA-9670,461
31,NORMA-20918,462
31,NORMA-18603,463
31,NORMA-6623,464
31,NORMA-20729,465
31,NORMA-28422,466
31,NORMA-12920,467
31,NORMA-11836,468
31,NORMA-11827,469
31,NORMA-12826,470
31,NORMA-13638,471
31,NORMA-14673,472
31,NORMA-15276,473
31,NORMA-14885,474
31,NORMA-18545,475
31,NORMA-12870,476
31,NORMA-13183,477
31,NORMA-22622,478
31,NORMA-7241,479
31,NORMA-14145,480
31,NORMA-11828,481
31,NORMA-3850,482
31,NORMA-21305,483
31,NORMA-18293,484
31,NORMA-5938,485
31,NORMA-15194,486
31,NORMA-21533,487
31,NORMA-18955,488
31,NORMA-21544,489
31,NORMA-18375,490
31,NORMA-4120,491
31,NORMA-19220,492
31,NORMA-21152,493
31,NORMA-6621,494
31,NORMA-4618,495
31,NORMA-21165,496
31,NORMA-13298,497
31,NORMA-15561,498
31,NORMA-21752,499
31,NORMA-21634,500
31,NORMA-19883,501
31,NORMA-20837,502
31,NORMA-19383,503
31,NORMA-19456,504
31,NORMA-21218,505
31,NORMA-19787,506
31,NORMA-19830,507
31,NORMA-18818,508
31,NORMA-19351,509
31,NORMA-8245,510
31,NORMA-1366,511
31,NORMA-7466,512
31,NORMA-20512,513
31,NORMA-19651,514
31,NORMA-7068,515
31,NORMA-20235,516
31,NORMA-588,517
31,NORMA-587,518
31,NORMA-19630,519
31,NORMA-18934,520
31,NORMA-20303,521
31,NORMA-12012,522
31,NORMA-20098,523
31,NORMA-729,524
31,NORMA-222,525
31,NORMA-21264,526
31,NORMA-981,527
31,NORMA-18746,528
31,NORMA-18284,529
31,NORMA-18630,530
31,NORMA-19573,531
31,NORMA-595,532
31,NORMA-2126,533
31,NORMA-21211,534
31,NORMA-1555,535
31,NORMA-19620,536
31,NORMA-61,537
31,NORMA-21581,538
31,NORMA-19092,539
31,NORMA-21622,540
31,NORMA-20291,541
31,NORMA-18292,542
31,NORMA-18434,543
31,NORMA-21609,544
31,NORMA-19789,545
31,NORMA-8823,546
31,NORMA-18885,547
31,NORMA-646,548
31,NORMA-21678,549
31,NORMA-6629,550
31,NORMA-21651,551
31,NORMA-3738,552
31,NORMA-5562,553
31,NORMA-19424,554
31,NORMA-19603,555
31,NORMA-18479,556
31,NORMA-19965,557
31,NORMA-4929,558
31,NORMA-53,559
31,NORMA-3801,560
31,NORMA-1419,561
31,NORMA-18653,562
31,NORMA-19564,563
31,NORMA-7279,564
31,NORMA-21500,565
31,NORMA-21456,566
31,NORMA-3478,567
31,NORMA-19056,568
31,NORMA-24661,569
31,NORMA-20995,570
31,NORMA-4146,571
31,NORMA-54,572
31,NORMA-21402,573
31,NORMA-20700,574
31,NORMA-21003,575
31,NORMA-754,576
31,NORMA-28381,577
31,NORMA-21356,578
31,NORMA-30043,579
31,NORMA-6752,580
31,NORMA-416,581
31,NORMA-3470,582
31,NORMA-7737,583
31,NORMA-8695,584
31,NORMA-20559,585
31,NORMA-21254,586
31,NORMA-15163,587
31,NORMA-20446,588
31,NORMA-18811,589
31,NORMA-19730,590
31,NORMA-3479,591
31,NORMA-3851,592
31,NORMA-21613,593
31,NORMA-21725,594
31,NORMA-4663,595
31,NORMA-4749,596
31,NORMA-21230,597
31,NORMA-19785,598
31,NORMA-4982,599
31,NORMA-13402,600
31,NORMA-220,601
31,NORMA-27064,602
31,NORMA-4041,603
31,NORMA-21653,604
31,NORMA-8390,605
31,NORMA-21238,606
31,NORMA-5850,607
31,NORMA-21025,608
31,NORMA-18325,609
31,NORMA-33728,610
31,NORMA-2144,611
31,NORMA-12245,612
31,NORMA-802,613
31,NORMA-15541,614
31,NORMA-6856,615
31,NORMA-660,616
31,NORMA-18721,617
31,NORMA-18515,618
31,NORMA-5921,619
31,NORMA-317,620
31,NORMA-18541,621
31,NORMA-3896,622
31,NORMA-20800,623
31,NORMA-18870,624
31,NORMA-59,625
31,NORMA-21369,626
31,NORMA-18772,627
31,NORMA-20852,628
31,NORMA-801,629
31,NORMA-1611,630
31,NORMA-2185,631
31,NORMA-380,632
31,NORMA-12560,633
31,NORMA-18227,634
31,NORMA-6084,635
31,NORMA-27981,636
31,NORMA-554,637
31,NORMA-4305,638
31,NORMA-6017,639
31,NORMA-20708,640
31,NORMA-18539,641
31,NORMA-3665,642
31,NORMA-18806,643
31,NORMA-358,644
31,NORMA-5506,645
31,NORMA-1144,646
31,NORMA-21361,647
31,NORMA-20566,648
31,NORMA-20561,649
31,NORMA-18436,650
31,NORMA-21310,651
31,NORMA-19640,652
31,NORMA-20602,653
31,NORMA-5853,654
31,NORMA-5417,655
31,NORMA-18207,656
31,NORMA-19021,657
31,NORMA-19629,658
31,NORMA-21260,659
31,NORMA-20505,660
31,NORMA-8677,661
31,NORMA-4926,662
31,NORMA-9792,663
31,NORMA-893,664
31,NORMA-19933,665
31,NORMA-21105,666
31,NORMA-21328,667
31,NORMA-11087,668
31,NORMA-20239,669
31,NORMA-8774,670
31,NORMA-8075,671
31,NORMA-12648,672
31,NORMA-4588,673
31,NORMA-20574,674
31,NORMA-26263,675
31,NORMA-18342,676
31,NORMA-8172,677
31,NORMA-21086,678
31,NORMA-12607,679
31,NORMA-13345,680
31,NORMA-11664,681
31,NORMA-19797,682
31,NORMA-18490,683
31,NORMA-20914,684
31,NORMA-14850,685
31,NORMA-3846,686
31,NORMA-18789,687
31,NORMA-12035,688
31,NORMA-19365,689
31,NORMA-5421,690
31,NORMA-20992,691
31,NORMA-20840,692
31,NORMA-12015,693
31,NORMA-18378,694
31,NORMA-15242,695
31,NORMA-9835,696
31,NORMA-18823,697
31,NORMA-20191,698
31,NORMA-18316,699
31,NORMA-13671,700
31,NORMA-19266,701
31,NORMA-553,702
31,NORMA-2536,703
31,NORMA-21417,704
31,NORMA-4710,705
31,NORMA-19485,706
31,NORMA-20103,707
31,NORMA-18953,708
31,NORMA-12858,709
31,NORMA-6083,710
31,NORMA-18960,711
31,NORMA-4273,712
31,NORMA-14786,713
31,NORMA-19480,714
31,NORMA-21401,715
31,NORMA-14688,716
31,NORMA-15229,717
31,NORMA-13473,718
31,NORMA-10797,719
31,NORMA-2567,720
31,NORMA-92,721
31,NORMA-13771,722
31,NORMA-19735,723
31,NORMA-19206,724
31,NORMA-18601,725
31,NORMA-20397,726
31,NORMA-21343,727
31,NORMA-13195,728
31,NORMA-19049,729
31,NORMA-23881,730
31,NORMA-20917,731
31,NORMA-5507,732
31,NORMA-15208,733
31,NORMA-14099,734
31,NORMA-11607,735
31,NORMA-16268,736
31,NORMA-3884,737
31,NORMA-19081,738
31,NORMA-13480,739
31,NORMA-11417,740
31,NORMA-4118,741
31,NORMA-11772,742
31,NORMA-6199,743
31,NORMA-21443,744
31,NORMA-12859,745
31,NORMA-6894,746
31,NORMA-8175,747
31,NORMA-21477,748
31,NORMA-19337,749
31,NORMA-8689,750
31,NORMA-4236,751
31,NORMA-20577,752
31,NORMA-20210,753
31,NORMA-19150,754
31,NORMA-20316,755
31,NORMA-19128,756
31,NORMA-3595,757
31,NORMA-21147,758
31,NORMA-20558,759
31,NORMA-19853,760
31,NORMA-18769,761
31,NORMA-4164,762
31,NORMA-20108,763
31,NORMA-19792,764
31,NORMA-5888,765
31,NORMA-8832,766
31,NORMA-19303,767
31,NORMA-20936,768
31,NORMA-12228,769
31,NORMA-21384,770
31,NORMA-6757,771
31,NORMA-6851,772
31,NORMA-19632,773
31,NORMA-2660,774
31,NORMA-19571,775
31,NORMA-18530,776
31,NORMA-5431,777
31,NORMA-13471,778
31,NORMA-20304,779
31,NORMA-11632,780
31,NORMA-10994,781
31,NORMA-12005,782
31,NORMA-4606,783
31,NORMA-13174,784
31,NORMA-3966,785
31,NORMA-11496,786
31,NORMA-8504,787
31,NORMA-4820,788
31,NORMA-6082,789
31,NORMA-6645,790
31,NORMA-4619,791
31,NORMA-20382,792
31,NORMA-20950,793
31,NORMA-19605,794
31,NORMA-21023,795
31,NORMA-19864,796
31,NORMA-3464,797
31,NORMA-21371,798
31,NORMA-19631,799
31,NORMA-18319,800
31,NORMA-11882,801
31,NORMA-20473,802
31,NORMA-18803,803
31,NORMA-7025,804
31,NORMA-18286,805
31,NORMA-19468,806
31,NORMA-984,807
31,NORMA-6962,808
31,NORMA-5524,809
31,NORMA-4392,810
31,NORMA-18984,811
31,NORMA-8081,812
31,NORMA-11631,813
31,NORMA-13772,814
31,NORMA-20453,815
31,NORMA-8920,816
31,NORMA-20869,817
31,NORMA-19909,818
31,NORMA-18937,819
31,NORMA-20490,820
31,NORMA-19358,821
31,NORMA-8392,822
31,NORMA-7660,823
31,NORMA-4443,824
31,NORMA-21561,825
31,NORMA-18706,826
31,NORMA-19202,827
31,NORMA-4565,828
31,NORMA-19920,829
31,NORMA-12160,830
31,NORMA-20429,831
31,NORMA-18978,832
31,NORMA-18345,833
31,NORMA-8011,834
31,NORMA-19129,835
31,NORMA-11621,836
31,NORMA-19225,837
31,NORMA-14501,838
31,NORMA-5734,839
31,NORMA-18825,840
31,NORMA-14676,841
31,NORMA-19136,842
31,NORMA-19160,843
31,NORMA-19176,844
31,NORMA-9297,845
31,NORMA-14508,846
31,NORMA-4566,847
31,NORMA-13458,848
31,NORMA-6598,849
31,NORMA-13547,850
31,NORMA-19505,851
31,NORMA-14089,852
31,NORMA-21246,853
31,NORMA-12102,854
31,NORMA-8027,855
31,NORMA-3663,856
31,NORMA-13056,857
31,NORMA-5295,858
31,NORMA-4813,859
31,NORMA-18529,860
31,NORMA-13202,861
31,NORMA-6351,862
31,NORMA-19343,863
31,NORMA-21028,864
31,NORMA-21278,865
31,NORMA-19908,866
31,NORMA-18456,867
31,NORMA-12900,868
31,NORMA-12901,869
31,NORMA-6128,870
31,NORMA-20139,871
31,NORMA-20190,872
31,NORMA-19197,873
31,NORMA-21249,874
31,NORMA-4748,875
31,NORMA-8502,876
31,NORMA-11913,877
31,NORMA-5596,878
31,NORMA-19923,879
31,NORMA-616,880
31,NORMA-6514,881
31,NORMA-12685,882
31,NORMA-21767,883
31,NORMA-5517,884
31,NORMA-4152,885
31,NORMA-21652,886
31,NORMA-20836,887
31,NORMA-11715,888
31,NORMA-19330,889
31,NORMA-20188,890
31,NORMA-21772,891
31,NORMA-21403,892
31,NORMA-21252,893
31,NORMA-4780,894
31,NORMA-19382,895
31,NORMA-19489,896
31,NORMA-19459,897
31,NORMA-19806,898
31,NORMA-18234,899
31,NORMA-12055,900
31,NORMA-21408,901
31,NORMA-8174,902
31,NORMA-20237,903
31,NORMA-7720,904
31,NORMA-18122,905
31,NORMA-19503,906
31,NORMA-7831,907
31,NORMA-19110,908
31,NORMA-18240,909
31,NORMA-4079,910
31,NORMA-19553,911
31,NORMA-20263,912
31,NORMA-21764,913
31,NORMA-18733,914
31,NORMA-4477,915
31,NORMA-14498,916
31,NORMA-27687,917
31,NORMA-6710,918
31,NORMA-6676,919
31,NORMA-8235,920
31,NORMA-25541,921
31,NORMA-18910,922
31,NORMA-19714,923
31,NORMA-21135,924
31,NORMA-19641,925
31,NORMA-19791,926
31,NORMA-18886,927
31,NORMA-21386,928
31,NORMA-21132,929
31,NORMA-3701,930
31,NORMA-20269,931
31,NORMA-19017,932
31,NORMA-5714,933
31,NORMA-28586,934
31,NORMA-19729,935
31,NORMA-5897,936
31,NORMA-5383,937
31,NORMA-5028,938
31,NORMA-4774,939
31,NORMA-20721,940
31,NORMA-20491,941
31,NORMA-20793,942
31,NORMA-4325,943
31,NORMA-11920,944
31,NORMA-19528,945
31,NORMA-19436,946
31,NORMA-21342,947
31,NORMA-21283,948
31,NORMA-8404,949
31,NORMA-18915,950
31,NORMA-29005,951
31,NORMA-21026,952
31,NORMA-18762,953
31,NORMA-21771,954
31,NORMA-19803,955
31,NORMA-21630,956
31,NORMA-21537,957
31,NORMA-3657,958
31,NORMA-18549,959
31,NORMA-19391,960
31,NORMA-18952,961
31,NORMA-23222,962
31,NORMA-8570,963
31,NORMA-21679,964
31,NORMA-18201,965
31,NORMA-27022,966
31,NORMA-10821,967
31,NORMA-20494,968
31,NORMA-18697,969
31,NORMA-21555,970
31,NORMA-7728,971
31,NORMA-9785,972
31,NORMA-19667,973
31,NORMA-11798,974
31,NORMA-20448,975
31,NORMA-20437,976
31,NORMA-19416,977
31,NORMA-9888,978
31,NORMA-21497,979
31,NORMA-5236,980
31,NORMA-19570,981
31,NORMA-9595,982
31,NORMA-18793,983
31,NORMA-15427,984
31,NORMA-20144,985
31,NORMA-4822,986
31,NORMA-4776,987
31,NORMA-6702,988
31,NORMA-15465,989
31,NORMA-5293,990
31,NORMA-10878,991
31,NORMA-20102,992
31,NORMA-11790,993
31,NORMA-11731,994
31,NORMA-20583,995
31,NORMA-3935,996
31,NORMA-4979,997
31,NORMA-12952,998
31,NORMA-12048,999
31,NORMA-18418,1000
32,NORMA-18233,1
32,NORMA-385,2
32,NORMA-1674,3
32,NORMA-21739,4
32,NORMA-20941,5
32,NORMA-21147,6
32,NORMA-20995,7
32,NORMA-21308,8
32,NORMA-1175,9
32,NORMA-1171,10
32,NORMA-18298,11
32,NORMA-6757,12
32,NORMA-21792,13
32,NORMA-20865,14
32,NORMA-18446,15
32,NORMA-21626,16
32,NORMA-21419,17
32,NORMA-11756,18
32,NORMA-19096,19
32,NORMA-7025,20
32,NORMA-21550,21
32,NORMA-19212,22
32,NORMA-729,23
32,NORMA-11496,24
32,NORMA-25902,25
32,NORMA-9297,26
32,NORMA-21496,27
32,NORMA-13480,28
32,NORMA-18541,29
32,NORMA-18798,30
32,NORMA-19152,31
32,NORMA-20853,32
32,NORMA-21461,33
32,NORMA-18863,34
32,NORMA-18838,35
32,NORMA-6783,36
32,NORMA-7386,37
32,NORMA-7222,38
32,NORMA-7225,39
32,NORMA-18219,40
32,NORMA-18806,41
32,NORMA-18301,42
32,NORMA-20316,43
32,NORMA-28203,44
32,NORMA-20869,45
32,NORMA-6140,46
32,NORMA-21776,47
32,NORMA-7113,48
32,NORMA-8435,49
32,NORMA-21267,50
32,NORMA-20945,51
32,NORMA-19380,52
32,NORMA-9724,53
32,NORMA-18709,54
32,NORMA-11144,55
32,NORMA-21043,56
32,NORMA-13195,57
32,NORMA-5536,58
32,NORMA-18237,59
32,NORMA-13402,60
32,NORMA-3181,61
32,NORMA-20271,62
32,NORMA-5421,63
32,NORMA-18772,64
32,NORMA-18204,65
32,NORMA-18364,66
32,NORMA-19021,67
32,NORMA-18819,68
32,NORMA-18479,69
32,NORMA-21012,70
32,NORMA-21367,71
32,NORMA-13954,72
32,NORMA-7384,73
32,NORMA-20425,74
32,NORMA-20999,75
32,NORMA-4075,76
32,NORMA-21224,77
32,NORMA-11316,78
32,NORMA-18378,79
32,NORMA-21023,80
32,NORMA-18762,81
32,NORMA-3381,82
32,NORMA-21025,83
32,NORMA-21199,84
32,NORMA-15004,85
32,NORMA-4275,86
32,NORMA-18823,87
32,NORMA-19573,88
32,NORMA-18377,89
32,NORMA-18306,90
32,NORMA-6082,91
32,NORMA-19587,92
32,NORMA-75,93
32,NORMA-5586,94
32,NORMA-12160,95
32,NORMA-18350,96
32,NORMA-19081,97
32,NORMA-19181,98
32,NORMA-18208,99
32,NORMA-18981,100
32,NORMA-19095,101
32,NORMA-5626,102
32,NORMA-21069,103
32,NORMA-18211,104
32,NORMA-483,105
32,NORMA-21783,106
32,NORMA-11615,107
32,NORMA-1421,108
32,NORMA-13106,109
32,NORMA-31904,110
32,NORMA-20402,111
32,NORMA-11999,112
32,NORMA-18414,113
32,NORMA-12002,114
32,NORMA-834,115
32,NORMA-20223,116
32,NORMA-332,117
32,NORMA-7381,118
32,NORMA-6505,119
32,NORMA-12872,120
32,NORMA-21437,121
32,NORMA-11790,122
32,NORMA-4631,123
32,NORMA-18430,124
32,NORMA-18439,125
32,NORMA-20182,126
32,NORMA-766,127
32,NORMA-28281,128
32,NORMA-12664,129
32,NORMA-18388,130
32,NORMA-14788,131
32,NORMA-18933,132
32,NORMA-11780,133
32,NORMA-10994,134
32,NORMA-6509,135
32,NORMA-3382,136
32,NORMA-20914,137
32,NORMA-7651,138
32,NORMA-18815,139
32,NORMA-124,140
32,NORMA-21521,141
32,NORMA-2184,142
32,NORMA-7525,143
32,NORMA-6880,144
32,NORMA-4818,145
32,NORMA-4711,146
32,NORMA-21026,147
32,NORMA-21126,148
32,NORMA-12113,149
32,NORMA-20369,150
32,NORMA-11739,151
32,NORMA-7241,152
32,NORMA-9823,153
32,NORMA-21211,154
32,NORMA-9792,155
32,NORMA-17201,156
32,NORMA-3642,157
32,NORMA-6955,158
32,NORMA-1740,159
32,NORMA-27761,160
32,NORMA-21547,161
32,NORMA-15921,162
32,NORMA-704,163
32,NORMA-20690,164
32,NORMA-18654,165
32,NORMA-21756,166
32,NORMA-18773,167
32,NORMA-12060,168
32,NORMA-20349,169
32,NORMA-20985,170
32,NORMA-15901,171
32,NORMA-20037,172
32,NORMA-20376,173
32,NORMA-3241,174
32,NORMA-3201,175
32,NORMA-18224,176
32,NORMA-6954,177
32,NORMA-21086,178
32,NORMA-28181,179
32,NORMA-6645,180
32,NORMA-10375,181
32,NORMA-21631,182
32,NORMA-19621,183
32,NORMA-21114,184
32,NORMA-21253,185
32,NORMA-19981,186
32,NORMA-21484,187
32,NORMA-10629,188
32,NORMA-423,189
32,NORMA-18502,190
32,NORMA-12035,191
32,NORMA-12015,192
32,NORMA-13469,193
32,NORMA-8028,194
32,NORMA-11474,195
32,NORMA-3638,196
32,NORMA-11527,197
32,NORMA-11417,198
32,NORMA-229,199
32,NORMA-16202,200
32,NORMA-18796,201
32,NORMA-11920,202
32,NORMA-20208,203
32,NORMA-12067,204
32,NORMA-19017,205
32,NORMA-11792,206
32,NORMA-20989,207
32,NORMA-4219,208
32,NORMA-2089,209
32,NORMA-21606,210
32,NORMA-12005,211
32,NORMA-19503,212
32,NORMA-1567,213
32,NORMA-6758,214
32,NORMA-8384,215
32,NORMA-21408,216
32,NORMA-4710,217
32,NORMA-22561,218
32,NORMA-21553,219
32,NORMA-2546,220
32,NORMA-1222,221
32,NORMA-462,222
32,NORMA-8027,223
32,NORMA-10708,224
32,NORMA-24961,225
32,NORMA-19977,226
32,NORMA-6199,227
32,NORMA-18225,228
32,NORMA-10044,229
32,NORMA-14937,230
32,NORMA-6636,231
32,NORMA-18691,232
32,NORMA-21052,233
32,NORMA-13158,234
32,NORMA-11588,235
32,NORMA-20870,236
32,NORMA-21402,237
32,NORMA-19391,238
32,NORMA-18418,239
32,NORMA-2020,240
32,NORMA-15045,241
32,NORMA-18697,242
32,NORMA-23682,243
32,NORMA-14542,244
32,NORMA-21189,245
32,NORMA-1341,246
32,NORMA-1026,247
32,NORMA-21431,248
32,NORMA-15521,249
32,NORMA-20137,250
32,NORMA-1547,251
32,NORMA-21497,252
32,NORMA-4091,253
32,NORMA-1463,254
32,NORMA-21300,255
32,NORMA-5008,256
32,NORMA-18339,257
32,NORMA-18436,258
32,NORMA-18216,259
32,NORMA-1516,260
32,NORMA-2395,261
32,NORMA-6075,262
32,NORMA-20886,263
32,NORMA-20854,264
32,NORMA-15211,265
32,NORMA-20288,266
32,NORMA-20426,267
32,NORMA-19337,268
32,NORMA-6948,269
32,NORMA-2032,270
32,NORMA-11649,271
32,NORMA-6621,272
32,NORMA-10123,273
32,NORMA-1252,274
32,NORMA-1183,275
32,NORMA-10865,276
32,NORMA-9358,277
32,NORMA-20934,278
32,NORMA-1207,279
32,NORMA-20874,280
32,NORMA-13265,281
32,NORMA-11814,282
32,NORMA-12630,283
32,NORMA-26102,284
32,NORMA-15239,285
32,NORMA-1352,286
32,NORMA-5431,287
32,NORMA-19542,288
32,NORMA-20029,289
32,NORMA-21398,290
32,NORMA-19080,291
32,NORMA-4820,292
32,NORMA-20754,293
32,NORMA-21002,294
32,NORMA-19787,295
32,NORMA-2536,296
32,NORMA-18807,297
32,NORMA-6698,298
32,NORMA-188,299
32,NORMA-19387,300
32,NORMA-19617,301
32,NORMA-4297,302
32,NORMA-15237,303
32,NORMA-1361,304
32,NORMA-20474,305
32,NORMA-6389,306
32,NORMA-4898,307
32,NORMA-18342,308
32,NORMA-18432,309
32,NORMA-7149,310
32,NORMA-20927,311
32,NORMA-21661,312
32,NORMA-11655,313
32,NORMA-8522,314
32,NORMA-14239,315
32,NORMA-21157,316
32,NORMA-21158,317
32,NORMA-19969,318
32,NORMA-19736,319
32,NORMA-18492,320
32,NORMA-20291,321
32,NORMA-12165,322
32,NORMA-1573,323
32,NORMA-2413,324
32,NORMA-5925,325
32,NORMA-18303,326
32,NORMA-21236,327
32,NORMA-18554,328
32,NORMA-18528,329
32,NORMA-21113,330
32,NORMA-18239,331
32,NORMA-20598,332
32,NORMA-20785,333
32,NORMA-20691,334
32,NORMA-20774,335
32,NORMA-19431,336
32,NORMA-20468,337
32,NORMA-20728,338
32,NORMA-4316,339
32,NORMA-1996,340
32,NORMA-20786,341
32,NORMA-850,342
32,NORMA-21047,343
32,NORMA-20282,344
32,NORMA-1442,345
32,NORMA-18843,346
32,NORMA-12954,347
32,NORMA-20480,348
32,NORMA-14498,349
32,NORMA-1315,350
32,NORMA-20473,351
32,NORMA-19644,352
32,NORMA-18356,353
32,NORMA-20443,354
32,NORMA-4277,355
32,NORMA-18384,356
32,NORMA-3503,357
32,NORMA-20892,358
32,NORMA-18669,359
32,NORMA-20651,360
32,NORMA-23301,361
32,NORMA-25964,362
32,NORMA-18311,363
32,NORMA-10119,364
32,NORMA-19631,365
32,NORMA-20840,366
32,NORMA-1620,367
32,NORMA-6752,368
32,NORMA-358,369
32,NORMA-21046,370
32,NORMA-19155,371
32,NORMA-5853,372
32,NORMA-20432,373
32,NORMA-5417,374
32,NORMA-2444,375
32,NORMA-21028,376
32,NORMA-26003,377
32,NORMA-26281,378
32,NORMA-21063,379
32,NORMA-19745,380
32,NORMA-19768,381
32,NORMA-18403,382
32,NORMA-12039,383
32,NORMA-20949,384
32,NORMA-2415,385
32,NORMA-21135,386
32,NORMA-10029,387
32,NORMA-17462,388
32,NORMA-20751,389
32,NORMA-4909,390
32,NORMA-9871,391
32,NORMA-13390,392
32,NORMA-26163,393
32,NORMA-19092,394
32,NORMA-19030,395
32,NORMA-220,396
32,NORMA-20993,397
32,NORMA-18411,398
32,NORMA-14459,399
32,NORMA-1313,400
32,NORMA-16462,401
32,NORMA-18241,402
32,NORMA-20811,403
32,NORMA-19417,404
32,NORMA-20233,405
32,NORMA-18394,406
32,NORMA-19249,407
32,NORMA-20910,408
32,NORMA-18365,409
32,NORMA-20755,410
32,NORMA-12014,411
32,NORMA-12234,412
32,NORMA-21125,413
32,NORMA-19090,414
32,NORMA-20465,415
32,NORMA-20503,416
32,NORMA-23027,417
32,NORMA-12232,418
32,NORMA-20258,419
32,NORMA-18656,420
32,NORMA-21790,421
32,NORMA-14063,422
32,NORMA-15381,423
32,NORMA-12612,424
32,NORMA-7011,425
32,NORMA-18292,426
32,NORMA-12315,427
32,NORMA-6185,428
32,NORMA-21152,429
32,NORMA-6819,430
32,NORMA-11757,431
32,NORMA-15377,432
32,NORMA-18434,433
32,NORMA-6820,434
32,NORMA-14470,435
32,NORMA-27305,436
32,NORMA-317,437
32,NORMA-11798,438
32,NORMA-21200,439
32,NORMA-12006,440
32,NORMA-6970,441
32,NORMA-23441,442
32,NORMA-4746,443
32,NORMA-18910,444
32,NORMA-19957,445
32,NORMA-20189,446
32,NORMA-20757,447
32,NORMA-18601,448
32,NORMA-9382,449
32,NORMA-20403,450
32,NORMA-21299,451
32,NORMA-21226,452
32,NORMA-17281,453
32,NORMA-18688,454
32,NORMA-22001,455
32,NORMA-19232,456
32,NORMA-21507,457
32,NORMA-10821,458
32,NORMA-13138,459
32,NORMA-9834,460
32,NORMA-4536,461
32,NORMA-9888,462
32,NORMA-61,463
32,NORMA-1981,464
32,NORMA-20611,465
32,NORMA-22941,466
32,NORMA-1976,467
32,NORMA-21041,468
32,NORMA-20192,469
32,NORMA-10878,470
32,NORMA-19798,471
32,NORMA-20917,472
32,NORMA-19441,473
32,NORMA-18748,474
32,NORMA-24102,475
32,NORMA-2421,476
32,NORMA-20304,477
32,NORMA-5751,478
32,NORMA-19577,479
32,NORMA-2057,480
32,NORMA-1991,481
32,NORMA-1994,482
32,NORMA-18565,483
32,NORMA-34,484
32,NORMA-19582,485
32,NORMA-12867,486
32,NORMA-28362,487
32,NORMA-11570,488
32,NORMA-19161,489
32,NORMA-19489,490
32,NORMA-18881,491
32,NORMA-21065,492
32,NORMA-1983,493
32,NORMA-2176,494
32,NORMA-2083,495
32,NORMA-2009,496
32,NORMA-21638,497
32,NORMA-2067,498
32,NORMA-2162,499
32,NORMA-20864,500
32,NORMA-21515,501
32,NORMA-19953,502
32,NORMA-19775,503
32,NORMA-20673,504
32,NORMA-21676,505
32,NORMA-479,506
32,NORMA-478,507
32,NORMA-1549,508
32,NORMA-1667,509
32,NORMA-280,510
32,NORMA-4539,511
32,NORMA-11684,512
32,NORMA-4926,513
32,NORMA-11263,514
32,NORMA-1987,515
32,NORMA-20053,516
32,NORMA-281,517
32,NORMA-18958,518
32,NORMA-2551,519
32,NORMA-1545,520
32,NORMA-19724,521
32,NORMA-20557,522
32,NORMA-14113,523
32,NORMA-19192,524
32,NORMA-12631,525
32,NORMA-20027,526
32,NORMA-24582,527
32,NORMA-21283,528
32,NORMA-21506,529
32,NORMA-984,530
32,NORMA-21131,531
32,NORMA-21107,532
32,NORMA-19427,533
32,NORMA-12649,534
32,NORMA-13594,535
32,NORMA-18653,536
32,NORMA-9785,537
32,NORMA-14652,538
32,NORMA-19734,539
32,NORMA-21286,540
32,NORMA-9595,541
32,NORMA-6316,542
32,NORMA-6181,543
32,NORMA-249,544
32,NORMA-12900,545
32,NORMA-12901,546
32,NORMA-20861,547
32,NORMA-19290,548
32,NORMA-6630,549
32,NORMA-18844,550
32,NORMA-17321,551
32,NORMA-5692,552
32,NORMA-20263,553
32,NORMA-6354,554
32,NORMA-6967,555
32,NORMA-20841,556
32,NORMA-20435,557
32,NORMA-18818,558
32,NORMA-21239,559
32,NORMA-20359,560
32,NORMA-19365,561
32,NORMA-13990,562
32,NORMA-21132,563
32,NORMA-20992,564
32,NORMA-6881,565
32,NORMA-6701,566
32,NORMA-19609,567
32,NORMA-19480,568
32,NORMA-20301,569
32,NORMA-1663,570
32,NORMA-6643,571
32,NORMA-14898,572
32,NORMA-21064,573
32,NORMA-12886,574
32,NORMA-21434,575
32,NORMA-15882,576
32,NORMA-1534,577
32,NORMA-20616,578
32,NORMA-12089,579
32,NORMA-9481,580
32,NORMA-21649,581
32,NORMA-18527,582
32,NORMA-4647,583
32,NORMA-970,584
32,NORMA-11868,585
32,NORMA-19571,586
32,NORMA-3958,587
32,NORMA-13345,588
32,NORMA-14850,589
32,NORMA-6274,590
32,NORMA-19061,591
32,NORMA-3966,592
32,NORMA-21231,593
32,NORMA-9835,594
32,NORMA-20916,595
32,NORMA-4830,596
32,NORMA-20185,597
32,NORMA-18804,598
32,NORMA-21659,599
32,NORMA-14688,600
32,NORMA-15229,601
32,NORMA-7798,602
32,NORMA-20460,603
32,NORMA-20488,604
32,NORMA-19650,605
32,NORMA-8075,606
32,NORMA-19883,607
32,NORMA-20569,608
32,NORMA-18489,609
32,NORMA-18486,610
32,NORMA-18487,611
32,NORMA-21136,612
32,NORMA-1650,613
32,NORMA-18503,614
32,NORMA-1585,615
32,NORMA-3823,616
32,NORMA-1631,617
32,NORMA-21071,618
32,NORMA-15097,619
32,NORMA-21031,620
32,NORMA-14203,621
32,NORMA-21144,622
32,NORMA-2113,623
32,NORMA-15075,624
32,NORMA-12830,625
32,NORMA-13601,626
32,NORMA-15335,627
32,NORMA-14537,628
32,NORMA-13343,629
32,NORMA-12844,630
32,NORMA-11911,631
32,NORMA-12391,632
32,NORMA-13249,633
32,NORMA-12077,634
32,NORMA-15306,635
32,NORMA-2269,636
32,NORMA-14064,637
32,NORMA-12543,638
32,NORMA-1155,639
32,NORMA-13899,640
32,NORMA-12821,641
32,NORMA-14246,642
32,NORMA-12660,643
32,NORMA-14083,644
32,NORMA-24021,645
32,NORMA-13121,646
32,NORMA-13956,647
32,NORMA-15101,648
32,NORMA-13028,649
32,NORMA-13118,650
32,NORMA-14021,651
32,NORMA-11907,652
32,NORMA-14365,653
32,NORMA-13089,654
32,NORMA-13243,655
32,NORMA-11914,656
32,NORMA-15042,657
32,NORMA-14893,658
32,NORMA-12627,659
32,NORMA-24142,660
32,NORMA-12377,661
32,NORMA-6601,662
32,NORMA-13712,663
32,NORMA-12545,664
32,NORMA-15010,665
32,NORMA-15292,666
32,NORMA-14034,667
32,NORMA-13731,668
32,NORMA-12290,669
32,NORMA-15129,670
32,NORMA-6768,671
32,NORMA-14018,672
32,NORMA-13156,673
32,NORMA-13737,674
32,NORMA-19598,675
32,NORMA-14799,676
32,NORMA-12519,677
32,NORMA-15076,678
32,NORMA-23804,679
32,NORMA-23025,680
32,NORMA-17902,681
32,NORMA-17242,682
32,NORMA-17042,683
32,NORMA-13451,684
32,NORMA-11824,685
32,NORMA-15008,686
32,NORMA-16201,687
32,NORMA-12061,688
32,NORMA-12498,689
32,NORMA-20833,690
32,NORMA-12478,691
32,NORMA-13084,692
32,NORMA-14605,693
32,NORMA-6814,694
32,NORMA-12301,695
32,NORMA-29682,696
32,NORMA-23803,697
32,NORMA-14500,698
32,NORMA-14391,699
32,NORMA-26021,700
32,NORMA-16744,701
32,NORMA-18771,702
32,NORMA-14745,703
32,NORMA-13917,704
32,NORMA-14697,705
32,NORMA-23963,706
32,NORMA-18082,707
32,NORMA-14736,708
32,NORMA-4717,709
32,NORMA-28465,710
32,NORMA-26725,711
32,NORMA-16962,712
32,NORMA-12382,713
32,NORMA-14852,714
32,NORMA-21143,715
32,NORMA-14751,716
32,NORMA-13112,717
32,NORMA-13206,718
32,NORMA-13768,719
32,NORMA-14110,720
32,NORMA-14173,721
32,NORMA-6021,722
32,NORMA-24261,723
32,NORMA-23161,724
32,NORMA-13872,725
32,NORMA-6180,726
32,NORMA-4095,727
32,NORMA-15250,728
32,NORMA-14820,729
32,NORMA-6558,730
32,NORMA-16222,731
32,NORMA-16221,732
32,NORMA-14897,733
32,NORMA-14421,734
32,NORMA-12838,735
32,NORMA-22522,736
32,NORMA-17241,737
32,NORMA-14232,738
32,NORMA-13341,739
32,NORMA-12051,740
32,NORMA-11879,741
32,NORMA-14540,742
32,NORMA-15002,743
32,NORMA-14686,744
32,NORMA-12538,745
32,NORMA-13217,746
32,NORMA-13971,747
32,NORMA-13707,748
32,NORMA-5001,749
32,NORMA-27225,750
32,NORMA-13220,751
32,NORMA-15207,752
32,NORMA-12701,753
32,NORMA-14888,754
32,NORMA-12414,755
32,NORMA-9520,756
32,NORMA-6592,757
32,NORMA-5165,758
32,NORMA-15085,759
32,NORMA-14175,760
32,NORMA-18903,761
32,NORMA-27881,762
32,NORMA-20197,763
32,NORMA-22381,764
32,NORMA-13385,765
32,NORMA-12974,766
32,NORMA-5761,767
32,NORMA-28881,768
32,NORMA-16963,769
32,NORMA-9389,770
32,NORMA-21902,771
32,NORMA-3621,772
32,NORMA-29061,773
32,NORMA-13592,774
32,NORMA-22043,775
32,NORMA-8013,776
32,NORMA-18465,777
32,NORMA-18438,778
32,NORMA-12562,779
32,NORMA-6851,780
32,NORMA-15868,781
32,NORMA-18496,782
32,NORMA-17003,783
32,NORMA-4397,784
32,NORMA-28641,785
32,NORMA-1147,786
32,NORMA-21190,787
32,NORMA-29681,788
32,NORMA-19705,789
32,NORMA-1422,790
32,NORMA-4133,791
32,NORMA-15426,792
32,NORMA-18591,793
32,NORMA-14951,794
32,NORMA-20344,795
32,NORMA-13797,796
32,NORMA-20762,797
32,NORMA-13720,798
32,NORMA-21280,799
32,NORMA-3852,800
32,NORMA-4204,801
32,NORMA-3779,802
32,NORMA-3579,803
32,NORMA-12102,804
32,NORMA-1342,805
32,NORMA-782,806
32,NORMA-1965,807
32,NORMA-24,808
32,NORMA-19194,809
32,NORMA-20584,810
32,NORMA-20971,811
32,NORMA-19632,812
32,NORMA-33288,813
32,NORMA-20846,814
32,NORMA-19629,815
32,NORMA-18950,816
32,NORMA-19643,817
32,NORMA-20904,818
32,NORMA-33308,819
32,NORMA-12297,820
32,NORMA-11698,821
32,NORMA-12673,822
32,NORMA-13483,823
32,NORMA-11388,824
32,NORMA-18440,825
32,NORMA-15126,826
32,NORMA-9371,827
32,NORMA-3980,828
32,NORMA-15103,829
32,NORMA-15146,830
32,NORMA-15058,831
32,NORMA-8259,832
32,NORMA-14053,833
32,NORMA-13576,834
32,NORMA-12408,835
32,NORMA-14086,836
32,NORMA-12617,837
32,NORMA-11131,838
32,NORMA-6455,839
32,NORMA-4808,840
32,NORMA-4045,841
32,NORMA-9632,842
32,NORMA-9668,843
32,NORMA-4809,844
32,NORMA-11052,845
32,NORMA-12842,846
32,NORMA-4293,847
32,NORMA-21228,848
32,NORMA-6365,849
32,NORMA-18996,850
32,NORMA-7784,851
32,NORMA-8293,852
32,NORMA-8978,853
32,NORMA-11402,854
32,NORMA-19111,855
32,NORMA-12864,856
32,NORMA-13003,857
32,NORMA-8981,858
32,NORMA-10980,859
32,NORMA-18984,860
32,NORMA-10977,861
32,NORMA-16681,862
32,NORMA-14315,863
32,NORMA-16267,864
32,NORMA-13177,865
32,NORMA-15240,866
32,NORMA-14347,867
32,NORMA-20592,868
32,NORMA-11882,869
32,NORMA-23681,870
32,NORMA-12629,871
32,NORMA-27741,872
32,NORMA-27226,873
32,NORMA-12628,874
32,NORMA-16423,875
32,NORMA-12364,876
32,NORMA-19699,877
32,NORMA-5252,878
32,NORMA-28342,879
32,NORMA-18406,880
32,NORMA-14836,881
32,NORMA-13648,882
32,NORMA-13255,883
32,NORMA-4924,884
32,NORMA-25941,885
32,NORMA-13394,886
32,NORMA-25921,887
32,NORMA-25783,888
32,NORMA-13631,889
32,NORMA-15308,890
32,NORMA-12762,891
32,NORMA-12483,892
32,NORMA-21202,893
32,NORMA-12906,894
32,NORMA-13886,895
32,NORMA-20440,896
32,NORMA-14316,897
32,NORMA-11575,898
32,NORMA-2383,899
32,NORMA-12618,900
32,NORMA-10129,901
32,NORMA-27242,902
32,NORMA-16586,903
32,NORMA-24882,904
32,NORMA-1420,905
32,NORMA-1346,906
32,NORMA-1129,907
32,NORMA-20752,908
32,NORMA-24881,909
32,NORMA-1085,910
32,NORMA-19828,911
32,NORMA-8625,912
32,NORMA-26886,913
32,NORMA-27421,914
32,NORMA-20183,915
32,NORMA-1151,916
32,NORMA-20760,917
32,NORMA-1098,918
32,NORMA-19408,919
32,NORMA-357,920
32,NORMA-20881,921
32,NORMA-4312,922
32,NORMA-19164,923
32,NORMA-19853,924
32,NORMA-20787,925
32,NORMA-21567,926
32,NORMA-14493,927
32,NORMA-18780,928
32,NORMA-11766,929
32,NORMA-14857,930
32,NORMA-11688,931
32,NORMA-19136,932
32,NORMA-18576,933
32,NORMA-21613,934
32,NORMA-21706,935
32,NORMA-19209,936
32,NORMA-19960,937
32,NORMA-1317,938
32,NORMA-1415,939
32,NORMA-20299,940
32,NORMA-19568,941
32,NORMA-1990,942
32,NORMA-20908,943
32,NORMA-18412,944
32,NORMA-21095,945
32,NORMA-18542,946
32,NORMA-18865,947
32,NORMA-18742,948
32,NORMA-18251,949
32,NORMA-12771,950
32,NORMA-20085,951
32,NORMA-18347,952
32,NORMA-12048,953
32,NORMA-21718,954
32,NORMA-23141,955
32,NORMA-20748,956
32,NORMA-20699,957
32,NORMA-6170,958
32,NORMA-18600,959
32,NORMA-2093,960
32,NORMA-18254,961
32,NORMA-20810,962
32,NORMA-19121,963
32,NORMA-20858,964
32,NORMA-1211,965
32,NORMA-2171,966
32,NORMA-18889,967
32,NORMA-24583,968
32,NORMA-1088,969
32,NORMA-13094,970
32,NORMA-12291,971
32,NORMA-19513,972
32,NORMA-11729,973
32,NORMA-12880,974
32,NORMA-205,975
32,NORMA-20038,976
32,NORMA-474,977
32,NORMA-20119,978
32,NORMA-21392,979
32,NORMA-1173,980
32,NORMA-21050,981
32,NORMA-20525,982
32,NORMA-20273,983
32,NORMA-20680,984
32,NORMA-865,985
32,NORMA-18868,986
32,NORMA-972,987
32,NORMA-966,988
32,NORMA-20646,989
32,NORMA-19382,990
32,NORMA-21218,991
32,NORMA-217,992
32,NORMA-475,993
32,NORMA-21085,994
32,NORMA-144,995
32,NORMA-251,996
32,NORMA-21470,997
32,NORMA-19731,998
32,NORMA-1619,999
32,NORMA-28821,1000
33,NORMA-21508,1
33,NORMA-21650,2
33,NORMA-19977,3
33,NORMA-19609,4
33,NORMA-22101,5
33,NORMA-229,6
33,NORMA-18293,7
33,NORMA-26124,8
33,NORMA-20205,9
33,NORMA-21496,10
33,NORMA-7279,11
33,NORMA-20869,12
33,NORMA-20397,13
33,NORMA-19573,14
33,NORMA-21159,15
33,NORMA-21756,16
33,NORMA-19981,17
33,NORMA-21446,18
33,NORMA-21012,19
33,NORMA-21245,20
33,NORMA-20096,21
33,NORMA-20210,22
33,NORMA-21437,23
33,NORMA-21626,24
33,NORMA-21211,25
33,NORMA-21394,26
33,NORMA-21705,27
33,NORMA-21367,28
33,NORMA-18591,29
33,NORMA-21253,30
33,NORMA-21456,31
33,NORMA-19096,32
33,NORMA-21553,33
33,NORMA-1463,34
33,NORMA-21484,35
33,NORMA-21550,36
33,NORMA-21661,37
33,NORMA-974,38
33,NORMA-21264,39
33,NORMA-21217,40
33,NORMA-27761,41
33,NORMA-19919,42
33,NORMA-19542,43
33,NORMA-21224,44
33,NORMA-15561,45
33,NORMA-19933,46
33,NORMA-5421,47
33,NORMA-10821,48
33,NORMA-18350,49
33,NORMA-19617,50
33,NORMA-6948,51
33,NORMA-21261,52
33,NORMA-21466,53
33,NORMA-11655,54
33,NORMA-14239,55
33,NORMA-11882,56
33,NORMA-21459,57
33,NORMA-21597,58
33,NORMA-7149,59
33,NORMA-8028,60
33,NORMA-6185,61
33,NORMA-14279,62
33,NORMA-10878,63
33,NORMA-8522,64
33,NORMA-9834,65
33,NORMA-3241,66
33,NORMA-2517,67
33,NORMA-1740,68
33,NORMA-9382,69
33,NORMA-9888,70
33,NORMA-2158,71
33,NORMA-9785,72
33,NORMA-9595,73
33,NORMA-16202,74
33,NORMA-19574,75
33,NORMA-19798,76
33,NORMA-15237,77
33,NORMA-1663,78
33,NORMA-21407,79
33,NORMA-21684,80
33,NORMA-3642,81
33,NORMA-6636,82
33,NORMA-6199,83
33,NORMA-21762,84
33,NORMA-1573,85
33,NORMA-21683,86
33,NORMA-6698,87
33,NORMA-19351,88
33,NORMA-21220,89
33,NORMA-20425,90
33,NORMA-20995,91
33,NORMA-21739,92
33,NORMA-6669,93
33,NORMA-13508,94
33,NORMA-7241,95
33,NORMA-28362,96
33,NORMA-9893,97
33,NORMA-28181,98
33,NORMA-21783,99
33,NORMA-8027,100
33,NORMA-7525,101
33,NORMA-6268,102
33,NORMA-21419,103
33,NORMA-19009,104
33,NORMA-21776,105
33,NORMA-19431,106
33,NORMA-21114,107
33,NORMA-20186,108
33,NORMA-20070,109
33,NORMA-11599,110
33,NORMA-7390,111
33,NORMA-21544,112
33,NORMA-20208,113
33,NORMA-6621,114
33,NORMA-20865,115
33,NORMA-20870,116
33,NORMA-19039,117
33,NORMA-15921,118
33,NORMA-20941,119
33,NORMA-15901,120
33,NORMA-15211,121
33,NORMA-3201,122
33,NORMA-7384,123
33,NORMA-12067,124
33,NORMA-6318,125
33,NORMA-21651,126
33,NORMA-4710,127
33,NORMA-33288,128
33,NORMA-19631,129
33,NORMA-19152,130
33,NORMA-19553,131
33,NORMA-21625,132
33,NORMA-21678,133
33,NORMA-13158,134
33,NORMA-21521,135
33,NORMA-33308,136
33,NORMA-21526,137
33,NORMA-19459,138
33,NORMA-21236,139
33,NORMA-13469,140
33,NORMA-18549,141
33,NORMA-18286,142
33,NORMA-20902,143
33,NORMA-21023,144
33,NORMA-11751,145
33,NORMA-6488,146
33,NORMA-3638,147
33,NORMA-21554,148
33,NORMA-19621,149
33,NORMA-6645,150
33,NORMA-20473,151
33,NORMA-15521,152
33,NORMA-8384,153
33,NORMA-3281,154
33,NORMA-7022,155
33,NORMA-19646,156
33,NORMA-20989,157
33,NORMA-19221,158
33,NORMA-21226,159
33,NORMA-20558,160
33,NORMA-7381,161
33,NORMA-20197,162
33,NORMA-18858,163
33,NORMA-20065,164
33,NORMA-19021,165
33,NORMA-21152,166
33,NORMA-1994,167
33,NORMA-11588,168
33,NORMA-13195,169
33,NORMA-835,170
33,NORMA-19593,171
33,NORMA-14459,172
33,NORMA-19245,173
33,NORMA-20432,174
33,NORMA-20028,175
33,NORMA-1471,176
33,NORMA-25523,177
33,NORMA-6082,178
33,NORMA-21429,179
33,NORMA-21126,180
33,NORMA-772,181
33,NORMA-19095,182
33,NORMA-18922,183
33,NORMA-21717,184
33,NORMA-14937,185
33,NORMA-6641,186
33,NORMA-20999,187
33,NORMA-20474,188
33,NORMA-19787,189
33,NORMA-20917,190
33,NORMA-20803,191
33,NORMA-18654,192
33,NORMA-20185,193
33,NORMA-462,194
33,NORMA-1421,195
33,NORMA-19632,196
33,NORMA-19647,197
33,NORMA-20183,198
33,NORMA-18780,199
33,NORMA-19727,200
33,NORMA-20091,201
33,NORMA-20192,202
33,NORMA-6955,203
33,NORMA-802,204
33,NORMA-8814,205
33,NORMA-20189,206
33,NORMA-5925,207
33,NORMA-660,208
33,NORMA-59,209
33,NORMA-20503,210
33,NORMA-28001,211
33,NORMA-801,212
33,NORMA-19650,213
33,NORMA-2185,214
33,NORMA-1611,215
33,NORMA-29005,216
33,NORMA-19155,217
33,NORMA-19081,218
33,NORMA-554,219
33,NORMA-6962,220
33,NORMA-9823,221
33,NORMA-2013,222
33,NORMA-6856,223
33,NORMA-21461,224
33,NORMA-6954,225
33,NORMA-10708,226
33,NORMA-18952,227
33,NORMA-20316,228
33,NORMA-18933,229
33,NORMA-12089,230
33,NORMA-19181,231
33,NORMA-18818,232
33,NORMA-20569,233
33,NORMA-20206,234
33,NORMA-21713,235
33,NORMA-20488,236
33,NORMA-22941,237
33,NORMA-6783,238
33,NORMA-61,239
33,NORMA-9792,240
33,NORMA-20854,241
33,NORMA-18709,242
33,NORMA-18359,243
33,NORMA-7222,244
33,NORMA-9724,245
33,NORMA-14898,246
33,NORMA-21695,247
33,NORMA-19730,248
33,NORMA-18439,249
33,NORMA-21784,250
33,NORMA-20581,251
33,NORMA-19092,252
33,NORMA-704,253
33,NORMA-4909,254
33,NORMA-19704,255
33,NORMA-7113,256
33,NORMA-18432,257
33,NORMA-13323,258
33,NORMA-7225,259
33,NORMA-21310,260
33,NORMA-20369,261
33,NORMA-7386,262
33,NORMA-14788,263
33,NORMA-19387,264
33,NORMA-20849,265
33,NORMA-20616,266
33,NORMA-19295,267
33,NORMA-6257,268
33,NORMA-12886,269
33,NORMA-11417,270
33,NORMA-18436,271
33,NORMA-3571,272
33,NORMA-4746,273
33,NORMA-2184,274
33,NORMA-6758,275
33,NORMA-21752,276
33,NORMA-8435,277
33,NORMA-6752,278
33,NORMA-3381,279
33,NORMA-26201,280
33,NORMA-6140,281
33,NORMA-21279,282
33,NORMA-20429,283
33,NORMA-10375,284
33,NORMA-3181,285
33,NORMA-26102,286
33,NORMA-21648,287
33,NORMA-21631,288
33,NORMA-20557,289
33,NORMA-19384,290
33,NORMA-4830,291
33,NORMA-12657,292
33,NORMA-10629,293
33,NORMA-13138,294
33,NORMA-18669,295
33,NORMA-6880,296
33,NORMA-20993,297
33,NORMA-19947,298
33,NORMA-18967,299
33,NORMA-19212,300
33,NORMA-2546,301
33,NORMA-19715,302
33,NORMA-7110,303
33,NORMA-19845,304
33,NORMA-19644,305
33,NORMA-20966,306
33,NORMA-6644,307
33,NORMA-6321,308
33,NORMA-13298,309
33,NORMA-13160,310
33,NORMA-1534,311
33,NORMA-6623,312
33,NORMA-26701,313
33,NORMA-15881,314
33,NORMA-6256,315
33,NORMA-1613,316
33,NORMA-18747,317
33,NORMA-21244,318
33,NORMA-21659,319
33,NORMA-18690,320
33,NORMA-7012,321
33,NORMA-21606,322
33,NORMA-18201,323
33,NORMA-20191,324
33,NORMA-12113,325
33,NORMA-15060,326
33,NORMA-20802,327
33,NORMA-18646,328
33,NORMA-21157,329
33,NORMA-19842,330
33,NORMA-19352,331
33,NORMA-21231,332
33,NORMA-7027,333
33,NORMA-21313,334
33,NORMA-20460,335
33,NORMA-21588,336
33,NORMA-21530,337
33,NORMA-19557,338
33,NORMA-11735,339
33,NORMA-21113,340
33,NORMA-6958,341
33,NORMA-19596,342
33,NORMA-21225,343
33,NORMA-4091,344
33,NORMA-28961,345
33,NORMA-19329,346
33,NORMA-20465,347
33,NORMA-21468,348
33,NORMA-9821,349
33,NORMA-20194,350
33,NORMA-25902,351
33,NORMA-21254,352
33,NORMA-18915,353
33,NORMA-18385,354
33,NORMA-21147,355
33,NORMA-5170,356
33,NORMA-11614,357
33,NORMA-7953,358
33,NORMA-3979,359
33,NORMA-8458,360
33,NORMA-17321,361
33,NORMA-21507,362
33,NORMA-332,363
33,NORMA-7651,364
33,NORMA-20376,365
33,NORMA-6509,366
33,NORMA-4818,367
33,NORMA-18430,368
33,NORMA-20428,369
33,NORMA-5536,370
33,NORMA-20029,371
33,NORMA-14985,372
33,NORMA-20811,373
33,NORMA-20985,374
33,NORMA-21768,375
33,NORMA-14673,376
33,NORMA-18835,377
33,NORMA-19408,378
33,NORMA-19128,379
33,NORMA-19962,380
33,NORMA-6083,381
33,NORMA-21595,382
33,NORMA-18225,383
33,NORMA-20188,384
33,NORMA-20077,385
33,NORMA-11864,386
33,NORMA-12588,387
33,NORMA-11198,388
33,NORMA-21241,389
33,NORMA-12663,390
33,NORMA-21609,391
33,NORMA-18360,392
33,NORMA-19275,393
33,NORMA-13954,394
33,NORMA-14661,395
33,NORMA-15542,396
33,NORMA-9481,397
33,NORMA-578,398
33,NORMA-20796,399
33,NORMA-20422,400
33,NORMA-6343,401
33,NORMA-20098,402
33,NORMA-21792,403
33,NORMA-20195,404
33,NORMA-27384,405
33,NORMA-21286,406
33,NORMA-18207,407
33,NORMA-9110,408
33,NORMA-19643,409
33,NORMA-14463,410
33,NORMA-7942,411
33,NORMA-9670,412
33,NORMA-19330,413
33,NORMA-1516,414
33,NORMA-18554,415
33,NORMA-18796,416
33,NORMA-19520,417
33,NORMA-20172,418
33,NORMA-19391,419
33,NORMA-15701,420
33,NORMA-19292,421
33,NORMA-20184,422
33,NORMA-6253,423
33,NORMA-21537,424
33,NORMA-10200,425
33,NORMA-20859,426
33,NORMA-18303,427
33,NORMA-18446,428
33,NORMA-20190,429
33,NORMA-1317,430
33,NORMA-11454,431
33,NORMA-21523,432
33,NORMA-15541,433
33,NORMA-19205,434
33,NORMA-7466,435
33,NORMA-19297,436
33,NORMA-7194,437
33,NORMA-18631,438
33,NORMA-6316,439
33,NORMA-6181,440
33,NORMA-594,441
33,NORMA-20182,442
33,NORMA-11086,443
33,NORMA-21090,444
33,NORMA-19444,445
33,NORMA-2413,446
33,NORMA-18981,447
33,NORMA-6630,448
33,NORMA-6084,449
33,NORMA-20813,450
33,NORMA-10994,451
33,NORMA-8773,452
33,NORMA-13552,453
33,NORMA-19903,454
33,NORMA-4587,455
33,NORMA-3503,456
33,NORMA-20366,457
33,NORMA-10267,458
33,NORMA-21519,459
33,NORMA-28422,460
33,NORMA-6895,461
33,NORMA-27063,462
33,NORMA-11798,463
33,NORMA-18838,464
33,NORMA-4219,465
33,NORMA-18722,466
33,NORMA-18265,467
33,NORMA-6967,468
33,NORMA-19649,469
33,NORMA-14302,470
33,NORMA-20037,471
33,NORMA-6627,472
33,NORMA-12049,473
33,NORMA-2032,474
33,NORMA-20336,475
33,NORMA-20349,476
33,NORMA-5586,477
33,NORMA-7011,478
33,NORMA-21721,479
33,NORMA-1341,480
33,NORMA-19634,481
33,NORMA-18530,482
33,NORMA-20171,483
33,NORMA-20072,484
33,NORMA-18748,485
33,NORMA-12664,486
33,NORMA-11739,487
33,NORMA-754,488
33,NORMA-13473,489
33,NORMA-13771,490
33,NORMA-20423,491
33,NORMA-19853,492
33,NORMA-15229,493
33,NORMA-20426,494
33,NORMA-6957,495
33,NORMA-9835,496
33,NORMA-21065,497
33,NORMA-21218,498
33,NORMA-5626,499
33,NORMA-21248,500
33,NORMA-6505,501
33,NORMA-8931,502
33,NORMA-4631,503
33,NORMA-20135,504
33,NORMA-878,505
33,NORMA-21539,506
33,NORMA-20494,507
33,NORMA-2089,508
33,NORMA-21242,509
33,NORMA-19655,510
33,NORMA-9297,511
33,NORMA-21063,512
33,NORMA-21158,513
33,NORMA-14814,514
33,NORMA-19582,515
33,NORMA-21267,516
33,NORMA-20793,517
33,NORMA-13106,518
33,NORMA-21139,519
33,NORMA-28203,520
33,NORMA-20402,521
33,NORMA-20179,522
33,NORMA-783,523
33,NORMA-20167,524
33,NORMA-18528,525
33,NORMA-12048,526
33,NORMA-13345,527
33,NORMA-1222,528
33,NORMA-18411,529
33,NORMA-14850,530
33,NORMA-12872,531
33,NORMA-1620,532
33,NORMA-19629,533
33,NORMA-14293,534
33,NORMA-21607,535
33,NORMA-11664,536
33,NORMA-14688,537
33,NORMA-19192,538
33,NORMA-20209,539
33,NORMA-13545,540
33,NORMA-18691,541
33,NORMA-11236,542
33,NORMA-20487,543
33,NORMA-19249,544
33,NORMA-13480,545
33,NORMA-18762,546
33,NORMA-21547,547
33,NORMA-13174,548
33,NORMA-18434,549
33,NORMA-11496,550
33,NORMA-19883,551
33,NORMA-75,552
33,NORMA-1999,553
33,NORMA-6819,554
33,NORMA-6820,555
33,NORMA-1175,556
33,NORMA-923,557
33,NORMA-18816,558
33,NORMA-20448,559
33,NORMA-21634,560
33,NORMA-20224,561
33,NORMA-19871,562
33,NORMA-20202,563
33,NORMA-6249,564
33,NORMA-20103,565
33,NORMA-20602,566
33,NORMA-20359,567
33,NORMA-18992,568
33,NORMA-4314,569
33,NORMA-21384,570
33,NORMA-18979,571
33,NORMA-6970,572
33,NORMA-217,573
33,NORMA-21462,574
33,NORMA-20482,575
33,NORMA-11760,576
33,NORMA-19343,577
33,NORMA-19729,578
33,NORMA-15272,579
33,NORMA-19968,580
33,NORMA-30043,581
33,NORMA-21608,582
33,NORMA-20382,583
33,NORMA-21361,584
33,NORMA-20443,585
33,NORMA-82,586
33,NORMA-20144,587
33,NORMA-21028,588
33,NORMA-21382,589
33,NORMA-18605,590
33,NORMA-18234,591
33,NORMA-228,592
33,NORMA-21260,593
33,NORMA-11419,594
33,NORMA-560,595
33,NORMA-19792,596
33,NORMA-208,597
33,NORMA-18697,598
33,NORMA-10843,599
33,NORMA-19614,600
33,NORMA-15581,601
33,NORMA-28586,602
33,NORMA-20421,603
33,NORMA-23881,604
33,NORMA-21107,605
33,NORMA-27045,606
33,NORMA-18583,607
33,NORMA-423,608
33,NORMA-28281,609
33,NORMA-6629,610
33,NORMA-19799,611
33,NORMA-18418,612
33,NORMA-10797,613
33,NORMA-21562,614
33,NORMA-9457,615
33,NORMA-21210,616
33,NORMA-11715,617
33,NORMA-13471,618
33,NORMA-20710,619
33,NORMA-207,620
33,NORMA-21563,621
33,NORMA-20468,622
33,NORMA-21249,623
33,NORMA-20374,624
33,NORMA-1567,625
33,NORMA-18337,626
33,NORMA-29003,627
33,NORMA-6354,628
33,NORMA-19784,629
33,NORMA-19328,630
33,NORMA-12169,631
33,NORMA-15208,632
33,NORMA-18541,633
33,NORMA-18248,634
33,NORMA-219,635
33,NORMA-14099,636
33,NORMA-13671,637
33,NORMA-21790,638
33,NORMA-13918,639
33,NORMA-21744,640
33,NORMA-20708,641
33,NORMA-3825,642
33,NORMA-12858,643
33,NORMA-20914,644
33,NORMA-13470,645
33,NORMA-21269,646
33,NORMA-11684,647
33,NORMA-27044,648
33,NORMA-20840,649
33,NORMA-20790,650
33,NORMA-23521,651
33,NORMA-21691,652
33,NORMA-12859,653
33,NORMA-6894,654
33,NORMA-1250,655
33,NORMA-12038,656
33,NORMA-19684,657
33,NORMA-19061,658
33,NORMA-20157,659
33,NORMA-10041,660
33,NORMA-10309,661
33,NORMA-20762,662
33,NORMA-27521,663
33,NORMA-6344,664
33,NORMA-7015,665
33,NORMA-19232,666
33,NORMA-20263,667
33,NORMA-21676,668
33,NORMA-19651,669
33,NORMA-21046,670
33,NORMA-20583,671
33,NORMA-27062,672
33,NORMA-11594,673
33,NORMA-20403,674
33,NORMA-2005,675
33,NORMA-13797,676
33,NORMA-18474,677
33,NORMA-19337,678
33,NORMA-27221,679
33,NORMA-13392,680
33,NORMA-19658,681
33,NORMA-19942,682
33,NORMA-11665,683
33,NORMA-19983,684
33,NORMA-20301,685
33,NORMA-854,686
33,NORMA-18412,687
33,NORMA-21647,688
33,NORMA-21589,689
33,NORMA-11418,690
33,NORMA-20407,691
33,NORMA-12102,692
33,NORMA-587,693
33,NORMA-21386,694
33,NORMA-595,695
33,NORMA-13586,696
33,NORMA-19797,697
33,NORMA-13472,698
33,NORMA-18333,699
33,NORMA-588,700
33,NORMA-18492,701
33,NORMA-15242,702
33,NORMA-20480,703
33,NORMA-13218,704
33,NORMA-19571,705
33,NORMA-20055,706
33,NORMA-1171,707
33,NORMA-12952,708
33,NORMA-20258,709
33,NORMA-938,710
33,NORMA-21402,711
33,NORMA-14890,712
33,NORMA-20490,713
33,NORMA-33728,714
33,NORMA-20541,715
33,NORMA-883,716
33,NORMA-20545,717
33,NORMA-18545,718
33,NORMA-13237,719
33,NORMA-20754,720
33,NORMA-11087,721
33,NORMA-21299,722
33,NORMA-13769,723
33,NORMA-8774,724
33,NORMA-6203,725
33,NORMA-18217,726
33,NORMA-4588,727
33,NORMA-14345,728
33,NORMA-1024,729
33,NORMA-18772,730
33,NORMA-18706,731
33,NORMA-21003,732
33,NORMA-8938,733
33,NORMA-18403,734
33,NORMA-15882,735
33,NORMA-19637,736
33,NORMA-12165,737
33,NORMA-6410,738
33,NORMA-20239,739
33,NORMA-11814,740
33,NORMA-20501,741
33,NORMA-31904,742
33,NORMA-27366,743
33,NORMA-18205,744
33,NORMA-15004,745
33,NORMA-20398,746
33,NORMA-13534,747
33,NORMA-20554,748
33,NORMA-27550,749
33,NORMA-14874,750
33,NORMA-11605,751
33,NORMA-9384,752
33,NORMA-20314,753
33,NORMA-21029,754
33,NORMA-20329,755
33,NORMA-19597,756
33,NORMA-20334,757
33,NORMA-14113,758
33,NORMA-20321,759
33,NORMA-19859,760
33,NORMA-20389,761
33,NORMA-19037,762
33,NORMA-6759,763
33,NORMA-13864,764
33,NORMA-19777,765
33,NORMA-3511,766
33,NORMA-14462,767
33,NORMA-21418,768
33,NORMA-18379,769
33,NORMA-17281,770
33,NORMA-9358,771
33,NORMA-22001,772
33,NORMA-10865,773
33,NORMA-5361,774
33,NORMA-558,775
33,NORMA-4278,776
33,NORMA-20857,777
33,NORMA-25964,778
33,NORMA-13265,779
33,NORMA-12630,780
33,NORMA-15027,781
33,NORMA-15045,782
33,NORMA-21247,783
33,NORMA-14542,784
33,NORMA-20677,785
33,NORMA-21369,786
33,NORMA-6092,787
33,NORMA-23682,788
33,NORMA-10123,789
33,NORMA-19904,790
33,NORMA-21479,791
33,NORMA-20797,792
33,NORMA-749,793
33,NORMA-21278,794
33,NORMA-21135,795
33,NORMA-15465,796
33,NORMA-23027,797
33,NORMA-4297,798
33,NORMA-6075,799
33,NORMA-222,800
33,NORMA-20444,801
33,NORMA-18325,802
33,NORMA-4898,803
33,NORMA-15802,804
33,NORMA-24102,805
33,NORMA-19103,806
33,NORMA-18298,807
33,NORMA-5008,808
33,NORMA-19578,809
33,NORMA-19724,810
33,NORMA-20817,811
33,NORMA-20204,812
33,NORMA-18356,813
33,NORMA-11316,814
33,NORMA-18958,815
33,NORMA-27064,816
33,NORMA-21477,817
33,NORMA-18394,818
33,NORMA-20561,819
33,NORMA-18435,820
33,NORMA-12029,821
33,NORMA-6684,822
33,NORMA-4711,823
33,NORMA-19941,824
33,NORMA-21232,825
33,NORMA-21702,826
33,NORMA-18653,827
33,NORMA-28802,828
33,NORMA-27501,829
33,NORMA-4820,830
33,NORMA-4586,831
33,NORMA-21699,832
33,NORMA-8119,833
33,NORMA-11164,834
33,NORMA-19624,835
33,NORMA-3510,836
33,NORMA-20253,837
33,NORMA-20705,838
33,NORMA-21694,839
33,NORMA-509,840
33,NORMA-13995,841
33,NORMA-209,842
33,NORMA-20549,843
33,NORMA-13519,844
33,NORMA-4075,845
33,NORMA-4906,846
33,NORMA-11687,847
33,NORMA-27341,848
33,NORMA-13229,849
33,NORMA-11621,850
33,NORMA-5495,851
33,NORMA-25201,852
33,NORMA-27022,853
33,NORMA-18424,854
33,NORMA-11570,855
33,NORMA-21388,856
33,NORMA-18974,857
33,NORMA-21624,858
33,NORMA-26003,859
33,NORMA-12027,860
33,NORMA-21524,861
33,NORMA-7280,862
33,NORMA-20945,863
33,NORMA-21356,864
33,NORMA-18603,865
33,NORMA-18823,866
33,NORMA-12006,867
33,NORMA-21215,868
33,NORMA-18806,869
33,NORMA-20538,870
33,NORMA-21561,871
33,NORMA-3819,872
33,NORMA-211,873
33,NORMA-1535,874
33,NORMA-6595,875
33,NORMA-23222,876
33,NORMA-20841,877
33,NORMA-21767,878
33,NORMA-19588,879
33,NORMA-4275,880
33,NORMA-11757,881
33,NORMA-20371,882
33,NORMA-18656,883
33,NORMA-18456,884
33,NORMA-31923,885
33,NORMA-18306,886
33,NORMA-18206,887
33,NORMA-18885,888
33,NORMA-3342,889
33,NORMA-3820,890
33,NORMA-19358,891
33,NORMA-3821,892
33,NORMA-20196,893
33,NORMA-19822,894
33,NORMA-20566,895
33,NORMA-21071,896
33,NORMA-2563,897
33,NORMA-18769,898
33,NORMA-21541,899
33,NORMA-20894,900
33,NORMA-18988,901
33,NORMA-20304,902
33,NORMA-8442,903
33,NORMA-20106,904
33,NORMA-5335,905
33,NORMA-21256,906
33,NORMA-21043,907
33,NORMA-18937,908
33,NORMA-21192,909
33,NORMA-7389,910
33,NORMA-19503,911
33,NORMA-10119,912
33,NORMA-21404,913
33,NORMA-20505,914
33,NORMA-3577,915
33,NORMA-21344,916
33,NORMA-21150,917
33,NORMA-5360,918
33,NORMA-6757,919
33,NORMA-972,920
33,NORMA-5496,921
33,NORMA-21173,922
33,NORMA-12039,923
33,NORMA-12060,924
33,NORMA-19875,925
33,NORMA-21238,926
33,NORMA-18378,927
33,NORMA-19948,928
33,NORMA-20871,929
33,NORMA-21506,930
33,NORMA-12014,931
33,NORMA-12234,932
33,NORMA-21533,933
33,NORMA-3382,934
33,NORMA-6764,935
33,NORMA-19969,936
33,NORMA-6753,937
33,NORMA-22561,938
33,NORMA-21787,939
33,NORMA-8204,940
33,NORMA-220,941
33,NORMA-18801,942
33,NORMA-19515,943
33,NORMA-21328,944
33,NORMA-8772,945
33,NORMA-20452,946
33,NORMA-10117,947
33,NORMA-4515,948
33,NORMA-20590,949
33,NORMA-10975,950
33,NORMA-18427,951
33,NORMA-18978,952
33,NORMA-10116,953
33,NORMA-20531,954
33,NORMA-12232,955
33,NORMA-11085,956
33,NORMA-8205,957
33,NORMA-20925,958
33,NORMA-11272,959
33,NORMA-14294,960
33,NORMA-11736,961
33,NORMA-11731,962
33,NORMA-21258,963
33,NORMA-25722,964
33,NORMA-21228,965
33,NORMA-20121,966
33,NORMA-18233,967
33,NORMA-20381,968
33,NORMA-6643,969
33,NORMA-19640,970
33,NORMA-19635,971
33,NORMA-21272,972
33,NORMA-13476,973
33,NORMA-19468,974
33,NORMA-60,975
33,NORMA-19605,976
33,NORMA-6701,977
33,NORMA-21655,978
33,NORMA-12910,979
33,NORMA-6881,980
33,NORMA-14746,981
33,NORMA-21408,982
33,NORMA-18243,983
33,NORMA-27364,984
33,NORMA-5431,985
33,NORMA-21599,986
33,NORMA-15427,987
33,NORMA-18377,988
33,NORMA-18396,989
33,NORMA-19172,990
33,NORMA-20292,991
33,NORMA-19874,992
33,NORMA-21390,993
33,NORMA-20992,994
33,NORMA-20836,995
33,NORMA-20891,996
33,NORMA-19957,997
33,NORMA-18420,998
33,NORMA-18892,999
33,NORMA-21206,1000
34,NORMA-21606,1
34,NORMA-19192,2
34,NORMA-25902,3
34,NORMA-21286,4
34,NORMA-3503,5
34,NORMA-21638,6
34,NORMA-18748,7
34,NORMA-21776,8
34,NORMA-20397,9
34,NORMA-20865,10
34,NORMA-20754,11
34,NORMA-6948,12
34,NORMA-3966,13
34,NORMA-18430,14
34,NORMA-8028,15
34,NORMA-19212,16
34,NORMA-21626,17
34,NORMA-21126,18
34,NORMA-20428,19
34,NORMA-21437,20
34,NORMA-21783,21
34,NORMA-20989,22
34,NORMA-19096,23
34,NORMA-19181,24
34,NORMA-21550,25
34,NORMA-21367,26
34,NORMA-21519,27
34,NORMA-21344,28
34,NORMA-21028,29
34,NORMA-20995,30
34,NORMA-19081,31
34,NORMA-18436,32
34,NORMA-20474,33
34,NORMA-15211,34
34,NORMA-21634,35
34,NORMA-16202,36
34,NORMA-21705,37
34,NORMA-21419,38
34,NORMA-18342,39
34,NORMA-21521,40
34,NORMA-20369,41
34,NORMA-13797,42
34,NORMA-20197,43
34,NORMA-21135,44
34,NORMA-19021,45
34,NORMA-18654,46
34,NORMA-20192,47
34,NORMA-19152,48
34,NORMA-22561,49
34,NORMA-21065,50
34,NORMA-27761,51
34,NORMA-13158,52
34,NORMA-21002,53
34,NORMA-20465,54
34,NORMA-13469,55
34,NORMA-20376,56
34,NORMA-14937,57
34,NORMA-18722,58
34,NORMA-21739,59
34,NORMA-18697,60
34,NORMA-18818,61
34,NORMA-21650,62
34,NORMA-20460,63
34,NORMA-30043,64
34,NORMA-19245,65
34,NORMA-18434,66
34,NORMA-17201,67
34,NORMA-18418,68
34,NORMA-18709,69
34,NORMA-570,70
34,NORMA-20366,71
34,NORMA-19704,72
34,NORMA-19387,73
34,NORMA-19095,74
34,NORMA-21631,75
34,NORMA-20854,76
34,NORMA-21389,77
34,NORMA-21608,78
34,NORMA-12067,79
34,NORMA-21499,80
34,NORMA-20443,81
34,NORMA-21461,82
34,NORMA-20482,83
34,NORMA-21661,84
34,NORMA-13265,85
34,NORMA-12630,86
34,NORMA-20473,87
34,NORMA-20172,88
34,NORMA-18838,89
34,NORMA-20349,90
34,NORMA-14542,91
34,NORMA-15237,92
34,NORMA-21537,93
34,NORMA-20182,94
34,NORMA-15045,95
34,NORMA-19416,96
34,NORMA-19061,97
34,NORMA-21792,98
34,NORMA-19658,99
34,NORMA-21279,100
34,NORMA-19609,101
34,NORMA-19969,102
34,NORMA-20359,103
34,NORMA-23682,104
34,NORMA-19431,105
34,NORMA-21012,106
34,NORMA-20941,107
34,NORMA-18492,108
34,NORMA-13514,109
34,NORMA-19408,110
34,NORMA-19573,111
34,NORMA-20183,112
34,NORMA-20382,113
34,NORMA-19138,114
34,NORMA-20389,115
34,NORMA-18656,116
34,NORMA-19655,117
34,NORMA-12910,118
34,NORMA-21107,119
34,NORMA-19444,120
34,NORMA-20501,121
34,NORMA-20407,122
34,NORMA-20480,123
34,NORMA-18780,124
34,NORMA-20398,125
34,NORMA-6082,126
34,NORMA-19650,127
34,NORMA-206,128
34,NORMA-19515,129
34,NORMA-18446,130
34,NORMA-21649,131
34,NORMA-18208,132
34,NORMA-18293,133
34,NORMA-20914,134
34,NORMA-18424,135
34,NORMA-13298,136
34,NORMA-19155,137
34,NORMA-21523,138
34,NORMA-20869,139
34,NORMA-20870,140
34,NORMA-18221,141
34,NORMA-20374,142
34,NORMA-3001,143
34,NORMA-12965,144
34,NORMA-20169,145
34,NORMA-20488,146
34,NORMA-19582,147
34,NORMA-19729,148
34,NORMA-20490,149
34,NORMA-21071,150
34,NORMA-19295,151
34,NORMA-19574,152
34,NORMA-19542,153
34,NORMA-20477,154
34,NORMA-19092,155
34,NORMA-18378,156
34,NORMA-21147,157
34,NORMA-18432,158
34,NORMA-2184,159
34,NORMA-21547,160
34,NORMA-14390,161
34,NORMA-20426,162
34,NORMA-21131,163
34,NORMA-20186,164
34,NORMA-21063,165
34,NORMA-6595,166
34,NORMA-21114,167
34,NORMA-20196,168
34,NORMA-6253,169
34,NORMA-20037,170
34,NORMA-21217,171
34,NORMA-18414,172
34,NORMA-20300,173
34,NORMA-12437,174
34,NORMA-21269,175
34,NORMA-26102,176
34,NORMA-20503,177
34,NORMA-8814,178
34,NORMA-18450,179
34,NORMA-21150,180
34,NORMA-19799,181
34,NORMA-6140,182
34,NORMA-18435,183
34,NORMA-20950,184
34,NORMA-20468,185
34,NORMA-19330,186
34,NORMA-6645,187
34,NORMA-7113,188
34,NORMA-18989,189
34,NORMA-8435,190
34,NORMA-18646,191
34,NORMA-19784,192
34,NORMA-19174,193
34,NORMA-21507,194
34,NORMA-11316,195
34,NORMA-616,196
34,NORMA-20134,197
34,NORMA-19329,198
34,NORMA-9382,199
34,NORMA-21159,200
34,NORMA-19512,201
34,NORMA-20072,202
34,NORMA-7110,203
34,NORMA-15239,204
34,NORMA-2269,205
34,NORMA-18653,206
34,NORMA-19667,207
34,NORMA-18769,208
34,NORMA-13174,209
34,NORMA-6185,210
34,NORMA-21659,211
34,NORMA-18502,212
34,NORMA-11760,213
34,NORMA-3642,214
34,NORMA-6851,215
34,NORMA-19436,216
34,NORMA-18870,217
34,NORMA-21676,218
34,NORMA-20223,219
34,NORMA-18554,220
34,NORMA-21228,221
34,NORMA-18439,222
34,NORMA-7241,223
34,NORMA-20730,224
34,NORMA-7525,225
34,NORMA-18427,226
34,NORMA-18350,227
34,NORMA-21609,228
34,NORMA-26701,229
34,NORMA-7225,230
34,NORMA-21562,231
34,NORMA-19787,232
34,NORMA-18825,233
34,NORMA-19426,234
34,NORMA-20163,235
34,NORMA-21139,236
34,NORMA-18248,237
34,NORMA-12490,238
34,NORMA-20632,239
34,NORMA-28203,240
34,NORMA-14744,241
34,NORMA-6783,242
34,NORMA-19281,243
34,NORMA-18648,244
34,NORMA-18730,245
34,NORMA-21496,246
34,NORMA-11798,247
34,NORMA-21420,248
34,NORMA-15603,249
34,NORMA-18227,250
34,NORMA-19859,251
34,NORMA-19715,252
34,NORMA-20796,253
34,NORMA-7386,254
34,NORMA-18205,255
34,NORMA-3181,256
34,NORMA-20205,257
34,NORMA-21239,258
34,NORMA-21267,259
34,NORMA-20704,260
34,NORMA-7222,261
34,NORMA-21791,262
34,NORMA-6962,263
34,NORMA-11756,264
34,NORMA-6758,265
34,NORMA-18691,266
34,NORMA-21086,267
34,NORMA-19275,268
34,NORMA-20402,269
34,NORMA-18394,270
34,NORMA-19384,271
34,NORMA-18364,272
34,NORMA-21352,273
34,NORMA-20840,274
34,NORMA-6268,275
34,NORMA-18981,276
34,NORMA-21264,277
34,NORMA-21299,278
34,NORMA-18403,279
34,NORMA-2546,280
34,NORMA-2089,281
34,NORMA-20381,282
34,NORMA-20188,283
34,NORMA-12657,284
34,NORMA-20421,285
34,NORMA-12102,286
34,NORMA-31903,287
34,NORMA-20476,288
34,NORMA-21157,289
34,NORMA-18243,290
34,NORMA-18411,291
34,NORMA-21241,292
34,NORMA-19981,293
34,NORMA-18992,294
34,NORMA-3735,295
34,NORMA-20263,296
34,NORMA-6084,297
34,NORMA-2413,298
34,NORMA-14498,299
34,NORMA-18536,300
34,NORMA-11655,301
34,NORMA-1419,302
34,NORMA-14239,303
34,NORMA-18292,304
34,NORMA-19643,305
34,NORMA-9834,306
34,NORMA-19724,307
34,NORMA-12048,308
34,NORMA-20444,309
34,NORMA-20557,310
34,NORMA-21277,311
34,NORMA-20422,312
34,NORMA-21220,313
34,NORMA-25523,314
34,NORMA-2981,315
34,NORMA-1567,316
34,NORMA-18284,317
34,NORMA-27062,318
34,NORMA-18772,319
34,NORMA-20917,320
34,NORMA-12911,321
34,NORMA-18548,322
34,NORMA-23521,323
34,NORMA-18325,324
34,NORMA-12900,325
34,NORMA-12901,326
34,NORMA-20432,327
34,NORMA-19777,328
34,NORMA-21272,329
34,NORMA-18803,330
34,NORMA-21767,331
34,NORMA-19883,332
34,NORMA-19128,333
34,NORMA-6752,334
34,NORMA-18212,335
34,NORMA-21152,336
34,NORMA-21784,337
34,NORMA-21434,338
34,NORMA-20921,339
34,NORMA-18669,340
34,NORMA-20316,341
34,NORMA-21757,342
34,NORMA-21544,343
34,NORMA-602,344
34,NORMA-14345,345
34,NORMA-13995,346
34,NORMA-21388,347
34,NORMA-21185,348
34,NORMA-893,349
34,NORMA-20423,350
34,NORMA-21630,351
34,NORMA-20189,352
34,NORMA-59,353
34,NORMA-20993,354
34,NORMA-554,355
34,NORMA-21020,356
34,NORMA-7390,357
34,NORMA-19730,358
34,NORMA-19940,359
34,NORMA-19977,360
34,NORMA-21249,361
34,NORMA-6488,362
34,NORMA-54,363
34,NORMA-18804,364
34,NORMA-19955,365
34,NORMA-8575,366
34,NORMA-21515,367
34,NORMA-6389,368
34,NORMA-20703,369
34,NORMA-18631,370
34,NORMA-21300,371
34,NORMA-12029,372
34,NORMA-18375,373
34,NORMA-19588,374
34,NORMA-27063,375
34,NORMA-14113,376
34,NORMA-18206,377
34,NORMA-19651,378
34,NORMA-20999,379
34,NORMA-6679,380
34,NORMA-18531,381
34,NORMA-18529,382
34,NORMA-6291,383
34,NORMA-18835,384
34,NORMA-21446,385
34,NORMA-658,386
34,NORMA-19581,387
34,NORMA-20487,388
34,NORMA-1,389
34,NORMA-15027,390
34,NORMA-6521,391
34,NORMA-19933,392
34,NORMA-18827,393
34,NORMA-12066,394
34,NORMA-20135,395
34,NORMA-4634,396
34,NORMA-19520,397
34,NORMA-380,398
34,NORMA-20902,399
34,NORMA-20429,400
34,NORMA-21218,401
34,NORMA-19292,402
34,NORMA-20209,403
34,NORMA-53,404
34,NORMA-20073,405
34,NORMA-21402,406
34,NORMA-2185,407
34,NORMA-20880,408
34,NORMA-20992,409
34,NORMA-11577,410
34,NORMA-28181,411
34,NORMA-11572,412
34,NORMA-21361,413
34,NORMA-13519,414
34,NORMA-11578,415
34,NORMA-21695,416
34,NORMA-6318,417
34,NORMA-20164,418
34,NORMA-801,419
34,NORMA-17281,420
34,NORMA-20185,421
34,NORMA-19571,422
34,NORMA-18303,423
34,NORMA-21026,424
34,NORMA-1611,425
34,NORMA-18915,426
34,NORMA-22001,427
34,NORMA-20202,428
34,NORMA-18420,429
34,NORMA-18796,430
34,NORMA-21208,431
34,NORMA-20887,432
34,NORMA-13229,433
34,NORMA-9984,434
34,NORMA-20184,435
34,NORMA-20885,436
34,NORMA-20901,437
34,NORMA-220,438
34,NORMA-20922,439
34,NORMA-20425,440
34,NORMA-21698,441
34,NORMA-20778,442
34,NORMA-11757,443
34,NORMA-21541,444
34,NORMA-20729,445
34,NORMA-21205,446
34,NORMA-21260,447
34,NORMA-6022,448
34,NORMA-981,449
34,NORMA-23027,450
34,NORMA-21023,451
34,NORMA-20388,452
34,NORMA-9724,453
34,NORMA-21252,454
34,NORMA-18412,455
34,NORMA-10931,456
34,NORMA-13772,457
34,NORMA-21756,458
34,NORMA-24102,459
34,NORMA-21470,460
34,NORMA-11814,461
34,NORMA-20195,462
34,NORMA-18690,463
34,NORMA-14508,464
34,NORMA-19617,465
34,NORMA-18379,466
34,NORMA-18762,467
34,NORMA-12049,468
34,NORMA-22941,469
34,NORMA-13056,470
34,NORMA-31923,471
34,NORMA-14279,472
34,NORMA-14501,473
34,NORMA-19689,474
34,NORMA-20396,475
34,NORMA-20108,476
34,NORMA-19477,477
34,NORMA-20990,478
34,NORMA-27064,479
34,NORMA-4477,480
34,NORMA-18822,481
34,NORMA-20943,482
34,NORMA-18201,483
34,NORMA-3201,484
34,NORMA-10034,485
34,NORMA-26881,486
34,NORMA-21637,487
34,NORMA-19751,488
34,NORMA-18545,489
34,NORMA-11734,490
34,NORMA-19583,491
34,NORMA-21312,492
34,NORMA-20166,493
34,NORMA-21140,494
34,NORMA-835,495
34,NORMA-802,496
34,NORMA-21398,497
34,NORMA-18239,498
34,NORMA-18224,499
34,NORMA-660,500
34,NORMA-20405,501
34,NORMA-3382,502
34,NORMA-1620,503
34,NORMA-27449,504
34,NORMA-20710,505
34,NORMA-21744,506
34,NORMA-18958,507
34,NORMA-412,508
34,NORMA-6199,509
34,NORMA-9792,510
34,NORMA-6629,511
34,NORMA-6954,512
34,NORMA-6955,513
34,NORMA-20797,514
34,NORMA-21625,515
34,NORMA-20168,516
34,NORMA-21211,517
34,NORMA-21113,518
34,NORMA-883,519
34,NORMA-7015,520
34,NORMA-6894,521
34,NORMA-20098,522
34,NORMA-2013,523
34,NORMA-19249,524
34,NORMA-20204,525
34,NORMA-2,526
34,NORMA-21418,527
34,NORMA-11454,528
34,NORMA-595,529
34,NORMA-20336,530
34,NORMA-15802,531
34,NORMA-417,532
34,NORMA-6880,533
34,NORMA-9893,534
34,NORMA-18301,535
34,NORMA-18451,536
34,NORMA-8931,537
34,NORMA-13471,538
34,NORMA-588,539
34,NORMA-587,540
34,NORMA-19103,541
34,NORMA-18359,542
34,NORMA-10267,543
34,NORMA-18747,544
34,NORMA-20190,545
34,NORMA-4909,546
34,NORMA-20171,547
34,NORMA-16481,548
34,NORMA-14581,549
34,NORMA-21431,550
34,NORMA-21586,551
34,NORMA-19593,552
34,NORMA-18934,553
34,NORMA-19546,554
34,NORMA-3638,555
34,NORMA-18549,556
34,NORMA-21366,557
34,NORMA-1613,558
34,NORMA-21787,559
34,NORMA-19603,560
34,NORMA-2375,561
34,NORMA-1144,562
34,NORMA-18605,563
34,NORMA-15581,564
34,NORMA-20452,565
34,NORMA-21553,566
34,NORMA-938,567
34,NORMA-18604,568
34,NORMA-20793,569
34,NORMA-14263,570
34,NORMA-20371,571
34,NORMA-18219,572
34,NORMA-5381,573
34,NORMA-18638,574
34,NORMA-207,575
34,NORMA-15028,576
34,NORMA-19845,577
34,NORMA-19221,578
34,NORMA-21326,579
34,NORMA-27221,580
34,NORMA-19629,581
34,NORMA-5421,582
34,NORMA-19596,583
34,NORMA-6957,584
34,NORMA-20985,585
34,NORMA-11715,586
34,NORMA-6636,587
34,NORMA-4792,588
34,NORMA-16403,589
34,NORMA-4500,590
34,NORMA-21522,591
34,NORMA-416,592
34,NORMA-20812,593
34,NORMA-3661,594
34,NORMA-21046,595
34,NORMA-18984,596
34,NORMA-23222,597
34,NORMA-12314,598
34,NORMA-11184,599
34,NORMA-7156,600
34,NORMA-4710,601
34,NORMA-10708,602
34,NORMA-19770,603
34,NORMA-7867,604
34,NORMA-19871,605
34,NORMA-5336,606
34,NORMA-21417,607
34,NORMA-30724,608
34,NORMA-1024,609
34,NORMA-20028,610
34,NORMA-15427,611
34,NORMA-30726,612
34,NORMA-30725,613
34,NORMA-1535,614
34,NORMA-12371,615
34,NORMA-15465,616
34,NORMA-208,617
34,NORMA-10691,618
34,NORMA-12379,619
34,NORMA-18859,620
34,NORMA-19303,621
34,NORMA-228,622
34,NORMA-462,623
34,NORMA-14366,624
34,NORMA-16402,625
34,NORMA-26,626
34,NORMA-15902,627
34,NORMA-21351,628
34,NORMA-15521,629
34,NORMA-21690,630
34,NORMA-19005,631
34,NORMA-27361,632
34,NORMA-11605,633
34,NORMA-29003,634
34,NORMA-18734,635
34,NORMA-1092,636
34,NORMA-26804,637
34,NORMA-21235,638
34,NORMA-20301,639
34,NORMA-21484,640
34,NORMA-7384,641
34,NORMA-21535,642
34,NORMA-21729,643
34,NORMA-6753,644
34,NORMA-11731,645
34,NORMA-20841,646
34,NORMA-10119,647
34,NORMA-6970,648
34,NORMA-19631,649
34,NORMA-21017,650
34,NORMA-18873,651
34,NORMA-211,652
34,NORMA-20836,653
34,NORMA-21524,654
34,NORMA-18217,655
34,NORMA-21788,656
34,NORMA-20448,657
34,NORMA-20859,658
34,NORMA-20762,659
34,NORMA-20053,660
34,NORMA-21477,661
34,NORMA-21137,662
34,NORMA-21110,663
34,NORMA-7011,664
34,NORMA-9871,665
34,NORMA-21206,666
34,NORMA-20705,667
34,NORMA-6856,668
34,NORMA-10029,669
34,NORMA-21393,670
34,NORMA-21386,671
34,NORMA-8772,672
34,NORMA-19942,673
34,NORMA-10044,674
34,NORMA-19797,675
34,NORMA-10975,676
34,NORMA-20702,677
34,NORMA-27687,678
34,NORMA-21278,679
34,NORMA-7027,680
34,NORMA-18979,681
34,NORMA-6621,682
34,NORMA-21508,683
34,NORMA-8027,684
34,NORMA-9358,685
34,NORMA-10865,686
34,NORMA-20997,687
34,NORMA-7387,688
34,NORMA-20194,689
34,NORMA-19798,690
34,NORMA-21273,691
34,NORMA-4091,692
34,NORMA-6736,693
34,NORMA-209,694
34,NORMA-20505,695
34,NORMA-7012,696
34,NORMA-3767,697
34,NORMA-19605,698
34,NORMA-19167,699
34,NORMA-1485,700
34,NORMA-1365,701
34,NORMA-11599,702
34,NORMA-20157,703
34,NORMA-11687,704
34,NORMA-20198,705
34,NORMA-5626,706
34,NORMA-19983,707
34,NORMA-27341,708
34,NORMA-18456,709
34,NORMA-20167,710
34,NORMA-15242,711
34,NORMA-11627,712
34,NORMA-18280,713
34,NORMA-33288,714
34,NORMA-6702,715
34,NORMA-18225,716
34,NORMA-19337,717
34,NORMA-6698,718
34,NORMA-834,719
34,NORMA-3511,720
34,NORMA-21384,721
34,NORMA-20221,722
34,NORMA-20206,723
34,NORMA-33308,724
34,NORMA-18298,725
34,NORMA-21752,726
34,NORMA-6623,727
34,NORMA-12060,728
34,NORMA-5361,729
34,NORMA-21564,730
34,NORMA-4278,731
34,NORMA-20912,732
34,NORMA-25964,733
34,NORMA-18603,734
34,NORMA-18286,735
34,NORMA-20834,736
34,NORMA-18511,737
34,NORMA-19919,738
34,NORMA-19750,739
34,NORMA-20065,740
34,NORMA-19844,741
34,NORMA-646,742
34,NORMA-3342,743
34,NORMA-18952,744
34,NORMA-18886,745
34,NORMA-20191,746
34,NORMA-12859,747
34,NORMA-20631,748
34,NORMA-60,749
34,NORMA-20121,750
34,NORMA-11272,751
34,NORMA-6677,752
34,NORMA-75,753
34,NORMA-20966,754
34,NORMA-22721,755
34,NORMA-21456,756
34,NORMA-20408,757
34,NORMA-18591,758
34,NORMA-29005,759
34,NORMA-18302,760
34,NORMA-6641,761
34,NORMA-20566,762
34,NORMA-19682,763
34,NORMA-19703,764
34,NORMA-20936,765
34,NORMA-7953,766
34,NORMA-14459,767
34,NORMA-6669,768
34,NORMA-10200,769
34,NORMA-21195,770
34,NORMA-20091,771
34,NORMA-6757,772
34,NORMA-5008,773
34,NORMA-21328,774
34,NORMA-19842,775
34,NORMA-6075,776
34,NORMA-6808,777
34,NORMA-1222,778
34,NORMA-12664,779
34,NORMA-19014,780
34,NORMA-14788,781
34,NORMA-18802,782
34,NORMA-6720,783
34,NORMA-15901,784
34,NORMA-20603,785
34,NORMA-18479,786
34,NORMA-19621,787
34,NORMA-10994,788
34,NORMA-772,789
34,NORMA-21624,790
34,NORMA-15542,791
34,NORMA-22101,792
34,NORMA-20208,793
34,NORMA-21253,794
34,NORMA-19646,795
34,NORMA-18565,796
34,NORMA-560,797
34,NORMA-18746,798
34,NORMA-567,799
34,NORMA-15662,800
34,NORMA-28466,801
34,NORMA-28361,802
34,NORMA-8458,803
34,NORMA-19343,804
34,NORMA-7381,805
34,NORMA-20278,806
34,NORMA-21647,807
34,NORMA-20304,808
34,NORMA-21413,809
34,NORMA-18211,810
34,NORMA-19647,811
34,NORMA-21173,812
34,NORMA-19290,813
34,NORMA-21500,814
34,NORMA-26124,815
34,NORMA-18906,816
34,NORMA-7022,817
34,NORMA-20139,818
34,NORMA-19391,819
34,NORMA-20241,820
34,NORMA-11356,821
34,NORMA-8706,822
34,NORMA-20277,823
34,NORMA-18788,824
34,NORMA-4786,825
34,NORMA-20753,826
34,NORMA-21475,827
34,NORMA-20356,828
34,NORMA-20217,829
34,NORMA-18967,830
34,NORMA-18797,831
34,NORMA-6819,832
34,NORMA-21224,833
34,NORMA-12038,834
34,NORMA-21774,835
34,NORMA-21085,836
34,NORMA-6820,837
34,NORMA-18266,838
34,NORMA-19947,839
34,NORMA-423,840
34,NORMA-14724,841
34,NORMA-20368,842
34,NORMA-21768,843
34,NORMA-18360,844
34,NORMA-20249,845
34,NORMA-21184,846
34,NORMA-19632,847
34,NORMA-11864,848
34,NORMA-18781,849
34,NORMA-18345,850
34,NORMA-1406,851
34,NORMA-12733,852
34,NORMA-20690,853
34,NORMA-6505,854
34,NORMA-7326,855
34,NORMA-7351,856
34,NORMA-13029,857
34,NORMA-21678,858
34,NORMA-20437,859
34,NORMA-11300,860
34,NORMA-854,861
34,NORMA-21595,862
34,NORMA-18528,863
34,NORMA-578,864
34,NORMA-23361,865
34,NORMA-11607,866
34,NORMA-21324,867
34,NORMA-20633,868
34,NORMA-18204,869
34,NORMA-19110,870
34,NORMA-20056,871
34,NORMA-21554,872
34,NORMA-21641,873
34,NORMA-1534,874
34,NORMA-2014,875
34,NORMA-6354,876
34,NORMA-18237,877
34,NORMA-21158,878
34,NORMA-18474,879
34,NORMA-704,880
34,NORMA-984,881
34,NORMA-21651,882
34,NORMA-6256,883
34,NORMA-4830,884
34,NORMA-20513,885
34,NORMA-20514,886
34,NORMA-21552,887
34,NORMA-21069,888
34,NORMA-1619,889
34,NORMA-20090,890
34,NORMA-889,891
34,NORMA-18630,892
34,NORMA-5535,893
34,NORMA-20569,894
34,NORMA-4746,895
34,NORMA-6644,896
34,NORMA-6321,897
34,NORMA-18863,898
34,NORMA-21408,899
34,NORMA-19417,900
34,NORMA-2517,901
34,NORMA-19699,902
34,NORMA-20916,903
34,NORMA-21648,904
34,NORMA-1154,905
34,NORMA-18885,906
34,NORMA-20210,907
34,NORMA-21526,908
34,NORMA-10117,909
34,NORMA-18314,910
34,NORMA-21506,911
34,NORMA-21497,912
34,NORMA-20949,913
34,NORMA-20780,914
34,NORMA-28802,915
34,NORMA-21309,916
34,NORMA-309,917
34,NORMA-11474,918
34,NORMA-6249,919
34,NORMA-20240,920
34,NORMA-18552,921
34,NORMA-18767,922
34,NORMA-18685,923
34,NORMA-21305,924
34,NORMA-11527,925
34,NORMA-21443,926
34,NORMA-18823,927
34,NORMA-729,928
34,NORMA-19553,929
34,NORMA-20526,930
34,NORMA-778,931
34,NORMA-21310,932
34,NORMA-27550,933
34,NORMA-19427,934
34,NORMA-19809,935
34,NORMA-2032,936
34,NORMA-18828,937
34,NORMA-20915,938
34,NORMA-20896,939
34,NORMA-19828,940
34,NORMA-1502,941
34,NORMA-1138,942
34,NORMA-18537,943
34,NORMA-20149,944
34,NORMA-18668,945
34,NORMA-21369,946
34,NORMA-18234,947
34,NORMA-21387,948
34,NORMA-4631,949
34,NORMA-20137,950
34,NORMA-20578,951
34,NORMA-13990,952
34,NORMA-20602,953
34,NORMA-6092,954
34,NORMA-18815,955
34,NORMA-19968,956
34,NORMA-20861,957
34,NORMA-18401,958
34,NORMA-18386,959
34,NORMA-689,960
34,NORMA-3241,961
34,NORMA-8384,962
34,NORMA-19622,963
34,NORMA-20845,964
34,NORMA-13160,965
34,NORMA-12171,966
34,NORMA-19830,967
34,NORMA-16941,968
34,NORMA-21247,969
34,NORMA-14463,970
34,NORMA-19078,971
34,NORMA-18539,972
34,NORMA-11570,973
34,NORMA-10531,974
34,NORMA-1999,975
34,NORMA-113,976
34,NORMA-21762,977
34,NORMA-21683,978
34,NORMA-19769,979
34,NORMA-19225,980
34,NORMA-19351,981
34,NORMA-20525,982
34,NORMA-20064,983
34,NORMA-4275,984
34,NORMA-21684,985
34,NORMA-14661,986
34,NORMA-20551,987
34,NORMA-20238,988
34,NORMA-20727,989
34,NORMA-21584,990
34,NORMA-21717,991
34,NORMA-6257,992
34,NORMA-28586,993
34,NORMA-6509,994
34,NORMA-20295,995
34,NORMA-7279,996
34,NORMA-20007,997
34,NORMA-7651,998
34,NORMA-28422,999
34,NORMA-23581,1000
35,NORMA-21367,1
35,NORMA-21305,2
35,NORMA-21437,3
35,NORMA-19152,4
35,NORMA-18450,5
35,NORMA-21419,6
35,NORMA-21521,7
35,NORMA-19212,8
35,NORMA-21398,9
35,NORMA-28181,10
35,NORMA-21114,11
35,NORMA-8028,12
35,NORMA-19387,13
35,NORMA-22941,14
35,NORMA-21705,15
35,NORMA-20374,16
35,NORMA-6948,17
35,NORMA-21756,18
35,NORMA-21523,19
35,NORMA-26841,20
35,NORMA-21267,21
35,NORMA-21506,22
35,NORMA-21783,23
35,NORMA-21537,24
35,NORMA-11798,25
35,NORMA-19787,26
35,NORMA-20503,27
35,NORMA-25523,28
35,NORMA-20258,29
35,NORMA-20369,30
35,NORMA-21626,31
35,NORMA-3281,32
35,NORMA-21507,33
35,NORMA-3342,34
35,NORMA-21028,35
35,NORMA-20398,36
35,NORMA-20407,37
35,NORMA-20382,38
35,NORMA-20465,39
35,NORMA-20474,40
35,NORMA-19096,41
35,NORMA-25201,42
35,NORMA-28961,43
35,NORMA-19232,44
35,NORMA-20445,45
35,NORMA-20460,46
35,NORMA-21239,47
35,NORMA-20359,48
35,NORMA-21550,49
35,NORMA-19095,50
35,NORMA-20389,51
35,NORMA-20376,52
35,NORMA-20488,53
35,NORMA-3241,54
35,NORMA-28281,55
35,NORMA-20473,56
35,NORMA-19829,57
35,NORMA-20422,58
35,NORMA-20501,59
35,NORMA-15701,60
35,NORMA-28362,61
35,NORMA-20428,62
35,NORMA-20349,63
35,NORMA-19081,64
35,NORMA-21725,65
35,NORMA-21739,66
35,NORMA-19715,67
35,NORMA-28981,68
35,NORMA-20366,69
35,NORMA-20477,70
35,NORMA-20726,71
35,NORMA-11864,72
35,NORMA-18780,73
35,NORMA-20482,74
35,NORMA-18654,75
35,NORMA-19784,76
35,NORMA-19883,77
35,NORMA-21431,78
35,NORMA-21461,79
35,NORMA-20316,80
35,NORMA-20480,81
35,NORMA-20476,82
35,NORMA-21310,83
35,NORMA-20869,84
35,NORMA-2158,85
35,NORMA-19969,86
35,NORMA-20487,87
35,NORMA-20468,88
35,NORMA-11739,89
35,NORMA-61,90
35,NORMA-11999,91
35,NORMA-2184,92
35,NORMA-12002,93
35,NORMA-19181,94
35,NORMA-2517,95
35,NORMA-1740,96
35,NORMA-31904,97
35,NORMA-11780,98
35,NORMA-11687,99
35,NORMA-21357,100
35,NORMA-18446,101
35,NORMA-16268,102
35,NORMA-20989,103
35,NORMA-20490,104
35,NORMA-20758,105
35,NORMA-20995,106
35,NORMA-20027,107
35,NORMA-20137,108
35,NORMA-11868,109
35,NORMA-21553,110
35,NORMA-18522,111
35,NORMA-6880,112
35,NORMA-21012,113
35,NORMA-20021,114
35,NORMA-19384,115
35,NORMA-19981,116
35,NORMA-18430,117
35,NORMA-20557,118
35,NORMA-19859,119
35,NORMA-984,120
35,NORMA-21484,121
35,NORMA-19233,122
35,NORMA-20800,123
35,NORMA-20580,124
35,NORMA-704,125
35,NORMA-28001,126
35,NORMA-19190,127
35,NORMA-21352,128
35,NORMA-19021,129
35,NORMA-22561,130
35,NORMA-21496,131
35,NORMA-20505,132
35,NORMA-15561,133
35,NORMA-12035,134
35,NORMA-18549,135
35,NORMA-12015,136
35,NORMA-28203,137
35,NORMA-19891,138
35,NORMA-17221,139
35,NORMA-19275,140
35,NORMA-21220,141
35,NORMA-18958,142
35,NORMA-20754,143
35,NORMA-6758,144
35,NORMA-21792,145
35,NORMA-18825,146
35,NORMA-12228,147
35,NORMA-11631,148
35,NORMA-19866,149
35,NORMA-19378,150
35,NORMA-12005,151
35,NORMA-2536,152
35,NORMA-729,153
35,NORMA-21273,154
35,NORMA-18492,155
35,NORMA-19700,156
35,NORMA-969,157
35,NORMA-23222,158
35,NORMA-21086,159
35,NORMA-19724,160
35,NORMA-20381,161
35,NORMA-18287,162
35,NORMA-18803,163
35,NORMA-12160,164
35,NORMA-772,165
35,NORMA-555,166
35,NORMA-12657,167
35,NORMA-11790,168
35,NORMA-11792,169
35,NORMA-20217,170
35,NORMA-19520,171
35,NORMA-818,172
35,NORMA-12049,173
35,NORMA-19292,174
35,NORMA-21224,175
35,NORMA-7110,176
35,NORMA-21218,177
35,NORMA-20435,178
35,NORMA-24582,179
35,NORMA-1663,180
35,NORMA-15004,181
35,NORMA-10878,182
35,NORMA-1222,183
35,NORMA-18396,184
35,NORMA-1620,185
35,NORMA-21752,186
35,NORMA-21434,187
35,NORMA-21113,188
35,NORMA-18205,189
35,NORMA-27521,190
35,NORMA-19617,191
35,NORMA-20209,192
35,NORMA-18445,193
35,NORMA-21446,194
35,NORMA-20090,195
35,NORMA-18724,196
35,NORMA-16202,197
35,NORMA-11877,198
35,NORMA-684,199
35,NORMA-2460,200
35,NORMA-20446,201
35,NORMA-21127,202
35,NORMA-3201,203
35,NORMA-20304,204
35,NORMA-2447,205
35,NORMA-26102,206
35,NORMA-416,207
35,NORMA-24002,208
35,NORMA-21272,209
35,NORMA-21152,210
35,NORMA-12029,211
35,NORMA-19328,212
35,NORMA-29005,213
35,NORMA-20885,214
35,NORMA-11872,215
35,NORMA-21691,216
35,NORMA-11734,217
35,NORMA-21695,218
35,NORMA-19249,219
35,NORMA-19871,220
35,NORMA-9834,221
35,NORMA-9382,222
35,NORMA-21634,223
35,NORMA-20179,224
35,NORMA-14937,225
35,NORMA-21228,226
35,NORMA-19822,227
35,NORMA-13158,228
35,NORMA-18796,229
35,NORMA-1619,230
35,NORMA-20197,231
35,NORMA-21217,232
35,NORMA-18630,233
35,NORMA-13469,234
35,NORMA-10821,235
35,NORMA-20396,236
35,NORMA-18479,237
35,NORMA-20263,238
35,NORMA-19119,239
35,NORMA-2579,240
35,NORMA-27761,241
35,NORMA-19221,242
35,NORMA-996,243
35,NORMA-19540,244
35,NORMA-29441,245
35,NORMA-18359,246
35,NORMA-10629,247
35,NORMA-10375,248
35,NORMA-19574,249
35,NORMA-4909,250
35,NORMA-19977,251
35,NORMA-19923,252
35,NORMA-24583,253
35,NORMA-18899,254
35,NORMA-4830,255
35,NORMA-883,256
35,NORMA-20914,257
35,NORMA-15541,258
35,NORMA-20590,259
35,NORMA-4746,260
35,NORMA-21417,261
35,NORMA-19618,262
35,NORMA-15237,263
35,NORMA-27022,264
35,NORMA-6627,265
35,NORMA-9888,266
35,NORMA-20402,267
35,NORMA-6185,268
35,NORMA-13323,269
35,NORMA-20219,270
35,NORMA-21257,271
35,NORMA-21256,272
35,NORMA-21515,273
35,NORMA-27585,274
35,NORMA-18583,275
35,NORMA-21659,276
35,NORMA-19631,277
35,NORMA-9595,278
35,NORMA-20799,279
35,NORMA-18433,280
35,NORMA-20072,281
35,NORMA-20796,282
35,NORMA-9785,283
35,NORMA-6957,284
35,NORMA-21211,285
35,NORMA-21259,286
35,NORMA-19732,287
35,NORMA-20405,288
35,NORMA-6636,289
35,NORMA-17182,290
35,NORMA-21363,291
35,NORMA-5626,292
35,NORMA-11655,293
35,NORMA-20902,294
35,NORMA-14239,295
35,NORMA-20183,296
35,NORMA-19573,297
35,NORMA-19919,298
35,NORMA-15542,299
35,NORMA-20136,300
35,NORMA-19704,301
35,NORMA-18603,302
35,NORMA-21668,303
35,NORMA-19456,304
35,NORMA-595,305
35,NORMA-21135,306
35,NORMA-21229,307
35,NORMA-11632,308
35,NORMA-12067,309
35,NORMA-15211,310
35,NORMA-18411,311
35,NORMA-6084,312
35,NORMA-20517,313
35,NORMA-5586,314
35,NORMA-28422,315
35,NORMA-20941,316
35,NORMA-21821,317
35,NORMA-29003,318
35,NORMA-29763,319
35,NORMA-11736,320
35,NORMA-7384,321
35,NORMA-19845,322
35,NORMA-12039,323
35,NORMA-19722,324
35,NORMA-18432,325
35,NORMA-21185,326
35,NORMA-21784,327
35,NORMA-21253,328
35,NORMA-11570,329
35,NORMA-21467,330
35,NORMA-11882,331
35,NORMA-21139,332
35,NORMA-20753,333
35,NORMA-1863,334
35,NORMA-8027,335
35,NORMA-20865,336
35,NORMA-6752,337
35,NORMA-9893,338
35,NORMA-11417,339
35,NORMA-20388,340
35,NORMA-21260,341
35,NORMA-417,342
35,NORMA-13298,343
35,NORMA-18434,344
35,NORMA-21147,345
35,NORMA-19650,346
35,NORMA-20403,347
35,NORMA-588,348
35,NORMA-587,349
35,NORMA-20425,350
35,NORMA-21356,351
35,NORMA-18981,352
35,NORMA-21661,353
35,NORMA-18233,354
35,NORMA-11814,355
35,NORMA-21702,356
35,NORMA-20371,357
35,NORMA-21648,358
35,NORMA-21413,359
35,NORMA-19391,360
35,NORMA-20277,361
35,NORMA-18980,362
35,NORMA-12060,363
35,NORMA-21279,364
35,NORMA-783,365
35,NORMA-1516,366
35,NORMA-20029,367
35,NORMA-12038,368
35,NORMA-11600,369
35,NORMA-19028,370
35,NORMA-10309,371
35,NORMA-2413,372
35,NORMA-21589,373
35,NORMA-19256,374
35,NORMA-7027,375
35,NORMA-18690,376
35,NORMA-21744,377
35,NORMA-21269,378
35,NORMA-21729,379
35,NORMA-21599,380
35,NORMA-20633,381
35,NORMA-21173,382
35,NORMA-19092,383
35,NORMA-21126,384
35,NORMA-11576,385
35,NORMA-1463,386
35,NORMA-974,387
35,NORMA-1406,388
35,NORMA-5421,389
35,NORMA-20928,390
35,NORMA-19542,391
35,NORMA-19580,392
35,NORMA-18653,393
35,NORMA-18301,394
35,NORMA-3503,395
35,NORMA-12014,396
35,NORMA-12234,397
35,NORMA-21299,398
35,NORMA-3382,399
35,NORMA-25645,400
35,NORMA-1535,401
35,NORMA-12232,402
35,NORMA-21664,403
35,NORMA-20206,404
35,NORMA-12006,405
35,NORMA-1144,406
35,NORMA-19571,407
35,NORMA-11476,408
35,NORMA-11571,409
35,NORMA-12245,410
35,NORMA-19803,411
35,NORMA-18436,412
35,NORMA-3181,413
35,NORMA-12048,414
35,NORMA-19952,415
35,NORMA-20494,416
35,NORMA-6621,417
35,NORMA-19607,418
35,NORMA-18748,419
35,NORMA-20616,420
35,NORMA-18659,421
35,NORMA-777,422
35,NORMA-18709,423
35,NORMA-21023,424
35,NORMA-20195,425
35,NORMA-20432,426
35,NORMA-11316,427
35,NORMA-13583,428
35,NORMA-18394,429
35,NORMA-3381,430
35,NORMA-20677,431
35,NORMA-19824,432
35,NORMA-20185,433
35,NORMA-18385,434
35,NORMA-21249,435
35,NORMA-21328,436
35,NORMA-11528,437
35,NORMA-15521,438
35,NORMA-20483,439
35,NORMA-1334,440
35,NORMA-19699,441
35,NORMA-15159,442
35,NORMA-19740,443
35,NORMA-21345,444
35,NORMA-19297,445
35,NORMA-9110,446
35,NORMA-21728,447
35,NORMA-7942,448
35,NORMA-6962,449
35,NORMA-9670,450
35,NORMA-20999,451
35,NORMA-20037,452
35,NORMA-19473,453
35,NORMA-7028,454
35,NORMA-7381,455
35,NORMA-462,456
35,NORMA-19408,457
35,NORMA-20205,458
35,NORMA-6343,459
35,NORMA-20448,460
35,NORMA-20192,461
35,NORMA-2567,462
35,NORMA-20447,463
35,NORMA-19474,464
35,NORMA-20861,465
35,NORMA-24001,466
35,NORMA-11767,467
35,NORMA-19581,468
35,NORMA-11766,469
35,NORMA-3979,470
35,NORMA-27501,471
35,NORMA-483,472
35,NORMA-19842,473
35,NORMA-15581,474
35,NORMA-12165,475
35,NORMA-21351,476
35,NORMA-19778,477
35,NORMA-20055,478
35,NORMA-19485,479
35,NORMA-19632,480
35,NORMA-22101,481
35,NORMA-11577,482
35,NORMA-11572,483
35,NORMA-13416,484
35,NORMA-20453,485
35,NORMA-11578,486
35,NORMA-20096,487
35,NORMA-1567,488
35,NORMA-21694,489
35,NORMA-21760,490
35,NORMA-18815,491
35,NORMA-11524,492
35,NORMA-19809,493
35,NORMA-20599,494
35,NORMA-21069,495
35,NORMA-13797,496
35,NORMA-6856,497
35,NORMA-19426,498
35,NORMA-11574,499
35,NORMA-1388,500
35,NORMA-12019,501
35,NORMA-5170,502
35,NORMA-21769,503
35,NORMA-19605,504
35,NORMA-6318,505
35,NORMA-18221,506
35,NORMA-19805,507
35,NORMA-13295,508
35,NORMA-21107,509
35,NORMA-18979,510
35,NORMA-6316,511
35,NORMA-21205,512
35,NORMA-20794,513
35,NORMA-20707,514
35,NORMA-1578,515
35,NORMA-21766,516
35,NORMA-211,517
35,NORMA-20070,518
35,NORMA-20811,519
35,NORMA-20028,520
35,NORMA-20167,521
35,NORMA-19895,522
35,NORMA-20443,523
35,NORMA-11474,524
35,NORMA-20103,525
35,NORMA-18539,526
35,NORMA-2522,527
35,NORMA-18931,528
35,NORMA-9823,529
35,NORMA-11472,530
35,NORMA-11527,531
35,NORMA-17321,532
35,NORMA-19628,533
35,NORMA-21699,534
35,NORMA-21359,535
35,NORMA-20595,536
35,NORMA-21561,537
35,NORMA-33288,538
35,NORMA-33308,539
35,NORMA-19380,540
35,NORMA-27342,541
35,NORMA-18686,542
35,NORMA-18798,543
35,NORMA-20859,544
35,NORMA-18820,545
35,NORMA-11621,546
35,NORMA-18447,547
35,NORMA-21333,548
35,NORMA-20997,549
35,NORMA-19272,550
35,NORMA-20336,551
35,NORMA-19077,552
35,NORMA-6645,553
35,NORMA-1442,554
35,NORMA-13675,555
35,NORMA-14923,556
35,NORMA-19939,557
35,NORMA-21758,558
35,NORMA-14818,559
35,NORMA-26801,560
35,NORMA-6082,561
35,NORMA-31923,562
35,NORMA-19655,563
35,NORMA-20007,564
35,NORMA-19953,565
35,NORMA-20157,566
35,NORMA-9792,567
35,NORMA-16481,568
35,NORMA-20426,569
35,NORMA-20836,570
35,NORMA-2269,571
35,NORMA-18762,572
35,NORMA-18838,573
35,NORMA-328,574
35,NORMA-20649,575
35,NORMA-21308,576
35,NORMA-11758,577
35,NORMA-21656,578
35,NORMA-19049,579
35,NORMA-11473,580
35,NORMA-19929,581
35,NORMA-209,582
35,NORMA-12113,583
35,NORMA-19582,584
35,NORMA-14387,585
35,NORMA-75,586
35,NORMA-18989,587
35,NORMA-76,588
35,NORMA-833,589
35,NORMA-20621,590
35,NORMA-19609,591
35,NORMA-20577,592
35,NORMA-23521,593
35,NORMA-18293,594
35,NORMA-21343,595
35,NORMA-878,596
35,NORMA-19205,597
35,NORMA-19245,598
35,NORMA-20759,599
35,NORMA-19800,600
35,NORMA-18424,601
35,NORMA-20522,602
35,NORMA-19329,603
35,NORMA-23341,604
35,NORMA-19967,605
35,NORMA-20943,606
35,NORMA-19365,607
35,NORMA-12020,608
35,NORMA-1303,609
35,NORMA-17201,610
35,NORMA-1151,611
35,NORMA-1098,612
35,NORMA-20182,613
35,NORMA-21391,614
35,NORMA-208,615
35,NORMA-18854,616
35,NORMA-18548,617
35,NORMA-13954,618
35,NORMA-20840,619
35,NORMA-19480,620
35,NORMA-19853,621
35,NORMA-20210,622
35,NORMA-207,623
35,NORMA-21787,624
35,NORMA-12026,625
35,NORMA-18515,626
35,NORMA-20531,627
35,NORMA-20948,628
35,NORMA-20053,629
35,NORMA-18680,630
35,NORMA-4219,631
35,NORMA-19506,632
35,NORMA-19001,633
35,NORMA-21344,634
35,NORMA-2003,635
35,NORMA-18752,636
35,NORMA-19247,637
35,NORMA-18231,638
35,NORMA-20002,639
35,NORMA-18721,640
35,NORMA-1572,641
35,NORMA-19125,642
35,NORMA-11560,643
35,NORMA-20279,644
35,NORMA-18601,645
35,NORMA-20164,646
35,NORMA-21384,647
35,NORMA-18642,648
35,NORMA-20849,649
35,NORMA-19432,650
35,NORMA-21609,651
35,NORMA-18570,652
35,NORMA-11805,653
35,NORMA-6187,654
35,NORMA-19150,655
35,NORMA-19084,656
35,NORMA-20696,657
35,NORMA-20908,658
35,NORMA-19798,659
35,NORMA-18210,660
35,NORMA-18388,661
35,NORMA-22721,662
35,NORMA-21571,663
35,NORMA-20710,664
35,NORMA-20898,665
35,NORMA-20216,666
35,NORMA-20778,667
35,NORMA-6672,668
35,NORMA-19219,669
35,NORMA-6344,670
35,NORMA-12099,671
35,NORMA-19933,672
35,NORMA-20906,673
35,NORMA-1994,674
35,NORMA-20508,675
35,NORMA-4277,676
35,NORMA-20433,677
35,NORMA-20961,678
35,NORMA-567,679
35,NORMA-18295,680
35,NORMA-18952,681
35,NORMA-21236,682
35,NORMA-7012,683
35,NORMA-21408,684
35,NORMA-18984,685
35,NORMA-19863,686
35,NORMA-968,687
35,NORMA-20912,688
35,NORMA-20873,689
35,NORMA-20191,690
35,NORMA-838,691
35,NORMA-18201,692
35,NORMA-21524,693
35,NORMA-18378,694
35,NORMA-21386,695
35,NORMA-18344,696
35,NORMA-20253,697
35,NORMA-19643,698
35,NORMA-6410,699
35,NORMA-20301,700
35,NORMA-18219,701
35,NORMA-24661,702
35,NORMA-20106,703
35,NORMA-19503,704
35,NORMA-27555,705
35,NORMA-19120,706
35,NORMA-11804,707
35,NORMA-7011,708
35,NORMA-20793,709
35,NORMA-20437,710
35,NORMA-1024,711
35,NORMA-6253,712
35,NORMA-26701,713
35,NORMA-20196,714
35,NORMA-6819,715
35,NORMA-19225,716
35,NORMA-15802,717
35,NORMA-425,718
35,NORMA-20959,719
35,NORMA-6820,720
35,NORMA-21390,721
35,NORMA-2519,722
35,NORMA-13746,723
35,NORMA-14828,724
35,NORMA-21323,725
35,NORMA-15396,726
35,NORMA-22862,727
35,NORMA-19308,728
35,NORMA-21737,729
35,NORMA-12613,730
35,NORMA-19343,731
35,NORMA-13789,732
35,NORMA-21296,733
35,NORMA-27365,734
35,NORMA-1613,735
35,NORMA-18451,736
35,NORMA-10267,737
35,NORMA-6970,738
35,NORMA-21650,739
35,NORMA-21371,740
35,NORMA-18605,741
35,NORMA-2432,742
35,NORMA-18266,743
35,NORMA-16941,744
35,NORMA-19431,745
35,NORMA-20985,746
35,NORMA-18375,747
35,NORMA-21776,748
35,NORMA-16424,749
35,NORMA-9384,750
35,NORMA-11715,751
35,NORMA-6181,752
35,NORMA-6092,753
35,NORMA-20135,754
35,NORMA-6757,755
35,NORMA-4423,756
35,NORMA-6630,757
35,NORMA-27221,758
35,NORMA-20888,759
35,NORMA-6967,760
35,NORMA-20429,761
35,NORMA-2981,762
35,NORMA-6199,763
35,NORMA-14661,764
35,NORMA-7025,765
35,NORMA-11496,766
35,NORMA-6713,767
35,NORMA-19533,768
35,NORMA-2101,769
35,NORMA-9297,770
35,NORMA-21721,771
35,NORMA-19153,772
35,NORMA-18410,773
35,NORMA-20100,774
35,NORMA-18317,775
35,NORMA-19156,776
35,NORMA-18655,777
35,NORMA-18760,778
35,NORMA-19207,779
35,NORMA-1341,780
35,NORMA-2001,781
35,NORMA-19893,782
35,NORMA-19165,783
35,NORMA-29161,784
35,NORMA-21314,785
35,NORMA-21682,786
35,NORMA-21339,787
35,NORMA-6256,788
35,NORMA-6623,789
35,NORMA-20792,790
35,NORMA-19659,791
35,NORMA-14577,792
35,NORMA-25525,793
35,NORMA-755,794
35,NORMA-11679,795
35,NORMA-19661,796
35,NORMA-11751,797
35,NORMA-14463,798
35,NORMA-15099,799
35,NORMA-12729,800
35,NORMA-18292,801
35,NORMA-332,802
35,NORMA-15239,803
35,NORMA-2587,804
35,NORMA-19982,805
35,NORMA-19651,806
35,NORMA-20222,807
35,NORMA-11562,808
35,NORMA-21509,809
35,NORMA-20711,810
35,NORMA-20569,811
35,NORMA-13801,812
35,NORMA-12024,813
35,NORMA-12032,814
35,NORMA-1217,815
35,NORMA-21519,816
35,NORMA-11000,817
35,NORMA-11610,818
35,NORMA-12910,819
35,NORMA-19966,820
35,NORMA-4425,821
35,NORMA-21663,822
35,NORMA-21710,823
35,NORMA-18908,824
35,NORMA-19789,825
35,NORMA-11865,826
35,NORMA-21462,827
35,NORMA-11802,828
35,NORMA-20175,829
35,NORMA-18303,830
35,NORMA-11779,831
35,NORMA-985,832
35,NORMA-18502,833
35,NORMA-11523,834
35,NORMA-20491,835
35,NORMA-11522,836
35,NORMA-19691,837
35,NORMA-21527,838
35,NORMA-20581,839
35,NORMA-20925,840
35,NORMA-20223,841
35,NORMA-19942,842
35,NORMA-20602,843
35,NORMA-18214,844
35,NORMA-11806,845
35,NORMA-5536,846
35,NORMA-11771,847
35,NORMA-778,848
35,NORMA-19557,849
35,NORMA-29201,850
35,NORMA-19639,851
35,NORMA-12092,852
35,NORMA-23682,853
35,NORMA-20720,854
35,NORMA-21625,855
35,NORMA-21533,856
35,NORMA-20091,857
35,NORMA-11920,858
35,NORMA-20786,859
35,NORMA-21608,860
35,NORMA-20844,861
35,NORMA-18955,862
35,NORMA-21547,863
35,NORMA-21231,864
35,NORMA-18641,865
35,NORMA-938,866
35,NORMA-2496,867
35,NORMA-1421,868
35,NORMA-20199,869
35,NORMA-18823,870
35,NORMA-2563,871
35,NORMA-18537,872
35,NORMA-21631,873
35,NORMA-309,874
35,NORMA-20397,875
35,NORMA-19797,876
35,NORMA-10200,877
35,NORMA-20856,878
35,NORMA-6641,879
35,NORMA-11998,880
35,NORMA-20584,881
35,NORMA-2032,882
35,NORMA-553,883
35,NORMA-11518,884
35,NORMA-14746,885
35,NORMA-1398,886
35,NORMA-21157,887
35,NORMA-27364,888
35,NORMA-6698,889
35,NORMA-21606,890
35,NORMA-20278,891
35,NORMA-12103,892
35,NORMA-21131,893
35,NORMA-21206,894
35,NORMA-19354,895
35,NORMA-19554,896
35,NORMA-19799,897
35,NORMA-11723,898
35,NORMA-11731,899
35,NORMA-19941,900
35,NORMA-18933,901
35,NORMA-20239,902
35,NORMA-20451,903
35,NORMA-20303,904
35,NORMA-14240,905
35,NORMA-21388,906
35,NORMA-6673,907
35,NORMA-20186,908
35,NORMA-20421,909
35,NORMA-9821,910
35,NORMA-19033,911
35,NORMA-21530,912
35,NORMA-13508,913
35,NORMA-6676,914
35,NORMA-20280,915
35,NORMA-12415,916
35,NORMA-12923,917
35,NORMA-13124,918
35,NORMA-18248,919
35,NORMA-20184,920
35,NORMA-12733,921
35,NORMA-20950,922
35,NORMA-13308,923
35,NORMA-21071,924
35,NORMA-4863,925
35,NORMA-20201,926
35,NORMA-20561,927
35,NORMA-20241,928
35,NORMA-19442,929
35,NORMA-13480,930
35,NORMA-20238,931
35,NORMA-13470,932
35,NORMA-18541,933
35,NORMA-19603,934
35,NORMA-31903,935
35,NORMA-27044,936
35,NORMA-11714,937
35,NORMA-19105,938
35,NORMA-4868,939
35,NORMA-19646,940
35,NORMA-18967,941
35,NORMA-12236,942
35,NORMA-19730,943
35,NORMA-12171,944
35,NORMA-19183,945
35,NORMA-7953,946
35,NORMA-14011,947
35,NORMA-13003,948
35,NORMA-18646,949
35,NORMA-11599,950
35,NORMA-20709,951
35,NORMA-15041,952
35,NORMA-14315,953
35,NORMA-16267,954
35,NORMA-13177,955
35,NORMA-15240,956
35,NORMA-14347,957
35,NORMA-23681,958
35,NORMA-16423,959
35,NORMA-11615,960
35,NORMA-28342,961
35,NORMA-22025,962
35,NORMA-29649,963
35,NORMA-13648,964
35,NORMA-13255,965
35,NORMA-13394,966
35,NORMA-25921,967
35,NORMA-25783,968
35,NORMA-13143,969
35,NORMA-18286,970
35,NORMA-20749,971
35,NORMA-13886,972
35,NORMA-18243,973
35,NORMA-26221,974
35,NORMA-14316,975
35,NORMA-11847,976
35,NORMA-11977,977
35,NORMA-18478,978
35,NORMA-19687,979
35,NORMA-16586,980
35,NORMA-24882,981
35,NORMA-11845,982
35,NORMA-25902,983
35,NORMA-21387,984
35,NORMA-2551,985
35,NORMA-20625,986
35,NORMA-1812,987
35,NORMA-13719,988
35,NORMA-19774,989
35,NORMA-21026,990
35,NORMA-14857,991
35,NORMA-20215,992
35,NORMA-2415,993
35,NORMA-20452,994
35,NORMA-6509,995
35,NORMA-8458,996
35,NORMA-1223,997
35,NORMA-20450,998
35,NORMA-21638,999
35,NORMA-976,1000
37,NORMA-27022,1
37,NORMA-28181,2
37,NORMA-25201,3
37,NORMA-21661,4
37,NORMA-21756,5
37,NORMA-3281,6
37,NORMA-21625,7
37,NORMA-462,8
37,NORMA-15701,9
37,NORMA-15882,10
37,NORMA-19573,11
37,NORMA-15581,12
37,NORMA-28961,13
37,NORMA-17301,14
37,NORMA-23564,15
37,NORMA-16268,16
37,NORMA-14307,17
37,NORMA-21211,18
37,NORMA-15521,19
37,NORMA-19981,20
37,NORMA-19631,21
37,NORMA-19617,22
37,NORMA-3201,23
37,NORMA-18622,24
37,NORMA-18545,25
37,NORMA-19637,26
37,NORMA-19739,27
37,NORMA-19647,28
37,NORMA-20157,29
37,NORMA-3674,30
37,NORMA-18534,31
37,NORMA-15542,32
37,NORMA-11417,33
37,NORMA-19633,34
37,NORMA-3241,35
37,NORMA-19107,36
37,NORMA-4818,37
37,NORMA-17201,38
37,NORMA-15561,39
37,NORMA-18862,40
37,NORMA-20098,41
37,NORMA-19841,42
37,NORMA-19599,43
37,NORMA-9823,44
37,NORMA-6509,45
37,NORMA-27555,46
37,NORMA-7651,47
37,NORMA-18383,48
37,NORMA-21015,49
37,NORMA-18417,50
37,NORMA-19611,51
37,NORMA-21226,52
37,NORMA-18694,53
37,NORMA-18735,54
37,NORMA-8393,55
37,NORMA-20113,56
37,NORMA-19649,57
37,NORMA-5536,58
37,NORMA-7714,59
37,NORMA-13469,60
37,NORMA-26841,61
37,NORMA-19833,62
37,NORMA-12067,63
37,NORMA-16202,64
37,NORMA-8827,65
37,NORMA-18525,66
37,NORMA-8163,67
37,NORMA-21496,68
37,NORMA-27761,69
37,NORMA-21224,70
37,NORMA-7241,71
37,NORMA-4091,72
37,NORMA-19699,73
37,NORMA-14937,74
37,NORMA-13158,75
37,NORMA-18556,76
37,NORMA-3877,77
37,NORMA-21210,78
37,NORMA-4393,79
37,NORMA-27461,80
37,NORMA-29186,81
37,NORMA-28981,82
37,NORMA-27250,83
37,NORMA-18699,84
37,NORMA-8404,85
37,NORMA-18858,86
37,NORMA-22862,87
37,NORMA-18729,88
37,NORMA-20056,89
37,NORMA-20097,90
37,NORMA-16424,91
37,NORMA-14308,92
37,NORMA-12102,93
37,NORMA-13474,94
37,NORMA-5548,95
37,NORMA-8829,96
37,NORMA-19818,97
37,NORMA-8918,98
37,NORMA-4236,99
37,NORMA-24461,100
37,NORMA-28362,101
37,NORMA-19768,102
37,NORMA-5998,103
37,NORMA-18458,104
37,NORMA-18552,105
37,NORMA-5251,106
37,NORMA-3261,107
37,NORMA-7729,108
37,NORMA-21739,109
37,NORMA-4868,110
37,NORMA-7892,111
37,NORMA-18809,112
37,NORMA-6954,113
37,NORMA-18278,114
37,NORMA-3804,115
37,NORMA-4863,116
37,NORMA-5546,117
37,NORMA-3381,118
37,NORMA-5031,119
37,NORMA-8504,120
37,NORMA-6955,121
37,NORMA-21279,122
37,NORMA-21626,123
37,NORMA-27622,124
37,NORMA-18474,125
37,NORMA-16941,126
37,NORMA-6764,127
37,NORMA-19096,128
37,NORMA-4979,129
37,NORMA-21550,130
37,NORMA-6684,131
37,NORMA-8822,132
37,NORMA-10708,133
37,NORMA-5692,134
37,NORMA-19245,135
37,NORMA-21107,136
37,NORMA-8313,137
37,NORMA-20164,138
37,NORMA-21236,139
37,NORMA-21699,140
37,NORMA-4768,141
37,NORMA-21607,142
37,NORMA-18247,143
37,NORMA-5982,144
37,NORMA-18232,145
37,NORMA-16481,146
37,NORMA-21154,147
37,NORMA-11226,148
37,NORMA-20180,149
37,NORMA-18648,150
37,NORMA-8502,151
37,NORMA-20037,152
37,NORMA-6645,153
37,NORMA-11472,154
37,NORMA-18492,155
37,NORMA-8398,156
37,NORMA-5416,157
37,NORMA-13195,158
37,NORMA-8168,159
37,NORMA-11742,160
37,NORMA-21653,161
37,NORMA-4219,162
37,NORMA-13480,163
37,NORMA-5938,164
37,NORMA-28243,165
37,NORMA-217,166
37,NORMA-26083,167
37,NORMA-28282,168
37,NORMA-27721,169
37,NORMA-26084,170
37,NORMA-4152,171
37,NORMA-16444,172
37,NORMA-29901,173
37,NORMA-27602,174
37,NORMA-27444,175
37,NORMA-27551,176
37,NORMA-11476,177
37,NORMA-6185,178
37,NORMA-21484,179
37,NORMA-10921,180
37,NORMA-9382,181
37,NORMA-15068,182
37,NORMA-14858,183
37,NORMA-11496,184
37,NORMA-13555,185
37,NORMA-19905,186
37,NORMA-5730,187
37,NORMA-8240,188
37,NORMA-20795,189
37,NORMA-7525,190
37,NORMA-21627,191
37,NORMA-22721,192
37,NORMA-3642,193
37,NORMA-7021,194
37,NORMA-19582,195
37,NORMA-4011,196
37,NORMA-21553,197
37,NORMA-19844,198
37,NORMA-18781,199
37,NORMA-18340,200
37,NORMA-20802,201
37,NORMA-5225,202
37,NORMA-5900,203
37,NORMA-19634,204
37,NORMA-21261,205
37,NORMA-630,206
37,NORMA-20643,207
37,NORMA-18937,208
37,NORMA-19740,209
37,NORMA-14377,210
37,NORMA-19729,211
37,NORMA-6670,212
37,NORMA-5874,213
37,NORMA-19704,214
37,NORMA-19110,215
37,NORMA-18898,216
37,NORMA-19329,217
37,NORMA-20108,218
37,NORMA-4412,219
37,NORMA-8562,220
37,NORMA-19583,221
37,NORMA-21475,222
37,NORMA-21223,223
37,NORMA-4305,224
37,NORMA-9821,225
37,NORMA-5242,226
37,NORMA-8563,227
37,NORMA-18954,228
37,NORMA-5621,229
37,NORMA-21715,230
37,NORMA-4609,231
37,NORMA-3846,232
37,NORMA-18376,233
37,NORMA-10118,234
37,NORMA-8239,235
37,NORMA-18353,236
37,NORMA-7997,237
37,NORMA-8678,238
37,NORMA-7722,239
37,NORMA-8242,240
37,NORMA-19854,241
37,NORMA-2546,242
37,NORMA-19039,243
37,NORMA-19939,244
37,NORMA-5055,245
37,NORMA-27585,246
37,NORMA-15211,247
37,NORMA-4335,248
37,NORMA-5216,249
37,NORMA-6948,250
37,NORMA-5842,251
37,NORMA-2140,252
37,NORMA-12039,253
37,NORMA-7205,254
37,NORMA-20236,255
37,NORMA-18682,256
37,NORMA-21230,257
37,NORMA-3583,258
37,NORMA-1863,259
37,NORMA-4467,260
37,NORMA-3467,261
37,NORMA-8028,262
37,NORMA-11570,263
37,NORMA-4284,264
37,NORMA-22401,265
37,NORMA-19959,266
37,NORMA-15237,267
37,NORMA-4537,268
37,NORMA-4747,269
37,NORMA-22644,270
37,NORMA-10119,271
37,NORMA-5359,272
37,NORMA-20290,273
37,NORMA-4628,274
37,NORMA-5394,275
37,NORMA-14279,276
37,NORMA-5475,277
37,NORMA-21253,278
37,NORMA-18832,279
37,NORMA-11474,280
37,NORMA-19593,281
37,NORMA-18510,282
37,NORMA-11527,283
37,NORMA-21254,284
37,NORMA-8009,285
37,NORMA-19835,286
37,NORMA-20055,287
37,NORMA-5888,288
37,NORMA-20473,289
37,NORMA-21367,290
37,NORMA-4631,291
37,NORMA-21521,292
37,NORMA-20817,293
37,NORMA-20428,294
37,NORMA-21244,295
37,NORMA-8499,296
37,NORMA-5421,297
37,NORMA-6199,298
37,NORMA-4038,299
37,NORMA-4710,300
37,NORMA-18882,301
37,NORMA-3382,302
37,NORMA-20887,303
37,NORMA-10629,304
37,NORMA-7384,305
37,NORMA-21291,306
37,NORMA-7921,307
37,NORMA-18318,308
37,NORMA-20064,309
37,NORMA-28001,310
37,NORMA-18265,311
37,NORMA-20928,312
37,NORMA-5653,313
37,NORMA-21030,314
37,NORMA-4379,315
37,NORMA-20879,316
37,NORMA-2531,317
37,NORMA-21387,318
37,NORMA-20707,319
37,NORMA-20246,320
37,NORMA-18660,321
37,NORMA-5149,322
37,NORMA-4442,323
37,NORMA-19152,324
37,NORMA-20151,325
37,NORMA-19904,326
37,NORMA-20084,327
37,NORMA-21132,328
37,NORMA-8387,329
37,NORMA-3818,330
37,NORMA-6505,331
37,NORMA-18442,332
37,NORMA-8154,333
37,NORMA-20070,334
37,NORMA-19602,335
37,NORMA-21519,336
37,NORMA-18248,337
37,NORMA-19608,338
37,NORMA-19644,339
37,NORMA-5817,340
37,NORMA-8389,341
37,NORMA-19468,342
37,NORMA-8258,343
37,NORMA-20831,344
37,NORMA-8916,345
37,NORMA-8825,346
37,NORMA-18266,347
37,NORMA-3701,348
37,NORMA-20082,349
37,NORMA-8027,350
37,NORMA-3506,351
37,NORMA-5007,352
37,NORMA-19393,353
37,NORMA-1,354
37,NORMA-6880,355
37,NORMA-3772,356
37,NORMA-8245,357
37,NORMA-19638,358
37,NORMA-8390,359
37,NORMA-9297,360
37,NORMA-5586,361
37,NORMA-8683,362
37,NORMA-19183,363
37,NORMA-21599,364
37,NORMA-3582,365
37,NORMA-4392,366
37,NORMA-20264,367
37,NORMA-20237,368
37,NORMA-21214,369
37,NORMA-9588,370
37,NORMA-15802,371
37,NORMA-5701,372
37,NORMA-10029,373
37,NORMA-4606,374
37,NORMA-9871,375
37,NORMA-8315,376
37,NORMA-10044,377
37,NORMA-5378,378
37,NORMA-19379,379
37,NORMA-20789,380
37,NORMA-4847,381
37,NORMA-5752,382
37,NORMA-5626,383
37,NORMA-7809,384
37,NORMA-21248,385
37,NORMA-2424,386
37,NORMA-21299,387
37,NORMA-20756,388
37,NORMA-12317,389
37,NORMA-856,390
37,NORMA-3918,391
37,NORMA-21552,392
37,NORMA-21533,393
37,NORMA-20257,394
37,NORMA-18953,395
37,NORMA-18302,396
37,NORMA-25801,397
37,NORMA-6084,398
37,NORMA-8314,399
37,NORMA-27543,400
37,NORMA-21437,401
37,NORMA-21501,402
37,NORMA-26684,403
37,NORMA-20488,404
37,NORMA-4707,405
37,NORMA-16321,406
37,NORMA-18407,407
37,NORMA-15781,408
37,NORMA-28341,409
37,NORMA-13198,410
37,NORMA-8243,411
37,NORMA-21664,412
37,NORMA-19358,413
37,NORMA-3902,414
37,NORMA-21359,415
37,NORMA-3503,416
37,NORMA-19746,417
37,NORMA-29003,418
37,NORMA-21788,419
37,NORMA-19903,420
37,NORMA-21638,421
37,NORMA-8083,422
37,NORMA-27221,423
37,NORMA-4998,424
37,NORMA-4922,425
37,NORMA-20901,426
37,NORMA-13855,427
37,NORMA-13973,428
37,NORMA-4597,429
37,NORMA-21390,430
37,NORMA-8819,431
37,NORMA-7421,432
37,NORMA-21216,433
37,NORMA-704,434
37,NORMA-19057,435
37,NORMA-18988,436
37,NORMA-7603,437
37,NORMA-18691,438
37,NORMA-21744,439
37,NORMA-7213,440
37,NORMA-5236,441
37,NORMA-18517,442
37,NORMA-11082,443
37,NORMA-17541,444
37,NORMA-10375,445
37,NORMA-19485,446
37,NORMA-553,447
37,NORMA-15941,448
37,NORMA-13321,449
37,NORMA-27544,450
37,NORMA-14677,451
37,NORMA-14596,452
37,NORMA-12418,453
37,NORMA-10279,454
37,NORMA-21419,455
37,NORMA-20474,456
37,NORMA-4664,457
37,NORMA-5466,458
37,NORMA-5965,459
37,NORMA-20941,460
37,NORMA-11324,461
37,NORMA-27249,462
37,NORMA-7737,463
37,NORMA-5059,464
37,NORMA-6339,465
37,NORMA-16023,466
37,NORMA-4308,467
37,NORMA-6813,468
37,NORMA-20922,469
37,NORMA-28781,470
37,NORMA-27462,471
37,NORMA-8570,472
37,NORMA-19628,473
37,NORMA-11316,474
37,NORMA-4826,475
37,NORMA-21227,476
37,NORMA-23642,477
37,NORMA-5060,478
37,NORMA-4889,479
37,NORMA-19272,480
37,NORMA-9835,481
37,NORMA-8561,482
37,NORMA-19077,483
37,NORMA-2035,484
37,NORMA-10234,485
37,NORMA-7444,486
37,NORMA-18883,487
37,NORMA-6050,488
37,NORMA-7724,489
37,NORMA-6758,490
37,NORMA-7658,491
37,NORMA-11605,492
37,NORMA-4267,493
37,NORMA-14688,494
37,NORMA-12928,495
37,NORMA-19933,496
37,NORMA-5131,497
37,NORMA-11161,498
37,NORMA-4711,499
37,NORMA-8738,500
37,NORMA-11665,501
37,NORMA-19398,502
37,NORMA-11515,503
37,NORMA-11728,504
37,NORMA-7747,505
37,NORMA-4060,506
37,NORMA-4861,507
37,NORMA-5019,508
37,NORMA-4075,509
37,NORMA-15229,510
37,NORMA-20369,511
37,NORMA-11609,512
37,NORMA-1222,513
37,NORMA-11607,514
37,NORMA-5798,515
37,NORMA-21641,516
37,NORMA-18531,517
37,NORMA-13345,518
37,NORMA-14850,519
37,NORMA-10734,520
37,NORMA-19481,521
37,NORMA-9481,522
37,NORMA-1620,523
37,NORMA-18454,524
37,NORMA-19376,525
37,NORMA-4519,526
37,NORMA-5518,527
37,NORMA-6252,528
37,NORMA-4410,529
37,NORMA-5753,530
37,NORMA-21461,531
37,NORMA-6488,532
37,NORMA-3988,533
37,NORMA-19551,534
37,NORMA-23441,535
37,NORMA-21267,536
37,NORMA-14059,537
37,NORMA-4065,538
37,NORMA-4750,539
37,NORMA-6318,540
37,NORMA-4036,541
37,NORMA-7390,542
37,NORMA-19944,543
37,NORMA-6962,544
37,NORMA-21326,545
37,NORMA-6268,546
37,NORMA-5393,547
37,NORMA-27609,548
37,NORMA-20581,549
37,NORMA-27608,550
37,NORMA-8896,551
37,NORMA-5782,552
37,NORMA-11590,553
37,NORMA-3700,554
37,NORMA-8814,555
37,NORMA-8418,556
37,NORMA-12394,557
37,NORMA-4112,558
37,NORMA-19969,559
37,NORMA-5955,560
37,NORMA-6655,561
37,NORMA-11599,562
37,NORMA-6082,563
37,NORMA-7709,564
37,NORMA-4275,565
37,NORMA-19524,566
37,NORMA-8193,567
37,NORMA-5729,568
37,NORMA-13834,569
37,NORMA-21276,570
37,NORMA-6643,571
37,NORMA-6017,572
37,NORMA-5897,573
37,NORMA-18672,574
37,NORMA-7704,575
37,NORMA-19290,576
37,NORMA-12428,577
37,NORMA-7041,578
37,NORMA-11021,579
37,NORMA-4146,580
37,NORMA-7653,581
37,NORMA-6621,582
37,NORMA-5451,583
37,NORMA-3594,584
37,NORMA-14932,585
37,NORMA-18635,586
37,NORMA-21650,587
37,NORMA-18967,588
37,NORMA-18955,589
37,NORMA-18625,590
37,NORMA-9384,591
37,NORMA-8861,592
37,NORMA-8739,593
37,NORMA-10943,594
37,NORMA-19787,595
37,NORMA-18521,596
37,NORMA-7703,597
37,NORMA-18236,598
37,NORMA-2395,599
37,NORMA-12275,600
37,NORMA-2269,601
37,NORMA-5290,602
37,NORMA-6881,603
37,NORMA-12210,604
37,NORMA-6701,605
37,NORMA-19526,606
37,NORMA-7597,607
37,NORMA-18633,608
37,NORMA-7622,609
37,NORMA-21355,610
37,NORMA-26362,611
37,NORMA-10277,612
37,NORMA-19390,613
37,NORMA-20265,614
37,NORMA-8198,615
37,NORMA-5889,616
37,NORMA-11655,617
37,NORMA-7146,618
37,NORMA-14239,619
37,NORMA-5247,620
37,NORMA-8238,621
37,NORMA-4259,622
37,NORMA-9635,623
37,NORMA-21487,624
37,NORMA-20316,625
37,NORMA-7679,626
37,NORMA-3967,627
37,NORMA-7130,628
37,NORMA-8190,629
37,NORMA-21104,630
37,NORMA-6274,631
37,NORMA-4473,632
37,NORMA-11683,633
37,NORMA-4124,634
37,NORMA-11365,635
37,NORMA-5410,636
37,NORMA-5034,637
37,NORMA-19823,638
37,NORMA-18772,639
37,NORMA-19362,640
37,NORMA-19490,641
37,NORMA-18420,642
37,NORMA-4648,643
37,NORMA-20623,644
37,NORMA-7133,645
37,NORMA-6014,646
37,NORMA-12195,647
37,NORMA-6120,648
37,NORMA-18293,649
37,NORMA-21328,650
37,NORMA-9834,651
37,NORMA-20480,652
37,NORMA-9803,653
37,NORMA-19474,654
37,NORMA-25441,655
37,NORMA-8835,656
37,NORMA-20239,657
37,NORMA-7773,658
37,NORMA-3595,659
37,NORMA-19855,660
37,NORMA-21269,661
37,NORMA-20371,662
37,NORMA-9994,663
37,NORMA-14967,664
37,NORMA-8654,665
37,NORMA-3512,666
37,NORMA-7051,667
37,NORMA-26807,668
37,NORMA-3632,669
37,NORMA-20916,670
37,NORMA-18981,671
37,NORMA-3657,672
37,NORMA-7786,673
37,NORMA-12165,674
37,NORMA-20561,675
37,NORMA-4817,676
37,NORMA-20241,677
37,NORMA-7058,678
37,NORMA-7988,679
37,NORMA-17682,680
37,NORMA-5515,681
37,NORMA-20238,682
37,NORMA-8820,683
37,NORMA-19095,684
37,NORMA-2126,685
37,NORMA-19621,686
37,NORMA-7113,687
37,NORMA-13323,688
37,NORMA-6700,689
37,NORMA-18748,690
37,NORMA-7771,691
37,NORMA-206,692
37,NORMA-5169,693
37,NORMA-19382,694
37,NORMA-13237,695
37,NORMA-22061,696
37,NORMA-13769,697
37,NORMA-9631,698
37,NORMA-21126,699
37,NORMA-6214,700
37,NORMA-3568,701
37,NORMA-13392,702
37,NORMA-7148,703
37,NORMA-29005,704
37,NORMA-8435,705
37,NORMA-5734,706
37,NORMA-18692,707
37,NORMA-5023,708
37,NORMA-4312,709
37,NORMA-6949,710
37,NORMA-20240,711
37,NORMA-18839,712
37,NORMA-7736,713
37,NORMA-29763,714
37,NORMA-18885,715
37,NORMA-20447,716
37,NORMA-9256,717
37,NORMA-19646,718
37,NORMA-21669,719
37,NORMA-5776,720
37,NORMA-2456,721
37,NORMA-5740,722
37,NORMA-18212,723
37,NORMA-21008,724
37,NORMA-23281,725
37,NORMA-14508,726
37,NORMA-15046,727
37,NORMA-19274,728
37,NORMA-21556,729
37,NORMA-18523,730
37,NORMA-21503,731
37,NORMA-21532,732
37,NORMA-20222,733
37,NORMA-19950,734
37,NORMA-6336,735
37,NORMA-4811,736
37,NORMA-21509,737
37,NORMA-2415,738
37,NORMA-27384,739
37,NORMA-5870,740
37,NORMA-5057,741
37,NORMA-13902,742
37,NORMA-9034,743
37,NORMA-19792,744
37,NORMA-13273,745
37,NORMA-7656,746
37,NORMA-19230,747
37,NORMA-7828,748
37,NORMA-5916,749
37,NORMA-18518,750
37,NORMA-10543,751
37,NORMA-18892,752
37,NORMA-7986,753
37,NORMA-6749,754
37,NORMA-4164,755
37,NORMA-20973,756
37,NORMA-19691,757
37,NORMA-19609,758
37,NORMA-7866,759
37,NORMA-7039,760
37,NORMA-21663,761
37,NORMA-4730,762
37,NORMA-21710,763
37,NORMA-7204,764
37,NORMA-6004,765
37,NORMA-20134,766
37,NORMA-4882,767
37,NORMA-14672,768
37,NORMA-6270,769
37,NORMA-4061,770
37,NORMA-5148,771
37,NORMA-7358,772
37,NORMA-5554,773
37,NORMA-5605,774
37,NORMA-5600,775
37,NORMA-20701,776
37,NORMA-19883,777
37,NORMA-8164,778
37,NORMA-5995,779
37,NORMA-4266,780
37,NORMA-21714,781
37,NORMA-19917,782
37,NORMA-4618,783
37,NORMA-10433,784
37,NORMA-4010,785
37,NORMA-18436,786
37,NORMA-10565,787
37,NORMA-18664,788
37,NORMA-18717,789
37,NORMA-19566,790
37,NORMA-9757,791
37,NORMA-8889,792
37,NORMA-18509,793
37,NORMA-10720,794
37,NORMA-6709,795
37,NORMA-18958,796
37,NORMA-3648,797
37,NORMA-21364,798
37,NORMA-12462,799
37,NORMA-13682,800
37,NORMA-3524,801
37,NORMA-18439,802
37,NORMA-19764,803
37,NORMA-8686,804
37,NORMA-19724,805
37,NORMA-12744,806
37,NORMA-21283,807
37,NORMA-6442,808
37,NORMA-8688,809
37,NORMA-23341,810
37,NORMA-5100,811
37,NORMA-13504,812
37,NORMA-19138,813
37,NORMA-14985,814
37,NORMA-7553,815
37,NORMA-1398,816
37,NORMA-4822,817
37,NORMA-5741,818
37,NORMA-5785,819
37,NORMA-4762,820
37,NORMA-6579,821
37,NORMA-3883,822
37,NORMA-6573,823
37,NORMA-5192,824
37,NORMA-10490,825
37,NORMA-8806,826
37,NORMA-2461,827
37,NORMA-6398,828
37,NORMA-21122,829
37,NORMA-3925,830
37,NORMA-19741,831
37,NORMA-12393,832
37,NORMA-3978,833
37,NORMA-222,834
37,NORMA-19092,835
37,NORMA-8442,836
37,NORMA-19440,837
37,NORMA-19639,838
37,NORMA-10843,839
37,NORMA-25041,840
37,NORMA-5295,841
37,NORMA-5335,842
37,NORMA-19963,843
37,NORMA-11419,844
37,NORMA-20476,845
37,NORMA-12152,846
37,NORMA-4610,847
37,NORMA-3538,848
37,NORMA-5839,849
37,NORMA-21690,850
37,NORMA-11459,851
37,NORMA-7388,852
37,NORMA-4699,853
37,NORMA-3559,854
37,NORMA-3882,855
37,NORMA-6739,856
37,NORMA-2184,857
37,NORMA-6480,858
37,NORMA-7924,859
37,NORMA-19876,860
37,NORMA-18270,861
37,NORMA-20079,862
37,NORMA-18845,863
37,NORMA-21613,864
37,NORMA-19559,865
37,NORMA-27342,866
37,NORMA-6344,867
37,NORMA-834,868
37,NORMA-21765,869
37,NORMA-5555,870
37,NORMA-19809,871
37,NORMA-22281,872
37,NORMA-21717,873
37,NORMA-835,874
37,NORMA-21293,875
37,NORMA-20465,876
37,NORMA-15005,877
37,NORMA-5786,878
37,NORMA-21529,879
37,NORMA-15251,880
37,NORMA-5523,881
37,NORMA-2399,882
37,NORMA-21723,883
37,NORMA-2069,884
37,NORMA-6399,885
37,NORMA-20964,886
37,NORMA-7604,887
37,NORMA-7742,888
37,NORMA-9291,889
37,NORMA-10653,890
37,NORMA-5882,891
37,NORMA-5494,892
37,NORMA-4394,893
37,NORMA-19260,894
37,NORMA-19613,895
37,NORMA-7720,896
37,NORMA-8696,897
37,NORMA-11797,898
37,NORMA-9625,899
37,NORMA-20503,900
37,NORMA-18803,901
37,NORMA-19777,902
37,NORMA-5976,903
37,NORMA-772,904
37,NORMA-20235,905
37,NORMA-20451,906
37,NORMA-7836,907
37,NORMA-18562,908
37,NORMA-2425,909
37,NORMA-4514,910
37,NORMA-3842,911
37,NORMA-18859,912
37,NORMA-18786,913
37,NORMA-7425,914
37,NORMA-18480,915
37,NORMA-8203,916
37,NORMA-29441,917
37,NORMA-18591,918
37,NORMA-4884,919
37,NORMA-21117,920
37,NORMA-4015,921
37,NORMA-19160,922
37,NORMA-19929,923
37,NORMA-2444,924
37,NORMA-4810,925
37,NORMA-11352,926
37,NORMA-4842,927
37,NORMA-12029,928
37,NORMA-19908,929
37,NORMA-5045,930
37,NORMA-19197,931
37,NORMA-6264,932
37,NORMA-2496,933
37,NORMA-20011,934
37,NORMA-9432,935
37,NORMA-20781,936
37,NORMA-220,937
37,NORMA-9008,938
37,NORMA-19643,939
37,NORMA-9391,940
37,NORMA-4733,941
37,NORMA-21258,942
37,NORMA-21681,943
37,NORMA-21507,944
37,NORMA-11630,945
37,NORMA-21422,946
37,NORMA-9194,947
37,NORMA-19605,948
37,NORMA-26701,949
37,NORMA-18976,950
37,NORMA-4607,951
37,NORMA-20221,952
37,NORMA-3959,953
37,NORMA-8947,954
37,NORMA-3985,955
37,NORMA-20349,956
37,NORMA-19679,957
37,NORMA-19124,958
37,NORMA-5932,959
37,NORMA-8309,960
37,NORMA-14874,961
37,NORMA-3806,962
37,NORMA-6389,963
37,NORMA-4120,964
37,NORMA-19240,965
37,NORMA-3824,966
37,NORMA-17001,967
37,NORMA-7381,968
37,NORMA-9336,969
37,NORMA-18514,970
37,NORMA-5526,971
37,NORMA-5833,972
37,NORMA-7832,973
37,NORMA-4623,974
37,NORMA-20487,975
37,NORMA-19223,976
37,NORMA-3646,977
37,NORMA-3901,978
37,NORMA-18226,979
37,NORMA-18773,980
37,NORMA-19418,981
37,NORMA-8007,982
37,NORMA-21575,983
37,NORMA-7234,984
37,NORMA-19437,985
37,NORMA-20558,986
37,NORMA-4619,987
37,NORMA-20477,988
37,NORMA-11950,989
37,NORMA-4019,990
37,NORMA-20818,991
37,NORMA-13054,992
37,NORMA-3525,993
37,NORMA-4995,994
37,NORMA-12657,995
37,NORMA-12053,996
37,NORMA-19459,997
37,NORMA-15007,998
37,NORMA-6598,999
37,NORMA-11213,1000
38,NORMA-21508,1
38,NORMA-21650,2
38,NORMA-19977,3
38,NORMA-19609,4
38,NORMA-26124,5
38,NORMA-22101,6
38,NORMA-229,7
38,NORMA-21496,8
38,NORMA-1463,9
38,NORMA-20869,10
38,NORMA-974,11
38,NORMA-21626,12
38,NORMA-7279,13
38,NORMA-18293,14
38,NORMA-19096,15
38,NORMA-19981,16
38,NORMA-21550,17
38,NORMA-21367,18
38,NORMA-21705,19
38,NORMA-19542,20
38,NORMA-21456,21
38,NORMA-20205,22
38,NORMA-21756,23
38,NORMA-21159,24
38,NORMA-18591,25
38,NORMA-21211,26
38,NORMA-21446,27
38,NORMA-21245,28
38,NORMA-21012,29
38,NORMA-15561,30
38,NORMA-20397,31
38,NORMA-19919,32
38,NORMA-20096,33
38,NORMA-19573,34
38,NORMA-11599,35
38,NORMA-21437,36
38,NORMA-21261,37
38,NORMA-2517,38
38,NORMA-11655,39
38,NORMA-14239,40
38,NORMA-21739,41
38,NORMA-21224,42
38,NORMA-21553,43
38,NORMA-21484,44
38,NORMA-28362,45
38,NORMA-21217,46
38,NORMA-3241,47
38,NORMA-21253,48
38,NORMA-21466,49
38,NORMA-2158,50
38,NORMA-21597,51
38,NORMA-9834,52
38,NORMA-19933,53
38,NORMA-27761,54
38,NORMA-18549,55
38,NORMA-6185,56
38,NORMA-9893,57
38,NORMA-1740,58
38,NORMA-20425,59
38,NORMA-20210,60
38,NORMA-20995,61
38,NORMA-20865,62
38,NORMA-9382,63
38,NORMA-6669,64
38,NORMA-21407,65
38,NORMA-19617,66
38,NORMA-19798,67
38,NORMA-15237,68
38,NORMA-20941,69
38,NORMA-21394,70
38,NORMA-15921,71
38,NORMA-21220,72
38,NORMA-15901,73
38,NORMA-7149,74
38,NORMA-6636,75
38,NORMA-6948,76
38,NORMA-21661,77
38,NORMA-6698,78
38,NORMA-8522,79
38,NORMA-19574,80
38,NORMA-16202,81
38,NORMA-21419,82
38,NORMA-8028,83
38,NORMA-21114,84
38,NORMA-1663,85
38,NORMA-19431,86
38,NORMA-1573,87
38,NORMA-33288,88
38,NORMA-704,89
38,NORMA-20917,90
38,NORMA-33308,91
38,NORMA-21521,92
38,NORMA-20999,93
38,NORMA-21023,94
38,NORMA-21126,95
38,NORMA-18350,96
38,NORMA-6268,97
38,NORMA-6621,98
38,NORMA-21783,99
38,NORMA-19152,100
38,NORMA-20870,101
38,NORMA-20070,102
38,NORMA-19631,103
38,NORMA-5421,104
38,NORMA-18286,105
38,NORMA-7525,106
38,NORMA-19787,107
38,NORMA-13508,108
38,NORMA-28181,109
38,NORMA-14459,110
38,NORMA-19351,111
38,NORMA-21544,112
38,NORMA-1471,113
38,NORMA-3642,114
38,NORMA-21264,115
38,NORMA-6318,116
38,NORMA-15211,117
38,NORMA-3201,118
38,NORMA-13158,119
38,NORMA-18780,120
38,NORMA-21152,121
38,NORMA-20208,122
38,NORMA-21776,123
38,NORMA-2184,124
38,NORMA-7241,125
38,NORMA-21784,126
38,NORMA-13469,127
38,NORMA-3638,128
38,NORMA-19039,129
38,NORMA-12067,130
38,NORMA-19632,131
38,NORMA-20432,132
38,NORMA-7390,133
38,NORMA-19646,134
38,NORMA-20989,135
38,NORMA-20065,136
38,NORMA-22941,137
38,NORMA-19155,138
38,NORMA-6645,139
38,NORMA-19092,140
38,NORMA-20902,141
38,NORMA-19245,142
38,NORMA-20197,143
38,NORMA-19621,144
38,NORMA-6488,145
38,NORMA-11751,146
38,NORMA-19009,147
38,NORMA-19459,148
38,NORMA-18436,149
38,NORMA-26102,150
38,NORMA-1421,151
38,NORMA-21157,152
38,NORMA-20194,153
38,NORMA-6958,154
38,NORMA-1516,155
38,NORMA-15521,156
38,NORMA-61,157
38,NORMA-29005,158
38,NORMA-6082,159
38,NORMA-18669,160
38,NORMA-6257,161
38,NORMA-19650,162
38,NORMA-21236,163
38,NORMA-25523,164
38,NORMA-1994,165
38,NORMA-14937,166
38,NORMA-13195,167
38,NORMA-772,168
38,NORMA-8814,169
38,NORMA-6199,170
38,NORMA-19730,171
38,NORMA-20183,172
38,NORMA-20184,173
38,NORMA-18359,174
38,NORMA-20985,175
38,NORMA-6783,176
38,NORMA-6962,177
38,NORMA-3381,178
38,NORMA-21651,179
38,NORMA-462,180
38,NORMA-18654,181
38,NORMA-21459,182
38,NORMA-13323,183
38,NORMA-19095,184
38,NORMA-19947,185
38,NORMA-19384,186
38,NORMA-20966,187
38,NORMA-7222,188
38,NORMA-835,189
38,NORMA-7113,190
38,NORMA-8435,191
38,NORMA-18385,192
38,NORMA-21310,193
38,NORMA-21631,194
38,NORMA-9724,195
38,NORMA-20993,196
38,NORMA-14279,197
38,NORMA-2546,198
38,NORMA-19221,199
38,NORMA-7225,200
38,NORMA-59,201
38,NORMA-2185,202
38,NORMA-554,203
38,NORMA-801,204
38,NORMA-6644,205
38,NORMA-802,206
38,NORMA-6321,207
38,NORMA-1611,208
38,NORMA-7386,209
38,NORMA-660,210
38,NORMA-21226,211
38,NORMA-20849,212
38,NORMA-20369,213
38,NORMA-21461,214
38,NORMA-19596,215
38,NORMA-19021,216
38,NORMA-9595,217
38,NORMA-19212,218
38,NORMA-6140,219
38,NORMA-11588,220
38,NORMA-20192,221
38,NORMA-783,222
38,NORMA-2013,223
38,NORMA-4710,224
38,NORMA-9481,225
38,NORMA-20474,226
38,NORMA-6955,227
38,NORMA-18303,228
38,NORMA-20189,229
38,NORMA-20569,230
38,NORMA-9823,231
38,NORMA-8027,232
38,NORMA-18646,233
38,NORMA-12657,234
38,NORMA-19181,235
38,NORMA-19387,236
38,NORMA-14898,237
38,NORMA-20503,238
38,NORMA-19715,239
38,NORMA-19704,240
38,NORMA-20473,241
38,NORMA-19593,242
38,NORMA-7384,243
38,NORMA-20854,244
38,NORMA-1534,245
38,NORMA-19553,246
38,NORMA-18201,247
38,NORMA-9792,248
38,NORMA-19295,249
38,NORMA-18967,250
38,NORMA-3281,251
38,NORMA-19081,252
38,NORMA-6954,253
38,NORMA-21526,254
38,NORMA-20185,255
38,NORMA-1613,256
38,NORMA-20186,257
38,NORMA-6856,258
38,NORMA-28001,259
38,NORMA-21218,260
38,NORMA-20488,261
38,NORMA-10821,262
38,NORMA-7022,263
38,NORMA-18225,264
38,NORMA-19297,265
38,NORMA-18554,266
38,NORMA-21752,267
38,NORMA-10375,268
38,NORMA-10629,269
38,NORMA-10878,270
38,NORMA-7110,271
38,NORMA-18981,272
38,NORMA-20091,273
38,NORMA-28961,274
38,NORMA-21678,275
38,NORMA-18446,276
38,NORMA-19329,277
38,NORMA-18818,278
38,NORMA-20402,279
38,NORMA-12113,280
38,NORMA-25902,281
38,NORMA-21625,282
38,NORMA-21225,283
38,NORMA-14661,284
38,NORMA-6758,285
38,NORMA-20028,286
38,NORMA-12089,287
38,NORMA-18933,288
38,NORMA-11735,289
38,NORMA-18747,290
38,NORMA-332,291
38,NORMA-18412,292
38,NORMA-21279,293
38,NORMA-10708,294
38,NORMA-19275,295
38,NORMA-14463,296
38,NORMA-14788,297
38,NORMA-13138,298
38,NORMA-26701,299
38,NORMA-21267,300
38,NORMA-21648,301
38,NORMA-13954,302
38,NORMA-21554,303
38,NORMA-11882,304
38,NORMA-20077,305
38,NORMA-15060,306
38,NORMA-21260,307
38,NORMA-9888,308
38,NORMA-12886,309
38,NORMA-11614,310
38,NORMA-21606,311
38,NORMA-21113,312
38,NORMA-19408,313
38,NORMA-18858,314
38,NORMA-19520,315
38,NORMA-21158,316
38,NORMA-19853,317
38,NORMA-6752,318
38,NORMA-19292,319
38,NORMA-18432,320
38,NORMA-20206,321
38,NORMA-4091,322
38,NORMA-9785,323
38,NORMA-2089,324
38,NORMA-19128,325
38,NORMA-21659,326
38,NORMA-20029,327
38,NORMA-15701,328
38,NORMA-11417,329
38,NORMA-18430,330
38,NORMA-3181,331
38,NORMA-21429,332
38,NORMA-20135,333
38,NORMA-19845,334
38,NORMA-17321,335
38,NORMA-6256,336
38,NORMA-21231,337
38,NORMA-7012,338
38,NORMA-21695,339
38,NORMA-20557,340
38,NORMA-20172,341
38,NORMA-26201,342
38,NORMA-9835,343
38,NORMA-19649,344
38,NORMA-15004,345
38,NORMA-5536,346
38,NORMA-20796,347
38,NORMA-19629,348
38,NORMA-11864,349
38,NORMA-19205,350
38,NORMA-21684,351
38,NORMA-19634,352
38,NORMA-21762,353
38,NORMA-21683,354
38,NORMA-19644,355
38,NORMA-8384,356
38,NORMA-1620,357
38,NORMA-20581,358
38,NORMA-6880,359
38,NORMA-7381,360
38,NORMA-20914,361
38,NORMA-20708,362
38,NORMA-18434,363
38,NORMA-6641,364
38,NORMA-3571,365
38,NORMA-21792,366
38,NORMA-21537,367
38,NORMA-21507,368
38,NORMA-7027,369
38,NORMA-15881,370
38,NORMA-20376,371
38,NORMA-7651,372
38,NORMA-18207,373
38,NORMA-6509,374
38,NORMA-20195,375
38,NORMA-4818,376
38,NORMA-20811,377
38,NORMA-19643,378
38,NORMA-75,379
38,NORMA-18411,380
38,NORMA-423,381
38,NORMA-18325,382
38,NORMA-13345,383
38,NORMA-21519,384
38,NORMA-14850,385
38,NORMA-18796,386
38,NORMA-19330,387
38,NORMA-21634,388
38,NORMA-21147,389
38,NORMA-13106,390
38,NORMA-18709,391
38,NORMA-14688,392
38,NORMA-15229,393
38,NORMA-18838,394
38,NORMA-31904,395
38,NORMA-9297,396
38,NORMA-6084,397
38,NORMA-19352,398
38,NORMA-5170,399
38,NORMA-587,400
38,NORMA-20460,401
38,NORMA-21523,402
38,NORMA-19391,403
38,NORMA-20188,404
38,NORMA-20465,405
38,NORMA-588,406
38,NORMA-13480,407
38,NORMA-18205,408
38,NORMA-13298,409
38,NORMA-11496,410
38,NORMA-1317,411
38,NORMA-21241,412
38,NORMA-12872,413
38,NORMA-7953,414
38,NORMA-15542,415
38,NORMA-6623,416
38,NORMA-217,417
38,NORMA-21286,418
38,NORMA-21028,419
38,NORMA-11798,420
38,NORMA-4909,421
38,NORMA-18356,422
38,NORMA-560,423
38,NORMA-1222,424
38,NORMA-594,425
38,NORMA-28281,426
38,NORMA-19647,427
38,NORMA-12049,428
38,NORMA-18248,429
38,NORMA-18528,430
38,NORMA-18492,431
38,NORMA-8458,432
38,NORMA-220,433
38,NORMA-854,434
38,NORMA-13160,435
38,NORMA-20182,436
38,NORMA-21244,437
38,NORMA-2563,438
38,NORMA-21717,439
38,NORMA-21744,440
38,NORMA-19968,441
38,NORMA-18722,442
38,NORMA-19614,443
38,NORMA-754,444
38,NORMA-21065,445
38,NORMA-6957,446
38,NORMA-228,447
38,NORMA-18439,448
38,NORMA-18265,449
38,NORMA-20616,450
38,NORMA-10200,451
38,NORMA-20428,452
38,NORMA-6253,453
38,NORMA-10994,454
38,NORMA-878,455
38,NORMA-1175,456
38,NORMA-21530,457
38,NORMA-19557,458
38,NORMA-21524,459
38,NORMA-20349,460
38,NORMA-19871,461
38,NORMA-19651,462
38,NORMA-21063,463
38,NORMA-15581,464
38,NORMA-18691,465
38,NORMA-18697,466
38,NORMA-19842,467
38,NORMA-20301,468
38,NORMA-12664,469
38,NORMA-20037,470
38,NORMA-11739,471
38,NORMA-20448,472
38,NORMA-20316,473
38,NORMA-11664,474
38,NORMA-578,475
38,NORMA-18915,476
38,NORMA-5925,477
38,NORMA-30043,478
38,NORMA-21384,479
38,NORMA-21135,480
38,NORMA-20336,481
38,NORMA-208,482
38,NORMA-20793,483
38,NORMA-219,484
38,NORMA-18690,485
38,NORMA-20209,486
38,NORMA-15541,487
38,NORMA-18418,488
38,NORMA-18816,489
38,NORMA-3979,490
38,NORMA-20072,491
38,NORMA-2032,492
38,NORMA-11621,493
38,NORMA-9457,494
38,NORMA-20421,495
38,NORMA-10797,496
38,NORMA-21595,497
38,NORMA-1341,498
38,NORMA-12048,499
38,NORMA-12038,500
38,NORMA-6083,501
38,NORMA-21608,502
38,NORMA-19799,503
38,NORMA-18631,504
38,NORMA-21003,505
38,NORMA-18541,506
38,NORMA-10309,507
38,NORMA-23521,508
38,NORMA-28422,509
38,NORMA-21139,510
38,NORMA-18762,511
38,NORMA-1567,512
38,NORMA-11570,513
38,NORMA-6316,514
38,NORMA-18823,515
38,NORMA-28203,516
38,NORMA-82,517
38,NORMA-1999,518
38,NORMA-6970,519
38,NORMA-19582,520
38,NORMA-20443,521
38,NORMA-18952,522
38,NORMA-18233,523
38,NORMA-6343,524
38,NORMA-14099,525
38,NORMA-11814,526
38,NORMA-11715,527
38,NORMA-6627,528
38,NORMA-21768,529
38,NORMA-18706,530
38,NORMA-20558,531
38,NORMA-21609,532
38,NORMA-21269,533
38,NORMA-207,534
38,NORMA-20840,535
38,NORMA-6203,536
38,NORMA-21206,537
38,NORMA-20179,538
38,NORMA-28586,539
38,NORMA-21547,540
38,NORMA-938,541
38,NORMA-5626,542
38,NORMA-222,543
38,NORMA-21361,544
38,NORMA-29003,545
38,NORMA-36,546
38,NORMA-20817,547
38,NORMA-21249,548
38,NORMA-3503,549
38,NORMA-7011,550
38,NORMA-21382,551
38,NORMA-19328,552
38,NORMA-12858,553
38,NORMA-17201,554
38,NORMA-3382,555
38,NORMA-595,556
38,NORMA-23881,557
38,NORMA-6181,558
38,NORMA-27501,559
38,NORMA-21589,560
38,NORMA-19571,561
38,NORMA-11665,562
38,NORMA-20359,563
38,NORMA-417,564
38,NORMA-6505,565
38,NORMA-21107,566
38,NORMA-20366,567
38,NORMA-19729,568
38,NORMA-6630,569
38,NORMA-4746,570
38,NORMA-20423,571
38,NORMA-20422,572
38,NORMA-834,573
38,NORMA-4631,574
38,NORMA-20106,575
38,NORMA-20224,576
38,NORMA-19727,577
38,NORMA-15882,578
38,NORMA-21515,579
38,NORMA-12029,580
38,NORMA-20494,581
38,NORMA-21402,582
38,NORMA-20167,583
38,NORMA-21046,584
38,NORMA-20857,585
38,NORMA-18656,586
38,NORMA-18379,587
38,NORMA-6967,588
38,NORMA-1171,589
38,NORMA-20797,590
38,NORMA-21228,591
38,NORMA-19444,592
38,NORMA-27221,593
38,NORMA-11527,594
38,NORMA-2413,595
38,NORMA-558,596
38,NORMA-27687,597
38,NORMA-8938,598
38,NORMA-20813,599
38,NORMA-13470,600
38,NORMA-19883,601
38,NORMA-13918,602
38,NORMA-18979,603
38,NORMA-20873,604
38,NORMA-18685,605
38,NORMA-20482,606
38,NORMA-10041,607
38,NORMA-18378,608
38,NORMA-27044,609
38,NORMA-19249,610
38,NORMA-20426,611
38,NORMA-15208,612
38,NORMA-15802,613
38,NORMA-19562,614
38,NORMA-4830,615
38,NORMA-923,616
38,NORMA-20171,617
38,NORMA-11760,618
38,NORMA-19859,619
38,NORMA-20487,620
38,NORMA-11316,621
38,NORMA-20407,622
38,NORMA-19515,623
38,NORMA-509,624
38,NORMA-9670,625
38,NORMA-209,626
38,NORMA-19637,627
38,NORMA-21702,628
38,NORMA-6629,629
38,NORMA-19655,630
38,NORMA-21254,631
38,NORMA-19822,632
38,NORMA-14814,633
38,NORMA-20803,634
38,NORMA-20590,635
38,NORMA-18583,636
38,NORMA-20561,637
38,NORMA-18653,638
38,NORMA-19192,639
38,NORMA-20754,640
38,NORMA-19337,641
38,NORMA-60,642
38,NORMA-1535,643
38,NORMA-21313,644
38,NORMA-1024,645
38,NORMA-21588,646
38,NORMA-20453,647
38,NORMA-20762,648
38,NORMA-19941,649
38,NORMA-20836,650
38,NORMA-20241,651
38,NORMA-18545,652
38,NORMA-9110,653
38,NORMA-21369,654
38,NORMA-21239,655
38,NORMA-7942,656
38,NORMA-18748,657
38,NORMA-21562,658
38,NORMA-19942,659
38,NORMA-13671,660
38,NORMA-20677,661
38,NORMA-21713,662
38,NORMA-20382,663
38,NORMA-19784,664
38,NORMA-18435,665
38,NORMA-4586,666
38,NORMA-19969,667
38,NORMA-8119,668
38,NORMA-18479,669
38,NORMA-11164,670
38,NORMA-20398,671
38,NORMA-20710,672
38,NORMA-21069,673
38,NORMA-11272,674
38,NORMA-18206,675
38,NORMA-21110,676
38,NORMA-18360,677
38,NORMA-9358,678
38,NORMA-19658,679
38,NORMA-10865,680
38,NORMA-6249,681
38,NORMA-21721,682
38,NORMA-22561,683
38,NORMA-11474,684
38,NORMA-21386,685
38,NORMA-6757,686
38,NORMA-13473,687
38,NORMA-18605,688
38,NORMA-3819,689
38,NORMA-10123,690
38,NORMA-18825,691
38,NORMA-13771,692
38,NORMA-19928,693
38,NORMA-20408,694
38,NORMA-19561,695
38,NORMA-21468,696
38,NORMA-92,697
38,NORMA-12060,698
38,NORMA-12006,699
38,NORMA-11757,700
38,NORMA-7194,701
38,NORMA-23222,702
38,NORMA-483,703
38,NORMA-6819,704
38,NORMA-5853,705
38,NORMA-4275,706
38,NORMA-5417,707
38,NORMA-6820,708
38,NORMA-21418,709
38,NORMA-7280,710
38,NORMA-19061,711
38,NORMA-4926,712
38,NORMA-4314,713
38,NORMA-18992,714
38,NORMA-18234,715
38,NORMA-18223,716
38,NORMA-6075,717
38,NORMA-14673,718
38,NORMA-13174,719
38,NORMA-19684,720
38,NORMA-19588,721
38,NORMA-11472,722
38,NORMA-20802,723
38,NORMA-20239,724
38,NORMA-13990,725
38,NORMA-6354,726
38,NORMA-20202,727
38,NORMA-8772,728
38,NORMA-20389,729
38,NORMA-20263,730
38,NORMA-10117,731
38,NORMA-10975,732
38,NORMA-12102,733
38,NORMA-19010,734
38,NORMA-18815,735
38,NORMA-21299,736
38,NORMA-412,737
38,NORMA-21086,738
38,NORMA-1250,739
38,NORMA-18333,740
38,NORMA-21020,741
38,NORMA-20204,742
38,NORMA-4588,743
38,NORMA-2269,744
38,NORMA-11687,745
38,NORMA-21624,746
38,NORMA-19103,747
38,NORMA-616,748
38,NORMA-76,749
38,NORMA-20191,750
38,NORMA-18803,751
38,NORMA-12169,752
38,NORMA-20602,753
38,NORMA-18403,754
38,NORMA-20894,755
38,NORMA-8774,756
38,NORMA-18835,757
38,NORMA-20144,758
38,NORMA-18769,759
38,NORMA-9821,760
38,NORMA-11476,761
38,NORMA-5361,762
38,NORMA-20501,763
38,NORMA-19343,764
38,NORMA-18741,765
38,NORMA-4820,766
38,NORMA-20871,767
38,NORMA-4278,768
38,NORMA-18922,769
38,NORMA-12027,770
38,NORMA-18474,771
38,NORMA-20374,772
38,NORMA-20157,773
38,NORMA-11780,774
38,NORMA-20945,775
38,NORMA-12014,776
38,NORMA-12234,777
38,NORMA-11684,778
38,NORMA-15603,779
38,NORMA-20490,780
38,NORMA-12232,781
38,NORMA-21256,782
38,NORMA-19172,783
38,NORMA-21173,784
38,NORMA-7015,785
38,NORMA-19546,786
38,NORMA-18746,787
38,NORMA-3001,788
38,NORMA-18394,789
38,NORMA-21404,790
38,NORMA-20304,791
38,NORMA-18531,792
38,NORMA-18292,793
38,NORMA-20403,794
38,NORMA-6595,795
38,NORMA-12005,796
38,NORMA-11756,797
38,NORMA-2005,798
38,NORMA-19635,799
38,NORMA-20859,800
38,NORMA-19874,801
38,NORMA-20253,802
38,NORMA-21238,803
38,NORMA-5431,804
38,NORMA-19792,805
38,NORMA-6643,806
38,NORMA-19939,807
38,NORMA-3577,808
38,NORMA-2126,809
38,NORMA-21052,810
38,NORMA-11087,811
38,NORMA-18724,812
38,NORMA-11627,813
38,NORMA-20705,814
38,NORMA-6701,815
38,NORMA-6881,816
38,NORMA-5496,817
38,NORMA-34,818
38,NORMA-20190,819
38,NORMA-20169,820
38,NORMA-14746,821
38,NORMA-6344,822
38,NORMA-570,823
38,NORMA-20103,824
38,NORMA-27364,825
38,NORMA-18806,826
38,NORMA-602,827
38,NORMA-18211,828
38,NORMA-380,829
38,NORMA-21694,830
38,NORMA-21090,831
38,NORMA-21790,832
38,NORMA-5360,833
38,NORMA-12859,834
38,NORMA-10119,835
38,NORMA-4219,836
38,NORMA-729,837
38,NORMA-13265,838
38,NORMA-12630,839
38,NORMA-21043,840
38,NORMA-11418,841
38,NORMA-8204,842
38,NORMA-19605,843
38,NORMA-20468,844
38,NORMA-4515,845
38,NORMA-14542,846
38,NORMA-15045,847
38,NORMA-21150,848
38,NORMA-19281,849
38,NORMA-10116,850
38,NORMA-5586,851
38,NORMA-20541,852
38,NORMA-20545,853
38,NORMA-11085,854
38,NORMA-8205,855
38,NORMA-18214,856
38,NORMA-14294,857
38,NORMA-18859,858
38,NORMA-21434,859
38,NORMA-21344,860
38,NORMA-12588,861
38,NORMA-11198,862
38,NORMA-12663,863
38,NORMA-15242,864
38,NORMA-18306,865
38,NORMA-13797,866
38,NORMA-749,867
38,NORMA-13476,868
38,NORMA-20583,869
38,NORMA-309,870
38,NORMA-18772,871
38,NORMA-18974,872
38,NORMA-11791,873
38,NORMA-3825,874
38,NORMA-19948,875
38,NORMA-11793,876
38,NORMA-7025,877
38,NORMA-21071,878
38,NORMA-19925,879
38,NORMA-11454,880
38,NORMA-21676,881
38,NORMA-10029,882
38,NORMA-18266,883
38,NORMA-20371,884
38,NORMA-9871,885
38,NORMA-21691,886
38,NORMA-23682,887
38,NORMA-10044,888
38,NORMA-21366,889
38,NORMA-27062,890
38,NORMA-20891,891
38,NORMA-3820,892
38,NORMA-19174,893
38,NORMA-11759,894
38,NORMA-21029,895
38,NORMA-19959,896
38,NORMA-21462,897
38,NORMA-18681,898
38,NORMA-1092,899
38,NORMA-14113,900
38,NORMA-21272,901
38,NORMA-18243,902
38,NORMA-19583,903
38,NORMA-19442,904
38,NORMA-21630,905
38,NORMA-20429,906
38,NORMA-20790,907
38,NORMA-25862,908
38,NORMA-31923,909
38,NORMA-17281,910
38,NORMA-211,911
38,NORMA-21638,912
38,NORMA-396,913
38,NORMA-19844,914
38,NORMA-22001,915
38,NORMA-11804,916
38,NORMA-5008,917
38,NORMA-20716,918
38,NORMA-20885,919
38,NORMA-18963,920
38,NORMA-3821,921
38,NORMA-18648,922
38,NORMA-20435,923
38,NORMA-21247,924
38,NORMA-19056,925
38,NORMA-15427,926
38,NORMA-21328,927
38,NORMA-15465,928
38,NORMA-18377,929
38,NORMA-18603,930
38,NORMA-26003,931
38,NORMA-19724,932
38,NORMA-16941,933
38,NORMA-4898,934
38,NORMA-20292,935
38,NORMA-10267,936
38,NORMA-4711,937
38,NORMA-19682,938
38,NORMA-21233,939
38,NORMA-20706,940
38,NORMA-20480,941
38,NORMA-19640,942
38,NORMA-19232,943
38,NORMA-18537,944
38,NORMA-4297,945
38,NORMA-4075,946
38,NORMA-18958,947
38,NORMA-19597,948
38,NORMA-23027,949
38,NORMA-18984,950
38,NORMA-18213,951
38,NORMA-21248,952
38,NORMA-27366,953
38,NORMA-27521,954
38,NORMA-18536,955
38,NORMA-27384,956
38,NORMA-24102,957
38,NORMA-21767,958
38,NORMA-21541,959
38,NORMA-11086,960
38,NORMA-838,961
38,NORMA-2536,962
38,NORMA-21538,963
38,NORMA-19777,964
38,NORMA-7466,965
38,NORMA-19930,966
38,NORMA-19667,967
38,NORMA-20201,968
38,NORMA-3510,969
38,NORMA-1406,970
38,NORMA-18750,971
38,NORMA-21215,972
38,NORMA-12019,973
38,NORMA-8773,974
38,NORMA-21607,975
38,NORMA-19940,976
38,NORMA-13552,977
38,NORMA-18337,978
38,NORMA-19105,979
38,NORMA-24582,980
38,NORMA-4587,981
38,NORMA-18988,982
38,NORMA-19638,983
38,NORMA-20303,984
38,NORMA-19983,985
38,NORMA-6895,986
38,NORMA-27063,987
38,NORMA-8931,988
38,NORMA-19437,989
38,NORMA-4906,990
38,NORMA-3511,991
38,NORMA-14302,992
38,NORMA-13545,993
38,NORMA-883,994
38,NORMA-18734,995
38,NORMA-20098,996
38,NORMA-5495,997
38,NORMA-11792,998
38,NORMA-20566,999
38,NORMA-981,1000
40,NORMA-21606,1
40,NORMA-18434,2
40,NORMA-21135,3
40,NORMA-20204,4
40,NORMA-21286,5
40,NORMA-18217,6
40,NORMA-21608,7
40,NORMA-25902,8
40,NORMA-19192,9
40,NORMA-18802,10
40,NORMA-21783,11
40,NORMA-18424,12
40,NORMA-19682,13
40,NORMA-20941,14
40,NORMA-21152,15
40,NORMA-21159,16
40,NORMA-21046,17
40,NORMA-19546,18
40,NORMA-18816,19
40,NORMA-19378,20
40,NORMA-18274,21
40,NORMA-19942,22
40,NORMA-11226,23
40,NORMA-20188,24
40,NORMA-21547,25
40,NORMA-27687,26
40,NORMA-18863,27
40,NORMA-18823,28
40,NORMA-19602,29
40,NORMA-11756,30
40,NORMA-10029,31
40,NORMA-9871,32
40,NORMA-10044,33
40,NORMA-18306,34
40,NORMA-18502,35
40,NORMA-21776,36
40,NORMA-14113,37
40,NORMA-18414,38
40,NORMA-21147,39
40,NORMA-18359,40
40,NORMA-18803,41
40,NORMA-25964,42
40,NORMA-18204,43
40,NORMA-12657,44
40,NORMA-19969,45
40,NORMA-20995,46
40,NORMA-19715,47
40,NORMA-18838,48
40,NORMA-18286,49
40,NORMA-20989,50
40,NORMA-18432,51
40,NORMA-21150,52
40,NORMA-7241,53
40,NORMA-18430,54
40,NORMA-2413,55
40,NORMA-11757,56
40,NORMA-8458,57
40,NORMA-10375,58
40,NORMA-19629,59
40,NORMA-7027,60
40,NORMA-18292,61
40,NORMA-20693,62
40,NORMA-10200,63
40,NORMA-20698,64
40,NORMA-18446,65
40,NORMA-20739,66
40,NORMA-10629,67
40,NORMA-18549,68
40,NORMA-7953,69
40,NORMA-19473,70
40,NORMA-21398,71
40,NORMA-21419,72
40,NORMA-18562,73
40,NORMA-3642,74
40,NORMA-19181,75
40,NORMA-6623,76
40,NORMA-11474,77
40,NORMA-11527,78
40,NORMA-17281,79
40,NORMA-19329,80
40,NORMA-22001,81
40,NORMA-7110,82
40,NORMA-10119,83
40,NORMA-19574,84
40,NORMA-20300,85
40,NORMA-23027,86
40,NORMA-21698,87
40,NORMA-6256,88
40,NORMA-27550,89
40,NORMA-24102,90
40,NORMA-7012,91
40,NORMA-11798,92
40,NORMA-18291,93
40,NORMA-13229,94
40,NORMA-20948,95
40,NORMA-21126,96
40,NORMA-19468,97
40,NORMA-21300,98
40,NORMA-19515,99
40,NORMA-21028,100
40,NORMA-18233,101
40,NORMA-7525,102
40,NORMA-19358,103
40,NORMA-18284,104
40,NORMA-21217,105
40,NORMA-18436,106
40,NORMA-18605,107
40,NORMA-15211,108
40,NORMA-14937,109
40,NORMA-11469,110
40,NORMA-3638,111
40,NORMA-18298,112
40,NORMA-20950,113
40,NORMA-11763,114
40,NORMA-18412,115
40,NORMA-21020,116
40,NORMA-6268,117
40,NORMA-18273,118
40,NORMA-3181,119
40,NORMA-18356,120
40,NORMA-18819,121
40,NORMA-11472,122
40,NORMA-20253,123
40,NORMA-21461,124
40,NORMA-21199,125
40,NORMA-20182,126
40,NORMA-8814,127
40,NORMA-18842,128
40,NORMA-21043,129
40,NORMA-8522,130
40,NORMA-14345,131
40,NORMA-13995,132
40,NORMA-18380,133
40,NORMA-18219,134
40,NORMA-20854,135
40,NORMA-893,136
40,NORMA-15027,137
40,NORMA-3735,138
40,NORMA-21408,139
40,NORMA-18656,140
40,NORMA-4634,141
40,NORMA-21023,142
40,NORMA-18307,143
40,NORMA-20754,144
40,NORMA-18843,145
40,NORMA-570,146
40,NORMA-18379,147
40,NORMA-18828,148
40,NORMA-18528,149
40,NORMA-18206,150
40,NORMA-18826,151
40,NORMA-18224,152
40,NORMA-18295,153
40,NORMA-18548,154
40,NORMA-12952,155
40,NORMA-18439,156
40,NORMA-11609,157
40,NORMA-19245,158
40,NORMA-18264,159
40,NORMA-11764,160
40,NORMA-18214,161
40,NORMA-11479,162
40,NORMA-19371,163
40,NORMA-7011,164
40,NORMA-11600,165
40,NORMA-20840,166
40,NORMA-18234,167
40,NORMA-18208,168
40,NORMA-18378,169
40,NORMA-18377,170
40,NORMA-18342,171
40,NORMA-11615,172
40,NORMA-12437,173
40,NORMA-18955,174
40,NORMA-19017,175
40,NORMA-20796,176
40,NORMA-2523,177
40,NORMA-21550,178
40,NORMA-19431,179
40,NORMA-18980,180
40,NORMA-18364,181
40,NORMA-18690,182
40,NORMA-21367,183
40,NORMA-6758,184
40,NORMA-11476,185
40,NORMA-18798,186
40,NORMA-18539,187
40,NORMA-18822,188
40,NORMA-11599,189
40,NORMA-18788,190
40,NORMA-21784,191
40,NORMA-18827,192
40,NORMA-18797,193
40,NORMA-20869,194
40,NORMA-20058,195
40,NORMA-9670,196
40,NORMA-18773,197
40,NORMA-9110,198
40,NORMA-21139,199
40,NORMA-7942,200
40,NORMA-18668,201
40,NORMA-19704,202
40,NORMA-7149,203
40,NORMA-18418,204
40,NORMA-1567,205
40,NORMA-18729,206
40,NORMA-12067,207
40,NORMA-20963,208
40,NORMA-20865,209
40,NORMA-21343,210
40,NORMA-20425,211
40,NORMA-19014,212
40,NORMA-6880,213
40,NORMA-19658,214
40,NORMA-18360,215
40,NORMA-11665,216
40,NORMA-5381,217
40,NORMA-15045,218
40,NORMA-23682,219
40,NORMA-2,220
40,NORMA-14542,221
40,NORMA-19096,222
40,NORMA-19061,223
40,NORMA-1,224
40,NORMA-12631,225
40,NORMA-21626,226
40,NORMA-6092,227
40,NORMA-21158,228
40,NORMA-6410,229
40,NORMA-13519,230
40,NORMA-19983,231
40,NORMA-18301,232
40,NORMA-21238,233
40,NORMA-11735,234
40,NORMA-19609,235
40,NORMA-12649,236
40,NORMA-18772,237
40,NORMA-13594,238
40,NORMA-21446,239
40,NORMA-6344,240
40,NORMA-11664,241
40,NORMA-13158,242
40,NORMA-21490,243
40,NORMA-14652,244
40,NORMA-18722,245
40,NORMA-18501,246
40,NORMA-18709,247
40,NORMA-11614,248
40,NORMA-602,249
40,NORMA-21650,250
40,NORMA-18230,251
40,NORMA-11739,252
40,NORMA-1597,253
40,NORMA-21526,254
40,NORMA-15603,255
40,NORMA-6245,256
40,NORMA-21279,257
40,NORMA-21519,258
40,NORMA-27449,259
40,NORMA-11470,260
40,NORMA-18653,261
40,NORMA-3001,262
40,NORMA-13469,263
40,NORMA-778,264
40,NORMA-6819,265
40,NORMA-6820,266
40,NORMA-20065,267
40,NORMA-26,268
40,NORMA-6970,269
40,NORMA-4531,270
40,NORMA-3494,271
40,NORMA-18806,272
40,NORMA-6505,273
40,NORMA-27761,274
40,NORMA-11688,275
40,NORMA-21206,276
40,NORMA-18345,277
40,NORMA-18444,278
40,NORMA-10931,279
40,NORMA-17321,280
40,NORMA-4631,281
40,NORMA-19206,282
40,NORMA-16202,283
40,NORMA-21676,284
40,NORMA-21157,285
40,NORMA-1092,286
40,NORMA-18697,287
40,NORMA-6253,288
40,NORMA-11857,289
40,NORMA-19919,290
40,NORMA-21431,291
40,NORMA-19583,292
40,NORMA-19128,293
40,NORMA-6644,294
40,NORMA-6321,295
40,NORMA-12019,296
40,NORMA-6958,297
40,NORMA-18249,298
40,NORMA-6948,299
40,NORMA-19701,300
40,NORMA-11686,301
40,NORMA-21533,302
40,NORMA-11633,303
40,NORMA-18225,304
40,NORMA-19471,305
40,NORMA-11854,306
40,NORMA-18706,307
40,NORMA-19655,308
40,NORMA-6257,309
40,NORMA-11853,310
40,NORMA-15237,311
40,NORMA-19081,312
40,NORMA-11793,313
40,NORMA-19621,314
40,NORMA-1485,315
40,NORMA-1365,316
40,NORMA-11791,317
40,NORMA-12009,318
40,NORMA-11779,319
40,NORMA-19903,320
40,NORMA-19651,321
40,NORMA-11316,322
40,NORMA-20918,323
40,NORMA-8028,324
40,NORMA-20893,325
40,NORMA-20138,326
40,NORMA-20191,327
40,NORMA-11596,328
40,NORMA-20423,329
40,NORMA-21239,330
40,NORMA-26981,331
40,NORMA-19529,332
40,NORMA-19021,333
40,NORMA-18825,334
40,NORMA-11631,335
40,NORMA-15339,336
40,NORMA-21276,337
40,NORMA-18654,338
40,NORMA-21767,339
40,NORMA-20301,340
40,NORMA-8575,341
40,NORMA-21256,342
40,NORMA-18344,343
40,NORMA-20722,344
40,NORMA-3979,345
40,NORMA-20137,346
40,NORMA-20880,347
40,NORMA-18796,348
40,NORMA-11796,349
40,NORMA-21690,350
40,NORMA-13918,351
40,NORMA-21755,352
40,NORMA-12017,353
40,NORMA-20789,354
40,NORMA-11795,355
40,NORMA-11862,356
40,NORMA-11921,357
40,NORMA-11855,358
40,NORMA-985,359
40,NORMA-13470,360
40,NORMA-12092,361
40,NORMA-5170,362
40,NORMA-12237,363
40,NORMA-18403,364
40,NORMA-11792,365
40,NORMA-27044,366
40,NORMA-19622,367
40,NORMA-6521,368
40,NORMA-6291,369
40,NORMA-12005,370
40,NORMA-20376,371
40,NORMA-19406,372
40,NORMA-31923,373
40,NORMA-21521,374
40,NORMA-12020,375
40,NORMA-19570,376
40,NORMA-20443,377
40,NORMA-11570,378
40,NORMA-19503,379
40,NORMA-26102,380
40,NORMA-21561,381
40,NORMA-11790,382
40,NORMA-18978,383
40,NORMA-21267,384
40,NORMA-20870,385
40,NORMA-12170,386
40,NORMA-18448,387
40,NORMA-21037,388
40,NORMA-10821,389
40,NORMA-23521,390
40,NORMA-12038,391
40,NORMA-9785,392
40,NORMA-9888,393
40,NORMA-19233,394
40,NORMA-10309,395
40,NORMA-18324,396
40,NORMA-18967,397
40,NORMA-10878,398
40,NORMA-9595,399
40,NORMA-20787,400
40,NORMA-31903,401
40,NORMA-21220,402
40,NORMA-18350,403
40,NORMA-11882,404
40,NORMA-21249,405
40,NORMA-24905,406
40,NORMA-19391,407
40,NORMA-18747,408
40,NORMA-4500,409
40,NORMA-19330,410
40,NORMA-20817,411
40,NORMA-12911,412
40,NORMA-20917,413
40,NORMA-19295,414
40,NORMA-20793,415
40,NORMA-19281,416
40,NORMA-11920,417
40,NORMA-6383,418
40,NORMA-8799,419
40,NORMA-6204,420
40,NORMA-13547,421
40,NORMA-21515,422
40,NORMA-20241,423
40,NORMA-838,424
40,NORMA-1945,425
40,NORMA-20238,426
40,NORMA-14744,427
40,NORMA-5586,428
40,NORMA-2583,429
40,NORMA-19582,430
40,NORMA-21218,431
40,NORMA-6488,432
40,NORMA-5993,433
40,NORMA-12490,434
40,NORMA-19777,435
40,NORMA-12171,436
40,NORMA-19940,437
40,NORMA-11760,438
40,NORMA-8773,439
40,NORMA-4587,440
40,NORMA-19408,441
40,NORMA-3503,442
40,NORMA-11263,443
40,NORMA-20692,444
40,NORMA-19553,445
40,NORMA-6755,446
40,NORMA-18748,447
40,NORMA-5626,448
40,NORMA-15662,449
40,NORMA-12006,450
40,NORMA-28466,451
40,NORMA-18248,452
40,NORMA-28361,453
40,NORMA-14746,454
40,NORMA-20359,455
40,NORMA-5536,456
40,NORMA-7390,457
40,NORMA-19751,458
40,NORMA-27364,459
40,NORMA-21278,460
40,NORMA-21389,461
40,NORMA-19351,462
40,NORMA-18474,463
40,NORMA-11780,464
40,NORMA-11086,465
40,NORMA-21499,466
40,NORMA-20098,467
40,NORMA-567,468
40,NORMA-21792,469
40,NORMA-18577,470
40,NORMA-13552,471
40,NORMA-12048,472
40,NORMA-18207,473
40,NORMA-19915,474
40,NORMA-6895,475
40,NORMA-27063,476
40,NORMA-4711,477
40,NORMA-14302,478
40,NORMA-18630,479
40,NORMA-19523,480
40,NORMA-11864,481
40,NORMA-18223,482
40,NORMA-12172,483
40,NORMA-21312,484
40,NORMA-4075,485
40,NORMA-18205,486
40,NORMA-27521,487
40,NORMA-21475,488
40,NORMA-21678,489
40,NORMA-12235,490
40,NORMA-11805,491
40,NORMA-21651,492
40,NORMA-21255,493
40,NORMA-12094,494
40,NORMA-19019,495
40,NORMA-6509,496
40,NORMA-20349,497
40,NORMA-7651,498
40,NORMA-20916,499
40,NORMA-12049,500
40,NORMA-13772,501
40,NORMA-4091,502
40,NORMA-19564,503
40,NORMA-21739,504
40,NORMA-20369,505
40,NORMA-24661,506
40,NORMA-4275,507
40,NORMA-14501,508
40,NORMA-21554,509
40,NORMA-9823,510
40,NORMA-30043,511
40,NORMA-14508,512
40,NORMA-13056,513
40,NORMA-19343,514
40,NORMA-12900,515
40,NORMA-12901,516
40,NORMA-12030,517
40,NORMA-18799,518
40,NORMA-12103,519
40,NORMA-20432,520
40,NORMA-19909,521
40,NORMA-21386,522
40,NORMA-21418,523
40,NORMA-20800,524
40,NORMA-20239,525
40,NORMA-20503,526
40,NORMA-12099,527
40,NORMA-11804,528
40,NORMA-20949,529
40,NORMA-20056,530
40,NORMA-19566,531
40,NORMA-20488,532
40,NORMA-19394,533
40,NORMA-6702,534
40,NORMA-4818,535
40,NORMA-12027,536
40,NORMA-6083,537
40,NORMA-26003,538
40,NORMA-9893,539
40,NORMA-20460,540
40,NORMA-18237,541
40,NORMA-18332,542
40,NORMA-20561,543
40,NORMA-8435,544
40,NORMA-19977,545
40,NORMA-18915,546
40,NORMA-18646,547
40,NORMA-19039,548
40,NORMA-20429,549
40,NORMA-28802,550
40,NORMA-9724,551
40,NORMA-13298,552
40,NORMA-19871,553
40,NORMA-19730,554
40,NORMA-8027,555
40,NORMA-18222,556
40,NORMA-20557,557
40,NORMA-425,558
40,NORMA-20704,559
40,NORMA-18807,560
40,NORMA-21522,561
40,NORMA-12060,562
40,NORMA-20730,563
40,NORMA-8159,564
40,NORMA-10140,565
40,NORMA-11655,566
40,NORMA-11901,567
40,NORMA-21107,568
40,NORMA-10154,569
40,NORMA-14239,570
40,NORMA-19459,571
40,NORMA-18648,572
40,NORMA-9646,573
40,NORMA-9072,574
40,NORMA-19290,575
40,NORMA-10331,576
40,NORMA-3962,577
40,NORMA-3482,578
40,NORMA-11687,579
40,NORMA-11505,580
40,NORMA-19264,581
40,NORMA-14666,582
40,NORMA-4117,583
40,NORMA-14974,584
40,NORMA-10296,585
40,NORMA-8800,586
40,NORMA-10565,587
40,NORMA-9626,588
40,NORMA-4044,589
40,NORMA-10435,590
40,NORMA-10378,591
40,NORMA-10434,592
40,NORMA-5812,593
40,NORMA-14965,594
40,NORMA-7526,595
40,NORMA-3483,596
40,NORMA-15028,597
40,NORMA-4189,598
40,NORMA-12777,599
40,NORMA-29062,600
40,NORMA-7113,601
40,NORMA-7996,602
40,NORMA-7094,603
40,NORMA-19750,604
40,NORMA-14970,605
40,NORMA-4791,606
40,NORMA-2691,607
40,NORMA-13389,608
40,NORMA-21659,609
40,NORMA-20616,610
40,NORMA-5968,611
40,NORMA-7556,612
40,NORMA-13514,613
40,NORMA-9855,614
40,NORMA-22822,615
40,NORMA-23941,616
40,NORMA-12771,617
40,NORMA-20080,618
40,NORMA-7015,619
40,NORMA-4242,620
40,NORMA-28203,621
40,NORMA-21788,622
40,NORMA-6242,623
40,NORMA-11913,624
40,NORMA-18859,625
40,NORMA-27924,626
40,NORMA-10146,627
40,NORMA-20465,628
40,NORMA-12685,629
40,NORMA-19212,630
40,NORMA-7320,631
40,NORMA-13903,632
40,NORMA-21437,633
40,NORMA-15134,634
40,NORMA-14587,635
40,NORMA-21269,636
40,NORMA-20069,637
40,NORMA-20072,638
40,NORMA-21631,639
40,NORMA-15427,640
40,NORMA-14661,641
40,NORMA-18837,642
40,NORMA-15465,643
40,NORMA-19644,644
40,NORMA-18492,645
40,NORMA-21012,646
40,NORMA-4477,647
40,NORMA-21506,648
40,NORMA-11740,649
40,NORMA-9382,650
40,NORMA-14463,651
40,NORMA-20444,652
40,NORMA-19729,653
40,NORMA-18545,654
40,NORMA-21065,655
40,NORMA-20968,656
40,NORMA-20797,657
40,NORMA-6185,658
40,NORMA-18541,659
40,NORMA-18435,660
40,NORMA-20474,661
40,NORMA-18626,662
40,NORMA-18221,663
40,NORMA-21541,664
40,NORMA-18552,665
40,NORMA-7280,666
40,NORMA-689,667
40,NORMA-20284,668
40,NORMA-20738,669
40,NORMA-18527,670
40,NORMA-9834,671
40,NORMA-23301,672
40,NORMA-6753,673
40,NORMA-18352,674
40,NORMA-27001,675
40,NORMA-20050,676
40,NORMA-18269,677
40,NORMA-20921,678
40,NORMA-18554,679
40,NORMA-6140,680
40,NORMA-7022,681
40,NORMA-6170,682
40,NORMA-20224,683
40,NORMA-27022,684
40,NORMA-20090,685
40,NORMA-20887,686
40,NORMA-10041,687
40,NORMA-19927,688
40,NORMA-18531,689
40,NORMA-19603,690
40,NORMA-19027,691
40,NORMA-20131,692
40,NORMA-416,693
40,NORMA-29301,694
40,NORMA-18804,695
40,NORMA-18546,696
40,NORMA-20924,697
40,NORMA-21705,698
40,NORMA-417,699
40,NORMA-21002,700
40,NORMA-20397,701
40,NORMA-6783,702
40,NORMA-20482,703
40,NORMA-6343,704
40,NORMA-18456,705
40,NORMA-21228,706
40,NORMA-1619,707
40,NORMA-20985,708
40,NORMA-13402,709
40,NORMA-21085,710
40,NORMA-19155,711
40,NORMA-18972,712
40,NORMA-20863,713
40,NORMA-20703,714
40,NORMA-7222,715
40,NORMA-19221,716
40,NORMA-18303,717
40,NORMA-21459,718
40,NORMA-10219,719
40,NORMA-19111,720
40,NORMA-11512,721
40,NORMA-20982,722
40,NORMA-20473,723
40,NORMA-18836,724
40,NORMA-1863,725
40,NORMA-18999,726
40,NORMA-4830,727
40,NORMA-9681,728
40,NORMA-19379,729
40,NORMA-18540,730
40,NORMA-483,731
40,NORMA-19092,732
40,NORMA-9067,733
40,NORMA-4746,734
40,NORMA-21564,735
40,NORMA-21729,736
40,NORMA-21638,737
40,NORMA-18375,738
40,NORMA-19152,739
40,NORMA-19618,740
40,NORMA-19561,741
40,NORMA-18409,742
40,NORMA-19562,743
40,NORMA-20999,744
40,NORMA-21634,745
40,NORMA-11868,746
40,NORMA-12066,747
40,NORMA-18858,748
40,NORMA-21790,749
40,NORMA-18637,750
40,NORMA-10745,751
40,NORMA-10590,752
40,NORMA-21277,753
40,NORMA-10534,754
40,NORMA-21140,755
40,NORMA-2981,756
40,NORMA-4909,757
40,NORMA-20888,758
40,NORMA-18730,759
40,NORMA-18734,760
40,NORMA-10347,761
40,NORMA-20904,762
40,NORMA-21688,763
40,NORMA-7387,764
40,NORMA-6736,765
40,NORMA-11557,766
40,NORMA-3767,767
40,NORMA-11714,768
40,NORMA-1035,769
40,NORMA-20302,770
40,NORMA-11292,771
40,NORMA-11569,772
40,NORMA-20777,773
40,NORMA-970,774
40,NORMA-19328,775
40,NORMA-11627,776
40,NORMA-27342,777
40,NORMA-11736,778
40,NORMA-20217,779
40,NORMA-18885,780
40,NORMA-20304,781
40,NORMA-11598,782
40,NORMA-20223,783
40,NORMA-20990,784
40,NORMA-20901,785
40,NORMA-21757,786
40,NORMA-11723,787
40,NORMA-20087,788
40,NORMA-18391,789
40,NORMA-18339,790
40,NORMA-995,791
40,NORMA-13106,792
40,NORMA-18239,793
40,NORMA-20402,794
40,NORMA-18762,795
40,NORMA-21768,796
40,NORMA-6757,797
40,NORMA-1866,798
40,NORMA-27121,799
40,NORMA-12872,800
40,NORMA-21402,801
40,NORMA-631,802
40,NORMA-782,803
40,NORMA-20922,804
40,NORMA-20559,805
40,NORMA-3966,806
40,NORMA-19945,807
40,NORMA-18633,808
40,NORMA-21756,809
40,NORMA-18986,810
40,NORMA-11769,811
40,NORMA-21235,812
40,NORMA-12228,813
40,NORMA-16403,814
40,NORMA-18989,815
40,NORMA-16481,816
40,NORMA-11668,817
40,NORMA-17182,818
40,NORMA-7225,819
40,NORMA-480,820
40,NORMA-20997,821
40,NORMA-20426,822
40,NORMA-21450,823
40,NORMA-704,824
40,NORMA-20186,825
40,NORMA-11814,826
40,NORMA-21137,827
40,NORMA-581,828
40,NORMA-15239,829
40,NORMA-21252,830
40,NORMA-2269,831
40,NORMA-19232,832
40,NORMA-19337,833
40,NORMA-20710,834
40,NORMA-21344,835
40,NORMA-18211,836
40,NORMA-19650,837
40,NORMA-21000,838
40,NORMA-20108,839
40,NORMA-19580,840
40,NORMA-20914,841
40,NORMA-21029,842
40,NORMA-20263,843
40,NORMA-21071,844
40,NORMA-20993,845
40,NORMA-2563,846
40,NORMA-19601,847
40,NORMA-20480,848
40,NORMA-21247,849
40,NORMA-18834,850
40,NORMA-21369,851
40,NORMA-17201,852
40,NORMA-19981,853
40,NORMA-20487,854
40,NORMA-18465,855
40,NORMA-24885,856
40,NORMA-19483,857
40,NORMA-20601,858
40,NORMA-21553,859
40,NORMA-11646,860
40,NORMA-11455,861
40,NORMA-21508,862
40,NORMA-20196,863
40,NORMA-18669,864
40,NORMA-6645,865
40,NORMA-18381,866
40,NORMA-1665,867
40,NORMA-20810,868
40,NORMA-25621,869
40,NORMA-18985,870
40,NORMA-6082,871
40,NORMA-21143,872
40,NORMA-21183,873
40,NORMA-6752,874
40,NORMA-21616,875
40,NORMA-21411,876
40,NORMA-1349,877
40,NORMA-19958,878
40,NORMA-20119,879
40,NORMA-21471,880
40,NORMA-7272,881
40,NORMA-1689,882
40,NORMA-122,883
40,NORMA-11588,884
40,NORMA-1352,885
40,NORMA-21224,886
40,NORMA-18394,887
40,NORMA-19634,888
40,NORMA-19764,889
40,NORMA-18787,890
40,NORMA-21305,891
40,NORMA-18894,892
40,NORMA-13323,893
40,NORMA-19593,894
40,NORMA-11632,895
40,NORMA-18413,896
40,NORMA-20971,897
40,NORMA-20597,898
40,NORMA-21164,899
40,NORMA-1654,900
40,NORMA-6084,901
40,NORMA-20308,902
40,NORMA-1841,903
40,NORMA-11712,904
40,NORMA-19643,905
40,NORMA-19624,906
40,NORMA-19959,907
40,NORMA-2076,908
40,NORMA-20857,909
40,NORMA-6813,910
40,NORMA-29005,911
40,NORMA-21787,912
40,NORMA-11651,913
40,NORMA-6635,914
40,NORMA-20655,915
40,NORMA-14091,916
40,NORMA-12262,917
40,NORMA-18805,918
40,NORMA-12159,919
40,NORMA-12188,920
40,NORMA-6250,921
40,NORMA-6556,922
40,NORMA-6557,923
40,NORMA-11629,924
40,NORMA-18181,925
40,NORMA-12354,926
40,NORMA-11922,927
40,NORMA-2014,928
40,NORMA-20672,929
40,NORMA-14742,930
40,NORMA-607,931
40,NORMA-28922,932
40,NORMA-28522,933
40,NORMA-25021,934
40,NORMA-13422,935
40,NORMA-14870,936
40,NORMA-6667,937
40,NORMA-28525,938
40,NORMA-28523,939
40,NORMA-13584,940
40,NORMA-10778,941
40,NORMA-28524,942
40,NORMA-27262,943
40,NORMA-27282,944
40,NORMA-13119,945
40,NORMA-14517,946
40,NORMA-6183,947
40,NORMA-28941,948
40,NORMA-28541,949
40,NORMA-27281,950
40,NORMA-23801,951
40,NORMA-23781,952
40,NORMA-13912,953
40,NORMA-11654,954
40,NORMA-6666,955
40,NORMA-11508,956
40,NORMA-6776,957
40,NORMA-23242,958
40,NORMA-6651,959
40,NORMA-6951,960
40,NORMA-28861,961
40,NORMA-13214,962
40,NORMA-14636,963
40,NORMA-13883,964
40,NORMA-14429,965
40,NORMA-10365,966
40,NORMA-6396,967
40,NORMA-17701,968
40,NORMA-16961,969
40,NORMA-14178,970
40,NORMA-9867,971
40,NORMA-9482,972
40,NORMA-14208,973
40,NORMA-6814,974
40,NORMA-27542,975
40,NORMA-27541,976
40,NORMA-10925,977
40,NORMA-13463,978
40,NORMA-10621,979
40,NORMA-6622,980
40,NORMA-21019,981
40,NORMA-6665,982
40,NORMA-6766,983
40,NORMA-10692,984
40,NORMA-6188,985
40,NORMA-6251,986
40,NORMA-14643,987
40,NORMA-20631,988
40,NORMA-15150,989
40,NORMA-6021,990
40,NORMA-12081,991
40,NORMA-11652,992
40,NORMA-9969,993
40,NORMA-6950,994
40,NORMA-6180,995
40,NORMA-20671,996
40,NORMA-15328,997
40,NORMA-8871,998
40,NORMA-6177,999
40,NORMA-6558,1000
41,NORMA-20869,1
41,NORMA-1965,2
41,NORMA-21012,3
41,NORMA-21521,4
41,NORMA-2413,5
41,NORMA-729,6
41,NORMA-20870,7
41,NORMA-19977,8
41,NORMA-18385,9
41,NORMA-20927,10
41,NORMA-24582,11
41,NORMA-26701,12
41,NORMA-21367,13
41,NORMA-1463,14
41,NORMA-21650,15
41,NORMA-3381,16
41,NORMA-19571,17
41,NORMA-21676,18
41,NORMA-21158,19
41,NORMA-1516,20
41,NORMA-21496,21
41,NORMA-19609,22
41,NORMA-22561,23
41,NORMA-20263,24
41,NORMA-11614,25
41,NORMA-19337,26
41,NORMA-15921,27
41,NORMA-21787,28
41,NORMA-21519,29
41,NORMA-18237,30
41,NORMA-18844,31
41,NORMA-21659,32
41,NORMA-19853,33
41,NORMA-18479,34
41,NORMA-19883,35
41,NORMA-20304,36
41,NORMA-1619,37
41,NORMA-21090,38
41,NORMA-20616,39
41,NORMA-704,40
41,NORMA-21023,41
41,NORMA-18803,42
41,NORMA-416,43
41,NORMA-854,44
41,NORMA-21446,45
41,NORMA-20425,46
41,NORMA-20635,47
41,NORMA-21792,48
41,NORMA-20993,49
41,NORMA-21739,50
41,NORMA-21192,51
41,NORMA-20182,52
41,NORMA-15901,53
41,NORMA-19919,54
41,NORMA-802,55
41,NORMA-20515,56
41,NORMA-1222,57
41,NORMA-21168,58
41,NORMA-28203,59
41,NORMA-59,60
41,NORMA-660,61
41,NORMA-2013,62
41,NORMA-801,63
41,NORMA-2185,64
41,NORMA-1611,65
41,NORMA-1620,66
41,NORMA-554,67
41,NORMA-18430,68
41,NORMA-20159,69
41,NORMA-20627,70
41,NORMA-19503,71
41,NORMA-578,72
41,NORMA-18591,73
41,NORMA-974,74
41,NORMA-19933,75
41,NORMA-21755,76
41,NORMA-2981,77
41,NORMA-1740,78
41,NORMA-2461,79
41,NORMA-19643,80
41,NORMA-11615,81
41,NORMA-1421,82
41,NORMA-19391,83
41,NORMA-11649,84
41,NORMA-21321,85
41,NORMA-1006,86
41,NORMA-18796,87
41,NORMA-20065,88
41,NORMA-20369,89
41,NORMA-19542,90
41,NORMA-19128,91
41,NORMA-1024,92
41,NORMA-560,93
41,NORMA-18450,94
41,NORMA-21419,95
41,NORMA-588,96
41,NORMA-587,97
41,NORMA-938,98
41,NORMA-1573,99
41,NORMA-18549,100
41,NORMA-595,101
41,NORMA-783,102
41,NORMA-21687,103
41,NORMA-18434,104
41,NORMA-21437,105
41,NORMA-20989,106
41,NORMA-21624,107
41,NORMA-20571,108
41,NORMA-21261,109
41,NORMA-261,110
41,NORMA-20857,111
41,NORMA-20854,112
41,NORMA-20053,113
41,NORMA-18233,114
41,NORMA-573,115
41,NORMA-19730,116
41,NORMA-11758,117
41,NORMA-11473,118
41,NORMA-21135,119
41,NORMA-21547,120
41,NORMA-24961,121
41,NORMA-11316,122
41,NORMA-385,123
41,NORMA-20336,124
41,NORMA-21402,125
41,NORMA-18418,126
41,NORMA-19095,127
41,NORMA-2020,128
41,NORMA-15045,129
41,NORMA-18697,130
41,NORMA-23682,131
41,NORMA-14542,132
41,NORMA-21189,133
41,NORMA-1026,134
41,NORMA-20072,135
41,NORMA-18799,136
41,NORMA-19981,137
41,NORMA-21224,138
41,NORMA-18494,139
41,NORMA-1547,140
41,NORMA-19809,141
41,NORMA-21497,142
41,NORMA-31903,143
41,NORMA-5008,144
41,NORMA-20949,145
41,NORMA-18216,146
41,NORMA-21461,147
41,NORMA-2395,148
41,NORMA-6075,149
41,NORMA-20886,150
41,NORMA-20865,151
41,NORMA-20945,152
41,NORMA-11735,153
41,NORMA-10123,154
41,NORMA-1252,155
41,NORMA-1183,156
41,NORMA-10865,157
41,NORMA-9358,158
41,NORMA-20934,159
41,NORMA-1207,160
41,NORMA-20874,161
41,NORMA-13265,162
41,NORMA-12630,163
41,NORMA-21267,164
41,NORMA-1352,165
41,NORMA-18747,166
41,NORMA-5431,167
41,NORMA-1674,168
41,NORMA-19080,169
41,NORMA-18265,170
41,NORMA-18605,171
41,NORMA-4820,172
41,NORMA-18646,173
41,NORMA-21002,174
41,NORMA-18807,175
41,NORMA-13665,176
41,NORMA-19170,177
41,NORMA-188,178
41,NORMA-13402,179
41,NORMA-1613,180
41,NORMA-4297,181
41,NORMA-1361,182
41,NORMA-1175,183
41,NORMA-1171,184
41,NORMA-4898,185
41,NORMA-21147,186
41,NORMA-7149,187
41,NORMA-8522,188
41,NORMA-21157,189
41,NORMA-18298,190
41,NORMA-18211,191
41,NORMA-18492,192
41,NORMA-20291,193
41,NORMA-21217,194
41,NORMA-10375,195
41,NORMA-21249,196
41,NORMA-18378,197
41,NORMA-18303,198
41,NORMA-15581,199
41,NORMA-11144,200
41,NORMA-19593,201
41,NORMA-20448,202
41,NORMA-21776,203
41,NORMA-18554,204
41,NORMA-18823,205
41,NORMA-10629,206
41,NORMA-20999,207
41,NORMA-18838,208
41,NORMA-20785,209
41,NORMA-20691,210
41,NORMA-21484,211
41,NORMA-20774,212
41,NORMA-20728,213
41,NORMA-21308,214
41,NORMA-4316,215
41,NORMA-1996,216
41,NORMA-20786,217
41,NORMA-19387,218
41,NORMA-850,219
41,NORMA-20282,220
41,NORMA-11715,221
41,NORMA-19574,222
41,NORMA-18819,223
41,NORMA-25902,224
41,NORMA-18377,225
41,NORMA-23521,226
41,NORMA-8061,227
41,NORMA-6690,228
41,NORMA-7323,229
41,NORMA-4277,230
41,NORMA-21225,231
41,NORMA-20995,232
41,NORMA-20639,233
41,NORMA-18201,234
41,NORMA-20749,235
41,NORMA-3503,236
41,NORMA-18414,237
41,NORMA-10301,238
41,NORMA-18798,239
41,NORMA-21026,240
41,NORMA-21466,241
41,NORMA-11756,242
41,NORMA-19212,243
41,NORMA-21626,244
41,NORMA-21046,245
41,NORMA-19155,246
41,NORMA-5853,247
41,NORMA-20432,248
41,NORMA-5417,249
41,NORMA-21028,250
41,NORMA-20941,251
41,NORMA-20805,252
41,NORMA-21063,253
41,NORMA-18403,254
41,NORMA-4909,255
41,NORMA-21164,256
41,NORMA-18709,257
41,NORMA-220,258
41,NORMA-20682,259
41,NORMA-819,260
41,NORMA-20578,261
41,NORMA-15004,262
41,NORMA-19096,263
41,NORMA-21126,264
41,NORMA-14967,265
41,NORMA-19152,266
41,NORMA-26885,267
41,NORMA-13296,268
41,NORMA-20811,269
41,NORMA-20233,270
41,NORMA-20271,271
41,NORMA-20910,272
41,NORMA-20853,273
41,NORMA-5421,274
41,NORMA-21550,275
41,NORMA-20755,276
41,NORMA-11776,277
41,NORMA-21253,278
41,NORMA-567,279
41,NORMA-21125,280
41,NORMA-19090,281
41,NORMA-20621,282
41,NORMA-20619,283
41,NORMA-25722,284
41,NORMA-18732,285
41,NORMA-210,286
41,NORMA-21655,287
41,NORMA-20258,288
41,NORMA-11771,289
41,NORMA-11768,290
41,NORMA-18837,291
41,NORMA-14063,292
41,NORMA-15381,293
41,NORMA-12612,294
41,NORMA-7011,295
41,NORMA-18292,296
41,NORMA-18439,297
41,NORMA-12315,298
41,NORMA-21152,299
41,NORMA-6819,300
41,NORMA-11757,301
41,NORMA-12029,302
41,NORMA-15377,303
41,NORMA-6820,304
41,NORMA-14470,305
41,NORMA-27305,306
41,NORMA-20522,307
41,NORMA-21200,308
41,NORMA-7384,309
41,NORMA-19967,310
41,NORMA-2184,311
41,NORMA-6970,312
41,NORMA-4711,313
41,NORMA-11857,314
41,NORMA-23441,315
41,NORMA-4746,316
41,NORMA-18910,317
41,NORMA-4075,318
41,NORMA-5586,319
41,NORMA-2536,320
41,NORMA-21689,321
41,NORMA-18553,322
41,NORMA-18428,323
41,NORMA-6757,324
41,NORMA-2005,325
41,NORMA-22101,326
41,NORMA-20757,327
41,NORMA-21299,328
41,NORMA-21036,329
41,NORMA-5626,330
41,NORMA-18772,331
41,NORMA-21025,332
41,NORMA-21199,333
41,NORMA-10821,334
41,NORMA-7381,335
41,NORMA-13138,336
41,NORMA-20531,337
41,NORMA-4275,338
41,NORMA-417,339
41,NORMA-9888,340
41,NORMA-18204,341
41,NORMA-18301,342
41,NORMA-12030,343
41,NORMA-509,344
41,NORMA-20633,345
41,NORMA-10878,346
41,NORMA-19798,347
41,NORMA-18748,348
41,NORMA-18446,349
41,NORMA-755,350
41,NORMA-19005,351
41,NORMA-21131,352
41,NORMA-11570,353
41,NORMA-21783,354
41,NORMA-209,355
41,NORMA-21065,356
41,NORMA-21211,357
41,NORMA-211,358
41,NORMA-19499,359
41,NORMA-1999,360
41,NORMA-21069,361
41,NORMA-19181,362
41,NORMA-20070,363
41,NORMA-18762,364
41,NORMA-483,365
41,NORMA-4926,366
41,NORMA-20164,367
41,NORMA-20557,368
41,NORMA-19220,369
41,NORMA-21283,370
41,NORMA-208,371
41,NORMA-31904,372
41,NORMA-207,373
41,NORMA-20194,374
41,NORMA-1534,375
41,NORMA-18806,376
41,NORMA-19383,377
41,NORMA-9785,378
41,NORMA-9595,379
41,NORMA-18527,380
41,NORMA-16268,381
41,NORMA-18411,382
41,NORMA-28281,383
41,NORMA-13954,384
41,NORMA-18863,385
41,NORMA-21227,386
41,NORMA-19221,387
41,NORMA-20841,388
41,NORMA-18815,389
41,NORMA-7025,390
41,NORMA-10044,391
41,NORMA-19582,392
41,NORMA-11496,393
41,NORMA-9354,394
41,NORMA-9297,395
41,NORMA-20992,396
41,NORMA-18654,397
41,NORMA-13480,398
41,NORMA-18541,399
41,NORMA-21043,400
41,NORMA-21107,401
41,NORMA-19081,402
41,NORMA-6783,403
41,NORMA-13902,404
41,NORMA-11598,405
41,NORMA-21434,406
41,NORMA-19969,407
41,NORMA-7386,408
41,NORMA-20780,409
41,NORMA-7222,410
41,NORMA-10337,411
41,NORMA-20091,412
41,NORMA-18773,413
41,NORMA-12014,414
41,NORMA-12234,415
41,NORMA-6140,416
41,NORMA-7225,417
41,NORMA-7113,418
41,NORMA-12232,419
41,NORMA-8435,420
41,NORMA-21086,421
41,NORMA-462,422
41,NORMA-19021,423
41,NORMA-3181,424
41,NORMA-9724,425
41,NORMA-4830,426
41,NORMA-20631,427
41,NORMA-25523,428
41,NORMA-20569,429
41,NORMA-14117,430
41,NORMA-20157,431
41,NORMA-9865,432
41,NORMA-10273,433
41,NORMA-20121,434
41,NORMA-18286,435
41,NORMA-18325,436
41,NORMA-18219,437
41,NORMA-12006,438
41,NORMA-20316,439
41,NORMA-21506,440
41,NORMA-13855,441
41,NORMA-13973,442
41,NORMA-18489,443
41,NORMA-18486,444
41,NORMA-18487,445
41,NORMA-21136,446
41,NORMA-1650,447
41,NORMA-18503,448
41,NORMA-1585,449
41,NORMA-3823,450
41,NORMA-1631,451
41,NORMA-21071,452
41,NORMA-15097,453
41,NORMA-21031,454
41,NORMA-14203,455
41,NORMA-21144,456
41,NORMA-2113,457
41,NORMA-15075,458
41,NORMA-12830,459
41,NORMA-13601,460
41,NORMA-15335,461
41,NORMA-14537,462
41,NORMA-13343,463
41,NORMA-12844,464
41,NORMA-11911,465
41,NORMA-12391,466
41,NORMA-13249,467
41,NORMA-12077,468
41,NORMA-15306,469
41,NORMA-20402,470
41,NORMA-14064,471
41,NORMA-12543,472
41,NORMA-1155,473
41,NORMA-13899,474
41,NORMA-12821,475
41,NORMA-14246,476
41,NORMA-12660,477
41,NORMA-14083,478
41,NORMA-24021,479
41,NORMA-13121,480
41,NORMA-13956,481
41,NORMA-15101,482
41,NORMA-13028,483
41,NORMA-13118,484
41,NORMA-14021,485
41,NORMA-11907,486
41,NORMA-14365,487
41,NORMA-13089,488
41,NORMA-13243,489
41,NORMA-11914,490
41,NORMA-15042,491
41,NORMA-14893,492
41,NORMA-12627,493
41,NORMA-24142,494
41,NORMA-12377,495
41,NORMA-6601,496
41,NORMA-13712,497
41,NORMA-12545,498
41,NORMA-15010,499
41,NORMA-15292,500
41,NORMA-14034,501
41,NORMA-13731,502
41,NORMA-12290,503
41,NORMA-15129,504
41,NORMA-6768,505
41,NORMA-14018,506
41,NORMA-13156,507
41,NORMA-13737,508
41,NORMA-19598,509
41,NORMA-14799,510
41,NORMA-12519,511
41,NORMA-15076,512
41,NORMA-23804,513
41,NORMA-23025,514
41,NORMA-17902,515
41,NORMA-17242,516
41,NORMA-17042,517
41,NORMA-13451,518
41,NORMA-11824,519
41,NORMA-15008,520
41,NORMA-16201,521
41,NORMA-12061,522
41,NORMA-12498,523
41,NORMA-20833,524
41,NORMA-12478,525
41,NORMA-13084,526
41,NORMA-14605,527
41,NORMA-6814,528
41,NORMA-21236,529
41,NORMA-12301,530
41,NORMA-29682,531
41,NORMA-23803,532
41,NORMA-14500,533
41,NORMA-14391,534
41,NORMA-26021,535
41,NORMA-16744,536
41,NORMA-18771,537
41,NORMA-14745,538
41,NORMA-13917,539
41,NORMA-14697,540
41,NORMA-19871,541
41,NORMA-23963,542
41,NORMA-18082,543
41,NORMA-14736,544
41,NORMA-4717,545
41,NORMA-28465,546
41,NORMA-26725,547
41,NORMA-16962,548
41,NORMA-12382,549
41,NORMA-14852,550
41,NORMA-21143,551
41,NORMA-14751,552
41,NORMA-13112,553
41,NORMA-13206,554
41,NORMA-13768,555
41,NORMA-14110,556
41,NORMA-14173,557
41,NORMA-6021,558
41,NORMA-24261,559
41,NORMA-23161,560
41,NORMA-13872,561
41,NORMA-6180,562
41,NORMA-15250,563
41,NORMA-14820,564
41,NORMA-6558,565
41,NORMA-16222,566
41,NORMA-16221,567
41,NORMA-14897,568
41,NORMA-14421,569
41,NORMA-12838,570
41,NORMA-22522,571
41,NORMA-17241,572
41,NORMA-14232,573
41,NORMA-13341,574
41,NORMA-12051,575
41,NORMA-11879,576
41,NORMA-14540,577
41,NORMA-15002,578
41,NORMA-14686,579
41,NORMA-12538,580
41,NORMA-13217,581
41,NORMA-13971,582
41,NORMA-13707,583
41,NORMA-5001,584
41,NORMA-27225,585
41,NORMA-13220,586
41,NORMA-15207,587
41,NORMA-12701,588
41,NORMA-14888,589
41,NORMA-12414,590
41,NORMA-9520,591
41,NORMA-6592,592
41,NORMA-5165,593
41,NORMA-15085,594
41,NORMA-14175,595
41,NORMA-27881,596
41,NORMA-22381,597
41,NORMA-13385,598
41,NORMA-12974,599
41,NORMA-5761,600
41,NORMA-28881,601
41,NORMA-16963,602
41,NORMA-9389,603
41,NORMA-21902,604
41,NORMA-3621,605
41,NORMA-7042,606
41,NORMA-29061,607
41,NORMA-13592,608
41,NORMA-22043,609
41,NORMA-8013,610
41,NORMA-19651,611
41,NORMA-18465,612
41,NORMA-18438,613
41,NORMA-12562,614
41,NORMA-15868,615
41,NORMA-18496,616
41,NORMA-17003,617
41,NORMA-4397,618
41,NORMA-28641,619
41,NORMA-1147,620
41,NORMA-21190,621
41,NORMA-21408,622
41,NORMA-29681,623
41,NORMA-19705,624
41,NORMA-1422,625
41,NORMA-10916,626
41,NORMA-19380,627
41,NORMA-4133,628
41,NORMA-15426,629
41,NORMA-14951,630
41,NORMA-20344,631
41,NORMA-12102,632
41,NORMA-13797,633
41,NORMA-13720,634
41,NORMA-2546,635
41,NORMA-21280,636
41,NORMA-6082,637
41,NORMA-3852,638
41,NORMA-5536,639
41,NORMA-4204,640
41,NORMA-13672,641
41,NORMA-18436,642
41,NORMA-3779,643
41,NORMA-3579,644
41,NORMA-1342,645
41,NORMA-782,646
41,NORMA-24,647
41,NORMA-19194,648
41,NORMA-766,649
41,NORMA-20584,650
41,NORMA-8135,651
41,NORMA-20971,652
41,NORMA-18388,653
41,NORMA-9542,654
41,NORMA-8696,655
41,NORMA-33288,656
41,NORMA-20846,657
41,NORMA-18350,658
41,NORMA-18950,659
41,NORMA-20904,660
41,NORMA-20144,661
41,NORMA-33308,662
41,NORMA-124,663
41,NORMA-18440,664
41,NORMA-19646,665
41,NORMA-18691,666
41,NORMA-3980,667
41,NORMA-18996,668
41,NORMA-19111,669
41,NORMA-11882,670
41,NORMA-5252,671
41,NORMA-18984,672
41,NORMA-4924,673
41,NORMA-11575,674
41,NORMA-2383,675
41,NORMA-19828,676
41,NORMA-14217,677
41,NORMA-19408,678
41,NORMA-4312,679
41,NORMA-19164,680
41,NORMA-11766,681
41,NORMA-20376,682
41,NORMA-11688,683
41,NORMA-21613,684
41,NORMA-1317,685
41,NORMA-4091,686
41,NORMA-20908,687
41,NORMA-18412,688
41,NORMA-18542,689
41,NORMA-18254,690
41,NORMA-20690,691
41,NORMA-20858,692
41,NORMA-20135,693
41,NORMA-20171,694
41,NORMA-13094,695
41,NORMA-19384,696
41,NORMA-20209,697
41,NORMA-20038,698
41,NORMA-19587,699
41,NORMA-18868,700
41,NORMA-217,701
41,NORMA-21085,702
41,NORMA-21470,703
41,NORMA-18537,704
41,NORMA-12160,705
41,NORMA-11621,706
41,NORMA-19845,707
41,NORMA-20907,708
41,NORMA-18789,709
41,NORMA-26,710
41,NORMA-8861,711
41,NORMA-20278,712
41,NORMA-423,713
41,NORMA-8889,714
41,NORMA-11723,715
41,NORMA-12035,716
41,NORMA-21003,717
41,NORMA-12015,718
41,NORMA-2660,719
41,NORMA-1419,720
41,NORMA-20888,721
41,NORMA-1250,722
41,NORMA-19009,723
41,NORMA-594,724
41,NORMA-8999,725
41,NORMA-20918,726
41,NORMA-11868,727
41,NORMA-18273,728
41,NORMA-19617,729
41,NORMA-8431,730
41,NORMA-53,731
41,NORMA-6256,732
41,NORMA-6623,733
41,NORMA-21110,734
41,NORMA-21205,735
41,NORMA-878,736
41,NORMA-12060,737
41,NORMA-4423,738
41,NORMA-20428,739
41,NORMA-54,740
41,NORMA-7012,741
41,NORMA-18375,742
41,NORMA-229,743
41,NORMA-1092,744
41,NORMA-1485,745
41,NORMA-1365,746
41,NORMA-82,747
41,NORMA-11920,748
41,NORMA-20208,749
41,NORMA-20891,750
41,NORMA-19596,751
41,NORMA-20754,752
41,NORMA-3281,753
41,NORMA-19017,754
41,NORMA-11792,755
41,NORMA-10549,756
41,NORMA-10442,757
41,NORMA-7280,758
41,NORMA-7710,759
41,NORMA-4219,760
41,NORMA-2089,761
41,NORMA-754,762
41,NORMA-838,763
41,NORMA-12195,764
41,NORMA-12005,765
41,NORMA-21417,766
41,NORMA-21254,767
41,NORMA-834,768
41,NORMA-20223,769
41,NORMA-332,770
41,NORMA-18306,771
41,NORMA-20990,772
41,NORMA-18539,773
41,NORMA-18552,774
41,NORMA-8384,775
41,NORMA-11790,776
41,NORMA-18307,777
41,NORMA-20180,778
41,NORMA-18444,779
41,NORMA-10817,780
41,NORMA-19578,781
41,NORMA-4425,782
41,NORMA-19051,783
41,NORMA-21413,784
41,NORMA-18724,785
41,NORMA-18826,786
41,NORMA-12664,787
41,NORMA-18501,788
41,NORMA-14788,789
41,NORMA-18933,790
41,NORMA-11665,791
41,NORMA-19631,792
41,NORMA-8902,793
41,NORMA-18816,794
41,NORMA-4780,795
41,NORMA-10994,796
41,NORMA-3382,797
41,NORMA-18859,798
41,NORMA-10119,799
41,NORMA-21114,800
41,NORMA-6752,801
41,NORMA-11600,802
41,NORMA-20293,803
41,NORMA-21052,804
41,NORMA-12228,805
41,NORMA-12113,806
41,NORMA-19275,807
41,NORMA-11588,808
41,NORMA-11739,809
41,NORMA-20096,810
41,NORMA-10029,811
41,NORMA-11472,812
41,NORMA-9871,813
41,NORMA-12067,814
41,NORMA-19092,815
41,NORMA-20224,816
41,NORMA-9792,817
41,NORMA-1341,818
41,NORMA-13195,819
41,NORMA-15521,820
41,NORMA-18638,821
41,NORMA-18802,822
41,NORMA-893,823
41,NORMA-19456,824
41,NORMA-11631,825
41,NORMA-6084,826
41,NORMA-21791,827
41,NORMA-21300,828
41,NORMA-13106,829
41,NORMA-18339,830
41,NORMA-18548,831
41,NORMA-11664,832
41,NORMA-75,833
41,NORMA-20426,834
41,NORMA-21403,835
41,NORMA-2032,836
41,NORMA-11999,837
41,NORMA-21388,838
41,NORMA-20190,839
41,NORMA-11476,840
41,NORMA-18603,841
41,NORMA-12002,842
41,NORMA-3241,843
41,NORMA-18224,844
41,NORMA-6880,845
41,NORMA-18364,846
41,NORMA-18788,847
41,NORMA-21113,848
41,NORMA-6505,849
41,NORMA-21553,850
41,NORMA-12872,851
41,NORMA-18797,852
41,NORMA-19621,853
41,NORMA-21729,854
41,NORMA-4631,855
41,NORMA-21756,856
41,NORMA-19787,857
41,NORMA-11764,858
41,NORMA-11479,859
41,NORMA-11609,860
41,NORMA-21139,861
41,NORMA-20172,862
41,NORMA-21544,863
41,NORMA-18502,864
41,NORMA-13469,865
41,NORMA-11780,866
41,NORMA-11474,867
41,NORMA-21630,868
41,NORMA-10245,869
41,NORMA-18342,870
41,NORMA-3638,871
41,NORMA-21752,872
41,NORMA-20880,873
41,NORMA-21609,874
41,NORMA-18360,875
41,NORMA-21020,876
41,NORMA-20914,877
41,NORMA-11527,878
41,NORMA-20371,879
41,NORMA-19581,880
41,NORMA-19110,881
41,NORMA-10003,882
41,NORMA-11469,883
41,NORMA-5925,884
41,NORMA-11417,885
41,NORMA-6679,886
41,NORMA-11763,887
41,NORMA-18981,888
41,NORMA-20503,889
41,NORMA-19520,890
41,NORMA-16202,891
41,NORMA-18528,892
41,NORMA-3735,893
41,NORMA-19292,894
41,NORMA-17201,895
41,NORMA-20349,896
41,NORMA-4634,897
41,NORMA-18780,898
41,NORMA-20966,899
41,NORMA-6955,900
41,NORMA-27761,901
41,NORMA-20422,902
41,NORMA-21150,903
41,NORMA-18284,904
41,NORMA-6758,905
41,NORMA-18356,906
41,NORMA-7390,907
41,NORMA-20985,908
41,NORMA-20443,909
41,NORMA-4710,910
41,NORMA-21562,911
41,NORMA-6954,912
41,NORMA-21264,913
41,NORMA-6984,914
41,NORMA-8027,915
41,NORMA-6645,916
41,NORMA-10708,917
41,NORMA-19658,918
41,NORMA-6702,919
41,NORMA-15802,920
41,NORMA-6199,921
41,NORMA-18225,922
41,NORMA-21305,923
41,NORMA-5736,924
41,NORMA-21767,925
41,NORMA-7307,926
41,NORMA-14459,927
41,NORMA-18208,928
41,NORMA-19573,929
41,NORMA-8028,930
41,NORMA-11599,931
41,NORMA-6669,932
41,NORMA-6509,933
41,NORMA-18656,934
41,NORMA-27221,935
41,NORMA-7651,936
41,NORMA-12066,937
41,NORMA-7525,938
41,NORMA-4818,939
41,NORMA-15211,940
41,NORMA-18359,941
41,NORMA-19485,942
41,NORMA-14661,943
41,NORMA-9823,944
41,NORMA-21226,945
41,NORMA-21269,946
41,NORMA-21507,947
41,NORMA-1567,948
41,NORMA-3642,949
41,NORMA-14463,950
41,NORMA-21159,951
41,NORMA-6698,952
41,NORMA-21272,953
41,NORMA-7241,954
41,NORMA-18432,955
41,NORMA-3201,956
41,NORMA-6948,957
41,NORMA-14937,958
41,NORMA-6636,959
41,NORMA-13158,960
41,NORMA-21631,961
41,NORMA-18648,962
41,NORMA-28181,963
41,NORMA-6621,964
41,NORMA-13298,965
41,NORMA-11814,966
41,NORMA-21244,967
41,NORMA-19650,968
41,NORMA-18248,969
41,NORMA-9893,970
41,NORMA-11655,971
41,NORMA-14239,972
41,NORMA-21431,973
41,NORMA-20468,974
41,NORMA-2432,975
41,NORMA-21634,976
41,NORMA-21638,977
41,NORMA-15237,978
41,NORMA-19330,979
41,NORMA-13174,980
41,NORMA-18435,981
41,NORMA-9041,982
41,NORMA-6185,983
41,NORMA-20488,984
41,NORMA-21661,985
41,NORMA-9382,986
41,NORMA-9834,987
41,NORMA-20037,988
41,NORMA-19729,989
41,NORMA-9652,990
41,NORMA-21606,991
41,NORMA-2519,992
41,NORMA-19431,993
41,NORMA-20403,994
41,NORMA-29201,995
41,NORMA-10085,996
41,NORMA-21608,997
41,NORMA-20480,998
41,NORMA-20487,999
41,NORMA-21352,1000
42,NORMA-19648,1
42,NORMA-19969,2
42,NORMA-6783,3
42,NORMA-7386,4
42,NORMA-7222,5
42,NORMA-7225,6
42,NORMA-6140,7
42,NORMA-18730,8
42,NORMA-19004,9
42,NORMA-19639,10
42,NORMA-9724,11
42,NORMA-8435,12
42,NORMA-7113,13
42,NORMA-18686,14
42,NORMA-19939,15
42,NORMA-20983,16
42,NORMA-21774,17
42,NORMA-19653,18
42,NORMA-21764,19
42,NORMA-18604,20
42,NORMA-14937,21
42,NORMA-19088,22
42,NORMA-13158,23
42,NORMA-15211,24
42,NORMA-16202,25
42,NORMA-18456,26
42,NORMA-13469,27
42,NORMA-19225,28
42,NORMA-27761,29
42,NORMA-12067,30
42,NORMA-18748,31
42,NORMA-13797,32
42,NORMA-18284,33
42,NORMA-19167,34
42,NORMA-21697,35
42,NORMA-21674,36
42,NORMA-19503,37
42,NORMA-3503,38
42,NORMA-7466,39
42,NORMA-19391,40
42,NORMA-6199,41
42,NORMA-5421,42
42,NORMA-18605,43
42,NORMA-20056,44
42,NORMA-21353,45
42,NORMA-19265,46
42,NORMA-21408,47
42,NORMA-4710,48
42,NORMA-19186,49
42,NORMA-18745,50
42,NORMA-21026,51
42,NORMA-21065,52
42,NORMA-21254,53
42,NORMA-6076,54
42,NORMA-5340,55
42,NORMA-6347,56
42,NORMA-9597,57
42,NORMA-21762,58
42,NORMA-21683,59
42,NORMA-21684,60
42,NORMA-21283,61
42,NORMA-20924,62
42,NORMA-5496,63
42,NORMA-13476,64
42,NORMA-21281,65
42,NORMA-10116,66
42,NORMA-18313,67
42,NORMA-9824,68
42,NORMA-21420,69
42,NORMA-19644,70
42,NORMA-11085,71
42,NORMA-8205,72
42,NORMA-14294,73
42,NORMA-19375,74
42,NORMA-19151,75
42,NORMA-15339,76
42,NORMA-13918,77
42,NORMA-21526,78
42,NORMA-19351,79
42,NORMA-5360,80
42,NORMA-21448,81
42,NORMA-18959,82
42,NORMA-21534,83
42,NORMA-21601,84
42,NORMA-25202,85
42,NORMA-19709,86
42,NORMA-18875,87
42,NORMA-21576,88
42,NORMA-9384,89
42,NORMA-20138,90
42,NORMA-19310,91
42,NORMA-21476,92
42,NORMA-1999,93
42,NORMA-6509,94
42,NORMA-20955,95
42,NORMA-18501,96
42,NORMA-4818,97
42,NORMA-19039,98
42,NORMA-4275,99
42,NORMA-19459,100
42,NORMA-4091,101
42,NORMA-19976,102
42,NORMA-19553,103
42,NORMA-19974,104
42,NORMA-19975,105
42,NORMA-19573,106
42,NORMA-5536,107
42,NORMA-3577,108
42,NORMA-20476,109
42,NORMA-21678,110
42,NORMA-21756,111
42,NORMA-13470,112
42,NORMA-18286,113
42,NORMA-27044,114
42,NORMA-21554,115
42,NORMA-4075,116
42,NORMA-19883,117
42,NORMA-18391,118
42,NORMA-20488,119
42,NORMA-4711,120
42,NORMA-19204,121
42,NORMA-20503,122
42,NORMA-20460,123
42,NORMA-21329,124
42,NORMA-15581,125
42,NORMA-18989,126
42,NORMA-20301,127
42,NORMA-18874,128
42,NORMA-20473,129
42,NORMA-20369,130
42,NORMA-18221,131
42,NORMA-18962,132
42,NORMA-20477,133
42,NORMA-20302,134
42,NORMA-19425,135
42,NORMA-21131,136
42,NORMA-18906,137
42,NORMA-1613,138
42,NORMA-21651,139
42,NORMA-21634,140
42,NORMA-20482,141
42,NORMA-20465,142
42,NORMA-12733,143
42,NORMA-18474,144
42,NORMA-20521,145
42,NORMA-21468,146
42,NORMA-20474,147
42,NORMA-11417,148
42,NORMA-3342,149
42,NORMA-20501,150
42,NORMA-19970,151
42,NORMA-21631,152
42,NORMA-17281,153
42,NORMA-18266,154
42,NORMA-20480,155
42,NORMA-20702,156
42,NORMA-22001,157
42,NORMA-7651,158
42,NORMA-7387,159
42,NORMA-6736,160
42,NORMA-3767,161
42,NORMA-19565,162
42,NORMA-19692,163
42,NORMA-23027,164
42,NORMA-19426,165
42,NORMA-18654,166
42,NORMA-9823,167
42,NORMA-18691,168
42,NORMA-20087,169
42,NORMA-21553,170
42,NORMA-21638,171
42,NORMA-21409,172
42,NORMA-26003,173
42,NORMA-20490,174
42,NORMA-20487,175
42,NORMA-20374,176
42,NORMA-22661,177
42,NORMA-4786,178
42,NORMA-18709,179
42,NORMA-19081,180
42,NORMA-20393,181
42,NORMA-19021,182
42,NORMA-20729,183
42,NORMA-19798,184
42,NORMA-21140,185
42,NORMA-20710,186
42,NORMA-21690,187
42,NORMA-20468,188
42,NORMA-12313,189
42,NORMA-19408,190
42,NORMA-20376,191
42,NORMA-21367,192
42,NORMA-20359,193
42,NORMA-8028,194
42,NORMA-20928,195
42,NORMA-21507,196
42,NORMA-14724,197
42,NORMA-11356,198
42,NORMA-8706,199
42,NORMA-18877,200
42,NORMA-19870,201
42,NORMA-20704,202
42,NORMA-21120,203
42,NORMA-19212,204
42,NORMA-24501,205
42,NORMA-16268,206
42,NORMA-28181,207
42,NORMA-26841,208
42,NORMA-3201,209
42,NORMA-12923,210
42,NORMA-13124,211
42,NORMA-14746,212
42,NORMA-12415,213
42,NORMA-28981,214
42,NORMA-13308,215
42,NORMA-27364,216
42,NORMA-21606,217
42,NORMA-6948,218
42,NORMA-1341,219
42,NORMA-21461,220
42,NORMA-19818,221
42,NORMA-21666,222
42,NORMA-20730,223
42,NORMA-20062,224
42,NORMA-20349,225
42,NORMA-594,226
42,NORMA-20841,227
42,NORMA-878,228
42,NORMA-754,229
42,NORMA-19249,230
42,NORMA-18871,231
42,NORMA-23862,232
42,NORMA-19667,233
42,NORMA-1250,234
42,NORMA-21274,235
42,NORMA-24102,236
42,NORMA-21586,237
42,NORMA-21278,238
42,NORMA-20371,239
42,NORMA-18854,240
42,NORMA-20366,241
42,NORMA-20388,242
42,NORMA-18280,243
42,NORMA-21264,244
42,NORMA-21269,245
42,NORMA-21783,246
42,NORMA-20285,247
42,NORMA-19152,248
42,NORMA-21556,249
42,NORMA-21305,250
42,NORMA-21532,251
42,NORMA-20405,252
42,NORMA-20941,253
42,NORMA-21521,254
42,NORMA-18721,255
42,NORMA-19192,256
42,NORMA-20389,257
42,NORMA-21637,258
42,NORMA-18515,259
42,NORMA-19516,260
42,NORMA-19181,261
42,NORMA-20605,262
42,NORMA-21344,263
42,NORMA-23061,264
42,NORMA-26701,265
42,NORMA-25721,266
42,NORMA-21286,267
42,NORMA-21705,268
42,NORMA-19144,269
42,NORMA-19139,270
42,NORMA-19681,271
42,NORMA-21419,272
42,NORMA-2517,273
42,NORMA-19359,274
42,NORMA-82,275
42,NORMA-19549,276
42,NORMA-19442,277
42,NORMA-19550,278
42,NORMA-19350,279
42,NORMA-19411,280
42,NORMA-20396,281
42,NORMA-19281,282
42,NORMA-21608,283
42,NORMA-19457,284
42,NORMA-21389,285
42,NORMA-75,286
42,NORMA-20407,287
42,NORMA-18577,288
42,NORMA-20995,289
42,NORMA-18942,290
42,NORMA-3382,291
42,NORMA-3241,292
42,NORMA-2032,293
42,NORMA-4219,294
42,NORMA-21358,295
42,NORMA-20762,296
42,NORMA-20869,297
42,NORMA-13174,298
42,NORMA-21250,299
42,NORMA-684,300
42,NORMA-18446,301
42,NORMA-19452,302
42,NORMA-19571,303
42,NORMA-19543,304
42,NORMA-20084,305
42,NORMA-12910,306
42,NORMA-11999,307
42,NORMA-21499,308
42,NORMA-21470,309
42,NORMA-20505,310
42,NORMA-12002,311
42,NORMA-21111,312
42,NORMA-14967,313
42,NORMA-20028,314
42,NORMA-20781,315
42,NORMA-19723,316
42,NORMA-19512,317
42,NORMA-4412,318
42,NORMA-21676,319
42,NORMA-18240,320
42,NORMA-19650,321
42,NORMA-20492,322
42,NORMA-19330,323
42,NORMA-20131,324
42,NORMA-21267,325
42,NORMA-19253,326
42,NORMA-19232,327
42,NORMA-20566,328
42,NORMA-11316,329
42,NORMA-4746,330
42,NORMA-18960,331
42,NORMA-19422,332
42,NORMA-21128,333
42,NORMA-7110,334
42,NORMA-21185,335
42,NORMA-20180,336
42,NORMA-21402,337
42,NORMA-21739,338
42,NORMA-11780,339
42,NORMA-20633,340
42,NORMA-30043,341
42,NORMA-20865,342
42,NORMA-2158,343
42,NORMA-19981,344
42,NORMA-19266,345
42,NORMA-1740,346
42,NORMA-18451,347
42,NORMA-4909,348
42,NORMA-21486,349
42,NORMA-19123,350
42,NORMA-20172,351
42,NORMA-21255,352
42,NORMA-21312,353
42,NORMA-27550,354
42,NORMA-18440,355
42,NORMA-8027,356
42,NORMA-18336,357
42,NORMA-12657,358
42,NORMA-13746,359
42,NORMA-14828,360
42,NORMA-15396,361
42,NORMA-27365,362
42,NORMA-13789,363
42,NORMA-12613,364
42,NORMA-21226,365
42,NORMA-13298,366
42,NORMA-21404,367
42,NORMA-18780,368
42,NORMA-18812,369
42,NORMA-18282,370
42,NORMA-21362,371
42,NORMA-20382,372
42,NORMA-18299,373
42,NORMA-18895,374
42,NORMA-21496,375
42,NORMA-18351,376
42,NORMA-18363,377
42,NORMA-20632,378
42,NORMA-23222,379
42,NORMA-21381,380
42,NORMA-22723,381
42,NORMA-19985,382
42,NORMA-18418,383
42,NORMA-20870,384
42,NORMA-19792,385
42,NORMA-19536,386
42,NORMA-19277,387
42,NORMA-18234,388
42,NORMA-19095,389
42,NORMA-18445,390
42,NORMA-18423,391
42,NORMA-7381,392
42,NORMA-15701,393
42,NORMA-21220,394
42,NORMA-21525,395
42,NORMA-19012,396
42,NORMA-1994,397
42,NORMA-21437,398
42,NORMA-28802,399
42,NORMA-3968,400
42,NORMA-18291,401
42,NORMA-19600,402
42,NORMA-20402,403
42,NORMA-18271,404
42,NORMA-19231,405
42,NORMA-18697,406
42,NORMA-18753,407
42,NORMA-20274,408
42,NORMA-19180,409
42,NORMA-15882,410
42,NORMA-27022,411
42,NORMA-18752,412
42,NORMA-18231,413
42,NORMA-2005,414
42,NORMA-19009,415
42,NORMA-7279,416
42,NORMA-20090,417
42,NORMA-21224,418
42,NORMA-21361,419
42,NORMA-18210,420
42,NORMA-19477,421
42,NORMA-25964,422
42,NORMA-19574,423
42,NORMA-19585,424
42,NORMA-4080,425
42,NORMA-18211,426
42,NORMA-7384,427
42,NORMA-21562,428
42,NORMA-7015,429
42,NORMA-19548,430
42,NORMA-18879,431
42,NORMA-21241,432
42,NORMA-21581,433
42,NORMA-555,434
42,NORMA-21575,435
42,NORMA-15881,436
42,NORMA-21012,437
42,NORMA-20902,438
42,NORMA-19715,439
42,NORMA-19221,440
42,NORMA-28841,441
42,NORMA-6627,442
42,NORMA-19328,443
42,NORMA-18545,444
42,NORMA-18838,445
42,NORMA-21021,446
42,NORMA-18434,447
42,NORMA-21135,448
42,NORMA-18466,449
42,NORMA-28961,450
42,NORMA-21760,451
42,NORMA-21248,452
42,NORMA-18427,453
42,NORMA-19473,454
42,NORMA-27521,455
42,NORMA-21792,456
42,NORMA-21538,457
42,NORMA-21315,458
42,NORMA-19983,459
42,NORMA-21217,460
42,NORMA-6957,461
42,NORMA-21276,462
42,NORMA-21325,463
42,NORMA-1471,464
42,NORMA-20398,465
42,NORMA-20583,466
42,NORMA-21547,467
42,NORMA-20135,468
42,NORMA-21717,469
42,NORMA-18316,470
42,NORMA-5626,471
42,NORMA-18430,472
42,NORMA-20300,473
42,NORMA-21582,474
42,NORMA-20790,475
42,NORMA-26201,476
42,NORMA-20989,477
42,NORMA-20589,478
42,NORMA-19544,479
42,NORMA-21661,480
42,NORMA-11790,481
42,NORMA-18359,482
42,NORMA-21272,483
42,NORMA-18680,484
42,NORMA-21053,485
42,NORMA-19001,486
42,NORMA-18201,487
42,NORMA-21138,488
42,NORMA-21472,489
42,NORMA-25541,490
42,NORMA-19394,491
42,NORMA-18632,492
42,NORMA-19432,493
42,NORMA-18827,494
42,NORMA-6669,495
42,NORMA-21337,496
42,NORMA-19340,497
42,NORMA-21393,498
42,NORMA-21317,499
42,NORMA-21619,500
42,NORMA-21491,501
42,NORMA-21403,502
42,NORMA-21663,503
42,NORMA-11901,504
42,NORMA-20218,505
42,NORMA-19211,506
42,NORMA-21710,507
42,NORMA-20921,508
42,NORMA-18732,509
42,NORMA-18242,510
42,NORMA-15167,511
42,NORMA-21415,512
42,NORMA-19940,513
42,NORMA-19734,514
42,NORMA-21273,515
42,NORMA-11505,516
42,NORMA-19617,517
42,NORMA-21484,518
42,NORMA-18999,519
42,NORMA-21253,520
42,NORMA-21114,521
42,NORMA-20793,522
42,NORMA-6489,523
42,NORMA-18954,524
42,NORMA-4102,525
42,NORMA-18357,526
42,NORMA-20108,527
42,NORMA-18319,528
42,NORMA-18536,529
42,NORMA-20880,530
42,NORMA-23341,531
42,NORMA-704,532
42,NORMA-15272,533
42,NORMA-15561,534
42,NORMA-18648,535
42,NORMA-21318,536
42,NORMA-1663,537
42,NORMA-20157,538
42,NORMA-12165,539
42,NORMA-19150,540
42,NORMA-14474,541
42,NORMA-21225,542
42,NORMA-19857,543
42,NORMA-11798,544
42,NORMA-6253,545
42,NORMA-12015,546
42,NORMA-18490,547
42,NORMA-18789,548
42,NORMA-21648,549
42,NORMA-19948,550
42,NORMA-13402,551
42,NORMA-18656,552
42,NORMA-18243,553
42,NORMA-20190,554
42,NORMA-21086,555
42,NORMA-18750,556
42,NORMA-21564,557
42,NORMA-21245,558
42,NORMA-19138,559
42,NORMA-33288,560
42,NORMA-33308,561
42,NORMA-18884,562
42,NORMA-20432,563
42,NORMA-12035,564
42,NORMA-19084,565
42,NORMA-3954,566
42,NORMA-14788,567
42,NORMA-19005,568
42,NORMA-19714,569
42,NORMA-20397,570
42,NORMA-12664,571
42,NORMA-19179,572
42,NORMA-19729,573
42,NORMA-31904,574
42,NORMA-11627,575
42,NORMA-10994,576
42,NORMA-21725,577
42,NORMA-19016,578
42,NORMA-11687,579
42,NORMA-20073,580
42,NORMA-26163,581
42,NORMA-19022,582
42,NORMA-6316,583
42,NORMA-31903,584
42,NORMA-8803,585
42,NORMA-20079,586
42,NORMA-4830,587
42,NORMA-3566,588
42,NORMA-18642,589
42,NORMA-21659,590
42,NORMA-19456,591
42,NORMA-19563,592
42,NORMA-19629,593
42,NORMA-21788,594
42,NORMA-20007,595
42,NORMA-3735,596
42,NORMA-4634,597
42,NORMA-12820,598
42,NORMA-19219,599
42,NORMA-12005,600
42,NORMA-21418,601
42,NORMA-19096,602
42,NORMA-25821,603
42,NORMA-20134,604
42,NORMA-19864,605
42,NORMA-20217,606
42,NORMA-21459,607
42,NORMA-10821,608
42,NORMA-25121,609
42,NORMA-19155,610
42,NORMA-21523,611
42,NORMA-21233,612
42,NORMA-21252,613
42,NORMA-11864,614
42,NORMA-20224,615
42,NORMA-15521,616
42,NORMA-21352,617
42,NORMA-6636,618
42,NORMA-19387,619
42,NORMA-21550,620
42,NORMA-21152,621
42,NORMA-3979,622
42,NORMA-21508,623
42,NORMA-18828,624
42,NORMA-14459,625
42,NORMA-9893,626
42,NORMA-5586,627
42,NORMA-11855,628
42,NORMA-18339,629
42,NORMA-9110,630
42,NORMA-7942,631
42,NORMA-9670,632
42,NORMA-19683,633
42,NORMA-21231,634
42,NORMA-20121,635
42,NORMA-5381,636
42,NORMA-20144,637
42,NORMA-19300,638
42,NORMA-20873,639
42,NORMA-2383,640
42,NORMA-11723,641
42,NORMA-19853,642
42,NORMA-18450,643
42,NORMA-20705,644
42,NORMA-12049,645
42,NORMA-19662,646
42,NORMA-20581,647
42,NORMA-20830,648
42,NORMA-20253,649
42,NORMA-18700,650
42,NORMA-28586,651
42,NORMA-21157,652
42,NORMA-21309,653
42,NORMA-21626,654
42,NORMA-5170,655
42,NORMA-27341,656
42,NORMA-21249,657
42,NORMA-21609,658
42,NORMA-26102,659
42,NORMA-20377,660
42,NORMA-18372,661
42,NORMA-20990,662
42,NORMA-21335,663
42,NORMA-20043,664
42,NORMA-6505,665
42,NORMA-4436,666
42,NORMA-19431,667
42,NORMA-6181,668
42,NORMA-4631,669
42,NORMA-19530,670
42,NORMA-18762,671
42,NORMA-18803,672
42,NORMA-19238,673
42,NORMA-18769,674
42,NORMA-18992,675
42,NORMA-12048,676
42,NORMA-15237,677
42,NORMA-19844,678
42,NORMA-19405,679
42,NORMA-20871,680
42,NORMA-21522,681
42,NORMA-19628,682
42,NORMA-2579,683
42,NORMA-21620,684
42,NORMA-6630,685
42,NORMA-19909,686
42,NORMA-10708,687
42,NORMA-21746,688
42,NORMA-27121,689
42,NORMA-11760,690
42,NORMA-21776,691
42,NORMA-19833,692
42,NORMA-19949,693
42,NORMA-18967,694
42,NORMA-19634,695
42,NORMA-14113,696
42,NORMA-28203,697
42,NORMA-19631,698
42,NORMA-20288,699
42,NORMA-6758,700
42,NORMA-21390,701
42,NORMA-12814,702
42,NORMA-18646,703
42,NORMA-19506,704
42,NORMA-6967,705
42,NORMA-18806,706
42,NORMA-19056,707
42,NORMA-20137,708
42,NORMA-19125,709
42,NORMA-19730,710
42,NORMA-19620,711
42,NORMA-20235,712
42,NORMA-14279,713
42,NORMA-19968,714
42,NORMA-18570,715
42,NORMA-10931,716
42,NORMA-12026,717
42,NORMA-19049,718
42,NORMA-19741,719
42,NORMA-20868,720
42,NORMA-18492,721
42,NORMA-6880,722
42,NORMA-12228,723
42,NORMA-20914,724
42,NORMA-18900,725
42,NORMA-12039,726
42,NORMA-20569,727
42,NORMA-15060,728
42,NORMA-18350,729
42,NORMA-21599,730
42,NORMA-21229,731
42,NORMA-8238,732
42,NORMA-18815,733
42,NORMA-6084,734
42,NORMA-20106,735
42,NORMA-19365,736
42,NORMA-21236,737
42,NORMA-21649,738
42,NORMA-11474,739
42,NORMA-11631,740
42,NORMA-18898,741
42,NORMA-18690,742
42,NORMA-15004,743
42,NORMA-6343,744
42,NORMA-10745,745
42,NORMA-20922,746
42,NORMA-19297,747
42,NORMA-21333,748
42,NORMA-11527,749
42,NORMA-19735,750
42,NORMA-10590,751
42,NORMA-19077,752
42,NORMA-10534,753
42,NORMA-19182,754
42,NORMA-10653,755
42,NORMA-19124,756
42,NORMA-19480,757
42,NORMA-18818,758
42,NORMA-21410,759
42,NORMA-10347,760
42,NORMA-21139,761
42,NORMA-3966,762
42,NORMA-7127,763
42,NORMA-19272,764
42,NORMA-21205,765
42,NORMA-10878,766
42,NORMA-18601,767
42,NORMA-11292,768
42,NORMA-20403,769
42,NORMA-18714,770
42,NORMA-20849,771
42,NORMA-4500,772
42,NORMA-23361,773
42,NORMA-4792,774
42,NORMA-1567,775
42,NORMA-19444,776
42,NORMA-21147,777
42,NORMA-18712,778
42,NORMA-19609,779
42,NORMA-20778,780
42,NORMA-19047,781
42,NORMA-29005,782
42,NORMA-13514,783
42,NORMA-18290,784
42,NORMA-18953,785
42,NORMA-21016,786
42,NORMA-25902,787
42,NORMA-18540,788
42,NORMA-13323,789
42,NORMA-19437,790
42,NORMA-14239,791
42,NORMA-21784,792
42,NORMA-11655,793
42,NORMA-5925,794
42,NORMA-20901,795
42,NORMA-21211,796
42,NORMA-21537,797
42,NORMA-7389,798
42,NORMA-19485,799
42,NORMA-6887,800
42,NORMA-18444,801
42,NORMA-21150,802
42,NORMA-8667,803
42,NORMA-19384,804
42,NORMA-4929,805
42,NORMA-20999,806
42,NORMA-462,807
42,NORMA-21431,808
42,NORMA-19337,809
42,NORMA-20668,810
42,NORMA-19438,811
42,NORMA-19373,812
42,NORMA-12014,813
42,NORMA-12234,814
42,NORMA-20060,815
42,NORMA-14390,816
42,NORMA-20877,817
42,NORMA-783,818
42,NORMA-9888,819
42,NORMA-19233,820
42,NORMA-21280,821
42,NORMA-21069,822
42,NORMA-19223,823
42,NORMA-12232,824
42,NORMA-1718,825
42,NORMA-19871,826
42,NORMA-206,827
42,NORMA-15542,828
42,NORMA-21238,829
42,NORMA-19784,830
42,NORMA-553,831
42,NORMA-19412,832
42,NORMA-21327,833
42,NORMA-19205,834
42,NORMA-18426,835
42,NORMA-20298,836
42,NORMA-21122,837
42,NORMA-18616,838
42,NORMA-21605,839
42,NORMA-20800,840
42,NORMA-21750,841
42,NORMA-19768,842
42,NORMA-18685,843
42,NORMA-19454,844
42,NORMA-1463,845
42,NORMA-15802,846
42,NORMA-11868,847
42,NORMA-220,848
42,NORMA-19691,849
42,NORMA-18937,850
42,NORMA-19240,851
42,NORMA-6344,852
42,NORMA-20139,853
42,NORMA-20202,854
42,NORMA-18774,855
42,NORMA-20811,856
42,NORMA-21752,857
42,NORMA-21132,858
42,NORMA-12060,859
42,NORMA-19174,860
42,NORMA-1516,861
42,NORMA-21443,862
42,NORMA-1620,863
42,NORMA-21463,864
42,NORMA-20854,865
42,NORMA-20558,866
42,NORMA-27221,867
42,NORMA-20221,868
42,NORMA-560,869
42,NORMA-20917,870
42,NORMA-21279,871
42,NORMA-20192,872
42,NORMA-19605,873
42,NORMA-25201,874
42,NORMA-19791,875
42,NORMA-20861,876
42,NORMA-222,877
42,NORMA-19789,878
42,NORMA-19518,879
42,NORMA-6257,880
42,NORMA-21500,881
42,NORMA-13990,882
42,NORMA-13519,883
42,NORMA-19526,884
42,NORMA-18653,885
42,NORMA-974,886
42,NORMA-13229,887
42,NORMA-20169,888
42,NORMA-3642,889
42,NORMA-6291,890
42,NORMA-21630,891
42,NORMA-20304,892
42,NORMA-9785,893
42,NORMA-18773,894
42,NORMA-12006,895
42,NORMA-10267,896
42,NORMA-10034,897
42,NORMA-9595,898
42,NORMA-18300,899
42,NORMA-18341,900
42,NORMA-6398,901
42,NORMA-19828,902
42,NORMA-21363,903
42,NORMA-7241,904
42,NORMA-18227,905
42,NORMA-3381,906
42,NORMA-21197,907
42,NORMA-21691,908
42,NORMA-18772,909
42,NORMA-18701,910
42,NORMA-18245,911
42,NORMA-11476,912
42,NORMA-923,913
42,NORMA-835,914
42,NORMA-2184,915
42,NORMA-6702,916
42,NORMA-18802,917
42,NORMA-21519,918
42,NORMA-5913,919
42,NORMA-23101,920
42,NORMA-772,921
42,NORMA-6321,922
42,NORMA-19011,923
42,NORMA-20263,924
42,NORMA-20523,925
42,NORMA-217,926
42,NORMA-19845,927
42,NORMA-834,928
42,NORMA-6268,929
42,NORMA-12018,930
42,NORMA-18314,931
42,NORMA-18935,932
42,NORMA-22561,933
42,NORMA-18706,934
42,NORMA-14985,935
42,NORMA-20577,936
42,NORMA-6488,937
42,NORMA-21063,938
42,NORMA-19738,939
42,NORMA-21299,940
42,NORMA-7390,941
42,NORMA-218,942
42,NORMA-15901,943
42,NORMA-21151,944
42,NORMA-18502,945
42,NORMA-12437,946
42,NORMA-5139,947
42,NORMA-6856,948
42,NORMA-18984,949
42,NORMA-802,950
42,NORMA-19017,951
42,NORMA-13222,952
42,NORMA-7041,953
42,NORMA-10559,954
42,NORMA-801,955
42,NORMA-2185,956
42,NORMA-660,957
42,NORMA-1611,958
42,NORMA-6410,959
42,NORMA-20183,960
42,NORMA-554,961
42,NORMA-59,962
42,NORMA-11756,963
42,NORMA-31923,964
42,NORMA-11882,965
42,NORMA-18933,966
42,NORMA-21206,967
42,NORMA-19377,968
42,NORMA-21406,969
42,NORMA-18932,970
42,NORMA-19128,971
42,NORMA-6249,972
42,NORMA-4768,973
42,NORMA-1222,974
42,NORMA-18541,975
42,NORMA-11000,976
42,NORMA-18360,977
42,NORMA-11679,978
42,NORMA-2013,979
42,NORMA-9792,980
42,NORMA-19466,981
42,NORMA-19067,982
42,NORMA-18727,983
42,NORMA-20625,984
42,NORMA-18381,985
42,NORMA-18469,986
42,NORMA-18602,987
42,NORMA-11814,988
42,NORMA-18470,989
42,NORMA-19493,990
42,NORMA-20046,991
42,NORMA-12029,992
42,NORMA-20077,993
42,NORMA-19275,994
42,NORMA-21653,995
42,NORMA-483,996
42,NORMA-18203,997
42,NORMA-6521,998
42,NORMA-21544,999
42,NORMA-21767,1000
43,NORMA-19565,1
43,NORMA-19729,2
43,NORMA-21690,3
43,NORMA-19180,4
43,NORMA-21250,5
43,NORMA-18545,6
43,NORMA-18302,7
43,NORMA-18648,8
43,NORMA-21008,9
43,NORMA-18407,10
43,NORMA-19644,11
43,NORMA-19852,12
43,NORMA-21291,13
43,NORMA-21129,14
43,NORMA-18531,15
43,NORMA-18559,16
43,NORMA-19629,17
43,NORMA-19175,18
43,NORMA-19585,19
43,NORMA-19448,20
43,NORMA-21060,21
43,NORMA-19595,22
43,NORMA-20180,23
43,NORMA-18243,24
43,NORMA-19741,25
43,NORMA-20134,26
43,NORMA-18202,27
43,NORMA-15802,28
43,NORMA-12066,29
43,NORMA-14688,30
43,NORMA-15229,31
43,NORMA-19515,32
43,NORMA-14850,33
43,NORMA-18835,34
43,NORMA-6679,35
43,NORMA-18942,36
43,NORMA-19179,37
43,NORMA-21121,38
43,NORMA-18540,39
43,NORMA-21058,40
43,NORMA-19518,41
43,NORMA-13345,42
43,NORMA-6753,43
43,NORMA-19566,44
43,NORMA-21026,45
43,NORMA-9835,46
43,NORMA-19780,47
43,NORMA-19138,48
43,NORMA-6702,49
43,NORMA-18998,50
43,NORMA-19466,51
43,NORMA-19377,52
43,NORMA-18565,53
43,NORMA-19768,54
43,NORMA-9481,55
43,NORMA-27221,56
43,NORMA-18529,57
43,NORMA-11601,58
43,NORMA-19431,59
43,NORMA-19436,60
43,NORMA-19481,61
43,NORMA-18900,62
43,NORMA-18939,63
43,NORMA-19682,64
43,NORMA-20104,65
43,NORMA-19794,66
43,NORMA-19440,67
43,NORMA-20060,68
43,NORMA-20151,69
43,NORMA-6948,70
43,NORMA-19546,71
43,NORMA-18870,72
43,NORMA-19643,73
43,NORMA-20062,74
43,NORMA-20817,75
43,NORMA-18332,76
43,NORMA-6783,77
43,NORMA-19972,78
43,NORMA-20097,79
43,NORMA-19589,80
43,NORMA-8028,81
43,NORMA-7222,82
43,NORMA-19835,83
43,NORMA-7386,84
43,NORMA-20163,85
43,NORMA-18428,86
43,NORMA-18267,87
43,NORMA-6140,88
43,NORMA-7225,89
43,NORMA-7113,90
43,NORMA-19902,91
43,NORMA-19926,92
43,NORMA-18882,93
43,NORMA-19748,94
43,NORMA-8435,95
43,NORMA-4909,96
43,NORMA-9724,97
43,NORMA-21115,98
43,NORMA-19810,99
43,NORMA-21012,100
43,NORMA-21659,101
43,NORMA-18799,102
43,NORMA-18494,103
43,NORMA-19072,104
43,NORMA-19815,105
43,NORMA-18595,106
43,NORMA-4746,107
43,NORMA-20964,108
43,NORMA-18624,109
43,NORMA-13402,110
43,NORMA-19183,111
43,NORMA-4830,112
43,NORMA-21669,113
43,NORMA-19817,114
43,NORMA-11713,115
43,NORMA-18616,116
43,NORMA-12910,117
43,NORMA-20649,118
43,NORMA-19230,119
43,NORMA-20149,120
43,NORMA-18414,121
43,NORMA-19833,122
43,NORMA-19110,123
43,NORMA-18391,124
43,NORMA-21666,125
43,NORMA-20217,126
43,NORMA-20102,127
43,NORMA-20094,128
43,NORMA-21187,129
43,NORMA-20712,130
43,NORMA-19328,131
43,NORMA-20105,132
43,NORMA-20101,133
43,NORMA-6881,134
43,NORMA-6701,135
43,NORMA-19951,136
43,NORMA-6643,137
43,NORMA-20162,138
43,NORMA-27761,139
43,NORMA-21044,140
43,NORMA-19746,141
43,NORMA-20113,142
43,NORMA-18904,143
43,NORMA-16202,144
43,NORMA-21661,145
43,NORMA-21496,146
43,NORMA-13469,147
43,NORMA-19981,148
43,NORMA-19738,149
43,NORMA-14937,150
43,NORMA-21131,151
43,NORMA-19605,152
43,NORMA-21063,153
43,NORMA-21218,154
43,NORMA-13158,155
43,NORMA-21413,156
43,NORMA-21211,157
43,NORMA-21224,158
43,NORMA-18754,159
43,NORMA-21233,160
43,NORMA-21228,161
43,NORMA-19617,162
43,NORMA-21239,163
43,NORMA-19839,164
43,NORMA-21506,165
43,NORMA-19573,166
43,NORMA-20125,167
43,NORMA-20945,168
43,NORMA-21756,169
43,NORMA-20110,170
43,NORMA-18932,171
43,NORMA-19631,172
43,NORMA-18927,173
43,NORMA-20706,174
43,NORMA-21253,175
43,NORMA-20581,176
43,NORMA-20738,177
43,NORMA-9297,178
43,NORMA-21553,179
43,NORMA-462,180
43,NORMA-19841,181
43,NORMA-20055,182
43,NORMA-20692,183
43,NORMA-25902,184
43,NORMA-11496,185
43,NORMA-19578,186
43,NORMA-20278,187
43,NORMA-13480,188
43,NORMA-19792,189
43,NORMA-12165,190
43,NORMA-21625,191
43,NORMA-20803,192
43,NORMA-21205,193
43,NORMA-7279,194
43,NORMA-20802,195
43,NORMA-21484,196
43,NORMA-21792,197
43,NORMA-19416,198
43,NORMA-21236,199
43,NORMA-20108,200
43,NORMA-12886,201
43,NORMA-21638,202
43,NORMA-18688,203
43,NORMA-7025,204
43,NORMA-21367,205
43,NORMA-21626,206
43,NORMA-20167,207
43,NORMA-2184,208
43,NORMA-21344,209
43,NORMA-9384,210
43,NORMA-6636,211
43,NORMA-18934,212
43,NORMA-20902,213
43,NORMA-22721,214
43,NORMA-16481,215
43,NORMA-18903,216
43,NORMA-19174,217
43,NORMA-16403,218
43,NORMA-21550,219
43,NORMA-20558,220
43,NORMA-18656,221
43,NORMA-11588,222
43,NORMA-19013,223
43,NORMA-12089,224
43,NORMA-21020,225
43,NORMA-4091,226
43,NORMA-1421,227
43,NORMA-20766,228
43,NORMA-6185,229
43,NORMA-18863,230
43,NORMA-19789,231
43,NORMA-19809,232
43,NORMA-14898,233
43,NORMA-20684,234
43,NORMA-21244,235
43,NORMA-835,236
43,NORMA-21739,237
43,NORMA-20995,238
43,NORMA-19930,239
43,NORMA-21256,240
43,NORMA-20615,241
43,NORMA-21226,242
43,NORMA-6627,243
43,NORMA-14498,244
43,NORMA-704,245
43,NORMA-18289,246
43,NORMA-18795,247
43,NORMA-3241,248
43,NORMA-222,249
43,NORMA-20050,250
43,NORMA-18319,251
43,NORMA-21406,252
43,NORMA-19808,253
43,NORMA-5536,254
43,NORMA-21185,255
43,NORMA-6644,256
43,NORMA-6321,257
43,NORMA-6957,258
43,NORMA-6509,259
43,NORMA-21607,260
43,NORMA-20263,261
43,NORMA-26841,262
43,NORMA-18984,263
43,NORMA-21095,264
43,NORMA-21237,265
43,NORMA-21398,266
43,NORMA-9382,267
43,NORMA-20888,268
43,NORMA-6621,269
43,NORMA-206,270
43,NORMA-1740,271
43,NORMA-19818,272
43,NORMA-18420,273
43,NORMA-6199,274
43,NORMA-18836,275
43,NORMA-18208,276
43,NORMA-19942,277
43,NORMA-20029,278
43,NORMA-1613,279
43,NORMA-20058,280
43,NORMA-21223,281
43,NORMA-19760,282
43,NORMA-18537,283
43,NORMA-11751,284
43,NORMA-7651,285
43,NORMA-28203,286
43,NORMA-4818,287
43,NORMA-20064,288
43,NORMA-19959,289
43,NORMA-20880,290
43,NORMA-1663,291
43,NORMA-13545,292
43,NORMA-18474,293
43,NORMA-2517,294
43,NORMA-6641,295
43,NORMA-17201,296
43,NORMA-19387,297
43,NORMA-18897,298
43,NORMA-332,299
43,NORMA-9823,300
43,NORMA-1471,301
43,NORMA-13508,302
43,NORMA-22561,303
43,NORMA-19384,304
43,NORMA-20920,305
43,NORMA-19569,306
43,NORMA-19803,307
43,NORMA-8931,308
43,NORMA-19563,309
43,NORMA-19735,310
43,NORMA-11454,311
43,NORMA-21150,312
43,NORMA-19941,313
43,NORMA-10267,314
43,NORMA-20643,315
43,NORMA-1994,316
43,NORMA-18342,317
43,NORMA-10226,318
43,NORMA-19606,319
43,NORMA-26201,320
43,NORMA-9834,321
43,NORMA-19096,322
43,NORMA-21269,323
43,NORMA-6757,324
43,NORMA-20304,325
43,NORMA-19379,326
43,NORMA-15237,327
43,NORMA-1342,328
43,NORMA-12105,329
43,NORMA-11655,330
43,NORMA-12039,331
43,NORMA-2158,332
43,NORMA-14239,333
43,NORMA-20521,334
43,NORMA-13004,335
43,NORMA-19940,336
43,NORMA-12102,337
43,NORMA-19849,338
43,NORMA-6958,339
43,NORMA-6257,340
43,NORMA-19378,341
43,NORMA-11715,342
43,NORMA-18233,343
43,NORMA-1662,344
43,NORMA-21417,345
43,NORMA-21545,346
43,NORMA-21460,347
43,NORMA-18247,348
43,NORMA-20789,349
43,NORMA-15581,350
43,NORMA-6669,351
43,NORMA-18954,352
43,NORMA-21468,353
43,NORMA-834,354
43,NORMA-20236,355
43,NORMA-20098,356
43,NORMA-21151,357
43,NORMA-28221,358
43,NORMA-20432,359
43,NORMA-33288,360
43,NORMA-19620,361
43,NORMA-6344,362
43,NORMA-18226,363
43,NORMA-1485,364
43,NORMA-1365,365
43,NORMA-19621,366
43,NORMA-18689,367
43,NORMA-19275,368
43,NORMA-33308,369
43,NORMA-15921,370
43,NORMA-22862,371
43,NORMA-21755,372
43,NORMA-19170,373
43,NORMA-21110,374
43,NORMA-19649,375
43,NORMA-19634,376
43,NORMA-18839,377
43,NORMA-20082,378
43,NORMA-19903,379
43,NORMA-15701,380
43,NORMA-19520,381
43,NORMA-1390,382
43,NORMA-20090,383
43,NORMA-18239,384
43,NORMA-1151,385
43,NORMA-19292,386
43,NORMA-18935,387
43,NORMA-19968,388
43,NORMA-18653,389
43,NORMA-19454,390
43,NORMA-3121,391
43,NORMA-19474,392
43,NORMA-6698,393
43,NORMA-772,394
43,NORMA-236,395
43,NORMA-15004,396
43,NORMA-323,397
43,NORMA-19473,398
43,NORMA-754,399
43,NORMA-21152,400
43,NORMA-3381,401
43,NORMA-21547,402
43,NORMA-18549,403
43,NORMA-11731,404
43,NORMA-1373,405
43,NORMA-5626,406
43,NORMA-1534,407
43,NORMA-20100,408
43,NORMA-6083,409
43,NORMA-21299,410
43,NORMA-21260,411
43,NORMA-19249,412
43,NORMA-1222,413
43,NORMA-26701,414
43,NORMA-8027,415
43,NORMA-18793,416
43,NORMA-783,417
43,NORMA-3503,418
43,NORMA-19181,419
43,NORMA-20070,420
43,NORMA-974,421
43,NORMA-6253,422
43,NORMA-20891,423
43,NORMA-18424,424
43,NORMA-21461,425
43,NORMA-18295,426
43,NORMA-21752,427
43,NORMA-18577,428
43,NORMA-25201,429
43,NORMA-20877,430
43,NORMA-20376,431
43,NORMA-20038,432
43,NORMA-19212,433
43,NORMA-18359,434
43,NORMA-21197,435
43,NORMA-16424,436
43,NORMA-60,437
43,NORMA-2032,438
43,NORMA-9893,439
43,NORMA-21124,440
43,NORMA-1573,441
43,NORMA-20941,442
43,NORMA-11734,443
43,NORMA-12038,444
43,NORMA-21676,445
43,NORMA-1341,446
43,NORMA-31904,447
43,NORMA-560,448
43,NORMA-20051,449
43,NORMA-13094,450
43,NORMA-21783,451
43,NORMA-21419,452
43,NORMA-20428,453
43,NORMA-11882,454
43,NORMA-18944,455
43,NORMA-28961,456
43,NORMA-18921,457
43,NORMA-19758,458
43,NORMA-2005,459
43,NORMA-21196,460
43,NORMA-18999,461
43,NORMA-75,462
43,NORMA-20369,463
43,NORMA-20043,464
43,NORMA-4711,465
43,NORMA-20853,466
43,NORMA-19821,467
43,NORMA-11687,468
43,NORMA-28981,469
43,NORMA-4075,470
43,NORMA-15881,471
43,NORMA-10309,472
43,NORMA-14661,473
43,NORMA-970,474
43,NORMA-18668,475
43,NORMA-328,476
43,NORMA-6962,477
43,NORMA-3687,478
43,NORMA-2546,479
43,NORMA-11756,480
43,NORMA-19960,481
43,NORMA-20651,482
43,NORMA-18818,483
43,NORMA-18762,484
43,NORMA-6758,485
43,NORMA-19570,486
43,NORMA-20599,487
43,NORMA-27022,488
43,NORMA-28281,489
43,NORMA-2135,490
43,NORMA-21402,491
43,NORMA-2269,492
43,NORMA-14463,493
43,NORMA-13583,494
43,NORMA-18248,495
43,NORMA-18898,496
43,NORMA-802,497
43,NORMA-4275,498
43,NORMA-13160,499
43,NORMA-28362,500
43,NORMA-18962,501
43,NORMA-643,502
43,NORMA-59,503
43,NORMA-660,504
43,NORMA-20114,505
43,NORMA-12060,506
43,NORMA-20577,507
43,NORMA-2013,508
43,NORMA-801,509
43,NORMA-20175,510
43,NORMA-2185,511
43,NORMA-11316,512
43,NORMA-1611,513
43,NORMA-554,514
43,NORMA-18276,515
43,NORMA-20598,516
43,NORMA-15211,517
43,NORMA-6955,518
43,NORMA-18952,519
43,NORMA-21609,520
43,NORMA-19844,521
43,NORMA-5586,522
43,NORMA-3201,523
43,NORMA-20562,524
43,NORMA-18748,525
43,NORMA-19770,526
43,NORMA-19749,527
43,NORMA-19615,528
43,NORMA-6318,529
43,NORMA-21267,530
43,NORMA-20238,531
43,NORMA-18584,532
43,NORMA-18550,533
43,NORMA-18691,534
43,NORMA-19599,535
43,NORMA-20316,536
43,NORMA-19883,537
43,NORMA-20930,538
43,NORMA-11417,539
43,NORMA-18826,540
43,NORMA-19574,541
43,NORMA-2091,542
43,NORMA-15901,543
43,NORMA-20725,544
43,NORMA-19461,545
43,NORMA-20241,546
43,NORMA-24582,547
43,NORMA-20924,548
43,NORMA-16268,549
43,NORMA-21112,550
43,NORMA-11814,551
43,NORMA-20309,552
43,NORMA-20744,553
43,NORMA-2536,554
43,NORMA-20561,555
43,NORMA-21310,556
43,NORMA-18211,557
43,NORMA-883,558
43,NORMA-12067,559
43,NORMA-18501,560
43,NORMA-9984,561
43,NORMA-18669,562
43,NORMA-21418,563
43,NORMA-21238,564
43,NORMA-10691,565
43,NORMA-12952,566
43,NORMA-20290,567
43,NORMA-21541,568
43,NORMA-984,569
43,NORMA-19715,570
43,NORMA-19152,571
43,NORMA-14263,572
43,NORMA-11085,573
43,NORMA-8205,574
43,NORMA-19842,575
43,NORMA-14294,576
43,NORMA-18456,577
43,NORMA-28181,578
43,NORMA-7384,579
43,NORMA-21675,580
43,NORMA-21069,581
43,NORMA-20053,582
43,NORMA-893,583
43,NORMA-18747,584
43,NORMA-14459,585
43,NORMA-20422,586
43,NORMA-5925,587
43,NORMA-21647,588
43,NORMA-18798,589
43,NORMA-21564,590
43,NORMA-19380,591
43,NORMA-12029,592
43,NORMA-19372,593
43,NORMA-229,594
43,NORMA-18933,595
43,NORMA-18439,596
43,NORMA-19983,597
43,NORMA-19980,598
43,NORMA-1620,599
43,NORMA-1603,600
43,NORMA-13476,601
43,NORMA-21247,602
43,NORMA-2543,603
43,NORMA-13298,604
43,NORMA-15521,605
43,NORMA-1649,606
43,NORMA-18554,607
43,NORMA-5360,608
43,NORMA-1250,609
43,NORMA-11632,610
43,NORMA-1463,611
43,NORMA-5496,612
43,NORMA-18992,613
43,NORMA-18479,614
43,NORMA-20831,615
43,NORMA-13918,616
43,NORMA-19503,617
43,NORMA-1516,618
43,NORMA-20349,619
43,NORMA-20096,620
43,NORMA-19904,621
43,NORMA-9110,622
43,NORMA-19651,623
43,NORMA-11628,624
43,NORMA-7942,625
43,NORMA-13470,626
43,NORMA-18788,627
43,NORMA-20087,628
43,NORMA-9670,629
43,NORMA-15339,630
43,NORMA-19767,631
43,NORMA-21408,632
43,NORMA-18654,633
43,NORMA-21300,634
43,NORMA-27044,635
43,NORMA-19647,636
43,NORMA-19498,637
43,NORMA-21705,638
43,NORMA-10116,639
43,NORMA-20989,640
43,NORMA-19667,641
43,NORMA-21252,642
43,NORMA-18797,643
43,NORMA-18541,644
43,NORMA-20488,645
43,NORMA-555,646
43,NORMA-602,647
43,NORMA-6673,648
43,NORMA-11557,649
43,NORMA-20931,650
43,NORMA-18706,651
43,NORMA-20742,652
43,NORMA-20936,653
43,NORMA-20223,654
43,NORMA-9595,655
43,NORMA-11813,656
43,NORMA-20164,657
43,NORMA-21634,658
43,NORMA-20359,659
43,NORMA-15603,660
43,NORMA-21217,661
43,NORMA-11620,662
43,NORMA-21139,663
43,NORMA-18360,664
43,NORMA-18915,665
43,NORMA-18254,666
43,NORMA-10629,667
43,NORMA-6249,668
43,NORMA-18301,669
43,NORMA-3001,670
43,NORMA-21787,671
43,NORMA-18464,672
43,NORMA-18511,673
43,NORMA-21248,674
43,NORMA-20490,675
43,NORMA-19391,676
43,NORMA-13195,677
43,NORMA-20982,678
43,NORMA-20900,679
43,NORMA-20091,680
43,NORMA-18430,681
43,NORMA-2126,682
43,NORMA-18724,683
43,NORMA-20037,684
43,NORMA-18284,685
43,NORMA-18219,686
43,NORMA-15561,687
43,NORMA-18988,688
43,NORMA-18981,689
43,NORMA-20790,690
43,NORMA-12657,691
43,NORMA-20503,692
43,NORMA-6752,693
43,NORMA-18807,694
43,NORMA-21537,695
43,NORMA-20474,696
43,NORMA-20465,697
43,NORMA-21231,698
43,NORMA-3382,699
43,NORMA-20690,700
43,NORMA-19095,701
43,NORMA-18796,702
43,NORMA-19583,703
43,NORMA-7625,704
43,NORMA-18527,705
43,NORMA-19429,706
43,NORMA-1085,707
43,NORMA-21072,708
43,NORMA-19087,709
43,NORMA-20985,710
43,NORMA-875,711
43,NORMA-7110,712
43,NORMA-1332,713
43,NORMA-1408,714
43,NORMA-19593,715
43,NORMA-20046,716
43,NORMA-20758,717
43,NORMA-19228,718
43,NORMA-18465,719
43,NORMA-21166,720
43,NORMA-2190,721
43,NORMA-21055,722
43,NORMA-1223,723
43,NORMA-20918,724
43,NORMA-2428,725
43,NORMA-20660,726
43,NORMA-6736,727
43,NORMA-19021,728
43,NORMA-10375,729
43,NORMA-20460,730
43,NORMA-2483,731
43,NORMA-18780,732
43,NORMA-21631,733
43,NORMA-28001,734
43,NORMA-18994,735
43,NORMA-11864,736
43,NORMA-18375,737
43,NORMA-2503,738
43,NORMA-11774,739
43,NORMA-20865,740
43,NORMA-18266,741
43,NORMA-19701,742
43,NORMA-2478,743
43,NORMA-19637,744
43,NORMA-18815,745
43,NORMA-19658,746
43,NORMA-21695,747
43,NORMA-863,748
43,NORMA-18991,749
43,NORMA-996,750
43,NORMA-9111,751
43,NORMA-20119,752
43,NORMA-2183,753
43,NORMA-781,754
43,NORMA-666,755
43,NORMA-21523,756
43,NORMA-21515,757
43,NORMA-871,758
43,NORMA-6084,759
43,NORMA-664,760
43,NORMA-865,761
43,NORMA-20851,762
43,NORMA-966,763
43,NORMA-12956,764
43,NORMA-4294,765
43,NORMA-21535,766
43,NORMA-1033,767
43,NORMA-21229,768
43,NORMA-18446,769
43,NORMA-18997,770
43,NORMA-13514,771
43,NORMA-21528,772
43,NORMA-19555,773
43,NORMA-20886,774
43,NORMA-20505,775
43,NORMA-1013,776
43,NORMA-19536,777
43,NORMA-396,778
43,NORMA-21062,779
43,NORMA-2189,780
43,NORMA-703,781
43,NORMA-1044,782
43,NORMA-9888,783
43,NORMA-2574,784
43,NORMA-19220,785
43,NORMA-2426,786
43,NORMA-21114,787
43,NORMA-903,788
43,NORMA-10708,789
43,NORMA-20473,790
43,NORMA-1026,791
43,NORMA-2485,792
43,NORMA-15882,793
43,NORMA-978,794
43,NORMA-1840,795
43,NORMA-20157,796
43,NORMA-21698,797
43,NORMA-8384,798
43,NORMA-19383,799
43,NORMA-20928,800
43,NORMA-6856,801
43,NORMA-10878,802
43,NORMA-21289,803
43,NORMA-18307,804
43,NORMA-21759,805
43,NORMA-2383,806
43,NORMA-23222,807
43,NORMA-21147,808
43,NORMA-218,809
43,NORMA-18491,810
43,NORMA-9785,811
43,NORMA-20623,812
43,NORMA-20221,813
43,NORMA-20619,814
43,NORMA-1030,815
43,NORMA-10821,816
43,NORMA-5421,817
43,NORMA-985,818
43,NORMA-3281,819
43,NORMA-18837,820
43,NORMA-21679,821
43,NORMA-655,822
43,NORMA-21606,823
43,NORMA-18378,824
43,NORMA-4710,825
43,NORMA-2399,826
43,NORMA-21207,827
43,NORMA-18303,828
43,NORMA-21555,829
43,NORMA-7381,830
43,NORMA-20834,831
43,NORMA-12113,832
43,NORMA-19587,833
43,NORMA-6245,834
43,NORMA-21241,835
43,NORMA-217,836
43,NORMA-13797,837
43,NORMA-19733,838
43,NORMA-18394,839
43,NORMA-11612,840
43,NORMA-19740,841
43,NORMA-18411,842
43,NORMA-11470,843
43,NORMA-18222,844
43,NORMA-20904,845
43,NORMA-9792,846
43,NORMA-19232,847
43,NORMA-20906,848
43,NORMA-20407,849
43,NORMA-21159,850
43,NORMA-18802,851
43,NORMA-2389,852
43,NORMA-19028,853
43,NORMA-20961,854
43,NORMA-11615,855
43,NORMA-18958,856
43,NORMA-21649,857
43,NORMA-19724,858
43,NORMA-20398,859
43,NORMA-20188,860
43,NORMA-21434,861
43,NORMA-6082,862
43,NORMA-21725,863
43,NORMA-6488,864
43,NORMA-18528,865
43,NORMA-18432,866
43,NORMA-712,867
43,NORMA-7390,868
43,NORMA-21157,869
43,NORMA-10119,870
43,NORMA-28422,871
43,NORMA-18492,872
43,NORMA-18773,873
43,NORMA-18364,874
43,NORMA-4423,875
43,NORMA-19499,876
43,NORMA-20192,877
43,NORMA-6268,878
43,NORMA-20714,879
43,NORMA-19081,880
43,NORMA-18291,881
43,NORMA-18859,882
43,NORMA-26003,883
43,NORMA-18264,884
43,NORMA-6410,885
43,NORMA-20914,886
43,NORMA-27341,887
43,NORMA-21717,888
43,NORMA-20959,889
43,NORMA-4425,890
43,NORMA-8814,891
43,NORMA-18502,892
43,NORMA-21766,893
43,NORMA-21305,894
43,NORMA-6645,895
43,NORMA-20912,896
43,NORMA-11665,897
43,NORMA-18204,898
43,NORMA-18813,899
43,NORMA-20183,900
43,NORMA-21122,901
43,NORMA-18306,902
43,NORMA-20901,903
43,NORMA-6092,904
43,NORMA-570,905
43,NORMA-658,906
43,NORMA-19330,907
43,NORMA-18806,908
43,NORMA-18630,909
43,NORMA-854,910
43,NORMA-18274,911
43,NORMA-21521,912
43,NORMA-7149,913
43,NORMA-16443,914
43,NORMA-20253,915
43,NORMA-28703,916
43,NORMA-23965,917
43,NORMA-16442,918
43,NORMA-16441,919
43,NORMA-28663,920
43,NORMA-20197,921
43,NORMA-18816,922
43,NORMA-8522,923
43,NORMA-4277,924
43,NORMA-18690,925
43,NORMA-20302,926
43,NORMA-20922,927
43,NORMA-20189,928
43,NORMA-7525,929
43,NORMA-20480,930
43,NORMA-10044,931
43,NORMA-20869,932
43,NORMA-18781,933
43,NORMA-20596,934
43,NORMA-20296,935
43,NORMA-1714,936
43,NORMA-1681,937
43,NORMA-21125,938
43,NORMA-14516,939
43,NORMA-2276,940
43,NORMA-1727,941
43,NORMA-2137,942
43,NORMA-14395,943
43,NORMA-12791,944
43,NORMA-2629,945
43,NORMA-2081,946
43,NORMA-19456,947
43,NORMA-21414,948
43,NORMA-1960,949
43,NORMA-1826,950
43,NORMA-1723,951
43,NORMA-12174,952
43,NORMA-12162,953
43,NORMA-6968,954
43,NORMA-19455,955
43,NORMA-18320,956
43,NORMA-21776,957
43,NORMA-634,958
43,NORMA-11760,959
43,NORMA-18864,960
43,NORMA-6880,961
43,NORMA-18403,962
43,NORMA-20754,963
43,NORMA-21440,964
43,NORMA-11868,965
43,NORMA-20948,966
43,NORMA-6505,967
43,NORMA-2551,968
43,NORMA-21608,969
43,NORMA-21199,970
43,NORMA-14279,971
43,NORMA-4631,972
43,NORMA-1144,973
43,NORMA-20856,974
43,NORMA-31923,975
43,NORMA-11736,976
43,NORMA-18709,977
43,NORMA-20482,978
43,NORMA-20873,979
43,NORMA-19477,980
43,NORMA-21277,981
43,NORMA-20425,982
43,NORMA-3638,983
43,NORMA-20483,984
43,NORMA-12338,985
43,NORMA-21437,986
43,NORMA-18422,987
43,NORMA-3642,988
43,NORMA-19512,989
43,NORMA-11607,990
43,NORMA-20382,991
43,NORMA-19582,992
43,NORMA-21507,993
43,NORMA-4519,994
43,NORMA-11735,995
43,NORMA-21389,996
43,NORMA-20374,997
43,NORMA-21499,998
43,NORMA-7241,999
43,NORMA-4424,1000
44,NORMA-19746,1
44,NORMA-19518,2
44,NORMA-18916,3
44,NORMA-19758,4
44,NORMA-21151,5
44,NORMA-19454,6
44,NORMA-19808,7
44,NORMA-19749,8
44,NORMA-19760,9
44,NORMA-18901,10
44,NORMA-21049,11
44,NORMA-19770,12
44,NORMA-25801,13
44,NORMA-27543,14
44,NORMA-26684,15
44,NORMA-23281,16
44,NORMA-16321,17
44,NORMA-15781,18
44,NORMA-17541,19
44,NORMA-15046,20
44,NORMA-28341,21
44,NORMA-19759,22
44,NORMA-19998,23
44,NORMA-13497,24
44,NORMA-19772,25
44,NORMA-25041,26
44,NORMA-4492,27
44,NORMA-19771,28
44,NORMA-22281,29
44,NORMA-18893,30
44,NORMA-17001,31
44,NORMA-8435,32
44,NORMA-6140,33
44,NORMA-9724,34
44,NORMA-7113,35
44,NORMA-19745,36
44,NORMA-21526,37
44,NORMA-24361,38
44,NORMA-18890,39
44,NORMA-19606,40
44,NORMA-13708,41
44,NORMA-19818,42
44,NORMA-10709,43
44,NORMA-13602,44
44,NORMA-15145,45
44,NORMA-12824,46
44,NORMA-14229,47
44,NORMA-15373,48
44,NORMA-14384,49
44,NORMA-13774,50
44,NORMA-13660,51
44,NORMA-14566,52
44,NORMA-6147,53
44,NORMA-11315,54
44,NORMA-14224,55
44,NORMA-20622,56
44,NORMA-20945,57
44,NORMA-11939,58
44,NORMA-13159,59
44,NORMA-6863,60
44,NORMA-14485,61
44,NORMA-15206,62
44,NORMA-13488,63
44,NORMA-9521,64
44,NORMA-15298,65
44,NORMA-13806,66
44,NORMA-9010,67
44,NORMA-8096,68
44,NORMA-29261,69
44,NORMA-11151,70
44,NORMA-7494,71
44,NORMA-9618,72
44,NORMA-6062,73
44,NORMA-5210,74
44,NORMA-6278,75
44,NORMA-6049,76
44,NORMA-14746,77
44,NORMA-3577,78
44,NORMA-5360,79
44,NORMA-6226,80
44,NORMA-10116,81
44,NORMA-11085,82
44,NORMA-8205,83
44,NORMA-15321,84
44,NORMA-27364,85
44,NORMA-5496,86
44,NORMA-12554,87
44,NORMA-13991,88
44,NORMA-14294,89
44,NORMA-9857,90
44,NORMA-13897,91
44,NORMA-8762,92
44,NORMA-14225,93
44,NORMA-11754,94
44,NORMA-13591,95
44,NORMA-20138,96
44,NORMA-20596,97
44,NORMA-4355,98
44,NORMA-13476,99
44,NORMA-11442,100
44,NORMA-4561,101
44,NORMA-5814,102
44,NORMA-19326,103
44,NORMA-4627,104
44,NORMA-4689,105
44,NORMA-5561,106
44,NORMA-5437,107
44,NORMA-15339,108
44,NORMA-19087,109
44,NORMA-5895,110
44,NORMA-3785,111
44,NORMA-6783,112
44,NORMA-14714,113
44,NORMA-14644,114
44,NORMA-7547,115
44,NORMA-10285,116
44,NORMA-6978,117
44,NORMA-7386,118
44,NORMA-13918,119
44,NORMA-14849,120
44,NORMA-7222,121
44,NORMA-19627,122
44,NORMA-10595,123
44,NORMA-13449,124
44,NORMA-13470,125
44,NORMA-3789,126
44,NORMA-19039,127
44,NORMA-27044,128
44,NORMA-14116,129
44,NORMA-7225,130
44,NORMA-11867,131
44,NORMA-6786,132
44,NORMA-7303,133
44,NORMA-5920,134
44,NORMA-19765,135
44,NORMA-15363,136
44,NORMA-12431,137
44,NORMA-15211,138
44,NORMA-19351,139
44,NORMA-9708,140
44,NORMA-15094,141
44,NORMA-14241,142
44,NORMA-12067,143
44,NORMA-19459,144
44,NORMA-7543,145
44,NORMA-6976,146
44,NORMA-10785,147
44,NORMA-5616,148
44,NORMA-19553,149
44,NORMA-4296,150
44,NORMA-5708,151
44,NORMA-7388,152
44,NORMA-7389,153
44,NORMA-6739,154
44,NORMA-6802,155
44,NORMA-5942,156
44,NORMA-6480,157
44,NORMA-3872,158
44,NORMA-7223,159
44,NORMA-5136,160
44,NORMA-14937,161
44,NORMA-13158,162
44,NORMA-3529,163
44,NORMA-3849,164
44,NORMA-4560,165
44,NORMA-5555,166
44,NORMA-7153,167
44,NORMA-13469,168
44,NORMA-21678,169
44,NORMA-5885,170
44,NORMA-11965,171
44,NORMA-14904,172
44,NORMA-21651,173
44,NORMA-4480,174
44,NORMA-12602,175
44,NORMA-5219,176
44,NORMA-15251,177
44,NORMA-10793,178
44,NORMA-9084,179
44,NORMA-10593,180
44,NORMA-6399,181
44,NORMA-5406,182
44,NORMA-10122,183
44,NORMA-8643,184
44,NORMA-21554,185
44,NORMA-20221,186
44,NORMA-16202,187
44,NORMA-5376,188
44,NORMA-8101,189
44,NORMA-6202,190
44,NORMA-14779,191
44,NORMA-9289,192
44,NORMA-7076,193
44,NORMA-7553,194
44,NORMA-27761,195
44,NORMA-8580,196
44,NORMA-12375,197
44,NORMA-13627,198
44,NORMA-5909,199
44,NORMA-6145,200
44,NORMA-6164,201
44,NORMA-10747,202
44,NORMA-10206,203
44,NORMA-14510,204
44,NORMA-12910,205
44,NORMA-4954,206
44,NORMA-4767,207
44,NORMA-7234,208
44,NORMA-4019,209
44,NORMA-15014,210
44,NORMA-6442,211
44,NORMA-9223,212
44,NORMA-7196,213
44,NORMA-10461,214
44,NORMA-9802,215
44,NORMA-9234,216
44,NORMA-13510,217
44,NORMA-3985,218
44,NORMA-11093,219
44,NORMA-5526,220
44,NORMA-5833,221
44,NORMA-3901,222
44,NORMA-14035,223
44,NORMA-4105,224
44,NORMA-7308,225
44,NORMA-6988,226
44,NORMA-2660,227
44,NORMA-19734,228
44,NORMA-8261,229
44,NORMA-6984,230
44,NORMA-3503,231
44,NORMA-5736,232
44,NORMA-7307,233
44,NORMA-19735,234
44,NORMA-19737,235
44,NORMA-21241,236
44,NORMA-19578,237
44,NORMA-19422,238
44,NORMA-19851,239
44,NORMA-18887,240
44,NORMA-19813,241
44,NORMA-19832,242
44,NORMA-19743,243
44,NORMA-18748,244
44,NORMA-8266,245
44,NORMA-18988,246
44,NORMA-19742,247
44,NORMA-5490,248
44,NORMA-19739,249
44,NORMA-18350,250
44,NORMA-20051,251
44,NORMA-18903,252
44,NORMA-4035,253
44,NORMA-19820,254
44,NORMA-15167,255
44,NORMA-18378,256
44,NORMA-21676,257
44,NORMA-13746,258
44,NORMA-14828,259
44,NORMA-7535,260
44,NORMA-19736,261
44,NORMA-20059,262
44,NORMA-20043,263
44,NORMA-18915,264
44,NORMA-11443,265
44,NORMA-27365,266
44,NORMA-20062,267
44,NORMA-18360,268
44,NORMA-18835,269
44,NORMA-6948,270
44,NORMA-6804,271
44,NORMA-18942,272
44,NORMA-20636,273
44,NORMA-19831,274
44,NORMA-19938,275
44,NORMA-18427,276
44,NORMA-20075,277
44,NORMA-18930,278
44,NORMA-20044,279
44,NORMA-4039,280
44,NORMA-18944,281
44,NORMA-18769,282
44,NORMA-7617,283
44,NORMA-8028,284
44,NORMA-19605,285
44,NORMA-20705,286
44,NORMA-15396,287
44,NORMA-12613,288
44,NORMA-13789,289
44,NORMA-20521,290
44,NORMA-60,291
44,NORMA-20921,292
44,NORMA-18314,293
44,NORMA-18940,294
44,NORMA-19477,295
44,NORMA-18577,296
44,NORMA-18772,297
44,NORMA-18838,298
44,NORMA-20070,299
44,NORMA-7117,300
44,NORMA-7658,301
44,NORMA-18962,302
44,NORMA-24582,303
44,NORMA-18307,304
44,NORMA-20640,305
44,NORMA-21413,306
44,NORMA-18460,307
44,NORMA-25441,308
44,NORMA-19934,309
44,NORMA-19914,310
44,NORMA-23401,311
44,NORMA-19940,312
44,NORMA-5167,313
44,NORMA-20302,314
44,NORMA-17682,315
44,NORMA-18669,316
44,NORMA-19816,317
44,NORMA-13797,318
44,NORMA-21195,319
44,NORMA-20876,320
44,NORMA-19926,321
44,NORMA-19827,322
44,NORMA-27521,323
44,NORMA-4396,324
44,NORMA-20999,325
44,NORMA-18558,326
44,NORMA-19098,327
44,NORMA-18262,328
44,NORMA-18587,329
44,NORMA-18285,330
44,NORMA-19022,331
44,NORMA-18469,332
44,NORMA-18257,333
44,NORMA-18470,334
44,NORMA-18258,335
44,NORMA-18235,336
44,NORMA-18369,337
44,NORMA-19025,338
44,NORMA-19023,339
44,NORMA-18586,340
44,NORMA-18704,341
44,NORMA-20565,342
44,NORMA-18373,343
44,NORMA-18256,344
44,NORMA-18711,345
44,NORMA-20257,346
44,NORMA-18714,347
44,NORMA-19929,348
44,NORMA-29301,349
44,NORMA-18836,350
44,NORMA-19097,351
44,NORMA-29283,352
44,NORMA-23061,353
44,NORMA-18712,354
44,NORMA-19629,355
44,NORMA-24501,356
44,NORMA-25721,357
44,NORMA-21021,358
44,NORMA-19016,359
44,NORMA-18468,360
44,NORMA-18300,361
44,NORMA-7742,362
44,NORMA-21468,363
44,NORMA-18703,364
44,NORMA-18363,365
44,NORMA-19180,366
44,NORMA-20615,367
44,NORMA-18918,368
44,NORMA-18929,369
44,NORMA-18700,370
44,NORMA-18774,371
44,NORMA-18370,372
44,NORMA-18866,373
44,NORMA-18299,374
44,NORMA-18466,375
44,NORMA-20583,376
44,NORMA-23862,377
44,NORMA-21638,378
44,NORMA-20914,379
44,NORMA-19011,380
44,NORMA-19740,381
44,NORMA-19798,382
44,NORMA-5739,383
44,NORMA-20928,384
44,NORMA-18877,385
44,NORMA-18702,386
44,NORMA-21242,387
44,NORMA-20964,388
44,NORMA-20163,389
44,NORMA-18899,390
44,NORMA-20285,391
44,NORMA-21065,392
44,NORMA-20817,393
44,NORMA-4810,394
44,NORMA-7387,395
44,NORMA-21069,396
44,NORMA-6736,397
44,NORMA-14724,398
44,NORMA-19337,399
44,NORMA-19864,400
44,NORMA-3767,401
44,NORMA-11356,402
44,NORMA-12415,403
44,NORMA-12923,404
44,NORMA-13124,405
44,NORMA-8706,406
44,NORMA-12733,407
44,NORMA-13308,408
44,NORMA-4786,409
44,NORMA-26701,410
44,NORMA-8027,411
44,NORMA-20189,412
44,NORMA-36,413
44,NORMA-6958,414
44,NORMA-21305,415
44,NORMA-6856,416
44,NORMA-21309,417
44,NORMA-26841,418
44,NORMA-18474,419
44,NORMA-21499,420
44,NORMA-18974,421
44,NORMA-18826,422
44,NORMA-11627,423
44,NORMA-18927,424
44,NORMA-11665,425
44,NORMA-4780,426
44,NORMA-18906,427
44,NORMA-3582,428
44,NORMA-5157,429
44,NORMA-20778,430
44,NORMA-13402,431
44,NORMA-7358,432
44,NORMA-19933,433
44,NORMA-21669,434
44,NORMA-5600,435
44,NORMA-28362,436
44,NORMA-9166,437
44,NORMA-20087,438
44,NORMA-13106,439
44,NORMA-19959,440
44,NORMA-19542,441
44,NORMA-21386,442
44,NORMA-6379,443
44,NORMA-12872,444
44,NORMA-19426,445
44,NORMA-6050,446
44,NORMA-18211,447
44,NORMA-19105,448
44,NORMA-26881,449
44,NORMA-18685,450
44,NORMA-21659,451
44,NORMA-18934,452
44,NORMA-20880,453
44,NORMA-18709,454
44,NORMA-18554,455
44,NORMA-21026,456
44,NORMA-18221,457
44,NORMA-5372,458
44,NORMA-14413,459
44,NORMA-10208,460
44,NORMA-15071,461
44,NORMA-18355,462
44,NORMA-20305,463
44,NORMA-20610,464
44,NORMA-8992,465
44,NORMA-20655,466
44,NORMA-20638,467
44,NORMA-18367,468
44,NORMA-10255,469
44,NORMA-19971,470
44,NORMA-6142,471
44,NORMA-4194,472
44,NORMA-21171,473
44,NORMA-630,474
44,NORMA-9332,475
44,NORMA-18790,476
44,NORMA-10380,477
44,NORMA-19935,478
44,NORMA-19754,479
44,NORMA-20226,480
44,NORMA-9672,481
44,NORMA-19306,482
44,NORMA-18308,483
44,NORMA-20932,484
44,NORMA-12698,485
44,NORMA-19790,486
44,NORMA-20935,487
44,NORMA-19763,488
44,NORMA-20747,489
44,NORMA-3487,490
44,NORMA-18663,491
44,NORMA-19176,492
44,NORMA-20212,493
44,NORMA-21408,494
44,NORMA-20258,495
44,NORMA-21012,496
44,NORMA-21700,497
44,NORMA-18351,498
44,NORMA-20557,499
44,NORMA-11568,500
44,NORMA-18229,501
44,NORMA-12798,502
44,NORMA-20868,503
44,NORMA-19902,504
44,NORMA-19901,505
44,NORMA-5792,506
44,NORMA-19913,507
44,NORMA-10530,508
44,NORMA-6711,509
44,NORMA-18848,510
44,NORMA-15443,511
44,NORMA-20865,512
44,NORMA-3968,513
44,NORMA-12823,514
44,NORMA-19804,515
44,NORMA-20294,516
44,NORMA-19559,517
44,NORMA-19769,518
44,NORMA-19939,519
44,NORMA-19723,520
44,NORMA-19315,521
44,NORMA-13024,522
44,NORMA-19234,523
44,NORMA-20597,524
44,NORMA-19801,525
44,NORMA-19498,526
44,NORMA-18884,527
44,NORMA-19047,528
44,NORMA-20766,529
44,NORMA-19922,530
44,NORMA-21556,531
44,NORMA-20607,532
44,NORMA-21532,533
44,NORMA-18910,534
44,NORMA-19072,535
44,NORMA-19741,536
44,NORMA-20723,537
44,NORMA-19863,538
44,NORMA-19029,539
44,NORMA-20068,540
44,NORMA-19027,541
44,NORMA-20946,542
44,NORMA-21622,543
44,NORMA-21301,544
44,NORMA-10767,545
44,NORMA-19961,546
44,NORMA-20982,547
44,NORMA-14054,548
44,NORMA-11721,549
44,NORMA-19738,550
44,NORMA-19012,551
44,NORMA-18888,552
44,NORMA-21402,553
44,NORMA-6880,554
44,NORMA-12657,555
44,NORMA-6644,556
44,NORMA-6321,557
44,NORMA-19592,558
44,NORMA-21629,559
44,NORMA-18588,560
44,NORMA-25722,561
44,NORMA-21185,562
44,NORMA-21655,563
44,NORMA-20236,564
44,NORMA-21496,565
44,NORMA-11556,566
44,NORMA-6257,567
44,NORMA-18208,568
44,NORMA-6343,569
44,NORMA-20602,570
44,NORMA-21178,571
44,NORMA-18254,572
44,NORMA-21072,573
44,NORMA-20690,574
44,NORMA-20580,575
44,NORMA-9984,576
44,NORMA-14661,577
44,NORMA-21208,578
44,NORMA-7110,579
44,NORMA-10691,580
44,NORMA-3979,581
44,NORMA-20284,582
44,NORMA-20098,583
44,NORMA-14263,584
44,NORMA-18868,585
44,NORMA-18361,586
44,NORMA-12952,587
44,NORMA-5930,588
44,NORMA-21141,589
44,NORMA-20073,590
44,NORMA-14463,591
44,NORMA-21691,592
44,NORMA-20963,593
44,NORMA-923,594
44,NORMA-19985,595
44,NORMA-21255,596
44,NORMA-13174,597
44,NORMA-19566,598
44,NORMA-5170,599
44,NORMA-21274,600
44,NORMA-22862,601
44,NORMA-5269,602
44,NORMA-21725,603
44,NORMA-27001,604
44,NORMA-19181,605
44,NORMA-19177,606
44,NORMA-21409,607
44,NORMA-4428,608
44,NORMA-19600,609
44,NORMA-20046,610
44,NORMA-20432,611
44,NORMA-6318,612
44,NORMA-21275,613
44,NORMA-7466,614
44,NORMA-19948,615
44,NORMA-19941,616
44,NORMA-18462,617
44,NORMA-19981,618
44,NORMA-19667,619
44,NORMA-21647,620
44,NORMA-6758,621
44,NORMA-229,622
44,NORMA-19512,623
44,NORMA-19915,624
44,NORMA-14498,625
44,NORMA-228,626
44,NORMA-18937,627
44,NORMA-19979,628
44,NORMA-6185,629
44,NORMA-21762,630
44,NORMA-21132,631
44,NORMA-21683,632
44,NORMA-19303,633
44,NORMA-20936,634
44,NORMA-802,635
44,NORMA-19809,636
44,NORMA-21684,637
44,NORMA-2089,638
44,NORMA-2563,639
44,NORMA-59,640
44,NORMA-660,641
44,NORMA-15561,642
44,NORMA-2013,643
44,NORMA-801,644
44,NORMA-2185,645
44,NORMA-7362,646
44,NORMA-835,647
44,NORMA-1611,648
44,NORMA-20223,649
44,NORMA-18529,650
44,NORMA-554,651
44,NORMA-8214,652
44,NORMA-1471,653
44,NORMA-9382,654
44,NORMA-20598,655
44,NORMA-21389,656
44,NORMA-21586,657
44,NORMA-3739,658
44,NORMA-20581,659
44,NORMA-20196,660
44,NORMA-12965,661
44,NORMA-19329,662
44,NORMA-21227,663
44,NORMA-15234,664
44,NORMA-20183,665
44,NORMA-18303,666
44,NORMA-20704,667
44,NORMA-13954,668
44,NORMA-2158,669
44,NORMA-19095,670
44,NORMA-28586,671
44,NORMA-20916,672
44,NORMA-18815,673
44,NORMA-11598,674
44,NORMA-19930,675
44,NORMA-6641,676
44,NORMA-9893,677
44,NORMA-9792,678
44,NORMA-11655,679
44,NORMA-7835,680
44,NORMA-14239,681
44,NORMA-18989,682
44,NORMA-1740,683
44,NORMA-19442,684
44,NORMA-21791,685
44,NORMA-21624,686
44,NORMA-21584,687
44,NORMA-20494,688
44,NORMA-21434,689
44,NORMA-20730,690
44,NORMA-4822,691
44,NORMA-14240,692
44,NORMA-20616,693
44,NORMA-19715,694
44,NORMA-18434,695
44,NORMA-9920,696
44,NORMA-21157,697
44,NORMA-2517,698
44,NORMA-20569,699
44,NORMA-3241,700
44,NORMA-20139,701
44,NORMA-21367,702
44,NORMA-7704,703
44,NORMA-18694,704
44,NORMA-20924,705
44,NORMA-20790,706
44,NORMA-21344,707
44,NORMA-21252,708
44,NORMA-21756,709
44,NORMA-9248,710
44,NORMA-18456,711
44,NORMA-21418,712
44,NORMA-20300,713
44,NORMA-18870,714
44,NORMA-21637,715
44,NORMA-19436,716
44,NORMA-20369,717
44,NORMA-19245,718
44,NORMA-19205,719
44,NORMA-7880,720
44,NORMA-15237,721
44,NORMA-18654,722
44,NORMA-21648,723
44,NORMA-18827,724
44,NORMA-7892,725
44,NORMA-19416,726
44,NORMA-21420,727
44,NORMA-11417,728
44,NORMA-21278,729
44,NORMA-18217,730
44,NORMA-7149,731
44,NORMA-6955,732
44,NORMA-19646,733
44,NORMA-8522,734
44,NORMA-21150,735
44,NORMA-5421,736
44,NORMA-13363,737
44,NORMA-7607,738
44,NORMA-20720,739
44,NORMA-18284,740
44,NORMA-19942,741
44,NORMA-20985,742
44,NORMA-21312,743
44,NORMA-19843,744
44,NORMA-19503,745
44,NORMA-4710,746
44,NORMA-20917,747
44,NORMA-12152,748
44,NORMA-21562,749
44,NORMA-6954,750
44,NORMA-19682,751
44,NORMA-6645,752
44,NORMA-21276,753
44,NORMA-20056,754
44,NORMA-18293,755
44,NORMA-10708,756
44,NORMA-2546,757
44,NORMA-6082,758
44,NORMA-18302,759
44,NORMA-6199,760
44,NORMA-10490,761
44,NORMA-18531,762
44,NORMA-21553,763
44,NORMA-21218,764
44,NORMA-19704,765
44,NORMA-9834,766
44,NORMA-2184,767
44,NORMA-21515,768
44,NORMA-18403,769
44,NORMA-19081,770
44,NORMA-19391,771
44,NORMA-6509,772
44,NORMA-20902,773
44,NORMA-20474,774
44,NORMA-18605,775
44,NORMA-7651,776
44,NORMA-4818,777
44,NORMA-18747,778
44,NORMA-18646,779
44,NORMA-12195,780
44,NORMA-6962,781
44,NORMA-19730,782
44,NORMA-5661,783
44,NORMA-21073,784
44,NORMA-9823,785
44,NORMA-9336,786
44,NORMA-19021,787
44,NORMA-10622,788
44,NORMA-21131,789
44,NORMA-3654,790
44,NORMA-8902,791
44,NORMA-20376,792
44,NORMA-20503,793
44,NORMA-21249,794
44,NORMA-10794,795
44,NORMA-13323,796
44,NORMA-19152,797
44,NORMA-19546,798
44,NORMA-12060,799
44,NORMA-8989,800
44,NORMA-29005,801
44,NORMA-19515,802
44,NORMA-20349,803
44,NORMA-21217,804
44,NORMA-20488,805
44,NORMA-6621,806
44,NORMA-18545,807
44,NORMA-11814,808
44,NORMA-21361,809
44,NORMA-20205,810
44,NORMA-20316,811
44,NORMA-19221,812
44,NORMA-12038,813
44,NORMA-10309,814
44,NORMA-18780,815
44,NORMA-21114,816
44,NORMA-18446,817
44,NORMA-19883,818
44,NORMA-21279,819
44,NORMA-19574,820
44,NORMA-20359,821
44,NORMA-18479,822
44,NORMA-21634,823
44,NORMA-20465,824
44,NORMA-21224,825
44,NORMA-10063,826
44,NORMA-20460,827
44,NORMA-20473,828
44,NORMA-20487,829
44,NORMA-21419,830
44,NORMA-19431,831
44,NORMA-19192,832
44,NORMA-21608,833
44,NORMA-18648,834
44,NORMA-10221,835
44,NORMA-9041,836
44,NORMA-21626,837
44,NORMA-20482,838
44,NORMA-19212,839
44,NORMA-19096,840
44,NORMA-21211,841
44,NORMA-462,842
44,NORMA-19573,843
44,NORMA-21550,844
44,NORMA-20995,845
44,NORMA-10085,846
44,NORMA-21521,847
44,NORMA-21484,848
44,NORMA-20941,849
44,NORMA-21135,850
44,NORMA-21783,851
44,NORMA-21253,852
44,NORMA-20397,853
44,NORMA-20480,854
44,NORMA-21519,855
44,NORMA-21236,856
44,NORMA-21352,857
45,NORMA-19245,1
45,NORMA-19329,2
45,NORMA-19704,3
45,NORMA-21279,4
45,NORMA-21477,5
45,NORMA-18722,6
45,NORMA-5421,7
45,NORMA-4710,8
45,NORMA-20300,9
45,NORMA-6199,10
45,NORMA-7381,11
45,NORMA-7384,12
45,NORMA-21342,13
45,NORMA-8027,14
45,NORMA-21324,15
45,NORMA-21616,16
45,NORMA-18696,17
45,NORMA-19061,18
45,NORMA-19407,19
45,NORMA-13635,20
45,NORMA-20799,21
45,NORMA-25621,22
45,NORMA-21623,23
45,NORMA-19282,24
45,NORMA-19535,25
45,NORMA-19158,26
45,NORMA-18968,27
45,NORMA-21773,28
45,NORMA-6322,29
45,NORMA-9110,30
45,NORMA-7942,31
45,NORMA-9670,32
45,NORMA-6674,33
45,NORMA-15211,34
45,NORMA-4275,35
45,NORMA-6092,36
45,NORMA-6410,37
45,NORMA-25682,38
45,NORMA-14937,39
45,NORMA-6344,40
45,NORMA-13158,41
45,NORMA-13469,42
45,NORMA-21369,43
45,NORMA-21159,44
45,NORMA-18878,45
45,NORMA-12067,46
45,NORMA-4091,47
45,NORMA-7466,48
45,NORMA-16202,49
45,NORMA-4423,50
45,NORMA-21468,51
45,NORMA-21482,52
45,NORMA-27761,53
45,NORMA-19408,54
45,NORMA-20225,55
45,NORMA-21326,56
45,NORMA-889,57
45,NORMA-19583,58
45,NORMA-7149,59
45,NORMA-10821,60
45,NORMA-19316,61
45,NORMA-10878,62
45,NORMA-4075,63
45,NORMA-29101,64
45,NORMA-19356,65
45,NORMA-21531,66
45,NORMA-19558,67
45,NORMA-21714,68
45,NORMA-21681,69
45,NORMA-21422,70
45,NORMA-4746,71
45,NORMA-4909,72
45,NORMA-12230,73
45,NORMA-11784,74
45,NORMA-12231,75
45,NORMA-12041,76
45,NORMA-12011,77
45,NORMA-11788,78
45,NORMA-11852,79
45,NORMA-12007,80
45,NORMA-12233,81
45,NORMA-12000,82
45,NORMA-12003,83
45,NORMA-11683,84
45,NORMA-3638,85
45,NORMA-11630,86
45,NORMA-11778,87
45,NORMA-12229,88
45,NORMA-5586,89
45,NORMA-4711,90
45,NORMA-21547,91
45,NORMA-19905,92
45,NORMA-7525,93
45,NORMA-19642,94
45,NORMA-8522,95
45,NORMA-20198,96
45,NORMA-21183,97
45,NORMA-18838,98
45,NORMA-19417,99
45,NORMA-3642,100
45,NORMA-18237,101
45,NORMA-5626,102
45,NORMA-28981,103
45,NORMA-11417,104
45,NORMA-19309,105
45,NORMA-4424,106
45,NORMA-20863,107
45,NORMA-20963,108
45,NORMA-4830,109
45,NORMA-13797,110
45,NORMA-3503,111
45,NORMA-21185,112
45,NORMA-21497,113
45,NORMA-18748,114
45,NORMA-11759,115
45,NORMA-21126,116
45,NORMA-20880,117
45,NORMA-7241,118
45,NORMA-21002,119
45,NORMA-15045,120
45,NORMA-23682,121
45,NORMA-14542,122
45,NORMA-19435,123
45,NORMA-6668,124
45,NORMA-18436,125
45,NORMA-20056,126
45,NORMA-21026,127
45,NORMA-11474,128
45,NORMA-11527,129
45,NORMA-12495,130
45,NORMA-20737,131
45,NORMA-14786,132
45,NORMA-19351,133
45,NORMA-20992,134
45,NORMA-27022,135
45,NORMA-18709,136
45,NORMA-7382,137
45,NORMA-19225,138
45,NORMA-8077,139
45,NORMA-19629,140
45,NORMA-18773,141
45,NORMA-21519,142
45,NORMA-21751,143
45,NORMA-19553,144
45,NORMA-6755,145
45,NORMA-18284,146
45,NORMA-8937,147
45,NORMA-19645,148
45,NORMA-9785,149
45,NORMA-6023,150
45,NORMA-6675,151
45,NORMA-20697,152
45,NORMA-6774,153
45,NORMA-21526,154
45,NORMA-18996,155
45,NORMA-9595,156
45,NORMA-21108,157
45,NORMA-20068,158
45,NORMA-21260,159
45,NORMA-20993,160
45,NORMA-12060,161
45,NORMA-6775,162
45,NORMA-6969,163
45,NORMA-18217,164
45,NORMA-7018,165
45,NORMA-9821,166
45,NORMA-15921,167
45,NORMA-18629,168
45,NORMA-8885,169
45,NORMA-11882,170
45,NORMA-9888,171
45,NORMA-12161,172
45,NORMA-11731,173
45,NORMA-21402,174
45,NORMA-21283,175
45,NORMA-21065,176
45,NORMA-18605,177
45,NORMA-15901,178
45,NORMA-21521,179
45,NORMA-21243,180
45,NORMA-12087,181
45,NORMA-20995,182
45,NORMA-19459,183
45,NORMA-11888,184
45,NORMA-19047,185
45,NORMA-21554,186
45,NORMA-18441,187
45,NORMA-20734,188
45,NORMA-24885,189
45,NORMA-3551,190
45,NORMA-4041,191
45,NORMA-3966,192
45,NORMA-24905,193
45,NORMA-19306,194
45,NORMA-21678,195
45,NORMA-21651,196
45,NORMA-5428,197
45,NORMA-18434,198
45,NORMA-20813,199
45,NORMA-4476,200
45,NORMA-21264,201
45,NORMA-21254,202
45,NORMA-18211,203
45,NORMA-19422,204
45,NORMA-9384,205
45,NORMA-21147,206
45,NORMA-20990,207
45,NORMA-21553,208
45,NORMA-19337,209
45,NORMA-5629,210
45,NORMA-21783,211
45,NORMA-21071,212
45,NORMA-18822,213
45,NORMA-20064,214
45,NORMA-5737,215
45,NORMA-8080,216
45,NORMA-20610,217
45,NORMA-18530,218
45,NORMA-18663,219
45,NORMA-20293,220
45,NORMA-19237,221
45,NORMA-21756,222
45,NORMA-19959,223
45,NORMA-19134,224
45,NORMA-21444,225
45,NORMA-18776,226
45,NORMA-21291,227
45,NORMA-18386,228
45,NORMA-12867,229
45,NORMA-20810,230
45,NORMA-27045,231
45,NORMA-19927,232
45,NORMA-19310,233
45,NORMA-4412,234
45,NORMA-1315,235
45,NORMA-20817,236
45,NORMA-14279,237
45,NORMA-4219,238
45,NORMA-21007,239
45,NORMA-20605,240
45,NORMA-21097,241
45,NORMA-6170,242
45,NORMA-18305,243
45,NORMA-20190,244
45,NORMA-21638,245
45,NORMA-27384,246
45,NORMA-20984,247
45,NORMA-18459,248
45,NORMA-18779,249
45,NORMA-18765,250
45,NORMA-18392,251
45,NORMA-602,252
45,NORMA-20079,253
45,NORMA-18350,254
45,NORMA-21256,255
45,NORMA-8203,256
45,NORMA-18378,257
45,NORMA-18697,258
45,NORMA-21082,259
45,NORMA-21042,260
45,NORMA-3559,261
45,NORMA-19330,262
45,NORMA-21096,263
45,NORMA-20630,264
45,NORMA-4868,265
45,NORMA-20762,266
45,NORMA-21344,267
45,NORMA-4514,268
45,NORMA-11086,269
45,NORMA-6753,270
45,NORMA-18449,271
45,NORMA-13552,272
45,NORMA-6895,273
45,NORMA-18408,274
45,NORMA-27063,275
45,NORMA-19000,276
45,NORMA-20267,277
45,NORMA-14302,278
45,NORMA-21018,279
45,NORMA-21437,280
45,NORMA-6343,281
45,NORMA-21146,282
45,NORMA-6318,283
45,NORMA-19657,284
45,NORMA-27341,285
45,NORMA-21248,286
45,NORMA-21242,287
45,NORMA-18847,288
45,NORMA-3979,289
45,NORMA-18415,290
45,NORMA-18446,291
45,NORMA-2428,292
45,NORMA-3478,293
45,NORMA-21088,294
45,NORMA-6015,295
45,NORMA-20780,296
45,NORMA-19615,297
45,NORMA-6126,298
45,NORMA-20139,299
45,NORMA-21548,300
45,NORMA-11087,301
45,NORMA-19668,302
45,NORMA-8774,303
45,NORMA-20196,304
45,NORMA-21003,305
45,NORMA-3472,306
45,NORMA-19969,307
45,NORMA-13801,308
45,NORMA-12024,309
45,NORMA-12032,310
45,NORMA-18358,311
45,NORMA-18209,312
45,NORMA-13390,313
45,NORMA-4221,314
45,NORMA-11000,315
45,NORMA-18431,316
45,NORMA-18992,317
45,NORMA-21092,318
45,NORMA-21068,319
45,NORMA-5465,320
45,NORMA-8570,321
45,NORMA-21564,322
45,NORMA-21130,323
45,NORMA-20914,324
45,NORMA-9588,325
45,NORMA-14054,326
45,NORMA-1313,327
45,NORMA-10219,328
45,NORMA-21114,329
45,NORMA-18224,330
45,NORMA-9681,331
45,NORMA-9067,332
45,NORMA-18833,333
45,NORMA-20138,334
45,NORMA-18348,335
45,NORMA-18220,336
45,NORMA-13534,337
45,NORMA-14874,338
45,NORMA-18814,339
45,NORMA-7765,340
45,NORMA-4249,341
45,NORMA-3824,342
45,NORMA-14462,343
45,NORMA-21247,344
45,NORMA-28001,345
45,NORMA-21208,346
45,NORMA-8028,347
45,NORMA-7194,348
45,NORMA-4379,349
45,NORMA-19570,350
45,NORMA-4394,351
45,NORMA-20172,352
45,NORMA-3907,353
45,NORMA-10745,354
45,NORMA-10590,355
45,NORMA-19581,356
45,NORMA-5494,357
45,NORMA-10534,358
45,NORMA-18724,359
45,NORMA-20247,360
45,NORMA-11736,361
45,NORMA-14293,362
45,NORMA-10347,363
45,NORMA-6488,364
45,NORMA-20922,365
45,NORMA-5852,366
45,NORMA-11236,367
45,NORMA-21135,368
45,NORMA-18497,369
45,NORMA-14932,370
45,NORMA-12437,371
45,NORMA-18898,372
45,NORMA-11292,373
45,NORMA-19977,374
45,NORMA-5170,375
45,NORMA-14718,376
45,NORMA-6268,377
45,NORMA-14390,378
45,NORMA-21386,379
45,NORMA-19281,380
45,NORMA-4273,381
45,NORMA-18371,382
45,NORMA-20622,383
45,NORMA-1260,384
45,NORMA-20901,385
45,NORMA-19295,386
45,NORMA-8814,387
45,NORMA-21608,388
45,NORMA-21206,389
45,NORMA-8825,390
45,NORMA-3820,391
45,NORMA-20284,392
45,NORMA-3821,393
45,NORMA-5605,394
45,NORMA-13508,395
45,NORMA-20468,396
45,NORMA-4236,397
45,NORMA-4542,398
45,NORMA-21626,399
45,NORMA-21634,400
45,NORMA-19787,401
45,NORMA-4112,402
45,NORMA-4588,403
45,NORMA-20070,404
45,NORMA-18603,405
45,NORMA-12851,406
45,NORMA-20911,407
45,NORMA-21762,408
45,NORMA-28203,409
45,NORMA-20058,410
45,NORMA-21683,411
45,NORMA-21544,412
45,NORMA-4859,413
45,NORMA-13048,414
45,NORMA-19096,415
45,NORMA-19039,416
45,NORMA-21684,417
45,NORMA-8315,418
45,NORMA-18988,419
45,NORMA-15561,420
45,NORMA-4639,421
45,NORMA-835,422
45,NORMA-21384,423
45,NORMA-1471,424
45,NORMA-11798,425
45,NORMA-8573,426
45,NORMA-1534,427
45,NORMA-21267,428
45,NORMA-6948,429
45,NORMA-18418,430
45,NORMA-20144,431
45,NORMA-21028,432
45,NORMA-21389,433
45,NORMA-21537,434
45,NORMA-19155,435
45,NORMA-18474,436
45,NORMA-20777,437
45,NORMA-8687,438
45,NORMA-3663,439
45,NORMA-21110,440
45,NORMA-21269,441
45,NORMA-10123,442
45,NORMA-4425,443
45,NORMA-21086,444
45,NORMA-5031,445
45,NORMA-7390,446
45,NORMA-21550,447
45,NORMA-6783,448
45,NORMA-61,449
45,NORMA-19972,450
45,NORMA-19714,451
45,NORMA-19266,452
45,NORMA-20921,453
45,NORMA-18960,454
45,NORMA-19021,455
45,NORMA-21139,456
45,NORMA-10066,457
45,NORMA-11901,458
45,NORMA-21792,459
45,NORMA-20854,460
45,NORMA-6752,461
45,NORMA-13954,462
45,NORMA-20239,463
45,NORMA-6962,464
45,NORMA-2158,465
45,NORMA-15339,466
45,NORMA-18762,467
45,NORMA-11505,468
45,NORMA-14974,469
45,NORMA-21523,470
45,NORMA-7222,471
45,NORMA-20452,472
45,NORMA-20291,473
45,NORMA-11739,474
45,NORMA-19979,475
45,NORMA-11472,476
45,NORMA-20936,477
45,NORMA-19056,478
45,NORMA-21676,479
45,NORMA-7110,480
45,NORMA-20359,481
45,NORMA-1994,482
45,NORMA-12744,483
45,NORMA-11607,484
45,NORMA-1740,485
45,NORMA-5235,486
45,NORMA-19028,487
45,NORMA-18537,488
45,NORMA-20397,489
45,NORMA-13903,490
45,NORMA-15134,491
45,NORMA-1421,492
45,NORMA-13106,493
45,NORMA-14587,494
45,NORMA-8575,495
45,NORMA-19940,496
45,NORMA-6276,497
45,NORMA-18549,498
45,NORMA-18989,499
45,NORMA-5721,500
45,NORMA-13402,501
45,NORMA-21624,502
45,NORMA-11476,503
45,NORMA-2517,504
45,NORMA-4356,505
45,NORMA-21652,506
45,NORMA-3241,507
45,NORMA-20167,508
45,NORMA-21317,509
45,NORMA-6521,510
45,NORMA-12566,511
45,NORMA-20989,512
45,NORMA-21403,513
45,NORMA-6291,514
45,NORMA-21361,515
45,NORMA-12872,516
45,NORMA-18208,517
45,NORMA-20818,518
45,NORMA-14345,519
45,NORMA-13995,520
45,NORMA-19983,521
45,NORMA-20407,522
45,NORMA-19192,523
45,NORMA-26881,524
45,NORMA-20398,525
45,NORMA-19095,526
45,NORMA-21418,527
45,NORMA-15027,528
45,NORMA-19081,529
45,NORMA-21484,530
45,NORMA-20996,531
45,NORMA-6851,532
45,NORMA-20803,533
45,NORMA-21581,534
45,NORMA-18654,535
45,NORMA-20802,536
45,NORMA-21337,537
45,NORMA-20754,538
45,NORMA-21197,539
45,NORMA-5381,540
45,NORMA-20465,541
45,NORMA-8298,542
45,NORMA-25541,543
45,NORMA-20577,544
45,NORMA-20205,545
45,NORMA-7917,546
45,NORMA-4792,547
45,NORMA-4500,548
45,NORMA-15239,549
45,NORMA-18843,550
45,NORMA-15701,551
45,NORMA-5356,552
45,NORMA-28961,553
45,NORMA-15351,554
45,NORMA-10450,555
45,NORMA-11864,556
45,NORMA-11161,557
45,NORMA-11750,558
45,NORMA-20941,559
45,NORMA-6032,560
45,NORMA-20879,561
45,NORMA-3735,562
45,NORMA-4634,563
45,NORMA-20785,564
45,NORMA-20691,565
45,NORMA-19182,566
45,NORMA-20624,567
45,NORMA-20887,568
45,NORMA-18818,569
45,NORMA-20774,570
45,NORMA-20807,571
45,NORMA-7145,572
45,NORMA-20877,573
45,NORMA-20657,574
45,NORMA-8463,575
45,NORMA-20561,576
45,NORMA-20241,577
45,NORMA-12657,578
45,NORMA-18319,579
45,NORMA-21225,580
45,NORMA-18780,581
45,NORMA-20238,582
45,NORMA-11402,583
45,NORMA-20460,584
45,NORMA-7993,585
45,NORMA-8556,586
45,NORMA-1154,587
45,NORMA-18201,588
45,NORMA-20786,589
45,NORMA-18393,590
45,NORMA-21698,591
45,NORMA-21305,592
45,NORMA-12820,593
45,NORMA-20876,594
45,NORMA-21297,595
45,NORMA-19092,596
45,NORMA-11374,597
45,NORMA-13174,598
45,NORMA-28561,599
45,NORMA-21012,600
45,NORMA-21562,601
45,NORMA-1222,602
45,NORMA-2413,603
45,NORMA-21659,604
45,NORMA-12048,605
45,NORMA-19824,606
45,NORMA-20349,607
45,NORMA-5600,608
45,NORMA-20184,609
45,NORMA-6702,610
45,NORMA-5536,611
45,NORMA-13519,612
45,NORMA-13265,613
45,NORMA-21152,614
45,NORMA-19606,615
45,NORMA-8943,616
45,NORMA-12630,617
45,NORMA-13229,618
45,NORMA-19683,619
45,NORMA-19530,620
45,NORMA-265,621
45,NORMA-10217,622
45,NORMA-10490,623
45,NORMA-19238,624
45,NORMA-20977,625
45,NORMA-19405,626
45,NORMA-20677,627
45,NORMA-19300,628
45,NORMA-11576,629
45,NORMA-21705,630
45,NORMA-10931,631
45,NORMA-11524,632
45,NORMA-19662,633
45,NORMA-20908,634
45,NORMA-20616,635
45,NORMA-11574,636
45,NORMA-11082,637
45,NORMA-11734,638
45,NORMA-20631,639
45,NORMA-9834,640
45,NORMA-12327,641
45,NORMA-11605,642
45,NORMA-19181,643
45,NORMA-3801,644
45,NORMA-19967,645
45,NORMA-92,646
45,NORMA-12049,647
45,NORMA-18427,648
45,NORMA-6627,649
45,NORMA-12353,650
45,NORMA-19903,651
45,NORMA-1863,652
45,NORMA-558,653
45,NORMA-2005,654
45,NORMA-20869,655
45,NORMA-6509,656
45,NORMA-18934,657
45,NORMA-21367,658
45,NORMA-19211,659
45,NORMA-19844,660
45,NORMA-19703,661
45,NORMA-778,662
45,NORMA-7651,663
45,NORMA-4818,664
45,NORMA-19233,665
45,NORMA-18412,666
45,NORMA-20389,667
45,NORMA-20800,668
45,NORMA-7447,669
45,NORMA-18915,670
45,NORMA-21069,671
45,NORMA-9823,672
45,NORMA-4956,673
45,NORMA-15644,674
45,NORMA-7967,675
45,NORMA-7214,676
45,NORMA-7962,677
45,NORMA-18430,678
45,NORMA-8035,679
45,NORMA-20082,680
45,NORMA-9724,681
45,NORMA-20859,682
45,NORMA-14801,683
45,NORMA-10817,684
45,NORMA-13809,685
45,NORMA-18385,686
45,NORMA-19942,687
45,NORMA-8088,688
45,NORMA-10200,689
45,NORMA-9573,690
45,NORMA-23361,691
45,NORMA-5872,692
45,NORMA-5280,693
45,NORMA-8193,694
45,NORMA-6006,695
45,NORMA-4630,696
45,NORMA-8902,697
45,NORMA-12957,698
45,NORMA-19919,699
45,NORMA-20381,700
45,NORMA-4393,701
45,NORMA-19551,702
45,NORMA-21327,703
45,NORMA-21605,704
45,NORMA-7535,705
45,NORMA-18335,706
45,NORMA-7164,707
45,NORMA-18904,708
45,NORMA-20865,709
45,NORMA-7622,710
45,NORMA-18994,711
45,NORMA-21572,712
45,NORMA-21750,713
45,NORMA-5247,714
45,NORMA-8458,715
45,NORMA-21244,716
45,NORMA-21410,717
45,NORMA-20870,718
45,NORMA-7953,719
45,NORMA-27981,720
45,NORMA-28584,721
45,NORMA-19718,722
45,NORMA-13298,723
45,NORMA-19700,724
45,NORMA-20036,725
45,NORMA-18203,726
45,NORMA-20385,727
45,NORMA-19727,728
45,NORMA-21649,729
45,NORMA-7007,730
45,NORMA-21650,731
45,NORMA-20812,732
45,NORMA-16268,733
45,NORMA-6710,734
45,NORMA-21249,735
45,NORMA-20221,736
45,NORMA-7095,737
45,NORMA-12928,738
45,NORMA-20960,739
45,NORMA-21186,740
45,NORMA-6949,741
45,NORMA-21212,742
45,NORMA-19655,743
45,NORMA-21387,744
45,NORMA-20446,745
45,NORMA-11715,746
45,NORMA-21472,747
45,NORMA-20623,748
45,NORMA-4277,749
45,NORMA-15152,750
45,NORMA-20619,751
45,NORMA-7866,752
45,NORMA-14616,753
45,NORMA-19853,754
45,NORMA-11813,755
45,NORMA-19647,756
45,NORMA-4882,757
45,NORMA-21619,758
45,NORMA-20601,759
45,NORMA-21491,760
45,NORMA-19684,761
45,NORMA-4648,762
45,NORMA-28841,763
45,NORMA-21328,764
45,NORMA-6395,765
45,NORMA-20218,766
45,NORMA-21774,767
45,NORMA-21237,768
45,NORMA-21241,769
45,NORMA-6672,770
45,NORMA-21415,771
45,NORMA-19980,772
45,NORMA-19637,773
45,NORMA-20474,774
45,NORMA-13165,775
45,NORMA-20483,776
45,NORMA-11876,777
45,NORMA-21627,778
45,NORMA-18248,779
45,NORMA-22723,780
45,NORMA-573,781
45,NORMA-21226,782
45,NORMA-13586,783
45,NORMA-4898,784
45,NORMA-20920,785
45,NORMA-19387,786
45,NORMA-18266,787
45,NORMA-13472,788
45,NORMA-11418,789
45,NORMA-20521,790
45,NORMA-20505,791
45,NORMA-13218,792
45,NORMA-19729,793
45,NORMA-19051,794
45,NORMA-19574,795
45,NORMA-21625,796
45,NORMA-21697,797
45,NORMA-1463,798
45,NORMA-14890,799
45,NORMA-571,800
45,NORMA-2168,801
45,NORMA-19644,802
45,NORMA-4538,803
45,NORMA-18212,804
45,NORMA-18243,805
45,NORMA-20234,806
45,NORMA-20706,807
45,NORMA-21496,808
45,NORMA-21210,809
45,NORMA-21215,810
45,NORMA-21463,811
45,NORMA-21401,812
45,NORMA-8398,813
45,NORMA-19780,814
45,NORMA-20961,815
45,NORMA-21170,816
45,NORMA-20845,817
45,NORMA-5906,818
45,NORMA-20558,819
45,NORMA-21508,820
45,NORMA-19652,821
45,NORMA-21768,822
45,NORMA-18839,823
45,NORMA-3501,824
45,NORMA-616,825
45,NORMA-3796,826
45,NORMA-20888,827
45,NORMA-18381,828
45,NORMA-4175,829
45,NORMA-20371,830
45,NORMA-18638,831
45,NORMA-6673,832
45,NORMA-5785,833
45,NORMA-6579,834
45,NORMA-6573,835
45,NORMA-5192,836
45,NORMA-20121,837
45,NORMA-19611,838
45,NORMA-2425,839
45,NORMA-2269,840
45,NORMA-4312,841
45,NORMA-20168,842
45,NORMA-19793,843
45,NORMA-6677,844
45,NORMA-5008,845
45,NORMA-19512,846
45,NORMA-24461,847
45,NORMA-21063,848
45,NORMA-20235,849
45,NORMA-6676,850
45,NORMA-8389,851
45,NORMA-228,852
45,NORMA-23581,853
45,NORMA-12027,854
45,NORMA-21446,855
45,NORMA-20108,856
45,NORMA-19613,857
45,NORMA-19303,858
45,NORMA-26124,859
45,NORMA-22561,860
45,NORMA-19599,861
45,NORMA-8920,862
45,NORMA-802,863
45,NORMA-3499,864
45,NORMA-6075,865
45,NORMA-59,866
45,NORMA-21432,867
45,NORMA-4600,868
45,NORMA-660,869
45,NORMA-19871,870
45,NORMA-20393,871
45,NORMA-2013,872
45,NORMA-801,873
45,NORMA-883,874
45,NORMA-5593,875
45,NORMA-2185,876
45,NORMA-19797,877
45,NORMA-1611,878
45,NORMA-18462,879
45,NORMA-7829,880
45,NORMA-19651,881
45,NORMA-554,882
45,NORMA-5740,883
45,NORMA-19649,884
45,NORMA-19431,885
45,NORMA-19209,886
45,NORMA-6957,887
45,NORMA-20304,888
45,NORMA-1573,889
45,NORMA-14951,890
45,NORMA-4267,891
45,NORMA-19650,892
45,NORMA-21580,893
45,NORMA-11735,894
45,NORMA-23381,895
45,NORMA-2589,896
45,NORMA-3571,897
45,NORMA-782,898
45,NORMA-19978,899
45,NORMA-21392,900
45,NORMA-7448,901
45,NORMA-21606,902
45,NORMA-21499,903
45,NORMA-7925,904
45,NORMA-9194,905
45,NORMA-576,906
45,NORMA-2567,907
45,NORMA-968,908
45,NORMA-20180,909
45,NORMA-10567,910
45,NORMA-11655,911
45,NORMA-21764,912
45,NORMA-8947,913
45,NORMA-7827,914
45,NORMA-20028,915
45,NORMA-20408,916
45,NORMA-8198,917
45,NORMA-14239,918
45,NORMA-18633,919
45,NORMA-15272,920
45,NORMA-7100,921
45,NORMA-20816,922
45,NORMA-19497,923
45,NORMA-607,924
45,NORMA-6482,925
45,NORMA-19167,926
45,NORMA-19641,927
45,NORMA-21419,928
45,NORMA-19403,929
45,NORMA-1840,930
45,NORMA-17201,931
45,NORMA-18536,932
45,NORMA-20377,933
45,NORMA-19479,934
45,NORMA-18974,935
45,NORMA-18424,936
45,NORMA-15237,937
45,NORMA-19925,938
45,NORMA-18501,939
45,NORMA-18707,940
45,NORMA-20191,941
45,NORMA-21217,942
45,NORMA-6084,943
45,NORMA-18205,944
45,NORMA-21501,945
45,NORMA-7838,946
45,NORMA-20966,947
45,NORMA-18811,948
45,NORMA-6142,949
45,NORMA-7389,950
45,NORMA-5225,951
45,NORMA-19185,952
45,NORMA-19131,953
45,NORMA-18906,954
45,NORMA-19184,955
45,NORMA-5976,956
45,NORMA-8515,957
45,NORMA-14859,958
45,NORMA-5014,959
45,NORMA-11614,960
45,NORMA-21407,961
45,NORMA-18221,962
45,NORMA-18730,963
45,NORMA-27342,964
45,NORMA-21689,965
45,NORMA-19279,966
45,NORMA-4261,967
45,NORMA-5157,968
45,NORMA-11144,969
45,NORMA-20834,970
45,NORMA-19235,971
45,NORMA-10865,972
45,NORMA-7441,973
45,NORMA-9358,974
45,NORMA-509,975
45,NORMA-20007,976
45,NORMA-27001,977
45,NORMA-19621,978
45,NORMA-6379,979
45,NORMA-3618,980
45,NORMA-20055,981
45,NORMA-7027,982
45,NORMA-19915,983
45,NORMA-5072,984
45,NORMA-21791,985
45,NORMA-20494,986
45,NORMA-18293,987
45,NORMA-18359,988
45,NORMA-7862,989
45,NORMA-4478,990
45,NORMA-19582,991
45,NORMA-6623,992
45,NORMA-15054,993
45,NORMA-19059,994
45,NORMA-14240,995
45,NORMA-19646,996
45,NORMA-19845,997
45,NORMA-19807,998
45,NORMA-21717,999
45,NORMA-8751,1000
46,NORMA-20900,1
46,NORMA-19377,2
46,NORMA-18540,3
46,NORMA-19746,4
46,NORMA-19466,5
46,NORMA-21406,6
46,NORMA-21205,7
46,NORMA-20982,8
46,NORMA-20278,9
46,NORMA-20690,10
46,NORMA-18836,11
46,NORMA-19138,12
46,NORMA-21690,13
46,NORMA-21207,14
46,NORMA-18302,15
46,NORMA-19643,16
46,NORMA-21659,17
46,NORMA-6948,18
46,NORMA-20945,19
46,NORMA-20217,20
46,NORMA-8028,21
46,NORMA-21211,22
46,NORMA-1662,23
46,NORMA-19981,24
46,NORMA-21506,25
46,NORMA-19565,26
46,NORMA-21012,27
46,NORMA-31904,28
46,NORMA-19617,29
46,NORMA-28281,30
46,NORMA-18420,31
46,NORMA-10226,32
46,NORMA-18835,33
46,NORMA-18545,34
46,NORMA-20134,35
46,NORMA-19431,36
46,NORMA-462,37
46,NORMA-19174,38
46,NORMA-15004,39
46,NORMA-20349,40
46,NORMA-18407,41
46,NORMA-3121,42
46,NORMA-7225,43
46,NORMA-21367,44
46,NORMA-20474,45
46,NORMA-19416,46
46,NORMA-18653,47
46,NORMA-19940,48
46,NORMA-323,49
46,NORMA-19095,50
46,NORMA-19606,51
46,NORMA-20359,52
46,NORMA-7222,53
46,NORMA-20482,54
46,NORMA-21496,55
46,NORMA-19729,56
46,NORMA-6783,57
46,NORMA-19667,58
46,NORMA-18446,59
46,NORMA-18697,60
46,NORMA-20221,61
46,NORMA-7110,62
46,NORMA-21676,63
46,NORMA-7386,64
46,NORMA-21008,65
46,NORMA-20460,66
46,NORMA-21224,67
46,NORMA-6140,68
46,NORMA-7113,69
46,NORMA-19780,70
46,NORMA-19631,71
46,NORMA-19181,72
46,NORMA-21638,73
46,NORMA-19436,74
46,NORMA-20465,75
46,NORMA-13469,76
46,NORMA-18202,77
46,NORMA-2137,78
46,NORMA-18934,79
46,NORMA-14937,80
46,NORMA-19249,81
46,NORMA-3503,82
46,NORMA-13158,83
46,NORMA-2629,84
46,NORMA-16202,85
46,NORMA-6758,86
46,NORMA-9724,87
46,NORMA-19330,88
46,NORMA-12910,89
46,NORMA-19212,90
46,NORMA-21460,91
46,NORMA-4091,92
46,NORMA-6185,93
46,NORMA-18654,94
46,NORMA-18418,95
46,NORMA-6621,96
46,NORMA-19620,97
46,NORMA-19515,98
46,NORMA-19152,99
46,NORMA-21756,100
46,NORMA-17201,101
46,NORMA-27761,102
46,NORMA-1723,103
46,NORMA-20428,104
46,NORMA-9382,105
46,NORMA-2184,106
46,NORMA-18648,107
46,NORMA-8435,108
46,NORMA-2081,109
46,NORMA-15802,110
46,NORMA-27221,111
46,NORMA-12174,112
46,NORMA-12162,113
46,NORMA-20263,114
46,NORMA-19605,115
46,NORMA-9834,116
46,NORMA-18531,117
46,NORMA-2276,118
46,NORMA-19081,119
46,NORMA-1714,120
46,NORMA-21626,121
46,NORMA-1681,122
46,NORMA-21766,123
46,NORMA-18780,124
46,NORMA-21419,125
46,NORMA-1727,126
46,NORMA-20316,127
46,NORMA-14395,128
46,NORMA-12791,129
46,NORMA-12102,130
46,NORMA-15211,131
46,NORMA-12657,132
46,NORMA-18748,133
46,NORMA-21228,134
46,NORMA-6957,135
46,NORMA-19379,136
46,NORMA-20473,137
46,NORMA-20369,138
46,NORMA-21114,139
46,NORMA-18529,140
46,NORMA-19474,141
46,NORMA-11601,142
46,NORMA-21545,143
46,NORMA-2135,144
46,NORMA-20503,145
46,NORMA-19232,146
46,NORMA-21267,147
46,NORMA-19760,148
46,NORMA-19096,149
46,NORMA-18998,150
46,NORMA-21239,151
46,NORMA-18565,152
46,NORMA-19546,153
46,NORMA-14516,154
46,NORMA-19682,155
46,NORMA-21344,156
46,NORMA-18295,157
46,NORMA-20714,158
46,NORMA-19715,159
46,NORMA-18359,160
46,NORMA-19573,161
46,NORMA-19387,162
46,NORMA-21550,163
46,NORMA-560,164
46,NORMA-6627,165
46,NORMA-21739,166
46,NORMA-13797,167
46,NORMA-11655,168
46,NORMA-14239,169
46,NORMA-20366,170
46,NORMA-13298,171
46,NORMA-18984,172
46,NORMA-12067,173
46,NORMA-20766,174
46,NORMA-11734,175
46,NORMA-6962,176
46,NORMA-20304,177
46,NORMA-11864,178
46,NORMA-21437,179
46,NORMA-18762,180
46,NORMA-20376,181
46,NORMA-18550,182
46,NORMA-15237,183
46,NORMA-20995,184
46,NORMA-21553,185
46,NORMA-21253,186
46,NORMA-11756,187
46,NORMA-12066,188
46,NORMA-19740,189
46,NORMA-11760,190
46,NORMA-21218,191
46,NORMA-12049,192
46,NORMA-21250,193
46,NORMA-18958,194
46,NORMA-20055,195
46,NORMA-19110,196
46,NORMA-9297,197
46,NORMA-18203,198
46,NORMA-19429,199
46,NORMA-25902,200
46,NORMA-18243,201
46,NORMA-19724,202
46,NORMA-5536,203
46,NORMA-2269,204
46,NORMA-21305,205
46,NORMA-21783,206
46,NORMA-19384,207
46,NORMA-20374,208
46,NORMA-1516,209
46,NORMA-11612,210
46,NORMA-18411,211
46,NORMA-21151,212
46,NORMA-21661,213
46,NORMA-20490,214
46,NORMA-19983,215
46,NORMA-20501,216
46,NORMA-206,217
46,NORMA-21695,218
46,NORMA-18999,219
46,NORMA-20425,220
46,NORMA-11780,221
46,NORMA-21020,222
46,NORMA-19629,223
46,NORMA-18915,224
46,NORMA-21484,225
46,NORMA-21634,226
46,NORMA-11631,227
46,NORMA-19518,228
46,NORMA-21291,229
46,NORMA-6318,230
46,NORMA-21137,231
46,NORMA-21398,232
46,NORMA-26201,233
46,NORMA-6509,234
46,NORMA-19481,235
46,NORMA-12952,236
46,NORMA-19621,237
46,NORMA-19456,238
46,NORMA-18825,239
46,NORMA-21434,240
46,NORMA-21017,241
46,NORMA-11316,242
46,NORMA-20997,243
46,NORMA-18375,244
46,NORMA-20914,245
46,NORMA-19072,246
46,NORMA-19183,247
46,NORMA-4818,248
46,NORMA-6253,249
46,NORMA-12002,250
46,NORMA-11999,251
46,NORMA-18595,252
46,NORMA-21389,253
46,NORMA-22561,254
46,NORMA-18933,255
46,NORMA-20422,256
46,NORMA-11731,257
46,NORMA-19615,258
46,NORMA-19448,259
46,NORMA-6316,260
46,NORMA-19275,261
46,NORMA-20488,262
46,NORMA-11713,263
46,NORMA-18219,264
46,NORMA-21256,265
46,NORMA-11665,266
46,NORMA-12015,267
46,NORMA-19520,268
46,NORMA-19292,269
46,NORMA-21095,270
46,NORMA-11496,271
46,NORMA-21792,272
46,NORMA-21523,273
46,NORMA-19021,274
46,NORMA-19454,275
46,NORMA-12228,276
46,NORMA-21147,277
46,NORMA-20989,278
46,NORMA-18559,279
46,NORMA-21537,280
46,NORMA-21236,281
46,NORMA-12005,282
46,NORMA-21499,283
46,NORMA-21752,284
46,NORMA-21547,285
46,NORMA-19941,286
46,NORMA-18430,287
46,NORMA-21129,288
46,NORMA-12035,289
46,NORMA-6344,290
46,NORMA-21152,291
46,NORMA-21247,292
46,NORMA-11814,293
46,NORMA-21184,294
46,NORMA-13480,295
46,NORMA-20902,296
46,NORMA-6757,297
46,NORMA-19758,298
46,NORMA-18528,299
46,NORMA-20941,300
46,NORMA-21606,301
46,NORMA-19930,302
46,NORMA-20087,303
46,NORMA-7025,304
46,NORMA-23361,305
46,NORMA-18826,306
46,NORMA-21609,307
46,NORMA-18479,308
46,NORMA-19634,309
46,NORMA-11614,310
46,NORMA-22721,311
46,NORMA-11735,312
46,NORMA-20865,313
46,NORMA-18668,314
46,NORMA-19644,315
46,NORMA-20183,316
46,NORMA-10267,317
46,NORMA-20725,318
46,NORMA-20192,319
46,NORMA-1702,320
46,NORMA-20046,321
46,NORMA-10044,322
46,NORMA-18233,323
46,NORMA-21418,324
46,NORMA-20834,325
46,NORMA-20398,326
46,NORMA-20480,327
46,NORMA-21244,328
46,NORMA-20906,329
46,NORMA-18549,330
46,NORMA-19942,331
46,NORMA-9595,332
46,NORMA-20188,333
46,NORMA-6257,334
46,NORMA-6084,335
46,NORMA-21461,336
46,NORMA-20918,337
46,NORMA-18859,338
46,NORMA-18796,339
46,NORMA-18414,340
46,NORMA-20389,341
46,NORMA-20064,342
46,NORMA-20407,343
46,NORMA-12048,344
46,NORMA-12029,345
46,NORMA-6880,346
46,NORMA-21159,347
46,NORMA-18591,348
46,NORMA-33308,349
46,NORMA-8814,350
46,NORMA-18554,351
46,NORMA-6410,352
46,NORMA-9888,353
46,NORMA-2095,354
46,NORMA-10119,355
46,NORMA-12165,356
46,NORMA-18818,357
46,NORMA-10821,358
46,NORMA-6092,359
46,NORMA-21052,360
46,NORMA-10878,361
46,NORMA-18870,362
46,NORMA-19017,363
46,NORMA-33288,364
46,NORMA-22862,365
46,NORMA-18935,366
46,NORMA-21124,367
46,NORMA-21521,368
46,NORMA-26701,369
46,NORMA-20574,370
46,NORMA-21252,371
46,NORMA-18584,372
46,NORMA-11813,373
46,NORMA-20911,374
46,NORMA-13245,375
46,NORMA-7111,376
46,NORMA-19841,377
46,NORMA-10029,378
46,NORMA-20189,379
46,NORMA-9871,380
46,NORMA-20443,381
46,NORMA-12039,382
46,NORMA-20029,383
46,NORMA-18248,384
46,NORMA-20930,385
46,NORMA-11715,386
46,NORMA-18706,387
46,NORMA-6752,388
46,NORMA-21417,389
46,NORMA-19658,390
46,NORMA-9785,391
46,NORMA-6199,392
46,NORMA-21269,393
46,NORMA-6679,394
46,NORMA-21705,395
46,NORMA-11556,396
46,NORMA-20382,397
46,NORMA-19792,398
46,NORMA-13514,399
46,NORMA-20082,400
46,NORMA-18616,401
46,NORMA-21062,402
46,NORMA-19809,403
46,NORMA-21260,404
46,NORMA-9984,405
46,NORMA-14263,406
46,NORMA-10691,407
46,NORMA-21544,408
46,NORMA-18208,409
46,NORMA-19485,410
46,NORMA-19180,411
46,NORMA-21026,412
46,NORMA-7651,413
46,NORMA-20253,414
46,NORMA-21507,415
46,NORMA-19542,416
46,NORMA-21631,417
46,NORMA-6083,418
46,NORMA-18427,419
46,NORMA-8931,420
46,NORMA-3381,421
46,NORMA-28203,422
46,NORMA-20223,423
46,NORMA-19903,424
46,NORMA-11454,425
46,NORMA-18511,426
46,NORMA-21299,427
46,NORMA-18266,428
46,NORMA-13545,429
46,NORMA-20180,430
46,NORMA-20859,431
46,NORMA-1222,432
46,NORMA-7279,433
46,NORMA-21414,434
46,NORMA-14589,435
46,NORMA-3281,436
46,NORMA-6268,437
46,NORMA-21515,438
46,NORMA-20569,439
46,NORMA-19585,440
46,NORMA-18541,441
46,NORMA-15603,442
46,NORMA-21608,443
46,NORMA-29005,444
46,NORMA-21086,445
46,NORMA-6181,446
46,NORMA-19883,447
46,NORMA-16481,448
46,NORMA-6488,449
46,NORMA-1658,450
46,NORMA-18303,451
46,NORMA-6630,452
46,NORMA-18981,453
46,NORMA-9823,454
46,NORMA-16403,455
46,NORMA-19578,456
46,NORMA-7390,457
46,NORMA-21649,458
46,NORMA-20920,459
46,NORMA-20880,460
46,NORMA-11588,461
46,NORMA-21072,462
46,NORMA-6967,463
46,NORMA-21127,464
46,NORMA-18307,465
46,NORMA-27521,466
46,NORMA-11736,467
46,NORMA-18394,468
46,NORMA-21139,469
46,NORMA-19563,470
46,NORMA-834,471
46,NORMA-1463,472
46,NORMA-19430,473
46,NORMA-18435,474
46,NORMA-20985,475
46,NORMA-15581,476
46,NORMA-20706,477
46,NORMA-21071,478
46,NORMA-18690,479
46,NORMA-14233,480
46,NORMA-12585,481
46,NORMA-2517,482
46,NORMA-18815,483
46,NORMA-13334,484
46,NORMA-4423,485
46,NORMA-18239,486
46,NORMA-9670,487
46,NORMA-6955,488
46,NORMA-21231,489
46,NORMA-9893,490
46,NORMA-1485,491
46,NORMA-1365,492
46,NORMA-9110,493
46,NORMA-1613,494
46,NORMA-10708,495
46,NORMA-7942,496
46,NORMA-1620,497
46,NORMA-18319,498
46,NORMA-18688,499
46,NORMA-18624,500
46,NORMA-7027,501
46,NORMA-15060,502
46,NORMA-21121,503
46,NORMA-21150,504
46,NORMA-7663,505
46,NORMA-3342,506
46,NORMA-10055,507
46,NORMA-10762,508
46,NORMA-6414,509
46,NORMA-6644,510
46,NORMA-6321,511
46,NORMA-23222,512
46,NORMA-20912,513
46,NORMA-13323,514
46,NORMA-20754,515
46,NORMA-20487,516
46,NORMA-20886,517
46,NORMA-8458,518
46,NORMA-20913,519
46,NORMA-18325,520
46,NORMA-11739,521
46,NORMA-11882,522
46,NORMA-20308,523
46,NORMA-2158,524
46,NORMA-21254,525
46,NORMA-19234,526
46,NORMA-6753,527
46,NORMA-18537,528
46,NORMA-4909,529
46,NORMA-19170,530
46,NORMA-18863,531
46,NORMA-20817,532
46,NORMA-18439,533
46,NORMA-11524,534
46,NORMA-11798,535
46,NORMA-11574,536
46,NORMA-19477,537
46,NORMA-18967,538
46,NORMA-4294,539
46,NORMA-21055,540
46,NORMA-19574,541
46,NORMA-19455,542
46,NORMA-4711,543
46,NORMA-3001,544
46,NORMA-4075,545
46,NORMA-19213,546
46,NORMA-3241,547
46,NORMA-20856,548
46,NORMA-11721,549
46,NORMA-18630,550
46,NORMA-19637,551
46,NORMA-11868,552
46,NORMA-19230,553
46,NORMA-21069,554
46,NORMA-14498,555
46,NORMA-20873,556
46,NORMA-21561,557
46,NORMA-7953,558
46,NORMA-12171,559
46,NORMA-20397,560
46,NORMA-20959,561
46,NORMA-20402,562
46,NORMA-6636,563
46,NORMA-11598,564
46,NORMA-9147,565
46,NORMA-18254,566
46,NORMA-19235,567
46,NORMA-20296,568
46,NORMA-4275,569
46,NORMA-10375,570
46,NORMA-8027,571
46,NORMA-20790,572
46,NORMA-1740,573
46,NORMA-7326,574
46,NORMA-7351,575
46,NORMA-13029,576
46,NORMA-11300,577
46,NORMA-21185,578
46,NORMA-21217,579
46,NORMA-20100,580
46,NORMA-20944,581
46,NORMA-20928,582
46,NORMA-11605,583
46,NORMA-20802,584
46,NORMA-11857,585
46,NORMA-6720,586
46,NORMA-21065,587
46,NORMA-21294,588
46,NORMA-14898,589
46,NORMA-10200,590
46,NORMA-20058,591
46,NORMA-18952,592
46,NORMA-19499,593
46,NORMA-18793,594
46,NORMA-19566,595
46,NORMA-19473,596
46,NORMA-20164,597
46,NORMA-20891,598
46,NORMA-21440,599
46,NORMA-20961,600
46,NORMA-31923,601
46,NORMA-222,602
46,NORMA-18227,603
46,NORMA-19587,604
46,NORMA-29147,605
46,NORMA-19849,606
46,NORMA-18788,607
46,NORMA-18577,608
46,NORMA-18844,609
46,NORMA-11607,610
46,NORMA-6669,611
46,NORMA-21431,612
46,NORMA-24582,613
46,NORMA-18797,614
46,NORMA-21283,615
46,NORMA-10256,616
46,NORMA-20723,617
46,NORMA-19749,618
46,NORMA-19570,619
46,NORMA-19512,620
46,NORMA-26102,621
46,NORMA-20803,622
46,NORMA-16443,623
46,NORMA-12105,624
46,NORMA-23965,625
46,NORMA-18656,626
46,NORMA-7015,627
46,NORMA-16442,628
46,NORMA-18689,629
46,NORMA-6082,630
46,NORMA-13004,631
46,NORMA-20602,632
46,NORMA-16441,633
46,NORMA-10629,634
46,NORMA-1471,635
46,NORMA-28663,636
46,NORMA-18378,637
46,NORMA-18691,638
46,NORMA-1994,639
46,NORMA-19406,640
46,NORMA-6958,641
46,NORMA-4746,642
46,NORMA-18897,643
46,NORMA-2546,644
46,NORMA-16268,645
46,NORMA-26981,646
46,NORMA-21125,647
46,NORMA-5001,648
46,NORMA-1144,649
46,NORMA-835,650
46,NORMA-20468,651
46,NORMA-15881,652
46,NORMA-12089,653
46,NORMA-20167,654
46,NORMA-28703,655
46,NORMA-11527,656
46,NORMA-5077,657
46,NORMA-3621,658
46,NORMA-11474,659
46,NORMA-18226,660
46,NORMA-18747,661
46,NORMA-21238,662
46,NORMA-20877,663
46,NORMA-20302,664
46,NORMA-20371,665
46,NORMA-18646,666
46,NORMA-5360,667
46,NORMA-28422,668
46,NORMA-18364,669
46,NORMA-19078,670
46,NORMA-10116,671
46,NORMA-984,672
46,NORMA-8957,673
46,NORMA-19730,674
46,NORMA-12098,675
46,NORMA-11085,676
46,NORMA-8205,677
46,NORMA-11860,678
46,NORMA-11858,679
46,NORMA-20163,680
46,NORMA-28961,681
46,NORMA-5496,682
46,NORMA-14294,683
46,NORMA-5165,684
46,NORMA-11470,685
46,NORMA-4830,686
46,NORMA-5761,687
46,NORMA-6623,688
46,NORMA-19028,689
46,NORMA-11401,690
46,NORMA-6256,691
46,NORMA-12060,692
46,NORMA-7384,693
46,NORMA-20483,694
46,NORMA-10592,695
46,NORMA-14699,696
46,NORMA-13836,697
46,NORMA-14264,698
46,NORMA-14459,699
46,NORMA-20476,700
46,NORMA-19650,701
46,NORMA-7012,702
46,NORMA-12054,703
46,NORMA-21562,704
46,NORMA-20789,705
46,NORMA-20596,706
46,NORMA-18286,707
46,NORMA-11615,708
46,NORMA-19523,709
46,NORMA-19378,710
46,NORMA-21784,711
46,NORMA-21113,712
46,NORMA-6702,713
46,NORMA-893,714
46,NORMA-75,715
46,NORMA-18267,716
46,NORMA-11687,717
46,NORMA-18769,718
46,NORMA-18724,719
46,NORMA-13476,720
46,NORMA-18807,721
46,NORMA-21237,722
46,NORMA-21413,723
46,NORMA-20137,724
46,NORMA-11570,725
46,NORMA-18816,726
46,NORMA-13918,727
46,NORMA-27341,728
46,NORMA-6645,729
46,NORMA-18898,730
46,NORMA-4819,731
46,NORMA-20844,732
46,NORMA-3201,733
46,NORMA-12886,734
46,NORMA-19498,735
46,NORMA-21028,736
46,NORMA-19852,737
46,NORMA-13195,738
46,NORMA-12006,739
46,NORMA-6820,740
46,NORMA-21352,741
46,NORMA-19241,742
46,NORMA-19818,743
46,NORMA-13470,744
46,NORMA-12038,745
46,NORMA-19221,746
46,NORMA-27044,747
46,NORMA-21157,748
46,NORMA-21524,749
46,NORMA-7381,750
46,NORMA-7664,751
46,NORMA-19649,752
46,NORMA-19805,753
46,NORMA-20869,754
46,NORMA-754,755
46,NORMA-6970,756
46,NORMA-12338,757
46,NORMA-15339,758
46,NORMA-20590,759
46,NORMA-11476,760
46,NORMA-21647,761
46,NORMA-570,762
46,NORMA-6595,763
46,NORMA-12161,764
46,NORMA-1826,765
46,NORMA-28181,766
46,NORMA-18360,767
46,NORMA-20793,768
46,NORMA-1151,769
46,NORMA-6736,770
46,NORMA-6249,771
46,NORMA-18211,772
46,NORMA-18434,773
46,NORMA-11757,774
46,NORMA-14661,775
46,NORMA-18798,776
46,NORMA-974,777
46,NORMA-19960,778
46,NORMA-21029,779
46,NORMA-10309,780
46,NORMA-60,781
46,NORMA-13905,782
46,NORMA-18986,783
46,NORMA-11620,784
46,NORMA-11779,785
46,NORMA-20038,786
46,NORMA-6819,787
46,NORMA-6505,788
46,NORMA-28221,789
46,NORMA-12094,790
46,NORMA-11522,791
46,NORMA-1573,792
46,NORMA-11723,793
46,NORMA-11770,794
46,NORMA-14463,795
46,NORMA-19383,796
46,NORMA-4631,797
46,NORMA-15921,798
46,NORMA-18225,799
46,NORMA-18432,800
46,NORMA-5421,801
46,NORMA-10920,802
46,NORMA-21698,803
46,NORMA-18603,804
46,NORMA-11804,805
46,NORMA-20759,806
46,NORMA-20615,807
46,NORMA-4424,808
46,NORMA-18978,809
46,NORMA-4710,810
46,NORMA-21220,811
46,NORMA-12019,812
46,NORMA-21043,813
46,NORMA-6954,814
46,NORMA-12014,815
46,NORMA-12234,816
46,NORMA-20598,817
46,NORMA-19583,818
46,NORMA-20917,819
46,NORMA-7525,820
46,NORMA-21356,821
46,NORMA-28381,822
46,NORMA-2089,823
46,NORMA-328,824
46,NORMA-12232,825
46,NORMA-19220,826
46,NORMA-3835,827
46,NORMA-11472,828
46,NORMA-11792,829
46,NORMA-6961,830
46,NORMA-21060,831
46,NORMA-19206,832
46,NORMA-19842,833
46,NORMA-20952,834
46,NORMA-20423,835
46,NORMA-20558,836
46,NORMA-6968,837
46,NORMA-3638,838
46,NORMA-18205,839
46,NORMA-20452,840
46,NORMA-19959,841
46,NORMA-21241,842
46,NORMA-6698,843
46,NORMA-19569,844
46,NORMA-20732,845
46,NORMA-3642,846
46,NORMA-12113,847
46,NORMA-30043,848
46,NORMA-19424,849
46,NORMA-12107,850
46,NORMA-18921,851
46,NORMA-18342,852
46,NORMA-704,853
46,NORMA-21450,854
46,NORMA-20182,855
46,NORMA-2536,856
46,NORMA-5154,857
46,NORMA-6245,858
46,NORMA-20108,859
46,NORMA-18214,860
46,NORMA-20665,861
46,NORMA-18942,862
46,NORMA-1421,863
46,NORMA-12236,864
46,NORMA-20068,865
46,NORMA-20220,866
46,NORMA-18858,867
46,NORMA-20388,868
46,NORMA-21063,869
46,NORMA-21691,870
46,NORMA-18838,871
46,NORMA-7241,872
46,NORMA-11920,873
46,NORMA-11557,874
46,NORMA-20888,875
46,NORMA-19297,876
46,NORMA-20191,877
46,NORMA-21725,878
46,NORMA-20505,879
46,NORMA-18992,880
46,NORMA-21023,881
46,NORMA-20429,882
46,NORMA-21286,883
46,NORMA-658,884
46,NORMA-20477,885
46,NORMA-20609,886
46,NORMA-19427,887
46,NORMA-15901,888
46,NORMA-19019,889
46,NORMA-20060,890
46,NORMA-19741,891
46,NORMA-6851,892
46,NORMA-19808,893
46,NORMA-20904,894
46,NORMA-21206,895
46,NORMA-21361,896
46,NORMA-20796,897
46,NORMA-854,898
46,NORMA-18240,899
46,NORMA-20581,900
46,NORMA-19659,901
46,NORMA-15701,902
46,NORMA-13094,903
46,NORMA-18839,904
46,NORMA-21226,905
46,NORMA-20435,906
46,NORMA-18502,907
46,NORMA-28981,908
46,NORMA-20050,909
46,NORMA-20943,910
46,NORMA-20426,911
46,NORMA-19394,912
46,NORMA-11714,913
46,NORMA-20157,914
46,NORMA-19968,915
46,NORMA-4425,916
46,NORMA-15239,917
46,NORMA-19803,918
46,NORMA-21625,919
46,NORMA-20079,920
46,NORMA-18241,921
46,NORMA-5586,922
46,NORMA-21058,923
46,NORMA-5626,924
46,NORMA-7011,925
46,NORMA-19647,926
46,NORMA-18962,927
46,NORMA-20999,928
46,NORMA-18365,929
46,NORMA-1552,930
46,NORMA-20778,931
46,NORMA-19256,932
46,NORMA-19205,933
46,NORMA-20721,934
46,NORMA-19600,935
46,NORMA-18287,936
46,NORMA-20070,937
46,NORMA-19509,938
46,NORMA-18695,939
46,NORMA-18311,940
46,NORMA-21047,941
46,NORMA-21610,942
46,NORMA-19080,943
46,NORMA-20175,944
46,NORMA-20197,945
46,NORMA-21169,946
46,NORMA-19211,947
46,NORMA-21110,948
46,NORMA-19175,949
46,NORMA-20854,950
46,NORMA-21599,951
46,NORMA-17321,952
46,NORMA-3722,953
46,NORMA-18500,954
46,NORMA-20649,955
46,NORMA-20185,956
46,NORMA-578,957
46,NORMA-970,958
46,NORMA-18927,959
46,NORMA-18450,960
46,NORMA-21223,961
46,NORMA-20607,962
46,NORMA-21607,963
46,NORMA-19371,964
46,NORMA-20265,965
46,NORMA-11997,966
46,NORMA-20090,967
46,NORMA-20801,968
46,NORMA-21788,969
46,NORMA-20936,970
46,NORMA-2551,971
46,NORMA-21255,972
46,NORMA-19787,973
46,NORMA-18230,974
46,NORMA-11632,975
46,NORMA-21409,976
46,NORMA-18451,977
46,NORMA-6354,978
46,NORMA-21131,979
46,NORMA-21249,980
46,NORMA-875,981
46,NORMA-21755,982
46,NORMA-18264,983
46,NORMA-14505,984
46,NORMA-19948,985
46,NORMA-1408,986
46,NORMA-19413,987
46,NORMA-18249,988
46,NORMA-555,989
46,NORMA-19440,990
46,NORMA-19192,991
46,NORMA-18445,992
46,NORMA-19779,993
46,NORMA-19471,994
46,NORMA-20870,995
46,NORMA-21277,996
46,NORMA-2563,997
46,NORMA-21394,998
46,NORMA-20830,999
46,NORMA-802,1000
47,NORMA-749,1
47,NORMA-2546,2
47,NORMA-834,3
47,NORMA-2184,4
47,NORMA-75,5
47,NORMA-754,6
47,NORMA-2089,7
47,NORMA-2032,8
47,NORMA-509,9
47,NORMA-3381,10
47,NORMA-878,11
47,NORMA-82,12
47,NORMA-1250,13
47,NORMA-594,14
47,NORMA-220,15
47,NORMA-968,16
47,NORMA-1222,17
47,NORMA-21305,18
47,NORMA-224,19
47,NORMA-579,20
47,NORMA-228,21
47,NORMA-1291,22
47,NORMA-1341,23
47,NORMA-19456,24
47,NORMA-1317,25
47,NORMA-15881,26
47,NORMA-1463,27
47,NORMA-1516,28
47,NORMA-3201,29
47,NORMA-974,30
47,NORMA-1620,31
47,NORMA-15882,32
47,NORMA-2567,33
47,NORMA-15541,34
47,NORMA-15581,35
47,NORMA-2146,36
47,NORMA-19485,37
47,NORMA-28181,38
47,NORMA-1138,39
47,NORMA-1421,40
47,NORMA-3281,41
47,NORMA-889,42
47,NORMA-61,43
47,NORMA-1416,44
47,NORMA-18206,45
47,NORMA-1966,46
47,NORMA-1534,47
47,NORMA-18958,48
47,NORMA-1,49
47,NORMA-2069,50
47,NORMA-26201,51
47,NORMA-1994,52
47,NORMA-3382,53
47,NORMA-21227,54
47,NORMA-18345,55
47,NORMA-2066,56
47,NORMA-19649,57
47,NORMA-18432,58
47,NORMA-18537,59
47,NORMA-18403,60
47,NORMA-18412,61
47,NORMA-15521,62
47,NORMA-18859,63
47,NORMA-2046,64
47,NORMA-555,65
47,NORMA-15901,66
47,NORMA-14898,67
47,NORMA-18379,68
47,NORMA-1641,69
47,NORMA-332,70
47,NORMA-15701,71
47,NORMA-21524,72
47,NORMA-1613,73
47,NORMA-19724,74
47,NORMA-1840,75
47,NORMA-18827,76
47,NORMA-1085,77
47,NORMA-783,78
47,NORMA-1002,79
47,NORMA-21756,80
47,NORMA-618,81
47,NORMA-1212,82
47,NORMA-1072,83
47,NORMA-1239,84
47,NORMA-18359,85
47,NORMA-15542,86
47,NORMA-704,87
47,NORMA-554,88
47,NORMA-1471,89
47,NORMA-571,90
47,NORMA-11476,91
47,NORMA-1046,92
47,NORMA-18541,93
47,NORMA-766,94
47,NORMA-1573,95
47,NORMA-802,96
47,NORMA-21224,97
47,NORMA-2563,98
47,NORMA-59,99
47,NORMA-660,100
47,NORMA-801,101
47,NORMA-2425,102
47,NORMA-643,103
47,NORMA-2185,104
47,NORMA-1611,105
47,NORMA-215,106
47,NORMA-1786,107
47,NORMA-21725,108
47,NORMA-28961,109
47,NORMA-2013,110
47,NORMA-21484,111
47,NORMA-18724,112
47,NORMA-15921,113
47,NORMA-18226,114
47,NORMA-21553,115
47,NORMA-28362,116
47,NORMA-19249,117
47,NORMA-1740,118
47,NORMA-15561,119
47,NORMA-18233,120
47,NORMA-2091,121
47,NORMA-19651,122
47,NORMA-2140,123
47,NORMA-60,124
47,NORMA-19617,125
47,NORMA-21760,126
47,NORMA-15603,127
47,NORMA-13508,128
47,NORMA-21607,129
47,NORMA-19647,130
47,NORMA-19637,131
47,NORMA-21139,132
47,NORMA-18439,133
47,NORMA-18622,134
47,NORMA-21071,135
47,NORMA-2424,136
47,NORMA-19359,137
47,NORMA-21211,138
47,NORMA-19631,139
47,NORMA-13160,140
47,NORMA-21253,141
47,NORMA-483,142
47,NORMA-21739,143
47,NORMA-21702,144
47,NORMA-21315,145
47,NORMA-11864,146
47,NORMA-2478,147
47,NORMA-1024,148
47,NORMA-18879,149
47,NORMA-21525,150
47,NORMA-19665,151
47,NORMA-25201,152
47,NORMA-21589,153
47,NORMA-19107,154
47,NORMA-18492,155
47,NORMA-19095,156
47,NORMA-3241,157
47,NORMA-19028,158
47,NORMA-2158,159
47,NORMA-18342,160
47,NORMA-27022,161
47,NORMA-18823,162
47,NORMA-6630,163
47,NORMA-18414,164
47,NORMA-6967,165
47,NORMA-18350,166
47,NORMA-2517,167
47,NORMA-6948,168
47,NORMA-1663,169
47,NORMA-19152,170
47,NORMA-21272,171
47,NORMA-8028,172
47,NORMA-12657,173
47,NORMA-21226,174
47,NORMA-1224,175
47,NORMA-2011,176
47,NORMA-2010,177
47,NORMA-122,178
47,NORMA-21765,179
47,NORMA-21661,180
47,NORMA-229,181
47,NORMA-18502,182
47,NORMA-113,183
47,NORMA-943,184
47,NORMA-124,185
47,NORMA-477,186
47,NORMA-21705,187
47,NORMA-18976,188
47,NORMA-1447,189
47,NORMA-21267,190
47,NORMA-835,191
47,NORMA-2559,192
47,NORMA-21496,193
47,NORMA-12039,194
47,NORMA-503,195
47,NORMA-1321,196
47,NORMA-27555,197
47,NORMA-8803,198
47,NORMA-21244,199
47,NORMA-751,200
47,NORMA-21086,201
47,NORMA-909,202
47,NORMA-1188,203
47,NORMA-19676,204
47,NORMA-2371,205
47,NORMA-385,206
47,NORMA-789,207
47,NORMA-20487,208
47,NORMA-7110,209
47,NORMA-18549,210
47,NORMA-20999,211
47,NORMA-20366,212
47,NORMA-19981,213
47,NORMA-2064,214
47,NORMA-20490,215
47,NORMA-20501,216
47,NORMA-4909,217
47,NORMA-221,218
47,NORMA-20488,219
47,NORMA-20468,220
47,NORMA-1426,221
47,NORMA-19181,222
47,NORMA-20480,223
47,NORMA-20503,224
47,NORMA-18356,225
47,NORMA-1674,226
47,NORMA-20482,227
47,NORMA-20473,228
47,NORMA-18694,229
47,NORMA-21159,230
47,NORMA-20476,231
47,NORMA-2018,232
47,NORMA-219,233
47,NORMA-976,234
47,NORMA-923,235
47,NORMA-18762,236
47,NORMA-11472,237
47,NORMA-1433,238
47,NORMA-17321,239
47,NORMA-12165,240
47,NORMA-1406,241
47,NORMA-20931,242
47,NORMA-18208,243
47,NORMA-21783,244
47,NORMA-77,245
47,NORMA-567,246
47,NORMA-265,247
47,NORMA-972,248
47,NORMA-20861,249
47,NORMA-20369,250
47,NORMA-21236,251
47,NORMA-18654,252
47,NORMA-20465,253
47,NORMA-20389,254
47,NORMA-21419,255
47,NORMA-2103,256
47,NORMA-1998,257
47,NORMA-21382,258
47,NORMA-20477,259
47,NORMA-560,260
47,NORMA-20374,261
47,NORMA-736,262
47,NORMA-19666,263
47,NORMA-1390,264
47,NORMA-76,265
47,NORMA-798,266
47,NORMA-5536,267
47,NORMA-3001,268
47,NORMA-21468,269
47,NORMA-570,270
47,NORMA-309,271
47,NORMA-1295,272
47,NORMA-1535,273
47,NORMA-217,274
47,NORMA-19715,275
47,NORMA-19383,276
47,NORMA-938,277
47,NORMA-4091,278
47,NORMA-18709,279
47,NORMA-11804,280
47,NORMA-1274,281
47,NORMA-28422,282
47,NORMA-680,283
47,NORMA-7651,284
47,NORMA-22941,285
47,NORMA-18772,286
47,NORMA-21052,287
47,NORMA-11588,288
47,NORMA-462,289
47,NORMA-208,290
47,NORMA-2,291
47,NORMA-20474,292
47,NORMA-12886,293
47,NORMA-20087,294
47,NORMA-18838,295
47,NORMA-588,296
47,NORMA-587,297
47,NORMA-207,298
47,NORMA-12089,299
47,NORMA-595,300
47,NORMA-6509,301
47,NORMA-6645,302
47,NORMA-838,303
47,NORMA-818,304
47,NORMA-4818,305
47,NORMA-12664,306
47,NORMA-14788,307
47,NORMA-19362,308
47,NORMA-20388,309
47,NORMA-6955,310
47,NORMA-159,311
47,NORMA-10994,312
47,NORMA-9823,313
47,NORMA-21609,314
47,NORMA-20376,315
47,NORMA-20906,316
47,NORMA-27761,317
47,NORMA-9188,318
47,NORMA-1313,319
47,NORMA-3342,320
47,NORMA-2579,321
47,NORMA-6954,322
47,NORMA-218,323
47,NORMA-21527,324
47,NORMA-10708,325
47,NORMA-6082,326
47,NORMA-18224,327
47,NORMA-11417,328
47,NORMA-19081,329
47,NORMA-8281,330
47,NORMA-21314,331
47,NORMA-21682,332
47,NORMA-21758,333
47,NORMA-21238,334
47,NORMA-21522,335
47,NORMA-21339,336
47,NORMA-6316,337
47,NORMA-6181,338
47,NORMA-21230,339
47,NORMA-15211,340
47,NORMA-19507,341
47,NORMA-361,342
47,NORMA-19131,343
47,NORMA-19184,344
47,NORMA-21506,345
47,NORMA-6366,346
47,NORMA-7241,347
47,NORMA-12113,348
47,NORMA-7525,349
47,NORMA-18325,350
47,NORMA-12067,351
47,NORMA-20381,352
47,NORMA-21028,353
47,NORMA-18773,354
47,NORMA-20974,355
47,NORMA-9792,356
47,NORMA-13195,357
47,NORMA-18803,358
47,NORMA-19021,359
47,NORMA-3642,360
47,NORMA-19659,361
47,NORMA-19232,362
47,NORMA-29165,363
47,NORMA-1999,364
47,NORMA-535,365
47,NORMA-21776,366
47,NORMA-6856,367
47,NORMA-21046,368
47,NORMA-7953,369
47,NORMA-18735,370
47,NORMA-19257,371
47,NORMA-20215,372
47,NORMA-18933,373
47,NORMA-1147,374
47,NORMA-21668,375
47,NORMA-19373,376
47,NORMA-18377,377
47,NORMA-21752,378
47,NORMA-19293,379
47,NORMA-19380,380
47,NORMA-1689,381
47,NORMA-11751,382
47,NORMA-20941,383
47,NORMA-19233,384
47,NORMA-11568,385
47,NORMA-2543,386
47,NORMA-9893,387
47,NORMA-20405,388
47,NORMA-18955,389
47,NORMA-16202,390
47,NORMA-19311,391
47,NORMA-19307,392
47,NORMA-2623,393
47,NORMA-33288,394
47,NORMA-18510,395
47,NORMA-1342,396
47,NORMA-18991,397
47,NORMA-12105,398
47,NORMA-20800,399
47,NORMA-20790,400
47,NORMA-20316,401
47,NORMA-2455,402
47,NORMA-33308,403
47,NORMA-13004,404
47,NORMA-21158,405
47,NORMA-18961,406
47,NORMA-20505,407
47,NORMA-19212,408
47,NORMA-14661,409
47,NORMA-21731,410
47,NORMA-21367,411
47,NORMA-6505,412
47,NORMA-21741,413
47,NORMA-10779,414
47,NORMA-4219,415
47,NORMA-4631,416
47,NORMA-21123,417
47,NORMA-14463,418
47,NORMA-24582,419
47,NORMA-19354,420
47,NORMA-19554,421
47,NORMA-19436,422
47,NORMA-913,423
47,NORMA-222,424
47,NORMA-21154,425
47,NORMA-11600,426
47,NORMA-21437,427
47,NORMA-14459,428
47,NORMA-19497,429
47,NORMA-11570,430
47,NORMA-20959,431
47,NORMA-6318,432
47,NORMA-20914,433
47,NORMA-20912,434
47,NORMA-19486,435
47,NORMA-20902,436
47,NORMA-19390,437
47,NORMA-28001,438
47,NORMA-21248,439
47,NORMA-9821,440
47,NORMA-20422,441
47,NORMA-21023,442
47,NORMA-18811,443
47,NORMA-18534,444
47,NORMA-18822,445
47,NORMA-6257,446
47,NORMA-18237,447
47,NORMA-25902,448
47,NORMA-19523,449
47,NORMA-18214,450
47,NORMA-11496,451
47,NORMA-18556,452
47,NORMA-21552,453
47,NORMA-14239,454
47,NORMA-19667,455
47,NORMA-15237,456
47,NORMA-11805,457
47,NORMA-13106,458
47,NORMA-18219,459
47,NORMA-18230,460
47,NORMA-6621,461
47,NORMA-4830,462
47,NORMA-4412,463
47,NORMA-14937,464
47,NORMA-19376,465
47,NORMA-27101,466
47,NORMA-10118,467
47,NORMA-18583,468
47,NORMA-6958,469
47,NORMA-19916,470
47,NORMA-13158,471
47,NORMA-20865,472
47,NORMA-18364,473
47,NORMA-19468,474
47,NORMA-12872,475
47,NORMA-21152,476
47,NORMA-20973,477
47,NORMA-21537,478
47,NORMA-4746,479
47,NORMA-18434,480
47,NORMA-21561,481
47,NORMA-21515,482
47,NORMA-2005,483
47,NORMA-9384,484
47,NORMA-7381,485
47,NORMA-19358,486
47,NORMA-18844,487
47,NORMA-6670,488
47,NORMA-21383,489
47,NORMA-18446,490
47,NORMA-18877,491
47,NORMA-6321,492
47,NORMA-11655,493
47,NORMA-18454,494
47,NORMA-21126,495
47,NORMA-18981,496
47,NORMA-21519,497
47,NORMA-21173,498
47,NORMA-21523,499
47,NORMA-20407,500
47,NORMA-19031,501
47,NORMA-20398,502
47,NORMA-9712,503
47,NORMA-18506,504
47,NORMA-5154,505
47,NORMA-3722,506
47,NORMA-21150,507
47,NORMA-20281,508
47,NORMA-4711,509
47,NORMA-18780,510
47,NORMA-19575,511
47,NORMA-13954,512
47,NORMA-7279,513
47,NORMA-13469,514
47,NORMA-20382,515
47,NORMA-4075,516
47,NORMA-4712,517
47,NORMA-5886,518
47,NORMA-15159,519
47,NORMA-20349,520
47,NORMA-19906,521
47,NORMA-18229,522
47,NORMA-7025,523
47,NORMA-6641,524
47,NORMA-18880,525
47,NORMA-19019,526
47,NORMA-14990,527
47,NORMA-9297,528
47,NORMA-21431,529
47,NORMA-19804,530
47,NORMA-13480,531
47,NORMA-20396,532
47,NORMA-6672,533
47,NORMA-10028,534
47,NORMA-11628,535
47,NORMA-7011,536
47,NORMA-21135,537
47,NORMA-7384,538
47,NORMA-20402,539
47,NORMA-20428,540
47,NORMA-6709,541
47,NORMA-21256,542
47,NORMA-18319,543
47,NORMA-19327,544
47,NORMA-11316,545
47,NORMA-14054,546
47,NORMA-20358,547
47,NORMA-20451,548
47,NORMA-6757,549
47,NORMA-18205,550
47,NORMA-10045,551
47,NORMA-6669,552
47,NORMA-6644,553
47,NORMA-18788,554
47,NORMA-19173,555
47,NORMA-19851,556
47,NORMA-14279,557
47,NORMA-18797,558
47,NORMA-21231,559
47,NORMA-31923,560
47,NORMA-21521,561
47,NORMA-21384,562
47,NORMA-6398,563
47,NORMA-6962,564
47,NORMA-19014,565
47,NORMA-21723,566
47,NORMA-19805,567
47,NORMA-21541,568
47,NORMA-3638,569
47,NORMA-9110,570
47,NORMA-9382,571
47,NORMA-7942,572
47,NORMA-4275,573
47,NORMA-16268,574
47,NORMA-20371,575
47,NORMA-9670,576
47,NORMA-18876,577
47,NORMA-20892,578
47,NORMA-18935,579
47,NORMA-9834,580
47,NORMA-19431,581
47,NORMA-20603,582
47,NORMA-6698,583
47,NORMA-7021,584
47,NORMA-6679,585
47,NORMA-20961,586
47,NORMA-18479,587
47,NORMA-14985,588
47,NORMA-18899,589
47,NORMA-21235,590
47,NORMA-21626,591
47,NORMA-21625,592
47,NORMA-19980,593
47,NORMA-18690,594
47,NORMA-6627,595
47,NORMA-7466,596
47,NORMA-6636,597
47,NORMA-5421,598
47,NORMA-13323,599
47,NORMA-20055,600
47,NORMA-18375,601
47,NORMA-20359,602
47,NORMA-6249,603
47,NORMA-18937,604
47,NORMA-6185,605
47,NORMA-19096,606
47,NORMA-29005,607
47,NORMA-21293,608
47,NORMA-27521,609
47,NORMA-20206,610
47,NORMA-8027,611
47,NORMA-19611,612
47,NORMA-20189,613
47,NORMA-11599,614
47,NORMA-18225,615
47,NORMA-20137,616
47,NORMA-20494,617
47,NORMA-19792,618
47,NORMA-21218,619
47,NORMA-6083,620
47,NORMA-18688,621
47,NORMA-6957,622
47,NORMA-21638,623
47,NORMA-21386,624
47,NORMA-21291,625
47,NORMA-10375,626
47,NORMA-18706,627
47,NORMA-18501,628
47,NORMA-10629,629
47,NORMA-20183,630
47,NORMA-11605,631
47,NORMA-21114,632
47,NORMA-19784,633
47,NORMA-23361,634
47,NORMA-20096,635
47,NORMA-11632,636
47,NORMA-21430,637
47,NORMA-18394,638
47,NORMA-20995,639
47,NORMA-10931,640
47,NORMA-18266,641
47,NORMA-18565,642
47,NORMA-18998,643
47,NORMA-21262,644
47,NORMA-11814,645
47,NORMA-18424,646
47,NORMA-11474,647
47,NORMA-18298,648
47,NORMA-6623,649
47,NORMA-21020,650
47,NORMA-11527,651
47,NORMA-21344,652
47,NORMA-21252,653
47,NORMA-18436,654
47,NORMA-20197,655
47,NORMA-20460,656
47,NORMA-19844,657
47,NORMA-7012,658
47,NORMA-6256,659
47,NORMA-19260,660
47,NORMA-19092,661
47,NORMA-19274,662
47,NORMA-11469,663
47,NORMA-19416,664
47,NORMA-8522,665
47,NORMA-18217,666
47,NORMA-19398,667
47,NORMA-20232,668
47,NORMA-6753,669
47,NORMA-20754,670
47,NORMA-9846,671
47,NORMA-20740,672
47,NORMA-9710,673
47,NORMA-5338,674
47,NORMA-3261,675
47,NORMA-9852,676
47,NORMA-6456,677
47,NORMA-18925,678
47,NORMA-14001,679
47,NORMA-12306,680
47,NORMA-20937,681
47,NORMA-21550,682
47,NORMA-12827,683
47,NORMA-9854,684
47,NORMA-9928,685
47,NORMA-4458,686
47,NORMA-18942,687
47,NORMA-21789,688
47,NORMA-7228,689
47,NORMA-20784,690
47,NORMA-19259,691
47,NORMA-6959,692
47,NORMA-3687,693
47,NORMA-19306,694
47,NORMA-20985,695
47,NORMA-12323,696
47,NORMA-9822,697
47,NORMA-20254,698
47,NORMA-4330,699
47,NORMA-19397,700
47,NORMA-19897,701
47,NORMA-12877,702
47,NORMA-18520,703
47,NORMA-1407,704
47,NORMA-19308,705
47,NORMA-18967,706
47,NORMA-19657,707
47,NORMA-18438,708
47,NORMA-20917,709
47,NORMA-20250,710
47,NORMA-20986,711
47,NORMA-19856,712
47,NORMA-1179,713
47,NORMA-1851,714
47,NORMA-19556,715
47,NORMA-19893,716
47,NORMA-16382,717
47,NORMA-21276,718
47,NORMA-833,719
47,NORMA-1606,720
47,NORMA-20928,721
47,NORMA-20085,722
47,NORMA-20801,723
47,NORMA-20289,724
47,NORMA-21715,725
47,NORMA-11888,726
47,NORMA-20557,727
47,NORMA-21195,728
47,NORMA-20940,729
47,NORMA-9677,730
47,NORMA-23381,731
47,NORMA-19658,732
47,NORMA-6702,733
47,NORMA-14278,734
47,NORMA-7488,735
47,NORMA-19309,736
47,NORMA-20110,737
47,NORMA-5420,738
47,NORMA-19898,739
47,NORMA-11774,740
47,NORMA-21507,741
47,NORMA-11730,742
47,NORMA-11729,743
47,NORMA-19310,744
47,NORMA-19430,745
47,NORMA-6199,746
47,NORMA-11573,747
47,NORMA-3968,748
47,NORMA-18328,749
47,NORMA-11608,750
47,NORMA-11471,751
47,NORMA-2558,752
47,NORMA-19849,753
47,NORMA-23564,754
47,NORMA-9647,755
47,NORMA-11514,756
47,NORMA-11626,757
47,NORMA-20646,758
47,NORMA-21535,759
47,NORMA-18757,760
47,NORMA-19806,761
47,NORMA-20846,762
47,NORMA-4583,763
47,NORMA-9831,764
47,NORMA-19786,765
47,NORMA-21336,766
47,NORMA-19353,767
47,NORMA-20579,768
47,NORMA-21453,769
47,NORMA-18343,770
47,NORMA-21680,771
47,NORMA-19315,772
47,NORMA-8750,773
47,NORMA-20578,774
47,NORMA-19032,775
47,NORMA-19387,776
47,NORMA-6439,777
47,NORMA-20605,778
47,NORMA-21196,779
47,NORMA-18746,780
47,NORMA-19895,781
47,NORMA-20723,782
47,NORMA-19644,783
47,NORMA-21352,784
47,NORMA-19597,785
47,NORMA-18247,786
47,NORMA-21639,787
47,NORMA-19905,788
47,NORMA-6971,789
47,NORMA-19789,790
47,NORMA-19573,791
47,NORMA-18888,792
47,NORMA-20257,793
47,NORMA-21488,794
47,NORMA-21627,795
47,NORMA-18897,796
47,NORMA-5184,797
47,NORMA-20303,798
47,NORMA-10729,799
47,NORMA-18707,800
47,NORMA-20104,801
47,NORMA-4587,802
47,NORMA-19408,803
47,NORMA-21131,804
47,NORMA-21210,805
47,NORMA-11516,806
47,NORMA-21313,807
47,NORMA-19803,808
47,NORMA-19393,809
47,NORMA-6253,810
47,NORMA-21588,811
47,NORMA-21530,812
47,NORMA-19557,813
47,NORMA-21653,814
47,NORMA-5225,815
47,NORMA-11722,816
47,NORMA-21401,817
47,NORMA-18963,818
47,NORMA-4515,819
47,NORMA-19352,820
47,NORMA-20086,821
47,NORMA-12161,822
47,NORMA-19749,823
47,NORMA-21713,824
47,NORMA-689,825
47,NORMA-11567,826
47,NORMA-7194,827
47,NORMA-20038,828
47,NORMA-19406,829
47,NORMA-27342,830
47,NORMA-20803,831
47,NORMA-6245,832
47,NORMA-18458,833
47,NORMA-21269,834
47,NORMA-20802,835
47,NORMA-19607,836
47,NORMA-4586,837
47,NORMA-21470,838
47,NORMA-12952,839
47,NORMA-21792,840
47,NORMA-24601,841
47,NORMA-10117,842
47,NORMA-21223,843
47,NORMA-4514,844
47,NORMA-18978,845
47,NORMA-19841,846
47,NORMA-33728,847
47,NORMA-27981,848
47,NORMA-11144,849
47,NORMA-18216,850
47,NORMA-20706,851
47,NORMA-20050,852
47,NORMA-6092,853
47,NORMA-14673,854
47,NORMA-6410,855
47,NORMA-21533,856
47,NORMA-19290,857
47,NORMA-18916,858
47,NORMA-20385,859
47,NORMA-6344,860
47,NORMA-21275,861
47,NORMA-18462,862
47,NORMA-19546,863
47,NORMA-4423,864
47,NORMA-6673,865
47,NORMA-21647,866
47,NORMA-14498,867
47,NORMA-21357,868
47,NORMA-4588,869
47,NORMA-19618,870
47,NORMA-19580,871
47,NORMA-6881,872
47,NORMA-6701,873
47,NORMA-19957,874
47,NORMA-7280,875
47,NORMA-10531,876
47,NORMA-21477,877
47,NORMA-20877,878
47,NORMA-6643,879
47,NORMA-20989,880
47,NORMA-21417,881
47,NORMA-21254,882
47,NORMA-19770,883
47,NORMA-21547,884
47,NORMA-20223,885
47,NORMA-20885,886
47,NORMA-18819,887
47,NORMA-21026,888
47,NORMA-18796,889
47,NORMA-10116,890
47,NORMA-8384,891
47,NORMA-19297,892
47,NORMA-11687,893
47,NORMA-18806,894
47,NORMA-20180,895
47,NORMA-18444,896
47,NORMA-20581,897
47,NORMA-21592,898
47,NORMA-12910,899
47,NORMA-4425,900
47,NORMA-11882,901
47,NORMA-21413,902
47,NORMA-21644,903
47,NORMA-19328,904
47,NORMA-18536,905
47,NORMA-18826,906
47,NORMA-28203,907
47,NORMA-20062,908
47,NORMA-20789,909
47,NORMA-7326,910
47,NORMA-21579,911
47,NORMA-7351,912
47,NORMA-13029,913
47,NORMA-9147,914
47,NORMA-11300,915
47,NORMA-6720,916
47,NORMA-19515,917
47,NORMA-3966,918
47,NORMA-21775,919
47,NORMA-20916,920
47,NORMA-18815,921
47,NORMA-20446,922
47,NORMA-19437,923
47,NORMA-19281,924
47,NORMA-20222,925
47,NORMA-21509,926
47,NORMA-20707,927
47,NORMA-18952,928
47,NORMA-19124,929
47,NORMA-21043,930
47,NORMA-19240,931
47,NORMA-20840,932
47,NORMA-21663,933
47,NORMA-21710,934
47,NORMA-19223,935
47,NORMA-21434,936
47,NORMA-18314,937
47,NORMA-21768,938
47,NORMA-20569,939
47,NORMA-19691,940
47,NORMA-19526,941
47,NORMA-23341,942
47,NORMA-21634,943
47,NORMA-21299,944
47,NORMA-21595,945
47,NORMA-21260,946
47,NORMA-21390,947
47,NORMA-11764,948
47,NORMA-18430,949
47,NORMA-11479,950
47,NORMA-11609,951
47,NORMA-19779,952
47,NORMA-23721,953
47,NORMA-21695,954
47,NORMA-20880,955
47,NORMA-4817,956
47,NORMA-18360,957
47,NORMA-19384,958
47,NORMA-9898,959
47,NORMA-12014,960
47,NORMA-12234,961
47,NORMA-12232,962
47,NORMA-12228,963
47,NORMA-12006,964
47,NORMA-11631,965
47,NORMA-12049,966
47,NORMA-19275,967
47,NORMA-5925,968
47,NORMA-10559,969
47,NORMA-3632,970
47,NORMA-19746,971
47,NORMA-12048,972
47,NORMA-4801,973
47,NORMA-21420,974
47,NORMA-12002,975
47,NORMA-19292,976
47,NORMA-11798,977
47,NORMA-19520,978
47,NORMA-11999,979
47,NORMA-5363,980
47,NORMA-6443,981
47,NORMA-11763,982
47,NORMA-18603,983
47,NORMA-18554,984
47,NORMA-10234,985
47,NORMA-11780,986
47,NORMA-5843,987
47,NORMA-5131,988
47,NORMA-11649,989
47,NORMA-10397,990
47,NORMA-3738,991
47,NORMA-7917,992
47,NORMA-18528,993
47,NORMA-12989,994
47,NORMA-8066,995
47,NORMA-5364,996
47,NORMA-11989,997
47,NORMA-4865,998
47,NORMA-4112,999
47,NORMA-4565,1000
48,NORMA-23222,1
48,NORMA-12872,2
48,NORMA-21450,3
48,NORMA-21648,4
48,NORMA-19786,5
48,NORMA-13106,6
48,NORMA-21721,7
48,NORMA-20865,8
48,NORMA-20140,9
48,NORMA-21631,10
48,NORMA-18747,11
48,NORMA-21220,12
48,NORMA-21461,13
48,NORMA-10326,14
48,NORMA-21756,15
48,NORMA-13802,16
48,NORMA-3342,17
48,NORMA-28203,18
48,NORMA-19205,19
48,NORMA-21608,20
48,NORMA-21744,21
48,NORMA-19646,22
48,NORMA-18201,23
48,NORMA-20995,24
48,NORMA-1999,25
48,NORMA-18646,26
48,NORMA-21276,27
48,NORMA-18691,28
48,NORMA-21225,29
48,NORMA-21474,30
48,NORMA-19730,31
48,NORMA-21470,32
48,NORMA-11605,33
48,NORMA-21507,34
48,NORMA-21792,35
48,NORMA-21522,36
48,NORMA-4818,37
48,NORMA-19542,38
48,NORMA-5536,39
48,NORMA-21361,40
48,NORMA-20797,41
48,NORMA-21553,42
48,NORMA-6509,43
48,NORMA-7651,44
48,NORMA-21443,45
48,NORMA-7773,46
48,NORMA-13174,47
48,NORMA-20139,48
48,NORMA-4091,49
48,NORMA-21367,50
48,NORMA-9823,51
48,NORMA-18839,52
48,NORMA-11607,53
48,NORMA-19337,54
48,NORMA-15542,55
48,NORMA-18762,56
48,NORMA-12706,57
48,NORMA-13696,58
48,NORMA-18248,59
48,NORMA-21301,60
48,NORMA-21739,61
48,NORMA-21637,62
48,NORMA-21586,63
48,NORMA-3201,64
48,NORMA-20569,65
48,NORMA-6655,66
48,NORMA-21113,67
48,NORMA-21583,68
48,NORMA-21226,69
48,NORMA-21431,70
48,NORMA-28181,71
48,NORMA-21626,72
48,NORMA-15060,73
48,NORMA-18227,74
48,NORMA-19968,75
48,NORMA-19096,76
48,NORMA-21695,77
48,NORMA-20137,78
48,NORMA-22101,79
48,NORMA-20812,80
48,NORMA-20811,81
48,NORMA-21550,82
48,NORMA-21521,83
48,NORMA-21650,84
48,NORMA-18967,85
48,NORMA-20474,86
48,NORMA-18992,87
48,NORMA-3503,88
48,NORMA-3241,89
48,NORMA-19919,90
48,NORMA-20468,91
48,NORMA-21776,92
48,NORMA-20402,93
48,NORMA-7525,94
48,NORMA-8028,95
48,NORMA-3642,96
48,NORMA-26701,97
48,NORMA-21224,98
48,NORMA-21389,99
48,NORMA-21499,100
48,NORMA-20709,101
48,NORMA-15581,102
48,NORMA-12039,103
48,NORMA-19181,104
48,NORMA-19798,105
48,NORMA-19249,106
48,NORMA-21231,107
48,NORMA-7241,108
48,NORMA-20521,109
48,NORMA-20432,110
48,NORMA-14474,111
48,NORMA-1613,112
48,NORMA-20028,113
48,NORMA-19977,114
48,NORMA-19384,115
48,NORMA-21264,116
48,NORMA-18748,117
48,NORMA-15701,118
48,NORMA-4275,119
48,NORMA-12165,120
48,NORMA-20465,121
48,NORMA-18815,122
48,NORMA-19520,123
48,NORMA-19292,124
48,NORMA-21131,125
48,NORMA-28961,126
48,NORMA-15541,127
48,NORMA-18444,128
48,NORMA-19512,129
48,NORMA-20376,130
48,NORMA-20190,131
48,NORMA-21729,132
48,NORMA-20583,133
48,NORMA-21630,134
48,NORMA-21261,135
48,NORMA-20201,136
48,NORMA-8435,137
48,NORMA-20778,138
48,NORMA-231,139
48,NORMA-14459,140
48,NORMA-9724,141
48,NORMA-19634,142
48,NORMA-6140,143
48,NORMA-7386,144
48,NORMA-7113,145
48,NORMA-20473,146
48,NORMA-14618,147
48,NORMA-7225,148
48,NORMA-20969,149
48,NORMA-11715,150
48,NORMA-20382,151
48,NORMA-25902,152
48,NORMA-18750,153
48,NORMA-20841,154
48,NORMA-6948,155
48,NORMA-27550,156
48,NORMA-19715,157
48,NORMA-6783,158
48,NORMA-19969,159
48,NORMA-7222,160
48,NORMA-18989,161
48,NORMA-20369,162
48,NORMA-20708,163
48,NORMA-4075,164
48,NORMA-18221,165
48,NORMA-19275,166
48,NORMA-21564,167
48,NORMA-2005,168
48,NORMA-31923,169
48,NORMA-15211,170
48,NORMA-6505,171
48,NORMA-12067,172
48,NORMA-18685,173
48,NORMA-4631,174
48,NORMA-19844,175
48,NORMA-14967,176
48,NORMA-19609,177
48,NORMA-20199,178
48,NORMA-21526,179
48,NORMA-18654,180
48,NORMA-20407,181
48,NORMA-36,182
48,NORMA-19981,183
48,NORMA-20034,184
48,NORMA-12657,185
48,NORMA-12664,186
48,NORMA-14788,187
48,NORMA-21211,188
48,NORMA-20428,189
48,NORMA-20398,190
48,NORMA-14937,191
48,NORMA-19081,192
48,NORMA-13469,193
48,NORMA-7110,194
48,NORMA-18859,195
48,NORMA-20460,196
48,NORMA-13158,197
48,NORMA-11901,198
48,NORMA-20359,199
48,NORMA-26163,200
48,NORMA-18427,201
48,NORMA-19221,202
48,NORMA-16202,203
48,NORMA-18446,204
48,NORMA-11742,205
48,NORMA-12102,206
48,NORMA-11505,207
48,NORMA-20389,208
48,NORMA-14974,209
48,NORMA-18605,210
48,NORMA-18445,211
48,NORMA-19571,212
48,NORMA-18359,213
48,NORMA-31903,214
48,NORMA-15239,215
48,NORMA-19021,216
48,NORMA-27761,217
48,NORMA-20480,218
48,NORMA-18479,219
48,NORMA-33288,220
48,NORMA-18412,221
48,NORMA-20002,222
48,NORMA-33308,223
48,NORMA-19803,224
48,NORMA-14703,225
48,NORMA-19953,226
48,NORMA-14629,227
48,NORMA-6677,228
48,NORMA-20921,229
48,NORMA-19553,230
48,NORMA-31905,231
48,NORMA-18796,232
48,NORMA-13903,233
48,NORMA-8458,234
48,NORMA-21783,235
48,NORMA-15134,236
48,NORMA-462,237
48,NORMA-21000,238
48,NORMA-14587,239
48,NORMA-18284,240
48,NORMA-7149,241
48,NORMA-21547,242
48,NORMA-18937,243
48,NORMA-18806,244
48,NORMA-19427,245
48,NORMA-21238,246
48,NORMA-18688,247
48,NORMA-21026,248
48,NORMA-12029,249
48,NORMA-11417,250
48,NORMA-18565,251
48,NORMA-18998,252
48,NORMA-20924,253
48,NORMA-4711,254
48,NORMA-20138,255
48,NORMA-20989,256
48,NORMA-6343,257
48,NORMA-20622,258
48,NORMA-3979,259
48,NORMA-18430,260
48,NORMA-15339,261
48,NORMA-684,262
48,NORMA-18631,263
48,NORMA-13918,264
48,NORMA-21459,265
48,NORMA-21253,266
48,NORMA-18683,267
48,NORMA-7095,268
48,NORMA-13545,269
48,NORMA-20941,270
48,NORMA-18224,271
48,NORMA-20993,272
48,NORMA-19667,273
48,NORMA-19303,274
48,NORMA-7027,275
48,NORMA-10267,276
48,NORMA-7953,277
48,NORMA-13476,278
48,NORMA-8931,279
48,NORMA-11454,280
48,NORMA-18293,281
48,NORMA-21538,282
48,NORMA-21661,283
48,NORMA-21121,284
48,NORMA-15068,285
48,NORMA-14858,286
48,NORMA-20366,287
48,NORMA-13555,288
48,NORMA-20776,289
48,NORMA-18816,290
48,NORMA-19391,291
48,NORMA-19503,292
48,NORMA-20754,293
48,NORMA-6256,294
48,NORMA-6623,295
48,NORMA-13990,296
48,NORMA-21114,297
48,NORMA-18734,298
48,NORMA-19459,299
48,NORMA-19809,300
48,NORMA-18411,301
48,NORMA-7012,302
48,NORMA-20705,303
48,NORMA-20476,304
48,NORMA-20869,305
48,NORMA-21634,306
48,NORMA-883,307
48,NORMA-5170,308
48,NORMA-19650,309
48,NORMA-20135,310
48,NORMA-28162,311
48,NORMA-19351,312
48,NORMA-20616,313
48,NORMA-18280,314
48,NORMA-4943,315
48,NORMA-19128,316
48,NORMA-21269,317
48,NORMA-27001,318
48,NORMA-20065,319
48,NORMA-20482,320
48,NORMA-18548,321
48,NORMA-21554,322
48,NORMA-9297,323
48,NORMA-20164,324
48,NORMA-20503,325
48,NORMA-29763,326
48,NORMA-28102,327
48,NORMA-19170,328
48,NORMA-20108,329
48,NORMA-18842,330
48,NORMA-8522,331
48,NORMA-28802,332
48,NORMA-19643,333
48,NORMA-20157,334
48,NORMA-18709,335
48,NORMA-19727,336
48,NORMA-18378,337
48,NORMA-20239,338
48,NORMA-20488,339
48,NORMA-11736,340
48,NORMA-5252,341
48,NORMA-6962,342
48,NORMA-18385,343
48,NORMA-19436,344
48,NORMA-21419,345
48,NORMA-11137,346
48,NORMA-20880,347
48,NORMA-18537,348
48,NORMA-2413,349
48,NORMA-18724,350
48,NORMA-18292,351
48,NORMA-21468,352
48,NORMA-19617,353
48,NORMA-18439,354
48,NORMA-20198,355
48,NORMA-20487,356
48,NORMA-29201,357
48,NORMA-19574,358
48,NORMA-18769,359
48,NORMA-19416,360
48,NORMA-21255,361
48,NORMA-18933,362
48,NORMA-20249,363
48,NORMA-18984,364
48,NORMA-21150,365
48,NORMA-11144,366
48,NORMA-3381,367
48,NORMA-21217,368
48,NORMA-19422,369
48,NORMA-11798,370
48,NORMA-21606,371
48,NORMA-20762,372
48,NORMA-20558,373
48,NORMA-21788,374
48,NORMA-20098,375
48,NORMA-18494,376
48,NORMA-309,377
48,NORMA-772,378
48,NORMA-14746,379
48,NORMA-20421,380
48,NORMA-18428,381
48,NORMA-21408,382
48,NORMA-19408,383
48,NORMA-21659,384
48,NORMA-19799,385
48,NORMA-18394,386
48,NORMA-25964,387
48,NORMA-10200,388
48,NORMA-18981,389
48,NORMA-19477,390
48,NORMA-21241,391
48,NORMA-27364,392
48,NORMA-18931,393
48,NORMA-19387,394
48,NORMA-20861,395
48,NORMA-20200,396
48,NORMA-22561,397
48,NORMA-9384,398
48,NORMA-19330,399
48,NORMA-18380,400
48,NORMA-21305,401
48,NORMA-19596,402
48,NORMA-18799,403
48,NORMA-18325,404
48,NORMA-13470,405
48,NORMA-18298,406
48,NORMA-20196,407
48,NORMA-27044,408
48,NORMA-14294,409
48,NORMA-21073,410
48,NORMA-12986,411
48,NORMA-19155,412
48,NORMA-14724,413
48,NORMA-21390,414
48,NORMA-11356,415
48,NORMA-8706,416
48,NORMA-19691,417
48,NORMA-20202,418
48,NORMA-6880,419
48,NORMA-23341,420
48,NORMA-18988,421
48,NORMA-11085,422
48,NORMA-8205,423
48,NORMA-4862,424
48,NORMA-4786,425
48,NORMA-18591,426
48,NORMA-23521,427
48,NORMA-21496,428
48,NORMA-20477,429
48,NORMA-18826,430
48,NORMA-19426,431
48,NORMA-3472,432
48,NORMA-18870,433
48,NORMA-19925,434
48,NORMA-19589,435
48,NORMA-20789,436
48,NORMA-8027,437
48,NORMA-19959,438
48,NORMA-21052,439
48,NORMA-19134,440
48,NORMA-9382,441
48,NORMA-19883,442
48,NORMA-9110,443
48,NORMA-18780,444
48,NORMA-14345,445
48,NORMA-7942,446
48,NORMA-13995,447
48,NORMA-9670,448
48,NORMA-21158,449
48,NORMA-19518,450
48,NORMA-18456,451
48,NORMA-19573,452
48,NORMA-20222,453
48,NORMA-21509,454
48,NORMA-21065,455
48,NORMA-14113,456
48,NORMA-19105,457
48,NORMA-20828,458
48,NORMA-1341,459
48,NORMA-15027,460
48,NORMA-18213,461
48,NORMA-21028,462
48,NORMA-6092,463
48,NORMA-20087,464
48,NORMA-21678,465
48,NORMA-18492,466
48,NORMA-19442,467
48,NORMA-12038,468
48,NORMA-21651,469
48,NORMA-10309,470
48,NORMA-20908,471
48,NORMA-10044,472
48,NORMA-20605,473
48,NORMA-21663,474
48,NORMA-19631,475
48,NORMA-634,476
48,NORMA-21710,477
48,NORMA-20349,478
48,NORMA-6185,479
48,NORMA-20580,480
48,NORMA-20422,481
48,NORMA-18825,482
48,NORMA-20928,483
48,NORMA-21484,484
48,NORMA-2032,485
48,NORMA-20490,486
48,NORMA-2375,487
48,NORMA-11687,488
48,NORMA-19581,489
48,NORMA-11646,490
48,NORMA-11455,491
48,NORMA-20023,492
48,NORMA-18603,493
48,NORMA-15237,494
48,NORMA-18332,495
48,NORMA-4792,496
48,NORMA-4500,497
48,NORMA-19841,498
48,NORMA-20374,499
48,NORMA-20907,500
48,NORMA-18286,501
48,NORMA-21012,502
48,NORMA-21417,503
48,NORMA-20854,504
48,NORMA-21170,505
48,NORMA-20079,506
48,NORMA-7279,507
48,NORMA-9834,508
48,NORMA-11632,509
48,NORMA-21717,510
48,NORMA-3181,511
48,NORMA-20429,512
48,NORMA-17281,513
48,NORMA-20796,514
48,NORMA-21252,515
48,NORMA-22001,516
48,NORMA-13195,517
48,NORMA-21402,518
48,NORMA-20077,519
48,NORMA-18952,520
48,NORMA-19454,521
48,NORMA-18205,522
48,NORMA-19212,523
48,NORMA-19864,524
48,NORMA-19192,525
48,NORMA-20603,526
48,NORMA-20397,527
48,NORMA-8245,528
48,NORMA-6249,529
48,NORMA-21173,530
48,NORMA-20720,531
48,NORMA-6676,532
48,NORMA-19735,533
48,NORMA-2158,534
48,NORMA-21046,535
48,NORMA-21344,536
48,NORMA-20985,537
48,NORMA-20936,538
48,NORMA-20817,539
48,NORMA-220,540
48,NORMA-19948,541
48,NORMA-21523,542
48,NORMA-18364,543
48,NORMA-2184,544
48,NORMA-2089,545
48,NORMA-19593,546
48,NORMA-21023,547
48,NORMA-23027,548
48,NORMA-19092,549
48,NORMA-19499,550
48,NORMA-19431,551
48,NORMA-19095,552
48,NORMA-18934,553
48,NORMA-18208,554
48,NORMA-19240,555
48,NORMA-9888,556
48,NORMA-9316,557
48,NORMA-24102,558
48,NORMA-28201,559
48,NORMA-19580,560
48,NORMA-23841,561
48,NORMA-7971,562
48,NORMA-27688,563
48,NORMA-26564,564
48,NORMA-25524,565
48,NORMA-25203,566
48,NORMA-23621,567
48,NORMA-25262,568
48,NORMA-25141,569
48,NORMA-27081,570
48,NORMA-27021,571
48,NORMA-29023,572
48,NORMA-27901,573
48,NORMA-27605,574
48,NORMA-26886,575
48,NORMA-28581,576
48,NORMA-27421,577
48,NORMA-25205,578
48,NORMA-18434,579
48,NORMA-19223,580
48,NORMA-26421,581
48,NORMA-27623,582
48,NORMA-19110,583
48,NORMA-19051,584
48,NORMA-20609,585
48,NORMA-4710,586
48,NORMA-18669,587
48,NORMA-13519,588
48,NORMA-15061,589
48,NORMA-19256,590
48,NORMA-20885,591
48,NORMA-1035,592
48,NORMA-20914,593
48,NORMA-2517,594
48,NORMA-13229,595
48,NORMA-21149,596
48,NORMA-12344,597
48,NORMA-21789,598
48,NORMA-14389,599
48,NORMA-21446,600
48,NORMA-19526,601
48,NORMA-21363,602
48,NORMA-8701,603
48,NORMA-29003,604
48,NORMA-21352,605
48,NORMA-19140,606
48,NORMA-26281,607
48,NORMA-20405,608
48,NORMA-970,609
48,NORMA-20044,610
48,NORMA-21640,611
48,NORMA-19933,612
48,NORMA-21537,613
48,NORMA-19328,614
48,NORMA-6126,615
48,NORMA-21126,616
48,NORMA-19582,617
48,NORMA-10821,618
48,NORMA-11496,619
48,NORMA-21369,620
48,NORMA-13323,621
48,NORMA-8009,622
48,NORMA-1994,623
48,NORMA-14329,624
48,NORMA-18910,625
48,NORMA-19641,626
48,NORMA-18360,627
48,NORMA-13480,628
48,NORMA-20565,629
48,NORMA-20501,630
48,NORMA-21135,631
48,NORMA-10890,632
48,NORMA-29005,633
48,NORMA-20999,634
48,NORMA-20104,635
48,NORMA-10878,636
48,NORMA-20619,637
48,NORMA-6758,638
48,NORMA-6199,639
48,NORMA-11999,640
48,NORMA-20263,641
48,NORMA-10029,642
48,NORMA-20505,643
48,NORMA-9871,644
48,NORMA-12002,645
48,NORMA-19028,646
48,NORMA-21152,647
48,NORMA-18788,648
48,NORMA-20172,649
48,NORMA-19119,650
48,NORMA-20542,651
48,NORMA-75,652
48,NORMA-21705,653
48,NORMA-19644,654
48,NORMA-19967,655
48,NORMA-20038,656
48,NORMA-18797,657
48,NORMA-20277,658
48,NORMA-19561,659
48,NORMA-21233,660
48,NORMA-19468,661
48,NORMA-21541,662
48,NORMA-20148,663
48,NORMA-19562,664
48,NORMA-20753,665
48,NORMA-21139,666
48,NORMA-18432,667
48,NORMA-20072,668
48,NORMA-21676,669
48,NORMA-19904,670
48,NORMA-18211,671
48,NORMA-11780,672
48,NORMA-20790,673
48,NORMA-20336,674
48,NORMA-9595,675
48,NORMA-2536,676
48,NORMA-18356,677
48,NORMA-19916,678
48,NORMA-21063,679
48,NORMA-13295,680
48,NORMA-20183,681
48,NORMA-12989,682
48,NORMA-20444,683
48,NORMA-21107,684
48,NORMA-3571,685
48,NORMA-6316,686
48,NORMA-19760,687
48,NORMA-6181,688
48,NORMA-21515,689
48,NORMA-18414,690
48,NORMA-1222,691
48,NORMA-1620,692
48,NORMA-3382,693
48,NORMA-20381,694
48,NORMA-6630,695
48,NORMA-20225,696
48,NORMA-2,697
48,NORMA-6673,698
48,NORMA-20144,699
48,NORMA-21140,700
48,NORMA-20209,701
48,NORMA-18436,702
48,NORMA-10119,703
48,NORMA-18835,704
48,NORMA-211,705
48,NORMA-20447,706
48,NORMA-6253,707
48,NORMA-21005,708
48,NORMA-15882,709
48,NORMA-2091,710
48,NORMA-11469,711
48,NORMA-20849,712
48,NORMA-228,713
48,NORMA-18345,714
48,NORMA-18897,715
48,NORMA-6967,716
48,NORMA-6621,717
48,NORMA-20448,718
48,NORMA-11763,719
48,NORMA-11971,720
48,NORMA-19005,721
48,NORMA-20356,722
48,NORMA-27341,723
48,NORMA-18528,724
48,NORMA-6749,725
48,NORMA-20037,726
48,NORMA-11473,727
48,NORMA-3281,728
48,NORMA-20649,729
48,NORMA-19699,730
48,NORMA-18306,731
48,NORMA-11814,732
48,NORMA-15521,733
48,NORMA-11758,734
48,NORMA-18237,735
48,NORMA-20892,736
48,NORMA-21236,737
48,NORMA-18838,738
48,NORMA-19639,739
48,NORMA-21274,740
48,NORMA-18583,741
48,NORMA-6318,742
48,NORMA-6669,743
48,NORMA-2546,744
48,NORMA-21409,745
48,NORMA-7011,746
48,NORMA-21404,747
48,NORMA-28362,748
48,NORMA-18474,749
48,NORMA-6819,750
48,NORMA-6820,751
48,NORMA-21638,752
48,NORMA-13797,753
48,NORMA-8198,754
48,NORMA-1534,755
48,NORMA-5251,756
48,NORMA-18219,757
48,NORMA-9785,758
48,NORMA-20896,759
48,NORMA-20435,760
48,NORMA-9893,761
48,NORMA-232,762
48,NORMA-20258,763
48,NORMA-6410,764
48,NORMA-20994,765
48,NORMA-11655,766
48,NORMA-18550,767
48,NORMA-14239,768
48,NORMA-20103,769
48,NORMA-18823,770
48,NORMA-6970,771
48,NORMA-205,772
48,NORMA-1471,773
48,NORMA-12060,774
48,NORMA-6344,775
48,NORMA-18342,776
48,NORMA-18845,777
48,NORMA-18545,778
48,NORMA-18681,779
48,NORMA-18732,780
48,NORMA-18822,781
48,NORMA-20794,782
48,NORMA-21273,783
48,NORMA-18753,784
48,NORMA-18339,785
48,NORMA-18729,786
48,NORMA-1388,787
48,NORMA-21420,788
48,NORMA-21437,789
48,NORMA-555,790
48,NORMA-19343,791
48,NORMA-18270,792
48,NORMA-18979,793
48,NORMA-1840,794
48,NORMA-6851,795
48,NORMA-11864,796
48,NORMA-18403,797
48,NORMA-21267,798
48,NORMA-20717,799
48,NORMA-21002,800
48,NORMA-12048,801
48,NORMA-20949,802
48,NORMA-14661,803
48,NORMA-19566,804
48,NORMA-21382,805
48,NORMA-14463,806
48,NORMA-12049,807
48,NORMA-20396,808
48,NORMA-21787,809
48,NORMA-20195,810
48,NORMA-21198,811
48,NORMA-15901,812
48,NORMA-6257,813
48,NORMA-18827,814
48,NORMA-1846,815
48,NORMA-21434,816
48,NORMA-18206,817
48,NORMA-20270,818
48,NORMA-19792,819
48,NORMA-18616,820
48,NORMA-14279,821
48,NORMA-18377,822
48,NORMA-9803,823
48,NORMA-21328,824
48,NORMA-11621,825
48,NORMA-19138,826
48,NORMA-11764,827
48,NORMA-1573,828
48,NORMA-11479,829
48,NORMA-18549,830
48,NORMA-11609,831
48,NORMA-6644,832
48,NORMA-22401,833
48,NORMA-6321,834
48,NORMA-13855,835
48,NORMA-13973,836
48,NORMA-15921,837
48,NORMA-233,838
48,NORMA-20070,839
48,NORMA-1348,840
48,NORMA-21324,841
48,NORMA-20991,842
48,NORMA-19152,843
48,NORMA-2727,844
48,NORMA-8298,845
48,NORMA-14898,846
48,NORMA-18396,847
48,NORMA-18423,848
48,NORMA-21111,849
48,NORMA-21064,850
48,NORMA-12886,851
48,NORMA-6698,852
48,NORMA-19862,853
48,NORMA-18552,854
48,NORMA-18511,855
48,NORMA-18950,856
48,NORMA-18450,857
48,NORMA-21752,858
48,NORMA-1786,859
48,NORMA-396,860
48,NORMA-20304,861
48,NORMA-9577,862
48,NORMA-11868,863
48,NORMA-5381,864
48,NORMA-19266,865
48,NORMA-21019,866
48,NORMA-18854,867
48,NORMA-18960,868
48,NORMA-21138,869
48,NORMA-21337,870
48,NORMA-20700,871
48,NORMA-22941,872
48,NORMA-20499,873
48,NORMA-13672,874
48,NORMA-22723,875
48,NORMA-20975,876
48,NORMA-19049,877
48,NORMA-19174,878
48,NORMA-20704,879
48,NORMA-20388,880
48,NORMA-20425,881
48,NORMA-18554,882
48,NORMA-21070,883
48,NORMA-11771,884
48,NORMA-19365,885
48,NORMA-18542,886
48,NORMA-20280,887
48,NORMA-18217,888
48,NORMA-19480,889
48,NORMA-25541,890
48,NORMA-20086,891
48,NORMA-20602,892
48,NORMA-20561,893
48,NORMA-20241,894
48,NORMA-7025,895
48,NORMA-18601,896
48,NORMA-20238,897
48,NORMA-20577,898
48,NORMA-19633,899
48,NORMA-18440,900
48,NORMA-21058,901
48,NORMA-18336,902
48,NORMA-18802,903
48,NORMA-19506,904
48,NORMA-18379,905
48,NORMA-19588,906
48,NORMA-19125,907
48,NORMA-18642,908
48,NORMA-19432,909
48,NORMA-18570,910
48,NORMA-19084,911
48,NORMA-18386,912
48,NORMA-4830,913
48,NORMA-1421,914
48,NORMA-6955,915
48,NORMA-21472,916
48,NORMA-60,917
48,NORMA-21053,918
48,NORMA-21619,919
48,NORMA-28841,920
48,NORMA-20730,921
48,NORMA-21415,922
48,NORMA-18515,923
48,NORMA-20210,924
48,NORMA-19722,925
48,NORMA-21641,926
48,NORMA-19821,927
48,NORMA-21605,928
48,NORMA-19150,929
48,NORMA-19822,930
48,NORMA-18490,931
48,NORMA-21750,932
48,NORMA-18789,933
48,NORMA-21036,934
48,NORMA-19703,935
48,NORMA-3735,936
48,NORMA-18316,937
48,NORMA-21001,938
48,NORMA-6757,939
48,NORMA-19857,940
48,NORMA-23441,941
48,NORMA-4634,942
48,NORMA-4746,943
48,NORMA-19238,944
48,NORMA-18680,945
48,NORMA-19405,946
48,NORMA-19001,947
48,NORMA-19300,948
48,NORMA-18752,949
48,NORMA-19704,950
48,NORMA-18231,951
48,NORMA-21491,952
48,NORMA-20836,953
48,NORMA-21071,954
48,NORMA-20218,955
48,NORMA-13363,956
48,NORMA-18210,957
48,NORMA-19219,958
48,NORMA-18722,959
48,NORMA-21069,960
48,NORMA-21151,961
48,NORMA-1138,962
48,NORMA-18721,963
48,NORMA-18764,964
48,NORMA-19039,965
48,NORMA-483,966
48,NORMA-20111,967
48,NORMA-21791,968
48,NORMA-21410,969
48,NORMA-21317,970
48,NORMA-2483,971
48,NORMA-18890,972
48,NORMA-5781,973
48,NORMA-19909,974
48,NORMA-20894,975
48,NORMA-222,976
48,NORMA-21132,977
48,NORMA-18264,978
48,NORMA-19620,979
48,NORMA-19651,980
48,NORMA-19629,981
48,NORMA-2013,982
48,NORMA-18429,983
48,NORMA-18389,984
48,NORMA-18812,985
48,NORMA-18282,986
48,NORMA-21581,987
48,NORMA-1092,988
48,NORMA-20171,989
48,NORMA-19750,990
48,NORMA-6954,991
48,NORMA-12327,992
48,NORMA-6856,993
48,NORMA-11570,994
48,NORMA-19583,995
48,NORMA-12089,996
48,NORMA-20090,997
48,NORMA-20632,998
48,NORMA-13298,999
48,NORMA-19220,1000
49,NORMA-1863,1
49,NORMA-28001,2
49,NORMA-19152,3
49,NORMA-13508,4
49,NORMA-21367,5
49,NORMA-21521,6
49,NORMA-704,7
49,NORMA-28362,8
49,NORMA-21783,9
49,NORMA-18762,10
49,NORMA-20505,11
49,NORMA-18205,12
49,NORMA-18446,13
49,NORMA-20914,14
49,NORMA-20995,15
49,NORMA-21419,16
49,NORMA-18654,17
49,NORMA-13160,18
49,NORMA-21461,19
49,NORMA-20369,20
49,NORMA-18549,21
49,NORMA-21705,22
49,NORMA-19181,23
49,NORMA-20290,24
49,NORMA-20503,25
49,NORMA-21507,26
49,NORMA-20376,27
49,NORMA-20902,28
49,NORMA-19212,29
49,NORMA-20382,30
49,NORMA-18424,31
49,NORMA-19387,32
49,NORMA-20374,33
49,NORMA-6948,34
49,NORMA-20476,35
49,NORMA-8028,36
49,NORMA-21739,37
49,NORMA-19081,38
49,NORMA-20473,39
49,NORMA-21431,40
49,NORMA-18237,41
49,NORMA-12039,42
49,NORMA-20477,43
49,NORMA-20137,44
49,NORMA-20465,45
49,NORMA-12165,46
49,NORMA-20723,47
49,NORMA-20800,48
49,NORMA-21792,49
49,NORMA-20941,50
49,NORMA-28181,51
49,NORMA-3201,52
49,NORMA-19233,53
49,NORMA-20488,54
49,NORMA-21135,55
49,NORMA-28281,56
49,NORMA-19871,57
49,NORMA-18492,58
49,NORMA-21437,59
49,NORMA-19384,60
49,NORMA-20793,61
49,NORMA-3382,62
49,NORMA-18219,63
49,NORMA-29763,64
49,NORMA-12102,65
49,NORMA-21756,66
49,NORMA-6880,67
49,NORMA-18233,68
49,NORMA-11474,69
49,NORMA-11527,70
49,NORMA-21506,71
49,NORMA-3381,72
49,NORMA-21249,73
49,NORMA-11739,74
49,NORMA-19095,75
49,NORMA-6758,76
49,NORMA-19275,77
49,NORMA-21028,78
49,NORMA-20918,79
49,NORMA-3342,80
49,NORMA-3281,81
49,NORMA-20007,82
49,NORMA-19520,83
49,NORMA-20861,84
49,NORMA-3241,85
49,NORMA-19292,86
49,NORMA-15521,87
49,NORMA-12657,88
49,NORMA-20756,89
49,NORMA-7110,90
49,NORMA-20359,91
49,NORMA-20349,92
49,NORMA-20831,93
49,NORMA-15701,94
49,NORMA-20999,95
49,NORMA-15882,96
49,NORMA-28203,97
49,NORMA-15541,98
49,NORMA-20468,99
49,NORMA-20487,100
49,NORMA-19715,101
49,NORMA-21413,102
49,NORMA-10375,103
49,NORMA-21023,104
49,NORMA-15561,105
49,NORMA-20460,106
49,NORMA-10629,107
49,NORMA-16268,108
49,NORMA-18434,109
49,NORMA-20474,110
49,NORMA-11476,111
49,NORMA-976,112
49,NORMA-20501,113
49,NORMA-21113,114
49,NORMA-19605,115
49,NORMA-875,116
49,NORMA-1408,117
49,NORMA-385,118
49,NORMA-28961,119
49,NORMA-2551,120
49,NORMA-21114,121
49,NORMA-29201,122
49,NORMA-11751,123
49,NORMA-21515,124
49,NORMA-20366,125
49,NORMA-20106,126
49,NORMA-1674,127
49,NORMA-19431,128
49,NORMA-20482,129
49,NORMA-18724,130
49,NORMA-20490,131
49,NORMA-996,132
49,NORMA-15004,133
49,NORMA-18803,134
49,NORMA-1332,135
49,NORMA-6316,136
49,NORMA-6181,137
49,NORMA-11864,138
49,NORMA-833,139
49,NORMA-61,140
49,NORMA-20512,141
49,NORMA-12014,142
49,NORMA-12234,143
49,NORMA-6630,144
49,NORMA-12232,145
49,NORMA-21496,146
49,NORMA-6084,147
49,NORMA-21267,148
49,NORMA-6967,149
49,NORMA-9217,150
49,NORMA-11868,151
49,NORMA-798,152
49,NORMA-751,153
49,NORMA-21398,154
49,NORMA-1295,155
49,NORMA-20682,156
49,NORMA-20904,157
49,NORMA-20557,158
49,NORMA-2032,159
49,NORMA-12006,160
49,NORMA-680,161
49,NORMA-11472,162
49,NORMA-12029,163
49,NORMA-20403,164
49,NORMA-2184,165
49,NORMA-12048,166
49,NORMA-75,167
49,NORMA-18325,168
49,NORMA-21305,169
49,NORMA-12049,170
49,NORMA-21228,171
49,NORMA-20407,172
49,NORMA-20037,173
49,NORMA-21524,174
49,NORMA-736,175
49,NORMA-1390,176
49,NORMA-567,177
49,NORMA-20906,178
49,NORMA-1341,179
49,NORMA-20398,180
49,NORMA-21239,181
49,NORMA-1188,182
49,NORMA-20961,183
49,NORMA-29003,184
49,NORMA-21238,185
49,NORMA-6082,186
49,NORMA-21086,187
49,NORMA-11632,188
49,NORMA-20912,189
49,NORMA-11687,190
49,NORMA-31904,191
49,NORMA-7027,192
49,NORMA-21224,193
49,NORMA-818,194
49,NORMA-21760,195
49,NORMA-18479,196
49,NORMA-20389,197
49,NORMA-19981,198
49,NORMA-21553,199
49,NORMA-21626,200
49,NORMA-20959,201
49,NORMA-19866,202
49,NORMA-21310,203
49,NORMA-1222,204
49,NORMA-18825,205
49,NORMA-18502,206
49,NORMA-1740,207
49,NORMA-21790,208
49,NORMA-1620,209
49,NORMA-20309,210
49,NORMA-20744,211
49,NORMA-19051,212
49,NORMA-11814,213
49,NORMA-20217,214
49,NORMA-21537,215
49,NORMA-21484,216
49,NORMA-26701,217
49,NORMA-6645,218
49,NORMA-17221,219
49,NORMA-21085,220
49,NORMA-18859,221
49,NORMA-21589,222
49,NORMA-18439,223
49,NORMA-22561,224
49,NORMA-1143,225
49,NORMA-21211,226
49,NORMA-18796,227
49,NORMA-7011,228
49,NORMA-12038,229
49,NORMA-10309,230
49,NORMA-6819,231
49,NORMA-6820,232
49,NORMA-2536,233
49,NORMA-21523,234
49,NORMA-19941,235
49,NORMA-17321,236
49,NORMA-19096,237
49,NORMA-2460,238
49,NORMA-6970,239
49,NORMA-19883,240
49,NORMA-22941,241
49,NORMA-2522,242
49,NORMA-20480,243
49,NORMA-7012,244
49,NORMA-483,245
49,NORMA-18436,246
49,NORMA-21550,247
49,NORMA-6636,248
49,NORMA-11576,249
49,NORMA-21253,250
49,NORMA-19659,251
49,NORMA-21299,252
49,NORMA-18411,253
49,NORMA-18412,254
49,NORMA-6957,255
49,NORMA-18981,256
49,NORMA-11615,257
49,NORMA-10200,258
49,NORMA-21556,259
49,NORMA-8458,260
49,NORMA-20865,261
49,NORMA-18537,262
49,NORMA-19056,263
49,NORMA-20853,264
49,NORMA-18450,265
49,NORMA-7953,266
49,NORMA-19249,267
49,NORMA-20425,268
49,NORMA-2157,269
49,NORMA-1840,270
49,NORMA-6698,271
49,NORMA-18303,272
49,NORMA-19170,273
49,NORMA-12228,274
49,NORMA-2158,275
49,NORMA-11767,276
49,NORMA-19305,277
49,NORMA-21052,278
49,NORMA-20444,279
49,NORMA-18432,280
49,NORMA-19559,281
49,NORMA-6627,282
49,NORMA-21417,283
49,NORMA-21725,284
49,NORMA-24961,285
49,NORMA-21522,286
49,NORMA-11631,287
49,NORMA-21532,288
49,NORMA-1421,289
49,NORMA-15542,290
49,NORMA-19122,291
49,NORMA-19028,292
49,NORMA-5813,293
49,NORMA-19021,294
49,NORMA-21687,295
49,NORMA-21157,296
49,NORMA-2517,297
49,NORMA-20930,298
49,NORMA-17201,299
49,NORMA-6256,300
49,NORMA-6623,301
49,NORMA-332,302
49,NORMA-11735,303
49,NORMA-23501,304
49,NORMA-21152,305
49,NORMA-18501,306
49,NORMA-19209,307
49,NORMA-18375,308
49,NORMA-18541,309
49,NORMA-21702,310
49,NORMA-11614,311
49,NORMA-18385,312
49,NORMA-2496,313
49,NORMA-21218,314
49,NORMA-20796,315
49,NORMA-555,316
49,NORMA-12060,317
49,NORMA-1398,318
49,NORMA-18815,319
49,NORMA-21126,320
49,NORMA-28422,321
49,NORMA-19631,322
49,NORMA-11798,323
49,NORMA-1994,324
49,NORMA-18958,325
49,NORMA-19456,326
49,NORMA-21752,327
49,NORMA-6752,328
49,NORMA-9382,329
49,NORMA-6185,330
49,NORMA-9834,331
49,NORMA-6669,332
49,NORMA-18359,333
49,NORMA-1534,334
49,NORMA-20222,335
49,NORMA-21509,336
49,NORMA-21236,337
49,NORMA-18444,338
49,NORMA-535,339
49,NORMA-11736,340
49,NORMA-13295,341
49,NORMA-18653,342
49,NORMA-19221,343
49,NORMA-20381,344
49,NORMA-19691,345
49,NORMA-21625,346
49,NORMA-21026,347
49,NORMA-21390,348
49,NORMA-2269,349
49,NORMA-19724,350
49,NORMA-12393,351
49,NORMA-18838,352
49,NORMA-6641,353
49,NORMA-7015,354
49,NORMA-6673,355
49,NORMA-33288,356
49,NORMA-10119,357
49,NORMA-19617,358
49,NORMA-19378,359
49,NORMA-33308,360
49,NORMA-1663,361
49,NORMA-838,362
49,NORMA-1471,363
49,NORMA-24582,364
49,NORMA-13719,365
49,NORMA-14459,366
49,NORMA-462,367
49,NORMA-9893,368
49,NORMA-21388,369
49,NORMA-24002,370
49,NORMA-21286,371
49,NORMA-13801,372
49,NORMA-12024,373
49,NORMA-12032,374
49,NORMA-11000,375
49,NORMA-19651,376
49,NORMA-21661,377
49,NORMA-9823,378
49,NORMA-11731,379
49,NORMA-18603,380
49,NORMA-13902,381
49,NORMA-18247,382
49,NORMA-12928,383
49,NORMA-27761,384
49,NORMA-11734,385
49,NORMA-11522,386
49,NORMA-19729,387
49,NORMA-15198,388
49,NORMA-9821,389
49,NORMA-21071,390
49,NORMA-19746,391
49,NORMA-21459,392
49,NORMA-21530,393
49,NORMA-19557,394
49,NORMA-1613,395
49,NORMA-3735,396
49,NORMA-19485,397
49,NORMA-21256,398
49,NORMA-18445,399
49,NORMA-27022,400
49,NORMA-20996,401
49,NORMA-15657,402
49,NORMA-15801,403
49,NORMA-19603,404
49,NORMA-15391,405
49,NORMA-17182,406
49,NORMA-19699,407
49,NORMA-18818,408
49,NORMA-3734,409
49,NORMA-4977,410
49,NORMA-3516,411
49,NORMA-6005,412
49,NORMA-716,413
49,NORMA-12385,414
49,NORMA-7910,415
49,NORMA-3893,416
49,NORMA-17684,417
49,NORMA-19722,418
49,NORMA-14932,419
49,NORMA-21139,420
49,NORMA-19434,421
49,NORMA-21217,422
49,NORMA-19443,423
49,NORMA-3942,424
49,NORMA-11723,425
49,NORMA-8866,426
49,NORMA-19870,427
49,NORMA-18248,428
49,NORMA-4152,429
49,NORMA-12989,430
49,NORMA-10950,431
49,NORMA-19430,432
49,NORMA-5670,433
49,NORMA-11214,434
49,NORMA-14530,435
49,NORMA-13672,436
49,NORMA-20766,437
49,NORMA-478,438
49,NORMA-19784,439
49,NORMA-19582,440
49,NORMA-10749,441
49,NORMA-19232,442
49,NORMA-82,443
49,NORMA-22861,444
49,NORMA-21020,445
49,NORMA-4392,446
49,NORMA-20219,447
49,NORMA-10029,448
49,NORMA-772,449
49,NORMA-9871,450
49,NORMA-10044,451
49,NORMA-11316,452
49,NORMA-19611,453
49,NORMA-2563,454
49,NORMA-3464,455
49,NORMA-11760,456
49,NORMA-20968,457
49,NORMA-11677,458
49,NORMA-19220,459
49,NORMA-20188,460
49,NORMA-18780,461
49,NORMA-18984,462
49,NORMA-19749,463
49,NORMA-18967,464
49,NORMA-11750,465
49,NORMA-19574,466
49,NORMA-19383,467
49,NORMA-12152,468
49,NORMA-19092,469
49,NORMA-21025,470
49,NORMA-20574,471
49,NORMA-18208,472
49,NORMA-21776,473
49,NORMA-18301,474
49,NORMA-26841,475
49,NORMA-21519,476
49,NORMA-8416,477
49,NORMA-18563,478
49,NORMA-1315,479
49,NORMA-18798,480
49,NORMA-1313,481
49,NORMA-19174,482
49,NORMA-11570,483
49,NORMA-19940,484
49,NORMA-18986,485
49,NORMA-21147,486
49,NORMA-18394,487
49,NORMA-20633,488
49,NORMA-20917,489
49,NORMA-21012,490
49,NORMA-11646,491
49,NORMA-19805,492
49,NORMA-11588,493
49,NORMA-18773,494
49,NORMA-11455,495
49,NORMA-2519,496
49,NORMA-20385,497
49,NORMA-21328,498
49,NORMA-21659,499
49,NORMA-28981,500
49,NORMA-18360,501
49,NORMA-9384,502
49,NORMA-18214,503
49,NORMA-1138,504
49,NORMA-18350,505
49,NORMA-20913,506
49,NORMA-20204,507
49,NORMA-2432,508
49,NORMA-19787,509
49,NORMA-20985,510
49,NORMA-23341,511
49,NORMA-2415,512
49,NORMA-18706,513
49,NORMA-21260,514
49,NORMA-20869,515
49,NORMA-18937,516
49,NORMA-2413,517
49,NORMA-560,518
49,NORMA-14661,519
49,NORMA-777,520
49,NORMA-12089,521
49,NORMA-21744,522
49,NORMA-19895,523
49,NORMA-14463,524
49,NORMA-21150,525
49,NORMA-21244,526
49,NORMA-20970,527
49,NORMA-21199,528
49,NORMA-21291,529
49,NORMA-2395,530
49,NORMA-20809,531
49,NORMA-18430,532
49,NORMA-6955,533
49,NORMA-15005,534
49,NORMA-18828,535
49,NORMA-18690,536
49,NORMA-20677,537
49,NORMA-20989,538
49,NORMA-11999,539
49,NORMA-19649,540
49,NORMA-19770,541
49,NORMA-20850,542
49,NORMA-850,543
49,NORMA-12002,544
49,NORMA-19923,545
49,NORMA-19515,546
49,NORMA-25201,547
49,NORMA-6954,548
49,NORMA-20029,549
49,NORMA-783,550
49,NORMA-18364,551
49,NORMA-18844,552
49,NORMA-10708,553
49,NORMA-11780,554
49,NORMA-19792,555
49,NORMA-20089,556
49,NORMA-2399,557
49,NORMA-19803,558
49,NORMA-2444,559
49,NORMA-14898,560
49,NORMA-26201,561
49,NORMA-20258,562
49,NORMA-20566,563
49,NORMA-6245,564
49,NORMA-19380,565
49,NORMA-18342,566
49,NORMA-1516,567
49,NORMA-19676,568
49,NORMA-30663,569
49,NORMA-9865,570
49,NORMA-20577,571
49,NORMA-20726,572
49,NORMA-6958,573
49,NORMA-29005,574
49,NORMA-11133,575
49,NORMA-11655,576
49,NORMA-14239,577
49,NORMA-20402,578
49,NORMA-18414,579
49,NORMA-11600,580
49,NORMA-18378,581
49,NORMA-19573,582
49,NORMA-18403,583
49,NORMA-1442,584
49,NORMA-984,585
49,NORMA-22721,586
49,NORMA-20778,587
49,NORMA-1144,588
49,NORMA-15237,589
49,NORMA-21712,590
49,NORMA-20754,591
49,NORMA-20263,592
49,NORMA-20707,593
49,NORMA-13106,594
49,NORMA-18339,595
49,NORMA-6257,596
49,NORMA-21254,597
49,NORMA-20422,598
49,NORMA-12886,599
49,NORMA-21664,600
49,NORMA-20167,601
49,NORMA-21232,602
49,NORMA-18552,603
49,NORMA-76,604
49,NORMA-6083,605
49,NORMA-974,606
49,NORMA-18788,607
49,NORMA-20428,608
49,NORMA-11470,609
49,NORMA-12872,610
49,NORMA-19571,611
49,NORMA-741,612
49,NORMA-18536,613
49,NORMA-11571,614
49,NORMA-18797,615
49,NORMA-1545,616
49,NORMA-15581,617
49,NORMA-18356,618
49,NORMA-15881,619
49,NORMA-18334,620
49,NORMA-2367,621
49,NORMA-328,622
49,NORMA-1163,623
49,NORMA-21308,624
49,NORMA-1407,625
49,NORMA-1250,626
49,NORMA-995,627
49,NORMA-19777,628
49,NORMA-20909,629
49,NORMA-19568,630
49,NORMA-1179,631
49,NORMA-20304,632
49,NORMA-13323,633
49,NORMA-9253,634
49,NORMA-6199,635
49,NORMA-18802,636
49,NORMA-19930,637
49,NORMA-1578,638
49,NORMA-20943,639
49,NORMA-4711,640
49,NORMA-1535,641
49,NORMA-19824,642
49,NORMA-1549,643
49,NORMA-19750,644
49,NORMA-5586,645
49,NORMA-631,646
49,NORMA-18224,647
49,NORMA-18539,648
49,NORMA-11528,649
49,NORMA-20948,650
49,NORMA-20053,651
49,NORMA-1463,652
49,NORMA-4818,653
49,NORMA-5626,654
49,NORMA-21653,655
49,NORMA-15239,656
49,NORMA-21220,657
49,NORMA-11627,658
49,NORMA-12664,659
49,NORMA-18807,660
49,NORMA-20316,661
49,NORMA-11391,662
49,NORMA-10994,663
49,NORMA-729,664
49,NORMA-1373,665
49,NORMA-19959,666
49,NORMA-17281,667
49,NORMA-1306,668
49,NORMA-19751,669
49,NORMA-358,670
49,NORMA-18863,671
49,NORMA-1420,672
49,NORMA-1346,673
49,NORMA-1129,674
49,NORMA-1151,675
49,NORMA-1098,676
49,NORMA-357,677
49,NORMA-19110,678
49,NORMA-21787,679
49,NORMA-1280,680
49,NORMA-22001,681
49,NORMA-27585,682
49,NORMA-1334,683
49,NORMA-20599,684
49,NORMA-1776,685
49,NORMA-4075,686
49,NORMA-1388,687
49,NORMA-11757,688
49,NORMA-20483,689
49,NORMA-18382,690
49,NORMA-1433,691
49,NORMA-16481,692
49,NORMA-1175,693
49,NORMA-1171,694
49,NORMA-20445,695
49,NORMA-6644,696
49,NORMA-6321,697
49,NORMA-11577,698
49,NORMA-11572,699
49,NORMA-3181,700
49,NORMA-6509,701
49,NORMA-11578,702
49,NORMA-7466,703
49,NORMA-21099,704
49,NORMA-11756,705
49,NORMA-20616,706
49,NORMA-19642,707
49,NORMA-21766,708
49,NORMA-16202,709
49,NORMA-4275,710
49,NORMA-4710,711
49,NORMA-18298,712
49,NORMA-13474,713
49,NORMA-727,714
49,NORMA-21158,715
49,NORMA-12016,716
49,NORMA-21226,717
49,NORMA-21046,718
49,NORMA-11766,719
49,NORMA-220,720
49,NORMA-2727,721
49,NORMA-18931,722
49,NORMA-11790,723
49,NORMA-21477,724
49,NORMA-14741,725
49,NORMA-754,726
49,NORMA-18772,727
49,NORMA-18306,728
49,NORMA-18819,729
49,NORMA-21159,730
49,NORMA-18531,731
49,NORMA-27342,732
49,NORMA-20195,733
49,NORMA-18204,734
49,NORMA-6621,735
49,NORMA-23027,736
49,NORMA-2567,737
49,NORMA-21609,738
49,NORMA-1846,739
49,NORMA-12160,740
49,NORMA-20185,741
49,NORMA-14788,742
49,NORMA-22862,743
49,NORMA-19190,744
49,NORMA-18816,745
49,NORMA-12035,746
49,NORMA-24102,747
49,NORMA-12015,748
49,NORMA-20432,749
49,NORMA-19842,750
49,NORMA-14905,751
49,NORMA-21205,752
49,NORMA-20271,753
49,NORMA-18406,754
49,NORMA-2181,755
49,NORMA-19637,756
49,NORMA-20595,757
49,NORMA-1788,758
49,NORMA-1286,759
49,NORMA-2456,760
49,NORMA-9792,761
49,NORMA-13094,762
49,NORMA-5421,763
49,NORMA-11345,764
49,NORMA-6075,765
49,NORMA-21233,766
49,NORMA-18379,767
49,NORMA-21246,768
49,NORMA-2421,769
49,NORMA-217,770
49,NORMA-20103,771
49,NORMA-20209,772
49,NORMA-18934,773
49,NORMA-20289,774
49,NORMA-19809,775
49,NORMA-5381,776
49,NORMA-2447,777
49,NORMA-24661,778
49,NORMA-12005,779
49,NORMA-18550,780
49,NORMA-19513,781
49,NORMA-923,782
49,NORMA-20448,783
49,NORMA-4412,784
49,NORMA-2555,785
49,NORMA-7386,786
49,NORMA-19658,787
49,NORMA-21356,788
49,NORMA-13273,789
49,NORMA-1608,790
49,NORMA-20453,791
49,NORMA-19953,792
49,NORMA-509,793
49,NORMA-21008,794
49,NORMA-7225,795
49,NORMA-10273,796
49,NORMA-21608,797
49,NORMA-21279,798
49,NORMA-11764,799
49,NORMA-11479,800
49,NORMA-20028,801
49,NORMA-20621,802
49,NORMA-878,803
49,NORMA-11609,804
49,NORMA-20197,805
49,NORMA-16941,806
49,NORMA-11524,807
49,NORMA-19499,808
49,NORMA-18648,809
49,NORMA-16424,810
49,NORMA-11574,811
49,NORMA-20928,812
49,NORMA-19933,813
49,NORMA-20096,814
49,NORMA-8937,815
49,NORMA-20027,816
49,NORMA-969,817
49,NORMA-12428,818
49,NORMA-20522,819
49,NORMA-21029,820
49,NORMA-7651,821
49,NORMA-20720,822
49,NORMA-1,823
49,NORMA-5730,824
49,NORMA-21326,825
49,NORMA-4219,826
49,NORMA-18952,827
49,NORMA-4634,828
49,NORMA-1567,829
49,NORMA-11469,830
49,NORMA-20753,831
49,NORMA-883,832
49,NORMA-5593,833
49,NORMA-24601,834
49,NORMA-20192,835
49,NORMA-21663,836
49,NORMA-18529,837
49,NORMA-21710,838
49,NORMA-11763,839
49,NORMA-21755,840
49,NORMA-11621,841
49,NORMA-6962,842
49,NORMA-15902,843
49,NORMA-21698,844
49,NORMA-18293,845
49,NORMA-20336,846
49,NORMA-6856,847
49,NORMA-18806,848
49,NORMA-20531,849
49,NORMA-417,850
49,NORMA-416,851
49,NORMA-8860,852
49,NORMA-20002,853
49,NORMA-4698,854
49,NORMA-19977,855
49,NORMA-18383,856
49,NORMA-5691,857
49,NORMA-21015,858
49,NORMA-21690,859
49,NORMA-8190,860
49,NORMA-24921,861
49,NORMA-20836,862
49,NORMA-755,863
49,NORMA-17481,864
49,NORMA-11665,865
49,NORMA-21227,866
49,NORMA-21107,867
49,NORMA-7998,868
49,NORMA-15099,869
49,NORMA-18417,870
49,NORMA-21069,871
49,NORMA-10123,872
49,NORMA-21335,873
49,NORMA-10549,874
49,NORMA-19435,875
49,NORMA-21155,876
49,NORMA-1147,877
49,NORMA-18747,878
49,NORMA-9835,879
49,NORMA-10865,880
49,NORMA-20070,881
49,NORMA-9358,882
49,NORMA-6140,883
49,NORMA-5783,884
49,NORMA-5128,885
49,NORMA-8027,886
49,NORMA-18646,887
49,NORMA-7113,888
49,NORMA-6318,889
49,NORMA-2921,890
49,NORMA-11792,891
49,NORMA-12317,892
49,NORMA-19091,893
49,NORMA-4909,894
49,NORMA-19701,895
49,NORMA-19311,896
49,NORMA-27521,897
49,NORMA-3968,898
49,NORMA-230,899
49,NORMA-19632,900
49,NORMA-21043,901
49,NORMA-19730,902
49,NORMA-18222,903
49,NORMA-21382,904
49,NORMA-11664,905
49,NORMA-19536,906
49,NORMA-464,907
49,NORMA-18266,908
49,NORMA-19213,909
49,NORMA-159,910
49,NORMA-18575,911
49,NORMA-20261,912
49,NORMA-634,913
49,NORMA-1609,914
49,NORMA-21460,915
49,NORMA-3261,916
49,NORMA-19020,917
49,NORMA-14895,918
49,NORMA-21269,919
49,NORMA-21547,920
49,NORMA-19488,921
49,NORMA-1981,922
49,NORMA-20611,923
49,NORMA-2490,924
49,NORMA-8009,925
49,NORMA-28781,926
49,NORMA-6815,927
49,NORMA-1621,928
49,NORMA-4886,929
49,NORMA-6339,930
49,NORMA-2056,931
49,NORMA-20443,932
49,NORMA-2301,933
49,NORMA-18451,934
49,NORMA-21558,935
49,NORMA-21055,936
49,NORMA-18656,937
49,NORMA-29186,938
49,NORMA-21024,939
49,NORMA-21248,940
49,NORMA-2694,941
49,NORMA-20594,942
49,NORMA-1317,943
49,NORMA-5807,944
49,NORMA-1558,945
49,NORMA-21231,946
49,NORMA-20567,947
49,NORMA-5516,948
49,NORMA-4352,949
49,NORMA-19893,950
49,NORMA-14377,951
49,NORMA-19949,952
49,NORMA-12245,953
49,NORMA-18963,954
49,NORMA-21081,955
49,NORMA-28021,956
49,NORMA-13138,957
49,NORMA-31923,958
49,NORMA-18573,959
49,NORMA-18335,960
49,NORMA-5967,961
49,NORMA-18891,962
49,NORMA-17301,963
49,NORMA-2057,964
49,NORMA-9049,965
49,NORMA-11981,966
49,NORMA-18396,967
49,NORMA-4668,968
49,NORMA-20974,969
49,NORMA-18294,970
49,NORMA-3462,971
49,NORMA-21656,972
49,NORMA-20508,973
49,NORMA-18463,974
49,NORMA-18401,975
49,NORMA-13466,976
49,NORMA-20433,977
49,NORMA-18577,978
49,NORMA-5097,979
49,NORMA-20920,980
49,NORMA-18377,981
49,NORMA-21004,982
49,NORMA-21541,983
49,NORMA-21164,984
49,NORMA-19982,985
49,NORMA-19800,986
49,NORMA-18553,987
49,NORMA-20388,988
49,NORMA-19388,989
49,NORMA-2162,990
49,NORMA-968,991
49,NORMA-20711,992
49,NORMA-21821,993
49,NORMA-4662,994
49,NORMA-20578,995
49,NORMA-1217,996
49,NORMA-1720,997
49,NORMA-20426,998
49,NORMA-1667,999
49,NORMA-6396,1000
50,NORMA-11316,1
50,NORMA-21267,2
50,NORMA-21739,3
50,NORMA-22561,4
50,NORMA-18807,5
50,NORMA-18492,6
50,NORMA-13138,7
50,NORMA-21367,8
50,NORMA-21419,9
50,NORMA-19212,10
50,NORMA-19152,11
50,NORMA-21521,12
50,NORMA-28203,13
50,NORMA-21792,14
50,NORMA-21299,15
50,NORMA-6819,16
50,NORMA-6820,17
50,NORMA-6970,18
50,NORMA-18823,19
50,NORMA-21028,20
50,NORMA-21783,21
50,NORMA-7011,22
50,NORMA-18772,23
50,NORMA-21046,24
50,NORMA-21026,25
50,NORMA-21437,26
50,NORMA-24582,27
50,NORMA-11756,28
50,NORMA-11757,29
50,NORMA-20865,30
50,NORMA-21626,31
50,NORMA-19021,32
50,NORMA-21152,33
50,NORMA-21461,34
50,NORMA-11588,35
50,NORMA-10821,36
50,NORMA-20995,37
50,NORMA-18762,38
50,NORMA-18863,39
50,NORMA-11570,40
50,NORMA-19096,41
50,NORMA-21043,42
50,NORMA-9888,43
50,NORMA-21550,44
50,NORMA-18233,45
50,NORMA-18549,46
50,NORMA-19387,47
50,NORMA-17201,48
50,NORMA-18773,49
50,NORMA-10044,50
50,NORMA-18350,51
50,NORMA-18377,52
50,NORMA-21158,53
50,NORMA-18292,54
50,NORMA-19081,55
50,NORMA-18414,56
50,NORMA-19095,57
50,NORMA-18806,58
50,NORMA-21547,59
50,NORMA-11664,60
50,NORMA-21025,61
50,NORMA-18225,62
50,NORMA-19337,63
50,NORMA-18654,64
50,NORMA-10878,65
50,NORMA-18360,66
50,NORMA-11614,67
50,NORMA-11600,68
50,NORMA-18981,69
50,NORMA-11665,70
50,NORMA-18204,71
50,NORMA-18501,72
50,NORMA-18403,73
50,NORMA-18802,74
50,NORMA-20369,75
50,NORMA-18306,76
50,NORMA-18788,77
50,NORMA-21507,78
50,NORMA-11474,79
50,NORMA-6758,80
50,NORMA-20999,81
50,NORMA-11615,82
50,NORMA-19181,83
50,NORMA-11527,84
50,NORMA-21150,85
50,NORMA-21063,86
50,NORMA-18502,87
50,NORMA-18552,88
50,NORMA-18539,89
50,NORMA-21023,90
50,NORMA-21752,91
50,NORMA-20985,92
50,NORMA-11472,93
50,NORMA-6880,94
50,NORMA-12060,95
50,NORMA-21631,96
50,NORMA-18798,97
50,NORMA-13094,98
50,NORMA-10119,99
50,NORMA-33288,100
50,NORMA-18342,101
50,NORMA-3181,102
50,NORMA-18356,103
50,NORMA-18364,104
50,NORMA-6084,105
50,NORMA-33308,106
50,NORMA-18359,107
50,NORMA-11814,108
50,NORMA-20914,109
50,NORMA-18219,110
50,NORMA-18548,111
50,NORMA-18412,112
50,NORMA-18816,113
50,NORMA-1341,114
50,NORMA-20376,115
50,NORMA-10629,116
50,NORMA-10029,117
50,NORMA-21519,118
50,NORMA-11739,119
50,NORMA-9871,120
50,NORMA-3381,121
50,NORMA-11476,122
50,NORMA-27761,123
50,NORMA-14459,124
50,NORMA-2032,125
50,NORMA-18237,126
50,NORMA-18224,127
50,NORMA-10375,128
50,NORMA-21126,129
50,NORMA-18301,130
50,NORMA-1620,131
50,NORMA-18439,132
50,NORMA-11764,133
50,NORMA-11479,134
50,NORMA-18803,135
50,NORMA-11609,136
50,NORMA-18797,137
50,NORMA-12228,138
50,NORMA-18418,139
50,NORMA-3201,140
50,NORMA-20941,141
50,NORMA-18697,142
50,NORMA-11631,143
50,NORMA-21756,144
50,NORMA-18541,145
50,NORMA-11469,146
50,NORMA-21114,147
50,NORMA-1222,148
50,NORMA-21256,149
50,NORMA-25902,150
50,NORMA-11763,151
50,NORMA-2184,152
50,NORMA-15521,153
50,NORMA-11999,154
50,NORMA-21020,155
50,NORMA-20503,156
50,NORMA-12002,157
50,NORMA-483,158
50,NORMA-26701,159
50,NORMA-21484,160
50,NORMA-9785,161
50,NORMA-20046,162
50,NORMA-9595,163
50,NORMA-28181,164
50,NORMA-18339,165
50,NORMA-21608,166
50,NORMA-11780,167
50,NORMA-18208,168
50,NORMA-2383,169
50,NORMA-12089,170
50,NORMA-20402,171
50,NORMA-19092,172
50,NORMA-12886,173
50,NORMA-21231,174
50,NORMA-14898,175
50,NORMA-28422,176
50,NORMA-18436,177
50,NORMA-21650,178
50,NORMA-2269,179
50,NORMA-22941,180
50,NORMA-21553,181
50,NORMA-12105,182
50,NORMA-13004,183
50,NORMA-12165,184
50,NORMA-19205,185
50,NORMA-11646,186
50,NORMA-838,187
50,NORMA-11455,188
50,NORMA-2543,189
50,NORMA-13469,190
50,NORMA-21071,191
50,NORMA-6752,192
50,NORMA-21606,193
50,NORMA-21474,194
50,NORMA-19384,195
50,NORMA-8028,196
50,NORMA-21648,197
50,NORMA-18796,198
50,NORMA-11621,199
50,NORMA-21253,200
50,NORMA-16202,201
50,NORMA-3503,202
50,NORMA-1567,203
50,NORMA-818,204
50,NORMA-19275,205
50,NORMA-802,206
50,NORMA-2013,207
50,NORMA-3382,208
50,NORMA-6948,209
50,NORMA-59,210
50,NORMA-12160,211
50,NORMA-660,212
50,NORMA-801,213
50,NORMA-2185,214
50,NORMA-21506,215
50,NORMA-1611,216
50,NORMA-5252,217
50,NORMA-554,218
50,NORMA-19330,219
50,NORMA-11882,220
50,NORMA-19292,221
50,NORMA-19520,222
50,NORMA-21705,223
50,NORMA-11790,224
50,NORMA-21515,225
50,NORMA-20474,226
50,NORMA-20473,227
50,NORMA-21524,228
50,NORMA-20349,229
50,NORMA-996,230
50,NORMA-9822,231
50,NORMA-21159,232
50,NORMA-18709,233
50,NORMA-21402,234
50,NORMA-18411,235
50,NORMA-12039,236
50,NORMA-6636,237
50,NORMA-3241,238
50,NORMA-11760,239
50,NORMA-18748,240
50,NORMA-6676,241
50,NORMA-11864,242
50,NORMA-20465,243
50,NORMA-20371,244
50,NORMA-20480,245
50,NORMA-18446,246
50,NORMA-12049,247
50,NORMA-18432,248
50,NORMA-18815,249
50,NORMA-3281,250
50,NORMA-11798,251
50,NORMA-18967,252
50,NORMA-21139,253
50,NORMA-21300,254
50,NORMA-18216,255
50,NORMA-12048,256
50,NORMA-21224,257
50,NORMA-5251,258
50,NORMA-23441,259
50,NORMA-14937,260
50,NORMA-18430,261
50,NORMA-11735,262
50,NORMA-15045,263
50,NORMA-21634,264
50,NORMA-23682,265
50,NORMA-14542,266
50,NORMA-13158,267
50,NORMA-21446,268
50,NORMA-6710,269
50,NORMA-18984,270
50,NORMA-13402,271
50,NORMA-19170,272
50,NORMA-19051,273
50,NORMA-20505,274
50,NORMA-21310,275
50,NORMA-13545,276
50,NORMA-6075,277
50,NORMA-18838,278
50,NORMA-5008,279
50,NORMA-13265,280
50,NORMA-20488,281
50,NORMA-10123,282
50,NORMA-12630,283
50,NORMA-8931,284
50,NORMA-12029,285
50,NORMA-11454,286
50,NORMA-21218,287
50,NORMA-21157,288
50,NORMA-10267,289
50,NORMA-18554,290
50,NORMA-19724,291
50,NORMA-10865,292
50,NORMA-9358,293
50,NORMA-18958,294
50,NORMA-15211,295
50,NORMA-9823,296
50,NORMA-18303,297
50,NORMA-6669,298
50,NORMA-6655,299
50,NORMA-21538,300
50,NORMA-19408,301
50,NORMA-18378,302
50,NORMA-18444,303
50,NORMA-4820,304
50,NORMA-18780,305
50,NORMA-20945,306
50,NORMA-5431,307
50,NORMA-19658,308
50,NORMA-21431,309
50,NORMA-18298,310
50,NORMA-4277,311
50,NORMA-20460,312
50,NORMA-4297,313
50,NORMA-8522,314
50,NORMA-21537,315
50,NORMA-4898,316
50,NORMA-21404,317
50,NORMA-19056,318
50,NORMA-21695,319
50,NORMA-13797,320
50,NORMA-18603,321
50,NORMA-13174,322
50,NORMA-18656,323
50,NORMA-4909,324
50,NORMA-15208,325
50,NORMA-7149,326
50,NORMA-20468,327
50,NORMA-19546,328
50,NORMA-6698,329
50,NORMA-21523,330
50,NORMA-20137,331
50,NORMA-14967,332
50,NORMA-23222,333
50,NORMA-18201,334
50,NORMA-12067,335
50,NORMA-21496,336
50,NORMA-8198,337
50,NORMA-11731,338
50,NORMA-18819,339
50,NORMA-5586,340
50,NORMA-21562,341
50,NORMA-12021,342
50,NORMA-12027,343
50,NORMA-18211,344
50,NORMA-5626,345
50,NORMA-4746,346
50,NORMA-21398,347
50,NORMA-11715,348
50,NORMA-19682,349
50,NORMA-20989,350
50,NORMA-5421,351
50,NORMA-11144,352
50,NORMA-2020,353
50,NORMA-61,354
50,NORMA-19249,355
50,NORMA-21497,356
50,NORMA-20870,357
50,NORMA-2158,358
50,NORMA-20197,359
50,NORMA-18479,360
50,NORMA-21272,361
50,NORMA-1026,362
50,NORMA-7384,363
50,NORMA-11572,364
50,NORMA-20382,365
50,NORMA-11577,366
50,NORMA-15882,367
50,NORMA-18747,368
50,NORMA-11578,369
50,NORMA-2517,370
50,NORMA-1994,371
50,NORMA-21361,372
50,NORMA-19378,373
50,NORMA-20374,374
50,NORMA-12965,375
50,NORMA-15004,376
50,NORMA-21244,377
50,NORMA-12014,378
50,NORMA-12234,379
50,NORMA-11804,380
50,NORMA-4275,381
50,NORMA-21630,382
50,NORMA-20366,383
50,NORMA-12232,384
50,NORMA-20426,385
50,NORMA-18325,386
50,NORMA-220,387
50,NORMA-23881,388
50,NORMA-19232,389
50,NORMA-12006,390
50,NORMA-7381,391
50,NORMA-15701,392
50,NORMA-19383,393
50,NORMA-21776,394
50,NORMA-19155,395
50,NORMA-13671,396
50,NORMA-6203,397
50,NORMA-19220,398
50,NORMA-6783,399
50,NORMA-6140,400
50,NORMA-7386,401
50,NORMA-8938,402
50,NORMA-7113,403
50,NORMA-7222,404
50,NORMA-4711,405
50,NORMA-20183,406
50,NORMA-12858,407
50,NORMA-8435,408
50,NORMA-20490,409
50,NORMA-6316,410
50,NORMA-6181,411
50,NORMA-9893,412
50,NORMA-4075,413
50,NORMA-7225,414
50,NORMA-9724,415
50,NORMA-21434,416
50,NORMA-19981,417
50,NORMA-18844,418
50,NORMA-14099,419
50,NORMA-6630,420
50,NORMA-1485,421
50,NORMA-1365,422
50,NORMA-6967,423
50,NORMA-21236,424
50,NORMA-20407,425
50,NORMA-20796,426
50,NORMA-11868,427
50,NORMA-21586,428
50,NORMA-4830,429
50,NORMA-20398,430
50,NORMA-21286,431
50,NORMA-20189,432
50,NORMA-11496,433
50,NORMA-12437,434
50,NORMA-20482,435
50,NORMA-13480,436
50,NORMA-29421,437
50,NORMA-11736,438
50,NORMA-31904,439
50,NORMA-14390,440
50,NORMA-18724,441
50,NORMA-20389,442
50,NORMA-21408,443
50,NORMA-19784,444
50,NORMA-1138,445
50,NORMA-9297,446
50,NORMA-18591,447
50,NORMA-19634,448
50,NORMA-19983,449
50,NORMA-20359,450
50,NORMA-5536,451
50,NORMA-729,452
50,NORMA-28281,453
50,NORMA-10033,454
50,NORMA-18434,455
50,NORMA-21659,456
50,NORMA-20316,457
50,NORMA-18577,458
50,NORMA-2413,459
50,NORMA-6082,460
50,NORMA-20182,461
50,NORMA-6673,462
50,NORMA-11516,463
50,NORMA-20192,464
50,NORMA-21225,465
50,NORMA-20443,466
50,NORMA-6757,467
50,NORMA-11722,468
50,NORMA-12038,469
50,NORMA-10309,470
50,NORMA-18553,471
50,NORMA-4091,472
50,NORMA-11567,473
50,NORMA-30043,474
50,NORMA-21113,475
50,NORMA-2536,476
50,NORMA-18910,477
50,NORMA-17221,478
50,NORMA-21637,479
50,NORMA-20186,480
50,NORMA-20854,481
50,NORMA-21012,482
50,NORMA-21757,483
50,NORMA-19111,484
50,NORMA-19542,485
50,NORMA-23501,486
50,NORMA-20487,487
50,NORMA-18827,488
50,NORMA-12026,489
50,NORMA-20188,490
50,NORMA-12170,491
50,NORMA-12237,492
50,NORMA-11806,493
50,NORMA-18985,494
50,NORMA-555,495
50,NORMA-18980,496
50,NORMA-12018,497
50,NORMA-18465,498
50,NORMA-11687,499
50,NORMA-21086,500
50,NORMA-11802,501
50,NORMA-21247,502
50,NORMA-15542,503
50,NORMA-21417,504
50,NORMA-1317,505
50,NORMA-14673,506
50,NORMA-19643,507
50,NORMA-7025,508
50,NORMA-20501,509
50,NORMA-18307,510
50,NORMA-20483,511
50,NORMA-21746,512
50,NORMA-19651,513
50,NORMA-11920,514
50,NORMA-20425,515
50,NORMA-21343,516
50,NORMA-24961,517
50,NORMA-1250,518
50,NORMA-12035,519
50,NORMA-19028,520
50,NORMA-12015,521
50,NORMA-18206,522
50,NORMA-20403,523
50,NORMA-11792,524
50,NORMA-2546,525
50,NORMA-27981,526
50,NORMA-12005,527
50,NORMA-8384,528
50,NORMA-11758,529
50,NORMA-13514,530
50,NORMA-19431,531
50,NORMA-28362,532
50,NORMA-21228,533
50,NORMA-754,534
50,NORMA-11473,535
50,NORMA-11688,536
50,NORMA-20381,537
50,NORMA-21211,538
50,NORMA-13106,539
50,NORMA-18826,540
50,NORMA-21135,541
50,NORMA-217,542
50,NORMA-21239,543
50,NORMA-15561,544
50,NORMA-21413,545
50,NORMA-4423,546
50,NORMA-27161,547
50,NORMA-20139,548
50,NORMA-878,549
50,NORMA-14279,550
50,NORMA-12872,551
50,NORMA-28961,552
50,NORMA-21254,553
50,NORMA-18646,554
50,NORMA-1786,555
50,NORMA-19017,556
50,NORMA-21352,557
50,NORMA-704,558
50,NORMA-14951,559
50,NORMA-4926,560
50,NORMA-11417,561
50,NORMA-10797,562
50,NORMA-21544,563
50,NORMA-7012,564
50,NORMA-21260,565
50,NORMA-834,566
50,NORMA-2981,567
50,NORMA-1463,568
50,NORMA-594,569
50,NORMA-12657,570
50,NORMA-18691,571
50,NORMA-9457,572
50,NORMA-13954,573
50,NORMA-21541,574
50,NORMA-1516,575
50,NORMA-4425,576
50,NORMA-1573,577
50,NORMA-6256,578
50,NORMA-6623,579
50,NORMA-18825,580
50,NORMA-18996,581
50,NORMA-20934,582
50,NORMA-20754,583
50,NORMA-19473,584
50,NORMA-21609,585
50,NORMA-7110,586
50,NORMA-15921,587
50,NORMA-15901,588
50,NORMA-28381,589
50,NORMA-11632,590
50,NORMA-18375,591
50,NORMA-20891,592
50,NORMA-11734,593
50,NORMA-18868,594
50,NORMA-4219,595
50,NORMA-82,596
50,NORMA-385,597
50,NORMA-1740,598
50,NORMA-19080,599
50,NORMA-19295,600
50,NORMA-20869,601
50,NORMA-19587,602
50,NORMA-21328,603
50,NORMA-21305,604
50,NORMA-13195,605
50,NORMA-20874,606
50,NORMA-21002,607
50,NORMA-1471,608
50,NORMA-18804,609
50,NORMA-75,610
50,NORMA-6509,611
50,NORMA-7651,612
50,NORMA-13198,613
50,NORMA-2660,614
50,NORMA-19593,615
50,NORMA-15581,616
50,NORMA-19456,617
50,NORMA-5925,618
50,NORMA-1674,619
50,NORMA-7390,620
50,NORMA-19640,621
50,NORMA-24661,622
50,NORMA-11771,623
50,NORMA-27022,624
50,NORMA-14788,625
50,NORMA-12664,626
50,NORMA-357,627
50,NORMA-19281,628
50,NORMA-10994,629
50,NORMA-21249,630
50,NORMA-19705,631
50,NORMA-1188,632
50,NORMA-18379,633
50,NORMA-9111,634
50,NORMA-19787,635
50,NORMA-14985,636
50,NORMA-19110,637
50,NORMA-19192,638
50,NORMA-18487,639
50,NORMA-1421,640
50,NORMA-18771,641
50,NORMA-20557,642
50,NORMA-2395,643
50,NORMA-6955,644
50,NORMA-8027,645
50,NORMA-21226,646
50,NORMA-4818,647
50,NORMA-12327,648
50,NORMA-10708,649
50,NORMA-21508,650
50,NORMA-18818,651
50,NORMA-462,652
50,NORMA-21031,653
50,NORMA-18345,654
50,NORMA-20918,655
50,NORMA-21052,656
50,NORMA-1183,657
50,NORMA-332,658
50,NORMA-19578,659
50,NORMA-9792,660
50,NORMA-11599,661
50,NORMA-9558,662
50,NORMA-21443,663
50,NORMA-18859,664
50,NORMA-21147,665
50,NORMA-1361,666
50,NORMA-18489,667
50,NORMA-4710,668
50,NORMA-6627,669
50,NORMA-21069,670
50,NORMA-2113,671
50,NORMA-6645,672
50,NORMA-20258,673
50,NORMA-19782,674
50,NORMA-6954,675
50,NORMA-2089,676
50,NORMA-6199,677
50,NORMA-14463,678
50,NORMA-1547,679
50,NORMA-578,680
50,NORMA-4316,681
50,NORMA-14661,682
50,NORMA-19715,683
50,NORMA-18438,684
50,NORMA-6621,685
50,NORMA-10066,686
50,NORMA-20263,687
50,NORMA-18496,688
50,NORMA-6957,689
50,NORMA-21301,690
50,NORMA-19485,691
50,NORMA-1,692
50,NORMA-18648,693
50,NORMA-19631,694
50,NORMA-18638,695
50,NORMA-19503,696
50,NORMA-20927,697
50,NORMA-727,698
50,NORMA-15239,699
50,NORMA-1207,700
50,NORMA-11528,701
50,NORMA-21308,702
50,NORMA-20917,703
50,NORMA-21470,704
50,NORMA-11655,705
50,NORMA-14239,706
50,NORMA-850,707
50,NORMA-11606,708
50,NORMA-20993,709
50,NORMA-21388,710
50,NORMA-21676,711
50,NORMA-21403,712
50,NORMA-18800,713
50,NORMA-18992,714
50,NORMA-18486,715
50,NORMA-602,716
50,NORMA-18503,717
50,NORMA-19444,718
50,NORMA-18273,719
50,NORMA-21784,720
50,NORMA-5853,721
50,NORMA-5417,722
50,NORMA-11723,723
50,NORMA-19646,724
50,NORMA-20291,725
50,NORMA-19949,726
50,NORMA-21269,727
50,NORMA-18248,728
50,NORMA-19603,729
50,NORMA-19391,730
50,NORMA-19655,731
50,NORMA-15237,732
50,NORMA-21522,733
50,NORMA-18385,734
50,NORMA-20908,735
50,NORMA-20223,736
50,NORMA-3342,737
50,NORMA-7280,738
50,NORMA-19617,739
50,NORMA-9110,740
50,NORMA-7942,741
50,NORMA-9670,742
50,NORMA-21220,743
50,NORMA-20185,744
50,NORMA-13802,745
50,NORMA-10326,746
50,NORMA-6185,747
50,NORMA-22142,748
50,NORMA-20992,749
50,NORMA-20432,750
50,NORMA-19650,751
50,NORMA-18528,752
50,NORMA-20705,753
50,NORMA-9834,754
50,NORMA-9382,755
50,NORMA-12113,756
50,NORMA-20880,757
50,NORMA-18933,758
50,NORMA-19090,759
50,NORMA-1996,760
50,NORMA-19573,761
50,NORMA-12210,762
50,NORMA-6679,763
50,NORMA-19729,764
50,NORMA-20208,765
50,NORMA-21131,766
50,NORMA-21638,767
50,NORMA-20184,768
50,NORMA-21791,769
50,NORMA-21787,770
50,NORMA-21125,771
50,NORMA-21199,772
50,NORMA-20204,773
50,NORMA-19704,774
50,NORMA-14063,775
50,NORMA-20405,776
50,NORMA-15381,777
50,NORMA-12612,778
50,NORMA-19632,779
50,NORMA-12315,780
50,NORMA-21264,781
50,NORMA-15802,782
50,NORMA-15377,783
50,NORMA-18789,784
50,NORMA-14470,785
50,NORMA-27305,786
50,NORMA-20190,787
50,NORMA-18440,788
50,NORMA-18769,789
50,NORMA-21283,790
50,NORMA-19128,791
50,NORMA-11183,792
50,NORMA-21661,793
50,NORMA-11249,794
50,NORMA-6702,795
50,NORMA-19621,796
50,NORMA-27252,797
50,NORMA-20397,798
50,NORMA-20396,799
50,NORMA-27221,800
50,NORMA-21640,801
50,NORMA-21189,802
50,NORMA-12066,803
50,NORMA-18526,804
50,NORMA-14549,805
50,NORMA-12880,806
50,NORMA-1989,807
50,NORMA-21580,808
50,NORMA-18831,809
50,NORMA-1578,810
50,NORMA-21706,811
50,NORMA-10023,812
50,NORMA-20886,813
50,NORMA-20211,814
50,NORMA-21707,815
50,NORMA-19582,816
50,NORMA-1252,817
50,NORMA-7470,818
50,NORMA-29201,819
50,NORMA-21246,820
50,NORMA-21643,821
50,NORMA-1352,822
50,NORMA-21655,823
50,NORMA-534,824
50,NORMA-19730,825
50,NORMA-229,826
50,NORMA-21136,827
50,NORMA-1650,828
50,NORMA-1585,829
50,NORMA-19969,830
50,NORMA-1631,831
50,NORMA-21144,832
50,NORMA-18839,833
50,NORMA-981,834
50,NORMA-1217,835
50,NORMA-22061,836
50,NORMA-16941,837
50,NORMA-21143,838
50,NORMA-2386,839
50,NORMA-19939,840
50,NORMA-188,841
50,NORMA-27001,842
50,NORMA-1175,843
50,NORMA-1171,844
50,NORMA-26102,845
50,NORMA-13298,846
50,NORMA-1863,847
50,NORMA-215,848
50,NORMA-20971,849
50,NORMA-20388,850
50,NORMA-21613,851
50,NORMA-4780,852
50,NORMA-19380,853
50,NORMA-12195,854
50,NORMA-19164,855
50,NORMA-19598,856
50,NORMA-21280,857
50,NORMA-19798,858
50,NORMA-19609,859
50,NORMA-12382,860
50,NORMA-14751,861
50,NORMA-15250,862
50,NORMA-20304,863
50,NORMA-14897,864
50,NORMA-14421,865
50,NORMA-14232,866
50,NORMA-15002,867
50,NORMA-13217,868
50,NORMA-13971,869
50,NORMA-13707,870
50,NORMA-13220,871
50,NORMA-15207,872
50,NORMA-12414,873
50,NORMA-5165,874
50,NORMA-18406,875
50,NORMA-22381,876
50,NORMA-13385,877
50,NORMA-5761,878
50,NORMA-16963,879
50,NORMA-25144,880
50,NORMA-21902,881
50,NORMA-13592,882
50,NORMA-22043,883
50,NORMA-15868,884
50,NORMA-17003,885
50,NORMA-29681,886
50,NORMA-20785,887
50,NORMA-20691,888
50,NORMA-20774,889
50,NORMA-21217,890
50,NORMA-17684,891
50,NORMA-20728,892
50,NORMA-21621,893
50,NORMA-19574,894
50,NORMA-18542,895
50,NORMA-20786,896
50,NORMA-19009,897
50,NORMA-20282,898
50,NORMA-19194,899
50,NORMA-18254,900
50,NORMA-2171,901
50,NORMA-20846,902
50,NORMA-11575,903
50,NORMA-13917,904
50,NORMA-23963,905
50,NORMA-4717,906
50,NORMA-24261,907
50,NORMA-16222,908
50,NORMA-16221,909
50,NORMA-1619,910
50,NORMA-22522,911
50,NORMA-17241,912
50,NORMA-13341,913
50,NORMA-11879,914
50,NORMA-5001,915
50,NORMA-27225,916
50,NORMA-12974,917
50,NORMA-28881,918
50,NORMA-3621,919
50,NORMA-11766,920
50,NORMA-29061,921
50,NORMA-21624,922
50,NORMA-28641,923
50,NORMA-21190,924
50,NORMA-416,925
50,NORMA-4133,926
50,NORMA-2567,927
50,NORMA-3852,928
50,NORMA-4204,929
50,NORMA-3779,930
50,NORMA-3579,931
50,NORMA-1419,932
50,NORMA-1965,933
50,NORMA-18388,934
50,NORMA-1092,935
50,NORMA-21085,936
50,NORMA-10743,937
50,NORMA-21622,938
50,NORMA-22861,939
50,NORMA-755,940
50,NORMA-53,941
50,NORMA-21065,942
50,NORMA-3980,943
50,NORMA-19596,944
50,NORMA-21429,945
50,NORMA-4924,946
50,NORMA-54,947
50,NORMA-20907,948
50,NORMA-20224,949
50,NORMA-3823,950
50,NORMA-15097,951
50,NORMA-14203,952
50,NORMA-15075,953
50,NORMA-12830,954
50,NORMA-13601,955
50,NORMA-15335,956
50,NORMA-14537,957
50,NORMA-13343,958
50,NORMA-12844,959
50,NORMA-11911,960
50,NORMA-12391,961
50,NORMA-13249,962
50,NORMA-12077,963
50,NORMA-15306,964
50,NORMA-14064,965
50,NORMA-12543,966
50,NORMA-13899,967
50,NORMA-12821,968
50,NORMA-14246,969
50,NORMA-12660,970
50,NORMA-14083,971
50,NORMA-24021,972
50,NORMA-13121,973
50,NORMA-13956,974
50,NORMA-15101,975
50,NORMA-13028,976
50,NORMA-13118,977
50,NORMA-14021,978
50,NORMA-11907,979
50,NORMA-14365,980
50,NORMA-13089,981
50,NORMA-13243,982
50,NORMA-11914,983
50,NORMA-15042,984
50,NORMA-14893,985
50,NORMA-12627,986
50,NORMA-24142,987
50,NORMA-12377,988
50,NORMA-6601,989
50,NORMA-13712,990
50,NORMA-12545,991
50,NORMA-15010,992
50,NORMA-15292,993
50,NORMA-14034,994
50,NORMA-13731,995
50,NORMA-12290,996
50,NORMA-15129,997
50,NORMA-6768,998
50,NORMA-14018,999
50,NORMA-13156,1000
