QUERY_KEY,DOC_KEY,RANK
1,NORMA-19903,1
1,NORMA-19747,2
1,NORMA-19613,3
1,NORMA-19876,4
1,NORMA-19594,5
1,NORMA-18546,6
1,NORMA-18892,7
1,NORMA-19568,8
1,NORMA-20127,9
1,NORMA-20253,10
1,NORMA-18891,11
1,NORMA-19980,12
1,NORMA-18943,13
1,NORMA-20214,14
1,NORMA-19604,15
1,NORMA-20053,16
1,NORMA-20871,17
1,NORMA-19764,18
1,NORMA-19953,19
1,NORMA-20064,20
1,NORMA-20561,21
1,NORMA-18894,22
1,NORMA-18936,23
1,NORMA-20957,24
1,NORMA-20156,25
1,NORMA-18913,26
1,NORMA-19793,27
1,NORMA-19178,28
1,NORMA-19767,29
1,NORMA-20241,30
1,NORMA-20066,31
1,NORMA-19965,32
1,NORMA-19978,33
1,NORMA-20571,34
1,NORMA-20705,35
1,NORMA-20257,36
1,NORMA-18908,37
1,NORMA-20721,38
1,NORMA-19819,39
1,NORMA-18885,40
1,NORMA-18911,41
1,NORMA-20615,42
1,NORMA-20425,43
1,NORMA-20808,44
1,NORMA-20755,45
1,NORMA-19740,46
1,NORMA-20677,47
1,NORMA-20145,48
1,NORMA-21562,49
1,NORMA-18536,50
1,NORMA-20039,51
1,NORMA-20070,52
1,NORMA-21621,53
1,NORMA-19601,54
1,NORMA-19945,55
1,NORMA-20238,56
1,NORMA-20594,57
1,NORMA-21105,58
1,NORMA-21029,59
1,NORMA-20828,60
1,NORMA-20512,61
1,NORMA-20934,62
1,NORMA-20535,63
1,NORMA-2184,64
1,NORMA-20091,65
1,NORMA-18858,66
1,NORMA-19578,67
1,NORMA-20818,68
1,NORMA-20567,69
1,NORMA-20599,70
1,NORMA-20265,71
1,NORMA-20939,72
1,NORMA-20604,73
1,NORMA-21107,74
1,NORMA-19803,75
1,NORMA-19766,76
1,NORMA-19929,77
1,NORMA-20239,78
1,NORMA-21432,79
1,NORMA-19572,80
1,NORMA-20175,81
1,NORMA-20085,82
1,NORMA-18750,83
1,NORMA-19582,84
1,NORMA-20065,85
1,NORMA-20279,86
1,NORMA-20246,87
1,NORMA-20623,88
1,NORMA-19564,89
1,NORMA-20055,90
1,NORMA-20206,91
1,NORMA-18917,92
1,NORMA-20447,93
1,NORMA-21394,94
1,NORMA-19128,95
1,NORMA-20245,96
1,NORMA-19893,97
1,NORMA-24,98
1,NORMA-19761,99
1,NORMA-20770,100
1,NORMA-19963,101
1,NORMA-20955,102
1,NORMA-19849,103
1,NORMA-18899,104
1,NORMA-20189,105
1,NORMA-20616,106
1,NORMA-20605,107
1,NORMA-20640,108
1,NORMA-19879,109
1,NORMA-20103,110
1,NORMA-18931,111
1,NORMA-20285,112
1,NORMA-18344,113
1,NORMA-20450,114
1,NORMA-20197,115
1,NORMA-20742,116
1,NORMA-20237,117
1,NORMA-20756,118
1,NORMA-20176,119
1,NORMA-19807,120
1,NORMA-12245,121
1,NORMA-19667,122
1,NORMA-19853,123
1,NORMA-18926,124
1,NORMA-20224,125
1,NORMA-20042,126
1,NORMA-18553,127
1,NORMA-20761,128
1,NORMA-20834,129
1,NORMA-19921,130
1,NORMA-21067,131
1,NORMA-20732,132
1,NORMA-20446,133
1,NORMA-20573,134
1,NORMA-18715,135
1,NORMA-19798,136
1,NORMA-27521,137
1,NORMA-19571,138
1,NORMA-18633,139
1,NORMA-423,140
1,NORMA-18429,141
1,NORMA-19762,142
1,NORMA-19175,143
1,NORMA-20198,144
1,NORMA-18784,145
1,NORMA-19738,146
1,NORMA-20251,147
1,NORMA-20451,148
1,NORMA-20180,149
1,NORMA-21357,150
1,NORMA-19174,151
1,NORMA-21264,152
1,NORMA-21554,153
1,NORMA-21215,154
1,NORMA-20860,155
1,NORMA-21175,156
1,NORMA-20584,157
1,NORMA-560,158
1,NORMA-8931,159
1,NORMA-229,160
1,NORMA-15561,161
1,NORMA-19591,162
1,NORMA-6949,163
1,NORMA-20284,164
1,NORMA-1366,165
1,NORMA-20767,166
1,NORMA-567,167
1,NORMA-19281,168
1,NORMA-20715,169
1,NORMA-21192,170
1,NORMA-20803,171
1,NORMA-20590,172
1,NORMA-1965,173
1,NORMA-11454,174
1,NORMA-20750,175
1,NORMA-20422,176
1,NORMA-21392,177
1,NORMA-20093,178
1,NORMA-18666,179
1,NORMA-18955,180
1,NORMA-21189,181
1,NORMA-21489,182
1,NORMA-20252,183
1,NORMA-20264,184
1,NORMA-18481,185
1,NORMA-18832,186
1,NORMA-20556,187
1,NORMA-19904,188
1,NORMA-21533,189
1,NORMA-20377,190
1,NORMA-21506,191
1,NORMA-20187,192
1,NORMA-21754,193
1,NORMA-20841,194
1,NORMA-20768,195
1,NORMA-20309,196
1,NORMA-20581,197
1,NORMA-21434,198
1,NORMA-20883,199
1,NORMA-19964,200
1,NORMA-20849,201
1,NORMA-20568,202
1,NORMA-122,203
1,NORMA-20744,204
1,NORMA-21484,205
1,NORMA-1641,206
1,NORMA-20764,207
1,NORMA-21790,208
1,NORMA-20037,209
1,NORMA-20576,210
1,NORMA-18769,211
1,NORMA-20711,212
1,NORMA-19750,213
1,NORMA-20586,214
1,NORMA-19593,215
1,NORMA-20929,216
1,NORMA-19697,217
1,NORMA-20583,218
1,NORMA-20233,219
1,NORMA-18967,220
1,NORMA-19330,221
1,NORMA-20188,222
1,NORMA-20531,223
1,NORMA-188,224
1,NORMA-20290,225
1,NORMA-19651,226
1,NORMA-18223,227
1,NORMA-18505,228
1,NORMA-19290,229
1,NORMA-3241,230
1,NORMA-20846,231
1,NORMA-20922,232
1,NORMA-21386,233
1,NORMA-20577,234
1,NORMA-21156,235
1,NORMA-20525,236
1,NORMA-19735,237
1,NORMA-20944,238
1,NORMA-159,239
1,NORMA-20588,240
1,NORMA-20733,241
1,NORMA-20688,242
1,NORMA-2517,243
1,NORMA-20240,244
1,NORMA-20879,245
1,NORMA-534,246
1,NORMA-19111,247
1,NORMA-20445,248
1,NORMA-20286,249
1,NORMA-217,250
1,NORMA-21060,251
1,NORMA-21118,252
1,NORMA-10267,253
1,NORMA-20951,254
1,NORMA-20802,255
1,NORMA-228,256
1,NORMA-18409,257
1,NORMA-19954,258
1,NORMA-19699,259
1,NORMA-18958,260
1,NORMA-18916,261
1,NORMA-21541,262
1,NORMA-20569,263
1,NORMA-20758,264
1,NORMA-27609,265
1,NORMA-21384,266
1,NORMA-18952,267
1,NORMA-20784,268
1,NORMA-20308,269
1,NORMA-12952,270
1,NORMA-3281,271
1,NORMA-20916,272
1,NORMA-20901,273
1,NORMA-20522,274
1,NORMA-19014,275
1,NORMA-21129,276
1,NORMA-20192,277
1,NORMA-20138,278
1,NORMA-20071,279
1,NORMA-20736,280
1,NORMA-20893,281
1,NORMA-20505,282
1,NORMA-20190,283
1,NORMA-21254,284
1,NORMA-20007,285
1,NORMA-19379,286
1,NORMA-19268,287
1,NORMA-21544,288
1,NORMA-6641,289
1,NORMA-18725,290
1,NORMA-18678,291
1,NORMA-19205,292
1,NORMA-21648,293
1,NORMA-20524,294
1,NORMA-20381,295
1,NORMA-19164,296
1,NORMA-18755,297
1,NORMA-20595,298
1,NORMA-21012,299
1,NORMA-20826,300
1,NORMA-2158,301
1,NORMA-766,302
1,NORMA-19883,303
1,NORMA-18868,304
1,NORMA-20106,305
1,NORMA-1173,306
1,NORMA-18254,307
1,NORMA-21744,308
1,NORMA-19741,309
1,NORMA-480,310
1,NORMA-19172,311
1,NORMA-1663,312
1,NORMA-1222,313
1,NORMA-20294,314
1,NORMA-20783,315
1,NORMA-21678,316
1,NORMA-20970,317
1,NORMA-20508,318
1,NORMA-19746,319
1,NORMA-61,320
1,NORMA-19553,321
1,NORMA-943,322
1,NORMA-18673,323
1,NORMA-18853,324
1,NORMA-20924,325
1,NORMA-20304,326
1,NORMA-19576,327
1,NORMA-332,328
1,NORMA-20619,329
1,NORMA-1421,330
1,NORMA-1229,331
1,NORMA-1620,332
1,NORMA-20837,333
1,NORMA-20817,334
1,NORMA-18691,335
1,NORMA-21242,336
1,NORMA-1,337
1,NORMA-6677,338
1,NORMA-2386,339
1,NORMA-20873,340
1,NORMA-20287,341
1,NORMA-19751,342
1,NORMA-509,343
1,NORMA-21695,344
1,NORMA-14307,345
1,NORMA-6089,346
1,NORMA-20593,347
1,NORMA-680,348
1,NORMA-28001,349
1,NORMA-21488,350
1,NORMA-380,351
1,NORMA-20202,352
1,NORMA-20790,353
1,NORMA-9834,354
1,NORMA-18909,355
1,NORMA-1138,356
1,NORMA-19905,357
1,NORMA-835,358
1,NORMA-20852,359
1,NORMA-19249,360
1,NORMA-21319,361
1,NORMA-20749,362
1,NORMA-211,363
1,NORMA-21651,364
1,NORMA-20887,365
1,NORMA-20110,366
1,NORMA-19230,367
1,NORMA-20797,368
1,NORMA-3908,369
1,NORMA-21019,370
1,NORMA-20432,371
1,NORMA-11144,372
1,NORMA-20167,373
1,NORMA-19668,374
1,NORMA-75,375
1,NORMA-19646,376
1,NORMA-19931,377
1,NORMA-21000,378
1,NORMA-19910,379
1,NORMA-19351,380
1,NORMA-19730,381
1,NORMA-20235,382
1,NORMA-478,383
1,NORMA-2483,384
1,NORMA-20631,385
1,NORMA-21356,386
1,NORMA-18519,387
1,NORMA-19358,388
1,NORMA-19841,389
1,NORMA-21543,390
1,NORMA-1263,391
1,NORMA-20994,392
1,NORMA-19191,393
1,NORMA-18683,394
1,NORMA-20621,395
1,NORMA-19933,396
1,NORMA-20277,397
1,NORMA-16382,398
1,NORMA-20428,399
1,NORMA-21349,400
1,NORMA-19574,401
1,NORMA-6395,402
1,NORMA-20858,403
1,NORMA-6751,404
1,NORMA-18560,405
1,NORMA-19605,406
1,NORMA-19311,407
1,NORMA-19373,408
1,NORMA-21217,409
1,NORMA-20816,410
1,NORMA-20319,411
1,NORMA-20971,412
1,NORMA-20990,413
1,NORMA-13545,414
1,NORMA-20157,415
1,NORMA-20291,416
1,NORMA-19209,417
1,NORMA-180,418
1,NORMA-20856,419
1,NORMA-21239,420
1,NORMA-3181,421
1,NORMA-19863,422
1,NORMA-21477,423
1,NORMA-20559,424
1,NORMA-21163,425
1,NORMA-18969,426
1,NORMA-1353,427
1,NORMA-20442,428
1,NORMA-19752,429
1,NORMA-20159,430
1,NORMA-20183,431
1,NORMA-20707,432
1,NORMA-19237,433
1,NORMA-18859,434
1,NORMA-21498,435
1,NORMA-19932,436
1,NORMA-19640,437
1,NORMA-20105,438
1,NORMA-18268,439
1,NORMA-21122,440
1,NORMA-18974,441
1,NORMA-20336,442
1,NORMA-2484,443
1,NORMA-18474,444
1,NORMA-205,445
1,NORMA-18385,446
1,NORMA-20448,447
1,NORMA-20890,448
1,NORMA-21630,449
1,NORMA-18247,450
1,NORMA-21639,451
1,NORMA-21185,452
1,NORMA-19749,453
1,NORMA-21268,454
1,NORMA-778,455
1,NORMA-19842,456
1,NORMA-224,457
1,NORMA-18456,458
1,NORMA-18646,459
1,NORMA-309,460
1,NORMA-20107,461
1,NORMA-8643,462
1,NORMA-819,463
1,NORMA-21627,464
1,NORMA-20408,465
1,NORMA-21253,466
1,NORMA-21779,467
1,NORMA-20248,468
1,NORMA-20572,469
1,NORMA-1370,470
1,NORMA-1471,471
1,NORMA-19468,472
1,NORMA-19437,473
1,NORMA-20116,474
1,NORMA-21300,475
1,NORMA-19816,476
1,NORMA-19950,477
1,NORMA-4091,478
1,NORMA-18226,479
1,NORMA-13094,480
1,NORMA-19297,481
1,NORMA-9234,482
1,NORMA-20842,483
1,NORMA-13473,484
1,NORMA-21529,485
1,NORMA-1846,486
1,NORMA-19657,487
1,NORMA-20949,488
1,NORMA-18207,489
1,NORMA-15581,490
1,NORMA-21169,491
1,NORMA-1198,492
1,NORMA-7279,493
1,NORMA-21456,494
1,NORMA-5421,495
1,NORMA-19602,496
1,NORMA-1337,497
1,NORMA-21625,498
1,NORMA-20823,499
1,NORMA-20763,500
1,NORMA-20185,501
1,NORMA-13280,502
1,NORMA-21698,503
1,NORMA-21496,504
1,NORMA-21731,505
1,NORMA-475,506
1,NORMA-18325,507
1,NORMA-1994,508
1,NORMA-82,509
1,NORMA-20882,510
1,NORMA-19275,511
1,NORMA-20859,512
1,NORMA-19962,513
1,NORMA-21567,514
1,NORMA-20231,515
1,NORMA-7466,516
1,NORMA-22026,517
1,NORMA-21203,518
1,NORMA-10034,519
1,NORMA-18550,520
1,NORMA-19609,521
1,NORMA-21537,522
1,NORMA-20254,523
1,NORMA-18787,524
1,NORMA-12272,525
1,NORMA-20476,526
1,NORMA-14425,527
1,NORMA-18944,528
1,NORMA-7384,529
1,NORMA-18475,530
1,NORMA-21099,531
1,NORMA-19200,532
1,NORMA-15060,533
1,NORMA-19636,534
1,NORMA-21677,535
1,NORMA-13323,536
1,NORMA-20034,537
1,NORMA-21231,538
1,NORMA-20809,539
1,NORMA-19833,540
1,NORMA-24582,541
1,NORMA-21173,542
1,NORMA-18831,543
1,NORMA-20830,544
1,NORMA-19780,545
1,NORMA-20706,546
1,NORMA-6318,547
1,NORMA-13345,548
1,NORMA-18722,549
1,NORMA-20765,550
1,NORMA-18882,551
1,NORMA-19637,552
1,NORMA-20580,553
1,NORMA-19800,554
1,NORMA-646,555
1,NORMA-12708,556
1,NORMA-20063,557
1,NORMA-19617,558
1,NORMA-20163,559
1,NORMA-21148,560
1,NORMA-20557,561
1,NORMA-503,562
1,NORMA-995,563
1,NORMA-280,564
1,NORMA-19043,565
1,NORMA-20682,566
1,NORMA-20948,567
1,NORMA-14850,568
1,NORMA-20242,569
1,NORMA-7110,570
1,NORMA-18901,571
1,NORMA-21756,572
1,NORMA-6681,573
1,NORMA-20038,574
1,NORMA-21069,575
1,NORMA-20827,576
1,NORMA-1516,577
1,NORMA-21083,578
1,NORMA-20725,579
1,NORMA-19436,580
1,NORMA-20987,581
1,NORMA-20968,582
1,NORMA-838,583
1,NORMA-20910,584
1,NORMA-2475,585
1,NORMA-18201,586
1,NORMA-9732,587
1,NORMA-20824,588
1,NORMA-20728,589
1,NORMA-18878,590
1,NORMA-20613,591
1,NORMA-21741,592
1,NORMA-1154,593
1,NORMA-20515,594
1,NORMA-21199,595
1,NORMA-19554,596
1,NORMA-19721,597
1,NORMA-18401,598
1,NORMA-18333,599
1,NORMA-1132,600
1,NORMA-18957,601
1,NORMA-18518,602
1,NORMA-18611,603
1,NORMA-20023,604
1,NORMA-20812,605
1,NORMA-9802,606
1,NORMA-1566,607
1,NORMA-21230,608
1,NORMA-2064,609
1,NORMA-20099,610
1,NORMA-12161,611
1,NORMA-1555,612
1,NORMA-19927,613
1,NORMA-2089,614
1,NORMA-20028,615
1,NORMA-837,616
1,NORMA-20831,617
1,NORMA-4019,618
1,NORMA-2103,619
1,NORMA-19715,620
1,NORMA-20943,621
1,NORMA-18626,622
1,NORMA-4035,623
1,NORMA-21395,624
1,NORMA-13298,625
1,NORMA-20146,626
1,NORMA-19777,627
1,NORMA-358,628
1,NORMA-21086,629
1,NORMA-18733,630
1,NORMA-1656,631
1,NORMA-19982,632
1,NORMA-14279,633
1,NORMA-20602,634
1,NORMA-21752,635
1,NORMA-28021,636
1,NORMA-21757,637
1,NORMA-7307,638
1,NORMA-21208,639
1,NORMA-20888,640
1,NORMA-18681,641
1,NORMA-20270,642
1,NORMA-20945,643
1,NORMA-13771,644
1,NORMA-8883,645
1,NORMA-20494,646
1,NORMA-20753,647
1,NORMA-20298,648
1,NORMA-21214,649
1,NORMA-7234,650
1,NORMA-25041,651
1,NORMA-20967,652
1,NORMA-20292,653
1,NORMA-20907,654
1,NORMA-23222,655
1,NORMA-20655,656
1,NORMA-20857,657
1,NORMA-19134,658
1,NORMA-19703,659
1,NORMA-19818,660
1,NORMA-19794,661
1,NORMA-21194,662
1,NORMA-6199,663
1,NORMA-21290,664
1,NORMA-19967,665
1,NORMA-21013,666
1,NORMA-19831,667
1,NORMA-19643,668
1,NORMA-8261,669
1,NORMA-1026,670
1,NORMA-13729,671
1,NORMA-17001,672
1,NORMA-21257,673
1,NORMA-7241,674
1,NORMA-19891,675
1,NORMA-17182,676
1,NORMA-21702,677
1,NORMA-20426,678
1,NORMA-20660,679
1,NORMA-20575,680
1,NORMA-21004,681
1,NORMA-783,682
1,NORMA-594,683
1,NORMA-21497,684
1,NORMA-6399,685
1,NORMA-19898,686
1,NORMA-1534,687
1,NORMA-21200,688
1,NORMA-21710,689
1,NORMA-20114,690
1,NORMA-13169,691
1,NORMA-19724,692
1,NORMA-19627,693
1,NORMA-1426,694
1,NORMA-11932,695
1,NORMA-21690,696
1,NORMA-4492,697
1,NORMA-124,698
1,NORMA-2140,699
1,NORMA-18337,700
1,NORMA-19907,701
1,NORMA-21245,702
1,NORMA-20855,703
1,NORMA-21131,704
1,NORMA-20869,705
1,NORMA-18551,706
1,NORMA-18294,707
1,NORMA-19256,708
1,NORMA-20915,709
1,NORMA-19957,710
1,NORMA-20780,711
1,NORMA-21009,712
1,NORMA-18216,713
1,NORMA-6091,714
1,NORMA-5974,715
1,NORMA-21210,716
1,NORMA-20483,717
1,NORMA-19603,718
1,NORMA-19412,719
1,NORMA-14779,720
1,NORMA-20786,721
1,NORMA-21526,722
1,NORMA-20431,723
1,NORMA-834,724
1,NORMA-6006,725
1,NORMA-20719,726
1,NORMA-3642,727
1,NORMA-20443,728
1,NORMA-18407,729
1,NORMA-20789,730
1,NORMA-913,731
1,NORMA-19958,732
1,NORMA-18923,733
1,NORMA-18945,734
1,NORMA-7381,735
1,NORMA-19979,736
1,NORMA-20393,737
1,NORMA-20663,738
1,NORMA-20125,739
1,NORMA-1398,740
1,NORMA-20317,741
1,NORMA-5406,742
1,NORMA-21553,743
1,NORMA-19399,744
1,NORMA-6249,745
1,NORMA-21663,746
1,NORMA-20772,747
1,NORMA-21381,748
1,NORMA-18598,749
1,NORMA-11093,750
1,NORMA-16462,751
1,NORMA-13583,752
1,NORMA-25183,753
1,NORMA-20096,754
1,NORMA-19631,755
1,NORMA-11655,756
1,NORMA-2066,757
1,NORMA-21219,758
1,NORMA-1239,759
1,NORMA-1998,760
1,NORMA-19518,761
1,NORMA-19634,762
1,NORMA-11759,763
1,NORMA-7280,764
1,NORMA-19770,765
1,NORMA-20371,766
1,NORMA-18295,767
1,NORMA-7196,768
1,NORMA-19354,769
1,NORMA-6442,770
1,NORMA-22281,771
1,NORMA-21326,772
1,NORMA-18275,773
1,NORMA-20716,774
1,NORMA-20885,775
1,NORMA-19791,776
1,NORMA-20963,777
1,NORMA-19825,778
1,NORMA-19948,779
1,NORMA-20112,780
1,NORMA-20436,781
1,NORMA-23301,782
1,NORMA-20585,783
1,NORMA-21305,784
1,NORMA-18430,785
1,NORMA-18720,786
1,NORMA-21675,787
1,NORMA-10747,788
1,NORMA-60,789
1,NORMA-1283,790
1,NORMA-20250,791
1,NORMA-21391,792
1,NORMA-20269,793
1,NORMA-850,794
1,NORMA-265,795
1,NORMA-21221,796
1,NORMA-1341,797
1,NORMA-21188,798
1,NORMA-18416,799
1,NORMA-588,800
1,NORMA-19503,801
1,NORMA-20898,802
1,NORMA-19984,803
1,NORMA-18953,804
1,NORMA-19630,805
1,NORMA-21791,806
1,NORMA-20976,807
1,NORMA-4630,808
1,NORMA-9223,809
1,NORMA-19912,810
1,NORMA-6802,811
1,NORMA-4219,812
1,NORMA-19706,813
1,NORMA-21224,814
1,NORMA-18288,815
1,NORMA-14904,816
1,NORMA-20973,817
1,NORMA-5225,818
1,NORMA-18980,819
1,NORMA-19459,820
1,NORMA-461,821
1,NORMA-4954,822
1,NORMA-29261,823
1,NORMA-587,824
1,NORMA-20954,825
1,NORMA-20622,826
1,NORMA-1207,827
1,NORMA-18381,828
1,NORMA-2496,829
1,NORMA-9481,830
1,NORMA-18794,831
1,NORMA-20182,832
1,NORMA-20101,833
1,NORMA-18922,834
1,NORMA-18591,835
1,NORMA-7149,836
1,NORMA-1183,837
1,NORMA-19712,838
1,NORMA-4412,839
1,NORMA-19416,840
1,NORMA-2032,841
1,NORMA-236,842
1,NORMA-18376,843
1,NORMA-18529,844
1,NORMA-20558,845
1,NORMA-12336,846
1,NORMA-21218,847
1,NORMA-20149,848
1,NORMA-20775,849
1,NORMA-20646,850
1,NORMA-602,851
1,NORMA-20820,852
1,NORMA-13066,853
1,NORMA-19064,854
1,NORMA-21659,855
1,NORMA-21324,856
1,NORMA-727,857
1,NORMA-1406,858
1,NORMA-4105,859
1,NORMA-20322,860
1,NORMA-9835,861
1,NORMA-21093,862
1,NORMA-19497,863
1,NORMA-18992,864
1,NORMA-20295,865
1,NORMA-20611,866
1,NORMA-19597,867
1,NORMA-2076,868
1,NORMA-20630,869
1,NORMA-2519,870
1,NORMA-19540,871
1,NORMA-20565,872
1,NORMA-477,873
1,NORMA-21056,874
1,NORMA-2942,875
1,NORMA-18630,876
1,NORMA-21274,877
1,NORMA-14967,878
1,NORMA-17201,879
1,NORMA-14535,880
1,NORMA-20832,881
1,NORMA-2,882
1,NORMA-579,883
1,NORMA-20886,884
1,NORMA-1024,885
1,NORMA-20029,886
1,NORMA-20088,887
1,NORMA-412,888
1,NORMA-10461,889
1,NORMA-19507,890
1,NORMA-19583,891
1,NORMA-20895,892
1,NORMA-21005,893
1,NORMA-2554,894
1,NORMA-6019,895
1,NORMA-21318,896
1,NORMA-1573,897
1,NORMA-21725,898
1,NORMA-21447,899
1,NORMA-2069,900
1,NORMA-21482,901
1,NORMA-5280,902
1,NORMA-20376,903
1,NORMA-18631,904
1,NORMA-19408,905
1,NORMA-20796,906
1,NORMA-19844,907
1,NORMA-18527,908
1,NORMA-20925,909
1,NORMA-19461,910
1,NORMA-13864,911
1,NORMA-19308,912
1,NORMA-3646,913
1,NORMA-1474,914
1,NORMA-17221,915
1,NORMA-21751,916
1,NORMA-6062,917
1,NORMA-21524,918
1,NORMA-20086,919
1,NORMA-19257,920
1,NORMA-1613,921
1,NORMA-1334,922
1,NORMA-23521,923
1,NORMA-20628,924
1,NORMA-20102,925
1,NORMA-4818,926
1,NORMA-4832,927
1,NORMA-20050,928
1,NORMA-20090,929
1,NORMA-20708,930
1,NORMA-19913,931
1,NORMA-18815,932
1,NORMA-8774,933
1,NORMA-2269,934
1,NORMA-19992,935
1,NORMA-19359,936
1,NORMA-4588,937
1,NORMA-535,938
1,NORMA-3907,939
1,NORMA-14629,940
1,NORMA-21402,941
1,NORMA-9195,942
1,NORMA-20785,943
1,NORMA-20164,944
1,NORMA-6257,945
1,NORMA-20449,946
1,NORMA-18804,947
1,NORMA-19658,948
1,NORMA-18287,949
1,NORMA-20526,950
1,NORMA-20213,951
1,NORMA-14035,952
1,NORMA-14239,953
1,NORMA-3821,954
1,NORMA-1260,955
1,NORMA-19655,956
1,NORMA-19838,957
1,NORMA-1999,958
1,NORMA-19985,959
1,NORMA-20700,960
1,NORMA-20684,961
1,NORMA-705,962
1,NORMA-18747,963
1,NORMA-19837,964
1,NORMA-11858,965
1,NORMA-20919,966
1,NORMA-21368,967
1,NORMA-1223,968
1,NORMA-23965,969
1,NORMA-19940,970
1,NORMA-19923,971
1,NORMA-21715,972
1,NORMA-21552,973
1,NORMA-18543,974
1,NORMA-13832,975
1,NORMA-18796,976
1,NORMA-5417,977
1,NORMA-18697,978
1,NORMA-20444,979
1,NORMA-21321,980
1,NORMA-20863,981
1,NORMA-962,982
1,NORMA-20965,983
1,NORMA-13510,984
1,NORMA-2567,985
1,NORMA-19542,986
1,NORMA-18937,987
1,NORMA-14510,988
1,NORMA-13990,989
1,NORMA-21235,990
1,NORMA-20098,991
1,NORMA-2114,992
1,NORMA-20661,993
1,NORMA-8119,994
1,NORMA-21168,995
1,NORMA-18942,996
1,NORMA-2649,997
1,NORMA-10838,998
1,NORMA-18509,999
1,NORMA-16342,1000
2,NORMA-18910,1
2,NORMA-18741,2
2,NORMA-18673,3
2,NORMA-13990,4
2,NORMA-21344,5
2,NORMA-19013,6
2,NORMA-18102,7
2,NORMA-18276,8
2,NORMA-18528,9
2,NORMA-21132,10
2,NORMA-19278,11
2,NORMA-20963,12
2,NORMA-12284,13
2,NORMA-20960,14
2,NORMA-18243,15
2,NORMA-20890,16
2,NORMA-18519,17
2,NORMA-18994,18
2,NORMA-21206,19
2,NORMA-20790,20
2,NORMA-11557,21
2,NORMA-10298,22
2,NORMA-21196,23
2,NORMA-18753,24
2,NORMA-19961,25
2,NORMA-6968,26
2,NORMA-7238,27
2,NORMA-27161,28
2,NORMA-21214,29
2,NORMA-20138,30
2,NORMA-19321,31
2,NORMA-19429,32
2,NORMA-21497,33
2,NORMA-2478,34
2,NORMA-7319,35
2,NORMA-19723,36
2,NORMA-21711,37
2,NORMA-19776,38
2,NORMA-19592,39
2,NORMA-21149,40
2,NORMA-18211,41
2,NORMA-11714,42
2,NORMA-19982,43
2,NORMA-9124,44
2,NORMA-21285,45
2,NORMA-20219,46
2,NORMA-21418,47
2,NORMA-19743,48
2,NORMA-18405,49
2,NORMA-19698,50
2,NORMA-21703,51
2,NORMA-20164,52
2,NORMA-11604,53
2,NORMA-18877,54
2,NORMA-11829,55
2,NORMA-19570,56
2,NORMA-13402,57
2,NORMA-11975,58
2,NORMA-19808,59
2,NORMA-18944,60
2,NORMA-20845,61
2,NORMA-11517,62
2,NORMA-18365,63
2,NORMA-11565,64
2,NORMA-18723,65
2,NORMA-16402,66
2,NORMA-21041,67
2,NORMA-20491,68
2,NORMA-11723,69
2,NORMA-18688,70
2,NORMA-11572,71
2,NORMA-2483,72
2,NORMA-19600,73
2,NORMA-19590,74
2,NORMA-21178,75
2,NORMA-2001,76
2,NORMA-11674,77
2,NORMA-19636,78
2,NORMA-1841,79
2,NORMA-18241,80
2,NORMA-7163,81
2,NORMA-19440,82
2,NORMA-19721,83
2,NORMA-21199,84
2,NORMA-18565,85
2,NORMA-19932,86
2,NORMA-12911,87
2,NORMA-19691,88
2,NORMA-18754,89
2,NORMA-11765,90
2,NORMA-20912,91
2,NORMA-19303,92
2,NORMA-11849,93
2,NORMA-11719,94
2,NORMA-18996,95
2,NORMA-6665,96
2,NORMA-20629,97
2,NORMA-21124,98
2,NORMA-4254,99
2,NORMA-3907,100
2,NORMA-19555,101
2,NORMA-11577,102
2,NORMA-20170,103
2,NORMA-11564,104
2,NORMA-2551,105
2,NORMA-19194,106
2,NORMA-20959,107
2,NORMA-18530,108
2,NORMA-18337,109
2,NORMA-18451,110
2,NORMA-5380,111
2,NORMA-20798,112
2,NORMA-2058,113
2,NORMA-2233,114
2,NORMA-20926,115
2,NORMA-18887,116
2,NORMA-19280,117
2,NORMA-11576,118
2,NORMA-18227,119
2,NORMA-21282,120
2,NORMA-21148,121
2,NORMA-20976,122
2,NORMA-21607,123
2,NORMA-1671,124
2,NORMA-20863,125
2,NORMA-20936,126
2,NORMA-21698,127
2,NORMA-19619,128
2,NORMA-21255,129
2,NORMA-19000,130
2,NORMA-20075,131
2,NORMA-19258,132
2,NORMA-12066,133
2,NORMA-11578,134
2,NORMA-21526,135
2,NORMA-19734,136
2,NORMA-11520,137
2,NORMA-18247,138
2,NORMA-18574,139
2,NORMA-21339,140
2,NORMA-19623,141
2,NORMA-21402,142
2,NORMA-6176,143
2,NORMA-21336,144
2,NORMA-20877,145
2,NORMA-2399,146
2,NORMA-19003,147
2,NORMA-18998,148
2,NORMA-8774,149
2,NORMA-11560,150
2,NORMA-11673,151
2,NORMA-18672,152
2,NORMA-19616,153
2,NORMA-21187,154
2,NORMA-2554,155
2,NORMA-3965,156
2,NORMA-19202,157
2,NORMA-12103,158
2,NORMA-10043,159
2,NORMA-21663,160
2,NORMA-21675,161
2,NORMA-19680,162
2,NORMA-21453,163
2,NORMA-11512,164
2,NORMA-5712,165
2,NORMA-20129,166
2,NORMA-21535,167
2,NORMA-12104,168
2,NORMA-20879,169
2,NORMA-18691,170
2,NORMA-19844,171
2,NORMA-21710,172
2,NORMA-21289,173
2,NORMA-19227,174
2,NORMA-19959,175
2,NORMA-19679,176
2,NORMA-18319,177
2,NORMA-18309,178
2,NORMA-20694,179
2,NORMA-21732,180
2,NORMA-18682,181
2,NORMA-19813,182
2,NORMA-27063,183
2,NORMA-24905,184
2,NORMA-18368,185
2,NORMA-11667,186
2,NORMA-11603,187
2,NORMA-19526,188
2,NORMA-18352,189
2,NORMA-21586,190
2,NORMA-19262,191
2,NORMA-19291,192
2,NORMA-19338,193
2,NORMA-11569,194
2,NORMA-11742,195
2,NORMA-18692,196
2,NORMA-21709,197
2,NORMA-12236,198
2,NORMA-11762,199
2,NORMA-21390,200
2,NORMA-21005,201
2,NORMA-1812,202
2,NORMA-11669,203
2,NORMA-20168,204
2,NORMA-19832,205
2,NORMA-19712,206
2,NORMA-18675,207
2,NORMA-11670,208
2,NORMA-19554,209
2,NORMA-1303,210
2,NORMA-26241,211
2,NORMA-11518,212
2,NORMA-11563,213
2,NORMA-19355,214
2,NORMA-19454,215
2,NORMA-21284,216
2,NORMA-21527,217
2,NORMA-11716,218
2,NORMA-19186,219
2,NORMA-5226,220
2,NORMA-15964,221
2,NORMA-19279,222
2,NORMA-18811,223
2,NORMA-13555,224
2,NORMA-21332,225
2,NORMA-21759,226
2,NORMA-11101,227
2,NORMA-11473,228
2,NORMA-3777,229
2,NORMA-19985,230
2,NORMA-14744,231
2,NORMA-20222,232
2,NORMA-12739,233
2,NORMA-19437,234
2,NORMA-19513,235
2,NORMA-18250,236
2,NORMA-12249,237
2,NORMA-12490,238
2,NORMA-19979,239
2,NORMA-11666,240
2,NORMA-21679,241
2,NORMA-12048,242
2,NORMA-19938,243
2,NORMA-11137,244
2,NORMA-11524,245
2,NORMA-19498,246
2,NORMA-11346,247
2,NORMA-11602,248
2,NORMA-21821,249
2,NORMA-3589,250
2,NORMA-18520,251
2,NORMA-20683,252
2,NORMA-18254,253
2,NORMA-11671,254
2,NORMA-21649,255
2,NORMA-11516,256
2,NORMA-18636,257
2,NORMA-19223,258
2,NORMA-21195,259
2,NORMA-19240,260
2,NORMA-9481,261
2,NORMA-11718,262
2,NORMA-21123,263
2,NORMA-21680,264
2,NORMA-11758,265
2,NORMA-20063,266
2,NORMA-3821,267
2,NORMA-20712,268
2,NORMA-21465,269
2,NORMA-21761,270
2,NORMA-11087,271
2,NORMA-12246,272
2,NORMA-6242,273
2,NORMA-14613,274
2,NORMA-6622,275
2,NORMA-18346,276
2,NORMA-18962,277
2,NORMA-18733,278
2,NORMA-21638,279
2,NORMA-19106,280
2,NORMA-19057,281
2,NORMA-11862,282
2,NORMA-19483,283
2,NORMA-21509,284
2,NORMA-18793,285
2,NORMA-11567,286
2,NORMA-9455,287
2,NORMA-18775,288
2,NORMA-19345,289
2,NORMA-11558,290
2,NORMA-2376,291
2,NORMA-3820,292
2,NORMA-1445,293
2,NORMA-21528,294
2,NORMA-20901,295
2,NORMA-20990,296
2,NORMA-29062,297
2,NORMA-20907,298
2,NORMA-19441,299
2,NORMA-28221,300
2,NORMA-21314,301
2,NORMA-19558,302
2,NORMA-19182,303
2,NORMA-12063,304
2,NORMA-18999,305
2,NORMA-10565,306
2,NORMA-11556,307
2,NORMA-13345,308
2,NORMA-5372,309
2,NORMA-21487,310
2,NORMA-21793,311
2,NORMA-14850,312
2,NORMA-20582,313
2,NORMA-14813,314
2,NORMA-21555,315
2,NORMA-4588,316
2,NORMA-11831,317
2,NORMA-2105,318
2,NORMA-19505,319
2,NORMA-19553,320
2,NORMA-19072,321
2,NORMA-11525,322
2,NORMA-18817,323
2,NORMA-19627,324
2,NORMA-19124,325
2,NORMA-27363,326
2,NORMA-19354,327
2,NORMA-19896,328
2,NORMA-20893,329
2,NORMA-14090,330
2,NORMA-2218,331
2,NORMA-6051,332
2,NORMA-18934,333
2,NORMA-19629,334
2,NORMA-10925,335
2,NORMA-7556,336
2,NORMA-21678,337
2,NORMA-11976,338
2,NORMA-11771,339
2,NORMA-19191,340
2,NORMA-26804,341
2,NORMA-9237,342
2,NORMA-18756,343
2,NORMA-21531,344
2,NORMA-11712,345
2,NORMA-20139,346
2,NORMA-18878,347
2,NORMA-18725,348
2,NORMA-10365,349
2,NORMA-20223,350
2,NORMA-19640,351
2,NORMA-20043,352
2,NORMA-10429,353
2,NORMA-14858,354
2,NORMA-21013,355
2,NORMA-18935,356
2,NORMA-18617,357
2,NORMA-18742,358
2,NORMA-18251,359
2,NORMA-11523,360
2,NORMA-1720,361
2,NORMA-20795,362
2,NORMA-19518,363
2,NORMA-11574,364
2,NORMA-1515,365
2,NORMA-20598,366
2,NORMA-211,367
2,NORMA-11767,368
2,NORMA-11791,369
2,NORMA-19461,370
2,NORMA-19346,371
2,NORMA-19427,372
2,NORMA-21490,373
2,NORMA-19821,374
2,NORMA-11571,375
2,NORMA-20308,376
2,NORMA-21594,377
2,NORMA-11477,378
2,NORMA-19525,379
2,NORMA-19971,380
2,NORMA-21091,381
2,NORMA-19900,382
2,NORMA-23361,383
2,NORMA-11793,384
2,NORMA-11562,385
2,NORMA-21269,386
2,NORMA-11672,387
2,NORMA-11513,388
2,NORMA-6134,389
2,NORMA-890,390
2,NORMA-11790,391
2,NORMA-12094,392
2,NORMA-21392,393
2,NORMA-21295,394
2,NORMA-13912,395
2,NORMA-21580,396
2,NORMA-11621,397
2,NORMA-18744,398
2,NORMA-21651,399
2,NORMA-12052,400
2,NORMA-2473,401
2,NORMA-20058,402
2,NORMA-21326,403
2,NORMA-21127,404
2,NORMA-11733,405
2,NORMA-19584,406
2,NORMA-19469,407
2,NORMA-19486,408
2,NORMA-21409,409
2,NORMA-21706,410
2,NORMA-23341,411
2,NORMA-19914,412
2,NORMA-18397,413
2,NORMA-21794,414
2,NORMA-19356,415
2,NORMA-21439,416
2,NORMA-11768,417
2,NORMA-19589,418
2,NORMA-12361,419
2,NORMA-6252,420
2,NORMA-22862,421
2,NORMA-19490,422
2,NORMA-15068,423
2,NORMA-20687,424
2,NORMA-18660,425
2,NORMA-19033,426
2,NORMA-20720,427
2,NORMA-20948,428
2,NORMA-14847,429
2,NORMA-21151,430
2,NORMA-19385,431
2,NORMA-21394,432
2,NORMA-660,433
2,NORMA-11772,434
2,NORMA-19222,435
2,NORMA-802,436
2,NORMA-14529,437
2,NORMA-21355,438
2,NORMA-12247,439
2,NORMA-2542,440
2,NORMA-18213,441
2,NORMA-20761,442
2,NORMA-11598,443
2,NORMA-3855,444
2,NORMA-12237,445
2,NORMA-19972,446
2,NORMA-21627,447
2,NORMA-21443,448
2,NORMA-12030,449
2,NORMA-15334,450
2,NORMA-18767,451
2,NORMA-20903,452
2,NORMA-14654,453
2,NORMA-13610,454
2,NORMA-10787,455
2,NORMA-18351,456
2,NORMA-9835,457
2,NORMA-20973,458
2,NORMA-2583,459
2,NORMA-19948,460
2,NORMA-4700,461
2,NORMA-12159,462
2,NORMA-21452,463
2,NORMA-19827,464
2,NORMA-14967,465
2,NORMA-19200,466
2,NORMA-9497,467
2,NORMA-18695,468
2,NORMA-1438,469
2,NORMA-18416,470
2,NORMA-1114,471
2,NORMA-21745,472
2,NORMA-18311,473
2,NORMA-21554,474
2,NORMA-24941,475
2,NORMA-5348,476
2,NORMA-9646,477
2,NORMA-19648,478
2,NORMA-21047,479
2,NORMA-21387,480
2,NORMA-21617,481
2,NORMA-11559,482
2,NORMA-21758,483
2,NORMA-18347,484
2,NORMA-1541,485
2,NORMA-13715,486
2,NORMA-21416,487
2,NORMA-19256,488
2,NORMA-21031,489
2,NORMA-19136,490
2,NORMA-14085,491
2,NORMA-21155,492
2,NORMA-18354,493
2,NORMA-11597,494
2,NORMA-19507,495
2,NORMA-13664,496
2,NORMA-10331,497
2,NORMA-7401,498
2,NORMA-15107,499
2,NORMA-21280,500
2,NORMA-7621,501
2,NORMA-11521,502
2,NORMA-570,503
2,NORMA-19261,504
2,NORMA-11511,505
2,NORMA-18323,506
2,NORMA-20651,507
2,NORMA-11857,508
2,NORMA-20277,509
2,NORMA-21277,510
2,NORMA-11830,511
2,NORMA-6679,512
2,NORMA-9958,513
2,NORMA-21233,514
2,NORMA-20851,515
2,NORMA-20067,516
2,NORMA-10154,517
2,NORMA-24885,518
2,NORMA-13009,519
2,NORMA-21108,520
2,NORMA-12582,521
2,NORMA-6740,522
2,NORMA-21400,523
2,NORMA-18991,524
2,NORMA-2207,525
2,NORMA-20815,526
2,NORMA-11776,527
2,NORMA-6743,528
2,NORMA-19299,529
2,NORMA-19054,530
2,NORMA-18361,531
2,NORMA-18362,532
2,NORMA-18496,533
2,NORMA-21637,534
2,NORMA-15802,535
2,NORMA-18275,536
2,NORMA-21788,537
2,NORMA-25723,538
2,NORMA-9333,539
2,NORMA-21578,540
2,NORMA-1100,541
2,NORMA-18240,542
2,NORMA-18400,543
2,NORMA-19700,544
2,NORMA-18420,545
2,NORMA-19082,546
2,NORMA-19804,547
2,NORMA-1607,548
2,NORMA-18970,549
2,NORMA-11722,550
2,NORMA-21740,551
2,NORMA-18230,552
2,NORMA-19307,553
2,NORMA-2190,554
2,NORMA-19382,555
2,NORMA-6411,556
2,NORMA-21659,557
2,NORMA-18463,558
2,NORMA-27262,559
2,NORMA-11611,560
2,NORMA-20185,561
2,NORMA-12912,562
2,NORMA-11144,563
2,NORMA-18267,564
2,NORMA-19268,565
2,NORMA-20302,566
2,NORMA-18327,567
2,NORMA-21306,568
2,NORMA-11710,569
2,NORMA-2104,570
2,NORMA-18693,571
2,NORMA-11920,572
2,NORMA-554,573
2,NORMA-25884,574
2,NORMA-19373,575
2,NORMA-6171,576
2,NORMA-11717,577
2,NORMA-4791,578
2,NORMA-11875,579
2,NORMA-7094,580
2,NORMA-11515,581
2,NORMA-1192,582
2,NORMA-5292,583
2,NORMA-14583,584
2,NORMA-20969,585
2,NORMA-11566,586
2,NORMA-11872,587
2,NORMA-18252,588
2,NORMA-21173,589
2,NORMA-19577,590
2,NORMA-19246,591
2,NORMA-11946,592
2,NORMA-21682,593
2,NORMA-20887,594
2,NORMA-27384,595
2,NORMA-19241,596
2,NORMA-11993,597
2,NORMA-5371,598
2,NORMA-11913,599
2,NORMA-13472,600
2,NORMA-5142,601
2,NORMA-19606,602
2,NORMA-21422,603
2,NORMA-19780,604
2,NORMA-19489,605
2,NORMA-19894,606
2,NORMA-21302,607
2,NORMA-10434,608
2,NORMA-11866,609
2,NORMA-7392,610
2,NORMA-6177,611
2,NORMA-3483,612
2,NORMA-2529,613
2,NORMA-19134,614
2,NORMA-27062,615
2,NORMA-12026,616
2,NORMA-20705,617
2,NORMA-2060,618
2,NORMA-15221,619
2,NORMA-18626,620
2,NORMA-4195,621
2,NORMA-9572,622
2,NORMA-11921,623
2,NORMA-28802,624
2,NORMA-19765,625
2,NORMA-3852,626
2,NORMA-12031,627
2,NORMA-19514,628
2,NORMA-12235,629
2,NORMA-12197,630
2,NORMA-11620,631
2,NORMA-19771,632
2,NORMA-18918,633
2,NORMA-5751,634
2,NORMA-18341,635
2,NORMA-19078,636
2,NORMA-14281,637
2,NORMA-21389,638
2,NORMA-19272,639
2,NORMA-20108,640
2,NORMA-21463,641
2,NORMA-19909,642
2,NORMA-21064,643
2,NORMA-19622,644
2,NORMA-21748,645
2,NORMA-24621,646
2,NORMA-21688,647
2,NORMA-12172,648
2,NORMA-9799,649
2,NORMA-10920,650
2,NORMA-19281,651
2,NORMA-1447,652
2,NORMA-5480,653
2,NORMA-27221,654
2,NORMA-11668,655
2,NORMA-13952,656
2,NORMA-21564,657
2,NORMA-18745,658
2,NORMA-19161,659
2,NORMA-12055,660
2,NORMA-13883,661
2,NORMA-14429,662
2,NORMA-220,663
2,NORMA-19583,664
2,NORMA-11663,665
2,NORMA-21330,666
2,NORMA-25722,667
2,NORMA-15060,668
2,NORMA-1452,669
2,NORMA-28523,670
2,NORMA-21301,671
2,NORMA-18940,672
2,NORMA-27366,673
2,NORMA-11633,674
2,NORMA-18584,675
2,NORMA-18847,676
2,NORMA-19030,677
2,NORMA-19448,678
2,NORMA-19348,679
2,NORMA-11759,680
2,NORMA-209,681
2,NORMA-20163,682
2,NORMA-461,683
2,NORMA-19255,684
2,NORMA-12019,685
2,NORMA-2470,686
2,NORMA-11686,687
2,NORMA-19645,688
2,NORMA-21281,689
2,NORMA-26881,690
2,NORMA-999,691
2,NORMA-18755,692
2,NORMA-3579,693
2,NORMA-20023,694
2,NORMA-11278,695
2,NORMA-4846,696
2,NORMA-17281,697
2,NORMA-19744,698
2,NORMA-11233,699
2,NORMA-2383,700
2,NORMA-11721,701
2,NORMA-18621,702
2,NORMA-18696,703
2,NORMA-19663,704
2,NORMA-19393,705
2,NORMA-11854,706
2,NORMA-21715,707
2,NORMA-19655,708
2,NORMA-18979,709
2,NORMA-10140,710
2,NORMA-11475,711
2,NORMA-15049,712
2,NORMA-20766,713
2,NORMA-21190,714
2,NORMA-19763,715
2,NORMA-18229,716
2,NORMA-12017,717
2,NORMA-19038,718
2,NORMA-18349,719
2,NORMA-19547,720
2,NORMA-11679,721
2,NORMA-18499,722
2,NORMA-19129,723
2,NORMA-18771,724
2,NORMA-9856,725
2,NORMA-19014,726
2,NORMA-21401,727
2,NORMA-11600,728
2,NORMA-19353,729
2,NORMA-28981,730
2,NORMA-19682,731
2,NORMA-12314,732
2,NORMA-19674,733
2,NORMA-3824,734
2,NORMA-18764,735
2,NORMA-13586,736
2,NORMA-19372,737
2,NORMA-14688,738
2,NORMA-21714,739
2,NORMA-18531,740
2,NORMA-11876,741
2,NORMA-4084,742
2,NORMA-20731,743
2,NORMA-21519,744
2,NORMA-9626,745
2,NORMA-21664,746
2,NORMA-8269,747
2,NORMA-4102,748
2,NORMA-20961,749
2,NORMA-6128,750
2,NORMA-3690,751
2,NORMA-20891,752
2,NORMA-26263,753
2,NORMA-19029,754
2,NORMA-10473,755
2,NORMA-11804,756
2,NORMA-19657,757
2,NORMA-2523,758
2,NORMA-14029,759
2,NORMA-20930,760
2,NORMA-6753,761
2,NORMA-515,762
2,NORMA-11877,763
2,NORMA-27565,764
2,NORMA-18228,765
2,NORMA-18555,766
2,NORMA-20221,767
2,NORMA-18635,768
2,NORMA-19032,769
2,NORMA-19324,770
2,NORMA-4636,771
2,NORMA-13919,772
2,NORMA-11805,773
2,NORMA-18343,774
2,NORMA-18498,775
2,NORMA-18830,776
2,NORMA-15229,777
2,NORMA-4583,778
2,NORMA-6702,779
2,NORMA-13116,780
2,NORMA-14974,781
2,NORMA-19831,782
2,NORMA-19386,783
2,NORMA-19758,784
2,NORMA-1248,785
2,NORMA-4162,786
2,NORMA-4171,787
2,NORMA-8575,788
2,NORMA-21351,789
2,NORMA-21744,790
2,NORMA-14113,791
2,NORMA-11769,792
2,NORMA-11505,793
2,NORMA-9078,794
2,NORMA-16424,795
2,NORMA-12350,796
2,NORMA-18533,797
2,NORMA-18750,798
2,NORMA-19750,799
2,NORMA-1998,800
2,NORMA-14553,801
2,NORMA-985,802
2,NORMA-2362,803
2,NORMA-19027,804
2,NORMA-11613,805
2,NORMA-18869,806
2,NORMA-3662,807
2,NORMA-11799,808
2,NORMA-21615,809
2,NORMA-19228,810
2,NORMA-4003,811
2,NORMA-12160,812
2,NORMA-9737,813
2,NORMA-13329,814
2,NORMA-19401,815
2,NORMA-27044,816
2,NORMA-10534,817
2,NORMA-21529,818
2,NORMA-8201,819
2,NORMA-11796,820
2,NORMA-19630,821
2,NORMA-12347,822
2,NORMA-18824,823
2,NORMA-2446,824
2,NORMA-19047,825
2,NORMA-6198,826
2,NORMA-4477,827
2,NORMA-27045,828
2,NORMA-20873,829
2,NORMA-2003,830
2,NORMA-772,831
2,NORMA-21084,832
2,NORMA-4515,833
2,NORMA-2119,834
2,NORMA-19065,835
2,NORMA-19305,836
2,NORMA-18625,837
2,NORMA-14054,838
2,NORMA-21445,839
2,NORMA-1545,840
2,NORMA-14570,841
2,NORMA-2587,842
2,NORMA-9959,843
2,NORMA-11770,844
2,NORMA-15029,845
2,NORMA-12107,846
2,NORMA-19100,847
2,NORMA-11107,848
2,NORMA-18294,849
2,NORMA-21154,850
2,NORMA-9072,851
2,NORMA-1164,852
2,NORMA-19326,853
2,NORMA-19293,854
2,NORMA-21230,855
2,NORMA-1295,856
2,NORMA-11551,857
2,NORMA-19901,858
2,NORMA-19495,859
2,NORMA-9393,860
2,NORMA-18573,861
2,NORMA-12020,862
2,NORMA-13218,863
2,NORMA-31903,864
2,NORMA-3854,865
2,NORMA-18631,866
2,NORMA-20871,867
2,NORMA-21643,868
2,NORMA-10462,869
2,NORMA-20974,870
2,NORMA-10219,871
2,NORMA-18893,872
2,NORMA-18870,873
2,NORMA-21447,874
2,NORMA-9862,875
2,NORMA-19323,876
2,NORMA-7194,877
2,NORMA-7488,878
2,NORMA-11292,879
2,NORMA-11607,880
2,NORMA-11729,881
2,NORMA-18835,882
2,NORMA-14235,883
2,NORMA-2185,884
2,NORMA-19833,885
2,NORMA-18328,886
2,NORMA-1667,887
2,NORMA-20079,888
2,NORMA-21655,889
2,NORMA-19697,890
2,NORMA-20300,891
2,NORMA-20049,892
2,NORMA-13470,893
2,NORMA-10999,894
2,NORMA-20933,895
2,NORMA-10538,896
2,NORMA-799,897
2,NORMA-5492,898
2,NORMA-10931,899
2,NORMA-6514,900
2,NORMA-19515,901
2,NORMA-19160,902
2,NORMA-483,903
2,NORMA-11806,904
2,NORMA-20269,905
2,NORMA-21270,906
2,NORMA-14982,907
2,NORMA-27563,908
2,NORMA-595,909
2,NORMA-12170,910
2,NORMA-8767,911
2,NORMA-25645,912
2,NORMA-25101,913
2,NORMA-18896,914
2,NORMA-3510,915
2,NORMA-1446,916
2,NORMA-2490,917
2,NORMA-16462,918
2,NORMA-11950,919
2,NORMA-1277,920
2,NORMA-11606,921
2,NORMA-21141,922
2,NORMA-19188,923
2,NORMA-19328,924
2,NORMA-19722,925
2,NORMA-14055,926
2,NORMA-6643,927
2,NORMA-12045,928
2,NORMA-18269,929
2,NORMA-18720,930
2,NORMA-18888,931
2,NORMA-6329,932
2,NORMA-20771,933
2,NORMA-941,934
2,NORMA-17542,935
2,NORMA-18315,936
2,NORMA-19327,937
2,NORMA-10347,938
2,NORMA-4539,939
2,NORMA-21209,940
2,NORMA-18458,941
2,NORMA-1217,942
2,NORMA-10027,943
2,NORMA-19197,944
2,NORMA-1485,945
2,NORMA-19705,946
2,NORMA-9647,947
2,NORMA-19930,948
2,NORMA-10675,949
2,NORMA-21641,950
2,NORMA-21660,951
2,NORMA-8763,952
2,NORMA-12631,953
2,NORMA-11853,954
2,NORMA-8613,955
2,NORMA-13011,956
2,NORMA-1713,957
2,NORMA-7676,958
2,NORMA-19176,959
2,NORMA-13914,960
2,NORMA-2455,961
2,NORMA-20060,962
2,NORMA-21433,963
2,NORMA-2378,964
2,NORMA-11526,965
2,NORMA-21444,966
2,NORMA-21538,967
2,NORMA-12992,968
2,NORMA-19351,969
2,NORMA-19077,970
2,NORMA-11827,971
2,NORMA-11665,972
2,NORMA-11850,973
2,NORMA-12035,974
2,NORMA-19462,975
2,NORMA-3482,976
2,NORMA-2415,977
2,NORMA-21681,978
2,NORMA-20086,979
2,NORMA-27581,980
2,NORMA-24102,981
2,NORMA-11901,982
2,NORMA-19916,983
2,NORMA-21022,984
2,NORMA-8206,985
2,NORMA-19164,986
2,NORMA-20051,987
2,NORMA-19455,988
2,NORMA-21407,989
2,NORMA-4804,990
2,NORMA-20747,991
2,NORMA-11836,992
2,NORMA-12049,993
2,NORMA-19175,994
2,NORMA-4765,995
2,NORMA-18546,996
2,NORMA-12144,997
2,NORMA-18674,998
2,NORMA-9738,999
2,NORMA-21274,1000
3,NORMA-1826,1
3,NORMA-20604,2
3,NORMA-18226,3
3,NORMA-20576,4
3,NORMA-1366,5
3,NORMA-20252,6
3,NORMA-18478,7
3,NORMA-19731,8
3,NORMA-20571,9
3,NORMA-20871,10
3,NORMA-754,11
3,NORMA-1671,12
3,NORMA-20251,13
3,NORMA-20572,14
3,NORMA-54,15
3,NORMA-20677,16
3,NORMA-2183,17
3,NORMA-20594,18
3,NORMA-2109,19
3,NORMA-1317,20
3,NORMA-1337,21
3,NORMA-75,22
3,NORMA-878,23
3,NORMA-20760,24
3,NORMA-20885,25
3,NORMA-19554,26
3,NORMA-217,27
3,NORMA-19354,28
3,NORMA-20567,29
3,NORMA-20164,30
3,NORMA-18542,31
3,NORMA-21758,32
3,NORMA-581,33
3,NORMA-21314,34
3,NORMA-20277,35
3,NORMA-995,36
3,NORMA-21519,37
3,NORMA-1341,38
3,NORMA-984,39
3,NORMA-19446,40
3,NORMA-19960,41
3,NORMA-2118,42
3,NORMA-711,43
3,NORMA-838,44
3,NORMA-229,45
3,NORMA-21527,46
3,NORMA-727,47
3,NORMA-2269,48
3,NORMA-20590,49
3,NORMA-21682,50
3,NORMA-26,51
3,NORMA-18796,52
3,NORMA-20873,53
3,NORMA-21339,54
3,NORMA-18325,55
3,NORMA-1013,56
3,NORMA-82,57
3,NORMA-1419,58
3,NORMA-20941,59
3,NORMA-1370,60
3,NORMA-220,61
3,NORMA-159,62
3,NORMA-19462,63
3,NORMA-594,64
3,NORMA-20701,65
3,NORMA-20753,66
3,NORMA-20573,67
3,NORMA-53,68
3,NORMA-19031,69
3,NORMA-21419,70
3,NORMA-92,71
3,NORMA-19701,72
3,NORMA-2093,73
3,NORMA-2126,74
3,NORMA-20281,75
3,NORMA-2554,76
3,NORMA-19891,77
3,NORMA-265,78
3,NORMA-655,79
3,NORMA-1141,80
3,NORMA-1024,81
3,NORMA-20599,82
3,NORMA-478,83
3,NORMA-19359,84
3,NORMA-18430,85
3,NORMA-2425,86
3,NORMA-1030,87
3,NORMA-20512,88
3,NORMA-1694,89
3,NORMA-602,90
3,NORMA-2567,91
3,NORMA-18222,92
3,NORMA-938,93
3,NORMA-837,94
3,NORMA-280,95
3,NORMA-1406,96
3,NORMA-1250,97
3,NORMA-1211,98
3,NORMA-1412,99
3,NORMA-20254,100
3,NORMA-18681,101
3,NORMA-833,102
3,NORMA-749,103
3,NORMA-21173,104
3,NORMA-1026,105
3,NORMA-292,106
3,NORMA-20828,107
3,NORMA-1991,108
3,NORMA-20851,109
3,NORMA-18859,110
3,NORMA-729,111
3,NORMA-12048,112
3,NORMA-309,113
3,NORMA-20245,114
3,NORMA-10233,115
3,NORMA-1346,116
3,NORMA-21431,117
3,NORMA-2574,118
3,NORMA-1132,119
3,NORMA-19033,120
3,NORMA-253,121
3,NORMA-20568,122
3,NORMA-2509,123
3,NORMA-2018,124
3,NORMA-962,125
3,NORMA-19249,126
3,NORMA-2542,127
3,NORMA-1388,128
3,NORMA-28181,129
3,NORMA-11631,130
3,NORMA-21537,131
3,NORMA-18630,132
3,NORMA-20556,133
3,NORMA-1995,134
3,NORMA-1535,135
3,NORMA-1137,136
3,NORMA-20948,137
3,NORMA-21035,138
3,NORMA-2415,139
3,NORMA-2503,140
3,NORMA-20189,141
3,NORMA-1113,142
3,NORMA-1442,143
3,NORMA-1776,144
3,NORMA-20800,145
3,NORMA-211,146
3,NORMA-2114,147
3,NORMA-2189,148
3,NORMA-1035,149
3,NORMA-10232,150
3,NORMA-19766,151
3,NORMA-2184,152
3,NORMA-2032,153
3,NORMA-1510,154
3,NORMA-587,155
3,NORMA-4569,156
3,NORMA-19849,157
3,NORMA-11598,158
3,NORMA-1098,159
3,NORMA-850,160
3,NORMA-21626,161
3,NORMA-2426,162
3,NORMA-1332,163
3,NORMA-1033,164
3,NORMA-834,165
3,NORMA-2144,166
3,NORMA-1398,167
3,NORMA-1512,168
3,NORMA-15902,169
3,NORMA-178,170
3,NORMA-19556,171
3,NORMA-1298,172
3,NORMA-20557,173
3,NORMA-21525,174
3,NORMA-778,175
3,NORMA-588,176
3,NORMA-21521,177
3,NORMA-358,178
3,NORMA-143,179
3,NORMA-19220,180
3,NORMA-1603,181
3,NORMA-18958,182
3,NORMA-5978,183
3,NORMA-664,184
3,NORMA-19092,185
3,NORMA-1988,186
3,NORMA-20624,187
3,NORMA-21326,188
3,NORMA-1144,189
3,NORMA-1088,190
3,NORMA-2066,191
3,NORMA-1649,192
3,NORMA-2176,193
3,NORMA-19200,194
3,NORMA-21175,195
3,NORMA-232,196
3,NORMA-1092,197
3,NORMA-21315,198
3,NORMA-2083,199
3,NORMA-19417,200
3,NORMA-2058,201
3,NORMA-11714,202
3,NORMA-228,203
3,NORMA-607,204
3,NORMA-122,205
3,NORMA-1334,206
3,NORMA-18984,207
3,NORMA-19051,208
3,NORMA-7432,209
3,NORMA-20976,210
3,NORMA-332,211
3,NORMA-3201,212
3,NORMA-19128,213
3,NORMA-2057,214
3,NORMA-19696,215
3,NORMA-2158,216
3,NORMA-250,217
3,NORMA-631,218
3,NORMA-17201,219
3,NORMA-20029,220
3,NORMA-1663,221
3,NORMA-1223,222
3,NORMA-205,223
3,NORMA-21550,224
3,NORMA-11665,225
3,NORMA-11205,226
3,NORMA-1983,227
3,NORMA-21115,228
3,NORMA-18893,229
3,NORMA-875,230
3,NORMA-20944,231
3,NORMA-2453,232
3,NORMA-5012,233
3,NORMA-144,234
3,NORMA-2009,235
3,NORMA-19486,236
3,NORMA-21114,237
3,NORMA-2395,238
3,NORMA-20215,239
3,NORMA-19383,240
3,NORMA-19809,241
3,NORMA-595,242
3,NORMA-251,243
3,NORMA-7446,244
3,NORMA-19096,245
3,NORMA-1408,246
3,NORMA-18879,247
3,NORMA-473,248
3,NORMA-567,249
3,NORMA-20246,250
3,NORMA-2727,251
3,NORMA-20428,252
3,NORMA-12234,253
3,NORMA-943,254
3,NORMA-20566,255
3,NORMA-20621,256
3,NORMA-2484,257
3,NORMA-12014,258
3,NORMA-558,259
3,NORMA-479,260
3,NORMA-966,261
3,NORMA-19666,262
3,NORMA-818,263
3,NORMA-4092,264
3,NORMA-20770,265
3,NORMA-224,266
3,NORMA-2508,267
3,NORMA-18333,268
3,NORMA-1256,269
3,NORMA-903,270
3,NORMA-2531,271
3,NORMA-996,272
3,NORMA-1217,273
3,NORMA-1283,274
3,NORMA-208,275
3,NORMA-6215,276
3,NORMA-7606,277
3,NORMA-11999,278
3,NORMA-19373,279
3,NORMA-12228,280
3,NORMA-34,281
3,NORMA-20336,282
3,NORMA-20451,283
3,NORMA-1044,284
3,NORMA-2496,285
3,NORMA-871,286
3,NORMA-19275,287
3,NORMA-2180,288
3,NORMA-863,289
3,NORMA-2095,290
3,NORMA-4472,291
3,NORMA-712,292
3,NORMA-2444,293
3,NORMA-680,294
3,NORMA-19164,295
3,NORMA-2389,296
3,NORMA-703,297
3,NORMA-19803,298
3,NORMA-18603,299
3,NORMA-72,300
3,NORMA-2067,301
3,NORMA-666,302
3,NORMA-252,303
3,NORMA-978,304
3,NORMA-781,305
3,NORMA-18546,306
3,NORMA-20220,307
3,NORMA-207,308
3,NORMA-20923,309
3,NORMA-4539,310
3,NORMA-736,311
3,NORMA-19230,312
3,NORMA-2089,313
3,NORMA-5514,314
3,NORMA-21152,315
3,NORMA-1945,316
3,NORMA-21156,317
3,NORMA-21204,318
3,NORMA-18580,319
3,NORMA-2519,320
3,NORMA-21025,321
3,NORMA-21299,322
3,NORMA-21036,323
3,NORMA-2056,324
3,NORMA-19257,325
3,NORMA-1188,326
3,NORMA-20468,327
3,NORMA-20183,328
3,NORMA-209,329
3,NORMA-18931,330
3,NORMA-20919,331
3,NORMA-12005,332
3,NORMA-2490,333
3,NORMA-1147,334
3,NORMA-6630,335
3,NORMA-4420,336
3,NORMA-19369,337
3,NORMA-19676,338
3,NORMA-19825,339
3,NORMA-11572,340
3,NORMA-20137,341
3,NORMA-865,342
3,NORMA-6181,343
3,NORMA-77,344
3,NORMA-475,345
3,NORMA-20192,346
3,NORMA-11780,347
3,NORMA-2517,348
3,NORMA-6316,349
3,NORMA-674,350
3,NORMA-12035,351
3,NORMA-1545,352
3,NORMA-21169,353
3,NORMA-2399,354
3,NORMA-6060,355
3,NORMA-573,356
3,NORMA-1362,357
3,NORMA-19014,358
3,NORMA-188,359
3,NORMA-21496,360
3,NORMA-705,361
3,NORMA-18981,362
3,NORMA-19233,363
3,NORMA-20443,364
3,NORMA-1641,365
3,NORMA-819,366
3,NORMA-4793,367
3,NORMA-20206,368
3,NORMA-3579,369
3,NORMA-21367,370
3,NORMA-20856,371
3,NORMA-1090,372
3,NORMA-222,373
3,NORMA-835,374
3,NORMA-20515,375
3,NORMA-18506,376
3,NORMA-18359,377
3,NORMA-19724,378
3,NORMA-12015,379
3,NORMA-5013,380
3,NORMA-6967,381
3,NORMA-1516,382
3,NORMA-2157,383
3,NORMA-281,384
3,NORMA-19866,385
3,NORMA-21113,386
3,NORMA-21081,387
3,NORMA-18797,388
3,NORMA-385,389
3,NORMA-19028,390
3,NORMA-1720,391
3,NORMA-11758,392
3,NORMA-21147,393
3,NORMA-18411,394
3,NORMA-2473,395
3,NORMA-20970,396
3,NORMA-18788,397
3,NORMA-1173,398
3,NORMA-2447,399
3,NORMA-1212,400
3,NORMA-247,401
3,NORMA-12006,402
3,NORMA-11735,403
3,NORMA-6813,404
3,NORMA-2432,405
3,NORMA-552,406
3,NORMA-18891,407
3,NORMA-9596,408
3,NORMA-1006,409
3,NORMA-783,410
3,NORMA-1987,411
3,NORMA-21427,412
3,NORMA-2188,413
3,NORMA-534,414
3,NORMA-20773,415
3,NORMA-1143,416
3,NORMA-20258,417
3,NORMA-20403,418
3,NORMA-19122,419
3,NORMA-21069,420
3,NORMA-20940,421
3,NORMA-20971,422
3,NORMA-215,423
3,NORMA-20580,424
3,NORMA-4090,425
3,NORMA-19152,426
3,NORMA-20241,427
3,NORMA-18286,428
3,NORMA-261,429
3,NORMA-2583,430
3,NORMA-6575,431
3,NORMA-20834,432
3,NORMA-1788,433
3,NORMA-560,434
3,NORMA-20483,435
3,NORMA-20706,436
3,NORMA-1648,437
3,NORMA-1342,438
3,NORMA-1291,439
3,NORMA-535,440
3,NORMA-12049,441
3,NORMA-19841,442
3,NORMA-11614,443
3,NORMA-20616,444
3,NORMA-19916,445
3,NORMA-870,446
3,NORMA-21199,447
3,NORMA-19465,448
3,NORMA-12002,449
3,NORMA-17221,450
3,NORMA-18406,451
3,NORMA-19893,452
3,NORMA-20253,453
3,NORMA-19684,454
3,NORMA-1713,455
3,NORMA-464,456
3,NORMA-1002,457
3,NORMA-976,458
3,NORMA-28203,459
3,NORMA-1199,460
3,NORMA-2660,461
3,NORMA-20305,462
3,NORMA-1607,463
3,NORMA-889,464
3,NORMA-477,465
3,NORMA-1353,466
3,NORMA-7110,467
3,NORMA-751,468
3,NORMA-24,469
3,NORMA-20625,470
3,NORMA-6214,471
3,NORMA-19842,472
3,NORMA-1009,473
3,NORMA-18549,474
3,NORMA-2558,475
3,NORMA-11578,476
3,NORMA-19106,477
3,NORMA-19140,478
3,NORMA-15004,479
3,NORMA-20270,480
3,NORMA-12232,481
3,NORMA-644,482
3,NORMA-19185,483
3,NORMA-19853,484
3,NORMA-8774,485
3,NORMA-2560,486
3,NORMA-20175,487
3,NORMA-777,488
3,NORMA-20938,489
3,NORMA-4178,490
3,NORMA-21143,491
3,NORMA-20610,492
3,NORMA-4913,493
3,NORMA-2568,494
3,NORMA-357,495
3,NORMA-21267,496
3,NORMA-21760,497
3,NORMA-1990,498
3,NORMA-3605,499
3,NORMA-11577,500
3,NORMA-503,501
3,NORMA-2014,502
3,NORMA-968,503
3,NORMA-1726,504
3,NORMA-210,505
3,NORMA-3381,506
3,NORMA-19499,507
3,NORMA-6235,508
3,NORMA-20525,509
3,NORMA-11599,510
3,NORMA-4073,511
3,NORMA-20846,512
3,NORMA-18248,513
3,NORMA-2383,514
3,NORMA-11792,515
3,NORMA-20865,516
3,NORMA-2386,517
3,NORMA-11558,518
3,NORMA-396,519
3,NORMA-20187,520
3,NORMA-20861,521
3,NORMA-893,522
3,NORMA-20961,523
3,NORMA-21725,524
3,NORMA-20208,525
3,NORMA-18432,526
3,NORMA-11518,527
3,NORMA-7205,528
3,NORMA-20261,529
3,NORMA-3671,530
3,NORMA-18804,531
3,NORMA-20754,532
3,NORMA-20899,533
3,NORMA-11517,534
3,NORMA-1621,535
3,NORMA-10375,536
3,NORMA-21070,537
3,NORMA-2371,538
3,NORMA-18376,539
3,NORMA-925,540
3,NORMA-20513,541
3,NORMA-20514,542
3,NORMA-1175,543
3,NORMA-20636,544
3,NORMA-509,545
3,NORMA-20349,546
3,NORMA-4124,547
3,NORMA-1321,548
3,NORMA-20070,549
3,NORMA-2301,550
3,NORMA-18837,551
3,NORMA-21061,552
3,NORMA-1812,553
3,NORMA-10295,554
3,NORMA-766,555
3,NORMA-11798,556
3,NORMA-11718,557
3,NORMA-19386,558
3,NORMA-4077,559
3,NORMA-21014,560
3,NORMA-1390,561
3,NORMA-20287,562
3,NORMA-20818,563
3,NORMA-1421,564
3,NORMA-19029,565
3,NORMA-474,566
3,NORMA-2162,567
3,NORMA-9018,568
3,NORMA-20732,569
3,NORMA-4274,570
3,NORMA-18773,571
3,NORMA-1989,572
3,NORMA-17321,573
3,NORMA-19829,574
3,NORMA-20188,575
3,NORMA-1391,576
3,NORMA-2171,577
3,NORMA-20425,578
3,NORMA-5288,579
3,NORMA-16941,580
3,NORMA-2551,581
3,NORMA-21063,582
3,NORMA-5034,583
3,NORMA-2175,584
3,NORMA-21456,585
3,NORMA-21757,586
3,NORMA-19894,587
3,NORMA-20185,588
3,NORMA-2010,589
3,NORMA-20959,590
3,NORMA-12160,591
3,NORMA-15561,592
3,NORMA-1171,593
3,NORMA-12039,594
3,NORMA-3915,595
3,NORMA-18537,596
3,NORMA-21489,597
3,NORMA-5103,598
3,NORMA-21739,599
3,NORMA-3980,600
3,NORMA-20561,601
3,NORMA-21239,602
3,NORMA-4460,603
3,NORMA-6183,604
3,NORMA-19412,605
3,NORMA-969,606
3,NORMA-61,607
3,NORMA-1674,608
3,NORMA-798,609
3,NORMA-14738,610
3,NORMA-985,611
3,NORMA-3648,612
3,NORMA-248,613
3,NORMA-20096,614
3,NORMA-18740,615
3,NORMA-923,616
3,NORMA-20766,617
3,NORMA-20480,618
3,NORMA-19794,619
3,NORMA-14570,620
3,NORMA-124,621
3,NORMA-423,622
3,NORMA-1463,623
3,NORMA-18724,624
3,NORMA-3833,625
3,NORMA-1433,626
3,NORMA-11664,627
3,NORMA-18863,628
3,NORMA-278,629
3,NORMA-21153,630
3,NORMA-5290,631
3,NORMA-1295,632
3,NORMA-19798,633
3,NORMA-19651,634
3,NORMA-1965,635
3,NORMA-5035,636
3,NORMA-2005,637
3,NORMA-2069,638
3,NORMA-1369,639
3,NORMA-14280,640
3,NORMA-4071,641
3,NORMA-1416,642
3,NORMA-20633,643
3,NORMA-462,644
3,NORMA-5410,645
3,NORMA-20912,646
3,NORMA-20787,647
3,NORMA-1338,648
3,NORMA-20105,649
3,NORMA-20542,650
3,NORMA-28281,651
3,NORMA-20570,652
3,NORMA-1667,653
3,NORMA-2627,654
3,NORMA-20021,655
3,NORMA-11235,656
3,NORMA-20816,657
3,NORMA-19232,658
3,NORMA-19824,659
3,NORMA-796,660
3,NORMA-20426,661
3,NORMA-1502,662
3,NORMA-10830,663
3,NORMA-4125,664
3,NORMA-21093,665
3,NORMA-5806,666
3,NORMA-380,667
3,NORMA-3680,668
3,NORMA-20047,669
3,NORMA-20671,670
3,NORMA-11790,671
3,NORMA-1286,672
3,NORMA-2588,673
3,NORMA-20989,674
3,NORMA-11597,675
3,NORMA-18985,676
3,NORMA-19603,677
3,NORMA-20715,678
3,NORMA-20680,679
3,NORMA-11547,680
3,NORMA-12351,681
3,NORMA-20280,682
3,NORMA-19948,683
3,NORMA-20918,684
3,NORMA-2921,685
3,NORMA-883,686
3,NORMA-20238,687
3,NORMA-9271,688
3,NORMA-19808,689
3,NORMA-1586,690
3,NORMA-20149,691
3,NORMA-20850,692
3,NORMA-2024,693
3,NORMA-20397,694
3,NORMA-19593,695
3,NORMA-3779,696
3,NORMA-4588,697
3,NORMA-1966,698
3,NORMA-5955,699
3,NORMA-21099,700
3,NORMA-19800,701
3,NORMA-18353,702
3,NORMA-2569,703
3,NORMA-4072,704
3,NORMA-11560,705
3,NORMA-483,706
3,NORMA-1239,707
3,NORMA-12202,708
3,NORMA-18413,709
3,NORMA-21752,710
3,NORMA-11304,711
3,NORMA-2523,712
3,NORMA-972,713
3,NORMA-12027,714
3,NORMA-18806,715
3,NORMA-20578,716
3,NORMA-19896,717
3,NORMA-12350,718
3,NORMA-18435,719
3,NORMA-18553,720
3,NORMA-20917,721
3,NORMA-4180,722
3,NORMA-2233,723
3,NORMA-20317,724
3,NORMA-19308,725
3,NORMA-11565,726
3,NORMA-21167,727
3,NORMA-5543,728
3,NORMA-21664,729
3,NORMA-11723,730
3,NORMA-20197,731
3,NORMA-19056,732
3,NORMA-18346,733
3,NORMA-9345,734
3,NORMA-20748,735
3,NORMA-2485,736
3,NORMA-18436,737
3,NORMA-1072,738
3,NORMA-3524,739
3,NORMA-4898,740
3,NORMA-1260,741
3,NORMA-18492,742
3,NORMA-20051,743
3,NORMA-12657,744
3,NORMA-20423,745
3,NORMA-2149,746
3,NORMA-19596,747
3,NORMA-21524,748
3,NORMA-1566,749
3,NORMA-5493,750
3,NORMA-2456,751
3,NORMA-19703,752
3,NORMA-18522,753
3,NORMA-1224,754
3,NORMA-3241,755
3,NORMA-11977,756
3,NORMA-20942,757
3,NORMA-11847,758
3,NORMA-20711,759
3,NORMA-2378,760
3,NORMA-7745,761
3,NORMA-21300,762
3,NORMA-19091,763
3,NORMA-970,764
3,NORMA-20805,765
3,NORMA-21437,766
3,NORMA-20906,767
3,NORMA-10514,768
3,NORMA-618,769
3,NORMA-20764,770
3,NORMA-3473,771
3,NORMA-6048,772
3,NORMA-772,773
3,NORMA-21790,774
3,NORMA-20767,775
3,NORMA-3342,776
3,NORMA-4473,777
3,NORMA-180,778
3,NORMA-4692,779
3,NORMA-113,780
3,NORMA-14680,781
3,NORMA-31923,782
3,NORMA-18446,783
3,NORMA-20359,784
3,NORMA-1046,785
3,NORMA-20775,786
3,NORMA-6460,787
3,NORMA-6000,788
3,NORMA-11868,789
3,NORMA-675,790
3,NORMA-4015,791
3,NORMA-19034,792
3,NORMA-19380,793
3,NORMA-9320,794
3,NORMA-1960,795
3,NORMA-21567,796
3,NORMA-18798,797
3,NORMA-8931,798
3,NORMA-20768,799
3,NORMA-4691,800
3,NORMA-20750,801
3,NORMA-18308,802
3,NORMA-5036,803
3,NORMA-230,804
3,NORMA-18495,805
3,NORMA-634,806
3,NORMA-19863,807
3,NORMA-19399,808
3,NORMA-18428,809
3,NORMA-412,810
3,NORMA-1229,811
3,NORMA-1179,812
3,NORMA-11864,813
3,NORMA-2140,814
3,NORMA-19305,815
3,NORMA-1656,816
3,NORMA-20928,817
3,NORMA-4398,818
3,NORMA-21190,819
3,NORMA-5826,820
3,NORMA-11668,821
3,NORMA-76,822
3,NORMA-12107,823
3,NORMA-1609,824
3,NORMA-20043,825
3,NORMA-1475,826
3,NORMA-19528,827
3,NORMA-2529,828
3,NORMA-20793,829
3,NORMA-4017,830
3,NORMA-11511,831
3,NORMA-5298,832
3,NORMA-7926,833
3,NORMA-18479,834
3,NORMA-11857,835
3,NORMA-20186,836
3,NORMA-6389,837
3,NORMA-974,838
3,NORMA-19048,839
3,NORMA-21126,840
3,NORMA-646,841
3,NORMA-3689,842
3,NORMA-11615,843
3,NORMA-20784,844
3,NORMA-2981,845
3,NORMA-18385,846
3,NORMA-11621,847
3,NORMA-4910,848
3,NORMA-5497,849
3,NORMA-5254,850
3,NORMA-21189,851
3,NORMA-2534,852
3,NORMA-782,853
3,NORMA-21127,854
3,NORMA-20614,855
3,NORMA-578,856
3,NORMA-11328,857
3,NORMA-20366,858
3,NORMA-18499,859
3,NORMA-20579,860
3,NORMA-18247,861
3,NORMA-11473,862
3,NORMA-18240,863
3,NORMA-20934,864
3,NORMA-18250,865
3,NORMA-1129,866
3,NORMA-10180,867
3,NORMA-5475,868
3,NORMA-8225,869
3,NORMA-1138,870
3,NORMA-20973,871
3,NORMA-21568,872
3,NORMA-15013,873
3,NORMA-18309,874
3,NORMA-2536,875
3,NORMA-2478,876
3,NORMA-19625,877
3,NORMA-7123,878
3,NORMA-4686,879
3,NORMA-18498,880
3,NORMA-18291,881
3,NORMA-18306,882
3,NORMA-20836,883
3,NORMA-20260,884
3,NORMA-31904,885
3,NORMA-2483,886
3,NORMA-11920,887
3,NORMA-20422,888
3,NORMA-18356,889
3,NORMA-5137,890
3,NORMA-2417,891
3,NORMA-6631,892
3,NORMA-21366,893
3,NORMA-20849,894
3,NORMA-19597,895
3,NORMA-5541,896
3,NORMA-5051,897
3,NORMA-20194,898
3,NORMA-18747,899
3,NORMA-19507,900
3,NORMA-13923,901
3,NORMA-20307,902
3,NORMA-21523,903
3,NORMA-20046,904
3,NORMA-4300,905
3,NORMA-21180,906
3,NORMA-3967,907
3,NORMA-21052,908
3,NORMA-18799,909
3,NORMA-21268,910
3,NORMA-11520,911
3,NORMA-11467,912
3,NORMA-20724,913
3,NORMA-1380,914
3,NORMA-20180,915
3,NORMA-20460,916
3,NORMA-18393,917
3,NORMA-12019,918
3,NORMA-9043,919
3,NORMA-1573,920
3,NORMA-12165,921
3,NORMA-20837,922
3,NORMA-20839,923
3,NORMA-18637,924
3,NORMA-16743,925
3,NORMA-5258,926
3,NORMA-11872,927
3,NORMA-21305,928
3,NORMA-11845,929
3,NORMA-21249,930
3,NORMA-20476,931
3,NORMA-4423,932
3,NORMA-19955,933
3,NORMA-4694,934
3,NORMA-1534,935
3,NORMA-20796,936
3,NORMA-20376,937
3,NORMA-18952,938
3,NORMA-2137,939
3,NORMA-18901,940
3,NORMA-18494,941
3,NORMA-3633,942
3,NORMA-18339,943
3,NORMA-4756,944
3,NORMA-4414,945
3,NORMA-12236,946
3,NORMA-21135,947
3,NORMA-18684,948
3,NORMA-4693,949
3,NORMA-2199,950
3,NORMA-19586,951
3,NORMA-21414,952
3,NORMA-2181,953
3,NORMA-4132,954
3,NORMA-20673,955
3,NORMA-4297,956
3,NORMA-21309,957
3,NORMA-20184,958
3,NORMA-20292,959
3,NORMA-3594,960
3,NORMA-11771,961
3,NORMA-1407,962
3,NORMA-328,963
3,NORMA-6577,964
3,NORMA-19209,965
3,NORMA-1084,966
3,NORMA-19715,967
3,NORMA-1306,968
3,NORMA-5008,969
3,NORMA-4978,970
3,NORMA-19498,971
3,NORMA-1578,972
3,NORMA-1151,973
3,NORMA-616,974
3,NORMA-18477,975
3,NORMA-6348,976
3,NORMA-3570,977
3,NORMA-579,978
3,NORMA-20204,979
3,NORMA-2475,980
3,NORMA-21212,981
3,NORMA-20884,982
3,NORMA-2842,983
3,NORMA-2081,984
3,NORMA-20290,985
3,NORMA-5006,986
3,NORMA-4646,987
3,NORMA-6948,988
3,NORMA-3964,989
3,NORMA-18815,990
3,NORMA-19883,991
3,NORMA-20065,992
3,NORMA-21544,993
3,NORMA-18780,994
3,NORMA-20086,995
3,NORMA-21677,996
3,NORMA-18382,997
3,NORMA-14529,998
3,NORMA-21436,999
3,NORMA-11454,1000
4,NORMA-19629,1
4,NORMA-20223,2
4,NORMA-21065,3
4,NORMA-20713,4
4,NORMA-19689,5
4,NORMA-6685,6
4,NORMA-6184,7
4,NORMA-19705,8
4,NORMA-18238,9
4,NORMA-21075,10
4,NORMA-13797,11
4,NORMA-19616,12
4,NORMA-20702,13
4,NORMA-20730,14
4,NORMA-20704,15
4,NORMA-19590,16
4,NORMA-20729,17
4,NORMA-20248,18
4,NORMA-18670,19
4,NORMA-20299,20
4,NORMA-18427,21
4,NORMA-21669,22
4,NORMA-19326,23
4,NORMA-20645,24
4,NORMA-20890,25
4,NORMA-21585,26
4,NORMA-21187,27
4,NORMA-20058,28
4,NORMA-20222,29
4,NORMA-20712,30
4,NORMA-6782,31
4,NORMA-20703,32
4,NORMA-23341,33
4,NORMA-9803,34
4,NORMA-21390,35
4,NORMA-21509,36
4,NORMA-19942,37
4,NORMA-18626,38
4,NORMA-20964,39
4,NORMA-21045,40
4,NORMA-20926,41
4,NORMA-28221,42
4,NORMA-21056,43
4,NORMA-19240,44
4,NORMA-21328,45
4,NORMA-19138,46
4,NORMA-18276,47
4,NORMA-18835,48
4,NORMA-20632,49
4,NORMA-21663,50
4,NORMA-21402,51
4,NORMA-19223,52
4,NORMA-12066,53
4,NORMA-11567,54
4,NORMA-19583,55
4,NORMA-19526,56
4,NORMA-20891,57
4,NORMA-6679,58
4,NORMA-21710,59
4,NORMA-3589,60
4,NORMA-4194,61
4,NORMA-18243,62
4,NORMA-21387,63
4,NORMA-18990,64
4,NORMA-20298,65
4,NORMA-19444,66
4,NORMA-20912,67
4,NORMA-19979,68
4,NORMA-18767,69
4,NORMA-18906,70
4,NORMA-19013,71
4,NORMA-20643,72
4,NORMA-6753,73
4,NORMA-21690,74
4,NORMA-20810,75
4,NORMA-21575,76
4,NORMA-19429,77
4,NORMA-21418,78
4,NORMA-7240,79
4,NORMA-20134,80
4,NORMA-21291,81
4,NORMA-20959,82
4,NORMA-19691,83
4,NORMA-2589,84
4,NORMA-20893,85
4,NORMA-21499,86
4,NORMA-21283,87
4,NORMA-14967,88
4,NORMA-6968,89
4,NORMA-18934,90
4,NORMA-8278,91
4,NORMA-21638,92
4,NORMA-11722,93
4,NORMA-15251,94
4,NORMA-15802,95
4,NORMA-21526,96
4,NORMA-18668,97
4,NORMA-18682,98
4,NORMA-19124,99
4,NORMA-21206,100
4,NORMA-23101,101
4,NORMA-20073,102
4,NORMA-18264,103
4,NORMA-27221,104
4,NORMA-20864,105
4,NORMA-21284,106
4,NORMA-11674,107
4,NORMA-18653,108
4,NORMA-20727,109
4,NORMA-20961,110
4,NORMA-1541,111
4,NORMA-20068,112
4,NORMA-14904,113
4,NORMA-18584,114
4,NORMA-21262,115
4,NORMA-19437,116
4,NORMA-13402,117
4,NORMA-18673,118
4,NORMA-10461,119
4,NORMA-17001,120
4,NORMA-13003,121
4,NORMA-13545,122
4,NORMA-5607,123
4,NORMA-19003,124
4,NORMA-18391,125
4,NORMA-9802,126
4,NORMA-18487,127
4,NORMA-3834,128
4,NORMA-20888,129
4,NORMA-11813,130
4,NORMA-11742,131
4,NORMA-13555,132
4,NORMA-4322,133
4,NORMA-21196,134
4,NORMA-919,135
4,NORMA-21497,136
4,NORMA-19782,137
4,NORMA-6720,138
4,NORMA-9206,139
4,NORMA-6719,140
4,NORMA-18574,141
4,NORMA-19512,142
4,NORMA-15068,143
4,NORMA-14347,144
4,NORMA-29202,145
4,NORMA-21423,146
4,NORMA-6702,147
4,NORMA-19518,148
4,NORMA-9010,149
4,NORMA-12043,150
4,NORMA-18368,151
4,NORMA-5164,152
4,NORMA-20694,153
4,NORMA-20302,154
4,NORMA-18380,155
4,NORMA-5792,156
4,NORMA-13222,157
4,NORMA-21144,158
4,NORMA-20692,159
4,NORMA-8018,160
4,NORMA-5432,161
4,NORMA-20613,162
4,NORMA-21269,163
4,NORMA-4767,164
4,NORMA-14858,165
4,NORMA-8096,166
4,NORMA-10267,167
4,NORMA-29261,168
4,NORMA-20262,169
4,NORMA-13991,170
4,NORMA-14779,171
4,NORMA-12347,172
4,NORMA-11921,173
4,NORMA-18843,174
4,NORMA-5136,175
4,NORMA-24361,176
4,NORMA-10785,177
4,NORMA-11602,178
4,NORMA-19610,179
4,NORMA-19924,180
4,NORMA-4492,181
4,NORMA-6346,182
4,NORMA-19592,183
4,NORMA-8931,184
4,NORMA-19278,185
4,NORMA-11855,186
4,NORMA-8208,187
4,NORMA-11799,188
4,NORMA-1170,189
4,NORMA-12739,190
4,NORMA-969,191
4,NORMA-12602,192
4,NORMA-18915,193
4,NORMA-9223,194
4,NORMA-21769,195
4,NORMA-20777,196
4,NORMA-21389,197
4,NORMA-18294,198
4,NORMA-12103,199
4,NORMA-2057,200
4,NORMA-19927,201
4,NORMA-9049,202
4,NORMA-13591,203
4,NORMA-19641,204
4,NORMA-25041,205
4,NORMA-11454,206
4,NORMA-745,207
4,NORMA-19972,208
4,NORMA-19930,209
4,NORMA-14241,210
4,NORMA-12030,211
4,NORMA-18870,212
4,NORMA-12248,213
4,NORMA-13627,214
4,NORMA-11754,215
4,NORMA-18463,216
4,NORMA-2207,217
4,NORMA-19729,218
4,NORMA-8643,219
4,NORMA-8261,220
4,NORMA-7494,221
4,NORMA-5652,222
4,NORMA-10657,223
4,NORMA-11442,224
4,NORMA-19448,225
4,NORMA-11876,226
4,NORMA-2162,227
4,NORMA-9708,228
4,NORMA-9857,229
4,NORMA-12107,230
4,NORMA-7196,231
4,NORMA-14857,232
4,NORMA-6278,233
4,NORMA-10747,234
4,NORMA-21417,235
4,NORMA-18420,236
4,NORMA-18455,237
4,NORMA-14225,238
4,NORMA-4480,239
4,NORMA-18996,240
4,NORMA-20646,241
4,NORMA-21788,242
4,NORMA-13510,243
4,NORMA-21591,244
4,NORMA-19078,245
4,NORMA-18302,246
4,NORMA-22281,247
4,NORMA-12055,248
4,NORMA-6226,249
4,NORMA-11093,250
4,NORMA-15321,251
4,NORMA-9234,252
4,NORMA-6708,253
4,NORMA-1455,254
4,NORMA-20642,255
4,NORMA-18211,256
4,NORMA-5406,257
4,NORMA-12375,258
4,NORMA-9401,259
4,NORMA-5063,260
4,NORMA-21694,261
4,NORMA-11838,262
4,NORMA-9521,263
4,NORMA-20129,264
4,NORMA-22721,265
4,NORMA-23721,266
4,NORMA-19072,267
4,NORMA-2519,268
4,NORMA-21738,269
4,NORMA-1438,270
4,NORMA-24941,271
4,NORMA-14650,272
4,NORMA-6164,273
4,NORMA-21295,274
4,NORMA-515,275
4,NORMA-13789,276
4,NORMA-17541,277
4,NORMA-11151,278
4,NORMA-18493,279
4,NORMA-9618,280
4,NORMA-18401,281
4,NORMA-1515,282
4,NORMA-11877,283
4,NORMA-10122,284
4,NORMA-126,285
4,NORMA-570,286
4,NORMA-6863,287
4,NORMA-1178,288
4,NORMA-4298,289
4,NORMA-12613,290
4,NORMA-19546,291
4,NORMA-1310,292
4,NORMA-4637,293
4,NORMA-12009,294
4,NORMA-11443,295
4,NORMA-19682,296
4,NORMA-6062,297
4,NORMA-11315,298
4,NORMA-21148,299
4,NORMA-5219,300
4,NORMA-1100,301
4,NORMA-10285,302
4,NORMA-15094,303
4,NORMA-20108,304
4,NORMA-14510,305
4,NORMA-5930,306
4,NORMA-21774,307
4,NORMA-15167,308
4,NORMA-11637,309
4,NORMA-3818,310
4,NORMA-16147,311
4,NORMA-21743,312
4,NORMA-19227,313
4,NORMA-10206,314
4,NORMA-14224,315
4,NORMA-19746,316
4,NORMA-16602,317
4,NORMA-18972,318
4,NORMA-24221,319
4,NORMA-5210,320
4,NORMA-20221,321
4,NORMA-18962,322
4,NORMA-21043,323
4,NORMA-9284,324
4,NORMA-18531,325
4,NORMA-5014,326
4,NORMA-14828,327
4,NORMA-1452,328
4,NORMA-6145,329
4,NORMA-5429,330
4,NORMA-8580,331
4,NORMA-7326,332
4,NORMA-20880,333
4,NORMA-24083,334
4,NORMA-4561,335
4,NORMA-13394,336
4,NORMA-18801,337
4,NORMA-19498,338
4,NORMA-6984,339
4,NORMA-2421,340
4,NORMA-11993,341
4,NORMA-18648,342
4,NORMA-11720,343
4,NORMA-13746,344
4,NORMA-11300,345
4,NORMA-4396,346
4,NORMA-12566,347
4,NORMA-7351,348
4,NORMA-18379,349
4,NORMA-15145,350
4,NORMA-18378,351
4,NORMA-24842,352
4,NORMA-13488,353
4,NORMA-3503,354
4,NORMA-4570,355
4,NORMA-4801,356
4,NORMA-8762,357
4,NORMA-15099,358
4,NORMA-10221,359
4,NORMA-2113,360
4,NORMA-28623,361
4,NORMA-9008,362
4,NORMA-19961,363
4,NORMA-14498,364
4,NORMA-1609,365
4,NORMA-4640,366
4,NORMA-18234,367
4,NORMA-21174,368
4,NORMA-18291,369
4,NORMA-6736,370
4,NORMA-18944,371
4,NORMA-9147,372
4,NORMA-5561,373
4,NORMA-10771,374
4,NORMA-14914,375
4,NORMA-20907,376
4,NORMA-13029,377
4,NORMA-25205,378
4,NORMA-3985,379
4,NORMA-12431,380
4,NORMA-14190,381
4,NORMA-27365,382
4,NORMA-18800,383
4,NORMA-12350,384
4,NORMA-21660,385
4,NORMA-15206,386
4,NORMA-15363,387
4,NORMA-20582,388
4,NORMA-1217,389
4,NORMA-14485,390
4,NORMA-19939,391
4,NORMA-11791,392
4,NORMA-2432,393
4,NORMA-20936,394
4,NORMA-3836,395
4,NORMA-15283,396
4,NORMA-5551,397
4,NORMA-4121,398
4,NORMA-20521,399
4,NORMA-21761,400
4,NORMA-21724,401
4,NORMA-18289,402
4,NORMA-11666,403
4,NORMA-15005,404
4,NORMA-5518,405
4,NORMA-13363,406
4,NORMA-21281,407
4,NORMA-11611,408
4,NORMA-12170,409
4,NORMA-18261,410
4,NORMA-12554,411
4,NORMA-5564,412
4,NORMA-14035,413
4,NORMA-14142,414
4,NORMA-6176,415
4,NORMA-8113,416
4,NORMA-4689,417
4,NORMA-14644,418
4,NORMA-4476,419
4,NORMA-10623,420
4,NORMA-13444,421
4,NORMA-1552,422
4,NORMA-11971,423
4,NORMA-6515,424
4,NORMA-6049,425
4,NORMA-18748,426
4,NORMA-6253,427
4,NORMA-23081,428
4,NORMA-21279,429
4,NORMA-21178,430
4,NORMA-9038,431
4,NORMA-5843,432
4,NORMA-13973,433
4,NORMA-5994,434
4,NORMA-13855,435
4,NORMA-15234,436
4,NORMA-25301,437
4,NORMA-18217,438
4,NORMA-18871,439
4,NORMA-14479,440
4,NORMA-12851,441
4,NORMA-5736,442
4,NORMA-20894,443
4,NORMA-21578,444
4,NORMA-19940,445
4,NORMA-15166,446
4,NORMA-12291,447
4,NORMA-18021,448
4,NORMA-18298,449
4,NORMA-10535,450
4,NORMA-6147,451
4,NORMA-18827,452
4,NORMA-20951,453
4,NORMA-21332,454
4,NORMA-2388,455
4,NORMA-999,456
4,NORMA-28341,457
4,NORMA-21141,458
4,NORMA-11826,459
4,NORMA-14240,460
4,NORMA-14116,461
4,NORMA-4422,462
4,NORMA-20168,463
4,NORMA-20960,464
4,NORMA-14097,465
4,NORMA-19547,466
4,NORMA-13497,467
4,NORMA-15781,468
4,NORMA-2190,469
4,NORMA-5653,470
4,NORMA-11939,471
4,NORMA-13897,472
4,NORMA-5437,473
4,NORMA-18754,474
4,NORMA-3901,475
4,NORMA-19183,476
4,NORMA-14384,477
4,NORMA-26684,478
4,NORMA-19606,479
4,NORMA-18999,480
4,NORMA-13159,481
4,NORMA-14200,482
4,NORMA-25524,483
4,NORMA-20906,484
4,NORMA-13660,485
4,NORMA-4954,486
4,NORMA-12303,487
4,NORMA-20687,488
4,NORMA-8281,489
4,NORMA-20738,490
4,NORMA-21205,491
4,NORMA-27181,492
4,NORMA-9124,493
4,NORMA-4600,494
4,NORMA-3785,495
4,NORMA-15298,496
4,NORMA-13806,497
4,NORMA-14633,498
4,NORMA-1446,499
4,NORMA-18239,500
4,NORMA-21688,501
4,NORMA-11848,502
4,NORMA-21282,503
4,NORMA-12860,504
4,NORMA-12102,505
4,NORMA-12725,506
4,NORMA-10595,507
4,NORMA-6270,508
4,NORMA-12210,509
4,NORMA-14129,510
4,NORMA-18314,511
4,NORMA-14789,512
4,NORMA-5814,513
4,NORMA-11802,514
4,NORMA-19011,515
4,NORMA-9561,516
4,NORMA-18102,517
4,NORMA-7422,518
4,NORMA-15128,519
4,NORMA-19998,520
4,NORMA-4565,521
4,NORMA-9434,522
4,NORMA-7744,523
4,NORMA-14566,524
4,NORMA-5060,525
4,NORMA-15046,526
4,NORMA-19821,527
4,NORMA-14447,528
4,NORMA-19454,529
4,NORMA-14277,530
4,NORMA-14155,531
4,NORMA-12947,532
4,NORMA-11732,533
4,NORMA-21280,534
4,NORMA-19241,535
4,NORMA-19737,536
4,NORMA-13296,537
4,NORMA-8992,538
4,NORMA-13188,539
4,NORMA-18994,540
4,NORMA-4268,541
4,NORMA-5942,542
4,NORMA-14929,543
4,NORMA-15362,544
4,NORMA-12824,545
4,NORMA-11565,546
4,NORMA-19584,547
4,NORMA-12018,548
4,NORMA-20163,549
4,NORMA-3849,550
4,NORMA-18323,551
4,NORMA-21318,552
4,NORMA-21664,553
4,NORMA-18528,554
4,NORMA-1841,555
4,NORMA-19734,556
4,NORMA-12593,557
4,NORMA-5752,558
4,NORMA-21324,559
4,NORMA-11519,560
4,NORMA-9889,561
4,NORMA-18280,562
4,NORMA-21643,563
4,NORMA-28801,564
4,NORMA-18826,565
4,NORMA-12053,566
4,NORMA-5290,567
4,NORMA-12574,568
4,NORMA-14615,569
4,NORMA-4267,570
4,NORMA-14059,571
4,NORMA-14509,572
4,NORMA-11795,573
4,NORMA-10348,574
4,NORMA-20269,575
4,NORMA-5885,576
4,NORMA-15396,577
4,NORMA-9994,578
4,NORMA-13825,579
4,NORMA-16881,580
4,NORMA-19844,581
4,NORMA-10945,582
4,NORMA-1667,583
4,NORMA-14437,584
4,NORMA-6988,585
4,NORMA-12232,586
4,NORMA-10699,587
4,NORMA-29561,588
4,NORMA-8398,589
4,NORMA-10071,590
4,NORMA-12172,591
4,NORMA-15320,592
4,NORMA-11932,593
4,NORMA-12152,594
4,NORMA-11790,595
4,NORMA-13295,596
4,NORMA-19553,597
4,NORMA-11837,598
4,NORMA-11716,599
4,NORMA-25962,600
4,NORMA-7921,601
4,NORMA-7413,602
4,NORMA-20725,603
4,NORMA-13940,604
4,NORMA-11981,605
4,NORMA-18377,606
4,NORMA-13868,607
4,NORMA-6088,608
4,NORMA-5416,609
4,NORMA-15163,610
4,NORMA-7901,611
4,NORMA-4618,612
4,NORMA-20877,613
4,NORMA-7223,614
4,NORMA-9096,615
4,NORMA-4627,616
4,NORMA-9588,617
4,NORMA-5888,618
4,NORMA-8049,619
4,NORMA-4276,620
4,NORMA-18702,621
4,NORMA-5708,622
4,NORMA-11875,623
4,NORMA-6821,624
4,NORMA-15186,625
4,NORMA-12275,626
4,NORMA-4291,627
4,NORMA-13504,628
4,NORMA-14006,629
4,NORMA-20763,630
4,NORMA-11982,631
4,NORMA-11667,632
4,NORMA-7387,633
4,NORMA-13856,634
4,NORMA-6961,635
4,NORMA-9281,636
4,NORMA-20583,637
4,NORMA-4699,638
4,NORMA-19623,639
4,NORMA-14945,640
4,NORMA-14714,641
4,NORMA-25204,642
4,NORMA-16321,643
4,NORMA-14477,644
4,NORMA-11772,645
4,NORMA-7238,646
4,NORMA-12267,647
4,NORMA-6066,648
4,NORMA-27543,649
4,NORMA-15373,650
4,NORMA-13048,651
4,NORMA-5971,652
4,NORMA-5031,653
4,NORMA-13902,654
4,NORMA-18453,655
4,NORMA-11719,656
4,NORMA-3811,657
4,NORMA-5741,658
4,NORMA-20295,659
4,NORMA-3809,660
4,NORMA-5833,661
4,NORMA-12485,662
4,NORMA-3872,663
4,NORMA-25941,664
4,NORMA-3693,665
4,NORMA-11920,666
4,NORMA-5356,667
4,NORMA-19495,668
4,NORMA-4105,669
4,NORMA-20278,670
4,NORMA-7319,671
4,NORMA-19477,672
4,NORMA-14866,673
4,NORMA-12395,674
4,NORMA-19699,675
4,NORMA-4296,676
4,NORMA-9572,677
4,NORMA-4922,678
4,NORMA-21635,679
4,NORMA-4482,680
4,NORMA-18621,681
4,NORMA-11030,682
4,NORMA-2390,683
4,NORMA-21084,684
4,NORMA-13708,685
4,NORMA-9041,686
4,NORMA-13774,687
4,NORMA-5217,688
4,NORMA-9504,689
4,NORMA-13308,690
4,NORMA-8298,691
4,NORMA-10490,692
4,NORMA-19779,693
4,NORMA-14653,694
4,NORMA-11512,695
4,NORMA-21701,696
4,NORMA-10550,697
4,NORMA-5738,698
4,NORMA-10323,699
4,NORMA-4135,700
4,NORMA-12778,701
4,NORMA-15272,702
4,NORMA-13602,703
4,NORMA-4780,704
4,NORMA-21440,705
4,NORMA-9367,706
4,NORMA-5693,707
4,NORMA-26564,708
4,NORMA-21697,709
4,NORMA-15033,710
4,NORMA-13449,711
4,NORMA-12530,712
4,NORMA-4972,713
4,NORMA-12428,714
4,NORMA-18722,715
4,NORMA-13857,716
4,NORMA-7134,717
4,NORMA-18910,718
4,NORMA-12092,719
4,NORMA-13685,720
4,NORMA-799,721
4,NORMA-18307,722
4,NORMA-10773,723
4,NORMA-3529,724
4,NORMA-11604,725
4,NORMA-14229,726
4,NORMA-11988,727
4,NORMA-21050,728
4,NORMA-12197,729
4,NORMA-6014,730
4,NORMA-9248,731
4,NORMA-26881,732
4,NORMA-11867,733
4,NORMA-19065,734
4,NORMA-9696,735
4,NORMA-20289,736
4,NORMA-13294,737
4,NORMA-5912,738
4,NORMA-14901,739
4,NORMA-27688,740
4,NORMA-7419,741
4,NORMA-5355,742
4,NORMA-15124,743
4,NORMA-13526,744
4,NORMA-4050,745
4,NORMA-7131,746
4,NORMA-5181,747
4,NORMA-10521,748
4,NORMA-10920,749
4,NORMA-3789,750
4,NORMA-19502,751
4,NORMA-5139,752
4,NORMA-18460,753
4,NORMA-14482,754
4,NORMA-9220,755
4,NORMA-11868,756
4,NORMA-25801,757
4,NORMA-8077,758
4,NORMA-5660,759
4,NORMA-10709,760
4,NORMA-14672,761
4,NORMA-15339,762
4,NORMA-12255,763
4,NORMA-19467,764
4,NORMA-28601,765
4,NORMA-13834,766
4,NORMA-21123,767
4,NORMA-13198,768
4,NORMA-19047,769
4,NORMA-29861,770
4,NORMA-11564,771
4,NORMA-18916,772
4,NORMA-19780,773
4,NORMA-20761,774
4,NORMA-5376,775
4,NORMA-985,776
4,NORMA-10868,777
4,NORMA-12956,778
4,NORMA-26861,779
4,NORMA-12823,780
4,NORMA-6802,781
4,NORMA-7153,782
4,NORMA-14530,783
4,NORMA-5418,784
4,NORMA-11793,785
4,NORMA-1288,786
4,NORMA-14372,787
4,NORMA-11433,788
4,NORMA-10260,789
4,NORMA-8392,790
4,NORMA-21203,791
4,NORMA-9128,792
4,NORMA-3882,793
4,NORMA-11723,794
4,NORMA-21490,795
4,NORMA-941,796
4,NORMA-4560,797
4,NORMA-27421,798
4,NORMA-12750,799
4,NORMA-8066,800
4,NORMA-1650,801
4,NORMA-18942,802
4,NORMA-15190,803
4,NORMA-3841,804
4,NORMA-12328,805
4,NORMA-5701,806
4,NORMA-19012,807
4,NORMA-9136,808
4,NORMA-27201,809
4,NORMA-18730,810
4,NORMA-12387,811
4,NORMA-3940,812
4,NORMA-15096,813
4,NORMA-8654,814
4,NORMA-9577,815
4,NORMA-4902,816
4,NORMA-21086,817
4,NORMA-12327,818
4,NORMA-11945,819
4,NORMA-5956,820
4,NORMA-19811,821
4,NORMA-4786,822
4,NORMA-19529,823
4,NORMA-1607,824
4,NORMA-4904,825
4,NORMA-14737,826
4,NORMA-20845,827
4,NORMA-7202,828
4,NORMA-7201,829
4,NORMA-4579,830
4,NORMA-21122,831
4,NORMA-20790,832
4,NORMA-11974,833
4,NORMA-18901,834
4,NORMA-12481,835
4,NORMA-27245,836
4,NORMA-4958,837
4,NORMA-20138,838
4,NORMA-7853,839
4,NORMA-11721,840
4,NORMA-11839,841
4,NORMA-19261,842
4,NORMA-12099,843
4,NORMA-18516,844
4,NORMA-12253,845
4,NORMA-19566,846
4,NORMA-21609,847
4,NORMA-19864,848
4,NORMA-23281,849
4,NORMA-4959,850
4,NORMA-13918,851
4,NORMA-18489,852
4,NORMA-9167,853
4,NORMA-8885,854
4,NORMA-21186,855
4,NORMA-9303,856
4,NORMA-5509,857
4,NORMA-14746,858
4,NORMA-19644,859
4,NORMA-26623,860
4,NORMA-14217,861
4,NORMA-21227,862
4,NORMA-4527,863
4,NORMA-5707,864
4,NORMA-27044,865
4,NORMA-18273,866
4,NORMA-19639,867
4,NORMA-3917,868
4,NORMA-11041,869
4,NORMA-6063,870
4,NORMA-5358,871
4,NORMA-4019,872
4,NORMA-4428,873
4,NORMA-13399,874
4,NORMA-13074,875
4,NORMA-14201,876
4,NORMA-19245,877
4,NORMA-9920,878
4,NORMA-11444,879
4,NORMA-13521,880
4,NORMA-14849,881
4,NORMA-6976,882
4,NORMA-12317,883
4,NORMA-11946,884
4,NORMA-21286,885
4,NORMA-13476,886
4,NORMA-28202,887
4,NORMA-20062,888
4,NORMA-13642,889
4,NORMA-19736,890
4,NORMA-13208,891
4,NORMA-7651,892
4,NORMA-12923,893
4,NORMA-13124,894
4,NORMA-12415,895
4,NORMA-18775,896
4,NORMA-18266,897
4,NORMA-9319,898
4,NORMA-14493,899
4,NORMA-9631,900
4,NORMA-14528,901
4,NORMA-27364,902
4,NORMA-9119,903
4,NORMA-9036,904
4,NORMA-7121,905
4,NORMA-14117,906
4,NORMA-11989,907
4,NORMA-6494,908
4,NORMA-5849,909
4,NORMA-6739,910
4,NORMA-5487,911
4,NORMA-13255,912
4,NORMA-14778,913
4,NORMA-19925,914
4,NORMA-25262,915
4,NORMA-11829,916
4,NORMA-13924,917
4,NORMA-18793,918
4,NORMA-11571,919
4,NORMA-19088,920
4,NORMA-11710,921
4,NORMA-14261,922
4,NORMA-4714,923
4,NORMA-9496,924
4,NORMA-12195,925
4,NORMA-21405,926
4,NORMA-10767,927
4,NORMA-11560,928
4,NORMA-12928,929
4,NORMA-5463,930
4,NORMA-21108,931
4,NORMA-11100,932
4,NORMA-14327,933
4,NORMA-5028,934
4,NORMA-18267,935
4,NORMA-10279,936
4,NORMA-18842,937
4,NORMA-11528,938
4,NORMA-5157,939
4,NORMA-2337,940
4,NORMA-10795,941
4,NORMA-21129,942
4,NORMA-11108,943
4,NORMA-14005,944
4,NORMA-7553,945
4,NORMA-9090,946
4,NORMA-11975,947
4,NORMA-5924,948
4,NORMA-5596,949
4,NORMA-13776,950
4,NORMA-7833,951
4,NORMA-8829,952
4,NORMA-3001,953
4,NORMA-28982,954
4,NORMA-6004,955
4,NORMA-4120,956
4,NORMA-11701,957
4,NORMA-10085,958
4,NORMA-20284,959
4,NORMA-5593,960
4,NORMA-21408,961
4,NORMA-4542,962
4,NORMA-10116,963
4,NORMA-11518,964
4,NORMA-9137,965
4,NORMA-14235,966
4,NORMA-10753,967
4,NORMA-5558,968
4,NORMA-19374,969
4,NORMA-11021,970
4,NORMA-19440,971
4,NORMA-14511,972
4,NORMA-10758,973
4,NORMA-8151,974
4,NORMA-12705,975
4,NORMA-6399,976
4,NORMA-11639,977
4,NORMA-6189,978
4,NORMA-5884,979
4,NORMA-11563,980
4,NORMA-21748,981
4,NORMA-21151,982
4,NORMA-5591,983
4,NORMA-12722,984
4,NORMA-12421,985
4,NORMA-7991,986
4,NORMA-5998,987
4,NORMA-6677,988
4,NORMA-12760,989
4,NORMA-12393,990
4,NORMA-11761,991
4,NORMA-4623,992
4,NORMA-10459,993
4,NORMA-6264,994
4,NORMA-18822,995
4,NORMA-28586,996
4,NORMA-7986,997
4,NORMA-3918,998
4,NORMA-5019,999
4,NORMA-8676,1000
5,NORMA-5252,1
5,NORMA-18270,2
5,NORMA-3942,3
5,NORMA-7392,4
5,NORMA-13802,5
5,NORMA-10326,6
5,NORMA-9819,7
5,NORMA-7923,8
5,NORMA-7500,9
5,NORMA-21243,10
5,NORMA-18961,11
5,NORMA-19199,12
5,NORMA-7328,13
5,NORMA-18814,14
5,NORMA-18255,15
5,NORMA-10749,16
5,NORMA-27062,17
5,NORMA-5431,18
5,NORMA-4993,19
5,NORMA-4976,20
5,NORMA-21040,21
5,NORMA-4820,22
5,NORMA-4656,23
5,NORMA-5417,24
5,NORMA-5853,25
5,NORMA-19145,26
5,NORMA-21286,27
5,NORMA-7773,28
5,NORMA-18605,29
5,NORMA-20282,30
5,NORMA-18370,31
5,NORMA-6126,32
5,NORMA-18813,33
5,NORMA-5381,34
5,NORMA-27385,35
5,NORMA-6380,36
5,NORMA-6349,37
5,NORMA-22861,38
5,NORMA-3961,39
5,NORMA-4807,40
5,NORMA-4926,41
5,NORMA-8701,42
5,NORMA-6486,43
5,NORMA-6174,44
5,NORMA-3735,45
5,NORMA-20549,46
5,NORMA-20340,47
5,NORMA-4634,48
5,NORMA-5251,49
5,NORMA-3565,50
5,NORMA-18431,51
5,NORMA-6810,52
5,NORMA-21043,53
5,NORMA-21616,54
5,NORMA-5066,55
5,NORMA-19423,56
5,NORMA-20554,57
5,NORMA-8198,58
5,NORMA-14113,59
5,NORMA-7938,60
5,NORMA-22001,61
5,NORMA-18800,62
5,NORMA-19545,63
5,NORMA-21647,64
5,NORMA-18776,65
5,NORMA-13671,66
5,NORMA-18821,67
5,NORMA-19090,68
5,NORMA-7159,69
5,NORMA-18331,70
5,NORMA-19222,71
5,NORMA-20321,72
5,NORMA-19347,73
5,NORMA-19332,74
5,NORMA-20147,75
5,NORMA-6203,76
5,NORMA-20979,77
5,NORMA-19508,78
5,NORMA-20574,79
5,NORMA-8575,80
5,NORMA-7503,81
5,NORMA-19080,82
5,NORMA-4687,83
5,NORMA-18628,84
5,NORMA-5680,85
5,NORMA-14749,86
5,NORMA-10797,87
5,NORMA-14099,88
5,NORMA-7489,89
5,NORMA-21772,90
5,NORMA-4161,91
5,NORMA-5076,92
5,NORMA-18700,93
5,NORMA-19338,94
5,NORMA-15246,95
5,NORMA-6521,96
5,NORMA-20968,97
5,NORMA-21068,98
5,NORMA-18810,99
5,NORMA-8938,100
5,NORMA-19192,101
5,NORMA-6851,102
5,NORMA-6832,103
5,NORMA-20423,104
5,NORMA-15208,105
5,NORMA-10219,106
5,NORMA-6291,107
5,NORMA-18470,108
5,NORMA-18704,109
5,NORMA-8426,110
5,NORMA-18596,111
5,NORMA-7521,112
5,NORMA-20291,113
5,NORMA-18466,114
5,NORMA-14390,115
5,NORMA-18535,116
5,NORMA-19254,117
5,NORMA-19348,118
5,NORMA-7165,119
5,NORMA-19372,120
5,NORMA-4500,121
5,NORMA-19335,122
5,NORMA-675,123
5,NORMA-20225,124
5,NORMA-18513,125
5,NORMA-21331,126
5,NORMA-21480,127
5,NORMA-19060,128
5,NORMA-18437,129
5,NORMA-3491,130
5,NORMA-20329,131
5,NORMA-27550,132
5,NORMA-18726,133
5,NORMA-5604,134
5,NORMA-19324,135
5,NORMA-13514,136
5,NORMA-19733,137
5,NORMA-4792,138
5,NORMA-4830,139
5,NORMA-19158,140
5,NORMA-19346,141
5,NORMA-18283,142
5,NORMA-18358,143
5,NORMA-9457,144
5,NORMA-20806,145
5,NORMA-21606,146
5,NORMA-18585,147
5,NORMA-18841,148
5,NORMA-18296,149
5,NORMA-6170,150
5,NORMA-18749,151
5,NORMA-21771,152
5,NORMA-18737,153
5,NORMA-18348,154
5,NORMA-18363,155
5,NORMA-18833,156
5,NORMA-18441,157
5,NORMA-21088,158
5,NORMA-18805,159
5,NORMA-18299,160
5,NORMA-20334,161
5,NORMA-6134,162
5,NORMA-19144,163
5,NORMA-18386,164
5,NORMA-13229,165
5,NORMA-9365,166
5,NORMA-18758,167
5,NORMA-21096,168
5,NORMA-14055,169
5,NORMA-20533,170
5,NORMA-19115,171
5,NORMA-10789,172
5,NORMA-12965,173
5,NORMA-7232,174
5,NORMA-7506,175
5,NORMA-19012,176
5,NORMA-19002,177
5,NORMA-6313,178
5,NORMA-10534,179
5,NORMA-21463,180
5,NORMA-18305,181
5,NORMA-18623,182
5,NORMA-19361,183
5,NORMA-18617,184
5,NORMA-19285,185
5,NORMA-20360,186
5,NORMA-14345,187
5,NORMA-19544,188
5,NORMA-13756,189
5,NORMA-6093,190
5,NORMA-19301,191
5,NORMA-19253,192
5,NORMA-19925,193
5,NORMA-6833,194
5,NORMA-18469,195
5,NORMA-6350,196
5,NORMA-19298,197
5,NORMA-9681,198
5,NORMA-5565,199
5,NORMA-10010,200
5,NORMA-19228,201
5,NORMA-5073,202
5,NORMA-18285,203
5,NORMA-18615,204
5,NORMA-23881,205
5,NORMA-6412,206
5,NORMA-21051,207
5,NORMA-4063,208
5,NORMA-21459,209
5,NORMA-7391,210
5,NORMA-20403,211
5,NORMA-18571,212
5,NORMA-20444,213
5,NORMA-14974,214
5,NORMA-9067,215
5,NORMA-28404,216
5,NORMA-18779,217
5,NORMA-19312,218
5,NORMA-18679,219
5,NORMA-18987,220
5,NORMA-8702,221
5,NORMA-21112,222
5,NORMA-20342,223
5,NORMA-21097,224
5,NORMA-19345,225
5,NORMA-10347,226
5,NORMA-18392,227
5,NORMA-20033,228
5,NORMA-6997,229
5,NORMA-18703,230
5,NORMA-19217,231
5,NORMA-14424,232
5,NORMA-19434,233
5,NORMA-18497,234
5,NORMA-12437,235
5,NORMA-6352,236
5,NORMA-18558,237
5,NORMA-19402,238
5,NORMA-20757,239
5,NORMA-18722,240
5,NORMA-19543,241
5,NORMA-19550,242
5,NORMA-21021,243
5,NORMA-4062,244
5,NORMA-19264,245
5,NORMA-18738,246
5,NORMA-11505,247
5,NORMA-15465,248
5,NORMA-19420,249
5,NORMA-4251,250
5,NORMA-18258,251
5,NORMA-15427,252
5,NORMA-249,253
5,NORMA-18765,254
5,NORMA-18279,255
5,NORMA-19443,256
5,NORMA-8192,257
5,NORMA-7939,258
5,NORMA-18220,259
5,NORMA-3880,260
5,NORMA-18262,261
5,NORMA-18639,262
5,NORMA-19269,263
5,NORMA-10748,264
5,NORMA-18209,265
5,NORMA-21693,266
5,NORMA-20314,267
5,NORMA-9430,268
5,NORMA-18774,269
5,NORMA-19085,270
5,NORMA-19319,271
5,NORMA-25821,272
5,NORMA-18491,273
5,NORMA-18320,274
5,NORMA-18526,275
5,NORMA-6838,276
5,NORMA-18322,277
5,NORMA-17281,278
5,NORMA-20984,279
5,NORMA-18867,280
5,NORMA-21444,281
5,NORMA-18449,282
5,NORMA-26726,283
5,NORMA-18330,284
5,NORMA-18272,285
5,NORMA-6195,286
5,NORMA-5811,287
5,NORMA-18711,288
5,NORMA-18629,289
5,NORMA-18906,290
5,NORMA-6411,291
5,NORMA-5339,292
5,NORMA-4269,293
5,NORMA-18676,294
5,NORMA-19295,295
5,NORMA-13903,296
5,NORMA-4603,297
5,NORMA-18459,298
5,NORMA-13356,299
5,NORMA-18418,300
5,NORMA-15134,301
5,NORMA-20674,302
5,NORMA-10931,303
5,NORMA-3828,304
5,NORMA-19349,305
5,NORMA-20243,306
5,NORMA-20232,307
5,NORMA-6198,308
5,NORMA-23027,309
5,NORMA-6595,310
5,NORMA-19163,311
5,NORMA-8114,312
5,NORMA-4616,313
5,NORMA-18586,314
5,NORMA-10590,315
5,NORMA-21007,316
5,NORMA-5132,317
5,NORMA-19931,318
5,NORMA-19391,319
5,NORMA-7523,320
5,NORMA-18641,321
5,NORMA-19404,322
5,NORMA-19112,323
5,NORMA-19023,324
5,NORMA-19011,325
5,NORMA-18362,326
5,NORMA-755,327
5,NORMA-10745,328
5,NORMA-19491,329
5,NORMA-18256,330
5,NORMA-6051,331
5,NORMA-4051,332
5,NORMA-18573,333
5,NORMA-8517,334
5,NORMA-18587,335
5,NORMA-18588,336
5,NORMA-18408,337
5,NORMA-5183,338
5,NORMA-19168,339
5,NORMA-21687,340
5,NORMA-21130,341
5,NORMA-18568,342
5,NORMA-19248,343
5,NORMA-25964,344
5,NORMA-18321,345
5,NORMA-19097,346
5,NORMA-19302,347
5,NORMA-20459,348
5,NORMA-19130,349
5,NORMA-20693,350
5,NORMA-21042,351
5,NORMA-18235,352
5,NORMA-7155,353
5,NORMA-3803,354
5,NORMA-19022,355
5,NORMA-18848,356
5,NORMA-8432,357
5,NORMA-18468,358
5,NORMA-19457,359
5,NORMA-21013,360
5,NORMA-18968,361
5,NORMA-8787,362
5,NORMA-12066,363
5,NORMA-18435,364
5,NORMA-19276,365
5,NORMA-19531,366
5,NORMA-6079,367
5,NORMA-18300,368
5,NORMA-29301,369
5,NORMA-20458,370
5,NORMA-3744,371
5,NORMA-12858,372
5,NORMA-7353,373
5,NORMA-5656,374
5,NORMA-8988,375
5,NORMA-21146,376
5,NORMA-6446,377
5,NORMA-18651,378
5,NORMA-18297,379
5,NORMA-19076,380
5,NORMA-19141,381
5,NORMA-13519,382
5,NORMA-19396,383
5,NORMA-11327,384
5,NORMA-21408,385
5,NORMA-6167,386
5,NORMA-20590,387
5,NORMA-19310,388
5,NORMA-19073,389
5,NORMA-19692,390
5,NORMA-7674,391
5,NORMA-19670,392
5,NORMA-5977,393
5,NORMA-7094,394
5,NORMA-12351,395
5,NORMA-1090,396
5,NORMA-21018,397
5,NORMA-12820,398
5,NORMA-8197,399
5,NORMA-6128,400
5,NORMA-13015,401
5,NORMA-19452,402
5,NORMA-15027,403
5,NORMA-11901,404
5,NORMA-7396,405
5,NORMA-8196,406
5,NORMA-18372,407
5,NORMA-9480,408
5,NORMA-18792,409
5,NORMA-4679,410
5,NORMA-21312,411
5,NORMA-4895,412
5,NORMA-19438,413
5,NORMA-10158,414
5,NORMA-19494,415
5,NORMA-19483,416
5,NORMA-18698,417
5,NORMA-19549,418
5,NORMA-20351,419
5,NORMA-14587,420
5,NORMA-14373,421
5,NORMA-19450,422
5,NORMA-20601,423
5,NORMA-21418,424
5,NORMA-20718,425
5,NORMA-21278,426
5,NORMA-19098,427
5,NORMA-21742,428
5,NORMA-18257,429
5,NORMA-19350,430
5,NORMA-17782,431
5,NORMA-6632,432
5,NORMA-7239,433
5,NORMA-4083,434
5,NORMA-18729,435
5,NORMA-21092,436
5,NORMA-18634,437
5,NORMA-4170,438
5,NORMA-19016,439
5,NORMA-20357,440
5,NORMA-4193,441
5,NORMA-616,442
5,NORMA-21548,443
5,NORMA-19500,444
5,NORMA-18712,445
5,NORMA-20320,446
5,NORMA-11991,447
5,NORMA-19025,448
5,NORMA-14561,449
5,NORMA-19482,450
5,NORMA-14886,451
5,NORMA-20530,452
5,NORMA-19251,453
5,NORMA-6994,454
5,NORMA-24102,455
5,NORMA-10322,456
5,NORMA-19534,457
5,NORMA-18512,458
5,NORMA-5433,459
5,NORMA-18488,460
5,NORMA-18422,461
5,NORMA-19007,462
5,NORMA-18702,463
5,NORMA-20981,464
5,NORMA-18686,465
5,NORMA-19896,466
5,NORMA-19541,467
5,NORMA-18373,468
5,NORMA-18739,469
5,NORMA-6209,470
5,NORMA-20313,471
5,NORMA-19275,472
5,NORMA-21183,473
5,NORMA-19146,474
5,NORMA-18714,475
5,NORMA-19215,476
5,NORMA-2218,477
5,NORMA-5078,478
5,NORMA-20837,479
5,NORMA-16286,480
5,NORMA-4429,481
5,NORMA-21570,482
5,NORMA-14549,483
5,NORMA-18310,484
5,NORMA-5611,485
5,NORMA-25121,486
5,NORMA-15253,487
5,NORMA-19273,488
5,NORMA-18329,489
5,NORMA-20330,490
5,NORMA-8120,491
5,NORMA-18669,492
5,NORMA-20406,493
5,NORMA-8761,494
5,NORMA-18645,495
5,NORMA-19137,496
5,NORMA-280,497
5,NORMA-19655,498
5,NORMA-18424,499
5,NORMA-23982,500
5,NORMA-18369,501
5,NORMA-7395,502
5,NORMA-20346,503
5,NORMA-18547,504
5,NORMA-18864,505
5,NORMA-21329,506
5,NORMA-21369,507
5,NORMA-9799,508
5,NORMA-20698,509
5,NORMA-19142,510
5,NORMA-6807,511
5,NORMA-13995,512
5,NORMA-9803,513
5,NORMA-19015,514
5,NORMA-19781,515
5,NORMA-5819,516
5,NORMA-3827,517
5,NORMA-9608,518
5,NORMA-18866,519
5,NORMA-21795,520
5,NORMA-18965,521
5,NORMA-19340,522
5,NORMA-2413,523
5,NORMA-19059,524
5,NORMA-4726,525
5,NORMA-14713,526
5,NORMA-19428,527
5,NORMA-19024,528
5,NORMA-5419,529
5,NORMA-20722,530
5,NORMA-2375,531
5,NORMA-10486,532
5,NORMA-18532,533
5,NORMA-3551,534
5,NORMA-14118,535
5,NORMA-20647,536
5,NORMA-21311,537
5,NORMA-19126,538
5,NORMA-8813,539
5,NORMA-20341,540
5,NORMA-10025,541
5,NORMA-18697,542
5,NORMA-19157,543
5,NORMA-19519,544
5,NORMA-19210,545
5,NORMA-21492,546
5,NORMA-21642,547
5,NORMA-20335,548
5,NORMA-8768,549
5,NORMA-10651,550
5,NORMA-20972,551
5,NORMA-19461,552
5,NORMA-29283,553
5,NORMA-18959,554
5,NORMA-4490,555
5,NORMA-20086,556
5,NORMA-20519,557
5,NORMA-7394,558
5,NORMA-20628,559
5,NORMA-5800,560
5,NORMA-19188,561
5,NORMA-21054,562
5,NORMA-18614,563
5,NORMA-21516,564
5,NORMA-18371,565
5,NORMA-21665,566
5,NORMA-11050,567
5,NORMA-6743,568
5,NORMA-18562,569
5,NORMA-1515,570
5,NORMA-20010,571
5,NORMA-15168,572
5,NORMA-15022,573
5,NORMA-18743,574
5,NORMA-19657,575
5,NORMA-19898,576
5,NORMA-6353,577
5,NORMA-21485,578
5,NORMA-18834,579
5,NORMA-20481,580
5,NORMA-985,581
5,NORMA-21780,582
5,NORMA-854,583
5,NORMA-6878,584
5,NORMA-19147,585
5,NORMA-19296,586
5,NORMA-18708,587
5,NORMA-5622,588
5,NORMA-21006,589
5,NORMA-21481,590
5,NORMA-6514,591
5,NORMA-19710,592
5,NORMA-7940,593
5,NORMA-7504,594
5,NORMA-11292,595
5,NORMA-4089,596
5,NORMA-14592,597
5,NORMA-18467,598
5,NORMA-19123,599
5,NORMA-21082,600
5,NORMA-6809,601
5,NORMA-21551,602
5,NORMA-19529,603
5,NORMA-20355,604
5,NORMA-20424,605
5,NORMA-18122,606
5,NORMA-6850,607
5,NORMA-19453,608
5,NORMA-18849,609
5,NORMA-13282,610
5,NORMA-19414,611
5,NORMA-10455,612
5,NORMA-21486,613
5,NORMA-883,614
5,NORMA-10662,615
5,NORMA-19304,616
5,NORMA-20739,617
5,NORMA-7497,618
5,NORMA-18705,619
5,NORMA-18569,620
5,NORMA-19277,621
5,NORMA-19360,622
5,NORMA-28542,623
5,NORMA-20338,624
5,NORMA-5603,625
5,NORMA-29007,626
5,NORMA-6888,627
5,NORMA-4823,628
5,NORMA-20131,629
5,NORMA-5174,630
5,NORMA-18757,631
5,NORMA-18415,632
5,NORMA-3936,633
5,NORMA-13219,634
5,NORMA-20977,635
5,NORMA-13174,636
5,NORMA-19008,637
5,NORMA-14967,638
5,NORMA-20350,639
5,NORMA-9746,640
5,NORMA-19139,641
5,NORMA-12799,642
5,NORMA-20348,643
5,NORMA-20921,644
5,NORMA-20069,645
5,NORMA-15114,646
5,NORMA-4360,647
5,NORMA-7519,648
5,NORMA-23061,649
5,NORMA-20492,650
5,NORMA-19654,651
5,NORMA-1030,652
5,NORMA-19052,653
5,NORMA-18374,654
5,NORMA-5229,655
5,NORMA-19071,656
5,NORMA-19415,657
5,NORMA-11360,658
5,NORMA-21449,659
5,NORMA-19685,660
5,NORMA-20442,661
5,NORMA-9820,662
5,NORMA-9238,663
5,NORMA-15249,664
5,NORMA-14821,665
5,NORMA-18713,666
5,NORMA-18606,667
5,NORMA-7166,668
5,NORMA-27363,669
5,NORMA-2071,670
5,NORMA-14368,671
5,NORMA-6568,672
5,NORMA-18326,673
5,NORMA-19516,674
5,NORMA-19187,675
5,NORMA-13319,676
5,NORMA-655,677
5,NORMA-20430,678
5,NORMA-27549,679
5,NORMA-4138,680
5,NORMA-19411,681
5,NORMA-11993,682
5,NORMA-20662,683
5,NORMA-6048,684
5,NORMA-19225,685
5,NORMA-8511,686
5,NORMA-24501,687
5,NORMA-5370,688
5,NORMA-5567,689
5,NORMA-4421,690
5,NORMA-18671,691
5,NORMA-12822,692
5,NORMA-14114,693
5,NORMA-13736,694
5,NORMA-20580,695
5,NORMA-1206,696
5,NORMA-3897,697
5,NORMA-20383,698
5,NORMA-19154,699
5,NORMA-19447,700
5,NORMA-6332,701
5,NORMA-18857,702
5,NORMA-7191,703
5,NORMA-21539,704
5,NORMA-19660,705
5,NORMA-18846,706
5,NORMA-3482,707
5,NORMA-6746,708
5,NORMA-20363,709
5,NORMA-19303,710
5,NORMA-20507,711
5,NORMA-6782,712
5,NORMA-18701,713
5,NORMA-19260,714
5,NORMA-13012,715
5,NORMA-9226,716
5,NORMA-2086,717
5,NORMA-5950,718
5,NORMA-21717,719
5,NORMA-19879,720
5,NORMA-20472,721
5,NORMA-11613,722
5,NORMA-8195,723
5,NORMA-19425,724
5,NORMA-7472,725
5,NORMA-18460,726
5,NORMA-21289,727
5,NORMA-19548,728
5,NORMA-8434,729
5,NORMA-18878,730
5,NORMA-19263,731
5,NORMA-5241,732
5,NORMA-19386,733
5,NORMA-10309,734
5,NORMA-3597,735
5,NORMA-6207,736
5,NORMA-19709,737
5,NORMA-18875,738
5,NORMA-12521,739
5,NORMA-7584,740
5,NORMA-5170,741
5,NORMA-18609,742
5,NORMA-7231,743
5,NORMA-20397,744
5,NORMA-10986,745
5,NORMA-8963,746
5,NORMA-21679,747
5,NORMA-21287,748
5,NORMA-14310,749
5,NORMA-20807,750
5,NORMA-18982,751
5,NORMA-10117,752
5,NORMA-3181,753
5,NORMA-8185,754
5,NORMA-21542,755
5,NORMA-19451,756
5,NORMA-20630,757
5,NORMA-20489,758
5,NORMA-2523,759
5,NORMA-6069,760
5,NORMA-6702,761
5,NORMA-10971,762
5,NORMA-23862,763
5,NORMA-20670,764
5,NORMA-4444,765
5,NORMA-20457,766
5,NORMA-20894,767
5,NORMA-18745,768
5,NORMA-8429,769
5,NORMA-20133,770
5,NORMA-12385,771
5,NORMA-3733,772
5,NORMA-10675,773
5,NORMA-19186,774
5,NORMA-1362,775
5,NORMA-1452,776
5,NORMA-3853,777
5,NORMA-19362,778
5,NORMA-20302,779
5,NORMA-14858,780
5,NORMA-20728,781
5,NORMA-20333,782
5,NORMA-9321,783
5,NORMA-4499,784
5,NORMA-6995,785
5,NORMA-20892,786
5,NORMA-28822,787
5,NORMA-20541,788
5,NORMA-21491,789
5,NORMA-18304,790
5,NORMA-27361,791
5,NORMA-21603,792
5,NORMA-4894,793
5,NORMA-21108,794
5,NORMA-20603,795
5,NORMA-6459,796
5,NORMA-281,797
5,NORMA-11827,798
5,NORMA-11814,799
5,NORMA-18402,800
5,NORMA-4141,801
5,NORMA-19503,802
5,NORMA-19265,803
5,NORMA-21704,804
5,NORMA-18731,805
5,NORMA-12307,806
5,NORMA-17162,807
5,NORMA-15160,808
5,NORMA-2162,809
5,NORMA-5396,810
5,NORMA-6500,811
5,NORMA-5026,812
5,NORMA-20300,813
5,NORMA-12006,814
5,NORMA-19702,815
5,NORMA-27362,816
5,NORMA-11319,817
5,NORMA-8469,818
5,NORMA-6329,819
5,NORMA-13861,820
5,NORMA-18592,821
5,NORMA-21340,822
5,NORMA-4084,823
5,NORMA-11415,824
5,NORMA-19204,825
5,NORMA-2181,826
5,NORMA-6070,827
5,NORMA-19681,828
5,NORMA-19061,829
5,NORMA-3900,830
5,NORMA-20835,831
5,NORMA-7620,832
5,NORMA-5128,833
5,NORMA-8894,834
5,NORMA-13011,835
5,NORMA-18778,836
5,NORMA-6487,837
5,NORMA-21549,838
5,NORMA-5077,839
5,NORMA-28762,840
5,NORMA-22661,841
5,NORMA-19579,842
5,NORMA-21633,843
5,NORMA-18324,844
5,NORMA-21385,845
5,NORMA-4717,846
5,NORMA-13009,847
5,NORMA-18759,848
5,NORMA-11742,849
5,NORMA-12744,850
5,NORMA-4702,851
5,NORMA-11836,852
5,NORMA-18419,853
5,NORMA-20378,854
5,NORMA-7162,855
5,NORMA-21435,856
5,NORMA-9393,857
5,NORMA-19344,858
5,NORMA-19070,859
5,NORMA-19642,860
5,NORMA-21354,861
5,NORMA-11242,862
5,NORMA-9842,863
5,NORMA-18500,864
5,NORMA-6846,865
5,NORMA-18253,866
5,NORMA-14014,867
5,NORMA-248,868
5,NORMA-8160,869
5,NORMA-18710,870
5,NORMA-19439,871
5,NORMA-19815,872
5,NORMA-20858,873
5,NORMA-19487,874
5,NORMA-6068,875
5,NORMA-20365,876
5,NORMA-14529,877
5,NORMA-27366,878
5,NORMA-19899,879
5,NORMA-6121,880
5,NORMA-1369,881
5,NORMA-11607,882
5,NORMA-18242,883
5,NORMA-18245,884
5,NORMA-6753,885
5,NORMA-20323,886
5,NORMA-18607,887
5,NORMA-20993,888
5,NORMA-23026,889
5,NORMA-25721,890
5,NORMA-21383,891
5,NORMA-20815,892
5,NORMA-1088,893
5,NORMA-23721,894
5,NORMA-20553,895
5,NORMA-20737,896
5,NORMA-5133,897
5,NORMA-11272,898
5,NORMA-24904,899
5,NORMA-20469,900
5,NORMA-20545,901
5,NORMA-10393,902
5,NORMA-19566,903
5,NORMA-21555,904
5,NORMA-7590,905
5,NORMA-20384,906
5,NORMA-5227,907
5,NORMA-18613,908
5,NORMA-19239,909
5,NORMA-20557,910
5,NORMA-19079,911
5,NORMA-19407,912
5,NORMA-21672,913
5,NORMA-21026,914
5,NORMA-18859,915
5,NORMA-19066,916
5,NORMA-19330,917
5,NORMA-11829,918
5,NORMA-12014,919
5,NORMA-8425,920
5,NORMA-12234,921
5,NORMA-21324,922
5,NORMA-11214,923
5,NORMA-19946,924
5,NORMA-14656,925
5,NORMA-3979,926
5,NORMA-2489,927
5,NORMA-893,928
5,NORMA-14029,929
5,NORMA-14504,930
5,NORMA-9361,931
5,NORMA-3732,932
5,NORMA-20811,933
5,NORMA-8770,934
5,NORMA-21334,935
5,NORMA-18273,936
5,NORMA-27446,937
5,NORMA-18815,938
5,NORMA-14679,939
5,NORMA-5444,940
5,NORMA-14262,941
5,NORMA-12038,942
5,NORMA-19018,943
5,NORMA-13403,944
5,NORMA-21438,945
5,NORMA-21534,946
5,NORMA-6413,947
5,NORMA-7928,948
5,NORMA-15641,949
5,NORMA-21327,950
5,NORMA-18212,951
5,NORMA-20347,952
5,NORMA-12693,953
5,NORMA-4745,954
5,NORMA-14790,955
5,NORMA-11977,956
5,NORMA-18284,957
5,NORMA-4944,958
5,NORMA-15361,959
5,NORMA-24181,960
5,NORMA-11847,961
5,NORMA-10878,962
5,NORMA-15068,963
5,NORMA-15242,964
5,NORMA-2519,965
5,NORMA-13963,966
5,NORMA-9217,967
5,NORMA-21206,968
5,NORMA-2105,969
5,NORMA-18476,970
5,NORMA-21077,971
5,NORMA-20980,972
5,NORMA-11975,973
5,NORMA-6094,974
5,NORMA-8763,975
5,NORMA-21495,976
5,NORMA-27687,977
5,NORMA-20358,978
5,NORMA-9357,979
5,NORMA-10975,980
5,NORMA-1987,981
5,NORMA-11839,982
5,NORMA-2060,983
5,NORMA-14271,984
5,NORMA-20023,985
5,NORMA-13087,986
5,NORMA-18292,987
5,NORMA-1776,988
5,NORMA-8510,989
5,NORMA-18874,990
5,NORMA-14508,991
5,NORMA-12232,992
5,NORMA-21577,993
5,NORMA-12859,994
5,NORMA-19835,995
5,NORMA-20399,996
5,NORMA-21519,997
5,NORMA-664,998
5,NORMA-21582,999
5,NORMA-19708,1000
6,NORMA-20223,1
6,NORMA-19629,2
6,NORMA-19590,3
6,NORMA-19616,4
6,NORMA-21328,5
6,NORMA-9803,6
6,NORMA-6782,7
6,NORMA-14967,8
6,NORMA-21387,9
6,NORMA-8202,10
6,NORMA-21065,11
6,NORMA-5915,12
6,NORMA-4676,13
6,NORMA-20892,14
6,NORMA-29202,15
6,NORMA-7399,16
6,NORMA-28221,17
6,NORMA-4298,18
6,NORMA-5973,19
6,NORMA-29003,20
6,NORMA-6088,21
6,NORMA-20891,22
6,NORMA-19689,23
6,NORMA-13797,24
6,NORMA-6708,25
6,NORMA-11988,26
6,NORMA-19583,27
6,NORMA-21206,28
6,NORMA-13003,29
6,NORMA-13394,30
6,NORMA-1515,31
6,NORMA-25301,32
6,NORMA-11993,33
6,NORMA-29763,34
6,NORMA-7504,35
6,NORMA-12906,36
6,NORMA-19326,37
6,NORMA-515,38
6,NORMA-14347,39
6,NORMA-1455,40
6,NORMA-12066,41
6,NORMA-20713,42
6,NORMA-2233,43
6,NORMA-20907,44
6,NORMA-14615,45
6,NORMA-1170,46
6,NORMA-20959,47
6,NORMA-2207,48
6,NORMA-1438,49
6,NORMA-13188,50
6,NORMA-14633,51
6,NORMA-20912,52
6,NORMA-7240,53
6,NORMA-15096,54
6,NORMA-14857,55
6,NORMA-19705,56
6,NORMA-13255,57
6,NORMA-19925,58
6,NORMA-6679,59
6,NORMA-15189,60
6,NORMA-1100,61
6,NORMA-18734,62
6,NORMA-1452,63
6,NORMA-20893,64
6,NORMA-20880,65
6,NORMA-12925,66
6,NORMA-20906,67
6,NORMA-18801,68
6,NORMA-15362,69
6,NORMA-6093,70
6,NORMA-12107,71
6,NORMA-2390,72
6,NORMA-6888,73
6,NORMA-15802,74
6,NORMA-4767,75
6,NORMA-20960,76
6,NORMA-745,77
6,NORMA-14261,78
6,NORMA-1446,79
6,NORMA-12347,80
6,NORMA-27221,81
6,NORMA-6207,82
6,NORMA-11982,83
6,NORMA-13556,84
6,NORMA-4122,85
6,NORMA-21664,86
6,NORMA-999,87
6,NORMA-21262,88
6,NORMA-2162,89
6,NORMA-20702,90
6,NORMA-20961,91
6,NORMA-14776,92
6,NORMA-20894,93
6,NORMA-13669,94
6,NORMA-9802,95
6,NORMA-12730,96
6,NORMA-1541,97
6,NORMA-11849,98
6,NORMA-14379,99
6,NORMA-2465,100
6,NORMA-1217,101
6,NORMA-12055,102
6,NORMA-15364,103
6,NORMA-13293,104
6,NORMA-6316,105
6,NORMA-14509,106
6,NORMA-19444,107
6,NORMA-29201,108
6,NORMA-13554,109
6,NORMA-14904,110
6,NORMA-12564,111
6,NORMA-11030,112
6,NORMA-11637,113
6,NORMA-20642,114
6,NORMA-1310,115
6,NORMA-11876,116
6,NORMA-21286,117
6,NORMA-12350,118
6,NORMA-15251,119
6,NORMA-3503,120
6,NORMA-8194,121
6,NORMA-20890,122
6,NORMA-2190,123
6,NORMA-18493,124
6,NORMA-20729,125
6,NORMA-10758,126
6,NORMA-14723,127
6,NORMA-15186,128
6,NORMA-12827,129
6,NORMA-6967,130
6,NORMA-20730,131
6,NORMA-6821,132
6,NORMA-10461,133
6,NORMA-10657,134
6,NORMA-20248,135
6,NORMA-20933,136
6,NORMA-919,137
6,NORMA-14984,138
6,NORMA-6763,139
6,NORMA-14858,140
6,NORMA-19942,141
6,NORMA-2057,142
6,NORMA-14650,143
6,NORMA-14777,144
6,NORMA-15050,145
6,NORMA-12328,146
6,NORMA-2519,147
6,NORMA-10623,148
6,NORMA-12253,149
6,NORMA-20646,150
6,NORMA-20704,151
6,NORMA-2432,152
6,NORMA-6702,153
6,NORMA-6753,154
6,NORMA-5607,155
6,NORMA-18626,156
6,NORMA-11813,157
6,NORMA-4954,158
6,NORMA-12986,159
6,NORMA-570,160
6,NORMA-14150,161
6,NORMA-20998,162
6,NORMA-969,163
6,NORMA-6189,164
6,NORMA-11837,165
6,NORMA-11157,166
6,NORMA-12762,167
6,NORMA-19227,168
6,NORMA-15192,169
6,NORMA-11839,170
6,NORMA-11981,171
6,NORMA-12030,172
6,NORMA-461,173
6,NORMA-12348,174
6,NORMA-6181,175
6,NORMA-11742,176
6,NORMA-12351,177
6,NORMA-13444,178
6,NORMA-21148,179
6,NORMA-6630,180
6,NORMA-14460,181
6,NORMA-14145,182
6,NORMA-10839,183
6,NORMA-8702,184
6,NORMA-9183,185
6,NORMA-12699,186
6,NORMA-10260,187
6,NORMA-18487,188
6,NORMA-1178,189
6,NORMA-12484,190
6,NORMA-11835,191
6,NORMA-923,192
6,NORMA-10271,193
6,NORMA-18238,194
6,NORMA-3597,195
6,NORMA-14737,196
6,NORMA-3723,197
6,NORMA-8114,198
6,NORMA-18502,199
6,NORMA-17001,200
6,NORMA-11850,201
6,NORMA-12247,202
6,NORMA-17461,203
6,NORMA-14713,204
6,NORMA-18748,205
6,NORMA-4492,206
6,NORMA-13924,207
6,NORMA-18668,208
6,NORMA-5136,209
6,NORMA-8278,210
6,NORMA-11444,211
6,NORMA-19192,212
6,NORMA-28801,213
6,NORMA-14912,214
6,NORMA-2588,215
6,NORMA-13668,216
6,NORMA-18021,217
6,NORMA-7645,218
6,NORMA-21609,219
6,NORMA-16147,220
6,NORMA-24361,221
6,NORMA-6253,222
6,NORMA-6677,223
6,NORMA-20761,224
6,NORMA-13096,225
6,NORMA-11855,226
6,NORMA-12589,227
6,NORMA-14162,228
6,NORMA-12103,229
6,NORMA-15168,230
6,NORMA-6195,231
6,NORMA-14028,232
6,NORMA-11836,233
6,NORMA-15068,234
6,NORMA-12667,235
6,NORMA-12081,236
6,NORMA-11827,237
6,NORMA-20687,238
6,NORMA-11875,239
6,NORMA-13555,240
6,NORMA-14556,241
6,NORMA-6637,242
6,NORMA-20725,243
6,NORMA-12760,244
6,NORMA-11567,245
6,NORMA-14779,246
6,NORMA-13226,247
6,NORMA-4783,248
6,NORMA-12908,249
6,NORMA-7236,250
6,NORMA-21196,251
6,NORMA-13715,252
6,NORMA-8910,253
6,NORMA-21075,254
6,NORMA-21417,255
6,NORMA-15308,256
6,NORMA-11701,257
6,NORMA-10249,258
6,NORMA-12778,259
6,NORMA-17162,260
6,NORMA-9434,261
6,NORMA-29261,262
6,NORMA-13940,263
6,NORMA-18298,264
6,NORMA-15194,265
6,NORMA-12509,266
6,NORMA-15263,267
6,NORMA-2105,268
6,NORMA-19138,269
6,NORMA-7134,270
6,NORMA-4016,271
6,NORMA-14432,272
6,NORMA-985,273
6,NORMA-4322,274
6,NORMA-9128,275
6,NORMA-20864,276
6,NORMA-12412,277
6,NORMA-10799,278
6,NORMA-11829,279
6,NORMA-3622,280
6,NORMA-18264,281
6,NORMA-18722,282
6,NORMA-11979,283
6,NORMA-14281,284
6,NORMA-8931,285
6,NORMA-14147,286
6,NORMA-2058,287
6,NORMA-7841,288
6,NORMA-4734,289
6,NORMA-12303,290
6,NORMA-14058,291
6,NORMA-14637,292
6,NORMA-4240,293
6,NORMA-4777,294
6,NORMA-11108,295
6,NORMA-14001,296
6,NORMA-11403,297
6,NORMA-8261,298
6,NORMA-10340,299
6,NORMA-8962,300
6,NORMA-11093,301
6,NORMA-25041,302
6,NORMA-14578,303
6,NORMA-13097,304
6,NORMA-5406,305
6,NORMA-2589,306
6,NORMA-13294,307
6,NORMA-14613,308
6,NORMA-16445,309
6,NORMA-12947,310
6,NORMA-15039,311
6,NORMA-11877,312
6,NORMA-11975,313
6,NORMA-13009,314
6,NORMA-10462,315
6,NORMA-12248,316
6,NORMA-13596,317
6,NORMA-11454,318
6,NORMA-19682,319
6,NORMA-7238,320
6,NORMA-11980,321
6,NORMA-12325,322
6,NORMA-13381,323
6,NORMA-10270,324
6,NORMA-15195,325
6,NORMA-10753,326
6,NORMA-10974,327
6,NORMA-20289,328
6,NORMA-19013,329
6,NORMA-13510,330
6,NORMA-13298,331
6,NORMA-14235,332
6,NORMA-9302,333
6,NORMA-14447,334
6,NORMA-18276,335
6,NORMA-18291,336
6,NORMA-9696,337
6,NORMA-18906,338
6,NORMA-10300,339
6,NORMA-10591,340
6,NORMA-10432,341
6,NORMA-26569,342
6,NORMA-6851,343
6,NORMA-12483,344
6,NORMA-13380,345
6,NORMA-10671,346
6,NORMA-11830,347
6,NORMA-10134,348
6,NORMA-13923,349
6,NORMA-11984,350
6,NORMA-3744,351
6,NORMA-14521,352
6,NORMA-11084,353
6,NORMA-19012,354
6,NORMA-19546,355
6,NORMA-18584,356
6,NORMA-11754,357
6,NORMA-9223,358
6,NORMA-18993,359
6,NORMA-10267,360
6,NORMA-23721,361
6,NORMA-4689,362
6,NORMA-14035,363
6,NORMA-20299,364
6,NORMA-14184,365
6,NORMA-13882,366
6,NORMA-26881,367
6,NORMA-18380,368
6,NORMA-18531,369
6,NORMA-11848,370
6,NORMA-13545,371
6,NORMA-18653,372
6,NORMA-10416,373
6,NORMA-7196,374
6,NORMA-21283,375
6,NORMA-9504,376
6,NORMA-11100,377
6,NORMA-10552,378
6,NORMA-7906,379
6,NORMA-15026,380
6,NORMA-1288,381
6,NORMA-9973,382
6,NORMA-11041,383
6,NORMA-12860,384
6,NORMA-21669,385
6,NORMA-19011,386
6,NORMA-16267,387
6,NORMA-13460,388
6,NORMA-8196,389
6,NORMA-14738,390
6,NORMA-18103,391
6,NORMA-14570,392
6,NORMA-13598,393
6,NORMA-11983,394
6,NORMA-20068,395
6,NORMA-9410,396
6,NORMA-18377,397
6,NORMA-14050,398
6,NORMA-265,399
6,NORMA-12789,400
6,NORMA-10601,401
6,NORMA-11868,402
6,NORMA-18670,403
6,NORMA-21767,404
6,NORMA-10731,405
6,NORMA-6994,406
6,NORMA-9957,407
6,NORMA-9863,408
6,NORMA-14154,409
6,NORMA-18990,410
6,NORMA-12227,411
6,NORMA-22302,412
6,NORMA-10067,413
6,NORMA-9695,414
6,NORMA-15647,415
6,NORMA-10846,416
6,NORMA-13591,417
6,NORMA-15336,418
6,NORMA-15191,419
6,NORMA-10747,420
6,NORMA-7163,421
6,NORMA-27402,422
6,NORMA-11946,423
6,NORMA-14380,424
6,NORMA-8818,425
6,NORMA-4480,426
6,NORMA-9038,427
6,NORMA-16881,428
6,NORMA-19734,429
6,NORMA-16922,430
6,NORMA-10945,431
6,NORMA-14011,432
6,NORMA-7901,433
6,NORMA-19924,434
6,NORMA-14786,435
6,NORMA-14241,436
6,NORMA-10785,437
6,NORMA-9081,438
6,NORMA-5243,439
6,NORMA-4616,440
6,NORMA-20742,441
6,NORMA-11921,442
6,NORMA-12510,443
6,NORMA-10724,444
6,NORMA-5849,445
6,NORMA-10914,446
6,NORMA-11279,447
6,NORMA-14382,448
6,NORMA-10682,449
6,NORMA-9036,450
6,NORMA-5910,451
6,NORMA-12805,452
6,NORMA-12375,453
6,NORMA-18379,454
6,NORMA-12009,455
6,NORMA-23964,456
6,NORMA-13547,457
6,NORMA-8909,458
6,NORMA-12252,459
6,NORMA-12464,460
6,NORMA-1534,461
6,NORMA-9637,462
6,NORMA-8385,463
6,NORMA-11856,464
6,NORMA-2378,465
6,NORMA-26901,466
6,NORMA-8195,467
6,NORMA-11874,468
6,NORMA-14476,469
6,NORMA-22342,470
6,NORMA-12628,471
6,NORMA-14051,472
6,NORMA-9351,473
6,NORMA-11834,474
6,NORMA-11375,475
6,NORMA-21086,476
6,NORMA-13627,477
6,NORMA-12602,478
6,NORMA-19429,479
6,NORMA-12495,480
6,NORMA-9200,481
6,NORMA-10508,482
6,NORMA-14678,483
6,NORMA-12198,484
6,NORMA-12472,485
6,NORMA-13382,486
6,NORMA-21284,487
6,NORMA-12433,488
6,NORMA-14049,489
6,NORMA-13714,490
6,NORMA-20926,491
6,NORMA-2421,492
6,NORMA-8657,493
6,NORMA-11373,494
6,NORMA-14573,495
6,NORMA-10376,496
6,NORMA-12088,497
6,NORMA-8111,498
6,NORMA-7278,499
6,NORMA-9158,500
6,NORMA-11155,501
6,NORMA-14739,502
6,NORMA-9234,503
6,NORMA-18944,504
6,NORMA-8736,505
6,NORMA-9404,506
6,NORMA-12246,507
6,NORMA-11023,508
6,NORMA-22281,509
6,NORMA-3661,510
6,NORMA-1229,511
6,NORMA-21227,512
6,NORMA-11204,513
6,NORMA-15169,514
6,NORMA-11816,515
6,NORMA-12711,516
6,NORMA-15040,517
6,NORMA-8646,518
6,NORMA-6965,519
6,NORMA-8582,520
6,NORMA-10053,521
6,NORMA-2388,522
6,NORMA-2534,523
6,NORMA-11442,524
6,NORMA-3985,525
6,NORMA-2385,526
6,NORMA-15276,527
6,NORMA-13222,528
6,NORMA-8508,529
6,NORMA-1621,530
6,NORMA-15128,531
6,NORMA-5942,532
6,NORMA-8846,533
6,NORMA-6665,534
6,NORMA-12669,535
6,NORMA-8643,536
6,NORMA-9955,537
6,NORMA-6515,538
6,NORMA-9857,539
6,NORMA-9338,540
6,NORMA-11932,541
6,NORMA-11510,542
6,NORMA-4561,543
6,NORMA-2120,544
6,NORMA-15124,545
6,NORMA-19515,546
6,NORMA-6346,547
6,NORMA-11209,548
6,NORMA-1987,549
6,NORMA-7811,550
6,NORMA-5219,551
6,NORMA-13299,552
6,NORMA-11722,553
6,NORMA-9914,554
6,NORMA-11187,555
6,NORMA-13526,556
6,NORMA-13932,557
6,NORMA-7160,558
6,NORMA-7311,559
6,NORMA-10058,560
6,NORMA-12436,561
6,NORMA-5385,562
6,NORMA-14999,563
6,NORMA-14562,564
6,NORMA-13884,565
6,NORMA-180,566
6,NORMA-10025,567
6,NORMA-17701,568
6,NORMA-11838,569
6,NORMA-21440,570
6,NORMA-7494,571
6,NORMA-9743,572
6,NORMA-9708,573
6,NORMA-8096,574
6,NORMA-8094,575
6,NORMA-14975,576
6,NORMA-6720,577
6,NORMA-10463,578
6,NORMA-12674,579
6,NORMA-14551,580
6,NORMA-13263,581
6,NORMA-7760,582
6,NORMA-8472,583
6,NORMA-20964,584
6,NORMA-13264,585
6,NORMA-1656,586
6,NORMA-19779,587
6,NORMA-14317,588
6,NORMA-14315,589
6,NORMA-9842,590
6,NORMA-14711,591
6,NORMA-14172,592
6,NORMA-12360,593
6,NORMA-14685,594
6,NORMA-10467,595
6,NORMA-5320,596
6,NORMA-8415,597
6,NORMA-11828,598
6,NORMA-16401,599
6,NORMA-23681,600
6,NORMA-8737,601
6,NORMA-8971,602
6,NORMA-11300,603
6,NORMA-11706,604
6,NORMA-6399,605
6,NORMA-13696,606
6,NORMA-13991,607
6,NORMA-13944,608
6,NORMA-9147,609
6,NORMA-6999,610
6,NORMA-13607,611
6,NORMA-11003,612
6,NORMA-10046,613
6,NORMA-12579,614
6,NORMA-18435,615
6,NORMA-11420,616
6,NORMA-18764,617
6,NORMA-6164,618
6,NORMA-6226,619
6,NORMA-20703,620
6,NORMA-11480,621
6,NORMA-12178,622
6,NORMA-1571,623
6,NORMA-13685,624
6,NORMA-11423,625
6,NORMA-15363,626
6,NORMA-15197,627
6,NORMA-14249,628
6,NORMA-15059,629
6,NORMA-12920,630
6,NORMA-18843,631
6,NORMA-4560,632
6,NORMA-5336,633
6,NORMA-14510,634
6,NORMA-7648,635
6,NORMA-14585,636
6,NORMA-9997,637
6,NORMA-13790,638
6,NORMA-1718,639
6,NORMA-10920,640
6,NORMA-8090,641
6,NORMA-8307,642
6,NORMA-16446,643
6,NORMA-9035,644
6,NORMA-19398,645
6,NORMA-7026,646
6,NORMA-10800,647
6,NORMA-9440,648
6,NORMA-19016,649
6,NORMA-3733,650
6,NORMA-7928,651
6,NORMA-21291,652
6,NORMA-14475,653
6,NORMA-4105,654
6,NORMA-15264,655
6,NORMA-11790,656
6,NORMA-14664,657
6,NORMA-9446,658
6,NORMA-10773,659
6,NORMA-9179,660
6,NORMA-14608,661
6,NORMA-5633,662
6,NORMA-13866,663
6,NORMA-7326,664
6,NORMA-11931,665
6,NORMA-9305,666
6,NORMA-10335,667
6,NORMA-7351,668
6,NORMA-11592,669
6,NORMA-7620,670
6,NORMA-13529,671
6,NORMA-13093,672
6,NORMA-14498,673
6,NORMA-9605,674
6,NORMA-10281,675
6,NORMA-14561,676
6,NORMA-20910,677
6,NORMA-11920,678
6,NORMA-14280,679
6,NORMA-11974,680
6,NORMA-9685,681
6,NORMA-1667,682
6,NORMA-9312,683
6,NORMA-16586,684
6,NORMA-24362,685
6,NORMA-14568,686
6,NORMA-12160,687
6,NORMA-14348,688
6,NORMA-9950,689
6,NORMA-9566,690
6,NORMA-13087,691
6,NORMA-13713,692
6,NORMA-18934,693
6,NORMA-13029,694
6,NORMA-18427,695
6,NORMA-10297,696
6,NORMA-13946,697
6,NORMA-1349,698
6,NORMA-10092,699
6,NORMA-21690,700
6,NORMA-15392,701
6,NORMA-15038,702
6,NORMA-12236,703
6,NORMA-675,704
6,NORMA-3901,705
6,NORMA-1841,706
6,NORMA-14801,707
6,NORMA-21418,708
6,NORMA-6808,709
6,NORMA-10330,710
6,NORMA-3555,711
6,NORMA-26861,712
6,NORMA-6676,713
6,NORMA-9528,714
6,NORMA-12983,715
6,NORMA-6069,716
6,NORMA-11844,717
6,NORMA-15176,718
6,NORMA-13642,719
6,NORMA-9477,720
6,NORMA-28342,721
6,NORMA-3872,722
6,NORMA-12006,723
6,NORMA-7223,724
6,NORMA-8590,725
6,NORMA-21526,726
6,NORMA-7867,727
6,NORMA-13119,728
6,NORMA-1303,729
6,NORMA-12763,730
6,NORMA-12170,731
6,NORMA-9498,732
6,NORMA-18227,733
6,NORMA-14169,734
6,NORMA-13454,735
6,NORMA-2337,736
6,NORMA-12039,737
6,NORMA-16602,738
6,NORMA-4544,739
6,NORMA-3732,740
6,NORMA-29603,741
6,NORMA-14234,742
6,NORMA-12340,743
6,NORMA-14148,744
6,NORMA-4093,745
6,NORMA-6278,746
6,NORMA-19072,747
6,NORMA-12481,748
6,NORMA-10730,749
6,NORMA-9127,750
6,NORMA-14082,751
6,NORMA-1572,752
6,NORMA-14136,753
6,NORMA-13528,754
6,NORMA-7647,755
6,NORMA-14331,756
6,NORMA-16863,757
6,NORMA-15255,758
6,NORMA-17541,759
6,NORMA-14796,760
6,NORMA-12125,761
6,NORMA-18700,762
6,NORMA-12342,763
6,NORMA-10740,764
6,NORMA-8653,765
6,NORMA-11031,766
6,NORMA-3849,767
6,NORMA-14225,768
6,NORMA-21127,769
6,NORMA-21084,770
6,NORMA-11674,771
6,NORMA-8735,772
6,NORMA-13411,773
6,NORMA-9265,774
6,NORMA-14155,775
6,NORMA-9521,776
6,NORMA-10488,777
6,NORMA-8992,778
6,NORMA-6044,779
6,NORMA-15113,780
6,NORMA-15742,781
6,NORMA-5792,782
6,NORMA-9496,783
6,NORMA-13025,784
6,NORMA-18685,785
6,NORMA-14135,786
6,NORMA-1655,787
6,NORMA-14668,788
6,NORMA-11319,789
6,NORMA-14336,790
6,NORMA-4019,791
6,NORMA-10094,792
6,NORMA-11537,793
6,NORMA-12165,794
6,NORMA-14782,795
6,NORMA-14834,796
6,NORMA-6352,797
6,NORMA-10864,798
6,NORMA-9684,799
6,NORMA-14752,800
6,NORMA-12467,801
6,NORMA-21499,802
6,NORMA-13589,803
6,NORMA-8513,804
6,NORMA-7625,805
6,NORMA-8188,806
6,NORMA-14938,807
6,NORMA-12232,808
6,NORMA-11991,809
6,NORMA-13005,810
6,NORMA-15316,811
6,NORMA-16864,812
6,NORMA-12673,813
6,NORMA-18243,814
6,NORMA-18702,815
6,NORMA-10507,816
6,NORMA-8647,817
6,NORMA-7803,818
6,NORMA-19610,819
6,NORMA-18273,820
6,NORMA-28421,821
6,NORMA-10121,822
6,NORMA-10930,823
6,NORMA-9541,824
6,NORMA-7939,825
6,NORMA-12390,826
6,NORMA-14826,827
6,NORMA-13340,828
6,NORMA-5170,829
6,NORMA-10650,830
6,NORMA-12987,831
6,NORMA-22683,832
6,NORMA-14657,833
6,NORMA-14053,834
6,NORMA-15094,835
6,NORMA-14982,836
6,NORMA-7984,837
6,NORMA-6984,838
6,NORMA-13871,839
6,NORMA-20943,840
6,NORMA-4759,841
6,NORMA-10686,842
6,NORMA-21574,843
6,NORMA-10602,844
6,NORMA-18299,845
6,NORMA-15321,846
6,NORMA-10535,847
6,NORMA-12099,848
6,NORMA-12691,849
6,NORMA-20707,850
6,NORMA-14814,851
6,NORMA-13180,852
6,NORMA-6802,853
6,NORMA-11571,854
6,NORMA-14344,855
6,NORMA-12102,856
6,NORMA-21122,857
6,NORMA-13357,858
6,NORMA-6167,859
6,NORMA-13863,860
6,NORMA-7670,861
6,NORMA-13648,862
6,NORMA-10122,863
6,NORMA-19979,864
6,NORMA-13992,865
6,NORMA-14316,866
6,NORMA-13403,867
6,NORMA-14743,868
6,NORMA-893,869
6,NORMA-5833,870
6,NORMA-10117,871
6,NORMA-13745,872
6,NORMA-9503,873
6,NORMA-7987,874
6,NORMA-11330,875
6,NORMA-14171,876
6,NORMA-20923,877
6,NORMA-15645,878
6,NORMA-16641,879
6,NORMA-11099,880
6,NORMA-5708,881
6,NORMA-8149,882
6,NORMA-21034,883
6,NORMA-12767,884
6,NORMA-12420,885
6,NORMA-18453,886
6,NORMA-21009,887
6,NORMA-8160,888
6,NORMA-29042,889
6,NORMA-10718,890
6,NORMA-8143,891
6,NORMA-11840,892
6,NORMA-14988,893
6,NORMA-10999,894
6,NORMA-20632,895
6,NORMA-9940,896
6,NORMA-11435,897
6,NORMA-7422,898
6,NORMA-11887,899
6,NORMA-10770,900
6,NORMA-9948,901
6,NORMA-8179,902
6,NORMA-2660,903
6,NORMA-7219,904
6,NORMA-11151,905
6,NORMA-12406,906
6,NORMA-11605,907
6,NORMA-9010,908
6,NORMA-10692,909
6,NORMA-13497,910
6,NORMA-13900,911
6,NORMA-13337,912
6,NORMA-6900,913
6,NORMA-8772,914
6,NORMA-18513,915
6,NORMA-5736,916
6,NORMA-15187,917
6,NORMA-10831,918
6,NORMA-10431,919
6,NORMA-6863,920
6,NORMA-12676,921
6,NORMA-20302,922
6,NORMA-11010,923
6,NORMA-21729,924
6,NORMA-12421,925
6,NORMA-13466,926
6,NORMA-11978,927
6,NORMA-13414,928
6,NORMA-1672,929
6,NORMA-6631,930
6,NORMA-5210,931
6,NORMA-11271,932
6,NORMA-11494,933
6,NORMA-14935,934
6,NORMA-14420,935
6,NORMA-10206,936
6,NORMA-12501,937
6,NORMA-13776,938
6,NORMA-3725,939
6,NORMA-14854,940
6,NORMA-7156,941
6,NORMA-14628,942
6,NORMA-10761,943
6,NORMA-19431,944
6,NORMA-2551,945
6,NORMA-10830,946
6,NORMA-9906,947
6,NORMA-12431,948
6,NORMA-2002,949
6,NORMA-12857,950
6,NORMA-12863,951
6,NORMA-6622,952
6,NORMA-4239,953
6,NORMA-10285,954
6,NORMA-10703,955
6,NORMA-10292,956
6,NORMA-13802,957
6,NORMA-10737,958
6,NORMA-12502,959
6,NORMA-14766,960
6,NORMA-27524,961
6,NORMA-9565,962
6,NORMA-15196,963
6,NORMA-2101,964
6,NORMA-1981,965
6,NORMA-8580,966
6,NORMA-27550,967
6,NORMA-7227,968
6,NORMA-21159,969
6,NORMA-8758,970
6,NORMA-9740,971
6,NORMA-10306,972
6,NORMA-27746,973
6,NORMA-10673,974
6,NORMA-8352,975
6,NORMA-11208,976
6,NORMA-14528,977
6,NORMA-18704,978
6,NORMA-13317,979
6,NORMA-13523,980
6,NORMA-18307,981
6,NORMA-13659,982
6,NORMA-19022,983
6,NORMA-20920,984
6,NORMA-6062,985
6,NORMA-21324,986
6,NORMA-6988,987
6,NORMA-7808,988
6,NORMA-11342,989
6,NORMA-7895,990
6,NORMA-13799,991
6,NORMA-14708,992
6,NORMA-18711,993
6,NORMA-25903,994
6,NORMA-12326,995
6,NORMA-10355,996
6,NORMA-1609,997
6,NORMA-21788,998
6,NORMA-9415,999
6,NORMA-20582,1000
7,NORMA-18530,1
7,NORMA-21711,2
7,NORMA-18753,3
7,NORMA-19961,4
7,NORMA-18994,5
7,NORMA-19194,6
7,NORMA-19982,7
7,NORMA-18337,8
7,NORMA-21580,9
7,NORMA-20879,10
7,NORMA-27161,11
7,NORMA-20990,12
7,NORMA-19321,13
7,NORMA-21586,14
7,NORMA-18910,15
7,NORMA-13402,16
7,NORMA-20491,17
7,NORMA-20901,18
7,NORMA-18756,19
7,NORMA-20887,20
7,NORMA-19698,21
7,NORMA-19712,22
7,NORMA-18211,23
7,NORMA-20927,24
7,NORMA-21497,25
7,NORMA-19047,26
7,NORMA-19514,27
7,NORMA-21332,28
7,NORMA-11737,29
7,NORMA-19711,30
7,NORMA-21637,31
7,NORMA-21141,32
7,NORMA-18519,33
7,NORMA-20129,34
7,NORMA-21295,35
7,NORMA-18663,36
7,NORMA-20845,37
7,NORMA-24941,38
7,NORMA-21761,39
7,NORMA-21285,40
7,NORMA-21344,41
7,NORMA-19645,42
7,NORMA-20138,43
7,NORMA-18996,44
7,NORMA-20926,45
7,NORMA-19000,46
7,NORMA-20622,47
7,NORMA-18368,48
7,NORMA-19278,49
7,NORMA-10565,50
7,NORMA-21578,51
7,NORMA-21183,52
7,NORMA-21709,53
7,NORMA-21423,54
7,NORMA-18673,55
7,NORMA-20705,56
7,NORMA-20694,57
7,NORMA-3855,58
7,NORMA-20139,59
7,NORMA-18636,60
7,NORMA-18574,61
7,NORMA-21214,62
7,NORMA-21433,63
7,NORMA-3777,64
7,NORMA-21724,65
7,NORMA-21443,66
7,NORMA-21400,67
7,NORMA-21649,68
7,NORMA-20815,69
7,NORMA-21389,70
7,NORMA-20994,71
7,NORMA-18995,72
7,NORMA-9237,73
7,NORMA-21660,74
7,NORMA-21743,75
7,NORMA-19003,76
7,NORMA-18102,77
7,NORMA-20976,78
7,NORMA-18650,79
7,NORMA-18754,80
7,NORMA-21301,81
7,NORMA-29062,82
7,NORMA-21617,83
7,NORMA-13990,84
7,NORMA-21402,85
7,NORMA-21641,86
7,NORMA-18463,87
7,NORMA-20863,88
7,NORMA-20963,89
7,NORMA-19323,90
7,NORMA-21703,91
7,NORMA-19691,92
7,NORMA-18691,93
7,NORMA-18397,94
7,NORMA-18247,95
7,NORMA-20922,96
7,NORMA-18682,97
7,NORMA-21738,98
7,NORMA-9646,99
7,NORMA-20283,100
7,NORMA-21177,101
7,NORMA-19437,102
7,NORMA-18647,103
7,NORMA-12159,104
7,NORMA-21779,105
7,NORMA-20676,106
7,NORMA-19640,107
7,NORMA-21635,108
7,NORMA-18729,109
7,NORMA-21701,110
7,NORMA-21407,111
7,NORMA-18572,112
7,NORMA-21280,113
7,NORMA-19281,114
7,NORMA-2478,115
7,NORMA-21155,116
7,NORMA-9455,117
7,NORMA-20585,118
7,NORMA-21499,119
7,NORMA-18341,120
7,NORMA-17401,121
7,NORMA-19969,122
7,NORMA-20591,123
7,NORMA-11557,124
7,NORMA-19623,125
7,NORMA-18878,126
7,NORMA-18750,127
7,NORMA-21613,128
7,NORMA-19124,129
7,NORMA-18699,130
7,NORMA-21282,131
7,NORMA-19118,132
7,NORMA-20225,133
7,NORMA-21391,134
7,NORMA-21707,135
7,NORMA-20497,136
7,NORMA-21482,137
7,NORMA-20790,138
7,NORMA-21361,139
7,NORMA-21564,140
7,NORMA-21444,141
7,NORMA-21013,142
7,NORMA-16402,143
7,NORMA-10154,144
7,NORMA-19526,145
7,NORMA-18294,146
7,NORMA-20890,147
7,NORMA-21401,148
7,NORMA-18401,149
7,NORMA-19954,150
7,NORMA-19680,151
7,NORMA-18839,152
7,NORMA-10331,153
7,NORMA-19776,154
7,NORMA-18955,155
7,NORMA-20054,156
7,NORMA-18974,157
7,NORMA-19844,158
7,NORMA-19732,159
7,NORMA-19518,160
7,NORMA-18583,161
7,NORMA-19972,162
7,NORMA-18293,163
7,NORMA-5712,164
7,NORMA-20300,165
7,NORMA-19971,166
7,NORMA-19408,167
7,NORMA-21594,168
7,NORMA-21225,169
7,NORMA-21386,170
7,NORMA-21538,171
7,NORMA-19013,172
7,NORMA-20071,173
7,NORMA-5142,174
7,NORMA-18631,175
7,NORMA-23361,176
7,NORMA-21392,177
7,NORMA-21330,178
7,NORMA-19100,179
7,NORMA-11137,180
7,NORMA-21640,181
7,NORMA-19749,182
7,NORMA-19057,183
7,NORMA-18472,184
7,NORMA-21404,185
7,NORMA-18696,186
7,NORMA-21663,187
7,NORMA-18720,188
7,NORMA-19467,189
7,NORMA-19697,190
7,NORMA-9497,191
7,NORMA-19307,192
7,NORMA-19743,193
7,NORMA-18732,194
7,NORMA-13009,195
7,NORMA-25645,196
7,NORMA-21710,197
7,NORMA-19512,198
7,NORMA-20140,199
7,NORMA-18627,200
7,NORMA-21562,201
7,NORMA-21509,202
7,NORMA-21222,203
7,NORMA-19104,204
7,NORMA-20222,205
7,NORMA-21434,206
7,NORMA-21621,207
7,NORMA-21298,208
7,NORMA-18767,209
7,NORMA-18366,210
7,NORMA-18725,211
7,NORMA-20795,212
7,NORMA-18741,213
7,NORMA-11674,214
7,NORMA-19622,215
7,NORMA-19913,216
7,NORMA-7621,217
7,NORMA-19262,218
7,NORMA-21390,219
7,NORMA-27363,220
7,NORMA-7238,221
7,NORMA-19646,222
7,NORMA-21442,223
7,NORMA-21418,224
7,NORMA-19455,225
7,NORMA-19454,226
7,NORMA-22981,227
7,NORMA-21085,228
7,NORMA-19630,229
7,NORMA-18944,230
7,NORMA-21019,231
7,NORMA-18240,232
7,NORMA-19657,233
7,NORMA-19731,234
7,NORMA-18687,235
7,NORMA-21651,236
7,NORMA-19054,237
7,NORMA-19750,238
7,NORMA-19427,239
7,NORMA-21190,240
7,NORMA-11913,241
7,NORMA-18536,242
7,NORMA-18672,243
7,NORMA-21024,244
7,NORMA-18338,245
7,NORMA-19258,246
7,NORMA-13912,247
7,NORMA-19721,248
7,NORMA-19372,249
7,NORMA-21151,250
7,NORMA-18254,251
7,NORMA-21059,252
7,NORMA-19655,253
7,NORMA-18887,254
7,NORMA-18528,255
7,NORMA-9393,256
7,NORMA-12284,257
7,NORMA-19062,258
7,NORMA-21108,259
7,NORMA-8613,260
7,NORMA-19223,261
7,NORMA-15964,262
7,NORMA-18520,263
7,NORMA-18824,264
7,NORMA-21185,265
7,NORMA-13883,266
7,NORMA-14429,267
7,NORMA-19668,268
7,NORMA-19087,269
7,NORMA-19513,270
7,NORMA-10434,271
7,NORMA-19463,272
7,NORMA-21290,273
7,NORMA-14613,274
7,NORMA-8763,275
7,NORMA-21364,276
7,NORMA-19386,277
7,NORMA-8201,278
7,NORMA-18811,279
7,NORMA-19627,280
7,NORMA-11563,281
7,NORMA-19355,282
7,NORMA-18755,283
7,NORMA-18695,284
7,NORMA-19176,285
7,NORMA-24061,286
7,NORMA-21308,287
7,NORMA-11728,288
7,NORMA-19256,289
7,NORMA-10429,290
7,NORMA-16462,291
7,NORMA-19134,292
7,NORMA-21643,293
7,NORMA-19648,294
7,NORMA-14726,295
7,NORMA-18396,296
7,NORMA-11572,297
7,NORMA-21607,298
7,NORMA-19782,299
7,NORMA-18633,300
7,NORMA-18514,301
7,NORMA-19619,302
7,NORMA-23341,303
7,NORMA-19072,304
7,NORMA-18375,305
7,NORMA-21453,306
7,NORMA-21533,307
7,NORMA-19191,308
7,NORMA-19303,309
7,NORMA-21336,310
7,NORMA-14350,311
7,NORMA-21325,312
7,NORMA-21384,313
7,NORMA-21394,314
7,NORMA-20202,315
7,NORMA-18213,316
7,NORMA-9124,317
7,NORMA-18416,318
7,NORMA-23301,319
7,NORMA-20135,320
7,NORMA-19009,321
7,NORMA-21567,322
7,NORMA-19291,323
7,NORMA-20270,324
7,NORMA-18271,325
7,NORMA-18201,326
7,NORMA-19014,327
7,NORMA-18646,328
7,NORMA-7094,329
7,NORMA-18351,330
7,NORMA-1445,331
7,NORMA-19182,332
7,NORMA-21213,333
7,NORMA-1295,334
7,NORMA-20629,335
7,NORMA-21351,336
7,NORMA-19616,337
7,NORMA-5292,338
7,NORMA-19240,339
7,NORMA-11565,340
7,NORMA-11505,341
7,NORMA-12832,342
7,NORMA-11512,343
7,NORMA-5480,344
7,NORMA-19040,345
7,NORMA-10931,346
7,NORMA-18790,347
7,NORMA-19356,348
7,NORMA-19570,349
7,NORMA-6665,350
7,NORMA-21678,351
7,NORMA-11567,352
7,NORMA-18979,353
7,NORMA-19280,354
7,NORMA-19558,355
7,NORMA-18877,356
7,NORMA-11087,357
7,NORMA-20960,358
7,NORMA-19974,359
7,NORMA-9078,360
7,NORMA-3854,361
7,NORMA-24661,362
7,NORMA-21360,363
7,NORMA-11414,364
7,NORMA-20219,365
7,NORMA-28982,366
7,NORMA-19279,367
7,NORMA-19813,368
7,NORMA-20797,369
7,NORMA-19555,370
7,NORMA-11950,371
7,NORMA-18538,372
7,NORMA-18935,373
7,NORMA-6242,374
7,NORMA-21677,375
7,NORMA-21132,376
7,NORMA-18888,377
7,NORMA-21488,378
7,NORMA-19468,379
7,NORMA-18630,380
7,NORMA-19237,381
7,NORMA-21405,382
7,NORMA-5143,383
7,NORMA-13635,384
7,NORMA-21319,385
7,NORMA-211,386
7,NORMA-21199,387
7,NORMA-21535,388
7,NORMA-19164,389
7,NORMA-10675,390
7,NORMA-11233,391
7,NORMA-10259,392
7,NORMA-19119,393
7,NORMA-11670,394
7,NORMA-18275,395
7,NORMA-4499,396
7,NORMA-18656,397
7,NORMA-21041,398
7,NORMA-20447,399
7,NORMA-21718,400
7,NORMA-5226,401
7,NORMA-18230,402
7,NORMA-14654,403
7,NORMA-21531,404
7,NORMA-20807,405
7,NORMA-6252,406
7,NORMA-20862,407
7,NORMA-7556,408
7,NORMA-19440,409
7,NORMA-21178,410
7,NORMA-19675,411
7,NORMA-21447,412
7,NORMA-9843,413
7,NORMA-18775,414
7,NORMA-19068,415
7,NORMA-11597,416
7,NORMA-11607,417
7,NORMA-4636,418
7,NORMA-18343,419
7,NORMA-13593,420
7,NORMA-9936,421
7,NORMA-20170,422
7,NORMA-19004,423
7,NORMA-21821,424
7,NORMA-18565,425
7,NORMA-3690,426
7,NORMA-10034,427
7,NORMA-14974,428
7,NORMA-20075,429
7,NORMA-19435,430
7,NORMA-11901,431
7,NORMA-17162,432
7,NORMA-4162,433
7,NORMA-21422,434
7,NORMA-19507,435
7,NORMA-19628,436
7,NORMA-21326,437
7,NORMA-21627,438
7,NORMA-13011,439
7,NORMA-19501,440
7,NORMA-14054,441
7,NORMA-19600,442
7,NORMA-18354,443
7,NORMA-20717,444
7,NORMA-11714,445
7,NORMA-13715,446
7,NORMA-9959,447
7,NORMA-19900,448
7,NORMA-9480,449
7,NORMA-18242,450
7,NORMA-18660,451
7,NORMA-21565,452
7,NORMA-26804,453
7,NORMA-10787,454
7,NORMA-19888,455
7,NORMA-18319,456
7,NORMA-10455,457
7,NORMA-14090,458
7,NORMA-7319,459
7,NORMA-7940,460
7,NORMA-11416,461
7,NORMA-21233,462
7,NORMA-21049,463
7,NORMA-8767,464
7,NORMA-19316,465
7,NORMA-14884,466
7,NORMA-4084,467
7,NORMA-21462,468
7,NORMA-21555,469
7,NORMA-21470,470
7,NORMA-19509,471
7,NORMA-19306,472
7,NORMA-7674,473
7,NORMA-4195,474
7,NORMA-20969,475
7,NORMA-19490,476
7,NORMA-8269,477
7,NORMA-21675,478
7,NORMA-13664,479
7,NORMA-19186,480
7,NORMA-20888,481
7,NORMA-18400,482
7,NORMA-21398,483
7,NORMA-19473,484
7,NORMA-14113,485
7,NORMA-18352,486
7,NORMA-18688,487
7,NORMA-19723,488
7,NORMA-5426,489
7,NORMA-21526,490
7,NORMA-21452,491
7,NORMA-21694,492
7,NORMA-19634,493
7,NORMA-11144,494
7,NORMA-18980,495
7,NORMA-4512,496
7,NORMA-12144,497
7,NORMA-18241,498
7,NORMA-11604,499
7,NORMA-19780,500
7,NORMA-20302,501
7,NORMA-19298,502
7,NORMA-2554,503
7,NORMA-10140,504
7,NORMA-18998,505
7,NORMA-21490,506
7,NORMA-18599,507
7,NORMA-18707,508
7,NORMA-10538,509
7,NORMA-19496,510
7,NORMA-14520,511
7,NORMA-5009,512
7,NORMA-21563,513
7,NORMA-27341,514
7,NORMA-10339,515
7,NORMA-2001,516
7,NORMA-5371,517
7,NORMA-21031,518
7,NORMA-15134,519
7,NORMA-9737,520
7,NORMA-4846,521
7,NORMA-18577,522
7,NORMA-19716,523
7,NORMA-21167,524
7,NORMA-20185,525
7,NORMA-19327,526
7,NORMA-14465,527
7,NORMA-29163,528
7,NORMA-6329,529
7,NORMA-2058,530
7,NORMA-19606,531
7,NORMA-19373,532
7,NORMA-27101,533
7,NORMA-19050,534
7,NORMA-20163,535
7,NORMA-18830,536
7,NORMA-19241,537
7,NORMA-19679,538
7,NORMA-10651,539
7,NORMA-21173,540
7,NORMA-18832,541
7,NORMA-20295,542
7,NORMA-1114,543
7,NORMA-21124,544
7,NORMA-19948,545
7,NORMA-13610,546
7,NORMA-6622,547
7,NORMA-9226,548
7,NORMA-20070,549
7,NORMA-12880,550
7,NORMA-21409,551
7,NORMA-11577,552
7,NORMA-19441,553
7,NORMA-5348,554
7,NORMA-18295,555
7,NORMA-29182,556
7,NORMA-21638,557
7,NORMA-19700,558
7,NORMA-20049,559
7,NORMA-16382,560
7,NORMA-11282,561
7,NORMA-18794,562
7,NORMA-7146,563
7,NORMA-28321,564
7,NORMA-19358,565
7,NORMA-209,566
7,NORMA-18727,567
7,NORMA-11742,568
7,NORMA-20849,569
7,NORMA-12011,570
7,NORMA-18734,571
7,NORMA-14029,572
7,NORMA-19540,573
7,NORMA-660,574
7,NORMA-18616,575
7,NORMA-19730,576
7,NORMA-4102,577
7,NORMA-18181,578
7,NORMA-4046,579
7,NORMA-19006,580
7,NORMA-18817,581
7,NORMA-423,582
7,NORMA-18398,583
7,NORMA-18365,584
7,NORMA-11516,585
7,NORMA-3907,586
7,NORMA-19979,587
7,NORMA-11101,588
7,NORMA-10322,589
7,NORMA-18267,590
7,NORMA-19705,591
7,NORMA-19669,592
7,NORMA-19592,593
7,NORMA-8197,594
7,NORMA-9072,595
7,NORMA-21554,596
7,NORMA-21460,597
7,NORMA-13903,598
7,NORMA-21272,599
7,NORMA-18909,600
7,NORMA-18793,601
7,NORMA-12911,602
7,NORMA-21680,603
7,NORMA-19393,604
7,NORMA-19378,605
7,NORMA-19642,606
7,NORMA-18856,607
7,NORMA-21269,608
7,NORMA-18847,609
7,NORMA-19055,610
7,NORMA-1841,611
7,NORMA-19005,612
7,NORMA-20106,613
7,NORMA-20915,614
7,NORMA-21289,615
7,NORMA-19305,616
7,NORMA-18429,617
7,NORMA-21744,618
7,NORMA-19200,619
7,NORMA-11346,620
7,NORMA-21631,621
7,NORMA-11722,622
7,NORMA-24461,623
7,NORMA-19547,624
7,NORMA-19703,625
7,NORMA-21773,626
7,NORMA-4477,627
7,NORMA-19083,628
7,NORMA-18260,629
7,NORMA-20737,630
7,NORMA-19791,631
7,NORMA-18489,632
7,NORMA-18969,633
7,NORMA-20223,634
7,NORMA-11578,635
7,NORMA-21748,636
7,NORMA-18964,637
7,NORMA-21284,638
7,NORMA-26263,639
7,NORMA-13555,640
7,NORMA-3556,641
7,NORMA-21620,642
7,NORMA-4612,643
7,NORMA-11046,644
7,NORMA-20626,645
7,NORMA-6948,646
7,NORMA-21122,647
7,NORMA-19738,648
7,NORMA-19486,649
7,NORMA-19734,650
7,NORMA-21591,651
7,NORMA-11517,652
7,NORMA-9195,653
7,NORMA-21343,654
7,NORMA-19986,655
7,NORMA-18966,656
7,NORMA-19575,657
7,NORMA-10298,658
7,NORMA-19837,659
7,NORMA-20731,660
7,NORMA-25722,661
7,NORMA-4310,662
7,NORMA-19938,663
7,NORMA-21449,664
7,NORMA-19722,665
7,NORMA-6171,666
7,NORMA-24621,667
7,NORMA-19019,668
7,NORMA-3853,669
7,NORMA-21615,670
7,NORMA-4254,671
7,NORMA-19687,672
7,NORMA-5498,673
7,NORMA-19985,674
7,NORMA-19503,675
7,NORMA-18465,676
7,NORMA-11765,677
7,NORMA-18985,678
7,NORMA-3837,679
7,NORMA-19928,680
7,NORMA-2470,681
7,NORMA-14085,682
7,NORMA-20833,683
7,NORMA-11762,684
7,NORMA-19535,685
7,NORMA-18228,686
7,NORMA-21597,687
7,NORMA-21022,688
7,NORMA-18990,689
7,NORMA-19158,690
7,NORMA-19725,691
7,NORMA-27366,692
7,NORMA-22141,693
7,NORMA-11602,694
7,NORMA-18324,695
7,NORMA-27063,696
7,NORMA-14890,697
7,NORMA-19309,698
7,NORMA-21277,699
7,NORMA-20063,700
7,NORMA-11666,701
7,NORMA-19007,702
7,NORMA-11723,703
7,NORMA-15028,704
7,NORMA-3757,705
7,NORMA-19343,706
7,NORMA-18427,707
7,NORMA-21489,708
7,NORMA-19940,709
7,NORMA-20798,710
7,NORMA-18970,711
7,NORMA-19268,712
7,NORMA-9553,713
7,NORMA-19615,714
7,NORMA-4317,715
7,NORMA-19752,716
7,NORMA-9738,717
7,NORMA-18848,718
7,NORMA-18871,719
7,NORMA-20164,720
7,NORMA-8028,721
7,NORMA-19458,722
7,NORMA-18880,723
7,NORMA-19079,724
7,NORMA-11733,725
7,NORMA-13914,726
7,NORMA-18971,727
7,NORMA-18617,728
7,NORMA-7110,729
7,NORMA-2399,730
7,NORMA-18227,731
7,NORMA-778,732
7,NORMA-21646,733
7,NORMA-19889,734
7,NORMA-1701,735
7,NORMA-5164,736
7,NORMA-3965,737
7,NORMA-19975,738
7,NORMA-21679,739
7,NORMA-7488,740
7,NORMA-20575,741
7,NORMA-4765,742
7,NORMA-19976,743
7,NORMA-21210,744
7,NORMA-7584,745
7,NORMA-18555,746
7,NORMA-11667,747
7,NORMA-18744,748
7,NORMA-11720,749
7,NORMA-20722,750
7,NORMA-6809,751
7,NORMA-19205,752
7,NORMA-19038,753
7,NORMA-21528,754
7,NORMA-20706,755
7,NORMA-2376,756
7,NORMA-20431,757
7,NORMA-18252,758
7,NORMA-11671,759
7,NORMA-27062,760
7,NORMA-21170,761
7,NORMA-18905,762
7,NORMA-21270,763
7,NORMA-22862,764
7,NORMA-19958,765
7,NORMA-11482,766
7,NORMA-11721,767
7,NORMA-20108,768
7,NORMA-20857,769
7,NORMA-4423,770
7,NORMA-8894,771
7,NORMA-18992,772
7,NORMA-12492,773
7,NORMA-21759,774
7,NORMA-21428,775
7,NORMA-10043,776
7,NORMA-13116,777
7,NORMA-15029,778
7,NORMA-21593,779
7,NORMA-11618,780
7,NORMA-10814,781
7,NORMA-20907,782
7,NORMA-20228,783
7,NORMA-19493,784
7,NORMA-12764,785
7,NORMA-14618,786
7,NORMA-21612,787
7,NORMA-14208,788
7,NORMA-19293,789
7,NORMA-4791,790
7,NORMA-17281,791
7,NORMA-21445,792
7,NORMA-18804,793
7,NORMA-19464,794
7,NORMA-15068,795
7,NORMA-21753,796
7,NORMA-21536,797
7,NORMA-19328,798
7,NORMA-21195,799
7,NORMA-19765,800
7,NORMA-19758,801
7,NORMA-21274,802
7,NORMA-18917,803
7,NORMA-14587,804
7,NORMA-11579,805
7,NORMA-5424,806
7,NORMA-18791,807
7,NORMA-21342,808
7,NORMA-20099,809
7,NORMA-4031,810
7,NORMA-17182,811
7,NORMA-19588,812
7,NORMA-5613,813
7,NORMA-5890,814
7,NORMA-19952,815
7,NORMA-20198,816
7,NORMA-18659,817
7,NORMA-1998,818
7,NORMA-19744,819
7,NORMA-20277,820
7,NORMA-2551,821
7,NORMA-20238,822
7,NORMA-8511,823
7,NORMA-29507,824
7,NORMA-18328,825
7,NORMA-11759,826
7,NORMA-18800,827
7,NORMA-12121,828
7,NORMA-21187,829
7,NORMA-21466,830
7,NORMA-21772,831
7,NORMA-12607,832
7,NORMA-13054,833
7,NORMA-20377,834
7,NORMA-15118,835
7,NORMA-7401,836
7,NORMA-1556,837
7,NORMA-3541,838
7,NORMA-25884,839
7,NORMA-11896,840
7,NORMA-11477,841
7,NORMA-5592,842
7,NORMA-11791,843
7,NORMA-4783,844
7,NORMA-7096,845
7,NORMA-18276,846
7,NORMA-21698,847
7,NORMA-15427,848
7,NORMA-13012,849
7,NORMA-19032,850
7,NORMA-11525,851
7,NORMA-2542,852
7,NORMA-9333,853
7,NORMA-19469,854
7,NORMA-2161,855
7,NORMA-20772,856
7,NORMA-4931,857
7,NORMA-21234,858
7,NORMA-19653,859
7,NORMA-19914,860
7,NORMA-15465,861
7,NORMA-11605,862
7,NORMA-2452,863
7,NORMA-19998,864
7,NORMA-21408,865
7,NORMA-18999,866
7,NORMA-13653,867
7,NORMA-19461,868
7,NORMA-9350,869
7,NORMA-9862,870
7,NORMA-12685,871
7,NORMA-29145,872
7,NORMA-18584,873
7,NORMA-18873,874
7,NORMA-10365,875
7,NORMA-21700,876
7,NORMA-12104,877
7,NORMA-11556,878
7,NORMA-21302,879
7,NORMA-18269,880
7,NORMA-12161,881
7,NORMA-19282,882
7,NORMA-19583,883
7,NORMA-20499,884
7,NORMA-21614,885
7,NORMA-27045,886
7,NORMA-20168,887
7,NORMA-13472,888
7,NORMA-21658,889
7,NORMA-20877,890
7,NORMA-14910,891
7,NORMA-20110,892
7,NORMA-23241,893
7,NORMA-20712,894
7,NORMA-2100,895
7,NORMA-19832,896
7,NORMA-19397,897
7,NORMA-18706,898
7,NORMA-5420,899
7,NORMA-6968,900
7,NORMA-14858,901
7,NORMA-21648,902
7,NORMA-25101,903
7,NORMA-18455,904
7,NORMA-21685,905
7,NORMA-19033,906
7,NORMA-21339,907
7,NORMA-11803,908
7,NORMA-21463,909
7,NORMA-3482,910
7,NORMA-24903,911
7,NORMA-19401,912
7,NORMA-19052,913
7,NORMA-19804,914
7,NORMA-14275,915
7,NORMA-21477,916
7,NORMA-18303,917
7,NORMA-21230,918
7,NORMA-20871,919
7,NORMA-21255,920
7,NORMA-13861,921
7,NORMA-1671,922
7,NORMA-12899,923
7,NORMA-20710,924
7,NORMA-18461,925
7,NORMA-18344,926
7,NORMA-21215,927
7,NORMA-12045,928
7,NORMA-6489,929
7,NORMA-21341,930
7,NORMA-6856,931
7,NORMA-27044,932
7,NORMA-18533,933
7,NORMA-6439,934
7,NORMA-19786,935
7,NORMA-19172,936
7,NORMA-14469,937
7,NORMA-19907,938
7,NORMA-1812,939
7,NORMA-19297,940
7,NORMA-10443,941
7,NORMA-12024,942
7,NORMA-18335,943
7,NORMA-18637,944
7,NORMA-11473,945
7,NORMA-6960,946
7,NORMA-20753,947
7,NORMA-18973,948
7,NORMA-8774,949
7,NORMA-18284,950
7,NORMA-18896,951
7,NORMA-20221,952
7,NORMA-21655,953
7,NORMA-2050,954
7,NORMA-11863,955
7,NORMA-27563,956
7,NORMA-14369,957
7,NORMA-10017,958
7,NORMA-11669,959
7,NORMA-19495,960
7,NORMA-19548,961
7,NORMA-12041,962
7,NORMA-208,963
7,NORMA-11775,964
7,NORMA-6177,965
7,NORMA-18733,966
7,NORMA-13795,967
7,NORMA-3824,968
7,NORMA-21454,969
7,NORMA-8952,970
7,NORMA-20436,971
7,NORMA-21456,972
7,NORMA-10010,973
7,NORMA-14856,974
7,NORMA-21219,975
7,NORMA-19064,976
7,NORMA-19663,977
7,NORMA-12007,978
7,NORMA-19932,979
7,NORMA-19048,980
7,NORMA-21237,981
7,NORMA-11564,982
7,NORMA-9626,983
7,NORMA-19658,984
7,NORMA-20433,985
7,NORMA-19477,986
7,NORMA-21196,987
7,NORMA-19801,988
7,NORMA-20598,989
7,NORMA-21148,990
7,NORMA-20230,991
7,NORMA-12517,992
7,NORMA-18895,993
7,NORMA-7353,994
7,NORMA-15339,995
7,NORMA-19149,996
7,NORMA-18834,997
7,NORMA-13241,998
7,NORMA-19676,999
7,NORMA-18781,1000
8,NORMA-21472,1
8,NORMA-21619,2
8,NORMA-21415,3
8,NORMA-21750,4
8,NORMA-21605,5
8,NORMA-18386,6
8,NORMA-21327,7
8,NORMA-21053,8
8,NORMA-18818,9
8,NORMA-28841,10
8,NORMA-19480,11
8,NORMA-20218,12
8,NORMA-19891,13
8,NORMA-21572,14
8,NORMA-19365,15
8,NORMA-18601,16
8,NORMA-22723,17
8,NORMA-21410,18
8,NORMA-21491,19
8,NORMA-21111,20
8,NORMA-20166,21
8,NORMA-20557,22
8,NORMA-19506,23
8,NORMA-18570,24
8,NORMA-19266,25
8,NORMA-19405,26
8,NORMA-20802,27
8,NORMA-19150,28
8,NORMA-18854,29
8,NORMA-18389,30
8,NORMA-19866,31
8,NORMA-21138,32
8,NORMA-21337,33
8,NORMA-18336,34
8,NORMA-18423,35
8,NORMA-19219,36
8,NORMA-21581,37
8,NORMA-21317,38
8,NORMA-19714,39
8,NORMA-21011,40
8,NORMA-19238,41
8,NORMA-19432,42
8,NORMA-19125,43
8,NORMA-18960,44
8,NORMA-18490,45
8,NORMA-21652,46
8,NORMA-18789,47
8,NORMA-19530,48
8,NORMA-21074,49
8,NORMA-20839,50
8,NORMA-20151,51
8,NORMA-20517,52
8,NORMA-19049,53
8,NORMA-19300,54
8,NORMA-18958,55
8,NORMA-21010,56
8,NORMA-21087,57
8,NORMA-18680,58
8,NORMA-21016,59
8,NORMA-19001,60
8,NORMA-20975,61
8,NORMA-20567,62
8,NORMA-18316,63
8,NORMA-20954,64
8,NORMA-20249,65
8,NORMA-19883,66
8,NORMA-19662,67
8,NORMA-18812,68
8,NORMA-21001,69
8,NORMA-18752,70
8,NORMA-25541,71
8,NORMA-21082,72
8,NORMA-18440,73
8,NORMA-20422,74
8,NORMA-20566,75
8,NORMA-18282,76
8,NORMA-21006,77
8,NORMA-18212,78
8,NORMA-21352,79
8,NORMA-18642,80
8,NORMA-7110,81
8,NORMA-19825,82
8,NORMA-21403,83
8,NORMA-20991,84
8,NORMA-222,85
8,NORMA-19084,86
8,NORMA-19403,87
8,NORMA-20459,88
8,NORMA-21098,89
8,NORMA-20621,90
8,NORMA-835,91
8,NORMA-20097,92
8,NORMA-21260,93
8,NORMA-20191,94
8,NORMA-20817,95
8,NORMA-19683,96
8,NORMA-19146,97
8,NORMA-20898,98
8,NORMA-20428,99
8,NORMA-20437,100
8,NORMA-18493,101
8,NORMA-20602,102
8,NORMA-20268,103
8,NORMA-19570,104
8,NORMA-19495,105
8,NORMA-20571,106
8,NORMA-19870,107
8,NORMA-4297,108
8,NORMA-18516,109
8,NORMA-19797,110
8,NORMA-18210,111
8,NORMA-19724,112
8,NORMA-3571,113
8,NORMA-18515,114
8,NORMA-18964,115
8,NORMA-19733,116
8,NORMA-19815,117
8,NORMA-18357,118
8,NORMA-21092,119
8,NORMA-21290,120
8,NORMA-20123,121
8,NORMA-19137,122
8,NORMA-19112,123
8,NORMA-19715,124
8,NORMA-20429,125
8,NORMA-21129,126
8,NORMA-20581,127
8,NORMA-18790,128
8,NORMA-19502,129
8,NORMA-21039,130
8,NORMA-4898,131
8,NORMA-5008,132
8,NORMA-18721,133
8,NORMA-18673,134
8,NORMA-19270,135
8,NORMA-19401,136
8,NORMA-21537,137
8,NORMA-18869,138
8,NORMA-18272,139
8,NORMA-19453,140
8,NORMA-20580,141
8,NORMA-20192,142
8,NORMA-18728,143
8,NORMA-18467,144
8,NORMA-19863,145
8,NORMA-20351,146
8,NORMA-20955,147
8,NORMA-20709,148
8,NORMA-18464,149
8,NORMA-19239,150
8,NORMA-18624,151
8,NORMA-19344,152
8,NORMA-21097,153
8,NORMA-19433,154
8,NORMA-18231,155
8,NORMA-18873,156
8,NORMA-19992,157
8,NORMA-12657,158
8,NORMA-19026,159
8,NORMA-18778,160
8,NORMA-19508,161
8,NORMA-20513,162
8,NORMA-20514,163
8,NORMA-20445,164
8,NORMA-4277,165
8,NORMA-19183,166
8,NORMA-20613,167
8,NORMA-18385,168
8,NORMA-18471,169
8,NORMA-11352,170
8,NORMA-21690,171
8,NORMA-20242,172
8,NORMA-19829,173
8,NORMA-19327,174
8,NORMA-12066,175
8,NORMA-19528,176
8,NORMA-20397,177
8,NORMA-20439,178
8,NORMA-20385,179
8,NORMA-21459,180
8,NORMA-1637,181
8,NORMA-18671,182
8,NORMA-20682,183
8,NORMA-21661,184
8,NORMA-20206,185
8,NORMA-20267,186
8,NORMA-21524,187
8,NORMA-20447,188
8,NORMA-20100,189
8,NORMA-21751,190
8,NORMA-20302,191
8,NORMA-21096,192
8,NORMA-18590,193
8,NORMA-20944,194
8,NORMA-19349,195
8,NORMA-20693,196
8,NORMA-20160,197
8,NORMA-18371,198
8,NORMA-20213,199
8,NORMA-18263,200
8,NORMA-11599,201
8,NORMA-18290,202
8,NORMA-20692,203
8,NORMA-20159,204
8,NORMA-23564,205
8,NORMA-19862,206
8,NORMA-21614,207
8,NORMA-18259,208
8,NORMA-21093,209
8,NORMA-20021,210
8,NORMA-19141,211
8,NORMA-18296,212
8,NORMA-19282,213
8,NORMA-21620,214
8,NORMA-19859,215
8,NORMA-20525,216
8,NORMA-20269,217
8,NORMA-21685,218
8,NORMA-21051,219
8,NORMA-21088,220
8,NORMA-19249,221
8,NORMA-20238,222
8,NORMA-15802,223
8,NORMA-19065,224
8,NORMA-19852,225
8,NORMA-9358,226
8,NORMA-7148,227
8,NORMA-20336,228
8,NORMA-19484,229
8,NORMA-21128,230
8,NORMA-19902,231
8,NORMA-20803,232
8,NORMA-19275,233
8,NORMA-18305,234
8,NORMA-21797,235
8,NORMA-21437,236
8,NORMA-20007,237
8,NORMA-19585,238
8,NORMA-19828,239
8,NORMA-21037,240
8,NORMA-11794,241
8,NORMA-21152,242
8,NORMA-20791,243
8,NORMA-21068,244
8,NORMA-19931,245
8,NORMA-18374,246
8,NORMA-20528,247
8,NORMA-18633,248
8,NORMA-21694,249
8,NORMA-19318,250
8,NORMA-6075,251
8,NORMA-19415,252
8,NORMA-7149,253
8,NORMA-20334,254
8,NORMA-20984,255
8,NORMA-18621,256
8,NORMA-20342,257
8,NORMA-18448,258
8,NORMA-20285,259
8,NORMA-20978,260
8,NORMA-20962,261
8,NORMA-18408,262
8,NORMA-19196,263
8,NORMA-20561,264
8,NORMA-18220,265
8,NORMA-18559,266
8,NORMA-20936,267
8,NORMA-19595,268
8,NORMA-18562,269
8,NORMA-18817,270
8,NORMA-19126,271
8,NORMA-5335,272
8,NORMA-19444,273
8,NORMA-18705,274
8,NORMA-20666,275
8,NORMA-20340,276
8,NORMA-18737,277
8,NORMA-19467,278
8,NORMA-18592,279
8,NORMA-10865,280
8,NORMA-20605,281
8,NORMA-21060,282
8,NORMA-20477,283
8,NORMA-18430,284
8,NORMA-21529,285
8,NORMA-20684,286
8,NORMA-20183,287
8,NORMA-20630,288
8,NORMA-20105,289
8,NORMA-19447,290
8,NORMA-20989,291
8,NORMA-729,292
8,NORMA-18390,293
8,NORMA-20239,294
8,NORMA-18551,295
8,NORMA-3472,296
8,NORMA-21154,297
8,NORMA-20738,298
8,NORMA-18491,299
8,NORMA-20519,300
8,NORMA-19809,301
8,NORMA-21013,302
8,NORMA-18475,303
8,NORMA-27384,304
8,NORMA-20113,305
8,NORMA-18202,306
8,NORMA-21007,307
8,NORMA-20335,308
8,NORMA-28961,309
8,NORMA-19998,310
8,NORMA-18749,311
8,NORMA-18324,312
8,NORMA-8931,313
8,NORMA-18549,314
8,NORMA-20329,315
8,NORMA-19404,316
8,NORMA-19529,317
8,NORMA-20442,318
8,NORMA-19548,319
8,NORMA-19833,320
8,NORMA-20577,321
8,NORMA-18726,322
8,NORMA-19589,323
8,NORMA-20649,324
8,NORMA-20195,325
8,NORMA-20599,326
8,NORMA-21554,327
8,NORMA-19810,328
8,NORMA-25082,329
8,NORMA-19692,330
8,NORMA-20396,331
8,NORMA-21095,332
8,NORMA-21004,333
8,NORMA-20189,334
8,NORMA-19251,335
8,NORMA-18904,336
8,NORMA-21469,337
8,NORMA-5312,338
8,NORMA-27364,339
8,NORMA-20106,340
8,NORMA-19360,341
8,NORMA-21516,342
8,NORMA-18713,343
8,NORMA-20624,344
8,NORMA-19157,345
8,NORMA-18739,346
8,NORMA-18313,347
8,NORMA-20946,348
8,NORMA-8442,349
8,NORMA-20196,350
8,NORMA-20712,351
8,NORMA-20781,352
8,NORMA-18304,353
8,NORMA-18765,354
8,NORMA-18431,355
8,NORMA-18458,356
8,NORMA-20698,357
8,NORMA-12923,358
8,NORMA-13124,359
8,NORMA-19173,360
8,NORMA-18595,361
8,NORMA-20888,362
8,NORMA-19002,363
8,NORMA-19838,364
8,NORMA-19254,365
8,NORMA-21018,366
8,NORMA-21692,367
8,NORMA-19481,368
8,NORMA-31923,369
8,NORMA-21083,370
8,NORMA-9803,371
8,NORMA-61,372
8,NORMA-18949,373
8,NORMA-19519,374
8,NORMA-19420,375
8,NORMA-18449,376
8,NORMA-18758,377
8,NORMA-18441,378
8,NORMA-27221,379
8,NORMA-20453,380
8,NORMA-20818,381
8,NORMA-18286,382
8,NORMA-2337,383
8,NORMA-12024,384
8,NORMA-20086,385
8,NORMA-21325,386
8,NORMA-19460,387
8,NORMA-20939,388
8,NORMA-21115,389
8,NORMA-20405,390
8,NORMA-28623,391
8,NORMA-19311,392
8,NORMA-20089,393
8,NORMA-20102,394
8,NORMA-18392,395
8,NORMA-18743,396
8,NORMA-11454,397
8,NORMA-20284,398
8,NORMA-18987,399
8,NORMA-10123,400
8,NORMA-19263,401
8,NORMA-19162,402
8,NORMA-19565,403
8,NORMA-20149,404
8,NORMA-18302,405
8,NORMA-20037,406
8,NORMA-20441,407
8,NORMA-20197,408
8,NORMA-19569,409
8,NORMA-19794,410
8,NORMA-19780,411
8,NORMA-19948,412
8,NORMA-20081,413
8,NORMA-11419,414
8,NORMA-27782,415
8,NORMA-18209,416
8,NORMA-18402,417
8,NORMA-20452,418
8,NORMA-19110,419
8,NORMA-10267,420
8,NORMA-19660,421
8,NORMA-18571,422
8,NORMA-20241,423
8,NORMA-8459,424
8,NORMA-20799,425
8,NORMA-18679,426
8,NORMA-19596,427
8,NORMA-8207,428
8,NORMA-18512,429
8,NORMA-18727,430
8,NORMA-8269,431
8,NORMA-19544,432
8,NORMA-18676,433
8,NORMA-19826,434
8,NORMA-18358,435
8,NORMA-18535,436
8,NORMA-8522,437
8,NORMA-21371,438
8,NORMA-5781,439
8,NORMA-20739,440
8,NORMA-20121,441
8,NORMA-20761,442
8,NORMA-21250,443
8,NORMA-19637,444
8,NORMA-2432,445
8,NORMA-20451,446
8,NORMA-27101,447
8,NORMA-19285,448
8,NORMA-19168,449
8,NORMA-20558,450
8,NORMA-14597,451
8,NORMA-19657,452
8,NORMA-21752,453
8,NORMA-19915,454
8,NORMA-18856,455
8,NORMA-19493,456
8,NORMA-19916,457
8,NORMA-18795,458
8,NORMA-6834,459
8,NORMA-19812,460
8,NORMA-19959,461
8,NORMA-19561,462
8,NORMA-19217,463
8,NORMA-21054,464
8,NORMA-21210,465
8,NORMA-18821,466
8,NORMA-19210,467
8,NORMA-19073,468
8,NORMA-21141,469
8,NORMA-19175,470
8,NORMA-19024,471
8,NORMA-9960,472
8,NORMA-20809,473
8,NORMA-21121,474
8,NORMA-11863,475
8,NORMA-21672,476
8,NORMA-20905,477
8,NORMA-18488,478
8,NORMA-21270,479
8,NORMA-19087,480
8,NORMA-21725,481
8,NORMA-20262,482
8,NORMA-19335,483
8,NORMA-20316,484
8,NORMA-20582,485
8,NORMA-417,486
8,NORMA-19487,487
8,NORMA-19308,488
8,NORMA-19999,489
8,NORMA-4824,490
8,NORMA-20830,491
8,NORMA-20138,492
8,NORMA-20924,493
8,NORMA-18942,494
8,NORMA-18260,495
8,NORMA-11803,496
8,NORMA-13392,497
8,NORMA-19246,498
8,NORMA-20133,499
8,NORMA-18323,500
8,NORMA-19799,501
8,NORMA-18982,502
8,NORMA-21212,503
8,NORMA-19762,504
8,NORMA-18902,505
8,NORMA-13308,506
8,NORMA-19702,507
8,NORMA-19079,508
8,NORMA-18722,509
8,NORMA-19351,510
8,NORMA-20708,511
8,NORMA-21492,512
8,NORMA-19491,513
8,NORMA-20067,514
8,NORMA-18759,515
8,NORMA-20109,516
8,NORMA-11598,517
8,NORMA-18929,518
8,NORMA-13801,519
8,NORMA-19105,520
8,NORMA-10843,521
8,NORMA-20476,522
8,NORMA-21433,523
8,NORMA-19248,524
8,NORMA-19773,525
8,NORMA-20317,526
8,NORMA-20258,527
8,NORMA-14967,528
8,NORMA-19151,529
8,NORMA-4906,530
8,NORMA-21495,531
8,NORMA-19310,532
8,NORMA-7387,533
8,NORMA-18701,534
8,NORMA-9959,535
8,NORMA-18568,536
8,NORMA-20096,537
8,NORMA-21272,538
8,NORMA-19166,539
8,NORMA-20597,540
8,NORMA-20079,541
8,NORMA-20438,542
8,NORMA-2137,543
8,NORMA-20834,544
8,NORMA-18792,545
8,NORMA-21421,546
8,NORMA-19555,547
8,NORMA-18596,548
8,NORMA-20319,549
8,NORMA-19652,550
8,NORMA-18283,551
8,NORMA-20245,552
8,NORMA-21485,553
8,NORMA-18356,554
8,NORMA-18459,555
8,NORMA-20120,556
8,NORMA-19623,557
8,NORMA-18391,558
8,NORMA-7621,559
8,NORMA-19982,560
8,NORMA-13545,561
8,NORMA-21526,562
8,NORMA-18626,563
8,NORMA-11482,564
8,NORMA-19685,565
8,NORMA-18348,566
8,NORMA-20157,567
8,NORMA-18704,568
8,NORMA-18222,569
8,NORMA-19878,570
8,NORMA-20983,571
8,NORMA-20538,572
8,NORMA-19698,573
8,NORMA-19738,574
8,NORMA-20993,575
8,NORMA-19052,576
8,NORMA-20122,577
8,NORMA-21369,578
8,NORMA-14308,579
8,NORMA-20421,580
8,NORMA-19615,581
8,NORMA-19654,582
8,NORMA-19276,583
8,NORMA-19461,584
8,NORMA-21717,585
8,NORMA-19448,586
8,NORMA-19893,587
8,NORMA-6753,588
8,NORMA-18492,589
8,NORMA-2519,590
8,NORMA-18376,591
8,NORMA-5372,592
8,NORMA-19553,593
8,NORMA-20252,594
8,NORMA-19655,595
8,NORMA-19012,596
8,NORMA-19574,597
8,NORMA-18628,598
8,NORMA-21340,599
8,NORMA-14542,600
8,NORMA-12415,601
8,NORMA-18614,602
8,NORMA-20187,603
8,NORMA-18242,604
8,NORMA-18477,605
8,NORMA-20981,606
8,NORMA-20583,607
8,NORMA-18569,608
8,NORMA-11769,609
8,NORMA-18602,610
8,NORMA-20286,611
8,NORMA-4786,612
8,NORMA-11000,613
8,NORMA-20199,614
8,NORMA-18867,615
8,NORMA-18466,616
8,NORMA-19301,617
8,NORMA-28663,618
8,NORMA-21462,619
8,NORMA-21305,620
8,NORMA-21044,621
8,NORMA-18613,622
8,NORMA-20977,623
8,NORMA-25942,624
8,NORMA-19946,625
8,NORMA-20357,626
8,NORMA-21666,627
8,NORMA-19563,628
8,NORMA-18984,629
8,NORMA-20297,630
8,NORMA-15701,631
8,NORMA-18632,632
8,NORMA-20893,633
8,NORMA-20062,634
8,NORMA-21072,635
8,NORMA-19531,636
8,NORMA-25101,637
8,NORMA-21186,638
8,NORMA-20330,639
8,NORMA-15045,640
8,NORMA-19303,641
8,NORMA-20706,642
8,NORMA-18849,643
8,NORMA-21291,644
8,NORMA-12426,645
8,NORMA-20023,646
8,NORMA-5195,647
8,NORMA-23682,648
8,NORMA-18779,649
8,NORMA-19459,650
8,NORMA-14746,651
8,NORMA-1619,652
8,NORMA-19273,653
8,NORMA-12982,654
8,NORMA-19753,655
8,NORMA-20631,656
8,NORMA-18415,657
8,NORMA-21329,658
8,NORMA-19015,659
8,NORMA-19179,660
8,NORMA-19983,661
8,NORMA-4182,662
8,NORMA-20167,663
8,NORMA-19216,664
8,NORMA-20668,665
8,NORMA-20116,666
8,NORMA-2125,667
8,NORMA-18351,668
8,NORMA-18908,669
8,NORMA-18332,670
8,NORMA-18497,671
8,NORMA-21463,672
8,NORMA-18409,673
8,NORMA-21146,674
8,NORMA-20050,675
8,NORMA-19111,676
8,NORMA-21687,677
8,NORMA-13265,678
8,NORMA-20627,679
8,NORMA-5925,680
8,NORMA-19817,681
8,NORMA-19670,682
8,NORMA-21247,683
8,NORMA-18245,684
8,NORMA-28221,685
8,NORMA-9870,686
8,NORMA-19188,687
8,NORMA-19543,688
8,NORMA-20349,689
8,NORMA-19611,690
8,NORMA-18710,691
8,NORMA-18874,692
8,NORMA-9162,693
8,NORMA-20042,694
8,NORMA-20103,695
8,NORMA-19897,696
8,NORMA-21362,697
8,NORMA-21563,698
8,NORMA-19067,699
8,NORMA-21669,700
8,NORMA-21215,701
8,NORMA-20871,702
8,NORMA-3828,703
8,NORMA-20449,704
8,NORMA-21187,705
8,NORMA-19375,706
8,NORMA-21189,707
8,NORMA-18936,708
8,NORMA-5339,709
8,NORMA-21058,710
8,NORMA-20175,711
8,NORMA-159,712
8,NORMA-18545,713
8,NORMA-19534,714
8,NORMA-18329,715
8,NORMA-19498,716
8,NORMA-20653,717
8,NORMA-19837,718
8,NORMA-19788,719
8,NORMA-18686,720
8,NORMA-18738,721
8,NORMA-21651,722
8,NORMA-4515,723
8,NORMA-206,724
8,NORMA-18456,725
8,NORMA-11618,726
8,NORMA-20094,727
8,NORMA-11560,728
8,NORMA-19679,729
8,NORMA-18754,730
8,NORMA-20644,731
8,NORMA-12032,732
8,NORMA-19022,733
8,NORMA-21444,734
8,NORMA-18757,735
8,NORMA-20200,736
8,NORMA-11356,737
8,NORMA-11798,738
8,NORMA-11728,739
8,NORMA-4193,740
8,NORMA-18900,741
8,NORMA-21766,742
8,NORMA-20990,743
8,NORMA-19845,744
8,NORMA-20951,745
8,NORMA-19482,746
8,NORMA-19296,747
8,NORMA-6679,748
8,NORMA-20964,749
8,NORMA-12630,750
8,NORMA-20541,751
8,NORMA-21209,752
8,NORMA-18774,753
8,NORMA-20263,754
8,NORMA-20510,755
8,NORMA-20509,756
8,NORMA-21297,757
8,NORMA-21130,758
8,NORMA-18310,759
8,NORMA-21227,760
8,NORMA-20763,761
8,NORMA-19905,762
8,NORMA-4195,763
8,NORMA-20987,764
8,NORMA-21081,765
8,NORMA-18806,766
8,NORMA-18645,767
8,NORMA-18585,768
8,NORMA-8706,769
8,NORMA-6448,770
8,NORMA-23965,771
8,NORMA-20804,772
8,NORMA-20663,773
8,NORMA-20671,774
8,NORMA-19221,775
8,NORMA-20784,776
8,NORMA-20551,777
8,NORMA-20515,778
8,NORMA-14724,779
8,NORMA-20701,780
8,NORMA-20150,781
8,NORMA-14310,782
8,NORMA-21226,783
8,NORMA-20060,784
8,NORMA-21759,785
8,NORMA-18617,786
8,NORMA-19697,787
8,NORMA-24501,788
8,NORMA-20545,789
8,NORMA-20093,790
8,NORMA-19558,791
8,NORMA-3510,792
8,NORMA-20212,793
8,NORMA-21331,794
8,NORMA-18677,795
8,NORMA-20622,796
8,NORMA-20780,797
8,NORMA-20645,798
8,NORMA-19622,799
8,NORMA-18921,800
8,NORMA-19036,801
8,NORMA-19651,802
8,NORMA-18703,803
8,NORMA-20164,804
8,NORMA-20713,805
8,NORMA-6720,806
8,NORMA-18474,807
8,NORMA-18865,808
8,NORMA-2035,809
8,NORMA-19204,810
8,NORMA-27121,811
8,NORMA-18952,812
8,NORMA-18605,813
8,NORMA-19455,814
8,NORMA-6955,815
8,NORMA-19822,816
8,NORMA-20381,817
8,NORMA-18648,818
8,NORMA-20711,819
8,NORMA-19134,820
8,NORMA-19925,821
8,NORMA-10118,822
8,NORMA-20171,823
8,NORMA-19326,824
8,NORMA-27081,825
8,NORMA-18857,826
8,NORMA-29301,827
8,NORMA-19302,828
8,NORMA-11558,829
8,NORMA-21539,830
8,NORMA-4074,831
8,NORMA-19937,832
8,NORMA-19081,833
8,NORMA-4849,834
8,NORMA-19562,835
8,NORMA-12733,836
8,NORMA-23862,837
8,NORMA-4294,838
8,NORMA-18847,839
8,NORMA-21287,840
8,NORMA-21217,841
8,NORMA-20626,842
8,NORMA-27761,843
8,NORMA-20894,844
8,NORMA-5495,845
8,NORMA-18383,846
8,NORMA-4412,847
8,NORMA-18384,848
8,NORMA-21021,849
8,NORMA-18654,850
8,NORMA-18775,851
8,NORMA-20724,852
8,NORMA-19309,853
8,NORMA-7021,854
8,NORMA-20772,855
8,NORMA-19396,856
8,NORMA-20836,857
8,NORMA-18586,858
8,NORMA-18985,859
8,NORMA-19635,860
8,NORMA-8204,861
8,NORMA-19842,862
8,NORMA-19741,863
8,NORMA-20737,864
8,NORMA-20754,865
8,NORMA-21042,866
8,NORMA-21686,867
8,NORMA-21254,868
8,NORMA-19559,869
8,NORMA-27045,870
8,NORMA-18513,871
8,NORMA-18363,872
8,NORMA-19423,873
8,NORMA-21615,874
8,NORMA-20586,875
8,NORMA-6702,876
8,NORMA-13912,877
8,NORMA-18271,878
8,NORMA-11579,879
8,NORMA-19442,880
8,NORMA-15029,881
8,NORMA-20450,882
8,NORMA-20296,883
8,NORMA-20838,884
8,NORMA-18407,885
8,NORMA-19023,886
8,NORMA-19875,887
8,NORMA-25841,888
8,NORMA-11559,889
8,NORMA-18883,890
8,NORMA-10396,891
8,NORMA-21015,892
8,NORMA-18833,893
8,NORMA-21528,894
8,NORMA-27044,895
8,NORMA-12820,896
8,NORMA-24082,897
8,NORMA-12026,898
8,NORMA-11683,899
8,NORMA-21531,900
8,NORMA-25721,901
8,NORMA-4141,902
8,NORMA-20077,903
8,NORMA-21678,904
8,NORMA-12009,905
8,NORMA-19503,906
8,NORMA-19922,907
8,NORMA-18468,908
8,NORMA-13769,909
8,NORMA-20568,910
8,NORMA-12107,911
8,NORMA-20587,912
8,NORMA-4221,913
8,NORMA-19291,914
8,NORMA-19450,915
8,NORMA-21636,916
8,NORMA-26841,917
8,NORMA-18841,918
8,NORMA-21480,919
8,NORMA-25682,920
8,NORMA-6489,921
8,NORMA-19055,922
8,NORMA-21675,923
8,NORMA-20205,924
8,NORMA-18353,925
8,NORMA-21230,926
8,NORMA-19554,927
8,NORMA-18997,928
8,NORMA-20393,929
8,NORMA-20687,930
8,NORMA-13472,931
8,NORMA-20657,932
8,NORMA-18437,933
8,NORMA-21681,934
8,NORMA-10321,935
8,NORMA-18417,936
8,NORMA-19340,937
8,NORMA-19029,938
8,NORMA-19123,939
8,NORMA-19545,940
8,NORMA-11792,941
8,NORMA-18711,942
8,NORMA-13390,943
8,NORMA-21174,944
8,NORMA-19437,945
8,NORMA-21714,946
8,NORMA-18927,947
8,NORMA-21223,948
8,NORMA-20912,949
8,NORMA-20694,950
8,NORMA-20248,951
8,NORMA-11822,952
8,NORMA-18341,953
8,NORMA-21393,954
8,NORMA-21447,955
8,NORMA-20320,956
8,NORMA-18587,957
8,NORMA-18912,958
8,NORMA-19016,959
8,NORMA-18859,960
8,NORMA-19729,961
8,NORMA-21532,962
8,NORMA-7384,963
8,NORMA-18560,964
8,NORMA-18804,965
8,NORMA-19857,966
8,NORMA-23061,967
8,NORMA-21591,968
8,NORMA-20607,969
8,NORMA-21414,970
8,NORMA-20270,971
8,NORMA-20020,972
8,NORMA-19853,973
8,NORMA-18299,974
8,NORMA-19879,975
8,NORMA-21452,976
8,NORMA-20069,977
8,NORMA-18588,978
8,NORMA-3541,979
8,NORMA-18254,980
8,NORMA-20696,981
8,NORMA-11932,982
8,NORMA-21219,983
8,NORMA-13237,984
8,NORMA-21408,985
8,NORMA-19025,986
8,NORMA-19315,987
8,NORMA-15561,988
8,NORMA-1586,989
8,NORMA-21049,990
8,NORMA-19514,991
8,NORMA-18708,992
8,NORMA-19324,993
8,NORMA-20305,994
8,NORMA-19142,995
8,NORMA-18255,996
8,NORMA-19383,997
8,NORMA-20768,998
8,NORMA-18928,999
8,NORMA-20661,1000
9,NORMA-21120,1
9,NORMA-21774,2
9,NORMA-18871,3
9,NORMA-18745,4
9,NORMA-18906,5
9,NORMA-18271,6
9,NORMA-19186,7
9,NORMA-19088,8
9,NORMA-20302,9
9,NORMA-21186,10
9,NORMA-3966,11
9,NORMA-18351,12
9,NORMA-21281,13
9,NORMA-14709,14
9,NORMA-18455,15
9,NORMA-19639,16
9,NORMA-18280,17
9,NORMA-20847,18
9,NORMA-20642,19
9,NORMA-19610,20
9,NORMA-20894,21
9,NORMA-18801,22
9,NORMA-20845,23
9,NORMA-12728,24
9,NORMA-21284,25
9,NORMA-21283,26
9,NORMA-21418,27
9,NORMA-7646,28
9,NORMA-21697,29
9,NORMA-18460,30
9,NORMA-10495,31
9,NORMA-10243,32
9,NORMA-9931,33
9,NORMA-10107,34
9,NORMA-21764,35
9,NORMA-19939,36
9,NORMA-13797,37
9,NORMA-19925,38
9,NORMA-20731,39
9,NORMA-6629,40
9,NORMA-19167,41
9,NORMA-28463,42
9,NORMA-6555,43
9,NORMA-20890,44
9,NORMA-19414,45
9,NORMA-14519,46
9,NORMA-19811,47
9,NORMA-11079,48
9,NORMA-10125,49
9,NORMA-21328,50
9,NORMA-12521,51
9,NORMA-6239,52
9,NORMA-18314,53
9,NORMA-6887,54
9,NORMA-15012,55
9,NORMA-21499,56
9,NORMA-20892,57
9,NORMA-18607,58
9,NORMA-13841,59
9,NORMA-21123,60
9,NORMA-13945,61
9,NORMA-13733,62
9,NORMA-18790,63
9,NORMA-21387,64
9,NORMA-18427,65
9,NORMA-19930,66
9,NORMA-18730,67
9,NORMA-19512,68
9,NORMA-26881,69
9,NORMA-5913,70
9,NORMA-10742,71
9,NORMA-18215,72
9,NORMA-13674,73
9,NORMA-10193,74
9,NORMA-20936,75
9,NORMA-21009,76
9,NORMA-8596,77
9,NORMA-7271,78
9,NORMA-20877,79
9,NORMA-19303,80
9,NORMA-21439,81
9,NORMA-21285,82
9,NORMA-18723,83
9,NORMA-19629,84
9,NORMA-18663,85
9,NORMA-19012,86
9,NORMA-7627,87
9,NORMA-19648,88
9,NORMA-21526,89
9,NORMA-21206,90
9,NORMA-27522,91
9,NORMA-21282,92
9,NORMA-14335,93
9,NORMA-19007,94
9,NORMA-28141,95
9,NORMA-20195,96
9,NORMA-18584,97
9,NORMA-6022,98
9,NORMA-20626,99
9,NORMA-19477,100
9,NORMA-4195,101
9,NORMA-13478,102
9,NORMA-18604,103
9,NORMA-11400,104
9,NORMA-6560,105
9,NORMA-18677,106
9,NORMA-20068,107
9,NORMA-12929,108
9,NORMA-18433,109
9,NORMA-19567,110
9,NORMA-19641,111
9,NORMA-12786,112
9,NORMA-7402,113
9,NORMA-14727,114
9,NORMA-15029,115
9,NORMA-21170,116
9,NORMA-13481,117
9,NORMA-12066,118
9,NORMA-4849,119
9,NORMA-19940,120
9,NORMA-20453,121
9,NORMA-18276,122
9,NORMA-7007,123
9,NORMA-19013,124
9,NORMA-6173,125
9,NORMA-6489,126
9,NORMA-19737,127
9,NORMA-6702,128
9,NORMA-18242,129
9,NORMA-19348,130
9,NORMA-20912,131
9,NORMA-7270,132
9,NORMA-18243,133
9,NORMA-19429,134
9,NORMA-22321,135
9,NORMA-6222,136
9,NORMA-6753,137
9,NORMA-19924,138
9,NORMA-19004,139
9,NORMA-15082,140
9,NORMA-14915,141
9,NORMA-8269,142
9,NORMA-21276,143
9,NORMA-9959,144
9,NORMA-20437,145
9,NORMA-10888,146
9,NORMA-20738,147
9,NORMA-7359,148
9,NORMA-20692,149
9,NORMA-25101,150
9,NORMA-9803,151
9,NORMA-13222,152
9,NORMA-18835,153
9,NORMA-19078,154
9,NORMA-19027,155
9,NORMA-4102,156
9,NORMA-18299,157
9,NORMA-19426,158
9,NORMA-19979,159
9,NORMA-20300,160
9,NORMA-20597,161
9,NORMA-8085,162
9,NORMA-3541,163
9,NORMA-14496,164
9,NORMA-15802,165
9,NORMA-5890,166
9,NORMA-20289,167
9,NORMA-10053,168
9,NORMA-18944,169
9,NORMA-18972,170
9,NORMA-18700,171
9,NORMA-11946,172
9,NORMA-19182,173
9,NORMA-13546,174
9,NORMA-20864,175
9,NORMA-21389,176
9,NORMA-13636,177
9,NORMA-8354,178
9,NORMA-13710,179
9,NORMA-18626,180
9,NORMA-14185,181
9,NORMA-17141,182
9,NORMA-19619,183
9,NORMA-21013,184
9,NORMA-18363,185
9,NORMA-12888,186
9,NORMA-20536,187
9,NORMA-19138,188
9,NORMA-19391,189
9,NORMA-20779,190
9,NORMA-21148,191
9,NORMA-24885,192
9,NORMA-10494,193
9,NORMA-11326,194
9,NORMA-21197,195
9,NORMA-13875,196
9,NORMA-10591,197
9,NORMA-9610,198
9,NORMA-9977,199
9,NORMA-1619,200
9,NORMA-21363,201
9,NORMA-7669,202
9,NORMA-18701,203
9,NORMA-14844,204
9,NORMA-18466,205
9,NORMA-21079,206
9,NORMA-27221,207
9,NORMA-10134,208
9,NORMA-16541,209
9,NORMA-20959,210
9,NORMA-21420,211
9,NORMA-13647,212
9,NORMA-4525,213
9,NORMA-23721,214
9,NORMA-20646,215
9,NORMA-7269,216
9,NORMA-9407,217
9,NORMA-21278,218
9,NORMA-18143,219
9,NORMA-15199,220
9,NORMA-18811,221
9,NORMA-416,222
9,NORMA-12557,223
9,NORMA-19864,224
9,NORMA-28221,225
9,NORMA-21065,226
9,NORMA-18319,227
9,NORMA-18670,228
9,NORMA-18934,229
9,NORMA-12672,230
9,NORMA-10071,231
9,NORMA-24522,232
9,NORMA-13461,233
9,NORMA-14538,234
9,NORMA-21312,235
9,NORMA-20533,236
9,NORMA-12565,237
9,NORMA-10283,238
9,NORMA-28502,239
9,NORMA-13669,240
9,NORMA-8704,241
9,NORMA-7238,242
9,NORMA-20926,243
9,NORMA-18722,244
9,NORMA-13882,245
9,NORMA-19590,246
9,NORMA-1303,247
9,NORMA-8521,248
9,NORMA-19047,249
9,NORMA-14055,250
9,NORMA-20056,251
9,NORMA-9396,252
9,NORMA-20291,253
9,NORMA-19576,254
9,NORMA-20407,255
9,NORMA-18915,256
9,NORMA-21773,257
9,NORMA-12376,258
9,NORMA-7647,259
9,NORMA-6253,260
9,NORMA-18989,261
9,NORMA-20848,262
9,NORMA-13804,263
9,NORMA-14656,264
9,NORMA-1608,265
9,NORMA-14967,266
9,NORMA-18748,267
9,NORMA-19011,268
9,NORMA-21086,269
9,NORMA-9551,270
9,NORMA-18800,271
9,NORMA-14694,272
9,NORMA-10660,273
9,NORMA-20704,274
9,NORMA-19957,275
9,NORMA-16586,276
9,NORMA-20167,277
9,NORMA-18751,278
9,NORMA-28702,279
9,NORMA-13109,280
9,NORMA-13001,281
9,NORMA-21280,282
9,NORMA-13668,283
9,NORMA-22024,284
9,NORMA-21262,285
9,NORMA-13557,286
9,NORMA-10404,287
9,NORMA-20983,288
9,NORMA-15346,289
9,NORMA-8024,290
9,NORMA-19455,291
9,NORMA-20880,292
9,NORMA-11931,293
9,NORMA-13555,294
9,NORMA-12699,295
9,NORMA-20891,296
9,NORMA-10909,297
9,NORMA-18774,298
9,NORMA-18668,299
9,NORMA-19620,300
9,NORMA-10885,301
9,NORMA-13298,302
9,NORMA-10121,303
9,NORMA-20933,304
9,NORMA-20073,305
9,NORMA-18244,306
9,NORMA-18245,307
9,NORMA-14237,308
9,NORMA-13944,309
9,NORMA-18232,310
9,NORMA-19016,311
9,NORMA-20943,312
9,NORMA-12616,313
9,NORMA-26661,314
9,NORMA-12743,315
9,NORMA-20150,316
9,NORMA-4767,317
9,NORMA-19442,318
9,NORMA-417,319
9,NORMA-18370,320
9,NORMA-10049,321
9,NORMA-15031,322
9,NORMA-11935,323
9,NORMA-15323,324
9,NORMA-12278,325
9,NORMA-19253,326
9,NORMA-18221,327
9,NORMA-19225,328
9,NORMA-13987,329
9,NORMA-12320,330
9,NORMA-18605,331
9,NORMA-22221,332
9,NORMA-14130,333
9,NORMA-13678,334
9,NORMA-19052,335
9,NORMA-11364,336
9,NORMA-12493,337
9,NORMA-12535,338
9,NORMA-8355,339
9,NORMA-8087,340
9,NORMA-6679,341
9,NORMA-20190,342
9,NORMA-14030,343
9,NORMA-14858,344
9,NORMA-5910,345
9,NORMA-14106,346
9,NORMA-21674,347
9,NORMA-8764,348
9,NORMA-14497,349
9,NORMA-20166,350
9,NORMA-20924,351
9,NORMA-20523,352
9,NORMA-15068,353
9,NORMA-7586,354
9,NORMA-14352,355
9,NORMA-15279,356
9,NORMA-19519,357
9,NORMA-11742,358
9,NORMA-10046,359
9,NORMA-15060,360
9,NORMA-3503,361
9,NORMA-2105,362
9,NORMA-11920,363
9,NORMA-13510,364
9,NORMA-23742,365
9,NORMA-9541,366
9,NORMA-20389,367
9,NORMA-19566,368
9,NORMA-799,369
9,NORMA-20730,370
9,NORMA-20172,371
9,NORMA-20906,372
9,NORMA-20033,373
9,NORMA-6652,374
9,NORMA-9008,375
9,NORMA-6379,376
9,NORMA-10170,377
9,NORMA-14101,378
9,NORMA-10912,379
9,NORMA-20601,380
9,NORMA-19536,381
9,NORMA-10540,382
9,NORMA-12417,383
9,NORMA-18236,384
9,NORMA-11468,385
9,NORMA-19123,386
9,NORMA-20108,387
9,NORMA-11067,388
9,NORMA-14927,389
9,NORMA-13748,390
9,NORMA-20777,391
9,NORMA-20986,392
9,NORMA-11160,393
9,NORMA-8517,394
9,NORMA-12671,395
9,NORMA-10108,396
9,NORMA-14192,397
9,NORMA-12676,398
9,NORMA-21021,399
9,NORMA-7330,400
9,NORMA-19022,401
9,NORMA-21751,402
9,NORMA-18653,403
9,NORMA-9118,404
9,NORMA-20955,405
9,NORMA-18238,406
9,NORMA-22902,407
9,NORMA-20306,408
9,NORMA-9456,409
9,NORMA-10594,410
9,NORMA-13229,411
9,NORMA-18702,412
9,NORMA-27546,413
9,NORMA-15189,414
9,NORMA-17001,415
9,NORMA-12966,416
9,NORMA-6823,417
9,NORMA-20481,418
9,NORMA-15647,419
9,NORMA-20963,420
9,NORMA-18234,421
9,NORMA-19942,422
9,NORMA-25645,423
9,NORMA-19241,424
9,NORMA-9906,425
9,NORMA-10650,426
9,NORMA-18290,427
9,NORMA-20117,428
9,NORMA-13176,429
9,NORMA-18990,430
9,NORMA-937,431
9,NORMA-9989,432
9,NORMA-28701,433
9,NORMA-18942,434
9,NORMA-9454,435
9,NORMA-20138,436
9,NORMA-13330,437
9,NORMA-9784,438
9,NORMA-13966,439
9,NORMA-1447,440
9,NORMA-14338,441
9,NORMA-10461,442
9,NORMA-19192,443
9,NORMA-18569,444
9,NORMA-21286,445
9,NORMA-4312,446
9,NORMA-22001,447
9,NORMA-13192,448
9,NORMA-6323,449
9,NORMA-23101,450
9,NORMA-11010,451
9,NORMA-21408,452
9,NORMA-14904,453
9,NORMA-18704,454
9,NORMA-8086,455
9,NORMA-941,456
9,NORMA-10248,457
9,NORMA-19107,458
9,NORMA-13030,459
9,NORMA-20907,460
9,NORMA-6777,461
9,NORMA-19231,462
9,NORMA-18340,463
9,NORMA-13268,464
9,NORMA-20298,465
9,NORMA-12501,466
9,NORMA-19265,467
9,NORMA-19546,468
9,NORMA-2162,469
9,NORMA-15131,470
9,NORMA-20168,471
9,NORMA-9996,472
9,NORMA-18766,473
9,NORMA-18870,474
9,NORMA-21140,475
9,NORMA-18513,476
9,NORMA-14872,477
9,NORMA-20406,478
9,NORMA-9802,479
9,NORMA-18235,480
9,NORMA-20467,481
9,NORMA-18586,482
9,NORMA-14238,483
9,NORMA-1192,484
9,NORMA-12540,485
9,NORMA-9552,486
9,NORMA-19227,487
9,NORMA-13213,488
9,NORMA-19025,489
9,NORMA-18916,490
9,NORMA-7186,491
9,NORMA-10124,492
9,NORMA-18587,493
9,NORMA-18300,494
9,NORMA-13360,495
9,NORMA-20502,496
9,NORMA-19583,497
9,NORMA-14503,498
9,NORMA-18733,499
9,NORMA-19061,500
9,NORMA-20058,501
9,NORMA-18764,502
9,NORMA-12688,503
9,NORMA-13174,504
9,NORMA-11932,505
9,NORMA-11039,506
9,NORMA-11305,507
9,NORMA-14531,508
9,NORMA-15052,509
9,NORMA-27222,510
9,NORMA-14692,511
9,NORMA-12479,512
9,NORMA-21463,513
9,NORMA-10133,514
9,NORMA-14922,515
9,NORMA-18284,516
9,NORMA-12421,517
9,NORMA-19340,518
9,NORMA-19647,519
9,NORMA-18727,520
9,NORMA-14534,521
9,NORMA-14337,522
9,NORMA-20630,523
9,NORMA-18285,524
9,NORMA-236,525
9,NORMA-13115,526
9,NORMA-20960,527
9,NORMA-18372,528
9,NORMA-18141,529
9,NORMA-18266,530
9,NORMA-19969,531
9,NORMA-20687,532
9,NORMA-13590,533
9,NORMA-19649,534
9,NORMA-18352,535
9,NORMA-3942,536
9,NORMA-6782,537
9,NORMA-18256,538
9,NORMA-6212,539
9,NORMA-14160,540
9,NORMA-19704,541
9,NORMA-7036,542
9,NORMA-1349,543
9,NORMA-9116,544
9,NORMA-9674,545
9,NORMA-19444,546
9,NORMA-14193,547
9,NORMA-14484,548
9,NORMA-24821,549
9,NORMA-4105,550
9,NORMA-12375,551
9,NORMA-12184,552
9,NORMA-10875,553
9,NORMA-19375,554
9,NORMA-12468,555
9,NORMA-19411,556
9,NORMA-21290,557
9,NORMA-12307,558
9,NORMA-6677,559
9,NORMA-8768,560
9,NORMA-24801,561
9,NORMA-18602,562
9,NORMA-6708,563
9,NORMA-14447,564
9,NORMA-12120,565
9,NORMA-18711,566
9,NORMA-18531,567
9,NORMA-14779,568
9,NORMA-14053,569
9,NORMA-19653,570
9,NORMA-20489,571
9,NORMA-18703,572
9,NORMA-20397,573
9,NORMA-26662,574
9,NORMA-14975,575
9,NORMA-6763,576
9,NORMA-21369,577
9,NORMA-13047,578
9,NORMA-14584,579
9,NORMA-6399,580
9,NORMA-20383,581
9,NORMA-9306,582
9,NORMA-20365,583
9,NORMA-19788,584
9,NORMA-10783,585
9,NORMA-20961,586
9,NORMA-9561,587
9,NORMA-16682,588
9,NORMA-27304,589
9,NORMA-11412,590
9,NORMA-21481,591
9,NORMA-4019,592
9,NORMA-19440,593
9,NORMA-4954,594
9,NORMA-18470,595
9,NORMA-21665,596
9,NORMA-13591,597
9,NORMA-11093,598
9,NORMA-10194,599
9,NORMA-19105,600
9,NORMA-6802,601
9,NORMA-21034,602
9,NORMA-27785,603
9,NORMA-20399,604
9,NORMA-917,605
9,NORMA-29202,606
9,NORMA-14014,607
9,NORMA-14935,608
9,NORMA-5136,609
9,NORMA-14098,610
9,NORMA-20359,611
9,NORMA-10371,612
9,NORMA-15195,613
9,NORMA-11915,614
9,NORMA-7365,615
9,NORMA-19529,616
9,NORMA-18819,617
9,NORMA-21448,618
9,NORMA-1672,619
9,NORMA-19667,620
9,NORMA-21279,621
9,NORMA-19493,622
9,NORMA-21334,623
9,NORMA-6602,624
9,NORMA-27681,625
9,NORMA-3985,626
9,NORMA-12520,627
9,NORMA-20813,628
9,NORMA-21444,629
9,NORMA-13537,630
9,NORMA-9999,631
9,NORMA-12160,632
9,NORMA-12675,633
9,NORMA-1866,634
9,NORMA-20141,635
9,NORMA-13083,636
9,NORMA-23741,637
9,NORMA-13223,638
9,NORMA-19584,639
9,NORMA-21554,640
9,NORMA-21171,641
9,NORMA-18872,642
9,NORMA-14974,643
9,NORMA-14113,644
9,NORMA-11070,645
9,NORMA-12406,646
9,NORMA-18927,647
9,NORMA-12510,648
9,NORMA-11968,649
9,NORMA-12107,650
9,NORMA-18918,651
9,NORMA-12232,652
9,NORMA-20144,653
9,NORMA-11337,654
9,NORMA-763,655
9,NORMA-13283,656
9,NORMA-11582,657
9,NORMA-13506,658
9,NORMA-21075,659
9,NORMA-13700,660
9,NORMA-11204,661
9,NORMA-18856,662
9,NORMA-18714,663
9,NORMA-20518,664
9,NORMA-8112,665
9,NORMA-19709,666
9,NORMA-18875,667
9,NORMA-6900,668
9,NORMA-14515,669
9,NORMA-20734,670
9,NORMA-10812,671
9,NORMA-21549,672
9,NORMA-9234,673
9,NORMA-14700,674
9,NORMA-8936,675
9,NORMA-19023,676
9,NORMA-5736,677
9,NORMA-11816,678
9,NORMA-18686,679
9,NORMA-13144,680
9,NORMA-10260,681
9,NORMA-19204,682
9,NORMA-10774,683
9,NORMA-18694,684
9,NORMA-15251,685
9,NORMA-18622,686
9,NORMA-6164,687
9,NORMA-21576,688
9,NORMA-2589,689
9,NORMA-5708,690
9,NORMA-18866,691
9,NORMA-10098,692
9,NORMA-7119,693
9,NORMA-20121,694
9,NORMA-18469,695
9,NORMA-13396,696
9,NORMA-10531,697
9,NORMA-18839,698
9,NORMA-9958,699
9,NORMA-12718,700
9,NORMA-9449,701
9,NORMA-6961,702
9,NORMA-17361,703
9,NORMA-21534,704
9,NORMA-18324,705
9,NORMA-15601,706
9,NORMA-18502,707
9,NORMA-15841,708
9,NORMA-14602,709
9,NORMA-3612,710
9,NORMA-18510,711
9,NORMA-20835,712
9,NORMA-12327,713
9,NORMA-20761,714
9,NORMA-13395,715
9,NORMA-20713,716
9,NORMA-20729,717
9,NORMA-13186,718
9,NORMA-25041,719
9,NORMA-13136,720
9,NORMA-6717,721
9,NORMA-15006,722
9,NORMA-18721,723
9,NORMA-9295,724
9,NORMA-5920,725
9,NORMA-29122,726
9,NORMA-4480,727
9,NORMA-9507,728
9,NORMA-6984,729
9,NORMA-21227,730
9,NORMA-19689,731
9,NORMA-20285,732
9,NORMA-11790,733
9,NORMA-13752,734
9,NORMA-10305,735
9,NORMA-7223,736
9,NORMA-20134,737
9,NORMA-19450,738
9,NORMA-18884,739
9,NORMA-20500,740
9,NORMA-15313,741
9,NORMA-29261,742
9,NORMA-5131,743
9,NORMA-14144,744
9,NORMA-18735,745
9,NORMA-3589,746
9,NORMA-18515,747
9,NORMA-5406,748
9,NORMA-12481,749
9,NORMA-20606,750
9,NORMA-18264,751
9,NORMA-19733,752
9,NORMA-9947,753
9,NORMA-18903,754
9,NORMA-9654,755
9,NORMA-24742,756
9,NORMA-28242,757
9,NORMA-26241,758
9,NORMA-18142,759
9,NORMA-18420,760
9,NORMA-13310,761
9,NORMA-14035,762
9,NORMA-6442,763
9,NORMA-21266,764
9,NORMA-14205,765
9,NORMA-21459,766
9,NORMA-2519,767
9,NORMA-4634,768
9,NORMA-18556,769
9,NORMA-9498,770
9,NORMA-18629,771
9,NORMA-13949,772
9,NORMA-15134,773
9,NORMA-29004,774
9,NORMA-10649,775
9,NORMA-20375,776
9,NORMA-18525,777
9,NORMA-13221,778
9,NORMA-4560,779
9,NORMA-7234,780
9,NORMA-7388,781
9,NORMA-7196,782
9,NORMA-14510,783
9,NORMA-20725,784
9,NORMA-8582,785
9,NORMA-10551,786
9,NORMA-21690,787
9,NORMA-6851,788
9,NORMA-10122,789
9,NORMA-13627,790
9,NORMA-11431,791
9,NORMA-21694,792
9,NORMA-570,793
9,NORMA-9960,794
9,NORMA-19322,795
9,NORMA-7906,796
9,NORMA-19746,797
9,NORMA-19398,798
9,NORMA-14763,799
9,NORMA-19151,800
9,NORMA-14730,801
9,NORMA-10602,802
9,NORMA-20360,803
9,NORMA-18260,804
9,NORMA-10493,805
9,NORMA-11051,806
9,NORMA-28184,807
9,NORMA-12839,808
9,NORMA-12820,809
9,NORMA-21124,810
9,NORMA-8018,811
9,NORMA-15822,812
9,NORMA-13903,813
9,NORMA-21353,814
9,NORMA-5428,815
9,NORMA-19637,816
9,NORMA-14345,817
9,NORMA-6367,818
9,NORMA-12287,819
9,NORMA-12831,820
9,NORMA-11505,821
9,NORMA-19175,822
9,NORMA-5833,823
9,NORMA-7100,824
9,NORMA-13838,825
9,NORMA-10638,826
9,NORMA-14375,827
9,NORMA-20472,828
9,NORMA-23181,829
9,NORMA-19184,830
9,NORMA-11593,831
9,NORMA-28461,832
9,NORMA-17542,833
9,NORMA-14698,834
9,NORMA-18318,835
9,NORMA-18534,836
9,NORMA-13096,837
9,NORMA-9207,838
9,NORMA-15169,839
9,NORMA-13920,840
9,NORMA-21277,841
9,NORMA-2190,842
9,NORMA-20350,843
9,NORMA-7386,844
9,NORMA-7319,845
9,NORMA-3960,846
9,NORMA-18490,847
9,NORMA-18426,848
9,NORMA-14572,849
9,NORMA-8770,850
9,NORMA-1391,851
9,NORMA-24842,852
9,NORMA-18959,853
9,NORMA-18712,854
9,NORMA-27229,855
9,NORMA-15027,856
9,NORMA-21476,857
9,NORMA-15825,858
9,NORMA-20575,859
9,NORMA-10447,860
9,NORMA-12351,861
9,NORMA-18468,862
9,NORMA-7595,863
9,NORMA-21037,864
9,NORMA-9040,865
9,NORMA-18211,866
9,NORMA-20016,867
9,NORMA-10040,868
9,NORMA-20966,869
9,NORMA-11362,870
9,NORMA-19425,871
9,NORMA-9173,872
9,NORMA-15127,873
9,NORMA-10092,874
9,NORMA-18217,875
9,NORMA-23027,876
9,NORMA-14049,877
9,NORMA-18588,878
9,NORMA-6480,879
9,NORMA-9397,880
9,NORMA-12020,881
9,NORMA-3472,882
9,NORMA-3529,883
9,NORMA-10618,884
9,NORMA-19821,885
9,NORMA-19553,886
9,NORMA-10761,887
9,NORMA-12591,888
9,NORMA-8575,889
9,NORMA-7675,890
9,NORMA-5381,891
9,NORMA-19067,892
9,NORMA-20341,893
9,NORMA-2058,894
9,NORMA-19183,895
9,NORMA-8529,896
9,NORMA-24361,897
9,NORMA-20028,898
9,NORMA-14146,899
9,NORMA-10578,900
9,NORMA-12509,901
9,NORMA-6739,902
9,NORMA-21324,903
9,NORMA-5129,904
9,NORMA-13519,905
9,NORMA-12360,906
9,NORMA-14265,907
9,NORMA-4983,908
9,NORMA-20482,909
9,NORMA-18789,910
9,NORMA-21791,911
9,NORMA-18829,912
9,NORMA-7153,913
9,NORMA-19276,914
9,NORMA-17681,915
9,NORMA-10509,916
9,NORMA-12381,917
9,NORMA-20009,918
9,NORMA-13554,919
9,NORMA-20798,920
9,NORMA-9932,921
9,NORMA-21205,922
9,NORMA-22121,923
9,NORMA-14518,924
9,NORMA-19098,925
9,NORMA-19456,926
9,NORMA-8455,927
9,NORMA-10456,928
9,NORMA-1572,929
9,NORMA-18353,930
9,NORMA-4662,931
9,NORMA-18378,932
9,NORMA-21726,933
9,NORMA-1656,934
9,NORMA-4258,935
9,NORMA-14984,936
9,NORMA-18939,937
9,NORMA-9243,938
9,NORMA-8412,939
9,NORMA-14603,940
9,NORMA-29042,941
9,NORMA-23682,942
9,NORMA-18493,943
9,NORMA-1720,944
9,NORMA-19072,945
9,NORMA-15316,946
9,NORMA-20748,947
9,NORMA-8661,948
9,NORMA-13749,949
9,NORMA-6142,950
9,NORMA-19351,951
9,NORMA-19097,952
9,NORMA-20010,953
9,NORMA-8492,954
9,NORMA-9121,955
9,NORMA-18376,956
9,NORMA-7900,957
9,NORMA-23402,958
9,NORMA-12170,959
9,NORMA-19784,960
9,NORMA-4492,961
9,NORMA-19549,962
9,NORMA-21468,963
9,NORMA-28404,964
9,NORMA-18940,965
9,NORMA-9041,966
9,NORMA-20209,967
9,NORMA-18895,968
9,NORMA-7307,969
9,NORMA-11519,970
9,NORMA-20067,971
9,NORMA-24422,972
9,NORMA-28601,973
9,NORMA-19438,974
9,NORMA-13454,975
9,NORMA-9291,976
9,NORMA-2217,977
9,NORMA-8459,978
9,NORMA-10931,979
9,NORMA-13970,980
9,NORMA-21329,981
9,NORMA-4035,982
9,NORMA-18257,983
9,NORMA-19277,984
9,NORMA-15196,985
9,NORMA-14163,986
9,NORMA-10213,987
9,NORMA-9914,988
9,NORMA-15182,989
9,NORMA-3901,990
9,NORMA-4561,991
9,NORMA-10749,992
9,NORMA-2389,993
9,NORMA-18262,994
9,NORMA-11793,995
9,NORMA-12653,996
9,NORMA-14781,997
9,NORMA-21636,998
9,NORMA-15824,999
9,NORMA-20673,1000
10,NORMA-18910,1
10,NORMA-6968,2
10,NORMA-6176,3
10,NORMA-18994,4
10,NORMA-21344,5
10,NORMA-19961,6
10,NORMA-18996,7
10,NORMA-21402,8
10,NORMA-21638,9
10,NORMA-19000,10
10,NORMA-19972,11
10,NORMA-18102,12
10,NORMA-10298,13
10,NORMA-21269,14
10,NORMA-13402,15
10,NORMA-21703,16
10,NORMA-27161,17
10,NORMA-21649,18
10,NORMA-16424,19
10,NORMA-21709,20
10,NORMA-22862,21
10,NORMA-21497,22
10,NORMA-21141,23
10,NORMA-23361,24
10,NORMA-18211,25
10,NORMA-19982,26
10,NORMA-23101,27
10,NORMA-1445,28
10,NORMA-19979,29
10,NORMA-21617,30
10,NORMA-18368,31
10,NORMA-18753,32
10,NORMA-18682,33
10,NORMA-19240,34
10,NORMA-1248,35
10,NORMA-19622,36
10,NORMA-21743,37
10,NORMA-21635,38
10,NORMA-20222,39
10,NORMA-21738,40
10,NORMA-21701,41
10,NORMA-19003,42
10,NORMA-21390,43
10,NORMA-1114,44
10,NORMA-6184,45
10,NORMA-20694,46
10,NORMA-21660,47
10,NORMA-19223,48
10,NORMA-20922,49
10,NORMA-6685,50
10,NORMA-21509,51
10,NORMA-20129,52
10,NORMA-19705,53
10,NORMA-20790,54
10,NORMA-18767,55
10,NORMA-18754,56
10,NORMA-19526,57
10,NORMA-18673,58
10,NORMA-14858,59
10,NORMA-13610,60
10,NORMA-20901,61
10,NORMA-18741,62
10,NORMA-23341,63
10,NORMA-18401,64
10,NORMA-20284,65
10,NORMA-19691,66
10,NORMA-13990,67
10,NORMA-18294,68
10,NORMA-21332,69
10,NORMA-21295,70
10,NORMA-1374,71
10,NORMA-20248,72
10,NORMA-4322,73
10,NORMA-19278,74
10,NORMA-21711,75
10,NORMA-21706,76
10,NORMA-1470,77
10,NORMA-18463,78
10,NORMA-20990,79
10,NORMA-1192,80
10,NORMA-19629,81
10,NORMA-19844,82
10,NORMA-21075,83
10,NORMA-20888,84
10,NORMA-1164,85
10,NORMA-20879,86
10,NORMA-18574,87
10,NORMA-13555,88
10,NORMA-21663,89
10,NORMA-20887,90
10,NORMA-15068,91
10,NORMA-20936,92
10,NORMA-12284,93
10,NORMA-21669,94
10,NORMA-19047,95
10,NORMA-20727,96
10,NORMA-19124,97
10,NORMA-20964,98
10,NORMA-3484,99
10,NORMA-9715,100
10,NORMA-21282,101
10,NORMA-20926,102
10,NORMA-21578,103
10,NORMA-20893,104
10,NORMA-20712,105
10,NORMA-9705,106
10,NORMA-18650,107
10,NORMA-21187,108
10,NORMA-2207,109
10,NORMA-20845,110
10,NORMA-10247,111
10,NORMA-21423,112
10,NORMA-19321,113
10,NORMA-21761,114
10,NORMA-20622,115
10,NORMA-21045,116
10,NORMA-24941,117
10,NORMA-19194,118
10,NORMA-21710,119
10,NORMA-21591,120
10,NORMA-20915,121
10,NORMA-19437,122
10,NORMA-11742,123
10,NORMA-21108,124
10,NORMA-18528,125
10,NORMA-19326,126
10,NORMA-1296,127
10,NORMA-18699,128
10,NORMA-21285,129
10,NORMA-20295,130
10,NORMA-5226,131
10,NORMA-20704,132
10,NORMA-21643,133
10,NORMA-19467,134
10,NORMA-20058,135
10,NORMA-21050,136
10,NORMA-19689,137
10,NORMA-18904,138
10,NORMA-20613,139
10,NORMA-21364,140
10,NORMA-20737,141
10,NORMA-20273,142
10,NORMA-20108,143
10,NORMA-11557,144
10,NORMA-21580,145
10,NORMA-18970,146
10,NORMA-21724,147
10,NORMA-10018,148
10,NORMA-14482,149
10,NORMA-21748,150
10,NORMA-21409,151
10,NORMA-1515,152
10,NORMA-19698,153
10,NORMA-2483,154
10,NORMA-18756,155
10,NORMA-19444,156
10,NORMA-21526,157
10,NORMA-13795,158
10,NORMA-19674,159
10,NORMA-18530,160
10,NORMA-2376,161
10,NORMA-20730,162
10,NORMA-20491,163
10,NORMA-20763,164
10,NORMA-20810,165
10,NORMA-2475,166
10,NORMA-20138,167
10,NORMA-21203,168
10,NORMA-20890,169
10,NORMA-20703,170
10,NORMA-21418,171
10,NORMA-19712,172
10,NORMA-1841,173
10,NORMA-20139,174
10,NORMA-21324,175
10,NORMA-12739,176
10,NORMA-3589,177
10,NORMA-19570,178
10,NORMA-19782,179
10,NORMA-15350,180
10,NORMA-19303,181
10,NORMA-18663,182
10,NORMA-20713,183
10,NORMA-18230,184
10,NORMA-11759,185
10,NORMA-19942,186
10,NORMA-20609,187
10,NORMA-21443,188
10,NORMA-19616,189
10,NORMA-28221,190
10,NORMA-18629,191
10,NORMA-21202,192
10,NORMA-19927,193
10,NORMA-20927,194
10,NORMA-19535,195
10,NORMA-18995,196
10,NORMA-9936,197
10,NORMA-20963,198
10,NORMA-12103,199
10,NORMA-18366,200
10,NORMA-2383,201
10,NORMA-18627,202
10,NORMA-21585,203
10,NORMA-20632,204
10,NORMA-18687,205
10,NORMA-21279,206
10,NORMA-18725,207
10,NORMA-7621,208
10,NORMA-20143,209
10,NORMA-19734,210
10,NORMA-19013,211
10,NORMA-11674,212
10,NORMA-20117,213
10,NORMA-19971,214
10,NORMA-18181,215
10,NORMA-7818,216
10,NORMA-12066,217
10,NORMA-21769,218
10,NORMA-14904,219
10,NORMA-772,220
10,NORMA-21637,221
10,NORMA-19078,222
10,NORMA-11567,223
10,NORMA-6753,224
10,NORMA-21586,225
10,NORMA-14910,226
10,NORMA-21059,227
10,NORMA-7993,228
10,NORMA-15251,229
10,NORMA-1924,230
10,NORMA-20731,231
10,NORMA-19745,232
10,NORMA-28982,233
10,NORMA-18902,234
10,NORMA-11515,235
10,NORMA-20152,236
10,NORMA-20702,237
10,NORMA-19733,238
10,NORMA-21535,239
10,NORMA-11723,240
10,NORMA-21065,241
10,NORMA-19811,242
10,NORMA-4767,243
10,NORMA-18670,244
10,NORMA-6322,245
10,NORMA-20599,246
10,NORMA-11716,247
10,NORMA-18940,248
10,NORMA-18729,249
10,NORMA-18380,250
10,NORMA-22401,251
10,NORMA-11719,252
10,NORMA-19731,253
10,NORMA-18764,254
10,NORMA-11516,255
10,NORMA-20629,256
10,NORMA-8158,257
10,NORMA-19736,258
10,NORMA-4182,259
10,NORMA-11565,260
10,NORMA-18214,261
10,NORMA-11538,262
10,NORMA-14951,263
10,NORMA-20833,264
10,NORMA-6984,265
10,NORMA-21024,266
10,NORMA-21613,267
10,NORMA-5736,268
10,NORMA-21004,269
10,NORMA-19323,270
10,NORMA-11722,271
10,NORMA-18238,272
10,NORMA-19252,273
10,NORMA-21641,274
10,NORMA-2233,275
10,NORMA-21392,276
10,NORMA-20591,277
10,NORMA-17001,278
10,NORMA-8162,279
10,NORMA-10206,280
10,NORMA-26861,281
10,NORMA-10461,282
10,NORMA-13627,283
10,NORMA-22461,284
10,NORMA-7018,285
10,NORMA-29261,286
10,NORMA-12030,287
10,NORMA-14779,288
10,NORMA-6637,289
10,NORMA-4492,290
10,NORMA-4736,291
10,NORMA-6674,292
10,NORMA-18918,293
10,NORMA-25903,294
10,NORMA-6164,295
10,NORMA-12956,296
10,NORMA-14967,297
10,NORMA-14510,298
10,NORMA-19282,299
10,NORMA-20626,300
10,NORMA-15427,301
10,NORMA-5136,302
10,NORMA-9234,303
10,NORMA-18999,304
10,NORMA-20521,305
10,NORMA-13635,306
10,NORMA-19512,307
10,NORMA-5406,308
10,NORMA-9802,309
10,NORMA-13991,310
10,NORMA-7163,311
10,NORMA-11604,312
10,NORMA-12375,313
10,NORMA-6451,314
10,NORMA-19813,315
10,NORMA-21318,316
10,NORMA-21280,317
10,NORMA-15465,318
10,NORMA-7238,319
10,NORMA-13746,320
10,NORMA-12016,321
10,NORMA-7223,322
10,NORMA-3502,323
10,NORMA-2503,324
10,NORMA-18990,325
10,NORMA-18675,326
10,NORMA-19735,327
10,NORMA-21206,328
10,NORMA-19700,329
10,NORMA-20111,330
10,NORMA-6247,331
10,NORMA-18264,332
10,NORMA-11563,333
10,NORMA-18413,334
10,NORMA-13591,335
10,NORMA-19118,336
10,NORMA-4003,337
10,NORMA-13903,338
10,NORMA-18689,339
10,NORMA-18890,340
10,NORMA-6702,341
10,NORMA-9708,342
10,NORMA-20575,343
10,NORMA-15134,344
10,NORMA-12697,345
10,NORMA-21301,346
10,NORMA-8992,347
10,NORMA-20877,348
10,NORMA-11733,349
10,NORMA-11602,350
10,NORMA-745,351
10,NORMA-2478,352
10,NORMA-12911,353
10,NORMA-5849,354
10,NORMA-8643,355
10,NORMA-15028,356
10,NORMA-15321,357
10,NORMA-20643,358
10,NORMA-19820,359
10,NORMA-15094,360
10,NORMA-27221,361
10,NORMA-13510,362
10,NORMA-20734,363
10,NORMA-13488,364
10,NORMA-18227,365
10,NORMA-19959,366
10,NORMA-7494,367
10,NORMA-29764,368
10,NORMA-11518,369
10,NORMA-20067,370
10,NORMA-18971,371
10,NORMA-6145,372
10,NORMA-2362,373
10,NORMA-21062,374
10,NORMA-19623,375
10,NORMA-21717,376
10,NORMA-18572,377
10,NORMA-24361,378
10,NORMA-2470,379
10,NORMA-19374,380
10,NORMA-14225,381
10,NORMA-9223,382
10,NORMA-20692,383
10,NORMA-18829,384
10,NORMA-21178,385
10,NORMA-18427,386
10,NORMA-20951,387
10,NORMA-27746,388
10,NORMA-27403,389
10,NORMA-19780,390
10,NORMA-2058,391
10,NORMA-25041,392
10,NORMA-2587,393
10,NORMA-11754,394
10,NORMA-18638,395
10,NORMA-21566,396
10,NORMA-2399,397
10,NORMA-19529,398
10,NORMA-12055,399
10,NORMA-20864,400
10,NORMA-10785,401
10,NORMA-18819,402
10,NORMA-21459,403
10,NORMA-9934,404
10,NORMA-6988,405
10,NORMA-11093,406
10,NORMA-19758,407
10,NORMA-12009,408
10,NORMA-6863,409
10,NORMA-11603,410
10,NORMA-4954,411
10,NORMA-23965,412
10,NORMA-11921,413
10,NORMA-19755,414
10,NORMA-14241,415
10,NORMA-21575,416
10,NORMA-19072,417
10,NORMA-21538,418
10,NORMA-20269,419
10,NORMA-15339,420
10,NORMA-17541,421
10,NORMA-19403,422
10,NORMA-21470,423
10,NORMA-9737,424
10,NORMA-20962,425
10,NORMA-7308,426
10,NORMA-5380,427
10,NORMA-20294,428
10,NORMA-20863,429
10,NORMA-20697,430
10,NORMA-24885,431
10,NORMA-21274,432
10,NORMA-6969,433
10,NORMA-2542,434
10,NORMA-11779,435
10,NORMA-5210,436
10,NORMA-20729,437
10,NORMA-6736,438
10,NORMA-17702,439
10,NORMA-10747,440
10,NORMA-11855,441
10,NORMA-24061,442
10,NORMA-22061,443
10,NORMA-6226,444
10,NORMA-4035,445
10,NORMA-18949,446
10,NORMA-18847,447
10,NORMA-20234,448
10,NORMA-13497,449
10,NORMA-501,450
10,NORMA-12823,451
10,NORMA-8261,452
10,NORMA-22981,453
10,NORMA-6048,454
10,NORMA-1170,455
10,NORMA-21404,456
10,NORMA-10012,457
10,NORMA-6062,458
10,NORMA-21623,459
10,NORMA-3985,460
10,NORMA-13797,461
10,NORMA-4480,462
10,NORMA-14117,463
10,NORMA-7553,464
10,NORMA-11572,465
10,NORMA-9856,466
10,NORMA-28663,467
10,NORMA-11151,468
10,NORMA-7153,469
10,NORMA-19134,470
10,NORMA-11564,471
10,NORMA-6802,472
10,NORMA-19566,473
10,NORMA-1455,474
10,NORMA-19615,475
10,NORMA-7387,476
10,NORMA-9618,477
10,NORMA-21536,478
10,NORMA-4221,479
10,NORMA-11720,480
10,NORMA-7196,481
10,NORMA-5708,482
10,NORMA-11790,483
10,NORMA-11673,484
10,NORMA-11737,485
10,NORMA-5219,486
10,NORMA-6775,487
10,NORMA-20996,488
10,NORMA-9855,489
10,NORMA-11442,490
10,NORMA-13208,491
10,NORMA-19518,492
10,NORMA-23321,493
10,NORMA-3529,494
10,NORMA-11669,495
10,NORMA-12237,496
10,NORMA-10043,497
10,NORMA-7240,498
10,NORMA-21083,499
10,NORMA-11666,500
10,NORMA-11477,501
10,NORMA-20646,502
10,NORMA-9714,503
10,NORMA-12490,504
10,NORMA-20582,505
10,NORMA-15802,506
10,NORMA-18327,507
10,NORMA-18942,508
10,NORMA-19704,509
10,NORMA-21442,510
10,NORMA-11862,511
10,NORMA-9365,512
10,NORMA-24905,513
10,NORMA-12434,514
10,NORMA-21049,515
10,NORMA-19727,516
10,NORMA-10122,517
10,NORMA-11512,518
10,NORMA-18968,519
10,NORMA-12602,520
10,NORMA-4600,521
10,NORMA-6679,522
10,NORMA-1485,523
10,NORMA-11876,524
10,NORMA-20300,525
10,NORMA-14055,526
10,NORMA-6278,527
10,NORMA-11621,528
10,NORMA-18298,529
10,NORMA-9010,530
10,NORMA-8976,531
10,NORMA-19821,532
10,NORMA-18878,533
10,NORMA-21449,534
10,NORMA-10279,535
10,NORMA-21389,536
10,NORMA-5555,537
10,NORMA-15234,538
10,NORMA-12011,539
10,NORMA-515,540
10,NORMA-10285,541
10,NORMA-6399,542
10,NORMA-5428,543
10,NORMA-2384,544
10,NORMA-5526,545
10,NORMA-14116,546
10,NORMA-19606,547
10,NORMA-15298,548
10,NORMA-13806,549
10,NORMA-20283,550
10,NORMA-5885,551
10,NORMA-19627,552
10,NORMA-11721,553
10,NORMA-4538,554
10,NORMA-11598,555
10,NORMA-18361,556
10,NORMA-15363,557
10,NORMA-24042,558
10,NORMA-1295,559
10,NORMA-7625,560
10,NORMA-22281,561
10,NORMA-1365,562
10,NORMA-20799,563
10,NORMA-10565,564
10,NORMA-3975,565
10,NORMA-19514,566
10,NORMA-20645,567
10,NORMA-11520,568
10,NORMA-11791,569
10,NORMA-6049,570
10,NORMA-3551,571
10,NORMA-20676,572
10,NORMA-5994,573
10,NORMA-20969,574
10,NORMA-20738,575
10,NORMA-21417,576
10,NORMA-11667,577
10,NORMA-21055,578
10,NORMA-5833,579
10,NORMA-6782,580
10,NORMA-2012,581
10,NORMA-8580,582
10,NORMA-13897,583
10,NORMA-21499,584
10,NORMA-18626,585
10,NORMA-14587,586
10,NORMA-19513,587
10,NORMA-5909,588
10,NORMA-11443,589
10,NORMA-12338,590
10,NORMA-6851,591
10,NORMA-11578,592
10,NORMA-21360,593
10,NORMA-2519,594
10,NORMA-11765,595
10,NORMA-4296,596
10,NORMA-21519,597
10,NORMA-5792,598
10,NORMA-11560,599
10,NORMA-21302,600
10,NORMA-11584,601
10,NORMA-6480,602
10,NORMA-9821,603
10,NORMA-20219,604
10,NORMA-19896,605
10,NORMA-11108,606
10,NORMA-19477,607
10,NORMA-3953,608
10,NORMA-14744,609
10,NORMA-20262,610
10,NORMA-13665,611
10,NORMA-9890,612
10,NORMA-20707,613
10,NORMA-13660,614
10,NORMA-21132,615
10,NORMA-13308,616
10,NORMA-11523,617
10,NORMA-20736,618
10,NORMA-9999,619
10,NORMA-3901,620
10,NORMA-12431,621
10,NORMA-21196,622
10,NORMA-19158,623
10,NORMA-19636,624
10,NORMA-11762,625
10,NORMA-7831,626
10,NORMA-12485,627
10,NORMA-20497,628
10,NORMA-15167,629
10,NORMA-2387,630
10,NORMA-11577,631
10,NORMA-11315,632
10,NORMA-570,633
10,NORMA-2162,634
10,NORMA-21420,635
10,NORMA-11556,636
10,NORMA-20891,637
10,NORMA-11877,638
10,NORMA-21554,639
10,NORMA-11814,640
10,NORMA-8762,641
10,NORMA-9049,642
10,NORMA-10878,643
10,NORMA-2447,644
10,NORMA-28703,645
10,NORMA-14511,646
10,NORMA-2465,647
10,NORMA-18464,648
10,NORMA-16443,649
10,NORMA-12566,650
10,NORMA-2428,651
10,NORMA-13363,652
10,NORMA-18434,653
10,NORMA-21298,654
10,NORMA-14789,655
10,NORMA-8096,656
10,NORMA-9319,657
10,NORMA-9136,658
10,NORMA-11505,659
10,NORMA-20880,660
10,NORMA-1541,661
10,NORMA-2068,662
10,NORMA-6786,663
10,NORMA-11875,664
10,NORMA-5942,665
10,NORMA-4786,666
10,NORMA-14035,667
10,NORMA-13159,668
10,NORMA-18378,669
10,NORMA-15206,670
10,NORMA-26565,671
10,NORMA-6442,672
10,NORMA-11611,673
10,NORMA-24524,674
10,NORMA-24561,675
10,NORMA-20223,676
10,NORMA-9803,677
10,NORMA-9521,678
10,NORMA-10154,679
10,NORMA-10221,680
10,NORMA-7146,681
10,NORMA-15133,682
10,NORMA-18856,683
10,NORMA-20583,684
10,NORMA-4171,685
10,NORMA-9794,686
10,NORMA-12554,687
10,NORMA-14485,688
10,NORMA-6668,689
10,NORMA-14224,690
10,NORMA-27364,691
10,NORMA-19426,692
10,NORMA-11867,693
10,NORMA-18324,694
10,NORMA-20227,695
10,NORMA-9857,696
10,NORMA-4173,697
10,NORMA-19397,698
10,NORMA-11827,699
10,NORMA-3872,700
10,NORMA-12228,701
10,NORMA-11606,702
10,NORMA-12347,703
10,NORMA-5376,704
10,NORMA-11714,705
10,NORMA-10331,706
10,NORMA-11687,707
10,NORMA-14914,708
10,NORMA-4801,709
10,NORMA-11671,710
10,NORMA-21123,711
10,NORMA-8004,712
10,NORMA-7307,713
10,NORMA-25501,714
10,NORMA-13449,715
10,NORMA-13048,716
10,NORMA-14974,717
10,NORMA-12248,718
10,NORMA-6774,719
10,NORMA-18243,720
10,NORMA-3849,721
10,NORMA-8010,722
10,NORMA-11836,723
10,NORMA-10931,724
10,NORMA-13682,725
10,NORMA-13672,726
10,NORMA-12387,727
10,NORMA-12997,728
10,NORMA-21262,729
10,NORMA-12043,730
10,NORMA-12107,731
10,NORMA-19916,732
10,NORMA-12303,733
10,NORMA-19553,734
10,NORMA-26564,735
10,NORMA-18584,736
10,NORMA-2085,737
10,NORMA-12247,738
10,NORMA-12750,739
10,NORMA-18886,740
10,NORMA-18842,741
10,NORMA-9152,742
10,NORMA-4288,743
10,NORMA-11517,744
10,NORMA-4560,745
10,NORMA-18722,746
10,NORMA-4105,747
10,NORMA-1788,748
10,NORMA-20200,749
10,NORMA-2001,750
10,NORMA-21082,751
10,NORMA-19448,752
10,NORMA-20687,753
10,NORMA-18824,754
10,NORMA-15781,755
10,NORMA-11999,756
10,NORMA-12824,757
10,NORMA-13602,758
10,NORMA-12255,759
10,NORMA-18678,760
10,NORMA-20114,761
10,NORMA-11558,762
10,NORMA-19998,763
10,NORMA-1689,764
10,NORMA-1545,765
10,NORMA-13270,766
10,NORMA-11176,767
10,NORMA-20302,768
10,NORMA-19079,769
10,NORMA-6965,770
10,NORMA-6976,771
10,NORMA-4618,772
10,NORMA-18289,773
10,NORMA-3979,774
10,NORMA-4019,775
10,NORMA-2057,776
10,NORMA-25205,777
10,NORMA-13229,778
10,NORMA-26701,779
10,NORMA-19245,780
10,NORMA-19495,781
10,NORMA-8829,782
10,NORMA-11771,783
10,NORMA-20308,784
10,NORMA-18636,785
10,NORMA-10821,786
10,NORMA-18811,787
10,NORMA-14037,788
10,NORMA-11562,789
10,NORMA-21197,790
10,NORMA-11799,791
10,NORMA-13174,792
10,NORMA-4294,793
10,NORMA-19930,794
10,NORMA-7234,795
10,NORMA-27581,796
10,NORMA-11718,797
10,NORMA-28802,798
10,NORMA-14190,799
10,NORMA-11852,800
10,NORMA-19407,801
10,NORMA-27901,802
10,NORMA-10920,803
10,NORMA-178,804
10,NORMA-11868,805
10,NORMA-11795,806
10,NORMA-20075,807
10,NORMA-21640,808
10,NORMA-20163,809
10,NORMA-12415,810
10,NORMA-5741,811
10,NORMA-10459,812
10,NORMA-29163,813
10,NORMA-11672,814
10,NORMA-18429,815
10,NORMA-2337,816
10,NORMA-18319,817
10,NORMA-11854,818
10,NORMA-12197,819
10,NORMA-14554,820
10,NORMA-11788,821
10,NORMA-14741,822
10,NORMA-19515,823
10,NORMA-13470,824
10,NORMA-5852,825
10,NORMA-5714,826
10,NORMA-12923,827
10,NORMA-13124,828
10,NORMA-19749,829
10,NORMA-14240,830
10,NORMA-9284,831
10,NORMA-8706,832
10,NORMA-18377,833
10,NORMA-13881,834
10,NORMA-919,835
10,NORMA-20852,836
10,NORMA-5552,837
10,NORMA-12007,838
10,NORMA-11732,839
10,NORMA-4776,840
10,NORMA-21170,841
10,NORMA-13774,842
10,NORMA-11939,843
10,NORMA-27044,844
10,NORMA-7303,845
10,NORMA-14746,846
10,NORMA-18267,847
10,NORMA-5031,848
10,NORMA-9619,849
10,NORMA-18677,850
10,NORMA-19771,851
10,NORMA-18800,852
10,NORMA-13918,853
10,NORMA-19776,854
10,NORMA-21447,855
10,NORMA-2551,856
10,NORMA-19012,857
10,NORMA-21361,858
10,NORMA-15145,859
10,NORMA-28585,860
10,NORMA-7910,861
10,NORMA-6622,862
10,NORMA-27181,863
10,NORMA-8077,864
10,NORMA-5652,865
10,NORMA-19306,866
10,NORMA-23281,867
10,NORMA-10595,868
10,NORMA-29042,869
10,NORMA-6147,870
10,NORMA-231,871
10,NORMA-4627,872
10,NORMA-2432,873
10,NORMA-9577,874
10,NORMA-11874,875
10,NORMA-25821,876
10,NORMA-3951,877
10,NORMA-11633,878
10,NORMA-18263,879
10,NORMA-13074,880
10,NORMA-2495,881
10,NORMA-18705,882
10,NORMA-14828,883
10,NORMA-5760,884
10,NORMA-18260,885
10,NORMA-20299,886
10,NORMA-18217,887
10,NORMA-14678,888
10,NORMA-19590,889
10,NORMA-4640,890
10,NORMA-4194,891
10,NORMA-21732,892
10,NORMA-14227,893
10,NORMA-19765,894
10,NORMA-21277,895
10,NORMA-18546,896
10,NORMA-19743,897
10,NORMA-11971,898
10,NORMA-8205,899
10,NORMA-13459,900
10,NORMA-9030,901
10,NORMA-14113,902
10,NORMA-2105,903
10,NORMA-10999,904
10,NORMA-3571,905
10,NORMA-11670,906
10,NORMA-11631,907
10,NORMA-18804,908
10,NORMA-8278,909
10,NORMA-18472,910
10,NORMA-11729,911
10,NORMA-4634,912
10,NORMA-23461,913
10,NORMA-16147,914
10,NORMA-8389,915
10,NORMA-11712,916
10,NORMA-12698,917
10,NORMA-5329,918
10,NORMA-14905,919
10,NORMA-1100,920
10,NORMA-3747,921
10,NORMA-3618,922
10,NORMA-3950,923
10,NORMA-20771,924
10,NORMA-18843,925
10,NORMA-19054,926
10,NORMA-21475,927
10,NORMA-9635,928
10,NORMA-3657,929
10,NORMA-9174,930
10,NORMA-11813,931
10,NORMA-20720,932
10,NORMA-20777,933
10,NORMA-9631,934
10,NORMA-10709,935
10,NORMA-15272,936
10,NORMA-985,937
10,NORMA-18259,938
10,NORMA-19065,939
10,NORMA-7131,940
10,NORMA-19175,941
10,NORMA-18691,942
10,NORMA-9237,943
10,NORMA-18895,944
10,NORMA-5892,945
10,NORMA-4565,946
10,NORMA-18723,947
10,NORMA-5160,948
10,NORMA-19191,949
10,NORMA-6396,950
10,NORMA-5596,951
10,NORMA-21005,952
10,NORMA-21084,953
10,NORMA-11610,954
10,NORMA-5242,955
10,NORMA-21188,956
10,NORMA-10116,957
10,NORMA-1452,958
10,NORMA-18869,959
10,NORMA-15011,960
10,NORMA-7722,961
10,NORMA-9738,962
10,NORMA-21167,963
10,NORMA-8820,964
10,NORMA-21044,965
10,NORMA-5217,966
10,NORMA-8916,967
10,NORMA-5738,968
10,NORMA-17782,969
10,NORMA-12249,970
10,NORMA-18736,971
10,NORMA-5734,972
10,NORMA-8074,973
10,NORMA-18451,974
10,NORMA-5394,975
10,NORMA-11772,976
10,NORMA-12046,977
10,NORMA-14384,978
10,NORMA-9303,979
10,NORMA-27564,980
10,NORMA-18021,981
10,NORMA-5429,982
10,NORMA-10990,983
10,NORMA-25803,984
10,NORMA-7121,985
10,NORMA-12323,986
10,NORMA-18533,987
10,NORMA-8236,988
10,NORMA-20291,989
10,NORMA-15267,990
10,NORMA-11356,991
10,NORMA-5888,992
10,NORMA-10323,993
10,NORMA-19280,994
10,NORMA-14217,995
10,NORMA-3852,996
10,NORMA-4984,997
10,NORMA-27543,998
10,NORMA-8011,999
10,NORMA-4537,1000
11,NORMA-20696,1
11,NORMA-20977,2
11,NORMA-20293,3
11,NORMA-20507,4
11,NORMA-21491,5
11,NORMA-18585,6
11,NORMA-21140,7
11,NORMA-20218,8
11,NORMA-18441,9
11,NORMA-18431,10
11,NORMA-18571,11
11,NORMA-21068,12
11,NORMA-18778,13
11,NORMA-18671,14
11,NORMA-18402,15
11,NORMA-18415,16
11,NORMA-21006,17
11,NORMA-21146,18
11,NORMA-18813,19
11,NORMA-18392,20
11,NORMA-21130,21
11,NORMA-18408,22
11,NORMA-21415,23
11,NORMA-18467,24
11,NORMA-28841,25
11,NORMA-18296,26
11,NORMA-21472,27
11,NORMA-21327,28
11,NORMA-18449,29
11,NORMA-19870,30
11,NORMA-21051,31
11,NORMA-18779,32
11,NORMA-19420,33
11,NORMA-18705,34
11,NORMA-21619,35
11,NORMA-18305,36
11,NORMA-18592,37
11,NORMA-21018,38
11,NORMA-18374,39
11,NORMA-21685,40
11,NORMA-18221,41
11,NORMA-19026,42
11,NORMA-20984,43
11,NORMA-18358,44
11,NORMA-18726,45
11,NORMA-21716,46
11,NORMA-18497,47
11,NORMA-18867,48
11,NORMA-18491,49
11,NORMA-18676,50
11,NORMA-21410,51
11,NORMA-18989,52
11,NORMA-21797,53
11,NORMA-18283,54
11,NORMA-19447,55
11,NORMA-18304,56
11,NORMA-21082,57
11,NORMA-21088,58
11,NORMA-18713,59
11,NORMA-21092,60
11,NORMA-18386,61
11,NORMA-18209,62
11,NORMA-21097,63
11,NORMA-22723,64
11,NORMA-18961,65
11,NORMA-18814,66
11,NORMA-21620,67
11,NORMA-21605,68
11,NORMA-18348,69
11,NORMA-21750,70
11,NORMA-19060,71
11,NORMA-18765,72
11,NORMA-18749,73
11,NORMA-21572,74
11,NORMA-21096,75
11,NORMA-19079,76
11,NORMA-18737,77
11,NORMA-20794,78
11,NORMA-19002,79
11,NORMA-18960,80
11,NORMA-18833,81
11,NORMA-21581,82
11,NORMA-19266,83
11,NORMA-27101,84
11,NORMA-18371,85
11,NORMA-19433,86
11,NORMA-19073,87
11,NORMA-21042,88
11,NORMA-21337,89
11,NORMA-18758,90
11,NORMA-18841,91
11,NORMA-18987,92
11,NORMA-25541,93
11,NORMA-19992,94
11,NORMA-19024,95
11,NORMA-19508,96
11,NORMA-4141,97
11,NORMA-18459,98
11,NORMA-19453,99
11,NORMA-18614,100
11,NORMA-21652,101
11,NORMA-18679,102
11,NORMA-18645,103
11,NORMA-19210,104
11,NORMA-20267,105
11,NORMA-20203,106
11,NORMA-18272,107
11,NORMA-3573,108
11,NORMA-22661,109
11,NORMA-21112,110
11,NORMA-18590,111
11,NORMA-19405,112
11,NORMA-19239,113
11,NORMA-18968,114
11,NORMA-25121,115
11,NORMA-21128,116
11,NORMA-21614,117
11,NORMA-20040,118
11,NORMA-18220,119
11,NORMA-19168,120
11,NORMA-18471,121
11,NORMA-20209,122
11,NORMA-19112,123
11,NORMA-18437,124
11,NORMA-18535,125
11,NORMA-19269,126
11,NORMA-20791,127
11,NORMA-21307,128
11,NORMA-5008,129
11,NORMA-19217,130
11,NORMA-19404,131
11,NORMA-19349,132
11,NORMA-18847,133
11,NORMA-21403,134
11,NORMA-19445,135
11,NORMA-19344,136
11,NORMA-21007,137
11,NORMA-19480,138
11,NORMA-14118,139
11,NORMA-19733,140
11,NORMA-21290,141
11,NORMA-18464,142
11,NORMA-21563,143
11,NORMA-19426,144
11,NORMA-21111,145
11,NORMA-19999,146
11,NORMA-25821,147
11,NORMA-21444,148
11,NORMA-3975,149
11,NORMA-19442,150
11,NORMA-20978,151
11,NORMA-19396,152
11,NORMA-20196,153
11,NORMA-18864,154
11,NORMA-18259,155
11,NORMA-18330,156
11,NORMA-19137,157
11,NORMA-19146,158
11,NORMA-21317,159
11,NORMA-4277,160
11,NORMA-18263,161
11,NORMA-18628,162
11,NORMA-19015,163
11,NORMA-19166,164
11,NORMA-19727,165
11,NORMA-20528,166
11,NORMA-20668,167
11,NORMA-19714,168
11,NORMA-19544,169
11,NORMA-19105,170
11,NORMA-18873,171
11,NORMA-18320,172
11,NORMA-18422,173
11,NORMA-19991,174
11,NORMA-19724,175
11,NORMA-19126,176
11,NORMA-19415,177
11,NORMA-18423,178
11,NORMA-19254,179
11,NORMA-21011,180
11,NORMA-18829,181
11,NORMA-18601,182
11,NORMA-19158,183
11,NORMA-19238,184
11,NORMA-21098,185
11,NORMA-21421,186
11,NORMA-18854,187
11,NORMA-20989,188
11,NORMA-18313,189
11,NORMA-10865,190
11,NORMA-19692,191
11,NORMA-21672,192
11,NORMA-19248,193
11,NORMA-20142,194
11,NORMA-9358,195
11,NORMA-19300,196
11,NORMA-19141,197
11,NORMA-19545,198
11,NORMA-21485,199
11,NORMA-20162,200
11,NORMA-21037,201
11,NORMA-19543,202
11,NORMA-19365,203
11,NORMA-19548,204
11,NORMA-25942,205
11,NORMA-21459,206
11,NORMA-21274,207
11,NORMA-21463,208
11,NORMA-19683,209
11,NORMA-19530,210
11,NORMA-18789,211
11,NORMA-19662,212
11,NORMA-21462,213
11,NORMA-18605,214
11,NORMA-20133,215
11,NORMA-19285,216
11,NORMA-20781,217
11,NORMA-18874,218
11,NORMA-3954,219
11,NORMA-21409,220
11,NORMA-6075,221
11,NORMA-18490,222
11,NORMA-4182,223
11,NORMA-20166,224
11,NORMA-20806,225
11,NORMA-18448,226
11,NORMA-3571,227
11,NORMA-19878,228
11,NORMA-18751,229
11,NORMA-21340,230
11,NORMA-20834,231
11,NORMA-20385,232
11,NORMA-18777,233
11,NORMA-21492,234
11,NORMA-19150,235
11,NORMA-4898,236
11,NORMA-19506,237
11,NORMA-20225,238
11,NORMA-19312,239
11,NORMA-19302,240
11,NORMA-21329,241
11,NORMA-19049,242
11,NORMA-18950,243
11,NORMA-18698,244
11,NORMA-12820,245
11,NORMA-21495,246
11,NORMA-19186,247
11,NORMA-10123,248
11,NORMA-18708,249
11,NORMA-19484,250
11,NORMA-21480,251
11,NORMA-3551,252
11,NORMA-19231,253
11,NORMA-19301,254
11,NORMA-19725,255
11,NORMA-19814,256
11,NORMA-19154,257
11,NORMA-19090,258
11,NORMA-18818,259
11,NORMA-20155,260
11,NORMA-18951,261
11,NORMA-18316,262
11,NORMA-18576,263
11,NORMA-18982,264
11,NORMA-2020,265
11,NORMA-21692,266
11,NORMA-20697,267
11,NORMA-15045,268
11,NORMA-19494,269
11,NORMA-21537,270
11,NORMA-19660,271
11,NORMA-19455,272
11,NORMA-14542,273
11,NORMA-19531,274
11,NORMA-13265,275
11,NORMA-21362,276
11,NORMA-19866,277
11,NORMA-20175,278
11,NORMA-4297,279
11,NORMA-21516,280
11,NORMA-18443,281
11,NORMA-19534,282
11,NORMA-19536,283
11,NORMA-21524,284
11,NORMA-19432,285
11,NORMA-3566,286
11,NORMA-19501,287
11,NORMA-20042,288
11,NORMA-20955,289
11,NORMA-21331,290
11,NORMA-20557,291
11,NORMA-18390,292
11,NORMA-18324,293
11,NORMA-18776,294
11,NORMA-18570,295
11,NORMA-14926,296
11,NORMA-21352,297
11,NORMA-12630,298
11,NORMA-20199,299
11,NORMA-4318,300
11,NORMA-20737,301
11,NORMA-27001,302
11,NORMA-4193,303
11,NORMA-20983,304
11,NORMA-19860,305
11,NORMA-20200,306
11,NORMA-21116,307
11,NORMA-20975,308
11,NORMA-20201,309
11,NORMA-19569,310
11,NORMA-18642,311
11,NORMA-19710,312
11,NORMA-21053,313
11,NORMA-19444,314
11,NORMA-5428,315
11,NORMA-20477,316
11,NORMA-21469,317
11,NORMA-21026,318
11,NORMA-19127,319
11,NORMA-19654,320
11,NORMA-20007,321
11,NORMA-20173,322
11,NORMA-18399,323
11,NORMA-21405,324
11,NORMA-20888,325
11,NORMA-7110,326
11,NORMA-19685,327
11,NORMA-19318,328
11,NORMA-19861,329
11,NORMA-19797,330
11,NORMA-20005,331
11,NORMA-18856,332
11,NORMA-19902,333
11,NORMA-4221,334
11,NORMA-29101,335
11,NORMA-19319,336
11,NORMA-19670,337
11,NORMA-18515,338
11,NORMA-19448,339
11,NORMA-19931,340
11,NORMA-19863,341
11,NORMA-21420,342
11,NORMA-19787,343
11,NORMA-3472,344
11,NORMA-19847,345
11,NORMA-19084,346
11,NORMA-19911,347
11,NORMA-19219,348
11,NORMA-18958,349
11,NORMA-19467,350
11,NORMA-18473,351
11,NORMA-23682,352
11,NORMA-19780,353
11,NORMA-19891,354
11,NORMA-18280,355
11,NORMA-20519,356
11,NORMA-19702,357
11,NORMA-19125,358
11,NORMA-20447,359
11,NORMA-19885,360
11,NORMA-20397,361
11,NORMA-21449,362
11,NORMA-20249,363
11,NORMA-19829,364
11,NORMA-188,365
11,NORMA-19335,366
11,NORMA-21694,367
11,NORMA-19275,368
11,NORMA-3828,369
11,NORMA-9960,370
11,NORMA-19708,371
11,NORMA-20835,372
11,NORMA-12657,373
11,NORMA-19998,374
11,NORMA-18629,375
11,NORMA-18757,376
11,NORMA-18738,377
11,NORMA-18604,378
11,NORMA-21623,379
11,NORMA-19249,380
11,NORMA-19001,381
11,NORMA-21408,382
11,NORMA-19423,383
11,NORMA-21354,384
11,NORMA-20968,385
11,NORMA-20081,386
11,NORMA-18752,387
11,NORMA-18260,388
11,NORMA-21287,389
11,NORMA-18440,390
11,NORMA-18596,391
11,NORMA-18290,392
11,NORMA-20830,393
11,NORMA-20302,394
11,NORMA-21325,395
11,NORMA-20728,396
11,NORMA-11814,397
11,NORMA-21013,398
11,NORMA-20991,399
11,NORMA-18821,400
11,NORMA-21222,401
11,NORMA-18215,402
11,NORMA-19516,403
11,NORMA-18869,404
11,NORMA-21435,405
11,NORMA-18865,406
11,NORMA-1252,407
11,NORMA-21697,408
11,NORMA-19652,409
11,NORMA-20692,410
11,NORMA-20718,411
11,NORMA-18929,412
11,NORMA-19414,413
11,NORMA-18710,414
11,NORMA-21371,415
11,NORMA-20095,416
11,NORMA-19889,417
11,NORMA-4820,418
11,NORMA-4080,419
11,NORMA-19482,420
11,NORMA-21001,421
11,NORMA-20709,422
11,NORMA-20566,423
11,NORMA-21081,424
11,NORMA-18795,425
11,NORMA-18857,426
11,NORMA-5431,427
11,NORMA-20121,428
11,NORMA-19550,429
11,NORMA-21010,430
11,NORMA-8459,431
11,NORMA-18965,432
11,NORMA-20674,433
11,NORMA-25621,434
11,NORMA-20270,435
11,NORMA-20580,436
11,NORMA-19828,437
11,NORMA-21369,438
11,NORMA-20207,439
11,NORMA-20442,440
11,NORMA-18336,441
11,NORMA-19759,442
11,NORMA-18956,443
11,NORMA-20898,444
11,NORMA-25082,445
11,NORMA-20545,446
11,NORMA-20757,447
11,NORMA-21129,448
11,NORMA-20316,449
11,NORMA-28583,450
11,NORMA-25721,451
11,NORMA-19167,452
11,NORMA-19529,453
11,NORMA-18244,454
11,NORMA-18586,455
11,NORMA-9824,456
11,NORMA-20649,457
11,NORMA-19052,458
11,NORMA-19439,459
11,NORMA-20541,460
11,NORMA-20323,461
11,NORMA-20387,462
11,NORMA-19457,463
11,NORMA-23862,464
11,NORMA-5312,465
11,NORMA-19144,466
11,NORMA-21580,467
11,NORMA-265,468
11,NORMA-20476,469
11,NORMA-20167,470
11,NORMA-18798,471
11,NORMA-20356,472
11,NORMA-19011,473
11,NORMA-20993,474
11,NORMA-21138,475
11,NORMA-19655,476
11,NORMA-18568,477
11,NORMA-20381,478
11,NORMA-29301,479
11,NORMA-19080,480
11,NORMA-19503,481
11,NORMA-20738,482
11,NORMA-18680,483
11,NORMA-20437,484
11,NORMA-2432,485
11,NORMA-9959,486
11,NORMA-21602,487
11,NORMA-18728,488
11,NORMA-19391,489
11,NORMA-6834,490
11,NORMA-18721,491
11,NORMA-18351,492
11,NORMA-19340,493
11,NORMA-5913,494
11,NORMA-19264,495
11,NORMA-18326,496
11,NORMA-18202,497
11,NORMA-12029,498
11,NORMA-21557,499
11,NORMA-18242,500
11,NORMA-20591,501
11,NORMA-19076,502
11,NORMA-20444,503
11,NORMA-18790,504
11,NORMA-20431,505
11,NORMA-18231,506
11,NORMA-18329,507
11,NORMA-19888,508
11,NORMA-21074,509
11,NORMA-20538,510
11,NORMA-9597,511
11,NORMA-18456,512
11,NORMA-19273,513
11,NORMA-19862,514
11,NORMA-20089,515
11,NORMA-19308,516
11,NORMA-20436,517
11,NORMA-21058,518
11,NORMA-19859,519
11,NORMA-24501,520
11,NORMA-19139,521
11,NORMA-18210,522
11,NORMA-18677,523
11,NORMA-18846,524
11,NORMA-19427,525
11,NORMA-19915,526
11,NORMA-20698,527
11,NORMA-19785,528
11,NORMA-21577,529
11,NORMA-19310,530
11,NORMA-18964,531
11,NORMA-21016,532
11,NORMA-20605,533
11,NORMA-20177,534
11,NORMA-18729,535
11,NORMA-20924,536
11,NORMA-18547,537
11,NORMA-20449,538
11,NORMA-29283,539
11,NORMA-18470,540
11,NORMA-19085,541
11,NORMA-19088,542
11,NORMA-21108,543
11,NORMA-18701,544
11,NORMA-20446,545
11,NORMA-18389,546
11,NORMA-18391,547
11,NORMA-21305,548
11,NORMA-19296,549
11,NORMA-8269,550
11,NORMA-18606,551
11,NORMA-19204,552
11,NORMA-20187,553
11,NORMA-18516,554
11,NORMA-21437,555
11,NORMA-20754,556
11,NORMA-21392,557
11,NORMA-23061,558
11,NORMA-19561,559
11,NORMA-18377,560
11,NORMA-19864,561
11,NORMA-21297,562
11,NORMA-21539,563
11,NORMA-19425,564
11,NORMA-20285,565
11,NORMA-18559,566
11,NORMA-19668,567
11,NORMA-18493,568
11,NORMA-19826,569
11,NORMA-14597,570
11,NORMA-25761,571
11,NORMA-19023,572
11,NORMA-25122,573
11,NORMA-20106,574
11,NORMA-19251,575
11,NORMA-19276,576
11,NORMA-19115,577
11,NORMA-7773,578
11,NORMA-19012,579
11,NORMA-18273,580
11,NORMA-18848,581
11,NORMA-20954,582
11,NORMA-18583,583
11,NORMA-18639,584
11,NORMA-18569,585
11,NORMA-20739,586
11,NORMA-3637,587
11,NORMA-18711,588
11,NORMA-20317,589
11,NORMA-20661,590
11,NORMA-13903,591
11,NORMA-3541,592
11,NORMA-21693,593
11,NORMA-20171,594
11,NORMA-19018,595
11,NORMA-1788,596
11,NORMA-19350,597
11,NORMA-19411,598
11,NORMA-18289,599
11,NORMA-19953,600
11,NORMA-19874,601
11,NORMA-6076,602
11,NORMA-19495,603
11,NORMA-18587,604
11,NORMA-21497,605
11,NORMA-20860,606
11,NORMA-19892,607
11,NORMA-18322,608
11,NORMA-18284,609
11,NORMA-18357,610
11,NORMA-19022,611
11,NORMA-20693,612
11,NORMA-20441,613
11,NORMA-20483,614
11,NORMA-20313,615
11,NORMA-20115,616
11,NORMA-6347,617
11,NORMA-19883,618
11,NORMA-21630,619
11,NORMA-20062,620
11,NORMA-20505,621
11,NORMA-5136,622
11,NORMA-18460,623
11,NORMA-4312,624
11,NORMA-19452,625
11,NORMA-19657,626
11,NORMA-26681,627
11,NORMA-19450,628
11,NORMA-1547,629
11,NORMA-14055,630
11,NORMA-19799,631
11,NORMA-20644,632
11,NORMA-20123,633
11,NORMA-18469,634
11,NORMA-18301,635
11,NORMA-18927,636
11,NORMA-20405,637
11,NORMA-20783,638
11,NORMA-18774,639
11,NORMA-20336,640
11,NORMA-20551,641
11,NORMA-14504,642
11,NORMA-19081,643
11,NORMA-20322,644
11,NORMA-21087,645
11,NORMA-18245,646
11,NORMA-1198,647
11,NORMA-19097,648
11,NORMA-15134,649
11,NORMA-18526,650
11,NORMA-20178,651
11,NORMA-21215,652
11,NORMA-21044,653
11,NORMA-19270,654
11,NORMA-20662,655
11,NORMA-20439,656
11,NORMA-18595,657
11,NORMA-18549,658
11,NORMA-20012,659
11,NORMA-21121,660
11,NORMA-21570,661
11,NORMA-19835,662
11,NORMA-5340,663
11,NORMA-21795,664
11,NORMA-19246,665
11,NORMA-20548,666
11,NORMA-19098,667
11,NORMA-14709,668
11,NORMA-19181,669
11,NORMA-19502,670
11,NORMA-18739,671
11,NORMA-15249,672
11,NORMA-14821,673
11,NORMA-20506,674
11,NORMA-18731,675
11,NORMA-19065,676
11,NORMA-18712,677
11,NORMA-18704,678
11,NORMA-1092,679
11,NORMA-18654,680
11,NORMA-680,681
11,NORMA-21717,682
11,NORMA-20621,683
11,NORMA-19623,684
11,NORMA-20327,685
11,NORMA-18513,686
11,NORMA-14054,687
11,NORMA-18300,688
11,NORMA-6489,689
11,NORMA-4926,690
11,NORMA-18363,691
11,NORMA-18825,692
11,NORMA-20839,693
11,NORMA-19196,694
11,NORMA-19303,695
11,NORMA-4195,696
11,NORMA-18714,697
11,NORMA-20492,698
11,NORMA-19016,699
11,NORMA-20637,700
11,NORMA-20320,701
11,NORMA-19282,702
11,NORMA-18321,703
11,NORMA-21021,704
11,NORMA-25682,705
11,NORMA-20191,706
11,NORMA-20084,707
11,NORMA-19679,708
11,NORMA-21170,709
11,NORMA-19070,710
11,NORMA-2519,711
11,NORMA-18297,712
11,NORMA-20421,713
11,NORMA-17281,714
11,NORMA-19549,715
11,NORMA-18235,716
11,NORMA-13230,717
11,NORMA-14113,718
11,NORMA-18282,719
11,NORMA-6448,720
11,NORMA-18562,721
11,NORMA-15641,722
11,NORMA-19025,723
11,NORMA-18212,724
11,NORMA-19865,725
11,NORMA-18932,726
11,NORMA-18740,727
11,NORMA-20206,728
11,NORMA-18532,729
11,NORMA-20024,730
11,NORMA-20131,731
11,NORMA-20842,732
11,NORMA-20288,733
11,NORMA-21751,734
11,NORMA-18372,735
11,NORMA-19221,736
11,NORMA-20025,737
11,NORMA-21617,738
11,NORMA-31923,739
11,NORMA-21308,740
11,NORMA-19087,741
11,NORMA-21591,742
11,NORMA-19748,743
11,NORMA-26661,744
11,NORMA-20909,745
11,NORMA-5909,746
11,NORMA-19541,747
11,NORMA-20328,748
11,NORMA-18641,749
11,NORMA-20450,750
11,NORMA-19253,751
11,NORMA-20453,752
11,NORMA-20060,753
11,NORMA-18285,754
11,NORMA-20002,755
11,NORMA-19402,756
11,NORMA-19401,757
11,NORMA-20946,758
11,NORMA-18352,759
11,NORMA-5444,760
11,NORMA-21311,761
11,NORMA-20459,762
11,NORMA-18623,763
11,NORMA-1207,764
11,NORMA-18468,765
11,NORMA-27501,766
11,NORMA-18466,767
11,NORMA-6521,768
11,NORMA-20147,769
11,NORMA-18904,770
11,NORMA-18817,771
11,NORMA-18262,772
11,NORMA-14629,773
11,NORMA-21049,774
11,NORMA-18702,775
11,NORMA-4102,776
11,NORMA-20429,777
11,NORMA-5284,778
11,NORMA-21442,779
11,NORMA-19277,780
11,NORMA-18834,781
11,NORMA-21548,782
11,NORMA-18812,783
11,NORMA-19123,784
11,NORMA-19407,785
11,NORMA-20838,786
11,NORMA-16462,787
11,NORMA-20556,788
11,NORMA-19142,789
11,NORMA-20526,790
11,NORMA-19326,791
11,NORMA-18253,792
11,NORMA-18607,793
11,NORMA-20717,794
11,NORMA-616,795
11,NORMA-21764,796
11,NORMA-20445,797
11,NORMA-14099,798
11,NORMA-20796,799
11,NORMA-20650,800
11,NORMA-18621,801
11,NORMA-19140,802
11,NORMA-19716,803
11,NORMA-21542,804
11,NORMA-7942,805
11,NORMA-20963,806
11,NORMA-20549,807
11,NORMA-19338,808
11,NORMA-11599,809
11,NORMA-10990,810
11,NORMA-21189,811
11,NORMA-20342,812
11,NORMA-3665,813
11,NORMA-6222,814
11,NORMA-19130,815
11,NORMA-19993,816
11,NORMA-21355,817
11,NORMA-20034,818
11,NORMA-19986,819
11,NORMA-23301,820
11,NORMA-4849,821
11,NORMA-21039,822
11,NORMA-4105,823
11,NORMA-18205,824
11,NORMA-6410,825
11,NORMA-20448,826
11,NORMA-18258,827
11,NORMA-21753,828
11,NORMA-18617,829
11,NORMA-20525,830
11,NORMA-18299,831
11,NORMA-15253,832
11,NORMA-21729,833
11,NORMA-19598,834
11,NORMA-19562,835
11,NORMA-19263,836
11,NORMA-18323,837
11,NORMA-20840,838
11,NORMA-18588,839
11,NORMA-19491,840
11,NORMA-19681,841
11,NORMA-21774,842
11,NORMA-12066,843
11,NORMA-6126,844
11,NORMA-20936,845
11,NORMA-21546,846
11,NORMA-25101,847
11,NORMA-18787,848
11,NORMA-20807,849
11,NORMA-18573,850
11,NORMA-21272,851
11,NORMA-729,852
11,NORMA-21350,853
11,NORMA-6399,854
11,NORMA-18884,855
11,NORMA-18866,856
11,NORMA-13671,857
11,NORMA-20584,858
11,NORMA-15029,859
11,NORMA-28584,860
11,NORMA-20189,861
11,NORMA-27981,862
11,NORMA-20079,863
11,NORMA-19216,864
11,NORMA-19990,865
11,NORMA-19926,866
11,NORMA-5890,867
11,NORMA-21780,868
11,NORMA-12038,869
11,NORMA-19588,870
11,NORMA-18551,871
11,NORMA-18626,872
11,NORMA-21493,873
11,NORMA-18558,874
11,NORMA-19082,875
11,NORMA-1689,876
11,NORMA-21247,877
11,NORMA-20194,878
11,NORMA-4782,879
11,NORMA-14587,880
11,NORMA-19487,881
11,NORMA-19596,882
11,NORMA-19157,883
11,NORMA-2559,884
11,NORMA-21666,885
11,NORMA-19304,886
11,NORMA-20020,887
11,NORMA-19781,888
11,NORMA-19434,889
11,NORMA-5148,890
11,NORMA-21153,891
11,NORMA-20771,892
11,NORMA-21505,893
11,NORMA-19899,894
11,NORMA-20067,895
11,NORMA-11607,896
11,NORMA-19163,897
11,NORMA-20143,898
11,NORMA-25523,899
11,NORMA-6344,900
11,NORMA-18396,901
11,NORMA-12129,902
11,NORMA-21786,903
11,NORMA-21636,904
11,NORMA-18930,905
11,NORMA-20641,906
11,NORMA-19922,907
11,NORMA-20540,908
11,NORMA-19008,909
11,NORMA-18494,910
11,NORMA-20210,911
11,NORMA-18257,912
11,NORMA-20153,913
11,NORMA-21312,914
11,NORMA-19845,915
11,NORMA-7038,916
11,NORMA-19403,917
11,NORMA-12843,918
11,NORMA-13840,919
11,NORMA-20377,920
11,NORMA-5376,921
11,NORMA-6786,922
11,NORMA-20351,923
11,NORMA-20513,924
11,NORMA-20514,925
11,NORMA-20539,926
11,NORMA-20501,927
11,NORMA-4163,928
11,NORMA-20080,929
11,NORMA-6595,930
11,NORMA-19280,931
11,NORMA-19749,932
11,NORMA-6017,933
11,NORMA-18703,934
11,NORMA-21486,935
11,NORMA-26885,936
11,NORMA-21268,937
11,NORMA-3801,938
11,NORMA-18271,939
11,NORMA-18512,940
11,NORMA-20116,941
11,NORMA-4606,942
11,NORMA-20833,943
11,NORMA-9110,944
11,NORMA-18624,945
11,NORMA-11715,946
11,NORMA-27081,947
11,NORMA-10309,948
11,NORMA-4979,949
11,NORMA-28561,950
11,NORMA-18291,951
11,NORMA-21705,952
11,NORMA-588,953
11,NORMA-20672,954
11,NORMA-3919,955
11,NORMA-20905,956
11,NORMA-21748,957
11,NORMA-14703,958
11,NORMA-18928,959
11,NORMA-20152,960
11,NORMA-23027,961
11,NORMA-18292,962
11,NORMA-4074,963
11,NORMA-25964,964
11,NORMA-3935,965
11,NORMA-18314,966
11,NORMA-19585,967
11,NORMA-5990,968
11,NORMA-10797,969
11,NORMA-20198,970
11,NORMA-6480,971
11,NORMA-9670,972
11,NORMA-23523,973
11,NORMA-21131,974
11,NORMA-19848,975
11,NORMA-3739,976
11,NORMA-18759,977
11,NORMA-18369,978
11,NORMA-20700,979
11,NORMA-18651,980
11,NORMA-3974,981
11,NORMA-10206,982
11,NORMA-20630,983
11,NORMA-2181,984
11,NORMA-19959,985
11,NORMA-18373,986
11,NORMA-19331,987
11,NORMA-20550,988
11,NORMA-18356,989
11,NORMA-587,990
11,NORMA-159,991
11,NORMA-22262,992
11,NORMA-20554,993
11,NORMA-20077,994
11,NORMA-7553,995
11,NORMA-19053,996
11,NORMA-19595,997
11,NORMA-6291,998
11,NORMA-11687,999
11,NORMA-5222,1000
13,NORMA-20201,1
13,NORMA-19105,2
13,NORMA-20199,3
13,NORMA-18576,4
13,NORMA-20421,5
13,NORMA-27001,6
13,NORMA-19799,7
13,NORMA-20709,8
13,NORMA-20700,9
13,NORMA-21729,10
13,NORMA-4277,11
13,NORMA-20708,12
13,NORMA-21140,13
13,NORMA-18221,14
13,NORMA-883,15
13,NORMA-20203,16
13,NORMA-18989,17
13,NORMA-14390,18
13,NORMA-4820,19
13,NORMA-5431,20
13,NORMA-4926,21
13,NORMA-13514,22
13,NORMA-5853,23
13,NORMA-20477,24
13,NORMA-5417,25
13,NORMA-12965,26
13,NORMA-18280,27
13,NORMA-8938,28
13,NORMA-13671,29
13,NORMA-14099,30
13,NORMA-20200,31
13,NORMA-20397,32
13,NORMA-12858,33
13,NORMA-6203,34
13,NORMA-15208,35
13,NORMA-12437,36
13,NORMA-10797,37
13,NORMA-616,38
13,NORMA-23881,39
13,NORMA-18386,40
13,NORMA-18958,41
13,NORMA-19724,42
13,NORMA-19445,43
13,NORMA-9457,44
13,NORMA-18789,45
13,NORMA-18490,46
13,NORMA-21337,47
13,NORMA-21317,48
13,NORMA-19480,49
13,NORMA-21652,50
13,NORMA-20476,51
13,NORMA-25541,52
13,NORMA-21393,53
13,NORMA-18960,54
13,NORMA-20582,55
13,NORMA-19266,56
13,NORMA-21581,57
13,NORMA-21403,58
13,NORMA-19249,59
13,NORMA-19714,60
13,NORMA-18316,61
13,NORMA-14915,62
13,NORMA-18601,63
13,NORMA-21491,64
13,NORMA-19365,65
13,NORMA-20291,66
13,NORMA-21158,67
13,NORMA-21273,68
13,NORMA-19150,69
13,NORMA-20968,70
13,NORMA-20282,71
13,NORMA-1846,72
13,NORMA-19870,73
13,NORMA-12490,74
13,NORMA-18669,75
13,NORMA-20993,76
13,NORMA-21472,77
13,NORMA-19303,78
13,NORMA-20566,79
13,NORMA-19883,80
13,NORMA-18854,81
13,NORMA-22723,82
13,NORMA-21111,83
13,NORMA-20237,84
13,NORMA-20218,85
13,NORMA-19049,86
13,NORMA-18906,87
13,NORMA-18728,88
13,NORMA-5252,89
13,NORMA-19475,90
13,NORMA-21750,91
13,NORMA-18515,92
13,NORMA-21774,93
13,NORMA-21463,94
13,NORMA-18423,95
13,NORMA-20628,96
13,NORMA-21410,97
13,NORMA-21619,98
13,NORMA-21327,99
13,NORMA-18516,100
13,NORMA-21415,101
13,NORMA-21524,102
13,NORMA-19442,103
13,NORMA-20975,104
13,NORMA-20557,105
13,NORMA-19231,106
13,NORMA-21572,107
13,NORMA-21605,108
13,NORMA-19228,109
13,NORMA-18869,110
13,NORMA-19581,111
13,NORMA-18493,112
13,NORMA-20249,113
13,NORMA-7773,114
13,NORMA-20316,115
13,NORMA-19088,116
13,NORMA-20954,117
13,NORMA-13186,118
13,NORMA-8198,119
13,NORMA-689,120
13,NORMA-13791,121
13,NORMA-19444,122
13,NORMA-19034,123
13,NORMA-30043,124
13,NORMA-19530,125
13,NORMA-19495,126
13,NORMA-20196,127
13,NORMA-18404,128
13,NORMA-18336,129
13,NORMA-20807,130
13,NORMA-13802,131
13,NORMA-20992,132
13,NORMA-19238,133
13,NORMA-20888,134
13,NORMA-19624,135
13,NORMA-18721,136
13,NORMA-18605,137
13,NORMA-21053,138
13,NORMA-18685,139
13,NORMA-19426,140
13,NORMA-18964,141
13,NORMA-21744,142
13,NORMA-20444,143
13,NORMA-28841,144
13,NORMA-20936,145
13,NORMA-19405,146
13,NORMA-15060,147
13,NORMA-20356,148
13,NORMA-20935,149
13,NORMA-19879,150
13,NORMA-18821,151
13,NORMA-19683,152
13,NORMA-18440,153
13,NORMA-18801,154
13,NORMA-20258,155
13,NORMA-19502,156
13,NORMA-21305,157
13,NORMA-20167,158
13,NORMA-20813,159
13,NORMA-20991,160
13,NORMA-20989,161
13,NORMA-18769,162
13,NORMA-20757,163
13,NORMA-19081,164
13,NORMA-18357,165
13,NORMA-21001,166
13,NORMA-36,167
13,NORMA-14709,168
13,NORMA-20932,169
13,NORMA-18570,170
13,NORMA-20924,171
13,NORMA-19001,172
13,NORMA-10326,173
13,NORMA-20519,174
13,NORMA-16541,175
13,NORMA-13990,176
13,NORMA-20190,177
13,NORMA-21026,178
13,NORMA-19536,179
13,NORMA-19506,180
13,NORMA-21074,181
13,NORMA-5251,182
13,NORMA-18748,183
13,NORMA-19662,184
13,NORMA-265,185
13,NORMA-28141,186
13,NORMA-19168,187
13,NORMA-18680,188
13,NORMA-19432,189
13,NORMA-361,190
13,NORMA-19300,191
13,NORMA-20728,192
13,NORMA-20754,193
13,NORMA-2386,194
13,NORMA-19125,195
13,NORMA-18730,196
13,NORMA-20580,197
13,NORMA-18807,198
13,NORMA-21537,199
13,NORMA-21408,200
13,NORMA-9803,201
13,NORMA-19065,202
13,NORMA-1555,203
13,NORMA-20894,204
13,NORMA-18284,205
13,NORMA-18752,206
13,NORMA-21138,207
13,NORMA-14926,208
13,NORMA-19391,209
13,NORMA-20966,210
13,NORMA-21016,211
13,NORMA-20285,212
13,NORMA-20166,213
13,NORMA-19503,214
13,NORMA-18434,215
13,NORMA-20524,216
13,NORMA-12911,217
13,NORMA-20988,218
13,NORMA-2413,219
13,NORMA-20005,220
13,NORMA-13094,221
13,NORMA-20317,222
13,NORMA-19181,223
13,NORMA-19270,224
13,NORMA-20606,225
13,NORMA-20422,226
13,NORMA-1348,227
13,NORMA-19925,228
13,NORMA-19254,229
13,NORMA-2588,230
13,NORMA-27202,231
13,NORMA-18710,232
13,NORMA-20977,233
13,NORMA-27623,234
13,NORMA-18677,235
13,NORMA-19210,236
13,NORMA-19335,237
13,NORMA-24841,238
13,NORMA-12948,239
13,NORMA-12565,240
13,NORMA-18812,241
13,NORMA-20583,242
13,NORMA-18227,243
13,NORMA-14744,244
13,NORMA-19301,245
13,NORMA-28043,246
13,NORMA-13174,247
13,NORMA-18418,248
13,NORMA-25262,249
13,NORMA-20429,250
13,NORMA-18621,251
13,NORMA-19508,252
13,NORMA-18982,253
13,NORMA-18210,254
13,NORMA-1586,255
13,NORMA-20428,256
13,NORMA-3503,257
13,NORMA-19219,258
13,NORMA-20574,259
13,NORMA-21324,260
13,NORMA-21087,261
13,NORMA-21420,262
13,NORMA-3571,263
13,NORMA-21135,264
13,NORMA-20575,265
13,NORMA-27584,266
13,NORMA-12929,267
13,NORMA-19239,268
13,NORMA-19190,269
13,NORMA-19733,270
13,NORMA-18431,271
13,NORMA-18587,272
13,NORMA-21485,273
13,NORMA-22921,274
13,NORMA-18596,275
13,NORMA-14967,276
13,NORMA-26041,277
13,NORMA-19404,278
13,NORMA-19141,279
13,NORMA-18389,280
13,NORMA-19285,281
13,NORMA-20921,282
13,NORMA-18329,283
13,NORMA-1571,284
13,NORMA-20198,285
13,NORMA-19423,286
13,NORMA-19112,287
13,NORMA-20797,288
13,NORMA-18704,289
13,NORMA-23401,290
13,NORMA-10865,291
13,NORMA-19025,292
13,NORMA-9358,293
13,NORMA-20892,294
13,NORMA-19639,295
13,NORMA-20641,296
13,NORMA-21492,297
13,NORMA-19545,298
13,NORMA-20964,299
13,NORMA-18273,300
13,NORMA-18703,301
13,NORMA-7501,302
13,NORMA-13797,303
13,NORMA-14542,304
13,NORMA-14030,305
13,NORMA-380,306
13,NORMA-18231,307
13,NORMA-18642,308
13,NORMA-21013,309
13,NORMA-18297,310
13,NORMA-19800,311
13,NORMA-20841,312
13,NORMA-31903,313
13,NORMA-19798,314
13,NORMA-19386,315
13,NORMA-19824,316
13,NORMA-2660,317
13,NORMA-1578,318
13,NORMA-19217,319
13,NORMA-15045,320
13,NORMA-21516,321
13,NORMA-18747,322
13,NORMA-6592,323
13,NORMA-20809,324
13,NORMA-23841,325
13,NORMA-1092,326
13,NORMA-18282,327
13,NORMA-19196,328
13,NORMA-15249,329
13,NORMA-14821,330
13,NORMA-6782,331
13,NORMA-12278,332
13,NORMA-20403,333
13,NORMA-29008,334
13,NORMA-19319,335
13,NORMA-18491,336
13,NORMA-20240,337
13,NORMA-19863,338
13,NORMA-7157,339
13,NORMA-11599,340
13,NORMA-20605,341
13,NORMA-8931,342
13,NORMA-29184,343
13,NORMA-18470,344
13,NORMA-18513,345
13,NORMA-18606,346
13,NORMA-15323,347
13,NORMA-464,348
13,NORMA-18732,349
13,NORMA-19302,350
13,NORMA-20627,351
13,NORMA-19401,352
13,NORMA-19071,353
13,NORMA-18857,354
13,NORMA-14338,355
13,NORMA-20178,356
13,NORMA-18818,357
13,NORMA-18456,358
13,NORMA-24,359
13,NORMA-21000,360
13,NORMA-4898,361
13,NORMA-27081,362
13,NORMA-19023,363
13,NORMA-18299,364
13,NORMA-20630,365
13,NORMA-18321,366
13,NORMA-19111,367
13,NORMA-21587,368
13,NORMA-18731,369
13,NORMA-12836,370
13,NORMA-19126,371
13,NORMA-19275,372
13,NORMA-11454,373
13,NORMA-14518,374
13,NORMA-21562,375
13,NORMA-10267,376
13,NORMA-19084,377
13,NORMA-12320,378
13,NORMA-21200,379
13,NORMA-19534,380
13,NORMA-19146,381
13,NORMA-21131,382
13,NORMA-24823,383
13,NORMA-14185,384
13,NORMA-19797,385
13,NORMA-12540,386
13,NORMA-19685,387
13,NORMA-807,388
13,NORMA-19482,389
13,NORMA-19548,390
13,NORMA-19531,391
13,NORMA-18272,392
13,NORMA-19703,393
13,NORMA-18532,394
13,NORMA-18873,395
13,NORMA-14699,396
13,NORMA-18568,397
13,NORMA-19670,398
13,NORMA-1608,399
13,NORMA-27942,400
13,NORMA-28703,401
13,NORMA-20121,402
13,NORMA-18288,403
13,NORMA-18296,404
13,NORMA-19351,405
13,NORMA-20705,406
13,NORMA-18586,407
13,NORMA-12630,408
13,NORMA-18430,409
13,NORMA-7110,410
13,NORMA-23682,411
13,NORMA-19654,412
13,NORMA-20712,413
13,NORMA-21051,414
13,NORMA-16585,415
13,NORMA-21791,416
13,NORMA-20505,417
13,NORMA-13176,418
13,NORMA-18654,419
13,NORMA-19253,420
13,NORMA-6655,421
13,NORMA-8112,422
13,NORMA-19273,423
13,NORMA-18475,424
13,NORMA-13265,425
13,NORMA-4396,426
13,NORMA-13668,427
13,NORMA-19276,428
13,NORMA-423,429
13,NORMA-5008,430
13,NORMA-1272,431
13,NORMA-13395,432
13,NORMA-1188,433
13,NORMA-27021,434
13,NORMA-19660,435
13,NORMA-19415,436
13,NORMA-19070,437
13,NORMA-18392,438
13,NORMA-18551,439
13,NORMA-14692,440
13,NORMA-18569,441
13,NORMA-21546,442
13,NORMA-26681,443
13,NORMA-18469,444
13,NORMA-29185,445
13,NORMA-3741,446
13,NORMA-19137,447
13,NORMA-19675,448
13,NORMA-21669,449
13,NORMA-19018,450
13,NORMA-19349,451
13,NORMA-19011,452
13,NORMA-27605,453
13,NORMA-18571,454
13,NORMA-18356,455
13,NORMA-20970,456
13,NORMA-21331,457
13,NORMA-20632,458
13,NORMA-21261,459
13,NORMA-26881,460
13,NORMA-19340,461
13,NORMA-21002,462
13,NORMA-15641,463
13,NORMA-20177,464
13,NORMA-1283,465
13,NORMA-18237,466
13,NORMA-21630,467
13,NORMA-19022,468
13,NORMA-21021,469
13,NORMA-1840,470
13,NORMA-10205,471
13,NORMA-19248,472
13,NORMA-19012,473
13,NORMA-21082,474
13,NORMA-4421,475
13,NORMA-10071,476
13,NORMA-14504,477
13,NORMA-21039,478
13,NORMA-19073,479
13,NORMA-1173,480
13,NORMA-18285,481
13,NORMA-19399,482
13,NORMA-1407,483
13,NORMA-28243,484
13,NORMA-14581,485
13,NORMA-25141,486
13,NORMA-21283,487
13,NORMA-1388,488
13,NORMA-18441,489
13,NORMA-18437,490
13,NORMA-18535,491
13,NORMA-21264,492
13,NORMA-14844,493
13,NORMA-18326,494
13,NORMA-15082,495
13,NORMA-19016,496
13,NORMA-21693,497
13,NORMA-18548,498
13,NORMA-14603,499
13,NORMA-20835,500
13,NORMA-21435,501
13,NORMA-13192,502
13,NORMA-29004,503
13,NORMA-21281,504
13,NORMA-8024,505
13,NORMA-19447,506
13,NORMA-2016,507
13,NORMA-20322,508
13,NORMA-19251,509
13,NORMA-14307,510
13,NORMA-18813,511
13,NORMA-21186,512
13,NORMA-9610,513
13,NORMA-19571,514
13,NORMA-18726,515
13,NORMA-14144,516
13,NORMA-18466,517
13,NORMA-18676,518
13,NORMA-18806,519
13,NORMA-18737,520
13,NORMA-19859,521
13,NORMA-19453,522
13,NORMA-20447,523
13,NORMA-11185,524
13,NORMA-20590,525
13,NORMA-18749,526
13,NORMA-17281,527
13,NORMA-19550,528
13,NORMA-19098,529
13,NORMA-20423,530
13,NORMA-12843,531
13,NORMA-13840,532
13,NORMA-21309,533
13,NORMA-18547,534
13,NORMA-19144,535
13,NORMA-1423,536
13,NORMA-2181,537
13,NORMA-19008,538
13,NORMA-19147,539
13,NORMA-1088,540
13,NORMA-1655,541
13,NORMA-12657,542
13,NORMA-18585,543
13,NORMA-1718,544
13,NORMA-20209,545
13,NORMA-18363,546
13,NORMA-20133,547
13,NORMA-11438,548
13,NORMA-2384,549
13,NORMA-20762,550
13,NORMA-18527,551
13,NORMA-14572,552
13,NORMA-21495,553
13,NORMA-18867,554
13,NORMA-6903,555
13,NORMA-19337,556
13,NORMA-21187,557
13,NORMA-2002,558
13,NORMA-1260,559
13,NORMA-18468,560
13,NORMA-19677,561
13,NORMA-6413,562
13,NORMA-14607,563
13,NORMA-13144,564
13,NORMA-21068,565
13,NORMA-18224,566
13,NORMA-11443,567
13,NORMA-8121,568
13,NORMA-29655,569
13,NORMA-24341,570
13,NORMA-21274,571
13,NORMA-20517,572
13,NORMA-19939,573
13,NORMA-20796,574
13,NORMA-20302,575
13,NORMA-18322,576
13,NORMA-14166,577
13,NORMA-10123,578
13,NORMA-18323,579
13,NORMA-18628,580
13,NORMA-18757,581
13,NORMA-20567,582
13,NORMA-23621,583
13,NORMA-20778,584
13,NORMA-14505,585
13,NORMA-20072,586
13,NORMA-21755,587
13,NORMA-8764,588
13,NORMA-18774,589
13,NORMA-18212,590
13,NORMA-20106,591
13,NORMA-11931,592
13,NORMA-18235,593
13,NORMA-5337,594
13,NORMA-20631,595
13,NORMA-20984,596
13,NORMA-21517,597
13,NORMA-19186,598
13,NORMA-21780,599
13,NORMA-18711,600
13,NORMA-19516,601
13,NORMA-19450,602
13,NORMA-8958,603
13,NORMA-26563,604
13,NORMA-11305,605
13,NORMA-1713,606
13,NORMA-1303,607
13,NORMA-18253,608
13,NORMA-13546,609
13,NORMA-11468,610
13,NORMA-19420,611
13,NORMA-20028,612
13,NORMA-20299,613
13,NORMA-18671,614
13,NORMA-11093,615
13,NORMA-27365,616
13,NORMA-20269,617
13,NORMA-20650,618
13,NORMA-20955,619
13,NORMA-19296,620
13,NORMA-13545,621
13,NORMA-253,622
13,NORMA-20248,623
13,NORMA-14679,624
13,NORMA-18705,625
13,NORMA-21480,626
13,NORMA-21486,627
13,NORMA-15167,628
13,NORMA-76,629
13,NORMA-21444,630
13,NORMA-5284,631
13,NORMA-21003,632
13,NORMA-18370,633
13,NORMA-19543,634
13,NORMA-7624,635
13,NORMA-20682,636
13,NORMA-22902,637
13,NORMA-1352,638
13,NORMA-5792,639
13,NORMA-5078,640
13,NORMA-18467,641
13,NORMA-655,642
13,NORMA-14335,643
13,NORMA-1206,644
13,NORMA-20131,645
13,NORMA-15098,646
13,NORMA-4297,647
13,NORMA-20381,648
13,NORMA-19948,649
13,NORMA-13030,650
13,NORMA-2058,651
13,NORMA-19681,652
13,NORMA-19402,653
13,NORMA-19544,654
13,NORMA-19829,655
13,NORMA-2024,656
13,NORMA-12816,657
13,NORMA-20448,658
13,NORMA-19269,659
13,NORMA-18659,660
13,NORMA-19549,661
13,NORMA-20037,662
13,NORMA-21725,663
13,NORMA-18846,664
13,NORMA-21208,665
13,NORMA-18219,666
13,NORMA-20270,667
13,NORMA-28601,668
13,NORMA-18839,669
13,NORMA-19853,670
13,NORMA-19097,671
13,NORMA-19312,672
13,NORMA-28663,673
13,NORMA-20729,674
13,NORMA-18279,675
13,NORMA-8354,676
13,NORMA-19866,677
13,NORMA-2114,678
13,NORMA-7586,679
13,NORMA-18558,680
13,NORMA-18683,681
13,NORMA-12504,682
13,NORMA-13641,683
13,NORMA-19452,684
13,NORMA-20818,685
13,NORMA-21342,686
13,NORMA-14790,687
13,NORMA-21570,688
13,NORMA-10194,689
13,NORMA-1229,690
13,NORMA-8596,691
13,NORMA-20175,692
13,NORMA-6681,693
13,NORMA-18588,694
13,NORMA-13875,695
13,NORMA-20027,696
13,NORMA-19139,697
13,NORMA-19655,698
13,NORMA-14035,699
13,NORMA-14890,700
13,NORMA-6075,701
13,NORMA-819,702
13,NORMA-18697,703
13,NORMA-14698,704
13,NORMA-21697,705
13,NORMA-20551,706
13,NORMA-2405,707
13,NORMA-19457,708
13,NORMA-21097,709
13,NORMA-19304,710
13,NORMA-19692,711
13,NORMA-159,712
13,NORMA-19845,713
13,NORMA-5800,714
13,NORMA-10783,715
13,NORMA-251,716
13,NORMA-9971,717
13,NORMA-14531,718
13,NORMA-15052,719
13,NORMA-19142,720
13,NORMA-21014,721
13,NORMA-18371,722
13,NORMA-18758,723
13,NORMA-6751,724
13,NORMA-14265,725
13,NORMA-19540,726
13,NORMA-19024,727
13,NORMA-18722,728
13,NORMA-6089,729
13,NORMA-21092,730
13,NORMA-31923,731
13,NORMA-18678,732
13,NORMA-18258,733
13,NORMA-19076,734
13,NORMA-7627,735
13,NORMA-18300,736
13,NORMA-18604,737
13,NORMA-7646,738
13,NORMA-19871,739
13,NORMA-19433,740
13,NORMA-20332,741
13,NORMA-20780,742
13,NORMA-18808,743
13,NORMA-20774,744
13,NORMA-19541,745
13,NORMA-6823,746
13,NORMA-11418,747
13,NORMA-9654,748
13,NORMA-1154,749
13,NORMA-727,750
13,NORMA-3966,751
13,NORMA-18712,752
13,NORMA-14497,753
13,NORMA-19060,754
13,NORMA-19439,755
13,NORMA-9407,756
13,NORMA-21409,757
13,NORMA-996,758
13,NORMA-18460,759
13,NORMA-21795,760
13,NORMA-20492,761
13,NORMA-14828,762
13,NORMA-13352,763
13,NORMA-18738,764
13,NORMA-21088,765
13,NORMA-6170,766
13,NORMA-18720,767
13,NORMA-18679,768
13,NORMA-18700,769
13,NORMA-20602,770
13,NORMA-1597,771
13,NORMA-20385,772
13,NORMA-21563,773
13,NORMA-18745,774
13,NORMA-19411,775
13,NORMA-19007,776
13,NORMA-12118,777
13,NORMA-10144,778
13,NORMA-21459,779
13,NORMA-18592,780
13,NORMA-18209,781
13,NORMA-25523,782
13,NORMA-12287,783
13,NORMA-11593,784
13,NORMA-28701,785
13,NORMA-19128,786
13,NORMA-24501,787
13,NORMA-4767,788
13,NORMA-19350,789
13,NORMA-18583,790
13,NORMA-19123,791
13,NORMA-21542,792
13,NORMA-10248,793
13,NORMA-19702,794
13,NORMA-18286,795
13,NORMA-18828,796
13,NORMA-23181,797
13,NORMA-13590,798
13,NORMA-20368,799
13,NORMA-12493,800
13,NORMA-6048,801
13,NORMA-3925,802
13,NORMA-19002,803
13,NORMA-19298,804
13,NORMA-21246,805
13,NORMA-2022,806
13,NORMA-18817,807
13,NORMA-27688,808
13,NORMA-19672,809
13,NORMA-19828,810
13,NORMA-9998,811
13,NORMA-18262,812
13,NORMA-6395,813
13,NORMA-21128,814
13,NORMA-9674,815
13,NORMA-18609,816
13,NORMA-18859,817
13,NORMA-20432,818
13,NORMA-10283,819
13,NORMA-18220,820
13,NORMA-18449,821
13,NORMA-14998,822
13,NORMA-14439,823
13,NORMA-19204,824
13,NORMA-11400,825
13,NORMA-19891,826
13,NORMA-1353,827
13,NORMA-13225,828
13,NORMA-18408,829
13,NORMA-20229,830
13,NORMA-20669,831
13,NORMA-18714,832
13,NORMA-21554,833
13,NORMA-2177,834
13,NORMA-19353,835
13,NORMA-29301,836
13,NORMA-2375,837
13,NORMA-13836,838
13,NORMA-14264,839
13,NORMA-10888,840
13,NORMA-12082,841
13,NORMA-20298,842
13,NORMA-1295,843
13,NORMA-21096,844
13,NORMA-7313,845
13,NORMA-16263,846
13,NORMA-21130,847
13,NORMA-9446,848
13,NORMA-13998,849
13,NORMA-7148,850
13,NORMA-3637,851
13,NORMA-15197,852
13,NORMA-18257,853
13,NORMA-9977,854
13,NORMA-18823,855
13,NORMA-19425,856
13,NORMA-18866,857
13,NORMA-23061,858
13,NORMA-14098,859
13,NORMA-14962,860
13,NORMA-4035,861
13,NORMA-2143,862
13,NORMA-13218,863
13,NORMA-14779,864
13,NORMA-18709,865
13,NORMA-13841,866
13,NORMA-2414,867
13,NORMA-8521,868
13,NORMA-13923,869
13,NORMA-23001,870
13,NORMA-25841,871
13,NORMA-18372,872
13,NORMA-19066,873
13,NORMA-18713,874
13,NORMA-26421,875
13,NORMA-9454,876
13,NORMA-18641,877
13,NORMA-20624,878
13,NORMA-1280,879
13,NORMA-2157,880
13,NORMA-21772,881
13,NORMA-9116,882
13,NORMA-8018,883
13,NORMA-27181,884
13,NORMA-5253,885
13,NORMA-25881,886
13,NORMA-20585,887
13,NORMA-15361,888
13,NORMA-19308,889
13,NORMA-21582,890
13,NORMA-12815,891
13,NORMA-19434,892
13,NORMA-11160,893
13,NORMA-20205,894
13,NORMA-12802,895
13,NORMA-18987,896
13,NORMA-7269,897
13,NORMA-19010,898
13,NORMA-19059,899
13,NORMA-18623,900
13,NORMA-20702,901
13,NORMA-13472,902
13,NORMA-20256,903
13,NORMA-29621,904
13,NORMA-24221,905
13,NORMA-18350,906
13,NORMA-19826,907
13,NORMA-6521,908
13,NORMA-19232,909
13,NORMA-20791,910
13,NORMA-12728,911
13,NORMA-21797,912
13,NORMA-14525,913
13,NORMA-18225,914
13,NORMA-18702,915
13,NORMA-607,916
13,NORMA-19277,917
13,NORMA-20785,918
13,NORMA-850,919
13,NORMA-24181,920
13,NORMA-14925,921
13,NORMA-6676,922
13,NORMA-18631,923
13,NORMA-12413,924
13,NORMA-18841,925
13,NORMA-18787,926
13,NORMA-13949,927
13,NORMA-15031,928
13,NORMA-20202,929
13,NORMA-20642,930
13,NORMA-18439,931
13,NORMA-9802,932
13,NORMA-19664,933
13,NORMA-21006,934
13,NORMA-18992,935
13,NORMA-19330,936
13,NORMA-18305,937
13,NORMA-18614,938
13,NORMA-5526,939
13,NORMA-19372,940
13,NORMA-19085,941
13,NORMA-1198,942
13,NORMA-15242,943
13,NORMA-18492,944
13,NORMA-19163,945
13,NORMA-18845,946
13,NORMA-6399,947
13,NORMA-972,948
13,NORMA-5433,949
13,NORMA-10715,950
13,NORMA-19256,951
13,NORMA-12899,952
13,NORMA-26802,953
13,NORMA-22321,954
13,NORMA-1256,955
13,NORMA-23081,956
13,NORMA-21139,957
13,NORMA-21752,958
13,NORMA-8261,959
13,NORMA-20556,960
13,NORMA-21147,961
13,NORMA-13945,962
13,NORMA-15118,963
13,NORMA-19318,964
13,NORMA-21651,965
13,NORMA-11943,966
13,NORMA-19048,967
13,NORMA-14193,968
13,NORMA-19338,969
13,NORMA-20934,970
13,NORMA-19553,971
13,NORMA-11935,972
13,NORMA-18215,973
13,NORMA-12492,974
13,NORMA-21290,975
13,NORMA-7307,976
13,NORMA-1217,977
13,NORMA-21311,978
13,NORMA-28461,979
13,NORMA-20036,980
13,NORMA-2059,981
13,NORMA-18256,982
13,NORMA-11605,983
13,NORMA-222,984
13,NORMA-1656,985
13,NORMA-10864,986
13,NORMA-18802,987
13,NORMA-21329,988
13,NORMA-23862,989
13,NORMA-9295,990
13,NORMA-12208,991
13,NORMA-19596,992
13,NORMA-2385,993
13,NORMA-18814,994
13,NORMA-21146,995
13,NORMA-18330,996
13,NORMA-5245,997
13,NORMA-23861,998
13,NORMA-28581,999
13,NORMA-21018,1000
14,NORMA-20248,1
14,NORMA-19629,2
14,NORMA-20200,3
14,NORMA-6782,4
14,NORMA-19326,5
14,NORMA-13797,6
14,NORMA-18670,7
14,NORMA-20058,8
14,NORMA-21065,9
14,NORMA-19705,10
14,NORMA-6821,11
14,NORMA-20713,12
14,NORMA-20223,13
14,NORMA-18238,14
14,NORMA-18906,15
14,NORMA-21659,16
14,NORMA-19689,17
14,NORMA-18990,18
14,NORMA-19811,19
14,NORMA-20702,20
14,NORMA-20397,21
14,NORMA-9803,22
14,NORMA-18673,23
14,NORMA-1841,24
14,NORMA-1515,25
14,NORMA-6708,26
14,NORMA-28184,27
14,NORMA-20198,28
14,NORMA-21297,29
14,NORMA-6968,30
14,NORMA-20704,31
14,NORMA-20205,32
14,NORMA-28623,33
14,NORMA-2181,34
14,NORMA-21433,35
14,NORMA-21013,36
14,NORMA-19105,37
14,NORMA-20729,38
14,NORMA-19842,39
14,NORMA-20108,40
14,NORMA-3589,41
14,NORMA-21694,42
14,NORMA-18455,43
14,NORMA-19616,44
14,NORMA-20730,45
14,NORMA-21463,46
14,NORMA-20524,47
14,NORMA-20645,48
14,NORMA-19864,49
14,NORMA-18745,50
14,NORMA-1721,51
14,NORMA-4570,52
14,NORMA-30043,53
14,NORMA-9206,54
14,NORMA-6176,55
14,NORMA-19192,56
14,NORMA-18576,57
14,NORMA-19391,58
14,NORMA-11602,59
14,NORMA-21075,60
14,NORMA-2588,61
14,NORMA-23341,62
14,NORMA-16541,63
14,NORMA-21539,64
14,NORMA-2207,65
14,NORMA-19979,66
14,NORMA-27501,67
14,NORMA-14709,68
14,NORMA-6685,69
14,NORMA-9561,70
14,NORMA-2589,71
14,NORMA-18472,72
14,NORMA-14271,73
14,NORMA-18276,74
14,NORMA-13506,75
14,NORMA-883,76
14,NORMA-29223,77
14,NORMA-6184,78
14,NORMA-11668,79
14,NORMA-19623,80
14,NORMA-11565,81
14,NORMA-21408,82
14,NORMA-27203,83
14,NORMA-29162,84
14,NORMA-2694,85
14,NORMA-19630,86
14,NORMA-745,87
14,NORMA-10661,88
14,NORMA-6719,89
14,NORMA-19840,90
14,NORMA-19837,91
14,NORMA-1310,92
14,NORMA-8049,93
14,NORMA-19423,94
14,NORMA-4194,95
14,NORMA-8208,96
14,NORMA-20193,97
14,NORMA-20201,98
14,NORMA-20190,99
14,NORMA-28561,100
14,NORMA-11674,101
14,NORMA-18243,102
14,NORMA-21405,103
14,NORMA-7853,104
14,NORMA-21729,105
14,NORMA-21688,106
14,NORMA-12493,107
14,NORMA-7646,108
14,NORMA-19992,109
14,NORMA-28402,110
14,NORMA-9008,111
14,NORMA-21045,112
14,NORMA-28223,113
14,NORMA-20507,114
14,NORMA-20429,115
14,NORMA-21174,116
14,NORMA-20210,117
14,NORMA-18596,118
14,NORMA-19547,119
14,NORMA-21491,120
14,NORMA-20893,121
14,NORMA-1170,122
14,NORMA-10495,123
14,NORMA-19498,124
14,NORMA-21669,125
14,NORMA-20188,126
14,NORMA-27524,127
14,NORMA-13944,128
14,NORMA-21462,129
14,NORMA-21390,130
14,NORMA-21402,131
14,NORMA-14700,132
14,NORMA-919,133
14,NORMA-15012,134
14,NORMA-14916,135
14,NORMA-12739,136
14,NORMA-19590,137
14,NORMA-25902,138
14,NORMA-19622,139
14,NORMA-11512,140
14,NORMA-19429,141
14,NORMA-8996,142
14,NORMA-2362,143
14,NORMA-19844,144
14,NORMA-21526,145
14,NORMA-29122,146
14,NORMA-29163,147
14,NORMA-13841,148
14,NORMA-21445,149
14,NORMA-8113,150
14,NORMA-20912,151
14,NORMA-24342,152
14,NORMA-646,153
14,NORMA-19972,154
14,NORMA-4637,155
14,NORMA-6346,156
14,NORMA-14664,157
14,NORMA-18748,158
14,NORMA-21186,159
14,NORMA-28841,160
14,NORMA-21663,161
14,NORMA-18427,162
14,NORMA-5164,163
14,NORMA-12540,164
14,NORMA-2378,165
14,NORMA-19901,166
14,NORMA-22302,167
14,NORMA-11719,168
14,NORMA-19782,169
14,NORMA-20890,170
14,NORMA-28585,171
14,NORMA-27546,172
14,NORMA-22902,173
14,NORMA-18962,174
14,NORMA-21208,175
14,NORMA-20632,176
14,NORMA-28403,177
14,NORMA-20870,178
14,NORMA-2495,179
14,NORMA-18528,180
14,NORMA-10459,181
14,NORMA-13668,182
14,NORMA-20992,183
14,NORMA-20222,184
14,NORMA-1566,185
14,NORMA-14317,186
14,NORMA-10107,187
14,NORMA-14019,188
14,NORMA-27503,189
14,NORMA-20299,190
14,NORMA-18767,191
14,NORMA-11564,192
14,NORMA-10071,193
14,NORMA-21751,194
14,NORMA-11559,195
14,NORMA-1541,196
14,NORMA-20993,197
14,NORMA-3503,198
14,NORMA-14488,199
14,NORMA-19335,200
14,NORMA-20167,201
14,NORMA-12597,202
14,NORMA-21608,203
14,NORMA-21551,204
14,NORMA-21710,205
14,NORMA-20955,206
14,NORMA-28242,207
14,NORMA-20072,208
14,NORMA-11931,209
14,NORMA-3834,210
14,NORMA-25882,211
14,NORMA-11209,212
14,NORMA-28202,213
14,NORMA-23642,214
14,NORMA-12802,215
14,NORMA-11991,216
14,NORMA-19606,217
14,NORMA-2534,218
14,NORMA-1217,219
14,NORMA-10243,220
14,NORMA-2421,221
14,NORMA-19639,222
14,NORMA-18267,223
14,NORMA-29166,224
14,NORMA-18605,225
14,NORMA-24422,226
14,NORMA-18284,227
14,NORMA-20249,228
14,NORMA-20199,229
14,NORMA-21509,230
14,NORMA-26881,231
14,NORMA-24083,232
14,NORMA-21281,233
14,NORMA-12929,234
14,NORMA-12472,235
14,NORMA-13382,236
14,NORMA-29605,237
14,NORMA-20582,238
14,NORMA-20845,239
14,NORMA-20854,240
14,NORMA-17542,241
14,NORMA-19186,242
14,NORMA-13733,243
14,NORMA-26141,244
14,NORMA-10796,245
14,NORMA-21283,246
14,NORMA-23721,247
14,NORMA-28243,248
14,NORMA-26623,249
14,NORMA-23321,250
14,NORMA-19444,251
14,NORMA-11519,252
14,NORMA-20796,253
14,NORMA-24441,254
14,NORMA-5432,255
14,NORMA-20648,256
14,NORMA-15421,257
14,NORMA-15060,258
14,NORMA-658,259
14,NORMA-20589,260
14,NORMA-11666,261
14,NORMA-19797,262
14,NORMA-19175,263
14,NORMA-5551,264
14,NORMA-4121,265
14,NORMA-19036,266
14,NORMA-19627,267
14,NORMA-21328,268
14,NORMA-15864,269
14,NORMA-11989,270
14,NORMA-18922,271
14,NORMA-10761,272
14,NORMA-18685,273
14,NORMA-20049,274
14,NORMA-178,275
14,NORMA-21772,276
14,NORMA-21187,277
14,NORMA-20580,278
14,NORMA-2388,279
14,NORMA-9030,280
14,NORMA-19927,281
14,NORMA-16143,282
14,NORMA-16446,283
14,NORMA-19610,284
14,NORMA-20557,285
14,NORMA-21057,286
14,NORMA-11976,287
14,NORMA-13716,288
14,NORMA-9320,289
14,NORMA-1650,290
14,NORMA-6515,291
14,NORMA-11718,292
14,NORMA-11400,293
14,NORMA-13478,294
14,NORMA-1455,295
14,NORMA-13518,296
14,NORMA-2475,297
14,NORMA-21410,298
14,NORMA-11567,299
14,NORMA-21393,300
14,NORMA-9583,301
14,NORMA-15197,302
14,NORMA-14938,303
14,NORMA-11831,304
14,NORMA-12320,305
14,NORMA-1631,306
14,NORMA-5429,307
14,NORMA-20218,308
14,NORMA-12197,309
14,NORMA-14070,310
14,NORMA-26223,311
14,NORMA-11720,312
14,NORMA-11847,313
14,NORMA-1438,314
14,NORMA-21554,315
14,NORMA-3744,316
14,NORMA-13945,317
14,NORMA-21289,318
14,NORMA-8931,319
14,NORMA-24581,320
14,NORMA-20613,321
14,NORMA-26961,322
14,NORMA-27181,323
14,NORMA-25341,324
14,NORMA-21605,325
14,NORMA-26682,326
14,NORMA-11977,327
14,NORMA-4322,328
14,NORMA-21791,329
14,NORMA-24561,330
14,NORMA-12574,331
14,NORMA-15866,332
14,NORMA-21767,333
14,NORMA-11673,334
14,NORMA-11762,335
14,NORMA-14386,336
14,NORMA-27001,337
14,NORMA-20964,338
14,NORMA-13381,339
14,NORMA-18905,340
14,NORMA-24524,341
14,NORMA-25723,342
14,NORMA-29145,343
14,NORMA-19762,344
14,NORMA-21624,345
14,NORMA-21206,346
14,NORMA-11454,347
14,NORMA-29221,348
14,NORMA-11915,349
14,NORMA-19592,350
14,NORMA-15824,351
14,NORMA-21580,352
14,NORMA-19942,353
14,NORMA-15825,354
14,NORMA-19548,355
14,NORMA-28086,356
14,NORMA-25501,357
14,NORMA-126,358
14,NORMA-19503,359
14,NORMA-21630,360
14,NORMA-11558,361
14,NORMA-21646,362
14,NORMA-12676,363
14,NORMA-20894,364
14,NORMA-15822,365
14,NORMA-20056,366
14,NORMA-1654,367
14,NORMA-21622,368
14,NORMA-2377,369
14,NORMA-1552,370
14,NORMA-14694,371
14,NORMA-9998,372
14,NORMA-20023,373
14,NORMA-20926,374
14,NORMA-18404,375
14,NORMA-2190,376
14,NORMA-20447,377
14,NORMA-18461,378
14,NORMA-21555,379
14,NORMA-18280,380
14,NORMA-13674,381
14,NORMA-11561,382
14,NORMA-20519,383
14,NORMA-18996,384
14,NORMA-10267,385
14,NORMA-12406,386
14,NORMA-24042,387
14,NORMA-27251,388
14,NORMA-24742,389
14,NORMA-14920,390
14,NORMA-27365,391
14,NORMA-26661,392
14,NORMA-21051,393
14,NORMA-21286,394
14,NORMA-18733,395
14,NORMA-21981,396
14,NORMA-22024,397
14,NORMA-20620,398
14,NORMA-21429,399
14,NORMA-1609,400
14,NORMA-14967,401
14,NORMA-18775,402
14,NORMA-19716,403
14,NORMA-21327,404
14,NORMA-16401,405
14,NORMA-15862,406
14,NORMA-12476,407
14,NORMA-17381,408
14,NORMA-19011,409
14,NORMA-9493,410
14,NORMA-13994,411
14,NORMA-20285,412
14,NORMA-21241,413
14,NORMA-8278,414
14,NORMA-19508,415
14,NORMA-13246,416
14,NORMA-21082,417
14,NORMA-20837,418
14,NORMA-2058,419
14,NORMA-12439,420
14,NORMA-20575,421
14,NORMA-20191,422
14,NORMA-17185,423
14,NORMA-24685,424
14,NORMA-15867,425
14,NORMA-21619,426
14,NORMA-11604,427
14,NORMA-19285,428
14,NORMA-13869,429
14,NORMA-14076,430
14,NORMA-11517,431
14,NORMA-21415,432
14,NORMA-11845,433
14,NORMA-7627,434
14,NORMA-15963,435
14,NORMA-28601,436
14,NORMA-15125,437
14,NORMA-19930,438
14,NORMA-15941,439
14,NORMA-20073,440
14,NORMA-21092,441
14,NORMA-11761,442
14,NORMA-13545,443
14,NORMA-15865,444
14,NORMA-18827,445
14,NORMA-25523,446
14,NORMA-36,447
14,NORMA-20788,448
14,NORMA-20452,449
14,NORMA-27548,450
14,NORMA-16682,451
14,NORMA-19821,452
14,NORMA-21750,453
14,NORMA-21591,454
14,NORMA-13180,455
14,NORMA-28801,456
14,NORMA-21638,457
14,NORMA-18702,458
14,NORMA-21269,459
14,NORMA-28502,460
14,NORMA-27421,461
14,NORMA-5915,462
14,NORMA-15863,463
14,NORMA-12904,464
14,NORMA-21264,465
14,NORMA-14336,466
14,NORMA-10297,467
14,NORMA-13921,468
14,NORMA-21472,469
14,NORMA-12363,470
14,NORMA-4470,471
14,NORMA-20712,472
14,NORMA-19583,473
14,NORMA-4651,474
14,NORMA-26063,475
14,NORMA-19124,476
14,NORMA-11722,477
14,NORMA-7399,478
14,NORMA-4422,479
14,NORMA-28081,480
14,NORMA-20924,481
14,NORMA-19553,482
14,NORMA-26341,483
14,NORMA-19798,484
14,NORMA-14519,485
14,NORMA-18800,486
14,NORMA-12248,487
14,NORMA-21178,488
14,NORMA-14295,489
14,NORMA-12728,490
14,NORMA-20262,491
14,NORMA-16582,492
14,NORMA-21572,493
14,NORMA-18585,494
14,NORMA-14137,495
14,NORMA-28168,496
14,NORMA-21785,497
14,NORMA-12959,498
14,NORMA-20016,499
14,NORMA-20269,500
14,NORMA-6022,501
14,NORMA-22723,502
14,NORMA-14915,503
14,NORMA-18910,504
14,NORMA-18677,505
14,NORMA-13329,506
14,NORMA-20443,507
14,NORMA-13291,508
14,NORMA-1846,509
14,NORMA-10125,510
14,NORMA-6662,511
14,NORMA-11921,512
14,NORMA-12654,513
14,NORMA-17361,514
14,NORMA-760,515
14,NORMA-19475,516
14,NORMA-14250,517
14,NORMA-9971,518
14,NORMA-28141,519
14,NORMA-16881,520
14,NORMA-14692,521
14,NORMA-19925,522
14,NORMA-2113,523
14,NORMA-253,524
14,NORMA-21050,525
14,NORMA-12535,526
14,NORMA-14226,527
14,NORMA-13970,528
14,NORMA-24801,529
14,NORMA-13705,530
14,NORMA-21563,531
14,NORMA-20423,532
14,NORMA-4276,533
14,NORMA-11520,534
14,NORMA-14810,535
14,NORMA-15176,536
14,NORMA-15196,537
14,NORMA-23802,538
14,NORMA-15401,539
14,NORMA-20834,540
14,NORMA-10650,541
14,NORMA-18789,542
14,NORMA-15102,543
14,NORMA-21773,544
14,NORMA-13338,545
14,NORMA-9610,546
14,NORMA-10494,547
14,NORMA-19624,548
14,NORMA-27081,549
14,NORMA-12103,550
14,NORMA-10488,551
14,NORMA-19461,552
14,NORMA-13239,553
14,NORMA-6323,554
14,NORMA-22861,555
14,NORMA-14148,556
14,NORMA-13376,557
14,NORMA-11992,558
14,NORMA-18426,559
14,NORMA-21096,560
14,NORMA-19034,561
14,NORMA-778,562
14,NORMA-10657,563
14,NORMA-11598,564
14,NORMA-15841,565
14,NORMA-28043,566
14,NORMA-13306,567
14,NORMA-14304,568
14,NORMA-15031,569
14,NORMA-21497,570
14,NORMA-15742,571
14,NORMA-18438,572
14,NORMA-18490,573
14,NORMA-24522,574
14,NORMA-3918,575
14,NORMA-17081,576
14,NORMA-2387,577
14,NORMA-4003,578
14,NORMA-515,579
14,NORMA-13557,580
14,NORMA-10227,581
14,NORMA-10221,582
14,NORMA-21655,583
14,NORMA-20959,584
14,NORMA-13188,585
14,NORMA-5792,586
14,NORMA-18475,587
14,NORMA-10396,588
14,NORMA-19437,589
14,NORMA-12971,590
14,NORMA-11084,591
14,NORMA-4676,592
14,NORMA-21585,593
14,NORMA-19725,594
14,NORMA-7271,595
14,NORMA-18316,596
14,NORMA-12715,597
14,NORMA-19480,598
14,NORMA-9401,599
14,NORMA-11721,600
14,NORMA-18632,601
14,NORMA-27228,602
14,NORMA-13465,603
14,NORMA-18463,604
14,NORMA-28061,605
14,NORMA-29143,606
14,NORMA-19059,607
14,NORMA-14571,608
14,NORMA-28581,609
14,NORMA-26807,610
14,NORMA-14014,611
14,NORMA-19971,612
14,NORMA-20833,613
14,NORMA-12714,614
14,NORMA-12066,615
14,NORMA-15961,616
14,NORMA-21387,617
14,NORMA-9802,618
14,NORMA-14656,619
14,NORMA-19863,620
14,NORMA-15186,621
14,NORMA-3899,622
14,NORMA-19240,623
14,NORMA-18896,624
14,NORMA-12979,625
14,NORMA-2452,626
14,NORMA-21764,627
14,NORMA-8636,628
14,NORMA-12589,629
14,NORMA-28982,630
14,NORMA-18970,631
14,NORMA-13001,632
14,NORMA-21068,633
14,NORMA-19870,634
14,NORMA-18571,635
14,NORMA-10240,636
14,NORMA-14835,637
14,NORMA-29261,638
14,NORMA-21782,639
14,NORMA-15167,640
14,NORMA-9535,641
14,NORMA-18870,642
14,NORMA-11443,643
14,NORMA-13025,644
14,NORMA-14106,645
14,NORMA-20187,646
14,NORMA-26581,647
14,NORMA-25563,648
14,NORMA-17341,649
14,NORMA-12566,650
14,NORMA-11839,651
14,NORMA-11832,652
14,NORMA-21288,653
14,NORMA-24061,654
14,NORMA-16445,655
14,NORMA-21220,656
14,NORMA-7586,657
14,NORMA-14732,658
14,NORMA-19190,659
14,NORMA-19699,660
14,NORMA-19168,661
14,NORMA-23383,662
14,NORMA-19496,663
14,NORMA-13027,664
14,NORMA-15341,665
14,NORMA-18721,666
14,NORMA-11376,667
14,NORMA-16147,668
14,NORMA-21279,669
14,NORMA-26382,670
14,NORMA-19088,671
14,NORMA-1178,672
14,NORMA-24104,673
14,NORMA-20703,674
14,NORMA-20966,675
14,NORMA-27253,676
14,NORMA-20951,677
14,NORMA-27566,678
14,NORMA-18515,679
14,NORMA-16262,680
14,NORMA-10699,681
14,NORMA-11818,682
14,NORMA-247,683
14,NORMA-14538,684
14,NORMA-11732,685
14,NORMA-19155,686
14,NORMA-20731,687
14,NORMA-12912,688
14,NORMA-2376,689
14,NORMA-985,690
14,NORMA-12924,691
14,NORMA-19150,692
14,NORMA-13988,693
14,NORMA-10416,694
14,NORMA-26421,695
14,NORMA-969,696
14,NORMA-14185,697
14,NORMA-13009,698
14,NORMA-28263,699
14,NORMA-27368,700
14,NORMA-4076,701
14,NORMA-20932,702
14,NORMA-11663,703
14,NORMA-28266,704
14,NORMA-18314,705
14,NORMA-15823,706
14,NORMA-13289,707
14,NORMA-11361,708
14,NORMA-10550,709
14,NORMA-18801,710
14,NORMA-20385,711
14,NORMA-9126,712
14,NORMA-21097,713
14,NORMA-11971,714
14,NORMA-20258,715
14,NORMA-19704,716
14,NORMA-14044,717
14,NORMA-21566,718
14,NORMA-21774,719
14,NORMA-19006,720
14,NORMA-28083,721
14,NORMA-10092,722
14,NORMA-11518,723
14,NORMA-11865,724
14,NORMA-28461,725
14,NORMA-9407,726
14,NORMA-11100,727
14,NORMA-14192,728
14,NORMA-19007,729
14,NORMA-29606,730
14,NORMA-14534,731
14,NORMA-15844,732
14,NORMA-19112,733
14,NORMA-11560,734
14,NORMA-10875,735
14,NORMA-20300,736
14,NORMA-18726,737
14,NORMA-616,738
14,NORMA-12055,739
14,NORMA-2470,740
14,NORMA-23861,741
14,NORMA-20841,742
14,NORMA-11837,743
14,NORMA-24221,744
14,NORMA-12152,745
14,NORMA-18451,746
14,NORMA-11838,747
14,NORMA-25205,748
14,NORMA-18749,749
14,NORMA-18272,750
14,NORMA-570,751
14,NORMA-10248,752
14,NORMA-12521,753
14,NORMA-11667,754
14,NORMA-15111,755
14,NORMA-18738,756
14,NORMA-20513,757
14,NORMA-20514,758
14,NORMA-18723,759
14,NORMA-16864,760
14,NORMA-10540,761
14,NORMA-5681,762
14,NORMA-20021,763
14,NORMA-13867,764
14,NORMA-14193,765
14,NORMA-13222,766
14,NORMA-20446,767
14,NORMA-20273,768
14,NORMA-251,769
14,NORMA-20869,770
14,NORMA-18273,771
14,NORMA-20138,772
14,NORMA-19002,773
14,NORMA-24361,774
14,NORMA-27246,775
14,NORMA-13523,776
14,NORMA-26381,777
14,NORMA-15645,778
14,NORMA-4428,779
14,NORMA-25184,780
14,NORMA-15057,781
14,NORMA-13696,782
14,NORMA-15371,783
14,NORMA-14214,784
14,NORMA-13166,785
14,NORMA-21575,786
14,NORMA-6629,787
14,NORMA-10888,788
14,NORMA-18021,789
14,NORMA-19555,790
14,NORMA-2384,791
14,NORMA-19353,792
14,NORMA-29165,793
14,NORMA-13094,794
14,NORMA-20163,795
14,NORMA-27688,796
14,NORMA-21002,797
14,NORMA-10559,798
14,NORMA-14639,799
14,NORMA-14927,800
14,NORMA-15070,801
14,NORMA-9260,802
14,NORMA-28343,803
14,NORMA-15023,804
14,NORMA-12407,805
14,NORMA-14030,806
14,NORMA-19041,807
14,NORMA-15024,808
14,NORMA-11402,809
14,NORMA-24981,810
14,NORMA-26724,811
14,NORMA-14050,812
14,NORMA-10877,813
14,NORMA-14006,814
14,NORMA-3628,815
14,NORMA-27687,816
14,NORMA-10427,817
14,NORMA-6652,818
14,NORMA-10758,819
14,NORMA-23661,820
14,NORMA-15392,821
14,NORMA-21528,822
14,NORMA-1088,823
14,NORMA-14658,824
14,NORMA-18722,825
14,NORMA-9041,826
14,NORMA-19078,827
14,NORMA-12413,828
14,NORMA-2114,829
14,NORMA-14307,830
14,NORMA-26883,831
14,NORMA-20172,832
14,NORMA-21573,833
14,NORMA-20979,834
14,NORMA-6655,835
14,NORMA-13295,836
14,NORMA-19223,837
14,NORMA-27522,838
14,NORMA-19060,839
14,NORMA-14828,840
14,NORMA-26564,841
14,NORMA-14543,842
14,NORMA-2390,843
14,NORMA-14781,844
14,NORMA-20344,845
14,NORMA-23402,846
14,NORMA-22781,847
14,NORMA-28087,848
14,NORMA-18330,849
14,NORMA-20159,850
14,NORMA-10019,851
14,NORMA-13013,852
14,NORMA-18211,853
14,NORMA-10868,854
14,NORMA-11877,855
14,NORMA-19137,856
14,NORMA-21724,857
14,NORMA-8018,858
14,NORMA-21360,859
14,NORMA-13623,860
14,NORMA-25962,861
14,NORMA-18737,862
14,NORMA-729,863
14,NORMA-10767,864
14,NORMA-19049,865
14,NORMA-11826,866
14,NORMA-4396,867
14,NORMA-12870,868
14,NORMA-13183,869
14,NORMA-22622,870
14,NORMA-12699,871
14,NORMA-12740,872
14,NORMA-20204,873
14,NORMA-10234,874
14,NORMA-12737,875
14,NORMA-9355,876
14,NORMA-21423,877
14,NORMA-11875,878
14,NORMA-25141,879
14,NORMA-14922,880
14,NORMA-13513,881
14,NORMA-4767,882
14,NORMA-14432,883
14,NORMA-18804,884
14,NORMA-19227,885
14,NORMA-14901,886
14,NORMA-21317,887
14,NORMA-8758,888
14,NORMA-11835,889
14,NORMA-13247,890
14,NORMA-9425,891
14,NORMA-14142,892
14,NORMA-26601,893
14,NORMA-14521,894
14,NORMA-20549,895
14,NORMA-19397,896
14,NORMA-19752,897
14,NORMA-10490,898
14,NORMA-14130,899
14,NORMA-8644,900
14,NORMA-18215,901
14,NORMA-20036,902
14,NORMA-29184,903
14,NORMA-8463,904
14,NORMA-28421,905
14,NORMA-18456,906
14,NORMA-11791,907
14,NORMA-12291,908
14,NORMA-19526,909
14,NORMA-18465,910
14,NORMA-18994,911
14,NORMA-19349,912
14,NORMA-21652,913
14,NORMA-26321,914
14,NORMA-23742,915
14,NORMA-19351,916
14,NORMA-19727,917
14,NORMA-13510,918
14,NORMA-13896,919
14,NORMA-15071,920
14,NORMA-20530,921
14,NORMA-10569,922
14,NORMA-18854,923
14,NORMA-18500,924
14,NORMA-11671,925
14,NORMA-10872,926
14,NORMA-8818,927
14,NORMA-13055,928
14,NORMA-5463,929
14,NORMA-27605,930
14,NORMA-27942,931
14,NORMA-12565,932
14,NORMA-23441,933
14,NORMA-12436,934
14,NORMA-19245,935
14,NORMA-16602,936
14,NORMA-16781,937
14,NORMA-8385,938
14,NORMA-20203,939
14,NORMA-19146,940
14,NORMA-19581,941
14,NORMA-26823,942
14,NORMA-13310,943
14,NORMA-18244,944
14,NORMA-14779,945
14,NORMA-19785,946
14,NORMA-21088,947
14,NORMA-8968,948
14,NORMA-9118,949
14,NORMA-29364,950
14,NORMA-21318,951
14,NORMA-12530,952
14,NORMA-21439,953
14,NORMA-9977,954
14,NORMA-20835,955
14,NORMA-2002,956
14,NORMA-18220,957
14,NORMA-4298,958
14,NORMA-12674,959
14,NORMA-21298,960
14,NORMA-14996,961
14,NORMA-14240,962
14,NORMA-23964,963
14,NORMA-18766,964
14,NORMA-15131,965
14,NORMA-23081,966
14,NORMA-28584,967
14,NORMA-25203,968
14,NORMA-9280,969
14,NORMA-21309,970
14,NORMA-26161,971
14,NORMA-13715,972
14,NORMA-19420,973
14,NORMA-13363,974
14,NORMA-10815,975
14,NORMA-10562,976
14,NORMA-21344,977
14,NORMA-14206,978
14,NORMA-21578,979
14,NORMA-11374,980
14,NORMA-2162,981
14,NORMA-10871,982
14,NORMA-6823,983
14,NORMA-20727,984
14,NORMA-16021,985
14,NORMA-25204,986
14,NORMA-21803,987
14,NORMA-4268,988
14,NORMA-674,989
14,NORMA-25941,990
14,NORMA-5736,991
14,NORMA-2461,992
14,NORMA-13395,993
14,NORMA-19683,994
14,NORMA-21261,995
14,NORMA-28041,996
14,NORMA-19939,997
14,NORMA-21324,998
14,NORMA-20536,999
14,NORMA-9367,1000
15,NORMA-21717,1
15,NORMA-19733,2
15,NORMA-21459,3
15,NORMA-19727,4
15,NORMA-18699,5
15,NORMA-3571,6
15,NORMA-18562,7
15,NORMA-18729,8
15,NORMA-6448,9
15,NORMA-18627,10
15,NORMA-21277,11
15,NORMA-4318,12
15,NORMA-20591,13
15,NORMA-21449,14
15,NORMA-21535,15
15,NORMA-18886,16
15,NORMA-4182,17
15,NORMA-19769,18
15,NORMA-18327,19
15,NORMA-20815,20
15,NORMA-19535,21
15,NORMA-3975,22
15,NORMA-18730,23
15,NORMA-19403,24
15,NORMA-19027,25
15,NORMA-13903,26
15,NORMA-18722,27
15,NORMA-6851,28
15,NORMA-18381,29
15,NORMA-19939,30
15,NORMA-18691,31
15,NORMA-20300,32
15,NORMA-14587,33
15,NORMA-15134,34
15,NORMA-15465,35
15,NORMA-15427,36
15,NORMA-21617,37
15,NORMA-21278,38
15,NORMA-20397,39
15,NORMA-18269,40
15,NORMA-14974,41
15,NORMA-21716,42
15,NORMA-21470,43
15,NORMA-18839,44
15,NORMA-11505,45
15,NORMA-20936,46
15,NORMA-10931,47
15,NORMA-18227,48
15,NORMA-18686,49
15,NORMA-21279,50
15,NORMA-19079,51
15,NORMA-19090,52
15,NORMA-20283,53
15,NORMA-20983,54
15,NORMA-19704,55
15,NORMA-19225,56
15,NORMA-11901,57
15,NORMA-21631,58
15,NORMA-18677,59
15,NORMA-19709,60
15,NORMA-18875,61
15,NORMA-20963,62
15,NORMA-12437,63
15,NORMA-4634,64
15,NORMA-21448,65
15,NORMA-19158,66
15,NORMA-6595,67
15,NORMA-19061,68
15,NORMA-21534,69
15,NORMA-7250,70
15,NORMA-18629,71
15,NORMA-23941,72
15,NORMA-27687,73
15,NORMA-21526,74
15,NORMA-14113,75
15,NORMA-21312,76
15,NORMA-20429,77
15,NORMA-18959,78
15,NORMA-18800,79
15,NORMA-20601,80
15,NORMA-20863,81
15,NORMA-19303,82
15,NORMA-11814,83
15,NORMA-19265,84
15,NORMA-21286,85
15,NORMA-19151,86
15,NORMA-21564,87
15,NORMA-13229,88
15,NORMA-20056,89
15,NORMA-5381,90
15,NORMA-19444,91
15,NORMA-15028,92
15,NORMA-21616,93
15,NORMA-19375,94
15,NORMA-21353,95
15,NORMA-21344,96
15,NORMA-21576,97
15,NORMA-13514,98
15,NORMA-3735,99
15,NORMA-21674,100
15,NORMA-19191,101
15,NORMA-12965,102
15,NORMA-6769,103
15,NORMA-18750,104
15,NORMA-18734,105
15,NORMA-23026,106
15,NORMA-19245,107
15,NORMA-9705,108
15,NORMA-19970,109
15,NORMA-14390,110
15,NORMA-20188,111
15,NORMA-18701,112
15,NORMA-20734,113
15,NORMA-10534,114
15,NORMA-18424,115
15,NORMA-21407,116
15,NORMA-18904,117
15,NORMA-19639,118
15,NORMA-20894,119
15,NORMA-11416,120
15,NORMA-19925,121
15,NORMA-18972,122
15,NORMA-6291,123
15,NORMA-18747,124
15,NORMA-21554,125
15,NORMA-21601,126
15,NORMA-23027,127
15,NORMA-18245,128
15,NORMA-1515,129
15,NORMA-21128,130
15,NORMA-19192,131
15,NORMA-20790,132
15,NORMA-6126,133
15,NORMA-18906,134
15,NORMA-19249,135
15,NORMA-18884,136
15,NORMA-13711,137
15,NORMA-11605,138
15,NORMA-18215,139
15,NORMA-13802,140
15,NORMA-6176,141
15,NORMA-8575,142
15,NORMA-21269,143
15,NORMA-10219,144
15,NORMA-18656,145
15,NORMA-20452,146
15,NORMA-6636,147
15,NORMA-6968,148
15,NORMA-20837,149
15,NORMA-6698,150
15,NORMA-2375,151
15,NORMA-21638,152
15,NORMA-10347,153
15,NORMA-10018,154
15,NORMA-18331,155
15,NORMA-20908,156
15,NORMA-14345,157
15,NORMA-14726,158
15,NORMA-19443,159
15,NORMA-20191,160
15,NORMA-17281,161
15,NORMA-7773,162
15,NORMA-23521,163
15,NORMA-22001,164
15,NORMA-18605,165
15,NORMA-10247,166
15,NORMA-28802,167
15,NORMA-21597,168
15,NORMA-21108,169
15,NORMA-11759,170
15,NORMA-19645,171
15,NORMA-33288,172
15,NORMA-18829,173
15,NORMA-18290,174
15,NORMA-3484,175
15,NORMA-20196,176
15,NORMA-11226,177
15,NORMA-21324,178
15,NORMA-20193,179
15,NORMA-20321,180
15,NORMA-9067,181
15,NORMA-24102,182
15,NORMA-19434,183
15,NORMA-21043,184
15,NORMA-14508,185
15,NORMA-9936,186
15,NORMA-19329,187
15,NORMA-21606,188
15,NORMA-20738,189
15,NORMA-21687,190
15,NORMA-33308,191
15,NORMA-20927,192
15,NORMA-10745,193
15,NORMA-10590,194
15,NORMA-13519,195
15,NORMA-19588,196
15,NORMA-20647,197
15,NORMA-20002,198
15,NORMA-20302,199
15,NORMA-20737,200
15,NORMA-18573,201
15,NORMA-19345,202
15,NORMA-19351,203
15,NORMA-19650,204
15,NORMA-6521,205
15,NORMA-18526,206
15,NORMA-13635,207
15,NORMA-19642,208
15,NORMA-9681,209
15,NORMA-19407,210
15,NORMA-20084,211
15,NORMA-20968,212
15,NORMA-21772,213
15,NORMA-18821,214
15,NORMA-13990,215
15,NORMA-18615,216
15,NORMA-25964,217
15,NORMA-21091,218
15,NORMA-20703,219
15,NORMA-11607,220
15,NORMA-20993,221
15,NORMA-10565,222
15,NORMA-18651,223
15,NORMA-20812,224
15,NORMA-20549,225
15,NORMA-18623,226
15,NORMA-18292,227
15,NORMA-20058,228
15,NORMA-18992,229
15,NORMA-19012,230
15,NORMA-20291,231
15,NORMA-20377,232
15,NORMA-18386,233
15,NORMA-18669,234
15,NORMA-19655,235
15,NORMA-7318,236
15,NORMA-20692,237
15,NORMA-27550,238
15,NORMA-19519,239
15,NORMA-19913,240
15,NORMA-21477,241
15,NORMA-28822,242
15,NORMA-19372,243
15,NORMA-19130,244
15,NORMA-25761,245
15,NORMA-18626,246
15,NORMA-20524,247
15,NORMA-12820,248
15,NORMA-9715,249
15,NORMA-4171,250
15,NORMA-18324,251
15,NORMA-6630,252
15,NORMA-5712,253
15,NORMA-20796,254
15,NORMA-12490,255
15,NORMA-10326,256
15,NORMA-4500,257
15,NORMA-13995,258
15,NORMA-26163,259
15,NORMA-6743,260
15,NORMA-28762,261
15,NORMA-11046,262
15,NORMA-21281,263
15,NORMA-20340,264
15,NORMA-20893,265
15,NORMA-21767,266
15,NORMA-8158,267
15,NORMA-18641,268
15,NORMA-15027,269
15,NORMA-6316,270
15,NORMA-19215,271
15,NORMA-19969,272
15,NORMA-11292,273
15,NORMA-8763,274
15,NORMA-21548,275
15,NORMA-18856,276
15,NORMA-6181,277
15,NORMA-20943,278
15,NORMA-20840,279
15,NORMA-10298,280
15,NORMA-21774,281
15,NORMA-20202,282
15,NORMA-10531,283
15,NORMA-19391,284
15,NORMA-20205,285
15,NORMA-5626,286
15,NORMA-21283,287
15,NORMA-19500,288
15,NORMA-18596,289
15,NORMA-18889,290
15,NORMA-14742,291
15,NORMA-19115,292
15,NORMA-18299,293
15,NORMA-19188,294
15,NORMA-19085,295
15,NORMA-2484,296
15,NORMA-4830,297
15,NORMA-19275,298
15,NORMA-20225,299
15,NORMA-18314,300
15,NORMA-8613,301
15,NORMA-10749,302
15,NORMA-18513,303
15,NORMA-18847,304
15,NORMA-18609,305
15,NORMA-14501,306
15,NORMA-4792,307
15,NORMA-10393,308
15,NORMA-20138,309
15,NORMA-19338,310
15,NORMA-19222,311
15,NORMA-18260,312
15,NORMA-15253,313
15,NORMA-20710,314
15,NORMA-21369,315
15,NORMA-20249,316
15,NORMA-18602,317
15,NORMA-19493,318
15,NORMA-6967,319
15,NORMA-9952,320
15,NORMA-3979,321
15,NORMA-25202,322
15,NORMA-3734,323
15,NORMA-14858,324
15,NORMA-21623,325
15,NORMA-20554,326
15,NORMA-19423,327
15,NORMA-19066,328
15,NORMA-12038,329
15,NORMA-6257,330
15,NORMA-18297,331
15,NORMA-18286,332
15,NORMA-20955,333
15,NORMA-616,334
15,NORMA-18352,335
15,NORMA-21444,336
15,NORMA-6170,337
15,NORMA-19491,338
15,NORMA-4736,339
15,NORMA-7472,340
15,NORMA-21185,341
15,NORMA-18878,342
15,NORMA-12771,343
15,NORMA-265,344
15,NORMA-14967,345
15,NORMA-3942,346
15,NORMA-20301,347
15,NORMA-11632,348
15,NORMA-2207,349
15,NORMA-13797,350
15,NORMA-18727,351
15,NORMA-23241,352
15,NORMA-21040,353
15,NORMA-21275,354
15,NORMA-18639,355
15,NORMA-20761,356
15,NORMA-19428,357
15,NORMA-26881,358
15,NORMA-19949,359
15,NORMA-18628,360
15,NORMA-18335,361
15,NORMA-7993,362
15,NORMA-19144,363
15,NORMA-19008,364
15,NORMA-21132,365
15,NORMA-5128,366
15,NORMA-18668,367
15,NORMA-19080,368
15,NORMA-19553,369
15,NORMA-5170,370
15,NORMA-18211,371
15,NORMA-21742,372
15,NORMA-12066,373
15,NORMA-9365,374
15,NORMA-18961,375
15,NORMA-3481,376
15,NORMA-19134,377
15,NORMA-21783,378
15,NORMA-11214,379
15,NORMA-19870,380
15,NORMA-20443,381
15,NORMA-18585,382
15,NORMA-19596,383
15,NORMA-18617,384
15,NORMA-4221,385
15,NORMA-20807,386
15,NORMA-18322,387
15,NORMA-15122,388
15,NORMA-19347,389
15,NORMA-5251,390
15,NORMA-18902,391
15,NORMA-20833,392
15,NORMA-18653,393
15,NORMA-30043,394
15,NORMA-11282,395
15,NORMA-19310,396
15,NORMA-21241,397
15,NORMA-27321,398
15,NORMA-18547,399
15,NORMA-11742,400
15,NORMA-16462,401
15,NORMA-20551,402
15,NORMA-18535,403
15,NORMA-11864,404
15,NORMA-9393,405
15,NORMA-18571,406
15,NORMA-21693,407
15,NORMA-19022,408
15,NORMA-21641,409
15,NORMA-29101,410
15,NORMA-20073,411
15,NORMA-18326,412
15,NORMA-21764,413
15,NORMA-20314,414
15,NORMA-26003,415
15,NORMA-18587,416
15,NORMA-1841,417
15,NORMA-18285,418
15,NORMA-6669,419
15,NORMA-21141,420
15,NORMA-19016,421
15,NORMA-18738,422
15,NORMA-26102,423
15,NORMA-18741,424
15,NORMA-2573,425
15,NORMA-21443,426
15,NORMA-19837,427
15,NORMA-15259,428
15,NORMA-19278,429
15,NORMA-19550,430
15,NORMA-7519,431
15,NORMA-20507,432
15,NORMA-11687,433
15,NORMA-18256,434
15,NORMA-18586,435
15,NORMA-9820,436
15,NORMA-9855,437
15,NORMA-2376,438
15,NORMA-19482,439
15,NORMA-20167,440
15,NORMA-14930,441
15,NORMA-21220,442
15,NORMA-20705,443
15,NORMA-19011,444
15,NORMA-18801,445
15,NORMA-19652,446
15,NORMA-21475,447
15,NORMA-18370,448
15,NORMA-20316,449
15,NORMA-19076,450
15,NORMA-5252,451
15,NORMA-19508,452
15,NORMA-21243,453
15,NORMA-19282,454
15,NORMA-18363,455
15,NORMA-18248,456
15,NORMA-19450,457
15,NORMA-20403,458
15,NORMA-20344,459
15,NORMA-3828,460
15,NORMA-18359,461
15,NORMA-18711,462
15,NORMA-19346,463
15,NORMA-18235,464
15,NORMA-19324,465
15,NORMA-13555,466
15,NORMA-9217,467
15,NORMA-19629,468
15,NORMA-19306,469
15,NORMA-21218,470
15,NORMA-20854,471
15,NORMA-13174,472
15,NORMA-21486,473
15,NORMA-18325,474
15,NORMA-10878,475
15,NORMA-19023,476
15,NORMA-21408,477
15,NORMA-18645,478
15,NORMA-21585,479
15,NORMA-20131,480
15,NORMA-8198,481
15,NORMA-5428,482
15,NORMA-21329,483
15,NORMA-22643,484
15,NORMA-18284,485
15,NORMA-18591,486
15,NORMA-21795,487
15,NORMA-10950,488
15,NORMA-6198,489
15,NORMA-19073,490
15,NORMA-19788,491
15,NORMA-20745,492
15,NORMA-6051,493
15,NORMA-12911,494
15,NORMA-19163,495
15,NORMA-18859,496
15,NORMA-19896,497
15,NORMA-19797,498
15,NORMA-21537,499
15,NORMA-19348,500
15,NORMA-18377,501
15,NORMA-19067,502
15,NORMA-18757,503
15,NORMA-18910,504
15,NORMA-20062,505
15,NORMA-10309,506
15,NORMA-19071,507
15,NORMA-21636,508
15,NORMA-19004,509
15,NORMA-4193,510
15,NORMA-24501,511
15,NORMA-20139,512
15,NORMA-20492,513
15,NORMA-6970,514
15,NORMA-14486,515
15,NORMA-20446,516
15,NORMA-20541,517
15,NORMA-18685,518
15,NORMA-18321,519
15,NORMA-21431,520
15,NORMA-19097,521
15,NORMA-15902,522
15,NORMA-4239,523
15,NORMA-19340,524
15,NORMA-18942,525
15,NORMA-19541,526
15,NORMA-15068,527
15,NORMA-20669,528
15,NORMA-12144,529
15,NORMA-14459,530
15,NORMA-18606,531
15,NORMA-19915,532
15,NORMA-12284,533
15,NORMA-18528,534
15,NORMA-19545,535
15,NORMA-20996,536
15,NORMA-6514,537
15,NORMA-13931,538
15,NORMA-20880,539
15,NORMA-21311,540
15,NORMA-13170,541
15,NORMA-19457,542
15,NORMA-19123,543
15,NORMA-21555,544
15,NORMA-6134,545
15,NORMA-25902,546
15,NORMA-24401,547
15,NORMA-20334,548
15,NORMA-19025,549
15,NORMA-20574,550
15,NORMA-20274,551
15,NORMA-23682,552
15,NORMA-21476,553
15,NORMA-18604,554
15,NORMA-18987,555
15,NORMA-3642,556
15,NORMA-18329,557
15,NORMA-18846,558
15,NORMA-18857,559
15,NORMA-18815,560
15,NORMA-9078,561
15,NORMA-21425,562
15,NORMA-22822,563
15,NORMA-20211,564
15,NORMA-5417,565
15,NORMA-18810,566
15,NORMA-18237,567
15,NORMA-2519,568
15,NORMA-21327,569
15,NORMA-5008,570
15,NORMA-19276,571
15,NORMA-18968,572
15,NORMA-14856,573
15,NORMA-15246,574
15,NORMA-21515,575
15,NORMA-20603,576
15,NORMA-15802,577
15,NORMA-5480,578
15,NORMA-2362,579
15,NORMA-21570,580
15,NORMA-19942,581
15,NORMA-19864,582
15,NORMA-6451,583
15,NORMA-8459,584
15,NORMA-18759,585
15,NORMA-19657,586
15,NORMA-21751,587
15,NORMA-1689,588
15,NORMA-11715,589
15,NORMA-9446,590
15,NORMA-13864,591
15,NORMA-4898,592
15,NORMA-11950,593
15,NORMA-21186,594
15,NORMA-20964,595
15,NORMA-5133,596
15,NORMA-985,597
15,NORMA-19902,598
15,NORMA-18714,599
15,NORMA-19452,600
15,NORMA-19402,601
15,NORMA-3910,602
15,NORMA-26281,603
15,NORMA-18679,604
15,NORMA-18362,605
15,NORMA-9893,606
15,NORMA-18225,607
15,NORMA-18764,608
15,NORMA-18470,609
15,NORMA-6022,610
15,NORMA-20924,611
15,NORMA-21669,612
15,NORMA-24641,613
15,NORMA-19549,614
15,NORMA-1092,615
15,NORMA-19024,616
15,NORMA-4310,617
15,NORMA-21608,618
15,NORMA-21206,619
15,NORMA-6846,620
15,NORMA-18726,621
15,NORMA-21434,622
15,NORMA-19503,623
15,NORMA-5312,624
15,NORMA-4820,625
15,NORMA-18466,626
15,NORMA-18732,627
15,NORMA-31903,628
15,NORMA-18704,629
15,NORMA-2020,630
15,NORMA-18841,631
15,NORMA-27341,632
15,NORMA-21780,633
15,NORMA-20977,634
15,NORMA-1485,635
15,NORMA-19273,636
15,NORMA-6965,637
15,NORMA-14965,638
15,NORMA-22861,639
15,NORMA-29301,640
15,NORMA-18272,641
15,NORMA-19781,642
15,NORMA-18291,643
15,NORMA-18803,644
15,NORMA-23061,645
15,NORMA-1555,646
15,NORMA-10034,647
15,NORMA-21480,648
15,NORMA-18712,649
15,NORMA-21082,650
15,NORMA-15081,651
15,NORMA-20436,652
15,NORMA-20444,653
15,NORMA-20868,654
15,NORMA-18774,655
15,NORMA-9960,656
15,NORMA-19648,657
15,NORMA-20263,658
15,NORMA-20630,659
15,NORMA-12715,660
15,NORMA-20087,661
15,NORMA-21728,662
15,NORMA-18702,663
15,NORMA-20286,664
15,NORMA-7230,665
15,NORMA-689,666
15,NORMA-21021,667
15,NORMA-18743,668
15,NORMA-21744,669
15,NORMA-7228,670
15,NORMA-21756,671
15,NORMA-18749,672
15,NORMA-4275,673
15,NORMA-1154,674
15,NORMA-11916,675
15,NORMA-7584,676
15,NORMA-6676,677
15,NORMA-18296,678
15,NORMA-21002,679
15,NORMA-20852,680
15,NORMA-6411,681
15,NORMA-20306,682
15,NORMA-19168,683
15,NORMA-20678,684
15,NORMA-18469,685
15,NORMA-21402,686
15,NORMA-18257,687
15,NORMA-29507,688
15,NORMA-21753,689
15,NORMA-18558,690
15,NORMA-5372,691
15,NORMA-20791,692
15,NORMA-20426,693
15,NORMA-12975,694
15,NORMA-21183,695
15,NORMA-1445,696
15,NORMA-21542,697
15,NORMA-18696,698
15,NORMA-21163,699
15,NORMA-12060,700
15,NORMA-18754,701
15,NORMA-21331,702
15,NORMA-18244,703
15,NORMA-12717,704
15,NORMA-19269,705
15,NORMA-21200,706
15,NORMA-21491,707
15,NORMA-19018,708
15,NORMA-18372,709
15,NORMA-19453,710
15,NORMA-14262,711
15,NORMA-21289,712
15,NORMA-19815,713
15,NORMA-18456,714
15,NORMA-19483,715
15,NORMA-20329,716
15,NORMA-18532,717
15,NORMA-26564,718
15,NORMA-4176,719
15,NORMA-19420,720
15,NORMA-14661,721
15,NORMA-27181,722
15,NORMA-4909,723
15,NORMA-3482,724
15,NORMA-9237,725
15,NORMA-27221,726
15,NORMA-14542,727
15,NORMA-13265,728
15,NORMA-20971,729
15,NORMA-18568,730
15,NORMA-17162,731
15,NORMA-20182,732
15,NORMA-18698,733
15,NORMA-15045,734
15,NORMA-19304,735
15,NORMA-380,736
15,NORMA-19658,737
15,NORMA-18731,738
15,NORMA-14114,739
15,NORMA-18394,740
15,NORMA-21358,741
15,NORMA-21471,742
15,NORMA-18588,743
15,NORMA-19182,744
15,NORMA-5853,745
15,NORMA-18529,746
15,NORMA-29182,747
15,NORMA-18279,748
15,NORMA-19112,749
15,NORMA-19343,750
15,NORMA-21695,751
15,NORMA-19534,752
15,NORMA-21516,753
15,NORMA-21410,754
15,NORMA-12630,755
15,NORMA-9830,756
15,NORMA-4080,757
15,NORMA-27201,758
15,NORMA-18209,759
15,NORMA-21364,760
15,NORMA-21170,761
15,NORMA-18220,762
15,NORMA-24221,763
15,NORMA-8429,764
15,NORMA-19531,765
15,NORMA-29062,766
15,NORMA-18258,767
15,NORMA-5986,768
15,NORMA-18253,769
15,NORMA-29022,770
15,NORMA-21582,771
15,NORMA-18819,772
15,NORMA-26421,773
15,NORMA-18866,774
15,NORMA-18431,775
15,NORMA-19544,776
15,NORMA-18392,777
15,NORMA-6679,778
15,NORMA-9597,779
15,NORMA-18437,780
15,NORMA-12729,781
15,NORMA-26861,782
15,NORMA-20067,783
15,NORMA-20545,784
15,NORMA-23081,785
15,NORMA-19724,786
15,NORMA-18435,787
15,NORMA-25903,788
15,NORMA-20476,789
15,NORMA-10592,790
15,NORMA-19296,791
15,NORMA-18217,792
15,NORMA-18708,793
15,NORMA-18468,794
15,NORMA-5431,795
15,NORMA-19060,796
15,NORMA-6076,797
15,NORMA-17684,798
15,NORMA-19052,799
15,NORMA-10865,800
15,NORMA-9740,801
15,NORMA-19002,802
15,NORMA-12029,803
15,NORMA-18695,804
15,NORMA-27746,805
15,NORMA-19155,806
15,NORMA-10821,807
15,NORMA-18373,808
15,NORMA-19142,809
15,NORMA-4499,810
15,NORMA-13664,811
15,NORMA-18270,812
15,NORMA-1289,813
15,NORMA-20282,814
15,NORMA-19187,815
15,NORMA-21159,816
15,NORMA-19439,817
15,NORMA-6834,818
15,NORMA-9824,819
15,NORMA-21011,820
15,NORMA-20072,821
15,NORMA-6347,822
15,NORMA-18369,823
15,NORMA-4447,824
15,NORMA-9358,825
15,NORMA-15060,826
15,NORMA-18569,827
15,NORMA-9679,828
15,NORMA-18460,829
15,NORMA-20799,830
15,NORMA-21290,831
15,NORMA-10025,832
15,NORMA-7241,833
15,NORMA-18979,834
15,NORMA-18769,835
15,NORMA-19232,836
15,NORMA-20023,837
15,NORMA-11600,838
15,NORMA-18871,839
15,NORMA-20530,840
15,NORMA-19228,841
15,NORMA-25721,842
15,NORMA-20575,843
15,NORMA-18443,844
15,NORMA-21787,845
15,NORMA-5339,846
15,NORMA-20679,847
15,NORMA-18475,848
15,NORMA-21013,849
15,NORMA-11756,850
15,NORMA-19927,851
15,NORMA-5586,852
15,NORMA-4819,853
15,NORMA-21280,854
15,NORMA-21392,855
15,NORMA-6500,856
15,NORMA-20285,857
15,NORMA-18648,858
15,NORMA-21466,859
15,NORMA-20050,860
15,NORMA-6128,861
15,NORMA-9803,862
15,NORMA-10042,863
15,NORMA-19516,864
15,NORMA-18867,865
15,NORMA-20039,866
15,NORMA-21147,867
15,NORMA-19350,868
15,NORMA-19316,869
15,NORMA-23301,870
15,NORMA-4297,871
15,NORMA-21679,872
15,NORMA-19312,873
15,NORMA-6177,874
15,NORMA-20449,875
15,NORMA-3748,876
15,NORMA-18527,877
15,NORMA-13319,878
15,NORMA-10810,879
15,NORMA-19277,880
15,NORMA-4512,881
15,NORMA-12972,882
15,NORMA-19098,883
15,NORMA-20308,884
15,NORMA-20077,885
15,NORMA-19411,886
15,NORMA-21069,887
15,NORMA-19845,888
15,NORMA-19253,889
15,NORMA-21010,890
15,NORMA-19068,891
15,NORMA-19254,892
15,NORMA-10538,893
15,NORMA-7910,894
15,NORMA-6623,895
15,NORMA-5625,896
15,NORMA-19931,897
15,NORMA-8938,898
15,NORMA-19036,899
15,NORMA-7353,900
15,NORMA-19015,901
15,NORMA-6351,902
15,NORMA-19139,903
15,NORMA-18302,904
15,NORMA-20984,905
15,NORMA-11137,906
15,NORMA-24,907
15,NORMA-6880,908
15,NORMA-6720,909
15,NORMA-19104,910
15,NORMA-684,911
15,NORMA-19070,912
15,NORMA-19622,913
15,NORMA-10010,914
15,NORMA-6075,915
15,NORMA-18473,916
15,NORMA-18748,917
15,NORMA-21305,918
15,NORMA-21291,919
15,NORMA-5299,920
15,NORMA-5292,921
15,NORMA-18262,922
15,NORMA-10789,923
15,NORMA-9872,924
15,NORMA-19425,925
15,NORMA-28321,926
15,NORMA-19461,927
15,NORMA-21131,928
15,NORMA-19681,929
15,NORMA-3472,930
15,NORMA-19692,931
15,NORMA-18536,932
15,NORMA-6321,933
15,NORMA-19181,934
15,NORMA-2413,935
15,NORMA-18399,936
15,NORMA-10890,937
15,NORMA-19285,938
15,NORMA-10486,939
15,NORMA-20557,940
15,NORMA-21633,941
15,NORMA-13402,942
15,NORMA-9794,943
15,NORMA-19204,944
15,NORMA-21342,945
15,NORMA-20361,946
15,NORMA-21440,947
15,NORMA-17702,948
15,NORMA-5340,949
15,NORMA-18697,950
15,NORMA-20447,951
15,NORMA-18423,952
15,NORMA-11736,953
15,NORMA-16382,954
15,NORMA-20366,955
15,NORMA-18753,956
15,NORMA-9856,957
15,NORMA-21776,958
15,NORMA-8894,959
15,NORMA-20697,960
15,NORMA-18796,961
15,NORMA-20240,962
15,NORMA-17782,963
15,NORMA-21755,964
15,NORMA-9785,965
15,NORMA-1252,966
15,NORMA-21750,967
15,NORMA-21097,968
15,NORMA-19302,969
15,NORMA-19630,970
15,NORMA-18676,971
15,NORMA-5141,972
15,NORMA-20234,973
15,NORMA-21071,974
15,NORMA-21285,975
15,NORMA-8162,976
15,NORMA-13219,977
15,NORMA-4141,978
15,NORMA-18592,979
15,NORMA-18358,980
15,NORMA-12919,981
15,NORMA-18300,982
15,NORMA-18403,983
15,NORMA-18659,984
15,NORMA-18234,985
15,NORMA-20356,986
15,NORMA-11731,987
15,NORMA-18305,988
15,NORMA-20210,989
15,NORMA-19150,990
15,NORMA-19309,991
15,NORMA-20780,992
15,NORMA-14744,993
15,NORMA-21068,994
15,NORMA-19660,995
15,NORMA-18231,996
15,NORMA-18316,997
15,NORMA-18271,998
15,NORMA-19301,999
15,NORMA-18751,1000
16,NORMA-6968,1
16,NORMA-18910,2
16,NORMA-10298,3
16,NORMA-6176,4
16,NORMA-21344,5
16,NORMA-21638,6
16,NORMA-23101,7
16,NORMA-1445,8
16,NORMA-16424,9
16,NORMA-18102,10
16,NORMA-20936,11
16,NORMA-21703,12
16,NORMA-1114,13
16,NORMA-1248,14
16,NORMA-22862,15
16,NORMA-21269,16
16,NORMA-21402,17
16,NORMA-13402,18
16,NORMA-21409,19
16,NORMA-19000,20
16,NORMA-21141,21
16,NORMA-1164,22
16,NORMA-1374,23
16,NORMA-1192,24
16,NORMA-27161,25
16,NORMA-19961,26
16,NORMA-1470,27
16,NORMA-13990,28
16,NORMA-10018,29
16,NORMA-18673,30
16,NORMA-20790,31
16,NORMA-18994,32
16,NORMA-21748,33
16,NORMA-21706,34
16,NORMA-9705,35
16,NORMA-18211,36
16,NORMA-1296,37
16,NORMA-4322,38
16,NORMA-21649,39
16,NORMA-9855,40
16,NORMA-18996,41
16,NORMA-19303,42
16,NORMA-8158,43
16,NORMA-19622,44
16,NORMA-9446,45
16,NORMA-9936,46
16,NORMA-3589,47
16,NORMA-21075,48
16,NORMA-22461,49
16,NORMA-15167,50
16,NORMA-23361,51
16,NORMA-11443,52
16,NORMA-10247,53
16,NORMA-5372,54
16,NORMA-21617,55
16,NORMA-9794,56
16,NORMA-9740,57
16,NORMA-15071,58
16,NORMA-21274,59
16,NORMA-21280,60
16,NORMA-13610,61
16,NORMA-26861,62
16,NORMA-25903,63
16,NORMA-13746,64
16,NORMA-21497,65
16,NORMA-20703,66
16,NORMA-9737,67
16,NORMA-21285,68
16,NORMA-3484,69
16,NORMA-26564,70
16,NORMA-20964,71
16,NORMA-9493,72
16,NORMA-9715,73
16,NORMA-12490,74
16,NORMA-19467,75
16,NORMA-6736,76
16,NORMA-21187,77
16,NORMA-17702,78
16,NORMA-21669,79
16,NORMA-5552,80
16,NORMA-9078,81
16,NORMA-26565,82
16,NORMA-20613,83
16,NORMA-25205,84
16,NORMA-20963,85
16,NORMA-4583,86
16,NORMA-20893,87
16,NORMA-20712,88
16,NORMA-14828,89
16,NORMA-5792,90
16,NORMA-9999,91
16,NORMA-20138,92
16,NORMA-21709,93
16,NORMA-9856,94
16,NORMA-12911,95
16,NORMA-7910,96
16,NORMA-21526,97
16,NORMA-20632,98
16,NORMA-20629,99
16,NORMA-19982,100
16,NORMA-20073,101
16,NORMA-8206,102
16,NORMA-19278,103
16,NORMA-4736,104
16,NORMA-13795,105
16,NORMA-21470,106
16,NORMA-21056,107
16,NORMA-27201,108
16,NORMA-23181,109
16,NORMA-19241,110
16,NORMA-20284,111
16,NORMA-14547,112
16,NORMA-7387,113
16,NORMA-19444,114
16,NORMA-19972,115
16,NORMA-27365,116
16,NORMA-8162,117
16,NORMA-20248,118
16,NORMA-18754,119
16,NORMA-27181,120
16,NORMA-15339,121
16,NORMA-19623,122
16,NORMA-24221,123
16,NORMA-20888,124
16,NORMA-18962,125
16,NORMA-7818,126
16,NORMA-9375,127
16,NORMA-28461,128
16,NORMA-20694,129
16,NORMA-7993,130
16,NORMA-13797,131
16,NORMA-21420,132
16,NORMA-27364,133
16,NORMA-18999,134
16,NORMA-19636,135
16,NORMA-12303,136
16,NORMA-21535,137
16,NORMA-19553,138
16,NORMA-18227,139
16,NORMA-19979,140
16,NORMA-14744,141
16,NORMA-12437,142
16,NORMA-10565,143
16,NORMA-23081,144
16,NORMA-26421,145
16,NORMA-19426,146
16,NORMA-27044,147
16,NORMA-13308,148
16,NORMA-18627,149
16,NORMA-27688,150
16,NORMA-18741,151
16,NORMA-18699,152
16,NORMA-24842,153
16,NORMA-14746,154
16,NORMA-5492,155
16,NORMA-20291,156
16,NORMA-5751,157
16,NORMA-9738,158
16,NORMA-4786,159
16,NORMA-4396,160
16,NORMA-10610,161
16,NORMA-19705,162
16,NORMA-6685,163
16,NORMA-8706,164
16,NORMA-9803,165
16,NORMA-12415,166
16,NORMA-12923,167
16,NORMA-13124,168
16,NORMA-25203,169
16,NORMA-20702,170
16,NORMA-19027,171
16,NORMA-16147,172
16,NORMA-21554,173
16,NORMA-27942,174
16,NORMA-9861,175
16,NORMA-27746,176
16,NORMA-25524,177
16,NORMA-18451,178
16,NORMA-10116,179
16,NORMA-27403,180
16,NORMA-15396,181
16,NORMA-4413,182
16,NORMA-14987,183
16,NORMA-29764,184
16,NORMA-9739,185
16,NORMA-21282,186
16,NORMA-25941,187
16,NORMA-18021,188
16,NORMA-14813,189
16,NORMA-18584,190
16,NORMA-4804,191
16,NORMA-14390,192
16,NORMA-20646,193
16,NORMA-20845,194
16,NORMA-13664,195
16,NORMA-6789,196
16,NORMA-12500,197
16,NORMA-12733,198
16,NORMA-7616,199
16,NORMA-21045,200
16,NORMA-13789,201
16,NORMA-18677,202
16,NORMA-13685,203
16,NORMA-13470,204
16,NORMA-21283,205
16,NORMA-9455,206
16,NORMA-20058,207
16,NORMA-15643,208
16,NORMA-20591,209
16,NORMA-3821,210
16,NORMA-27081,211
16,NORMA-19780,212
16,NORMA-11584,213
16,NORMA-23761,214
16,NORMA-6184,215
16,NORMA-13127,216
16,NORMA-12965,217
16,NORMA-15105,218
16,NORMA-12613,219
16,NORMA-13476,220
16,NORMA-10331,221
16,NORMA-20582,222
16,NORMA-18767,223
16,NORMA-27605,224
16,NORMA-27901,225
16,NORMA-19844,226
16,NORMA-7502,227
16,NORMA-21281,228
16,NORMA-27421,229
16,NORMA-13918,230
16,NORMA-2483,231
16,NORMA-25204,232
16,NORMA-13514,233
16,NORMA-9890,234
16,NORMA-18753,235
16,NORMA-28043,236
16,NORMA-8205,237
16,NORMA-18970,238
16,NORMA-21381,239
16,NORMA-7846,240
16,NORMA-19592,241
16,NORMA-21277,242
16,NORMA-24823,243
16,NORMA-18528,244
16,NORMA-20704,245
16,NORMA-18675,246
16,NORMA-18886,247
16,NORMA-20730,248
16,NORMA-19448,249
16,NORMA-22921,250
16,NORMA-18997,251
16,NORMA-13390,252
16,NORMA-21392,253
16,NORMA-20990,254
16,NORMA-19072,255
16,NORMA-20713,256
16,NORMA-23543,257
16,NORMA-12347,258
16,NORMA-20924,259
16,NORMA-26886,260
16,NORMA-15081,261
16,NORMA-25141,262
16,NORMA-4182,263
16,NORMA-5781,264
16,NORMA-11085,265
16,NORMA-19323,266
16,NORMA-14951,267
16,NORMA-29185,268
16,NORMA-3662,269
16,NORMA-7329,270
16,NORMA-20285,271
16,NORMA-14457,272
16,NORMA-4003,273
16,NORMA-21580,274
16,NORMA-5496,275
16,NORMA-19782,276
16,NORMA-14294,277
16,NORMA-20729,278
16,NORMA-6451,279
16,NORMA-5380,280
16,NORMA-9892,281
16,NORMA-231,282
16,NORMA-11356,283
16,NORMA-21591,284
16,NORMA-10154,285
16,NORMA-21585,286
16,NORMA-25841,287
16,NORMA-10017,288
16,NORMA-21678,289
16,NORMA-3907,290
16,NORMA-29621,291
16,NORMA-29184,292
16,NORMA-20269,293
16,NORMA-3824,294
16,NORMA-18855,295
16,NORMA-27121,296
16,NORMA-5360,297
16,NORMA-5745,298
16,NORMA-14967,299
16,NORMA-21442,300
16,NORMA-6634,301
16,NORMA-27701,302
16,NORMA-20692,303
16,NORMA-3767,304
16,NORMA-18682,305
16,NORMA-5223,306
16,NORMA-18689,307
16,NORMA-9862,308
16,NORMA-29042,309
16,NORMA-18764,310
16,NORMA-20134,311
16,NORMA-14724,312
16,NORMA-20901,313
16,NORMA-2046,314
16,NORMA-19762,315
16,NORMA-26041,316
16,NORMA-5891,317
16,NORMA-2384,318
16,NORMA-21194,319
16,NORMA-19351,320
16,NORMA-21005,321
16,NORMA-20879,322
16,NORMA-20221,323
16,NORMA-20922,324
16,NORMA-8207,325
16,NORMA-18687,326
16,NORMA-3820,327
16,NORMA-19003,328
16,NORMA-19727,329
16,NORMA-18280,330
16,NORMA-6982,331
16,NORMA-26563,332
16,NORMA-18906,333
16,NORMA-21064,334
16,NORMA-13299,335
16,NORMA-20575,336
16,NORMA-4171,337
16,NORMA-19175,338
16,NORMA-20731,339
16,NORMA-18181,340
16,NORMA-18327,341
16,NORMA-14858,342
16,NORMA-4544,343
16,NORMA-5910,344
16,NORMA-15134,345
16,NORMA-19948,346
16,NORMA-18990,347
16,NORMA-2376,348
16,NORMA-29023,349
16,NORMA-3577,350
16,NORMA-18896,351
16,NORMA-18995,352
16,NORMA-1718,353
16,NORMA-10787,354
16,NORMA-24881,355
16,NORMA-21651,356
16,NORMA-13555,357
16,NORMA-20139,358
16,NORMA-20234,359
16,NORMA-19118,360
16,NORMA-18405,361
16,NORMA-21083,362
16,NORMA-19600,363
16,NORMA-23341,364
16,NORMA-20927,365
16,NORMA-18572,366
16,NORMA-21729,367
16,NORMA-10668,368
16,NORMA-20129,369
16,NORMA-20298,370
16,NORMA-20887,371
16,NORMA-7841,372
16,NORMA-21643,373
16,NORMA-13903,374
16,NORMA-19535,375
16,NORMA-20833,376
16,NORMA-18391,377
16,NORMA-19689,378
16,NORMA-19998,379
16,NORMA-18902,380
16,NORMA-9237,381
16,NORMA-15283,382
16,NORMA-19769,383
16,NORMA-18729,384
16,NORMA-8203,385
16,NORMA-11352,386
16,NORMA-10669,387
16,NORMA-4514,388
16,NORMA-18368,389
16,NORMA-18904,390
16,NORMA-28601,391
16,NORMA-18725,392
16,NORMA-21717,393
16,NORMA-9714,394
16,NORMA-11604,395
16,NORMA-3910,396
16,NORMA-20200,397
16,NORMA-27623,398
16,NORMA-4194,399
16,NORMA-7240,400
16,NORMA-20599,401
16,NORMA-27001,402
16,NORMA-1841,403
16,NORMA-21149,404
16,NORMA-11565,405
16,NORMA-3975,406
16,NORMA-18267,407
16,NORMA-24742,408
16,NORMA-7194,409
16,NORMA-21459,410
16,NORMA-10012,411
16,NORMA-16462,412
16,NORMA-24082,413
16,NORMA-19733,414
16,NORMA-12997,415
16,NORMA-4394,416
16,NORMA-8092,417
16,NORMA-9928,418
16,NORMA-21711,419
16,NORMA-21443,420
16,NORMA-21663,421
16,NORMA-18940,422
16,NORMA-18736,423
16,NORMA-21710,424
16,NORMA-11719,425
16,NORMA-21295,426
16,NORMA-18294,427
16,NORMA-7518,428
16,NORMA-27021,429
16,NORMA-20852,430
16,NORMA-18939,431
16,NORMA-21091,432
16,NORMA-5136,433
16,NORMA-1705,434
16,NORMA-11041,435
16,NORMA-21364,436
16,NORMA-19013,437
16,NORMA-27202,438
16,NORMA-14462,439
16,NORMA-19645,440
16,NORMA-29008,441
16,NORMA-19679,442
16,NORMA-14227,443
16,NORMA-27584,444
16,NORMA-20222,445
16,NORMA-12814,446
16,NORMA-20812,447
16,NORMA-21587,448
16,NORMA-21202,449
16,NORMA-8278,450
16,NORMA-5429,451
16,NORMA-13640,452
16,NORMA-21108,453
16,NORMA-8774,454
16,NORMA-18835,455
16,NORMA-10473,456
16,NORMA-2478,457
16,NORMA-15279,458
16,NORMA-5164,459
16,NORMA-5494,460
16,NORMA-15068,461
16,NORMA-28581,462
16,NORMA-11742,463
16,NORMA-18420,464
16,NORMA-20738,465
16,NORMA-7150,466
16,NORMA-19105,467
16,NORMA-1515,468
16,NORMA-12739,469
16,NORMA-3836,470
16,NORMA-13866,471
16,NORMA-18636,472
16,NORMA-19047,473
16,NORMA-19134,474
16,NORMA-21447,475
16,NORMA-21301,476
16,NORMA-13466,477
16,NORMA-12956,478
16,NORMA-11564,479
16,NORMA-25262,480
16,NORMA-18366,481
16,NORMA-19235,482
16,NORMA-21745,483
16,NORMA-21318,484
16,NORMA-20737,485
16,NORMA-7001,486
16,NORMA-19901,487
16,NORMA-19326,488
16,NORMA-6247,489
16,NORMA-4525,490
16,NORMA-27502,491
16,NORMA-15272,492
16,NORMA-25301,493
16,NORMA-11759,494
16,NORMA-5464,495
16,NORMA-7313,496
16,NORMA-18839,497
16,NORMA-21324,498
16,NORMA-20601,499
16,NORMA-20863,500
16,NORMA-2383,501
16,NORMA-4984,502
16,NORMA-13276,503
16,NORMA-29861,504
16,NORMA-12815,505
16,NORMA-9741,506
16,NORMA-10206,507
16,NORMA-18463,508
16,NORMA-19570,509
16,NORMA-12066,510
16,NORMA-11563,511
16,NORMA-21509,512
16,NORMA-23841,513
16,NORMA-14878,514
16,NORMA-18401,515
16,NORMA-18629,516
16,NORMA-8156,517
16,NORMA-2207,518
16,NORMA-27064,519
16,NORMA-4588,520
16,NORMA-2537,521
16,NORMA-9626,522
16,NORMA-19674,523
16,NORMA-8556,524
16,NORMA-13398,525
16,NORMA-21690,526
16,NORMA-13686,527
16,NORMA-8698,528
16,NORMA-21641,529
16,NORMA-6851,530
16,NORMA-19240,531
16,NORMA-16443,532
16,NORMA-18289,533
16,NORMA-19321,534
16,NORMA-9783,535
16,NORMA-21171,536
16,NORMA-19442,537
16,NORMA-22401,538
16,NORMA-13919,539
16,NORMA-18530,540
16,NORMA-11876,541
16,NORMA-20807,542
16,NORMA-15350,543
16,NORMA-5406,544
16,NORMA-18456,545
16,NORMA-10260,546
16,NORMA-6031,547
16,NORMA-14190,548
16,NORMA-12948,549
16,NORMA-9628,550
16,NORMA-25723,551
16,NORMA-12919,552
16,NORMA-21390,553
16,NORMA-9853,554
16,NORMA-9830,555
16,NORMA-11862,556
16,NORMA-11921,557
16,NORMA-11875,558
16,NORMA-15033,559
16,NORMA-19282,560
16,NORMA-18621,561
16,NORMA-15382,562
16,NORMA-11505,563
16,NORMA-6984,564
16,NORMA-10728,565
16,NORMA-20778,566
16,NORMA-18352,567
16,NORMA-13474,568
16,NORMA-4239,569
16,NORMA-10538,570
16,NORMA-8525,571
16,NORMA-2589,572
16,NORMA-15150,573
16,NORMA-12338,574
16,NORMA-11087,575
16,NORMA-21463,576
16,NORMA-18284,577
16,NORMA-570,578
16,NORMA-21732,579
16,NORMA-21178,580
16,NORMA-9058,581
16,NORMA-5226,582
16,NORMA-4384,583
16,NORMA-20067,584
16,NORMA-1485,585
16,NORMA-18574,586
16,NORMA-4685,587
16,NORMA-15662,588
16,NORMA-14344,589
16,NORMA-14974,590
16,NORMA-19959,591
16,NORMA-10429,592
16,NORMA-18989,593
16,NORMA-29141,594
16,NORMA-13718,595
16,NORMA-5736,596
16,NORMA-21279,597
16,NORMA-21404,598
16,NORMA-19615,599
16,NORMA-21205,600
16,NORMA-11975,601
16,NORMA-20915,602
16,NORMA-14904,603
16,NORMA-7153,604
16,NORMA-20943,605
16,NORMA-28121,606
16,NORMA-27321,607
16,NORMA-24341,608
16,NORMA-14166,609
16,NORMA-13174,610
16,NORMA-3571,611
16,NORMA-29181,612
16,NORMA-6988,613
16,NORMA-6786,614
16,NORMA-14371,615
16,NORMA-14587,616
16,NORMA-20626,617
16,NORMA-11263,618
16,NORMA-4637,619
16,NORMA-10042,620
16,NORMA-21761,621
16,NORMA-11829,622
16,NORMA-9169,623
16,NORMA-8598,624
16,NORMA-20734,625
16,NORMA-29225,626
16,NORMA-5672,627
16,NORMA-21209,628
16,NORMA-28801,629
16,NORMA-2465,630
16,NORMA-11674,631
16,NORMA-20967,632
16,NORMA-18404,633
16,NORMA-24841,634
16,NORMA-27565,635
16,NORMA-20810,636
16,NORMA-20622,637
16,NORMA-20108,638
16,NORMA-4629,639
16,NORMA-5864,640
16,NORMA-9977,641
16,NORMA-27063,642
16,NORMA-21538,643
16,NORMA-18871,644
16,NORMA-19223,645
16,NORMA-12237,646
16,NORMA-18932,647
16,NORMA-13263,648
16,NORMA-14965,649
16,NORMA-21738,650
16,NORMA-1365,651
16,NORMA-14995,652
16,NORMA-13102,653
16,NORMA-21255,654
16,NORMA-5909,655
16,NORMA-5009,656
16,NORMA-11419,657
16,NORMA-19985,658
16,NORMA-19437,659
16,NORMA-12097,660
16,NORMA-8354,661
16,NORMA-4767,662
16,NORMA-11673,663
16,NORMA-20198,664
16,NORMA-14474,665
16,NORMA-23965,666
16,NORMA-12584,667
16,NORMA-11762,668
16,NORMA-5885,669
16,NORMA-18942,670
16,NORMA-14678,671
16,NORMA-5555,672
16,NORMA-6508,673
16,NORMA-20302,674
16,NORMA-14037,675
16,NORMA-13240,676
16,NORMA-28703,677
16,NORMA-21769,678
16,NORMA-10788,679
16,NORMA-18605,680
16,NORMA-19606,681
16,NORMA-12631,682
16,NORMA-13534,683
16,NORMA-26241,684
16,NORMA-9872,685
16,NORMA-4296,686
16,NORMA-20969,687
16,NORMA-6046,688
16,NORMA-9666,689
16,NORMA-19065,690
16,NORMA-18733,691
16,NORMA-8014,692
16,NORMA-10931,693
16,NORMA-4286,694
16,NORMA-24902,695
16,NORMA-5376,696
16,NORMA-14672,697
16,NORMA-3529,698
16,NORMA-18750,699
16,NORMA-18756,700
16,NORMA-21312,701
16,NORMA-8087,702
16,NORMA-4480,703
16,NORMA-14922,704
16,NORMA-19627,705
16,NORMA-5551,706
16,NORMA-4121,707
16,NORMA-21129,708
16,NORMA-20299,709
16,NORMA-11603,710
16,NORMA-19124,711
16,NORMA-21770,712
16,NORMA-14482,713
16,NORMA-11830,714
16,NORMA-11765,715
16,NORMA-21660,716
16,NORMA-14551,717
16,NORMA-11813,718
16,NORMA-13111,719
16,NORMA-5090,720
16,NORMA-28821,721
16,NORMA-21306,722
16,NORMA-21132,723
16,NORMA-5925,724
16,NORMA-14437,725
16,NORMA-5219,726
16,NORMA-4221,727
16,NORMA-9072,728
16,NORMA-3001,729
16,NORMA-19518,730
16,NORMA-18215,731
16,NORMA-21186,732
16,NORMA-19194,733
16,NORMA-2542,734
16,NORMA-21487,735
16,NORMA-7553,736
16,NORMA-9152,737
16,NORMA-10472,738
16,NORMA-19403,739
16,NORMA-21477,740
16,NORMA-772,741
16,NORMA-14856,742
16,NORMA-20727,743
16,NORMA-4492,744
16,NORMA-6226,745
16,NORMA-20707,746
16,NORMA-19629,747
16,NORMA-21575,748
16,NORMA-4512,749
16,NORMA-18460,750
16,NORMA-19182,751
16,NORMA-27564,752
16,NORMA-5566,753
16,NORMA-2470,754
16,NORMA-15185,755
16,NORMA-7223,756
16,NORMA-21407,757
16,NORMA-19909,758
16,NORMA-5335,759
16,NORMA-7583,760
16,NORMA-5210,761
16,NORMA-6802,762
16,NORMA-3552,763
16,NORMA-12987,764
16,NORMA-21394,765
16,NORMA-10843,766
16,NORMA-2588,767
16,NORMA-20227,768
16,NORMA-9610,769
16,NORMA-13230,770
16,NORMA-10039,771
16,NORMA-21013,772
16,NORMA-11601,773
16,NORMA-10140,774
16,NORMA-20890,775
16,NORMA-19691,776
16,NORMA-19280,777
16,NORMA-4620,778
16,NORMA-11901,779
16,NORMA-20815,780
16,NORMA-11464,781
16,NORMA-6480,782
16,NORMA-21586,783
16,NORMA-21793,784
16,NORMA-6975,785
16,NORMA-18626,786
16,NORMA-13914,787
16,NORMA-12017,788
16,NORMA-28086,789
16,NORMA-18869,790
16,NORMA-6278,791
16,NORMA-9698,792
16,NORMA-16441,793
16,NORMA-5712,794
16,NORMA-18559,795
16,NORMA-7389,796
16,NORMA-21264,797
16,NORMA-14725,798
16,NORMA-8871,799
16,NORMA-6164,800
16,NORMA-20939,801
16,NORMA-6749,802
16,NORMA-21753,803
16,NORMA-14501,804
16,NORMA-21128,805
16,NORMA-14298,806
16,NORMA-18314,807
16,NORMA-20273,808
16,NORMA-7921,809
16,NORMA-18271,810
16,NORMA-7494,811
16,NORMA-19525,812
16,NORMA-8771,813
16,NORMA-20491,814
16,NORMA-8091,815
16,NORMA-19749,816
16,NORMA-14056,817
16,NORMA-21590,818
16,NORMA-29655,819
16,NORMA-6782,820
16,NORMA-9889,821
16,NORMA-4318,822
16,NORMA-13591,823
16,NORMA-19191,824
16,NORMA-12307,825
16,NORMA-16402,826
16,NORMA-10999,827
16,NORMA-15251,828
16,NORMA-6049,829
16,NORMA-9552,830
16,NORMA-11569,831
16,NORMA-8557,832
16,NORMA-6599,833
16,NORMA-12235,834
16,NORMA-22741,835
16,NORMA-14097,836
16,NORMA-20199,837
16,NORMA-27581,838
16,NORMA-19526,839
16,NORMA-28663,840
16,NORMA-12247,841
16,NORMA-2503,842
16,NORMA-11932,843
16,NORMA-4046,844
16,NORMA-21578,845
16,NORMA-2385,846
16,NORMA-13627,847
16,NORMA-21208,848
16,NORMA-21743,849
16,NORMA-23541,850
16,NORMA-28583,851
16,NORMA-13856,852
16,NORMA-21566,853
16,NORMA-3901,854
16,NORMA-21666,855
16,NORMA-21131,856
16,NORMA-9848,857
16,NORMA-8010,858
16,NORMA-21336,859
16,NORMA-14361,860
16,NORMA-18670,861
16,NORMA-20297,862
16,NORMA-6512,863
16,NORMA-21637,864
16,NORMA-18269,865
16,NORMA-1662,866
16,NORMA-13848,867
16,NORMA-6392,868
16,NORMA-14117,869
16,NORMA-21449,870
16,NORMA-21781,871
16,NORMA-14197,872
16,NORMA-5814,873
16,NORMA-11768,874
16,NORMA-6062,875
16,NORMA-11946,876
16,NORMA-7303,877
16,NORMA-19925,878
16,NORMA-5905,879
16,NORMA-4520,880
16,NORMA-19246,881
16,NORMA-9847,882
16,NORMA-20235,883
16,NORMA-11108,884
16,NORMA-27569,885
16,NORMA-20060,886
16,NORMA-8442,887
16,NORMA-20802,888
16,NORMA-18775,889
16,NORMA-19835,890
16,NORMA-5184,891
16,NORMA-12816,892
16,NORMA-8088,893
16,NORMA-21062,894
16,NORMA-6762,895
16,NORMA-19088,896
16,NORMA-21044,897
16,NORMA-18870,898
16,NORMA-21151,899
16,NORMA-18878,900
16,NORMA-20761,901
16,NORMA-14510,902
16,NORMA-20524,903
16,NORMA-6884,904
16,NORMA-1303,905
16,NORMA-14101,906
16,NORMA-14607,907
16,NORMA-20286,908
16,NORMA-21794,909
16,NORMA-27301,910
16,NORMA-19616,911
16,NORMA-6595,912
16,NORMA-7609,913
16,NORMA-3556,914
16,NORMA-4630,915
16,NORMA-21065,916
16,NORMA-12504,917
16,NORMA-13641,918
16,NORMA-9407,919
16,NORMA-6719,920
16,NORMA-14038,921
16,NORMA-21393,922
16,NORMA-19228,923
16,NORMA-7646,924
16,NORMA-21630,925
16,NORMA-24905,926
16,NORMA-7308,927
16,NORMA-6788,928
16,NORMA-14718,929
16,NORMA-9103,930
16,NORMA-14560,931
16,NORMA-20864,932
16,NORMA-11517,933
16,NORMA-18969,934
16,NORMA-11151,935
16,NORMA-9234,936
16,NORMA-21170,937
16,NORMA-21050,938
16,NORMA-27562,939
16,NORMA-11716,940
16,NORMA-20926,941
16,NORMA-20113,942
16,NORMA-18121,943
16,NORMA-2157,944
16,NORMA-3810,945
16,NORMA-13406,946
16,NORMA-21049,947
16,NORMA-23621,948
16,NORMA-30724,949
16,NORMA-6145,950
16,NORMA-4139,951
16,NORMA-28523,952
16,NORMA-26804,953
16,NORMA-24885,954
16,NORMA-7625,955
16,NORMA-13952,956
16,NORMA-4533,957
16,NORMA-19698,958
16,NORMA-2490,959
16,NORMA-19495,960
16,NORMA-14654,961
16,NORMA-18681,962
16,NORMA-11799,963
16,NORMA-13991,964
16,NORMA-18691,965
16,NORMA-8236,966
16,NORMA-6056,967
16,NORMA-7845,968
16,NORMA-28466,969
16,NORMA-9708,970
16,NORMA-13208,971
16,NORMA-6766,972
16,NORMA-20771,973
16,NORMA-18793,974
16,NORMA-18722,975
16,NORMA-14742,976
16,NORMA-2399,977
16,NORMA-23941,978
16,NORMA-18685,979
16,NORMA-11836,980
16,NORMA-7994,981
16,NORMA-6399,982
16,NORMA-3985,983
16,NORMA-4561,984
16,NORMA-20249,985
16,NORMA-18968,986
16,NORMA-9618,987
16,NORMA-19440,988
16,NORMA-16442,989
16,NORMA-13665,990
16,NORMA-12770,991
16,NORMA-12677,992
16,NORMA-14355,993
16,NORMA-3951,994
16,NORMA-11520,995
16,NORMA-23721,996
16,NORMA-20583,997
16,NORMA-20951,998
16,NORMA-4640,999
16,NORMA-8160,1000
17,NORMA-21122,1
17,NORMA-20585,2
17,NORMA-19281,3
17,NORMA-20921,4
17,NORMA-18781,5
17,NORMA-20762,6
17,NORMA-21185,7
17,NORMA-20586,8
17,NORMA-10531,9
17,NORMA-20575,10
17,NORMA-13802,11
17,NORMA-21278,12
17,NORMA-10326,13
17,NORMA-15253,14
17,NORMA-20935,15
17,NORMA-21312,16
17,NORMA-18629,17
17,NORMA-14725,18
17,NORMA-20943,19
17,NORMA-21191,20
17,NORMA-21108,21
17,NORMA-20234,22
17,NORMA-21564,23
17,NORMA-20932,24
17,NORMA-8161,25
17,NORMA-21091,26
17,NORMA-18270,27
17,NORMA-13337,28
17,NORMA-13229,29
17,NORMA-14345,30
17,NORMA-18994,31
17,NORMA-18677,32
17,NORMA-12965,33
17,NORMA-7250,34
17,NORMA-13514,35
17,NORMA-3721,36
17,NORMA-20883,37
17,NORMA-13519,38
17,NORMA-12490,39
17,NORMA-20964,40
17,NORMA-21669,41
17,NORMA-11226,42
17,NORMA-8938,43
17,NORMA-15027,44
17,NORMA-12437,45
17,NORMA-19303,46
17,NORMA-6203,47
17,NORMA-3966,48
17,NORMA-20737,49
17,NORMA-14390,50
17,NORMA-20240,51
17,NORMA-19535,52
17,NORMA-16382,53
17,NORMA-13671,54
17,NORMA-21418,55
17,NORMA-21402,56
17,NORMA-21279,57
17,NORMA-3662,58
17,NORMA-19290,59
17,NORMA-14547,60
17,NORMA-4634,61
17,NORMA-18968,62
17,NORMA-22001,63
17,NORMA-5417,64
17,NORMA-5853,65
17,NORMA-4820,66
17,NORMA-18455,67
17,NORMA-10797,68
17,NORMA-20300,69
17,NORMA-14099,70
17,NORMA-14858,71
17,NORMA-18996,72
17,NORMA-21241,73
17,NORMA-10469,74
17,NORMA-18697,75
17,NORMA-21408,76
17,NORMA-10698,77
17,NORMA-19158,78
17,NORMA-15208,79
17,NORMA-14744,80
17,NORMA-21497,81
17,NORMA-14967,82
17,NORMA-17281,83
17,NORMA-15068,84
17,NORMA-5381,85
17,NORMA-18906,86
17,NORMA-20888,87
17,NORMA-21535,88
17,NORMA-13555,89
17,NORMA-13174,90
17,NORMA-19622,91
17,NORMA-9819,92
17,NORMA-5245,93
17,NORMA-13931,94
17,NORMA-14776,95
17,NORMA-18668,96
17,NORMA-19913,97
17,NORMA-23027,98
17,NORMA-27550,99
17,NORMA-8871,100
17,NORMA-19391,101
17,NORMA-8701,102
17,NORMA-21499,103
17,NORMA-12717,104
17,NORMA-21276,105
17,NORMA-23881,106
17,NORMA-21634,107
17,NORMA-21328,108
17,NORMA-755,109
17,NORMA-20936,110
17,NORMA-3735,111
17,NORMA-816,112
17,NORMA-19321,113
17,NORMA-6679,114
17,NORMA-4926,115
17,NORMA-18914,116
17,NORMA-12911,117
17,NORMA-18605,118
17,NORMA-11916,119
17,NORMA-24641,120
17,NORMA-26003,121
17,NORMA-9457,122
17,NORMA-13188,123
17,NORMA-10378,124
17,NORMA-7773,125
17,NORMA-19629,126
17,NORMA-4500,127
17,NORMA-20291,128
17,NORMA-14226,129
17,NORMA-21177,130
17,NORMA-643,131
17,NORMA-19372,132
17,NORMA-9849,133
17,NORMA-21663,134
17,NORMA-18335,135
17,NORMA-18381,136
17,NORMA-19534,137
17,NORMA-15134,138
17,NORMA-18910,139
17,NORMA-19301,140
17,NORMA-14113,141
17,NORMA-12747,142
17,NORMA-8575,143
17,NORMA-214,144
17,NORMA-12066,145
17,NORMA-7315,146
17,NORMA-28802,147
17,NORMA-5431,148
17,NORMA-20963,149
17,NORMA-7948,150
17,NORMA-19942,151
17,NORMA-13903,152
17,NORMA-428,153
17,NORMA-19531,154
17,NORMA-26281,155
17,NORMA-9710,156
17,NORMA-11742,157
17,NORMA-3963,158
17,NORMA-2465,159
17,NORMA-7837,160
17,NORMA-9852,161
17,NORMA-29101,162
17,NORMA-21390,163
17,NORMA-15028,164
17,NORMA-7923,165
17,NORMA-18682,166
17,NORMA-21463,167
17,NORMA-4066,168
17,NORMA-18753,169
17,NORMA-19285,170
17,NORMA-20892,171
17,NORMA-27221,172
17,NORMA-18418,173
17,NORMA-9848,174
17,NORMA-23026,175
17,NORMA-9711,176
17,NORMA-15362,177
17,NORMA-9681,178
17,NORMA-18571,179
17,NORMA-21286,180
17,NORMA-29764,181
17,NORMA-10219,182
17,NORMA-24102,183
17,NORMA-29881,184
17,NORMA-6291,185
17,NORMA-11982,186
17,NORMA-13293,187
17,NORMA-21772,188
17,NORMA-20880,189
17,NORMA-19027,190
17,NORMA-19302,191
17,NORMA-18754,192
17,NORMA-21509,193
17,NORMA-21324,194
17,NORMA-10534,195
17,NORMA-21206,196
17,NORMA-3658,197
17,NORMA-20863,198
17,NORMA-13029,199
17,NORMA-18269,200
17,NORMA-18427,201
17,NORMA-13170,202
17,NORMA-9847,203
17,NORMA-12925,204
17,NORMA-18585,205
17,NORMA-18327,206
17,NORMA-18663,207
17,NORMA-18669,208
17,NORMA-21710,209
17,NORMA-12815,210
17,NORMA-15192,211
17,NORMA-14587,212
17,NORMA-14974,213
17,NORMA-5958,214
17,NORMA-19060,215
17,NORMA-12858,216
17,NORMA-21562,217
17,NORMA-20697,218
17,NORMA-12762,219
17,NORMA-14501,220
17,NORMA-7097,221
17,NORMA-27403,222
17,NORMA-7501,223
17,NORMA-7233,224
17,NORMA-745,225
17,NORMA-5751,226
17,NORMA-9303,227
17,NORMA-20562,228
17,NORMA-9305,229
17,NORMA-10931,230
17,NORMA-19444,231
17,NORMA-20237,232
17,NORMA-19545,233
17,NORMA-2233,234
17,NORMA-14379,235
17,NORMA-11505,236
17,NORMA-10812,237
17,NORMA-5800,238
17,NORMA-13240,239
17,NORMA-23721,240
17,NORMA-19000,241
17,NORMA-567,242
17,NORMA-15427,243
17,NORMA-18650,244
17,NORMA-21171,245
17,NORMA-9375,246
17,NORMA-13745,247
17,NORMA-20601,248
17,NORMA-12816,249
17,NORMA-12973,250
17,NORMA-19508,251
17,NORMA-10472,252
17,NORMA-21660,253
17,NORMA-18726,254
17,NORMA-15096,255
17,NORMA-9793,256
17,NORMA-5252,257
17,NORMA-10657,258
17,NORMA-18769,259
17,NORMA-13003,260
17,NORMA-22643,261
17,NORMA-21526,262
17,NORMA-9302,263
17,NORMA-9928,264
17,NORMA-15465,265
17,NORMA-180,266
17,NORMA-19512,267
17,NORMA-18215,268
17,NORMA-5170,269
17,NORMA-22441,270
17,NORMA-9803,271
17,NORMA-19282,272
17,NORMA-9713,273
17,NORMA-16224,274
17,NORMA-14633,275
17,NORMA-22721,276
17,NORMA-18386,277
17,NORMA-13995,278
17,NORMA-21616,279
17,NORMA-4792,280
17,NORMA-10347,281
17,NORMA-6326,282
17,NORMA-14209,283
17,NORMA-21331,284
17,NORMA-18679,285
17,NORMA-6562,286
17,NORMA-23982,287
17,NORMA-14304,288
17,NORMA-12771,289
17,NORMA-10590,290
17,NORMA-14155,291
17,NORMA-19704,292
17,NORMA-23341,293
17,NORMA-18813,294
17,NORMA-14150,295
17,NORMA-9324,296
17,NORMA-12328,297
17,NORMA-19542,298
17,NORMA-10141,299
17,NORMA-14508,300
17,NORMA-8188,301
17,NORMA-20222,302
17,NORMA-1260,303
17,NORMA-616,304
17,NORMA-10623,305
17,NORMA-10745,306
17,NORMA-461,307
17,NORMA-20893,308
17,NORMA-3823,309
17,NORMA-18987,310
17,NORMA-6521,311
17,NORMA-19685,312
17,NORMA-19003,313
17,NORMA-21480,314
17,NORMA-4710,315
17,NORMA-19264,316
17,NORMA-6720,317
17,NORMA-20734,318
17,NORMA-11946,319
17,NORMA-25964,320
17,NORMA-11637,321
17,NORMA-15802,322
17,NORMA-11300,323
17,NORMA-13394,324
17,NORMA-11901,325
17,NORMA-9304,326
17,NORMA-21075,327
17,NORMA-19319,328
17,NORMA-4052,329
17,NORMA-9477,330
17,NORMA-19245,331
17,NORMA-13751,332
17,NORMA-18280,333
17,NORMA-7841,334
17,NORMA-13674,335
17,NORMA-20799,336
17,NORMA-10821,337
17,NORMA-7326,338
17,NORMA-12898,339
17,NORMA-2475,340
17,NORMA-28221,341
17,NORMA-9036,342
17,NORMA-20890,343
17,NORMA-18691,344
17,NORMA-21738,345
17,NORMA-13711,346
17,NORMA-14829,347
17,NORMA-20188,348
17,NORMA-14271,349
17,NORMA-3589,350
17,NORMA-11932,351
17,NORMA-12770,352
17,NORMA-21387,353
17,NORMA-12764,354
17,NORMA-6716,355
17,NORMA-18431,356
17,NORMA-19254,357
17,NORMA-11931,358
17,NORMA-20694,359
17,NORMA-9401,360
17,NORMA-18264,361
17,NORMA-16023,362
17,NORMA-20274,363
17,NORMA-18722,364
17,NORMA-26163,365
17,NORMA-19529,366
17,NORMA-7351,367
17,NORMA-9404,368
17,NORMA-21112,369
17,NORMA-7155,370
17,NORMA-1410,371
17,NORMA-21002,372
17,NORMA-12065,373
17,NORMA-6199,374
17,NORMA-9128,375
17,NORMA-21773,376
17,NORMA-7150,377
17,NORMA-10839,378
17,NORMA-27687,379
17,NORMA-21635,380
17,NORMA-10249,381
17,NORMA-5396,382
17,NORMA-16445,383
17,NORMA-22861,384
17,NORMA-21743,385
17,NORMA-15045,386
17,NORMA-12857,387
17,NORMA-1445,388
17,NORMA-13365,389
17,NORMA-13265,390
17,NORMA-14936,391
17,NORMA-10271,392
17,NORMA-21701,393
17,NORMA-12906,394
17,NORMA-12817,395
17,NORMA-6456,396
17,NORMA-18320,397
17,NORMA-9067,398
17,NORMA-15366,399
17,NORMA-19073,400
17,NORMA-9147,401
17,NORMA-19467,402
17,NORMA-13259,403
17,NORMA-8143,404
17,NORMA-10753,405
17,NORMA-6415,406
17,NORMA-6769,407
17,NORMA-10878,408
17,NORMA-21690,409
17,NORMA-20230,410
17,NORMA-18122,411
17,NORMA-14542,412
17,NORMA-19610,413
17,NORMA-6046,414
17,NORMA-18530,415
17,NORMA-18272,416
17,NORMA-11163,417
17,NORMA-16446,418
17,NORMA-15364,419
17,NORMA-19657,420
17,NORMA-14857,421
17,NORMA-18636,422
17,NORMA-19330,423
17,NORMA-18338,424
17,NORMA-2470,425
17,NORMA-13804,426
17,NORMA-21342,427
17,NORMA-18814,428
17,NORMA-21277,429
17,NORMA-12972,430
17,NORMA-3979,431
17,NORMA-11706,432
17,NORMA-12630,433
17,NORMA-8657,434
17,NORMA-19396,435
17,NORMA-11981,436
17,NORMA-5243,437
17,NORMA-3551,438
17,NORMA-18296,439
17,NORMA-18859,440
17,NORMA-15311,441
17,NORMA-7620,442
17,NORMA-18314,443
17,NORMA-1976,444
17,NORMA-19925,445
17,NORMA-14041,446
17,NORMA-2181,447
17,NORMA-6314,448
17,NORMA-1515,449
17,NORMA-21192,450
17,NORMA-19548,451
17,NORMA-18843,452
17,NORMA-4322,453
17,NORMA-9237,454
17,NORMA-19543,455
17,NORMA-19192,456
17,NORMA-18878,457
17,NORMA-20790,458
17,NORMA-8027,459
17,NORMA-21291,460
17,NORMA-20894,461
17,NORMA-15187,462
17,NORMA-13238,463
17,NORMA-10724,464
17,NORMA-9482,465
17,NORMA-18535,466
17,NORMA-18422,467
17,NORMA-8415,468
17,NORMA-689,469
17,NORMA-21130,470
17,NORMA-13447,471
17,NORMA-9741,472
17,NORMA-19670,473
17,NORMA-28402,474
17,NORMA-14998,475
17,NORMA-18467,476
17,NORMA-21516,477
17,NORMA-19002,478
17,NORMA-8160,479
17,NORMA-10428,480
17,NORMA-19722,481
17,NORMA-11983,482
17,NORMA-15722,483
17,NORMA-15071,484
17,NORMA-19437,485
17,NORMA-18829,486
17,NORMA-8192,487
17,NORMA-12645,488
17,NORMA-19939,489
17,NORMA-19105,490
17,NORMA-18864,491
17,NORMA-11993,492
17,NORMA-18741,493
17,NORMA-18801,494
17,NORMA-20845,495
17,NORMA-7507,496
17,NORMA-20196,497
17,NORMA-21485,498
17,NORMA-21707,499
17,NORMA-11306,500
17,NORMA-21141,501
17,NORMA-18211,502
17,NORMA-10140,503
17,NORMA-4330,504
17,NORMA-13233,505
17,NORMA-20481,506
17,NORMA-22026,507
17,NORMA-10270,508
17,NORMA-18209,509
17,NORMA-13520,510
17,NORMA-21631,511
17,NORMA-9975,512
17,NORMA-18678,513
17,NORMA-20363,514
17,NORMA-6851,515
17,NORMA-18380,516
17,NORMA-19526,517
17,NORMA-7442,518
17,NORMA-4544,519
17,NORMA-18990,520
17,NORMA-19248,521
17,NORMA-18747,522
17,NORMA-21389,523
17,NORMA-21140,524
17,NORMA-13814,525
17,NORMA-14561,526
17,NORMA-23682,527
17,NORMA-13235,528
17,NORMA-317,529
17,NORMA-7159,530
17,NORMA-576,531
17,NORMA-21059,532
17,NORMA-18284,533
17,NORMA-4848,534
17,NORMA-10053,535
17,NORMA-18653,536
17,NORMA-20458,537
17,NORMA-1571,538
17,NORMA-15067,539
17,NORMA-19544,540
17,NORMA-21481,541
17,NORMA-13023,542
17,NORMA-19223,543
17,NORMA-12178,544
17,NORMA-13222,545
17,NORMA-20267,546
17,NORMA-20924,547
17,NORMA-18671,548
17,NORMA-19660,549
17,NORMA-21771,550
17,NORMA-27583,551
17,NORMA-15012,552
17,NORMA-20201,553
17,NORMA-9500,554
17,NORMA-15984,555
17,NORMA-18491,556
17,NORMA-18626,557
17,NORMA-13607,558
17,NORMA-18745,559
17,NORMA-19191,560
17,NORMA-19168,561
17,NORMA-12194,562
17,NORMA-18527,563
17,NORMA-19008,564
17,NORMA-21423,565
17,NORMA-19134,566
17,NORMA-20133,567
17,NORMA-13056,568
17,NORMA-18705,569
17,NORMA-13678,570
17,NORMA-15205,571
17,NORMA-8090,572
17,NORMA-20360,573
17,NORMA-17141,574
17,NORMA-13633,575
17,NORMA-2388,576
17,NORMA-10758,577
17,NORMA-14590,578
17,NORMA-13920,579
17,NORMA-9355,580
17,NORMA-12484,581
17,NORMA-18294,582
17,NORMA-14659,583
17,NORMA-20996,584
17,NORMA-23681,585
17,NORMA-9351,586
17,NORMA-4830,587
17,NORMA-12332,588
17,NORMA-18379,589
17,NORMA-19273,590
17,NORMA-10749,591
17,NORMA-2495,592
17,NORMA-14095,593
17,NORMA-12674,594
17,NORMA-15961,595
17,NORMA-20341,596
17,NORMA-24122,597
17,NORMA-20375,598
17,NORMA-14145,599
17,NORMA-18628,600
17,NORMA-18408,601
17,NORMA-9081,602
17,NORMA-23301,603
17,NORMA-19727,604
17,NORMA-18441,605
17,NORMA-8990,606
17,NORMA-14380,607
17,NORMA-18348,608
17,NORMA-19071,609
17,NORMA-20406,610
17,NORMA-19566,611
17,NORMA-20533,612
17,NORMA-19674,613
17,NORMA-5223,614
17,NORMA-18708,615
17,NORMA-18704,616
17,NORMA-6975,617
17,NORMA-21477,618
17,NORMA-27549,619
17,NORMA-19276,620
17,NORMA-21782,621
17,NORMA-8989,622
17,NORMA-11321,623
17,NORMA-13546,624
17,NORMA-18685,625
17,NORMA-10987,626
17,NORMA-9783,627
17,NORMA-19494,628
17,NORMA-15015,629
17,NORMA-20727,630
17,NORMA-12975,631
17,NORMA-13990,632
17,NORMA-21013,633
17,NORMA-18965,634
17,NORMA-12458,635
17,NORMA-15283,636
17,NORMA-19112,637
17,NORMA-18392,638
17,NORMA-1155,639
17,NORMA-10006,640
17,NORMA-15113,641
17,NORMA-19702,642
17,NORMA-6250,643
17,NORMA-13900,644
17,NORMA-15239,645
17,NORMA-21554,646
17,NORMA-14185,647
17,NORMA-11030,648
17,NORMA-14816,649
17,NORMA-20383,650
17,NORMA-18273,651
17,NORMA-19415,652
17,NORMA-18767,653
17,NORMA-18591,654
17,NORMA-10214,655
17,NORMA-9846,656
17,NORMA-21068,657
17,NORMA-16403,658
17,NORMA-10865,659
17,NORMA-16462,660
17,NORMA-2589,661
17,NORMA-18700,662
17,NORMA-18330,663
17,NORMA-18221,664
17,NORMA-20302,665
17,NORMA-8186,666
17,NORMA-19210,667
17,NORMA-13322,668
17,NORMA-12009,669
17,NORMA-11451,670
17,NORMA-36,671
17,NORMA-12214,672
17,NORMA-18368,673
17,NORMA-13213,674
17,NORMA-11994,675
17,NORMA-6753,676
17,NORMA-12691,677
17,NORMA-14668,678
17,NORMA-21332,679
17,NORMA-19329,680
17,NORMA-18415,681
17,NORMA-12483,682
17,NORMA-18737,683
17,NORMA-11292,684
17,NORMA-14783,685
17,NORMA-14033,686
17,NORMA-18574,687
17,NORMA-20998,688
17,NORMA-14637,689
17,NORMA-1552,690
17,NORMA-2413,691
17,NORMA-19124,692
17,NORMA-9986,693
17,NORMA-8995,694
17,NORMA-10094,695
17,NORMA-19275,696
17,NORMA-20507,697
17,NORMA-20397,698
17,NORMA-12307,699
17,NORMA-9635,700
17,NORMA-3732,701
17,NORMA-18839,702
17,NORMA-21709,703
17,NORMA-3725,704
17,NORMA-20129,705
17,NORMA-7808,706
17,NORMA-21187,707
17,NORMA-9434,708
17,NORMA-11934,709
17,NORMA-18614,710
17,NORMA-19047,711
17,NORMA-11701,712
17,NORMA-6789,713
17,NORMA-14347,714
17,NORMA-12908,715
17,NORMA-21147,716
17,NORMA-7616,717
17,NORMA-9983,718
17,NORMA-5537,719
17,NORMA-8972,720
17,NORMA-11263,721
17,NORMA-19654,722
17,NORMA-5986,723
17,NORMA-19733,724
17,NORMA-14299,725
17,NORMA-12495,726
17,NORMA-6213,727
17,NORMA-20731,728
17,NORMA-7843,729
17,NORMA-19126,730
17,NORMA-10128,731
17,NORMA-20316,732
17,NORMA-19402,733
17,NORMA-19240,734
17,NORMA-11144,735
17,NORMA-10513,736
17,NORMA-20833,737
17,NORMA-20228,738
17,NORMA-5831,739
17,NORMA-6674,740
17,NORMA-3978,741
17,NORMA-18401,742
17,NORMA-12253,743
17,NORMA-8014,744
17,NORMA-10376,745
17,NORMA-1776,746
17,NORMA-18371,747
17,NORMA-21717,748
17,NORMA-19477,749
17,NORMA-11921,750
17,NORMA-13368,751
17,NORMA-2105,752
17,NORMA-5915,753
17,NORMA-22422,754
17,NORMA-799,755
17,NORMA-11759,756
17,NORMA-7844,757
17,NORMA-21716,758
17,NORMA-19154,759
17,NORMA-16481,760
17,NORMA-19780,761
17,NORMA-5697,762
17,NORMA-9370,763
17,NORMA-10221,764
17,NORMA-9854,765
17,NORMA-11100,766
17,NORMA-7026,767
17,NORMA-14055,768
17,NORMA-21295,769
17,NORMA-12487,770
17,NORMA-21425,771
17,NORMA-1090,772
17,NORMA-11988,773
17,NORMA-18972,774
17,NORMA-8307,775
17,NORMA-464,776
17,NORMA-9035,777
17,NORMA-15259,778
17,NORMA-11276,779
17,NORMA-18749,780
17,NORMA-1295,781
17,NORMA-13595,782
17,NORMA-9810,783
17,NORMA-7384,784
17,NORMA-21549,785
17,NORMA-15173,786
17,NORMA-3777,787
17,NORMA-21459,788
17,NORMA-5672,789
17,NORMA-19024,790
17,NORMA-18758,791
17,NORMA-20979,792
17,NORMA-18867,793
17,NORMA-19251,794
17,NORMA-9358,795
17,NORMA-1585,796
17,NORMA-9208,797
17,NORMA-8799,798
17,NORMA-19423,799
17,NORMA-21009,800
17,NORMA-12354,801
17,NORMA-3181,802
17,NORMA-18298,803
17,NORMA-18456,804
17,NORMA-18291,805
17,NORMA-12997,806
17,NORMA-21433,807
17,NORMA-20472,808
17,NORMA-20138,809
17,NORMA-1114,810
17,NORMA-13589,811
17,NORMA-2120,812
17,NORMA-8969,813
17,NORMA-1470,814
17,NORMA-8114,815
17,NORMA-21693,816
17,NORMA-6446,817
17,NORMA-28223,818
17,NORMA-19349,819
17,NORMA-18419,820
17,NORMA-14305,821
17,NORMA-18337,822
17,NORMA-6662,823
17,NORMA-21729,824
17,NORMA-15098,825
17,NORMA-8429,826
17,NORMA-16424,827
17,NORMA-19137,828
17,NORMA-19141,829
17,NORMA-1597,830
17,NORMA-21585,831
17,NORMA-18815,832
17,NORMA-19734,833
17,NORMA-21744,834
17,NORMA-8590,835
17,NORMA-18378,836
17,NORMA-21640,837
17,NORMA-21400,838
17,NORMA-20712,839
17,NORMA-14777,840
17,NORMA-13005,841
17,NORMA-6204,842
17,NORMA-18391,843
17,NORMA-11678,844
17,NORMA-19335,845
17,NORMA-21774,846
17,NORMA-14445,847
17,NORMA-18596,848
17,NORMA-12718,849
17,NORMA-18821,850
17,NORMA-20599,851
17,NORMA-7928,852
17,NORMA-856,853
17,NORMA-21981,854
17,NORMA-9313,855
17,NORMA-13709,856
17,NORMA-10338,857
17,NORMA-3839,858
17,NORMA-11031,859
17,NORMA-7447,860
17,NORMA-27503,861
17,NORMA-19015,862
17,NORMA-19447,863
17,NORMA-7157,864
17,NORMA-14753,865
17,NORMA-937,866
17,NORMA-11415,867
17,NORMA-9853,868
17,NORMA-11584,869
17,NORMA-14377,870
17,NORMA-13127,871
17,NORMA-10814,872
17,NORMA-15200,873
17,NORMA-14641,874
17,NORMA-13186,875
17,NORMA-18266,876
17,NORMA-19012,877
17,NORMA-19710,878
17,NORMA-1455,879
17,NORMA-29301,880
17,NORMA-12442,881
17,NORMA-19550,882
17,NORMA-20626,883
17,NORMA-923,884
17,NORMA-5910,885
17,NORMA-12412,886
17,NORMA-19705,887
17,NORMA-10945,888
17,NORMA-3942,889
17,NORMA-19420,890
17,NORMA-9221,891
17,NORMA-12832,892
17,NORMA-11984,893
17,NORMA-14370,894
17,NORMA-13221,895
17,NORMA-9978,896
17,NORMA-19304,897
17,NORMA-1447,898
17,NORMA-19503,899
17,NORMA-11201,900
17,NORMA-12010,901
17,NORMA-20365,902
17,NORMA-19318,903
17,NORMA-9785,904
17,NORMA-10733,905
17,NORMA-19278,906
17,NORMA-12383,907
17,NORMA-6380,908
17,NORMA-11257,909
17,NORMA-13510,910
17,NORMA-21146,911
17,NORMA-26261,912
17,NORMA-12068,913
17,NORMA-14709,914
17,NORMA-13340,915
17,NORMA-941,916
17,NORMA-5626,917
17,NORMA-19217,918
17,NORMA-7382,919
17,NORMA-14031,920
17,NORMA-19692,921
17,NORMA-21281,922
17,NORMA-11069,923
17,NORMA-6329,924
17,NORMA-21492,925
17,NORMA-3734,926
17,NORMA-15186,927
17,NORMA-12029,928
17,NORMA-4984,929
17,NORMA-21123,930
17,NORMA-5613,931
17,NORMA-11605,932
17,NORMA-8224,933
17,NORMA-15022,934
17,NORMA-6034,935
17,NORMA-2035,936
17,NORMA-21578,937
17,NORMA-27554,938
17,NORMA-14711,939
17,NORMA-19298,940
17,NORMA-919,941
17,NORMA-9765,942
17,NORMA-9503,943
17,NORMA-21711,944
17,NORMA-10123,945
17,NORMA-17781,946
17,NORMA-20897,947
17,NORMA-11084,948
17,NORMA-1380,949
17,NORMA-7818,950
17,NORMA-12639,951
17,NORMA-19553,952
17,NORMA-9704,953
17,NORMA-9430,954
17,NORMA-11658,955
17,NORMA-19691,956
17,NORMA-2076,957
17,NORMA-19296,958
17,NORMA-14758,959
17,NORMA-19239,960
17,NORMA-18358,961
17,NORMA-19097,962
17,NORMA-20399,963
17,NORMA-20350,964
17,NORMA-19090,965
17,NORMA-6708,966
17,NORMA-22461,967
17,NORMA-249,968
17,NORMA-13629,969
17,NORMA-7325,970
17,NORMA-18989,971
17,NORMA-21082,972
17,NORMA-18872,973
17,NORMA-11452,974
17,NORMA-25942,975
17,NORMA-9740,976
17,NORMA-9888,977
17,NORMA-8478,978
17,NORMA-19260,979
17,NORMA-14476,980
17,NORMA-917,981
17,NORMA-8095,982
17,NORMA-18513,983
17,NORMA-21109,984
17,NORMA-20795,985
17,NORMA-10984,986
17,NORMA-14917,987
17,NORMA-10246,988
17,NORMA-7399,989
17,NORMA-7842,990
17,NORMA-17462,991
17,NORMA-13762,992
17,NORMA-13303,993
17,NORMA-21148,994
17,NORMA-13306,995
17,NORMA-19844,996
17,NORMA-24687,997
17,NORMA-19078,998
17,NORMA-9957,999
17,NORMA-7940,1000
18,NORMA-21116,1
18,NORMA-18419,2
18,NORMA-20718,3
18,NORMA-21054,4
18,NORMA-19263,5
18,NORMA-20981,6
18,NORMA-21602,7
18,NORMA-21577,8
18,NORMA-25122,9
18,NORMA-21287,10
18,NORMA-18849,11
18,NORMA-21557,12
18,NORMA-19360,13
18,NORMA-19487,14
18,NORMA-18792,15
18,NORMA-18488,16
18,NORMA-18310,17
18,NORMA-19157,18
18,NORMA-18739,19
18,NORMA-20530,20
18,NORMA-18613,21
18,NORMA-21354,22
18,NORMA-20806,23
18,NORMA-19053,24
18,NORMA-18512,25
18,NORMA-19708,26
18,NORMA-18956,27
18,NORMA-21687,28
18,NORMA-12820,29
18,NORMA-11584,30
18,NORMA-19875,31
18,NORMA-21623,32
18,NORMA-22861,33
18,NORMA-14987,34
18,NORMA-21716,35
18,NORMA-18917,36
18,NORMA-20340,37
18,NORMA-20408,38
18,NORMA-18629,39
18,NORMA-3942,40
18,NORMA-22461,41
18,NORMA-21767,42
18,NORMA-10749,43
18,NORMA-29101,44
18,NORMA-15071,45
18,NORMA-5681,46
18,NORMA-20042,47
18,NORMA-20321,48
18,NORMA-15253,49
18,NORMA-21636,50
18,NORMA-21459,51
18,NORMA-14547,52
18,NORMA-689,53
18,NORMA-21185,54
18,NORMA-19403,55
18,NORMA-19830,56
18,NORMA-21463,57
18,NORMA-20334,58
18,NORMA-14271,59
18,NORMA-18255,60
18,NORMA-18632,61
18,NORMA-20554,62
18,NORMA-14304,63
18,NORMA-21418,64
18,NORMA-20339,65
18,NORMA-21408,66
18,NORMA-21751,67
18,NORMA-10459,68
18,NORMA-19391,69
18,NORMA-6370,70
18,NORMA-20329,71
18,NORMA-21366,72
18,NORMA-21795,73
18,NORMA-19519,74
18,NORMA-21693,75
18,NORMA-15283,76
18,NORMA-19788,77
18,NORMA-14055,78
18,NORMA-20549,79
18,NORMA-13706,80
18,NORMA-25082,81
18,NORMA-15029,82
18,NORMA-18605,83
18,NORMA-19548,84
18,NORMA-20993,85
18,NORMA-18331,86
18,NORMA-11692,87
18,NORMA-20955,88
18,NORMA-25621,89
18,NORMA-22643,90
18,NORMA-14597,91
18,NORMA-21797,92
18,NORMA-16023,93
18,NORMA-14041,94
18,NORMA-19407,95
18,NORMA-21011,96
18,NORMA-12066,97
18,NORMA-20507,98
18,NORMA-21312,99
18,NORMA-21771,100
18,NORMA-9959,101
18,NORMA-6170,102
18,NORMA-24501,103
18,NORMA-22262,104
18,NORMA-20799,105
18,NORMA-13718,106
18,NORMA-19423,107
18,NORMA-20696,108
18,NORMA-19529,109
18,NORMA-27203,110
18,NORMA-18212,111
18,NORMA-4194,112
18,NORMA-22661,113
18,NORMA-19780,114
18,NORMA-20314,115
18,NORMA-21278,116
18,NORMA-24742,117
18,NORMA-19281,118
18,NORMA-19414,119
18,NORMA-21580,120
18,NORMA-19158,121
18,NORMA-23862,122
18,NORMA-6448,123
18,NORMA-21548,124
18,NORMA-18562,125
18,NORMA-20442,126
18,NORMA-13864,127
18,NORMA-29301,128
18,NORMA-21707,129
18,NORMA-21601,130
18,NORMA-20210,131
18,NORMA-9493,132
18,NORMA-14118,133
18,NORMA-21676,134
18,NORMA-19642,135
18,NORMA-15311,136
18,NORMA-25101,137
18,NORMA-21010,138
18,NORMA-21554,139
18,NORMA-15722,140
18,NORMA-19733,141
18,NORMA-25721,142
18,NORMA-19276,143
18,NORMA-20205,144
18,NORMA-16382,145
18,NORMA-9960,146
18,NORMA-23061,147
18,NORMA-11370,148
18,NORMA-10550,149
18,NORMA-10562,150
18,NORMA-10699,151
18,NORMA-21551,152
18,NORMA-25761,153
18,NORMA-18829,154
18,NORMA-8939,155
18,NORMA-21122,156
18,NORMA-19725,157
18,NORMA-19273,158
18,NORMA-19191,159
18,NORMA-19127,160
18,NORMA-18269,161
18,NORMA-26123,162
18,NORMA-27661,163
18,NORMA-18381,164
18,NORMA-27501,165
18,NORMA-22241,166
18,NORMA-25121,167
18,NORMA-25682,168
18,NORMA-21402,169
18,NORMA-22723,170
18,NORMA-18327,171
18,NORMA-21780,172
18,NORMA-19727,173
18,NORMA-21491,174
18,NORMA-20459,175
18,NORMA-21435,176
18,NORMA-19781,177
18,NORMA-10967,178
18,NORMA-21311,179
18,NORMA-21329,180
18,NORMA-26281,181
18,NORMA-27502,182
18,NORMA-20631,183
18,NORMA-29283,184
18,NORMA-21597,185
18,NORMA-18314,186
18,NORMA-21604,187
18,NORMA-20131,188
18,NORMA-19251,189
18,NORMA-21576,190
18,NORMA-8459,191
18,NORMA-20234,192
18,NORMA-25802,193
18,NORMA-22822,194
18,NORMA-21421,195
18,NORMA-13755,196
18,NORMA-20332,197
18,NORMA-6126,198
18,NORMA-20780,199
18,NORMA-19541,200
18,NORMA-18569,201
18,NORMA-28841,202
18,NORMA-21582,203
18,NORMA-20172,204
18,NORMA-28402,205
18,NORMA-20368,206
18,NORMA-21616,207
18,NORMA-16462,208
18,NORMA-21497,209
18,NORMA-20692,210
18,NORMA-21279,211
18,NORMA-2414,212
18,NORMA-361,213
18,NORMA-18596,214
18,NORMA-19692,215
18,NORMA-26885,216
18,NORMA-18209,217
18,NORMA-21565,218
18,NORMA-12065,219
18,NORMA-26163,220
18,NORMA-21222,221
18,NORMA-25821,222
18,NORMA-18448,223
18,NORMA-24061,224
18,NORMA-21542,225
18,NORMA-21433,226
18,NORMA-19253,227
18,NORMA-19166,228
18,NORMA-21692,229
18,NORMA-4141,230
18,NORMA-18568,231
18,NORMA-27081,232
18,NORMA-4221,233
18,NORMA-18776,234
18,NORMA-19296,235
18,NORMA-21717,236
18,NORMA-28822,237
18,NORMA-20351,238
18,NORMA-21358,239
18,NORMA-21570,240
18,NORMA-3828,241
18,NORMA-19915,242
18,NORMA-11311,243
18,NORMA-20342,244
18,NORMA-19782,245
18,NORMA-21605,246
18,NORMA-18645,247
18,NORMA-27981,248
18,NORMA-23301,249
18,NORMA-13221,250
18,NORMA-18437,251
18,NORMA-19340,252
18,NORMA-21327,253
18,NORMA-21250,254
18,NORMA-14590,255
18,NORMA-21773,256
18,NORMA-18415,257
18,NORMA-19450,258
18,NORMA-13216,259
18,NORMA-14629,260
18,NORMA-19815,261
18,NORMA-25524,262
18,NORMA-21630,263
18,NORMA-28584,264
18,NORMA-20181,265
18,NORMA-19277,266
18,NORMA-21331,267
18,NORMA-20188,268
18,NORMA-5312,269
18,NORMA-21146,270
18,NORMA-19079,271
18,NORMA-15251,272
18,NORMA-3573,273
18,NORMA-25202,274
18,NORMA-18961,275
18,NORMA-21724,276
18,NORMA-21640,277
18,NORMA-19709,278
18,NORMA-18875,279
18,NORMA-28762,280
18,NORMA-21362,281
18,NORMA-18781,282
18,NORMA-4193,283
18,NORMA-18305,284
18,NORMA-20556,285
18,NORMA-8269,286
18,NORMA-28201,287
18,NORMA-21614,288
18,NORMA-26661,289
18,NORMA-21772,290
18,NORMA-13322,291
18,NORMA-20837,292
18,NORMA-5428,293
18,NORMA-21591,294
18,NORMA-21627,295
18,NORMA-20062,296
18,NORMA-21342,297
18,NORMA-19420,298
18,NORMA-24641,299
18,NORMA-20738,300
18,NORMA-21750,301
18,NORMA-11040,302
18,NORMA-21042,303
18,NORMA-19699,304
18,NORMA-20533,305
18,NORMA-20300,306
18,NORMA-20791,307
18,NORMA-20293,308
18,NORMA-15346,309
18,NORMA-21108,310
18,NORMA-11369,311
18,NORMA-5429,312
18,NORMA-25141,313
18,NORMA-27687,314
18,NORMA-19588,315
18,NORMA-17462,316
18,NORMA-17001,317
18,NORMA-13931,318
18,NORMA-19335,319
18,NORMA-21480,320
18,NORMA-18878,321
18,NORMA-13519,322
18,NORMA-21535,323
18,NORMA-20436,324
18,NORMA-21486,325
18,NORMA-21410,326
18,NORMA-20545,327
18,NORMA-10784,328
18,NORMA-3899,329
18,NORMA-21685,330
18,NORMA-20133,331
18,NORMA-20528,332
18,NORMA-20045,333
18,NORMA-21642,334
18,NORMA-19216,335
18,NORMA-12771,336
18,NORMA-14307,337
18,NORMA-19550,338
18,NORMA-2020,339
18,NORMA-6555,340
18,NORMA-12975,341
18,NORMA-4637,342
18,NORMA-24905,343
18,NORMA-6679,344
18,NORMA-3181,345
18,NORMA-20218,346
18,NORMA-19411,347
18,NORMA-13510,348
18,NORMA-12934,349
18,NORMA-11290,350
18,NORMA-15222,351
18,NORMA-21754,352
18,NORMA-13235,353
18,NORMA-20431,354
18,NORMA-24481,355
18,NORMA-21482,356
18,NORMA-12376,357
18,NORMA-24361,358
18,NORMA-14725,359
18,NORMA-14703,360
18,NORMA-18408,361
18,NORMA-22981,362
18,NORMA-19059,363
18,NORMA-21539,364
18,NORMA-6834,365
18,NORMA-18607,366
18,NORMA-20492,367
18,NORMA-21619,368
18,NORMA-18392,369
18,NORMA-19402,370
18,NORMA-9802,371
18,NORMA-18704,372
18,NORMA-21572,373
18,NORMA-19080,374
18,NORMA-19785,375
18,NORMA-21318,376
18,NORMA-21658,377
18,NORMA-21415,378
18,NORMA-21092,379
18,NORMA-14174,380
18,NORMA-21711,381
18,NORMA-21485,382
18,NORMA-18779,383
18,NORMA-11916,384
18,NORMA-28223,385
18,NORMA-19660,386
18,NORMA-15249,387
18,NORMA-14821,388
18,NORMA-19000,389
18,NORMA-18260,390
18,NORMA-19503,391
18,NORMA-15214,392
18,NORMA-11622,393
18,NORMA-19304,394
18,NORMA-23841,395
18,NORMA-7250,396
18,NORMA-10559,397
18,NORMA-25041,398
18,NORMA-27688,399
18,NORMA-20357,400
18,NORMA-21516,401
18,NORMA-19508,402
18,NORMA-21307,403
18,NORMA-10234,404
18,NORMA-28704,405
18,NORMA-20943,406
18,NORMA-20698,407
18,NORMA-19544,408
18,NORMA-15215,409
18,NORMA-12843,410
18,NORMA-13840,411
18,NORMA-10383,412
18,NORMA-18220,413
18,NORMA-19953,414
18,NORMA-5551,415
18,NORMA-4121,416
18,NORMA-15641,417
18,NORMA-18211,418
18,NORMA-11222,419
18,NORMA-20693,420
18,NORMA-18324,421
18,NORMA-29261,422
18,NORMA-19090,423
18,NORMA-20447,424
18,NORMA-13745,425
18,NORMA-18814,426
18,NORMA-21455,427
18,NORMA-26102,428
18,NORMA-14967,429
18,NORMA-27701,430
18,NORMA-13342,431
18,NORMA-21462,432
18,NORMA-15366,433
18,NORMA-18856,434
18,NORMA-21564,435
18,NORMA-21429,436
18,NORMA-1846,437
18,NORMA-21757,438
18,NORMA-22281,439
18,NORMA-19052,440
18,NORMA-18679,441
18,NORMA-20081,442
18,NORMA-1965,443
18,NORMA-21448,444
18,NORMA-14709,445
18,NORMA-11053,446
18,NORMA-13939,447
18,NORMA-21405,448
18,NORMA-21738,449
18,NORMA-25205,450
18,NORMA-19137,451
18,NORMA-11093,452
18,NORMA-20249,453
18,NORMA-9631,454
18,NORMA-21037,455
18,NORMA-21652,456
18,NORMA-21566,457
18,NORMA-15363,458
18,NORMA-4651,459
18,NORMA-1445,460
18,NORMA-20446,461
18,NORMA-12999,462
18,NORMA-21325,463
18,NORMA-14779,464
18,NORMA-27554,465
18,NORMA-2076,466
18,NORMA-21442,467
18,NORMA-18284,468
18,NORMA-4019,469
18,NORMA-13590,470
18,NORMA-9234,471
18,NORMA-6399,472
18,NORMA-14917,473
18,NORMA-19076,474
18,NORMA-18729,475
18,NORMA-19134,476
18,NORMA-13233,477
18,NORMA-18708,478
18,NORMA-18628,479
18,NORMA-12717,480
18,NORMA-19598,481
18,NORMA-19568,482
18,NORMA-19685,483
18,NORMA-18987,484
18,NORMA-21492,485
18,NORMA-18841,486
18,NORMA-893,487
18,NORMA-20397,488
18,NORMA-14504,489
18,NORMA-19265,490
18,NORMA-25902,491
18,NORMA-19549,492
18,NORMA-12577,493
18,NORMA-30043,494
18,NORMA-18765,495
18,NORMA-28982,496
18,NORMA-20138,497
18,NORMA-16445,498
18,NORMA-4570,499
18,NORMA-27221,500
18,NORMA-7234,501
18,NORMA-26382,502
18,NORMA-21130,503
18,NORMA-21637,504
18,NORMA-12837,505
18,NORMA-3472,506
18,NORMA-14241,507
18,NORMA-12972,508
18,NORMA-13219,509
18,NORMA-10693,510
18,NORMA-21726,511
18,NORMA-19931,512
18,NORMA-19604,513
18,NORMA-21710,514
18,NORMA-21646,515
18,NORMA-19545,516
18,NORMA-19534,517
18,NORMA-18847,518
18,NORMA-18456,519
18,NORMA-19657,520
18,NORMA-19455,521
18,NORMA-18571,522
18,NORMA-19142,523
18,NORMA-18874,524
18,NORMA-10777,525
18,NORMA-28084,526
18,NORMA-1114,527
18,NORMA-21096,528
18,NORMA-14904,529
18,NORMA-12678,530
18,NORMA-21743,531
18,NORMA-20551,532
18,NORMA-18513,533
18,NORMA-27623,534
18,NORMA-27021,535
18,NORMA-2375,536
18,NORMA-19204,537
18,NORMA-21635,538
18,NORMA-18296,539
18,NORMA-21555,540
18,NORMA-10206,541
18,NORMA-29185,542
18,NORMA-23483,543
18,NORMA-18996,544
18,NORMA-4276,545
18,NORMA-19702,546
18,NORMA-21472,547
18,NORMA-19012,548
18,NORMA-21701,549
18,NORMA-24881,550
18,NORMA-20225,551
18,NORMA-27924,552
18,NORMA-19087,553
18,NORMA-18722,554
18,NORMA-20335,555
18,NORMA-5613,556
18,NORMA-21097,557
18,NORMA-19531,558
18,NORMA-19447,559
18,NORMA-17921,560
18,NORMA-19543,561
18,NORMA-20319,562
18,NORMA-25541,563
18,NORMA-21608,564
18,NORMA-26564,565
18,NORMA-20448,566
18,NORMA-21651,567
18,NORMA-19146,568
18,NORMA-20794,569
18,NORMA-15802,570
18,NORMA-20429,571
18,NORMA-21660,572
18,NORMA-19073,573
18,NORMA-5372,574
18,NORMA-21495,575
18,NORMA-19144,576
18,NORMA-14673,577
18,NORMA-6226,578
18,NORMA-21220,579
18,NORMA-19123,580
18,NORMA-19457,581
18,NORMA-14562,582
18,NORMA-13884,583
18,NORMA-20267,584
18,NORMA-23341,585
18,NORMA-13461,586
18,NORMA-19654,587
18,NORMA-24561,588
18,NORMA-4849,589
18,NORMA-19907,590
18,NORMA-23941,591
18,NORMA-19282,592
18,NORMA-13493,593
18,NORMA-19582,594
18,NORMA-11931,595
18,NORMA-18459,596
18,NORMA-9030,597
18,NORMA-21718,598
18,NORMA-21129,599
18,NORMA-21620,600
18,NORMA-20672,601
18,NORMA-26421,602
18,NORMA-26883,603
18,NORMA-4035,604
18,NORMA-19516,605
18,NORMA-18449,606
18,NORMA-26764,607
18,NORMA-19439,608
18,NORMA-12354,609
18,NORMA-20323,610
18,NORMA-15321,611
18,NORMA-7553,612
18,NORMA-18475,613
18,NORMA-21694,614
18,NORMA-18371,615
18,NORMA-8643,616
18,NORMA-12602,617
18,NORMA-23761,618
18,NORMA-19704,619
18,NORMA-9882,620
18,NORMA-21585,621
18,NORMA-19453,622
18,NORMA-20697,623
18,NORMA-13610,624
18,NORMA-19022,625
18,NORMA-21002,626
18,NORMA-6442,627
18,NORMA-20182,628
18,NORMA-19285,629
18,NORMA-20924,630
18,NORMA-21068,631
18,NORMA-9223,632
18,NORMA-20191,633
18,NORMA-19452,634
18,NORMA-11754,635
18,NORMA-21670,636
18,NORMA-20678,637
18,NORMA-14971,638
18,NORMA-9708,639
18,NORMA-18703,640
18,NORMA-20977,641
18,NORMA-18526,642
18,NORMA-20136,643
18,NORMA-20641,644
18,NORMA-19399,645
18,NORMA-15094,646
18,NORMA-5555,647
18,NORMA-11450,648
18,NORMA-19860,649
18,NORMA-21361,650
18,NORMA-21286,651
18,NORMA-27503,652
18,NORMA-19015,653
18,NORMA-22321,654
18,NORMA-28581,655
18,NORMA-19952,656
18,NORMA-14093,657
18,NORMA-14366,658
18,NORMA-21368,659
18,NORMA-4560,660
18,NORMA-1296,661
18,NORMA-22303,662
18,NORMA-19351,663
18,NORMA-11636,664
18,NORMA-10461,665
18,NORMA-10692,666
18,NORMA-13991,667
18,NORMA-19098,668
18,NORMA-18588,669
18,NORMA-19254,670
18,NORMA-13488,671
18,NORMA-18358,672
18,NORMA-14111,673
18,NORMA-3872,674
18,NORMA-18585,675
18,NORMA-616,676
18,NORMA-18141,677
18,NORMA-21578,678
18,NORMA-5406,679
18,NORMA-26003,680
18,NORMA-10238,681
18,NORMA-21353,682
18,NORMA-19060,683
18,NORMA-26701,684
18,NORMA-19141,685
18,NORMA-21981,686
18,NORMA-6769,687
18,NORMA-4470,688
18,NORMA-18698,689
18,NORMA-21672,690
18,NORMA-21498,691
18,NORMA-21598,692
18,NORMA-18431,693
18,NORMA-18535,694
18,NORMA-26681,695
18,NORMA-19349,696
18,NORMA-28561,697
18,NORMA-18558,698
18,NORMA-12741,699
18,NORMA-5151,700
18,NORMA-19112,701
18,NORMA-8992,702
18,NORMA-9583,703
18,NORMA-21403,704
18,NORMA-27605,705
18,NORMA-20327,706
18,NORMA-24885,707
18,NORMA-18795,708
18,NORMA-11133,709
18,NORMA-21021,710
18,NORMA-20649,711
18,NORMA-14067,712
18,NORMA-6222,713
18,NORMA-21082,714
18,NORMA-21663,715
18,NORMA-18143,716
18,NORMA-13523,717
18,NORMA-21728,718
18,NORMA-20208,719
18,NORMA-20939,720
18,NORMA-18244,721
18,NORMA-14925,722
18,NORMA-23861,723
18,NORMA-13497,724
18,NORMA-21360,725
18,NORMA-23361,726
18,NORMA-25942,727
18,NORMA-13711,728
18,NORMA-21735,729
18,NORMA-19553,730
18,NORMA-21243,731
18,NORMA-13319,732
18,NORMA-27941,733
18,NORMA-25203,734
18,NORMA-4492,735
18,NORMA-27583,736
18,NORMA-15180,737
18,NORMA-18470,738
18,NORMA-21563,739
18,NORMA-19999,740
18,NORMA-28021,741
18,NORMA-21268,742
18,NORMA-20426,743
18,NORMA-8261,744
18,NORMA-19535,745
18,NORMA-23642,746
18,NORMA-21392,747
18,NORMA-19126,748
18,NORMA-5942,749
18,NORMA-13629,750
18,NORMA-18738,751
18,NORMA-22221,752
18,NORMA-14376,753
18,NORMA-21088,754
18,NORMA-20162,755
18,NORMA-20541,756
18,NORMA-4066,757
18,NORMA-25523,758
18,NORMA-19023,759
18,NORMA-20679,760
18,NORMA-9820,761
18,NORMA-27681,762
18,NORMA-14873,763
18,NORMA-10013,764
18,NORMA-21643,765
18,NORMA-12669,766
18,NORMA-11442,767
18,NORMA-21423,768
18,NORMA-19350,769
18,NORMA-21295,770
18,NORMA-15118,771
18,NORMA-11391,772
18,NORMA-13875,773
18,NORMA-13524,774
18,NORMA-20863,775
18,NORMA-21466,776
18,NORMA-1380,777
18,NORMA-18586,778
18,NORMA-20790,779
18,NORMA-20135,780
18,NORMA-19016,781
18,NORMA-6369,782
18,NORMA-12557,783
18,NORMA-20524,784
18,NORMA-25723,785
18,NORMA-19681,786
18,NORMA-21621,787
18,NORMA-26563,788
18,NORMA-11214,789
18,NORMA-20330,790
18,NORMA-18821,791
18,NORMA-22841,792
18,NORMA-13627,793
18,NORMA-14875,794
18,NORMA-9740,795
18,NORMA-13995,796
18,NORMA-21744,797
18,NORMA-27001,798
18,NORMA-10364,799
18,NORMA-18754,800
18,NORMA-23321,801
18,NORMA-21764,802
18,NORMA-12823,803
18,NORMA-13029,804
18,NORMA-24041,805
18,NORMA-19316,806
18,NORMA-12729,807
18,NORMA-11988,808
18,NORMA-11258,809
18,NORMA-19002,810
18,NORMA-20671,811
18,NORMA-21537,812
18,NORMA-9391,813
18,NORMA-15279,814
18,NORMA-12412,815
18,NORMA-18467,816
18,NORMA-28041,817
18,NORMA-14225,818
18,NORMA-14899,819
18,NORMA-28165,820
18,NORMA-20320,821
18,NORMA-25184,822
18,NORMA-19408,823
18,NORMA-21213,824
18,NORMA-27181,825
18,NORMA-26887,826
18,NORMA-20796,827
18,NORMA-14113,828
18,NORMA-14226,829
18,NORMA-21791,830
18,NORMA-5376,831
18,NORMA-24181,832
18,NORMA-4046,833
18,NORMA-13360,834
18,NORMA-18982,835
18,NORMA-12379,836
18,NORMA-19025,837
18,NORMA-9803,838
18,NORMA-18256,839
18,NORMA-21018,840
18,NORMA-27641,841
18,NORMA-15364,842
18,NORMA-25962,843
18,NORMA-20377,844
18,NORMA-19484,845
18,NORMA-21007,846
18,NORMA-13795,847
18,NORMA-22921,848
18,NORMA-23402,849
18,NORMA-27925,850
18,NORMA-6364,851
18,NORMA-20285,852
18,NORMA-10285,853
18,NORMA-20065,854
18,NORMA-20434,855
18,NORMA-16262,856
18,NORMA-21617,857
18,NORMA-18959,858
18,NORMA-27926,859
18,NORMA-6145,860
18,NORMA-7307,861
18,NORMA-8161,862
18,NORMA-21678,863
18,NORMA-10490,864
18,NORMA-10246,865
18,NORMA-27421,866
18,NORMA-21457,867
18,NORMA-21709,868
18,NORMA-18441,869
18,NORMA-15352,870
18,NORMA-6821,871
18,NORMA-26601,872
18,NORMA-13636,873
18,NORMA-14485,874
18,NORMA-21337,875
18,NORMA-20344,876
18,NORMA-6062,877
18,NORMA-4105,878
18,NORMA-19629,879
18,NORMA-4767,880
18,NORMA-29004,881
18,NORMA-13384,882
18,NORMA-9857,883
18,NORMA-6278,884
18,NORMA-28083,885
18,NORMA-18235,886
18,NORMA-21666,887
18,NORMA-26882,888
18,NORMA-21659,889
18,NORMA-558,890
18,NORMA-10450,891
18,NORMA-20147,892
18,NORMA-29008,893
18,NORMA-9010,894
18,NORMA-6164,895
18,NORMA-6719,896
18,NORMA-19910,897
18,NORMA-13897,898
18,NORMA-19670,899
18,NORMA-18464,900
18,NORMA-9995,901
18,NORMA-10221,902
18,NORMA-10393,903
18,NORMA-7196,904
18,NORMA-24104,905
18,NORMA-18215,906
18,NORMA-10674,907
18,NORMA-19425,908
18,NORMA-12770,909
18,NORMA-2559,910
18,NORMA-19596,911
18,NORMA-3721,912
18,NORMA-12375,913
18,NORMA-20739,914
18,NORMA-7223,915
18,NORMA-14519,916
18,NORMA-18348,917
18,NORMA-20864,918
18,NORMA-18290,919
18,NORMA-21332,920
18,NORMA-6753,921
18,NORMA-12467,922
18,NORMA-13993,923
18,NORMA-8580,924
18,NORMA-18466,925
18,NORMA-18363,926
18,NORMA-5210,927
18,NORMA-5136,928
18,NORMA-12899,929
18,NORMA-14510,930
18,NORMA-18927,931
18,NORMA-20826,932
18,NORMA-9206,933
18,NORMA-9828,934
18,NORMA-13546,935
18,NORMA-11653,936
18,NORMA-12704,937
18,NORMA-21673,938
18,NORMA-14503,939
18,NORMA-13620,940
18,NORMA-18390,941
18,NORMA-5164,942
18,NORMA-19945,943
18,NORMA-25841,944
18,NORMA-10922,945
18,NORMA-20268,946
18,NORMA-20656,947
18,NORMA-20023,948
18,NORMA-15291,949
18,NORMA-14057,950
18,NORMA-12667,951
18,NORMA-21449,952
18,NORMA-18711,953
18,NORMA-19320,954
18,NORMA-21301,955
18,NORMA-5245,956
18,NORMA-11185,957
18,NORMA-10817,958
18,NORMA-12442,959
18,NORMA-29181,960
18,NORMA-17541,961
18,NORMA-19613,962
18,NORMA-20313,963
18,NORMA-18299,964
18,NORMA-10747,965
18,NORMA-20921,966
18,NORMA-20963,967
18,NORMA-14945,968
18,NORMA-13045,969
18,NORMA-23742,970
18,NORMA-21759,971
18,NORMA-6720,972
18,NORMA-18624,973
18,NORMA-28461,974
18,NORMA-18867,975
18,NORMA-15382,976
18,NORMA-19357,977
18,NORMA-14918,978
18,NORMA-14035,979
18,NORMA-10877,980
18,NORMA-19024,981
18,NORMA-21057,982
18,NORMA-21543,983
18,NORMA-13591,984
18,NORMA-27101,985
18,NORMA-19712,986
18,NORMA-21624,987
18,NORMA-20289,988
18,NORMA-21534,989
18,NORMA-23026,990
18,NORMA-10753,991
18,NORMA-7494,992
18,NORMA-24823,993
18,NORMA-18370,994
18,NORMA-9521,995
18,NORMA-18587,996
18,NORMA-21401,997
18,NORMA-10253,998
18,NORMA-3908,999
18,NORMA-27045,1000
19,NORMA-24941,1
19,NORMA-21635,2
19,NORMA-21701,3
19,NORMA-21295,4
19,NORMA-21738,5
19,NORMA-14910,6
19,NORMA-21578,7
19,NORMA-21332,8
19,NORMA-21743,9
19,NORMA-11538,10
19,NORMA-12697,11
19,NORMA-21761,12
19,NORMA-21660,13
19,NORMA-19374,14
19,NORMA-21423,15
19,NORMA-21050,16
19,NORMA-25701,17
19,NORMA-9934,18
19,NORMA-20273,19
19,NORMA-18971,20
19,NORMA-28982,21
19,NORMA-2068,22
19,NORMA-19712,23
19,NORMA-21724,24
19,NORMA-1924,25
19,NORMA-501,26
19,NORMA-23341,27
19,NORMA-6184,28
19,NORMA-14646,29
19,NORMA-6685,30
19,NORMA-21575,31
19,NORMA-21536,32
19,NORMA-19252,33
19,NORMA-19267,34
19,NORMA-19194,35
19,NORMA-19321,36
19,NORMA-18650,37
19,NORMA-18767,38
19,NORMA-21709,39
19,NORMA-19317,40
19,NORMA-20645,41
19,NORMA-21390,42
19,NORMA-18368,43
19,NORMA-21187,44
19,NORMA-20964,45
19,NORMA-21700,46
19,NORMA-20694,47
19,NORMA-18401,48
19,NORMA-18463,49
19,NORMA-21711,50
19,NORMA-20222,51
19,NORMA-27583,52
19,NORMA-20129,53
19,NORMA-21669,54
19,NORMA-21202,55
19,NORMA-21203,56
19,NORMA-20643,57
19,NORMA-21769,58
19,NORMA-18294,59
19,NORMA-20727,60
19,NORMA-18682,61
19,NORMA-21663,62
19,NORMA-22981,63
19,NORMA-20712,64
19,NORMA-20262,65
19,NORMA-19003,66
19,NORMA-28402,67
19,NORMA-21509,68
19,NORMA-6668,69
19,NORMA-21045,70
19,NORMA-21024,71
19,NORMA-27554,72
19,NORMA-15824,73
19,NORMA-20810,74
19,NORMA-25681,75
19,NORMA-21694,76
19,NORMA-6775,77
19,NORMA-21433,78
19,NORMA-18687,79
19,NORMA-19240,80
19,NORMA-28584,81
19,NORMA-15347,82
19,NORMA-20951,83
19,NORMA-28223,84
19,NORMA-19782,85
19,NORMA-21462,86
19,NORMA-21318,87
19,NORMA-25101,88
19,NORMA-19223,89
19,NORMA-20915,90
19,NORMA-24061,91
19,NORMA-20295,92
19,NORMA-21563,93
19,NORMA-21710,94
19,NORMA-25802,95
19,NORMA-19691,96
19,NORMA-19124,97
19,NORMA-19526,98
19,NORMA-20763,99
19,NORMA-6969,100
19,NORMA-21580,101
19,NORMA-19437,102
19,NORMA-26806,103
19,NORMA-24561,104
19,NORMA-8268,105
19,NORMA-28403,106
19,NORMA-29764,107
19,NORMA-28168,108
19,NORMA-27501,109
19,NORMA-25542,110
19,NORMA-26764,111
19,NORMA-26301,112
19,NORMA-26381,113
19,NORMA-13216,114
19,NORMA-21566,115
19,NORMA-15222,116
19,NORMA-21298,117
19,NORMA-15045,118
19,NORMA-25461,119
19,NORMA-23682,120
19,NORMA-14306,121
19,NORMA-10240,122
19,NORMA-13455,123
19,NORMA-3628,124
19,NORMA-15867,125
19,NORMA-21707,126
19,NORMA-25523,127
19,NORMA-27941,128
19,NORMA-18753,129
19,NORMA-21637,130
19,NORMA-21405,131
19,NORMA-29101,132
19,NORMA-12080,133
19,NORMA-13755,134
19,NORMA-19731,135
19,NORMA-31905,136
19,NORMA-21981,137
19,NORMA-27924,138
19,NORMA-18366,139
19,NORMA-25442,140
19,NORMA-21004,141
19,NORMA-12851,142
19,NORMA-20248,143
19,NORMA-28841,144
19,NORMA-21360,145
19,NORMA-27801,146
19,NORMA-27746,147
19,NORMA-26321,148
19,NORMA-14542,149
19,NORMA-27403,150
19,NORMA-6674,151
19,NORMA-10618,152
19,NORMA-26883,153
19,NORMA-29043,154
19,NORMA-3261,155
19,NORMA-26382,156
19,NORMA-19705,157
19,NORMA-19278,158
19,NORMA-14876,159
19,NORMA-29042,160
19,NORMA-14271,161
19,NORMA-745,162
19,NORMA-18574,163
19,NORMA-12846,164
19,NORMA-27246,165
19,NORMA-14457,166
19,NORMA-12152,167
19,NORMA-15105,168
19,NORMA-14037,169
19,NORMA-18995,170
19,NORMA-26601,171
19,NORMA-21640,172
19,NORMA-26281,173
19,NORMA-28061,174
19,NORMA-11115,175
19,NORMA-11898,176
19,NORMA-21643,177
19,NORMA-24104,178
19,NORMA-14945,179
19,NORMA-7771,180
19,NORMA-28704,181
19,NORMA-9303,182
19,NORMA-11989,183
19,NORMA-12550,184
19,NORMA-19698,185
19,NORMA-21075,186
19,NORMA-11402,187
19,NORMA-13295,188
19,NORMA-15029,189
19,NORMA-21668,190
19,NORMA-21548,191
19,NORMA-14097,192
19,NORMA-21477,193
19,NORMA-14914,194
19,NORMA-14355,195
19,NORMA-14347,196
19,NORMA-29561,197
19,NORMA-11826,198
19,NORMA-21442,199
19,NORMA-21402,200
19,NORMA-21108,201
19,NORMA-24687,202
19,NORMA-23861,203
19,NORMA-24084,204
19,NORMA-27546,205
19,NORMA-4393,206
19,NORMA-10767,207
19,NORMA-14129,208
19,NORMA-14190,209
19,NORMA-25481,210
19,NORMA-21324,211
19,NORMA-25942,212
19,NORMA-4600,213
19,NORMA-18102,214
19,NORMA-4428,215
19,NORMA-7018,216
19,NORMA-16262,217
19,NORMA-4448,218
19,NORMA-13640,219
19,NORMA-10397,220
19,NORMA-21586,221
19,NORMA-21692,222
19,NORMA-11021,223
19,NORMA-10877,224
19,NORMA-10916,225
19,NORMA-15272,226
19,NORMA-7786,227
19,NORMA-21773,228
19,NORMA-10567,229
19,NORMA-27566,230
19,NORMA-27253,231
19,NORMA-9881,232
19,NORMA-4166,233
19,NORMA-8463,234
19,NORMA-9619,235
19,NORMA-20962,236
19,NORMA-10490,237
19,NORMA-13198,238
19,NORMA-13127,239
19,NORMA-13363,240
19,NORMA-4527,241
19,NORMA-7621,242
19,NORMA-6322,243
19,NORMA-28762,244
19,NORMA-27925,245
19,NORMA-18970,246
19,NORMA-9763,247
19,NORMA-21703,248
19,NORMA-5760,249
19,NORMA-10734,250
19,NORMA-18629,251
19,NORMA-10539,252
19,NORMA-11971,253
19,NORMA-27041,254
19,NORMA-10023,255
19,NORMA-10817,256
19,NORMA-13025,257
19,NORMA-12880,258
19,NORMA-12530,259
19,NORMA-8507,260
19,NORMA-13682,261
19,NORMA-14530,262
19,NORMA-10457,263
19,NORMA-13906,264
19,NORMA-12210,265
19,NORMA-21617,266
19,NORMA-14944,267
19,NORMA-14859,268
19,NORMA-27926,269
19,NORMA-10301,270
19,NORMA-12317,271
19,NORMA-28142,272
19,NORMA-4095,273
19,NORMA-9889,274
19,NORMA-14829,275
19,NORMA-13317,276
19,NORMA-22622,277
19,NORMA-20613,278
19,NORMA-10900,279
19,NORMA-1515,280
19,NORMA-21279,281
19,NORMA-14718,282
19,NORMA-4565,283
19,NORMA-12425,284
19,NORMA-11133,285
19,NORMA-14194,286
19,NORMA-10348,287
19,NORMA-14928,288
19,NORMA-3918,289
19,NORMA-13003,290
19,NORMA-12484,291
19,NORMA-9625,292
19,NORMA-13342,293
19,NORMA-27544,294
19,NORMA-15842,295
19,NORMA-28822,296
19,NORMA-15133,297
19,NORMA-10868,298
19,NORMA-16144,299
19,NORMA-14227,300
19,NORMA-14142,301
19,NORMA-14479,302
19,NORMA-10224,303
19,NORMA-14901,304
19,NORMA-10480,305
19,NORMA-29143,306
19,NORMA-12908,307
19,NORMA-18756,308
19,NORMA-13801,309
19,NORMA-21297,310
19,NORMA-28041,311
19,NORMA-20748,312
19,NORMA-14240,313
19,NORMA-9688,314
19,NORMA-29606,315
19,NORMA-28081,316
19,NORMA-13265,317
19,NORMA-14668,318
19,NORMA-13856,319
19,NORMA-13397,320
19,NORMA-11639,321
19,NORMA-27222,322
19,NORMA-11732,323
19,NORMA-12275,324
19,NORMA-6774,325
19,NORMA-11213,326
19,NORMA-15362,327
19,NORMA-5930,328
19,NORMA-1541,329
19,NORMA-27203,330
19,NORMA-3877,331
19,NORMA-24801,332
19,NORMA-19961,333
19,NORMA-13208,334
19,NORMA-27245,335
19,NORMA-10273,336
19,NORMA-12898,337
19,NORMA-14059,338
19,NORMA-11100,339
19,NORMA-8118,340
19,NORMA-25962,341
19,NORMA-24083,342
19,NORMA-12428,343
19,NORMA-12481,344
19,NORMA-15864,345
19,NORMA-26122,346
19,NORMA-14560,347
19,NORMA-4606,348
19,NORMA-21613,349
19,NORMA-23101,350
19,NORMA-15251,351
19,NORMA-19245,352
19,NORMA-15351,353
19,NORMA-14477,354
19,NORMA-14200,355
19,NORMA-22261,356
19,NORMA-15643,357
19,NORMA-21614,358
19,NORMA-14006,359
19,NORMA-11082,360
19,NORMA-8388,361
19,NORMA-10279,362
19,NORMA-13834,363
19,NORMA-14005,364
19,NORMA-20771,365
19,NORMA-11852,366
19,NORMA-10221,367
19,NORMA-643,368
19,NORMA-3646,369
19,NORMA-3841,370
19,NORMA-10559,371
19,NORMA-7210,372
19,NORMA-8310,373
19,NORMA-19326,374
19,NORMA-12024,375
19,NORMA-12032,376
19,NORMA-8896,377
19,NORMA-24981,378
19,NORMA-4493,379
19,NORMA-27524,380
19,NORMA-9434,381
19,NORMA-4476,382
19,NORMA-10752,383
19,NORMA-7679,384
19,NORMA-9920,385
19,NORMA-11258,386
19,NORMA-6470,387
19,NORMA-1552,388
19,NORMA-15350,389
19,NORMA-8885,390
19,NORMA-29122,391
19,NORMA-27251,392
19,NORMA-11677,393
19,NORMA-9577,394
19,NORMA-26223,395
19,NORMA-3801,396
19,NORMA-28263,397
19,NORMA-3568,398
19,NORMA-14038,399
19,NORMA-19927,400
19,NORMA-8829,401
19,NORMA-13048,402
19,NORMA-4732,403
19,NORMA-12630,404
19,NORMA-10990,405
19,NORMA-8797,406
19,NORMA-12566,407
19,NORMA-13633,408
19,NORMA-11590,409
19,NORMA-9089,410
19,NORMA-21497,411
19,NORMA-21649,412
19,NORMA-27161,413
19,NORMA-13719,414
19,NORMA-13339,415
19,NORMA-15843,416
19,NORMA-9281,417
19,NORMA-4979,418
19,NORMA-10160,419
19,NORMA-3740,420
19,NORMA-15841,421
19,NORMA-1777,422
19,NORMA-13357,423
19,NORMA-11374,424
19,NORMA-8825,425
19,NORMA-14789,426
19,NORMA-20826,427
19,NORMA-27785,428
19,NORMA-8074,429
19,NORMA-15054,430
19,NORMA-8113,431
19,NORMA-909,432
19,NORMA-4112,433
19,NORMA-3467,434
19,NORMA-1310,435
19,NORMA-14428,436
19,NORMA-27547,437
19,NORMA-12678,438
19,NORMA-5329,439
19,NORMA-26568,440
19,NORMA-27741,441
19,NORMA-15194,442
19,NORMA-5149,443
19,NORMA-15190,444
19,NORMA-9174,445
19,NORMA-13493,446
19,NORMA-14117,447
19,NORMA-10085,448
19,NORMA-9137,449
19,NORMA-5181,450
19,NORMA-12328,451
19,NORMA-10145,452
19,NORMA-21065,453
19,NORMA-16522,454
19,NORMA-14495,455
19,NORMA-12327,456
19,NORMA-12475,457
19,NORMA-15005,458
19,NORMA-6453,459
19,NORMA-13825,460
19,NORMA-6868,461
19,NORMA-20139,462
19,NORMA-23681,463
19,NORMA-14426,464
19,NORMA-5028,465
19,NORMA-19689,466
19,NORMA-4291,467
19,NORMA-15862,468
19,NORMA-27609,469
19,NORMA-13074,470
19,NORMA-12869,471
19,NORMA-13359,472
19,NORMA-7130,473
19,NORMA-4163,474
19,NORMA-20385,475
19,NORMA-11784,476
19,NORMA-5867,477
19,NORMA-22723,478
19,NORMA-13902,479
19,NORMA-21342,480
19,NORMA-5524,481
19,NORMA-12868,482
19,NORMA-12129,483
19,NORMA-3559,484
19,NORMA-8569,485
19,NORMA-12722,486
19,NORMA-9588,487
19,NORMA-10123,488
19,NORMA-28042,489
19,NORMA-26581,490
19,NORMA-11649,491
19,NORMA-11623,492
19,NORMA-14830,493
19,NORMA-5293,494
19,NORMA-26807,495
19,NORMA-3665,496
19,NORMA-21174,497
19,NORMA-9253,498
19,NORMA-4268,499
19,NORMA-19674,500
19,NORMA-28121,501
19,NORMA-21551,502
19,NORMA-8389,503
19,NORMA-15113,504
19,NORMA-10777,505
19,NORMA-18673,506
19,NORMA-26361,507
19,NORMA-25541,508
19,NORMA-12291,509
19,NORMA-10066,510
19,NORMA-9248,511
19,NORMA-21361,512
19,NORMA-14120,513
19,NORMA-19514,514
19,NORMA-8238,515
19,NORMA-8011,516
19,NORMA-5290,517
19,NORMA-19323,518
19,NORMA-10784,519
19,NORMA-9302,520
19,NORMA-9997,521
19,NORMA-15234,522
19,NORMA-10400,523
19,NORMA-10623,524
19,NORMA-7605,525
19,NORMA-11161,526
19,NORMA-9631,527
19,NORMA-14763,528
19,NORMA-14552,529
19,NORMA-28502,530
19,NORMA-6484,531
19,NORMA-10013,532
19,NORMA-14778,533
19,NORMA-3797,534
19,NORMA-5136,535
19,NORMA-4801,536
19,NORMA-3629,537
19,NORMA-27784,538
19,NORMA-13623,539
19,NORMA-15099,540
19,NORMA-27247,541
19,NORMA-13991,542
19,NORMA-13113,543
19,NORMA-9136,544
19,NORMA-12534,545
19,NORMA-3850,546
19,NORMA-4604,547
19,NORMA-11333,548
19,NORMA-7431,549
19,NORMA-5014,550
19,NORMA-17341,551
19,NORMA-2101,552
19,NORMA-7362,553
19,NORMA-985,554
19,NORMA-9319,555
19,NORMA-5019,556
19,NORMA-14929,557
19,NORMA-12750,558
19,NORMA-26341,559
19,NORMA-7951,560
19,NORMA-3657,561
19,NORMA-9994,562
19,NORMA-4699,563
19,NORMA-27661,564
19,NORMA-21404,565
19,NORMA-14437,566
19,NORMA-12826,567
19,NORMA-5393,568
19,NORMA-9236,569
19,NORMA-8861,570
19,NORMA-24141,571
19,NORMA-8943,572
19,NORMA-29881,573
19,NORMA-6857,574
19,NORMA-7211,575
19,NORMA-9331,576
19,NORMA-26623,577
19,NORMA-11391,578
19,NORMA-28083,579
19,NORMA-15163,580
19,NORMA-7858,581
19,NORMA-15823,582
19,NORMA-10865,583
19,NORMA-15822,584
19,NORMA-21616,585
19,NORMA-9220,586
19,NORMA-27687,587
19,NORMA-4898,588
19,NORMA-5752,589
19,NORMA-9367,590
19,NORMA-13270,591
19,NORMA-16143,592
19,NORMA-12309,593
19,NORMA-4731,594
19,NORMA-4929,595
19,NORMA-5378,596
19,NORMA-19118,597
19,NORMA-16224,598
19,NORMA-14150,599
19,NORMA-28561,600
19,NORMA-12857,601
19,NORMA-11803,602
19,NORMA-13464,603
19,NORMA-12053,604
19,NORMA-14905,605
19,NORMA-13180,606
19,NORMA-8548,607
19,NORMA-9166,608
19,NORMA-13562,609
19,NORMA-29223,610
19,NORMA-23602,611
19,NORMA-24903,612
19,NORMA-8692,613
19,NORMA-7744,614
19,NORMA-8860,615
19,NORMA-5843,616
19,NORMA-21589,617
19,NORMA-14048,618
19,NORMA-26063,619
19,NORMA-13394,620
19,NORMA-7831,621
19,NORMA-15825,622
19,NORMA-8171,623
19,NORMA-9119,624
19,NORMA-1455,625
19,NORMA-8505,626
19,NORMA-5593,627
19,NORMA-8573,628
19,NORMA-10385,629
19,NORMA-14942,630
19,NORMA-9802,631
19,NORMA-15866,632
19,NORMA-3582,633
19,NORMA-5558,634
19,NORMA-12011,635
19,NORMA-12645,636
19,NORMA-12435,637
19,NORMA-5100,638
19,NORMA-13399,639
19,NORMA-4379,640
19,NORMA-11946,641
19,NORMA-10337,642
19,NORMA-9876,643
19,NORMA-16781,644
19,NORMA-10636,645
19,NORMA-22282,646
19,NORMA-14866,647
19,NORMA-7715,648
19,NORMA-21538,649
19,NORMA-5060,650
19,NORMA-3618,651
19,NORMA-3988,652
19,NORMA-13504,653
19,NORMA-14629,654
19,NORMA-13319,655
19,NORMA-22024,656
19,NORMA-13619,657
19,NORMA-7140,658
19,NORMA-9546,659
19,NORMA-6014,660
19,NORMA-919,661
19,NORMA-13572,662
19,NORMA-26061,663
19,NORMA-9412,664
19,NORMA-4518,665
19,NORMA-8690,666
19,NORMA-3554,667
19,NORMA-4146,668
19,NORMA-16401,669
19,NORMA-20736,670
19,NORMA-969,671
19,NORMA-10632,672
19,NORMA-22441,673
19,NORMA-9635,674
19,NORMA-25882,675
19,NORMA-13591,676
19,NORMA-5148,677
19,NORMA-6458,678
19,NORMA-14226,679
19,NORMA-7765,680
19,NORMA-21469,681
19,NORMA-8009,682
19,NORMA-14493,683
19,NORMA-20269,684
19,NORMA-7444,685
19,NORMA-15166,686
19,NORMA-12999,687
19,NORMA-11595,688
19,NORMA-3882,689
19,NORMA-9821,690
19,NORMA-12353,691
19,NORMA-7833,692
19,NORMA-9621,693
19,NORMA-11932,694
19,NORMA-6675,695
19,NORMA-5962,696
19,NORMA-21620,697
19,NORMA-9167,698
19,NORMA-13857,699
19,NORMA-7892,700
19,NORMA-4054,701
19,NORMA-7970,702
19,NORMA-7736,703
19,NORMA-20713,704
19,NORMA-28184,705
19,NORMA-9543,706
19,NORMA-18572,707
19,NORMA-5564,708
19,NORMA-11981,709
19,NORMA-8243,710
19,NORMA-9803,711
19,NORMA-10234,712
19,NORMA-26724,713
19,NORMA-558,714
19,NORMA-5670,715
19,NORMA-14875,716
19,NORMA-12395,717
19,NORMA-21772,718
19,NORMA-8576,719
19,NORMA-7128,720
19,NORMA-3693,721
19,NORMA-3699,722
19,NORMA-15315,723
19,NORMA-24422,724
19,NORMA-3464,725
19,NORMA-5043,726
19,NORMA-15989,727
19,NORMA-8173,728
19,NORMA-21688,729
19,NORMA-11365,730
19,NORMA-9049,731
19,NORMA-9865,732
19,NORMA-3569,733
19,NORMA-11345,734
19,NORMA-20632,735
19,NORMA-13881,736
19,NORMA-21443,737
19,NORMA-13665,738
19,NORMA-9291,739
19,NORMA-25181,740
19,NORMA-15863,741
19,NORMA-21619,742
19,NORMA-14554,743
19,NORMA-4267,744
19,NORMA-25202,745
19,NORMA-7368,746
19,NORMA-13188,747
19,NORMA-13921,748
19,NORMA-18878,749
19,NORMA-7741,750
19,NORMA-23361,751
19,NORMA-4780,752
19,NORMA-3796,753
19,NORMA-4027,754
19,NORMA-3480,755
19,NORMA-8806,756
19,NORMA-5976,757
19,NORMA-2207,758
19,NORMA-5994,759
19,NORMA-7718,760
19,NORMA-14653,761
19,NORMA-28466,762
19,NORMA-7737,763
19,NORMA-8000,764
19,NORMA-11000,765
19,NORMA-9012,766
19,NORMA-16446,767
19,NORMA-9561,768
19,NORMA-8665,769
19,NORMA-22042,770
19,NORMA-7658,771
19,NORMA-7830,772
19,NORMA-4868,773
19,NORMA-5518,774
19,NORMA-8191,775
19,NORMA-15227,776
19,NORMA-14580,777
19,NORMA-5660,778
19,NORMA-28801,779
19,NORMA-14308,780
19,NORMA-12976,781
19,NORMA-21702,782
19,NORMA-25641,783
19,NORMA-12973,784
19,NORMA-10549,785
19,NORMA-7419,786
19,NORMA-7035,787
19,NORMA-16445,788
19,NORMA-92,789
19,NORMA-12229,790
19,NORMA-10589,791
19,NORMA-13876,792
19,NORMA-4050,793
19,NORMA-21797,794
19,NORMA-27681,795
19,NORMA-15033,796
19,NORMA-18800,797
19,NORMA-8309,798
19,NORMA-9916,799
19,NORMA-8739,800
19,NORMA-4847,801
19,NORMA-13306,802
19,NORMA-10442,803
19,NORMA-9557,804
19,NORMA-23642,805
19,NORMA-10323,806
19,NORMA-5924,807
19,NORMA-10216,808
19,NORMA-7709,809
19,NORMA-5629,810
19,NORMA-14357,811
19,NORMA-15214,812
19,NORMA-10253,813
19,NORMA-28086,814
19,NORMA-10653,815
19,NORMA-3846,816
19,NORMA-9128,817
19,NORMA-8236,818
19,NORMA-8066,819
19,NORMA-8827,820
19,NORMA-4295,821
19,NORMA-14430,822
19,NORMA-12451,823
19,NORMA-4922,824
19,NORMA-15081,825
19,NORMA-4174,826
19,NORMA-6023,827
19,NORMA-10424,828
19,NORMA-4579,829
19,NORMA-3478,830
19,NORMA-5364,831
19,NORMA-13303,832
19,NORMA-26082,833
19,NORMA-7832,834
19,NORMA-12775,835
19,NORMA-7439,836
19,NORMA-15346,837
19,NORMA-1445,838
19,NORMA-24343,839
19,NORMA-7822,840
19,NORMA-8683,841
19,NORMA-12725,842
19,NORMA-13542,843
19,NORMA-4958,844
19,NORMA-20138,845
19,NORMA-10795,846
19,NORMA-4068,847
19,NORMA-8298,848
19,NORMA-4733,849
19,NORMA-7441,850
19,NORMA-7603,851
19,NORMA-27101,852
19,NORMA-4776,853
19,NORMA-9818,854
19,NORMA-11641,855
19,NORMA-11439,856
19,NORMA-7703,857
19,NORMA-4529,858
19,NORMA-4181,859
19,NORMA-13611,860
19,NORMA-4173,861
19,NORMA-4581,862
19,NORMA-6482,863
19,NORMA-8242,864
19,NORMA-8820,865
19,NORMA-14039,866
19,NORMA-10428,867
19,NORMA-5662,868
19,NORMA-7659,869
19,NORMA-21591,870
19,NORMA-3991,871
19,NORMA-14932,872
19,NORMA-4120,873
19,NORMA-3747,874
19,NORMA-8220,875
19,NORMA-29261,876
19,NORMA-14095,877
19,NORMA-6145,878
19,NORMA-9708,879
19,NORMA-9151,880
19,NORMA-1452,881
19,NORMA-12502,882
19,NORMA-1170,883
19,NORMA-8178,884
19,NORMA-21057,885
19,NORMA-13962,886
19,NORMA-12957,887
19,NORMA-4904,888
19,NORMA-4714,889
19,NORMA-4655,890
19,NORMA-7991,891
19,NORMA-4774,892
19,NORMA-23402,893
19,NORMA-14846,894
19,NORMA-4297,895
19,NORMA-5031,896
19,NORMA-13057,897
19,NORMA-14885,898
19,NORMA-21122,899
19,NORMA-25342,900
19,NORMA-21482,901
19,NORMA-3462,902
19,NORMA-4308,903
19,NORMA-3959,904
19,NORMA-5668,905
19,NORMA-4555,906
19,NORMA-20704,907
19,NORMA-10450,908
19,NORMA-15149,909
19,NORMA-7425,910
19,NORMA-8823,911
19,NORMA-6469,912
19,NORMA-9261,913
19,NORMA-21436,914
19,NORMA-14721,915
19,NORMA-26921,916
19,NORMA-25661,917
19,NORMA-5220,918
19,NORMA-9232,919
19,NORMA-2076,920
19,NORMA-4537,921
19,NORMA-15349,922
19,NORMA-20092,923
19,NORMA-10157,924
19,NORMA-755,925
19,NORMA-10113,926
19,NORMA-28243,927
19,NORMA-10014,928
19,NORMA-2337,929
19,NORMA-8920,930
19,NORMA-18181,931
19,NORMA-9612,932
19,NORMA-12393,933
19,NORMA-5062,934
19,NORMA-7917,935
19,NORMA-8748,936
19,NORMA-7436,937
19,NORMA-10756,938
19,NORMA-3798,939
19,NORMA-10867,940
19,NORMA-5919,941
19,NORMA-8989,942
19,NORMA-8955,943
19,NORMA-1447,944
19,NORMA-4984,945
19,NORMA-9959,946
19,NORMA-7144,947
19,NORMA-7494,948
19,NORMA-5797,949
19,NORMA-3485,950
19,NORMA-9652,951
19,NORMA-18910,952
19,NORMA-25144,953
19,NORMA-24362,954
19,NORMA-8502,955
19,NORMA-7742,956
19,NORMA-5072,957
19,NORMA-8010,958
19,NORMA-8245,959
19,NORMA-12602,960
19,NORMA-10461,961
19,NORMA-9812,962
19,NORMA-6164,963
19,NORMA-5210,964
19,NORMA-4526,965
19,NORMA-6278,966
19,NORMA-8976,967
19,NORMA-11362,968
19,NORMA-3811,969
19,NORMA-2217,970
19,NORMA-7971,971
19,NORMA-4665,972
19,NORMA-11151,973
19,NORMA-9414,974
19,NORMA-27381,975
19,NORMA-9757,976
19,NORMA-4538,977
19,NORMA-21370,978
19,NORMA-10758,979
19,NORMA-15011,980
19,NORMA-9234,981
19,NORMA-8749,982
19,NORMA-4519,983
19,NORMA-13402,984
19,NORMA-10324,985
19,NORMA-1373,986
19,NORMA-8889,987
19,NORMA-27550,988
19,NORMA-13510,989
19,NORMA-15311,990
19,NORMA-15865,991
19,NORMA-10509,992
19,NORMA-6066,993
19,NORMA-2043,994
19,NORMA-9542,995
19,NORMA-10815,996
19,NORMA-5409,997
19,NORMA-15401,998
19,NORMA-20833,999
19,NORMA-25261,1000
20,NORMA-27081,1
20,NORMA-27942,2
20,NORMA-29023,3
20,NORMA-24221,4
20,NORMA-22921,5
20,NORMA-23081,6
20,NORMA-25841,7
20,NORMA-29185,8
20,NORMA-26041,9
20,NORMA-27202,10
20,NORMA-24842,11
20,NORMA-29008,12
20,NORMA-27623,13
20,NORMA-29861,14
20,NORMA-26563,15
20,NORMA-27901,16
20,NORMA-23181,17
20,NORMA-29621,18
20,NORMA-27181,19
20,NORMA-28461,20
20,NORMA-27201,21
20,NORMA-27021,22
20,NORMA-24341,23
20,NORMA-25141,24
20,NORMA-25262,25
20,NORMA-27421,26
20,NORMA-28583,27
20,NORMA-25203,28
20,NORMA-27584,29
20,NORMA-26565,30
20,NORMA-25204,31
20,NORMA-25524,32
20,NORMA-28043,33
20,NORMA-23841,34
20,NORMA-24823,35
20,NORMA-26564,36
20,NORMA-25205,37
20,NORMA-26421,38
20,NORMA-27605,39
20,NORMA-9407,40
20,NORMA-28581,41
20,NORMA-29655,42
20,NORMA-24881,43
20,NORMA-9610,44
20,NORMA-24841,45
20,NORMA-28601,46
20,NORMA-27688,47
20,NORMA-26886,48
20,NORMA-20073,49
20,NORMA-10170,50
20,NORMA-23761,51
20,NORMA-21587,52
20,NORMA-23621,53
20,NORMA-10108,54
20,NORMA-10248,55
20,NORMA-29184,56
20,NORMA-9654,57
20,NORMA-13678,58
20,NORMA-9552,59
20,NORMA-10283,60
20,NORMA-11070,61
20,NORMA-12540,62
20,NORMA-23543,63
20,NORMA-11067,64
20,NORMA-10909,65
20,NORMA-7269,66
20,NORMA-10124,67
20,NORMA-9397,68
20,NORMA-9118,69
20,NORMA-7036,70
20,NORMA-8936,71
20,NORMA-6448,72
20,NORMA-14185,73
20,NORMA-10660,74
20,NORMA-7271,75
20,NORMA-10194,76
20,NORMA-7669,77
20,NORMA-7586,78
20,NORMA-25941,79
20,NORMA-14844,80
20,NORMA-9396,81
20,NORMA-22321,82
20,NORMA-7627,83
20,NORMA-9977,84
20,NORMA-14030,85
20,NORMA-22221,86
20,NORMA-21716,87
20,NORMA-24821,88
20,NORMA-8354,89
20,NORMA-13478,90
20,NORMA-8355,91
20,NORMA-22121,92
20,NORMA-14352,93
20,NORMA-10540,94
20,NORMA-7402,95
20,NORMA-13945,96
20,NORMA-11412,97
20,NORMA-10875,98
20,NORMA-15199,99
20,NORMA-10494,100
20,NORMA-14572,101
20,NORMA-10071,102
20,NORMA-13557,103
20,NORMA-11305,104
20,NORMA-14915,105
20,NORMA-11160,106
20,NORMA-12559,107
20,NORMA-15279,108
20,NORMA-12847,109
20,NORMA-17141,110
20,NORMA-18141,111
20,NORMA-18886,112
20,NORMA-7330,113
20,NORMA-19006,114
20,NORMA-7359,115
20,NORMA-10107,116
20,NORMA-8704,117
20,NORMA-13949,118
20,NORMA-23541,119
20,NORMA-12320,120
20,NORMA-19991,121
20,NORMA-7357,122
20,NORMA-13875,123
20,NORMA-8024,124
20,NORMA-7646,125
20,NORMA-12966,126
20,NORMA-13360,127
20,NORMA-21160,128
20,NORMA-7109,129
20,NORMA-23741,130
20,NORMA-19769,131
20,NORMA-12376,132
20,NORMA-10404,133
20,NORMA-10885,134
20,NORMA-15346,135
20,NORMA-15031,136
20,NORMA-12929,137
20,NORMA-14238,138
20,NORMA-19027,139
20,NORMA-12082,140
20,NORMA-13283,141
20,NORMA-7119,142
20,NORMA-10125,143
20,NORMA-10193,144
20,NORMA-13590,145
20,NORMA-13647,146
20,NORMA-14519,147
20,NORMA-6173,148
20,NORMA-9947,149
20,NORMA-19403,150
20,NORMA-7270,151
20,NORMA-17681,152
20,NORMA-9999,153
20,NORMA-11227,154
20,NORMA-10144,155
20,NORMA-9551,156
20,NORMA-13841,157
20,NORMA-14192,158
20,NORMA-11935,159
20,NORMA-14698,160
20,NORMA-9674,161
20,NORMA-11364,162
20,NORMA-10133,163
20,NORMA-21535,164
20,NORMA-13461,165
20,NORMA-13395,166
20,NORMA-26662,167
20,NORMA-9507,168
20,NORMA-16541,169
20,NORMA-19864,170
20,NORMA-22341,171
20,NORMA-10243,172
20,NORMA-12565,173
20,NORMA-7594,174
20,NORMA-10742,175
20,NORMA-10495,176
20,NORMA-9040,177
20,NORMA-14237,178
20,NORMA-21277,179
20,NORMA-14503,180
20,NORMA-28141,181
20,NORMA-14518,182
20,NORMA-18906,183
20,NORMA-11079,184
20,NORMA-14265,185
20,NORMA-11593,186
20,NORMA-5428,187
20,NORMA-12417,188
20,NORMA-27304,189
20,NORMA-8112,190
20,NORMA-13710,191
20,NORMA-9989,192
20,NORMA-9784,193
20,NORMA-13636,194
20,NORMA-12557,195
20,NORMA-8596,196
20,NORMA-18290,197
20,NORMA-9116,198
20,NORMA-11326,199
20,NORMA-18143,200
20,NORMA-11400,201
20,NORMA-12728,202
20,NORMA-4221,203
20,NORMA-13221,204
20,NORMA-21075,205
20,NORMA-26661,206
20,NORMA-13330,207
20,NORMA-18313,208
20,NORMA-14603,209
20,NORMA-9295,210
20,NORMA-12675,211
20,NORMA-9996,212
20,NORMA-14338,213
20,NORMA-9225,214
20,NORMA-12287,215
20,NORMA-10171,216
20,NORMA-27681,217
20,NORMA-20016,218
20,NORMA-14228,219
20,NORMA-6777,220
20,NORMA-10551,221
20,NORMA-18280,222
20,NORMA-14335,223
20,NORMA-6823,224
20,NORMA-19448,225
20,NORMA-24742,226
20,NORMA-13352,227
20,NORMA-6661,228
20,NORMA-11468,229
20,NORMA-14496,230
20,NORMA-9454,231
20,NORMA-14376,232
20,NORMA-18701,233
20,NORMA-18324,234
20,NORMA-8521,235
20,NORMA-13733,236
20,NORMA-15012,237
20,NORMA-18260,238
20,NORMA-15323,239
20,NORMA-12718,240
20,NORMA-12996,241
20,NORMA-13898,242
20,NORMA-21459,243
20,NORMA-8018,244
20,NORMA-10594,245
20,NORMA-12535,246
20,NORMA-13546,247
20,NORMA-18327,248
20,NORMA-6239,249
20,NORMA-6371,250
20,NORMA-21318,251
20,NORMA-14692,252
20,NORMA-23742,253
20,NORMA-18856,254
20,NORMA-20692,255
20,NORMA-21129,256
20,NORMA-10812,257
20,NORMA-14927,258
20,NORMA-14497,259
20,NORMA-18269,260
20,NORMA-18460,261
20,NORMA-7186,262
20,NORMA-14531,263
20,NORMA-15052,264
20,NORMA-12278,265
20,NORMA-24082,266
20,NORMA-19902,267
20,NORMA-18871,268
20,NORMA-20306,269
20,NORMA-20703,270
20,NORMA-13030,271
20,NORMA-13674,272
20,NORMA-28701,273
20,NORMA-10783,274
20,NORMA-9931,275
20,NORMA-15065,276
20,NORMA-20302,277
20,NORMA-18677,278
20,NORMA-24763,279
20,NORMA-14815,280
20,NORMA-18142,281
20,NORMA-9375,282
20,NORMA-9207,283
20,NORMA-8764,284
20,NORMA-14694,285
20,NORMA-18562,286
20,NORMA-27522,287
20,NORMA-18215,288
20,NORMA-7595,289
20,NORMA-9960,290
20,NORMA-14107,291
20,NORMA-13144,292
20,NORMA-13176,293
20,NORMA-15082,294
20,NORMA-20738,295
20,NORMA-28201,296
20,NORMA-21717,297
20,NORMA-12520,298
20,NORMA-11943,299
20,NORMA-12468,300
20,NORMA-8459,301
20,NORMA-14098,302
20,NORMA-18245,303
20,NORMA-9476,304
20,NORMA-18271,305
20,NORMA-14193,306
20,NORMA-18391,307
20,NORMA-5312,308
20,NORMA-19653,309
20,NORMA-9446,310
20,NORMA-6834,311
20,NORMA-20288,312
20,NORMA-28463,313
20,NORMA-21037,314
20,NORMA-20983,315
20,NORMA-20506,316
20,NORMA-21666,317
20,NORMA-21591,318
20,NORMA-25543,319
20,NORMA-13537,320
20,NORMA-10888,321
20,NORMA-14163,322
20,NORMA-20285,323
20,NORMA-3472,324
20,NORMA-9979,325
20,NORMA-21764,326
20,NORMA-13797,327
20,NORMA-21170,328
20,NORMA-18314,329
20,NORMA-19004,330
20,NORMA-13700,331
20,NORMA-6367,332
20,NORMA-18884,333
20,NORMA-20696,334
20,NORMA-18351,335
20,NORMA-25082,336
20,NORMA-20791,337
20,NORMA-13955,338
20,NORMA-13192,339
20,NORMA-14144,340
20,NORMA-19331,341
20,NORMA-18997,342
20,NORMA-13213,343
20,NORMA-12521,344
20,NORMA-21011,345
20,NORMA-27701,346
20,NORMA-21010,347
20,NORMA-18900,348
20,NORMA-29004,349
20,NORMA-9740,350
20,NORMA-4804,351
20,NORMA-20034,352
20,NORMA-27502,353
20,NORMA-14709,354
20,NORMA-19127,355
20,NORMA-20298,356
20,NORMA-13582,357
20,NORMA-10255,358
20,NORMA-19467,359
20,NORMA-5792,360
20,NORMA-13752,361
20,NORMA-14872,362
20,NORMA-14828,363
20,NORMA-14597,364
20,NORMA-20652,365
20,NORMA-11443,366
20,NORMA-20936,367
20,NORMA-20597,368
20,NORMA-13746,369
20,NORMA-18790,370
20,NORMA-12950,371
20,NORMA-15167,372
20,NORMA-20963,373
20,NORMA-19585,374
20,NORMA-19639,375
20,NORMA-4685,376
20,NORMA-20529,377
20,NORMA-14538,378
20,NORMA-18939,379
20,NORMA-20297,380
20,NORMA-19090,381
20,NORMA-18626,382
20,NORMA-21585,383
20,NORMA-4396,384
20,NORMA-19079,385
20,NORMA-13789,386
20,NORMA-18949,387
20,NORMA-15371,388
20,NORMA-14306,389
20,NORMA-19241,390
20,NORMA-20967,391
20,NORMA-21278,392
20,NORMA-19407,393
20,NORMA-12839,394
20,NORMA-20262,395
20,NORMA-21312,396
20,NORMA-18932,397
20,NORMA-18289,398
20,NORMA-4355,399
20,NORMA-19852,400
20,NORMA-18929,401
20,NORMA-15643,402
20,NORMA-12704,403
20,NORMA-18847,404
20,NORMA-19013,405
20,NORMA-20637,406
20,NORMA-21416,407
20,NORMA-19870,408
20,NORMA-12613,409
20,NORMA-7250,410
20,NORMA-19246,411
20,NORMA-19951,412
20,NORMA-20269,413
20,NORMA-27365,414
20,NORMA-19052,415
20,NORMA-18244,416
20,NORMA-18448,417
20,NORMA-20138,418
20,NORMA-21732,419
20,NORMA-6323,420
20,NORMA-12888,421
20,NORMA-21526,422
20,NORMA-21283,423
20,NORMA-18989,424
20,NORMA-19623,425
20,NORMA-20713,426
20,NORMA-15396,427
20,NORMA-20151,428
20,NORMA-21448,429
20,NORMA-15071,430
20,NORMA-20536,431
20,NORMA-6736,432
20,NORMA-19375,433
20,NORMA-20113,434
20,NORMA-20863,435
20,NORMA-20438,436
20,NORMA-10208,437
20,NORMA-5814,438
20,NORMA-21465,439
20,NORMA-18673,440
20,NORMA-19679,441
20,NORMA-1718,442
20,NORMA-20781,443
20,NORMA-21793,444
20,NORMA-22661,445
20,NORMA-20613,446
20,NORMA-14998,447
20,NORMA-20523,448
20,NORMA-21045,449
20,NORMA-21140,450
20,NORMA-21575,451
20,NORMA-19939,452
20,NORMA-12770,453
20,NORMA-20062,454
20,NORMA-21534,455
20,NORMA-19182,456
20,NORMA-21056,457
20,NORMA-9855,458
20,NORMA-3589,459
20,NORMA-7387,460
20,NORMA-21576,461
20,NORMA-21281,462
20,NORMA-18686,463
20,NORMA-20617,464
20,NORMA-19820,465
20,NORMA-18352,466
20,NORMA-19733,467
20,NORMA-20640,468
20,NORMA-20955,469
20,NORMA-21200,470
20,NORMA-18381,471
20,NORMA-21794,472
20,NORMA-9928,473
20,NORMA-19525,474
20,NORMA-20097,475
20,NORMA-19926,476
20,NORMA-21623,477
20,NORMA-18675,478
20,NORMA-20582,479
20,NORMA-5372,480
20,NORMA-12846,481
20,NORMA-20644,482
20,NORMA-12672,483
20,NORMA-21280,484
20,NORMA-7848,485
20,NORMA-9794,486
20,NORMA-9597,487
20,NORMA-11584,488
20,NORMA-19636,489
20,NORMA-20629,490
20,NORMA-16443,491
20,NORMA-13987,492
20,NORMA-9959,493
20,NORMA-20056,494
20,NORMA-20084,495
20,NORMA-19265,496
20,NORMA-1407,497
20,NORMA-19709,498
20,NORMA-18875,499
20,NORMA-21487,500
20,NORMA-14987,501
20,NORMA-13706,502
20,NORMA-1705,503
20,NORMA-9824,504
20,NORMA-16442,505
20,NORMA-8269,506
20,NORMA-20067,507
20,NORMA-21141,508
20,NORMA-19151,509
20,NORMA-21690,510
20,NORMA-18829,511
20,NORMA-19648,512
20,NORMA-19760,513
20,NORMA-14724,514
20,NORMA-20685,515
20,NORMA-5195,516
20,NORMA-7225,517
20,NORMA-13718,518
20,NORMA-21250,519
20,NORMA-19727,520
20,NORMA-23981,521
20,NORMA-20081,522
20,NORMA-28703,523
20,NORMA-25682,524
20,NORMA-18990,525
20,NORMA-14413,526
20,NORMA-5913,527
20,NORMA-18904,528
20,NORMA-19741,529
20,NORMA-18751,530
20,NORMA-5340,531
20,NORMA-20276,532
20,NORMA-23965,533
20,NORMA-13729,534
20,NORMA-21353,535
20,NORMA-16441,536
20,NORMA-20518,537
20,NORMA-4003,538
20,NORMA-9803,539
20,NORMA-9739,540
20,NORMA-5985,541
20,NORMA-5136,542
20,NORMA-12338,543
20,NORMA-18889,544
20,NORMA-20924,545
20,NORMA-19570,546
20,NORMA-12786,547
20,NORMA-20632,548
20,NORMA-18267,549
20,NORMA-18689,550
20,NORMA-19082,551
20,NORMA-19426,552
20,NORMA-20094,553
20,NORMA-19595,554
20,NORMA-4900,555
20,NORMA-21306,556
20,NORMA-9737,557
20,NORMA-19780,558
20,NORMA-10610,559
20,NORMA-12500,560
20,NORMA-21381,561
20,NORMA-6603,562
20,NORMA-19519,563
20,NORMA-19901,564
20,NORMA-14967,565
20,NORMA-21601,566
20,NORMA-12671,567
20,NORMA-20093,568
20,NORMA-19088,569
20,NORMA-6278,570
20,NORMA-19235,571
20,NORMA-18795,572
20,NORMA-2589,573
20,NORMA-15272,574
20,NORMA-21447,575
20,NORMA-6982,576
20,NORMA-13685,577
20,NORMA-8525,578
20,NORMA-2135,579
20,NORMA-18629,580
20,NORMA-13158,581
20,NORMA-21442,582
20,NORMA-12997,583
20,NORMA-20524,584
20,NORMA-6049,585
20,NORMA-18896,586
20,NORMA-19489,587
20,NORMA-21083,588
20,NORMA-26362,589
20,NORMA-19101,590
20,NORMA-9010,591
20,NORMA-18221,592
20,NORMA-3836,593
20,NORMA-18604,594
20,NORMA-20599,595
20,NORMA-5406,596
20,NORMA-19565,597
20,NORMA-4824,598
20,NORMA-7222,599
20,NORMA-4786,600
20,NORMA-7074,601
20,NORMA-4849,602
20,NORMA-28663,603
20,NORMA-23721,604
20,NORMA-10669,605
20,NORMA-13481,606
20,NORMA-4561,607
20,NORMA-10206,608
20,NORMA-19280,609
20,NORMA-18727,610
20,NORMA-14727,611
20,NORMA-6145,612
20,NORMA-10787,613
20,NORMA-12530,614
20,NORMA-9861,615
20,NORMA-1445,616
20,NORMA-19303,617
20,NORMA-14742,618
20,NORMA-21355,619
20,NORMA-18902,620
20,NORMA-19815,621
20,NORMA-19794,622
20,NORMA-7386,623
20,NORMA-14589,624
20,NORMA-5210,625
20,NORMA-6783,626
20,NORMA-20736,627
20,NORMA-18624,628
20,NORMA-20516,629
20,NORMA-8580,630
20,NORMA-9862,631
20,NORMA-14411,632
20,NORMA-11041,633
20,NORMA-19175,634
20,NORMA-20668,635
20,NORMA-18557,636
20,NORMA-20655,637
20,NORMA-12798,638
20,NORMA-9628,639
20,NORMA-19737,640
20,NORMA-18959,641
20,NORMA-19748,642
20,NORMA-20058,643
20,NORMA-9741,644
20,NORMA-20079,645
20,NORMA-21554,646
20,NORMA-19749,647
20,NORMA-27044,648
20,NORMA-18764,649
20,NORMA-21060,650
20,NORMA-21186,651
20,NORMA-20864,652
20,NORMA-8706,653
20,NORMA-21774,654
20,NORMA-14547,655
20,NORMA-11356,656
20,NORMA-23101,657
20,NORMA-15382,658
20,NORMA-7313,659
20,NORMA-20510,660
20,NORMA-20509,661
20,NORMA-21748,662
20,NORMA-18251,663
20,NORMA-18493,664
20,NORMA-18881,665
20,NORMA-20562,666
20,NORMA-8970,667
20,NORMA-4480,668
20,NORMA-21044,669
20,NORMA-6226,670
20,NORMA-13664,671
20,NORMA-20221,672
20,NORMA-13222,673
20,NORMA-19998,674
20,NORMA-18246,675
20,NORMA-21368,676
20,NORMA-9223,677
20,NORMA-18754,678
20,NORMA-9536,679
20,NORMA-9857,680
20,NORMA-15029,681
20,NORMA-1662,682
20,NORMA-21581,683
20,NORMA-11156,684
20,NORMA-18927,685
20,NORMA-11974,686
20,NORMA-25101,687
20,NORMA-18674,688
20,NORMA-20245,689
20,NORMA-20060,690
20,NORMA-6076,691
20,NORMA-20987,692
20,NORMA-10788,693
20,NORMA-18940,694
20,NORMA-6147,695
20,NORMA-7844,696
20,NORMA-21751,697
20,NORMA-8158,698
20,NORMA-27364,699
20,NORMA-5219,700
20,NORMA-19775,701
20,NORMA-20591,702
20,NORMA-9936,703
20,NORMA-27642,704
20,NORMA-21291,705
20,NORMA-14227,706
20,NORMA-21409,707
20,NORMA-6222,708
20,NORMA-18243,709
20,NORMA-19915,710
20,NORMA-15094,711
20,NORMA-10260,712
20,NORMA-10668,713
20,NORMA-21209,714
20,NORMA-13686,715
20,NORMA-1114,716
20,NORMA-10017,717
20,NORMA-8096,718
20,NORMA-7494,719
20,NORMA-3785,720
20,NORMA-19167,721
20,NORMA-20883,722
20,NORMA-4492,723
20,NORMA-9078,724
20,NORMA-10018,725
20,NORMA-12820,726
20,NORMA-13263,727
20,NORMA-20737,728
20,NORMA-9708,729
20,NORMA-6347,730
20,NORMA-13470,731
20,NORMA-19931,732
20,NORMA-21636,733
20,NORMA-9783,734
20,NORMA-19326,735
20,NORMA-5672,736
20,NORMA-21770,737
20,NORMA-21674,738
20,NORMA-20605,739
20,NORMA-20586,740
20,NORMA-12987,741
20,NORMA-7196,742
20,NORMA-8762,743
20,NORMA-9349,744
20,NORMA-6062,745
20,NORMA-21420,746
20,NORMA-18559,747
20,NORMA-21697,748
20,NORMA-10785,749
20,NORMA-9744,750
20,NORMA-6618,751
20,NORMA-20771,752
20,NORMA-18733,753
20,NORMA-20649,754
20,NORMA-18730,755
20,NORMA-20305,756
20,NORMA-5552,757
20,NORMA-20190,758
20,NORMA-14904,759
20,NORMA-19592,760
20,NORMA-13726,761
20,NORMA-4080,762
20,NORMA-9856,763
20,NORMA-18942,764
20,NORMA-20601,765
20,NORMA-1740,766
20,NORMA-10595,767
20,NORMA-10443,768
20,NORMA-5090,769
20,NORMA-2447,770
20,NORMA-21049,771
20,NORMA-11151,772
20,NORMA-4689,773
20,NORMA-9618,774
20,NORMA-13299,775
20,NORMA-7845,776
20,NORMA-11315,777
20,NORMA-18347,778
20,NORMA-10122,779
20,NORMA-13393,780
20,NORMA-13918,781
20,NORMA-18516,782
20,NORMA-20697,783
20,NORMA-8684,784
20,NORMA-25202,785
20,NORMA-14344,786
20,NORMA-19762,787
20,NORMA-9853,788
20,NORMA-13476,789
20,NORMA-14116,790
20,NORMA-19080,791
20,NORMA-7910,792
20,NORMA-20783,793
20,NORMA-18242,794
20,NORMA-10690,795
20,NORMA-12956,796
20,NORMA-18962,797
20,NORMA-19548,798
20,NORMA-4627,799
20,NORMA-20876,800
20,NORMA-18390,801
20,NORMA-9423,802
20,NORMA-20200,803
20,NORMA-18021,804
20,NORMA-20255,805
20,NORMA-5555,806
20,NORMA-13466,807
20,NORMA-20643,808
20,NORMA-16321,809
20,NORMA-3985,810
20,NORMA-5885,811
20,NORMA-9234,812
20,NORMA-18687,813
20,NORMA-19851,814
20,NORMA-19788,815
20,NORMA-14644,816
20,NORMA-12490,817
20,NORMA-12303,818
20,NORMA-9169,819
20,NORMA-20044,820
20,NORMA-20111,821
20,NORMA-5437,822
20,NORMA-14746,823
20,NORMA-18972,824
20,NORMA-9848,825
20,NORMA-21120,826
20,NORMA-7223,827
20,NORMA-20059,828
20,NORMA-8205,829
20,NORMA-6789,830
20,NORMA-7994,831
20,NORMA-19742,832
20,NORMA-4322,833
20,NORMA-13591,834
20,NORMA-16581,835
20,NORMA-14937,836
20,NORMA-4141,837
20,NORMA-18946,838
20,NORMA-13991,839
20,NORMA-20712,840
20,NORMA-6984,841
20,NORMA-4296,842
20,NORMA-6164,843
20,NORMA-17001,844
20,NORMA-12431,845
20,NORMA-13897,846
20,NORMA-9521,847
20,NORMA-3725,848
20,NORMA-3954,849
20,NORMA-5920,850
20,NORMA-5872,851
20,NORMA-12733,852
20,NORMA-6903,853
20,NORMA-8643,854
20,NORMA-15339,855
20,NORMA-18302,856
20,NORMA-13660,857
20,NORMA-3872,858
20,NORMA-5561,859
20,NORMA-13159,860
20,NORMA-20162,861
20,NORMA-15105,862
20,NORMA-16147,863
20,NORMA-22741,864
20,NORMA-26861,865
20,NORMA-14241,866
20,NORMA-10573,867
20,NORMA-20939,868
20,NORMA-12415,869
20,NORMA-18722,870
20,NORMA-13098,871
20,NORMA-21065,872
20,NORMA-21285,873
20,NORMA-20646,874
20,NORMA-3828,875
20,NORMA-21687,876
20,NORMA-6968,877
20,NORMA-7621,878
20,NORMA-19589,879
20,NORMA-20511,880
20,NORMA-3901,881
20,NORMA-18916,882
20,NORMA-21041,883
20,NORMA-18584,884
20,NORMA-21191,885
20,NORMA-5890,886
20,NORMA-13276,887
20,NORMA-19569,888
20,NORMA-8161,889
20,NORMA-10116,890
20,NORMA-20299,891
20,NORMA-20163,892
20,NORMA-20642,893
20,NORMA-11442,894
20,NORMA-4560,895
20,NORMA-9802,896
20,NORMA-18593,897
20,NORMA-18565,898
20,NORMA-21274,899
20,NORMA-19067,900
20,NORMA-19282,901
20,NORMA-9724,902
20,NORMA-20704,903
20,NORMA-4549,904
20,NORMA-17541,905
20,NORMA-12815,906
20,NORMA-15781,907
20,NORMA-20779,908
20,NORMA-10285,909
20,NORMA-11754,910
20,NORMA-5736,911
20,NORMA-15251,912
20,NORMA-14485,913
20,NORMA-27761,914
20,NORMA-19191,915
20,NORMA-19806,916
20,NORMA-21128,917
20,NORMA-24902,918
20,NORMA-19765,919
20,NORMA-5891,920
20,NORMA-18464,921
20,NORMA-2337,922
20,NORMA-12911,923
20,NORMA-7303,924
20,NORMA-9847,925
20,NORMA-14056,926
20,NORMA-18895,927
20,NORMA-10493,928
20,NORMA-27746,929
20,NORMA-4413,930
20,NORMA-12923,931
20,NORMA-13124,932
20,NORMA-19518,933
20,NORMA-20846,934
20,NORMA-19746,935
20,NORMA-4193,936
20,NORMA-19385,937
20,NORMA-20951,938
20,NORMA-20841,939
20,NORMA-14197,940
20,NORMA-11946,941
20,NORMA-6456,942
20,NORMA-4767,943
20,NORMA-11932,944
20,NORMA-20693,945
20,NORMA-3839,946
20,NORMA-4630,947
20,NORMA-12066,948
20,NORMA-14457,949
20,NORMA-3789,950
20,NORMA-20810,951
20,NORMA-7518,952
20,NORMA-11729,953
20,NORMA-19755,954
20,NORMA-20268,955
20,NORMA-18729,956
20,NORMA-20698,957
20,NORMA-19481,958
20,NORMA-6031,959
20,NORMA-19770,960
20,NORMA-7389,961
20,NORMA-4194,962
20,NORMA-19442,963
20,NORMA-9162,964
20,NORMA-10944,965
20,NORMA-12272,966
20,NORMA-5708,967
20,NORMA-21151,968
20,NORMA-9316,969
20,NORMA-9072,970
20,NORMA-21335,971
20,NORMA-9164,972
20,NORMA-10461,973
20,NORMA-5833,974
20,NORMA-20894,975
20,NORMA-12837,976
20,NORMA-18602,977
20,NORMA-20286,978
20,NORMA-11085,979
20,NORMA-29101,980
20,NORMA-20645,981
20,NORMA-19718,982
20,NORMA-28801,983
20,NORMA-4139,984
20,NORMA-14425,985
20,NORMA-19970,986
20,NORMA-18781,987
20,NORMA-9714,988
20,NORMA-8156,989
20,NORMA-5503,990
20,NORMA-6788,991
20,NORMA-9666,992
20,NORMA-29261,993
20,NORMA-9626,994
20,NORMA-13308,995
20,NORMA-17702,996
20,NORMA-14510,997
20,NORMA-11297,998
20,NORMA-18928,999
20,NORMA-15032,1000
21,NORMA-19643,1
21,NORMA-21659,2
21,NORMA-21676,3
21,NORMA-21209,4
21,NORMA-19017,5
21,NORMA-2249,6
21,NORMA-20985,7
21,NORMA-15060,8
21,NORMA-31903,9
21,NORMA-21628,10
21,NORMA-18227,11
21,NORMA-19472,12
21,NORMA-21611,13
21,NORMA-22461,14
21,NORMA-2043,15
21,NORMA-21220,16
21,NORMA-2047,17
21,NORMA-5372,18
21,NORMA-24582,19
21,NORMA-26701,20
21,NORMA-21451,21
21,NORMA-20445,22
21,NORMA-1398,23
21,NORMA-19381,24
21,NORMA-9493,25
21,NORMA-15071,26
21,NORMA-2496,27
21,NORMA-19256,28
21,NORMA-10422,29
21,NORMA-19062,30
21,NORMA-21254,31
21,NORMA-7028,32
21,NORMA-20705,33
21,NORMA-18769,34
21,NORMA-2473,35
21,NORMA-20893,36
21,NORMA-3503,37
21,NORMA-21734,38
21,NORMA-5607,39
21,NORMA-6720,40
21,NORMA-18966,41
21,NORMA-18691,42
21,NORMA-21341,43
21,NORMA-7554,44
21,NORMA-21429,45
21,NORMA-20376,46
21,NORMA-20709,47
21,NORMA-689,48
21,NORMA-19696,49
21,NORMA-20613,50
21,NORMA-18748,51
21,NORMA-21584,52
21,NORMA-20447,53
21,NORMA-1965,54
21,NORMA-21019,55
21,NORMA-20070,56
21,NORMA-6677,57
21,NORMA-21393,58
21,NORMA-2002,59
21,NORMA-1608,60
21,NORMA-2101,61
21,NORMA-23101,62
21,NORMA-7163,63
21,NORMA-13379,64
21,NORMA-26102,65
21,NORMA-20084,66
21,NORMA-9147,67
21,NORMA-18673,68
21,NORMA-14547,69
21,NORMA-1578,70
21,NORMA-1272,71
21,NORMA-13029,72
21,NORMA-19948,73
21,NORMA-21206,74
21,NORMA-18750,75
21,NORMA-18736,76
21,NORMA-6676,77
21,NORMA-6655,78
21,NORMA-19190,79
21,NORMA-12994,80
21,NORMA-15902,81
21,NORMA-21744,82
21,NORMA-20049,83
21,NORMA-22561,84
21,NORMA-11300,85
21,NORMA-14474,86
21,NORMA-7351,87
21,NORMA-19192,88
21,NORMA-12066,89
21,NORMA-18839,90
21,NORMA-2385,91
21,NORMA-13522,92
21,NORMA-27521,93
21,NORMA-21554,94
21,NORMA-21356,95
21,NORMA-1846,96
21,NORMA-14387,97
21,NORMA-19615,98
21,NORMA-17221,99
21,NORMA-21550,100
21,NORMA-1283,101
21,NORMA-20677,102
21,NORMA-13298,103
21,NORMA-1163,104
21,NORMA-7326,105
21,NORMA-19587,106
21,NORMA-27001,107
21,NORMA-13718,108
21,NORMA-6665,109
21,NORMA-1841,110
21,NORMA-21387,111
21,NORMA-20298,112
21,NORMA-19621,113
21,NORMA-21326,114
21,NORMA-19096,115
21,NORMA-19590,116
21,NORMA-21351,117
21,NORMA-21590,118
21,NORMA-3181,119
21,NORMA-13135,120
21,NORMA-14987,121
21,NORMA-11692,122
21,NORMA-20234,123
21,NORMA-12526,124
21,NORMA-13215,125
21,NORMA-25645,126
21,NORMA-6965,127
21,NORMA-18855,128
21,NORMA-21648,129
21,NORMA-20683,130
21,NORMA-6177,131
21,NORMA-1365,132
21,NORMA-18216,133
21,NORMA-1334,134
21,NORMA-18247,135
21,NORMA-21344,136
21,NORMA-9626,137
21,NORMA-21781,138
21,NORMA-13136,139
21,NORMA-23222,140
21,NORMA-9481,141
21,NORMA-21630,142
21,NORMA-27247,143
21,NORMA-24903,144
21,NORMA-19014,145
21,NORMA-19020,146
21,NORMA-6395,147
21,NORMA-9835,148
21,NORMA-20039,149
21,NORMA-6633,150
21,NORMA-18631,151
21,NORMA-21562,152
21,NORMA-20758,153
21,NORMA-23521,154
21,NORMA-13545,155
21,NORMA-18992,156
21,NORMA-21328,157
21,NORMA-15337,158
21,NORMA-20041,159
21,NORMA-20397,160
21,NORMA-6782,161
21,NORMA-22141,162
21,NORMA-20599,163
21,NORMA-13094,164
21,NORMA-27341,165
21,NORMA-1373,166
21,NORMA-5849,167
21,NORMA-20285,168
21,NORMA-2367,169
21,NORMA-20188,170
21,NORMA-883,171
21,NORMA-850,172
21,NORMA-21235,173
21,NORMA-178,174
21,NORMA-18341,175
21,NORMA-21443,176
21,NORMA-8931,177
21,NORMA-26567,178
21,NORMA-18981,179
21,NORMA-19205,180
21,NORMA-20159,181
21,NORMA-6877,182
21,NORMA-20994,183
21,NORMA-11759,184
21,NORMA-18695,185
21,NORMA-6389,186
21,NORMA-18958,187
21,NORMA-19606,188
21,NORMA-19113,189
21,NORMA-2,190
21,NORMA-2157,191
21,NORMA-13697,192
21,NORMA-18404,193
21,NORMA-22101,194
21,NORMA-19191,195
21,NORMA-15802,196
21,NORMA-9932,197
21,NORMA-10042,198
21,NORMA-5141,199
21,NORMA-20139,200
21,NORMA-20898,201
21,NORMA-9834,202
21,NORMA-20425,203
21,NORMA-4954,204
21,NORMA-13637,205
21,NORMA-2184,206
21,NORMA-6033,207
21,NORMA-21766,208
21,NORMA-7100,209
21,NORMA-10275,210
21,NORMA-21729,211
21,NORMA-13445,212
21,NORMA-20206,213
21,NORMA-18212,214
21,NORMA-1332,215
21,NORMA-11454,216
21,NORMA-18536,217
21,NORMA-21168,218
21,NORMA-17683,219
21,NORMA-14000,220
21,NORMA-20837,221
21,NORMA-29146,222
21,NORMA-18436,223
21,NORMA-9078,224
21,NORMA-20185,225
21,NORMA-2417,226
21,NORMA-6186,227
21,NORMA-18732,228
21,NORMA-6088,229
21,NORMA-14307,230
21,NORMA-19969,231
21,NORMA-4035,232
21,NORMA-1619,233
21,NORMA-21638,234
21,NORMA-28221,235
21,NORMA-14648,236
21,NORMA-10267,237
21,NORMA-28362,238
21,NORMA-27221,239
21,NORMA-13167,240
21,NORMA-20058,241
21,NORMA-11655,242
21,NORMA-19570,243
21,NORMA-6999,244
21,NORMA-20429,245
21,NORMA-14814,246
21,NORMA-13473,247
21,NORMA-19879,248
21,NORMA-893,249
21,NORMA-13371,250
21,NORMA-9700,251
21,NORMA-3908,252
21,NORMA-9984,253
21,NORMA-12246,254
21,NORMA-28801,255
21,NORMA-19646,256
21,NORMA-6702,257
21,NORMA-20525,258
21,NORMA-18254,259
21,NORMA-19933,260
21,NORMA-20072,261
21,NORMA-20202,262
21,NORMA-12372,263
21,NORMA-18884,264
21,NORMA-14239,265
21,NORMA-21166,266
21,NORMA-26124,267
21,NORMA-19684,268
21,NORMA-19927,269
21,NORMA-20838,270
21,NORMA-20208,271
21,NORMA-2551,272
21,NORMA-21225,273
21,NORMA-12107,274
21,NORMA-14657,275
21,NORMA-14661,276
21,NORMA-20924,277
21,NORMA-23641,278
21,NORMA-12635,279
21,NORMA-16381,280
21,NORMA-19624,281
21,NORMA-21434,282
21,NORMA-361,283
21,NORMA-18922,284
21,NORMA-20606,285
21,NORMA-20198,286
21,NORMA-2162,287
21,NORMA-12680,288
21,NORMA-18202,289
21,NORMA-19297,290
21,NORMA-20580,291
21,NORMA-21529,292
21,NORMA-21778,293
21,NORMA-23501,294
21,NORMA-2519,295
21,NORMA-21437,296
21,NORMA-10034,297
21,NORMA-2421,298
21,NORMA-423,299
21,NORMA-25241,300
21,NORMA-18529,301
21,NORMA-833,302
21,NORMA-20873,303
21,NORMA-29145,304
21,NORMA-1252,305
21,NORMA-21537,306
21,NORMA-18646,307
21,NORMA-13571,308
21,NORMA-21698,309
21,NORMA-20477,310
21,NORMA-15644,311
21,NORMA-380,312
21,NORMA-751,313
21,NORMA-6479,314
21,NORMA-21124,315
21,NORMA-9566,316
21,NORMA-12518,317
21,NORMA-13280,318
21,NORMA-16423,319
21,NORMA-5526,320
21,NORMA-21214,321
21,NORMA-14562,322
21,NORMA-13884,323
21,NORMA-20476,324
21,NORMA-15655,325
21,NORMA-6087,326
21,NORMA-1303,327
21,NORMA-10530,328
21,NORMA-5498,329
21,NORMA-27702,330
21,NORMA-4984,331
21,NORMA-976,332
21,NORMA-13021,333
21,NORMA-20852,334
21,NORMA-819,335
21,NORMA-7280,336
21,NORMA-20047,337
21,NORMA-20955,338
21,NORMA-13446,339
21,NORMA-10276,340
21,NORMA-2517,341
21,NORMA-21402,342
21,NORMA-15650,343
21,NORMA-14463,344
21,NORMA-27609,345
21,NORMA-1567,346
21,NORMA-19967,347
21,NORMA-14636,348
21,NORMA-5228,349
21,NORMA-4848,350
21,NORMA-1353,351
21,NORMA-27444,352
21,NORMA-6631,353
21,NORMA-9870,354
21,NORMA-9778,355
21,NORMA-27461,356
21,NORMA-6703,357
21,NORMA-19399,358
21,NORMA-19829,359
21,NORMA-16801,360
21,NORMA-570,361
21,NORMA-19730,362
21,NORMA-1138,363
21,NORMA-10649,364
21,NORMA-1485,365
21,NORMA-2060,366
21,NORMA-18201,367
21,NORMA-12245,368
21,NORMA-13664,369
21,NORMA-14248,370
21,NORMA-19391,371
21,NORMA-2623,372
21,NORMA-3748,373
21,NORMA-13635,374
21,NORMA-28264,375
21,NORMA-4277,376
21,NORMA-19929,377
21,NORMA-20433,378
21,NORMA-15341,379
21,NORMA-18426,380
21,NORMA-1515,381
21,NORMA-15141,382
21,NORMA-8974,383
21,NORMA-21664,384
21,NORMA-14247,385
21,NORMA-19048,386
21,NORMA-19984,387
21,NORMA-11868,388
21,NORMA-12787,389
21,NORMA-328,390
21,NORMA-21012,391
21,NORMA-26881,392
21,NORMA-12978,393
21,NORMA-5490,394
21,NORMA-1,395
21,NORMA-20631,396
21,NORMA-5424,397
21,NORMA-12421,398
21,NORMA-20856,399
21,NORMA-838,400
21,NORMA-9948,401
21,NORMA-21722,402
21,NORMA-20708,403
21,NORMA-19740,404
21,NORMA-19605,405
21,NORMA-1274,406
21,NORMA-19949,407
21,NORMA-19664,408
21,NORMA-15463,409
21,NORMA-13990,410
21,NORMA-15561,411
21,NORMA-21029,412
21,NORMA-20449,413
21,NORMA-20979,414
21,NORMA-26741,415
21,NORMA-6950,416
21,NORMA-13622,417
21,NORMA-13345,418
21,NORMA-19249,419
21,NORMA-14850,420
21,NORMA-2383,421
21,NORMA-9195,422
21,NORMA-20635,423
21,NORMA-1217,424
21,NORMA-14353,425
21,NORMA-26064,426
21,NORMA-18868,427
21,NORMA-21179,428
21,NORMA-7096,429
21,NORMA-20710,430
21,NORMA-8643,431
21,NORMA-19064,432
21,NORMA-9894,433
21,NORMA-9223,434
21,NORMA-9802,435
21,NORMA-6399,436
21,NORMA-2035,437
21,NORMA-15119,438
21,NORMA-29421,439
21,NORMA-20577,440
21,NORMA-4046,441
21,NORMA-9701,442
21,NORMA-20235,443
21,NORMA-10691,444
21,NORMA-14523,445
21,NORMA-21175,446
21,NORMA-14249,447
21,NORMA-11093,448
21,NORMA-20780,449
21,NORMA-19675,450
21,NORMA-28401,451
21,NORMA-21626,452
21,NORMA-1863,453
21,NORMA-9779,454
21,NORMA-12948,455
21,NORMA-20205,456
21,NORMA-4105,457
21,NORMA-7625,458
21,NORMA-14836,459
21,NORMA-29005,460
21,NORMA-20857,461
21,NORMA-19546,462
21,NORMA-20972,463
21,NORMA-13771,464
21,NORMA-15177,465
21,NORMA-20037,466
21,NORMA-20284,467
21,NORMA-417,468
21,NORMA-6753,469
21,NORMA-20682,470
21,NORMA-21237,471
21,NORMA-13338,472
21,NORMA-21208,473
21,NORMA-27381,474
21,NORMA-27244,475
21,NORMA-11638,476
21,NORMA-21675,477
21,NORMA-6318,478
21,NORMA-20224,479
21,NORMA-21251,480
21,NORMA-14625,481
21,NORMA-6183,482
21,NORMA-3901,483
21,NORMA-18243,484
21,NORMA-12790,485
21,NORMA-20268,486
21,NORMA-13547,487
21,NORMA-12351,488
21,NORMA-13080,489
21,NORMA-14779,490
21,NORMA-13524,491
21,NORMA-19634,492
21,NORMA-3942,493
21,NORMA-19337,494
21,NORMA-19461,495
21,NORMA-7307,496
21,NORMA-28082,497
21,NORMA-20948,498
21,NORMA-28166,499
21,NORMA-15110,500
21,NORMA-20641,501
21,NORMA-15964,502
21,NORMA-11601,503
21,NORMA-23581,504
21,NORMA-12209,505
21,NORMA-13349,506
21,NORMA-21657,507
21,NORMA-12507,508
21,NORMA-27551,509
21,NORMA-21767,510
21,NORMA-19578,511
21,NORMA-13134,512
21,NORMA-10692,513
21,NORMA-3854,514
21,NORMA-20797,515
21,NORMA-15603,516
21,NORMA-25561,517
21,NORMA-13486,518
21,NORMA-13079,519
21,NORMA-20248,520
21,NORMA-4019,521
21,NORMA-12464,522
21,NORMA-6747,523
21,NORMA-1388,524
21,NORMA-19734,525
21,NORMA-19955,526
21,NORMA-12707,527
21,NORMA-20976,528
21,NORMA-8261,529
21,NORMA-76,530
21,NORMA-6679,531
21,NORMA-20134,532
21,NORMA-10260,533
21,NORMA-12788,534
21,NORMA-1092,535
21,NORMA-13024,536
21,NORMA-1390,537
21,NORMA-3281,538
21,NORMA-6951,539
21,NORMA-2105,540
21,NORMA-13281,541
21,NORMA-1419,542
21,NORMA-4560,543
21,NORMA-20901,544
21,NORMA-4911,545
21,NORMA-23965,546
21,NORMA-20114,547
21,NORMA-20703,548
21,NORMA-11651,549
21,NORMA-13110,550
21,NORMA-18528,551
21,NORMA-20927,552
21,NORMA-6632,553
21,NORMA-21357,554
21,NORMA-14089,555
21,NORMA-10110,556
21,NORMA-1776,557
21,NORMA-14642,558
21,NORMA-4544,559
21,NORMA-13932,560
21,NORMA-11927,561
21,NORMA-14517,562
21,NORMA-18543,563
21,NORMA-22342,564
21,NORMA-10702,565
21,NORMA-4441,566
21,NORMA-21367,567
21,NORMA-12764,568
21,NORMA-18302,569
21,NORMA-10925,570
21,NORMA-20815,571
21,NORMA-236,572
21,NORMA-12405,573
21,NORMA-736,574
21,NORMA-14941,575
21,NORMA-14297,576
21,NORMA-3837,577
21,NORMA-2694,578
21,NORMA-3855,579
21,NORMA-20939,580
21,NORMA-12952,581
21,NORMA-15275,582
21,NORMA-25643,583
21,NORMA-28101,584
21,NORMA-7234,585
21,NORMA-19780,586
21,NORMA-7196,587
21,NORMA-4885,588
21,NORMA-206,589
21,NORMA-2461,590
21,NORMA-21215,591
21,NORMA-4721,592
21,NORMA-20238,593
21,NORMA-10047,594
21,NORMA-4832,595
21,NORMA-20876,596
21,NORMA-1547,597
21,NORMA-13098,598
21,NORMA-14298,599
21,NORMA-4492,600
21,NORMA-553,601
21,NORMA-21079,602
21,NORMA-9804,603
21,NORMA-12354,604
21,NORMA-534,605
21,NORMA-6685,606
21,NORMA-4703,607
21,NORMA-3001,608
21,NORMA-19652,609
21,NORMA-27443,610
21,NORMA-9828,611
21,NORMA-27402,612
21,NORMA-19548,613
21,NORMA-12958,614
21,NORMA-13452,615
21,NORMA-4031,616
21,NORMA-24921,617
21,NORMA-16261,618
21,NORMA-4016,619
21,NORMA-6622,620
21,NORMA-3382,621
21,NORMA-3241,622
21,NORMA-2058,623
21,NORMA-20269,624
21,NORMA-20431,625
21,NORMA-19952,626
21,NORMA-20798,627
21,NORMA-18954,628
21,NORMA-27552,629
21,NORMA-18685,630
21,NORMA-20869,631
21,NORMA-18722,632
21,NORMA-29261,633
21,NORMA-18559,634
21,NORMA-20632,635
21,NORMA-12062,636
21,NORMA-6442,637
21,NORMA-27726,638
21,NORMA-18754,639
21,NORMA-21651,640
21,NORMA-25783,641
21,NORMA-20922,642
21,NORMA-9234,643
21,NORMA-19724,644
21,NORMA-19328,645
21,NORMA-21751,646
21,NORMA-3971,647
21,NORMA-20920,648
21,NORMA-20191,649
21,NORMA-18878,650
21,NORMA-26941,651
21,NORMA-9072,652
21,NORMA-13989,653
21,NORMA-19630,654
21,NORMA-20102,655
21,NORMA-21696,656
21,NORMA-7149,657
21,NORMA-10062,658
21,NORMA-12827,659
21,NORMA-6559,660
21,NORMA-14263,661
21,NORMA-5136,662
21,NORMA-20090,663
21,NORMA-15391,664
21,NORMA-15237,665
21,NORMA-560,666
21,NORMA-13483,667
21,NORMA-483,668
21,NORMA-20190,669
21,NORMA-8179,670
21,NORMA-6960,671
21,NORMA-20439,672
21,NORMA-1662,673
21,NORMA-23964,674
21,NORMA-3644,675
21,NORMA-2432,676
21,NORMA-14967,677
21,NORMA-12708,678
21,NORMA-13009,679
21,NORMA-20279,680
21,NORMA-13609,681
21,NORMA-1620,682
21,NORMA-10621,683
21,NORMA-19444,684
21,NORMA-24361,685
21,NORMA-19671,686
21,NORMA-19876,687
21,NORMA-9038,688
21,NORMA-13014,689
21,NORMA-2413,690
21,NORMA-15251,691
21,NORMA-21526,692
21,NORMA-21286,693
21,NORMA-4525,694
21,NORMA-3810,695
21,NORMA-15443,696
21,NORMA-19700,697
21,NORMA-19583,698
21,NORMA-13617,699
21,NORMA-1144,700
21,NORMA-630,701
21,NORMA-6868,702
21,NORMA-24961,703
21,NORMA-20926,704
21,NORMA-26222,705
21,NORMA-19092,706
21,NORMA-4162,707
21,NORMA-6176,708
21,NORMA-16445,709
21,NORMA-211,710
21,NORMA-21040,711
21,NORMA-13323,712
21,NORMA-17101,713
21,NORMA-12706,714
21,NORMA-21597,715
21,NORMA-20242,716
21,NORMA-25644,717
21,NORMA-4636,718
21,NORMA-20452,719
21,NORMA-7838,720
21,NORMA-27401,721
21,NORMA-25921,722
21,NORMA-11652,723
21,NORMA-10531,724
21,NORMA-14812,725
21,NORMA-19553,726
21,NORMA-13787,727
21,NORMA-5299,728
21,NORMA-6271,729
21,NORMA-3556,730
21,NORMA-13087,731
21,NORMA-21309,732
21,NORMA-27685,733
21,NORMA-12914,734
21,NORMA-16442,735
21,NORMA-19111,736
21,NORMA-12711,737
21,NORMA-15383,738
21,NORMA-21199,739
21,NORMA-19398,740
21,NORMA-21201,741
21,NORMA-20265,742
21,NORMA-19645,743
21,NORMA-18267,744
21,NORMA-12556,745
21,NORMA-875,746
21,NORMA-26403,747
21,NORMA-4767,748
21,NORMA-8515,749
21,NORMA-19968,750
21,NORMA-15648,751
21,NORMA-19059,752
21,NORMA-3496,753
21,NORMA-21406,754
21,NORMA-18626,755
21,NORMA-21090,756
21,NORMA-2057,757
21,NORMA-8846,758
21,NORMA-18218,759
21,NORMA-10650,760
21,NORMA-10150,761
21,NORMA-29121,762
21,NORMA-19941,763
21,NORMA-21788,764
21,NORMA-5616,765
21,NORMA-12569,766
21,NORMA-12297,767
21,NORMA-3690,768
21,NORMA-14280,769
21,NORMA-21661,770
21,NORMA-19555,771
21,NORMA-1306,772
21,NORMA-680,773
21,NORMA-27861,774
21,NORMA-18955,775
21,NORMA-12514,776
21,NORMA-15881,777
21,NORMA-12916,778
21,NORMA-19815,779
21,NORMA-14026,780
21,NORMA-15137,781
21,NORMA-21621,782
21,NORMA-13959,783
21,NORMA-12496,784
21,NORMA-21126,785
21,NORMA-2059,786
21,NORMA-9732,787
21,NORMA-2563,788
21,NORMA-6253,789
21,NORMA-21013,790
21,NORMA-9940,791
21,NORMA-21477,792
21,NORMA-2456,793
21,NORMA-21205,794
21,NORMA-6250,795
21,NORMA-12188,796
21,NORMA-22501,797
21,NORMA-19128,798
21,NORMA-9898,799
21,NORMA-9200,800
21,NORMA-22281,801
21,NORMA-21264,802
21,NORMA-19855,803
21,NORMA-17481,804
21,NORMA-1229,805
21,NORMA-21690,806
21,NORMA-17682,807
21,NORMA-21212,808
21,NORMA-13378,809
21,NORMA-20859,810
21,NORMA-20319,811
21,NORMA-13411,812
21,NORMA-26441,813
21,NORMA-19963,814
21,NORMA-19703,815
21,NORMA-2384,816
21,NORMA-7553,817
21,NORMA-14096,818
21,NORMA-13527,819
21,NORMA-2395,820
21,NORMA-15178,821
21,NORMA-14035,822
21,NORMA-13353,823
21,NORMA-8013,824
21,NORMA-783,825
21,NORMA-20241,826
21,NORMA-14649,827
21,NORMA-5406,828
21,NORMA-18997,829
21,NORMA-19718,830
21,NORMA-28703,831
21,NORMA-2337,832
21,NORMA-19152,833
21,NORMA-20199,834
21,NORMA-16881,835
21,NORMA-13938,836
21,NORMA-25525,837
21,NORMA-12298,838
21,NORMA-8160,839
21,NORMA-14008,840
21,NORMA-21273,841
21,NORMA-13653,842
21,NORMA-5467,843
21,NORMA-20925,844
21,NORMA-14342,845
21,NORMA-14051,846
21,NORMA-21301,847
21,NORMA-18577,848
21,NORMA-17001,849
21,NORMA-10713,850
21,NORMA-14017,851
21,NORMA-2376,852
21,NORMA-13762,853
21,NORMA-12266,854
21,NORMA-2542,855
21,NORMA-20990,856
21,NORMA-21413,857
21,NORMA-18747,858
21,NORMA-19799,859
21,NORMA-6701,860
21,NORMA-12338,861
21,NORMA-12404,862
21,NORMA-16267,863
21,NORMA-16441,864
21,NORMA-25642,865
21,NORMA-27226,866
21,NORMA-1420,867
21,NORMA-13313,868
21,NORMA-2588,869
21,NORMA-19920,870
21,NORMA-13456,871
21,NORMA-10039,872
21,NORMA-18103,873
21,NORMA-20221,874
21,NORMA-2455,875
21,NORMA-8636,876
21,NORMA-19863,877
21,NORMA-12113,878
21,NORMA-19628,879
21,NORMA-14371,880
21,NORMA-13137,881
21,NORMA-4140,882
21,NORMA-9398,883
21,NORMA-27608,884
21,NORMA-13106,885
21,NORMA-9446,886
21,NORMA-18456,887
21,NORMA-15283,888
21,NORMA-2094,889
21,NORMA-13724,890
21,NORMA-21060,891
21,NORMA-19846,892
21,NORMA-15252,893
21,NORMA-19278,894
21,NORMA-27367,895
21,NORMA-6667,896
21,NORMA-10747,897
21,NORMA-969,898
21,NORMA-18832,899
21,NORMA-20929,900
21,NORMA-29603,901
21,NORMA-20166,902
21,NORMA-11976,903
21,NORMA-19627,904
21,NORMA-26141,905
21,NORMA-10787,906
21,NORMA-6621,907
21,NORMA-6666,908
21,NORMA-18677,909
21,NORMA-19729,910
21,NORMA-11173,911
21,NORMA-14585,912
21,NORMA-13034,913
21,NORMA-11831,914
21,NORMA-19910,915
21,NORMA-12159,916
21,NORMA-6711,917
21,NORMA-22241,918
21,NORMA-8522,919
21,NORMA-26062,920
21,NORMA-13693,921
21,NORMA-3985,922
21,NORMA-416,923
21,NORMA-20422,924
21,NORMA-21759,925
21,NORMA-21438,926
21,NORMA-21086,927
21,NORMA-28265,928
21,NORMA-14742,929
21,NORMA-15236,930
21,NORMA-13078,931
21,NORMA-21300,932
21,NORMA-17201,933
21,NORMA-2405,934
21,NORMA-10461,935
21,NORMA-28586,936
21,NORMA-6316,937
21,NORMA-20761,938
21,NORMA-21342,939
21,NORMA-10317,940
21,NORMA-5910,941
21,NORMA-5833,942
21,NORMA-5219,943
21,NORMA-21194,944
21,NORMA-10780,945
21,NORMA-11832,946
21,NORMA-25185,947
21,NORMA-20945,948
21,NORMA-19036,949
21,NORMA-12798,950
21,NORMA-21325,951
21,NORMA-8343,952
21,NORMA-11584,953
21,NORMA-20992,954
21,NORMA-20508,955
21,NORMA-21497,956
21,NORMA-21521,957
21,NORMA-9750,958
21,NORMA-10362,959
21,NORMA-19138,960
21,NORMA-6881,961
21,NORMA-15363,962
21,NORMA-19351,963
21,NORMA-18542,964
21,NORMA-21522,965
21,NORMA-13510,966
21,NORMA-21616,967
21,NORMA-6880,968
21,NORMA-8767,969
21,NORMA-4520,970
21,NORMA-18674,971
21,NORMA-19940,972
21,NORMA-11366,973
21,NORMA-3555,974
21,NORMA-20700,975
21,NORMA-209,976
21,NORMA-13146,977
21,NORMA-6755,978
21,NORMA-18936,979
21,NORMA-2163,980
21,NORMA-2072,981
21,NORMA-9928,982
21,NORMA-15340,983
21,NORMA-15083,984
21,NORMA-13444,985
21,NORMA-21257,986
21,NORMA-21776,987
21,NORMA-6776,988
21,NORMA-18720,989
21,NORMA-13947,990
21,NORMA-6878,991
21,NORMA-20567,992
21,NORMA-20136,993
21,NORMA-11414,994
21,NORMA-28241,995
21,NORMA-21500,996
21,NORMA-21128,997
21,NORMA-28481,998
21,NORMA-21717,999
21,NORMA-5341,1000
23,NORMA-20423,1
23,NORMA-21268,2
23,NORMA-20590,3
23,NORMA-215,4
23,NORMA-4449,5
23,NORMA-8501,6
23,NORMA-4433,7
23,NORMA-20796,8
23,NORMA-2383,9
23,NORMA-4567,10
23,NORMA-778,11
23,NORMA-21540,12
23,NORMA-4829,13
23,NORMA-3514,14
23,NORMA-684,15
23,NORMA-4377,16
23,NORMA-20282,17
23,NORMA-4342,18
23,NORMA-3592,19
23,NORMA-3851,20
23,NORMA-19960,21
23,NORMA-4329,22
23,NORMA-4982,23
23,NORMA-20443,24
23,NORMA-5838,25
23,NORMA-281,26
23,NORMA-5964,27
23,NORMA-1090,28
23,NORMA-4144,29
23,NORMA-3698,30
23,NORMA-4145,31
23,NORMA-20036,32
23,NORMA-1412,33
23,NORMA-4663,34
23,NORMA-3875,35
23,NORMA-4686,36
23,NORMA-3505,37
23,NORMA-280,38
23,NORMA-1298,39
23,NORMA-5415,40
23,NORMA-12920,41
23,NORMA-8165,42
23,NORMA-20603,43
23,NORMA-3943,44
23,NORMA-5500,45
23,NORMA-25902,46
23,NORMA-1650,47
23,NORMA-2461,48
23,NORMA-13831,49
23,NORMA-2120,50
23,NORMA-4840,51
23,NORMA-5519,52
23,NORMA-14162,53
23,NORMA-18308,54
23,NORMA-14735,55
23,NORMA-6000,56
23,NORMA-5327,57
23,NORMA-20490,58
23,NORMA-3479,59
23,NORMA-2377,60
23,NORMA-3540,61
23,NORMA-4365,62
23,NORMA-21742,63
23,NORMA-13999,64
23,NORMA-777,65
23,NORMA-11741,66
23,NORMA-10939,67
23,NORMA-15081,68
23,NORMA-20807,69
23,NORMA-26161,70
23,NORMA-2414,71
23,NORMA-8081,72
23,NORMA-11818,73
23,NORMA-11242,74
23,NORMA-20837,75
23,NORMA-20460,76
23,NORMA-643,77
23,NORMA-10050,78
23,NORMA-20501,79
23,NORMA-20119,80
23,NORMA-26581,81
23,NORMA-5834,82
23,NORMA-1672,83
23,NORMA-5357,84
23,NORMA-20628,85
23,NORMA-8879,86
23,NORMA-5888,87
23,NORMA-24904,88
23,NORMA-1841,89
23,NORMA-18764,90
23,NORMA-20473,91
23,NORMA-19451,92
23,NORMA-3621,93
23,NORMA-14699,94
23,NORMA-265,95
23,NORMA-3553,96
23,NORMA-19896,97
23,NORMA-20487,98
23,NORMA-13962,99
23,NORMA-3904,100
23,NORMA-3835,101
23,NORMA-3708,102
23,NORMA-3885,103
23,NORMA-4442,104
23,NORMA-15276,105
23,NORMA-923,106
23,NORMA-8586,107
23,NORMA-1660,108
23,NORMA-12154,109
23,NORMA-749,110
23,NORMA-6486,111
23,NORMA-14885,112
23,NORMA-12988,113
23,NORMA-6443,114
23,NORMA-29042,115
23,NORMA-2189,116
23,NORMA-3823,117
23,NORMA-20574,118
23,NORMA-13179,119
23,NORMA-18367,120
23,NORMA-21633,121
23,NORMA-6592,122
23,NORMA-8300,123
23,NORMA-3778,124
23,NORMA-7026,125
23,NORMA-11684,126
23,NORMA-3632,127
23,NORMA-122,128
23,NORMA-4618,129
23,NORMA-8904,130
23,NORMA-21048,131
23,NORMA-4026,132
23,NORMA-9102,133
23,NORMA-20369,134
23,NORMA-12773,135
23,NORMA-2426,136
23,NORMA-8720,137
23,NORMA-8779,138
23,NORMA-4762,139
23,NORMA-4915,140
23,NORMA-6066,141
23,NORMA-8677,142
23,NORMA-205,143
23,NORMA-12788,144
23,NORMA-8071,145
23,NORMA-5967,146
23,NORMA-15866,147
23,NORMA-14682,148
23,NORMA-4164,149
23,NORMA-1851,150
23,NORMA-11180,151
23,NORMA-207,152
23,NORMA-16864,153
23,NORMA-12169,154
23,NORMA-11460,155
23,NORMA-9971,156
23,NORMA-8175,157
23,NORMA-664,158
23,NORMA-9171,159
23,NORMA-20366,160
23,NORMA-3470,161
23,NORMA-249,162
23,NORMA-15822,163
23,NORMA-5381,164
23,NORMA-11308,165
23,NORMA-7968,166
23,NORMA-7977,167
23,NORMA-27746,168
23,NORMA-28121,169
23,NORMA-4437,170
23,NORMA-2058,171
23,NORMA-15187,172
23,NORMA-7773,173
23,NORMA-5513,174
23,NORMA-755,175
23,NORMA-1689,176
23,NORMA-20503,177
23,NORMA-607,178
23,NORMA-675,179
23,NORMA-20158,180
23,NORMA-8474,181
23,NORMA-11607,182
23,NORMA-4539,183
23,NORMA-7770,184
23,NORMA-11275,185
23,NORMA-8436,186
23,NORMA-19232,187
23,NORMA-20465,188
23,NORMA-4634,189
23,NORMA-13306,190
23,NORMA-10052,191
23,NORMA-14425,192
23,NORMA-21302,193
23,NORMA-5752,194
23,NORMA-14226,195
23,NORMA-24104,196
23,NORMA-21518,197
23,NORMA-1313,198
23,NORMA-4421,199
23,NORMA-655,200
23,NORMA-10554,201
23,NORMA-8136,202
23,NORMA-5837,203
23,NORMA-7800,204
23,NORMA-13638,205
23,NORMA-4943,206
23,NORMA-10706,207
23,NORMA-14865,208
23,NORMA-5132,209
23,NORMA-6805,210
23,NORMA-4817,211
23,NORMA-1370,212
23,NORMA-13259,213
23,NORMA-3910,214
23,NORMA-7991,215
23,NORMA-12272,216
23,NORMA-3462,217
23,NORMA-8149,218
23,NORMA-7329,219
23,NORMA-20349,220
23,NORMA-13802,221
23,NORMA-14488,222
23,NORMA-6079,223
23,NORMA-985,224
23,NORMA-6662,225
23,NORMA-7659,226
23,NORMA-15115,227
23,NORMA-1315,228
23,NORMA-6396,229
23,NORMA-7416,230
23,NORMA-1033,231
23,NORMA-11264,232
23,NORMA-21657,233
23,NORMA-15823,234
23,NORMA-4580,235
23,NORMA-4112,236
23,NORMA-11605,237
23,NORMA-2574,238
23,NORMA-12846,239
23,NORMA-20468,240
23,NORMA-8082,241
23,NORMA-5377,242
23,NORMA-20488,243
23,NORMA-14648,244
23,NORMA-23022,245
23,NORMA-14336,246
23,NORMA-20834,247
23,NORMA-13025,248
23,NORMA-14006,249
23,NORMA-4860,250
23,NORMA-5612,251
23,NORMA-20403,252
23,NORMA-1132,253
23,NORMA-12566,254
23,NORMA-3342,255
23,NORMA-5776,256
23,NORMA-7687,257
23,NORMA-15401,258
23,NORMA-10279,259
23,NORMA-703,260
23,NORMA-8170,261
23,NORMA-14307,262
23,NORMA-14521,263
23,NORMA-14306,264
23,NORMA-4622,265
23,NORMA-5057,266
23,NORMA-8150,267
23,NORMA-8819,268
23,NORMA-6354,269
23,NORMA-4866,270
23,NORMA-21679,271
23,NORMA-26122,272
23,NORMA-14305,273
23,NORMA-8036,274
23,NORMA-15862,275
23,NORMA-22902,276
23,NORMA-13836,277
23,NORMA-14264,278
23,NORMA-2009,279
23,NORMA-3738,280
23,NORMA-20743,281
23,NORMA-15867,282
23,NORMA-7500,283
23,NORMA-20878,284
23,NORMA-6136,285
23,NORMA-3604,286
23,NORMA-7156,287
23,NORMA-6851,288
23,NORMA-978,289
23,NORMA-7658,290
23,NORMA-4688,291
23,NORMA-4743,292
23,NORMA-2942,293
23,NORMA-1369,294
23,NORMA-180,295
23,NORMA-19946,296
23,NORMA-15825,297
23,NORMA-18181,298
23,NORMA-1990,299
23,NORMA-2094,300
23,NORMA-1141,301
23,NORMA-4271,302
23,NORMA-5066,303
23,NORMA-20508,304
23,NORMA-28086,305
23,NORMA-11529,306
23,NORMA-8245,307
23,NORMA-210,308
23,NORMA-10049,309
23,NORMA-8350,310
23,NORMA-5506,311
23,NORMA-20884,312
23,NORMA-22781,313
23,NORMA-28502,314
23,NORMA-5056,315
23,NORMA-23861,316
23,NORMA-27784,317
23,NORMA-14430,318
23,NORMA-8019,319
23,NORMA-4999,320
23,NORMA-21412,321
23,NORMA-4146,322
23,NORMA-9126,323
23,NORMA-644,324
23,NORMA-13953,325
23,NORMA-4929,326
23,NORMA-12529,327
23,NORMA-5786,328
23,NORMA-8504,329
23,NORMA-10734,330
23,NORMA-15864,331
23,NORMA-5487,332
23,NORMA-871,333
23,NORMA-12578,334
23,NORMA-4942,335
23,NORMA-13834,336
23,NORMA-4379,337
23,NORMA-11989,338
23,NORMA-10904,339
23,NORMA-24362,340
23,NORMA-16741,341
23,NORMA-8659,342
23,NORMA-8267,343
23,NORMA-11546,344
23,NORMA-8463,345
23,NORMA-11333,346
23,NORMA-3780,347
23,NORMA-11448,348
23,NORMA-3661,349
23,NORMA-278,350
23,NORMA-3629,351
23,NORMA-4275,352
23,NORMA-5842,353
23,NORMA-11172,354
23,NORMA-12654,355
23,NORMA-6335,356
23,NORMA-5852,357
23,NORMA-3478,358
23,NORMA-26382,359
23,NORMA-3701,360
23,NORMA-15135,361
23,NORMA-8251,362
23,NORMA-12399,363
23,NORMA-20480,364
23,NORMA-780,365
23,NORMA-15865,366
23,NORMA-21759,367
23,NORMA-5213,368
23,NORMA-9735,369
23,NORMA-11999,370
23,NORMA-22261,371
23,NORMA-5031,372
23,NORMA-10763,373
23,NORMA-12831,374
23,NORMA-11256,375
23,NORMA-11636,376
23,NORMA-4428,377
23,NORMA-7068,378
23,NORMA-5334,379
23,NORMA-12722,380
23,NORMA-8489,381
23,NORMA-6821,382
23,NORMA-28266,383
23,NORMA-12876,384
23,NORMA-6014,385
23,NORMA-19228,386
23,NORMA-8010,387
23,NORMA-13425,388
23,NORMA-837,389
23,NORMA-10826,390
23,NORMA-21522,391
23,NORMA-4830,392
23,NORMA-7155,393
23,NORMA-903,394
23,NORMA-865,395
23,NORMA-4553,396
23,NORMA-8009,397
23,NORMA-18404,398
23,NORMA-15824,399
23,NORMA-3646,400
23,NORMA-11035,401
23,NORMA-18393,402
23,NORMA-8478,403
23,NORMA-5546,404
23,NORMA-5798,405
23,NORMA-10761,406
23,NORMA-4959,407
23,NORMA-772,408
23,NORMA-5346,409
23,NORMA-7688,410
23,NORMA-10093,411
23,NORMA-9915,412
23,NORMA-4149,413
23,NORMA-4305,414
23,NORMA-8063,415
23,NORMA-14189,416
23,NORMA-16282,417
23,NORMA-4443,418
23,NORMA-12120,419
23,NORMA-25601,420
23,NORMA-4286,421
23,NORMA-14288,422
23,NORMA-14763,423
23,NORMA-9698,424
23,NORMA-5867,425
23,NORMA-8702,426
23,NORMA-10923,427
23,NORMA-5570,428
23,NORMA-2579,429
23,NORMA-11464,430
23,NORMA-8927,431
23,NORMA-4435,432
23,NORMA-21981,433
23,NORMA-20187,434
23,NORMA-12963,435
23,NORMA-9447,436
23,NORMA-2522,437
23,NORMA-22042,438
23,NORMA-7135,439
23,NORMA-14747,440
23,NORMA-4476,441
23,NORMA-15844,442
23,NORMA-24701,443
23,NORMA-15843,444
23,NORMA-5126,445
23,NORMA-4630,446
23,NORMA-3606,447
23,NORMA-7228,448
23,NORMA-10592,449
23,NORMA-19528,450
23,NORMA-3884,451
23,NORMA-9466,452
23,NORMA-20811,453
23,NORMA-5823,454
23,NORMA-11432,455
23,NORMA-4774,456
23,NORMA-5588,457
23,NORMA-3807,458
23,NORMA-11243,459
23,NORMA-5268,460
23,NORMA-4448,461
23,NORMA-15841,462
23,NORMA-3467,463
23,NORMA-21802,464
23,NORMA-10900,465
23,NORMA-11780,466
23,NORMA-7971,467
23,NORMA-712,468
23,NORMA-8164,469
23,NORMA-26883,470
23,NORMA-14922,471
23,NORMA-21195,472
23,NORMA-14578,473
23,NORMA-19260,474
23,NORMA-144,475
23,NORMA-8832,476
23,NORMA-11835,477
23,NORMA-14361,478
23,NORMA-4120,479
23,NORMA-15303,480
23,NORMA-3794,481
23,NORMA-14732,482
23,NORMA-11554,483
23,NORMA-13959,484
23,NORMA-12743,485
23,NORMA-7970,486
23,NORMA-5245,487
23,NORMA-3896,488
23,NORMA-5023,489
23,NORMA-25482,490
23,NORMA-8695,491
23,NORMA-10993,492
23,NORMA-9314,493
23,NORMA-8192,494
23,NORMA-1983,495
23,NORMA-5116,496
23,NORMA-7159,497
23,NORMA-5572,498
23,NORMA-20493,499
23,NORMA-8118,500
23,NORMA-20374,501
23,NORMA-766,502
23,NORMA-11931,503
23,NORMA-8637,504
23,NORMA-5471,505
23,NORMA-20568,506
23,NORMA-1606,507
23,NORMA-4732,508
23,NORMA-5030,509
23,NORMA-6019,510
23,NORMA-7306,511
23,NORMA-11623,512
23,NORMA-7597,513
23,NORMA-14467,514
23,NORMA-478,515
23,NORMA-29162,516
23,NORMA-14808,517
23,NORMA-6172,518
23,NORMA-2336,519
23,NORMA-11641,520
23,NORMA-2375,521
23,NORMA-3757,522
23,NORMA-5957,523
23,NORMA-14505,524
23,NORMA-7207,525
23,NORMA-7821,526
23,NORMA-9121,527
23,NORMA-3658,528
23,NORMA-2603,529
23,NORMA-20377,530
23,NORMA-3883,531
23,NORMA-3628,532
23,NORMA-7723,533
23,NORMA-4445,534
23,NORMA-4040,535
23,NORMA-12797,536
23,NORMA-5007,537
23,NORMA-10567,538
23,NORMA-15200,539
23,NORMA-13716,540
23,NORMA-19048,541
23,NORMA-10227,542
23,NORMA-2010,543
23,NORMA-8668,544
23,NORMA-3989,545
23,NORMA-13595,546
23,NORMA-13059,547
23,NORMA-11840,548
23,NORMA-19899,549
23,NORMA-12481,550
23,NORMA-5668,551
23,NORMA-11978,552
23,NORMA-13448,553
23,NORMA-2649,554
23,NORMA-21180,555
23,NORMA-22282,556
23,NORMA-7737,557
23,NORMA-12002,558
23,NORMA-6352,559
23,NORMA-9889,560
23,NORMA-13075,561
23,NORMA-28242,562
23,NORMA-27222,563
23,NORMA-25461,564
23,NORMA-8549,565
23,NORMA-9905,566
23,NORMA-2024,567
23,NORMA-9731,568
23,NORMA-7876,569
23,NORMA-6006,570
23,NORMA-7140,571
23,NORMA-13166,572
23,NORMA-15188,573
23,NORMA-27546,574
23,NORMA-18788,575
23,NORMA-8739,576
23,NORMA-4926,577
23,NORMA-7362,578
23,NORMA-7208,579
23,NORMA-5280,580
23,NORMA-12194,581
23,NORMA-10922,582
23,NORMA-6521,583
23,NORMA-20286,584
23,NORMA-18797,585
23,NORMA-10326,586
23,NORMA-12241,587
23,NORMA-13190,588
23,NORMA-8341,589
23,NORMA-10240,590
23,NORMA-12122,591
23,NORMA-14234,592
23,NORMA-5014,593
23,NORMA-21471,594
23,NORMA-2067,595
23,NORMA-6994,596
23,NORMA-13690,597
23,NORMA-11349,598
23,NORMA-21777,599
23,NORMA-4662,600
23,NORMA-5517,601
23,NORMA-13901,602
23,NORMA-12456,603
23,NORMA-4699,604
23,NORMA-5693,605
23,NORMA-13656,606
23,NORMA-16263,607
23,NORMA-21070,608
23,NORMA-1006,609
23,NORMA-5998,610
23,NORMA-14172,611
23,NORMA-22303,612
23,NORMA-13691,613
23,NORMA-14041,614
23,NORMA-6121,615
23,NORMA-5653,616
23,NORMA-19932,617
23,NORMA-6751,618
23,NORMA-11582,619
23,NORMA-7857,620
23,NORMA-9089,621
23,NORMA-20889,622
23,NORMA-8277,623
23,NORMA-9763,624
23,NORMA-4478,625
23,NORMA-16421,626
23,NORMA-14337,627
23,NORMA-15842,628
23,NORMA-21772,629
23,NORMA-11990,630
23,NORMA-8011,631
23,NORMA-5363,632
23,NORMA-8587,633
23,NORMA-13743,634
23,NORMA-7716,635
23,NORMA-14014,636
23,NORMA-6652,637
23,NORMA-15194,638
23,NORMA-4857,639
23,NORMA-8174,640
23,NORMA-19784,641
23,NORMA-11306,642
23,NORMA-7144,643
23,NORMA-3988,644
23,NORMA-7809,645
23,NORMA-5204,646
23,NORMA-22622,647
23,NORMA-13640,648
23,NORMA-13916,649
23,NORMA-5486,650
23,NORMA-14786,651
23,NORMA-14019,652
23,NORMA-14145,653
23,NORMA-5252,654
23,NORMA-11254,655
23,NORMA-4748,656
23,NORMA-8391,657
23,NORMA-3809,658
23,NORMA-9251,659
23,NORMA-6093,660
23,NORMA-13856,661
23,NORMA-4868,662
23,NORMA-4273,663
23,NORMA-3652,664
23,NORMA-12464,665
23,NORMA-13005,666
23,NORMA-2389,667
23,NORMA-12383,668
23,NORMA-13750,669
23,NORMA-8383,670
23,NORMA-5692,671
23,NORMA-7142,672
23,NORMA-1337,673
23,NORMA-20711,674
23,NORMA-6446,675
23,NORMA-4038,676
23,NORMA-13803,677
23,NORMA-27253,678
23,NORMA-616,679
23,NORMA-11955,680
23,NORMA-4268,681
23,NORMA-5188,682
23,NORMA-6331,683
23,NORMA-21143,684
23,NORMA-7798,685
23,NORMA-15048,686
23,NORMA-3464,687
23,NORMA-11269,688
23,NORMA-2114,689
23,NORMA-5527,690
23,NORMA-9129,691
23,NORMA-5784,692
23,NORMA-5994,693
23,NORMA-24687,694
23,NORMA-3850,695
23,NORMA-15961,696
23,NORMA-26123,697
23,NORMA-9414,698
23,NORMA-13518,699
23,NORMA-25563,700
23,NORMA-2176,701
23,NORMA-5877,702
23,NORMA-4749,703
23,NORMA-741,704
23,NORMA-4393,705
23,NORMA-1362,706
23,NORMA-412,707
23,NORMA-14099,708
23,NORMA-7425,709
23,NORMA-5417,710
23,NORMA-666,711
23,NORMA-248,712
23,NORMA-8133,713
23,NORMA-20087,714
23,NORMA-7558,715
23,NORMA-8387,716
23,NORMA-863,717
23,NORMA-8153,718
23,NORMA-8505,719
23,NORMA-23401,720
23,NORMA-7709,721
23,NORMA-15863,722
23,NORMA-13687,723
23,NORMA-7986,724
23,NORMA-3878,725
23,NORMA-5760,726
23,NORMA-13408,727
23,NORMA-8403,728
23,NORMA-20719,729
23,NORMA-17185,730
23,NORMA-11216,731
23,NORMA-8686,732
23,NORMA-13671,733
23,NORMA-332,734
23,NORMA-25341,735
23,NORMA-24421,736
23,NORMA-4259,737
23,NORMA-5548,738
23,NORMA-8255,739
23,NORMA-7939,740
23,NORMA-3501,741
23,NORMA-15196,742
23,NORMA-12458,743
23,NORMA-10905,744
23,NORMA-7975,745
23,NORMA-8428,746
23,NORMA-5897,747
23,NORMA-5043,748
23,NORMA-11970,749
23,NORMA-5409,750
23,NORMA-12487,751
23,NORMA-12598,752
23,NORMA-3506,753
23,NORMA-8396,754
23,NORMA-15218,755
23,NORMA-12228,756
23,NORMA-4390,757
23,NORMA-8253,758
23,NORMA-804,759
23,NORMA-9787,760
23,NORMA-4665,761
23,NORMA-461,762
23,NORMA-5843,763
23,NORMA-3714,764
23,NORMA-12198,765
23,NORMA-14967,766
23,NORMA-14077,767
23,NORMA-23501,768
23,NORMA-14097,769
23,NORMA-2362,770
23,NORMA-3748,771
23,NORMA-13648,772
23,NORMA-18865,773
23,NORMA-2509,774
23,NORMA-10916,775
23,NORMA-8167,776
23,NORMA-11211,777
23,NORMA-2508,778
23,NORMA-4714,779
23,NORMA-13558,780
23,NORMA-4321,781
23,NORMA-14120,782
23,NORMA-3755,783
23,NORMA-7961,784
23,NORMA-4041,785
23,NORMA-5956,786
23,NORMA-12395,787
23,NORMA-4780,788
23,NORMA-8088,789
23,NORMA-5211,790
23,NORMA-13272,791
23,NORMA-7070,792
23,NORMA-9386,793
23,NORMA-10148,794
23,NORMA-8240,795
23,NORMA-19688,796
23,NORMA-10219,797
23,NORMA-3826,798
23,NORMA-12234,799
23,NORMA-6562,800
23,NORMA-2020,801
23,NORMA-7871,802
23,NORMA-7322,803
23,NORMA-4867,804
23,NORMA-16922,805
23,NORMA-11903,806
23,NORMA-3735,807
23,NORMA-11402,808
23,NORMA-4733,809
23,NORMA-15054,810
23,NORMA-21246,811
23,NORMA-14931,812
23,NORMA-1510,813
23,NORMA-7988,814
23,NORMA-8007,815
23,NORMA-7690,816
23,NORMA-4325,817
23,NORMA-12014,818
23,NORMA-10797,819
23,NORMA-20932,820
23,NORMA-4166,821
23,NORMA-4917,822
23,NORMA-11839,823
23,NORMA-9392,824
23,NORMA-7892,825
23,NORMA-16261,826
23,NORMA-5557,827
23,NORMA-11458,828
23,NORMA-14240,829
23,NORMA-475,830
23,NORMA-20085,831
23,NORMA-8665,832
23,NORMA-8033,833
23,NORMA-12070,834
23,NORMA-4169,835
23,NORMA-14408,836
23,NORMA-4600,837
23,NORMA-5364,838
23,NORMA-7125,839
23,NORMA-5701,840
23,NORMA-10224,841
23,NORMA-13017,842
23,NORMA-12750,843
23,NORMA-15133,844
23,NORMA-17361,845
23,NORMA-5291,846
23,NORMA-18796,847
23,NORMA-8178,848
23,NORMA-11176,849
23,NORMA-7605,850
23,NORMA-13447,851
23,NORMA-14551,852
23,NORMA-11884,853
23,NORMA-26063,854
23,NORMA-7433,855
23,NORMA-12006,856
23,NORMA-12119,857
23,NORMA-9248,858
23,NORMA-8388,859
23,NORMA-10025,860
23,NORMA-4538,861
23,NORMA-19787,862
23,NORMA-23821,863
23,NORMA-12123,864
23,NORMA-9049,865
23,NORMA-4668,866
23,NORMA-16287,867
23,NORMA-11021,868
23,NORMA-14964,869
23,NORMA-14190,870
23,NORMA-9519,871
23,NORMA-5853,872
23,NORMA-8066,873
23,NORMA-4889,874
23,NORMA-8907,875
23,NORMA-4290,876
23,NORMA-5293,877
23,NORMA-5072,878
23,NORMA-8352,879
23,NORMA-7918,880
23,NORMA-22441,881
23,NORMA-5214,882
23,NORMA-8916,883
23,NORMA-4991,884
23,NORMA-14911,885
23,NORMA-10040,886
23,NORMA-10974,887
23,NORMA-12387,888
23,NORMA-14068,889
23,NORMA-5078,890
23,NORMA-10767,891
23,NORMA-13693,892
23,NORMA-5850,893
23,NORMA-23026,894
23,NORMA-7647,895
23,NORMA-5165,896
23,NORMA-18681,897
23,NORMA-10397,898
23,NORMA-11325,899
23,NORMA-12152,900
23,NORMA-9631,901
23,NORMA-10995,902
23,NORMA-7733,903
23,NORMA-9721,904
23,NORMA-4972,905
23,NORMA-9361,906
23,NORMA-10759,907
23,NORMA-3656,908
23,NORMA-479,909
23,NORMA-7707,910
23,NORMA-8996,911
23,NORMA-1671,912
23,NORMA-11253,913
23,NORMA-14990,914
23,NORMA-2425,915
23,NORMA-10989,916
23,NORMA-15066,917
23,NORMA-13246,918
23,NORMA-9527,919
23,NORMA-5077,920
23,NORMA-11856,921
23,NORMA-13465,922
23,NORMA-8261,923
23,NORMA-11397,924
23,NORMA-5100,925
23,NORMA-1223,926
23,NORMA-5416,927
23,NORMA-20398,928
23,NORMA-966,929
23,NORMA-15463,930
23,NORMA-8437,931
23,NORMA-13013,932
23,NORMA-9452,933
23,NORMA-7130,934
23,NORMA-1207,935
23,NORMA-4295,936
23,NORMA-4410,937
23,NORMA-8047,938
23,NORMA-19461,939
23,NORMA-4776,940
23,NORMA-15006,941
23,NORMA-4655,942
23,NORMA-5714,943
23,NORMA-5757,944
23,NORMA-20576,945
23,NORMA-4558,946
23,NORMA-6602,947
23,NORMA-15313,948
23,NORMA-4865,949
23,NORMA-9067,950
23,NORMA-3559,951
23,NORMA-7938,952
23,NORMA-5236,953
23,NORMA-6089,954
23,NORMA-4519,955
23,NORMA-10626,956
23,NORMA-6291,957
23,NORMA-6063,958
23,NORMA-20359,959
23,NORMA-5336,960
23,NORMA-12428,961
23,NORMA-8114,962
23,NORMA-8685,963
23,NORMA-24981,964
23,NORMA-15962,965
23,NORMA-10151,966
23,NORMA-8809,967
23,NORMA-8074,968
23,NORMA-11374,969
23,NORMA-17341,970
23,NORMA-2083,971
23,NORMA-14803,972
23,NORMA-8575,973
23,NORMA-14441,974
23,NORMA-5194,975
23,NORMA-24801,976
23,NORMA-8918,977
23,NORMA-417,978
23,NORMA-5732,979
23,NORMA-12390,980
23,NORMA-14826,981
23,NORMA-3997,982
23,NORMA-13939,983
23,NORMA-5149,984
23,NORMA-14620,985
23,NORMA-3987,986
23,NORMA-12371,987
23,NORMA-24802,988
23,NORMA-28184,989
23,NORMA-3511,990
23,NORMA-28168,991
23,NORMA-4324,992
23,NORMA-7138,993
23,NORMA-12053,994
23,NORMA-7126,995
23,NORMA-969,996
23,NORMA-5019,997
23,NORMA-6334,998
23,NORMA-15089,999
23,NORMA-7797,1000
24,NORMA-464,1
24,NORMA-1295,2
24,NORMA-1433,3
24,NORMA-76,4
24,NORMA-1674,5
24,NORMA-385,6
24,NORMA-838,7
24,NORMA-483,8
24,NORMA-833,9
24,NORMA-1306,10
24,NORMA-2395,11
24,NORMA-1361,12
24,NORMA-20941,13
24,NORMA-21135,14
24,NORMA-1332,15
24,NORMA-1442,16
24,NORMA-358,17
24,NORMA-850,18
24,NORMA-21308,19
24,NORMA-18981,20
24,NORMA-1260,21
24,NORMA-2623,22
24,NORMA-2180,23
24,NORMA-20271,24
24,NORMA-18406,25
24,NORMA-21299,26
24,NORMA-357,27
24,NORMA-1996,28
24,NORMA-1408,29
24,NORMA-1346,30
24,NORMA-20595,31
24,NORMA-976,32
24,NORMA-18434,33
24,NORMA-20853,34
24,NORMA-1129,35
24,NORMA-1274,36
24,NORMA-1175,37
24,NORMA-751,38
24,NORMA-1475,39
24,NORMA-875,40
24,NORMA-21126,41
24,NORMA-1098,42
24,NORMA-2455,43
24,NORMA-1388,44
24,NORMA-798,45
24,NORMA-1171,46
24,NORMA-736,47
24,NORMA-1390,48
24,NORMA-4848,49
24,NORMA-1151,50
24,NORMA-996,51
24,NORMA-20865,52
24,NORMA-19092,53
24,NORMA-24961,54
24,NORMA-328,55
24,NORMA-18446,56
24,NORMA-18436,57
24,NORMA-21739,58
24,NORMA-20611,59
24,NORMA-4885,60
24,NORMA-1407,61
24,NORMA-2157,62
24,NORMA-1179,63
24,NORMA-21550,64
24,NORMA-1776,65
24,NORMA-423,66
24,NORMA-1621,67
24,NORMA-1420,68
24,NORMA-1334,69
24,NORMA-1188,70
24,NORMA-7001,71
24,NORMA-19096,72
24,NORMA-1352,73
24,NORMA-20677,74
24,NORMA-20599,75
24,NORMA-1609,76
24,NORMA-18218,77
24,NORMA-984,78
24,NORMA-19249,79
24,NORMA-20633,80
24,NORMA-21626,81
24,NORMA-18393,82
24,NORMA-755,83
24,NORMA-18740,84
24,NORMA-20850,85
24,NORMA-1286,86
24,NORMA-18958,87
24,NORMA-2376,88
24,NORMA-1173,89
24,NORMA-2470,90
24,NORMA-1788,91
24,NORMA-567,92
24,NORMA-2490,93
24,NORMA-6183,94
24,NORMA-20261,95
24,NORMA-21147,96
24,NORMA-1026,97
24,NORMA-21537,98
24,NORMA-19724,99
24,NORMA-6877,100
24,NORMA-20233,101
24,NORMA-20196,102
24,NORMA-9867,103
24,NORMA-10364,104
24,NORMA-18798,105
24,NORMA-2447,106
24,NORMA-19923,107
24,NORMA-4914,108
24,NORMA-3609,109
24,NORMA-1597,110
24,NORMA-2444,111
24,NORMA-10693,112
24,NORMA-6667,113
24,NORMA-4778,114
24,NORMA-2551,115
24,NORMA-15561,116
24,NORMA-20425,117
24,NORMA-18301,118
24,NORMA-6878,119
24,NORMA-2522,120
24,NORMA-5697,121
24,NORMA-818,122
24,NORMA-2456,123
24,NORMA-6087,124
24,NORMA-1398,125
24,NORMA-9626,126
24,NORMA-9072,127
24,NORMA-8090,128
24,NORMA-727,129
24,NORMA-6960,130
24,NORMA-2415,131
24,NORMA-962,132
24,NORMA-7233,133
24,NORMA-2523,134
24,NORMA-27941,135
24,NORMA-20204,136
24,NORMA-1280,137
24,NORMA-6631,138
24,NORMA-6813,139
24,NORMA-6250,140
24,NORMA-6951,141
24,NORMA-1989,142
24,NORMA-10621,143
24,NORMA-6666,144
24,NORMA-6766,145
24,NORMA-972,146
24,NORMA-20577,147
24,NORMA-9332,148
24,NORMA-985,149
24,NORMA-1283,150
24,NORMA-20785,151
24,NORMA-534,152
24,NORMA-12354,153
24,NORMA-27924,154
24,NORMA-10692,155
24,NORMA-6320,156
24,NORMA-20754,157
24,NORMA-2496,158
24,NORMA-3241,159
24,NORMA-20923,160
24,NORMA-21519,161
24,NORMA-8014,162
24,NORMA-20237,163
24,NORMA-6251,164
24,NORMA-2301,165
24,NORMA-10042,166
24,NORMA-21199,167
24,NORMA-27925,168
24,NORMA-14742,169
24,NORMA-1655,170
24,NORMA-27926,171
24,NORMA-6632,172
24,NORMA-6776,173
24,NORMA-3673,174
24,NORMA-2558,175
24,NORMA-20567,176
24,NORMA-3619,177
24,NORMA-6633,178
24,NORMA-7842,179
24,NORMA-54,180
24,NORMA-20948,181
24,NORMA-14517,182
24,NORMA-20185,183
24,NORMA-552,184
24,NORMA-3666,185
24,NORMA-5589,186
24,NORMA-17301,187
24,NORMA-6034,188
24,NORMA-21081,189
24,NORMA-6188,190
24,NORMA-2188,191
24,NORMA-15382,192
24,NORMA-6635,193
24,NORMA-425,194
24,NORMA-18492,195
24,NORMA-2588,196
24,NORMA-13029,197
24,NORMA-4137,198
24,NORMA-20774,199
24,NORMA-7329,200
24,NORMA-2583,201
24,NORMA-19853,202
24,NORMA-159,203
24,NORMA-6088,204
24,NORMA-28921,205
24,NORMA-1144,206
24,NORMA-2554,207
24,NORMA-72,208
24,NORMA-10140,209
24,NORMA-11999,210
24,NORMA-11300,211
24,NORMA-6965,212
24,NORMA-21524,213
24,NORMA-7326,214
24,NORMA-2057,215
24,NORMA-1163,216
24,NORMA-6720,217
24,NORMA-21249,218
24,NORMA-12002,219
24,NORMA-2432,220
24,NORMA-9482,221
24,NORMA-2537,222
24,NORMA-14642,223
24,NORMA-12764,224
24,NORMA-15662,225
24,NORMA-6890,226
24,NORMA-9147,227
24,NORMA-188,228
24,NORMA-1419,229
24,NORMA-7351,230
24,NORMA-10380,231
24,NORMA-21305,232
24,NORMA-14636,233
24,NORMA-9928,234
24,NORMA-10778,235
24,NORMA-20426,236
24,NORMA-1547,237
24,NORMA-20943,238
24,NORMA-6326,239
24,NORMA-11780,240
24,NORMA-1650,241
24,NORMA-7524,242
24,NORMA-1671,243
24,NORMA-19843,244
24,NORMA-20280,245
24,NORMA-1183,246
24,NORMA-20873,247
24,NORMA-15291,248
24,NORMA-20934,249
24,NORMA-28466,250
24,NORMA-14895,251
24,NORMA-6389,252
24,NORMA-1812,253
24,NORMA-2386,254
24,NORMA-21427,255
24,NORMA-4913,256
24,NORMA-7844,257
24,NORMA-143,258
24,NORMA-2542,259
24,NORMA-20557,260
24,NORMA-220,261
24,NORMA-602,262
24,NORMA-18954,263
24,NORMA-10429,264
24,NORMA-1147,265
24,NORMA-2388,266
24,NORMA-28142,267
24,NORMA-5812,268
24,NORMA-1349,269
24,NORMA-1863,270
24,NORMA-11631,271
24,NORMA-4277,272
24,NORMA-12397,273
24,NORMA-12228,274
24,NORMA-2519,275
24,NORMA-20755,276
24,NORMA-4910,277
24,NORMA-856,278
24,NORMA-18287,279
24,NORMA-20316,280
24,NORMA-18273,281
24,NORMA-11653,282
24,NORMA-6446,283
24,NORMA-18219,284
24,NORMA-13977,285
24,NORMA-9672,286
24,NORMA-7841,287
24,NORMA-13802,288
24,NORMA-18430,289
24,NORMA-1586,290
24,NORMA-18435,291
24,NORMA-23001,292
24,NORMA-19275,293
24,NORMA-9646,294
24,NORMA-5663,295
24,NORMA-5853,296
24,NORMA-3570,297
24,NORMA-9866,298
24,NORMA-28361,299
24,NORMA-14508,300
24,NORMA-27721,301
24,NORMA-20624,302
24,NORMA-9375,303
24,NORMA-2367,304
24,NORMA-1207,305
24,NORMA-14208,306
24,NORMA-21189,307
24,NORMA-2421,308
24,NORMA-4842,309
24,NORMA-21286,310
24,NORMA-6383,311
24,NORMA-13912,312
24,NORMA-6760,313
24,NORMA-6810,314
24,NORMA-11654,315
24,NORMA-2691,316
24,NORMA-9710,317
24,NORMA-18394,318
24,NORMA-18359,319
24,NORMA-3915,320
24,NORMA-1713,321
24,NORMA-12006,322
24,NORMA-6950,323
24,NORMA-3648,324
24,NORMA-10154,325
24,NORMA-4071,326
24,NORMA-2362,327
24,NORMA-11316,328
24,NORMA-5968,329
24,NORMA-20242,330
24,NORMA-5978,331
24,NORMA-13883,332
24,NORMA-14429,333
24,NORMA-5417,334
24,NORMA-12262,335
24,NORMA-9861,336
24,NORMA-2020,337
24,NORMA-9830,338
24,NORMA-20397,339
24,NORMA-9973,340
24,NORMA-1654,341
24,NORMA-20691,342
24,NORMA-3833,343
24,NORMA-4358,344
24,NORMA-14870,345
24,NORMA-1631,346
24,NORMA-3967,347
24,NORMA-11698,348
24,NORMA-6781,349
24,NORMA-2024,350
24,NORMA-12903,351
24,NORMA-28362,352
24,NORMA-18382,353
24,NORMA-1841,354
24,NORMA-4700,355
24,NORMA-14501,356
24,NORMA-1252,357
24,NORMA-20246,358
24,NORMA-20188,359
24,NORMA-27461,360
24,NORMA-18806,361
24,NORMA-14562,362
24,NORMA-13884,363
24,NORMA-4926,364
24,NORMA-6559,365
24,NORMA-778,366
24,NORMA-1217,367
24,NORMA-27444,368
24,NORMA-6665,369
24,NORMA-28942,370
24,NORMA-13317,371
24,NORMA-6235,372
24,NORMA-13952,373
24,NORMA-8554,374
24,NORMA-535,375
24,NORMA-23562,376
24,NORMA-9870,377
24,NORMA-53,378
24,NORMA-292,379
24,NORMA-18377,380
24,NORMA-14255,381
24,NORMA-12048,382
24,NORMA-571,383
24,NORMA-6204,384
24,NORMA-8799,385
24,NORMA-5450,386
24,NORMA-4330,387
24,NORMA-6040,388
24,NORMA-9078,389
24,NORMA-20476,390
24,NORMA-475,391
24,NORMA-21712,392
24,NORMA-9852,393
24,NORMA-3473,394
24,NORMA-14654,395
24,NORMA-180,396
24,NORMA-18796,397
24,NORMA-21152,398
24,NORMA-11757,399
24,NORMA-21326,400
24,NORMA-4830,401
24,NORMA-1198,402
24,NORMA-27581,403
24,NORMA-15004,404
24,NORMA-15743,405
24,NORMA-680,406
24,NORMA-7502,407
24,NORMA-6247,408
24,NORMA-8701,409
24,NORMA-10787,410
24,NORMA-4274,411
24,NORMA-7579,412
24,NORMA-12499,413
24,NORMA-13046,414
24,NORMA-9739,415
24,NORMA-9026,416
24,NORMA-18233,417
24,NORMA-6056,418
24,NORMA-1718,419
24,NORMA-19192,420
24,NORMA-417,421
24,NORMA-15362,422
24,NORMA-1619,423
24,NORMA-4549,424
24,NORMA-3594,425
24,NORMA-15110,426
24,NORMA-8938,427
24,NORMA-4104,428
24,NORMA-5431,429
24,NORMA-6838,430
24,NORMA-11652,431
24,NORMA-2694,432
24,NORMA-7397,433
24,NORMA-13671,434
24,NORMA-4690,435
24,NORMA-3716,436
24,NORMA-5170,437
24,NORMA-4458,438
24,NORMA-2018,439
24,NORMA-1656,440
24,NORMA-20594,441
24,NORMA-5955,442
24,NORMA-22643,443
24,NORMA-6808,444
24,NORMA-9709,445
24,NORMA-12188,446
24,NORMA-14738,447
24,NORMA-3651,448
24,NORMA-14011,449
24,NORMA-7507,450
24,NORMA-21664,451
24,NORMA-20728,452
24,NORMA-21040,453
24,NORMA-19803,454
24,NORMA-20786,455
24,NORMA-1348,456
24,NORMA-18306,457
24,NORMA-6314,458
24,NORMA-3689,459
24,NORMA-9837,460
24,NORMA-12234,461
24,NORMA-18863,462
24,NORMA-9869,463
24,NORMA-26,464
24,NORMA-12014,465
24,NORMA-12049,466
24,NORMA-14003,467
24,NORMA-18355,468
24,NORMA-10326,469
24,NORMA-7155,470
24,NORMA-18291,471
24,NORMA-20566,472
24,NORMA-13365,473
24,NORMA-6595,474
24,NORMA-5026,475
24,NORMA-6830,476
24,NORMA-18342,477
24,NORMA-18207,478
24,NORMA-3970,479
24,NORMA-15364,480
24,NORMA-9854,481
24,NORMA-6203,482
24,NORMA-19917,483
24,NORMA-11233,484
24,NORMA-1132,485
24,NORMA-4713,486
24,NORMA-12717,487
24,NORMA-20029,488
24,NORMA-12513,489
24,NORMA-12232,490
24,NORMA-1370,491
24,NORMA-14099,492
24,NORMA-7110,493
24,NORMA-20837,494
24,NORMA-18335,495
24,NORMA-9455,496
24,NORMA-18802,497
24,NORMA-19625,498
24,NORMA-13923,499
24,NORMA-12160,500
24,NORMA-11508,501
24,NORMA-1558,502
24,NORMA-5475,503
24,NORMA-8600,504
24,NORMA-20749,505
24,NORMA-9713,506
24,NORMA-1229,507
24,NORMA-13137,508
24,NORMA-6598,509
24,NORMA-1485,510
24,NORMA-11599,511
24,NORMA-11609,512
24,NORMA-8012,513
24,NORMA-10434,514
24,NORMA-4473,515
24,NORMA-4077,516
24,NORMA-4693,517
24,NORMA-1665,518
24,NORMA-14549,519
24,NORMA-21437,520
24,NORMA-18807,521
24,NORMA-18773,522
24,NORMA-13853,523
24,NORMA-1583,524
24,NORMA-5035,525
24,NORMA-11615,526
24,NORMA-3556,527
24,NORMA-3671,528
24,NORMA-11469,529
24,NORMA-5891,530
24,NORMA-10749,531
24,NORMA-1981,532
24,NORMA-9596,533
24,NORMA-11790,534
24,NORMA-20445,535
24,NORMA-1567,536
24,NORMA-10797,537
24,NORMA-10331,538
24,NORMA-12858,539
24,NORMA-18549,540
24,NORMA-11479,541
24,NORMA-10668,542
24,NORMA-5252,543
24,NORMA-7313,544
24,NORMA-29901,545
24,NORMA-1342,546
24,NORMA-14967,547
24,NORMA-4513,548
24,NORMA-11981,549
24,NORMA-5243,550
24,NORMA-19895,551
24,NORMA-837,552
24,NORMA-15026,553
24,NORMA-6456,554
24,NORMA-6352,555
24,NORMA-1092,556
24,NORMA-8409,557
24,NORMA-15013,558
24,NORMA-21028,559
24,NORMA-11665,560
24,NORMA-13957,561
24,NORMA-22262,562
24,NORMA-16323,563
24,NORMA-18859,564
24,NORMA-21020,565
24,NORMA-3962,566
24,NORMA-15208,567
24,NORMA-2473,568
24,NORMA-8698,569
24,NORMA-21115,570
24,NORMA-15902,571
24,NORMA-5432,572
24,NORMA-18788,573
24,NORMA-14776,574
24,NORMA-2058,575
24,NORMA-3662,576
24,NORMA-5543,577
24,NORMA-12005,578
24,NORMA-3722,579
24,NORMA-18728,580
24,NORMA-7000,581
24,NORMA-10838,582
24,NORMA-5396,583
24,NORMA-5800,584
24,NORMA-18516,585
24,NORMA-12601,586
24,NORMA-13357,587
24,NORMA-5154,588
24,NORMA-7446,589
24,NORMA-10435,590
24,NORMA-18214,591
24,NORMA-9457,592
24,NORMA-18224,593
24,NORMA-13188,594
24,NORMA-11763,595
24,NORMA-12771,596
24,NORMA-4138,597
24,NORMA-6967,598
24,NORMA-9907,599
24,NORMA-2162,600
24,NORMA-4756,601
24,NORMA-9783,602
24,NORMA-5603,603
24,NORMA-18338,604
24,NORMA-11982,605
24,NORMA-20968,606
24,NORMA-1365,607
24,NORMA-416,608
24,NORMA-5497,609
24,NORMA-745,610
24,NORMA-12165,611
24,NORMA-19866,612
24,NORMA-3633,613
24,NORMA-7818,614
24,NORMA-16424,615
24,NORMA-13056,616
24,NORMA-15128,617
24,NORMA-29186,618
24,NORMA-8159,619
24,NORMA-9712,620
24,NORMA-20182,621
24,NORMA-5514,622
24,NORMA-18222,623
24,NORMA-6525,624
24,NORMA-18021,625
24,NORMA-11664,626
24,NORMA-20403,627
24,NORMA-20317,628
24,NORMA-4620,629
24,NORMA-11764,630
24,NORMA-4820,631
24,NORMA-24841,632
24,NORMA-18797,633
24,NORMA-1337,634
24,NORMA-3725,635
24,NORMA-18356,636
24,NORMA-19824,637
24,NORMA-18121,638
24,NORMA-1557,639
24,NORMA-2475,640
24,NORMA-9446,641
24,NORMA-9741,642
24,NORMA-20682,643
24,NORMA-20625,644
24,NORMA-14581,645
24,NORMA-6575,646
24,NORMA-19696,647
24,NORMA-9853,648
24,NORMA-9738,649
24,NORMA-6215,650
24,NORMA-24,651
24,NORMA-20336,652
24,NORMA-17684,653
24,NORMA-6355,654
24,NORMA-6716,655
24,NORMA-23881,656
24,NORMA-18842,657
24,NORMA-3181,658
24,NORMA-3942,659
24,NORMA-3503,660
24,NORMA-7526,661
24,NORMA-6459,662
24,NORMA-4124,663
24,NORMA-5676,664
24,NORMA-29421,665
24,NORMA-3281,666
24,NORMA-5007,667
24,NORMA-8161,668
24,NORMA-13394,669
24,NORMA-2536,670
24,NORMA-6242,671
24,NORMA-3976,672
24,NORMA-2587,673
24,NORMA-20910,674
24,NORMA-20919,675
24,NORMA-7094,676
24,NORMA-2484,677
24,NORMA-5298,678
24,NORMA-27249,679
24,NORMA-19805,680
24,NORMA-7773,681
24,NORMA-16681,682
24,NORMA-28282,683
24,NORMA-6628,684
24,NORMA-5594,685
24,NORMA-6044,686
24,NORMA-21216,687
24,NORMA-16267,688
24,NORMA-4073,689
24,NORMA-6046,690
24,NORMA-1545,691
24,NORMA-1965,692
24,NORMA-4701,693
24,NORMA-28342,694
24,NORMA-5813,695
24,NORMA-9357,696
24,NORMA-9237,697
24,NORMA-729,698
24,NORMA-4793,699
24,NORMA-6136,700
24,NORMA-3524,701
24,NORMA-16444,702
24,NORMA-7518,703
24,NORMA-15041,704
24,NORMA-8429,705
24,NORMA-6031,706
24,NORMA-18869,707
24,NORMA-2413,708
24,NORMA-11614,709
24,NORMA-6622,710
24,NORMA-21606,711
24,NORMA-4300,712
24,NORMA-22822,713
24,NORMA-4294,714
24,NORMA-1987,715
24,NORMA-5681,716
24,NORMA-15205,717
24,NORMA-27385,718
24,NORMA-9740,719
24,NORMA-3381,720
24,NORMA-28281,721
24,NORMA-19687,722
24,NORMA-8510,723
24,NORMA-10788,724
24,NORMA-4917,725
24,NORMA-17201,726
24,NORMA-18268,727
24,NORMA-13003,728
24,NORMA-7846,729
24,NORMA-20164,730
24,NORMA-1720,731
24,NORMA-24641,732
24,NORMA-5013,733
24,NORMA-7097,734
24,NORMA-7159,735
24,NORMA-4884,736
24,NORMA-13011,737
24,NORMA-11651,738
24,NORMA-20116,739
24,NORMA-21150,740
24,NORMA-20276,741
24,NORMA-11864,742
24,NORMA-6000,743
24,NORMA-10233,744
24,NORMA-5006,745
24,NORMA-9846,746
24,NORMA-12667,747
24,NORMA-12039,748
24,NORMA-18510,749
24,NORMA-3979,750
24,NORMA-7674,751
24,NORMA-25902,752
24,NORMA-6952,753
24,NORMA-21046,754
24,NORMA-10375,755
24,NORMA-8091,756
24,NORMA-3961,757
24,NORMA-19380,758
24,NORMA-6630,759
24,NORMA-1585,760
24,NORMA-10565,761
24,NORMA-1976,762
24,NORMA-20477,763
24,NORMA-14347,764
24,NORMA-6577,765
24,NORMA-20289,766
24,NORMA-13685,767
24,NORMA-13931,768
24,NORMA-20989,769
24,NORMA-18838,770
24,NORMA-4569,771
24,NORMA-18412,772
24,NORMA-4460,773
24,NORMA-18265,774
24,NORMA-7156,775
24,NORMA-20580,776
24,NORMA-12035,777
24,NORMA-8871,778
24,NORMA-9497,779
24,NORMA-11572,780
24,NORMA-18213,781
24,NORMA-18826,782
24,NORMA-15390,783
24,NORMA-18748,784
24,NORMA-28961,785
24,NORMA-11612,786
24,NORMA-581,787
24,NORMA-4051,788
24,NORMA-7779,789
24,NORMA-13328,790
24,NORMA-10017,791
24,NORMA-8800,792
24,NORMA-18552,793
24,NORMA-4477,794
24,NORMA-21265,795
24,NORMA-2113,796
24,NORMA-19283,797
24,NORMA-11577,798
24,NORMA-6316,799
24,NORMA-6801,800
24,NORMA-21043,801
24,NORMA-2014,802
24,NORMA-21024,803
24,NORMA-4231,804
24,NORMA-4421,805
24,NORMA-19444,806
24,NORMA-20908,807
24,NORMA-9793,808
24,NORMA-21328,809
24,NORMA-19700,810
24,NORMA-6177,811
24,NORMA-18339,812
24,NORMA-20450,813
24,NORMA-18575,814
24,NORMA-2921,815
24,NORMA-14965,816
24,NORMA-21113,817
24,NORMA-7432,818
24,NORMA-12900,819
24,NORMA-12901,820
24,NORMA-19495,821
24,NORMA-6032,822
24,NORMA-18340,823
24,NORMA-8840,824
24,NORMA-19664,825
24,NORMA-5433,826
24,NORMA-13263,827
24,NORMA-26726,828
24,NORMA-11401,829
24,NORMA-18630,830
24,NORMA-13990,831
24,NORMA-14676,832
24,NORMA-12350,833
24,NORMA-7150,834
24,NORMA-21143,835
24,NORMA-2449,836
24,NORMA-27562,837
24,NORMA-9862,838
24,NORMA-9794,839
24,NORMA-18493,840
24,NORMA-13241,841
24,NORMA-18542,842
24,NORMA-13664,843
24,NORMA-4450,844
24,NORMA-6181,845
24,NORMA-20443,846
24,NORMA-7912,847
24,NORMA-29181,848
24,NORMA-265,849
24,NORMA-8157,850
24,NORMA-5493,851
24,NORMA-10296,852
24,NORMA-12029,853
24,NORMA-18551,854
24,NORMA-13138,855
24,NORMA-18418,856
24,NORMA-13474,857
24,NORMA-20252,858
24,NORMA-4414,859
24,NORMA-27551,860
24,NORMA-5467,861
24,NORMA-19603,862
24,NORMA-29147,863
24,NORMA-17321,864
24,NORMA-15581,865
24,NORMA-6982,866
24,NORMA-7802,867
24,NORMA-4603,868
24,NORMA-9345,869
24,NORMA-7994,870
24,NORMA-5349,871
24,NORMA-1154,872
24,NORMA-2269,873
24,NORMA-20886,874
24,NORMA-23964,875
24,NORMA-7606,876
24,NORMA-4762,877
24,NORMA-2109,878
24,NORMA-7843,879
24,NORMA-28802,880
24,NORMA-10260,881
24,NORMA-7074,882
24,NORMA-2126,883
24,NORMA-20874,884
24,NORMA-11571,885
24,NORMA-8988,886
24,NORMA-11137,887
24,NORMA-4686,888
24,NORMA-8092,889
24,NORMA-18534,890
24,NORMA-9855,891
24,NORMA-4031,892
24,NORMA-7556,893
24,NORMA-15521,894
24,NORMA-10925,895
24,NORMA-4634,896
24,NORMA-4694,897
24,NORMA-20508,898
24,NORMA-4831,899
24,NORMA-11766,900
24,NORMA-18204,901
24,NORMA-19688,902
24,NORMA-206,903
24,NORMA-4912,904
24,NORMA-3261,905
24,NORMA-10232,906
24,NORMA-23482,907
24,NORMA-11578,908
24,NORMA-18993,909
24,NORMA-20871,910
24,NORMA-8511,911
24,NORMA-14344,912
24,NORMA-19111,913
24,NORMA-1452,914
24,NORMA-5566,915
24,NORMA-18548,916
24,NORMA-8702,917
24,NORMA-11598,918
24,NORMA-4178,919
24,NORMA-20241,920
24,NORMA-1137,921
24,NORMA-10538,922
24,NORMA-29141,923
24,NORMA-19502,924
24,NORMA-29225,925
24,NORMA-13102,926
24,NORMA-21705,927
24,NORMA-8160,928
24,NORMA-8515,929
24,NORMA-18444,930
24,NORMA-20220,931
24,NORMA-14713,932
24,NORMA-20939,933
24,NORMA-20245,934
24,NORMA-5806,935
24,NORMA-5224,936
24,NORMA-4189,937
24,NORMA-10039,938
24,NORMA-4015,939
24,NORMA-4017,940
24,NORMA-7008,941
24,NORMA-1256,942
24,NORMA-473,943
24,NORMA-12144,944
24,NORMA-18762,945
24,NORMA-9637,946
24,NORMA-20621,947
24,NORMA-10669,948
24,NORMA-1541,949
24,NORMA-13836,950
24,NORMA-14264,951
24,NORMA-995,952
24,NORMA-18345,953
24,NORMA-2333,954
24,NORMA-7472,955
24,NORMA-4420,956
24,NORMA-8196,957
24,NORMA-11827,958
24,NORMA-6033,959
24,NORMA-4259,960
24,NORMA-18735,961
24,NORMA-20766,962
24,NORMA-6065,963
24,NORMA-20660,964
24,NORMA-12324,965
24,NORMA-6861,966
24,NORMA-14157,967
24,NORMA-18279,968
24,NORMA-11735,969
24,NORMA-9553,970
24,NORMA-2465,971
24,NORMA-2012,972
24,NORMA-1667,973
24,NORMA-3964,974
24,NORMA-5367,975
24,NORMA-5048,976
24,NORMA-19230,977
24,NORMA-28203,978
24,NORMA-11556,979
24,NORMA-18525,980
24,NORMA-2105,981
24,NORMA-20572,982
24,NORMA-4052,983
24,NORMA-3552,984
24,NORMA-18308,985
24,NORMA-18443,986
24,NORMA-12657,987
24,NORMA-943,988
24,NORMA-1555,989
24,NORMA-5656,990
24,NORMA-7311,991
24,NORMA-12483,992
24,NORMA-18554,993
24,NORMA-4072,994
24,NORMA-14633,995
24,NORMA-5458,996
24,NORMA-10378,997
24,NORMA-19284,998
24,NORMA-19399,999
24,NORMA-5862,1000
25,NORMA-19096,1
25,NORMA-20611,2
25,NORMA-20029,3
25,NORMA-21550,4
25,NORMA-21626,5
25,NORMA-20185,6
25,NORMA-1674,7
25,NORMA-358,8
25,NORMA-21308,9
25,NORMA-20677,10
25,NORMA-19853,11
25,NORMA-833,12
25,NORMA-20525,13
25,NORMA-20425,14
25,NORMA-1346,15
25,NORMA-19923,16
25,NORMA-20567,17
25,NORMA-20271,18
25,NORMA-1442,19
25,NORMA-20941,20
25,NORMA-20633,21
25,NORMA-1306,22
25,NORMA-21537,23
25,NORMA-20445,24
25,NORMA-20853,25
25,NORMA-1295,26
25,NORMA-2444,27
25,NORMA-21712,28
25,NORMA-385,29
25,NORMA-2496,30
25,NORMA-20261,31
25,NORMA-20839,32
25,NORMA-159,33
25,NORMA-19603,34
25,NORMA-20206,35
25,NORMA-19800,36
25,NORMA-1173,37
25,NORMA-18981,38
25,NORMA-18740,39
25,NORMA-20726,40
25,NORMA-1334,41
25,NORMA-1286,42
25,NORMA-20944,43
25,NORMA-20948,44
25,NORMA-21216,45
25,NORMA-20208,46
25,NORMA-20599,47
25,NORMA-20447,48
25,NORMA-1151,49
25,NORMA-18891,50
25,NORMA-18958,51
25,NORMA-20091,52
25,NORMA-21437,53
25,NORMA-19092,54
25,NORMA-20515,55
25,NORMA-20724,56
25,NORMA-18943,57
25,NORMA-21366,58
25,NORMA-1408,59
25,NORMA-1407,60
25,NORMA-20145,61
25,NORMA-20426,62
25,NORMA-2395,63
25,NORMA-15561,64
25,NORMA-21190,65
25,NORMA-1776,66
25,NORMA-19963,67
25,NORMA-18406,68
25,NORMA-20513,69
25,NORMA-20514,70
25,NORMA-20159,71
25,NORMA-20528,72
25,NORMA-20512,73
25,NORMA-19803,74
25,NORMA-20252,75
25,NORMA-357,76
25,NORMA-1398,77
25,NORMA-18954,78
25,NORMA-464,79
25,NORMA-20317,80
25,NORMA-20105,81
25,NORMA-850,82
25,NORMA-18952,83
25,NORMA-20192,84
25,NORMA-20433,85
25,NORMA-20070,86
25,NORMA-19863,87
25,NORMA-19948,88
25,NORMA-20053,89
25,NORMA-20871,90
25,NORMA-328,91
25,NORMA-21126,92
25,NORMA-20483,93
25,NORMA-19651,94
25,NORMA-20526,95
25,NORMA-1129,96
25,NORMA-18247,97
25,NORMA-1179,98
25,NORMA-18222,99
25,NORMA-20204,100
25,NORMA-1098,101
25,NORMA-19598,102
25,NORMA-20627,103
25,NORMA-21115,104
25,NORMA-18804,105
25,NORMA-21705,106
25,NORMA-20976,107
25,NORMA-21214,108
25,NORMA-1332,109
25,NORMA-2415,110
25,NORMA-18446,111
25,NORMA-976,112
25,NORMA-18630,113
25,NORMA-20021,114
25,NORMA-19111,115
25,NORMA-20116,116
25,NORMA-19891,117
25,NORMA-875,118
25,NORMA-20164,119
25,NORMA-20508,120
25,NORMA-20682,121
25,NORMA-20189,122
25,NORMA-20096,123
25,NORMA-20319,124
25,NORMA-21199,125
25,NORMA-18936,126
25,NORMA-20755,127
25,NORMA-20595,128
25,NORMA-19849,129
25,NORMA-727,130
25,NORMA-21310,131
25,NORMA-19638,132
25,NORMA-20749,133
25,NORMA-534,134
25,NORMA-19982,135
25,NORMA-18637,136
25,NORMA-423,137
25,NORMA-20292,138
25,NORMA-19594,139
25,NORMA-736,140
25,NORMA-21215,141
25,NORMA-19809,142
25,NORMA-3241,143
25,NORMA-20441,144
25,NORMA-18436,145
25,NORMA-21209,146
25,NORMA-19747,147
25,NORMA-20175,148
25,NORMA-19917,149
25,NORMA-20207,150
25,NORMA-2455,151
25,NORMA-984,152
25,NORMA-996,153
25,NORMA-19953,154
25,NORMA-21247,155
25,NORMA-20594,156
25,NORMA-21621,157
25,NORMA-20898,158
25,NORMA-20114,159
25,NORMA-20042,160
25,NORMA-20551,161
25,NORMA-19587,162
25,NORMA-21664,163
25,NORMA-20571,164
25,NORMA-21427,165
25,NORMA-20160,166
25,NORMA-18780,167
25,NORMA-21718,168
25,NORMA-19761,169
25,NORMA-19824,170
25,NORMA-19764,171
25,NORMA-1788,172
25,NORMA-18985,173
25,NORMA-18240,174
25,NORMA-19912,175
25,NORMA-21081,176
25,NORMA-20538,177
25,NORMA-19724,178
25,NORMA-535,179
25,NORMA-20442,180
25,NORMA-20103,181
25,NORMA-19805,182
25,NORMA-1388,183
25,NORMA-20277,184
25,NORMA-2447,185
25,NORMA-19866,186
25,NORMA-20336,187
25,NORMA-20449,188
25,NORMA-76,189
25,NORMA-18475,190
25,NORMA-19825,191
25,NORMA-21300,192
25,NORMA-29186,193
25,NORMA-21326,194
25,NORMA-20106,195
25,NORMA-20322,196
25,NORMA-20873,197
25,NORMA-18892,198
25,NORMA-20242,199
25,NORMA-18213,200
25,NORMA-20753,201
25,NORMA-18945,202
25,NORMA-19446,203
25,NORMA-7110,204
25,NORMA-19696,205
25,NORMA-19249,206
25,NORMA-20344,207
25,NORMA-21429,208
25,NORMA-20621,209
25,NORMA-1433,210
25,NORMA-2554,211
25,NORMA-1390,212
25,NORMA-1420,213
25,NORMA-20930,214
25,NORMA-19960,215
25,NORMA-20436,216
25,NORMA-19903,217
25,NORMA-1280,218
25,NORMA-21753,219
25,NORMA-20334,220
25,NORMA-21204,221
25,NORMA-19209,222
25,NORMA-20808,223
25,NORMA-20329,224
25,NORMA-2456,225
25,NORMA-20985,226
25,NORMA-18913,227
25,NORMA-19305,228
25,NORMA-20784,229
25,NORMA-21093,230
25,NORMA-19950,231
25,NORMA-1144,232
25,NORMA-21466,233
25,NORMA-20314,234
25,NORMA-19910,235
25,NORMA-20909,236
25,NORMA-21219,237
25,NORMA-729,238
25,NORMA-20066,239
25,NORMA-20238,240
25,NORMA-18908,241
25,NORMA-20990,242
25,NORMA-19643,243
25,NORMA-21040,244
25,NORMA-20837,245
25,NORMA-1198,246
25,NORMA-20650,247
25,NORMA-20321,248
25,NORMA-21052,249
25,NORMA-27101,250
25,NORMA-20071,251
25,NORMA-21792,252
25,NORMA-20439,253
25,NORMA-18393,254
25,NORMA-2367,255
25,NORMA-2386,256
25,NORMA-21779,257
25,NORMA-20519,258
25,NORMA-20023,259
25,NORMA-18551,260
25,NORMA-14208,261
25,NORMA-18430,262
25,NORMA-20194,263
25,NORMA-21114,264
25,NORMA-20849,265
25,NORMA-20099,266
25,NORMA-19604,267
25,NORMA-19635,268
25,NORMA-1171,269
25,NORMA-20754,270
25,NORMA-21524,271
25,NORMA-20110,272
25,NORMA-21169,273
25,NORMA-20396,274
25,NORMA-20440,275
25,NORMA-20149,276
25,NORMA-21345,277
25,NORMA-20834,278
25,NORMA-1175,279
25,NORMA-19980,280
25,NORMA-20667,281
25,NORMA-20829,282
25,NORMA-20624,283
25,NORMA-21455,284
25,NORMA-1826,285
25,NORMA-18633,286
25,NORMA-19178,287
25,NORMA-20965,288
25,NORMA-20842,289
25,NORMA-20122,290
25,NORMA-20047,291
25,NORMA-18226,292
25,NORMA-20861,293
25,NORMA-20007,294
25,NORMA-20431,295
25,NORMA-21519,296
25,NORMA-20443,297
25,NORMA-21168,298
25,NORMA-20577,299
25,NORMA-19014,300
25,NORMA-20270,301
25,NORMA-20541,302
25,NORMA-20340,303
25,NORMA-21110,304
25,NORMA-20191,305
25,NORMA-21019,306
25,NORMA-12024,307
25,NORMA-20535,308
25,NORMA-20335,309
25,NORMA-21539,310
25,NORMA-20408,311
25,NORMA-20342,312
25,NORMA-61,313
25,NORMA-396,314
25,NORMA-1637,315
25,NORMA-19797,316
25,NORMA-20077,317
25,NORMA-19952,318
25,NORMA-11000,319
25,NORMA-20246,320
25,NORMA-19087,321
25,NORMA-2623,322
25,NORMA-18909,323
25,NORMA-778,324
25,NORMA-20405,325
25,NORMA-20197,326
25,NORMA-20872,327
25,NORMA-21597,328
25,NORMA-20188,329
25,NORMA-20520,330
25,NORMA-19697,331
25,NORMA-18917,332
25,NORMA-20377,333
25,NORMA-19888,334
25,NORMA-20554,335
25,NORMA-21675,336
25,NORMA-3281,337
25,NORMA-18341,338
25,NORMA-20654,339
25,NORMA-20545,340
25,NORMA-20064,341
25,NORMA-20239,342
25,NORMA-20281,343
25,NORMA-21432,344
25,NORMA-20279,345
25,NORMA-18488,346
25,NORMA-19196,347
25,NORMA-21013,348
25,NORMA-20590,349
25,NORMA-20381,350
25,NORMA-20818,351
25,NORMA-20635,352
25,NORMA-20330,353
25,NORMA-972,354
25,NORMA-19568,355
25,NORMA-13801,356
25,NORMA-21627,357
25,NORMA-21212,358
25,NORMA-19461,359
25,NORMA-20427,360
25,NORMA-19157,361
25,NORMA-18202,362
25,NORMA-20186,363
25,NORMA-19889,364
25,NORMA-19871,365
25,NORMA-20949,366
25,NORMA-19460,367
25,NORMA-19668,368
25,NORMA-19829,369
25,NORMA-20459,370
25,NORMA-20549,371
25,NORMA-19628,372
25,NORMA-19055,373
25,NORMA-18924,374
25,NORMA-19876,375
25,NORMA-21246,376
25,NORMA-19233,377
25,NORMA-751,378
25,NORMA-19971,379
25,NORMA-20245,380
25,NORMA-18512,381
25,NORMA-20588,382
25,NORMA-20766,383
25,NORMA-1353,384
25,NORMA-19036,385
25,NORMA-19955,386
25,NORMA-19907,387
25,NORMA-19250,388
25,NORMA-19602,389
25,NORMA-12032,390
25,NORMA-21728,391
25,NORMA-20430,392
25,NORMA-20351,393
25,NORMA-18684,394
25,NORMA-20184,395
25,NORMA-20257,396
25,NORMA-18739,397
25,NORMA-20027,398
25,NORMA-19229,399
25,NORMA-13883,400
25,NORMA-14429,401
25,NORMA-18792,402
25,NORMA-18546,403
25,NORMA-18786,404
25,NORMA-20020,405
25,NORMA-21099,406
25,NORMA-19958,407
25,NORMA-20118,408
25,NORMA-20572,409
25,NORMA-19624,410
25,NORMA-18796,411
25,NORMA-20800,412
25,NORMA-18519,413
25,NORMA-19870,414
25,NORMA-19216,415
25,NORMA-19970,416
25,NORMA-20231,417
25,NORMA-20305,418
25,NORMA-21659,419
25,NORMA-1965,420
25,NORMA-19555,421
25,NORMA-19122,422
25,NORMA-20054,423
25,NORMA-18583,424
25,NORMA-20772,425
25,NORMA-20939,426
25,NORMA-13912,427
25,NORMA-18938,428
25,NORMA-587,429
25,NORMA-20760,430
25,NORMA-21395,431
25,NORMA-21496,432
25,NORMA-20527,433
25,NORMA-798,434
25,NORMA-15004,435
25,NORMA-18717,436
25,NORMA-19855,437
25,NORMA-20557,438
25,NORMA-20167,439
25,NORMA-20656,440
25,NORMA-19263,441
25,NORMA-20934,442
25,NORMA-1713,443
25,NORMA-20860,444
25,NORMA-18281,445
25,NORMA-19929,446
25,NORMA-19740,447
25,NORMA-20942,448
25,NORMA-416,449
25,NORMA-19983,450
25,NORMA-19834,451
25,NORMA-20280,452
25,NORMA-18335,453
25,NORMA-18509,454
25,NORMA-20451,455
25,NORMA-18664,456
25,NORMA-18603,457
25,NORMA-18613,458
25,NORMA-19992,459
25,NORMA-20612,460
25,NORMA-19166,461
25,NORMA-588,462
25,NORMA-18849,463
25,NORMA-24961,464
25,NORMA-21067,465
25,NORMA-19945,466
25,NORMA-31904,467
25,NORMA-1361,468
25,NORMA-20787,469
25,NORMA-18873,470
25,NORMA-72,471
25,NORMA-19191,472
25,NORMA-21540,473
25,NORMA-19933,474
25,NORMA-19257,475
25,NORMA-20102,476
25,NORMA-417,477
25,NORMA-20275,478
25,NORMA-19837,479
25,NORMA-19360,480
25,NORMA-21147,481
25,NORMA-19094,482
25,NORMA-19826,483
25,NORMA-19140,484
25,NORMA-18931,485
25,NORMA-19962,486
25,NORMA-19841,487
25,NORMA-20051,488
25,NORMA-21260,489
25,NORMA-19750,490
25,NORMA-18818,491
25,NORMA-20043,492
25,NORMA-21105,493
25,NORMA-21552,494
25,NORMA-20452,495
25,NORMA-19777,496
25,NORMA-21461,497
25,NORMA-19706,498
25,NORMA-20830,499
25,NORMA-18720,500
25,NORMA-18957,501
25,NORMA-18953,502
25,NORMA-20428,503
25,NORMA-18506,504
25,NORMA-28203,505
25,NORMA-18850,506
25,NORMA-18894,507
25,NORMA-18624,508
25,NORMA-1485,509
25,NORMA-18480,510
25,NORMA-20157,511
25,NORMA-20517,512
25,NORMA-21398,513
25,NORMA-21352,514
25,NORMA-12657,515
25,NORMA-18477,516
25,NORMA-19798,517
25,NORMA-18325,518
25,NORMA-19487,519
25,NORMA-1619,520
25,NORMA-21173,521
25,NORMA-20198,522
25,NORMA-19752,523
25,NORMA-28362,524
25,NORMA-20856,525
25,NORMA-11803,526
25,NORMA-18580,527
25,NORMA-20796,528
25,NORMA-1026,529
25,NORMA-19308,530
25,NORMA-21715,531
25,NORMA-19091,532
25,NORMA-20214,533
25,NORMA-19964,534
25,NORMA-20770,535
25,NORMA-19686,536
25,NORMA-20758,537
25,NORMA-20684,538
25,NORMA-20885,539
25,NORMA-18646,540
25,NORMA-20093,541
25,NORMA-15902,542
25,NORMA-20296,543
25,NORMA-20244,544
25,NORMA-20290,545
25,NORMA-20840,546
25,NORMA-20424,547
25,NORMA-21290,548
25,NORMA-20233,549
25,NORMA-20357,550
25,NORMA-20783,551
25,NORMA-18254,552
25,NORMA-20254,553
25,NORMA-20804,554
25,NORMA-19564,555
25,NORMA-20505,556
25,NORMA-18935,557
25,NORMA-20448,558
25,NORMA-20604,559
25,NORMA-19258,560
25,NORMA-19883,561
25,NORMA-20773,562
25,NORMA-19244,563
25,NORMA-17221,564
25,NORMA-21153,565
25,NORMA-1348,566
25,NORMA-21117,567
25,NORMA-18310,568
25,NORMA-1274,569
25,NORMA-3381,570
25,NORMA-21135,571
25,NORMA-20202,572
25,NORMA-19687,573
25,NORMA-20531,574
25,NORMA-20721,575
25,NORMA-19730,576
25,NORMA-19701,577
25,NORMA-20822,578
25,NORMA-21446,579
25,NORMA-19596,580
25,NORMA-19625,581
25,NORMA-20269,582
25,NORMA-18543,583
25,NORMA-21447,584
25,NORMA-766,585
25,NORMA-20127,586
25,NORMA-18387,587
25,NORMA-11863,588
25,NORMA-19984,589
25,NORMA-19956,590
25,NORMA-18265,591
25,NORMA-31923,592
25,NORMA-18882,593
25,NORMA-20945,594
25,NORMA-20045,595
25,NORMA-19148,596
25,NORMA-20568,597
25,NORMA-20176,598
25,NORMA-21529,599
25,NORMA-19671,600
25,NORMA-25542,601
25,NORMA-18911,602
25,NORMA-21462,603
25,NORMA-19663,604
25,NORMA-20522,605
25,NORMA-18632,606
25,NORMA-20561,607
25,NORMA-13474,608
25,NORMA-19575,609
25,NORMA-19608,610
25,NORMA-21744,611
25,NORMA-20559,612
25,NORMA-211,613
25,NORMA-483,614
25,NORMA-19064,615
25,NORMA-20303,616
25,NORMA-21489,617
25,NORMA-18832,618
25,NORMA-18542,619
25,NORMA-21213,620
25,NORMA-20824,621
25,NORMA-3181,622
25,NORMA-20879,623
25,NORMA-6183,624
25,NORMA-2032,625
25,NORMA-20100,626
25,NORMA-28281,627
25,NORMA-380,628
25,NORMA-19275,629
25,NORMA-19558,630
25,NORMA-19904,631
25,NORMA-20916,632
25,NORMA-24583,633
25,NORMA-19591,634
25,NORMA-19031,635
25,NORMA-21555,636
25,NORMA-20769,637
25,NORMA-19355,638
25,NORMA-21531,639
25,NORMA-21249,640
25,NORMA-19540,641
25,NORMA-18399,642
25,NORMA-18925,643
25,NORMA-18312,644
25,NORMA-19845,645
25,NORMA-18984,646
25,NORMA-21272,647
25,NORMA-18692,648
25,NORMA-19213,649
25,NORMA-8774,650
25,NORMA-19572,651
25,NORMA-567,652
25,NORMA-5895,653
25,NORMA-20798,654
25,NORMA-19179,655
25,NORMA-20432,656
25,NORMA-21595,657
25,NORMA-20180,658
25,NORMA-2551,659
25,NORMA-21506,660
25,NORMA-20580,661
25,NORMA-1163,662
25,NORMA-20524,663
25,NORMA-6948,664
25,NORMA-20241,665
25,NORMA-595,666
25,NORMA-188,667
25,NORMA-20836,668
25,NORMA-21234,669
25,NORMA-20107,670
25,NORMA-26123,671
25,NORMA-19822,672
25,NORMA-18338,673
25,NORMA-19715,674
25,NORMA-20672,675
25,NORMA-14742,676
25,NORMA-19106,677
25,NORMA-3201,678
25,NORMA-20901,679
25,NORMA-18443,680
25,NORMA-23381,681
25,NORMA-5616,682
25,NORMA-18899,683
25,NORMA-1586,684
25,NORMA-18859,685
25,NORMA-20183,686
25,NORMA-18777,687
25,NORMA-21414,688
25,NORMA-21757,689
25,NORMA-19511,690
25,NORMA-19356,691
25,NORMA-18514,692
25,NORMA-19646,693
25,NORMA-19721,694
25,NORMA-1,695
25,NORMA-19684,696
25,NORMA-19484,697
25,NORMA-20037,698
25,NORMA-21228,699
25,NORMA-2125,700
25,NORMA-20899,701
25,NORMA-19790,702
25,NORMA-19666,703
25,NORMA-19640,704
25,NORMA-19630,705
25,NORMA-21580,706
25,NORMA-18396,707
25,NORMA-20320,708
25,NORMA-20542,709
25,NORMA-20388,710
25,NORMA-21024,711
25,NORMA-20195,712
25,NORMA-21751,713
25,NORMA-20437,714
25,NORMA-21625,715
25,NORMA-21259,716
25,NORMA-19019,717
25,NORMA-21268,718
25,NORMA-20385,719
25,NORMA-19787,720
25,NORMA-19383,721
25,NORMA-20039,722
25,NORMA-19993,723
25,NORMA-21221,724
25,NORMA-20287,725
25,NORMA-680,726
25,NORMA-20846,727
25,NORMA-18337,728
25,NORMA-20161,729
25,NORMA-20005,730
25,NORMA-21392,731
25,NORMA-21210,732
25,NORMA-21789,733
25,NORMA-20002,734
25,NORMA-18473,735
25,NORMA-19113,736
25,NORMA-21515,737
25,NORMA-21599,738
25,NORMA-20671,739
25,NORMA-19174,740
25,NORMA-21223,741
25,NORMA-20323,742
25,NORMA-18286,743
25,NORMA-27342,744
25,NORMA-11711,745
25,NORMA-1365,746
25,NORMA-20182,747
25,NORMA-13719,748
25,NORMA-20203,749
25,NORMA-19731,750
25,NORMA-19501,751
25,NORMA-18597,752
25,NORMA-19601,753
25,NORMA-20625,754
25,NORMA-19291,755
25,NORMA-19357,756
25,NORMA-1996,757
25,NORMA-20558,758
25,NORMA-8028,759
25,NORMA-19627,760
25,NORMA-412,761
25,NORMA-54,762
25,NORMA-18207,763
25,NORMA-20716,764
25,NORMA-19084,765
25,NORMA-309,766
25,NORMA-21739,767
25,NORMA-19838,768
25,NORMA-21061,769
25,NORMA-21642,770
25,NORMA-19815,771
25,NORMA-6012,772
25,NORMA-19680,773
25,NORMA-19044,774
25,NORMA-20797,775
25,NORMA-1621,776
25,NORMA-18596,777
25,NORMA-7149,778
25,NORMA-19592,779
25,NORMA-19108,780
25,NORMA-21510,781
25,NORMA-21574,782
25,NORMA-21433,783
25,NORMA-20801,784
25,NORMA-14876,785
25,NORMA-19804,786
25,NORMA-20634,787
25,NORMA-21054,788
25,NORMA-19243,789
25,NORMA-20989,790
25,NORMA-20929,791
25,NORMA-21182,792
25,NORMA-207,793
25,NORMA-21125,794
25,NORMA-21563,795
25,NORMA-20641,796
25,NORMA-11579,797
25,NORMA-20658,798
25,NORMA-21696,799
25,NORMA-21035,800
25,NORMA-217,801
25,NORMA-19595,802
25,NORMA-18599,803
25,NORMA-21036,804
25,NORMA-20041,805
25,NORMA-20994,806
25,NORMA-19965,807
25,NORMA-19164,808
25,NORMA-20034,809
25,NORMA-21089,810
25,NORMA-5681,811
25,NORMA-19874,812
25,NORMA-1341,813
25,NORMA-21325,814
25,NORMA-18673,815
25,NORMA-19399,816
25,NORMA-20311,817
25,NORMA-21384,818
25,NORMA-20170,819
25,NORMA-21316,820
25,NORMA-2171,821
25,NORMA-19354,822
25,NORMA-206,823
25,NORMA-19309,824
25,NORMA-19677,825
25,NORMA-11482,826
25,NORMA-19584,827
25,NORMA-19554,828
25,NORMA-20264,829
25,NORMA-20940,830
25,NORMA-19749,831
25,NORMA-18500,832
25,NORMA-21162,833
25,NORMA-20768,834
25,NORMA-20089,835
25,NORMA-30663,836
25,NORMA-18559,837
25,NORMA-19506,838
25,NORMA-20586,839
25,NORMA-20637,840
25,NORMA-21193,841
25,NORMA-21758,842
25,NORMA-2,843
25,NORMA-19593,844
25,NORMA-18575,845
25,NORMA-18616,846
25,NORMA-20786,847
25,NORMA-20717,848
25,NORMA-20187,849
25,NORMA-18570,850
25,NORMA-21394,851
25,NORMA-19619,852
25,NORMA-19479,853
25,NORMA-19053,854
25,NORMA-21759,855
25,NORMA-20805,856
25,NORMA-20434,857
25,NORMA-230,858
25,NORMA-19614,859
25,NORMA-13116,860
25,NORMA-19218,861
25,NORMA-19961,862
25,NORMA-18636,863
25,NORMA-19703,864
25,NORMA-19986,865
25,NORMA-7303,866
25,NORMA-20253,867
25,NORMA-21600,868
25,NORMA-1024,869
25,NORMA-20981,870
25,NORMA-18763,871
25,NORMA-20887,872
25,NORMA-11728,873
25,NORMA-19005,874
25,NORMA-12080,875
25,NORMA-20943,876
25,NORMA-20865,877
25,NORMA-19539,878
25,NORMA-19232,879
25,NORMA-21654,880
25,NORMA-20313,881
25,NORMA-18885,882
25,NORMA-1342,883
25,NORMA-20744,884
25,NORMA-19353,885
25,NORMA-19636,886
25,NORMA-20652,887
25,NORMA-14371,888
25,NORMA-19504,889
25,NORMA-4588,890
25,NORMA-19793,891
25,NORMA-21507,892
25,NORMA-19556,893
25,NORMA-19110,894
25,NORMA-19842,895
25,NORMA-19119,896
25,NORMA-18382,897
25,NORMA-18385,898
25,NORMA-19038,899
25,NORMA-18560,900
25,NORMA-19081,901
25,NORMA-838,902
25,NORMA-6813,903
25,NORMA-18522,904
25,NORMA-21180,905
25,NORMA-18437,906
25,NORMA-2181,907
25,NORMA-21333,908
25,NORMA-19918,909
25,NORMA-21348,910
25,NORMA-21121,911
25,NORMA-19700,912
25,NORMA-20706,913
25,NORMA-14054,914
25,NORMA-20869,915
25,NORMA-18359,916
25,NORMA-19114,917
25,NORMA-18817,918
25,NORMA-20587,919
25,NORMA-21453,920
25,NORMA-17182,921
25,NORMA-20618,922
25,NORMA-20832,923
25,NORMA-24041,924
25,NORMA-19051,925
25,NORMA-20614,926
25,NORMA-995,927
25,NORMA-21528,928
25,NORMA-21611,929
25,NORMA-3637,930
25,NORMA-6786,931
25,NORMA-20211,932
25,NORMA-19977,933
25,NORMA-19920,934
25,NORMA-20926,935
25,NORMA-18746,936
25,NORMA-18896,937
25,NORMA-19589,938
25,NORMA-19241,939
25,NORMA-19751,940
25,NORMA-20955,941
25,NORMA-18255,942
25,NORMA-19785,943
25,NORMA-19879,944
25,NORMA-21222,945
25,NORMA-19947,946
25,NORMA-53,947
25,NORMA-21208,948
25,NORMA-21657,949
25,NORMA-21653,950
25,NORMA-20556,951
25,NORMA-4294,952
25,NORMA-19476,953
25,NORMA-20668,954
25,NORMA-20701,955
25,NORMA-21458,956
25,NORMA-9626,957
25,NORMA-22861,958
25,NORMA-20316,959
25,NORMA-19160,960
25,NORMA-20850,961
25,NORMA-19380,962
25,NORMA-20781,963
25,NORMA-11618,964
25,NORMA-20294,965
25,NORMA-19966,966
25,NORMA-21677,967
25,NORMA-20205,968
25,NORMA-27341,969
25,NORMA-143,970
25,NORMA-20497,971
25,NORMA-19468,972
25,NORMA-20112,973
25,NORMA-21431,974
25,NORMA-75,975
25,NORMA-19712,976
25,NORMA-18550,977
25,NORMA-23521,978
25,NORMA-6633,979
25,NORMA-19171,980
25,NORMA-20476,981
25,NORMA-21225,982
25,NORMA-19655,983
25,NORMA-3965,984
25,NORMA-21699,985
25,NORMA-1863,986
25,NORMA-20307,987
25,NORMA-19283,988
25,NORMA-14926,989
25,NORMA-19502,990
25,NORMA-3382,991
25,NORMA-18937,992
25,NORMA-21694,993
25,NORMA-19954,994
25,NORMA-1147,995
25,NORMA-11144,996
25,NORMA-20072,997
25,NORMA-19642,998
25,NORMA-20260,999
25,NORMA-19634,1000
26,NORMA-20073,1
26,NORMA-12929,2
26,NORMA-9407,3
26,NORMA-14709,4
26,NORMA-24221,5
26,NORMA-23081,6
26,NORMA-28601,7
26,NORMA-16541,8
26,NORMA-10283,9
26,NORMA-27942,10
26,NORMA-9610,11
26,NORMA-22921,12
26,NORMA-7586,13
26,NORMA-10170,14
26,NORMA-10248,15
26,NORMA-27181,16
26,NORMA-18906,17
26,NORMA-14185,18
26,NORMA-14352,19
26,NORMA-13797,20
26,NORMA-13678,21
26,NORMA-14915,22
26,NORMA-12540,23
26,NORMA-10660,24
26,NORMA-23181,25
26,NORMA-12320,26
26,NORMA-14030,27
26,NORMA-22321,28
26,NORMA-14519,29
26,NORMA-24842,30
26,NORMA-27623,31
26,NORMA-25262,32
26,NORMA-26563,33
26,NORMA-26564,34
26,NORMA-25841,35
26,NORMA-29185,36
26,NORMA-28461,37
26,NORMA-25205,38
26,NORMA-28043,39
26,NORMA-9552,40
26,NORMA-27081,41
26,NORMA-11070,42
26,NORMA-14844,43
26,NORMA-9396,44
26,NORMA-27202,45
26,NORMA-7669,46
26,NORMA-29023,47
26,NORMA-13949,48
26,NORMA-9654,49
26,NORMA-14238,50
26,NORMA-9397,51
26,NORMA-25203,52
26,NORMA-8024,53
26,NORMA-29621,54
26,NORMA-27021,55
26,NORMA-29861,56
26,NORMA-26565,57
26,NORMA-25204,58
26,NORMA-14572,59
26,NORMA-10875,60
26,NORMA-15031,61
26,NORMA-27421,62
26,NORMA-12565,63
26,NORMA-9674,64
26,NORMA-29655,65
26,NORMA-11067,66
26,NORMA-7594,67
26,NORMA-15199,68
26,NORMA-10909,69
26,NORMA-13841,70
26,NORMA-25141,71
26,NORMA-13395,72
26,NORMA-24341,73
26,NORMA-28141,74
26,NORMA-7330,75
26,NORMA-26041,76
26,NORMA-13557,77
26,NORMA-12728,78
26,NORMA-29008,79
26,NORMA-24823,80
26,NORMA-14698,81
26,NORMA-10071,82
26,NORMA-6239,83
26,NORMA-24841,84
26,NORMA-10540,85
26,NORMA-8018,86
26,NORMA-15082,87
26,NORMA-27901,88
26,NORMA-28581,89
26,NORMA-27584,90
26,NORMA-21587,91
26,NORMA-10124,92
26,NORMA-6173,93
26,NORMA-10194,94
26,NORMA-21283,95
26,NORMA-14518,96
26,NORMA-8936,97
26,NORMA-26421,98
26,NORMA-11412,99
26,NORMA-10133,100
26,NORMA-27201,101
26,NORMA-9947,102
26,NORMA-10107,103
26,NORMA-27605,104
26,NORMA-9977,105
26,NORMA-13478,106
26,NORMA-7269,107
26,NORMA-23841,108
26,NORMA-11227,109
26,NORMA-28583,110
26,NORMA-12966,111
26,NORMA-25524,112
26,NORMA-24881,113
26,NORMA-10742,114
26,NORMA-11468,115
26,NORMA-11160,116
26,NORMA-7036,117
26,NORMA-13945,118
26,NORMA-22121,119
26,NORMA-9225,120
26,NORMA-22221,121
26,NORMA-8521,122
26,NORMA-29184,123
26,NORMA-26886,124
26,NORMA-14603,125
26,NORMA-14692,126
26,NORMA-20642,127
26,NORMA-9454,128
26,NORMA-9040,129
26,NORMA-17141,130
26,NORMA-12082,131
26,NORMA-8596,132
26,NORMA-9116,133
26,NORMA-10108,134
26,NORMA-18280,135
26,NORMA-14237,136
26,NORMA-7357,137
26,NORMA-8355,138
26,NORMA-11935,139
26,NORMA-27688,140
26,NORMA-6777,141
26,NORMA-14694,142
26,NORMA-11305,143
26,NORMA-10885,144
26,NORMA-10144,145
26,NORMA-12278,146
26,NORMA-8704,147
26,NORMA-27522,148
26,NORMA-7109,149
26,NORMA-13546,150
26,NORMA-13330,151
26,NORMA-14265,152
26,NORMA-13674,153
26,NORMA-12996,154
26,NORMA-11400,155
26,NORMA-13461,156
26,NORMA-23621,157
26,NORMA-14335,158
26,NORMA-9507,159
26,NORMA-18143,160
26,NORMA-9989,161
26,NORMA-19864,162
26,NORMA-10494,163
26,NORMA-14192,164
26,NORMA-12520,165
26,NORMA-13590,166
26,NORMA-14338,167
26,NORMA-6371,168
26,NORMA-23741,169
26,NORMA-12287,170
26,NORMA-23761,171
26,NORMA-8764,172
26,NORMA-6823,173
26,NORMA-21281,174
26,NORMA-10551,175
26,NORMA-8112,176
26,NORMA-7186,177
26,NORMA-15323,178
26,NORMA-14531,179
26,NORMA-15052,180
26,NORMA-23543,181
26,NORMA-13144,182
26,NORMA-7646,183
26,NORMA-7271,184
26,NORMA-14927,185
26,NORMA-10812,186
26,NORMA-8354,187
26,NORMA-23541,188
26,NORMA-13176,189
26,NORMA-9784,190
26,NORMA-14815,191
26,NORMA-13360,192
26,NORMA-15346,193
26,NORMA-10495,194
26,NORMA-9551,195
26,NORMA-7627,196
26,NORMA-12559,197
26,NORMA-15279,198
26,NORMA-18141,199
26,NORMA-10171,200
26,NORMA-24821,201
26,NORMA-13283,202
26,NORMA-14503,203
26,NORMA-15012,204
26,NORMA-14193,205
26,NORMA-11593,206
26,NORMA-26662,207
26,NORMA-14497,208
26,NORMA-10404,209
26,NORMA-9999,210
26,NORMA-13221,211
26,NORMA-22341,212
26,NORMA-27304,213
26,NORMA-7595,214
26,NORMA-9295,215
26,NORMA-12417,216
26,NORMA-14144,217
26,NORMA-7359,218
26,NORMA-15371,219
26,NORMA-14107,220
26,NORMA-6323,221
26,NORMA-14098,222
26,NORMA-14998,223
26,NORMA-10125,224
26,NORMA-14163,225
26,NORMA-28701,226
26,NORMA-13875,227
26,NORMA-11326,228
26,NORMA-10594,229
26,NORMA-13710,230
26,NORMA-13537,231
26,NORMA-6661,232
26,NORMA-25941,233
26,NORMA-14872,234
26,NORMA-13582,235
26,NORMA-27681,236
26,NORMA-17681,237
26,NORMA-9118,238
26,NORMA-14376,239
26,NORMA-12376,240
26,NORMA-19991,241
26,NORMA-29004,242
26,NORMA-10243,243
26,NORMA-10783,244
26,NORMA-13733,245
26,NORMA-13352,246
26,NORMA-7119,247
26,NORMA-21774,248
26,NORMA-14228,249
26,NORMA-11364,250
26,NORMA-12839,251
26,NORMA-6367,252
26,NORMA-15065,253
26,NORMA-13700,254
26,NORMA-12675,255
26,NORMA-7402,256
26,NORMA-13647,257
26,NORMA-9476,258
26,NORMA-9996,259
26,NORMA-23742,260
26,NORMA-13955,261
26,NORMA-12468,262
26,NORMA-12535,263
26,NORMA-13213,264
26,NORMA-12847,265
26,NORMA-18142,266
26,NORMA-14496,267
26,NORMA-14538,268
26,NORMA-13898,269
26,NORMA-10193,270
26,NORMA-13987,271
26,NORMA-12521,272
26,NORMA-7270,273
26,NORMA-21075,274
26,NORMA-25543,275
26,NORMA-12718,276
26,NORMA-18584,277
26,NORMA-12557,278
26,NORMA-20703,279
26,NORMA-12950,280
26,NORMA-10888,281
26,NORMA-13186,282
26,NORMA-9207,283
26,NORMA-13222,284
26,NORMA-12888,285
26,NORMA-13636,286
26,NORMA-11079,287
26,NORMA-4396,288
26,NORMA-12786,289
26,NORMA-11943,290
26,NORMA-13481,291
26,NORMA-13752,292
26,NORMA-19088,293
26,NORMA-9931,294
26,NORMA-26661,295
26,NORMA-24742,296
26,NORMA-20298,297
26,NORMA-5792,298
26,NORMA-24763,299
26,NORMA-18989,300
26,NORMA-19639,301
26,NORMA-12672,302
26,NORMA-14727,303
26,NORMA-12671,304
26,NORMA-20288,305
26,NORMA-28463,306
26,NORMA-13746,307
26,NORMA-19939,308
26,NORMA-20536,309
26,NORMA-14828,310
26,NORMA-21140,311
26,NORMA-21697,312
26,NORMA-19241,313
26,NORMA-21280,314
26,NORMA-20713,315
26,NORMA-20506,316
26,NORMA-20523,317
26,NORMA-10255,318
26,NORMA-18215,319
26,NORMA-6603,320
26,NORMA-12704,321
26,NORMA-20632,322
26,NORMA-27365,323
26,NORMA-11443,324
26,NORMA-13030,325
26,NORMA-15167,326
26,NORMA-20016,327
26,NORMA-18677,328
26,NORMA-19138,329
26,NORMA-20302,330
26,NORMA-18745,331
26,NORMA-19004,332
26,NORMA-18221,333
26,NORMA-20056,334
26,NORMA-13789,335
26,NORMA-12530,336
26,NORMA-15396,337
26,NORMA-21065,338
26,NORMA-19641,339
26,NORMA-12613,340
26,NORMA-18314,341
26,NORMA-18460,342
26,NORMA-18626,343
26,NORMA-19027,344
26,NORMA-21585,345
26,NORMA-19167,346
26,NORMA-27701,347
26,NORMA-18604,348
26,NORMA-20582,349
26,NORMA-19127,350
26,NORMA-1718,351
26,NORMA-9979,352
26,NORMA-9803,353
26,NORMA-18351,354
26,NORMA-18962,355
26,NORMA-20058,356
26,NORMA-18404,357
26,NORMA-20190,358
26,NORMA-20967,359
26,NORMA-18871,360
26,NORMA-20983,361
26,NORMA-11974,362
26,NORMA-18730,363
26,NORMA-19870,364
26,NORMA-13192,365
26,NORMA-18271,366
26,NORMA-20285,367
26,NORMA-21120,368
26,NORMA-19006,369
26,NORMA-18748,370
26,NORMA-21284,371
26,NORMA-3589,372
26,NORMA-21764,373
26,NORMA-10493,374
26,NORMA-18835,375
26,NORMA-21282,376
26,NORMA-20729,377
26,NORMA-23101,378
26,NORMA-19426,379
26,NORMA-12770,380
26,NORMA-21056,381
26,NORMA-18701,382
26,NORMA-20034,383
26,NORMA-14411,384
26,NORMA-20936,385
26,NORMA-18243,386
26,NORMA-12406,387
26,NORMA-1407,388
26,NORMA-9449,389
26,NORMA-20841,390
26,NORMA-21591,391
26,NORMA-19326,392
26,NORMA-21690,393
26,NORMA-21194,394
26,NORMA-23981,395
26,NORMA-19629,396
26,NORMA-14904,397
26,NORMA-20704,398
26,NORMA-13223,399
26,NORMA-9536,400
26,NORMA-11838,401
26,NORMA-20702,402
26,NORMA-19448,403
26,NORMA-21129,404
26,NORMA-4492,405
26,NORMA-13706,406
26,NORMA-21420,407
26,NORMA-20529,408
26,NORMA-13668,409
26,NORMA-18990,410
26,NORMA-19011,411
26,NORMA-19429,412
26,NORMA-20248,413
26,NORMA-3503,414
26,NORMA-4767,415
26,NORMA-18290,416
26,NORMA-14705,417
26,NORMA-21318,418
26,NORMA-24082,419
26,NORMA-1740,420
26,NORMA-20864,421
26,NORMA-20692,422
26,NORMA-18764,423
26,NORMA-5406,424
26,NORMA-21791,425
26,NORMA-11104,426
26,NORMA-2337,427
26,NORMA-8261,428
26,NORMA-11260,429
26,NORMA-9223,430
26,NORMA-10084,431
26,NORMA-9802,432
26,NORMA-7196,433
26,NORMA-5136,434
26,NORMA-18884,435
26,NORMA-8970,436
26,NORMA-10910,437
26,NORMA-20299,438
26,NORMA-8643,439
26,NORMA-21285,440
26,NORMA-9255,441
26,NORMA-7494,442
26,NORMA-20084,443
26,NORMA-19735,444
26,NORMA-28201,445
26,NORMA-18245,446
26,NORMA-20524,447
26,NORMA-18670,448
26,NORMA-20640,449
26,NORMA-10461,450
26,NORMA-6618,451
26,NORMA-21674,452
26,NORMA-20613,453
26,NORMA-9769,454
26,NORMA-9234,455
26,NORMA-23721,456
26,NORMA-9263,457
26,NORMA-7223,458
26,NORMA-8580,459
26,NORMA-18302,460
26,NORMA-21312,461
26,NORMA-9770,462
26,NORMA-6782,463
26,NORMA-13868,464
26,NORMA-18733,465
26,NORMA-6903,466
26,NORMA-20134,467
26,NORMA-14779,468
26,NORMA-18244,469
26,NORMA-9744,470
26,NORMA-6226,471
26,NORMA-9857,472
26,NORMA-10206,473
26,NORMA-6736,474
26,NORMA-6278,475
26,NORMA-21526,476
26,NORMA-4194,477
26,NORMA-17001,478
26,NORMA-19746,479
26,NORMA-5512,480
26,NORMA-18668,481
26,NORMA-19737,482
26,NORMA-21264,483
26,NORMA-21144,484
26,NORMA-6968,485
26,NORMA-20924,486
26,NORMA-9375,487
26,NORMA-14241,488
26,NORMA-20738,489
26,NORMA-6145,490
26,NORMA-3872,491
26,NORMA-5210,492
26,NORMA-12338,493
26,NORMA-9097,494
26,NORMA-12490,495
26,NORMA-10001,496
26,NORMA-13510,497
26,NORMA-21200,498
26,NORMA-12602,499
26,NORMA-11992,500
26,NORMA-20730,501
26,NORMA-21706,502
26,NORMA-7387,503
26,NORMA-3985,504
26,NORMA-14916,505
26,NORMA-15251,506
26,NORMA-14130,507
26,NORMA-36,508
26,NORMA-15643,509
26,NORMA-20955,510
26,NORMA-18391,511
26,NORMA-19705,512
26,NORMA-5219,513
26,NORMA-22024,514
26,NORMA-19689,515
26,NORMA-19636,516
26,NORMA-6049,517
26,NORMA-9010,518
26,NORMA-18916,519
26,NORMA-21160,520
26,NORMA-4105,521
26,NORMA-28703,522
26,NORMA-9708,523
26,NORMA-21669,524
26,NORMA-16443,525
26,NORMA-11093,526
26,NORMA-6984,527
26,NORMA-11381,528
26,NORMA-10573,529
26,NORMA-14510,530
26,NORMA-5942,531
26,NORMA-18313,532
26,NORMA-23965,533
26,NORMA-10747,534
26,NORMA-20963,535
26,NORMA-16442,536
26,NORMA-11156,537
26,NORMA-6399,538
26,NORMA-15197,539
26,NORMA-7667,540
26,NORMA-13991,541
26,NORMA-6062,542
26,NORMA-1552,543
26,NORMA-9205,544
26,NORMA-4560,545
26,NORMA-10944,546
26,NORMA-5814,547
26,NORMA-9254,548
26,NORMA-19105,549
26,NORMA-21716,550
26,NORMA-20438,551
26,NORMA-5428,552
26,NORMA-18685,553
26,NORMA-5913,554
26,NORMA-3901,555
26,NORMA-19186,556
26,NORMA-5708,557
26,NORMA-3628,558
26,NORMA-22281,559
26,NORMA-12375,560
26,NORMA-20791,561
26,NORMA-19303,562
26,NORMA-4480,563
26,NORMA-11991,564
26,NORMA-29261,565
26,NORMA-19623,566
26,NORMA-6147,567
26,NORMA-20959,568
26,NORMA-20269,569
26,NORMA-22661,570
26,NORMA-19442,571
26,NORMA-18929,572
26,NORMA-24083,573
26,NORMA-14967,574
26,NORMA-15321,575
26,NORMA-6789,576
26,NORMA-7985,577
26,NORMA-8096,578
26,NORMA-21463,579
26,NORMA-10595,580
26,NORMA-5736,581
26,NORMA-11946,582
26,NORMA-18531,583
26,NORMA-20638,584
26,NORMA-15094,585
26,NORMA-19820,586
26,NORMA-20893,587
26,NORMA-12431,588
26,NORMA-19090,589
26,NORMA-5833,590
26,NORMA-22902,591
26,NORMA-6802,592
26,NORMA-11329,593
26,NORMA-28502,594
26,NORMA-21291,595
26,NORMA-10785,596
26,NORMA-13695,597
26,NORMA-19734,598
26,NORMA-1515,599
26,NORMA-18385,600
26,NORMA-19798,601
26,NORMA-8762,602
26,NORMA-13600,603
26,NORMA-11442,604
26,NORMA-14534,605
26,NORMA-11208,606
26,NORMA-11719,607
26,NORMA-231,608
26,NORMA-6982,609
26,NORMA-20964,610
26,NORMA-18999,611
26,NORMA-20912,612
26,NORMA-13591,613
26,NORMA-10327,614
26,NORMA-20221,615
26,NORMA-19444,616
26,NORMA-11931,617
26,NORMA-11754,618
26,NORMA-6164,619
26,NORMA-6739,620
26,NORMA-28663,621
26,NORMA-21170,622
26,NORMA-19653,623
26,NORMA-18289,624
26,NORMA-13627,625
26,NORMA-16441,626
26,NORMA-21459,627
26,NORMA-19755,628
26,NORMA-27546,629
26,NORMA-25041,630
26,NORMA-9618,631
26,NORMA-15128,632
26,NORMA-4296,633
26,NORMA-27044,634
26,NORMA-19729,635
26,NORMA-20200,636
26,NORMA-20245,637
26,NORMA-19648,638
26,NORMA-14035,639
26,NORMA-3836,640
26,NORMA-10639,641
26,NORMA-18686,642
26,NORMA-5526,643
26,NORMA-19621,644
26,NORMA-20888,645
26,NORMA-19012,646
26,NORMA-21581,647
26,NORMA-11151,648
26,NORMA-7553,649
26,NORMA-4322,650
26,NORMA-11315,651
26,NORMA-3849,652
26,NORMA-18940,653
26,NORMA-21208,654
26,NORMA-4221,655
26,NORMA-24361,656
26,NORMA-5555,657
26,NORMA-20690,658
26,NORMA-20291,659
26,NORMA-20987,660
26,NORMA-19821,661
26,NORMA-13518,662
26,NORMA-12778,663
26,NORMA-18267,664
26,NORMA-4689,665
26,NORMA-21535,666
26,NORMA-18557,667
26,NORMA-19518,668
26,NORMA-14435,669
26,NORMA-20167,670
26,NORMA-18927,671
26,NORMA-18972,672
26,NORMA-13694,673
26,NORMA-5885,674
26,NORMA-14245,675
26,NORMA-4035,676
26,NORMA-21381,677
26,NORMA-20028,678
26,NORMA-20138,679
26,NORMA-14116,680
26,NORMA-4258,681
26,NORMA-9049,682
26,NORMA-13044,683
26,NORMA-5853,684
26,NORMA-20237,685
26,NORMA-14277,686
26,NORMA-20108,687
26,NORMA-21630,688
26,NORMA-9628,689
26,NORMA-18702,690
26,NORMA-18648,691
26,NORMA-19998,692
26,NORMA-6988,693
26,NORMA-10019,694
26,NORMA-19227,695
26,NORMA-12566,696
26,NORMA-3794,697
26,NORMA-14390,698
26,NORMA-19760,699
26,NORMA-28402,700
26,NORMA-745,701
26,NORMA-21981,702
26,NORMA-15374,703
26,NORMA-7388,704
26,NORMA-5099,705
26,NORMA-6480,706
26,NORMA-2589,707
26,NORMA-28223,708
26,NORMA-10053,709
26,NORMA-21262,710
26,NORMA-21206,711
26,NORMA-10122,712
26,NORMA-12965,713
26,NORMA-15363,714
26,NORMA-7153,715
26,NORMA-9308,716
26,NORMA-4786,717
26,NORMA-18855,718
26,NORMA-19770,719
26,NORMA-12365,720
26,NORMA-19403,721
26,NORMA-18284,722
26,NORMA-13299,723
26,NORMA-21717,724
26,NORMA-13166,725
26,NORMA-9050,726
26,NORMA-18673,727
26,NORMA-21770,728
26,NORMA-13514,729
26,NORMA-19391,730
26,NORMA-18829,731
26,NORMA-12911,732
26,NORMA-19182,733
26,NORMA-10285,734
26,NORMA-26301,735
26,NORMA-14226,736
26,NORMA-9264,737
26,NORMA-5437,738
26,NORMA-13497,739
26,NORMA-18674,740
26,NORMA-12055,741
26,NORMA-13897,742
26,NORMA-6863,743
26,NORMA-12815,744
26,NORMA-18942,745
26,NORMA-3785,746
26,NORMA-11090,747
26,NORMA-21499,748
26,NORMA-18736,749
26,NORMA-18246,750
26,NORMA-13488,751
26,NORMA-12437,752
26,NORMA-5417,753
26,NORMA-14306,754
26,NORMA-20597,755
26,NORMA-4820,756
26,NORMA-20255,757
26,NORMA-10427,758
26,NORMA-19548,759
26,NORMA-15350,760
26,NORMA-14225,761
26,NORMA-14639,762
26,NORMA-9521,763
26,NORMA-2085,764
26,NORMA-14006,765
26,NORMA-20278,766
26,NORMA-20846,767
26,NORMA-17541,768
26,NORMA-18901,769
26,NORMA-19927,770
26,NORMA-5616,771
26,NORMA-3529,772
26,NORMA-14810,773
26,NORMA-20607,774
26,NORMA-4561,775
26,NORMA-12103,776
26,NORMA-19225,777
26,NORMA-21732,778
26,NORMA-4954,779
26,NORMA-11382,780
26,NORMA-18653,781
26,NORMA-3582,782
26,NORMA-12554,783
26,NORMA-6415,784
26,NORMA-19902,785
26,NORMA-13159,786
26,NORMA-7413,787
26,NORMA-4581,788
26,NORMA-14929,789
26,NORMA-19780,790
26,NORMA-18238,791
26,NORMA-6887,792
26,NORMA-6662,793
26,NORMA-27364,794
26,NORMA-18264,795
26,NORMA-13158,796
26,NORMA-4019,797
26,NORMA-14317,798
26,NORMA-21084,799
26,NORMA-20397,800
26,NORMA-26806,801
26,NORMA-5653,802
26,NORMA-10527,803
26,NORMA-29606,804
26,NORMA-11742,805
26,NORMA-24521,806
26,NORMA-18751,807
26,NORMA-18276,808
26,NORMA-15298,809
26,NORMA-13806,810
26,NORMA-19592,811
26,NORMA-1541,812
26,NORMA-12806,813
26,NORMA-13660,814
26,NORMA-8684,815
26,NORMA-14224,816
26,NORMA-13246,817
26,NORMA-11584,818
26,NORMA-29561,819
26,NORMA-26321,820
26,NORMA-20583,821
26,NORMA-26382,822
26,NORMA-20163,823
26,NORMA-14763,824
26,NORMA-11867,825
26,NORMA-8005,826
26,NORMA-7303,827
26,NORMA-15071,828
26,NORMA-21149,829
26,NORMA-6788,830
26,NORMA-18847,831
26,NORMA-21278,832
26,NORMA-12387,833
26,NORMA-1288,834
26,NORMA-24441,835
26,NORMA-14644,836
26,NORMA-5920,837
26,NORMA-23861,838
26,NORMA-10091,839
26,NORMA-19727,840
26,NORMA-12481,841
26,NORMA-21491,842
26,NORMA-20617,843
26,NORMA-19811,844
26,NORMA-10141,845
26,NORMA-14724,846
26,NORMA-11939,847
26,NORMA-20262,848
26,NORMA-5376,849
26,NORMA-12500,850
26,NORMA-13918,851
26,NORMA-1178,852
26,NORMA-7308,853
26,NORMA-12596,854
26,NORMA-25962,855
26,NORMA-14438,856
26,NORMA-18932,857
26,NORMA-18856,858
26,NORMA-20294,859
26,NORMA-20833,860
26,NORMA-10221,861
26,NORMA-19844,862
26,NORMA-12963,863
26,NORMA-14858,864
26,NORMA-18766,865
26,NORMA-14653,866
26,NORMA-14485,867
26,NORMA-19806,868
26,NORMA-6176,869
26,NORMA-10835,870
26,NORMA-18352,871
26,NORMA-7543,872
26,NORMA-19489,873
26,NORMA-19072,874
26,NORMA-21011,875
26,NORMA-8938,876
26,NORMA-4627,877
26,NORMA-13944,878
26,NORMA-12824,879
26,NORMA-14746,880
26,NORMA-18455,881
26,NORMA-20712,882
26,NORMA-21729,883
26,NORMA-7234,884
26,NORMA-13470,885
26,NORMA-13555,886
26,NORMA-18515,887
26,NORMA-6783,888
26,NORMA-14547,889
26,NORMA-5490,890
26,NORMA-12116,891
26,NORMA-18725,892
26,NORMA-3462,893
26,NORMA-6379,894
26,NORMA-11729,895
26,NORMA-19745,896
26,NORMA-19834,897
26,NORMA-6442,898
26,NORMA-15781,899
26,NORMA-5195,900
26,NORMA-21174,901
26,NORMA-6203,902
26,NORMA-13602,903
26,NORMA-20521,904
26,NORMA-26381,905
26,NORMA-8463,906
26,NORMA-18202,907
26,NORMA-18260,908
26,NORMA-4844,909
26,NORMA-21072,910
26,NORMA-21575,911
26,NORMA-12321,912
26,NORMA-4493,913
26,NORMA-18629,914
26,NORMA-7858,915
26,NORMA-7307,916
26,NORMA-3652,917
26,NORMA-18870,918
26,NORMA-18493,919
26,NORMA-555,920
26,NORMA-5909,921
26,NORMA-21416,922
26,NORMA-4847,923
26,NORMA-9173,924
26,NORMA-6592,925
26,NORMA-20685,926
26,NORMA-20935,927
26,NORMA-180,928
26,NORMA-15206,929
26,NORMA-22462,930
26,NORMA-7225,931
26,NORMA-20652,932
26,NORMA-1179,933
26,NORMA-12688,934
26,NORMA-12616,935
26,NORMA-8586,936
26,NORMA-13953,937
26,NORMA-18789,938
26,NORMA-26063,939
26,NORMA-9928,940
26,NORMA-11876,941
26,NORMA-5851,942
26,NORMA-15089,943
26,NORMA-13367,944
26,NORMA-18586,945
26,NORMA-3789,946
26,NORMA-19901,947
26,NORMA-27222,948
26,NORMA-19025,949
26,NORMA-26883,950
26,NORMA-6976,951
26,NORMA-13901,952
26,NORMA-9169,953
26,NORMA-12506,954
26,NORMA-21205,955
26,NORMA-9174,956
26,NORMA-11813,957
26,NORMA-14556,958
26,NORMA-13834,959
26,NORMA-14295,960
26,NORMA-12066,961
26,NORMA-14515,962
26,NORMA-4355,963
26,NORMA-8931,964
26,NORMA-13449,965
26,NORMA-9740,966
26,NORMA-20284,967
26,NORMA-18490,968
26,NORMA-5882,969
26,NORMA-7278,970
26,NORMA-21082,971
26,NORMA-21122,972
26,NORMA-21269,973
26,NORMA-14409,974
26,NORMA-14744,975
26,NORMA-16424,976
26,NORMA-9041,977
26,NORMA-20282,978
26,NORMA-15234,979
26,NORMA-18456,980
26,NORMA-21554,981
26,NORMA-12725,982
26,NORMA-18427,983
26,NORMA-20227,984
26,NORMA-13774,985
26,NORMA-18269,986
26,NORMA-19480,987
26,NORMA-6767,988
26,NORMA-19546,989
26,NORMA-18516,990
26,NORMA-15339,991
26,NORMA-10153,992
26,NORMA-4003,993
26,NORMA-15200,994
26,NORMA-21306,995
26,NORMA-21408,996
26,NORMA-28242,997
26,NORMA-15068,998
26,NORMA-24084,999
26,NORMA-29043,1000
27,NORMA-20677,1
27,NORMA-2551,2
27,NORMA-2421,3
27,NORMA-18430,4
27,NORMA-20567,5
27,NORMA-2444,6
27,NORMA-2057,7
27,NORMA-14447,8
27,NORMA-2415,9
27,NORMA-19841,10
27,NORMA-2188,11
27,NORMA-2554,12
27,NORMA-21664,13
27,NORMA-20561,14
27,NORMA-20241,15
27,NORMA-729,16
27,NORMA-20624,17
27,NORMA-2473,18
27,NORMA-20599,19
27,NORMA-12394,20
27,NORMA-20577,21
27,NORMA-2447,22
27,NORMA-2694,23
27,NORMA-1607,24
27,NORMA-20557,25
27,NORMA-20238,26
27,NORMA-6183,27
27,NORMA-18912,28
27,NORMA-1667,29
27,NORMA-20659,30
27,NORMA-2519,31
27,NORMA-20246,32
27,NORMA-20068,33
27,NORMA-178,34
27,NORMA-20572,35
27,NORMA-20743,36
27,NORMA-1705,37
27,NORMA-20802,38
27,NORMA-19893,39
27,NORMA-20604,40
27,NORMA-18804,41
27,NORMA-18413,42
27,NORMA-1609,43
27,NORMA-20425,44
27,NORMA-20773,45
27,NORMA-20571,46
27,NORMA-20251,47
27,NORMA-21199,48
27,NORMA-19805,49
27,NORMA-19849,50
27,NORMA-21127,51
27,NORMA-20948,52
27,NORMA-19809,53
27,NORMA-2395,54
27,NORMA-12035,55
27,NORMA-20254,56
27,NORMA-20305,57
27,NORMA-1987,58
27,NORMA-20397,59
27,NORMA-2475,60
27,NORMA-573,61
27,NORMA-2109,62
27,NORMA-12005,63
27,NORMA-1637,64
27,NORMA-12015,65
27,NORMA-6813,66
27,NORMA-20828,67
27,NORMA-1788,68
27,NORMA-1720,69
27,NORMA-20445,70
27,NORMA-11792,71
27,NORMA-20818,72
27,NORMA-2162,73
27,NORMA-5920,74
27,NORMA-20160,75
27,NORMA-21083,76
27,NORMA-1408,77
27,NORMA-19773,78
27,NORMA-11558,79
27,NORMA-20803,80
27,NORMA-18954,81
27,NORMA-20239,82
27,NORMA-20944,83
27,NORMA-11804,84
27,NORMA-11999,85
27,NORMA-12002,86
27,NORMA-1621,87
27,NORMA-20206,88
27,NORMA-11598,89
27,NORMA-20973,90
27,NORMA-20576,91
27,NORMA-19963,92
27,NORMA-1988,93
27,NORMA-5955,94
27,NORMA-20719,95
27,NORMA-20834,96
27,NORMA-2529,97
27,NORMA-20633,98
27,NORMA-11714,99
27,NORMA-18828,100
27,NORMA-11780,101
27,NORMA-20038,102
27,NORMA-6814,103
27,NORMA-20660,104
27,NORMA-11920,105
27,NORMA-20122,106
27,NORMA-20102,107
27,NORMA-1566,108
27,NORMA-21205,109
27,NORMA-1656,110
27,NORMA-567,111
27,NORMA-1826,112
27,NORMA-20188,113
27,NORMA-20742,114
27,NORMA-19957,115
27,NORMA-12798,116
27,NORMA-15902,117
27,NORMA-2483,118
27,NORMA-12160,119
27,NORMA-28221,120
27,NORMA-20761,121
27,NORMA-2018,122
27,NORMA-21152,123
27,NORMA-20278,124
27,NORMA-20594,125
27,NORMA-11631,126
27,NORMA-5616,127
27,NORMA-21731,128
27,NORMA-18859,129
27,NORMA-19803,130
27,NORMA-19160,131
27,NORMA-20616,132
27,NORMA-3181,133
27,NORMA-20581,134
27,NORMA-417,135
27,NORMA-18798,136
27,NORMA-2399,137
27,NORMA-3524,138
27,NORMA-12048,139
27,NORMA-20789,140
27,NORMA-6665,141
27,NORMA-358,142
27,NORMA-20573,143
27,NORMA-587,144
27,NORMA-20768,145
27,NORMA-15561,146
27,NORMA-12228,147
27,NORMA-588,148
27,NORMA-870,149
27,NORMA-2432,150
27,NORMA-7303,151
27,NORMA-19718,152
27,NORMA-2589,153
27,NORMA-20871,154
27,NORMA-19177,155
27,NORMA-11599,156
27,NORMA-18858,157
27,NORMA-20886,158
27,NORMA-11572,159
27,NORMA-5681,160
27,NORMA-20309,161
27,NORMA-6180,162
27,NORMA-19916,163
27,NORMA-21741,164
27,NORMA-19838,165
27,NORMA-11577,166
27,NORMA-21306,167
27,NORMA-19092,168
27,NORMA-1693,169
27,NORMA-20245,170
27,NORMA-20744,171
27,NORMA-21639,172
27,NORMA-856,173
27,NORMA-21249,174
27,NORMA-12232,175
27,NORMA-19072,176
27,NORMA-1217,177
27,NORMA-19380,178
27,NORMA-2517,179
27,NORMA-18883,180
27,NORMA-19246,181
27,NORMA-20281,182
27,NORMA-20590,183
27,NORMA-19753,184
27,NORMA-12107,185
27,NORMA-7995,186
27,NORMA-751,187
27,NORMA-1475,188
27,NORMA-253,189
27,NORMA-1113,190
27,NORMA-2558,191
27,NORMA-19818,192
27,NORMA-20580,193
27,NORMA-985,194
27,NORMA-20767,195
27,NORMA-1723,196
27,NORMA-21029,197
27,NORMA-20750,198
27,NORMA-21496,199
27,NORMA-19824,200
27,NORMA-5290,201
27,NORMA-20123,202
27,NORMA-280,203
27,NORMA-20185,204
27,NORMA-19029,205
27,NORMA-20264,206
27,NORMA-20517,207
27,NORMA-5475,208
27,NORMA-28466,209
27,NORMA-12049,210
27,NORMA-2383,211
27,NORMA-20754,212
27,NORMA-21206,213
27,NORMA-20103,214
27,NORMA-18546,215
27,NORMA-20163,216
27,NORMA-1649,217
27,NORMA-1260,218
27,NORMA-2583,219
27,NORMA-18385,220
27,NORMA-20775,221
27,NORMA-1994,222
27,NORMA-3381,223
27,NORMA-21326,224
27,NORMA-2157,225
27,NORMA-11578,226
27,NORMA-217,227
27,NORMA-5192,228
27,NORMA-20578,229
27,NORMA-1583,230
27,NORMA-18429,231
27,NORMA-27502,232
27,NORMA-20164,233
27,NORMA-11723,234
27,NORMA-20614,235
27,NORMA-2171,236
27,NORMA-20725,237
27,NORMA-9320,238
27,NORMA-18492,239
27,NORMA-19825,240
27,NORMA-20764,241
27,NORMA-28821,242
27,NORMA-2478,243
27,NORMA-3605,244
27,NORMA-1398,245
27,NORMA-19382,246
27,NORMA-18549,247
27,NORMA-236,248
27,NORMA-6558,249
27,NORMA-21519,250
27,NORMA-19638,251
27,NORMA-6214,252
27,NORMA-1223,253
27,NORMA-1173,254
27,NORMA-3594,255
27,NORMA-27384,256
27,NORMA-24002,257
27,NORMA-778,258
27,NORMA-464,259
27,NORMA-20096,260
27,NORMA-11868,261
27,NORMA-20621,262
27,NORMA-7913,263
27,NORMA-21156,264
27,NORMA-20687,265
27,NORMA-1989,266
27,NORMA-3648,267
27,NORMA-2496,268
27,NORMA-2158,269
27,NORMA-478,270
27,NORMA-11519,271
27,NORMA-180,272
27,NORMA-20556,273
27,NORMA-4560,274
27,NORMA-2140,275
27,NORMA-9349,276
27,NORMA-19700,277
27,NORMA-9049,278
27,NORMA-19563,279
27,NORMA-2522,280
27,NORMA-20953,281
27,NORMA-6389,282
27,NORMA-20037,283
27,NORMA-21416,284
27,NORMA-20258,285
27,NORMA-20893,286
27,NORMA-11790,287
27,NORMA-20748,288
27,NORMA-4296,289
27,NORMA-3241,290
27,NORMA-20715,291
27,NORMA-8243,292
27,NORMA-3872,293
27,NORMA-969,294
27,NORMA-972,295
27,NORMA-385,296
27,NORMA-19431,297
27,NORMA-21529,298
27,NORMA-15163,299
27,NORMA-19833,300
27,NORMA-4015,301
27,NORMA-21387,302
27,NORMA-75,303
27,NORMA-5432,304
27,NORMA-6786,305
27,NORMA-19161,306
27,NORMA-4017,307
27,NORMA-4294,308
27,NORMA-1945,309
27,NORMA-11560,310
27,NORMA-20277,311
27,NORMA-20109,312
27,NORMA-12234,313
27,NORMA-503,314
27,NORMA-12014,315
27,NORMA-21093,316
27,NORMA-2425,317
27,NORMA-20770,318
27,NORMA-20885,319
27,NORMA-20753,320
27,NORMA-2104,321
27,NORMA-21552,322
27,NORMA-19197,323
27,NORMA-8918,324
27,NORMA-2333,325
27,NORMA-18915,326
27,NORMA-18420,327
27,NORMA-12006,328
27,NORMA-18436,329
27,NORMA-766,330
27,NORMA-5078,331
27,NORMA-984,332
27,NORMA-4572,333
27,NORMA-8931,334
27,NORMA-976,335
27,NORMA-222,336
27,NORMA-19792,337
27,NORMA-2095,338
27,NORMA-20760,339
27,NORMA-28361,340
27,NORMA-20249,341
27,NORMA-10780,342
27,NORMA-20242,343
27,NORMA-20447,344
27,NORMA-19857,345
27,NORMA-18273,346
27,NORMA-20846,347
27,NORMA-18361,348
27,NORMA-8157,349
27,NORMA-2362,350
27,NORMA-19679,351
27,NORMA-122,352
27,NORMA-11858,353
27,NORMA-17301,354
27,NORMA-21328,355
27,NORMA-5785,356
27,NORMA-2456,357
27,NORMA-18301,358
27,NORMA-20800,359
27,NORMA-838,360
27,NORMA-20756,361
27,NORMA-10157,362
27,NORMA-19853,363
27,NORMA-21537,364
27,NORMA-12351,365
27,NORMA-7397,366
27,NORMA-7205,367
27,NORMA-11860,368
27,NORMA-6399,369
27,NORMA-18345,370
27,NORMA-423,371
27,NORMA-1603,372
27,NORMA-20912,373
27,NORMA-20053,374
27,NORMA-7921,375
27,NORMA-5555,376
27,NORMA-20959,377
27,NORMA-21625,378
27,NORMA-12019,379
27,NORMA-20735,380
27,NORMA-20157,381
27,NORMA-5621,382
27,NORMA-20512,383
27,NORMA-13335,384
27,NORMA-19327,385
27,NORMA-20263,386
27,NORMA-11729,387
27,NORMA-21487,388
27,NORMA-18325,389
27,NORMA-27924,390
27,NORMA-2490,391
27,NORMA-1283,392
27,NORMA-807,393
27,NORMA-7914,394
27,NORMA-749,395
27,NORMA-19551,396
27,NORMA-11518,397
27,NORMA-18740,398
27,NORMA-3281,399
27,NORMA-20250,400
27,NORMA-2495,401
27,NORMA-19895,402
27,NORMA-11998,403
27,NORMA-20816,404
27,NORMA-5503,405
27,NORMA-19777,406
27,NORMA-18633,407
27,NORMA-19798,408
27,NORMA-6677,409
27,NORMA-917,410
27,NORMA-9008,411
27,NORMA-12027,412
27,NORMA-6802,413
27,NORMA-5895,414
27,NORMA-3834,415
27,NORMA-18533,416
27,NORMA-6739,417
27,NORMA-20711,418
27,NORMA-18212,419
27,NORMA-1671,420
27,NORMA-20749,421
27,NORMA-10267,422
27,NORMA-24581,423
27,NORMA-4689,424
27,NORMA-850,425
27,NORMA-21223,426
27,NORMA-19738,427
27,NORMA-11454,428
27,NORMA-745,429
27,NORMA-15662,430
27,NORMA-18921,431
27,NORMA-5349,432
27,NORMA-2183,433
27,NORMA-1137,434
27,NORMA-21148,435
27,NORMA-9835,436
27,NORMA-12054,437
27,NORMA-4750,438
27,NORMA-9423,439
27,NORMA-5978,440
27,NORMA-220,441
27,NORMA-1442,442
27,NORMA-12098,443
27,NORMA-5060,444
27,NORMA-8237,445
27,NORMA-159,446
27,NORMA-18931,447
27,NORMA-211,448
27,NORMA-21488,449
27,NORMA-5298,450
27,NORMA-18517,451
27,NORMA-6021,452
27,NORMA-27926,453
27,NORMA-12236,454
27,NORMA-20101,455
27,NORMA-2184,456
27,NORMA-1534,457
27,NORMA-7388,458
27,NORMA-578,459
27,NORMA-19399,460
27,NORMA-20579,461
27,NORMA-20180,462
27,NORMA-5942,463
27,NORMA-20428,464
27,NORMA-11798,465
27,NORMA-20149,466
27,NORMA-8562,467
27,NORMA-4267,468
27,NORMA-224,469
27,NORMA-20736,470
27,NORMA-20070,471
27,NORMA-18254,472
27,NORMA-15521,473
27,NORMA-2016,474
27,NORMA-20636,475
27,NORMA-4428,476
27,NORMA-4108,477
27,NORMA-5885,478
27,NORMA-20087,479
27,NORMA-9870,480
27,NORMA-6480,481
27,NORMA-3915,482
27,NORMA-20252,483
27,NORMA-20882,484
27,NORMA-20950,485
27,NORMA-8599,486
27,NORMA-18407,487
27,NORMA-2470,488
27,NORMA-14967,489
27,NORMA-8600,490
27,NORMA-9572,491
27,NORMA-6088,492
27,NORMA-4701,493
27,NORMA-5739,494
27,NORMA-21368,495
27,NORMA-6950,496
27,NORMA-2509,497
27,NORMA-9481,498
27,NORMA-7553,499
27,NORMA-20568,500
27,NORMA-20873,501
27,NORMA-20050,502
27,NORMA-15581,503
27,NORMA-11597,504
27,NORMA-763,505
27,NORMA-7146,506
27,NORMA-210,507
27,NORMA-20290,508
27,NORMA-7622,509
27,NORMA-2531,510
27,NORMA-2536,511
27,NORMA-5833,512
27,NORMA-20088,513
27,NORMA-9331,514
27,NORMA-5741,515
27,NORMA-5406,516
27,NORMA-20941,517
27,NORMA-5236,518
27,NORMA-124,519
27,NORMA-20063,520
27,NORMA-26241,521
27,NORMA-19757,522
27,NORMA-12010,523
27,NORMA-5916,524
27,NORMA-5219,525
27,NORMA-14142,526
27,NORMA-20120,527
27,NORMA-5418,528
27,NORMA-27403,529
27,NORMA-18230,530
27,NORMA-11041,531
27,NORMA-19257,532
27,NORMA-10785,533
27,NORMA-1541,534
27,NORMA-20595,535
27,NORMA-6815,536
27,NORMA-21355,537
27,NORMA-11779,538
27,NORMA-9688,539
27,NORMA-18444,540
27,NORMA-1178,541
27,NORMA-6592,542
27,NORMA-5911,543
27,NORMA-13771,544
27,NORMA-13473,545
27,NORMA-9834,546
27,NORMA-19801,547
27,NORMA-6212,548
27,NORMA-18692,549
27,NORMA-10260,550
27,NORMA-4041,551
27,NORMA-2118,552
27,NORMA-20724,553
27,NORMA-28961,554
27,NORMA-1567,555
27,NORMA-20993,556
27,NORMA-15099,557
27,NORMA-18809,558
27,NORMA-10636,559
27,NORMA-19701,560
27,NORMA-20787,561
27,NORMA-18901,562
27,NORMA-21520,563
27,NORMA-21214,564
27,NORMA-19486,565
27,NORMA-7240,566
27,NORMA-11793,567
27,NORMA-144,568
27,NORMA-20817,569
27,NORMA-3579,570
27,NORMA-2058,571
27,NORMA-19031,572
27,NORMA-4281,573
27,NORMA-10530,574
27,NORMA-20583,575
27,NORMA-711,576
27,NORMA-8387,577
27,NORMA-21173,578
27,NORMA-2587,579
27,NORMA-54,580
27,NORMA-9280,581
27,NORMA-21175,582
27,NORMA-4542,583
27,NORMA-7621,584
27,NORMA-5247,585
27,NORMA-2660,586
27,NORMA-20929,587
27,NORMA-5375,588
27,NORMA-8685,589
27,NORMA-5930,590
27,NORMA-8066,591
27,NORMA-18226,592
27,NORMA-835,593
27,NORMA-5851,594
27,NORMA-9561,595
27,NORMA-21242,596
27,NORMA-15882,597
27,NORMA-8885,598
27,NORMA-19525,599
27,NORMA-19739,600
27,NORMA-4668,601
27,NORMA-7986,602
27,NORMA-2135,603
27,NORMA-18387,604
27,NORMA-19230,605
27,NORMA-18593,606
27,NORMA-5662,607
27,NORMA-9543,608
27,NORMA-26822,609
27,NORMA-20085,610
27,NORMA-5359,611
27,NORMA-24601,612
27,NORMA-18265,613
27,NORMA-5937,614
27,NORMA-19854,615
27,NORMA-4065,616
27,NORMA-4480,617
27,NORMA-21254,618
27,NORMA-1965,619
27,NORMA-11877,620
27,NORMA-5747,621
27,NORMA-14814,622
27,NORMA-19917,623
27,NORMA-4863,624
27,NORMA-4842,625
27,NORMA-8522,626
27,NORMA-4700,627
27,NORMA-3501,628
27,NORMA-21349,629
27,NORMA-1332,630
27,NORMA-309,631
27,NORMA-4518,632
27,NORMA-28021,633
27,NORMA-20957,634
27,NORMA-18376,635
27,NORMA-13276,636
27,NORMA-19233,637
27,NORMA-3772,638
27,NORMA-332,639
27,NORMA-21627,640
27,NORMA-18888,641
27,NORMA-20086,642
27,NORMA-14371,643
27,NORMA-28802,644
27,NORMA-9619,645
27,NORMA-4219,646
27,NORMA-28201,647
27,NORMA-20566,648
27,NORMA-20907,649
27,NORMA-11621,650
27,NORMA-19820,651
27,NORMA-3901,652
27,NORMA-20213,653
27,NORMA-19791,654
27,NORMA-61,655
27,NORMA-5670,656
27,NORMA-3646,657
27,NORMA-15229,658
27,NORMA-5376,659
27,NORMA-14344,660
27,NORMA-14688,661
27,NORMA-4174,662
27,NORMA-4476,663
27,NORMA-834,664
27,NORMA-6001,665
27,NORMA-5842,666
27,NORMA-19651,667
27,NORMA-5216,668
27,NORMA-3595,669
27,NORMA-9425,670
27,NORMA-4379,671
27,NORMA-8552,672
27,NORMA-2588,673
27,NORMA-7149,674
27,NORMA-6861,675
27,NORMA-4529,676
27,NORMA-19528,677
27,NORMA-19948,678
27,NORMA-5919,679
27,NORMA-21465,680
27,NORMA-20091,681
27,NORMA-4555,682
27,NORMA-14307,683
27,NORMA-5195,684
27,NORMA-8828,685
27,NORMA-4118,686
27,NORMA-3569,687
27,NORMA-7543,688
27,NORMA-20187,689
27,NORMA-20107,690
27,NORMA-11565,691
27,NORMA-4458,692
27,NORMA-20923,693
27,NORMA-19537,694
27,NORMA-4853,695
27,NORMA-27941,696
27,NORMA-4054,697
27,NORMA-11615,698
27,NORMA-4628,699
27,NORMA-20215,700
27,NORMA-14945,701
27,NORMA-20253,702
27,NORMA-8113,703
27,NORMA-7659,704
27,NORMA-20671,705
27,NORMA-6398,706
27,NORMA-19030,707
27,NORMA-8281,708
27,NORMA-13856,709
27,NORMA-13504,710
27,NORMA-462,711
27,NORMA-5225,712
27,NORMA-27449,713
27,NORMA-3985,714
27,NORMA-7202,715
27,NORMA-4618,716
27,NORMA-7712,717
27,NORMA-5870,718
27,NORMA-19816,719
27,NORMA-4146,720
27,NORMA-6215,721
27,NORMA-6757,722
27,NORMA-13102,723
27,NORMA-11663,724
27,NORMA-9251,725
27,NORMA-11766,726
27,NORMA-4685,727
27,NORMA-5882,728
27,NORMA-27925,729
27,NORMA-7835,730
27,NORMA-4181,731
27,NORMA-5032,732
27,NORMA-7431,733
27,NORMA-3839,734
27,NORMA-20426,735
27,NORMA-11826,736
27,NORMA-1147,737
27,NORMA-20961,738
27,NORMA-18827,739
27,NORMA-4814,740
27,NORMA-15092,741
27,NORMA-6635,742
27,NORMA-10661,743
27,NORMA-19129,744
27,NORMA-14116,745
27,NORMA-20680,746
27,NORMA-6965,747
27,NORMA-21147,748
27,NORMA-15094,749
27,NORMA-15251,750
27,NORMA-7138,751
27,NORMA-13686,752
27,NORMA-28401,753
27,NORMA-3785,754
27,NORMA-6700,755
27,NORMA-2508,756
27,NORMA-9123,757
27,NORMA-579,758
27,NORMA-18811,759
27,NORMA-20884,760
27,NORMA-4019,761
27,NORMA-5674,762
27,NORMA-15198,763
27,NORMA-6702,764
27,NORMA-833,765
27,NORMA-1471,766
27,NORMA-9626,767
27,NORMA-11515,768
27,NORMA-5372,769
27,NORMA-250,770
27,NORMA-20765,771
27,NORMA-20336,772
27,NORMA-10256,773
27,NORMA-9737,774
27,NORMA-19744,775
27,NORMA-2177,776
27,NORMA-7925,777
27,NORMA-20114,778
27,NORMA-5463,779
27,NORMA-5546,780
27,NORMA-2503,781
27,NORMA-19932,782
27,NORMA-11863,783
27,NORMA-2083,784
27,NORMA-21000,785
27,NORMA-7714,786
27,NORMA-251,787
27,NORMA-5909,788
27,NORMA-20524,789
27,NORMA-8825,790
27,NORMA-14742,791
27,NORMA-2453,792
27,NORMA-20269,793
27,NORMA-18898,794
27,NORMA-2137,795
27,NORMA-2546,796
27,NORMA-11754,797
27,NORMA-2176,798
27,NORMA-19937,799
27,NORMA-19603,800
27,NORMA-2414,801
27,NORMA-7153,802
27,NORMA-7771,803
27,NORMA-10521,804
27,NORMA-4196,805
27,NORMA-6012,806
27,NORMA-20851,807
27,NORMA-20673,808
27,NORMA-1310,809
27,NORMA-4120,810
27,NORMA-4827,811
27,NORMA-1334,812
27,NORMA-3789,813
27,NORMA-5548,814
27,NORMA-12969,815
27,NORMA-10690,816
27,NORMA-5754,817
27,NORMA-20270,818
27,NORMA-3980,819
27,NORMA-18933,820
27,NORMA-20933,821
27,NORMA-4549,822
27,NORMA-12428,823
27,NORMA-18217,824
27,NORMA-4884,825
27,NORMA-3690,826
27,NORMA-19703,827
27,NORMA-8556,828
27,NORMA-5221,829
27,NORMA-6252,830
27,NORMA-20191,831
27,NORMA-13591,832
27,NORMA-8389,833
27,NORMA-3849,834
27,NORMA-21554,835
27,NORMA-4647,836
27,NORMA-14904,837
27,NORMA-2461,838
27,NORMA-3779,839
27,NORMA-7422,840
27,NORMA-18682,841
27,NORMA-3525,842
27,NORMA-3529,843
27,NORMA-20707,844
27,NORMA-13466,845
27,NORMA-18733,846
27,NORMA-21081,847
27,NORMA-19785,848
27,NORMA-6470,849
27,NORMA-3467,850
27,NORMA-13263,851
27,NORMA-18214,852
27,NORMA-3811,853
27,NORMA-19766,854
27,NORMA-483,855
27,NORMA-5136,856
27,NORMA-5697,857
27,NORMA-16321,858
27,NORMA-19354,859
27,NORMA-7829,860
27,NORMA-20059,861
27,NORMA-18506,862
27,NORMA-18891,863
27,NORMA-5169,864
27,NORMA-1447,865
27,NORMA-646,866
27,NORMA-6949,867
27,NORMA-12435,868
27,NORMA-7607,869
27,NORMA-20175,870
27,NORMA-6484,871
27,NORMA-3693,872
27,NORMA-5782,873
27,NORMA-14148,874
27,NORMA-12171,875
27,NORMA-18528,876
27,NORMA-15382,877
27,NORMA-20593,878
27,NORMA-12987,879
27,NORMA-1641,880
27,NORMA-18942,881
27,NORMA-18796,882
27,NORMA-4420,883
27,NORMA-19856,884
27,NORMA-14627,885
27,NORMA-21239,886
27,NORMA-11719,887
27,NORMA-5358,888
27,NORMA-20289,889
27,NORMA-6185,890
27,NORMA-5852,891
27,NORMA-20960,892
27,NORMA-20772,893
27,NORMA-14789,894
27,NORMA-4655,895
27,NORMA-21700,896
27,NORMA-10567,897
27,NORMA-7547,898
27,NORMA-18934,899
27,NORMA-4586,900
27,NORMA-1841,901
27,NORMA-5693,902
27,NORMA-5660,903
27,NORMA-20483,904
27,NORMA-4922,905
27,NORMA-14759,906
27,NORMA-2375,907
27,NORMA-479,908
27,NORMA-20057,909
27,NORMA-5591,910
27,NORMA-14614,911
27,NORMA-4824,912
27,NORMA-1141,913
27,NORMA-8246,914
27,NORMA-19571,915
27,NORMA-7655,916
27,NORMA-5524,917
27,NORMA-943,918
27,NORMA-8431,919
27,NORMA-15237,920
27,NORMA-21159,921
27,NORMA-19904,922
27,NORMA-5797,923
27,NORMA-5450,924
27,NORMA-5602,925
27,NORMA-938,926
27,NORMA-12431,927
27,NORMA-4748,928
27,NORMA-20889,929
27,NORMA-8309,930
27,NORMA-7446,931
27,NORMA-4237,932
27,NORMA-21009,933
27,NORMA-19275,934
27,NORMA-4579,935
27,NORMA-416,936
27,NORMA-19637,937
27,NORMA-11402,938
27,NORMA-19883,939
27,NORMA-20078,940
27,NORMA-13345,941
27,NORMA-20433,942
27,NORMA-13664,943
27,NORMA-21268,944
27,NORMA-754,945
27,NORMA-5043,946
27,NORMA-20429,947
27,NORMA-4297,948
27,NORMA-5523,949
27,NORMA-9521,950
27,NORMA-4519,951
27,NORMA-6643,952
27,NORMA-20891,953
27,NORMA-20780,954
27,NORMA-9056,955
27,NORMA-19790,956
27,NORMA-126,957
27,NORMA-19608,958
27,NORMA-9920,959
27,NORMA-7660,960
27,NORMA-2413,961
27,NORMA-21447,962
27,NORMA-4600,963
27,NORMA-18521,964
27,NORMA-18548,965
27,NORMA-3989,966
27,NORMA-18843,967
27,NORMA-7227,968
27,NORMA-8096,969
27,NORMA-18319,970
27,NORMA-14241,971
27,NORMA-6226,972
27,NORMA-28623,973
27,NORMA-18948,974
27,NORMA-19958,975
27,NORMA-1380,976
27,NORMA-7996,977
27,NORMA-799,978
27,NORMA-5118,979
27,NORMA-5062,980
27,NORMA-20655,981
27,NORMA-26362,982
27,NORMA-9738,983
27,NORMA-4050,984
27,NORMA-5526,985
27,NORMA-6883,986
27,NORMA-20895,987
27,NORMA-20883,988
27,NORMA-4275,989
27,NORMA-19489,990
27,NORMA-8171,991
27,NORMA-8011,992
27,NORMA-5924,993
27,NORMA-7824,994
27,NORMA-4091,995
27,NORMA-209,996
27,NORMA-4733,997
27,NORMA-18930,998
27,NORMA-6278,999
27,NORMA-12024,1000
28,NORMA-6395,1
28,NORMA-6710,2
28,NORMA-1846,3
28,NORMA-6655,4
28,NORMA-7095,5
28,NORMA-1608,6
28,NORMA-19337,7
28,NORMA-12245,8
28,NORMA-6676,9
28,NORMA-18922,10
28,NORMA-18747,11
28,NORMA-21012,12
28,NORMA-19675,13
28,NORMA-10267,14
28,NORMA-819,15
28,NORMA-8931,16
28,NORMA-19164,17
28,NORMA-11454,18
28,NORMA-15060,19
28,NORMA-13545,20
28,NORMA-13094,21
28,NORMA-2386,22
28,NORMA-18631,23
28,NORMA-19646,24
28,NORMA-19128,25
28,NORMA-19879,26
28,NORMA-19542,27
28,NORMA-18591,28
28,NORMA-21744,29
28,NORMA-1578,30
28,NORMA-19475,31
28,NORMA-20992,32
28,NORMA-19034,33
28,NORMA-20859,34
28,NORMA-6677,35
28,NORMA-21245,36
28,NORMA-19933,37
28,NORMA-21220,38
28,NORMA-18527,39
28,NORMA-21349,40
28,NORMA-21165,41
28,NORMA-21225,42
28,NORMA-18201,43
28,NORMA-21261,44
28,NORMA-18203,45
28,NORMA-317,46
28,NORMA-21631,47
28,NORMA-20797,48
28,NORMA-22101,49
28,NORMA-20966,50
28,NORMA-883,51
28,NORMA-19624,52
28,NORMA-1283,53
28,NORMA-21393,54
28,NORMA-27341,55
28,NORMA-13990,56
28,NORMA-20202,57
28,NORMA-21583,58
28,NORMA-21677,59
28,NORMA-21488,60
28,NORMA-1976,61
28,NORMA-18992,62
28,NORMA-19010,63
28,NORMA-18669,64
28,NORMA-21567,65
28,NORMA-18288,66
28,NORMA-11738,67
28,NORMA-20812,68
28,NORMA-21544,69
28,NORMA-15071,70
28,NORMA-20237,71
28,NORMA-19684,72
28,NORMA-20782,73
28,NORMA-962,74
28,NORMA-6747,75
28,NORMA-21003,76
28,NORMA-20565,77
28,NORMA-20635,78
28,NORMA-21695,79
28,NORMA-6760,80
28,NORMA-21500,81
28,NORMA-20397,82
28,NORMA-4848,83
28,NORMA-24,84
28,NORMA-20569,85
28,NORMA-19190,86
28,NORMA-21456,87
28,NORMA-18746,88
28,NORMA-1289,89
28,NORMA-2484,90
28,NORMA-534,91
28,NORMA-20588,92
28,NORMA-21650,93
28,NORMA-3503,94
28,NORMA-21729,95
28,NORMA-20705,96
28,NORMA-13226,97
28,NORMA-20805,98
28,NORMA-19634,99
28,NORMA-20965,100
28,NORMA-20994,101
28,NORMA-4885,102
28,NORMA-18748,103
28,NORMA-18732,104
28,NORMA-20970,105
28,NORMA-576,106
28,NORMA-31903,107
28,NORMA-12948,108
28,NORMA-20563,109
28,NORMA-20135,110
28,NORMA-1154,111
28,NORMA-27001,112
28,NORMA-19968,113
28,NORMA-13791,114
28,NORMA-20616,115
28,NORMA-18218,116
28,NORMA-21396,117
28,NORMA-19205,118
28,NORMA-28021,119
28,NORMA-1474,120
28,NORMA-21262,121
28,NORMA-20762,122
28,NORMA-9951,123
28,NORMA-20257,124
28,NORMA-20198,125
28,NORMA-20876,126
28,NORMA-19640,127
28,NORMA-20291,128
28,NORMA-23222,129
28,NORMA-1263,130
28,NORMA-14166,131
28,NORMA-616,132
28,NORMA-1555,133
28,NORMA-23521,134
28,NORMA-24601,135
28,NORMA-20199,136
28,NORMA-20700,137
28,NORMA-15092,138
28,NORMA-20674,139
28,NORMA-6709,140
28,NORMA-18404,141
28,NORMA-14581,142
28,NORMA-1965,143
28,NORMA-20287,144
28,NORMA-20708,145
28,NORMA-20869,146
28,NORMA-18383,147
28,NORMA-314,148
28,NORMA-26124,149
28,NORMA-18227,150
28,NORMA-380,151
28,NORMA-20949,152
28,NORMA-21226,153
28,NORMA-20852,154
28,NORMA-20285,155
28,NORMA-12504,156
28,NORMA-13641,157
28,NORMA-19650,158
28,NORMA-19422,159
28,NORMA-26163,160
28,NORMA-1002,161
28,NORMA-579,162
28,NORMA-19103,163
28,NORMA-30043,164
28,NORMA-19637,165
28,NORMA-1229,166
28,NORMA-21162,167
28,NORMA-8327,168
28,NORMA-6720,169
28,NORMA-12706,170
28,NORMA-21648,171
28,NORMA-20811,172
28,NORMA-19699,173
28,NORMA-19633,174
28,NORMA-21223,175
28,NORMA-20709,176
28,NORMA-20201,177
28,NORMA-19105,178
28,NORMA-18458,179
28,NORMA-20046,180
28,NORMA-18769,181
28,NORMA-20662,182
28,NORMA-21159,183
28,NORMA-12864,184
28,NORMA-20583,185
28,NORMA-19798,186
28,NORMA-19256,187
28,NORMA-5633,188
28,NORMA-18221,189
28,NORMA-7819,190
28,NORMA-18376,191
28,NORMA-20841,192
28,NORMA-727,193
28,NORMA-18417,194
28,NORMA-20606,195
28,NORMA-20190,196
28,NORMA-21407,197
28,NORMA-1841,198
28,NORMA-20140,199
28,NORMA-12989,200
28,NORMA-20167,201
28,NORMA-19737,202
28,NORMA-21630,203
28,NORMA-19398,204
28,NORMA-1147,205
28,NORMA-19837,206
28,NORMA-4344,207
28,NORMA-18989,208
28,NORMA-13514,209
28,NORMA-19962,210
28,NORMA-19149,211
28,NORMA-4000,212
28,NORMA-3553,213
28,NORMA-833,214
28,NORMA-7418,215
28,NORMA-7021,216
28,NORMA-6020,217
28,NORMA-20809,218
28,NORMA-20476,219
28,NORMA-210,220
28,NORMA-19582,221
28,NORMA-18442,222
28,NORMA-9259,223
28,NORMA-20921,224
28,NORMA-21230,225
28,NORMA-21067,226
28,NORMA-4277,227
28,NORMA-893,228
28,NORMA-18647,229
28,NORMA-12302,230
28,NORMA-21015,231
28,NORMA-19665,232
28,NORMA-21235,233
28,NORMA-21541,234
28,NORMA-1272,235
28,NORMA-20292,236
28,NORMA-21273,237
28,NORMA-20749,238
28,NORMA-4622,239
28,NORMA-11249,240
28,NORMA-20084,241
28,NORMA-11251,242
28,NORMA-20872,243
28,NORMA-20214,244
28,NORMA-18674,245
28,NORMA-5167,246
28,NORMA-3906,247
28,NORMA-18913,248
28,NORMA-16583,249
28,NORMA-20056,250
28,NORMA-13981,251
28,NORMA-20447,252
28,NORMA-18958,253
28,NORMA-7622,254
28,NORMA-20519,255
28,NORMA-13696,256
28,NORMA-15463,257
28,NORMA-21293,258
28,NORMA-20531,259
28,NORMA-13739,260
28,NORMA-19592,261
28,NORMA-1485,262
28,NORMA-3644,263
28,NORMA-20893,264
28,NORMA-21140,265
28,NORMA-5785,266
28,NORMA-9140,267
28,NORMA-7925,268
28,NORMA-21166,269
28,NORMA-6787,270
28,NORMA-19249,271
28,NORMA-20968,272
28,NORMA-20722,273
28,NORMA-21254,274
28,NORMA-19581,275
28,NORMA-21208,276
28,NORMA-20421,277
28,NORMA-889,278
28,NORMA-4016,279
28,NORMA-20224,280
28,NORMA-25041,281
28,NORMA-12553,282
28,NORMA-14251,283
28,NORMA-20860,284
28,NORMA-20691,285
28,NORMA-2413,286
28,NORMA-22281,287
28,NORMA-10118,288
28,NORMA-19913,289
28,NORMA-21047,290
28,NORMA-10275,291
28,NORMA-25343,292
28,NORMA-12518,293
28,NORMA-19799,294
28,NORMA-1388,295
28,NORMA-21131,296
28,NORMA-20494,297
28,NORMA-8152,298
28,NORMA-24361,299
28,NORMA-20837,300
28,NORMA-15902,301
28,NORMA-20205,302
28,NORMA-1155,303
28,NORMA-19611,304
28,NORMA-423,305
28,NORMA-20356,306
28,NORMA-20188,307
28,NORMA-19408,308
28,NORMA-20477,309
28,NORMA-20855,310
28,NORMA-15251,311
28,NORMA-8244,312
28,NORMA-6399,313
28,NORMA-1567,314
28,NORMA-20524,315
28,NORMA-14896,316
28,NORMA-18906,317
28,NORMA-5192,318
28,NORMA-18325,319
28,NORMA-19630,320
28,NORMA-19571,321
28,NORMA-16641,322
28,NORMA-17001,323
28,NORMA-19948,324
28,NORMA-19853,325
28,NORMA-8100,326
28,NORMA-18223,327
28,NORMA-21430,328
28,NORMA-20582,329
28,NORMA-20037,330
28,NORMA-14390,331
28,NORMA-20248,332
28,NORMA-18337,333
28,NORMA-21089,334
28,NORMA-14371,335
28,NORMA-18236,336
28,NORMA-26281,337
28,NORMA-19614,338
28,NORMA-19893,339
28,NORMA-27642,340
28,NORMA-14575,341
28,NORMA-27551,342
28,NORMA-21188,343
28,NORMA-6779,344
28,NORMA-10079,345
28,NORMA-5158,346
28,NORMA-18340,347
28,NORMA-12945,348
28,NORMA-21227,349
28,NORMA-7047,350
28,NORMA-9907,351
28,NORMA-19735,352
28,NORMA-12726,353
28,NORMA-1365,354
28,NORMA-18475,355
28,NORMA-21644,356
28,NORMA-205,357
28,NORMA-21400,358
28,NORMA-25643,359
28,NORMA-21787,360
28,NORMA-20005,361
28,NORMA-15441,362
28,NORMA-689,363
28,NORMA-21721,364
28,NORMA-1586,365
28,NORMA-3594,366
28,NORMA-7501,367
28,NORMA-11858,368
28,NORMA-20813,369
28,NORMA-5247,370
28,NORMA-13060,371
28,NORMA-18885,372
28,NORMA-21537,373
28,NORMA-2184,374
28,NORMA-9707,375
28,NORMA-16023,376
28,NORMA-1776,377
28,NORMA-19749,378
28,NORMA-2660,379
28,NORMA-19734,380
28,NORMA-7129,381
28,NORMA-13959,382
28,NORMA-5955,383
28,NORMA-13174,384
28,NORMA-20756,385
28,NORMA-21503,386
28,NORMA-9802,387
28,NORMA-8578,388
28,NORMA-5786,389
28,NORMA-17201,390
28,NORMA-13578,391
28,NORMA-10246,392
28,NORMA-21468,393
28,NORMA-15867,394
28,NORMA-5743,395
28,NORMA-18891,396
28,NORMA-28224,397
28,NORMA-21002,398
28,NORMA-818,399
28,NORMA-4492,400
28,NORMA-20916,401
28,NORMA-19088,402
28,NORMA-18353,403
28,NORMA-749,404
28,NORMA-12965,405
28,NORMA-1188,406
28,NORMA-14008,407
28,NORMA-20778,408
28,NORMA-29081,409
28,NORMA-2076,410
28,NORMA-17801,411
28,NORMA-19327,412
28,NORMA-21579,413
28,NORMA-18311,414
28,NORMA-14535,415
28,NORMA-20620,416
28,NORMA-14022,417
28,NORMA-26404,418
28,NORMA-12372,419
28,NORMA-21107,420
28,NORMA-15330,421
28,NORMA-18688,422
28,NORMA-20892,423
28,NORMA-18605,424
28,NORMA-21610,425
28,NORMA-20402,426
28,NORMA-20610,427
28,NORMA-12437,428
28,NORMA-19111,429
28,NORMA-14248,430
28,NORMA-18453,431
28,NORMA-20815,432
28,NORMA-16261,433
28,NORMA-21791,434
28,NORMA-19391,435
28,NORMA-607,436
28,NORMA-7015,437
28,NORMA-11860,438
28,NORMA-13373,439
28,NORMA-21000,440
28,NORMA-28662,441
28,NORMA-20049,442
28,NORMA-13014,443
28,NORMA-29363,444
28,NORMA-19827,445
28,NORMA-13029,446
28,NORMA-265,447
28,NORMA-20249,448
28,NORMA-16981,449
28,NORMA-19939,450
28,NORMA-20240,451
28,NORMA-21122,452
28,NORMA-9828,453
28,NORMA-19682,454
28,NORMA-4560,455
28,NORMA-11300,456
28,NORMA-28681,457
28,NORMA-19275,458
28,NORMA-7351,459
28,NORMA-8490,460
28,NORMA-26261,461
28,NORMA-22721,462
28,NORMA-20613,463
28,NORMA-21083,464
28,NORMA-20780,465
28,NORMA-8677,466
28,NORMA-12978,467
28,NORMA-28862,468
28,NORMA-21755,469
28,NORMA-20631,470
28,NORMA-19824,471
28,NORMA-11715,472
28,NORMA-18454,473
28,NORMA-7326,474
28,NORMA-20796,475
28,NORMA-4091,476
28,NORMA-1223,477
28,NORMA-29261,478
28,NORMA-9147,479
28,NORMA-18685,480
28,NORMA-1408,481
28,NORMA-21154,482
28,NORMA-20857,483
28,NORMA-16522,484
28,NORMA-14877,485
28,NORMA-24201,486
28,NORMA-9762,487
28,NORMA-19649,488
28,NORMA-21286,489
28,NORMA-21766,490
28,NORMA-20924,491
28,NORMA-20826,492
28,NORMA-21237,493
28,NORMA-19762,494
28,NORMA-19540,495
28,NORMA-25201,496
28,NORMA-2567,497
28,NORMA-15862,498
28,NORMA-21030,499
28,NORMA-578,500
28,NORMA-20522,501
28,NORMA-19308,502
28,NORMA-4019,503
28,NORMA-4882,504
28,NORMA-19599,505
28,NORMA-7234,506
28,NORMA-12419,507
28,NORMA-16081,508
28,NORMA-26567,509
28,NORMA-20556,510
28,NORMA-14742,511
28,NORMA-13604,512
28,NORMA-18807,513
28,NORMA-5516,514
28,NORMA-13529,515
28,NORMA-5931,516
28,NORMA-16342,517
28,NORMA-4816,518
28,NORMA-8856,519
28,NORMA-8637,520
28,NORMA-5377,521
28,NORMA-21592,522
28,NORMA-8261,523
28,NORMA-7223,524
28,NORMA-21231,525
28,NORMA-6802,526
28,NORMA-28083,527
28,NORMA-11144,528
28,NORMA-976,529
28,NORMA-20127,530
28,NORMA-20028,531
28,NORMA-9732,532
28,NORMA-19857,533
28,NORMA-19444,534
28,NORMA-20039,535
28,NORMA-2496,536
28,NORMA-13575,537
28,NORMA-9419,538
28,NORMA-19777,539
28,NORMA-21659,540
28,NORMA-19173,541
28,NORMA-5920,542
28,NORMA-5963,543
28,NORMA-23301,544
28,NORMA-13549,545
28,NORMA-7437,546
28,NORMA-21593,547
28,NORMA-19741,548
28,NORMA-18839,549
28,NORMA-6018,550
28,NORMA-27246,551
28,NORMA-18344,552
28,NORMA-21011,553
28,NORMA-19369,554
28,NORMA-6786,555
28,NORMA-24884,556
28,NORMA-6949,557
28,NORMA-6962,558
28,NORMA-20425,559
28,NORMA-5475,560
28,NORMA-23564,561
28,NORMA-14728,562
28,NORMA-2519,563
28,NORMA-1141,564
28,NORMA-2002,565
28,NORMA-6442,566
28,NORMA-19753,567
28,NORMA-28084,568
28,NORMA-12635,569
28,NORMA-28087,570
28,NORMA-9684,571
28,NORMA-18429,572
28,NORMA-20733,573
28,NORMA-19779,574
28,NORMA-13349,575
28,NORMA-20072,576
28,NORMA-11187,577
28,NORMA-5406,578
28,NORMA-15722,579
28,NORMA-22142,580
28,NORMA-11432,581
28,NORMA-20883,582
28,NORMA-12054,583
28,NORMA-8822,584
28,NORMA-3524,585
28,NORMA-21336,586
28,NORMA-10846,587
28,NORMA-552,588
28,NORMA-7384,589
28,NORMA-5022,590
28,NORMA-7549,591
28,NORMA-18343,592
28,NORMA-8467,593
28,NORMA-20755,594
28,NORMA-6955,595
28,NORMA-16462,596
28,NORMA-20157,597
28,NORMA-21715,598
28,NORMA-11155,599
28,NORMA-10062,600
28,NORMA-19119,601
28,NORMA-20381,602
28,NORMA-20061,603
28,NORMA-4286,604
28,NORMA-12790,605
28,NORMA-21723,606
28,NORMA-6805,607
28,NORMA-2563,608
28,NORMA-20824,609
28,NORMA-9519,610
28,NORMA-5942,611
28,NORMA-19383,612
28,NORMA-21440,613
28,NORMA-19503,614
28,NORMA-21490,615
28,NORMA-29146,616
28,NORMA-3764,617
28,NORMA-18787,618
28,NORMA-13100,619
28,NORMA-10461,620
28,NORMA-21558,621
28,NORMA-13982,622
28,NORMA-29222,623
28,NORMA-14779,624
28,NORMA-12552,625
28,NORMA-20263,626
28,NORMA-12098,627
28,NORMA-17101,628
28,NORMA-13622,629
28,NORMA-8468,630
28,NORMA-19209,631
28,NORMA-7543,632
28,NORMA-680,633
28,NORMA-20423,634
28,NORMA-16881,635
28,NORMA-18912,636
28,NORMA-18881,637
28,NORMA-9898,638
28,NORMA-4818,639
28,NORMA-21775,640
28,NORMA-19172,641
28,NORMA-2188,642
28,NORMA-13285,643
28,NORMA-14231,644
28,NORMA-13200,645
28,NORMA-19758,646
28,NORMA-9171,647
28,NORMA-18396,648
28,NORMA-807,649
28,NORMA-11028,650
28,NORMA-18456,651
28,NORMA-17921,652
28,NORMA-20993,653
28,NORMA-13924,654
28,NORMA-15077,655
28,NORMA-11093,656
28,NORMA-3525,657
28,NORMA-15841,658
28,NORMA-19220,659
28,NORMA-7997,660
28,NORMA-27548,661
28,NORMA-20571,662
28,NORMA-20429,663
28,NORMA-20802,664
28,NORMA-12914,665
28,NORMA-7123,666
28,NORMA-3872,667
28,NORMA-5384,668
28,NORMA-18225,669
28,NORMA-9753,670
28,NORMA-13691,671
28,NORMA-6398,672
28,NORMA-18936,673
28,NORMA-14168,674
28,NORMA-5136,675
28,NORMA-8465,676
28,NORMA-16865,677
28,NORMA-7070,678
28,NORMA-9493,679
28,NORMA-19020,680
28,NORMA-2470,681
28,NORMA-11421,682
28,NORMA-13785,683
28,NORMA-1198,684
28,NORMA-12943,685
28,NORMA-19703,686
28,NORMA-4092,687
28,NORMA-25561,688
28,NORMA-361,689
28,NORMA-15287,690
28,NORMA-17541,691
28,NORMA-10785,692
28,NORMA-14241,693
28,NORMA-20559,694
28,NORMA-8193,695
28,NORMA-11168,696
28,NORMA-4769,697
28,NORMA-6808,698
28,NORMA-26741,699
28,NORMA-15123,700
28,NORMA-5814,701
28,NORMA-19588,702
28,NORMA-14904,703
28,NORMA-13130,704
28,NORMA-14000,705
28,NORMA-11335,706
28,NORMA-5210,707
28,NORMA-675,708
28,NORMA-26941,709
28,NORMA-5616,710
28,NORMA-14169,711
28,NORMA-18750,712
28,NORMA-12464,713
28,NORMA-11946,714
28,NORMA-12788,715
28,NORMA-7466,716
28,NORMA-16741,717
28,NORMA-2649,718
28,NORMA-13061,719
28,NORMA-14819,720
28,NORMA-27685,721
28,NORMA-4843,722
28,NORMA-6067,723
28,NORMA-14317,724
28,NORMA-16701,725
28,NORMA-19738,726
28,NORMA-18232,727
28,NORMA-7430,728
28,NORMA-14035,729
28,NORMA-1260,730
28,NORMA-10153,731
28,NORMA-1423,732
28,NORMA-7980,733
28,NORMA-8643,734
28,NORMA-19260,735
28,NORMA-7494,736
28,NORMA-21981,737
28,NORMA-14259,738
28,NORMA-13136,739
28,NORMA-20444,740
28,NORMA-18683,741
28,NORMA-12469,742
28,NORMA-21206,743
28,NORMA-21090,744
28,NORMA-14703,745
28,NORMA-3915,746
28,NORMA-13809,747
28,NORMA-20768,748
28,NORMA-27228,749
28,NORMA-11271,750
28,NORMA-19818,751
28,NORMA-20682,752
28,NORMA-18350,753
28,NORMA-12366,754
28,NORMA-19965,755
28,NORMA-9578,756
28,NORMA-21104,757
28,NORMA-15143,758
28,NORMA-15219,759
28,NORMA-4035,760
28,NORMA-21599,761
28,NORMA-20757,762
28,NORMA-13621,763
28,NORMA-13005,764
28,NORMA-25241,765
28,NORMA-27448,766
28,NORMA-20711,767
28,NORMA-11443,768
28,NORMA-18908,769
28,NORMA-20767,770
28,NORMA-3181,771
28,NORMA-16281,772
28,NORMA-2140,773
28,NORMA-5071,774
28,NORMA-16403,775
28,NORMA-4132,776
28,NORMA-13692,777
28,NORMA-16285,778
28,NORMA-2542,779
28,NORMA-2114,780
28,NORMA-20282,781
28,NORMA-14116,782
28,NORMA-4884,783
28,NORMA-21192,784
28,NORMA-3605,785
28,NORMA-18583,786
28,NORMA-5098,787
28,NORMA-18988,788
28,NORMA-6062,789
28,NORMA-27382,790
28,NORMA-587,791
28,NORMA-20527,792
28,NORMA-7363,793
28,NORMA-4105,794
28,NORMA-18678,795
28,NORMA-26122,796
28,NORMA-26141,797
28,NORMA-11658,798
28,NORMA-6847,799
28,NORMA-7620,800
28,NORMA-14385,801
28,NORMA-11652,802
28,NORMA-20512,803
28,NORMA-26102,804
28,NORMA-16265,805
28,NORMA-13729,806
28,NORMA-21064,807
28,NORMA-6730,808
28,NORMA-5118,809
28,NORMA-20159,810
28,NORMA-10132,811
28,NORMA-3606,812
28,NORMA-10256,813
28,NORMA-1332,814
28,NORMA-13524,815
28,NORMA-21147,816
28,NORMA-20087,817
28,NORMA-12151,818
28,NORMA-20959,819
28,NORMA-9809,820
28,NORMA-13937,821
28,NORMA-15825,822
28,NORMA-13371,823
28,NORMA-29007,824
28,NORMA-11816,825
28,NORMA-20034,826
28,NORMA-25883,827
28,NORMA-4767,828
28,NORMA-22301,829
28,NORMA-14967,830
28,NORMA-19992,831
28,NORMA-20744,832
28,NORMA-19742,833
28,NORMA-4802,834
28,NORMA-15361,835
28,NORMA-21070,836
28,NORMA-10345,837
28,NORMA-18898,838
28,NORMA-11754,839
28,NORMA-12800,840
28,NORMA-13605,841
28,NORMA-19740,842
28,NORMA-19343,843
28,NORMA-16284,844
28,NORMA-19833,845
28,NORMA-18859,846
28,NORMA-5708,847
28,NORMA-22801,848
28,NORMA-18942,849
28,NORMA-20021,850
28,NORMA-7448,851
28,NORMA-26621,852
28,NORMA-9278,853
28,NORMA-9168,854
28,NORMA-15094,855
28,NORMA-9605,856
28,NORMA-16266,857
28,NORMA-21299,858
28,NORMA-7303,859
28,NORMA-20849,860
28,NORMA-20446,861
28,NORMA-10815,862
28,NORMA-21342,863
28,NORMA-10712,864
28,NORMA-21675,865
28,NORMA-20041,866
28,NORMA-11902,867
28,NORMA-16801,868
28,NORMA-21765,869
28,NORMA-7196,870
28,NORMA-11243,871
28,NORMA-9223,872
28,NORMA-8907,873
28,NORMA-21264,874
28,NORMA-20689,875
28,NORMA-13815,876
28,NORMA-4820,877
28,NORMA-14629,878
28,NORMA-5431,879
28,NORMA-11090,880
28,NORMA-21453,881
28,NORMA-12305,882
28,NORMA-16444,883
28,NORMA-1046,884
28,NORMA-15345,885
28,NORMA-8814,886
28,NORMA-20309,887
28,NORMA-8165,888
28,NORMA-15864,889
28,NORMA-20264,890
28,NORMA-1,891
28,NORMA-36,892
28,NORMA-15039,893
28,NORMA-13695,894
28,NORMA-25222,895
28,NORMA-10747,896
28,NORMA-20880,897
28,NORMA-5837,898
28,NORMA-13645,899
28,NORMA-2425,900
28,NORMA-18834,901
28,NORMA-588,902
28,NORMA-9524,903
28,NORMA-9932,904
28,NORMA-19786,905
28,NORMA-21763,906
28,NORMA-13967,907
28,NORMA-20786,908
28,NORMA-5853,909
28,NORMA-5417,910
28,NORMA-12971,911
28,NORMA-18565,912
28,NORMA-26684,913
28,NORMA-995,914
28,NORMA-19442,915
28,NORMA-18984,916
28,NORMA-13009,917
28,NORMA-10713,918
28,NORMA-15063,919
28,NORMA-11467,920
28,NORMA-27383,921
28,NORMA-2005,922
28,NORMA-16264,923
28,NORMA-28221,924
28,NORMA-7536,925
28,NORMA-13776,926
28,NORMA-13161,927
28,NORMA-19609,928
28,NORMA-20247,929
28,NORMA-20590,930
28,NORMA-20057,931
28,NORMA-14625,932
28,NORMA-13034,933
28,NORMA-19231,934
28,NORMA-19281,935
28,NORMA-27684,936
28,NORMA-20650,937
28,NORMA-20279,938
28,NORMA-9872,939
28,NORMA-20241,940
28,NORMA-13372,941
28,NORMA-21391,942
28,NORMA-20332,943
28,NORMA-27641,944
28,NORMA-6049,945
28,NORMA-6670,946
28,NORMA-18755,947
28,NORMA-20912,948
28,NORMA-21135,949
28,NORMA-10690,950
28,NORMA-12942,951
28,NORMA-8209,952
28,NORMA-12462,953
28,NORMA-28664,954
28,NORMA-13889,955
28,NORMA-21325,956
28,NORMA-17462,957
28,NORMA-15321,958
28,NORMA-18622,959
28,NORMA-21519,960
28,NORMA-14837,961
28,NORMA-12802,962
28,NORMA-6199,963
28,NORMA-19967,964
28,NORMA-8893,965
28,NORMA-15363,966
28,NORMA-20065,967
28,NORMA-20125,968
28,NORMA-5204,969
28,NORMA-18280,970
28,NORMA-19485,971
28,NORMA-12873,972
28,NORMA-12404,973
28,NORMA-21774,974
28,NORMA-11945,975
28,NORMA-8762,976
28,NORMA-20176,977
28,NORMA-9046,978
28,NORMA-20093,979
28,NORMA-15225,980
28,NORMA-2478,981
28,NORMA-6976,982
28,NORMA-17741,983
28,NORMA-4750,984
28,NORMA-7390,985
28,NORMA-4420,986
28,NORMA-12957,987
28,NORMA-8265,988
28,NORMA-1084,989
28,NORMA-18907,990
28,NORMA-19564,991
28,NORMA-13646,992
28,NORMA-21275,993
28,NORMA-11211,994
28,NORMA-23383,995
28,NORMA-4441,996
28,NORMA-21776,997
28,NORMA-13781,998
28,NORMA-8033,999
28,NORMA-20997,1000
29,NORMA-1433,1
29,NORMA-1295,2
29,NORMA-76,3
29,NORMA-464,4
29,NORMA-838,5
29,NORMA-483,6
29,NORMA-358,7
29,NORMA-1442,8
29,NORMA-1332,9
29,NORMA-996,10
29,NORMA-1306,11
29,NORMA-755,12
29,NORMA-20941,13
29,NORMA-1260,14
29,NORMA-21135,15
29,NORMA-984,16
29,NORMA-2395,17
29,NORMA-985,18
29,NORMA-18981,19
29,NORMA-1346,20
29,NORMA-850,21
29,NORMA-19092,22
29,NORMA-1173,23
29,NORMA-18434,24
29,NORMA-20599,25
29,NORMA-1388,26
29,NORMA-2180,27
29,NORMA-2623,28
29,NORMA-21126,29
29,NORMA-18406,30
29,NORMA-976,31
29,NORMA-20677,32
29,NORMA-18446,33
29,NORMA-18436,34
29,NORMA-2157,35
29,NORMA-1475,36
29,NORMA-423,37
29,NORMA-1408,38
29,NORMA-833,39
29,NORMA-751,40
29,NORMA-1621,41
29,NORMA-357,42
29,NORMA-21550,43
29,NORMA-18393,44
29,NORMA-18740,45
29,NORMA-875,46
29,NORMA-1274,47
29,NORMA-21626,48
29,NORMA-19096,49
29,NORMA-4914,50
29,NORMA-2490,51
29,NORMA-18798,52
29,NORMA-1398,53
29,NORMA-2444,54
29,NORMA-1144,55
29,NORMA-2455,56
29,NORMA-21299,57
29,NORMA-20196,58
29,NORMA-2447,59
29,NORMA-3609,60
29,NORMA-1788,61
29,NORMA-1776,62
29,NORMA-972,63
29,NORMA-25902,64
29,NORMA-18301,65
29,NORMA-11999,66
29,NORMA-9332,67
29,NORMA-12228,68
29,NORMA-2415,69
29,NORMA-736,70
29,NORMA-20943,71
29,NORMA-1650,72
29,NORMA-4358,73
29,NORMA-20633,74
29,NORMA-21308,75
29,NORMA-11631,76
29,NORMA-21147,77
29,NORMA-20567,78
29,NORMA-2456,79
29,NORMA-1674,80
29,NORMA-11981,81
29,NORMA-12002,82
29,NORMA-19249,83
29,NORMA-1390,84
29,NORMA-21739,85
29,NORMA-11780,86
29,NORMA-1361,87
29,NORMA-12014,88
29,NORMA-9072,89
29,NORMA-12234,90
29,NORMA-1098,91
29,NORMA-1671,92
29,NORMA-20188,93
29,NORMA-9626,94
29,NORMA-12006,95
29,NORMA-2522,96
29,NORMA-798,97
29,NORMA-818,98
29,NORMA-1129,99
29,NORMA-2470,100
29,NORMA-6183,101
29,NORMA-4778,102
29,NORMA-20850,103
29,NORMA-20948,104
29,NORMA-5697,105
29,NORMA-1989,106
29,NORMA-21537,107
29,NORMA-2537,108
29,NORMA-27924,109
29,NORMA-18219,110
29,NORMA-727,111
29,NORMA-2551,112
29,NORMA-19923,113
29,NORMA-2496,114
29,NORMA-18958,115
29,NORMA-1420,116
29,NORMA-21427,117
29,NORMA-1151,118
29,NORMA-12232,119
29,NORMA-1407,120
29,NORMA-12048,121
29,NORMA-19625,122
29,NORMA-2018,123
29,NORMA-13029,124
29,NORMA-1334,125
29,NORMA-4700,126
29,NORMA-12049,127
29,NORMA-27941,128
29,NORMA-385,129
29,NORMA-6459,130
29,NORMA-328,131
29,NORMA-2558,132
29,NORMA-10380,133
29,NORMA-20403,134
29,NORMA-20595,135
29,NORMA-2188,136
29,NORMA-2376,137
29,NORMA-11790,138
29,NORMA-1217,139
29,NORMA-11300,140
29,NORMA-11982,141
29,NORMA-1841,142
29,NORMA-20837,143
29,NORMA-21519,144
29,NORMA-2523,145
29,NORMA-1179,146
29,NORMA-7001,147
29,NORMA-1188,148
29,NORMA-5589,149
29,NORMA-7233,150
29,NORMA-7326,151
29,NORMA-9147,152
29,NORMA-2057,153
29,NORMA-13188,154
29,NORMA-20873,155
29,NORMA-1609,156
29,NORMA-20923,157
29,NORMA-15561,158
29,NORMA-571,159
29,NORMA-12160,160
29,NORMA-567,161
29,NORMA-220,162
29,NORMA-7351,163
29,NORMA-20204,164
29,NORMA-2573,165
29,NORMA-27925,166
29,NORMA-1655,167
29,NORMA-21249,168
29,NORMA-19724,169
29,NORMA-6720,170
29,NORMA-14508,171
29,NORMA-21081,172
29,NORMA-11864,173
29,NORMA-21286,174
29,NORMA-21152,175
29,NORMA-28142,176
29,NORMA-20426,177
29,NORMA-15362,178
29,NORMA-8554,179
29,NORMA-20182,180
29,NORMA-11572,181
29,NORMA-1583,182
29,NORMA-18773,183
29,NORMA-15382,184
29,NORMA-1286,185
29,NORMA-4842,186
29,NORMA-18492,187
29,NORMA-15662,188
29,NORMA-14967,189
29,NORMA-20611,190
29,NORMA-11665,191
29,NORMA-21199,192
29,NORMA-15291,193
29,NORMA-1996,194
29,NORMA-27926,195
29,NORMA-159,196
29,NORMA-6890,197
29,NORMA-18797,198
29,NORMA-7502,199
29,NORMA-18273,200
29,NORMA-18788,201
29,NORMA-18806,202
29,NORMA-3942,203
29,NORMA-19853,204
29,NORMA-27385,205
29,NORMA-7313,206
29,NORMA-1349,207
29,NORMA-1713,208
29,NORMA-20853,209
29,NORMA-20261,210
29,NORMA-18287,211
29,NORMA-745,212
29,NORMA-10042,213
29,NORMA-19275,214
29,NORMA-3673,215
29,NORMA-425,216
29,NORMA-8761,217
29,NORMA-11615,218
29,NORMA-12771,219
29,NORMA-14776,220
29,NORMA-1163,221
29,NORMA-12764,222
29,NORMA-20425,223
29,NORMA-3915,224
29,NORMA-3666,225
29,NORMA-18549,226
29,NORMA-5955,227
29,NORMA-3648,228
29,NORMA-7579,229
29,NORMA-10661,230
29,NORMA-2583,231
29,NORMA-11614,232
29,NORMA-11609,233
29,NORMA-2554,234
29,NORMA-21664,235
29,NORMA-5450,236
29,NORMA-12397,237
29,NORMA-21028,238
29,NORMA-3722,239
29,NORMA-1541,240
29,NORMA-11868,241
29,NORMA-12005,242
29,NORMA-1863,243
29,NORMA-3716,244
29,NORMA-11469,245
29,NORMA-11479,246
29,NORMA-5154,247
29,NORMA-10429,248
29,NORMA-1283,249
29,NORMA-18291,250
29,NORMA-20577,251
29,NORMA-28361,252
29,NORMA-1452,253
29,NORMA-1987,254
29,NORMA-3962,255
29,NORMA-72,256
29,NORMA-292,257
29,NORMA-1597,258
29,NORMA-18306,259
29,NORMA-11763,260
29,NORMA-11577,261
29,NORMA-18552,262
29,NORMA-28466,263
29,NORMA-18807,264
29,NORMA-18308,265
29,NORMA-18224,266
29,NORMA-4712,267
29,NORMA-14501,268
29,NORMA-18803,269
29,NORMA-18863,270
29,NORMA-2588,271
29,NORMA-12035,272
29,NORMA-13952,273
29,NORMA-18233,274
29,NORMA-6965,275
29,NORMA-21305,276
29,NORMA-6877,277
29,NORMA-11757,278
29,NORMA-19276,279
29,NORMA-3619,280
29,NORMA-7094,281
29,NORMA-1348,282
29,NORMA-9672,283
29,NORMA-8157,284
29,NORMA-18548,285
29,NORMA-8012,286
29,NORMA-18704,287
29,NORMA-7507,288
29,NORMA-13664,289
29,NORMA-4458,290
29,NORMA-10140,291
29,NORMA-11578,292
29,NORMA-602,293
29,NORMA-11233,294
29,NORMA-1619,295
29,NORMA-11764,296
29,NORMA-2542,297
29,NORMA-20865,298
29,NORMA-11599,299
29,NORMA-5745,300
29,NORMA-20271,301
29,NORMA-6188,302
29,NORMA-6813,303
29,NORMA-20899,304
29,NORMA-18568,305
29,NORMA-10692,306
29,NORMA-2301,307
29,NORMA-20185,308
29,NORMA-2519,309
29,NORMA-8698,310
29,NORMA-21518,311
29,NORMA-13003,312
29,NORMA-1826,313
29,NORMA-18339,314
29,NORMA-6056,315
29,NORMA-10787,316
29,NORMA-18355,317
29,NORMA-18796,318
29,NORMA-18279,319
29,NORMA-12717,320
29,NORMA-2058,321
29,NORMA-3241,322
29,NORMA-11664,323
29,NORMA-15521,324
29,NORMA-18359,325
29,NORMA-9830,326
29,NORMA-14255,327
29,NORMA-1585,328
29,NORMA-28942,329
29,NORMA-13977,330
29,NORMA-20280,331
29,NORMA-22643,332
29,NORMA-3760,333
29,NORMA-6446,334
29,NORMA-9357,335
29,NORMA-534,336
29,NORMA-13802,337
29,NORMA-24961,338
29,NORMA-20242,339
29,NORMA-2432,340
29,NORMA-417,341
29,NORMA-18377,342
29,NORMA-143,343
29,NORMA-22822,344
29,NORMA-14742,345
29,NORMA-6838,346
29,NORMA-943,347
29,NORMA-2362,348
29,NORMA-17321,349
29,NORMA-6716,350
29,NORMA-4620,351
29,NORMA-4830,352
29,NORMA-10693,353
29,NORMA-21115,354
29,NORMA-12925,355
29,NORMA-14654,356
29,NORMA-13317,357
29,NORMA-10364,358
29,NORMA-1419,359
29,NORMA-1026,360
29,NORMA-9078,361
29,NORMA-11735,362
29,NORMA-14965,363
29,NORMA-28802,364
29,NORMA-12483,365
29,NORMA-19402,366
29,NORMA-20246,367
29,NORMA-2386,368
29,NORMA-18342,369
29,NORMA-4701,370
29,NORMA-11598,371
29,NORMA-19132,372
29,NORMA-13394,373
29,NORMA-1812,374
29,NORMA-18435,375
29,NORMA-856,376
29,NORMA-18370,377
29,NORMA-5026,378
29,NORMA-8701,379
29,NORMA-21419,380
29,NORMA-6412,381
29,NORMA-18204,382
29,NORMA-13293,383
29,NORMA-18802,384
29,NORMA-18859,385
29,NORMA-13931,386
29,NORMA-18394,387
29,NORMA-11756,388
29,NORMA-12354,389
29,NORMA-11570,390
29,NORMA-2162,391
29,NORMA-2367,392
29,NORMA-6314,393
29,NORMA-3524,394
29,NORMA-11798,395
29,NORMA-20624,396
29,NORMA-23026,397
29,NORMA-6326,398
29,NORMA-21326,399
29,NORMA-18762,400
29,NORMA-19809,401
29,NORMA-54,402
29,NORMA-2691,403
29,NORMA-969,404
29,NORMA-6383,405
29,NORMA-13957,406
29,NORMA-18700,407
29,NORMA-12601,408
29,NORMA-7802,409
29,NORMA-21606,410
29,NORMA-19192,411
29,NORMA-416,412
29,NORMA-6352,413
29,NORMA-19399,414
29,NORMA-6635,415
29,NORMA-12015,416
29,NORMA-12039,417
29,NORMA-17301,418
29,NORMA-5290,419
29,NORMA-10749,420
29,NORMA-14549,421
29,NORMA-7995,422
29,NORMA-20557,423
29,NORMA-6215,424
29,NORMA-18738,425
29,NORMA-5170,426
29,NORMA-21040,427
29,NORMA-9861,428
29,NORMA-13365,429
29,NORMA-7397,430
29,NORMA-11600,431
29,NORMA-18432,432
29,NORMA-12009,433
29,NORMA-20508,434
29,NORMA-19696,435
29,NORMA-1672,436
29,NORMA-14347,437
29,NORMA-20800,438
29,NORMA-19701,439
29,NORMA-9646,440
29,NORMA-20443,441
29,NORMA-20164,442
29,NORMA-1455,443
29,NORMA-7913,444
29,NORMA-4189,445
29,NORMA-18335,446
29,NORMA-20942,447
29,NORMA-4549,448
29,NORMA-6633,449
29,NORMA-6667,450
29,NORMA-3594,451
29,NORMA-19805,452
29,NORMA-5663,453
29,NORMA-3181,454
29,NORMA-28921,455
29,NORMA-18356,456
29,NORMA-18954,457
29,NORMA-6810,458
29,NORMA-9430,459
29,NORMA-1515,460
29,NORMA-21071,461
29,NORMA-1665,462
29,NORMA-4277,463
29,NORMA-1370,464
29,NORMA-8409,465
29,NORMA-5035,466
29,NORMA-27721,467
29,NORMA-14369,468
29,NORMA-4330,469
29,NORMA-19273,470
29,NORMA-9867,471
29,NORMA-1280,472
29,NORMA-6950,473
29,NORMA-20233,474
29,NORMA-6525,475
29,NORMA-11792,476
29,NORMA-18516,477
29,NORMA-23562,478
29,NORMA-10154,479
29,NORMA-4231,480
29,NORMA-1337,481
29,NORMA-8090,482
29,NORMA-8425,483
29,NORMA-5800,484
29,NORMA-14003,485
29,NORMA-8014,486
29,NORMA-9237,487
29,NORMA-5076,488
29,NORMA-13011,489
29,NORMA-4137,490
29,NORMA-8952,491
29,NORMA-20316,492
29,NORMA-20627,493
29,NORMA-19253,494
29,NORMA-22262,495
29,NORMA-7912,496
29,NORMA-18222,497
29,NORMA-18805,498
29,NORMA-7914,499
29,NORMA-15192,500
29,NORMA-5978,501
29,NORMA-3556,502
29,NORMA-6204,503
29,NORMA-18816,504
29,NORMA-20621,505
29,NORMA-18493,506
29,NORMA-18500,507
29,NORMA-18121,508
29,NORMA-10232,509
29,NORMA-6631,510
29,NORMA-15110,511
29,NORMA-18842,512
29,NORMA-13229,513
29,NORMA-14345,514
29,NORMA-15004,515
29,NORMA-2388,516
29,NORMA-20625,517
29,NORMA-1720,518
29,NORMA-19097,519
29,NORMA-20245,520
29,NORMA-13741,521
29,NORMA-7110,522
29,NORMA-15194,523
29,NORMA-20580,524
29,NORMA-29181,525
29,NORMA-10434,526
29,NORMA-18430,527
29,NORMA-8799,528
29,NORMA-20029,529
29,NORMA-2587,530
29,NORMA-19803,531
29,NORMA-5543,532
29,NORMA-3662,533
29,NORMA-20754,534
29,NORMA-5298,535
29,NORMA-12144,536
29,NORMA-1656,537
29,NORMA-4913,538
29,NORMA-9799,539
29,NORMA-6995,540
29,NORMA-1132,541
29,NORMA-1654,542
29,NORMA-1586,543
29,NORMA-15364,544
29,NORMA-12010,545
29,NORMA-5458,546
29,NORMA-1567,547
29,NORMA-18588,548
29,NORMA-6766,549
29,NORMA-7841,550
29,NORMA-20160,551
29,NORMA-2171,552
29,NORMA-18828,553
29,NORMA-9837,554
29,NORMA-13995,555
29,NORMA-3979,556
29,NORMA-6830,557
29,NORMA-15027,558
29,NORMA-7674,559
29,NORMA-18703,560
29,NORMA-12903,561
29,NORMA-9497,562
29,NORMA-14738,563
29,NORMA-19098,564
29,NORMA-19076,565
29,NORMA-6967,566
29,NORMA-23001,567
29,NORMA-14380,568
29,NORMA-26726,569
29,NORMA-18338,570
29,NORMA-13357,571
29,NORMA-837,572
29,NORMA-4762,573
29,NORMA-11518,574
29,NORMA-9455,575
29,NORMA-20576,576
29,NORMA-18804,577
29,NORMA-5968,578
29,NORMA-20594,579
29,NORMA-25761,580
29,NORMA-9739,581
29,NORMA-18522,582
29,NORMA-4884,583
29,NORMA-14145,584
29,NORMA-1667,585
29,NORMA-7097,586
29,NORMA-14379,587
29,NORMA-12107,588
29,NORMA-18444,589
29,NORMA-10331,590
29,NORMA-10565,591
29,NORMA-15743,592
29,NORMA-15390,593
29,NORMA-10796,594
29,NORMA-5812,595
29,NORMA-11723,596
29,NORMA-18412,597
29,NORMA-11766,598
29,NORMA-19621,599
29,NORMA-1718,600
29,NORMA-20572,601
29,NORMA-778,602
29,NORMA-8120,603
29,NORMA-21712,604
29,NORMA-4756,605
29,NORMA-1198,606
29,NORMA-18225,607
29,NORMA-1965,608
29,NORMA-9375,609
29,NORMA-20773,610
29,NORMA-13102,611
29,NORMA-4634,612
29,NORMA-20397,613
29,NORMA-10326,614
29,NORMA-5656,615
29,NORMA-6034,616
29,NORMA-9482,617
29,NORMA-10296,618
29,NORMA-14157,619
29,NORMA-12499,620
29,NORMA-13046,621
29,NORMA-18891,622
29,NORMA-20636,623
29,NORMA-11474,624
29,NORMA-9869,625
29,NORMA-11327,626
29,NORMA-9973,627
29,NORMA-10375,628
29,NORMA-4686,629
29,NORMA-9928,630
29,NORMA-14208,631
29,NORMA-777,632
29,NORMA-18728,633
29,NORMA-11814,634
29,NORMA-5183,635
29,NORMA-19624,636
29,NORMA-8871,637
29,NORMA-21158,638
29,NORMA-19895,639
29,NORMA-8702,640
29,NORMA-7583,641
29,NORMA-8160,642
29,NORMA-19461,643
29,NORMA-12433,644
29,NORMA-265,645
29,NORMA-1485,646
29,NORMA-7996,647
29,NORMA-21246,648
29,NORMA-14561,649
29,NORMA-6088,650
29,NORMA-7842,651
29,NORMA-6575,652
29,NORMA-8801,653
29,NORMA-12961,654
29,NORMA-92,655
29,NORMA-4603,656
29,NORMA-20051,657
29,NORMA-17684,658
29,NORMA-6666,659
29,NORMA-7155,660
29,NORMA-11527,661
29,NORMA-8840,662
29,NORMA-1171,663
29,NORMA-1024,664
29,NORMA-18554,665
29,NORMA-14895,666
29,NORMA-1175,667
29,NORMA-3853,668
29,NORMA-12236,669
29,NORMA-21020,670
29,NORMA-2183,671
29,NORMA-8159,672
29,NORMA-10890,673
29,NORMA-4477,674
29,NORMA-18325,675
29,NORMA-28822,676
29,NORMA-9866,677
29,NORMA-8517,678
29,NORMA-20930,679
29,NORMA-19209,680
29,NORMA-27551,681
29,NORMA-19230,682
29,NORMA-6598,683
29,NORMA-5920,684
29,NORMA-7446,685
29,NORMA-3552,686
29,NORMA-6630,687
29,NORMA-8510,688
29,NORMA-18237,689
29,NORMA-21046,690
29,NORMA-412,691
29,NORMA-21061,692
29,NORMA-21524,693
29,NORMA-10312,694
29,NORMA-19502,695
29,NORMA-18865,696
29,NORMA-7432,697
29,NORMA-6250,698
29,NORMA-18551,699
29,NORMA-1365,700
29,NORMA-18360,701
29,NORMA-2473,702
29,NORMA-14368,703
29,NORMA-4274,704
29,NORMA-28281,705
29,NORMA-19551,706
29,NORMA-18309,707
29,NORMA-29764,708
29,NORMA-6776,709
29,NORMA-2421,710
29,NORMA-27687,711
29,NORMA-20483,712
29,NORMA-13836,713
29,NORMA-14264,714
29,NORMA-503,715
29,NORMA-11576,716
29,NORMA-12906,717
29,NORMA-28203,718
29,NORMA-25442,719
29,NORMA-18542,720
29,NORMA-6242,721
29,NORMA-7556,722
29,NORMA-6325,723
29,NORMA-19495,724
29,NORMA-19142,725
29,NORMA-18475,726
29,NORMA-5247,727
29,NORMA-8188,728
29,NORMA-9553,729
29,NORMA-16445,730
29,NORMA-18285,731
29,NORMA-21425,732
29,NORMA-18345,733
29,NORMA-18495,734
29,NORMA-655,735
29,NORMA-12165,736
29,NORMA-27564,737
29,NORMA-8813,738
29,NORMA-21414,739
29,NORMA-8429,740
29,NORMA-19309,741
29,NORMA-6000,742
29,NORMA-6181,743
29,NORMA-7526,744
29,NORMA-5016,745
29,NORMA-6599,746
29,NORMA-20959,747
29,NORMA-7300,748
29,NORMA-6087,749
29,NORMA-8161,750
29,NORMA-11556,751
29,NORMA-18202,752
29,NORMA-4104,753
29,NORMA-995,754
29,NORMA-5243,755
29,NORMA-4910,756
29,NORMA-20749,757
29,NORMA-14642,758
29,NORMA-19849,759
29,NORMA-53,760
29,NORMA-18214,761
29,NORMA-4124,762
29,NORMA-14359,763
29,NORMA-6519,764
29,NORMA-19917,765
29,NORMA-13335,766
29,NORMA-27403,767
29,NORMA-7518,768
29,NORMA-5514,769
29,NORMA-7147,770
29,NORMA-27361,771
29,NORMA-9855,772
29,NORMA-20116,773
29,NORMA-18569,774
29,NORMA-8800,775
29,NORMA-24641,776
29,NORMA-18826,777
29,NORMA-5381,778
29,NORMA-13923,779
29,NORMA-9446,780
29,NORMA-4423,781
29,NORMA-11571,782
29,NORMA-11414,783
29,NORMA-24904,784
29,NORMA-15902,785
29,NORMA-15041,786
29,NORMA-20515,787
29,NORMA-19296,788
29,NORMA-1995,789
29,NORMA-17782,790
29,NORMA-14636,791
29,NORMA-10435,792
29,NORMA-5475,793
29,NORMA-19481,794
29,NORMA-21150,795
29,NORMA-11137,796
29,NORMA-21055,797
29,NORMA-6316,798
29,NORMA-8511,799
29,NORMA-29186,800
29,NORMA-20252,801
29,NORMA-3605,802
29,NORMA-5603,803
29,NORMA-588,804
29,NORMA-18292,805
29,NORMA-587,806
29,NORMA-14713,807
29,NORMA-19022,808
29,NORMA-3734,809
29,NORMA-558,810
29,NORMA-9738,811
29,NORMA-3671,812
29,NORMA-19452,813
29,NORMA-2475,814
29,NORMA-14011,815
29,NORMA-18539,816
29,NORMA-14499,817
29,NORMA-19603,818
29,NORMA-475,819
29,NORMA-2399,820
29,NORMA-20525,821
29,NORMA-11714,822
29,NORMA-10668,823
29,NORMA-28762,824
29,NORMA-6960,825
29,NORMA-2105,826
29,NORMA-18274,827
29,NORMA-21742,828
29,NORMA-2024,829
29,NORMA-18869,830
29,NORMA-14517,831
29,NORMA-18323,832
29,NORMA-1545,833
29,NORMA-20476,834
29,NORMA-10233,835
29,NORMA-18692,836
29,NORMA-13912,837
29,NORMA-11739,838
29,NORMA-7844,839
29,NORMA-21043,840
29,NORMA-27461,841
29,NORMA-6665,842
29,NORMA-4802,843
29,NORMA-19023,844
29,NORMA-12870,845
29,NORMA-13183,846
29,NORMA-2694,847
29,NORMA-13736,848
29,NORMA-11353,849
29,NORMA-18277,850
29,NORMA-14529,851
29,NORMA-5396,852
29,NORMA-6214,853
29,NORMA-26981,854
29,NORMA-20091,855
29,NORMA-13094,856
29,NORMA-12103,857
29,NORMA-11804,858
29,NORMA-19304,859
29,NORMA-6951,860
29,NORMA-18382,861
29,NORMA-21310,862
29,NORMA-2390,863
29,NORMA-10592,864
29,NORMA-6389,865
29,NORMA-19506,866
29,NORMA-1352,867
29,NORMA-14633,868
29,NORMA-6174,869
29,NORMA-4051,870
29,NORMA-6320,871
29,NORMA-893,872
29,NORMA-18739,873
29,NORMA-19196,874
29,NORMA-13883,875
29,NORMA-14429,876
29,NORMA-3725,877
29,NORMA-21219,878
29,NORMA-18843,879
29,NORMA-27444,880
29,NORMA-20590,881
29,NORMA-12016,882
29,NORMA-9794,883
29,NORMA-21143,884
29,NORMA-6595,885
29,NORMA-5742,886
29,NORMA-27550,887
29,NORMA-6251,888
29,NORMA-10158,889
29,NORMA-4679,890
29,NORMA-12350,891
29,NORMA-180,892
29,NORMA-20505,893
29,NORMA-15105,894
29,NORMA-20796,895
29,NORMA-20793,896
29,NORMA-4138,897
29,NORMA-18771,898
29,NORMA-4275,899
29,NORMA-14308,900
29,NORMA-11872,901
29,NORMA-18439,902
29,NORMA-10810,903
29,NORMA-10974,904
29,NORMA-19450,905
29,NORMA-552,906
29,NORMA-20601,907
29,NORMA-21023,908
29,NORMA-19183,909
29,NORMA-5348,910
29,NORMA-18424,911
29,NORMA-1981,912
29,NORMA-20680,913
29,NORMA-14457,914
29,NORMA-11916,915
29,NORMA-7622,916
29,NORMA-7994,917
29,NORMA-18367,918
29,NORMA-772,919
29,NORMA-19522,920
29,NORMA-20884,921
29,NORMA-7773,922
29,NORMA-1006,923
29,NORMA-18240,924
29,NORMA-21771,925
29,NORMA-8196,926
29,NORMA-21633,927
29,NORMA-5433,928
29,NORMA-3651,929
29,NORMA-12975,930
29,NORMA-5565,931
29,NORMA-4294,932
29,NORMA-17221,933
29,NORMA-962,934
29,NORMA-7470,935
29,NORMA-28467,936
29,NORMA-10455,937
29,NORMA-10728,938
29,NORMA-14723,939
29,NORMA-8988,940
29,NORMA-6209,941
29,NORMA-18021,942
29,NORMA-573,943
29,NORMA-18628,944
29,NORMA-9425,945
29,NORMA-18443,946
29,NORMA-18264,947
29,NORMA-20493,948
29,NORMA-14676,949
29,NORMA-4077,950
29,NORMA-13241,951
29,NORMA-20748,952
29,NORMA-20814,953
29,NORMA-9345,954
29,NORMA-4569,955
29,NORMA-8526,956
29,NORMA-19125,957
29,NORMA-6878,958
29,NORMA-18570,959
29,NORMA-9321,960
29,NORMA-1988,961
29,NORMA-11205,962
29,NORMA-15160,963
29,NORMA-766,964
29,NORMA-20968,965
29,NORMA-13474,966
29,NORMA-5078,967
29,NORMA-7159,968
29,NORMA-12284,969
29,NORMA-12629,970
29,NORMA-8600,971
29,NORMA-20999,972
29,NORMA-5432,973
29,NORMA-19824,974
29,NORMA-20871,975
29,NORMA-18213,976
29,NORMA-4044,977
29,NORMA-6399,978
29,NORMA-3382,979
29,NORMA-18336,980
29,NORMA-10748,981
29,NORMA-6350,982
29,NORMA-20258,983
29,NORMA-14721,984
29,NORMA-19893,985
29,NORMA-11292,986
29,NORMA-20114,987
29,NORMA-18230,988
29,NORMA-21019,989
29,NORMA-4017,990
29,NORMA-12919,991
29,NORMA-15015,992
29,NORMA-3381,993
29,NORMA-4793,994
29,NORMA-18256,995
29,NORMA-16382,996
29,NORMA-19672,997
29,NORMA-18637,998
29,NORMA-3961,999
29,NORMA-6060,1000
30,NORMA-19155,1
30,NORMA-20870,2
30,NORMA-20950,3
30,NORMA-21002,4
30,NORMA-16941,5
30,NORMA-18659,6
30,NORMA-60,7
30,NORMA-2126,8
30,NORMA-981,9
30,NORMA-24,10
30,NORMA-19104,11
30,NORMA-20934,12
30,NORMA-1183,13
30,NORMA-2375,14
30,NORMA-1154,15
30,NORMA-21147,16
30,NORMA-20992,17
30,NORMA-380,18
30,NORMA-20589,19
30,NORMA-2484,20
30,NORMA-2020,21
30,NORMA-24961,22
30,NORMA-18685,23
30,NORMA-36,24
30,NORMA-1555,25
30,NORMA-1283,26
30,NORMA-20755,27
30,NORMA-1252,28
30,NORMA-1547,29
30,NORMA-122,30
30,NORMA-20237,31
30,NORMA-1207,32
30,NORMA-1026,33
30,NORMA-2519,34
30,NORMA-13174,35
30,NORMA-20688,36
30,NORMA-20691,37
30,NORMA-20397,38
30,NORMA-15902,39
30,NORMA-578,40
30,NORMA-30043,41
30,NORMA-13990,42
30,NORMA-18859,43
30,NORMA-807,44
30,NORMA-18669,45
30,NORMA-21755,46
30,NORMA-21562,47
30,NORMA-1656,48
30,NORMA-21630,49
30,NORMA-23521,50
30,NORMA-20786,51
30,NORMA-20785,52
30,NORMA-18678,53
30,NORMA-20039,54
30,NORMA-2413,55
30,NORMA-20705,56
30,NORMA-18429,57
30,NORMA-20072,58
30,NORMA-18769,59
30,NORMA-2432,60
30,NORMA-478,61
30,NORMA-21235,62
30,NORMA-20065,63
30,NORMA-21189,64
30,NORMA-126,65
30,NORMA-21165,66
30,NORMA-16424,67
30,NORMA-280,68
30,NORMA-19977,69
30,NORMA-20774,70
30,NORMA-20968,71
30,NORMA-21650,72
30,NORMA-616,73
30,NORMA-1965,74
30,NORMA-19956,75
30,NORMA-21519,76
30,NORMA-19010,77
30,NORMA-20858,78
30,NORMA-1289,79
30,NORMA-20869,80
30,NORMA-1474,81
30,NORMA-20780,82
30,NORMA-20240,83
30,NORMA-21000,84
30,NORMA-19275,85
30,NORMA-314,86
30,NORMA-19919,87
30,NORMA-18831,88
30,NORMA-20291,89
30,NORMA-1420,90
30,NORMA-19609,91
30,NORMA-18697,92
30,NORMA-18958,93
30,NORMA-1567,94
30,NORMA-18681,95
30,NORMA-23441,96
30,NORMA-20566,97
30,NORMA-18430,98
30,NORMA-21131,99
30,NORMA-689,100
30,NORMA-1263,101
30,NORMA-20631,102
30,NORMA-20993,103
30,NORMA-19295,104
30,NORMA-19542,105
30,NORMA-20616,106
30,NORMA-20859,107
30,NORMA-21689,108
30,NORMA-3181,109
30,NORMA-20728,110
30,NORMA-21776,111
30,NORMA-1352,112
30,NORMA-1173,113
30,NORMA-18527,114
30,NORMA-19597,115
30,NORMA-1983,116
30,NORMA-21192,117
30,NORMA-20557,118
30,NORMA-2176,119
30,NORMA-727,120
30,NORMA-21791,121
30,NORMA-4848,122
30,NORMA-18325,123
30,NORMA-20202,124
30,NORMA-21107,125
30,NORMA-19596,126
30,NORMA-18591,127
30,NORMA-19981,128
30,NORMA-18446,129
30,NORMA-19581,130
30,NORMA-972,131
30,NORMA-20188,132
30,NORMA-19571,133
30,NORMA-1,134
30,NORMA-2,135
30,NORMA-19904,136
30,NORMA-21787,137
30,NORMA-385,138
30,NORMA-1306,139
30,NORMA-2083,140
30,NORMA-1566,141
30,NORMA-20874,142
30,NORMA-18815,143
30,NORMA-1092,144
30,NORMA-20452,145
30,NORMA-479,146
30,NORMA-7280,147
30,NORMA-20970,148
30,NORMA-21757,149
30,NORMA-19593,150
30,NORMA-20733,151
30,NORMA-3381,152
30,NORMA-214,153
30,NORMA-19962,154
30,NORMA-2009,155
30,NORMA-159,156
30,NORMA-76,157
30,NORMA-1776,158
30,NORMA-18984,159
30,NORMA-1332,160
30,NORMA-21387,161
30,NORMA-19724,162
30,NORMA-20620,163
30,NORMA-2563,164
30,NORMA-21328,165
30,NORMA-21357,166
30,NORMA-1361,167
30,NORMA-20163,168
30,NORMA-19650,169
30,NORMA-21524,170
30,NORMA-4885,171
30,NORMA-1996,172
30,NORMA-1171,173
30,NORMA-20304,174
30,NORMA-18222,175
30,NORMA-358,176
30,NORMA-20425,177
30,NORMA-16403,178
30,NORMA-20841,179
30,NORMA-18388,180
30,NORMA-11316,181
30,NORMA-21019,182
30,NORMA-20894,183
30,NORMA-18302,184
30,NORMA-19740,185
30,NORMA-18223,186
30,NORMA-7110,187
30,NORMA-1295,188
30,NORMA-20892,189
30,NORMA-1206,190
30,NORMA-20756,191
30,NORMA-996,192
30,NORMA-2455,193
30,NORMA-20429,194
30,NORMA-16481,195
30,NORMA-20837,196
30,NORMA-18292,197
30,NORMA-1147,198
30,NORMA-893,199
30,NORMA-18648,200
30,NORMA-21695,201
30,NORMA-18683,202
30,NORMA-18750,203
30,NORMA-1348,204
30,NORMA-1274,205
30,NORMA-18418,206
30,NORMA-1088,207
30,NORMA-19965,208
30,NORMA-778,209
30,NORMA-188,210
30,NORMA-607,211
30,NORMA-20494,212
30,NORMA-19955,213
30,NORMA-19730,214
30,NORMA-18270,215
30,NORMA-20292,216
30,NORMA-18479,217
30,NORMA-19750,218
30,NORMA-54,219
30,NORMA-576,220
30,NORMA-281,221
30,NORMA-819,222
30,NORMA-534,223
30,NORMA-2475,224
30,NORMA-20524,225
30,NORMA-20444,226
30,NORMA-646,227
30,NORMA-18528,228
30,NORMA-412,229
30,NORMA-21767,230
30,NORMA-20205,231
30,NORMA-20265,232
30,NORMA-20831,233
30,NORMA-20190,234
30,NORMA-18435,235
30,NORMA-317,236
30,NORMA-19751,237
30,NORMA-21069,238
30,NORMA-20908,239
30,NORMA-21012,240
30,NORMA-19564,241
30,NORMA-20569,242
30,NORMA-2067,243
30,NORMA-20630,244
30,NORMA-21308,245
30,NORMA-2536,246
30,NORMA-2623,247
30,NORMA-21544,248
30,NORMA-19605,249
30,NORMA-20957,250
30,NORMA-20857,251
30,NORMA-20290,252
30,NORMA-21135,253
30,NORMA-21300,254
30,NORMA-1674,255
30,NORMA-21386,256
30,NORMA-18801,257
30,NORMA-1398,258
30,NORMA-8548,259
30,NORMA-9493,260
30,NORMA-729,261
30,NORMA-13094,262
30,NORMA-19651,263
30,NORMA-816,264
30,NORMA-26,265
30,NORMA-535,266
30,NORMA-10531,267
30,NORMA-20037,268
30,NORMA-1175,269
30,NORMA-34,270
30,NORMA-21470,271
30,NORMA-19249,272
30,NORMA-18722,273
30,NORMA-21264,274
30,NORMA-20309,275
30,NORMA-20344,276
30,NORMA-21005,277
30,NORMA-19762,278
30,NORMA-19925,279
30,NORMA-20258,280
30,NORMA-20917,281
30,NORMA-20958,282
30,NORMA-20922,283
30,NORMA-21606,284
30,NORMA-20249,285
30,NORMA-18787,286
30,NORMA-6677,287
30,NORMA-21622,288
30,NORMA-20588,289
30,NORMA-20744,290
30,NORMA-995,291
30,NORMA-20762,292
30,NORMA-20809,293
30,NORMA-18533,294
30,NORMA-12060,295
30,NORMA-9819,296
30,NORMA-21501,297
30,NORMA-20880,298
30,NORMA-428,299
30,NORMA-976,300
30,NORMA-8883,301
30,NORMA-26881,302
30,NORMA-19630,303
30,NORMA-18218,304
30,NORMA-19220,305
30,NORMA-1211,306
30,NORMA-18646,307
30,NORMA-20322,308
30,NORMA-18286,309
30,NORMA-21175,310
30,NORMA-18434,311
30,NORMA-21220,312
30,NORMA-19591,313
30,NORMA-19798,314
30,NORMA-14581,315
30,NORMA-1419,316
30,NORMA-658,317
30,NORMA-1485,318
30,NORMA-19330,319
30,NORMA-20660,320
30,NORMA-265,321
30,NORMA-9142,322
30,NORMA-850,323
30,NORMA-12490,324
30,NORMA-20233,325
30,NORMA-20287,326
30,NORMA-19172,327
30,NORMA-21655,328
30,NORMA-417,329
30,NORMA-19582,330
30,NORMA-20682,331
30,NORMA-20567,332
30,NORMA-19703,333
30,NORMA-20941,334
30,NORMA-18385,335
30,NORMA-20316,336
30,NORMA-19416,337
30,NORMA-9313,338
30,NORMA-18858,339
30,NORMA-15901,340
30,NORMA-19958,341
30,NORMA-913,342
30,NORMA-26682,343
30,NORMA-18537,344
30,NORMA-21213,345
30,NORMA-7923,346
30,NORMA-12245,347
30,NORMA-20135,348
30,NORMA-8931,349
30,NORMA-1573,350
30,NORMA-20921,351
30,NORMA-19535,352
30,NORMA-21126,353
30,NORMA-21475,354
30,NORMA-818,355
30,NORMA-21105,356
30,NORMA-20167,357
30,NORMA-20191,358
30,NORMA-19436,359
30,NORMA-4830,360
30,NORMA-19383,361
30,NORMA-20945,362
30,NORMA-21299,363
30,NORMA-20782,364
30,NORMA-21641,365
30,NORMA-9120,366
30,NORMA-20761,367
30,NORMA-2158,368
30,NORMA-19103,369
30,NORMA-19588,370
30,NORMA-1365,371
30,NORMA-751,372
30,NORMA-18436,373
30,NORMA-10693,374
30,NORMA-18539,375
30,NORMA-20224,376
30,NORMA-18805,377
30,NORMA-3589,378
30,NORMA-11622,379
30,NORMA-21338,380
30,NORMA-1534,381
30,NORMA-5372,382
30,NORMA-14967,383
30,NORMA-11454,384
30,NORMA-12066,385
30,NORMA-21507,386
30,NORMA-19797,387
30,NORMA-23481,388
30,NORMA-21186,389
30,NORMA-21744,390
30,NORMA-21275,391
30,NORMA-18796,392
30,NORMA-20556,393
30,NORMA-6666,394
30,NORMA-20853,395
30,NORMA-357,396
30,NORMA-20574,397
30,NORMA-20895,398
30,NORMA-19843,399
30,NORMA-21326,400
30,NORMA-2496,401
30,NORMA-3571,402
30,NORMA-21267,403
30,NORMA-21388,404
30,NORMA-20270,405
30,NORMA-1188,406
30,NORMA-18523,407
30,NORMA-2183,408
30,NORMA-19613,409
30,NORMA-21554,410
30,NORMA-10141,411
30,NORMA-19225,412
30,NORMA-28221,413
30,NORMA-21029,414
30,NORMA-18691,415
30,NORMA-20263,416
30,NORMA-588,417
30,NORMA-25722,418
30,NORMA-962,419
30,NORMA-20248,420
30,NORMA-12657,421
30,NORMA-11598,422
30,NORMA-464,423
30,NORMA-21245,424
30,NORMA-838,425
30,NORMA-20169,426
30,NORMA-361,427
30,NORMA-18974,428
30,NORMA-11185,429
30,NORMA-19092,430
30,NORMA-20840,431
30,NORMA-20690,432
30,NORMA-20893,433
30,NORMA-278,434
30,NORMA-21324,435
30,NORMA-20356,436
30,NORMA-21384,437
30,NORMA-1353,438
30,NORMA-18404,439
30,NORMA-22461,440
30,NORMA-19437,441
30,NORMA-18227,442
30,NORMA-19578,443
30,NORMA-12589,444
30,NORMA-250,445
30,NORMA-883,446
30,NORMA-1433,447
30,NORMA-20936,448
30,NORMA-18630,449
30,NORMA-21122,450
30,NORMA-19621,451
30,NORMA-8121,452
30,NORMA-18394,453
30,NORMA-19947,454
30,NORMA-20824,455
30,NORMA-4637,456
30,NORMA-18536,457
30,NORMA-53,458
30,NORMA-3979,459
30,NORMA-20551,460
30,NORMA-7501,461
30,NORMA-567,462
30,NORMA-21690,463
30,NORMA-1619,464
30,NORMA-18518,465
30,NORMA-19111,466
30,NORMA-8884,467
30,NORMA-21305,468
30,NORMA-19175,469
30,NORMA-18243,470
30,NORMA-462,471
30,NORMA-222,472
30,NORMA-10267,473
30,NORMA-9578,474
30,NORMA-19876,475
30,NORMA-21208,476
30,NORMA-11605,477
30,NORMA-749,478
30,NORMA-21309,479
30,NORMA-19444,480
30,NORMA-18747,481
30,NORMA-20687,482
30,NORMA-20422,483
30,NORMA-20860,484
30,NORMA-19191,485
30,NORMA-1366,486
30,NORMA-13514,487
30,NORMA-416,488
30,NORMA-20246,489
30,NORMA-5337,490
30,NORMA-20575,491
30,NORMA-19442,492
30,NORMA-20916,493
30,NORMA-20888,494
30,NORMA-21456,495
30,NORMA-14184,496
30,NORMA-19979,497
30,NORMA-20223,498
30,NORMA-18808,499
30,NORMA-1229,500
30,NORMA-21446,501
30,NORMA-19729,502
30,NORMA-18748,503
30,NORMA-3503,504
30,NORMA-1510,505
30,NORMA-20902,506
30,NORMA-19929,507
30,NORMA-587,508
30,NORMA-21110,509
30,NORMA-19598,510
30,NORMA-21784,511
30,NORMA-1410,512
30,NORMA-20989,513
30,NORMA-18899,514
30,NORMA-21113,515
30,NORMA-20241,516
30,NORMA-21366,517
30,NORMA-10364,518
30,NORMA-253,519
30,NORMA-1362,520
30,NORMA-2981,521
30,NORMA-6032,522
30,NORMA-31923,523
30,NORMA-21420,524
30,NORMA-17221,525
30,NORMA-736,526
30,NORMA-19645,527
30,NORMA-21432,528
30,NORMA-4277,529
30,NORMA-21040,530
30,NORMA-15921,531
30,NORMA-20966,532
30,NORMA-21149,533
30,NORMA-20854,534
30,NORMA-19928,535
30,NORMA-20428,536
30,NORMA-1390,537
30,NORMA-19622,538
30,NORMA-21026,539
30,NORMA-19583,540
30,NORMA-1976,541
30,NORMA-1516,542
30,NORMA-20797,543
30,NORMA-798,544
30,NORMA-21402,545
30,NORMA-20197,546
30,NORMA-20284,547
30,NORMA-21443,548
30,NORMA-20077,549
30,NORMA-15003,550
30,NORMA-15060,551
30,NORMA-2517,552
30,NORMA-18746,553
30,NORMA-19128,554
30,NORMA-20234,555
30,NORMA-19715,556
30,NORMA-20023,557
30,NORMA-13598,558
30,NORMA-21503,559
30,NORMA-18451,560
30,NORMA-20396,561
30,NORMA-332,562
30,NORMA-6667,563
30,NORMA-19632,564
30,NORMA-18202,565
30,NORMA-20901,566
30,NORMA-14975,567
30,NORMA-18213,568
30,NORMA-18216,569
30,NORMA-1260,570
30,NORMA-21090,571
30,NORMA-19687,572
30,NORMA-2395,573
30,NORMA-21321,574
30,NORMA-14167,575
30,NORMA-602,576
30,NORMA-12911,577
30,NORMA-20627,578
30,NORMA-13138,579
30,NORMA-219,580
30,NORMA-20070,581
30,NORMA-18221,582
30,NORMA-18450,583
30,NORMA-21746,584
30,NORMA-18631,585
30,NORMA-19950,586
30,NORMA-21188,587
30,NORMA-18405,588
30,NORMA-20763,589
30,NORMA-20846,590
30,NORMA-29621,591
30,NORMA-21178,592
30,NORMA-10865,593
30,NORMA-20584,594
30,NORMA-18863,595
30,NORMA-20166,596
30,NORMA-21638,597
30,NORMA-18870,598
30,NORMA-3741,599
30,NORMA-5429,600
30,NORMA-20959,601
30,NORMA-27363,602
30,NORMA-19785,603
30,NORMA-20852,604
30,NORMA-20220,605
30,NORMA-1445,606
30,NORMA-20447,607
30,NORMA-1129,608
30,NORMA-19604,609
30,NORMA-18548,610
30,NORMA-1138,611
30,NORMA-19903,612
30,NORMA-680,613
30,NORMA-10422,614
30,NORMA-20754,615
30,NORMA-9419,616
30,NORMA-9671,617
30,NORMA-12965,618
30,NORMA-18554,619
30,NORMA-21539,620
30,NORMA-1502,621
30,NORMA-20139,622
30,NORMA-20426,623
30,NORMA-20449,624
30,NORMA-251,625
30,NORMA-21336,626
30,NORMA-18207,627
30,NORMA-20182,628
30,NORMA-21407,629
30,NORMA-19061,630
30,NORMA-20576,631
30,NORMA-423,632
30,NORMA-7279,633
30,NORMA-18741,634
30,NORMA-18211,635
30,NORMA-1369,636
30,NORMA-13714,637
30,NORMA-20855,638
30,NORMA-835,639
30,NORMA-21344,640
30,NORMA-1423,641
30,NORMA-20805,642
30,NORMA-1090,643
30,NORMA-20432,644
30,NORMA-21124,645
30,NORMA-20271,646
30,NORMA-21595,647
30,NORMA-21541,648
30,NORMA-1463,649
30,NORMA-14348,650
30,NORMA-20883,651
30,NORMA-5444,652
30,NORMA-18720,653
30,NORMA-8774,654
30,NORMA-20106,655
30,NORMA-20257,656
30,NORMA-20996,657
30,NORMA-20176,658
30,NORMA-12788,659
30,NORMA-21369,660
30,NORMA-2076,661
30,NORMA-6960,662
30,NORMA-20871,663
30,NORMA-19667,664
30,NORMA-26701,665
30,NORMA-18386,666
30,NORMA-20522,667
30,NORMA-20602,668
30,NORMA-232,669
30,NORMA-18793,670
30,NORMA-21705,671
30,NORMA-20988,672
30,NORMA-9358,673
30,NORMA-20666,674
30,NORMA-19875,675
30,NORMA-21597,676
30,NORMA-19871,677
30,NORMA-211,678
30,NORMA-766,679
30,NORMA-26565,680
30,NORMA-6951,681
30,NORMA-21283,682
30,NORMA-20183,683
30,NORMA-19780,684
30,NORMA-1408,685
30,NORMA-6615,686
30,NORMA-833,687
30,NORMA-14092,688
30,NORMA-19297,689
30,NORMA-20028,690
30,NORMA-21168,691
30,NORMA-19741,692
30,NORMA-20615,693
30,NORMA-20924,694
30,NORMA-12437,695
30,NORMA-14390,696
30,NORMA-21413,697
30,NORMA-7157,698
30,NORMA-2184,699
30,NORMA-21249,700
30,NORMA-21003,701
30,NORMA-20300,702
30,NORMA-21663,703
30,NORMA-1442,704
30,NORMA-14744,705
30,NORMA-20594,706
30,NORMA-18411,707
30,NORMA-5421,708
30,NORMA-4139,709
30,NORMA-21064,710
30,NORMA-5008,711
30,NORMA-20295,712
30,NORMA-15071,713
30,NORMA-8204,714
30,NORMA-20828,715
30,NORMA-11565,716
30,NORMA-4322,717
30,NORMA-19240,718
30,NORMA-20561,719
30,NORMA-18935,720
30,NORMA-581,721
30,NORMA-29241,722
30,NORMA-20886,723
30,NORMA-7022,724
30,NORMA-6022,725
30,NORMA-20102,726
30,NORMA-21752,727
30,NORMA-6702,728
30,NORMA-20512,729
30,NORMA-18686,730
30,NORMA-29005,731
30,NORMA-18845,732
30,NORMA-18605,733
30,NORMA-14524,734
30,NORMA-20758,735
30,NORMA-20138,736
30,NORMA-19105,737
30,NORMA-12517,738
30,NORMA-1388,739
30,NORMA-20109,740
30,NORMA-18906,741
30,NORMA-1586,742
30,NORMA-20525,743
30,NORMA-29164,744
30,NORMA-6776,745
30,NORMA-20990,746
30,NORMA-20121,747
30,NORMA-19980,748
30,NORMA-15581,749
30,NORMA-7439,750
30,NORMA-6249,751
30,NORMA-5164,752
30,NORMA-21242,753
30,NORMA-21453,754
30,NORMA-20450,755
30,NORMA-18456,756
30,NORMA-23761,757
30,NORMA-19608,758
30,NORMA-21509,759
30,NORMA-22721,760
30,NORMA-7149,761
30,NORMA-5252,762
30,NORMA-15881,763
30,NORMA-21526,764
30,NORMA-1421,765
30,NORMA-21215,766
30,NORMA-19503,767
30,NORMA-20280,768
30,NORMA-1334,769
30,NORMA-20159,770
30,NORMA-21747,771
30,NORMA-20448,772
30,NORMA-28461,773
30,NORMA-20849,774
30,NORMA-25902,775
30,NORMA-675,776
30,NORMA-6316,777
30,NORMA-6395,778
30,NORMA-217,779
30,NORMA-5626,780
30,NORMA-21624,781
30,NORMA-2362,782
30,NORMA-18521,783
30,NORMA-19746,784
30,NORMA-252,785
30,NORMA-19602,786
30,NORMA-4423,787
30,NORMA-19418,788
30,NORMA-10123,789
30,NORMA-18839,790
30,NORMA-20605,791
30,NORMA-875,792
30,NORMA-13323,793
30,NORMA-10034,794
30,NORMA-19800,795
30,NORMA-18730,796
30,NORMA-11607,797
30,NORMA-16382,798
30,NORMA-20082,799
30,NORMA-21609,800
30,NORMA-4926,801
30,NORMA-26102,802
30,NORMA-20222,803
30,NORMA-19009,804
30,NORMA-7867,805
30,NORMA-5245,806
30,NORMA-21286,807
30,NORMA-20641,808
30,NORMA-19620,809
30,NORMA-19853,810
30,NORMA-19426,811
30,NORMA-503,812
30,NORMA-18268,813
30,NORMA-20811,814
30,NORMA-11996,815
30,NORMA-21337,816
30,NORMA-4621,817
30,NORMA-1338,818
30,NORMA-5853,819
30,NORMA-11184,820
30,NORMA-20580,821
30,NORMA-938,822
30,NORMA-20476,823
30,NORMA-14239,824
30,NORMA-20285,825
30,NORMA-10094,826
30,NORMA-1098,827
30,NORMA-8301,828
30,NORMA-20519,829
30,NORMA-61,830
30,NORMA-6126,831
30,NORMA-20672,832
30,NORMA-21206,833
30,NORMA-19945,834
30,NORMA-18293,835
30,NORMA-19594,836
30,NORMA-27502,837
30,NORMA-19845,838
30,NORMA-19879,839
30,NORMA-10041,840
30,NORMA-20319,841
30,NORMA-21020,842
30,NORMA-10699,843
30,NORMA-15208,844
30,NORMA-4588,845
30,NORMA-18972,846
30,NORMA-8814,847
30,NORMA-3281,848
30,NORMA-19883,849
30,NORMA-6630,850
30,NORMA-20891,851
30,NORMA-16282,852
30,NORMA-20910,853
30,NORMA-4163,854
30,NORMA-19526,855
30,NORMA-5148,856
30,NORMA-19281,857
30,NORMA-19570,858
30,NORMA-13195,859
30,NORMA-5417,860
30,NORMA-3642,861
30,NORMA-7703,862
30,NORMA-5882,863
30,NORMA-6318,864
30,NORMA-8741,865
30,NORMA-229,866
30,NORMA-18724,867
30,NORMA-3820,868
30,NORMA-2660,869
30,NORMA-21203,870
30,NORMA-19192,871
30,NORMA-6629,872
30,NORMA-18529,873
30,NORMA-5336,874
30,NORMA-19310,875
30,NORMA-18511,876
30,NORMA-20732,877
30,NORMA-1013,878
30,NORMA-6253,879
30,NORMA-23881,880
30,NORMA-20949,881
30,NORMA-9206,882
30,NORMA-19933,883
30,NORMA-2180,884
30,NORMA-18654,885
30,NORMA-21159,886
30,NORMA-18989,887
30,NORMA-4898,888
30,NORMA-3899,889
30,NORMA-13797,890
30,NORMA-21067,891
30,NORMA-14796,892
30,NORMA-3665,893
30,NORMA-19652,894
30,NORMA-4979,895
30,NORMA-20646,896
30,NORMA-12873,897
30,NORMA-19684,898
30,NORMA-19629,899
30,NORMA-19291,900
30,NORMA-3821,901
30,NORMA-20559,902
30,NORMA-261,903
30,NORMA-25841,904
30,NORMA-20157,905
30,NORMA-20815,906
30,NORMA-14542,907
30,NORMA-20861,908
30,NORMA-18952,909
30,NORMA-10550,910
30,NORMA-21621,911
30,NORMA-21537,912
30,NORMA-24561,913
30,NORMA-14517,914
30,NORMA-19351,915
30,NORMA-19413,916
30,NORMA-13718,917
30,NORMA-21394,918
30,NORMA-19733,919
30,NORMA-19014,920
30,NORMA-20231,921
30,NORMA-4685,922
30,NORMA-14498,923
30,NORMA-19391,924
30,NORMA-13556,925
30,NORMA-20289,926
30,NORMA-18542,927
30,NORMA-5222,928
30,NORMA-9637,929
30,NORMA-19209,930
30,NORMA-4297,931
30,NORMA-21535,932
30,NORMA-6948,933
30,NORMA-26941,934
30,NORMA-21634,935
30,NORMA-20402,936
30,NORMA-6181,937
30,NORMA-28201,938
30,NORMA-18339,939
30,NORMA-20964,940
30,NORMA-20834,941
30,NORMA-18344,942
30,NORMA-18406,943
30,NORMA-3662,944
30,NORMA-20507,945
30,NORMA-6075,946
30,NORMA-18316,947
30,NORMA-18603,948
30,NORMA-19918,949
30,NORMA-17101,950
30,NORMA-6268,951
30,NORMA-14547,952
30,NORMA-27366,953
30,NORMA-6685,954
30,NORMA-6967,955
30,NORMA-2378,956
30,NORMA-20583,957
30,NORMA-20238,958
30,NORMA-2114,959
30,NORMA-19927,960
30,NORMA-1223,961
30,NORMA-20192,962
30,NORMA-6730,963
30,NORMA-21043,964
30,NORMA-19343,965
30,NORMA-21200,966
30,NORMA-20196,967
30,NORMA-11727,968
30,NORMA-644,969
30,NORMA-8190,970
30,NORMA-8772,971
30,NORMA-20408,972
30,NORMA-9481,973
30,NORMA-20186,974
30,NORMA-3877,975
30,NORMA-21352,976
30,NORMA-20863,977
30,NORMA-19124,978
30,NORMA-21434,979
30,NORMA-15802,980
30,NORMA-20930,981
30,NORMA-19290,982
30,NORMA-23341,983
30,NORMA-6488,984
30,NORMA-28203,985
30,NORMA-1991,986
30,NORMA-12186,987
30,NORMA-28043,988
30,NORMA-13265,989
30,NORMA-20907,990
30,NORMA-10797,991
30,NORMA-19081,992
30,NORMA-3823,993
30,NORMA-9252,994
30,NORMA-20405,995
30,NORMA-21608,996
30,NORMA-15246,997
30,NORMA-20887,998
30,NORMA-7390,999
30,NORMA-20803,1000
31,NORMA-20590,1
31,NORMA-21268,2
31,NORMA-20423,3
31,NORMA-778,4
31,NORMA-21540,5
31,NORMA-19960,6
31,NORMA-20796,7
31,NORMA-20443,8
31,NORMA-215,9
31,NORMA-25902,10
31,NORMA-280,11
31,NORMA-20403,12
31,NORMA-281,13
31,NORMA-20557,14
31,NORMA-2383,15
31,NORMA-19597,16
31,NORMA-607,17
31,NORMA-18681,18
31,NORMA-20188,19
31,NORMA-20556,20
31,NORMA-21519,21
31,NORMA-20576,22
31,NORMA-21147,23
31,NORMA-20837,24
31,NORMA-655,25
31,NORMA-20512,26
31,NORMA-20245,27
31,NORMA-2176,28
31,NORMA-749,29
31,NORMA-144,30
31,NORMA-2083,31
31,NORMA-1983,32
31,NORMA-1026,33
31,NORMA-578,34
31,NORMA-2114,35
31,NORMA-20397,36
31,NORMA-159,37
31,NORMA-207,38
31,NORMA-587,39
31,NORMA-1346,40
31,NORMA-18859,41
31,NORMA-588,42
31,NORMA-2426,43
31,NORMA-985,44
31,NORMA-1650,45
31,NORMA-2009,46
31,NORMA-18325,47
31,NORMA-1030,48
31,NORMA-20834,49
31,NORMA-2375,50
31,NORMA-6595,51
31,NORMA-581,52
31,NORMA-2519,53
31,NORMA-18222,54
31,NORMA-18393,55
31,NORMA-2183,56
31,NORMA-2189,57
31,NORMA-20754,58
31,NORMA-4686,59
31,NORMA-5026,60
31,NORMA-11999,61
31,NORMA-21115,62
31,NORMA-1298,63
31,NORMA-1090,64
31,NORMA-479,65
31,NORMA-18430,66
31,NORMA-20568,67
31,NORMA-20187,68
31,NORMA-122,69
31,NORMA-938,70
31,NORMA-478,71
31,NORMA-253,72
31,NORMA-20604,73
31,NORMA-54,74
31,NORMA-703,75
31,NORMA-1510,76
31,NORMA-3698,77
31,NORMA-11598,78
31,NORMA-4342,79
31,NORMA-19275,80
31,NORMA-20426,81
31,NORMA-1033,82
31,NORMA-2067,83
31,NORMA-20580,84
31,NORMA-18603,85
31,NORMA-1362,86
31,NORMA-995,87
31,NORMA-5964,88
31,NORMA-644,89
31,NORMA-18291,90
31,NORMA-12002,91
31,NORMA-15081,92
31,NORMA-1013,93
31,NORMA-4449,94
31,NORMA-15902,95
31,NORMA-664,96
31,NORMA-20204,97
31,NORMA-6291,98
31,NORMA-19220,99
31,NORMA-20251,100
31,NORMA-2574,101
31,NORMA-11780,102
31,NORMA-1366,103
31,NORMA-8575,104
31,NORMA-5381,105
31,NORMA-4539,106
31,NORMA-4634,107
31,NORMA-20483,108
31,NORMA-4926,109
31,NORMA-18796,110
31,NORMA-20182,111
31,NORMA-20993,112
31,NORMA-1035,113
31,NORMA-20270,114
31,NORMA-19383,115
31,NORMA-20970,116
31,NORMA-5417,117
31,NORMA-20077,118
31,NORMA-5327,119
31,NORMA-20677,120
31,NORMA-19444,121
31,NORMA-616,122
31,NORMA-10797,123
31,NORMA-978,124
31,NORMA-20671,125
31,NORMA-1369,126
31,NORMA-675,127
31,NORMA-20571,128
31,NORMA-2432,129
31,NORMA-13671,130
31,NORMA-21204,131
31,NORMA-19446,132
31,NORMA-18549,133
31,NORMA-20840,134
31,NORMA-21036,135
31,NORMA-12228,136
31,NORMA-6810,137
31,NORMA-984,138
31,NORMA-2126,139
31,NORMA-278,140
31,NORMA-5372,141
31,NORMA-535,142
31,NORMA-18804,143
31,NORMA-11572,144
31,NORMA-53,145
31,NORMA-12234,146
31,NORMA-12014,147
31,NORMA-6354,148
31,NORMA-7523,149
31,NORMA-20572,150
31,NORMA-2981,151
31,NORMA-20594,152
31,NORMA-6000,153
31,NORMA-5853,154
31,NORMA-20567,155
31,NORMA-19609,156
31,NORMA-10986,157
31,NORMA-1672,158
31,NORMA-18542,159
31,NORMA-19733,160
31,NORMA-11578,161
31,NORMA-674,162
31,NORMA-871,163
31,NORMA-7329,164
31,NORMA-19798,165
31,NORMA-20989,166
31,NORMA-20282,167
31,NORMA-2389,168
31,NORMA-11631,169
31,NORMA-19249,170
31,NORMA-11605,171
31,NORMA-20159,172
31,NORMA-19461,173
31,NORMA-12006,174
31,NORMA-5078,175
31,NORMA-10219,176
31,NORMA-712,177
31,NORMA-18984,178
31,NORMA-19630,179
31,NORMA-2485,180
31,NORMA-2461,181
31,NORMA-249,182
31,NORMA-11577,183
31,NORMA-3571,184
31,NORMA-21055,185
31,NORMA-1990,186
31,NORMA-21767,187
31,NORMA-21537,188
31,NORMA-6521,189
31,NORMA-19499,190
31,NORMA-14099,191
31,NORMA-251,192
31,NORMA-265,193
31,NORMA-20574,194
31,NORMA-19140,195
31,NORMA-252,196
31,NORMA-21431,197
31,NORMA-6667,198
31,NORMA-19896,199
31,NORMA-10534,200
31,NORMA-4830,201
31,NORMA-20616,202
31,NORMA-18435,203
31,NORMA-14974,204
31,NORMA-20322,205
31,NORMA-20344,206
31,NORMA-966,207
31,NORMA-903,208
31,NORMA-19014,209
31,NORMA-21063,210
31,NORMA-18404,211
31,NORMA-1211,212
31,NORMA-3735,213
31,NORMA-18630,214
31,NORMA-1337,215
31,NORMA-21043,216
31,NORMA-19825,217
31,NORMA-12920,218
31,NORMA-21302,219
31,NORMA-2362,220
31,NORMA-18308,221
31,NORMA-1044,222
31,NORMA-11505,223
31,NORMA-20206,224
31,NORMA-20258,225
31,NORMA-4820,226
31,NORMA-15208,227
31,NORMA-6665,228
31,NORMA-19028,229
31,NORMA-4423,230
31,NORMA-1567,231
31,NORMA-9067,232
31,NORMA-6666,233
31,NORMA-21002,234
31,NORMA-4840,235
31,NORMA-27502,236
31,NORMA-1223,237
31,NORMA-7773,238
31,NORMA-2414,239
31,NORMA-18722,240
31,NORMA-573,241
31,NORMA-865,242
31,NORMA-20249,243
31,NORMA-417,244
31,NORMA-10347,245
31,NORMA-11607,246
31,NORMA-211,247
31,NORMA-11864,248
31,NORMA-20871,249
31,NORMA-358,250
31,NORMA-19596,251
31,NORMA-18724,252
31,NORMA-2560,253
31,NORMA-711,254
31,NORMA-19893,255
31,NORMA-1206,256
31,NORMA-10745,257
31,NORMA-666,258
31,NORMA-248,259
31,NORMA-1088,260
31,NORMA-21742,261
31,NORMA-1419,262
31,NORMA-11665,263
31,NORMA-2386,264
31,NORMA-4500,265
31,NORMA-20280,266
31,NORMA-863,267
31,NORMA-18273,268
31,NORMA-21246,269
31,NORMA-13229,270
31,NORMA-14162,271
31,NORMA-1024,272
31,NORMA-1841,273
31,NORMA-10931,274
31,NORMA-19555,275
31,NORMA-1826,276
31,NORMA-2377,277
31,NORMA-11292,278
31,NORMA-14742,279
31,NORMA-12048,280
31,NORMA-20119,281
31,NORMA-3181,282
31,NORMA-10590,283
31,NORMA-755,284
31,NORMA-21366,285
31,NORMA-2484,286
31,NORMA-20828,287
31,NORMA-9681,288
31,NORMA-20023,289
31,NORMA-6851,290
31,NORMA-3514,291
31,NORMA-18788,292
31,NORMA-1788,293
31,NORMA-19891,294
31,NORMA-3592,295
31,NORMA-250,296
31,NORMA-18807,297
31,NORMA-19051,298
31,NORMA-970,299
31,NORMA-20336,300
31,NORMA-2058,301
31,NORMA-4275,302
31,NORMA-2542,303
31,NORMA-292,304
31,NORMA-20317,305
31,NORMA-1603,306
31,NORMA-11714,307
31,NORMA-4792,308
31,NORMA-10693,309
31,NORMA-20641,310
31,NORMA-19417,311
31,NORMA-20109,312
31,NORMA-21205,313
31,NORMA-188,314
31,NORMA-14699,315
31,NORMA-595,316
31,NORMA-20242,317
31,NORMA-18797,318
31,NORMA-12858,319
31,NORMA-12232,320
31,NORMA-19029,321
31,NORMA-20220,322
31,NORMA-9870,323
31,NORMA-1649,324
31,NORMA-18837,325
31,NORMA-10592,326
31,NORMA-18521,327
31,NORMA-2094,328
31,NORMA-26241,329
31,NORMA-6766,330
31,NORMA-30043,331
31,NORMA-12049,332
31,NORMA-20885,333
31,NORMA-13903,334
31,NORMA-19766,335
31,NORMA-602,336
31,NORMA-19192,337
31,NORMA-19950,338
31,NORMA-19800,339
31,NORMA-20515,340
31,NORMA-412,341
31,NORMA-18432,342
31,NORMA-20842,343
31,NORMA-19933,344
31,NORMA-18806,345
31,NORMA-21679,346
31,NORMA-11512,347
31,NORMA-20246,348
31,NORMA-9457,349
31,NORMA-19593,350
31,NORMA-7502,351
31,NORMA-4567,352
31,NORMA-6351,353
31,NORMA-18478,354
31,NORMA-21759,355
31,NORMA-20805,356
31,NORMA-5170,357
31,NORMA-20628,358
31,NORMA-423,359
31,NORMA-8938,360
31,NORMA-26,361
31,NORMA-20208,362
31,NORMA-10364,363
31,NORMA-5431,364
31,NORMA-729,365
31,NORMA-1092,366
31,NORMA-12035,367
31,NORMA-474,368
31,NORMA-19787,369
31,NORMA-6965,370
31,NORMA-20309,371
31,NORMA-20429,372
31,NORMA-19354,373
31,NORMA-4762,374
31,NORMA-27687,375
31,NORMA-9026,376
31,NORMA-20744,377
31,NORMA-9705,378
31,NORMA-20846,379
31,NORMA-3579,380
31,NORMA-14345,381
31,NORMA-3757,382
31,NORMA-20542,383
31,NORMA-247,384
31,NORMA-7313,385
31,NORMA-854,386
31,NORMA-20277,387
31,NORMA-18420,388
31,NORMA-20524,389
31,NORMA-18827,390
31,NORMA-20290,391
31,NORMA-20377,392
31,NORMA-5336,393
31,NORMA-18548,394
31,NORMA-4425,395
31,NORMA-19955,396
31,NORMA-18747,397
31,NORMA-19724,398
31,NORMA-1502,399
31,NORMA-20917,400
31,NORMA-4898,401
31,NORMA-11901,402
31,NORMA-4924,403
31,NORMA-21757,404
31,NORMA-20707,405
31,NORMA-208,406
31,NORMA-21069,407
31,NORMA-19232,408
31,NORMA-1141,409
31,NORMA-21200,410
31,NORMA-18492,411
31,NORMA-5008,412
31,NORMA-21791,413
31,NORMA-20573,414
31,NORMA-26161,415
31,NORMA-21135,416
31,NORMA-20189,417
31,NORMA-21568,418
31,NORMA-1412,419
31,NORMA-21758,420
31,NORMA-2509,421
31,NORMA-2660,422
31,NORMA-1619,423
31,NORMA-3835,424
31,NORMA-12038,425
31,NORMA-3979,426
31,NORMA-20160,427
31,NORMA-14113,428
31,NORMA-6622,429
31,NORMA-11792,430
31,NORMA-20944,431
31,NORMA-20088,432
31,NORMA-21528,433
31,NORMA-5656,434
31,NORMA-180,435
31,NORMA-1851,436
31,NORMA-29042,437
31,NORMA-20087,438
31,NORMA-14967,439
31,NORMA-18428,440
31,NORMA-21554,441
31,NORMA-579,442
31,NORMA-18494,443
31,NORMA-20566,444
31,NORMA-5838,445
31,NORMA-2522,446
31,NORMA-19554,447
31,NORMA-19841,448
31,NORMA-20508,449
31,NORMA-16462,450
31,NORMA-20198,451
31,NORMA-643,452
31,NORMA-20908,453
31,NORMA-2413,454
31,NORMA-2475,455
31,NORMA-7867,456
31,NORMA-2120,457
31,NORMA-19992,458
31,NORMA-12005,459
31,NORMA-20816,460
31,NORMA-11184,461
31,NORMA-20627,462
31,NORMA-11599,463
31,NORMA-18224,464
31,NORMA-6592,465
31,NORMA-6389,466
31,NORMA-19353,467
31,NORMA-777,468
31,NORMA-18958,469
31,NORMA-2020,470
31,NORMA-1689,471
31,NORMA-13836,472
31,NORMA-14264,473
31,NORMA-19451,474
31,NORMA-2587,475
31,NORMA-20021,476
31,NORMA-893,477
31,NORMA-4145,478
31,NORMA-3978,479
31,NORMA-20711,480
31,NORMA-2583,481
31,NORMA-20918,482
31,NORMA-21152,483
31,NORMA-1256,484
31,NORMA-21682,485
31,NORMA-21787,486
31,NORMA-21052,487
31,NORMA-19667,488
31,NORMA-20278,489
31,NORMA-5745,490
31,NORMA-1113,491
31,NORMA-13831,492
31,NORMA-18684,493
31,NORMA-12236,494
31,NORMA-209,495
31,NORMA-10878,496
31,NORMA-6203,497
31,NORMA-21527,498
31,NORMA-1694,499
31,NORMA-20780,500
31,NORMA-19191,501
31,NORMA-19655,502
31,NORMA-143,503
31,NORMA-18891,504
31,NORMA-1671,505
31,NORMA-20716,506
31,NORMA-18773,507
31,NORMA-12015,508
31,NORMA-11467,509
31,NORMA-18537,510
31,NORMA-11735,511
31,NORMA-4603,512
31,NORMA-20551,513
31,NORMA-20631,514
31,NORMA-21153,515
31,NORMA-27101,516
31,NORMA-20447,517
31,NORMA-20624,518
31,NORMA-21633,519
31,NORMA-4254,520
31,NORMA-3980,521
31,NORMA-21555,522
31,NORMA-7918,523
31,NORMA-1515,524
31,NORMA-18429,525
31,NORMA-558,526
31,NORMA-380,527
31,NORMA-18202,528
31,NORMA-27403,529
31,NORMA-21326,530
31,NORMA-18385,531
31,NORMA-18306,532
31,NORMA-12314,533
31,NORMA-23881,534
31,NORMA-21755,535
31,NORMA-4297,536
31,NORMA-2447,537
31,NORMA-19870,538
31,NORMA-10749,539
31,NORMA-4329,540
31,NORMA-18434,541
31,NORMA-10039,542
31,NORMA-18952,543
31,NORMA-27746,544
31,NORMA-11790,545
31,NORMA-2,546
31,NORMA-19701,547
31,NORMA-2104,548
31,NORMA-21286,549
31,NORMA-12345,550
31,NORMA-18411,551
31,NORMA-8871,552
31,NORMA-20366,553
31,NORMA-20701,554
31,NORMA-1098,555
31,NORMA-1512,556
31,NORMA-34,557
31,NORMA-5415,558
31,NORMA-3565,559
31,NORMA-29764,560
31,NORMA-21650,561
31,NORMA-20072,562
31,NORMA-3851,563
31,NORMA-6183,564
31,NORMA-2143,565
31,NORMA-4277,566
31,NORMA-8091,567
31,NORMA-7156,568
31,NORMA-18475,569
31,NORMA-18477,570
31,NORMA-18412,571
31,NORMA-6383,572
31,NORMA-11518,573
31,NORMA-631,574
31,NORMA-1295,575
31,NORMA-18219,576
31,NORMA-21131,577
31,NORMA-18911,578
31,NORMA-21070,579
31,NORMA-20948,580
31,NORMA-6633,581
31,NORMA-11798,582
31,NORMA-9358,583
31,NORMA-18217,584
31,NORMA-6878,585
31,NORMA-20194,586
31,NORMA-14990,587
31,NORMA-19635,588
31,NORMA-3621,589
31,NORMA-19486,590
31,NORMA-21208,591
31,NORMA-1144,592
31,NORMA-6256,593
31,NORMA-18669,594
31,NORMA-6781,595
31,NORMA-19962,596
31,NORMA-19809,597
31,NORMA-21081,598
31,NORMA-9837,599
31,NORMA-24904,600
31,NORMA-6486,601
31,NORMA-21657,602
31,NORMA-11814,603
31,NORMA-11757,604
31,NORMA-20851,605
31,NORMA-2022,606
31,NORMA-18838,607
31,NORMA-20999,608
31,NORMA-20349,609
31,NORMA-19145,610
31,NORMA-15134,611
31,NORMA-12060,612
31,NORMA-18828,613
31,NORMA-20205,614
31,NORMA-11614,615
31,NORMA-13995,616
31,NORMA-20065,617
31,NORMA-21321,618
31,NORMA-2034,619
31,NORMA-913,620
31,NORMA-19351,621
31,NORMA-4433,622
31,NORMA-11719,623
31,NORMA-11723,624
31,NORMA-20525,625
31,NORMA-19568,626
31,NORMA-3484,627
31,NORMA-261,628
31,NORMA-20291,629
31,NORMA-18444,630
31,NORMA-5066,631
31,NORMA-21544,632
31,NORMA-27550,633
31,NORMA-19571,634
31,NORMA-19228,635
31,NORMA-16382,636
31,NORMA-13848,637
31,NORMA-1406,638
31,NORMA-18500,639
31,NORMA-8206,640
31,NORMA-217,641
31,NORMA-220,642
31,NORMA-20452,643
31,NORMA-11558,644
31,NORMA-18286,645
31,NORMA-5626,646
31,NORMA-7110,647
31,NORMA-1137,648
31,NORMA-1370,649
31,NORMA-18248,650
31,NORMA-21314,651
31,NORMA-11684,652
31,NORMA-18802,653
31,NORMA-19916,654
31,NORMA-3925,655
31,NORMA-4746,656
31,NORMA-19056,657
31,NORMA-20958,658
31,NORMA-21518,659
31,NORMA-4909,660
31,NORMA-10309,661
31,NORMA-232,662
31,NORMA-2016,663
31,NORMA-20753,664
31,NORMA-18526,665
31,NORMA-20854,666
31,NORMA-20425,667
31,NORMA-20578,668
31,NORMA-21099,669
31,NORMA-1006,670
31,NORMA-12169,671
31,NORMA-19894,672
31,NORMA-6635,673
31,NORMA-29181,674
31,NORMA-2395,675
31,NORMA-6630,676
31,NORMA-684,677
31,NORMA-11185,678
31,NORMA-20254,679
31,NORMA-21158,680
31,NORMA-21111,681
31,NORMA-18805,682
31,NORMA-6177,683
31,NORMA-21414,684
31,NORMA-309,685
31,NORMA-4588,686
31,NORMA-870,687
31,NORMA-21289,688
31,NORMA-6048,689
31,NORMA-19797,690
31,NORMA-772,691
31,NORMA-21290,692
31,NORMA-332,693
31,NORMA-3824,694
31,NORMA-20428,695
31,NORMA-6813,696
31,NORMA-11804,697
31,NORMA-1407,698
31,NORMA-3479,699
31,NORMA-9869,700
31,NORMA-24,701
31,NORMA-18350,702
31,NORMA-18733,703
31,NORMA-18517,704
31,NORMA-222,705
31,NORMA-20708,706
31,NORMA-18208,707
31,NORMA-11920,708
31,NORMA-634,709
31,NORMA-20149,710
31,NORMA-18237,711
31,NORMA-18799,712
31,NORMA-20191,713
31,NORMA-21046,714
31,NORMA-8198,715
31,NORMA-13519,716
31,NORMA-19932,717
31,NORMA-25964,718
31,NORMA-21531,719
31,NORMA-5337,720
31,NORMA-19061,721
31,NORMA-6396,722
31,NORMA-28802,723
31,NORMA-3942,724
31,NORMA-19033,725
31,NORMA-20838,726
31,NORMA-8092,727
31,NORMA-20526,728
31,NORMA-20760,729
31,NORMA-19128,730
31,NORMA-19164,731
31,NORMA-18764,732
31,NORMA-13011,733
31,NORMA-19399,734
31,NORMA-20884,735
31,NORMA-20137,736
31,NORMA-781,737
31,NORMA-8774,738
31,NORMA-6181,739
31,NORMA-6559,740
31,NORMA-21305,741
31,NORMA-10247,742
31,NORMA-20672,743
31,NORMA-7026,744
31,NORMA-11687,745
31,NORMA-6075,746
31,NORMA-20748,747
31,NORMA-11653,748
31,NORMA-20036,749
31,NORMA-20869,750
31,NORMA-18239,751
31,NORMA-3910,752
31,NORMA-20260,753
31,NORMA-3662,754
31,NORMA-9572,755
31,NORMA-19649,756
31,NORMA-15427,757
31,NORMA-11186,758
31,NORMA-10692,759
31,NORMA-20183,760
31,NORMA-2199,761
31,NORMA-727,762
31,NORMA-19603,763
31,NORMA-361,764
31,NORMA-2118,765
31,NORMA-19694,766
31,NORMA-15465,767
31,NORMA-18356,768
31,NORMA-13802,769
31,NORMA-1415,770
31,NORMA-18842,771
31,NORMA-20778,772
31,NORMA-18798,773
31,NORMA-20505,774
31,NORMA-20192,775
31,NORMA-705,776
31,NORMA-3748,777
31,NORMA-18678,778
31,NORMA-11565,779
31,NORMA-21388,780
31,NORMA-11041,781
31,NORMA-2536,782
31,NORMA-20028,783
31,NORMA-416,784
31,NORMA-20086,785
31,NORMA-18451,786
31,NORMA-20490,787
31,NORMA-20873,788
31,NORMA-20340,789
31,NORMA-5834,790
31,NORMA-19948,791
31,NORMA-4984,792
31,NORMA-969,793
31,NORMA-18552,794
31,NORMA-18439,795
31,NORMA-5586,796
31,NORMA-19072,797
31,NORMA-6967,798
31,NORMA-19520,799
31,NORMA-20904,800
31,NORMA-18377,801
31,NORMA-27942,802
31,NORMA-20287,803
31,NORMA-5842,804
31,NORMA-18541,805
31,NORMA-20063,806
31,NORMA-20292,807
31,NORMA-18240,808
31,NORMA-3661,809
31,NORMA-21159,810
31,NORMA-20381,811
31,NORMA-10821,812
31,NORMA-12715,813
31,NORMA-4421,814
31,NORMA-20190,815
31,NORMA-20460,816
31,NORMA-20237,817
31,NORMA-18414,818
31,NORMA-14587,819
31,NORMA-18865,820
31,NORMA-4294,821
31,NORMA-19980,822
31,NORMA-26861,823
31,NORMA-20438,824
31,NORMA-1388,825
31,NORMA-8501,826
31,NORMA-837,827
31,NORMA-21071,828
31,NORMA-4424,829
31,NORMA-19953,830
31,NORMA-6776,831
31,NORMA-27564,832
31,NORMA-28821,833
31,NORMA-4620,834
31,NORMA-21090,835
31,NORMA-3778,836
31,NORMA-5888,837
31,NORMA-1198,838
31,NORMA-20321,839
31,NORMA-11718,840
31,NORMA-21725,841
31,NORMA-6034,842
31,NORMA-20743,843
31,NORMA-13638,844
31,NORMA-11560,845
31,NORMA-8121,846
31,NORMA-20319,847
31,NORMA-20766,848
31,NORMA-3826,849
31,NORMA-5185,850
31,NORMA-20599,851
31,NORMA-26981,852
31,NORMA-20756,853
31,NORMA-29147,854
31,NORMA-18345,855
31,NORMA-20787,856
31,NORMA-18406,857
31,NORMA-15027,858
31,NORMA-13883,859
31,NORMA-14429,860
31,NORMA-19755,861
31,NORMA-662,862
31,NORMA-20061,863
31,NORMA-4377,864
31,NORMA-11613,865
31,NORMA-5464,866
31,NORMA-20134,867
31,NORMA-8212,868
31,NORMA-20476,869
31,NORMA-20442,870
31,NORMA-21023,871
31,NORMA-20211,872
31,NORMA-1283,873
31,NORMA-13999,874
31,NORMA-7583,875
31,NORMA-20809,876
31,NORMA-20621,877
31,NORMA-21058,878
31,NORMA-19536,879
31,NORMA-14676,880
31,NORMA-6877,881
31,NORMA-1398,882
31,NORMA-11818,883
31,NORMA-6316,884
31,NORMA-12437,885
31,NORMA-6982,886
31,NORMA-6631,887
31,NORMA-20241,888
31,NORMA-18685,889
31,NORMA-6343,890
31,NORMA-27361,891
31,NORMA-20432,892
31,NORMA-19345,893
31,NORMA-23027,894
31,NORMA-3820,895
31,NORMA-18740,896
31,NORMA-20700,897
31,NORMA-21705,898
31,NORMA-5751,899
31,NORMA-14390,900
31,NORMA-1648,901
31,NORMA-3943,902
31,NORMA-5357,903
31,NORMA-5001,904
31,NORMA-10529,905
31,NORMA-19965,906
31,NORMA-7027,907
31,NORMA-21113,908
31,NORMA-10865,909
31,NORMA-20186,910
31,NORMA-6599,911
31,NORMA-11664,912
31,NORMA-4442,913
31,NORMA-3779,914
31,NORMA-6056,915
31,NORMA-28762,916
31,NORMA-18367,917
31,NORMA-18205,918
31,NORMA-20286,919
31,NORMA-18376,920
31,NORMA-18230,921
31,NORMA-10342,922
31,NORMA-19103,923
31,NORMA-27181,924
31,NORMA-6814,925
31,NORMA-27981,926
31,NORMA-21013,927
31,NORMA-20653,928
31,NORMA-21000,929
31,NORMA-18359,930
31,NORMA-12965,931
31,NORMA-21339,932
31,NORMA-24102,933
31,NORMA-8939,934
31,NORMA-4618,935
31,NORMA-21020,936
31,NORMA-20823,937
31,NORMA-19558,938
31,NORMA-18835,939
31,NORMA-6508,940
31,NORMA-7942,941
31,NORMA-11779,942
31,NORMA-21306,943
31,NORMA-19221,944
31,NORMA-18854,945
31,NORMA-11401,946
31,NORMA-13029,947
31,NORMA-20717,948
31,NORMA-6186,949
31,NORMA-19703,950
31,NORMA-10044,951
31,NORMA-28822,952
31,NORMA-7518,953
31,NORMA-20488,954
31,NORMA-19816,955
31,NORMA-17281,956
31,NORMA-19623,957
31,NORMA-19357,958
31,NORMA-7326,959
31,NORMA-25903,960
31,NORMA-18683,961
31,NORMA-20238,962
31,NORMA-1991,963
31,NORMA-14208,964
31,NORMA-20167,965
31,NORMA-18546,966
31,NORMA-11736,967
31,NORMA-19230,968
31,NORMA-18424,969
31,NORMA-20185,970
31,NORMA-1535,971
31,NORMA-4204,972
31,NORMA-2425,973
31,NORMA-18605,974
31,NORMA-5864,975
31,NORMA-18539,976
31,NORMA-5500,977
31,NORMA-2508,978
31,NORMA-20841,979
31,NORMA-4075,980
31,NORMA-19608,981
31,NORMA-2057,982
31,NORMA-21005,983
31,NORMA-20595,984
31,NORMA-19200,985
31,NORMA-4701,986
31,NORMA-23441,987
31,NORMA-210,988
31,NORMA-8281,989
31,NORMA-21232,990
31,NORMA-20757,991
31,NORMA-22001,992
31,NORMA-9482,993
31,NORMA-18206,994
31,NORMA-20468,995
31,NORMA-18815,996
31,NORMA-5077,997
31,NORMA-21221,998
31,NORMA-19904,999
31,NORMA-5349,1000
32,NORMA-10422,1
32,NORMA-18815,2
32,NORMA-20941,3
32,NORMA-385,4
32,NORMA-20934,5
32,NORMA-12029,6
32,NORMA-21026,7
32,NORMA-18248,8
32,NORMA-18270,9
32,NORMA-10878,10
32,NORMA-10821,11
32,NORMA-6316,12
32,NORMA-21069,13
32,NORMA-10309,14
32,NORMA-1674,15
32,NORMA-18434,16
32,NORMA-6181,17
32,NORMA-6630,18
32,NORMA-9888,19
32,NORMA-20917,20
32,NORMA-6967,21
32,NORMA-18747,22
32,NORMA-2432,23
32,NORMA-20865,24
32,NORMA-18697,25
32,NORMA-11814,26
32,NORMA-12038,27
32,NORMA-22561,28
32,NORMA-11605,29
32,NORMA-11882,30
32,NORMA-265,31
32,NORMA-2519,32
32,NORMA-18418,33
32,NORMA-21276,34
32,NORMA-18903,35
32,NORMA-21431,36
32,NORMA-9785,37
32,NORMA-19275,38
32,NORMA-4830,39
32,NORMA-9595,40
32,NORMA-20691,41
32,NORMA-21147,42
32,NORMA-18859,43
32,NORMA-18527,44
32,NORMA-19362,45
32,NORMA-19916,46
32,NORMA-19260,47
32,NORMA-18435,48
32,NORMA-11607,49
32,NORMA-21135,50
32,NORMA-15239,51
32,NORMA-578,52
32,NORMA-1175,53
32,NORMA-11736,54
32,NORMA-28221,55
32,NORMA-317,56
32,NORMA-20785,57
32,NORMA-20778,58
32,NORMA-10375,59
32,NORMA-21308,60
32,NORMA-21519,61
32,NORMA-18325,62
32,NORMA-21631,63
32,NORMA-1171,64
32,NORMA-20812,65
32,NORMA-20086,66
32,NORMA-13802,67
32,NORMA-7015,68
32,NORMA-2020,69
32,NORMA-19524,70
32,NORMA-11731,71
32,NORMA-11687,72
32,NORMA-7384,73
32,NORMA-5586,74
32,NORMA-18446,75
32,NORMA-15068,76
32,NORMA-11632,77
32,NORMA-14858,78
32,NORMA-4848,79
32,NORMA-20137,80
32,NORMA-18537,81
32,NORMA-10326,82
32,NORMA-18890,83
32,NORMA-13555,84
32,NORMA-21248,85
32,NORMA-20220,86
32,NORMA-22721,87
32,NORMA-20786,88
32,NORMA-21382,89
32,NORMA-12060,90
32,NORMA-7381,91
32,NORMA-11316,92
32,NORMA-20646,93
32,NORMA-1207,94
32,NORMA-4885,95
32,NORMA-10044,96
32,NORMA-4909,97
32,NORMA-19390,98
32,NORMA-5626,99
32,NORMA-616,100
32,NORMA-18218,101
32,NORMA-18432,102
32,NORMA-19274,103
32,NORMA-18796,104
32,NORMA-19734,105
32,NORMA-21267,106
32,NORMA-11868,107
32,NORMA-18622,108
32,NORMA-21776,109
32,NORMA-20402,110
32,NORMA-19566,111
32,NORMA-21230,112
32,NORMA-11742,113
32,NORMA-20755,114
32,NORMA-21189,115
32,NORMA-20852,116
32,NORMA-18681,117
32,NORMA-20853,118
32,NORMA-1183,119
32,NORMA-18838,120
32,NORMA-19376,121
32,NORMA-20358,122
32,NORMA-893,123
32,NORMA-21159,124
32,NORMA-21131,125
32,NORMA-18233,126
32,NORMA-1252,127
32,NORMA-1352,128
32,NORMA-21541,129
32,NORMA-13174,130
32,NORMA-3642,131
32,NORMA-19249,132
32,NORMA-21113,133
32,NORMA-20888,134
32,NORMA-20240,135
32,NORMA-19398,136
32,NORMA-18918,137
32,NORMA-18764,138
32,NORMA-18510,139
32,NORMA-21402,140
32,NORMA-11715,141
32,NORMA-19107,142
32,NORMA-2536,143
32,NORMA-5170,144
32,NORMA-1129,145
32,NORMA-19330,146
32,NORMA-18735,147
32,NORMA-1996,148
32,NORMA-18898,149
32,NORMA-19665,150
32,NORMA-1547,151
32,NORMA-12165,152
32,NORMA-24961,153
32,NORMA-21305,154
32,NORMA-4275,155
32,NORMA-4423,156
32,NORMA-18691,157
32,NORMA-18976,158
32,NORMA-18534,159
32,NORMA-8027,160
32,NORMA-4425,161
32,NORMA-19745,162
32,NORMA-20774,163
32,NORMA-8931,164
32,NORMA-12030,165
32,NORMA-6636,166
32,NORMA-5417,167
32,NORMA-5853,168
32,NORMA-19896,169
32,NORMA-1026,170
32,NORMA-3979,171
32,NORMA-19932,172
32,NORMA-6256,173
32,NORMA-33288,174
32,NORMA-11454,175
32,NORMA-10119,176
32,NORMA-20897,177
32,NORMA-12039,178
32,NORMA-18694,179
32,NORMA-18525,180
32,NORMA-8384,181
32,NORMA-19739,182
32,NORMA-20476,183
32,NORMA-18444,184
32,NORMA-21638,185
32,NORMA-18958,186
32,NORMA-6623,187
32,NORMA-4818,188
32,NORMA-20864,189
32,NORMA-7651,190
32,NORMA-19092,191
32,NORMA-21000,192
32,NORMA-19647,193
32,NORMA-11864,194
32,NORMA-21262,195
32,NORMA-16403,196
32,NORMA-20237,197
32,NORMA-4091,198
32,NORMA-20754,199
32,NORMA-8814,200
32,NORMA-19220,201
32,NORMA-10267,202
32,NORMA-18753,203
32,NORMA-12014,204
32,NORMA-19176,205
32,NORMA-6199,206
32,NORMA-20444,207
32,NORMA-835,208
32,NORMA-12234,209
32,NORMA-7466,210
32,NORMA-280,211
32,NORMA-9740,212
32,NORMA-20807,213
32,NORMA-18556,214
32,NORMA-19959,215
32,NORMA-12006,216
32,NORMA-18981,217
32,NORMA-6677,218
32,NORMA-21132,219
32,NORMA-18298,220
32,NORMA-7012,221
32,NORMA-21071,222
32,NORMA-9893,223
32,NORMA-5536,224
32,NORMA-4746,225
32,NORMA-19520,226
32,NORMA-21063,227
32,NORMA-18844,228
32,NORMA-19386,229
32,NORMA-19736,230
32,NORMA-18669,231
32,NORMA-20316,232
32,NORMA-21386,233
32,NORMA-20291,234
32,NORMA-20304,235
32,NORMA-21739,236
32,NORMA-4926,237
32,NORMA-18984,238
32,NORMA-19808,239
32,NORMA-1976,240
32,NORMA-10865,241
32,NORMA-21150,242
32,NORMA-4075,243
32,NORMA-4710,244
32,NORMA-21299,245
32,NORMA-7390,246
32,NORMA-16481,247
32,NORMA-21081,248
32,NORMA-4424,249
32,NORMA-19292,250
32,NORMA-6268,251
32,NORMA-18724,252
32,NORMA-21592,253
32,NORMA-9819,254
32,NORMA-1442,255
32,NORMA-7923,256
32,NORMA-6698,257
32,NORMA-6318,258
32,NORMA-20928,259
32,NORMA-20945,260
32,NORMA-6257,261
32,NORMA-18239,262
32,NORMA-33308,263
32,NORMA-10797,264
32,NORMA-18430,265
32,NORMA-20584,266
32,NORMA-20474,267
32,NORMA-21468,268
32,NORMA-21165,269
32,NORMA-19028,270
32,NORMA-20224,271
32,NORMA-18479,272
32,NORMA-21227,273
32,NORMA-7241,274
32,NORMA-20494,275
32,NORMA-19383,276
32,NORMA-12066,277
32,NORMA-18722,278
32,NORMA-9805,279
32,NORMA-9358,280
32,NORMA-9457,281
32,NORMA-6758,282
32,NORMA-1147,283
32,NORMA-12232,284
32,NORMA-10029,285
32,NORMA-29005,286
32,NORMA-23881,287
32,NORMA-18942,288
32,NORMA-314,289
32,NORMA-4711,290
32,NORMA-18863,291
32,NORMA-20891,292
32,NORMA-18377,293
32,NORMA-358,294
32,NORMA-9823,295
32,NORMA-6488,296
32,NORMA-15208,297
32,NORMA-21383,298
32,NORMA-12408,299
32,NORMA-18411,300
32,NORMA-27221,301
32,NORMA-21084,302
32,NORMA-20973,303
32,NORMA-19056,304
32,NORMA-15802,305
32,NORMA-8938,306
32,NORMA-9110,307
32,NORMA-13094,308
32,NORMA-21579,309
32,NORMA-20908,310
32,NORMA-18264,311
32,NORMA-20989,312
32,NORMA-19649,313
32,NORMA-18318,314
32,NORMA-18940,315
32,NORMA-15902,316
32,NORMA-18654,317
32,NORMA-20602,318
32,NORMA-19758,319
32,NORMA-13545,320
32,NORMA-21644,321
32,NORMA-13671,322
32,NORMA-9670,323
32,NORMA-19051,324
32,NORMA-13990,325
32,NORMA-5252,326
32,NORMA-18842,327
32,NORMA-19582,328
32,NORMA-18819,329
32,NORMA-19456,330
32,NORMA-478,331
32,NORMA-1365,332
32,NORMA-18353,333
32,NORMA-18887,334
32,NORMA-14661,335
32,NORMA-21058,336
32,NORMA-1361,337
32,NORMA-18843,338
32,NORMA-20271,339
32,NORMA-18378,340
32,NORMA-11999,341
32,NORMA-18910,342
32,NORMA-20690,343
32,NORMA-12002,344
32,NORMA-18340,345
32,NORMA-11780,346
32,NORMA-23441,347
32,NORMA-19771,348
32,NORMA-18217,349
32,NORMA-12048,350
32,NORMA-20557,351
32,NORMA-28203,352
32,NORMA-12858,353
32,NORMA-18360,354
32,NORMA-11734,355
32,NORMA-19343,356
32,NORMA-6509,357
32,NORMA-727,358
32,NORMA-4297,359
32,NORMA-20397,360
32,NORMA-807,361
32,NORMA-20059,362
32,NORMA-26102,363
32,NORMA-1090,364
32,NORMA-54,365
32,NORMA-18380,366
32,NORMA-10123,367
32,NORMA-7149,368
32,NORMA-18822,369
32,NORMA-20970,370
32,NORMA-27550,371
32,NORMA-19384,372
32,NORMA-20241,373
32,NORMA-7942,374
32,NORMA-18403,375
32,NORMA-9853,376
32,NORMA-16202,377
32,NORMA-20766,378
32,NORMA-9871,379
32,NORMA-18806,380
32,NORMA-19485,381
32,NORMA-21269,382
32,NORMA-2413,383
32,NORMA-18292,384
32,NORMA-15045,385
32,NORMA-1656,386
32,NORMA-21524,387
32,NORMA-21723,388
32,NORMA-14113,389
32,NORMA-10454,390
32,NORMA-21775,391
32,NORMA-18286,392
32,NORMA-20263,393
32,NORMA-19724,394
32,NORMA-20233,395
32,NORMA-6676,396
32,NORMA-11613,397
32,NORMA-21046,398
32,NORMA-12049,399
32,NORMA-23682,400
32,NORMA-995,401
32,NORMA-7027,402
32,NORMA-21344,403
32,NORMA-6410,404
32,NORMA-21765,405
32,NORMA-5537,406
32,NORMA-6203,407
32,NORMA-1515,408
32,NORMA-18232,409
32,NORMA-18379,410
32,NORMA-18236,411
32,NORMA-11598,412
32,NORMA-6627,413
32,NORMA-21608,414
32,NORMA-4500,415
32,NORMA-14542,416
32,NORMA-21752,417
32,NORMA-18376,418
32,NORMA-6344,419
32,NORMA-20243,420
32,NORMA-20232,421
32,NORMA-28961,422
32,NORMA-1485,423
32,NORMA-18549,424
32,NORMA-570,425
32,NORMA-188,426
32,NORMA-20087,427
32,NORMA-14099,428
32,NORMA-20728,429
32,NORMA-12107,430
32,NORMA-18545,431
32,NORMA-21526,432
32,NORMA-19131,433
32,NORMA-13229,434
32,NORMA-14155,435
32,NORMA-18591,436
32,NORMA-18429,437
32,NORMA-4898,438
32,NORMA-19729,439
32,NORMA-19650,440
32,NORMA-22001,441
32,NORMA-20886,442
32,NORMA-19542,443
32,NORMA-21012,444
32,NORMA-4792,445
32,NORMA-20284,446
32,NORMA-6521,447
32,NORMA-5008,448
32,NORMA-19103,449
32,NORMA-6970,450
32,NORMA-13265,451
32,NORMA-20998,452
32,NORMA-12900,453
32,NORMA-12901,454
32,NORMA-2184,455
32,NORMA-1516,456
32,NORMA-13158,457
32,NORMA-6955,458
32,NORMA-6320,459
32,NORMA-10629,460
32,NORMA-6075,461
32,NORMA-20566,462
32,NORMA-19295,463
32,NORMA-10347,464
32,NORMA-7110,465
32,NORMA-18683,466
32,NORMA-19529,467
32,NORMA-6082,468
32,NORMA-21606,469
32,NORMA-21157,470
32,NORMA-658,471
32,NORMA-6958,472
32,NORMA-18478,473
32,NORMA-18862,474
32,NORMA-21554,475
32,NORMA-21070,476
32,NORMA-631,477
32,NORMA-20905,478
32,NORMA-15581,479
32,NORMA-21286,480
32,NORMA-6092,481
32,NORMA-21020,482
32,NORMA-13932,483
32,NORMA-6851,484
32,NORMA-602,485
32,NORMA-18493,486
32,NORMA-19637,487
32,NORMA-19184,488
32,NORMA-25964,489
32,NORMA-27022,490
32,NORMA-18798,491
32,NORMA-6669,492
32,NORMA-2395,493
32,NORMA-21663,494
32,NORMA-53,495
32,NORMA-18342,496
32,NORMA-2484,497
32,NORMA-12055,498
32,NORMA-778,499
32,NORMA-5431,500
32,NORMA-11698,501
32,NORMA-705,502
32,NORMA-27608,503
32,NORMA-10534,504
32,NORMA-24102,505
32,NORMA-11714,506
32,NORMA-20858,507
32,NORMA-21291,508
32,NORMA-20953,509
32,NORMA-20425,510
32,NORMA-464,511
32,NORMA-9741,512
32,NORMA-8522,513
32,NORMA-21125,514
32,NORMA-4412,515
32,NORMA-6291,516
32,NORMA-14967,517
32,NORMA-11417,518
32,NORMA-20914,519
32,NORMA-9806,520
32,NORMA-14463,521
32,NORMA-20850,522
32,NORMA-9455,523
32,NORMA-9855,524
32,NORMA-5226,525
32,NORMA-19515,526
32,NORMA-122,527
32,NORMA-20720,528
32,NORMA-21326,529
32,NORMA-6645,530
32,NORMA-581,531
32,NORMA-10017,532
32,NORMA-10610,533
32,NORMA-9681,534
32,NORMA-1567,535
32,NORMA-21661,536
32,NORMA-11855,537
32,NORMA-21690,538
32,NORMA-9067,539
32,NORMA-19173,540
32,NORMA-9783,541
32,NORMA-20922,542
32,NORMA-4820,543
32,NORMA-20356,544
32,NORMA-12630,545
32,NORMA-16421,546
32,NORMA-13514,547
32,NORMA-20163,548
32,NORMA-19005,549
32,NORMA-20057,550
32,NORMA-19230,551
32,NORMA-9862,552
32,NORMA-3662,553
32,NORMA-6819,554
32,NORMA-6621,555
32,NORMA-10708,556
32,NORMA-18502,557
32,NORMA-2057,558
32,NORMA-9375,559
32,NORMA-21043,560
32,NORMA-18927,561
32,NORMA-18837,562
32,NORMA-15237,563
32,NORMA-13323,564
32,NORMA-6957,565
32,NORMA-21756,566
32,NORMA-19633,567
32,NORMA-19444,568
32,NORMA-1555,569
32,NORMA-9834,570
32,NORMA-21122,571
32,NORMA-18476,572
32,NORMA-21077,573
32,NORMA-20980,574
32,NORMA-20477,575
32,NORMA-9446,576
32,NORMA-21710,577
32,NORMA-14498,578
32,NORMA-576,579
32,NORMA-13294,580
32,NORMA-19813,581
32,NORMA-1718,582
32,NORMA-14111,583
32,NORMA-10590,584
32,NORMA-19655,585
32,NORMA-1419,586
32,NORMA-15427,587
32,NORMA-534,588
32,NORMA-8575,589
32,NORMA-18453,590
32,NORMA-20196,591
32,NORMA-27609,592
32,NORMA-21036,593
32,NORMA-21115,594
32,NORMA-21509,595
32,NORMA-20843,596
32,NORMA-2546,597
32,NORMA-18494,598
32,NORMA-18445,599
32,NORMA-3181,600
32,NORMA-6505,601
32,NORMA-18222,602
32,NORMA-1315,603
32,NORMA-23027,604
32,NORMA-19412,605
32,NORMA-218,606
32,NORMA-20903,607
32,NORMA-11631,608
32,NORMA-13903,609
32,NORMA-18412,610
32,NORMA-20561,611
32,NORMA-5421,612
32,NORMA-21002,613
32,NORMA-20611,614
32,NORMA-20581,615
32,NORMA-19546,616
32,NORMA-7525,617
32,NORMA-10745,618
32,NORMA-15465,619
32,NORMA-20294,620
32,NORMA-20994,621
32,NORMA-4631,622
32,NORMA-21609,623
32,NORMA-6994,624
32,NORMA-18234,625
32,NORMA-18407,626
32,NORMA-15134,627
32,NORMA-6820,628
32,NORMA-20188,629
32,NORMA-1366,630
32,NORMA-11758,631
32,NORMA-6954,632
32,NORMA-21264,633
32,NORMA-20460,634
32,NORMA-27610,635
32,NORMA-19170,636
32,NORMA-20918,637
32,NORMA-18605,638
32,NORMA-923,639
32,NORMA-11615,640
32,NORMA-18414,641
32,NORMA-19818,642
32,NORMA-834,643
32,NORMA-10219,644
32,NORMA-27061,645
32,NORMA-1222,646
32,NORMA-461,647
32,NORMA-18273,648
32,NORMA-18354,649
32,NORMA-143,650
32,NORMA-11876,651
32,NORMA-19497,652
32,NORMA-20803,653
32,NORMA-20521,654
32,NORMA-6321,655
32,NORMA-9892,656
32,NORMA-21419,657
32,NORMA-21475,658
32,NORMA-25201,659
32,NORMA-20164,660
32,NORMA-10613,661
32,NORMA-479,662
32,NORMA-9637,663
32,NORMA-20075,664
32,NORMA-18811,665
32,NORMA-19011,666
32,NORMA-20647,667
32,NORMA-12307,668
32,NORMA-19110,669
32,NORMA-19499,670
32,NORMA-2162,671
32,NORMA-675,672
32,NORMA-6084,673
32,NORMA-11455,674
32,NORMA-7818,675
32,NORMA-18223,676
32,NORMA-19200,677
32,NORMA-75,678
32,NORMA-9330,679
32,NORMA-2563,680
32,NORMA-14974,681
32,NORMA-18345,682
32,NORMA-21651,683
32,NORMA-567,684
32,NORMA-20283,685
32,NORMA-18709,686
32,NORMA-13469,687
32,NORMA-18293,688
32,NORMA-20946,689
32,NORMA-14587,690
32,NORMA-18741,691
32,NORMA-24,692
32,NORMA-6389,693
32,NORMA-20968,694
32,NORMA-2424,695
32,NORMA-19373,696
32,NORMA-15146,697
32,NORMA-11646,698
32,NORMA-20615,699
32,NORMA-14517,700
32,NORMA-11665,701
32,NORMA-18755,702
32,NORMA-6343,703
32,NORMA-26163,704
32,NORMA-2158,705
32,NORMA-7011,706
32,NORMA-23222,707
32,NORMA-21324,708
32,NORMA-20873,709
32,NORMA-6247,710
32,NORMA-18428,711
32,NORMA-18301,712
32,NORMA-6644,713
32,NORMA-18750,714
32,NORMA-20904,715
32,NORMA-19833,716
32,NORMA-4634,717
32,NORMA-27761,718
32,NORMA-12916,719
32,NORMA-12657,720
32,NORMA-14028,721
32,NORMA-2517,722
32,NORMA-18781,723
32,NORMA-6595,724
32,NORMA-12228,725
32,NORMA-17201,726
32,NORMA-14581,727
32,NORMA-6702,728
32,NORMA-18518,729
32,NORMA-20278,730
32,NORMA-19351,731
32,NORMA-913,732
32,NORMA-21015,733
32,NORMA-12390,734
32,NORMA-14826,735
32,NORMA-12131,736
32,NORMA-1151,737
32,NORMA-5381,738
32,NORMA-18364,739
32,NORMA-21695,740
32,NORMA-1274,741
32,NORMA-11505,742
32,NORMA-25143,743
32,NORMA-11448,744
32,NORMA-18323,745
32,NORMA-19798,746
32,NORMA-21030,747
32,NORMA-19553,748
32,NORMA-18274,749
32,NORMA-1154,750
32,NORMA-2,751
32,NORMA-10669,752
32,NORMA-332,753
32,NORMA-10018,754
32,NORMA-8780,755
32,NORMA-15701,756
32,NORMA-11467,757
32,NORMA-21537,758
32,NORMA-10931,759
32,NORMA-219,760
32,NORMA-12578,761
32,NORMA-9208,762
32,NORMA-13995,763
32,NORMA-18384,764
32,NORMA-7038,765
32,NORMA-19722,766
32,NORMA-19731,767
32,NORMA-28802,768
32,NORMA-20503,769
32,NORMA-21755,770
32,NORMA-21126,771
32,NORMA-18630,772
32,NORMA-20705,773
32,NORMA-2140,774
32,NORMA-19503,775
32,NORMA-4277,776
32,NORMA-21072,777
32,NORMA-1983,778
32,NORMA-21136,779
32,NORMA-4219,780
32,NORMA-20443,781
32,NORMA-18529,782
32,NORMA-18979,783
32,NORMA-20067,784
32,NORMA-20286,785
32,NORMA-10868,786
32,NORMA-19809,787
32,NORMA-18383,788
32,NORMA-19832,789
32,NORMA-19507,790
32,NORMA-11757,791
32,NORMA-222,792
32,NORMA-20616,793
32,NORMA-8206,794
32,NORMA-21725,795
32,NORMA-18700,796
32,NORMA-21630,797
32,NORMA-1,798
32,NORMA-20371,799
32,NORMA-1421,800
32,NORMA-12005,801
32,NORMA-11829,802
32,NORMA-19337,803
32,NORMA-1313,804
32,NORMA-9903,805
32,NORMA-20851,806
32,NORMA-217,807
32,NORMA-1463,808
32,NORMA-2483,809
32,NORMA-18214,810
32,NORMA-20985,811
32,NORMA-8705,812
32,NORMA-19895,813
32,NORMA-18746,814
32,NORMA-12035,815
32,NORMA-14345,816
32,NORMA-19772,817
32,NORMA-13402,818
32,NORMA-18728,819
32,NORMA-21114,820
32,NORMA-34,821
32,NORMA-20892,822
32,NORMA-14613,823
32,NORMA-20879,824
32,NORMA-18588,825
32,NORMA-12965,826
32,NORMA-7428,827
32,NORMA-21205,828
32,NORMA-19172,829
32,NORMA-475,830
32,NORMA-20901,831
32,NORMA-18574,832
32,NORMA-3241,833
32,NORMA-11017,834
32,NORMA-19844,835
32,NORMA-1613,836
32,NORMA-3735,837
32,NORMA-21547,838
32,NORMA-14370,839
32,NORMA-10990,840
32,NORMA-18827,841
32,NORMA-10118,842
32,NORMA-11975,843
32,NORMA-27382,844
32,NORMA-19667,845
32,NORMA-19061,846
32,NORMA-4767,847
32,NORMA-18439,848
32,NORMA-6789,849
32,NORMA-18678,850
32,NORMA-19183,851
32,NORMA-21144,852
32,NORMA-5148,853
32,NORMA-3877,854
32,NORMA-838,855
32,NORMA-11572,856
32,NORMA-19081,857
32,NORMA-6766,858
32,NORMA-18227,859
32,NORMA-18826,860
32,NORMA-9248,861
32,NORMA-21028,862
32,NORMA-21434,863
32,NORMA-18417,864
32,NORMA-3342,865
32,NORMA-11827,866
32,NORMA-21235,867
32,NORMA-19535,868
32,NORMA-9861,869
32,NORMA-21163,870
32,NORMA-2269,871
32,NORMA-8884,872
32,NORMA-2083,873
32,NORMA-1098,874
32,NORMA-3801,875
32,NORMA-6251,876
32,NORMA-281,877
32,NORMA-18205,878
32,NORMA-18252,879
32,NORMA-21062,880
32,NORMA-21055,881
32,NORMA-12329,882
32,NORMA-19775,883
32,NORMA-19387,884
32,NORMA-20222,885
32,NORMA-14340,886
32,NORMA-15882,887
32,NORMA-20583,888
32,NORMA-1776,889
32,NORMA-20238,890
32,NORMA-18319,891
32,NORMA-19039,892
32,NORMA-9343,893
32,NORMA-11578,894
32,NORMA-20063,895
32,NORMA-6670,896
32,NORMA-5566,897
32,NORMA-7703,898
32,NORMA-20790,899
32,NORMA-10839,900
32,NORMA-18994,901
32,NORMA-27364,902
32,NORMA-20725,903
32,NORMA-20789,904
32,NORMA-11402,905
32,NORMA-19057,906
32,NORMA-6185,907
32,NORMA-20787,908
32,NORMA-19735,909
32,NORMA-18306,910
32,NORMA-2490,911
32,NORMA-8902,912
32,NORMA-205,913
32,NORMA-19181,914
32,NORMA-7436,915
32,NORMA-18825,916
32,NORMA-18734,917
32,NORMA-20971,918
32,NORMA-21104,919
32,NORMA-18869,920
32,NORMA-18400,921
32,NORMA-21103,922
32,NORMA-2176,923
32,NORMA-14279,924
32,NORMA-21384,925
32,NORMA-2475,926
32,NORMA-21085,927
32,NORMA-12437,928
32,NORMA-19232,929
32,NORMA-1416,930
32,NORMA-9481,931
32,NORMA-462,932
32,NORMA-10012,933
32,NORMA-4477,934
32,NORMA-20577,935
32,NORMA-20465,936
32,NORMA-18406,937
32,NORMA-18554,938
32,NORMA-799,939
32,NORMA-11292,940
32,NORMA-20687,941
32,NORMA-18555,942
32,NORMA-19021,943
32,NORMA-607,944
32,NORMA-11836,945
32,NORMA-10778,946
32,NORMA-18772,947
32,NORMA-2207,948
32,NORMA-14239,949
32,NORMA-9738,950
32,NORMA-17462,951
32,NORMA-20366,952
32,NORMA-18516,953
32,NORMA-6783,954
32,NORMA-14053,955
32,NORMA-9619,956
32,NORMA-8431,957
32,NORMA-2105,958
32,NORMA-19893,959
32,NORMA-20887,960
32,NORMA-7280,961
32,NORMA-18702,962
32,NORMA-380,963
32,NORMA-18685,964
32,NORMA-7488,965
32,NORMA-12947,966
32,NORMA-7401,967
32,NORMA-8162,968
32,NORMA-18603,969
32,NORMA-1217,970
32,NORMA-11577,971
32,NORMA-6562,972
32,NORMA-14459,973
32,NORMA-6753,974
32,NORMA-5925,975
32,NORMA-20590,976
32,NORMA-15168,977
32,NORMA-12631,978
32,NORMA-11723,979
32,NORMA-7308,980
32,NORMA-18237,981
32,NORMA-3381,982
32,NORMA-11874,983
32,NORMA-12157,984
32,NORMA-7862,985
32,NORMA-21787,986
32,NORMA-11946,987
32,NORMA-1994,988
32,NORMA-18350,989
32,NORMA-18539,990
32,NORMA-2183,991
32,NORMA-21023,992
32,NORMA-18361,993
32,NORMA-9737,994
32,NORMA-26,995
32,NORMA-21199,996
32,NORMA-13843,997
32,NORMA-23301,998
32,NORMA-18548,999
32,NORMA-9936,1000
33,NORMA-20569,1
33,NORMA-18952,2
33,NORMA-20934,3
33,NORMA-18908,4
33,NORMA-20971,5
33,NORMA-18891,6
33,NORMA-20970,7
33,NORMA-20616,8
33,NORMA-20581,9
33,NORMA-18429,10
33,NORMA-835,11
33,NORMA-5421,12
33,NORMA-20802,13
33,NORMA-20824,14
33,NORMA-21544,15
33,NORMA-20803,16
33,NORMA-20859,17
33,NORMA-19798,18
33,NORMA-217,19
33,NORMA-8931,20
33,NORMA-20149,21
33,NORMA-21012,22
33,NORMA-20512,23
33,NORMA-2517,24
33,NORMA-19571,25
33,NORMA-20767,26
33,NORMA-11454,27
33,NORMA-20238,28
33,NORMA-20841,29
33,NORMA-20558,30
33,NORMA-21650,31
33,NORMA-2158,32
33,NORMA-20605,33
33,NORMA-10267,34
33,NORMA-20110,35
33,NORMA-20065,36
33,NORMA-20768,37
33,NORMA-20786,38
33,NORMA-19962,39
33,NORMA-20944,40
33,NORMA-20028,41
33,NORMA-20764,42
33,NORMA-19933,43
33,NORMA-18911,44
33,NORMA-462,45
33,NORMA-20817,46
33,NORMA-20535,47
33,NORMA-20556,48
33,NORMA-2484,49
33,NORMA-20180,50
33,NORMA-20264,51
33,NORMA-18474,52
33,NORMA-19597,53
33,NORMA-20241,54
33,NORMA-18477,55
33,NORMA-20750,56
33,NORMA-20257,57
33,NORMA-19903,58
33,NORMA-20189,59
33,NORMA-20105,60
33,NORMA-20623,61
33,NORMA-19613,62
33,NORMA-20715,63
33,NORMA-21029,64
33,NORMA-20099,65
33,NORMA-19351,66
33,NORMA-20711,67
33,NORMA-19977,68
33,NORMA-19809,69
33,NORMA-3642,70
33,NORMA-20157,71
33,NORMA-19475,72
33,NORMA-18936,73
33,NORMA-18325,74
33,NORMA-18858,75
33,NORMA-19965,76
33,NORMA-20096,77
33,NORMA-1366,78
33,NORMA-18885,79
33,NORMA-20190,80
33,NORMA-20202,81
33,NORMA-20957,82
33,NORMA-18892,83
33,NORMA-21110,84
33,NORMA-20571,85
33,NORMA-5494,86
33,NORMA-3824,87
33,NORMA-19034,88
33,NORMA-18894,89
33,NORMA-20604,90
33,NORMA-2184,91
33,NORMA-6020,92
33,NORMA-19953,93
33,NORMA-13545,94
33,NORMA-18385,95
33,NORMA-21000,96
33,NORMA-18722,97
33,NORMA-15159,98
33,NORMA-20749,99
33,NORMA-21264,100
33,NORMA-7466,101
33,NORMA-21791,102
33,NORMA-21554,103
33,NORMA-20039,104
33,NORMA-20561,105
33,NORMA-20857,106
33,NORMA-21107,107
33,NORMA-7384,108
33,NORMA-20855,109
33,NORMA-20198,110
33,NORMA-20287,111
33,NORMA-20765,112
33,NORMA-12877,113
33,NORMA-61,114
33,NORMA-18943,115
33,NORMA-1573,116
33,NORMA-20871,117
33,NORMA-21456,118
33,NORMA-20432,119
33,NORMA-6316,120
33,NORMA-20135,121
33,NORMA-20846,122
33,NORMA-6630,123
33,NORMA-18937,124
33,NORMA-19792,125
33,NORMA-20426,126
33,NORMA-18926,127
33,NORMA-20127,128
33,NORMA-19010,129
33,NORMA-20856,130
33,NORMA-20701,131
33,NORMA-19237,132
33,NORMA-14278,133
33,NORMA-20576,134
33,NORMA-20568,135
33,NORMA-20828,136
33,NORMA-20705,137
33,NORMA-7149,138
33,NORMA-20104,139
33,NORMA-20805,140
33,NORMA-20755,141
33,NORMA-6181,142
33,NORMA-20159,143
33,NORMA-20577,144
33,NORMA-19791,145
33,NORMA-21163,146
33,NORMA-20076,147
33,NORMA-20887,148
33,NORMA-20823,149
33,NORMA-19601,150
33,NORMA-19609,151
33,NORMA-19950,152
33,NORMA-20706,153
33,NORMA-21567,154
33,NORMA-3821,155
33,NORMA-18913,156
33,NORMA-21677,157
33,NORMA-19980,158
33,NORMA-222,159
33,NORMA-20653,160
33,NORMA-18916,161
33,NORMA-19876,162
33,NORMA-7381,163
33,NORMA-20862,164
33,NORMA-20236,165
33,NORMA-18922,166
33,NORMA-20660,167
33,NORMA-20102,168
33,NORMA-19564,169
33,NORMA-15060,170
33,NORMA-16382,171
33,NORMA-20125,172
33,NORMA-20879,173
33,NORMA-7241,174
33,NORMA-20038,175
33,NORMA-11598,176
33,NORMA-20277,177
33,NORMA-20246,178
33,NORMA-20837,179
33,NORMA-13990,180
33,NORMA-4637,181
33,NORMA-19777,182
33,NORMA-18478,183
33,NORMA-20789,184
33,NORMA-20682,185
33,NORMA-5226,186
33,NORMA-20733,187
33,NORMA-18681,188
33,NORMA-21394,189
33,NORMA-4091,190
33,NORMA-20869,191
33,NORMA-20522,192
33,NORMA-20443,193
33,NORMA-20050,194
33,NORMA-19594,195
33,NORMA-8522,196
33,NORMA-18678,197
33,NORMA-19981,198
33,NORMA-3907,199
33,NORMA-20239,200
33,NORMA-8206,201
33,NORMA-20531,202
33,NORMA-18457,203
33,NORMA-20753,204
33,NORMA-20922,205
33,NORMA-19893,206
33,NORMA-18500,207
33,NORMA-20842,208
33,NORMA-4514,209
33,NORMA-18475,210
33,NORMA-20167,211
33,NORMA-229,212
33,NORMA-20567,213
33,NORMA-2375,214
33,NORMA-21531,215
33,NORMA-6967,216
33,NORMA-14990,217
33,NORMA-20034,218
33,NORMA-18953,219
33,NORMA-4219,220
33,NORMA-20784,221
33,NORMA-19650,222
33,NORMA-7279,223
33,NORMA-20594,224
33,NORMA-20809,225
33,NORMA-8774,226
33,NORMA-18337,227
33,NORMA-19128,228
33,NORMA-21651,229
33,NORMA-8203,230
33,NORMA-19766,231
33,NORMA-20286,232
33,NORMA-20849,233
33,NORMA-21188,234
33,NORMA-19800,235
33,NORMA-20751,236
33,NORMA-18203,237
33,NORMA-27064,238
33,NORMA-2126,239
33,NORMA-19624,240
33,NORMA-21131,241
33,NORMA-749,242
33,NORMA-19558,243
33,NORMA-19230,244
33,NORMA-19602,245
33,NORMA-20425,246
33,NORMA-21190,247
33,NORMA-18287,248
33,NORMA-10986,249
33,NORMA-18931,250
33,NORMA-5551,251
33,NORMA-4121,252
33,NORMA-7016,253
33,NORMA-20559,254
33,NORMA-4543,255
33,NORMA-20593,256
33,NORMA-19459,257
33,NORMA-19356,258
33,NORMA-18909,259
33,NORMA-20251,260
33,NORMA-19948,261
33,NORMA-20214,262
33,NORMA-218,263
33,NORMA-13106,264
33,NORMA-20908,265
33,NORMA-20160,266
33,NORMA-21695,267
33,NORMA-14967,268
33,NORMA-33728,269
33,NORMA-3381,270
33,NORMA-19793,271
33,NORMA-4588,272
33,NORMA-19837,273
33,NORMA-13864,274
33,NORMA-20990,275
33,NORMA-18430,276
33,NORMA-19801,277
33,NORMA-1471,278
33,NORMA-19853,279
33,NORMA-18647,280
33,NORMA-8898,281
33,NORMA-20994,282
33,NORMA-19568,283
33,NORMA-5925,284
33,NORMA-21147,285
33,NORMA-20966,286
33,NORMA-5337,287
33,NORMA-18917,288
33,NORMA-18409,289
33,NORMA-1648,290
33,NORMA-19842,291
33,NORMA-21069,292
33,NORMA-7280,293
33,NORMA-20044,294
33,NORMA-20818,295
33,NORMA-20590,296
33,NORMA-19630,297
33,NORMA-2114,298
33,NORMA-380,299
33,NORMA-20388,300
33,NORMA-20760,301
33,NORMA-19960,302
33,NORMA-1222,303
33,NORMA-20930,304
33,NORMA-11185,305
33,NORMA-21217,306
33,NORMA-18746,307
33,NORMA-20087,308
33,NORMA-8121,309
33,NORMA-19750,310
33,NORMA-20187,311
33,NORMA-27044,312
33,NORMA-19919,313
33,NORMA-20901,314
33,NORMA-13470,315
33,NORMA-19735,316
33,NORMA-3908,317
33,NORMA-6318,318
33,NORMA-3741,319
33,NORMA-5429,320
33,NORMA-19464,321
33,NORMA-20253,322
33,NORMA-20873,323
33,NORMA-2478,324
33,NORMA-20098,325
33,NORMA-18921,326
33,NORMA-19575,327
33,NORMA-20725,328
33,NORMA-12323,329
33,NORMA-21189,330
33,NORMA-332,331
33,NORMA-19476,332
33,NORMA-21508,333
33,NORMA-20641,334
33,NORMA-20609,335
33,NORMA-20091,336
33,NORMA-20937,337
33,NORMA-7157,338
33,NORMA-21744,339
33,NORMA-18254,340
33,NORMA-18888,341
33,NORMA-20515,342
33,NORMA-19259,343
33,NORMA-18223,344
33,NORMA-19762,345
33,NORMA-219,346
33,NORMA-19037,347
33,NORMA-21453,348
33,NORMA-21767,349
33,NORMA-20480,350
33,NORMA-265,351
33,NORMA-19833,352
33,NORMA-19753,353
33,NORMA-19061,354
33,NORMA-20834,355
33,NORMA-19738,356
33,NORMA-20072,357
33,NORMA-20446,358
33,NORMA-21003,359
33,NORMA-4412,360
33,NORMA-19038,361
33,NORMA-19617,362
33,NORMA-21725,363
33,NORMA-19826,364
33,NORMA-188,365
33,NORMA-8384,366
33,NORMA-18832,367
33,NORMA-20206,368
33,NORMA-19311,369
33,NORMA-21099,370
33,NORMA-18944,371
33,NORMA-20867,372
33,NORMA-6856,373
33,NORMA-20572,374
33,NORMA-20192,375
33,NORMA-15901,376
33,NORMA-20827,377
33,NORMA-20197,378
33,NORMA-20074,379
33,NORMA-13094,380
33,NORMA-834,381
33,NORMA-20796,382
33,NORMA-6757,383
33,NORMA-20191,384
33,NORMA-21661,385
33,NORMA-2089,386
33,NORMA-3638,387
33,NORMA-20852,388
33,NORMA-20949,389
33,NORMA-20106,390
33,NORMA-19249,391
33,NORMA-20797,392
33,NORMA-7194,393
33,NORMA-19982,394
33,NORMA-20619,395
33,NORMA-75,396
33,NORMA-18924,397
33,NORMA-20870,398
33,NORMA-9790,399
33,NORMA-10116,400
33,NORMA-21173,401
33,NORMA-20279,402
33,NORMA-21484,403
33,NORMA-20717,404
33,NORMA-20122,405
33,NORMA-20093,406
33,NORMA-20595,407
33,NORMA-19535,408
33,NORMA-19838,409
33,NORMA-18669,410
33,NORMA-2579,411
33,NORMA-24,412
33,NORMA-18226,413
33,NORMA-20684,414
33,NORMA-4583,415
33,NORMA-21757,416
33,NORMA-21093,417
33,NORMA-6719,418
33,NORMA-19298,419
33,NORMA-20647,420
33,NORMA-211,421
33,NORMA-20428,422
33,NORMA-18919,423
33,NORMA-19593,424
33,NORMA-20525,425
33,NORMA-21070,426
33,NORMA-20885,427
33,NORMA-21336,428
33,NORMA-21349,429
33,NORMA-21175,430
33,NORMA-21678,431
33,NORMA-23521,432
33,NORMA-20708,433
33,NORMA-20650,434
33,NORMA-13476,435
33,NORMA-18883,436
33,NORMA-13323,437
33,NORMA-14279,438
33,NORMA-19931,439
33,NORMA-19751,440
33,NORMA-20566,441
33,NORMA-20524,442
33,NORMA-21208,443
33,NORMA-20237,444
33,NORMA-20691,445
33,NORMA-1613,446
33,NORMA-10046,447
33,NORMA-19955,448
33,NORMA-18591,449
33,NORMA-5626,450
33,NORMA-7389,451
33,NORMA-19803,452
33,NORMA-1603,453
33,NORMA-19031,454
33,NORMA-20821,455
33,NORMA-19152,456
33,NORMA-20057,457
33,NORMA-8205,458
33,NORMA-20304,459
33,NORMA-18583,460
33,NORMA-20622,461
33,NORMA-18493,462
33,NORMA-10550,463
33,NORMA-19458,464
33,NORMA-19764,465
33,NORMA-18633,466
33,NORMA-21105,467
33,NORMA-21268,468
33,NORMA-19104,469
33,NORMA-18288,470
33,NORMA-578,471
33,NORMA-19258,472
33,NORMA-11816,473
33,NORMA-2483,474
33,NORMA-18881,475
33,NORMA-15581,476
33,NORMA-2183,477
33,NORMA-19308,478
33,NORMA-8244,479
33,NORMA-12910,480
33,NORMA-10562,481
33,NORMA-20782,482
33,NORMA-20560,483
33,NORMA-20248,484
33,NORMA-27364,485
33,NORMA-18882,486
33,NORMA-20752,487
33,NORMA-21223,488
33,NORMA-20958,489
33,NORMA-16202,490
33,NORMA-20183,491
33,NORMA-5164,492
33,NORMA-21621,493
33,NORMA-20785,494
33,NORMA-13918,495
33,NORMA-478,496
33,NORMA-20664,497
33,NORMA-19741,498
33,NORMA-20285,499
33,NORMA-7025,500
33,NORMA-20621,501
33,NORMA-7501,502
33,NORMA-20252,503
33,NORMA-15921,504
33,NORMA-20939,505
33,NORMA-20138,506
33,NORMA-18897,507
33,NORMA-18804,508
33,NORMA-19937,509
33,NORMA-1141,510
33,NORMA-20761,511
33,NORMA-11888,512
33,NORMA-21519,513
33,NORMA-20542,514
33,NORMA-19749,515
33,NORMA-913,516
33,NORMA-6621,517
33,NORMA-20968,518
33,NORMA-261,519
33,NORMA-20240,520
33,NORMA-21689,521
33,NORMA-21245,522
33,NORMA-13469,523
33,NORMA-14581,524
33,NORMA-19904,525
33,NORMA-10699,526
33,NORMA-20826,527
33,NORMA-20636,528
33,NORMA-19790,529
33,NORMA-20438,530
33,NORMA-938,531
33,NORMA-8939,532
33,NORMA-18935,533
33,NORMA-20808,534
33,NORMA-309,535
33,NORMA-20735,536
33,NORMA-1718,537
33,NORMA-6199,538
33,NORMA-21169,539
33,NORMA-21489,540
33,NORMA-21309,541
33,NORMA-4394,542
33,NORMA-838,543
33,NORMA-6747,544
33,NORMA-5974,545
33,NORMA-21432,546
33,NORMA-19461,547
33,NORMA-14054,548
33,NORMA-6953,549
33,NORMA-3510,550
33,NORMA-20224,551
33,NORMA-20882,552
33,NORMA-21242,553
33,NORMA-29005,554
33,NORMA-2118,555
33,NORMA-14746,556
33,NORMA-20721,557
33,NORMA-20688,558
33,NORMA-3669,559
33,NORMA-20053,560
33,NORMA-19879,561
33,NORMA-21756,562
33,NORMA-1649,563
33,NORMA-19655,564
33,NORMA-20620,565
33,NORMA-1421,566
33,NORMA-423,567
33,NORMA-10537,568
33,NORMA-20070,569
33,NORMA-7525,570
33,NORMA-20819,571
33,NORMA-1641,572
33,NORMA-19009,573
33,NORMA-20408,574
33,NORMA-19039,575
33,NORMA-4818,576
33,NORMA-21755,577
33,NORMA-6249,578
33,NORMA-3979,579
33,NORMA-19542,580
33,NORMA-7148,581
33,NORMA-20995,582
33,NORMA-21431,583
33,NORMA-11085,584
33,NORMA-20078,585
33,NORMA-20820,586
33,NORMA-20188,587
33,NORMA-11418,588
33,NORMA-22101,589
33,NORMA-12872,590
33,NORMA-19737,591
33,NORMA-20736,592
33,NORMA-19014,593
33,NORMA-8610,594
33,NORMA-20671,595
33,NORMA-4832,596
33,NORMA-20448,597
33,NORMA-4275,598
33,NORMA-20707,599
33,NORMA-18546,600
33,NORMA-4830,601
33,NORMA-21386,602
33,NORMA-20889,603
33,NORMA-19175,604
33,NORMA-19632,605
33,NORMA-1965,606
33,NORMA-19856,607
33,NORMA-21384,608
33,NORMA-20265,609
33,NORMA-19291,610
33,NORMA-21103,611
33,NORMA-19149,612
33,NORMA-20676,613
33,NORMA-1663,614
33,NORMA-19134,615
33,NORMA-3820,616
33,NORMA-10536,617
33,NORMA-21319,618
33,NORMA-20884,619
33,NORMA-20832,620
33,NORMA-1620,621
33,NORMA-18216,622
33,NORMA-11631,623
33,NORMA-6669,624
33,NORMA-20245,625
33,NORMA-1841,626
33,NORMA-576,627
33,NORMA-1555,628
33,NORMA-20292,629
33,NORMA-19176,630
33,NORMA-8884,631
33,NORMA-20103,632
33,NORMA-5406,633
33,NORMA-13158,634
33,NORMA-20881,635
33,NORMA-28181,636
33,NORMA-20055,637
33,NORMA-19553,638
33,NORMA-205,639
33,NORMA-20377,640
33,NORMA-20280,641
33,NORMA-19891,642
33,NORMA-588,643
33,NORMA-6760,644
33,NORMA-19297,645
33,NORMA-18831,646
33,NORMA-12245,647
33,NORMA-20061,648
33,NORMA-12923,649
33,NORMA-13124,650
33,NORMA-19767,651
33,NORMA-8208,652
33,NORMA-19770,653
33,NORMA-18974,654
33,NORMA-21172,655
33,NORMA-14294,656
33,NORMA-20804,657
33,NORMA-14661,658
33,NORMA-19651,659
33,NORMA-19947,660
33,NORMA-3511,661
33,NORMA-573,662
33,NORMA-20366,663
33,NORMA-20101,664
33,NORMA-15654,665
33,NORMA-20583,666
33,NORMA-587,667
33,NORMA-21164,668
33,NORMA-19205,669
33,NORMA-13480,670
33,NORMA-20563,671
33,NORMA-11858,672
33,NORMA-13534,673
33,NORMA-20442,674
33,NORMA-12952,675
33,NORMA-6257,676
33,NORMA-13471,677
33,NORMA-19897,678
33,NORMA-19177,679
33,NORMA-1090,680
33,NORMA-10692,681
33,NORMA-19596,682
33,NORMA-20584,683
33,NORMA-20615,684
33,NORMA-21714,685
33,NORMA-6879,686
33,NORMA-18728,687
33,NORMA-18413,688
33,NORMA-20673,689
33,NORMA-21675,690
33,NORMA-19460,691
33,NORMA-20063,692
33,NORMA-20860,693
33,NORMA-1154,694
33,NORMA-4276,695
33,NORMA-20640,696
33,NORMA-11653,697
33,NORMA-27361,698
33,NORMA-27761,699
33,NORMA-20513,700
33,NORMA-20514,701
33,NORMA-21135,702
33,NORMA-20088,703
33,NORMA-280,704
33,NORMA-20607,705
33,NORMA-19635,706
33,NORMA-20289,707
33,NORMA-21066,708
33,NORMA-19352,709
33,NORMA-13195,710
33,NORMA-4767,711
33,NORMA-21305,712
33,NORMA-13174,713
33,NORMA-21506,714
33,NORMA-19744,715
33,NORMA-12169,716
33,NORMA-21630,717
33,NORMA-12782,718
33,NORMA-21648,719
33,NORMA-6684,720
33,NORMA-20270,721
33,NORMA-16721,722
33,NORMA-6667,723
33,NORMA-19309,724
33,NORMA-11496,725
33,NORMA-6759,726
33,NORMA-18516,727
33,NORMA-20756,728
33,NORMA-21422,729
33,NORMA-21171,730
33,NORMA-28703,731
33,NORMA-8027,732
33,NORMA-9297,733
33,NORMA-21526,734
33,NORMA-18248,735
33,NORMA-20600,736
33,NORMA-14874,737
33,NORMA-18646,738
33,NORMA-21488,739
33,NORMA-9932,740
33,NORMA-317,741
33,NORMA-20902,742
33,NORMA-20290,743
33,NORMA-11443,744
33,NORMA-594,745
33,NORMA-1147,746
33,NORMA-18495,747
33,NORMA-20069,748
33,NORMA-18338,749
33,NORMA-6776,750
33,NORMA-23301,751
33,NORMA-12319,752
33,NORMA-220,753
33,NORMA-14890,754
33,NORMA-20658,755
33,NORMA-21541,756
33,NORMA-10649,757
33,NORMA-6641,758
33,NORMA-5496,759
33,NORMA-11652,760
33,NORMA-19640,761
33,NORMA-21392,762
33,NORMA-13308,763
33,NORMA-20588,764
33,NORMA-28681,765
33,NORMA-20955,766
33,NORMA-20175,767
33,NORMA-18955,768
33,NORMA-20742,769
33,NORMA-20773,770
33,NORMA-20422,771
33,NORMA-20586,772
33,NORMA-28021,773
33,NORMA-1474,774
33,NORMA-7310,775
33,NORMA-4019,776
33,NORMA-15237,777
33,NORMA-8212,778
33,NORMA-19164,779
33,NORMA-19646,780
33,NORMA-8036,781
33,NORMA-14881,782
33,NORMA-13333,783
33,NORMA-18889,784
33,NORMA-21232,785
33,NORMA-6513,786
33,NORMA-20182,787
33,NORMA-21533,788
33,NORMA-19810,789
33,NORMA-13732,790
33,NORMA-19634,791
33,NORMA-9252,792
33,NORMA-20774,793
33,NORMA-14111,794
33,NORMA-2005,795
33,NORMA-20521,796
33,NORMA-20118,797
33,NORMA-60,798
33,NORMA-12067,799
33,NORMA-314,800
33,NORMA-17101,801
33,NORMA-15177,802
33,NORMA-21313,803
33,NORMA-6032,804
33,NORMA-18506,805
33,NORMA-20059,806
33,NORMA-4492,807
33,NORMA-20393,808
33,NORMA-1534,809
33,NORMA-9942,810
33,NORMA-19928,811
33,NORMA-16462,812
33,NORMA-20208,813
33,NORMA-20748,814
33,NORMA-19730,815
33,NORMA-11186,816
33,NORMA-2386,817
33,NORMA-3662,818
33,NORMA-6666,819
33,NORMA-778,820
33,NORMA-27363,821
33,NORMA-19870,822
33,NORMA-10693,823
33,NORMA-20876,824
33,NORMA-5185,825
33,NORMA-20812,826
33,NORMA-21321,827
33,NORMA-19033,828
33,NORMA-20176,829
33,NORMA-1223,830
33,NORMA-20526,831
33,NORMA-18683,832
33,NORMA-20376,833
33,NORMA-9482,834
33,NORMA-20724,835
33,NORMA-20396,836
33,NORMA-6553,837
33,NORMA-21040,838
33,NORMA-20646,839
33,NORMA-19967,840
33,NORMA-21182,841
33,NORMA-20064,842
33,NORMA-9392,843
33,NORMA-19343,844
33,NORMA-1283,845
33,NORMA-20281,846
33,NORMA-19282,847
33,NORMA-19906,848
33,NORMA-20678,849
33,NORMA-26701,850
33,NORMA-11142,851
33,NORMA-21496,852
33,NORMA-15167,853
33,NORMA-3899,854
33,NORMA-19896,855
33,NORMA-4074,856
33,NORMA-23222,857
33,NORMA-14463,858
33,NORMA-1183,859
33,NORMA-18458,860
33,NORMA-19806,861
33,NORMA-20861,862
33,NORMA-18286,863
33,NORMA-12867,864
33,NORMA-4515,865
33,NORMA-479,866
33,NORMA-20675,867
33,NORMA-3181,868
33,NORMA-9787,869
33,NORMA-15118,870
33,NORMA-10994,871
33,NORMA-19605,872
33,NORMA-20801,873
33,NORMA-6698,874
33,NORMA-15339,875
33,NORMA-19765,876
33,NORMA-12415,877
33,NORMA-19555,878
33,NORMA-26124,879
33,NORMA-1113,880
33,NORMA-7223,881
33,NORMA-18796,882
33,NORMA-15081,883
33,NORMA-11860,884
33,NORMA-21209,885
33,NORMA-20085,886
33,NORMA-1013,887
33,NORMA-19625,888
33,NORMA-20107,889
33,NORMA-20233,890
33,NORMA-2383,891
33,NORMA-6399,892
33,NORMA-19178,893
33,NORMA-18920,894
33,NORMA-27362,895
33,NORMA-29146,896
33,NORMA-19355,897
33,NORMA-11798,898
33,NORMA-18958,899
33,NORMA-5708,900
33,NORMA-20231,901
33,NORMA-4911,902
33,NORMA-9792,903
33,NORMA-21230,904
33,NORMA-18942,905
33,NORMA-19572,906
33,NORMA-9890,907
33,NORMA-704,908
33,NORMA-6442,909
33,NORMA-20109,910
33,NORMA-21180,911
33,NORMA-19209,912
33,NORMA-19845,913
33,NORMA-4954,914
33,NORMA-21753,915
33,NORMA-19373,916
33,NORMA-20444,917
33,NORMA-18247,918
33,NORMA-19383,919
33,NORMA-18404,920
33,NORMA-20169,921
33,NORMA-12054,922
33,NORMA-3577,923
33,NORMA-20284,924
33,NORMA-6766,925
33,NORMA-20086,926
33,NORMA-12899,927
33,NORMA-9834,928
33,NORMA-14562,929
33,NORMA-13884,930
33,NORMA-12492,931
33,NORMA-14570,932
33,NORMA-15358,933
33,NORMA-20744,934
33,NORMA-19574,935
33,NORMA-24002,936
33,NORMA-1250,937
33,NORMA-10053,938
33,NORMA-9956,939
33,NORMA-19444,940
33,NORMA-21728,941
33,NORMA-14937,942
33,NORMA-21407,943
33,NORMA-20256,944
33,NORMA-20893,945
33,NORMA-4710,946
33,NORMA-19805,947
33,NORMA-19874,948
33,NORMA-19111,949
33,NORMA-20770,950
33,NORMA-1341,951
33,NORMA-20186,952
33,NORMA-1999,953
33,NORMA-29121,954
33,NORMA-6251,955
33,NORMA-5751,956
33,NORMA-2563,957
33,NORMA-19775,958
33,NORMA-20610,959
33,NORMA-807,960
33,NORMA-11236,961
33,NORMA-19418,962
33,NORMA-21224,963
33,NORMA-4035,964
33,NORMA-8204,965
33,NORMA-13218,966
33,NORMA-5335,967
33,NORMA-19172,968
33,NORMA-7508,969
33,NORMA-20687,970
33,NORMA-18396,971
33,NORMA-19369,972
33,NORMA-18435,973
33,NORMA-12098,974
33,NORMA-19327,975
33,NORMA-20235,976
33,NORMA-20161,977
33,NORMA-19857,978
33,NORMA-21680,979
33,NORMA-6395,980
33,NORMA-14239,981
33,NORMA-19863,982
33,NORMA-4539,983
33,NORMA-819,984
33,NORMA-923,985
33,NORMA-14673,986
33,NORMA-12664,987
33,NORMA-20976,988
33,NORMA-1671,989
33,NORMA-18984,990
33,NORMA-15272,991
33,NORMA-15881,992
33,NORMA-18901,993
33,NORMA-21681,994
33,NORMA-1826,995
33,NORMA-20397,996
33,NORMA-27609,997
33,NORMA-21237,998
33,NORMA-19557,999
33,NORMA-19773,1000
34,NORMA-6808,1
34,NORMA-14058,2
34,NORMA-6720,3
34,NORMA-18748,4
34,NORMA-7841,5
34,NORMA-23964,6
34,NORMA-13029,7
34,NORMA-18021,8
34,NORMA-18103,9
34,NORMA-7326,10
34,NORMA-7351,11
34,NORMA-11300,12
34,NORMA-16147,13
34,NORMA-9147,14
34,NORMA-6782,15
34,NORMA-3503,16
34,NORMA-11849,17
34,NORMA-12965,18
34,NORMA-1515,19
34,NORMA-11836,20
34,NORMA-13514,21
34,NORMA-6851,22
34,NORMA-13596,23
34,NORMA-11827,24
34,NORMA-12303,25
34,NORMA-9237,26
34,NORMA-8160,27
34,NORMA-14347,28
34,NORMA-15427,29
34,NORMA-23026,30
34,NORMA-7471,31
34,NORMA-14509,32
34,NORMA-15465,33
34,NORMA-4330,34
34,NORMA-10260,35
34,NORMA-14556,36
34,NORMA-14315,37
34,NORMA-10839,38
34,NORMA-14261,39
34,NORMA-14967,40
34,NORMA-8657,41
34,NORMA-12347,42
34,NORMA-5986,43
34,NORMA-10429,44
34,NORMA-12437,45
34,NORMA-12227,46
34,NORMA-20865,47
34,NORMA-24641,48
34,NORMA-4984,49
34,NORMA-985,50
34,NORMA-28801,51
34,NORMA-4447,52
34,NORMA-26163,53
34,NORMA-7329,54
34,NORMA-1485,55
34,NORMA-9446,56
34,NORMA-5801,57
34,NORMA-11041,58
34,NORMA-14766,59
34,NORMA-12350,60
34,NORMA-10154,61
34,NORMA-13003,62
34,NORMA-11850,63
34,NORMA-14501,64
34,NORMA-19165,65
34,NORMA-9455,66
34,NORMA-11031,67
34,NORMA-7156,68
34,NORMA-14637,69
34,NORMA-14508,70
34,NORMA-13188,71
34,NORMA-20892,72
34,NORMA-8090,73
34,NORMA-8143,74
34,NORMA-12412,75
34,NORMA-11828,76
34,NORMA-684,77
34,NORMA-9078,78
34,NORMA-11983,79
34,NORMA-20580,80
34,NORMA-26861,81
34,NORMA-28802,82
34,NORMA-2207,83
34,NORMA-15096,84
34,NORMA-14155,85
34,NORMA-13901,86
34,NORMA-13263,87
34,NORMA-6314,88
34,NORMA-13255,89
34,NORMA-11837,90
34,NORMA-7842,91
34,NORMA-18377,92
34,NORMA-2390,93
34,NORMA-1455,94
34,NORMA-15742,95
34,NORMA-13365,96
34,NORMA-15362,97
34,NORMA-8014,98
34,NORMA-8415,99
34,NORMA-11975,100
34,NORMA-15028,101
34,NORMA-31903,102
34,NORMA-12764,103
34,NORMA-14857,104
34,NORMA-20575,105
34,NORMA-1365,106
34,NORMA-11829,107
34,NORMA-18227,108
34,NORMA-2495,109
34,NORMA-14776,110
34,NORMA-14752,111
34,NORMA-8307,112
34,NORMA-14930,113
34,NORMA-20283,114
34,NORMA-13229,115
34,NORMA-12987,116
34,NORMA-7620,117
34,NORMA-8228,118
34,NORMA-15264,119
34,NORMA-14974,120
34,NORMA-14390,121
34,NORMA-14615,122
34,NORMA-515,123
34,NORMA-13407,124
34,NORMA-12397,125
34,NORMA-18973,126
34,NORMA-3662,127
34,NORMA-9528,128
34,NORMA-9351,129
34,NORMA-7758,130
34,NORMA-8055,131
34,NORMA-11279,132
34,NORMA-18307,133
34,NORMA-10931,134
34,NORMA-5450,135
34,NORMA-14639,136
34,NORMA-18298,137
34,NORMA-11505,138
34,NORMA-13293,139
34,NORMA-11979,140
34,NORMA-13900,141
34,NORMA-14316,142
34,NORMA-9853,143
34,NORMA-15259,144
34,NORMA-2465,145
34,NORMA-6247,146
34,NORMA-27550,147
34,NORMA-26161,148
34,NORMA-10331,149
34,NORMA-10067,150
34,NORMA-6595,151
34,NORMA-8646,152
34,NORMA-19325,153
34,NORMA-11637,154
34,NORMA-7844,155
34,NORMA-10467,156
34,NORMA-6781,157
34,NORMA-14555,158
34,NORMA-13685,159
34,NORMA-13531,160
34,NORMA-18444,161
34,NORMA-3810,162
34,NORMA-13276,163
34,NORMA-9072,164
34,NORMA-25301,165
34,NORMA-18747,166
34,NORMA-9855,167
34,NORMA-9375,168
34,NORMA-9740,169
34,NORMA-14777,170
34,NORMA-8508,171
34,NORMA-11875,172
34,NORMA-18291,173
34,NORMA-11981,174
34,NORMA-9714,175
34,NORMA-4634,176
34,NORMA-15134,177
34,NORMA-11698,178
34,NORMA-11701,179
34,NORMA-21286,180
34,NORMA-10535,181
34,NORMA-20943,182
34,NORMA-28142,183
34,NORMA-13686,184
34,NORMA-18225,185
34,NORMA-4277,186
34,NORMA-5968,187
34,NORMA-14547,188
34,NORMA-13903,189
34,NORMA-249,190
34,NORMA-9685,191
34,NORMA-10000,192
34,NORMA-6654,193
34,NORMA-7233,194
34,NORMA-10249,195
34,NORMA-10012,196
34,NORMA-11757,197
34,NORMA-14738,198
34,NORMA-14344,199
34,NORMA-6046,200
34,NORMA-12919,201
34,NORMA-27687,202
34,NORMA-11512,203
34,NORMA-7818,204
34,NORMA-18345,205
34,NORMA-12762,206
34,NORMA-9794,207
34,NORMA-16267,208
34,NORMA-14145,209
34,NORMA-12131,210
34,NORMA-14721,211
34,NORMA-2376,212
34,NORMA-5812,213
34,NORMA-5891,214
34,NORMA-14150,215
34,NORMA-15263,216
34,NORMA-9758,217
34,NORMA-10006,218
34,NORMA-893,219
34,NORMA-12628,220
34,NORMA-10140,221
34,NORMA-7647,222
34,NORMA-6789,223
34,NORMA-13803,224
34,NORMA-14654,225
34,NORMA-3735,226
34,NORMA-18993,227
34,NORMA-13170,228
34,NORMA-15194,229
34,NORMA-3556,230
34,NORMA-11403,231
34,NORMA-11901,232
34,NORMA-18992,233
34,NORMA-7760,234
34,NORMA-18217,235
34,NORMA-15192,236
34,NORMA-1388,237
34,NORMA-4344,238
34,NORMA-14633,239
34,NORMA-4137,240
34,NORMA-4171,241
34,NORMA-4767,242
34,NORMA-15308,243
34,NORMA-28202,244
34,NORMA-14858,245
34,NORMA-11665,246
34,NORMA-5001,247
34,NORMA-15050,248
34,NORMA-10810,249
34,NORMA-20833,250
34,NORMA-5381,251
34,NORMA-15122,252
34,NORMA-11830,253
34,NORMA-12522,254
34,NORMA-14742,255
34,NORMA-5372,256
34,NORMA-18379,257
34,NORMA-19739,258
34,NORMA-5488,259
34,NORMA-5625,260
34,NORMA-7097,261
34,NORMA-6383,262
34,NORMA-20193,263
34,NORMA-13931,264
34,NORMA-7223,265
34,NORMA-4242,266
34,NORMA-13524,267
34,NORMA-12103,268
34,NORMA-7399,269
34,NORMA-11632,270
34,NORMA-4676,271
34,NORMA-10650,272
34,NORMA-3893,273
34,NORMA-25903,274
34,NORMA-28942,275
34,NORMA-14854,276
34,NORMA-11874,277
34,NORMA-11982,278
34,NORMA-12906,279
34,NORMA-18360,280
34,NORMA-6521,281
34,NORMA-9803,282
34,NORMA-22041,283
34,NORMA-7804,284
34,NORMA-12699,285
34,NORMA-5336,286
34,NORMA-3661,287
34,NORMA-13519,288
34,NORMA-9035,289
34,NORMA-12925,290
34,NORMA-20247,291
34,NORMA-11993,292
34,NORMA-5905,293
34,NORMA-2388,294
34,NORMA-13447,295
34,NORMA-15040,296
34,NORMA-10776,297
34,NORMA-18234,298
34,NORMA-9849,299
34,NORMA-15662,300
34,NORMA-14743,301
34,NORMA-20477,302
34,NORMA-6204,303
34,NORMA-14801,304
34,NORMA-27341,305
34,NORMA-25761,306
34,NORMA-3516,307
34,NORMA-13952,308
34,NORMA-9741,309
34,NORMA-4500,310
34,NORMA-357,311
34,NORMA-8224,312
34,NORMA-9783,313
34,NORMA-12038,314
34,NORMA-9324,315
34,NORMA-13648,316
34,NORMA-11916,317
34,NORMA-7670,318
34,NORMA-13556,319
34,NORMA-15068,320
34,NORMA-11876,321
34,NORMA-21147,322
34,NORMA-8162,323
34,NORMA-2588,324
34,NORMA-21454,325
34,NORMA-9848,326
34,NORMA-7867,327
34,NORMA-13226,328
34,NORMA-8137,329
34,NORMA-9208,330
34,NORMA-11848,331
34,NORMA-10846,332
34,NORMA-21742,333
34,NORMA-21159,334
34,NORMA-6005,335
34,NORMA-11184,336
34,NORMA-12771,337
34,NORMA-13394,338
34,NORMA-14587,339
34,NORMA-4792,340
34,NORMA-12638,341
34,NORMA-10378,342
34,NORMA-8294,343
34,NORMA-6034,344
34,NORMA-8473,345
34,NORMA-10431,346
34,NORMA-11847,347
34,NORMA-7123,348
34,NORMA-13555,349
34,NORMA-18414,350
34,NORMA-9854,351
34,NORMA-552,352
34,NORMA-4122,353
34,NORMA-1841,354
34,NORMA-11977,355
34,NORMA-8092,356
34,NORMA-8483,357
34,NORMA-30724,358
34,NORMA-24362,359
34,NORMA-7799,360
34,NORMA-18273,361
34,NORMA-20397,362
34,NORMA-7806,363
34,NORMA-14532,364
34,NORMA-9711,365
34,NORMA-10534,366
34,NORMA-6291,367
34,NORMA-12348,368
34,NORMA-4231,369
34,NORMA-10219,370
34,NORMA-12774,371
34,NORMA-14162,372
34,NORMA-4189,373
34,NORMA-12207,374
34,NORMA-6088,375
34,NORMA-11678,376
34,NORMA-18380,377
34,NORMA-3482,378
34,NORMA-13261,379
34,NORMA-11131,380
34,NORMA-8911,381
34,NORMA-13932,382
34,NORMA-12088,383
34,NORMA-14148,384
34,NORMA-8799,385
34,NORMA-7518,386
34,NORMA-13751,387
34,NORMA-20291,388
34,NORMA-13166,389
34,NORMA-20998,390
34,NORMA-5813,391
34,NORMA-15252,392
34,NORMA-8091,393
34,NORMA-9759,394
34,NORMA-7219,395
34,NORMA-6967,396
34,NORMA-17702,397
34,NORMA-8278,398
34,NORMA-16381,399
34,NORMA-4105,400
34,NORMA-7791,401
34,NORMA-10281,402
34,NORMA-14403,403
34,NORMA-20642,404
34,NORMA-11995,405
34,NORMA-13886,406
34,NORMA-8231,407
34,NORMA-13358,408
34,NORMA-13141,409
34,NORMA-19821,410
34,NORMA-11756,411
34,NORMA-9772,412
34,NORMA-9892,413
34,NORMA-13802,414
34,NORMA-19072,415
34,NORMA-21132,416
34,NORMA-6769,417
34,NORMA-8575,418
34,NORMA-10206,419
34,NORMA-11504,420
34,NORMA-12107,421
34,NORMA-9108,422
34,NORMA-9069,423
34,NORMA-11444,424
34,NORMA-10692,425
34,NORMA-4520,426
34,NORMA-7948,427
34,NORMA-11017,428
34,NORMA-12009,429
34,NORMA-7700,430
34,NORMA-4544,431
34,NORMA-15236,432
34,NORMA-14249,433
34,NORMA-10271,434
34,NORMA-25902,435
34,NORMA-15115,436
34,NORMA-9928,437
34,NORMA-265,438
34,NORMA-6802,439
34,NORMA-22302,440
34,NORMA-6994,441
34,NORMA-18224,442
34,NORMA-12717,443
34,NORMA-14730,444
34,NORMA-10434,445
34,NORMA-19444,446
34,NORMA-20992,447
34,NORMA-11946,448
34,NORMA-6316,449
34,NORMA-14900,450
34,NORMA-14379,451
34,NORMA-6968,452
34,NORMA-6600,453
34,NORMA-12267,454
34,NORMA-9081,455
34,NORMA-10151,456
34,NORMA-12442,457
34,NORMA-9313,458
34,NORMA-11980,459
34,NORMA-1170,460
34,NORMA-19361,461
34,NORMA-14585,462
34,NORMA-21150,463
34,NORMA-11567,464
34,NORMA-11613,465
34,NORMA-15360,466
34,NORMA-11605,467
34,NORMA-18264,468
34,NORMA-13466,469
34,NORMA-15196,470
34,NORMA-13711,471
34,NORMA-7808,472
34,NORMA-10657,473
34,NORMA-18734,474
34,NORMA-9438,475
34,NORMA-11607,476
34,NORMA-6242,477
34,NORMA-2470,478
34,NORMA-18342,479
34,NORMA-14678,480
34,NORMA-15744,481
34,NORMA-10565,482
34,NORMA-18842,483
34,NORMA-13120,484
34,NORMA-6630,485
34,NORMA-14711,486
34,NORMA-2413,487
34,NORMA-6676,488
34,NORMA-9805,489
34,NORMA-14995,490
34,NORMA-10889,491
34,NORMA-9802,492
34,NORMA-12178,493
34,NORMA-11603,494
34,NORMA-11742,495
34,NORMA-18206,496
34,NORMA-8157,497
34,NORMA-12030,498
34,NORMA-21071,499
34,NORMA-8158,500
34,NORMA-10297,501
34,NORMA-11845,502
34,NORMA-14581,503
34,NORMA-12328,504
34,NORMA-10415,505
34,NORMA-13426,506
34,NORMA-15067,507
34,NORMA-11806,508
34,NORMA-18669,509
34,NORMA-12055,510
34,NORMA-8698,511
34,NORMA-19664,512
34,NORMA-7134,513
34,NORMA-14521,514
34,NORMA-14904,515
34,NORMA-27926,516
34,NORMA-10347,517
34,NORMA-12247,518
34,NORMA-6442,519
34,NORMA-7472,520
34,NORMA-20476,521
34,NORMA-14380,522
34,NORMA-15382,523
34,NORMA-12983,524
34,NORMA-7228,525
34,NORMA-12184,526
34,NORMA-13673,527
34,NORMA-7234,528
34,NORMA-13569,529
34,NORMA-10042,530
34,NORMA-6181,531
34,NORMA-25784,532
34,NORMA-9267,533
34,NORMA-14551,534
34,NORMA-7556,535
34,NORMA-13866,536
34,NORMA-5223,537
34,NORMA-18301,538
34,NORMA-4844,539
34,NORMA-11569,540
34,NORMA-5357,541
34,NORMA-5853,542
34,NORMA-1776,543
34,NORMA-6326,544
34,NORMA-12236,545
34,NORMA-18819,546
34,NORMA-12433,547
34,NORMA-3732,548
34,NORMA-3509,549
34,NORMA-5417,550
34,NORMA-10787,551
34,NORMA-10018,552
34,NORMA-8962,553
34,NORMA-4954,554
34,NORMA-4931,555
34,NORMA-11003,556
34,NORMA-22822,557
34,NORMA-10005,558
34,NORMA-4583,559
34,NORMA-12198,560
34,NORMA-13523,561
34,NORMA-9846,562
34,NORMA-14149,563
34,NORMA-13916,564
34,NORMA-10435,565
34,NORMA-8156,566
34,NORMA-9712,567
34,NORMA-11689,568
34,NORMA-12329,569
34,NORMA-19192,570
34,NORMA-14965,571
34,NORMA-15364,572
34,NORMA-10979,573
34,NORMA-7940,574
34,NORMA-7616,575
34,NORMA-11292,576
34,NORMA-14517,577
34,NORMA-13598,578
34,NORMA-13924,579
34,NORMA-1583,580
34,NORMA-2120,581
34,NORMA-5915,582
34,NORMA-9371,583
34,NORMA-6250,584
34,NORMA-10380,585
34,NORMA-19342,586
34,NORMA-10590,587
34,NORMA-11030,588
34,NORMA-6767,589
34,NORMA-20973,590
34,NORMA-1689,591
34,NORMA-8653,592
34,NORMA-9148,593
34,NORMA-7912,594
34,NORMA-7350,595
34,NORMA-28941,596
34,NORMA-7001,597
34,NORMA-10513,598
34,NORMA-8161,599
34,NORMA-1274,600
34,NORMA-1452,601
34,NORMA-9753,602
34,NORMA-14299,603
34,NORMA-12407,604
34,NORMA-5708,605
34,NORMA-12104,606
34,NORMA-7895,607
34,NORMA-2623,608
34,NORMA-11921,609
34,NORMA-12916,610
34,NORMA-9681,611
34,NORMA-22721,612
34,NORMA-10770,613
34,NORMA-17001,614
34,NORMA-10737,615
34,NORMA-21393,616
34,NORMA-10326,617
34,NORMA-11984,618
34,NORMA-9641,619
34,NORMA-21385,620
34,NORMA-11887,621
34,NORMA-6031,622
34,NORMA-26241,623
34,NORMA-22643,624
34,NORMA-14584,625
34,NORMA-9164,626
34,NORMA-13340,627
34,NORMA-570,628
34,NORMA-21046,629
34,NORMA-27741,630
34,NORMA-4977,631
34,NORMA-11120,632
34,NORMA-15168,633
34,NORMA-8513,634
34,NORMA-18378,635
34,NORMA-3721,636
34,NORMA-14115,637
34,NORMA-3733,638
34,NORMA-8602,639
34,NORMA-11099,640
34,NORMA-12253,641
34,NORMA-5519,642
34,NORMA-21631,643
34,NORMA-15291,644
34,NORMA-7846,645
34,NORMA-18237,646
34,NORMA-9973,647
34,NORMA-11155,648
34,NORMA-10344,649
34,NORMA-6798,650
34,NORMA-14226,651
34,NORMA-10416,652
34,NORMA-9434,653
34,NORMA-11799,654
34,NORMA-10745,655
34,NORMA-7315,656
34,NORMA-13406,657
34,NORMA-15205,658
34,NORMA-13794,659
34,NORMA-11855,660
34,NORMA-13009,661
34,NORMA-7756,662
34,NORMA-6189,663
34,NORMA-8636,664
34,NORMA-6766,665
34,NORMA-19616,666
34,NORMA-7150,667
34,NORMA-6164,668
34,NORMA-8598,669
34,NORMA-4279,670
34,NORMA-11100,671
34,NORMA-11432,672
34,NORMA-11563,673
34,NORMA-9067,674
34,NORMA-10432,675
34,NORMA-9698,676
34,NORMA-18944,677
34,NORMA-11687,678
34,NORMA-18826,679
34,NORMA-6877,680
34,NORMA-11839,681
34,NORMA-1346,682
34,NORMA-10920,683
34,NORMA-19244,684
34,NORMA-14613,685
34,NORMA-13259,686
34,NORMA-29881,687
34,NORMA-13177,688
34,NORMA-8659,689
34,NORMA-29121,690
34,NORMA-11462,691
34,NORMA-10299,692
34,NORMA-7845,693
34,NORMA-25962,694
34,NORMA-8931,695
34,NORMA-24102,696
34,NORMA-11862,697
34,NORMA-4820,698
34,NORMA-10090,699
34,NORMA-6760,700
34,NORMA-27321,701
34,NORMA-8429,702
34,NORMA-5142,703
34,NORMA-8478,704
34,NORMA-12949,705
34,NORMA-11599,706
34,NORMA-23027,707
34,NORMA-6988,708
34,NORMA-10821,709
34,NORMA-10300,710
34,NORMA-14739,711
34,NORMA-3963,712
34,NORMA-27244,713
34,NORMA-1672,714
34,NORMA-13797,715
34,NORMA-14476,716
34,NORMA-12144,717
34,NORMA-8262,718
34,NORMA-14570,719
34,NORMA-14921,720
34,NORMA-12789,721
34,NORMA-8295,722
34,NORMA-8332,723
34,NORMA-30725,724
34,NORMA-18356,725
34,NORMA-18219,726
34,NORMA-7837,727
34,NORMA-20237,728
34,NORMA-12903,729
34,NORMA-23941,730
34,NORMA-21901,731
34,NORMA-18788,732
34,NORMA-11301,733
34,NORMA-5735,734
34,NORMA-10733,735
34,NORMA-9668,736
34,NORMA-12248,737
34,NORMA-5697,738
34,NORMA-18492,739
34,NORMA-1217,740
34,NORMA-4045,741
34,NORMA-14001,742
34,NORMA-3619,743
34,NORMA-14345,744
34,NORMA-15287,745
34,NORMA-11813,746
34,NORMA-4296,747
34,NORMA-4783,748
34,NORMA-5406,749
34,NORMA-23001,750
34,NORMA-14383,751
34,NORMA-21328,752
34,NORMA-11641,753
34,NORMA-14988,754
34,NORMA-13796,755
34,NORMA-14285,756
34,NORMA-8669,757
34,NORMA-15033,758
34,NORMA-5431,759
34,NORMA-14130,760
34,NORMA-8805,761
34,NORMA-11736,762
34,NORMA-18806,763
34,NORMA-10330,764
34,NORMA-19339,765
34,NORMA-11791,766
34,NORMA-10340,767
34,NORMA-6725,768
34,NORMA-11429,769
34,NORMA-14298,770
34,NORMA-12192,771
34,NORMA-6013,772
34,NORMA-11201,773
34,NORMA-1438,774
34,NORMA-12898,775
34,NORMA-15251,776
34,NORMA-3484,777
34,NORMA-5327,778
34,NORMA-9312,779
34,NORMA-20276,780
34,NORMA-11384,781
34,NORMA-5320,782
34,NORMA-15200,783
34,NORMA-12467,784
34,NORMA-461,785
34,NORMA-10150,786
34,NORMA-3552,787
34,NORMA-25041,788
34,NORMA-11469,789
34,NORMA-19733,790
34,NORMA-8734,791
34,NORMA-8352,792
34,NORMA-5170,793
34,NORMA-8992,794
34,NORMA-27924,795
34,NORMA-4031,796
34,NORMA-10355,797
34,NORMA-10938,798
34,NORMA-2490,799
34,NORMA-13247,800
34,NORMA-26663,801
34,NORMA-5925,802
34,NORMA-13745,803
34,NORMA-20503,804
34,NORMA-7543,805
34,NORMA-12364,806
34,NORMA-14713,807
34,NORMA-13005,808
34,NORMA-4239,809
34,NORMA-12502,810
34,NORMA-6999,811
34,NORMA-28466,812
34,NORMA-9733,813
34,NORMA-28361,814
34,NORMA-18764,815
34,NORMA-10668,816
34,NORMA-1283,817
34,NORMA-5772,818
34,NORMA-8888,819
34,NORMA-13664,820
34,NORMA-12975,821
34,NORMA-16461,822
34,NORMA-12834,823
34,NORMA-231,824
34,NORMA-19916,825
34,NORMA-9626,826
34,NORMA-18843,827
34,NORMA-8230,828
34,NORMA-5467,829
34,NORMA-19728,830
34,NORMA-9830,831
34,NORMA-6525,832
34,NORMA-18643,833
34,NORMA-10974,834
34,NORMA-8675,835
34,NORMA-18406,836
34,NORMA-9332,837
34,NORMA-9128,838
34,NORMA-10623,839
34,NORMA-15359,840
34,NORMA-18797,841
34,NORMA-6707,842
34,NORMA-9431,843
34,NORMA-10057,844
34,NORMA-4477,845
34,NORMA-14853,846
34,NORMA-10461,847
34,NORMA-14235,848
34,NORMA-20778,849
34,NORMA-10309,850
34,NORMA-10878,851
34,NORMA-11985,852
34,NORMA-14834,853
34,NORMA-6320,854
34,NORMA-10662,855
34,NORMA-14885,856
34,NORMA-6982,857
34,NORMA-11451,858
34,NORMA-10797,859
34,NORMA-17701,860
34,NORMA-11724,861
34,NORMA-4240,862
34,NORMA-7950,863
34,NORMA-18412,864
34,NORMA-22683,865
34,NORMA-7026,866
34,NORMA-11108,867
34,NORMA-10508,868
34,NORMA-12724,869
34,NORMA-7308,870
34,NORMA-18230,871
34,NORMA-28321,872
34,NORMA-14255,873
34,NORMA-7707,874
34,NORMA-12723,875
34,NORMA-8556,876
34,NORMA-4587,877
34,NORMA-3479,878
34,NORMA-5141,879
34,NORMA-4926,880
34,NORMA-10649,881
34,NORMA-2455,882
34,NORMA-27564,883
34,NORMA-9936,884
34,NORMA-12579,885
34,NORMA-9713,886
34,NORMA-18403,887
34,NORMA-8664,888
34,NORMA-8938,889
34,NORMA-8647,890
34,NORMA-12973,891
34,NORMA-25783,892
34,NORMA-13871,893
34,NORMA-13102,894
34,NORMA-9466,895
34,NORMA-4809,896
34,NORMA-8340,897
34,NORMA-4840,898
34,NORMA-9428,899
34,NORMA-14369,900
34,NORMA-18549,901
34,NORMA-3555,902
34,NORMA-11722,903
34,NORMA-9411,904
34,NORMA-15105,905
34,NORMA-14577,906
34,NORMA-25964,907
34,NORMA-8718,908
34,NORMA-5592,909
34,NORMA-12481,910
34,NORMA-11931,911
34,NORMA-8297,912
34,NORMA-7993,913
34,NORMA-7764,914
34,NORMA-13056,915
34,NORMA-14636,916
34,NORMA-12186,917
34,NORMA-4093,918
34,NORMA-4864,919
34,NORMA-7055,920
34,NORMA-6037,921
34,NORMA-18827,922
34,NORMA-21471,923
34,NORMA-22262,924
34,NORMA-19260,925
34,NORMA-8990,926
34,NORMA-20807,927
34,NORMA-13460,928
34,NORMA-8022,929
34,NORMA-19734,930
34,NORMA-14558,931
34,NORMA-5589,932
34,NORMA-7230,933
34,NORMA-7928,934
34,NORMA-9709,935
34,NORMA-9637,936
34,NORMA-3748,937
34,NORMA-9497,938
34,NORMA-22025,939
34,NORMA-8590,940
34,NORMA-11834,941
34,NORMA-12246,942
34,NORMA-12765,943
34,NORMA-11652,944
34,NORMA-11840,945
34,NORMA-19517,946
34,NORMA-8095,947
34,NORMA-7712,948
34,NORMA-13808,949
34,NORMA-11209,950
34,NORMA-5552,951
34,NORMA-9779,952
34,NORMA-22024,953
34,NORMA-25921,954
34,NORMA-2542,955
34,NORMA-1260,956
34,NORMA-1650,957
34,NORMA-6389,958
34,NORMA-11725,959
34,NORMA-13715,960
34,NORMA-10980,961
34,NORMA-11084,962
34,NORMA-19679,963
34,NORMA-11627,964
34,NORMA-15057,965
34,NORMA-5751,966
34,NORMA-12590,967
34,NORMA-9861,968
34,NORMA-11816,969
34,NORMA-10830,970
34,NORMA-12955,971
34,NORMA-11388,972
34,NORMA-11461,973
34,NORMA-14723,974
34,NORMA-29281,975
34,NORMA-10753,976
34,NORMA-10227,977
34,NORMA-4329,978
34,NORMA-12120,979
34,NORMA-9715,980
34,NORMA-15240,981
34,NORMA-18487,982
34,NORMA-9477,983
34,NORMA-8206,984
34,NORMA-3597,985
34,NORMA-11988,986
34,NORMA-5224,987
34,NORMA-30726,988
34,NORMA-4145,989
34,NORMA-12920,990
34,NORMA-6984,991
34,NORMA-26621,992
34,NORMA-9946,993
34,NORMA-6399,994
34,NORMA-9847,995
34,NORMA-13690,996
34,NORMA-9793,997
34,NORMA-8261,998
34,NORMA-9269,999
34,NORMA-8818,1000
35,NORMA-20836,1
35,NORMA-20445,2
35,NORMA-19829,3
35,NORMA-850,4
35,NORMA-984,5
35,NORMA-20021,6
35,NORMA-19249,7
35,NORMA-21550,8
35,NORMA-21537,9
35,NORMA-20184,10
35,NORMA-328,11
35,NORMA-2554,12
35,NORMA-20898,13
35,NORMA-2496,14
35,NORMA-1144,15
35,NORMA-1306,16
35,NORMA-19096,17
35,NORMA-19724,18
35,NORMA-1408,19
35,NORMA-417,20
35,NORMA-1346,21
35,NORMA-1332,22
35,NORMA-19891,23
35,NORMA-1398,24
35,NORMA-6183,25
35,NORMA-833,26
35,NORMA-21626,27
35,NORMA-20316,28
35,NORMA-18958,29
35,NORMA-18436,30
35,NORMA-2395,31
35,NORMA-20633,32
35,NORMA-1619,33
35,NORMA-1286,34
35,NORMA-19866,35
35,NORMA-20447,36
35,NORMA-1586,37
35,NORMA-20258,38
35,NORMA-1334,39
35,NORMA-1442,40
35,NORMA-1388,41
35,NORMA-20677,42
35,NORMA-1390,43
35,NORMA-21299,44
35,NORMA-21367,45
35,NORMA-358,46
35,NORMA-7110,47
35,NORMA-976,48
35,NORMA-92,49
35,NORMA-2456,50
35,NORMA-2421,51
35,NORMA-20567,52
35,NORMA-20920,53
35,NORMA-1776,54
35,NORMA-736,55
35,NORMA-20599,56
35,NORMA-19863,57
35,NORMA-6665,58
35,NORMA-17221,59
35,NORMA-357,60
35,NORMA-2367,61
35,NORMA-20185,62
35,NORMA-21126,63
35,NORMA-6088,64
35,NORMA-20206,65
35,NORMA-21581,66
35,NORMA-1353,67
35,NORMA-20476,68
35,NORMA-20381,69
35,NORMA-21524,70
35,NORMA-20580,71
35,NORMA-6965,72
35,NORMA-18406,73
35,NORMA-20985,74
35,NORMA-18981,75
35,NORMA-206,76
35,NORMA-875,77
35,NORMA-6813,78
35,NORMA-2415,79
35,NORMA-996,80
35,NORMA-19092,81
35,NORMA-20948,82
35,NORMA-15561,83
35,NORMA-20029,84
35,NORMA-2386,85
35,NORMA-21766,86
35,NORMA-416,87
35,NORMA-20525,88
35,NORMA-1163,89
35,NORMA-20839,90
35,NORMA-883,91
35,NORMA-19624,92
35,NORMA-159,93
35,NORMA-21664,94
35,NORMA-1151,95
35,NORMA-1420,96
35,NORMA-2444,97
35,NORMA-27551,98
35,NORMA-1092,99
35,NORMA-20508,100
35,NORMA-20758,101
35,NORMA-798,102
35,NORMA-20252,103
35,NORMA-20477,104
35,NORMA-2447,105
35,NORMA-12657,106
35,NORMA-20376,107
35,NORMA-19125,108
35,NORMA-20450,109
35,NORMA-20834,110
35,NORMA-21115,111
35,NORMA-534,112
35,NORMA-20027,113
35,NORMA-1198,114
35,NORMA-2551,115
35,NORMA-2694,116
35,NORMA-21053,117
35,NORMA-818,118
35,NORMA-21308,119
35,NORMA-20166,120
35,NORMA-19871,121
35,NORMA-21135,122
35,NORMA-19828,123
35,NORMA-18492,124
35,NORMA-19506,125
35,NORMA-2101,126
35,NORMA-20449,127
35,NORMA-21039,128
35,NORMA-18570,129
35,NORMA-20557,130
35,NORMA-19432,131
35,NORMA-1129,132
35,NORMA-19923,133
35,NORMA-4277,134
35,NORMA-1188,135
35,NORMA-19480,136
35,NORMA-969,137
35,NORMA-1407,138
35,NORMA-6633,139
35,NORMA-26,140
35,NORMA-423,141
35,NORMA-751,142
35,NORMA-3241,143
35,NORMA-21134,144
35,NORMA-16361,145
35,NORMA-19870,146
35,NORMA-21111,147
35,NORMA-20800,148
35,NORMA-19853,149
35,NORMA-19825,150
35,NORMA-21337,151
35,NORMA-18336,152
35,NORMA-6950,153
35,NORMA-2432,154
35,NORMA-28481,155
35,NORMA-18601,156
35,NORMA-20298,157
35,NORMA-18630,158
35,NORMA-1866,159
35,NORMA-19809,160
35,NORMA-4016,161
35,NORMA-19824,162
35,NORMA-20336,163
35,NORMA-20483,164
35,NORMA-20621,165
35,NORMA-143,166
35,NORMA-20425,167
35,NORMA-20499,168
35,NORMA-28281,169
35,NORMA-2519,170
35,NORMA-19603,171
35,NORMA-19209,172
35,NORMA-1295,173
35,NORMA-18423,174
35,NORMA-28362,175
35,NORMA-27721,176
35,NORMA-18551,177
35,NORMA-19081,178
35,NORMA-20356,179
35,NORMA-20976,180
35,NORMA-18450,181
35,NORMA-12354,182
35,NORMA-6389,183
35,NORMA-20317,184
35,NORMA-18740,185
35,NORMA-19266,186
35,NORMA-19365,187
35,NORMA-15060,188
35,NORMA-21199,189
35,NORMA-20285,190
35,NORMA-385,191
35,NORMA-2157,192
35,NORMA-76,193
35,NORMA-21521,194
35,NORMA-20954,195
35,NORMA-21387,196
35,NORMA-19196,197
35,NORMA-14895,198
35,NORMA-727,199
35,NORMA-21328,200
35,NORMA-25541,201
35,NORMA-3181,202
35,NORMA-19049,203
35,NORMA-20053,204
35,NORMA-20007,205
35,NORMA-19643,206
35,NORMA-19822,207
35,NORMA-18804,208
35,NORMA-2057,209
35,NORMA-19150,210
35,NORMA-680,211
35,NORMA-6677,212
35,NORMA-13137,213
35,NORMA-2727,214
35,NORMA-772,215
35,NORMA-21147,216
35,NORMA-12351,217
35,NORMA-1098,218
35,NORMA-21472,219
35,NORMA-1173,220
35,NORMA-20188,221
35,NORMA-19879,222
35,NORMA-6635,223
35,NORMA-1370,224
35,NORMA-21619,225
35,NORMA-20175,226
35,NORMA-837,227
35,NORMA-21611,228
35,NORMA-18222,229
35,NORMA-18286,230
35,NORMA-18680,231
35,NORMA-21652,232
35,NORMA-31904,233
35,NORMA-1674,234
35,NORMA-21317,235
35,NORMA-838,236
35,NORMA-18960,237
35,NORMA-19883,238
35,NORMA-20308,239
35,NORMA-21246,240
35,NORMA-6631,241
35,NORMA-16006,242
35,NORMA-18954,243
35,NORMA-18359,244
35,NORMA-18798,245
35,NORMA-2558,246
35,NORMA-21087,247
35,NORMA-27567,248
35,NORMA-18394,249
35,NORMA-1147,250
35,NORMA-1260,251
35,NORMA-18728,252
35,NORMA-1578,253
35,NORMA-21113,254
35,NORMA-464,255
35,NORMA-1179,256
35,NORMA-31923,257
35,NORMA-20873,258
35,NORMA-483,259
35,NORMA-20505,260
35,NORMA-4294,261
35,NORMA-19275,262
35,NORMA-28203,263
35,NORMA-15902,264
35,NORMA-72,265
35,NORMA-1229,266
35,NORMA-20627,267
35,NORMA-6720,268
35,NORMA-19001,269
35,NORMA-7779,270
35,NORMA-4832,271
35,NORMA-20515,272
35,NORMA-15004,273
35,NORMA-20893,274
35,NORMA-19859,275
35,NORMA-12513,276
35,NORMA-23564,277
35,NORMA-19714,278
35,NORMA-20279,279
35,NORMA-1171,280
35,NORMA-14926,281
35,NORMA-28841,282
35,NORMA-19696,283
35,NORMA-14562,284
35,NORMA-13884,285
35,NORMA-29901,286
35,NORMA-11651,287
35,NORMA-19219,288
35,NORMA-18891,289
35,NORMA-18549,290
35,NORMA-21437,291
35,NORMA-28166,292
35,NORMA-1217,293
35,NORMA-1256,294
35,NORMA-20941,295
35,NORMA-19152,296
35,NORMA-3690,297
35,NORMA-20344,298
35,NORMA-19495,299
35,NORMA-20159,300
35,NORMA-19233,301
35,NORMA-27464,302
35,NORMA-18389,303
35,NORMA-19169,304
35,NORMA-14307,305
35,NORMA-20441,306
35,NORMA-27861,307
35,NORMA-1846,308
35,NORMA-6177,309
35,NORMA-4636,310
35,NORMA-4162,311
35,NORMA-602,312
35,NORMA-20439,313
35,NORMA-19715,314
35,NORMA-21249,315
35,NORMA-18854,316
35,NORMA-1826,317
35,NORMA-3837,318
35,NORMA-17201,319
35,NORMA-2171,320
35,NORMA-18818,321
35,NORMA-19953,322
35,NORMA-19111,323
35,NORMA-12139,324
35,NORMA-292,325
35,NORMA-23023,326
35,NORMA-21326,327
35,NORMA-14474,328
35,NORMA-21415,329
35,NORMA-13094,330
35,NORMA-28221,331
35,NORMA-15128,332
35,NORMA-20195,333
35,NORMA-1433,334
35,NORMA-13029,335
35,NORMA-20103,336
35,NORMA-2473,337
35,NORMA-21752,338
35,NORMA-588,339
35,NORMA-22723,340
35,NORMA-10838,341
35,NORMA-19530,342
35,NORMA-587,343
35,NORMA-2490,344
35,NORMA-28961,345
35,NORMA-21273,346
35,NORMA-12160,347
35,NORMA-3908,348
35,NORMA-20245,349
35,NORMA-21138,350
35,NORMA-5955,351
35,NORMA-20611,352
35,NORMA-28165,353
35,NORMA-5228,354
35,NORMA-15110,355
35,NORMA-18516,356
35,NORMA-6212,357
35,NORMA-4913,358
35,NORMA-21074,359
35,NORMA-1361,360
35,NORMA-5424,361
35,NORMA-21403,362
35,NORMA-18446,363
35,NORMA-20517,364
35,NORMA-19963,365
35,NORMA-6186,366
35,NORMA-20025,367
35,NORMA-19405,368
35,NORMA-21212,369
35,NORMA-729,370
35,NORMA-985,371
35,NORMA-18855,372
35,NORMA-20955,373
35,NORMA-6877,374
35,NORMA-13486,375
35,NORMA-2162,376
35,NORMA-20385,377
35,NORMA-1132,378
35,NORMA-21081,379
35,NORMA-20437,380
35,NORMA-20682,381
35,NORMA-20989,382
35,NORMA-16341,383
35,NORMA-19238,384
35,NORMA-207,385
35,NORMA-3281,386
35,NORMA-20835,387
35,NORMA-20944,388
35,NORMA-27602,389
35,NORMA-1283,390
35,NORMA-1713,391
35,NORMA-6559,392
35,NORMA-20116,393
35,NORMA-9799,394
35,NORMA-12668,395
35,NORMA-18642,396
35,NORMA-21036,397
35,NORMA-27381,398
35,NORMA-9147,399
35,NORMA-16342,400
35,NORMA-18357,401
35,NORMA-13080,402
35,NORMA-7096,403
35,NORMA-20853,404
35,NORMA-13554,405
35,NORMA-7351,406
35,NORMA-14148,407
35,NORMA-20902,408
35,NORMA-1608,409
35,NORMA-15701,410
35,NORMA-1280,411
35,NORMA-16742,412
35,NORMA-20433,413
35,NORMA-18603,414
35,NORMA-11300,415
35,NORMA-20253,416
35,NORMA-11599,417
35,NORMA-18210,418
35,NORMA-11631,419
35,NORMA-18752,420
35,NORMA-20192,421
35,NORMA-20871,422
35,NORMA-6632,423
35,NORMA-20732,424
35,NORMA-29650,425
35,NORMA-19502,426
35,NORMA-5498,427
35,NORMA-1512,428
35,NORMA-20594,429
35,NORMA-1138,430
35,NORMA-2188,431
35,NORMA-20218,432
35,NORMA-18385,433
35,NORMA-1337,434
35,NORMA-19800,435
35,NORMA-21305,436
35,NORMA-14297,437
35,NORMA-3854,438
35,NORMA-7326,439
35,NORMA-412,440
35,NORMA-2249,441
35,NORMA-21052,442
35,NORMA-20422,443
35,NORMA-29145,444
35,NORMA-27461,445
35,NORMA-19065,446
35,NORMA-6948,447
35,NORMA-20397,448
35,NORMA-21016,449
35,NORMA-16083,450
35,NORMA-20566,451
35,NORMA-20208,452
35,NORMA-27782,453
35,NORMA-29186,454
35,NORMA-25523,455
35,NORMA-567,456
35,NORMA-20709,457
35,NORMA-18736,458
35,NORMA-11999,459
35,NORMA-473,460
35,NORMA-1534,461
35,NORMA-5341,462
35,NORMA-19084,463
35,NORMA-18440,464
35,NORMA-18282,465
35,NORMA-20164,466
35,NORMA-12914,467
35,NORMA-19399,468
35,NORMA-14836,469
35,NORMA-7163,470
35,NORMA-18515,471
35,NORMA-2301,472
35,NORMA-20451,473
35,NORMA-19587,474
35,NORMA-11790,475
35,NORMA-21247,476
35,NORMA-20754,477
35,NORMA-27523,478
35,NORMA-61,479
35,NORMA-8028,480
35,NORMA-1567,481
35,NORMA-28241,482
35,NORMA-3971,483
35,NORMA-12140,484
35,NORMA-7625,485
35,NORMA-20635,486
35,NORMA-6622,487
35,NORMA-9870,488
35,NORMA-18621,489
35,NORMA-475,490
35,NORMA-21675,491
35,NORMA-1026,492
35,NORMA-211,493
35,NORMA-18231,494
35,NORMA-16781,495
35,NORMA-1788,496
35,NORMA-14206,497
35,NORMA-19499,498
35,NORMA-6087,499
35,NORMA-19862,500
35,NORMA-4703,501
35,NORMA-20322,502
35,NORMA-16862,503
35,NORMA-2337,504
35,NORMA-20886,505
35,NORMA-13741,506
35,NORMA-5013,507
35,NORMA-21206,508
35,NORMA-20070,509
35,NORMA-1175,510
35,NORMA-20625,511
35,NORMA-21440,512
35,NORMA-6819,513
35,NORMA-178,514
35,NORMA-19183,515
35,NORMA-2383,516
35,NORMA-21725,517
35,NORMA-2475,518
35,NORMA-4842,519
35,NORMA-18202,520
35,NORMA-19110,521
35,NORMA-19528,522
35,NORMA-21219,523
35,NORMA-7028,524
35,NORMA-19345,525
35,NORMA-972,526
35,NORMA-12102,527
35,NORMA-20189,528
35,NORMA-21712,529
35,NORMA-11780,530
35,NORMA-222,531
35,NORMA-1373,532
35,NORMA-18812,533
35,NORMA-21750,534
35,NORMA-20453,535
35,NORMA-1989,536
35,NORMA-28167,537
35,NORMA-558,538
35,NORMA-20538,539
35,NORMA-20513,540
35,NORMA-20514,541
35,NORMA-21605,542
35,NORMA-1349,543
35,NORMA-180,544
35,NORMA-5681,545
35,NORMA-573,546
35,NORMA-20923,547
35,NORMA-18673,548
35,NORMA-14447,549
35,NORMA-21744,550
35,NORMA-20221,551
35,NORMA-7621,552
35,NORMA-19122,553
35,NORMA-14835,554
35,NORMA-18654,555
35,NORMA-20431,556
35,NORMA-20583,557
35,NORMA-9195,558
35,NORMA-11455,559
35,NORMA-24686,560
35,NORMA-15644,561
35,NORMA-20114,562
35,NORMA-21001,563
35,NORMA-19834,564
35,NORMA-2536,565
35,NORMA-21572,566
35,NORMA-21114,567
35,NORMA-21019,568
35,NORMA-3648,569
35,NORMA-20023,570
35,NORMA-18490,571
35,NORMA-21128,572
35,NORMA-20700,573
35,NORMA-14317,574
35,NORMA-18493,575
35,NORMA-14636,576
35,NORMA-20526,577
35,NORMA-5472,578
35,NORMA-18721,579
35,NORMA-20687,580
35,NORMA-19662,581
35,NORMA-1863,582
35,NORMA-188,583
35,NORMA-13388,584
35,NORMA-20975,585
35,NORMA-54,586
35,NORMA-1841,587
35,NORMA-19300,588
35,NORMA-12605,589
35,NORMA-20261,590
35,NORMA-27246,591
35,NORMA-2269,592
35,NORMA-4911,593
35,NORMA-2588,594
35,NORMA-4015,595
35,NORMA-1609,596
35,NORMA-18789,597
35,NORMA-21214,598
35,NORMA-20861,599
35,NORMA-4898,600
35,NORMA-4317,601
35,NORMA-1419,602
35,NORMA-20512,603
35,NORMA-20602,604
35,NORMA-18583,605
35,NORMA-1621,606
35,NORMA-20160,607
35,NORMA-21547,608
35,NORMA-20613,609
35,NORMA-12629,610
35,NORMA-18254,611
35,NORMA-1996,612
35,NORMA-10856,613
35,NORMA-12530,614
35,NORMA-2181,615
35,NORMA-14208,616
35,NORMA-20571,617
35,NORMA-14387,618
35,NORMA-28168,619
35,NORMA-21152,620
35,NORMA-11652,621
35,NORMA-1024,622
35,NORMA-4910,623
35,NORMA-20246,624
35,NORMA-236,625
35,NORMA-21739,626
35,NORMA-13935,627
35,NORMA-13630,628
35,NORMA-6399,629
35,NORMA-21208,630
35,NORMA-18837,631
35,NORMA-19571,632
35,NORMA-18382,633
35,NORMA-2660,634
35,NORMA-20577,635
35,NORMA-14517,636
35,NORMA-12858,637
35,NORMA-20186,638
35,NORMA-15266,639
35,NORMA-25902,640
35,NORMA-19878,641
35,NORMA-21209,642
35,NORMA-29202,643
35,NORMA-18720,644
35,NORMA-12048,645
35,NORMA-2523,646
35,NORMA-7012,647
35,NORMA-4297,648
35,NORMA-11119,649
35,NORMA-12188,650
35,NORMA-535,651
35,NORMA-4140,652
35,NORMA-18042,653
35,NORMA-21429,654
35,NORMA-6667,655
35,NORMA-19190,656
35,NORMA-18404,657
35,NORMA-26741,658
35,NORMA-28264,659
35,NORMA-20089,660
35,NORMA-20198,661
35,NORMA-18316,662
35,NORMA-12118,663
35,NORMA-20761,664
35,NORMA-21168,665
35,NORMA-16085,666
35,NORMA-1485,667
35,NORMA-4569,668
35,NORMA-21327,669
35,NORMA-11612,670
35,NORMA-18859,671
35,NORMA-18869,672
35,NORMA-553,673
35,NORMA-20770,674
35,NORMA-14759,675
35,NORMA-20396,676
35,NORMA-6949,677
35,NORMA-19140,678
35,NORMA-7549,679
35,NORMA-20426,680
35,NORMA-2542,681
35,NORMA-27521,682
35,NORMA-20595,683
35,NORMA-10925,684
35,NORMA-20661,685
35,NORMA-28222,686
35,NORMA-20528,687
35,NORMA-21881,688
35,NORMA-7400,689
35,NORMA-18430,690
35,NORMA-20930,691
35,NORMA-18494,692
35,NORMA-13853,693
35,NORMA-12426,694
35,NORMA-13571,695
35,NORMA-18325,696
35,NORMA-10992,697
35,NORMA-18796,698
35,NORMA-2094,699
35,NORMA-20929,700
35,NORMA-19308,701
35,NORMA-19805,702
35,NORMA-4632,703
35,NORMA-18828,704
35,NORMA-19651,705
35,NORMA-4680,706
35,NORMA-3671,707
35,NORMA-5952,708
35,NORMA-5247,709
35,NORMA-1987,710
35,NORMA-6666,711
35,NORMA-1352,712
35,NORMA-4077,713
35,NORMA-16586,714
35,NORMA-27249,715
35,NORMA-20749,716
35,NORMA-20624,717
35,NORMA-10692,718
35,NORMA-19955,719
35,NORMA-12982,720
35,NORMA-13150,721
35,NORMA-5616,722
35,NORMA-6189,723
35,NORMA-20270,724
35,NORMA-2455,725
35,NORMA-6878,726
35,NORMA-16084,727
35,NORMA-13423,728
35,NORMA-20541,729
35,NORMA-21630,730
35,NORMA-4071,731
35,NORMA-5070,732
35,NORMA-14280,733
35,NORMA-16444,734
35,NORMA-10765,735
35,NORMA-19222,736
35,NORMA-5372,737
35,NORMA-23102,738
35,NORMA-23101,739
35,NORMA-16582,740
35,NORMA-13044,741
35,NORMA-1552,742
35,NORMA-3473,743
35,NORMA-10798,744
35,NORMA-13098,745
35,NORMA-3594,746
35,NORMA-19119,747
35,NORMA-7622,748
35,NORMA-16743,749
35,NORMA-10057,750
35,NORMA-1365,751
35,NORMA-21659,752
35,NORMA-27444,753
35,NORMA-20187,754
35,NORMA-27101,755
35,NORMA-20121,756
35,NORMA-21216,757
35,NORMA-12289,758
35,NORMA-11798,759
35,NORMA-11646,760
35,NORMA-28586,761
35,NORMA-13912,762
35,NORMA-20102,763
35,NORMA-21414,764
35,NORMA-22101,765
35,NORMA-19211,766
35,NORMA-215,767
35,NORMA-18626,768
35,NORMA-4686,769
35,NORMA-28224,770
35,NORMA-28082,771
35,NORMA-20910,772
35,NORMA-6758,773
35,NORMA-23501,774
35,NORMA-11249,775
35,NORMA-995,776
35,NORMA-1965,777
35,NORMA-20939,778
35,NORMA-14738,779
35,NORMA-26262,780
35,NORMA-17961,781
35,NORMA-5497,782
35,NORMA-3381,783
35,NORMA-581,784
35,NORMA-14499,785
35,NORMA-4316,786
35,NORMA-16401,787
35,NORMA-20292,788
35,NORMA-6460,789
35,NORMA-20037,790
35,NORMA-1342,791
35,NORMA-20167,792
35,NORMA-19948,793
35,NORMA-8600,794
35,NORMA-20524,795
35,NORMA-6479,796
35,NORMA-12002,797
35,NORMA-11572,798
35,NORMA-11698,799
35,NORMA-6001,800
35,NORMA-7107,801
35,NORMA-14627,802
35,NORMA-7149,803
35,NORMA-20085,804
35,NORMA-2002,805
35,NORMA-12228,806
35,NORMA-18799,807
35,NORMA-14054,808
35,NORMA-10365,809
35,NORMA-835,810
35,NORMA-2461,811
35,NORMA-20393,812
35,NORMA-309,813
35,NORMA-19960,814
35,NORMA-20196,815
35,NORMA-6447,816
35,NORMA-19798,817
35,NORMA-12005,818
35,NORMA-12460,819
35,NORMA-18428,820
35,NORMA-4065,821
35,NORMA-20933,822
35,NORMA-1412,823
35,NORMA-20403,824
35,NORMA-20926,825
35,NORMA-12022,826
35,NORMA-12347,827
35,NORMA-1030,828
35,NORMA-28343,829
35,NORMA-5514,830
35,NORMA-3382,831
35,NORMA-3201,832
35,NORMA-20666,833
35,NORMA-3898,834
35,NORMA-5129,835
35,NORMA-18522,836
35,NORMA-11577,837
35,NORMA-19845,838
35,NORMA-8599,839
35,NORMA-4124,840
35,NORMA-19797,841
35,NORMA-18247,842
35,NORMA-6598,843
35,NORMA-10530,844
35,NORMA-11578,845
35,NORMA-21254,846
35,NORMA-15655,847
35,NORMA-2567,848
35,NORMA-24582,849
35,NORMA-7071,850
35,NORMA-22401,851
35,NORMA-19191,852
35,NORMA-27622,853
35,NORMA-6395,854
35,NORMA-11481,855
35,NORMA-20584,856
35,NORMA-21803,857
35,NORMA-18873,858
35,NORMA-634,859
35,NORMA-21722,860
35,NORMA-12035,861
35,NORMA-21410,862
35,NORMA-13614,863
35,NORMA-3833,864
35,NORMA-21204,865
35,NORMA-1667,866
35,NORMA-11681,867
35,NORMA-6820,868
35,NORMA-28243,869
35,NORMA-20844,870
35,NORMA-13883,871
35,NORMA-14429,872
35,NORMA-9243,873
35,NORMA-21729,874
35,NORMA-21519,875
35,NORMA-19234,876
35,NORMA-9482,877
35,NORMA-13371,878
35,NORMA-20101,879
35,NORMA-18332,880
35,NORMA-20856,881
35,NORMA-6960,882
35,NORMA-21393,883
35,NORMA-16801,884
35,NORMA-2517,885
35,NORMA-20269,886
35,NORMA-13671,887
35,NORMA-15208,888
35,NORMA-11597,889
35,NORMA-21419,890
35,NORMA-2183,891
35,NORMA-6000,892
35,NORMA-21506,893
35,NORMA-12262,894
35,NORMA-27686,895
35,NORMA-14248,896
35,NORMA-20773,897
35,NORMA-19213,898
35,NORMA-20137,899
35,NORMA-7537,900
35,NORMA-11472,901
35,NORMA-29165,902
35,NORMA-19014,903
35,NORMA-11958,904
35,NORMA-14393,905
35,NORMA-14742,906
35,NORMA-18411,907
35,NORMA-17321,908
35,NORMA-20642,909
35,NORMA-2014,910
35,NORMA-14231,911
35,NORMA-3571,912
35,NORMA-2522,913
35,NORMA-20068,914
35,NORMA-4414,915
35,NORMA-11713,916
35,NORMA-19232,917
35,NORMA-11838,918
35,NORMA-7011,919
35,NORMA-1671,920
35,NORMA-18301,921
35,NORMA-2058,922
35,NORMA-3969,923
35,NORMA-15743,924
35,NORMA-14099,925
35,NORMA-19803,926
35,NORMA-13483,927
35,NORMA-20213,928
35,NORMA-27243,929
35,NORMA-6128,930
35,NORMA-19338,931
35,NORMA-20289,932
35,NORMA-20519,933
35,NORMA-21290,934
35,NORMA-15383,935
35,NORMA-503,936
35,NORMA-16323,937
35,NORMA-10233,938
35,NORMA-11449,939
35,NORMA-12045,940
35,NORMA-19051,941
35,NORMA-2623,942
35,NORMA-19481,943
35,NORMA-15941,944
35,NORMA-22481,945
35,NORMA-5599,946
35,NORMA-3915,947
35,NORMA-16267,948
35,NORMA-17041,949
35,NORMA-4420,950
35,NORMA-14787,951
35,NORMA-4435,952
35,NORMA-20882,953
35,NORMA-14213,954
35,NORMA-7305,955
35,NORMA-7558,956
35,NORMA-20914,957
35,NORMA-20568,958
35,NORMA-5785,959
35,NORMA-21300,960
35,NORMA-4746,961
35,NORMA-9199,962
35,NORMA-209,963
35,NORMA-21491,964
35,NORMA-20919,965
35,NORMA-20905,966
35,NORMA-14439,967
35,NORMA-4072,968
35,NORMA-4472,969
35,NORMA-4073,970
35,NORMA-19917,971
35,NORMA-4274,972
35,NORMA-2184,973
35,NORMA-5920,974
35,NORMA-27001,975
35,NORMA-4017,976
35,NORMA-13379,977
35,NORMA-26141,978
35,NORMA-6256,979
35,NORMA-20837,980
35,NORMA-11952,981
35,NORMA-21694,982
35,NORMA-1981,983
35,NORMA-5008,984
35,NORMA-20448,985
35,NORMA-10831,986
35,NORMA-5290,987
35,NORMA-5141,988
35,NORMA-7205,989
35,NORMA-4235,990
35,NORMA-14529,991
35,NORMA-19241,992
35,NORMA-19992,993
35,NORMA-5192,994
35,NORMA-6215,995
35,NORMA-20708,996
35,NORMA-18724,997
35,NORMA-10232,998
35,NORMA-3524,999
35,NORMA-19444,1000
37,NORMA-15561,1
37,NORMA-20577,2
37,NORMA-21661,3
37,NORMA-11766,4
37,NORMA-3241,5
37,NORMA-28961,6
37,NORMA-19805,7
37,NORMA-18954,8
37,NORMA-17301,9
37,NORMA-2415,10
37,NORMA-2444,11
37,NORMA-20677,12
37,NORMA-2554,13
37,NORMA-1621,14
37,NORMA-19803,15
37,NORMA-464,16
37,NORMA-19854,17
37,NORMA-15701,18
37,NORMA-21625,19
37,NORMA-19573,20
37,NORMA-1408,21
37,NORMA-6215,22
37,NORMA-7446,23
37,NORMA-20948,24
37,NORMA-20800,25
37,NORMA-4910,26
37,NORMA-8600,27
37,NORMA-5298,28
37,NORMA-14895,29
37,NORMA-21199,30
37,NORMA-20164,31
37,NORMA-18809,32
37,NORMA-19092,33
37,NORMA-15581,34
37,NORMA-19233,35
37,NORMA-3524,36
37,NORMA-4274,37
37,NORMA-12048,38
37,NORMA-11571,39
37,NORMA-21496,40
37,NORMA-3689,41
37,NORMA-3833,42
37,NORMA-5035,43
37,NORMA-20246,44
37,NORMA-1217,45
37,NORMA-20633,46
37,NORMA-27721,47
37,NORMA-6235,48
37,NORMA-21664,49
37,NORMA-20599,50
37,NORMA-11868,51
37,NORMA-18981,52
37,NORMA-4180,53
37,NORMA-18458,54
37,NORMA-12160,55
37,NORMA-1863,56
37,NORMA-8554,57
37,NORMA-3281,58
37,NORMA-1667,59
37,NORMA-19551,60
37,NORMA-7606,61
37,NORMA-21227,62
37,NORMA-4178,63
37,NORMA-8225,64
37,NORMA-12107,65
37,NORMA-5034,66
37,NORMA-13474,67
37,NORMA-4017,68
37,NORMA-5978,69
37,NORMA-6577,70
37,NORMA-6214,71
37,NORMA-19160,72
37,NORMA-850,73
37,NORMA-5375,74
37,NORMA-2551,75
37,NORMA-10233,76
37,NORMA-11577,77
37,NORMA-984,78
37,NORMA-5475,79
37,NORMA-15882,80
37,NORMA-5290,81
37,NORMA-19809,82
37,NORMA-7802,83
37,NORMA-19895,84
37,NORMA-18406,85
37,NORMA-28362,86
37,NORMA-3671,87
37,NORMA-8552,88
37,NORMA-6355,89
37,NORMA-10232,90
37,NORMA-11572,91
37,NORMA-18436,92
37,NORMA-21299,93
37,NORMA-12049,94
37,NORMA-11578,95
37,NORMA-4473,96
37,NORMA-2395,97
37,NORMA-21126,98
37,NORMA-4913,99
37,NORMA-9271,100
37,NORMA-19315,101
37,NORMA-19107,102
37,NORMA-833,103
37,NORMA-19382,104
37,NORMA-9596,105
37,NORMA-21214,106
37,NORMA-12236,107
37,NORMA-9018,108
37,NORMA-4132,109
37,NORMA-11547,110
37,NORMA-751,111
37,NORMA-553,112
37,NORMA-5432,113
37,NORMA-20567,114
37,NORMA-21015,115
37,NORMA-5288,116
37,NORMA-18622,117
37,NORMA-18383,118
37,NORMA-14140,119
37,NORMA-75,120
37,NORMA-9345,121
37,NORMA-20941,122
37,NORMA-27551,123
37,NORMA-3594,124
37,NORMA-18376,125
37,NORMA-11304,126
37,NORMA-20252,127
37,NORMA-11631,128
37,NORMA-11804,129
37,NORMA-27461,130
37,NORMA-6191,131
37,NORMA-1346,132
37,NORMA-9529,133
37,NORMA-18340,134
37,NORMA-3648,135
37,NORMA-3967,136
37,NORMA-21552,137
37,NORMA-1334,138
37,NORMA-18442,139
37,NORMA-18692,140
37,NORMA-5497,141
37,NORMA-4073,142
37,NORMA-4358,143
37,NORMA-20624,144
37,NORMA-20241,145
37,NORMA-1609,146
37,NORMA-19893,147
37,NORMA-18417,148
37,NORMA-7205,149
37,NORMA-206,150
37,NORMA-1603,151
37,NORMA-13128,152
37,NORMA-4015,153
37,NORMA-20561,154
37,NORMA-8599,155
37,NORMA-10514,156
37,NORMA-875,157
37,NORMA-18353,158
37,NORMA-1306,159
37,NORMA-21223,160
37,NORMA-11714,161
37,NORMA-29186,162
37,NORMA-18236,163
37,NORMA-19638,164
37,NORMA-5920,165
37,NORMA-18912,166
37,NORMA-21014,167
37,NORMA-835,168
37,NORMA-7432,169
37,NORMA-11621,170
37,NORMA-11328,171
37,NORMA-11560,172
37,NORMA-28243,173
37,NORMA-1649,174
37,NORMA-20281,175
37,NORMA-19637,176
37,NORMA-21550,177
37,NORMA-4072,178
37,NORMA-2456,179
37,NORMA-18278,180
37,NORMA-27444,181
37,NORMA-2057,182
37,NORMA-16444,183
37,NORMA-3915,184
37,NORMA-358,185
37,NORMA-4420,186
37,NORMA-5676,187
37,NORMA-1144,188
37,NORMA-20684,189
37,NORMA-4793,190
37,NORMA-18318,191
37,NORMA-19096,192
37,NORMA-19173,193
37,NORMA-4853,194
37,NORMA-4884,195
37,NORMA-4313,196
37,NORMA-11872,197
37,NORMA-8553,198
37,NORMA-222,199
37,NORMA-14738,200
37,NORMA-6575,201
37,NORMA-2188,202
37,NORMA-21030,203
37,NORMA-18798,204
37,NORMA-5955,205
37,NORMA-20818,206
37,NORMA-14308,207
37,NORMA-2490,208
37,NORMA-11792,209
37,NORMA-21254,210
37,NORMA-13423,211
37,NORMA-18694,212
37,NORMA-15521,213
37,NORMA-18862,214
37,NORMA-21529,215
37,NORMA-18232,216
37,NORMA-21154,217
37,NORMA-5013,218
37,NORMA-1442,219
37,NORMA-968,220
37,NORMA-4124,221
37,NORMA-11780,222
37,NORMA-19399,223
37,NORMA-23564,224
37,NORMA-5137,225
37,NORMA-5258,226
37,NORMA-5806,227
37,NORMA-18407,228
37,NORMA-11566,229
37,NORMA-19327,230
37,NORMA-5616,231
37,NORMA-12005,232
37,NORMA-11999,233
37,NORMA-5192,234
37,NORMA-11805,235
37,NORMA-11806,236
37,NORMA-18735,237
37,NORMA-18545,238
37,NORMA-4842,239
37,NORMA-12749,240
37,NORMA-13137,241
37,NORMA-21081,242
37,NORMA-61,243
37,NORMA-27250,244
37,NORMA-12015,245
37,NORMA-4569,246
37,NORMA-19031,247
37,NORMA-18525,248
37,NORMA-3473,249
37,NORMA-13923,250
37,NORMA-5821,251
37,NORMA-3605,252
37,NORMA-20425,253
37,NORMA-18510,254
37,NORMA-21579,255
37,NORMA-19030,256
37,NORMA-12002,257
37,NORMA-11790,258
37,NORMA-15110,259
37,NORMA-19380,260
37,NORMA-4978,261
37,NORMA-4071,262
37,NORMA-5895,263
37,NORMA-11576,264
37,NORMA-18534,265
37,NORMA-18492,266
37,NORMA-1607,267
37,NORMA-985,268
37,NORMA-21216,269
37,NORMA-18556,270
37,NORMA-18409,271
37,NORMA-21592,272
37,NORMA-20239,273
37,NORMA-7926,274
37,NORMA-2588,275
37,NORMA-19917,276
37,NORMA-5514,277
37,NORMA-4914,278
37,NORMA-21644,279
37,NORMA-21226,280
37,NORMA-6724,281
37,NORMA-5410,282
37,NORMA-5255,283
37,NORMA-11235,284
37,NORMA-19354,285
37,NORMA-19305,286
37,NORMA-2517,287
37,NORMA-21537,288
37,NORMA-20238,289
37,NORMA-3609,290
37,NORMA-19611,291
37,NORMA-3834,292
37,NORMA-2447,293
37,NORMA-4460,294
37,NORMA-7303,295
37,NORMA-11518,296
37,NORMA-11796,297
37,NORMA-12232,298
37,NORMA-5594,299
37,NORMA-8878,300
37,NORMA-5826,301
37,NORMA-2421,302
37,NORMA-28282,303
37,NORMA-11877,304
37,NORMA-21723,305
37,NORMA-19554,306
37,NORMA-11723,307
37,NORMA-12094,308
37,NORMA-9298,309
37,NORMA-5541,310
37,NORMA-18593,311
37,NORMA-4092,312
37,NORMA-10361,313
37,NORMA-6813,314
37,NORMA-4125,315
37,NORMA-6731,316
37,NORMA-11598,317
37,NORMA-20706,318
37,NORMA-19818,319
37,NORMA-18478,320
37,NORMA-20050,321
37,NORMA-19621,322
37,NORMA-15542,323
37,NORMA-19033,324
37,NORMA-11767,325
37,NORMA-20973,326
37,NORMA-14671,327
37,NORMA-5105,328
37,NORMA-6525,329
37,NORMA-12171,330
37,NORMA-25201,331
37,NORMA-5254,332
37,NORMA-20581,333
37,NORMA-1674,334
37,NORMA-29901,335
37,NORMA-12035,336
37,NORMA-19739,337
37,NORMA-21626,338
37,NORMA-19721,339
37,NORMA-21775,340
37,NORMA-19230,341
37,NORMA-26084,342
37,NORMA-7745,343
37,NORMA-3201,344
37,NORMA-4692,345
37,NORMA-19857,346
37,NORMA-11771,347
37,NORMA-6519,348
37,NORMA-12039,349
37,NORMA-20611,350
37,NORMA-5785,351
37,NORMA-18506,352
37,NORMA-19833,353
37,NORMA-12350,354
37,NORMA-12019,355
37,NORMA-4560,356
37,NORMA-15013,357
37,NORMA-21615,358
37,NORMA-12249,359
37,NORMA-20063,360
37,NORMA-6348,361
37,NORMA-5127,362
37,NORMA-1388,363
37,NORMA-18635,364
37,NORMA-21527,365
37,NORMA-11558,366
37,NORMA-19094,367
37,NORMA-385,368
37,NORMA-20773,369
37,NORMA-11523,370
37,NORMA-7107,371
37,NORMA-19663,372
37,NORMA-3570,373
37,NORMA-20157,374
37,NORMA-21262,375
37,NORMA-21468,376
37,NORMA-6786,377
37,NORMA-12103,378
37,NORMA-3633,379
37,NORMA-11205,380
37,NORMA-27022,381
37,NORMA-18958,382
37,NORMA-6764,383
37,NORMA-9280,384
37,NORMA-1002,385
37,NORMA-3381,386
37,NORMA-18742,387
37,NORMA-16582,388
37,NORMA-19229,389
37,NORMA-12542,390
37,NORMA-1714,391
37,NORMA-1175,392
37,NORMA-21339,393
37,NORMA-12010,394
37,NORMA-19768,395
37,NORMA-5247,396
37,NORMA-5103,397
37,NORMA-12202,398
37,NORMA-7050,399
37,NORMA-19647,400
37,NORMA-19129,401
37,NORMA-14307,402
37,NORMA-19633,403
37,NORMA-21758,404
37,NORMA-11798,405
37,NORMA-6001,406
37,NORMA-19462,407
37,NORMA-4090,408
37,NORMA-12234,409
37,NORMA-12014,410
37,NORMA-20269,411
37,NORMA-1223,412
37,NORMA-3842,413
37,NORMA-6847,414
37,NORMA-6460,415
37,NORMA-18985,416
37,NORMA-19161,417
37,NORMA-19608,418
37,NORMA-12006,419
37,NORMA-6399,420
37,NORMA-2558,421
37,NORMA-3964,422
37,NORMA-7123,423
37,NORMA-21765,424
37,NORMA-21558,425
37,NORMA-217,426
37,NORMA-18493,427
37,NORMA-5398,428
37,NORMA-12026,429
37,NORMA-2056,430
37,NORMA-3680,431
37,NORMA-976,432
37,NORMA-5828,433
37,NORMA-219,434
37,NORMA-28466,435
37,NORMA-3716,436
37,NORMA-6721,437
37,NORMA-4843,438
37,NORMA-6480,439
37,NORMA-5036,440
37,NORMA-4756,441
37,NORMA-11679,442
37,NORMA-7090,443
37,NORMA-19197,444
37,NORMA-802,445
37,NORMA-6060,446
37,NORMA-20659,447
37,NORMA-5012,448
37,NORMA-4398,449
37,NORMA-21682,450
37,NORMA-1098,451
37,NORMA-18265,452
37,NORMA-19122,453
37,NORMA-19272,454
37,NORMA-7430,455
37,NORMA-7622,456
37,NORMA-21593,457
37,NORMA-21326,458
37,NORMA-12248,459
37,NORMA-19559,460
37,NORMA-12228,461
37,NORMA-13741,462
37,NORMA-6166,463
37,NORMA-21599,464
37,NORMA-736,465
37,NORMA-1407,466
37,NORMA-21308,467
37,NORMA-19773,468
37,NORMA-2496,469
37,NORMA-15073,470
37,NORMA-20572,471
37,NORMA-20802,472
37,NORMA-5493,473
37,NORMA-12246,474
37,NORMA-2158,475
37,NORMA-6739,476
37,NORMA-4689,477
37,NORMA-19849,478
37,NORMA-11769,479
37,NORMA-2184,480
37,NORMA-11920,481
37,NORMA-20768,482
37,NORMA-4077,483
37,NORMA-19291,484
37,NORMA-834,485
37,NORMA-21207,486
37,NORMA-21519,487
37,NORMA-7547,488
37,NORMA-5555,489
37,NORMA-5833,490
37,NORMA-12009,491
37,NORMA-2157,492
37,NORMA-3901,493
37,NORMA-19398,494
37,NORMA-18898,495
37,NORMA-19808,496
37,NORMA-2425,497
37,NORMA-969,498
37,NORMA-4259,499
37,NORMA-4300,500
37,NORMA-19546,501
37,NORMA-6199,502
37,NORMA-19440,503
37,NORMA-180,504
37,NORMA-19563,505
37,NORMA-21230,506
37,NORMA-3872,507
37,NORMA-6579,508
37,NORMA-7388,509
37,NORMA-20305,510
37,NORMA-2531,511
37,NORMA-4414,512
37,NORMA-4016,513
37,NORMA-19699,514
37,NORMA-18301,515
37,NORMA-9008,516
37,NORMA-3651,517
37,NORMA-4691,518
37,NORMA-11765,519
37,NORMA-20673,520
37,NORMA-19249,521
37,NORMA-21306,522
37,NORMA-660,523
37,NORMA-19894,524
37,NORMA-19744,525
37,NORMA-19529,526
37,NORMA-10295,527
37,NORMA-12099,528
37,NORMA-20793,529
37,NORMA-21531,530
37,NORMA-4802,531
37,NORMA-21010,532
37,NORMA-996,533
37,NORMA-6065,534
37,NORMA-7925,535
37,NORMA-1332,536
37,NORMA-19963,537
37,NORMA-18247,538
37,NORMA-1995,539
37,NORMA-18625,540
37,NORMA-3382,541
37,NORMA-16321,542
37,NORMA-1541,543
37,NORMA-2694,544
37,NORMA-21532,545
37,NORMA-19481,546
37,NORMA-1776,547
37,NORMA-11857,548
37,NORMA-2367,549
37,NORMA-19460,550
37,NORMA-31904,551
37,NORMA-11385,552
37,NORMA-12027,553
37,NORMA-9320,554
37,NORMA-21686,555
37,NORMA-19792,556
37,NORMA-11517,557
37,NORMA-20623,558
37,NORMA-18744,559
37,NORMA-12942,560
37,NORMA-6144,561
37,NORMA-20770,562
37,NORMA-10661,563
37,NORMA-21190,564
37,NORMA-20817,565
37,NORMA-12030,566
37,NORMA-7384,567
37,NORMA-20873,568
37,NORMA-7628,569
37,NORMA-11776,570
37,NORMA-6802,571
37,NORMA-20185,572
37,NORMA-6181,573
37,NORMA-19485,574
37,NORMA-1151,575
37,NORMA-18343,576
37,NORMA-9834,577
37,NORMA-11522,578
37,NORMA-21104,579
37,NORMA-10118,580
37,NORMA-1994,581
37,NORMA-5747,582
37,NORMA-6630,583
37,NORMA-28221,584
37,NORMA-6778,585
37,NORMA-21675,586
37,NORMA-1390,587
37,NORMA-3970,588
37,NORMA-1981,589
37,NORMA-28281,590
37,NORMA-19110,591
37,NORMA-21147,592
37,NORMA-21739,593
37,NORMA-11667,594
37,NORMA-1421,595
37,NORMA-3924,596
37,NORMA-28821,597
37,NORMA-4646,598
37,NORMA-19838,599
37,NORMA-19293,600
37,NORMA-18226,601
37,NORMA-13860,602
37,NORMA-19558,603
37,NORMA-15128,604
37,NORMA-18964,605
37,NORMA-7448,606
37,NORMA-20701,607
37,NORMA-21714,608
37,NORMA-15004,609
37,NORMA-11671,610
37,NORMA-21237,611
37,NORMA-10180,612
37,NORMA-18309,613
37,NORMA-1583,614
37,NORMA-6861,615
37,NORMA-21427,616
37,NORMA-21314,617
37,NORMA-7543,618
37,NORMA-8928,619
37,NORMA-1720,620
37,NORMA-24583,621
37,NORMA-21763,622
37,NORMA-1171,623
37,NORMA-4296,624
37,NORMA-19246,625
37,NORMA-20767,626
37,NORMA-19356,627
37,NORMA-6523,628
37,NORMA-4472,629
37,NORMA-12020,630
37,NORMA-11029,631
37,NORMA-10920,632
37,NORMA-4710,633
37,NORMA-11998,634
37,NORMA-11569,635
37,NORMA-20087,636
37,NORMA-1516,637
37,NORMA-6684,638
37,NORMA-12882,639
37,NORMA-20928,640
37,NORMA-14206,641
37,NORMA-19753,642
37,NORMA-5219,643
37,NORMA-11556,644
37,NORMA-72,645
37,NORMA-19284,646
37,NORMA-20750,647
37,NORMA-18477,648
37,NORMA-18942,649
37,NORMA-19183,650
37,NORMA-328,651
37,NORMA-4694,652
37,NORMA-5543,653
37,NORMA-6346,654
37,NORMA-20715,655
37,NORMA-21490,656
37,NORMA-4912,657
37,NORMA-16267,658
37,NORMA-11669,659
37,NORMA-11473,660
37,NORMA-5909,661
37,NORMA-3789,662
37,NORMA-19283,663
37,NORMA-20558,664
37,NORMA-18446,665
37,NORMA-18520,666
37,NORMA-19916,667
37,NORMA-19258,668
37,NORMA-11516,669
37,NORMA-5166,670
37,NORMA-13667,671
37,NORMA-6780,672
37,NORMA-5816,673
37,NORMA-7976,674
37,NORMA-1286,675
37,NORMA-18688,676
37,NORMA-19029,677
37,NORMA-554,678
37,NORMA-11875,679
37,NORMA-6955,680
37,NORMA-974,681
37,NORMA-5549,682
37,NORMA-332,683
37,NORMA-581,684
37,NORMA-19401,685
37,NORMA-21453,686
37,NORMA-20754,687
37,NORMA-8096,688
37,NORMA-19454,689
37,NORMA-6316,690
37,NORMA-2269,691
37,NORMA-7779,692
37,NORMA-20078,693
37,NORMA-11587,694
37,NORMA-6183,695
37,NORMA-7553,696
37,NORMA-1398,697
37,NORMA-11710,698
37,NORMA-13660,699
37,NORMA-19937,700
37,NORMA-11318,701
37,NORMA-1178,702
37,NORMA-19476,703
37,NORMA-18771,704
37,NORMA-27622,705
37,NORMA-19498,706
37,NORMA-19177,707
37,NORMA-7092,708
37,NORMA-8555,709
37,NORMA-12102,710
37,NORMA-1812,711
37,NORMA-11930,712
37,NORMA-9425,713
37,NORMA-21244,714
37,NORMA-12055,715
37,NORMA-7466,716
37,NORMA-6262,717
37,NORMA-7866,718
37,NORMA-6967,719
37,NORMA-20595,720
37,NORMA-6356,721
37,NORMA-220,722
37,NORMA-12969,723
37,NORMA-1365,724
37,NORMA-3529,725
37,NORMA-18516,726
37,NORMA-3985,727
37,NORMA-5542,728
37,NORMA-18921,729
37,NORMA-12235,730
37,NORMA-11793,731
37,NORMA-5885,732
37,NORMA-11864,733
37,NORMA-20766,734
37,NORMA-19649,735
37,NORMA-11565,736
37,NORMA-11802,737
37,NORMA-2567,738
37,NORMA-21336,739
37,NORMA-9521,740
37,NORMA-20261,741
37,NORMA-9907,742
37,NORMA-2171,743
37,NORMA-1341,744
37,NORMA-2137,745
37,NORMA-2185,746
37,NORMA-12513,747
37,NORMA-20803,748
37,NORMA-19311,749
37,NORMA-11109,750
37,NORMA-1173,751
37,NORMA-5942,752
37,NORMA-20764,753
37,NORMA-29161,754
37,NORMA-11779,755
37,NORMA-8815,756
37,NORMA-18817,757
37,NORMA-20069,758
37,NORMA-7153,759
37,NORMA-5868,760
37,NORMA-28781,761
37,NORMA-5526,762
37,NORMA-5051,763
37,NORMA-11562,764
37,NORMA-1545,765
37,NORMA-18693,766
37,NORMA-1987,767
37,NORMA-21430,768
37,NORMA-21248,769
37,NORMA-19908,770
37,NORMA-21715,771
37,NORMA-11597,772
37,NORMA-19959,773
37,NORMA-21681,774
37,NORMA-21152,775
37,NORMA-18804,776
37,NORMA-7129,777
37,NORMA-2162,778
37,NORMA-18387,779
37,NORMA-4415,780
37,NORMA-18882,781
37,NORMA-10548,782
37,NORMA-357,783
37,NORMA-21680,784
37,NORMA-13534,785
37,NORMA-19537,786
37,NORMA-20428,787
37,NORMA-20579,788
37,NORMA-20264,789
37,NORMA-5421,790
37,NORMA-21627,791
37,NORMA-11688,792
37,NORMA-462,793
37,NORMA-4693,794
37,NORMA-11209,795
37,NORMA-8522,796
37,NORMA-9561,797
37,NORMA-20445,798
37,NORMA-14371,799
37,NORMA-20061,800
37,NORMA-16323,801
37,NORMA-19644,802
37,NORMA-8027,803
37,NORMA-21011,804
37,NORMA-20254,805
37,NORMA-19682,806
37,NORMA-19162,807
37,NORMA-26083,808
37,NORMA-11670,809
37,NORMA-12165,810
37,NORMA-2032,811
37,NORMA-21431,812
37,NORMA-9384,813
37,NORMA-11406,814
37,NORMA-19801,815
37,NORMA-19515,816
37,NORMA-21239,817
37,NORMA-21356,818
37,NORMA-11870,819
37,NORMA-2522,820
37,NORMA-21574,821
37,NORMA-18621,822
37,NORMA-19055,823
37,NORMA-27861,824
37,NORMA-10377,825
37,NORMA-19790,826
37,NORMA-28361,827
37,NORMA-3785,828
37,NORMA-11754,829
37,NORMA-5437,830
37,NORMA-20741,831
37,NORMA-21333,832
37,NORMA-27585,833
37,NORMA-4480,834
37,NORMA-11716,835
37,NORMA-6573,836
37,NORMA-20242,837
37,NORMA-18883,838
37,NORMA-11141,839
37,NORMA-5406,840
37,NORMA-11574,841
37,NORMA-19355,842
37,NORMA-9565,843
37,NORMA-11663,844
37,NORMA-21487,845
37,NORMA-21265,846
37,NORMA-18334,847
37,NORMA-4690,848
37,NORMA-3849,849
37,NORMA-18740,850
37,NORMA-11768,851
37,NORMA-21127,852
37,NORMA-11528,853
37,NORMA-856,854
37,NORMA-5118,855
37,NORMA-9194,856
37,NORMA-53,857
37,NORMA-19385,858
37,NORMA-4648,859
37,NORMA-20653,860
37,NORMA-28342,861
37,NORMA-20161,862
37,NORMA-13924,863
37,NORMA-26085,864
37,NORMA-19255,865
37,NORMA-15662,866
37,NORMA-6136,867
37,NORMA-12351,868
37,NORMA-12012,869
37,NORMA-15781,870
37,NORMA-3508,871
37,NORMA-20735,872
37,NORMA-20070,873
37,NORMA-8733,874
37,NORMA-19729,875
37,NORMA-19617,876
37,NORMA-21110,877
37,NORMA-7422,878
37,NORMA-4561,879
37,NORMA-20789,880
37,NORMA-1163,881
37,NORMA-19504,882
37,NORMA-3728,883
37,NORMA-19270,884
37,NORMA-12394,885
37,NORMA-6035,886
37,NORMA-19038,887
37,NORMA-15099,888
37,NORMA-3814,889
37,NORMA-1826,890
37,NORMA-6398,891
37,NORMA-19077,892
37,NORMA-3996,893
37,NORMA-6088,894
37,NORMA-2627,895
37,NORMA-6433,896
37,NORMA-11620,897
37,NORMA-20263,898
37,NORMA-18549,899
37,NORMA-14280,900
37,NORMA-20557,901
37,NORMA-19932,902
37,NORMA-12031,903
37,NORMA-14116,904
37,NORMA-7216,905
37,NORMA-19469,906
37,NORMA-18674,907
37,NORMA-19547,908
37,NORMA-19556,909
37,NORMA-11610,910
37,NORMA-5376,911
37,NORMA-22561,912
37,NORMA-4882,913
37,NORMA-19351,914
37,NORMA-6212,915
37,NORMA-4091,916
37,NORMA-2249,917
37,NORMA-12140,918
37,NORMA-27064,919
37,NORMA-8113,920
37,NORMA-4492,921
37,NORMA-5048,922
37,NORMA-3515,923
37,NORMA-21690,924
37,NORMA-7021,925
37,NORMA-18633,926
37,NORMA-19495,927
37,NORMA-14835,928
37,NORMA-18892,929
37,NORMA-18453,930
37,NORMA-20615,931
37,NORMA-6880,932
37,NORMA-4686,933
37,NORMA-19853,934
37,NORMA-7921,935
37,NORMA-21556,936
37,NORMA-11838,937
37,NORMA-14874,938
37,NORMA-20047,939
37,NORMA-19599,940
37,NORMA-11563,941
37,NORMA-1611,942
37,NORMA-15941,943
37,NORMA-18531,944
37,NORMA-15198,945
37,NORMA-18544,946
37,NORMA-6978,947
37,NORMA-12052,948
37,NORMA-18955,949
37,NORMA-12021,950
37,NORMA-2519,951
37,NORMA-19841,952
37,NORMA-27063,953
37,NORMA-20043,954
37,NORMA-21766,955
37,NORMA-21762,956
37,NORMA-754,957
37,NORMA-18728,958
37,NORMA-59,959
37,NORMA-3653,960
37,NORMA-3965,961
37,NORMA-4035,962
37,NORMA-25862,963
37,NORMA-18953,964
37,NORMA-10251,965
37,NORMA-20944,966
37,NORMA-1026,967
37,NORMA-21099,968
37,NORMA-20625,969
37,NORMA-12255,970
37,NORMA-11834,971
37,NORMA-11997,972
37,NORMA-11866,973
37,NORMA-19497,974
37,NORMA-178,975
37,NORMA-11603,976
37,NORMA-19486,977
37,NORMA-21683,978
37,NORMA-21533,979
37,NORMA-19757,980
37,NORMA-5494,981
37,NORMA-9312,982
37,NORMA-7381,983
37,NORMA-16743,984
37,NORMA-15653,985
37,NORMA-11758,986
37,NORMA-14661,987
37,NORMA-19409,988
37,NORMA-11418,989
37,NORMA-26841,990
37,NORMA-9313,991
37,NORMA-17541,992
37,NORMA-14614,993
37,NORMA-143,994
37,NORMA-21659,995
37,NORMA-20170,996
37,NORMA-21607,997
37,NORMA-7234,998
37,NORMA-9857,999
37,NORMA-11865,1000
38,NORMA-20252,1
38,NORMA-18478,2
38,NORMA-20604,3
38,NORMA-229,4
38,NORMA-2109,5
38,NORMA-20873,6
38,NORMA-20572,7
38,NORMA-962,8
38,NORMA-18226,9
38,NORMA-1826,10
38,NORMA-20576,11
38,NORMA-19354,12
38,NORMA-19554,13
38,NORMA-20571,14
38,NORMA-20594,15
38,NORMA-21175,16
38,NORMA-217,17
38,NORMA-20871,18
38,NORMA-20760,19
38,NORMA-20251,20
38,NORMA-20701,21
38,NORMA-1113,22
38,NORMA-20828,23
38,NORMA-21314,24
38,NORMA-21758,25
38,NORMA-20164,26
38,NORMA-20567,27
38,NORMA-21527,28
38,NORMA-20885,29
38,NORMA-754,30
38,NORMA-1366,31
38,NORMA-75,32
38,NORMA-21339,33
38,NORMA-21682,34
38,NORMA-20856,35
38,NORMA-1317,36
38,NORMA-20277,37
38,NORMA-19462,38
38,NORMA-19033,39
38,NORMA-1671,40
38,NORMA-19766,41
38,NORMA-20753,42
38,NORMA-878,43
38,NORMA-838,44
38,NORMA-19731,45
38,NORMA-2183,46
38,NORMA-594,47
38,NORMA-178,48
38,NORMA-2118,49
38,NORMA-20677,50
38,NORMA-478,51
38,NORMA-309,52
38,NORMA-20706,53
38,NORMA-749,54
38,NORMA-332,55
38,NORMA-1341,56
38,NORMA-20573,57
38,NORMA-2567,58
38,NORMA-727,59
38,NORMA-19031,60
38,NORMA-2184,61
38,NORMA-2503,62
38,NORMA-1250,63
38,NORMA-21156,64
38,NORMA-21173,65
38,NORMA-20281,66
38,NORMA-20568,67
38,NORMA-82,68
38,NORMA-19556,69
38,NORMA-2093,70
38,NORMA-1603,71
38,NORMA-1223,72
38,NORMA-228,73
38,NORMA-2032,74
38,NORMA-20556,75
38,NORMA-602,76
38,NORMA-8774,77
38,NORMA-2425,78
38,NORMA-20818,79
38,NORMA-20245,80
38,NORMA-18542,81
38,NORMA-280,82
38,NORMA-18681,83
38,NORMA-1649,84
38,NORMA-220,85
38,NORMA-20241,86
38,NORMA-20948,87
38,NORMA-2089,88
38,NORMA-20590,89
38,NORMA-211,90
38,NORMA-20616,91
38,NORMA-1141,92
38,NORMA-20770,93
38,NORMA-2554,94
38,NORMA-380,95
38,NORMA-1337,96
38,NORMA-1283,97
38,NORMA-19701,98
38,NORMA-2158,99
38,NORMA-2126,100
38,NORMA-2484,101
38,NORMA-20944,102
38,NORMA-2517,103
38,NORMA-19128,104
38,NORMA-2269,105
38,NORMA-995,106
38,NORMA-20851,107
38,NORMA-19809,108
38,NORMA-24,109
38,NORMA-20254,110
38,NORMA-2542,111
38,NORMA-2066,112
38,NORMA-20512,113
38,NORMA-21035,114
38,NORMA-20253,115
38,NORMA-834,116
38,NORMA-54,117
38,NORMA-18333,118
38,NORMA-18630,119
38,NORMA-20287,120
38,NORMA-20305,121
38,NORMA-938,122
38,NORMA-28181,123
38,NORMA-835,124
38,NORMA-1535,125
38,NORMA-462,126
38,NORMA-21519,127
38,NORMA-3201,128
38,NORMA-2056,129
38,NORMA-19465,130
38,NORMA-18931,131
38,NORMA-18430,132
38,NORMA-1663,133
38,NORMA-778,134
38,NORMA-159,135
38,NORMA-20599,136
38,NORMA-1991,137
38,NORMA-26,138
38,NORMA-19369,139
38,NORMA-833,140
38,NORMA-18796,141
38,NORMA-587,142
38,NORMA-2483,143
38,NORMA-19849,144
38,NORMA-20976,145
38,NORMA-588,146
38,NORMA-1641,147
38,NORMA-1147,148
38,NORMA-19034,149
38,NORMA-2018,150
38,NORMA-61,151
38,NORMA-1088,152
38,NORMA-1421,153
38,NORMA-19803,154
38,NORMA-224,155
38,NORMA-19960,156
38,NORMA-4588,157
38,NORMA-1965,158
38,NORMA-1510,159
38,NORMA-20846,160
38,NORMA-21496,161
38,NORMA-20971,162
38,NORMA-20561,163
38,NORMA-2383,164
38,NORMA-1406,165
38,NORMA-581,166
38,NORMA-19446,167
38,NORMA-20923,168
38,NORMA-2509,169
38,NORMA-18325,170
38,NORMA-1013,171
38,NORMA-2490,172
38,NORMA-20096,173
38,NORMA-20938,174
38,NORMA-21025,175
38,NORMA-1211,176
38,NORMA-20070,177
38,NORMA-21315,178
38,NORMA-20238,179
38,NORMA-21199,180
38,NORMA-18413,181
38,NORMA-14570,182
38,NORMA-2478,183
38,NORMA-1945,184
38,NORMA-20610,185
38,NORMA-20065,186
38,NORMA-18477,187
38,NORMA-122,188
38,NORMA-1026,189
38,NORMA-1370,190
38,NORMA-20425,191
38,NORMA-2399,192
38,NORMA-222,193
38,NORMA-19684,194
38,NORMA-20189,195
38,NORMA-1024,196
38,NORMA-2496,197
38,NORMA-20246,198
38,NORMA-20215,199
38,NORMA-1983,200
38,NORMA-18893,201
38,NORMA-19164,202
38,NORMA-2083,203
38,NORMA-2453,204
38,NORMA-2534,205
38,NORMA-2176,206
38,NORMA-209,207
38,NORMA-573,208
38,NORMA-475,209
38,NORMA-18222,210
38,NORMA-20940,211
38,NORMA-20624,212
38,NORMA-20732,213
38,NORMA-20934,214
38,NORMA-479,215
38,NORMA-1137,216
38,NORMA-19666,217
38,NORMA-850,218
38,NORMA-18891,219
38,NORMA-20180,220
38,NORMA-18506,221
38,NORMA-21456,222
38,NORMA-534,223
38,NORMA-1534,224
38,NORMA-3965,225
38,NORMA-11598,226
38,NORMA-3907,227
38,NORMA-21169,228
38,NORMA-19475,229
38,NORMA-3381,230
38,NORMA-7606,231
38,NORMA-2378,232
38,NORMA-19977,233
38,NORMA-21190,234
38,NORMA-20451,235
38,NORMA-783,236
38,NORMA-20724,237
38,NORMA-19359,238
38,NORMA-680,239
38,NORMA-20680,240
38,NORMA-18546,241
38,NORMA-21650,242
38,NORMA-188,243
38,NORMA-1573,244
38,NORMA-20733,245
38,NORMA-20817,246
38,NORMA-19841,247
38,NORMA-20803,248
38,NORMA-1516,249
38,NORMA-10233,250
38,NORMA-21143,251
38,NORMA-21567,252
38,NORMA-124,253
38,NORMA-18385,254
38,NORMA-2386,255
38,NORMA-2568,256
38,NORMA-15902,257
38,NORMA-705,258
38,NORMA-20861,259
38,NORMA-20621,260
38,NORMA-292,261
38,NORMA-2009,262
38,NORMA-646,263
38,NORMA-18247,264
38,NORMA-7432,265
38,NORMA-21014,266
38,NORMA-265,267
38,NORMA-15881,268
38,NORMA-17221,269
38,NORMA-837,270
38,NORMA-1648,271
38,NORMA-20682,272
38,NORMA-53,273
38,NORMA-423,274
38,NORMA-21326,275
38,NORMA-560,276
38,NORMA-18580,277
38,NORMA-18804,278
38,NORMA-2531,279
38,NORMA-20957,280
38,NORMA-4254,281
38,NORMA-2180,282
38,NORMA-1154,283
38,NORMA-21239,284
38,NORMA-1408,285
38,NORMA-2171,286
38,NORMA-19014,287
38,NORMA-20270,288
38,NORMA-12048,289
38,NORMA-208,290
38,NORMA-1353,291
38,NORMA-20867,292
38,NORMA-21790,293
38,NORMA-7205,294
38,NORMA-509,295
38,NORMA-19903,296
38,NORMA-21508,297
38,NORMA-2069,298
38,NORMA-21189,299
38,NORMA-25862,300
38,NORMA-396,301
38,NORMA-2395,302
38,NORMA-4539,303
38,NORMA-1332,304
38,NORMA-21489,305
38,NORMA-1694,306
38,NORMA-1033,307
38,NORMA-766,308
38,NORMA-210,309
38,NORMA-21127,310
38,NORMA-20773,311
38,NORMA-1175,312
38,NORMA-21544,313
38,NORMA-18958,314
38,NORMA-1555,315
38,NORMA-807,316
38,NORMA-618,317
38,NORMA-20919,318
38,NORMA-2508,319
38,NORMA-18337,320
38,NORMA-2144,321
38,NORMA-1474,322
38,NORMA-19609,323
38,NORMA-21525,324
38,NORMA-889,325
38,NORMA-875,326
38,NORMA-2519,327
38,NORMA-358,328
38,NORMA-26201,329
38,NORMA-1398,330
38,NORMA-4569,331
38,NORMA-215,332
38,NORMA-21093,333
38,NORMA-21110,334
38,NORMA-11187,335
38,NORMA-1092,336
38,NORMA-21300,337
38,NORMA-14280,338
38,NORMA-595,339
38,NORMA-1966,340
38,NORMA-251,341
38,NORMA-21531,342
38,NORMA-232,343
38,NORMA-1224,344
38,NORMA-20910,345
38,NORMA-20206,346
38,NORMA-8522,347
38,NORMA-4092,348
38,NORMA-6215,349
38,NORMA-92,350
38,NORMA-1132,351
38,NORMA-1098,352
38,NORMA-1419,353
38,NORMA-1416,354
38,NORMA-19798,355
38,NORMA-20605,356
38,NORMA-1173,357
38,NORMA-19386,358
38,NORMA-631,359
38,NORMA-464,360
38,NORMA-711,361
38,NORMA-21309,362
38,NORMA-21664,363
38,NORMA-1222,364
38,NORMA-19853,365
38,NORMA-20899,366
38,NORMA-19461,367
38,NORMA-19308,368
38,NORMA-20802,369
38,NORMA-607,370
38,NORMA-21061,371
38,NORMA-19558,372
38,NORMA-2189,373
38,NORMA-1463,374
38,NORMA-6813,375
38,NORMA-1072,376
38,NORMA-20653,377
38,NORMA-10232,378
38,NORMA-19894,379
38,NORMA-21431,380
38,NORMA-18429,381
38,NORMA-20636,382
38,NORMA-19037,383
38,NORMA-21677,384
38,NORMA-11714,385
38,NORMA-19933,386
38,NORMA-20443,387
38,NORMA-819,388
38,NORMA-503,389
38,NORMA-1002,390
38,NORMA-870,391
38,NORMA-20715,392
38,NORMA-19571,393
38,NORMA-5514,394
38,NORMA-18495,395
38,NORMA-7149,396
38,NORMA-5012,397
38,NORMA-20428,398
38,NORMA-2574,399
38,NORMA-20800,400
38,NORMA-20102,401
38,NORMA-1183,402
38,NORMA-21029,403
38,NORMA-1291,404
38,NORMA-21453,405
38,NORMA-1321,406
38,NORMA-1334,407
38,NORMA-5035,408
38,NORMA-20784,409
38,NORMA-20105,410
38,NORMA-1035,411
38,NORMA-968,412
38,NORMA-20581,413
38,NORMA-567,414
38,NORMA-1239,415
38,NORMA-20970,416
38,NORMA-2426,417
38,NORMA-1212,418
38,NORMA-21757,419
38,NORMA-19842,420
38,NORMA-20192,421
38,NORMA-923,422
38,NORMA-1229,423
38,NORMA-1199,424
38,NORMA-19356,425
38,NORMA-18858,426
38,NORMA-19104,427
38,NORMA-19106,428
38,NORMA-2623,429
38,NORMA-2067,430
38,NORMA-20426,431
38,NORMA-1656,432
38,NORMA-974,433
38,NORMA-1046,434
38,NORMA-2727,435
38,NORMA-20959,436
38,NORMA-1988,437
38,NORMA-18879,438
38,NORMA-20767,439
38,NORMA-2551,440
38,NORMA-278,441
38,NORMA-18475,442
38,NORMA-21744,443
38,NORMA-20742,444
38,NORMA-1274,445
38,NORMA-4472,446
38,NORMA-18683,447
38,NORMA-3281,448
38,NORMA-205,449
38,NORMA-11631,450
38,NORMA-20708,451
38,NORMA-6575,452
38,NORMA-2588,453
38,NORMA-18892,454
38,NORMA-18746,455
38,NORMA-20721,456
38,NORMA-20960,457
38,NORMA-1776,458
38,NORMA-1298,459
38,NORMA-796,460
38,NORMA-12005,461
38,NORMA-20805,462
38,NORMA-798,463
38,NORMA-19257,464
38,NORMA-12035,465
38,NORMA-17201,466
38,NORMA-20039,467
38,NORMA-20641,468
38,NORMA-19891,469
38,NORMA-20149,470
38,NORMA-20535,471
38,NORMA-143,472
38,NORMA-18286,473
38,NORMA-20750,474
38,NORMA-19594,475
38,NORMA-20569,476
38,NORMA-2475,477
38,NORMA-253,478
38,NORMA-943,479
38,NORMA-77,480
38,NORMA-729,481
38,NORMA-19417,482
38,NORMA-2146,483
38,NORMA-2660,484
38,NORMA-2371,485
38,NORMA-2010,486
38,NORMA-250,487
38,NORMA-20748,488
38,NORMA-19122,489
38,NORMA-20051,490
38,NORMA-1338,491
38,NORMA-19965,492
38,NORMA-1138,493
38,NORMA-144,494
38,NORMA-736,495
38,NORMA-20849,496
38,NORMA-18952,497
38,NORMA-11798,498
38,NORMA-21107,499
38,NORMA-1362,500
38,NORMA-18637,501
38,NORMA-21541,502
38,NORMA-3821,503
38,NORMA-18254,504
38,NORMA-20764,505
38,NORMA-1713,506
38,NORMA-12049,507
38,NORMA-4344,508
38,NORMA-14581,509
38,NORMA-19651,510
38,NORMA-20768,511
38,NORMA-19893,512
38,NORMA-20929,513
38,NORMA-664,514
38,NORMA-21695,515
38,NORMA-19038,516
38,NORMA-21147,517
38,NORMA-19597,518
38,NORMA-20197,519
38,NORMA-20577,520
38,NORMA-2921,521
38,NORMA-19249,522
38,NORMA-20884,523
38,NORMA-6553,524
38,NORMA-558,525
38,NORMA-20183,526
38,NORMA-19555,527
38,NORMA-19476,528
38,NORMA-20579,529
38,NORMA-4178,530
38,NORMA-1566,531
38,NORMA-21760,532
38,NORMA-2455,533
38,NORMA-20798,534
38,NORMA-20029,535
38,NORMA-1391,536
38,NORMA-1090,537
38,NORMA-1342,538
38,NORMA-12015,539
38,NORMA-19258,540
38,NORMA-976,541
38,NORMA-20185,542
38,NORMA-1084,543
38,NORMA-16361,544
38,NORMA-207,545
38,NORMA-19955,546
38,NORMA-19981,547
38,NORMA-1171,548
38,NORMA-19230,549
38,NORMA-20855,550
38,NORMA-6020,551
38,NORMA-20761,552
38,NORMA-11517,553
38,NORMA-483,554
38,NORMA-21105,555
38,NORMA-20857,556
38,NORMA-19724,557
38,NORMA-19948,558
38,NORMA-19048,559
38,NORMA-20625,560
38,NORMA-11792,561
38,NORMA-19696,562
38,NORMA-19351,563
38,NORMA-20907,564
38,NORMA-7446,565
38,NORMA-19603,566
38,NORMA-11418,567
38,NORMA-5410,568
38,NORMA-18955,569
38,NORMA-1512,570
38,NORMA-15921,571
38,NORMA-1289,572
38,NORMA-18474,573
38,NORMA-6366,574
38,NORMA-20043,575
38,NORMA-19468,576
38,NORMA-11758,577
38,NORMA-19876,578
38,NORMA-19291,579
38,NORMA-230,580
38,NORMA-20239,581
38,NORMA-20261,582
38,NORMA-11621,583
38,NORMA-20930,584
38,NORMA-2415,585
38,NORMA-19486,586
38,NORMA-21336,587
38,NORMA-1620,588
38,NORMA-12019,589
38,NORMA-578,590
38,NORMA-21533,591
38,NORMA-20175,592
38,NORMA-703,593
38,NORMA-966,594
38,NORMA-18435,595
38,NORMA-13923,596
38,NORMA-2005,597
38,NORMA-15561,598
38,NORMA-12234,599
38,NORMA-20660,600
38,NORMA-818,601
38,NORMA-12014,602
38,NORMA-20280,603
38,NORMA-20961,604
38,NORMA-1346,605
38,NORMA-16342,606
38,NORMA-913,607
38,NORMA-11205,608
38,NORMA-4420,609
38,NORMA-5978,610
38,NORMA-7279,611
38,NORMA-20816,612
38,NORMA-20542,613
38,NORMA-19676,614
38,NORMA-19244,615
38,NORMA-751,616
38,NORMA-781,617
38,NORMA-20308,618
38,NORMA-2057,619
38,NORMA-2188,620
38,NORMA-281,621
38,NORMA-20942,622
38,NORMA-19029,623
38,NORMA-1442,624
38,NORMA-18553,625
38,NORMA-1995,626
38,NORMA-20208,627
38,NORMA-20623,628
38,NORMA-7123,629
38,NORMA-8931,630
38,NORMA-9596,631
38,NORMA-18885,632
38,NORMA-21356,633
38,NORMA-5034,634
38,NORMA-252,635
38,NORMA-20772,636
38,NORMA-20566,637
38,NORMA-21427,638
38,NORMA-3241,639
38,NORMA-10830,640
38,NORMA-2233,641
38,NORMA-27686,642
38,NORMA-2432,643
38,NORMA-21215,644
38,NORMA-11735,645
38,NORMA-20834,646
38,NORMA-20169,647
38,NORMA-871,648
38,NORMA-11565,649
38,NORMA-20595,650
38,NORMA-7148,651
38,NORMA-2583,652
38,NORMA-10986,653
38,NORMA-20047,654
38,NORMA-21268,655
38,NORMA-20202,656
38,NORMA-11718,657
38,NORMA-3642,658
38,NORMA-11597,659
38,NORMA-19904,660
38,NORMA-14432,661
38,NORMA-18646,662
38,NORMA-72,663
38,NORMA-19458,664
38,NORMA-3510,665
38,NORMA-16862,666
38,NORMA-18944,667
38,NORMA-19174,668
38,NORMA-2014,669
38,NORMA-1256,670
38,NORMA-19593,671
38,NORMA-19353,672
38,NORMA-477,673
38,NORMA-16341,674
38,NORMA-14307,675
38,NORMA-655,676
38,NORMA-16084,677
38,NORMA-972,678
38,NORMA-20186,679
38,NORMA-261,680
38,NORMA-5013,681
38,NORMA-1217,682
38,NORMA-473,683
38,NORMA-20099,684
38,NORMA-2421,685
38,NORMA-1263,686
38,NORMA-535,687
38,NORMA-480,688
38,NORMA-6235,689
38,NORMA-1426,690
38,NORMA-34,691
38,NORMA-2095,692
38,NORMA-2175,693
38,NORMA-12350,694
38,NORMA-18859,695
38,NORMA-19315,696
38,NORMA-8137,697
38,NORMA-1412,698
38,NORMA-19962,699
38,NORMA-20711,700
38,NORMA-11558,701
38,NORMA-13990,702
38,NORMA-6214,703
38,NORMA-20766,704
38,NORMA-3680,705
38,NORMA-20912,706
38,NORMA-863,707
38,NORMA-21554,708
38,NORMA-12027,709
38,NORMA-12006,710
38,NORMA-27523,711
38,NORMA-2375,712
38,NORMA-19200,713
38,NORMA-21756,714
38,NORMA-20264,715
38,NORMA-20725,716
38,NORMA-782,717
38,NORMA-6665,718
38,NORMA-20432,719
38,NORMA-21195,720
38,NORMA-6621,721
38,NORMA-18425,722
38,NORMA-1718,723
38,NORMA-20558,724
38,NORMA-20304,725
38,NORMA-4793,726
38,NORMA-19309,727
38,NORMA-579,728
38,NORMA-20908,729
38,NORMA-20336,730
38,NORMA-6183,731
38,NORMA-21204,732
38,NORMA-19259,733
38,NORMA-19528,734
38,NORMA-18421,735
38,NORMA-1583,736
38,NORMA-21214,737
38,NORMA-19355,738
38,NORMA-20700,739
38,NORMA-19596,740
38,NORMA-21661,741
38,NORMA-20110,742
38,NORMA-11599,743
38,NORMA-16522,744
38,NORMA-18042,745
38,NORMA-18936,746
38,NORMA-4515,747
38,NORMA-1260,748
38,NORMA-16083,749
38,NORMA-19564,750
38,NORMA-19613,751
38,NORMA-21069,752
38,NORMA-20513,753
38,NORMA-20514,754
38,NORMA-19092,755
38,NORMA-17321,756
38,NORMA-2058,757
38,NORMA-21394,758
38,NORMA-674,759
38,NORMA-21115,760
38,NORMA-20749,761
38,NORMA-19794,762
38,NORMA-27464,763
38,NORMA-1295,764
38,NORMA-9252,765
38,NORMA-8966,766
38,NORMA-8204,767
38,NORMA-1286,768
38,NORMA-385,769
38,NORMA-2149,770
38,NORMA-12325,771
38,NORMA-9642,772
38,NORMA-18722,773
38,NORMA-1030,774
38,NORMA-2114,775
38,NORMA-15004,776
38,NORMA-11614,777
38,NORMA-19730,778
38,NORMA-19358,779
38,NORMA-1990,780
38,NORMA-865,781
38,NORMA-21242,782
38,NORMA-19094,783
38,NORMA-21552,784
38,NORMA-13472,785
38,NORMA-19220,786
38,NORMA-20269,787
38,NORMA-15901,788
38,NORMA-314,789
38,NORMA-20789,790
38,NORMA-20609,791
38,NORMA-20893,792
38,NORMA-4180,793
38,NORMA-21163,794
38,NORMA-18935,795
38,NORMA-5543,796
38,NORMA-1369,797
38,NORMA-3915,798
38,NORMA-18911,799
38,NORMA-19352,800
38,NORMA-666,801
38,NORMA-19233,802
38,NORMA-180,803
38,NORMA-11668,804
38,NORMA-20194,805
38,NORMA-19051,806
38,NORMA-2465,807
38,NORMA-2157,808
38,NORMA-18633,809
38,NORMA-4124,810
38,NORMA-113,811
38,NORMA-1475,812
38,NORMA-6880,813
38,NORMA-12232,814
38,NORMA-1502,815
38,NORMA-6630,816
38,NORMA-11776,817
38,NORMA-11835,818
38,NORMA-21759,819
38,NORMA-19160,820
38,NORMA-20557,821
38,NORMA-6316,822
38,NORMA-2020,823
38,NORMA-29005,824
38,NORMA-20671,825
38,NORMA-20101,826
38,NORMA-19305,827
38,NORMA-20168,828
38,NORMA-19299,829
38,NORMA-1841,830
38,NORMA-4460,831
38,NORMA-21484,832
38,NORMA-11518,833
38,NORMA-14984,834
38,NORMA-247,835
38,NORMA-1586,836
38,NORMA-20859,837
38,NORMA-11665,838
38,NORMA-6181,839
38,NORMA-20559,840
38,NORMA-13218,841
38,NORMA-11304,842
38,NORMA-19061,843
38,NORMA-11154,844
38,NORMA-20841,845
38,NORMA-21066,846
38,NORMA-19671,847
38,NORMA-18831,848
38,NORMA-16701,849
38,NORMA-1621,850
38,NORMA-19383,851
38,NORMA-14680,852
38,NORMA-11723,853
38,NORMA-1726,854
38,NORMA-11235,855
38,NORMA-5335,856
38,NORMA-21714,857
38,NORMA-18984,858
38,NORMA-9271,859
38,NORMA-6759,860
38,NORMA-18499,861
38,NORMA-9046,862
38,NORMA-19721,863
38,NORMA-10267,864
38,NORMA-5806,865
38,NORMA-4090,866
38,NORMA-11454,867
38,NORMA-20515,868
38,NORMA-20187,869
38,NORMA-18908,870
38,NORMA-7280,871
38,NORMA-5254,872
38,NORMA-19418,873
38,NORMA-1188,874
38,NORMA-29650,875
38,NORMA-21529,876
38,NORMA-996,877
38,NORMA-21152,878
38,NORMA-20157,879
38,NORMA-4473,880
38,NORMA-3833,881
38,NORMA-18240,882
38,NORMA-19373,883
38,NORMA-20038,884
38,NORMA-18498,885
38,NORMA-1198,886
38,NORMA-13924,887
38,NORMA-21528,888
38,NORMA-21000,889
38,NORMA-11797,890
38,NORMA-3605,891
38,NORMA-18678,892
38,NORMA-19460,893
38,NORMA-12667,894
38,NORMA-2444,895
38,NORMA-12160,896
38,NORMA-16743,897
38,NORMA-18287,898
38,NORMA-20896,899
38,NORMA-18393,900
38,NORMA-19800,901
38,NORMA-13473,902
38,NORMA-19750,903
38,NORMA-13790,904
38,NORMA-19980,905
38,NORMA-6631,906
38,NORMA-21099,907
38,NORMA-6967,908
38,NORMA-925,909
38,NORMA-14393,910
38,NORMA-712,911
38,NORMA-21264,912
38,NORMA-10295,913
38,NORMA-20673,914
38,NORMA-19703,915
38,NORMA-1388,916
38,NORMA-21167,917
38,NORMA-21574,918
38,NORMA-6950,919
38,NORMA-14814,920
38,NORMA-19824,921
38,NORMA-20796,922
38,NORMA-7241,923
38,NORMA-644,924
38,NORMA-6318,925
38,NORMA-2103,926
38,NORMA-1859,927
38,NORMA-11999,928
38,NORMA-18741,929
38,NORMA-18309,930
38,NORMA-7107,931
38,NORMA-20174,932
38,NORMA-19777,933
38,NORMA-11520,934
38,NORMA-19209,935
38,NORMA-20205,936
38,NORMA-9481,937
38,NORMA-19459,938
38,NORMA-2470,939
38,NORMA-20260,940
38,NORMA-21164,941
38,NORMA-20705,942
38,NORMA-20583,943
38,NORMA-9140,944
38,NORMA-19950,945
38,NORMA-18894,946
38,NORMA-20717,947
38,NORMA-21313,948
38,NORMA-21188,949
38,NORMA-969,950
38,NORMA-1143,951
38,NORMA-7430,952
38,NORMA-19379,953
38,NORMA-3579,954
38,NORMA-21625,955
38,NORMA-1006,956
38,NORMA-19202,957
38,NORMA-7745,958
38,NORMA-19808,959
38,NORMA-10181,960
38,NORMA-20292,961
38,NORMA-19185,962
38,NORMA-571,963
38,NORMA-20744,964
38,NORMA-19928,965
38,NORMA-20801,966
38,NORMA-2842,967
38,NORMA-13586,968
38,NORMA-16085,969
38,NORMA-19916,970
38,NORMA-20184,971
38,NORMA-18771,972
38,NORMA-20797,973
38,NORMA-8532,974
38,NORMA-14890,975
38,NORMA-15383,976
38,NORMA-3967,977
38,NORMA-20684,978
38,NORMA-14738,979
38,NORMA-5495,980
38,NORMA-5137,981
38,NORMA-3820,982
38,NORMA-4275,983
38,NORMA-18349,984
38,NORMA-20447,985
38,NORMA-11920,986
38,NORMA-18500,987
38,NORMA-1044,988
38,NORMA-21680,989
38,NORMA-7129,990
38,NORMA-12107,991
38,NORMA-14281,992
38,NORMA-19907,993
38,NORMA-20525,994
38,NORMA-903,995
38,NORMA-12351,996
38,NORMA-20103,997
38,NORMA-2627,998
38,NORMA-6348,999
38,NORMA-20122,1000
40,NORMA-21286,1
40,NORMA-18549,2
40,NORMA-18535,3
40,NORMA-18628,4
40,NORMA-18292,5
40,NORMA-18233,6
40,NORMA-20196,7
40,NORMA-18291,8
40,NORMA-19073,9
40,NORMA-18806,10
40,NORMA-19508,11
40,NORMA-18296,12
40,NORMA-19192,13
40,NORMA-19447,14
40,NORMA-18571,15
40,NORMA-19019,16
40,NORMA-19896,17
40,NORMA-11599,18
40,NORMA-19285,19
40,NORMA-18444,20
40,NORMA-18585,21
40,NORMA-20968,22
40,NORMA-18220,23
40,NORMA-21516,24
40,NORMA-21606,25
40,NORMA-18867,26
40,NORMA-19301,27
40,NORMA-18821,28
40,NORMA-19112,29
40,NORMA-19545,30
40,NORMA-20188,31
40,NORMA-18237,32
40,NORMA-21480,33
40,NORMA-19544,34
40,NORMA-18749,35
40,NORMA-21046,36
40,NORMA-19550,37
40,NORMA-18798,38
40,NORMA-18708,39
40,NORMA-21331,40
40,NORMA-21327,41
40,NORMA-19137,42
40,NORMA-19453,43
40,NORMA-21028,44
40,NORMA-18548,45
40,NORMA-19670,46
40,NORMA-19141,47
40,NORMA-19146,48
40,NORMA-18679,49
40,NORMA-19415,50
40,NORMA-18737,51
40,NORMA-18987,52
40,NORMA-21750,53
40,NORMA-19276,54
40,NORMA-19531,55
40,NORMA-19457,56
40,NORMA-19534,57
40,NORMA-21410,58
40,NORMA-19273,59
40,NORMA-18371,60
40,NORMA-21572,61
40,NORMA-19239,62
40,NORMA-18797,63
40,NORMA-19076,64
40,NORMA-19733,65
40,NORMA-21329,66
40,NORMA-21472,67
40,NORMA-18339,68
40,NORMA-19253,69
40,NORMA-18698,70
40,NORMA-18467,71
40,NORMA-18306,72
40,NORMA-18283,73
40,NORMA-19692,74
40,NORMA-18209,75
40,NORMA-18443,76
40,NORMA-19349,77
40,NORMA-19168,78
40,NORMA-21043,79
40,NORMA-19024,80
40,NORMA-19439,81
40,NORMA-18568,82
40,NORMA-18356,83
40,NORMA-18676,84
40,NORMA-19296,85
40,NORMA-21415,86
40,NORMA-18272,87
40,NORMA-18539,88
40,NORMA-19402,89
40,NORMA-18788,90
40,NORMA-21605,91
40,NORMA-19452,92
40,NORMA-18224,93
40,NORMA-18592,94
40,NORMA-21548,95
40,NORMA-18777,96
40,NORMA-19217,97
40,NORMA-19002,98
40,NORMA-19144,99
40,NORMA-18823,100
40,NORMA-18386,101
40,NORMA-11665,102
40,NORMA-20302,103
40,NORMA-21495,104
40,NORMA-21570,105
40,NORMA-19683,106
40,NORMA-19915,107
40,NORMA-19621,108
40,NORMA-19543,109
40,NORMA-21311,110
40,NORMA-18773,111
40,NORMA-18415,112
40,NORMA-21485,113
40,NORMA-19142,114
40,NORMA-21278,115
40,NORMA-18348,116
40,NORMA-18394,117
40,NORMA-18256,118
40,NORMA-18874,119
40,NORMA-19126,120
40,NORMA-21619,121
40,NORMA-18671,122
40,NORMA-19405,123
40,NORMA-21786,124
40,NORMA-19781,125
40,NORMA-19516,126
40,NORMA-19319,127
40,NORMA-21130,128
40,NORMA-19304,129
40,NORMA-21491,130
40,NORMA-21693,131
40,NORMA-20476,132
40,NORMA-18219,133
40,NORMA-18305,134
40,NORMA-19340,135
40,NORMA-18807,136
40,NORMA-18513,137
40,NORMA-18705,138
40,NORMA-20218,139
40,NORMA-19248,140
40,NORMA-19702,141
40,NORMA-19420,142
40,NORMA-18726,143
40,NORMA-18473,144
40,NORMA-19541,145
40,NORMA-18263,146
40,NORMA-18825,147
40,NORMA-18704,148
40,NORMA-21614,149
40,NORMA-18570,150
40,NORMA-19483,151
40,NORMA-18377,152
40,NORMA-19302,153
40,NORMA-19660,154
40,NORMA-18330,155
40,NORMA-18259,156
40,NORMA-18758,157
40,NORMA-19480,158
40,NORMA-22723,159
40,NORMA-21312,160
40,NORMA-18826,161
40,NORMA-18358,162
40,NORMA-20492,163
40,NORMA-19939,164
40,NORMA-18738,165
40,NORMA-19916,166
40,NORMA-19204,167
40,NORMA-5431,168
40,NORMA-18601,169
40,NORMA-19269,170
40,NORMA-11757,171
40,NORMA-18654,172
40,NORMA-19139,173
40,NORMA-19015,174
40,NORMA-19210,175
40,NORMA-19685,176
40,NORMA-18210,177
40,NORMA-20131,178
40,NORMA-18370,179
40,NORMA-19150,180
40,NORMA-18273,181
40,NORMA-19450,182
40,NORMA-18772,183
40,NORMA-20737,184
40,NORMA-18352,185
40,NORMA-18778,186
40,NORMA-18713,187
40,NORMA-20133,188
40,NORMA-28841,189
40,NORMA-21421,190
40,NORMA-21505,191
40,NORMA-21082,192
40,NORMA-18623,193
40,NORMA-19254,194
40,NORMA-18614,195
40,NORMA-18617,196
40,NORMA-18423,197
40,NORMA-21362,198
40,NORMA-19931,199
40,NORMA-18982,200
40,NORMA-19012,201
40,NORMA-18399,202
40,NORMA-11614,203
40,NORMA-19491,204
40,NORMA-20946,205
40,NORMA-21537,206
40,NORMA-18854,207
40,NORMA-18225,208
40,NORMA-21152,209
40,NORMA-18814,210
40,NORMA-19530,211
40,NORMA-21542,212
40,NORMA-18842,213
40,NORMA-19365,214
40,NORMA-4820,215
40,NORMA-19022,216
40,NORMA-11600,217
40,NORMA-18231,218
40,NORMA-21150,219
40,NORMA-18301,220
40,NORMA-6198,221
40,NORMA-19312,222
40,NORMA-18357,223
40,NORMA-19959,224
40,NORMA-18234,225
40,NORMA-11226,226
40,NORMA-18326,227
40,NORMA-20320,228
40,NORMA-21581,229
40,NORMA-20313,230
40,NORMA-19411,231
40,NORMA-3571,232
40,NORMA-20936,233
40,NORMA-20905,234
40,NORMA-18558,235
40,NORMA-19222,236
40,NORMA-20978,237
40,NORMA-18316,238
40,NORMA-18693,239
40,NORMA-18392,240
40,NORMA-19060,241
40,NORMA-20698,242
40,NORMA-18374,243
40,NORMA-19404,244
40,NORMA-19925,245
40,NORMA-18645,246
40,NORMA-21111,247
40,NORMA-18744,248
40,NORMA-20483,249
40,NORMA-20739,250
40,NORMA-19181,251
40,NORMA-21459,252
40,NORMA-19158,253
40,NORMA-19654,254
40,NORMA-21795,255
40,NORMA-18307,256
40,NORMA-18864,257
40,NORMA-19049,258
40,NORMA-19425,259
40,NORMA-11735,260
40,NORMA-19277,261
40,NORMA-18360,262
40,NORMA-19318,263
40,NORMA-11739,264
40,NORMA-18569,265
40,NORMA-1689,266
40,NORMA-12066,267
40,NORMA-18497,268
40,NORMA-19662,269
40,NORMA-19238,270
40,NORMA-20394,271
40,NORMA-18379,272
40,NORMA-11615,273
40,NORMA-19681,274
40,NORMA-18501,275
40,NORMA-18596,276
40,NORMA-19549,277
40,NORMA-19275,278
40,NORMA-18369,279
40,NORMA-18217,280
40,NORMA-6203,281
40,NORMA-21068,282
40,NORMA-2413,283
40,NORMA-19084,284
40,NORMA-20444,285
40,NORMA-19433,286
40,NORMA-18468,287
40,NORMA-19008,288
40,NORMA-15208,289
40,NORMA-20657,290
40,NORMA-10797,291
40,NORMA-19097,292
40,NORMA-20601,293
40,NORMA-21486,294
40,NORMA-18722,295
40,NORMA-18590,296
40,NORMA-18700,297
40,NORMA-21492,298
40,NORMA-18813,299
40,NORMA-19081,300
40,NORMA-18642,301
40,NORMA-18321,302
40,NORMA-11756,303
40,NORMA-19922,304
40,NORMA-18680,305
40,NORMA-19727,306
40,NORMA-14099,307
40,NORMA-19098,308
40,NORMA-19066,309
40,NORMA-21006,310
40,NORMA-19338,311
40,NORMA-13671,312
40,NORMA-21569,313
40,NORMA-20386,314
40,NORMA-18440,315
40,NORMA-19506,316
40,NORMA-18320,317
40,NORMA-5853,318
40,NORMA-19001,319
40,NORMA-18711,320
40,NORMA-19324,321
40,NORMA-19251,322
40,NORMA-18471,323
40,NORMA-18262,324
40,NORMA-18866,325
40,NORMA-18827,326
40,NORMA-19300,327
40,NORMA-20352,328
40,NORMA-8938,329
40,NORMA-18304,330
40,NORMA-18380,331
40,NORMA-21672,332
40,NORMA-18322,333
40,NORMA-21324,334
40,NORMA-19123,335
40,NORMA-19348,336
40,NORMA-21112,337
40,NORMA-18469,338
40,NORMA-18412,339
40,NORMA-21796,340
40,NORMA-18757,341
40,NORMA-18641,342
40,NORMA-20693,343
40,NORMA-21350,344
40,NORMA-18752,345
40,NORMA-19188,346
40,NORMA-20977,347
40,NORMA-20300,348
40,NORMA-21307,349
40,NORMA-20984,350
40,NORMA-20963,351
40,NORMA-19115,352
40,NORMA-19085,353
40,NORMA-21457,354
40,NORMA-18547,355
40,NORMA-18789,356
40,NORMA-18285,357
40,NORMA-19125,358
40,NORMA-21604,359
40,NORMA-18889,360
40,NORMA-21780,361
40,NORMA-6134,362
40,NORMA-18204,363
40,NORMA-18235,364
40,NORMA-21511,365
40,NORMA-18677,366
40,NORMA-18470,367
40,NORMA-18490,368
40,NORMA-19219,369
40,NORMA-18605,370
40,NORMA-18373,371
40,NORMA-18298,372
40,NORMA-21053,373
40,NORMA-11479,374
40,NORMA-21016,375
40,NORMA-20791,376
40,NORMA-19350,377
40,NORMA-18573,378
40,NORMA-19026,379
40,NORMA-18639,380
40,NORMA-18609,381
40,NORMA-21463,382
40,NORMA-18491,383
40,NORMA-19023,384
40,NORMA-18774,385
40,NORMA-20541,386
40,NORMA-6128,387
40,NORMA-18257,388
40,NORMA-21735,389
40,NORMA-5417,390
40,NORMA-20330,391
40,NORMA-18414,392
40,NORMA-18431,393
40,NORMA-19130,394
40,NORMA-18297,395
40,NORMA-20321,396
40,NORMA-21159,397
40,NORMA-18841,398
40,NORMA-19482,399
40,NORMA-18803,400
40,NORMA-18515,401
40,NORMA-19372,402
40,NORMA-21206,403
40,NORMA-21020,404
40,NORMA-20086,405
40,NORMA-18336,406
40,NORMA-11609,407
40,NORMA-21399,408
40,NORMA-18466,409
40,NORMA-18588,410
40,NORMA-20316,411
40,NORMA-21051,412
40,NORMA-6411,413
40,NORMA-18629,414
40,NORMA-18914,415
40,NORMA-6051,416
40,NORMA-18372,417
40,NORMA-18363,418
40,NORMA-18651,419
40,NORMA-26887,420
40,NORMA-20323,421
40,NORMA-20404,422
40,NORMA-18342,423
40,NORMA-18721,424
40,NORMA-21011,425
40,NORMA-19899,426
40,NORMA-20790,427
40,NORMA-9457,428
40,NORMA-21418,429
40,NORMA-23881,430
40,NORMA-21582,431
40,NORMA-19011,432
40,NORMA-11472,433
40,NORMA-18818,434
40,NORMA-18424,435
40,NORMA-20395,436
40,NORMA-25761,437
40,NORMA-18833,438
40,NORMA-19216,439
40,NORMA-21018,440
40,NORMA-18362,441
40,NORMA-11763,442
40,NORMA-21146,443
40,NORMA-19714,444
40,NORMA-20380,445
40,NORMA-18502,446
40,NORMA-20348,447
40,NORMA-20342,448
40,NORMA-19796,449
40,NORMA-21710,450
40,NORMA-11764,451
40,NORMA-4926,452
40,NORMA-20423,453
40,NORMA-20346,454
40,NORMA-20079,455
40,NORMA-11469,456
40,NORMA-21074,457
40,NORMA-19434,458
40,NORMA-20880,459
40,NORMA-18765,460
40,NORMA-21317,461
40,NORMA-20459,462
40,NORMA-18699,463
40,NORMA-18802,464
40,NORMA-21088,465
40,NORMA-20974,466
40,NORMA-18264,467
40,NORMA-18822,468
40,NORMA-12858,469
40,NORMA-18552,470
40,NORMA-20516,471
40,NORMA-18729,472
40,NORMA-21663,473
40,NORMA-21502,474
40,NORMA-21058,475
40,NORMA-19432,476
40,NORMA-18441,477
40,NORMA-19016,478
40,NORMA-29101,479
40,NORMA-18743,480
40,NORMA-21408,481
40,NORMA-18615,482
40,NORMA-21717,483
40,NORMA-21340,484
40,NORMA-24641,485
40,NORMA-18258,486
40,NORMA-18532,487
40,NORMA-18587,488
40,NORMA-21263,489
40,NORMA-18902,490
40,NORMA-15029,491
40,NORMA-18702,492
40,NORMA-11476,493
40,NORMA-20293,494
40,NORMA-20464,495
40,NORMA-21021,496
40,NORMA-21071,497
40,NORMA-18329,498
40,NORMA-20401,499
40,NORMA-18437,500
40,NORMA-19704,501
40,NORMA-20661,502
40,NORMA-4195,503
40,NORMA-18422,504
40,NORMA-20554,505
40,NORMA-18960,506
40,NORMA-18408,507
40,NORMA-20267,508
40,NORMA-20351,509
40,NORMA-20508,510
40,NORMA-18449,511
40,NORMA-19722,512
40,NORMA-19346,513
40,NORMA-20355,514
40,NORMA-19266,515
40,NORMA-12820,516
40,NORMA-18439,517
40,NORMA-19303,518
40,NORMA-11664,519
40,NORMA-20722,520
40,NORMA-19071,521
40,NORMA-21108,522
40,NORMA-21652,523
40,NORMA-19249,524
40,NORMA-20498,525
40,NORMA-26003,526
40,NORMA-19344,527
40,NORMA-18714,528
40,NORMA-18730,529
40,NORMA-20545,530
40,NORMA-19999,531
40,NORMA-10789,532
40,NORMA-18586,533
40,NORMA-20518,534
40,NORMA-20362,535
40,NORMA-21358,536
40,NORMA-20864,537
40,NORMA-20477,538
40,NORMA-18846,539
40,NORMA-21337,540
40,NORMA-21435,541
40,NORMA-20461,542
40,NORMA-21092,543
40,NORMA-18812,544
40,NORMA-14529,545
40,NORMA-20397,546
40,NORMA-20549,547
40,NORMA-21444,548
40,NORMA-18541,549
40,NORMA-12843,550
40,NORMA-13840,551
40,NORMA-19944,552
40,NORMA-19345,553
40,NORMA-21084,554
40,NORMA-20466,555
40,NORMA-18300,556
40,NORMA-6514,557
40,NORMA-19724,558
40,NORMA-3942,559
40,NORMA-159,560
40,NORMA-21576,561
40,NORMA-21138,562
40,NORMA-18790,563
40,NORMA-21040,564
40,NORMA-21087,565
40,NORMA-18282,566
40,NORMA-20069,567
40,NORMA-20317,568
40,NORMA-10041,569
40,NORMA-29283,570
40,NORMA-18606,571
40,NORMA-19407,572
40,NORMA-19032,573
40,NORMA-2,574
40,NORMA-18816,575
40,NORMA-26681,576
40,NORMA-9959,577
40,NORMA-19443,578
40,NORMA-18865,579
40,NORMA-29301,580
40,NORMA-21797,581
40,NORMA-20720,582
40,NORMA-20674,583
40,NORMA-18208,584
40,NORMA-25101,585
40,NORMA-18345,586
40,NORMA-21403,587
40,NORMA-8269,588
40,NORMA-18299,589
40,NORMA-19709,590
40,NORMA-18875,591
40,NORMA-18843,592
40,NORMA-20538,593
40,NORMA-18759,594
40,NORMA-19861,595
40,NORMA-18828,596
40,NORMA-19335,597
40,NORMA-21007,598
40,NORMA-18961,599
40,NORMA-1,600
40,NORMA-21620,601
40,NORMA-18881,602
40,NORMA-4277,603
40,NORMA-18712,604
40,NORMA-19710,605
40,NORMA-18402,606
40,NORMA-21097,607
40,NORMA-5339,608
40,NORMA-18389,609
40,NORMA-18668,610
40,NORMA-18779,611
40,NORMA-19898,612
40,NORMA-21081,613
40,NORMA-21685,614
40,NORMA-19396,615
40,NORMA-20291,616
40,NORMA-20040,617
40,NORMA-20026,618
40,NORMA-2519,619
40,NORMA-19265,620
40,NORMA-20087,621
40,NORMA-19428,622
40,NORMA-2523,623
40,NORMA-19860,624
40,NORMA-20868,625
40,NORMA-19877,626
40,NORMA-28221,627
40,NORMA-21010,628
40,NORMA-19423,629
40,NORMA-19529,630
40,NORMA-20334,631
40,NORMA-27687,632
40,NORMA-21241,633
40,NORMA-3979,634
40,NORMA-25682,635
40,NORMA-20050,636
40,NORMA-21772,637
40,NORMA-20457,638
40,NORMA-14504,639
40,NORMA-21494,640
40,NORMA-18847,641
40,NORMA-20500,642
40,NORMA-1841,643
40,NORMA-21222,644
40,NORMA-20314,645
40,NORMA-19901,646
40,NORMA-21096,647
40,NORMA-18381,648
40,NORMA-15249,649
40,NORMA-14821,650
40,NORMA-3181,651
40,NORMA-20454,652
40,NORMA-18350,653
40,NORMA-11814,654
40,NORMA-19909,655
40,NORMA-19584,656
40,NORMA-27221,657
40,NORMA-19154,658
40,NORMA-20894,659
40,NORMA-19932,660
40,NORMA-18286,661
40,NORMA-18205,662
40,NORMA-20060,663
40,NORMA-20837,664
40,NORMA-1672,665
40,NORMA-15253,666
40,NORMA-21524,667
40,NORMA-17281,668
40,NORMA-21469,669
40,NORMA-11474,670
40,NORMA-18432,671
40,NORMA-18459,672
40,NORMA-20924,673
40,NORMA-20783,674
40,NORMA-9799,675
40,NORMA-18378,676
40,NORMA-18703,677
40,NORMA-15641,678
40,NORMA-19775,679
40,NORMA-20975,680
40,NORMA-20370,681
40,NORMA-20427,682
40,NORMA-20333,683
40,NORMA-20955,684
40,NORMA-19025,685
40,NORMA-21230,686
40,NORMA-20424,687
40,NORMA-18453,688
40,NORMA-23027,689
40,NORMA-18253,690
40,NORMA-20863,691
40,NORMA-20580,692
40,NORMA-19500,693
40,NORMA-21001,694
40,NORMA-18857,695
40,NORMA-20552,696
40,NORMA-19985,697
40,NORMA-11742,698
40,NORMA-19163,699
40,NORMA-21751,700
40,NORMA-18400,701
40,NORMA-20062,702
40,NORMA-18959,703
40,NORMA-20430,704
40,NORMA-18863,705
40,NORMA-21158,706
40,NORMA-20840,707
40,NORMA-20989,708
40,NORMA-18555,709
40,NORMA-25082,710
40,NORMA-11570,711
40,NORMA-20511,712
40,NORMA-3472,713
40,NORMA-22001,714
40,NORMA-24501,715
40,NORMA-20381,716
40,NORMA-7022,717
40,NORMA-20340,718
40,NORMA-20463,719
40,NORMA-18731,720
40,NORMA-20574,721
40,NORMA-18354,722
40,NORMA-20338,723
40,NORMA-1619,724
40,NORMA-23862,725
40,NORMA-20983,726
40,NORMA-19444,727
40,NORMA-18686,728
40,NORMA-19151,729
40,NORMA-7110,730
40,NORMA-20347,731
40,NORMA-15802,732
40,NORMA-19905,733
40,NORMA-4849,734
40,NORMA-25541,735
40,NORMA-18324,736
40,NORMA-24102,737
40,NORMA-20080,738
40,NORMA-23061,739
40,NORMA-21534,740
40,NORMA-18562,741
40,NORMA-21535,742
40,NORMA-20582,743
40,NORMA-20734,744
40,NORMA-20036,745
40,NORMA-1583,746
40,NORMA-9960,747
40,NORMA-20479,748
40,NORMA-6743,749
40,NORMA-11527,750
40,NORMA-21042,751
40,NORMA-20067,752
40,NORMA-3541,753
40,NORMA-18819,754
40,NORMA-18942,755
40,NORMA-18834,756
40,NORMA-20054,757
40,NORMA-19515,758
40,NORMA-6489,759
40,NORMA-18848,760
40,NORMA-19526,761
40,NORMA-19885,762
40,NORMA-20973,763
40,NORMA-20364,764
40,NORMA-9238,765
40,NORMA-20058,766
40,NORMA-20478,767
40,NORMA-20329,768
40,NORMA-19490,769
40,NORMA-21448,770
40,NORMA-19375,771
40,NORMA-20204,772
40,NORMA-6834,773
40,NORMA-18710,774
40,NORMA-18364,775
40,NORMA-21023,776
40,NORMA-18206,777
40,NORMA-21392,778
40,NORMA-20471,779
40,NORMA-20470,780
40,NORMA-20335,781
40,NORMA-19393,782
40,NORMA-13903,783
40,NORMA-893,784
40,NORMA-18460,785
40,NORMA-18950,786
40,NORMA-19694,787
40,NORMA-6595,788
40,NORMA-21353,789
40,NORMA-19307,790
40,NORMA-18384,791
40,NORMA-21623,792
40,NORMA-18928,793
40,NORMA-20409,794
40,NORMA-21279,795
40,NORMA-18215,796
40,NORMA-18626,797
40,NORMA-21768,798
40,NORMA-18965,799
40,NORMA-18856,800
40,NORMA-12657,801
40,NORMA-19070,802
40,NORMA-20387,803
40,NORMA-14858,804
40,NORMA-18525,805
40,NORMA-18279,806
40,NORMA-18435,807
40,NORMA-18904,808
40,NORMA-18242,809
40,NORMA-21390,810
40,NORMA-13555,811
40,NORMA-20897,812
40,NORMA-20993,813
40,NORMA-18556,814
40,NORMA-20537,815
40,NORMA-21287,816
40,NORMA-21692,817
40,NORMA-19018,818
40,NORMA-18958,819
40,NORMA-19519,820
40,NORMA-20037,821
40,NORMA-417,822
40,NORMA-10045,823
40,NORMA-18735,824
40,NORMA-18554,825
40,NORMA-20543,826
40,NORMA-12822,827
40,NORMA-21221,828
40,NORMA-21601,829
40,NORMA-18829,830
40,NORMA-21094,831
40,NORMA-25964,832
40,NORMA-20434,833
40,NORMA-5128,834
40,NORMA-2432,835
40,NORMA-25721,836
40,NORMA-18968,837
40,NORMA-20063,838
40,NORMA-19797,839
40,NORMA-14974,840
40,NORMA-19577,841
40,NORMA-19619,842
40,NORMA-19776,843
40,NORMA-20547,844
40,NORMA-19262,845
40,NORMA-19079,846
40,NORMA-20003,847
40,NORMA-15465,848
40,NORMA-21509,849
40,NORMA-21085,850
40,NORMA-18972,851
40,NORMA-19655,852
40,NORMA-25902,853
40,NORMA-19215,854
40,NORMA-20486,855
40,NORMA-20877,856
40,NORMA-14597,857
40,NORMA-20275,858
40,NORMA-19225,859
40,NORMA-4221,860
40,NORMA-8459,861
40,NORMA-19892,862
40,NORMA-20357,863
40,NORMA-20666,864
40,NORMA-18534,865
40,NORMA-18762,866
40,NORMA-1656,867
40,NORMA-19637,868
40,NORMA-5381,869
40,NORMA-18694,870
40,NORMA-19725,871
40,NORMA-19437,872
40,NORMA-20795,873
40,NORMA-27550,874
40,NORMA-19310,875
40,NORMA-20548,876
40,NORMA-20532,877
40,NORMA-15427,878
40,NORMA-18660,879
40,NORMA-23941,880
40,NORMA-1567,881
40,NORMA-4102,882
40,NORMA-19494,883
40,NORMA-18984,884
40,NORMA-21354,885
40,NORMA-1713,886
40,NORMA-18325,887
40,NORMA-20455,888
40,NORMA-22822,889
40,NORMA-20312,890
40,NORMA-25821,891
40,NORMA-18442,892
40,NORMA-20326,893
40,NORMA-19788,894
40,NORMA-14114,895
40,NORMA-18260,896
40,NORMA-18327,897
40,NORMA-18938,898
40,NORMA-19946,899
40,NORMA-20485,900
40,NORMA-20088,901
40,NORMA-4830,902
40,NORMA-11760,903
40,NORMA-21594,904
40,NORMA-20697,905
40,NORMA-9746,906
40,NORMA-11505,907
40,NORMA-28802,908
40,NORMA-20403,909
40,NORMA-19223,910
40,NORMA-25942,911
40,NORMA-20311,912
40,NORMA-20175,913
40,NORMA-18727,914
40,NORMA-20353,915
40,NORMA-14262,916
40,NORMA-4634,917
40,NORMA-6222,918
40,NORMA-13519,919
40,NORMA-21154,920
40,NORMA-20677,921
40,NORMA-7773,922
40,NORMA-3954,923
40,NORMA-10749,924
40,NORMA-18426,925
40,NORMA-14113,926
40,NORMA-20525,927
40,NORMA-6702,928
40,NORMA-20591,929
40,NORMA-20712,930
40,NORMA-20373,931
40,NORMA-18709,932
40,NORMA-14587,933
40,NORMA-18801,934
40,NORMA-20524,935
40,NORMA-1788,936
40,NORMA-20644,937
40,NORMA-18927,938
40,NORMA-20318,939
40,NORMA-14926,940
40,NORMA-20219,941
40,NORMA-20991,942
40,NORMA-18701,943
40,NORMA-5312,944
40,NORMA-20361,945
40,NORMA-21169,946
40,NORMA-19414,947
40,NORMA-20449,948
40,NORMA-18546,949
40,NORMA-21577,950
40,NORMA-13802,951
40,NORMA-15068,952
40,NORMA-19878,953
40,NORMA-19391,954
40,NORMA-18365,955
40,NORMA-18464,956
40,NORMA-19175,957
40,NORMA-10931,958
40,NORMA-7392,959
40,NORMA-18747,960
40,NORMA-985,961
40,NORMA-5890,962
40,NORMA-20662,963
40,NORMA-20258,964
40,NORMA-19644,965
40,NORMA-21196,966
40,NORMA-18510,967
40,NORMA-13229,968
40,NORMA-595,969
40,NORMA-10729,970
40,NORMA-19927,971
40,NORMA-13029,972
40,NORMA-19347,973
40,NORMA-18274,974
40,NORMA-19990,975
40,NORMA-18869,976
40,NORMA-20738,977
40,NORMA-14345,978
40,NORMA-18255,979
40,NORMA-18269,980
40,NORMA-23682,981
40,NORMA-21022,982
40,NORMA-18302,983
40,NORMA-23341,984
40,NORMA-19481,985
40,NORMA-18500,986
40,NORMA-21647,987
40,NORMA-21178,988
40,NORMA-21133,989
40,NORMA-21147,990
40,NORMA-19329,991
40,NORMA-5284,992
40,NORMA-18355,993
40,NORMA-19691,994
40,NORMA-18896,995
40,NORMA-20022,996
40,NORMA-6291,997
40,NORMA-20442,998
40,NORMA-15134,999
40,NORMA-20597,1000
41,NORMA-21168,1
41,NORMA-21090,2
41,NORMA-20635,3
41,NORMA-1965,4
41,NORMA-20515,5
41,NORMA-20627,6
41,NORMA-21261,7
41,NORMA-20869,8
41,NORMA-21446,9
41,NORMA-20397,10
41,NORMA-361,11
41,NORMA-2020,12
41,NORMA-21147,13
41,NORMA-20159,14
41,NORMA-21019,15
41,NORMA-20639,16
41,NORMA-1252,17
41,NORMA-27001,18
41,NORMA-15902,19
41,NORMA-1183,20
41,NORMA-20557,21
41,NORMA-689,22
41,NORMA-2,23
41,NORMA-20993,24
41,NORMA-380,25
41,NORMA-18958,26
41,NORMA-18669,27
41,NORMA-19920,28
41,NORMA-22461,29
41,NORMA-1283,30
41,NORMA-19919,31
41,NORMA-18720,32
41,NORMA-1547,33
41,NORMA-1567,34
41,NORMA-21235,35
41,NORMA-19105,36
41,NORMA-3571,37
41,NORMA-18685,38
41,NORMA-23521,39
41,NORMA-19730,40
41,NORMA-15071,41
41,NORMA-2413,42
41,NORMA-18221,43
41,NORMA-3181,44
41,NORMA-2375,45
41,NORMA-20733,46
41,NORMA-20291,47
41,NORMA-18404,48
41,NORMA-9493,49
41,NORMA-1026,50
41,NORMA-36,51
41,NORMA-24,52
41,NORMA-26701,53
41,NORMA-19733,54
41,NORMA-19581,55
41,NORMA-883,56
41,NORMA-1154,57
41,NORMA-20249,58
41,NORMA-12965,59
41,NORMA-13990,60
41,NORMA-20199,61
41,NORMA-18646,62
41,NORMA-20421,63
41,NORMA-19111,64
41,NORMA-20934,65
41,NORMA-2484,66
41,NORMA-13514,67
41,NORMA-20201,68
41,NORMA-18989,69
41,NORMA-21189,70
41,NORMA-13718,71
41,NORMA-20140,72
41,NORMA-2461,73
41,NORMA-3503,74
41,NORMA-21140,75
41,NORMA-20936,76
41,NORMA-20857,77
41,NORMA-20429,78
41,NORMA-20237,79
41,NORMA-4685,80
41,NORMA-1348,81
41,NORMA-21466,82
41,NORMA-12437,83
41,NORMA-1423,84
41,NORMA-20755,85
41,NORMA-19542,86
41,NORMA-20691,87
41,NORMA-19799,88
41,NORMA-20575,89
41,NORMA-21165,90
41,NORMA-5372,91
41,NORMA-20039,92
41,NORMA-1398,93
41,NORMA-1,94
41,NORMA-27502,95
41,NORMA-18678,96
41,NORMA-21676,97
41,NORMA-2496,98
41,NORMA-20202,99
41,NORMA-18748,100
41,NORMA-18591,101
41,NORMA-1207,102
41,NORMA-21131,103
41,NORMA-18659,104
41,NORMA-19587,105
41,NORMA-18446,106
41,NORMA-20616,107
41,NORMA-14547,108
41,NORMA-26102,109
41,NORMA-21729,110
41,NORMA-14390,111
41,NORMA-20705,112
41,NORMA-54,113
41,NORMA-18434,114
41,NORMA-19724,115
41,NORMA-19231,116
41,NORMA-1555,117
41,NORMA-20190,118
41,NORMA-20786,119
41,NORMA-11692,120
41,NORMA-1171,121
41,NORMA-20709,122
41,NORMA-20234,123
41,NORMA-20927,124
41,NORMA-21135,125
41,NORMA-21326,126
41,NORMA-19249,127
41,NORMA-19444,128
41,NORMA-1996,129
41,NORMA-21002,130
41,NORMA-20992,131
41,NORMA-23441,132
41,NORMA-19624,133
41,NORMA-534,134
41,NORMA-21519,135
41,NORMA-19786,136
41,NORMA-19703,137
41,NORMA-18527,138
41,NORMA-21429,139
41,NORMA-20452,140
41,NORMA-1352,141
41,NORMA-20566,142
41,NORMA-2432,143
41,NORMA-20602,144
41,NORMA-20567,145
41,NORMA-21220,146
41,NORMA-20700,147
41,NORMA-578,148
41,NORMA-2519,149
41,NORMA-19442,150
41,NORMA-18429,151
41,NORMA-2395,152
41,NORMA-21459,153
41,NORMA-18436,154
41,NORMA-24961,155
41,NORMA-7110,156
41,NORMA-14967,157
41,NORMA-18286,158
41,NORMA-1175,159
41,NORMA-5417,160
41,NORMA-21192,161
41,NORMA-19798,162
41,NORMA-20477,163
41,NORMA-21597,164
41,NORMA-21524,165
41,NORMA-21000,166
41,NORMA-12490,167
41,NORMA-21767,168
41,NORMA-20641,169
41,NORMA-20551,170
41,NORMA-20921,171
41,NORMA-19596,172
41,NORMA-21630,173
41,NORMA-20205,174
41,NORMA-20631,175
41,NORMA-20708,176
41,NORMA-1361,177
41,NORMA-20807,178
41,NORMA-4003,179
41,NORMA-19303,180
41,NORMA-20322,181
41,NORMA-18450,182
41,NORMA-5853,183
41,NORMA-18747,184
41,NORMA-778,185
41,NORMA-21264,186
41,NORMA-19426,187
41,NORMA-20583,188
41,NORMA-20860,189
41,NORMA-20917,190
41,NORMA-20892,191
41,NORMA-20849,192
41,NORMA-20571,193
41,NORMA-21308,194
41,NORMA-1144,195
41,NORMA-21126,196
41,NORMA-21420,197
41,NORMA-20476,198
41,NORMA-807,199
41,NORMA-31923,200
41,NORMA-616,201
41,NORMA-18430,202
41,NORMA-423,203
41,NORMA-1147,204
41,NORMA-18787,205
41,NORMA-21219,206
41,NORMA-20916,207
41,NORMA-4277,208
41,NORMA-20780,209
41,NORMA-20208,210
41,NORMA-20188,211
41,NORMA-18769,212
41,NORMA-6720,213
41,NORMA-1229,214
41,NORMA-3589,215
41,NORMA-18536,216
41,NORMA-19630,217
41,NORMA-4804,218
41,NORMA-417,219
41,NORMA-20859,220
41,NORMA-1353,221
41,NORMA-20841,222
41,NORMA-20258,223
41,NORMA-1173,224
41,NORMA-6666,225
41,NORMA-317,226
41,NORMA-18605,227
41,NORMA-20785,228
41,NORMA-13094,229
41,NORMA-19715,230
41,NORMA-20233,231
41,NORMA-6655,232
41,NORMA-21344,233
41,NORMA-7280,234
41,NORMA-20838,235
41,NORMA-13174,236
41,NORMA-2660,237
41,NORMA-20191,238
41,NORMA-10621,239
41,NORMA-4900,240
41,NORMA-20530,241
41,NORMA-19837,242
41,NORMA-21408,243
41,NORMA-19010,244
41,NORMA-14371,245
41,NORMA-19014,246
41,NORMA-20811,247
41,NORMA-535,248
41,NORMA-19650,249
41,NORMA-20924,250
41,NORMA-21026,251
41,NORMA-21393,252
41,NORMA-18227,253
41,NORMA-1846,254
41,NORMA-20782,255
41,NORMA-20425,256
41,NORMA-18722,257
41,NORMA-21470,258
41,NORMA-20317,259
41,NORMA-18681,260
41,NORMA-23222,261
41,NORMA-20966,262
41,NORMA-18280,263
41,NORMA-18677,264
41,NORMA-21324,265
41,NORMA-4139,266
41,NORMA-21791,267
41,NORMA-850,268
41,NORMA-19727,269
41,NORMA-19700,270
41,NORMA-314,271
41,NORMA-21744,272
41,NORMA-21529,273
41,NORMA-20065,274
41,NORMA-20888,275
41,NORMA-20852,276
41,NORMA-19571,277
41,NORMA-19967,278
41,NORMA-2386,279
41,NORMA-4926,280
41,NORMA-13791,281
41,NORMA-20778,282
41,NORMA-14742,283
41,NORMA-385,284
41,NORMA-9212,285
41,NORMA-28401,286
41,NORMA-6667,287
41,NORMA-21366,288
41,NORMA-20166,289
41,NORMA-21755,290
41,NORMA-412,291
41,NORMA-18683,292
41,NORMA-21443,293
41,NORMA-19535,294
41,NORMA-19948,295
41,NORMA-21305,296
41,NORMA-18418,297
41,NORMA-1578,298
41,NORMA-21752,299
41,NORMA-10042,300
41,NORMA-20344,301
41,NORMA-20880,302
41,NORMA-2414,303
41,NORMA-5341,304
41,NORMA-21717,305
41,NORMA-19797,306
41,NORMA-19275,307
41,NORMA-2475,308
41,NORMA-20580,309
41,NORMA-20356,310
41,NORMA-20994,311
41,NORMA-10693,312
41,NORMA-6965,313
41,NORMA-6951,314
41,NORMA-20682,315
41,NORMA-15060,316
41,NORMA-18288,317
41,NORMA-12657,318
41,NORMA-20428,319
41,NORMA-1092,320
41,NORMA-19503,321
41,NORMA-20620,322
41,NORMA-20582,323
41,NORMA-9705,324
41,NORMA-18254,325
41,NORMA-9195,326
41,NORMA-1365,327
41,NORMA-20528,328
41,NORMA-21351,329
41,NORMA-20139,330
41,NORMA-20426,331
41,NORMA-159,332
41,NORMA-20556,333
41,NORMA-13029,334
41,NORMA-20206,335
41,NORMA-1485,336
41,NORMA-12948,337
41,NORMA-9423,338
41,NORMA-21535,339
41,NORMA-18709,340
41,NORMA-20072,341
41,NORMA-265,342
41,NORMA-10443,343
41,NORMA-14581,344
41,NORMA-18697,345
41,NORMA-21299,346
41,NORMA-1841,347
41,NORMA-20584,348
41,NORMA-20756,349
41,NORMA-9111,350
41,NORMA-20451,351
41,NORMA-358,352
41,NORMA-20332,353
41,NORMA-19952,354
41,NORMA-1260,355
41,NORMA-19561,356
41,NORMA-464,357
41,NORMA-20812,358
41,NORMA-1272,359
41,NORMA-20284,360
41,NORMA-893,361
41,NORMA-20970,362
41,NORMA-18212,363
41,NORMA-20837,364
41,NORMA-602,365
41,NORMA-188,366
41,NORMA-18873,367
41,NORMA-261,368
41,NORMA-20749,369
41,NORMA-20447,370
41,NORMA-19190,371
41,NORMA-20287,372
41,NORMA-20198,373
41,NORMA-20185,374
41,NORMA-20402,375
41,NORMA-20774,376
41,NORMA-20762,377
41,NORMA-12354,378
41,NORMA-10364,379
41,NORMA-19597,380
41,NORMA-19475,381
41,NORMA-1295,382
41,NORMA-20894,383
41,NORMA-21463,384
41,NORMA-20285,385
41,NORMA-10592,386
41,NORMA-20214,387
41,NORMA-20531,388
41,NORMA-18223,389
41,NORMA-4140,390
41,NORMA-20116,391
41,NORMA-18222,392
41,NORMA-20270,393
41,NORMA-972,394
41,NORMA-19947,395
41,NORMA-3971,396
41,NORMA-10247,397
41,NORMA-20408,398
41,NORMA-21067,399
41,NORMA-18386,400
41,NORMA-1306,401
41,NORMA-20690,402
41,NORMA-21544,403
41,NORMA-19391,404
41,NORMA-20135,405
41,NORMA-11300,406
41,NORMA-20197,407
41,NORMA-20945,408
41,NORMA-19337,409
41,NORMA-20854,410
41,NORMA-19925,411
41,NORMA-15283,412
41,NORMA-20988,413
41,NORMA-20203,414
41,NORMA-19928,415
41,NORMA-20920,416
41,NORMA-18456,417
41,NORMA-21386,418
41,NORMA-27364,419
41,NORMA-18284,420
41,NORMA-567,421
41,NORMA-6251,422
41,NORMA-20368,423
41,NORMA-19825,424
41,NORMA-7096,425
41,NORMA-19933,426
41,NORMA-21012,427
41,NORMA-19588,428
41,NORMA-6632,429
41,NORMA-11605,430
41,NORMA-19651,431
41,NORMA-18815,432
41,NORMA-20809,433
41,NORMA-4317,434
41,NORMA-588,435
41,NORMA-3690,436
41,NORMA-6766,437
41,NORMA-4820,438
41,NORMA-7326,439
41,NORMA-6776,440
41,NORMA-20304,441
41,NORMA-4636,442
41,NORMA-20499,443
41,NORMA-13671,444
41,NORMA-2522,445
41,NORMA-4162,446
41,NORMA-4315,447
41,NORMA-1138,448
41,NORMA-1263,449
41,NORMA-20242,450
41,NORMA-18528,451
41,NORMA-19962,452
41,NORMA-21562,453
41,NORMA-8931,454
41,NORMA-20240,455
41,NORMA-21194,456
41,NORMA-1419,457
41,NORMA-15004,458
41,NORMA-19883,459
41,NORMA-3662,460
41,NORMA-20950,461
41,NORMA-7351,462
41,NORMA-18293,463
41,NORMA-21655,464
41,NORMA-833,465
41,NORMA-18859,466
41,NORMA-20192,467
41,NORMA-13226,468
41,NORMA-20519,469
41,NORMA-20443,470
41,NORMA-3908,471
41,NORMA-19172,472
41,NORMA-21503,473
41,NORMA-11584,474
41,NORMA-20257,475
41,NORMA-20968,476
41,NORMA-20939,477
41,NORMA-21242,478
41,NORMA-6677,479
41,NORMA-5498,480
41,NORMA-9147,481
41,NORMA-53,482
41,NORMA-21725,483
41,NORMA-19540,484
41,NORMA-20964,485
41,NORMA-18270,486
41,NORMA-19718,487
41,NORMA-8938,488
41,NORMA-20672,489
41,NORMA-5472,490
41,NORMA-9790,491
41,NORMA-4738,492
41,NORMA-19191,493
41,NORMA-13308,494
41,NORMA-18684,495
41,NORMA-18831,496
41,NORMA-21185,497
41,NORMA-19668,498
41,NORMA-19308,499
41,NORMA-4680,500
41,NORMA-6960,501
41,NORMA-21554,502
41,NORMA-1674,503
41,NORMA-10692,504
41,NORMA-19034,505
41,NORMA-9870,506
41,NORMA-6878,507
41,NORMA-21622,508
41,NORMA-20754,509
41,NORMA-18451,510
41,NORMA-18385,511
41,NORMA-10797,512
41,NORMA-9559,513
41,NORMA-18341,514
41,NORMA-18542,515
41,NORMA-21695,516
41,NORMA-587,517
41,NORMA-20444,518
41,NORMA-18631,519
41,NORMA-3969,520
41,NORMA-12858,521
41,NORMA-280,522
41,NORMA-18801,523
41,NORMA-5499,524
41,NORMA-21274,525
41,NORMA-18335,526
41,NORMA-18553,527
41,NORMA-26124,528
41,NORMA-14099,529
41,NORMA-26565,530
41,NORMA-19256,531
41,NORMA-19965,532
41,NORMA-20716,533
41,NORMA-14699,534
41,NORMA-19065,535
41,NORMA-6877,536
41,NORMA-21541,537
41,NORMA-1198,538
41,NORMA-21283,539
41,NORMA-6633,540
41,NORMA-20703,541
41,NORMA-19632,542
41,NORMA-5431,543
41,NORMA-9349,544
41,NORMA-14746,545
41,NORMA-21005,546
41,NORMA-21384,547
41,NORMA-20339,548
41,NORMA-11454,549
41,NORMA-14562,550
41,NORMA-13884,551
41,NORMA-3855,552
41,NORMA-996,553
41,NORMA-19164,554
41,NORMA-1608,555
41,NORMA-19103,556
41,NORMA-2542,557
41,NORMA-3823,558
41,NORMA-19785,559
41,NORMA-20893,560
41,NORMA-1289,561
41,NORMA-18393,562
41,NORMA-31903,563
41,NORMA-10459,564
41,NORMA-19645,565
41,NORMA-2558,566
41,NORMA-2076,567
41,NORMA-20167,568
41,NORMA-19092,569
41,NORMA-13570,570
41,NORMA-20728,571
41,NORMA-20422,572
41,NORMA-20895,573
41,NORMA-11401,574
41,NORMA-20125,575
41,NORMA-21634,576
41,NORMA-18216,577
41,NORMA-18750,578
41,NORMA-21064,579
41,NORMA-20922,580
41,NORMA-19310,581
41,NORMA-76,582
41,NORMA-21537,583
41,NORMA-20432,584
41,NORMA-1388,585
41,NORMA-22721,586
41,NORMA-4703,587
41,NORMA-21787,588
41,NORMA-21277,589
41,NORMA-1088,590
41,NORMA-20195,591
41,NORMA-20049,592
41,NORMA-20450,593
41,NORMA-12911,594
41,NORMA-19955,595
41,NORMA-21300,596
41,NORMA-24823,597
41,NORMA-10267,598
41,NORMA-21475,599
41,NORMA-20524,600
41,NORMA-3572,601
41,NORMA-5424,602
41,NORMA-20959,603
41,NORMA-5228,604
41,NORMA-19684,605
41,NORMA-5151,606
41,NORMA-11607,607
41,NORMA-14444,608
41,NORMA-19081,609
41,NORMA-14744,610
41,NORMA-19128,611
41,NORMA-20908,612
41,NORMA-217,613
41,NORMA-21128,614
41,NORMA-10778,615
41,NORMA-2478,616
41,NORMA-19977,617
41,NORMA-11335,618
41,NORMA-21309,619
41,NORMA-20309,620
41,NORMA-20805,621
41,NORMA-6203,622
41,NORMA-9446,623
41,NORMA-20846,624
41,NORMA-18906,625
41,NORMA-5974,626
41,NORMA-12923,627
41,NORMA-13124,628
41,NORMA-18576,629
41,NORMA-11654,630
41,NORMA-2385,631
41,NORMA-6177,632
41,NORMA-21069,633
41,NORMA-21246,634
41,NORMA-20121,635
41,NORMA-18691,636
41,NORMA-20037,637
41,NORMA-18804,638
41,NORMA-20590,639
41,NORMA-21669,640
41,NORMA-835,641
41,NORMA-1332,642
41,NORMA-20381,643
41,NORMA-6631,644
41,NORMA-21407,645
41,NORMA-18493,646
41,NORMA-20943,647
41,NORMA-976,648
41,NORMA-6789,649
41,NORMA-20815,650
41,NORMA-1342,651
41,NORMA-11653,652
41,NORMA-3898,653
41,NORMA-20494,654
41,NORMA-22262,655
41,NORMA-20522,656
41,NORMA-19983,657
41,NORMA-205,658
41,NORMA-20316,659
41,NORMA-20744,660
41,NORMA-20797,661
41,NORMA-20290,662
41,NORMA-18732,663
41,NORMA-21434,664
41,NORMA-236,665
41,NORMA-4076,666
41,NORMA-19958,667
41,NORMA-7022,668
41,NORMA-4413,669
41,NORMA-30043,670
41,NORMA-20796,671
41,NORMA-21392,672
41,NORMA-1976,673
41,NORMA-19906,674
41,NORMA-18964,675
41,NORMA-6170,676
41,NORMA-18913,677
41,NORMA-20248,678
41,NORMA-14879,679
41,NORMA-222,680
41,NORMA-21158,681
41,NORMA-21200,682
41,NORMA-14987,683
41,NORMA-18548,684
41,NORMA-12415,685
41,NORMA-9830,686
41,NORMA-20028,687
41,NORMA-10276,688
41,NORMA-18211,689
41,NORMA-19495,690
41,NORMA-6250,691
41,NORMA-20271,692
41,NORMA-25902,693
41,NORMA-19205,694
41,NORMA-1510,695
41,NORMA-21456,696
41,NORMA-27942,697
41,NORMA-19536,698
41,NORMA-21352,699
41,NORMA-19502,700
41,NORMA-18828,701
41,NORMA-20263,702
41,NORMA-20241,703
41,NORMA-18630,704
41,NORMA-9872,705
41,NORMA-1619,706
41,NORMA-21621,707
41,NORMA-20436,708
41,NORMA-15208,709
41,NORMA-21776,710
41,NORMA-6032,711
41,NORMA-4470,712
41,NORMA-2447,713
41,NORMA-4637,714
41,NORMA-18699,715
41,NORMA-25841,716
41,NORMA-21648,717
41,NORMA-29147,718
41,NORMA-21748,719
41,NORMA-21107,720
41,NORMA-10275,721
41,NORMA-20286,722
41,NORMA-19295,723
41,NORMA-20613,724
41,NORMA-18869,725
41,NORMA-2383,726
41,NORMA-19027,727
41,NORMA-20853,728
41,NORMA-20677,729
41,NORMA-19635,730
41,NORMA-21476,731
41,NORMA-1223,732
41,NORMA-6395,733
41,NORMA-19351,734
41,NORMA-4848,735
41,NORMA-21402,736
41,NORMA-21388,737
41,NORMA-22643,738
41,NORMA-20445,739
41,NORMA-21186,740
41,NORMA-20005,741
41,NORMA-573,742
41,NORMA-9583,743
41,NORMA-19664,744
41,NORMA-1516,745
41,NORMA-20224,746
41,NORMA-727,747
41,NORMA-21689,748
41,NORMA-20660,749
41,NORMA-21215,750
41,NORMA-11170,751
41,NORMA-20319,752
41,NORMA-20196,753
41,NORMA-18730,754
41,NORMA-25703,755
41,NORMA-211,756
41,NORMA-6760,757
41,NORMA-12733,758
41,NORMA-9457,759
41,NORMA-8092,760
41,NORMA-19871,761
41,NORMA-21651,762
41,NORMA-20569,763
41,NORMA-14636,764
41,NORMA-19740,765
41,NORMA-18325,766
41,NORMA-72,767
41,NORMA-4651,768
41,NORMA-9030,769
41,NORMA-20863,770
41,NORMA-7846,771
41,NORMA-19564,772
41,NORMA-9375,773
41,NORMA-28043,774
41,NORMA-18516,775
41,NORMA-20595,776
41,NORMA-17221,777
41,NORMA-18647,778
41,NORMA-21273,779
41,NORMA-18621,780
41,NORMA-13836,781
41,NORMA-14264,782
41,NORMA-19875,783
41,NORMA-18388,784
41,NORMA-7439,785
41,NORMA-21212,786
41,NORMA-21690,787
41,NORMA-178,788
41,NORMA-20632,789
41,NORMA-21175,790
41,NORMA-18839,791
41,NORMA-6320,792
41,NORMA-11599,793
41,NORMA-18992,794
41,NORMA-13959,795
41,NORMA-5425,796
41,NORMA-20077,797
41,NORMA-20876,798
41,NORMA-11144,799
41,NORMA-1366,800
41,NORMA-19416,801
41,NORMA-984,802
41,NORMA-20840,803
41,NORMA-21540,804
41,NORMA-4655,805
41,NORMA-122,806
41,NORMA-9819,807
41,NORMA-18974,808
41,NORMA-19879,809
41,NORMA-20588,810
41,NORMA-13915,811
41,NORMA-13139,812
41,NORMA-7839,813
41,NORMA-607,814
41,NORMA-18695,815
41,NORMA-2981,816
41,NORMA-819,817
41,NORMA-20871,818
41,NORMA-4885,819
41,NORMA-19297,820
41,NORMA-19859,821
41,NORMA-20041,822
41,NORMA-9731,823
41,NORMA-5795,824
41,NORMA-20599,825
41,NORMA-854,826
41,NORMA-20873,827
41,NORMA-5581,828
41,NORMA-21187,829
41,NORMA-2455,830
41,NORMA-11651,831
41,NORMA-20671,832
41,NORMA-2184,833
41,NORMA-6088,834
41,NORMA-14517,835
41,NORMA-18526,836
41,NORMA-18405,837
41,NORMA-20594,838
41,NORMA-21141,839
41,NORMA-12947,840
41,NORMA-3487,841
41,NORMA-24841,842
41,NORMA-2536,843
41,NORMA-2362,844
41,NORMA-10865,845
41,NORMA-5463,846
41,NORMA-7323,847
41,NORMA-18886,848
41,NORMA-12818,849
41,NORMA-1656,850
41,NORMA-25722,851
41,NORMA-11508,852
41,NORMA-20336,853
41,NORMA-20423,854
41,NORMA-2517,855
41,NORMA-20941,856
41,NORMA-20813,857
41,NORMA-20282,858
41,NORMA-6087,859
41,NORMA-5891,860
41,NORMA-21414,861
41,NORMA-7703,862
41,NORMA-6046,863
41,NORMA-5023,864
41,NORMA-2376,865
41,NORMA-5429,866
41,NORMA-25803,867
41,NORMA-5751,868
41,NORMA-13337,869
41,NORMA-18337,870
41,NORMA-20990,871
41,NORMA-14501,872
41,NORMA-16841,873
41,NORMA-4196,874
41,NORMA-19696,875
41,NORMA-21659,876
41,NORMA-13545,877
41,NORMA-18344,878
41,NORMA-13201,879
41,NORMA-13491,880
41,NORMA-5236,881
41,NORMA-20505,882
41,NORMA-10536,883
41,NORMA-20438,884
41,NORMA-19278,885
41,NORMA-20497,886
41,NORMA-3988,887
41,NORMA-4647,888
41,NORMA-19403,889
41,NORMA-20574,890
41,NORMA-19704,891
41,NORMA-10041,892
41,NORMA-4544,893
41,NORMA-8014,894
41,NORMA-21357,895
41,NORMA-27365,896
41,NORMA-13802,897
41,NORMA-20969,898
41,NORMA-19169,899
41,NORMA-21714,900
41,NORMA-13797,901
41,NORMA-5523,902
41,NORMA-18237,903
41,NORMA-14796,904
41,NORMA-19870,905
41,NORMA-4010,906
41,NORMA-4276,907
41,NORMA-18637,908
41,NORMA-14870,909
41,NORMA-10537,910
41,NORMA-22101,911
41,NORMA-13020,912
41,NORMA-20958,913
41,NORMA-20396,914
41,NORMA-21678,915
41,NORMA-7042,916
41,NORMA-10141,917
41,NORMA-838,918
41,NORMA-13746,919
41,NORMA-21539,920
41,NORMA-20605,921
41,NORMA-9358,922
41,NORMA-18806,923
41,NORMA-4786,924
41,NORMA-21477,925
41,NORMA-19330,926
41,NORMA-27403,927
41,NORMA-20050,928
41,NORMA-2483,929
41,NORMA-29185,930
41,NORMA-21280,931
41,NORMA-19866,932
41,NORMA-26563,933
41,NORMA-20512,934
41,NORMA-4478,935
41,NORMA-11402,936
41,NORMA-21641,937
41,NORMA-22921,938
41,NORMA-26881,939
41,NORMA-5503,940
41,NORMA-11443,941
41,NORMA-20020,942
41,NORMA-20157,943
41,NORMA-19853,944
41,NORMA-26564,945
41,NORMA-9391,946
41,NORMA-19640,947
41,NORMA-11142,948
41,NORMA-25443,949
41,NORMA-8158,950
41,NORMA-20138,951
41,NORMA-13105,952
41,NORMA-14724,953
41,NORMA-19762,954
41,NORMA-19061,955
41,NORMA-5583,956
41,NORMA-3837,957
41,NORMA-21409,958
41,NORMA-3940,959
41,NORMA-15097,960
41,NORMA-20194,961
41,NORMA-10039,962
41,NORMA-20070,963
41,NORMA-9332,964
41,NORMA-23881,965
41,NORMA-21199,966
41,NORMA-19241,967
41,NORMA-19903,968
41,NORMA-21784,969
41,NORMA-19835,970
41,NORMA-20109,971
41,NORMA-21013,972
41,NORMA-8447,973
41,NORMA-21003,974
41,NORMA-478,975
41,NORMA-20561,976
41,NORMA-14217,977
41,NORMA-6665,978
41,NORMA-21337,979
41,NORMA-12919,980
41,NORMA-7433,981
41,NORMA-1586,982
41,NORMA-14059,983
41,NORMA-19270,984
41,NORMA-3854,985
41,NORMA-12967,986
41,NORMA-19021,987
41,NORMA-1206,988
41,NORMA-27081,989
41,NORMA-1776,990
41,NORMA-23461,991
41,NORMA-11263,992
41,NORMA-26123,993
41,NORMA-20023,994
41,NORMA-18818,995
41,NORMA-12504,996
41,NORMA-13641,997
41,NORMA-16421,998
41,NORMA-21206,999
41,NORMA-20957,1000
42,NORMA-19648,1
42,NORMA-19653,2
42,NORMA-19004,3
42,NORMA-21764,4
42,NORMA-18577,5
42,NORMA-19639,6
42,NORMA-19975,7
42,NORMA-19974,8
42,NORMA-18884,9
42,NORMA-21674,10
42,NORMA-20138,11
42,NORMA-19976,12
42,NORMA-18686,13
42,NORMA-19969,14
42,NORMA-18895,15
42,NORMA-19182,16
42,NORMA-20084,17
42,NORMA-21281,18
42,NORMA-21318,19
42,NORMA-20963,20
42,NORMA-9597,21
42,NORMA-19375,22
42,NORMA-18871,23
42,NORMA-9824,24
42,NORMA-5340,25
42,NORMA-18267,26
42,NORMA-21283,27
42,NORMA-6347,28
42,NORMA-21534,29
42,NORMA-19006,30
42,NORMA-20056,31
42,NORMA-19151,32
42,NORMA-18959,33
42,NORMA-6076,34
42,NORMA-20868,35
42,NORMA-21353,36
42,NORMA-19088,37
42,NORMA-21448,38
42,NORMA-19709,39
42,NORMA-18875,40
42,NORMA-20073,41
42,NORMA-21128,42
42,NORMA-20632,43
42,NORMA-21601,44
42,NORMA-18727,45
42,NORMA-21576,46
42,NORMA-21280,47
42,NORMA-20298,48
42,NORMA-19067,49
42,NORMA-21285,50
42,NORMA-19991,51
42,NORMA-21575,52
42,NORMA-18673,53
42,NORMA-25202,54
42,NORMA-21170,55
42,NORMA-19902,56
42,NORMA-19241,57
42,NORMA-20702,58
42,NORMA-19806,59
42,NORMA-19493,60
42,NORMA-19864,61
42,NORMA-19949,62
42,NORMA-18932,63
42,NORMA-21404,64
42,NORMA-21591,65
42,NORMA-21770,66
42,NORMA-20983,67
42,NORMA-19939,68
42,NORMA-12313,69
42,NORMA-18351,70
42,NORMA-18602,71
42,NORMA-19027,72
42,NORMA-19265,73
42,NORMA-7225,74
42,NORMA-18284,75
42,NORMA-18313,76
42,NORMA-18730,77
42,NORMA-21774,78
42,NORMA-20139,79
42,NORMA-21282,80
42,NORMA-21538,81
42,NORMA-20023,82
42,NORMA-21443,83
42,NORMA-18245,84
42,NORMA-19426,85
42,NORMA-18271,86
42,NORMA-19448,87
42,NORMA-18352,88
42,NORMA-20016,89
42,NORMA-21409,90
42,NORMA-18456,91
42,NORMA-21013,92
42,NORMA-18584,93
42,NORMA-19225,94
42,NORMA-19970,95
42,NORMA-20863,96
42,NORMA-18736,97
42,NORMA-18855,98
42,NORMA-21666,99
42,NORMA-20034,100
42,NORMA-19780,101
42,NORMA-18290,102
42,NORMA-6783,103
42,NORMA-18102,104
42,NORMA-21389,105
42,NORMA-20703,106
42,NORMA-15167,107
42,NORMA-23101,108
42,NORMA-19782,109
42,NORMA-21274,110
42,NORMA-19519,111
42,NORMA-19191,112
42,NORMA-19278,113
42,NORMA-18766,114
42,NORMA-20729,115
42,NORMA-18701,116
42,NORMA-21264,117
42,NORMA-19503,118
42,NORMA-19623,119
42,NORMA-12923,120
42,NORMA-13124,121
42,NORMA-21045,122
42,NORMA-6736,123
42,NORMA-21335,124
42,NORMA-12415,125
42,NORMA-19256,126
42,NORMA-13470,127
42,NORMA-21678,128
42,NORMA-19442,129
42,NORMA-21344,130
42,NORMA-20704,131
42,NORMA-19788,132
42,NORMA-7222,133
42,NORMA-9724,134
42,NORMA-21526,135
42,NORMA-21580,136
42,NORMA-13476,137
42,NORMA-21675,138
42,NORMA-20285,139
42,NORMA-18215,140
42,NORMA-20924,141
42,NORMA-19323,142
42,NORMA-20730,143
42,NORMA-19870,144
42,NORMA-13918,145
42,NORMA-21607,146
42,NORMA-20506,147
42,NORMA-19749,148
42,NORMA-21187,149
42,NORMA-21151,150
42,NORMA-18790,151
42,NORMA-21420,152
42,NORMA-13308,153
42,NORMA-19118,154
42,NORMA-18900,155
42,NORMA-11443,156
42,NORMA-7387,157
42,NORMA-21636,158
42,NORMA-19134,159
42,NORMA-27044,160
42,NORMA-18995,161
42,NORMA-21120,162
42,NORMA-19186,163
42,NORMA-21442,164
42,NORMA-20771,165
42,NORMA-14828,166
42,NORMA-20955,167
42,NORMA-18997,168
42,NORMA-20901,169
42,NORMA-19047,170
42,NORMA-19127,171
42,NORMA-20879,172
42,NORMA-19179,173
42,NORMA-21413,174
42,NORMA-27364,175
42,NORMA-21270,176
42,NORMA-20969,177
42,NORMA-18572,178
42,NORMA-20810,179
42,NORMA-7386,180
42,NORMA-14724,181
42,NORMA-21651,182
42,NORMA-21748,183
42,NORMA-21751,184
42,NORMA-19291,185
42,NORMA-21447,186
42,NORMA-20297,187
42,NORMA-21649,188
42,NORMA-21134,189
42,NORMA-20536,190
42,NORMA-19403,191
42,NORMA-20221,192
42,NORMA-18243,193
42,NORMA-21554,194
42,NORMA-19258,195
42,NORMA-18519,196
42,NORMA-5792,197
42,NORMA-20597,198
42,NORMA-13746,199
42,NORMA-21769,200
42,NORMA-21586,201
42,NORMA-21703,202
42,NORMA-20021,203
42,NORMA-14746,204
42,NORMA-21199,205
42,NORMA-13797,206
42,NORMA-20712,207
42,NORMA-19355,208
42,NORMA-21499,209
42,NORMA-18463,210
42,NORMA-12733,211
42,NORMA-20129,212
42,NORMA-19570,213
42,NORMA-26701,214
42,NORMA-18280,215
42,NORMA-15339,216
42,NORMA-11356,217
42,NORMA-21250,218
42,NORMA-4080,219
42,NORMA-19518,220
42,NORMA-21422,221
42,NORMA-19712,222
42,NORMA-18962,223
42,NORMA-8435,224
42,NORMA-21284,225
42,NORMA-19303,226
42,NORMA-19592,227
42,NORMA-20713,228
42,NORMA-19356,229
42,NORMA-20705,230
42,NORMA-20043,231
42,NORMA-21617,232
42,NORMA-14474,233
42,NORMA-19306,234
42,NORMA-19948,235
42,NORMA-21277,236
42,NORMA-20302,237
42,NORMA-21049,238
42,NORMA-18910,239
42,NORMA-21453,240
42,NORMA-19630,241
42,NORMA-19755,242
42,NORMA-20269,243
42,NORMA-21463,244
42,NORMA-18989,245
42,NORMA-21715,246
42,NORMA-18800,247
42,NORMA-18366,248
42,NORMA-21044,249
42,NORMA-19600,250
42,NORMA-18616,251
42,NORMA-21535,252
42,NORMA-18896,253
42,NORMA-20936,254
42,NORMA-7113,255
42,NORMA-18244,256
42,NORMA-21295,257
42,NORMA-18969,258
42,NORMA-19536,259
42,NORMA-18906,260
42,NORMA-21209,261
42,NORMA-19237,262
42,NORMA-3824,263
42,NORMA-19310,264
42,NORMA-21336,265
42,NORMA-18211,266
42,NORMA-12956,267
42,NORMA-20185,268
42,NORMA-21255,269
42,NORMA-19558,270
42,NORMA-27365,271
42,NORMA-21332,272
42,NORMA-15643,273
42,NORMA-19721,274
42,NORMA-20846,275
42,NORMA-21531,276
42,NORMA-21361,277
42,NORMA-21444,278
42,NORMA-18391,279
42,NORMA-4786,280
42,NORMA-12067,281
42,NORMA-11087,282
42,NORMA-20235,283
42,NORMA-21706,284
42,NORMA-19998,285
42,NORMA-20694,286
42,NORMA-18677,287
42,NORMA-18385,288
42,NORMA-20529,289
42,NORMA-19595,290
42,NORMA-20225,291
42,NORMA-20393,292
42,NORMA-21371,293
42,NORMA-18276,294
42,NORMA-8205,295
42,NORMA-18341,296
42,NORMA-13111,297
42,NORMA-21394,298
42,NORMA-19605,299
42,NORMA-21141,300
42,NORMA-6140,301
42,NORMA-19272,302
42,NORMA-18289,303
42,NORMA-21325,304
42,NORMA-18560,305
42,NORMA-8706,306
42,NORMA-18368,307
42,NORMA-21476,308
42,NORMA-19697,309
42,NORMA-14937,310
42,NORMA-19437,311
42,NORMA-18401,312
42,NORMA-4396,313
42,NORMA-18269,314
42,NORMA-18294,315
42,NORMA-19738,316
42,NORMA-21321,317
42,NORMA-19013,318
42,NORMA-19657,319
42,NORMA-20887,320
42,NORMA-18344,321
42,NORMA-20990,322
42,NORMA-20299,323
42,NORMA-20781,324
42,NORMA-19553,325
42,NORMA-21637,326
42,NORMA-19205,327
42,NORMA-19926,328
42,NORMA-18999,329
42,NORMA-20523,330
42,NORMA-19548,331
42,NORMA-18327,332
42,NORMA-21643,333
42,NORMA-18750,334
42,NORMA-20643,335
42,NORMA-14413,336
42,NORMA-21761,337
42,NORMA-19723,338
42,NORMA-21680,339
42,NORMA-18767,340
42,NORMA-20200,341
42,NORMA-19953,342
42,NORMA-11729,343
42,NORMA-20797,344
42,NORMA-21252,345
42,NORMA-14294,346
42,NORMA-18260,347
42,NORMA-19512,348
42,NORMA-20871,349
42,NORMA-3907,350
42,NORMA-20447,351
42,NORMA-18908,352
42,NORMA-21416,353
42,NORMA-20951,354
42,NORMA-20135,355
42,NORMA-19311,356
42,NORMA-20491,357
42,NORMA-21585,358
42,NORMA-18381,359
42,NORMA-19469,360
42,NORMA-18240,361
42,NORMA-19750,362
42,NORMA-19246,363
42,NORMA-20613,364
42,NORMA-19655,365
42,NORMA-3954,366
42,NORMA-19636,367
42,NORMA-18583,368
42,NORMA-19467,369
42,NORMA-18725,370
42,NORMA-12613,371
42,NORMA-20738,372
42,NORMA-11557,373
42,NORMA-1740,374
42,NORMA-21160,375
42,NORMA-21627,376
42,NORMA-19440,377
42,NORMA-21155,378
42,NORMA-19476,379
42,NORMA-19565,380
42,NORMA-20790,381
42,NORMA-21465,382
42,NORMA-21470,383
42,NORMA-10116,384
42,NORMA-18886,385
42,NORMA-27121,386
42,NORMA-18877,387
42,NORMA-20582,388
42,NORMA-19038,389
42,NORMA-18420,390
42,NORMA-24742,391
42,NORMA-19252,392
42,NORMA-15396,393
42,NORMA-19912,394
42,NORMA-18905,395
42,NORMA-27161,396
42,NORMA-18936,397
42,NORMA-19627,398
42,NORMA-19455,399
42,NORMA-21408,400
42,NORMA-19351,401
42,NORMA-21555,402
42,NORMA-18856,403
42,NORMA-21567,404
42,NORMA-13789,405
42,NORMA-19391,406
42,NORMA-18687,407
42,NORMA-19180,408
42,NORMA-20692,409
42,NORMA-21333,410
42,NORMA-19072,411
42,NORMA-21793,412
42,NORMA-11085,413
42,NORMA-20306,414
42,NORMA-22661,415
42,NORMA-21196,416
42,NORMA-13222,417
42,NORMA-1407,418
42,NORMA-19641,419
42,NORMA-24905,420
42,NORMA-18324,421
42,NORMA-19331,422
42,NORMA-20431,423
42,NORMA-20838,424
42,NORMA-19511,425
42,NORMA-18775,426
42,NORMA-18254,427
42,NORMA-1179,428
42,NORMA-18630,429
42,NORMA-19052,430
42,NORMA-19540,431
42,NORMA-20167,432
42,NORMA-18795,433
42,NORMA-20070,434
42,NORMA-19166,435
42,NORMA-19079,436
42,NORMA-21597,437
42,NORMA-5360,438
42,NORMA-20617,439
42,NORMA-20591,440
42,NORMA-19077,441
42,NORMA-21648,442
42,NORMA-21794,443
42,NORMA-18689,444
42,NORMA-4514,445
42,NORMA-18247,446
42,NORMA-20319,447
42,NORMA-19525,448
42,NORMA-21208,449
42,NORMA-19760,450
42,NORMA-18751,451
42,NORMA-21762,452
42,NORMA-19705,453
42,NORMA-9316,454
42,NORMA-20605,455
42,NORMA-3968,456
42,NORMA-21225,457
42,NORMA-20710,458
42,NORMA-20262,459
42,NORMA-18967,460
42,NORMA-20994,461
42,NORMA-21681,462
42,NORMA-21488,463
42,NORMA-21759,464
42,NORMA-20945,465
42,NORMA-20227,466
42,NORMA-21129,467
42,NORMA-21210,468
42,NORMA-18847,469
42,NORMA-11601,470
42,NORMA-13402,471
42,NORMA-19298,472
42,NORMA-20223,473
42,NORMA-19408,474
42,NORMA-21677,475
42,NORMA-19429,476
42,NORMA-21564,477
42,NORMA-18979,478
42,NORMA-18990,479
42,NORMA-19585,480
42,NORMA-21714,481
42,NORMA-21718,482
42,NORMA-18295,483
42,NORMA-21223,484
42,NORMA-19589,485
42,NORMA-4394,486
42,NORMA-19583,487
42,NORMA-27045,488
42,NORMA-21405,489
42,NORMA-15211,490
42,NORMA-21433,491
42,NORMA-21289,492
42,NORMA-21091,493
42,NORMA-19762,494
42,NORMA-15081,495
42,NORMA-19282,496
42,NORMA-19679,497
42,NORMA-19020,498
42,NORMA-19634,499
42,NORMA-20259,500
42,NORMA-21290,501
42,NORMA-8203,502
42,NORMA-21732,503
42,NORMA-20684,504
42,NORMA-23361,505
42,NORMA-25082,506
42,NORMA-27363,507
42,NORMA-3566,508
42,NORMA-19776,509
42,NORMA-24885,510
42,NORMA-15272,511
42,NORMA-3577,512
42,NORMA-19316,513
42,NORMA-13158,514
42,NORMA-21611,515
42,NORMA-19555,516
42,NORMA-19167,517
42,NORMA-19645,518
42,NORMA-18656,519
42,NORMA-18335,520
42,NORMA-21684,521
42,NORMA-19769,522
42,NORMA-14054,523
42,NORMA-13919,524
42,NORMA-5195,525
42,NORMA-19901,526
42,NORMA-20102,527
42,NORMA-18528,528
42,NORMA-19838,529
42,NORMA-21214,530
42,NORMA-8774,531
42,NORMA-21556,532
42,NORMA-19907,533
42,NORMA-19280,534
42,NORMA-7194,535
42,NORMA-19477,536
42,NORMA-18949,537
42,NORMA-21319,538
42,NORMA-21398,539
42,NORMA-3910,540
42,NORMA-14118,541
42,NORMA-19652,542
42,NORMA-21578,543
42,NORMA-19401,544
42,NORMA-20637,545
42,NORMA-20157,546
42,NORMA-18878,547
42,NORMA-21528,548
42,NORMA-18526,549
42,NORMA-19804,550
42,NORMA-18605,551
42,NORMA-21683,552
42,NORMA-20708,553
42,NORMA-12911,554
42,NORMA-19834,555
42,NORMA-19643,556
42,NORMA-18559,557
42,NORMA-21392,558
42,NORMA-2478,559
42,NORMA-21497,560
42,NORMA-22862,561
42,NORMA-28021,562
42,NORMA-19082,563
42,NORMA-19119,564
42,NORMA-25821,565
42,NORMA-20093,566
42,NORMA-18530,567
42,NORMA-18931,568
42,NORMA-19211,569
42,NORMA-18729,570
42,NORMA-20191,571
42,NORMA-18817,572
42,NORMA-20049,573
42,NORMA-18754,574
42,NORMA-10473,575
42,NORMA-19646,576
42,NORMA-21309,577
42,NORMA-18626,578
42,NORMA-26362,579
42,NORMA-18682,580
42,NORMA-19844,581
42,NORMA-18202,582
42,NORMA-13469,583
42,NORMA-18824,584
42,NORMA-7389,585
42,NORMA-21140,586
42,NORMA-21738,587
42,NORMA-19982,588
42,NORMA-21621,589
42,NORMA-21552,590
42,NORMA-21259,591
42,NORMA-20206,592
42,NORMA-21349,593
42,NORMA-21743,594
42,NORMA-20922,595
42,NORMA-21679,596
42,NORMA-20219,597
42,NORMA-12323,598
42,NORMA-20709,599
42,NORMA-20079,600
42,NORMA-18636,601
42,NORMA-20558,602
42,NORMA-21724,603
42,NORMA-16462,604
42,NORMA-8459,605
42,NORMA-20163,606
42,NORMA-21625,607
42,NORMA-18753,608
42,NORMA-21753,609
42,NORMA-21821,610
42,NORMA-14813,611
42,NORMA-20202,612
42,NORMA-21710,613
42,NORMA-20203,614
42,NORMA-21785,615
42,NORMA-25722,616
42,NORMA-19175,617
42,NORMA-20830,618
42,NORMA-6685,619
42,NORMA-21194,620
42,NORMA-21717,621
42,NORMA-21663,622
42,NORMA-21583,623
42,NORMA-24601,624
42,NORMA-18675,625
42,NORMA-19663,626
42,NORMA-12500,627
42,NORMA-21205,628
42,NORMA-21459,629
42,NORMA-19698,630
42,NORMA-18293,631
42,NORMA-19235,632
42,NORMA-19616,633
42,NORMA-19961,634
42,NORMA-21445,635
42,NORMA-21004,636
42,NORMA-19603,637
42,NORMA-20683,638
42,NORMA-5496,639
42,NORMA-19012,640
42,NORMA-18387,641
42,NORMA-21707,642
42,NORMA-18633,643
42,NORMA-19003,644
42,NORMA-20791,645
42,NORMA-18964,646
42,NORMA-21242,647
42,NORMA-21306,648
42,NORMA-20295,649
42,NORMA-21660,650
42,NORMA-18732,651
42,NORMA-23222,652
42,NORMA-18574,653
42,NORMA-802,654
42,NORMA-13472,655
42,NORMA-21640,656
42,NORMA-18337,657
42,NORMA-3472,658
42,NORMA-21698,659
42,NORMA-19100,660
42,NORMA-12867,661
42,NORMA-21728,662
42,NORMA-19054,663
42,NORMA-19352,664
42,NORMA-18604,665
42,NORMA-9960,666
42,NORMA-21529,667
42,NORMA-19913,668
42,NORMA-3821,669
42,NORMA-21655,670
42,NORMA-19229,671
42,NORMA-21709,672
42,NORMA-19124,673
42,NORMA-13218,674
42,NORMA-19794,675
42,NORMA-19501,676
42,NORMA-14597,677
42,NORMA-19680,678
42,NORMA-19642,679
42,NORMA-21269,680
42,NORMA-18201,681
42,NORMA-20736,682
42,NORMA-21301,683
42,NORMA-20772,684
42,NORMA-6184,685
42,NORMA-21711,686
42,NORMA-2483,687
42,NORMA-4824,688
42,NORMA-18398,689
42,NORMA-19743,690
42,NORMA-18365,691
42,NORMA-21339,692
42,NORMA-1718,693
42,NORMA-19821,694
42,NORMA-21400,695
42,NORMA-18562,696
42,NORMA-21690,697
42,NORMA-21460,698
42,NORMA-18835,699
42,NORMA-21791,700
42,NORMA-24501,701
42,NORMA-19036,702
42,NORMA-18902,703
42,NORMA-18674,704
42,NORMA-20110,705
42,NORMA-19985,706
42,NORMA-19703,707
42,NORMA-5494,708
42,NORMA-21487,709
42,NORMA-21539,710
42,NORMA-20446,711
42,NORMA-18699,712
42,NORMA-21527,713
42,NORMA-13990,714
42,NORMA-19326,715
42,NORMA-18396,716
42,NORMA-20452,717
42,NORMA-4221,718
42,NORMA-18627,719
42,NORMA-20668,720
42,NORMA-18474,721
42,NORMA-19559,722
42,NORMA-24941,723
42,NORMA-19427,724
42,NORMA-19798,725
42,NORMA-20275,726
42,NORMA-20517,727
42,NORMA-20106,728
42,NORMA-21563,729
42,NORMA-19422,730
42,NORMA-21024,731
42,NORMA-8803,732
42,NORMA-11418,733
42,NORMA-19594,734
42,NORMA-1586,735
42,NORMA-21659,736
42,NORMA-21190,737
42,NORMA-20300,738
42,NORMA-27901,739
42,NORMA-25121,740
42,NORMA-20652,741
42,NORMA-9959,742
42,NORMA-18631,743
42,NORMA-20140,744
42,NORMA-19369,745
42,NORMA-19554,746
42,NORMA-19458,747
42,NORMA-20256,748
42,NORMA-3510,749
42,NORMA-19354,750
42,NORMA-21351,751
42,NORMA-19035,752
42,NORMA-20849,753
42,NORMA-19727,754
42,NORMA-16402,755
42,NORMA-21198,756
42,NORMA-21701,757
42,NORMA-21482,758
42,NORMA-8269,759
42,NORMA-21635,760
42,NORMA-18536,761
42,NORMA-20060,762
42,NORMA-18952,763
42,NORMA-15279,764
42,NORMA-18804,765
42,NORMA-19765,766
42,NORMA-19101,767
42,NORMA-20120,768
42,NORMA-21489,769
42,NORMA-20081,770
42,NORMA-26564,771
42,NORMA-19014,772
42,NORMA-18221,773
42,NORMA-19255,774
42,NORMA-19270,775
42,NORMA-18836,776
42,NORMA-18985,777
42,NORMA-12338,778
42,NORMA-19547,779
42,NORMA-20108,780
42,NORMA-18241,781
42,NORMA-21545,782
42,NORMA-11719,783
42,NORMA-19350,784
42,NORMA-27384,785
42,NORMA-14227,786
42,NORMA-12954,787
42,NORMA-20976,788
42,NORMA-13116,789
42,NORMA-19628,790
42,NORMA-25621,791
42,NORMA-18733,792
42,NORMA-19385,793
42,NORMA-20661,794
42,NORMA-20524,795
42,NORMA-19461,796
42,NORMA-27366,797
42,NORMA-1662,798
42,NORMA-18793,799
42,NORMA-21620,800
42,NORMA-20510,801
42,NORMA-20509,802
42,NORMA-19463,803
42,NORMA-18882,804
42,NORMA-19474,805
42,NORMA-20626,806
42,NORMA-20666,807
42,NORMA-12121,808
42,NORMA-19640,809
42,NORMA-20817,810
42,NORMA-18955,811
42,NORMA-19963,812
42,NORMA-19575,813
42,NORMA-21428,814
42,NORMA-21110,815
42,NORMA-19037,816
42,NORMA-27702,817
42,NORMA-20962,818
42,NORMA-3767,819
42,NORMA-21355,820
42,NORMA-21622,821
42,NORMA-4102,822
42,NORMA-18869,823
42,NORMA-20982,824
42,NORMA-20717,825
42,NORMA-5312,826
42,NORMA-20987,827
42,NORMA-20156,828
42,NORMA-21108,829
42,NORMA-21532,830
42,NORMA-20644,831
42,NORMA-5428,832
42,NORMA-21381,833
42,NORMA-20117,834
42,NORMA-19321,835
42,NORMA-21509,836
42,NORMA-18222,837
42,NORMA-28461,838
42,NORMA-20045,839
42,NORMA-19815,840
42,NORMA-21314,841
42,NORMA-20915,842
42,NORMA-21543,843
42,NORMA-21360,844
42,NORMA-19379,845
42,NORMA-21584,846
42,NORMA-18646,847
42,NORMA-20255,848
42,NORMA-21551,849
42,NORMA-19549,850
42,NORMA-21124,851
42,NORMA-18991,852
42,NORMA-16443,853
42,NORMA-19615,854
42,NORMA-20876,855
42,NORMA-211,856
42,NORMA-18755,857
42,NORMA-19281,858
42,NORMA-21384,859
42,NORMA-21254,860
42,NORMA-13586,861
42,NORMA-20198,862
42,NORMA-19144,863
42,NORMA-18938,864
42,NORMA-19495,865
42,NORMA-19691,866
42,NORMA-8207,867
42,NORMA-21418,868
42,NORMA-19505,869
42,NORMA-21421,870
42,NORMA-20238,871
42,NORMA-19811,872
42,NORMA-18663,873
42,NORMA-14890,874
42,NORMA-18181,875
42,NORMA-5781,876
42,NORMA-20274,877
42,NORMA-20818,878
42,NORMA-18924,879
42,NORMA-19343,880
42,NORMA-6953,881
42,NORMA-4515,882
42,NORMA-19315,883
42,NORMA-19498,884
42,NORMA-18242,885
42,NORMA-21744,886
42,NORMA-19759,887
42,NORMA-19951,888
42,NORMA-16202,889
42,NORMA-21599,890
42,NORMA-21393,891
42,NORMA-19590,892
42,NORMA-14744,893
42,NORMA-19984,894
42,NORMA-18529,895
42,NORMA-20222,896
42,NORMA-21215,897
42,NORMA-18275,898
42,NORMA-21479,899
42,NORMA-18935,900
42,NORMA-19094,901
42,NORMA-19526,902
42,NORMA-19174,903
42,NORMA-19268,904
42,NORMA-27181,905
42,NORMA-19945,906
42,NORMA-19786,907
42,NORMA-20449,908
42,NORMA-19162,909
42,NORMA-19468,910
42,NORMA-21772,911
42,NORMA-13499,912
42,NORMA-5913,913
42,NORMA-18691,914
42,NORMA-21358,915
42,NORMA-20763,916
42,NORMA-23965,917
42,NORMA-19730,918
42,NORMA-27081,919
42,NORMA-27761,920
42,NORMA-12161,921
42,NORMA-21490,922
42,NORMA-20190,923
42,NORMA-25101,924
42,NORMA-20551,925
42,NORMA-24041,926
42,NORMA-19753,927
42,NORMA-21533,928
42,NORMA-20152,929
42,NORMA-21716,930
42,NORMA-28623,931
42,NORMA-4588,932
42,NORMA-18917,933
42,NORMA-14629,934
42,NORMA-21434,935
42,NORMA-20111,936
42,NORMA-21630,937
42,NORMA-19606,938
42,NORMA-21368,939
42,NORMA-18652,940
42,NORMA-19138,941
42,NORMA-25841,942
42,NORMA-19065,943
42,NORMA-21245,944
42,NORMA-20581,945
42,NORMA-26804,946
42,NORMA-21462,947
42,NORMA-18996,948
42,NORMA-19459,949
42,NORMA-21781,950
42,NORMA-21178,951
42,NORMA-20727,952
42,NORMA-19106,953
42,NORMA-18546,954
42,NORMA-12820,955
42,NORMA-27101,956
42,NORMA-6489,957
42,NORMA-8204,958
42,NORMA-19033,959
42,NORMA-18659,960
42,NORMA-20948,961
42,NORMA-19466,962
42,NORMA-21298,963
42,NORMA-20803,964
42,NORMA-15060,965
42,NORMA-21183,966
42,NORMA-15118,967
42,NORMA-19658,968
42,NORMA-4195,969
42,NORMA-16382,970
42,NORMA-19979,971
42,NORMA-4316,972
42,NORMA-19681,973
42,NORMA-18948,974
42,NORMA-6834,975
42,NORMA-19502,976
42,NORMA-18741,977
42,NORMA-12899,978
42,NORMA-19716,979
42,NORMA-19819,980
42,NORMA-21544,981
42,NORMA-18992,982
42,NORMA-21477,983
42,NORMA-25205,984
42,NORMA-25524,985
42,NORMA-19972,986
42,NORMA-19556,987
42,NORMA-19005,988
42,NORMA-18723,989
42,NORMA-4849,990
42,NORMA-27201,991
42,NORMA-18372,992
42,NORMA-20063,993
42,NORMA-21366,994
42,NORMA-23341,995
42,NORMA-20270,996
42,NORMA-21237,997
42,NORMA-27584,998
42,NORMA-14673,999
42,NORMA-19416,1000
43,NORMA-21291,1
43,NORMA-21060,2
43,NORMA-19585,3
43,NORMA-20649,4
43,NORMA-21250,5
43,NORMA-21072,6
43,NORMA-21690,7
43,NORMA-20062,8
43,NORMA-19275,9
43,NORMA-20162,10
43,NORMA-18202,11
43,NORMA-19529,12
43,NORMA-21766,13
43,NORMA-16403,14
43,NORMA-21011,15
43,NORMA-21010,16
43,NORMA-19565,17
43,NORMA-22721,18
43,NORMA-21129,19
43,NORMA-19569,20
43,NORMA-21008,21
43,NORMA-19011,22
43,NORMA-16481,23
43,NORMA-18290,24
43,NORMA-19448,25
43,NORMA-18559,26
43,NORMA-18648,27
43,NORMA-21026,28
43,NORMA-19012,29
43,NORMA-18371,30
43,NORMA-18571,31
43,NORMA-20086,32
43,NORMA-18626,33
43,NORMA-19729,34
43,NORMA-18467,35
43,NORMA-4746,36
43,NORMA-21440,37
43,NORMA-18614,38
43,NORMA-18348,39
43,NORMA-7015,40
43,NORMA-19060,41
43,NORMA-19644,42
43,NORMA-19396,43
43,NORMA-20097,44
43,NORMA-20302,45
43,NORMA-18700,46
43,NORMA-11731,47
43,NORMA-18927,48
43,NORMA-19137,49
43,NORMA-14967,50
43,NORMA-21095,51
43,NORMA-13029,52
43,NORMA-19146,53
43,NORMA-4141,54
43,NORMA-6720,55
43,NORMA-20316,56
43,NORMA-21082,57
43,NORMA-18302,58
43,NORMA-18358,59
43,NORMA-5586,60
43,NORMA-2519,61
43,NORMA-19180,62
43,NORMA-2432,63
43,NORMA-18537,64
43,NORMA-7326,65
43,NORMA-18408,66
43,NORMA-19447,67
43,NORMA-9147,68
43,NORMA-18629,69
43,NORMA-7351,70
43,NORMA-20067,71
43,NORMA-19002,72
43,NORMA-18370,73
43,NORMA-13229,74
43,NORMA-18272,75
43,NORMA-19453,76
43,NORMA-18209,77
43,NORMA-21051,78
43,NORMA-11300,79
43,NORMA-18585,80
43,NORMA-18867,81
43,NORMA-9803,82
43,NORMA-21112,83
43,NORMA-18982,84
43,NORMA-19494,85
43,NORMA-19112,86
43,NORMA-19544,87
43,NORMA-19141,88
43,NORMA-19349,89
43,NORMA-18859,90
43,NORMA-18679,91
43,NORMA-18702,92
43,NORMA-18441,93
43,NORMA-18774,94
43,NORMA-21092,95
43,NORMA-18928,96
43,NORMA-11814,97
43,NORMA-18890,98
43,NORMA-20467,99
43,NORMA-18864,100
43,NORMA-19420,101
43,NORMA-19589,102
43,NORMA-19931,103
43,NORMA-4424,104
43,NORMA-19534,105
43,NORMA-19254,106
43,NORMA-17281,107
43,NORMA-23721,108
43,NORMA-18402,109
43,NORMA-19815,110
43,NORMA-18972,111
43,NORMA-19896,112
43,NORMA-19183,113
43,NORMA-18494,114
43,NORMA-19340,115
43,NORMA-4909,116
43,NORMA-18704,117
43,NORMA-20151,118
43,NORMA-21491,119
43,NORMA-18330,120
43,NORMA-19543,121
43,NORMA-18703,122
43,NORMA-12029,123
43,NORMA-19481,124
43,NORMA-18987,125
43,NORMA-19685,126
43,NORMA-19852,127
43,NORMA-18671,128
43,NORMA-18460,129
43,NORMA-19915,130
43,NORMA-19508,131
43,NORMA-18320,132
43,NORMA-19499,133
43,NORMA-18497,134
43,NORMA-6344,135
43,NORMA-18220,136
43,NORMA-20864,137
43,NORMA-18529,138
43,NORMA-19404,139
43,NORMA-12066,140
43,NORMA-19384,141
43,NORMA-18758,142
43,NORMA-20917,143
43,NORMA-19660,144
43,NORMA-20346,145
43,NORMA-18466,146
43,NORMA-21312,147
43,NORMA-2536,148
43,NORMA-5490,149
43,NORMA-21068,150
43,NORMA-21327,151
43,NORMA-3573,152
43,NORMA-13519,153
43,NORMA-27550,154
43,NORMA-14345,155
43,NORMA-19285,156
43,NORMA-15465,157
43,NORMA-19087,158
43,NORMA-19566,159
43,NORMA-19126,160
43,NORMA-15427,161
43,NORMA-18737,162
43,NORMA-18422,163
43,NORMA-21018,164
43,NORMA-19692,165
43,NORMA-19670,166
43,NORMA-11734,167
43,NORMA-18726,168
43,NORMA-18705,169
43,NORMA-20221,170
43,NORMA-19335,171
43,NORMA-19022,172
43,NORMA-18386,173
43,NORMA-19028,174
43,NORMA-18513,175
43,NORMA-18586,176
43,NORMA-18491,177
43,NORMA-11687,178
43,NORMA-19016,179
43,NORMA-19140,180
43,NORMA-18701,181
43,NORMA-18711,182
43,NORMA-19595,183
43,NORMA-19702,184
43,NORMA-9670,185
43,NORMA-19780,186
43,NORMA-19110,187
43,NORMA-23027,188
43,NORMA-19531,189
43,NORMA-19922,190
43,NORMA-6410,191
43,NORMA-20888,192
43,NORMA-18363,193
43,NORMA-19545,194
43,NORMA-21146,195
43,NORMA-4634,196
43,NORMA-18245,197
43,NORMA-5626,198
43,NORMA-21058,199
43,NORMA-19411,200
43,NORMA-21130,201
43,NORMA-9223,202
43,NORMA-18415,203
43,NORMA-19415,204
43,NORMA-19926,205
43,NORMA-18939,206
43,NORMA-20267,207
43,NORMA-18789,208
43,NORMA-20481,209
43,NORMA-7942,210
43,NORMA-20217,211
43,NORMA-13995,212
43,NORMA-14113,213
43,NORMA-20291,214
43,NORMA-4830,215
43,NORMA-18942,216
43,NORMA-18588,217
43,NORMA-19902,218
43,NORMA-18595,219
43,NORMA-18332,220
43,NORMA-19024,221
43,NORMA-5136,222
43,NORMA-21726,223
43,NORMA-19251,224
43,NORMA-20458,225
43,NORMA-19154,226
43,NORMA-7196,227
43,NORMA-5381,228
43,NORMA-20350,229
43,NORMA-21415,230
43,NORMA-21750,231
43,NORMA-22001,232
43,NORMA-19480,233
43,NORMA-18299,234
43,NORMA-19249,235
43,NORMA-29202,236
43,NORMA-19455,237
43,NORMA-18490,238
43,NORMA-6379,239
43,NORMA-20218,240
43,NORMA-20897,241
43,NORMA-19204,242
43,NORMA-21121,243
43,NORMA-18900,244
43,NORMA-18313,245
43,NORMA-15027,246
43,NORMA-21492,247
43,NORMA-29261,248
43,NORMA-4423,249
43,NORMA-19097,250
43,NORMA-24102,251
43,NORMA-4954,252
43,NORMA-9110,253
43,NORMA-19925,254
43,NORMA-18605,255
43,NORMA-20977,256
43,NORMA-18724,257
43,NORMA-3985,258
43,NORMA-21605,259
43,NORMA-18424,260
43,NORMA-18779,261
43,NORMA-20113,262
43,NORMA-18765,263
43,NORMA-18965,264
43,NORMA-18904,265
43,NORMA-20069,266
43,NORMA-20363,267
43,NORMA-18296,268
43,NORMA-19637,269
43,NORMA-6145,270
43,NORMA-19439,271
43,NORMA-9234,272
43,NORMA-21598,273
43,NORMA-20383,274
43,NORMA-20945,275
43,NORMA-18837,276
43,NORMA-6343,277
43,NORMA-20094,278
43,NORMA-19733,279
43,NORMA-18428,280
43,NORMA-18929,281
43,NORMA-20220,282
43,NORMA-10206,283
43,NORMA-19365,284
43,NORMA-19217,285
43,NORMA-21481,286
43,NORMA-3735,287
43,NORMA-18449,288
43,NORMA-20360,289
43,NORMA-20355,290
43,NORMA-19073,291
43,NORMA-21410,292
43,NORMA-21115,293
43,NORMA-6782,294
43,NORMA-14974,295
43,NORMA-19654,296
43,NORMA-20341,297
43,NORMA-20133,298
43,NORMA-6988,299
43,NORMA-19812,300
43,NORMA-21472,301
43,NORMA-18280,302
43,NORMA-13903,303
43,NORMA-20533,304
43,NORMA-19916,305
43,NORMA-19649,306
43,NORMA-19438,307
43,NORMA-18815,308
43,NORMA-18749,309
43,NORMA-970,310
43,NORMA-3901,311
43,NORMA-20707,312
43,NORMA-5526,313
43,NORMA-8580,314
43,NORMA-19276,315
43,NORMA-5833,316
43,NORMA-18431,317
43,NORMA-15134,318
43,NORMA-4035,319
43,NORMA-28841,320
43,NORMA-21572,321
43,NORMA-18535,322
43,NORMA-20983,323
43,NORMA-8269,324
43,NORMA-6984,325
43,NORMA-18645,326
43,NORMA-21097,327
43,NORMA-11742,328
43,NORMA-20738,329
43,NORMA-19253,330
43,NORMA-12338,331
43,NORMA-21088,332
43,NORMA-18390,333
43,NORMA-14779,334
43,NORMA-20293,335
43,NORMA-20692,336
43,NORMA-1365,337
43,NORMA-21619,338
43,NORMA-18668,339
43,NORMA-18376,340
43,NORMA-18676,341
43,NORMA-19098,342
43,NORMA-20040,343
43,NORMA-19516,344
43,NORMA-16443,345
43,NORMA-10821,346
43,NORMA-18604,347
43,NORMA-19150,348
43,NORMA-21113,349
43,NORMA-19998,350
43,NORMA-18587,351
43,NORMA-14510,352
43,NORMA-21463,353
43,NORMA-21096,354
43,NORMA-8643,355
43,NORMA-24361,356
43,NORMA-19273,357
43,NORMA-18601,358
43,NORMA-11715,359
43,NORMA-19248,360
43,NORMA-20596,361
43,NORMA-19951,362
43,NORMA-19710,363
43,NORMA-18866,364
43,NORMA-9802,365
43,NORMA-20338,366
43,NORMA-18305,367
43,NORMA-6092,368
43,NORMA-21317,369
43,NORMA-18833,370
43,NORMA-19450,371
43,NORMA-265,372
43,NORMA-20892,373
43,NORMA-18515,374
43,NORMA-9785,375
43,NORMA-7308,376
43,NORMA-1256,377
43,NORMA-11607,378
43,NORMA-25964,379
43,NORMA-21516,380
43,NORMA-23862,381
43,NORMA-8261,382
43,NORMA-21652,383
43,NORMA-21459,384
43,NORMA-20489,385
43,NORMA-14858,386
43,NORMA-19817,387
43,NORMA-20087,388
43,NORMA-19405,389
43,NORMA-12375,390
43,NORMA-18464,391
43,NORMA-19239,392
43,NORMA-19541,393
43,NORMA-1485,394
43,NORMA-19238,395
43,NORMA-18459,396
43,NORMA-19665,397
43,NORMA-20472,398
43,NORMA-21111,399
43,NORMA-19144,400
43,NORMA-19599,401
43,NORMA-18721,402
43,NORMA-20075,403
43,NORMA-19302,404
43,NORMA-893,405
43,NORMA-19015,406
43,NORMA-18285,407
43,NORMA-6442,408
43,NORMA-20894,409
43,NORMA-18799,410
43,NORMA-18316,411
43,NORMA-19168,412
43,NORMA-18813,413
43,NORMA-5428,414
43,NORMA-6164,415
43,NORMA-7535,416
43,NORMA-19049,417
43,NORMA-19301,418
43,NORMA-19023,419
43,NORMA-15028,420
43,NORMA-4767,421
43,NORMA-21570,422
43,NORMA-21006,423
43,NORMA-19402,424
43,NORMA-11093,425
43,NORMA-20390,426
43,NORMA-13555,427
43,NORMA-29301,428
43,NORMA-143,429
43,NORMA-15363,430
43,NORMA-10044,431
43,NORMA-13627,432
43,NORMA-19139,433
43,NORMA-21125,434
43,NORMA-9708,435
43,NORMA-19170,436
43,NORMA-20406,437
43,NORMA-20013,438
43,NORMA-11505,439
43,NORMA-24501,440
43,NORMA-21480,441
43,NORMA-19520,442
43,NORMA-21337,443
43,NORMA-21331,444
43,NORMA-21021,445
43,NORMA-4039,446
43,NORMA-21329,447
43,NORMA-21669,448
43,NORMA-19865,449
43,NORMA-20464,450
43,NORMA-20365,451
43,NORMA-18940,452
43,NORMA-18854,453
43,NORMA-19423,454
43,NORMA-1252,455
43,NORMA-21147,456
43,NORMA-19794,457
43,NORMA-19266,458
43,NORMA-18437,459
43,NORMA-11916,460
43,NORMA-18624,461
43,NORMA-20074,462
43,NORMA-19810,463
43,NORMA-10122,464
43,NORMA-23026,465
43,NORMA-20964,466
43,NORMA-19939,467
43,NORMA-5736,468
43,NORMA-7307,469
43,NORMA-19550,470
43,NORMA-23965,471
43,NORMA-19833,472
43,NORMA-4193,473
43,NORMA-18872,474
43,NORMA-9959,475
43,NORMA-18372,476
43,NORMA-28663,477
43,NORMA-14035,478
43,NORMA-18479,479
43,NORMA-18340,480
43,NORMA-2020,481
43,NORMA-10747,482
43,NORMA-19025,483
43,NORMA-10878,484
43,NORMA-18258,485
43,NORMA-10931,486
43,NORMA-18264,487
43,NORMA-20020,488
43,NORMA-20010,489
43,NORMA-4019,490
43,NORMA-20137,491
43,NORMA-19318,492
43,NORMA-19138,493
43,NORMA-28203,494
43,NORMA-6399,495
43,NORMA-4849,496
43,NORMA-14587,497
43,NORMA-19444,498
43,NORMA-4425,499
43,NORMA-18283,500
43,NORMA-21084,501
43,NORMA-21795,502
43,NORMA-20399,503
43,NORMA-19344,504
43,NORMA-18628,505
43,NORMA-19457,506
43,NORMA-19142,507
43,NORMA-18292,508
43,NORMA-19403,509
43,NORMA-19425,510
43,NORMA-14501,511
43,NORMA-23982,512
43,NORMA-21581,513
43,NORMA-21716,514
43,NORMA-18256,515
43,NORMA-6256,516
43,NORMA-27221,517
43,NORMA-1512,518
43,NORMA-4221,519
43,NORMA-20737,520
43,NORMA-21414,521
43,NORMA-16441,522
43,NORMA-11601,523
43,NORMA-22723,524
43,NORMA-18708,525
43,NORMA-19746,526
43,NORMA-19899,527
43,NORMA-15068,528
43,NORMA-18380,529
43,NORMA-15802,530
43,NORMA-17001,531
43,NORMA-21206,532
43,NORMA-18558,533
43,NORMA-18814,534
43,NORMA-18713,535
43,NORMA-17541,536
43,NORMA-18698,537
43,NORMA-19292,538
43,NORMA-20475,539
43,NORMA-20991,540
43,NORMA-19548,541
43,NORMA-13510,542
43,NORMA-12771,543
43,NORMA-10629,544
43,NORMA-6851,545
43,NORMA-7234,546
43,NORMA-18273,547
43,NORMA-8266,548
43,NORMA-20134,549
43,NORMA-18596,550
43,NORMA-18262,551
43,NORMA-18960,552
43,NORMA-19158,553
43,NORMA-9857,554
43,NORMA-19123,555
43,NORMA-19398,556
43,NORMA-18989,557
43,NORMA-18471,558
43,NORMA-21044,559
43,NORMA-18847,560
43,NORMA-19835,561
43,NORMA-6819,562
43,NORMA-16442,563
43,NORMA-21431,564
43,NORMA-21278,565
43,NORMA-11882,566
43,NORMA-19319,567
43,NORMA-19210,568
43,NORMA-4105,569
43,NORMA-10219,570
43,NORMA-20163,571
43,NORMA-10309,572
43,NORMA-21549,573
43,NORMA-18801,574
43,NORMA-19079,575
43,NORMA-21340,576
43,NORMA-20016,577
43,NORMA-19076,578
43,NORMA-8575,579
43,NORMA-581,580
43,NORMA-18545,581
43,NORMA-27687,582
43,NORMA-19181,583
43,NORMA-20661,584
43,NORMA-19179,585
43,NORMA-18568,586
43,NORMA-1092,587
43,NORMA-19932,588
43,NORMA-25942,589
43,NORMA-19633,590
43,NORMA-6222,591
43,NORMA-11442,592
43,NORMA-4075,593
43,NORMA-21043,594
43,NORMA-3828,595
43,NORMA-21495,596
43,NORMA-18423,597
43,NORMA-206,598
43,NORMA-9595,599
43,NORMA-20296,600
43,NORMA-18300,601
43,NORMA-6957,602
43,NORMA-19714,603
43,NORMA-6062,604
43,NORMA-19303,605
43,NORMA-19999,606
43,NORMA-23061,607
43,NORMA-20936,608
43,NORMA-21485,609
43,NORMA-4711,610
43,NORMA-19861,611
43,NORMA-21334,612
43,NORMA-20004,613
43,NORMA-21036,614
43,NORMA-8096,615
43,NORMA-25041,616
43,NORMA-4480,617
43,NORMA-20946,618
43,NORMA-18377,619
43,NORMA-11754,620
43,NORMA-18616,621
43,NORMA-19627,622
43,NORMA-13931,623
43,NORMA-20375,624
43,NORMA-1960,625
43,NORMA-4294,626
43,NORMA-7553,627
43,NORMA-10119,628
43,NORMA-6627,629
43,NORMA-7153,630
43,NORMA-20690,631
43,NORMA-18590,632
43,NORMA-19399,633
43,NORMA-6758,634
43,NORMA-21644,635
43,NORMA-9084,636
43,NORMA-18778,637
43,NORMA-11999,638
43,NORMA-24885,639
43,NORMA-11605,640
43,NORMA-25201,641
43,NORMA-8194,642
43,NORMA-6226,643
43,NORMA-19260,644
43,NORMA-19026,645
43,NORMA-19616,646
43,NORMA-20348,647
43,NORMA-19296,648
43,NORMA-9819,649
43,NORMA-9888,650
43,NORMA-6278,651
43,NORMA-4275,652
43,NORMA-18932,653
43,NORMA-21775,654
43,NORMA-18776,655
43,NORMA-18353,656
43,NORMA-5008,657
43,NORMA-18712,658
43,NORMA-6521,659
43,NORMA-19619,660
43,NORMA-10285,661
43,NORMA-5406,662
43,NORMA-14904,663
43,NORMA-19724,664
43,NORMA-12038,665
43,NORMA-10534,666
43,NORMA-25541,667
43,NORMA-21403,668
43,NORMA-29283,669
43,NORMA-20057,670
43,NORMA-634,671
43,NORMA-21468,672
43,NORMA-6049,673
43,NORMA-21435,674
43,NORMA-5210,675
43,NORMA-10461,676
43,NORMA-11965,677
43,NORMA-19530,678
43,NORMA-3979,679
43,NORMA-15298,680
43,NORMA-13806,681
43,NORMA-18984,682
43,NORMA-21230,683
43,NORMA-6820,684
43,NORMA-21042,685
43,NORMA-8762,686
43,NORMA-18257,687
43,NORMA-19235,688
43,NORMA-18298,689
43,NORMA-20060,690
43,NORMA-20384,691
43,NORMA-20033,692
43,NORMA-19868,693
43,NORMA-21697,694
43,NORMA-13991,695
43,NORMA-19911,696
43,NORMA-7494,697
43,NORMA-19304,698
43,NORMA-21592,699
43,NORMA-995,700
43,NORMA-20914,701
43,NORMA-18790,702
43,NORMA-20720,703
43,NORMA-15253,704
43,NORMA-5219,705
43,NORMA-18289,706
43,NORMA-14310,707
43,NORMA-18411,708
43,NORMA-18373,709
43,NORMA-20984,710
43,NORMA-28703,711
43,NORMA-19662,712
43,NORMA-5555,713
43,NORMA-20696,714
43,NORMA-19946,715
43,NORMA-20061,716
43,NORMA-21505,717
43,NORMA-25721,718
43,NORMA-18829,719
43,NORMA-985,720
43,NORMA-20003,721
43,NORMA-15321,722
43,NORMA-20009,723
43,NORMA-20006,724
43,NORMA-6595,725
43,NORMA-14508,726
43,NORMA-19906,727
43,NORMA-6489,728
43,NORMA-20050,729
43,NORMA-18235,730
43,NORMA-18236,731
43,NORMA-20403,732
43,NORMA-11780,733
43,NORMA-4195,734
43,NORMA-11632,735
43,NORMA-18930,736
43,NORMA-21053,737
43,NORMA-4500,738
43,NORMA-18738,739
43,NORMA-5909,740
43,NORMA-20263,741
43,NORMA-21765,742
43,NORMA-19918,743
43,NORMA-18392,744
43,NORMA-18562,745
43,NORMA-18603,746
43,NORMA-13488,747
43,NORMA-6291,748
43,NORMA-19059,749
43,NORMA-7443,750
43,NORMA-18470,751
43,NORMA-18906,752
43,NORMA-21672,753
43,NORMA-6679,754
43,NORMA-19506,755
43,NORMA-7011,756
43,NORMA-19300,757
43,NORMA-18722,758
43,NORMA-19383,759
43,NORMA-20697,760
43,NORMA-19407,761
43,NORMA-19433,762
43,NORMA-21262,763
43,NORMA-13497,764
43,NORMA-20378,765
43,NORMA-6147,766
43,NORMA-14225,767
43,NORMA-21108,768
43,NORMA-18569,769
43,NORMA-3541,770
43,NORMA-20823,771
43,NORMA-15251,772
43,NORMA-9010,773
43,NORMA-5376,774
43,NORMA-19056,775
43,NORMA-12232,776
43,NORMA-3529,777
43,NORMA-21030,778
43,NORMA-20088,779
43,NORMA-19219,780
43,NORMA-20668,781
43,NORMA-20502,782
43,NORMA-18901,783
43,NORMA-18304,784
43,NORMA-11901,785
43,NORMA-13897,786
43,NORMA-21227,787
43,NORMA-9681,788
43,NORMA-6702,789
43,NORMA-18518,790
43,NORMA-7466,791
43,NORMA-21603,792
43,NORMA-18374,793
43,NORMA-21579,794
43,NORMA-19440,795
43,NORMA-22643,796
43,NORMA-10347,797
43,NORMA-21723,798
43,NORMA-19860,799
43,NORMA-20131,800
43,NORMA-7384,801
43,NORMA-9289,802
43,NORMA-18237,803
43,NORMA-12744,804
43,NORMA-20078,805
43,NORMA-3551,806
43,NORMA-21073,807
43,NORMA-6202,808
43,NORMA-13591,809
43,NORMA-21362,810
43,NORMA-9618,811
43,NORMA-20905,812
43,NORMA-19781,813
43,NORMA-13514,814
43,NORMA-28802,815
43,NORMA-11151,816
43,NORMA-21693,817
43,NORMA-11315,818
43,NORMA-9067,819
43,NORMA-20258,820
43,NORMA-19848,821
43,NORMA-1009,822
43,NORMA-19959,823
43,NORMA-19269,824
43,NORMA-20196,825
43,NORMA-18263,826
43,NORMA-6480,827
43,NORMA-18714,828
43,NORMA-18845,829
43,NORMA-20893,830
43,NORMA-11711,831
43,NORMA-7076,832
43,NORMA-20358,833
43,NORMA-10593,834
43,NORMA-12717,835
43,NORMA-19877,836
43,NORMA-15259,837
43,NORMA-20484,838
43,NORMA-4492,839
43,NORMA-20975,840
43,NORMA-7021,841
43,NORMA-20955,842
43,NORMA-27081,843
43,NORMA-4792,844
43,NORMA-18259,845
43,NORMA-6051,846
43,NORMA-6863,847
43,NORMA-19683,848
43,NORMA-21382,849
43,NORMA-7428,850
43,NORMA-18439,851
43,NORMA-18307,852
43,NORMA-20347,853
43,NORMA-18874,854
43,NORMA-18331,855
43,NORMA-20394,856
43,NORMA-19927,857
43,NORMA-13170,858
43,NORMA-18345,859
43,NORMA-21786,860
43,NORMA-20015,861
43,NORMA-21751,862
43,NORMA-20498,863
43,NORMA-20918,864
43,NORMA-5170,865
43,NORMA-18958,866
43,NORMA-18442,867
43,NORMA-19570,868
43,NORMA-19611,869
43,NORMA-18369,870
43,NORMA-18735,871
43,NORMA-18677,872
43,NORMA-18862,873
43,NORMA-20820,874
43,NORMA-18445,875
43,NORMA-22281,876
43,NORMA-19905,877
43,NORMA-7617,878
43,NORMA-712,879
43,NORMA-19220,880
43,NORMA-15206,881
43,NORMA-10590,882
43,NORMA-21015,883
43,NORMA-1035,884
43,NORMA-7223,885
43,NORMA-6753,886
43,NORMA-18622,887
43,NORMA-18493,888
43,NORMA-19125,889
43,NORMA-18318,890
43,NORMA-21016,891
43,NORMA-18806,892
43,NORMA-14055,893
43,NORMA-18260,894
43,NORMA-23301,895
43,NORMA-28221,896
43,NORMA-19749,897
43,NORMA-20333,898
43,NORMA-4102,899
43,NORMA-20288,900
43,NORMA-20524,901
43,NORMA-18539,902
43,NORMA-20386,903
43,NORMA-21007,904
43,NORMA-10745,905
43,NORMA-19937,906
43,NORMA-6804,907
43,NORMA-4277,908
43,NORMA-21418,909
43,NORMA-20079,910
43,NORMA-21311,911
43,NORMA-21002,912
43,NORMA-18232,913
43,NORMA-5920,914
43,NORMA-4312,915
43,NORMA-19264,916
43,NORMA-4820,917
43,NORMA-20085,918
43,NORMA-6955,919
43,NORMA-18795,920
43,NORMA-20352,921
43,NORMA-18215,922
43,NORMA-10029,923
43,NORMA-18324,924
43,NORMA-837,925
43,NORMA-13699,926
43,NORMA-20080,927
43,NORMA-21764,928
43,NORMA-18469,929
43,NORMA-18525,930
43,NORMA-27061,931
43,NORMA-20766,932
43,NORMA-1390,933
43,NORMA-21222,934
43,NORMA-13802,935
43,NORMA-11939,936
43,NORMA-11292,937
43,NORMA-12442,938
43,NORMA-18221,939
43,NORMA-12823,940
43,NORMA-3654,941
43,NORMA-1370,942
43,NORMA-19745,943
43,NORMA-20880,944
43,NORMA-20395,945
43,NORMA-20268,946
43,NORMA-18534,947
43,NORMA-19882,948
43,NORMA-19452,949
43,NORMA-7436,950
43,NORMA-29101,951
43,NORMA-12437,952
43,NORMA-6802,953
43,NORMA-21221,954
43,NORMA-19432,955
43,NORMA-11736,956
43,NORMA-18391,957
43,NORMA-5242,958
43,NORMA-18950,959
43,NORMA-18754,960
43,NORMA-18217,961
43,NORMA-18881,962
43,NORMA-20370,963
43,NORMA-19682,964
43,NORMA-20081,965
43,NORMA-19758,966
43,NORMA-6134,967
43,NORMA-21081,968
43,NORMA-19051,969
43,NORMA-18856,970
43,NORMA-5885,971
43,NORMA-18796,972
43,NORMA-18819,973
43,NORMA-745,974
43,NORMA-7651,975
43,NORMA-4710,976
43,NORMA-18453,977
43,NORMA-2470,978
43,NORMA-3877,979
43,NORMA-19944,980
43,NORMA-6126,981
43,NORMA-675,982
43,NORMA-7012,983
43,NORMA-19727,984
43,NORMA-655,985
43,NORMA-15094,986
43,NORMA-20457,987
43,NORMA-19775,988
43,NORMA-5814,989
43,NORMA-14995,990
43,NORMA-18325,991
43,NORMA-14485,992
43,NORMA-18807,993
43,NORMA-20286,994
43,NORMA-18234,995
43,NORMA-19681,996
43,NORMA-18468,997
43,NORMA-15145,998
43,NORMA-18949,999
43,NORMA-20409,1000
44,NORMA-18916,1
44,NORMA-4561,2
44,NORMA-4689,3
44,NORMA-5814,4
44,NORMA-19770,5
44,NORMA-5561,6
44,NORMA-19746,7
44,NORMA-5437,8
44,NORMA-4627,9
44,NORMA-3785,10
44,NORMA-19760,11
44,NORMA-13602,12
44,NORMA-15145,13
44,NORMA-14714,14
44,NORMA-21262,15
44,NORMA-14224,16
44,NORMA-10595,17
44,NORMA-14644,18
44,NORMA-26684,19
44,NORMA-16321,20
44,NORMA-19518,21
44,NORMA-25801,22
44,NORMA-11315,23
44,NORMA-27543,24
44,NORMA-14566,25
44,NORMA-10709,26
44,NORMA-15781,27
44,NORMA-15094,28
44,NORMA-13660,29
44,NORMA-3789,30
44,NORMA-15046,31
44,NORMA-23281,32
44,NORMA-14116,33
44,NORMA-9010,34
44,NORMA-14241,35
44,NORMA-14384,36
44,NORMA-15373,37
44,NORMA-13774,38
44,NORMA-28341,39
44,NORMA-6147,40
44,NORMA-12824,41
44,NORMA-5920,42
44,NORMA-21609,43
44,NORMA-13708,44
44,NORMA-8096,45
44,NORMA-4492,46
44,NORMA-13449,47
44,NORMA-12431,48
44,NORMA-6978,49
44,NORMA-14229,50
44,NORMA-11939,51
44,NORMA-9521,52
44,NORMA-19758,53
44,NORMA-3872,54
44,NORMA-6863,55
44,NORMA-6278,56
44,NORMA-13488,57
44,NORMA-14849,58
44,NORMA-7547,59
44,NORMA-6976,60
44,NORMA-13159,61
44,NORMA-14485,62
44,NORMA-5895,63
44,NORMA-21291,64
44,NORMA-21151,65
44,NORMA-7223,66
44,NORMA-5210,67
44,NORMA-7494,68
44,NORMA-14904,69
44,NORMA-3849,70
44,NORMA-10821,71
44,NORMA-7015,72
44,NORMA-15321,73
44,NORMA-18460,74
44,NORMA-13991,75
44,NORMA-15206,76
44,NORMA-10878,77
44,NORMA-9857,78
44,NORMA-5136,79
44,NORMA-11867,80
44,NORMA-7303,81
44,NORMA-5708,82
44,NORMA-17001,83
44,NORMA-18903,84
44,NORMA-18942,85
44,NORMA-15298,86
44,NORMA-13806,87
44,NORMA-5942,88
44,NORMA-28221,89
44,NORMA-18918,90
44,NORMA-21227,91
44,NORMA-10785,92
44,NORMA-19138,93
44,NORMA-4296,94
44,NORMA-12030,95
44,NORMA-6049,96
44,NORMA-4767,97
44,NORMA-9888,98
44,NORMA-11151,99
44,NORMA-9618,100
44,NORMA-6062,101
44,NORMA-22721,102
44,NORMA-15251,103
44,NORMA-11882,104
44,NORMA-20062,105
44,NORMA-17541,106
44,NORMA-6802,107
44,NORMA-11442,108
44,NORMA-5219,109
44,NORMA-13591,110
44,NORMA-15363,111
44,NORMA-25041,112
44,NORMA-14225,113
44,NORMA-9595,114
44,NORMA-6786,115
44,NORMA-18890,116
44,NORMA-8762,117
44,NORMA-4480,118
44,NORMA-6226,119
44,NORMA-13897,120
44,NORMA-20973,121
44,NORMA-18584,122
44,NORMA-21026,123
44,NORMA-21072,124
44,NORMA-7543,125
44,NORMA-16481,126
44,NORMA-10044,127
44,NORMA-5406,128
44,NORMA-12602,129
44,NORMA-11754,130
44,NORMA-21084,131
44,NORMA-5885,132
44,NORMA-19772,133
44,NORMA-19682,134
44,NORMA-16403,135
44,NORMA-7153,136
44,NORMA-6480,137
44,NORMA-19745,138
44,NORMA-20864,139
44,NORMA-22281,140
44,NORMA-9785,141
44,NORMA-19932,142
44,NORMA-6410,143
44,NORMA-9670,144
44,NORMA-5616,145
44,NORMA-12107,146
44,NORMA-14779,147
44,NORMA-5555,148
44,NORMA-8643,149
44,NORMA-11868,150
44,NORMA-10285,151
44,NORMA-20891,152
44,NORMA-20642,153
44,NORMA-20892,154
44,NORMA-10309,155
44,NORMA-3529,156
44,NORMA-19454,157
44,NORMA-12029,158
44,NORMA-9708,159
44,NORMA-21690,160
44,NORMA-13497,161
44,NORMA-12099,162
44,NORMA-20640,163
44,NORMA-10461,164
44,NORMA-12554,165
44,NORMA-6164,166
44,NORMA-20163,167
44,NORMA-19922,168
44,NORMA-19515,169
44,NORMA-18927,170
44,NORMA-18264,171
44,NORMA-19735,172
44,NORMA-18901,173
44,NORMA-11814,174
44,NORMA-6344,175
44,NORMA-4560,176
44,NORMA-18835,177
44,NORMA-8992,178
44,NORMA-18940,179
44,NORMA-6399,180
44,NORMA-7553,181
44,NORMA-11742,182
44,NORMA-19739,183
44,NORMA-10747,184
44,NORMA-19998,185
44,NORMA-6739,186
44,NORMA-12103,187
44,NORMA-10122,188
44,NORMA-19644,189
44,NORMA-19546,190
44,NORMA-6145,191
44,NORMA-19779,192
44,NORMA-11093,193
44,NORMA-19275,194
44,NORMA-14510,195
44,NORMA-8580,196
44,NORMA-19529,197
44,NORMA-21030,198
44,NORMA-10206,199
44,NORMA-19107,200
44,NORMA-20067,201
44,NORMA-12375,202
44,NORMA-12055,203
44,NORMA-9223,204
44,NORMA-13555,205
44,NORMA-7388,206
44,NORMA-21154,207
44,NORMA-5376,208
44,NORMA-24361,209
44,NORMA-19729,210
44,NORMA-9802,211
44,NORMA-6092,212
44,NORMA-7196,213
44,NORMA-18622,214
44,NORMA-12823,215
44,NORMA-21104,216
44,NORMA-4954,217
44,NORMA-18531,218
44,NORMA-13627,219
44,NORMA-20087,220
44,NORMA-14035,221
44,NORMA-21283,222
44,NORMA-4105,223
44,NORMA-3985,224
44,NORMA-25441,225
44,NORMA-14858,226
44,NORMA-4019,227
44,NORMA-18735,228
44,NORMA-19808,229
44,NORMA-18626,230
44,NORMA-9110,231
44,NORMA-15068,232
44,NORMA-6442,233
44,NORMA-19637,234
44,NORMA-5586,235
44,NORMA-18929,236
44,NORMA-13510,237
44,NORMA-9234,238
44,NORMA-3901,239
44,NORMA-18930,240
44,NORMA-29261,241
44,NORMA-19110,242
44,NORMA-12038,243
44,NORMA-21417,244
44,NORMA-11736,245
44,NORMA-7942,246
44,NORMA-21387,247
44,NORMA-6256,248
44,NORMA-17682,249
44,NORMA-21440,250
44,NORMA-18442,251
44,NORMA-18694,252
44,NORMA-20221,253
44,NORMA-21615,254
44,NORMA-19566,255
44,NORMA-12236,256
44,NORMA-20294,257
44,NORMA-12698,258
44,NORMA-19376,259
44,NORMA-20917,260
44,NORMA-10029,261
44,NORMA-5736,262
44,NORMA-18510,263
44,NORMA-15239,264
44,NORMA-4746,265
44,NORMA-19398,266
44,NORMA-21490,267
44,NORMA-19183,268
44,NORMA-21328,269
44,NORMA-2432,270
44,NORMA-8261,271
44,NORMA-19599,272
44,NORMA-19959,273
44,NORMA-18453,274
44,NORMA-20220,275
44,NORMA-19915,276
44,NORMA-11632,277
44,NORMA-969,278
44,NORMA-21008,279
44,NORMA-21281,280
44,NORMA-12066,281
44,NORMA-21627,282
44,NORMA-20358,283
44,NORMA-6984,284
44,NORMA-21382,285
44,NORMA-19734,286
44,NORMA-20134,287
44,NORMA-18534,288
44,NORMA-11687,289
44,NORMA-18998,290
44,NORMA-2519,291
44,NORMA-18525,292
44,NORMA-20302,293
44,NORMA-19481,294
44,NORMA-1100,295
44,NORMA-19749,296
44,NORMA-4909,297
44,NORMA-570,298
44,NORMA-21766,299
44,NORMA-12094,300
44,NORMA-21230,301
44,NORMA-20086,302
44,NORMA-4312,303
44,NORMA-7234,304
44,NORMA-19827,305
44,NORMA-18556,306
44,NORMA-5909,307
44,NORMA-19440,308
44,NORMA-18302,309
44,NORMA-19611,310
44,NORMA-21697,311
44,NORMA-11731,312
44,NORMA-10119,313
44,NORMA-6623,314
44,NORMA-1541,315
44,NORMA-21579,316
44,NORMA-27221,317
44,NORMA-10375,318
44,NORMA-1170,319
44,NORMA-18862,320
44,NORMA-18383,321
44,NORMA-893,322
44,NORMA-18417,323
44,NORMA-19916,324
44,NORMA-19851,325
44,NORMA-6379,326
44,NORMA-21284,327
44,NORMA-11813,328
44,NORMA-18688,329
44,NORMA-20059,330
44,NORMA-11877,331
44,NORMA-5833,332
44,NORMA-1288,333
44,NORMA-21071,334
44,NORMA-18458,335
44,NORMA-19633,336
44,NORMA-9289,337
44,NORMA-11965,338
44,NORMA-5490,339
44,NORMA-21644,340
44,NORMA-21592,341
44,NORMA-19448,342
44,NORMA-18318,343
44,NORMA-18887,344
44,NORMA-10629,345
44,NORMA-5526,346
44,NORMA-19497,347
44,NORMA-9084,348
44,NORMA-29202,349
44,NORMA-18494,350
44,NORMA-9871,351
44,NORMA-2207,352
44,NORMA-18432,353
44,NORMA-18843,354
44,NORMA-4424,355
44,NORMA-19743,356
44,NORMA-18380,357
44,NORMA-12248,358
44,NORMA-20707,359
44,NORMA-19736,360
44,NORMA-7012,361
44,NORMA-985,362
44,NORMA-7381,363
44,NORMA-19260,364
44,NORMA-18565,365
44,NORMA-6316,366
44,NORMA-19780,367
44,NORMA-18479,368
44,NORMA-1178,369
44,NORMA-19072,370
44,NORMA-20946,371
44,NORMA-18377,372
44,NORMA-18838,373
44,NORMA-12048,374
44,NORMA-18365,375
44,NORMA-15802,376
44,NORMA-515,377
44,NORMA-21015,378
44,NORMA-18559,379
44,NORMA-19524,380
44,NORMA-19818,381
44,NORMA-18434,382
44,NORMA-21723,383
44,NORMA-6202,384
44,NORMA-18668,385
44,NORMA-19833,386
44,NORMA-12102,387
44,NORMA-7076,388
44,NORMA-20057,389
44,NORMA-20649,390
44,NORMA-21468,391
44,NORMA-6677,392
44,NORMA-19699,393
44,NORMA-20897,394
44,NORMA-11855,395
44,NORMA-18545,396
44,NORMA-11567,397
44,NORMA-19771,398
44,NORMA-18859,399
44,NORMA-18273,400
44,NORMA-21457,401
44,NORMA-12237,402
44,NORMA-20278,403
44,NORMA-19241,404
44,NORMA-6181,405
44,NORMA-21049,406
44,NORMA-20905,407
44,NORMA-6630,408
44,NORMA-18379,409
44,NORMA-7466,410
44,NORMA-10593,411
44,NORMA-6988,412
44,NORMA-21735,413
44,NORMA-26887,414
44,NORMA-12172,415
44,NORMA-4035,416
44,NORMA-19665,417
44,NORMA-4275,418
44,NORMA-7384,419
44,NORMA-20060,420
44,NORMA-12009,421
44,NORMA-20316,422
44,NORMA-20881,423
44,NORMA-7308,424
44,NORMA-18298,425
44,NORMA-18378,426
44,NORMA-21263,427
44,NORMA-20953,428
44,NORMA-18376,429
44,NORMA-19327,430
44,NORMA-18827,431
44,NORMA-21502,432
44,NORMA-923,433
44,NORMA-12160,434
44,NORMA-21132,435
44,NORMA-25201,436
44,NORMA-19738,437
44,NORMA-18239,438
44,NORMA-18815,439
44,NORMA-675,440
44,NORMA-19765,441
44,NORMA-14498,442
44,NORMA-19812,443
44,NORMA-18537,444
44,NORMA-21593,445
44,NORMA-10118,446
44,NORMA-1446,447
44,NORMA-1217,448
44,NORMA-20401,449
44,NORMA-11455,450
44,NORMA-7307,451
44,NORMA-21631,452
44,NORMA-6967,453
44,NORMA-18340,454
44,NORMA-20217,455
44,NORMA-19552,456
44,NORMA-11790,457
44,NORMA-745,458
44,NORMA-21399,459
44,NORMA-13797,460
44,NORMA-28203,461
44,NORMA-21765,462
44,NORMA-12006,463
44,NORMA-19649,464
44,NORMA-21497,465
44,NORMA-19737,466
44,NORMA-658,467
44,NORMA-21047,468
44,NORMA-20998,469
44,NORMA-11870,470
44,NORMA-11874,471
44,NORMA-11722,472
44,NORMA-20137,473
44,NORMA-21159,474
44,NORMA-20386,475
44,NORMA-21058,476
44,NORMA-4830,477
44,NORMA-6199,478
44,NORMA-19362,479
44,NORMA-19384,480
44,NORMA-11710,481
44,NORMA-18794,482
44,NORMA-18403,483
44,NORMA-21775,484
44,NORMA-19896,485
44,NORMA-4075,486
44,NORMA-18384,487
44,NORMA-20467,488
44,NORMA-21205,489
44,NORMA-6949,490
44,NORMA-18755,491
44,NORMA-11805,492
44,NORMA-12049,493
44,NORMA-1452,494
44,NORMA-20690,495
44,NORMA-20394,496
44,NORMA-9008,497
44,NORMA-13802,498
44,NORMA-19173,499
44,NORMA-6820,500
44,NORMA-20481,501
44,NORMA-20912,502
44,NORMA-18648,503
44,NORMA-20598,504
44,NORMA-19647,505
44,NORMA-4711,506
44,NORMA-7021,507
44,NORMA-8931,508
44,NORMA-20918,509
44,NORMA-21150,510
44,NORMA-19565,511
44,NORMA-18278,512
44,NORMA-18353,513
44,NORMA-1515,514
44,NORMA-12060,515
44,NORMA-13545,516
44,NORMA-18241,517
44,NORMA-19131,518
44,NORMA-6702,519
44,NORMA-7027,520
44,NORMA-11875,521
44,NORMA-20596,522
44,NORMA-2536,523
44,NORMA-21763,524
44,NORMA-12025,525
44,NORMA-18311,526
44,NORMA-11598,527
44,NORMA-21526,528
44,NORMA-19939,529
44,NORMA-5626,530
44,NORMA-21036,531
44,NORMA-11572,532
44,NORMA-11613,533
44,NORMA-22561,534
44,NORMA-12170,535
44,NORMA-21011,536
44,NORMA-919,537
44,NORMA-18604,538
44,NORMA-10920,539
44,NORMA-20888,540
44,NORMA-7651,541
44,NORMA-21113,542
44,NORMA-11674,543
44,NORMA-11946,544
44,NORMA-20288,545
44,NORMA-19255,546
44,NORMA-21010,547
44,NORMA-12063,548
44,NORMA-18826,549
44,NORMA-21282,550
44,NORMA-21285,551
44,NORMA-10326,552
44,NORMA-6955,553
44,NORMA-3001,554
44,NORMA-16401,555
44,NORMA-11876,556
44,NORMA-265,557
44,NORMA-19292,558
44,NORMA-12249,559
44,NORMA-11723,560
44,NORMA-18217,561
44,NORMA-19184,562
44,NORMA-12002,563
44,NORMA-18454,564
44,NORMA-19629,565
44,NORMA-11804,566
44,NORMA-18842,567
44,NORMA-21248,568
44,NORMA-19931,569
44,NORMA-12043,570
44,NORMA-19520,571
44,NORMA-5170,572
44,NORMA-19427,573
44,NORMA-20075,574
44,NORMA-20711,575
44,NORMA-11454,576
44,NORMA-19942,577
44,NORMA-11621,578
44,NORMA-20044,579
44,NORMA-20298,580
44,NORMA-18407,581
44,NORMA-19641,582
44,NORMA-11999,583
44,NORMA-11516,584
44,NORMA-6753,585
44,NORMA-20263,586
44,NORMA-18724,587
44,NORMA-19167,588
44,NORMA-11780,589
44,NORMA-12234,590
44,NORMA-4091,591
44,NORMA-21129,592
44,NORMA-12014,593
44,NORMA-14078,594
44,NORMA-4818,595
44,NORMA-11720,596
44,NORMA-12019,597
44,NORMA-9803,598
44,NORMA-19816,599
44,NORMA-20933,600
44,NORMA-6343,601
44,NORMA-6627,602
44,NORMA-12305,603
44,NORMA-2424,604
44,NORMA-21293,605
44,NORMA-10267,606
44,NORMA-11680,607
44,NORMA-634,608
44,NORMA-20914,609
44,NORMA-20476,610
44,NORMA-19261,611
44,NORMA-13924,612
44,NORMA-12232,613
44,NORMA-18595,614
44,NORMA-12015,615
44,NORMA-12097,616
44,NORMA-11560,617
44,NORMA-11578,618
44,NORMA-11615,619
44,NORMA-14975,620
44,NORMA-6758,621
44,NORMA-11646,622
44,NORMA-3979,623
44,NORMA-9561,624
44,NORMA-11799,625
44,NORMA-6819,626
44,NORMA-4039,627
44,NORMA-4412,628
44,NORMA-10793,629
44,NORMA-20061,630
44,NORMA-18236,631
44,NORMA-1438,632
44,NORMA-18420,633
44,NORMA-13739,634
44,NORMA-19455,635
44,NORMA-11872,636
44,NORMA-18291,637
44,NORMA-11577,638
44,NORMA-21491,639
44,NORMA-12010,640
44,NORMA-11806,641
44,NORMA-8027,642
44,NORMA-21312,643
44,NORMA-20168,644
44,NORMA-1006,645
44,NORMA-18976,646
44,NORMA-6957,647
44,NORMA-11758,648
44,NORMA-11108,649
44,NORMA-18428,650
44,NORMA-20725,651
44,NORMA-10053,652
44,NORMA-10797,653
44,NORMA-21604,654
44,NORMA-11734,655
44,NORMA-18307,656
44,NORMA-18202,657
44,NORMA-18232,658
44,NORMA-6679,659
44,NORMA-11473,660
44,NORMA-11779,661
44,NORMA-11571,662
44,NORMA-12593,663
44,NORMA-10045,664
44,NORMA-19274,665
44,NORMA-28841,666
44,NORMA-11792,667
44,NORMA-11871,668
44,NORMA-1365,669
44,NORMA-11719,670
44,NORMA-12031,671
44,NORMA-2140,672
44,NORMA-13444,673
44,NORMA-7535,674
44,NORMA-7011,675
44,NORMA-11611,676
44,NORMA-18529,677
44,NORMA-21060,678
44,NORMA-19957,679
44,NORMA-8101,680
44,NORMA-11467,681
44,NORMA-19742,682
44,NORMA-11791,683
44,NORMA-6515,684
44,NORMA-19011,685
44,NORMA-21598,686
44,NORMA-11770,687
44,NORMA-27642,688
44,NORMA-21788,689
44,NORMA-18390,690
44,NORMA-11712,691
44,NORMA-12021,692
44,NORMA-14967,693
44,NORMA-11714,694
44,NORMA-20063,695
44,NORMA-21481,696
44,NORMA-21669,697
44,NORMA-1455,698
44,NORMA-11866,699
44,NORMA-6720,700
44,NORMA-15128,701
44,NORMA-11605,702
44,NORMA-4710,703
44,NORMA-21786,704
44,NORMA-29763,705
44,NORMA-11607,706
44,NORMA-11716,707
44,NORMA-8266,708
44,NORMA-11566,709
44,NORMA-20286,710
44,NORMA-18248,711
44,NORMA-11838,712
44,NORMA-21056,713
44,NORMA-29003,714
44,NORMA-18351,715
44,NORMA-18274,716
44,NORMA-999,717
44,NORMA-11631,718
44,NORMA-15603,719
44,NORMA-21280,720
44,NORMA-19813,721
44,NORMA-18653,722
44,NORMA-14306,723
44,NORMA-4423,724
44,NORMA-14308,725
44,NORMA-15014,726
44,NORMA-21363,727
44,NORMA-21505,728
44,NORMA-20291,729
44,NORMA-11433,730
44,NORMA-20068,731
44,NORMA-18709,732
44,NORMA-12005,733
44,NORMA-20843,734
44,NORMA-4425,735
44,NORMA-2190,736
44,NORMA-12235,737
44,NORMA-11931,738
44,NORMA-18798,739
44,NORMA-20472,740
44,NORMA-21664,741
44,NORMA-18944,742
44,NORMA-13729,743
44,NORMA-18325,744
44,NORMA-11565,745
44,NORMA-19498,746
44,NORMA-18233,747
44,NORMA-12350,748
44,NORMA-581,749
44,NORMA-20376,750
44,NORMA-11793,751
44,NORMA-20138,752
44,NORMA-10729,753
44,NORMA-11668,754
44,NORMA-1445,755
44,NORMA-27608,756
44,NORMA-23881,757
44,NORMA-12052,758
44,NORMA-19177,759
44,NORMA-19937,760
44,NORMA-20880,761
44,NORMA-21726,762
44,NORMA-21558,763
44,NORMA-21537,764
44,NORMA-19056,765
44,NORMA-18697,766
44,NORMA-12035,767
44,NORMA-1310,768
44,NORMA-13659,769
44,NORMA-20304,770
44,NORMA-18292,771
44,NORMA-21206,772
44,NORMA-19935,773
44,NORMA-18796,774
44,NORMA-18435,775
44,NORMA-9457,776
44,NORMA-13380,777
44,NORMA-28961,778
44,NORMA-21125,779
44,NORMA-461,780
44,NORMA-13394,781
44,NORMA-6509,782
44,NORMA-29201,783
44,NORMA-21418,784
44,NORMA-970,785
44,NORMA-19485,786
44,NORMA-13029,787
44,NORMA-11864,788
44,NORMA-11715,789
44,NORMA-13094,790
44,NORMA-19832,791
44,NORMA-20399,792
44,NORMA-21324,793
44,NORMA-20043,794
44,NORMA-11920,795
44,NORMA-19456,796
44,NORMA-20638,797
44,NORMA-21383,798
44,NORMA-21431,799
44,NORMA-20584,800
44,NORMA-7351,801
44,NORMA-11300,802
44,NORMA-13671,803
44,NORMA-19592,804
44,NORMA-11562,805
44,NORMA-18211,806
44,NORMA-10708,807
44,NORMA-11798,808
44,NORMA-18898,809
44,NORMA-21276,810
44,NORMA-20989,811
44,NORMA-18906,812
44,NORMA-20964,813
44,NORMA-18822,814
44,NORMA-19810,815
44,NORMA-21075,816
44,NORMA-21430,817
44,NORMA-9284,818
44,NORMA-11974,819
44,NORMA-12589,820
44,NORMA-20219,821
44,NORMA-11518,822
44,NORMA-11602,823
44,NORMA-21649,824
44,NORMA-19249,825
44,NORMA-18872,826
44,NORMA-1009,827
44,NORMA-8278,828
44,NORMA-21250,829
44,NORMA-20692,830
44,NORMA-19809,831
44,NORMA-8458,832
44,NORMA-21081,833
44,NORMA-12092,834
44,NORMA-20218,835
44,NORMA-20365,836
44,NORMA-2389,837
44,NORMA-19820,838
44,NORMA-11932,839
44,NORMA-20267,840
44,NORMA-12171,841
44,NORMA-21135,842
44,NORMA-21661,843
44,NORMA-21299,844
44,NORMA-20051,845
44,NORMA-12328,846
44,NORMA-1656,847
44,NORMA-20073,848
44,NORMA-20795,849
44,NORMA-11666,850
44,NORMA-24461,851
44,NORMA-14857,852
44,NORMA-11604,853
44,NORMA-19078,854
44,NORMA-12255,855
44,NORMA-9823,856
44,NORMA-2390,857
44,NORMA-20406,858
44,NORMA-9147,859
44,NORMA-1485,860
44,NORMA-11865,861
44,NORMA-11829,862
44,NORMA-11718,863
44,NORMA-12020,864
44,NORMA-11993,865
44,NORMA-20715,866
44,NORMA-12247,867
44,NORMA-12246,868
44,NORMA-18280,869
44,NORMA-12564,870
44,NORMA-18654,871
44,NORMA-925,872
44,NORMA-11769,873
44,NORMA-4355,874
44,NORMA-15375,875
44,NORMA-29603,876
44,NORMA-18444,877
44,NORMA-18747,878
44,NORMA-11988,879
44,NORMA-1035,880
44,NORMA-19499,881
44,NORMA-19170,882
44,NORMA-19722,883
44,NORMA-12760,884
44,NORMA-20949,885
44,NORMA-7326,886
44,NORMA-11802,887
44,NORMA-21447,888
44,NORMA-20341,889
44,NORMA-12860,890
44,NORMA-12347,891
44,NORMA-11761,892
44,NORMA-11528,893
44,NORMA-14999,894
44,NORMA-13521,895
44,NORMA-11671,896
44,NORMA-15208,897
44,NORMA-6782,898
44,NORMA-12433,899
44,NORMA-18411,900
44,NORMA-8384,901
44,NORMA-20903,902
44,NORMA-19864,903
44,NORMA-18733,904
44,NORMA-1960,905
44,NORMA-12165,906
44,NORMA-2546,907
44,NORMA-27402,908
44,NORMA-8938,909
44,NORMA-11975,910
44,NORMA-18685,911
44,NORMA-10221,912
44,NORMA-11721,913
44,NORMA-20375,914
44,NORMA-11563,915
44,NORMA-6084,916
44,NORMA-11839,917
44,NORMA-18837,918
44,NORMA-20383,919
44,NORMA-4219,920
44,NORMA-15682,921
44,NORMA-8814,922
44,NORMA-11717,923
44,NORMA-20390,924
44,NORMA-20350,925
44,NORMA-6346,926
44,NORMA-19831,927
44,NORMA-20074,928
44,NORMA-18972,929
44,NORMA-20750,930
44,NORMA-20636,931
44,NORMA-12027,932
44,NORMA-18554,933
44,NORMA-21594,934
44,NORMA-19667,935
44,NORMA-7117,936
44,NORMA-21069,937
44,NORMA-11776,938
44,NORMA-1002,939
44,NORMA-5536,940
44,NORMA-8113,941
44,NORMA-21180,942
44,NORMA-14184,943
44,NORMA-18616,944
44,NORMA-15152,945
44,NORMA-20489,946
44,NORMA-20959,947
44,NORMA-20884,948
44,NORMA-13726,949
44,NORMA-6488,950
44,NORMA-10999,951
44,NORMA-21023,952
44,NORMA-18674,953
44,NORMA-1718,954
44,NORMA-11564,955
44,NORMA-20747,956
44,NORMA-11669,957
44,NORMA-18205,958
44,NORMA-20720,959
44,NORMA-4016,960
44,NORMA-20582,961
44,NORMA-18345,962
44,NORMA-12421,963
44,NORMA-14162,964
44,NORMA-12827,965
44,NORMA-19390,966
44,NORMA-21472,967
44,NORMA-6676,968
44,NORMA-13003,969
44,NORMA-14382,970
44,NORMA-13642,971
44,NORMA-21402,972
44,NORMA-21750,973
44,NORMA-21334,974
44,NORMA-21605,975
44,NORMA-12802,976
44,NORMA-19553,977
44,NORMA-19621,978
44,NORMA-13309,979
44,NORMA-11633,980
44,NORMA-18493,981
44,NORMA-24381,982
44,NORMA-20284,983
44,NORMA-995,984
44,NORMA-712,985
44,NORMA-20882,986
44,NORMA-11857,987
44,NORMA-23721,988
44,NORMA-18206,989
44,NORMA-21581,990
44,NORMA-11603,991
44,NORMA-1114,992
44,NORMA-18984,993
44,NORMA-968,994
44,NORMA-21089,995
44,NORMA-12509,996
44,NORMA-12986,997
44,NORMA-11569,998
44,NORMA-21619,999
44,NORMA-21327,1000
45,NORMA-21183,1
45,NORMA-21773,2
45,NORMA-18696,3
45,NORMA-20734,4
45,NORMA-20300,5
45,NORMA-19435,6
45,NORMA-21616,7
45,NORMA-19309,8
45,NORMA-18878,9
45,NORMA-20601,10
45,NORMA-21243,11
45,NORMA-21108,12
45,NORMA-12495,13
45,NORMA-21477,14
45,NORMA-19642,15
45,NORMA-21279,16
45,NORMA-19316,17
45,NORMA-21482,18
45,NORMA-12087,19
45,NORMA-13635,20
45,NORMA-21342,21
45,NORMA-7382,22
45,NORMA-21324,23
45,NORMA-14786,24
45,NORMA-19245,25
45,NORMA-19535,26
45,NORMA-18722,27
45,NORMA-19329,28
45,NORMA-18629,29
45,NORMA-19704,30
45,NORMA-11759,31
45,NORMA-20737,32
45,NORMA-19158,33
45,NORMA-20697,34
45,NORMA-19306,35
45,NORMA-19282,36
45,NORMA-18829,37
45,NORMA-18331,38
45,NORMA-6322,39
45,NORMA-21623,40
45,NORMA-20575,41
45,NORMA-20963,42
45,NORMA-20813,43
45,NORMA-19061,44
45,NORMA-6674,45
45,NORMA-14113,46
45,NORMA-18968,47
45,NORMA-20257,48
45,NORMA-19303,49
45,NORMA-20863,50
45,NORMA-20799,51
45,NORMA-3551,52
45,NORMA-20698,53
45,NORMA-19657,54
45,NORMA-21067,55
45,NORMA-19134,56
45,NORMA-21068,57
45,NORMA-29101,58
45,NORMA-8088,59
45,NORMA-20888,60
45,NORMA-20739,61
45,NORMA-27321,62
45,NORMA-3721,63
45,NORMA-20936,64
45,NORMA-20267,65
45,NORMA-20693,66
45,NORMA-18431,67
45,NORMA-21188,68
45,NORMA-21082,69
45,NORMA-22001,70
45,NORMA-20916,71
45,NORMA-13903,72
45,NORMA-4634,73
45,NORMA-15134,74
45,NORMA-13188,75
45,NORMA-21564,76
45,NORMA-3735,77
45,NORMA-249,78
45,NORMA-5381,79
45,NORMA-20214,80
45,NORMA-2120,81
45,NORMA-18814,82
45,NORMA-11982,83
45,NORMA-11981,84
45,NORMA-15253,85
45,NORMA-21088,86
45,NORMA-18813,87
45,NORMA-12925,88
45,NORMA-11784,89
45,NORMA-21092,90
45,NORMA-14974,91
45,NORMA-25902,92
45,NORMA-20494,93
45,NORMA-4830,94
45,NORMA-20125,95
45,NORMA-21751,96
45,NORMA-21425,97
45,NORMA-21006,98
45,NORMA-20403,99
45,NORMA-13390,100
45,NORMA-20284,101
45,NORMA-21418,102
45,NORMA-19668,103
45,NORMA-14967,104
45,NORMA-9803,105
45,NORMA-14587,106
45,NORMA-21305,107
45,NORMA-13229,108
45,NORMA-11505,109
45,NORMA-21312,110
45,NORMA-18348,111
45,NORMA-21192,112
45,NORMA-643,113
45,NORMA-18867,114
45,NORMA-18491,115
45,NORMA-18408,116
45,NORMA-18441,117
45,NORMA-20827,118
45,NORMA-14308,119
45,NORMA-19407,120
45,NORMA-10931,121
45,NORMA-18371,122
45,NORMA-18296,123
45,NORMA-6668,124
45,NORMA-21187,125
45,NORMA-27687,126
45,NORMA-18358,127
45,NORMA-21051,128
45,NORMA-21278,129
45,NORMA-20984,130
45,NORMA-9303,131
45,NORMA-20692,132
45,NORMA-18392,133
45,NORMA-19961,134
45,NORMA-18467,135
45,NORMA-20782,136
45,NORMA-3658,137
45,NORMA-19275,138
45,NORMA-21096,139
45,NORMA-12233,140
45,NORMA-18283,141
45,NORMA-21097,142
45,NORMA-4423,143
45,NORMA-18381,144
45,NORMA-20964,145
45,NORMA-13402,146
45,NORMA-21165,147
45,NORMA-20866,148
45,NORMA-18605,149
45,NORMA-21130,150
45,NORMA-11788,151
45,NORMA-18676,152
45,NORMA-18679,153
45,NORMA-19079,154
45,NORMA-21459,155
45,NORMA-5626,156
45,NORMA-2519,157
45,NORMA-25964,158
45,NORMA-19733,159
45,NORMA-12229,160
45,NORMA-18729,161
45,NORMA-20712,162
45,NORMA-1353,163
45,NORMA-11901,164
45,NORMA-25682,165
45,NORMA-20720,166
45,NORMA-5546,167
45,NORMA-21497,168
45,NORMA-12011,169
45,NORMA-6006,170
45,NORMA-8034,171
45,NORMA-12041,172
45,NORMA-23027,173
45,NORMA-18705,174
45,NORMA-4630,175
45,NORMA-19913,176
45,NORMA-18571,177
45,NORMA-13519,178
45,NORMA-18856,179
45,NORMA-12007,180
45,NORMA-19239,181
45,NORMA-18429,182
45,NORMA-17281,183
45,NORMA-18209,184
45,NORMA-755,185
45,NORMA-14345,186
45,NORMA-14858,187
45,NORMA-5280,188
45,NORMA-21797,189
45,NORMA-15427,190
45,NORMA-21669,191
45,NORMA-19566,192
45,NORMA-6032,193
45,NORMA-18497,194
45,NORMA-19351,195
45,NORMA-21147,196
45,NORMA-12003,197
45,NORMA-20860,198
45,NORMA-21007,199
45,NORMA-10821,200
45,NORMA-23721,201
45,NORMA-20358,202
45,NORMA-11999,203
45,NORMA-12231,204
45,NORMA-19529,205
45,NORMA-9089,206
45,NORMA-5062,207
45,NORMA-6172,208
45,NORMA-18833,209
45,NORMA-18327,210
45,NORMA-5797,211
45,NORMA-6291,212
45,NORMA-15465,213
45,NORMA-18815,214
45,NORMA-18628,215
45,NORMA-5906,216
45,NORMA-2573,217
45,NORMA-24102,218
45,NORMA-18678,219
45,NORMA-19727,220
45,NORMA-11780,221
45,NORMA-4500,222
45,NORMA-11292,223
45,NORMA-18269,224
45,NORMA-5872,225
45,NORMA-11882,226
45,NORMA-18737,227
45,NORMA-18374,228
45,NORMA-10878,229
45,NORMA-8870,230
45,NORMA-15045,231
45,NORMA-20826,232
45,NORMA-18402,233
45,NORMA-11852,234
45,NORMA-11931,235
45,NORMA-6521,236
45,NORMA-18800,237
45,NORMA-13802,238
45,NORMA-18668,239
45,NORMA-14380,240
45,NORMA-985,241
45,NORMA-21146,242
45,NORMA-10326,243
45,NORMA-18305,244
45,NORMA-18671,245
45,NORMA-4026,246
45,NORMA-18585,247
45,NORMA-8871,248
45,NORMA-8365,249
45,NORMA-18324,250
45,NORMA-10044,251
45,NORMA-21026,252
45,NORMA-4173,253
45,NORMA-18562,254
45,NORMA-19073,255
45,NORMA-18535,256
45,NORMA-21526,257
45,NORMA-4511,258
45,NORMA-20738,259
45,NORMA-8955,260
45,NORMA-15011,261
45,NORMA-2432,262
45,NORMA-18449,263
45,NORMA-23682,264
45,NORMA-3988,265
45,NORMA-19060,266
45,NORMA-5457,267
45,NORMA-4448,268
45,NORMA-19725,269
45,NORMA-20943,270
45,NORMA-18749,271
45,NORMA-18778,272
45,NORMA-19769,273
45,NORMA-4749,274
45,NORMA-18987,275
45,NORMA-21444,276
45,NORMA-11021,277
45,NORMA-5612,278
45,NORMA-18272,279
45,NORMA-7443,280
45,NORMA-27403,281
45,NORMA-20762,282
45,NORMA-10916,283
45,NORMA-7447,284
45,NORMA-3747,285
45,NORMA-21402,286
45,NORMA-20039,287
45,NORMA-18904,288
45,NORMA-27550,289
45,NORMA-6969,290
45,NORMA-6851,291
45,NORMA-19172,292
45,NORMA-21535,293
45,NORMA-8780,294
45,NORMA-15192,295
45,NORMA-4909,296
45,NORMA-4393,297
45,NORMA-4228,298
45,NORMA-9681,299
45,NORMA-3739,300
45,NORMA-4221,301
45,NORMA-5222,302
45,NORMA-5008,303
45,NORMA-7140,304
45,NORMA-10219,305
45,NORMA-10629,306
45,NORMA-6775,307
45,NORMA-19002,308
45,NORMA-25621,309
45,NORMA-18974,310
45,NORMA-10990,311
45,NORMA-19467,312
45,NORMA-8806,313
45,NORMA-21171,314
45,NORMA-8039,315
45,NORMA-4297,316
45,NORMA-12006,317
45,NORMA-16462,318
45,NORMA-8611,319
45,NORMA-11888,320
45,NORMA-7607,321
45,NORMA-20167,322
45,NORMA-1689,323
45,NORMA-9631,324
45,NORMA-18713,325
45,NORMA-8705,326
45,NORMA-15362,327
45,NORMA-7797,328
45,NORMA-3877,329
45,NORMA-8309,330
45,NORMA-18260,331
45,NORMA-18699,332
45,NORMA-21112,333
45,NORMA-14542,334
45,NORMA-3663,335
45,NORMA-10160,336
45,NORMA-13665,337
45,NORMA-4898,338
45,NORMA-20182,339
45,NORMA-4498,340
45,NORMA-9688,341
45,NORMA-9358,342
45,NORMA-21141,343
45,NORMA-18758,344
45,NORMA-7835,345
45,NORMA-11639,346
45,NORMA-18223,347
45,NORMA-10921,348
45,NORMA-7449,349
45,NORMA-8889,350
45,NORMA-4639,351
45,NORMA-18972,352
45,NORMA-10534,353
45,NORMA-19415,354
45,NORMA-15028,355
45,NORMA-18677,356
45,NORMA-29764,357
45,NORMA-7058,358
45,NORMA-11133,359
45,NORMA-4519,360
45,NORMA-19027,361
45,NORMA-20603,362
45,NORMA-19846,363
45,NORMA-10865,364
45,NORMA-18726,365
45,NORMA-15187,366
45,NORMA-4664,367
45,NORMA-20978,368
45,NORMA-10347,369
45,NORMA-4792,370
45,NORMA-19248,371
45,NORMA-19508,372
45,NORMA-21717,373
45,NORMA-4733,374
45,NORMA-18330,375
45,NORMA-7027,376
45,NORMA-21043,377
45,NORMA-423,378
45,NORMA-13682,379
45,NORMA-6623,380
45,NORMA-19420,381
45,NORMA-20833,382
45,NORMA-12000,383
45,NORMA-5817,384
45,NORMA-4163,385
45,NORMA-20196,386
45,NORMA-18536,387
45,NORMA-28762,388
45,NORMA-8575,389
45,NORMA-8797,390
45,NORMA-18847,391
45,NORMA-20591,392
45,NORMA-12656,393
45,NORMA-3701,394
45,NORMA-5331,395
45,NORMA-9881,396
45,NORMA-11439,397
45,NORMA-20279,398
45,NORMA-12002,399
45,NORMA-18220,400
45,NORMA-18638,401
45,NORMA-8573,402
45,NORMA-11590,403
45,NORMA-5670,404
45,NORMA-16445,405
45,NORMA-675,406
45,NORMA-4537,407
45,NORMA-3801,408
45,NORMA-21000,409
45,NORMA-9607,410
45,NORMA-20248,411
45,NORMA-3665,412
45,NORMA-18906,413
45,NORMA-5245,414
45,NORMA-4579,415
45,NORMA-19545,416
45,NORMA-15267,417
45,NORMA-18422,418
45,NORMA-18320,419
45,NORMA-6017,420
45,NORMA-5924,421
45,NORMA-3951,422
45,NORMA-18614,423
45,NORMA-4237,424
45,NORMA-19269,425
45,NORMA-18415,426
45,NORMA-20599,427
45,NORMA-6970,428
45,NORMA-19925,429
45,NORMA-18270,430
45,NORMA-3787,431
45,NORMA-14310,432
45,NORMA-20922,433
45,NORMA-9248,434
45,NORMA-20977,435
45,NORMA-10013,436
45,NORMA-10119,437
45,NORMA-8038,438
45,NORMA-3989,439
45,NORMA-19026,440
45,NORMA-19906,441
45,NORMA-15027,442
45,NORMA-7012,443
45,NORMA-5998,444
45,NORMA-11345,445
45,NORMA-6170,446
45,NORMA-12434,447
45,NORMA-684,448
45,NORMA-4288,449
45,NORMA-3646,450
45,NORMA-18789,451
45,NORMA-4281,452
45,NORMA-13293,453
45,NORMA-8498,454
45,NORMA-8010,455
45,NORMA-13995,456
45,NORMA-8695,457
45,NORMA-11658,458
45,NORMA-20990,459
45,NORMA-7368,460
45,NORMA-4267,461
45,NORMA-5990,462
45,NORMA-6256,463
45,NORMA-20837,464
45,NORMA-19396,465
45,NORMA-13208,466
45,NORMA-15133,467
45,NORMA-5293,468
45,NORMA-20193,469
45,NORMA-19982,470
45,NORMA-21122,471
45,NORMA-20593,472
45,NORMA-7133,473
45,NORMA-19000,474
45,NORMA-7604,475
45,NORMA-6334,476
45,NORMA-4041,477
45,NORMA-19404,478
45,NORMA-20951,479
45,NORMA-11750,480
45,NORMA-8989,481
45,NORMA-10590,482
45,NORMA-9619,483
45,NORMA-3902,484
45,NORMA-12228,485
45,NORMA-12009,486
45,NORMA-5570,487
45,NORMA-14741,488
45,NORMA-7968,489
45,NORMA-7210,490
45,NORMA-21111,491
45,NORMA-9167,492
45,NORMA-6484,493
45,NORMA-5032,494
45,NORMA-4817,495
45,NORMA-5242,496
45,NORMA-9067,497
45,NORMA-21635,498
45,NORMA-3538,499
45,NORMA-11213,500
45,NORMA-5548,501
45,NORMA-5128,502
45,NORMA-4606,503
45,NORMA-5428,504
45,NORMA-20362,505
45,NORMA-19588,506
45,NORMA-3883,507
45,NORMA-6265,508
45,NORMA-21449,509
45,NORMA-4747,510
45,NORMA-21701,511
45,NORMA-6680,512
45,NORMA-9178,513
45,NORMA-7786,514
45,NORMA-20217,515
45,NORMA-12284,516
45,NORMA-5148,517
45,NORMA-9785,518
45,NORMA-8749,519
45,NORMA-3485,520
45,NORMA-4166,521
45,NORMA-5115,522
45,NORMA-18864,523
45,NORMA-5721,524
45,NORMA-6782,525
45,NORMA-18787,526
45,NORMA-18423,527
45,NORMA-10123,528
45,NORMA-14789,529
45,NORMA-10745,530
45,NORMA-19168,531
45,NORMA-28822,532
45,NORMA-18304,533
45,NORMA-8820,534
45,NORMA-7135,535
45,NORMA-6819,536
45,NORMA-19837,537
45,NORMA-13672,538
45,NORMA-4261,539
45,NORMA-21045,540
45,NORMA-18854,541
45,NORMA-8569,542
45,NORMA-4443,543
45,NORMA-14944,544
45,NORMA-10018,545
45,NORMA-13270,546
45,NORMA-7428,547
45,NORMA-7041,548
45,NORMA-5629,549
45,NORMA-5364,550
45,NORMA-20352,551
45,NORMA-27583,552
45,NORMA-18341,553
45,NORMA-7213,554
45,NORMA-20815,555
45,NORMA-4027,556
45,NORMA-14379,557
45,NORMA-6075,558
45,NORMA-3618,559
45,NORMA-10053,560
45,NORMA-18490,561
45,NORMA-20377,562
45,NORMA-19254,563
45,NORMA-9916,564
45,NORMA-5714,565
45,NORMA-20049,566
45,NORMA-18397,567
45,NORMA-4979,568
45,NORMA-11734,569
45,NORMA-14859,570
45,NORMA-7720,571
45,NORMA-18626,572
45,NORMA-7747,573
45,NORMA-16601,574
45,NORMA-21382,575
45,NORMA-4236,576
45,NORMA-21614,577
45,NORMA-3800,578
45,NORMA-7018,579
45,NORMA-18658,580
45,NORMA-12750,581
45,NORMA-9652,582
45,NORMA-25442,583
45,NORMA-15068,584
45,NORMA-5515,585
45,NORMA-7952,586
45,NORMA-14117,587
45,NORMA-4050,588
45,NORMA-9819,589
45,NORMA-3979,590
45,NORMA-20840,591
45,NORMA-1705,592
45,NORMA-5059,593
45,NORMA-4308,594
45,NORMA-14511,595
45,NORMA-19665,596
45,NORMA-5962,597
45,NORMA-11402,598
45,NORMA-20366,599
45,NORMA-4746,600
45,NORMA-18886,601
45,NORMA-7942,602
45,NORMA-4839,603
45,NORMA-9253,604
45,NORMA-3539,605
45,NORMA-4732,606
45,NORMA-8504,607
45,NORMA-21018,608
45,NORMA-14562,609
45,NORMA-13884,610
45,NORMA-3657,611
45,NORMA-15351,612
45,NORMA-12066,613
45,NORMA-8696,614
45,NORMA-5170,615
45,NORMA-1515,616
45,NORMA-10221,617
45,NORMA-12234,618
45,NORMA-3480,619
45,NORMA-13555,620
45,NORMA-12014,621
45,NORMA-10868,622
45,NORMA-5660,623
45,NORMA-21128,624
45,NORMA-18316,625
45,NORMA-3884,626
45,NORMA-4998,627
45,NORMA-19939,628
45,NORMA-19024,629
45,NORMA-6023,630
45,NORMA-27554,631
45,NORMA-6769,632
45,NORMA-6880,633
45,NORMA-20894,634
45,NORMA-11932,635
45,NORMA-20991,636
45,NORMA-412,637
45,NORMA-7738,638
45,NORMA-3919,639
45,NORMA-15194,640
45,NORMA-4325,641
45,NORMA-20476,642
45,NORMA-18910,643
45,NORMA-8390,644
45,NORMA-18592,645
45,NORMA-14905,646
45,NORMA-4404,647
45,NORMA-4609,648
45,NORMA-6816,649
45,NORMA-4095,650
45,NORMA-4865,651
45,NORMA-12230,652
45,NORMA-8689,653
45,NORMA-18471,654
45,NORMA-20505,655
45,NORMA-5136,656
45,NORMA-4699,657
45,NORMA-10120,658
45,NORMA-6774,659
45,NORMA-11715,660
45,NORMA-20444,661
45,NORMA-5117,662
45,NORMA-11631,663
45,NORMA-7435,664
45,NORMA-8692,665
45,NORMA-13363,666
45,NORMA-21578,667
45,NORMA-21331,668
45,NORMA-9281,669
45,NORMA-18537,670
45,NORMA-7436,671
45,NORMA-6273,672
45,NORMA-7832,673
45,NORMA-4476,674
45,NORMA-13753,675
45,NORMA-14129,676
45,NORMA-18779,677
45,NORMA-20291,678
45,NORMA-12232,679
45,NORMA-3571,680
45,NORMA-21090,681
45,NORMA-4991,682
45,NORMA-14217,683
45,NORMA-19931,684
45,NORMA-9817,685
45,NORMA-4707,686
45,NORMA-7419,687
45,NORMA-20231,688
45,NORMA-7970,689
45,NORMA-3950,690
45,NORMA-14035,691
45,NORMA-20921,692
45,NORMA-7431,693
45,NORMA-20211,694
45,NORMA-19249,695
45,NORMA-6561,696
45,NORMA-3467,697
45,NORMA-4478,698
45,NORMA-6015,699
45,NORMA-5925,700
45,NORMA-9319,701
45,NORMA-3583,702
45,NORMA-10817,703
45,NORMA-10003,704
45,NORMA-4619,705
45,NORMA-8577,706
45,NORMA-5471,707
45,NORMA-7202,708
45,NORMA-9220,709
45,NORMA-7366,710
45,NORMA-5139,711
45,NORMA-20901,712
45,NORMA-7051,713
45,NORMA-20707,714
45,NORMA-5329,715
45,NORMA-4526,716
45,NORMA-20810,717
45,NORMA-3935,718
45,NORMA-8171,719
45,NORMA-2413,720
45,NORMA-1650,721
45,NORMA-10900,722
45,NORMA-13459,723
45,NORMA-3554,724
45,NORMA-5523,725
45,NORMA-8083,726
45,NORMA-10085,727
45,NORMA-19301,728
45,NORMA-20622,729
45,NORMA-13265,730
45,NORMA-18211,731
45,NORMA-20567,732
45,NORMA-9451,733
45,NORMA-4782,734
45,NORMA-19260,735
45,NORMA-8823,736
45,NORMA-21135,737
45,NORMA-5734,738
45,NORMA-6675,739
45,NORMA-9339,740
45,NORMA-21711,741
45,NORMA-4768,742
45,NORMA-4550,743
45,NORMA-19390,744
45,NORMA-21480,745
45,NORMA-5911,746
45,NORMA-21672,747
45,NORMA-14097,748
45,NORMA-11742,749
45,NORMA-11649,750
45,NORMA-9577,751
45,NORMA-4597,752
45,NORMA-9119,753
45,NORMA-14554,754
45,NORMA-21660,755
45,NORMA-9812,756
45,NORMA-4436,757
45,NORMA-5517,758
45,NORMA-21554,759
45,NORMA-4610,760
45,NORMA-12129,761
45,NORMA-9670,762
45,NORMA-19524,763
45,NORMA-21641,764
45,NORMA-7605,765
45,NORMA-11814,766
45,NORMA-4789,767
45,NORMA-14945,768
45,NORMA-19942,769
45,NORMA-9888,770
45,NORMA-4037,771
45,NORMA-8235,772
45,NORMA-21565,773
45,NORMA-4275,774
45,NORMA-23026,775
45,NORMA-7425,776
45,NORMA-4068,777
45,NORMA-27061,778
45,NORMA-9871,779
45,NORMA-8214,780
45,NORMA-10974,781
45,NORMA-9635,782
45,NORMA-11030,783
45,NORMA-18259,784
45,NORMA-4036,785
45,NORMA-4984,786
45,NORMA-4730,787
45,NORMA-4356,788
45,NORMA-501,789
45,NORMA-12118,790
45,NORMA-4972,791
45,NORMA-18996,792
45,NORMA-18513,793
45,NORMA-9757,794
45,NORMA-13510,795
45,NORMA-20897,796
45,NORMA-18708,797
45,NORMA-8860,798
45,NORMA-18645,799
45,NORMA-7128,800
45,NORMA-5526,801
45,NORMA-6470,802
45,NORMA-8951,803
45,NORMA-28802,804
45,NORMA-18994,805
45,NORMA-5995,806
45,NORMA-11623,807
45,NORMA-13048,808
45,NORMA-21491,809
45,NORMA-6120,810
45,NORMA-3974,811
45,NORMA-4889,812
45,NORMA-19444,813
45,NORMA-5727,814
45,NORMA-11572,815
45,NORMA-20446,816
45,NORMA-11798,817
45,NORMA-14307,818
45,NORMA-10877,819
45,NORMA-7130,820
45,NORMA-5882,821
45,NORMA-12744,822
45,NORMA-10029,823
45,NORMA-12029,824
45,NORMA-3611,825
45,NORMA-21738,826
45,NORMA-5741,827
45,NORMA-9166,828
45,NORMA-4929,829
45,NORMA-21052,830
45,NORMA-19403,831
45,NORMA-4529,832
45,NORMA-20286,833
45,NORMA-10521,834
45,NORMA-9136,835
45,NORMA-5586,836
45,NORMA-12195,837
45,NORMA-5562,838
45,NORMA-19923,839
45,NORMA-10469,840
45,NORMA-18859,841
45,NORMA-5346,842
45,NORMA-19112,843
45,NORMA-4120,844
45,NORMA-20224,845
45,NORMA-7501,846
45,NORMA-5019,847
45,NORMA-21769,848
45,NORMA-4379,849
45,NORMA-5217,850
45,NORMA-6964,851
45,NORMA-18649,852
45,NORMA-19954,853
45,NORMA-6820,854
45,NORMA-9330,855
45,NORMA-9210,856
45,NORMA-20816,857
45,NORMA-21332,858
45,NORMA-19896,859
45,NORMA-3563,860
45,NORMA-9174,861
45,NORMA-7415,862
45,NORMA-9379,863
45,NORMA-18698,864
45,NORMA-21591,865
45,NORMA-4542,866
45,NORMA-3654,867
45,NORMA-11864,868
45,NORMA-8431,869
45,NORMA-4774,870
45,NORMA-20188,871
45,NORMA-8080,872
45,NORMA-4775,873
45,NORMA-7106,874
45,NORMA-18765,875
45,NORMA-5100,876
45,NORMA-7599,877
45,NORMA-23981,878
45,NORMA-909,879
45,NORMA-14560,880
45,NORMA-14629,881
45,NORMA-28841,882
45,NORMA-10046,883
45,NORMA-5157,884
45,NORMA-21685,885
45,NORMA-7917,886
45,NORMA-21386,887
45,NORMA-14552,888
45,NORMA-19548,889
45,NORMA-19285,890
45,NORMA-14120,891
45,NORMA-8931,892
45,NORMA-20794,893
45,NORMA-18947,894
45,NORMA-21725,895
45,NORMA-4054,896
45,NORMA-5654,897
45,NORMA-4748,898
45,NORMA-6331,899
45,NORMA-11723,900
45,NORMA-9920,901
45,NORMA-15166,902
45,NORMA-6443,903
45,NORMA-20887,904
45,NORMA-5679,905
45,NORMA-8242,906
45,NORMA-20790,907
45,NORMA-9582,908
45,NORMA-18514,909
45,NORMA-3700,910
45,NORMA-4776,911
45,NORMA-19312,912
45,NORMA-8576,913
45,NORMA-20166,914
45,NORMA-7439,915
45,NORMA-9983,916
45,NORMA-3937,917
45,NORMA-18263,918
45,NORMA-19553,919
45,NORMA-3693,920
45,NORMA-7011,921
45,NORMA-7737,922
45,NORMA-6453,923
45,NORMA-5221,924
45,NORMA-11258,925
45,NORMA-3568,926
45,NORMA-4152,927
45,NORMA-9865,928
45,NORMA-7679,929
45,NORMA-7211,930
45,NORMA-19192,931
45,NORMA-6333,932
45,NORMA-7039,933
45,NORMA-8037,934
45,NORMA-14037,935
45,NORMA-9542,936
45,NORMA-21290,937
45,NORMA-8937,938
45,NORMA-7040,939
45,NORMA-13174,940
45,NORMA-4433,941
45,NORMA-8042,942
45,NORMA-3953,943
45,NORMA-11374,944
45,NORMA-6572,945
45,NORMA-19453,946
45,NORMA-13973,947
45,NORMA-13855,948
45,NORMA-10653,949
45,NORMA-5160,950
45,NORMA-29261,951
45,NORMA-5729,952
45,NORMA-20234,953
45,NORMA-19349,954
45,NORMA-18702,955
45,NORMA-20285,956
45,NORMA-4114,957
45,NORMA-21485,958
45,NORMA-7771,959
45,NORMA-13990,960
45,NORMA-4956,961
45,NORMA-9477,962
45,NORMA-2484,963
45,NORMA-21620,964
45,NORMA-9588,965
45,NORMA-4621,966
45,NORMA-14202,967
45,NORMA-5173,968
45,NORMA-18377,969
45,NORMA-6773,970
45,NORMA-10014,971
45,NORMA-10698,972
45,NORMA-13711,973
45,NORMA-12928,974
45,NORMA-20190,975
45,NORMA-9876,976
45,NORMA-3699,977
45,NORMA-21176,978
45,NORMA-4442,979
45,NORMA-5189,980
45,NORMA-12630,981
45,NORMA-4628,982
45,NORMA-8248,983
45,NORMA-3798,984
45,NORMA-6758,985
45,NORMA-6494,986
45,NORMA-1295,987
45,NORMA-12327,988
45,NORMA-4959,989
45,NORMA-21363,990
45,NORMA-10145,991
45,NORMA-5125,992
45,NORMA-8999,993
45,NORMA-20975,994
45,NORMA-5970,995
45,NORMA-21019,996
45,NORMA-11868,997
45,NORMA-19028,998
45,NORMA-5919,999
45,NORMA-3569,1000
46,NORMA-20945,1
46,NORMA-21207,2
46,NORMA-18202,3
46,NORMA-20221,4
46,NORMA-19448,5
46,NORMA-19481,6
46,NORMA-21095,7
46,NORMA-18559,8
46,NORMA-2137,9
46,NORMA-206,10
46,NORMA-19595,11
46,NORMA-4294,12
46,NORMA-20982,13
46,NORMA-18407,14
46,NORMA-21414,15
46,NORMA-19948,16
46,NORMA-19565,17
46,NORMA-18595,18
46,NORMA-20900,19
46,NORMA-7111,20
46,NORMA-19585,21
46,NORMA-19246,22
46,NORMA-19804,23
46,NORMA-21209,24
46,NORMA-13245,25
46,NORMA-1662,26
46,NORMA-18213,27
46,NORMA-20297,28
46,NORMA-18302,29
46,NORMA-19525,30
46,NORMA-19749,31
46,NORMA-19679,32
46,NORMA-19110,33
46,NORMA-21214,34
46,NORMA-21416,35
46,NORMA-11601,36
46,NORMA-19902,37
46,NORMA-19183,38
46,NORMA-14516,39
46,NORMA-20690,40
46,NORMA-14395,41
46,NORMA-19589,42
46,NORMA-18420,43
46,NORMA-21487,44
46,NORMA-21125,45
46,NORMA-20781,46
46,NORMA-19427,47
46,NORMA-21690,48
46,NORMA-19592,49
46,NORMA-14589,50
46,NORMA-18932,51
46,NORMA-21151,52
46,NORMA-20766,53
46,NORMA-19280,54
46,NORMA-20029,55
46,NORMA-20872,56
46,NORMA-20043,57
46,NORMA-18624,58
46,NORMA-18545,59
46,NORMA-20830,60
46,NORMA-1714,61
46,NORMA-19331,62
46,NORMA-19179,63
46,NORMA-18997,64
46,NORMA-15004,65
46,NORMA-19636,66
46,NORMA-21129,67
46,NORMA-19912,68
46,NORMA-20063,69
46,NORMA-20607,70
46,NORMA-19998,71
46,NORMA-21465,72
46,NORMA-19982,73
46,NORMA-21675,74
46,NORMA-19241,75
46,NORMA-20170,76
46,NORMA-18254,77
46,NORMA-18240,78
46,NORMA-10226,79
46,NORMA-20269,80
46,NORMA-21355,81
46,NORMA-19466,82
46,NORMA-18332,83
46,NORMA-18836,84
46,NORMA-26362,85
46,NORMA-21793,86
46,NORMA-13116,87
46,NORMA-18896,88
46,NORMA-18817,89
46,NORMA-19729,90
46,NORMA-21306,91
46,NORMA-18311,92
46,NORMA-19138,93
46,NORMA-19985,94
46,NORMA-19019,95
46,NORMA-21406,96
46,NORMA-19680,97
46,NORMA-20305,98
46,NORMA-14233,99
46,NORMA-19723,100
46,NORMA-19570,101
46,NORMA-19777,102
46,NORMA-20668,103
46,NORMA-18365,104
46,NORMA-18673,105
46,NORMA-20134,106
46,NORMA-21715,107
46,NORMA-12174,108
46,NORMA-18689,109
46,NORMA-20944,110
46,NORMA-18935,111
46,NORMA-19122,112
46,NORMA-20292,113
46,NORMA-19760,114
46,NORMA-20965,115
46,NORMA-19780,116
46,NORMA-19440,117
46,NORMA-18247,118
46,NORMA-18902,119
46,NORMA-19180,120
46,NORMA-21607,121
46,NORMA-18540,122
46,NORMA-20185,123
46,NORMA-19623,124
46,NORMA-21452,125
46,NORMA-21047,126
46,NORMA-19773,127
46,NORMA-21794,128
46,NORMA-12585,129
46,NORMA-19765,130
46,NORMA-19600,131
46,NORMA-19091,132
46,NORMA-18565,133
46,NORMA-21169,134
46,NORMA-21121,135
46,NORMA-18790,136
46,NORMA-18313,137
46,NORMA-12162,138
46,NORMA-18241,139
46,NORMA-12791,140
46,NORMA-19669,141
46,NORMA-19087,142
46,NORMA-20654,143
46,NORMA-18938,144
46,NORMA-19743,145
46,NORMA-18390,146
46,NORMA-2447,147
46,NORMA-19944,148
46,NORMA-19832,149
46,NORMA-19229,150
46,NORMA-2135,151
46,NORMA-18222,152
46,NORMA-19959,153
46,NORMA-18519,154
46,NORMA-19511,155
46,NORMA-13334,156
46,NORMA-19776,157
46,NORMA-20051,158
46,NORMA-18741,159
46,NORMA-18546,160
46,NORMA-21011,161
46,NORMA-18648,162
46,NORMA-20666,163
46,NORMA-21732,164
46,NORMA-21115,165
46,NORMA-18616,166
46,NORMA-20252,167
46,NORMA-20278,168
46,NORMA-19753,169
46,NORMA-13098,170
46,NORMA-21205,171
46,NORMA-28281,172
46,NORMA-18688,173
46,NORMA-31904,174
46,NORMA-19721,175
46,NORMA-20684,176
46,NORMA-21250,177
46,NORMA-18929,178
46,NORMA-1826,179
46,NORMA-18855,180
46,NORMA-19082,181
46,NORMA-18998,182
46,NORMA-21134,183
46,NORMA-21395,184
46,NORMA-19401,185
46,NORMA-20111,186
46,NORMA-20644,187
46,NORMA-19469,188
46,NORMA-19794,189
46,NORMA-20665,190
46,NORMA-20070,191
46,NORMA-1346,192
46,NORMA-20558,193
46,NORMA-18908,194
46,NORMA-19495,195
46,NORMA-20923,196
46,NORMA-19563,197
46,NORMA-19838,198
46,NORMA-19769,199
46,NORMA-19805,200
46,NORMA-21821,201
46,NORMA-19202,202
46,NORMA-21627,203
46,NORMA-20102,204
46,NORMA-19518,205
46,NORMA-21447,206
46,NORMA-19615,207
46,NORMA-19148,208
46,NORMA-20079,209
46,NORMA-19502,210
46,NORMA-20067,211
46,NORMA-159,212
46,NORMA-18835,213
46,NORMA-21162,214
46,NORMA-1365,215
46,NORMA-21552,216
46,NORMA-28663,217
46,NORMA-18936,218
46,NORMA-19162,219
46,NORMA-19803,220
46,NORMA-20510,221
46,NORMA-20509,222
46,NORMA-19909,223
46,NORMA-20969,224
46,NORMA-20735,225
46,NORMA-21083,226
46,NORMA-19230,227
46,NORMA-19399,228
46,NORMA-21133,229
46,NORMA-20949,230
46,NORMA-16443,231
46,NORMA-20990,232
46,NORMA-18886,233
46,NORMA-19810,234
46,NORMA-18957,235
46,NORMA-21753,236
46,NORMA-20724,237
46,NORMA-18888,238
46,NORMA-2554,239
46,NORMA-19605,240
46,NORMA-18964,241
46,NORMA-19815,242
46,NORMA-20081,243
46,NORMA-19065,244
46,NORMA-19381,245
46,NORMA-19498,246
46,NORMA-19844,247
46,NORMA-18883,248
46,NORMA-18985,249
46,NORMA-21272,250
46,NORMA-21745,251
46,NORMA-19961,252
46,NORMA-21766,253
46,NORMA-19817,254
46,NORMA-19643,255
46,NORMA-18544,256
46,NORMA-19960,257
46,NORMA-19762,258
46,NORMA-19006,259
46,NORMA-19101,260
46,NORMA-7110,261
46,NORMA-19160,262
46,NORMA-1485,263
46,NORMA-19744,264
46,NORMA-20839,265
46,NORMA-20396,266
46,NORMA-21599,267
46,NORMA-21199,268
46,NORMA-18630,269
46,NORMA-19454,270
46,NORMA-19746,271
46,NORMA-19963,272
46,NORMA-19176,273
46,NORMA-19627,274
46,NORMA-11713,275
46,NORMA-20706,276
46,NORMA-20405,277
46,NORMA-20597,278
46,NORMA-20661,279
46,NORMA-19270,280
46,NORMA-23965,281
46,NORMA-19851,282
46,NORMA-18877,283
46,NORMA-18949,284
46,NORMA-18943,285
46,NORMA-21280,286
46,NORMA-19901,287
46,NORMA-19106,288
46,NORMA-21110,289
46,NORMA-18900,290
46,NORMA-18869,291
46,NORMA-20264,292
46,NORMA-19256,293
46,NORMA-20801,294
46,NORMA-20206,295
46,NORMA-19663,296
46,NORMA-2551,297
46,NORMA-20768,298
46,NORMA-14208,299
46,NORMA-10592,300
46,NORMA-19140,301
46,NORMA-20239,302
46,NORMA-19750,303
46,NORMA-19761,304
46,NORMA-20164,305
46,NORMA-19363,306
46,NORMA-18966,307
46,NORMA-2478,308
46,NORMA-20034,309
46,NORMA-12338,310
46,NORMA-18323,311
46,NORMA-18343,312
46,NORMA-20138,313
46,NORMA-20238,314
46,NORMA-13912,315
46,NORMA-19197,316
46,NORMA-19706,317
46,NORMA-21093,318
46,NORMA-19821,319
46,NORMA-11723,320
46,NORMA-19790,321
46,NORMA-20296,322
46,NORMA-19377,323
46,NORMA-2444,324
46,NORMA-21291,325
46,NORMA-20802,326
46,NORMA-6197,327
46,NORMA-20629,328
46,NORMA-19017,329
46,NORMA-18912,330
46,NORMA-19594,331
46,NORMA-21614,332
46,NORMA-21072,333
46,NORMA-20516,334
46,NORMA-21529,335
46,NORMA-21413,336
46,NORMA-18882,337
46,NORMA-19460,338
46,NORMA-18693,339
46,NORMA-18931,340
46,NORMA-20105,341
46,NORMA-20110,342
46,NORMA-21089,343
46,NORMA-20180,344
46,NORMA-18621,345
46,NORMA-1144,346
46,NORMA-19806,347
46,NORMA-19812,348
46,NORMA-18905,349
46,NORMA-18346,350
46,NORMA-5555,351
46,NORMA-21035,352
46,NORMA-21010,353
46,NORMA-19697,354
46,NORMA-18660,355
46,NORMA-21255,356
46,NORMA-19809,357
46,NORMA-20518,358
46,NORMA-21921,359
46,NORMA-19926,360
46,NORMA-21394,361
46,NORMA-2629,362
46,NORMA-12121,363
46,NORMA-21537,364
46,NORMA-19272,365
46,NORMA-24583,366
46,NORMA-20586,367
46,NORMA-18555,368
46,NORMA-19393,369
46,NORMA-21049,370
46,NORMA-19853,371
46,NORMA-18413,372
46,NORMA-20277,373
46,NORMA-19479,374
46,NORMA-20767,375
46,NORMA-21210,376
46,NORMA-11572,377
46,NORMA-21196,378
46,NORMA-21223,379
46,NORMA-19258,380
46,NORMA-19084,381
46,NORMA-1637,382
46,NORMA-19446,383
46,NORMA-18952,384
46,NORMA-20050,385
46,NORMA-20106,386
46,NORMA-21274,387
46,NORMA-27582,388
46,NORMA-19813,389
46,NORMA-18744,390
46,NORMA-20163,391
46,NORMA-2415,392
46,NORMA-20818,393
46,NORMA-6012,394
46,NORMA-19800,395
46,NORMA-21366,396
46,NORMA-20803,397
46,NORMA-19129,398
46,NORMA-21620,399
46,NORMA-20871,400
46,NORMA-20060,401
46,NORMA-20613,402
46,NORMA-20909,403
46,NORMA-19383,404
46,NORMA-19604,405
46,NORMA-18426,406
46,NORMA-19171,407
46,NORMA-16441,408
46,NORMA-19291,409
46,NORMA-20976,410
46,NORMA-21706,411
46,NORMA-19029,412
46,NORMA-19455,413
46,NORMA-16321,414
46,NORMA-19849,415
46,NORMA-19055,416
46,NORMA-19311,417
46,NORMA-20617,418
46,NORMA-18336,419
46,NORMA-18692,420
46,NORMA-27121,421
46,NORMA-20159,422
46,NORMA-14413,423
46,NORMA-19841,424
46,NORMA-19505,425
46,NORMA-19136,426
46,NORMA-25082,427
46,NORMA-20208,428
46,NORMA-19178,429
46,NORMA-18267,430
46,NORMA-20577,431
46,NORMA-21628,432
46,NORMA-18593,433
46,NORMA-16442,434
46,NORMA-21254,435
46,NORMA-19175,436
46,NORMA-11576,437
46,NORMA-20726,438
46,NORMA-18295,439
46,NORMA-20040,440
46,NORMA-18921,441
46,NORMA-18636,442
46,NORMA-19893,443
46,NORMA-19323,444
46,NORMA-19134,445
46,NORMA-21428,446
46,NORMA-19757,447
46,NORMA-20596,448
46,NORMA-21453,449
46,NORMA-19355,450
46,NORMA-18577,451
46,NORMA-13474,452
46,NORMA-19191,453
46,NORMA-19894,454
46,NORMA-5219,455
46,NORMA-21060,456
46,NORMA-1723,457
46,NORMA-19013,458
46,NORMA-20286,459
46,NORMA-19801,460
46,NORMA-9212,461
46,NORMA-20963,462
46,NORMA-20853,463
46,NORMA-31922,464
46,NORMA-21409,465
46,NORMA-19638,466
46,NORMA-19555,467
46,NORMA-20863,468
46,NORMA-19490,469
46,NORMA-20582,470
46,NORMA-18354,471
46,NORMA-2483,472
46,NORMA-19748,473
46,NORMA-19870,474
46,NORMA-19577,475
46,NORMA-18286,476
46,NORMA-4701,477
46,NORMA-18252,478
46,NORMA-20157,479
46,NORMA-20637,480
46,NORMA-21341,481
46,NORMA-21216,482
46,NORMA-18572,483
46,NORMA-23441,484
46,NORMA-20905,485
46,NORMA-1681,486
46,NORMA-19054,487
46,NORMA-20459,488
46,NORMA-984,489
46,NORMA-18495,490
46,NORMA-18635,491
46,NORMA-21466,492
46,NORMA-19653,493
46,NORMA-18250,494
46,NORMA-20773,495
46,NORMA-20319,496
46,NORMA-21440,497
46,NORMA-19598,498
46,NORMA-3789,499
46,NORMA-4480,500
46,NORMA-18341,501
46,NORMA-20800,502
46,NORMA-19816,503
46,NORMA-19118,504
46,NORMA-20772,505
46,NORMA-11597,506
46,NORMA-27101,507
46,NORMA-20942,508
46,NORMA-19831,509
46,NORMA-19288,510
46,NORMA-18743,511
46,NORMA-21664,512
46,NORMA-19161,513
46,NORMA-19474,514
46,NORMA-21258,515
46,NORMA-1658,516
46,NORMA-21013,517
46,NORMA-19072,518
46,NORMA-20513,519
46,NORMA-20514,520
46,NORMA-2171,521
46,NORMA-20615,522
46,NORMA-19307,523
46,NORMA-20901,524
46,NORMA-18625,525
46,NORMA-19461,526
46,NORMA-19718,527
46,NORMA-20632,528
46,NORMA-5920,529
46,NORMA-11577,530
46,NORMA-21333,531
46,NORMA-16462,532
46,NORMA-19219,533
46,NORMA-18499,534
46,NORMA-6480,535
46,NORMA-1295,536
46,NORMA-20946,537
46,NORMA-20021,538
46,NORMA-7547,539
46,NORMA-19791,540
46,NORMA-20887,541
46,NORMA-22741,542
46,NORMA-9626,543
46,NORMA-21316,544
46,NORMA-18984,545
46,NORMA-18384,546
46,NORMA-20876,547
46,NORMA-21740,548
46,NORMA-20753,549
46,NORMA-19216,550
46,NORMA-21247,551
46,NORMA-24621,552
46,NORMA-20511,553
46,NORMA-19866,554
46,NORMA-13858,555
46,NORMA-20978,556
46,NORMA-20093,557
46,NORMA-20219,558
46,NORMA-21344,559
46,NORMA-20623,560
46,NORMA-20783,561
46,NORMA-19591,562
46,NORMA-5932,563
46,NORMA-18742,564
46,NORMA-21178,565
46,NORMA-21600,566
46,NORMA-21680,567
46,NORMA-19741,568
46,NORMA-19554,569
46,NORMA-21173,570
46,NORMA-18940,571
46,NORMA-5077,572
46,NORMA-19354,573
46,NORMA-12049,574
46,NORMA-8774,575
46,NORMA-18357,576
46,NORMA-13664,577
46,NORMA-3121,578
46,NORMA-18516,579
46,NORMA-21138,580
46,NORMA-18498,581
46,NORMA-19827,582
46,NORMA-21392,583
46,NORMA-18328,584
46,NORMA-20517,585
46,NORMA-18736,586
46,NORMA-21527,587
46,NORMA-7303,588
46,NORMA-11612,589
46,NORMA-5616,590
46,NORMA-4560,591
46,NORMA-9737,592
46,NORMA-20879,593
46,NORMA-11729,594
46,NORMA-11578,595
46,NORMA-19385,596
46,NORMA-21270,597
46,NORMA-19213,598
46,NORMA-20708,599
46,NORMA-6978,600
46,NORMA-19030,601
46,NORMA-13499,602
46,NORMA-5885,603
46,NORMA-20567,604
46,NORMA-20281,605
46,NORMA-20636,606
46,NORMA-3785,607
46,NORMA-19575,608
46,NORMA-21062,609
46,NORMA-11598,610
46,NORMA-7621,611
46,NORMA-21748,612
46,NORMA-19635,613
46,NORMA-21575,614
46,NORMA-18804,615
46,NORMA-2333,616
46,NORMA-21571,617
46,NORMA-21087,618
46,NORMA-20849,619
46,NORMA-11137,620
46,NORMA-18687,621
46,NORMA-12657,622
46,NORMA-20275,623
46,NORMA-19738,624
46,NORMA-396,625
46,NORMA-18528,626
46,NORMA-21451,627
46,NORMA-19275,628
46,NORMA-19489,629
46,NORMA-19703,630
46,NORMA-18275,631
46,NORMA-19484,632
46,NORMA-21242,633
46,NORMA-21727,634
46,NORMA-5895,635
46,NORMA-9738,636
46,NORMA-18416,637
46,NORMA-1694,638
46,NORMA-21022,639
46,NORMA-18995,640
46,NORMA-20038,641
46,NORMA-19900,642
46,NORMA-3907,643
46,NORMA-19308,644
46,NORMA-19558,645
46,NORMA-18282,646
46,NORMA-18633,647
46,NORMA-13836,648
46,NORMA-14264,649
46,NORMA-20335,650
46,NORMA-9010,651
46,NORMA-18642,652
46,NORMA-18520,653
46,NORMA-21155,654
46,NORMA-22401,655
46,NORMA-27364,656
46,NORMA-5761,657
46,NORMA-323,658
46,NORMA-5195,659
46,NORMA-222,660
46,NORMA-3529,661
46,NORMA-11714,662
46,NORMA-21531,663
46,NORMA-18522,664
46,NORMA-18969,665
46,NORMA-11798,666
46,NORMA-21336,667
46,NORMA-14597,668
46,NORMA-19569,669
46,NORMA-18830,670
46,NORMA-20717,671
46,NORMA-19923,672
46,NORMA-18617,673
46,NORMA-5376,674
46,NORMA-18991,675
46,NORMA-12235,676
46,NORMA-18873,677
46,NORMA-19499,678
46,NORMA-20940,679
46,NORMA-5165,680
46,NORMA-20798,681
46,NORMA-13393,682
46,NORMA-20483,683
46,NORMA-21160,684
46,NORMA-18226,685
46,NORMA-72,686
46,NORMA-20817,687
46,NORMA-19062,688
46,NORMA-18759,689
46,NORMA-21325,690
46,NORMA-20342,691
46,NORMA-21037,692
46,NORMA-19177,693
46,NORMA-11524,694
46,NORMA-20108,695
46,NORMA-21321,696
46,NORMA-21006,697
46,NORMA-18385,698
46,NORMA-18626,699
46,NORMA-12048,700
46,NORMA-19437,701
46,NORMA-6786,702
46,NORMA-18493,703
46,NORMA-20075,704
46,NORMA-18796,705
46,NORMA-18529,706
46,NORMA-9936,707
46,NORMA-19825,708
46,NORMA-9855,709
46,NORMA-19584,710
46,NORMA-19405,711
46,NORMA-19616,712
46,NORMA-10208,713
46,NORMA-21190,714
46,NORMA-28703,715
46,NORMA-11571,716
46,NORMA-19972,717
46,NORMA-19914,718
46,NORMA-19268,719
46,NORMA-1388,720
46,NORMA-18570,721
46,NORMA-21619,722
46,NORMA-19747,723
46,NORMA-19808,724
46,NORMA-21445,725
46,NORMA-21368,726
46,NORMA-20760,727
46,NORMA-21221,728
46,NORMA-19891,729
46,NORMA-2058,730
46,NORMA-18674,731
46,NORMA-14346,732
46,NORMA-18453,733
46,NORMA-20023,734
46,NORMA-21653,735
46,NORMA-19547,736
46,NORMA-19970,737
46,NORMA-8096,738
46,NORMA-18930,739
46,NORMA-20388,740
46,NORMA-19120,741
46,NORMA-18597,742
46,NORMA-19403,743
46,NORMA-20515,744
46,NORMA-3985,745
46,NORMA-19094,746
46,NORMA-20276,747
46,NORMA-19032,748
46,NORMA-13883,749
46,NORMA-14429,750
46,NORMA-19792,751
46,NORMA-21052,752
46,NORMA-1727,753
46,NORMA-9960,754
46,NORMA-21259,755
46,NORMA-21302,756
46,NORMA-18583,757
46,NORMA-18400,758
46,NORMA-11792,759
46,NORMA-21339,760
46,NORMA-20829,761
46,NORMA-20709,762
46,NORMA-7146,763
46,NORMA-18717,764
46,NORMA-19119,765
46,NORMA-20351,766
46,NORMA-19833,767
46,NORMA-21621,768
46,NORMA-18727,769
46,NORMA-21061,770
46,NORMA-21230,771
46,NORMA-19188,772
46,NORMA-19506,773
46,NORMA-21427,774
46,NORMA-21167,775
46,NORMA-18251,776
46,NORMA-20242,777
46,NORMA-20599,778
46,NORMA-19971,779
46,NORMA-5437,780
46,NORMA-20652,781
46,NORMA-20693,782
46,NORMA-21045,783
46,NORMA-19220,784
46,NORMA-19356,785
46,NORMA-21212,786
46,NORMA-19934,787
46,NORMA-21789,788
46,NORMA-19662,789
46,NORMA-21615,790
46,NORMA-20948,791
46,NORMA-18458,792
46,NORMA-19951,793
46,NORMA-14699,794
46,NORMA-20064,795
46,NORMA-21215,796
46,NORMA-19755,797
46,NORMA-20096,798
46,NORMA-20057,799
46,NORMA-19293,800
46,NORMA-18939,801
46,NORMA-18389,802
46,NORMA-19771,803
46,NORMA-18324,804
46,NORMA-20077,805
46,NORMA-18761,806
46,NORMA-20216,807
46,NORMA-18892,808
46,NORMA-21132,809
46,NORMA-20152,810
46,NORMA-802,811
46,NORMA-20624,812
46,NORMA-20061,813
46,NORMA-20270,814
46,NORMA-21099,815
46,NORMA-24902,816
46,NORMA-20667,817
46,NORMA-20633,818
46,NORMA-178,819
46,NORMA-18958,820
46,NORMA-20581,821
46,NORMA-21111,822
46,NORMA-21039,823
46,NORMA-2276,824
46,NORMA-20080,825
46,NORMA-21170,826
46,NORMA-18791,827
46,NORMA-21180,828
46,NORMA-20143,829
46,NORMA-21234,830
46,NORMA-2056,831
46,NORMA-4296,832
46,NORMA-11769,833
46,NORMA-2104,834
46,NORMA-5210,835
46,NORMA-19698,836
46,NORMA-19587,837
46,NORMA-4819,838
46,NORMA-20160,839
46,NORMA-20088,840
46,NORMA-18355,841
46,NORMA-12026,842
46,NORMA-21371,843
46,NORMA-19835,844
46,NORMA-20200,845
46,NORMA-19661,846
46,NORMA-11401,847
46,NORMA-19905,848
46,NORMA-21442,849
46,NORMA-18859,850
46,NORMA-6147,851
46,NORMA-18891,852
46,NORMA-19854,853
46,NORMA-20561,854
46,NORMA-9316,855
46,NORMA-20638,856
46,NORMA-21398,857
46,NORMA-20898,858
46,NORMA-20677,859
46,NORMA-1407,860
46,NORMA-18551,861
46,NORMA-21004,862
46,NORMA-18550,863
46,NORMA-8012,864
46,NORMA-19468,865
46,NORMA-20512,866
46,NORMA-4689,867
46,NORMA-19079,868
46,NORMA-28201,869
46,NORMA-12415,870
46,NORMA-21433,871
46,NORMA-18456,872
46,NORMA-18294,873
46,NORMA-21381,874
46,NORMA-5983,875
46,NORMA-11565,876
46,NORMA-18720,877
46,NORMA-21483,878
46,NORMA-7553,879
46,NORMA-4423,880
46,NORMA-20551,881
46,NORMA-21074,882
46,NORMA-8801,883
46,NORMA-6720,884
46,NORMA-29147,885
46,NORMA-19166,886
46,NORMA-3849,887
46,NORMA-12733,888
46,NORMA-20298,889
46,NORMA-4492,890
46,NORMA-20071,891
46,NORMA-11557,892
46,NORMA-18366,893
46,NORMA-14626,894
46,NORMA-3760,895
46,NORMA-20692,896
46,NORMA-20192,897
46,NORMA-5312,898
46,NORMA-18897,899
46,NORMA-19637,900
46,NORMA-21219,901
46,NORMA-19778,902
46,NORMA-19394,903
46,NORMA-14224,904
46,NORMA-19655,905
46,NORMA-19770,906
46,NORMA-14724,907
46,NORMA-10610,908
46,NORMA-21425,909
46,NORMA-20955,910
46,NORMA-19278,911
46,NORMA-18230,912
46,NORMA-28341,913
46,NORMA-21153,914
46,NORMA-21758,915
46,NORMA-19691,916
46,NORMA-21314,917
46,NORMA-19938,918
46,NORMA-19125,919
46,NORMA-19033,920
46,NORMA-20882,921
46,NORMA-21204,922
46,NORMA-20320,923
46,NORMA-20985,924
46,NORMA-19798,925
46,NORMA-19441,926
46,NORMA-18664,927
46,NORMA-19182,928
46,NORMA-19036,929
46,NORMA-19630,930
46,NORMA-9794,931
46,NORMA-18352,932
46,NORMA-8459,933
46,NORMA-6062,934
46,NORMA-20262,935
46,NORMA-12024,936
46,NORMA-13419,937
46,NORMA-18775,938
46,NORMA-2587,939
46,NORMA-2395,940
46,NORMA-12019,941
46,NORMA-13181,942
46,NORMA-27044,943
46,NORMA-13660,944
46,NORMA-18477,945
46,NORMA-18793,946
46,NORMA-5406,947
46,NORMA-13872,948
46,NORMA-19262,949
46,NORMA-21472,950
46,NORMA-11797,951
46,NORMA-2455,952
46,NORMA-13308,953
46,NORMA-13990,954
46,NORMA-18865,955
46,NORMA-20931,956
46,NORMA-9647,957
46,NORMA-11673,958
46,NORMA-20860,959
46,NORMA-21225,960
46,NORMA-18898,961
46,NORMA-2399,962
46,NORMA-12035,963
46,NORMA-21710,964
46,NORMA-20971,965
46,NORMA-20770,966
46,NORMA-18928,967
46,NORMA-6665,968
46,NORMA-14369,969
46,NORMA-21490,970
46,NORMA-18752,971
46,NORMA-21098,972
46,NORMA-18524,973
46,NORMA-19044,974
46,NORMA-20168,975
46,NORMA-19596,976
46,NORMA-19364,977
46,NORMA-21432,978
46,NORMA-20129,979
46,NORMA-18509,980
46,NORMA-17541,981
46,NORMA-21041,982
46,NORMA-29181,983
46,NORMA-20846,984
46,NORMA-20701,985
46,NORMA-7543,986
46,NORMA-4514,987
46,NORMA-19645,988
46,NORMA-19764,989
46,NORMA-21528,990
46,NORMA-20285,991
46,NORMA-18786,992
46,NORMA-2081,993
46,NORMA-9147,994
46,NORMA-18675,995
46,NORMA-20936,996
46,NORMA-21066,997
46,NORMA-20491,998
46,NORMA-25801,999
46,NORMA-20099,1000
47,NORMA-878,1
47,NORMA-82,2
47,NORMA-754,3
47,NORMA-1250,4
47,NORMA-1641,5
47,NORMA-2501,6
47,NORMA-2089,7
47,NORMA-2025,8
47,NORMA-21315,9
47,NORMA-19359,10
47,NORMA-2578,11
47,NORMA-594,12
47,NORMA-1291,13
47,NORMA-228,14
47,NORMA-1777,15
47,NORMA-2424,16
47,NORMA-1317,17
47,NORMA-2562,18
47,NORMA-2435,19
47,NORMA-2492,20
47,NORMA-18879,21
47,NORMA-75,22
47,NORMA-2066,23
47,NORMA-2140,24
47,NORMA-220,25
47,NORMA-1223,26
47,NORMA-21156,27
47,NORMA-1510,28
47,NORMA-834,29
47,NORMA-2015,30
47,NORMA-21525,31
47,NORMA-2546,32
47,NORMA-2146,33
47,NORMA-2592,34
47,NORMA-789,35
47,NORMA-20904,36
47,NORMA-2018,37
47,NORMA-2064,38
47,NORMA-1085,39
47,NORMA-2521,40
47,NORMA-509,41
47,NORMA-21760,42
47,NORMA-2005,43
47,NORMA-18226,44
47,NORMA-1603,45
47,NORMA-2019,46
47,NORMA-579,47
47,NORMA-1649,48
47,NORMA-2045,49
47,NORMA-19131,50
47,NORMA-224,51
47,NORMA-1002,52
47,NORMA-2446,53
47,NORMA-2145,54
47,NORMA-1590,55
47,NORMA-560,56
47,NORMA-2567,57
47,NORMA-2079,58
47,NORMA-716,59
47,NORMA-869,60
47,NORMA-783,61
47,NORMA-1660,62
47,NORMA-2119,63
47,NORMA-968,64
47,NORMA-2503,65
47,NORMA-19184,66
47,NORMA-741,67
47,NORMA-1982,68
47,NORMA-332,69
47,NORMA-2032,70
47,NORMA-13609,71
47,NORMA-909,72
47,NORMA-12561,73
47,NORMA-923,74
47,NORMA-233,75
47,NORMA-1224,76
47,NORMA-1663,77
47,NORMA-2050,78
47,NORMA-13495,79
47,NORMA-1341,80
47,NORMA-890,81
47,NORMA-2425,82
47,NORMA-2049,83
47,NORMA-1416,84
47,NORMA-1084,85
47,NORMA-1006,86
47,NORMA-1155,87
47,NORMA-1239,88
47,NORMA-1960,89
47,NORMA-1212,90
47,NORMA-2118,91
47,NORMA-889,92
47,NORMA-1072,93
47,NORMA-1534,94
47,NORMA-838,95
47,NORMA-2184,96
47,NORMA-938,97
47,NORMA-705,98
47,NORMA-113,99
47,NORMA-229,100
47,NORMA-854,101
47,NORMA-618,102
47,NORMA-2531,103
47,NORMA-20884,104
47,NORMA-1321,105
47,NORMA-11620,106
47,NORMA-10508,107
47,NORMA-207,108
47,NORMA-962,109
47,NORMA-763,110
47,NORMA-2010,111
47,NORMA-77,112
47,NORMA-2509,113
47,NORMA-1966,114
47,NORMA-2190,115
47,NORMA-2453,116
47,NORMA-587,117
47,NORMA-2371,118
47,NORMA-503,119
47,NORMA-2168,120
47,NORMA-1046,121
47,NORMA-796,122
47,NORMA-19456,123
47,NORMA-232,124
47,NORMA-208,125
47,NORMA-12325,126
47,NORMA-917,127
47,NORMA-21175,128
47,NORMA-1998,129
47,NORMA-1965,130
47,NORMA-571,131
47,NORMA-925,132
47,NORMA-20903,133
47,NORMA-124,134
47,NORMA-1337,135
47,NORMA-19649,136
47,NORMA-15541,137
47,NORMA-18454,138
47,NORMA-588,139
47,NORMA-20843,140
47,NORMA-555,141
47,NORMA-2508,142
47,NORMA-19486,143
47,NORMA-122,144
47,NORMA-14235,145
47,NORMA-1421,146
47,NORMA-1256,147
47,NORMA-19398,148
47,NORMA-573,149
47,NORMA-210,150
47,NORMA-553,151
47,NORMA-14968,152
47,NORMA-1024,153
47,NORMA-999,154
47,NORMA-10028,155
47,NORMA-558,156
47,NORMA-9831,157
47,NORMA-1987,158
47,NORMA-2103,159
47,NORMA-265,160
47,NORMA-1132,161
47,NORMA-1009,162
47,NORMA-14649,163
47,NORMA-749,164
47,NORMA-18349,165
47,NORMA-1138,166
47,NORMA-2452,167
47,NORMA-19260,168
47,NORMA-13093,169
47,NORMA-12234,170
47,NORMA-10730,171
47,NORMA-1370,172
47,NORMA-2069,173
47,NORMA-2542,174
47,NORMA-12014,175
47,NORMA-937,176
47,NORMA-1406,177
47,NORMA-1512,178
47,NORMA-21029,179
47,NORMA-21069,180
47,NORMA-943,181
47,NORMA-1535,182
47,NORMA-15314,183
47,NORMA-480,184
47,NORMA-473,185
47,NORMA-1141,186
47,NORMA-209,187
47,NORMA-1447,188
47,NORMA-1474,189
47,NORMA-602,190
47,NORMA-782,191
47,NORMA-10249,192
47,NORMA-10454,193
47,NORMA-10613,194
47,NORMA-1199,195
47,NORMA-19386,196
47,NORMA-2627,197
47,NORMA-837,198
47,NORMA-2144,199
47,NORMA-13790,200
47,NORMA-477,201
47,NORMA-27022,202
47,NORMA-2175,203
47,NORMA-777,204
47,NORMA-396,205
47,NORMA-1380,206
47,NORMA-643,207
47,NORMA-26201,208
47,NORMA-13784,209
47,NORMA-15882,210
47,NORMA-215,211
47,NORMA-1549,212
47,NORMA-18542,213
47,NORMA-292,214
47,NORMA-14974,215
47,NORMA-19465,216
47,NORMA-12652,217
47,NORMA-19274,218
47,NORMA-2162,219
47,NORMA-251,220
47,NORMA-19497,221
47,NORMA-14788,222
47,NORMA-21262,223
47,NORMA-711,224
47,NORMA-19665,225
47,NORMA-1298,226
47,NORMA-21383,227
47,NORMA-12048,228
47,NORMA-13143,229
47,NORMA-2378,230
47,NORMA-478,231
47,NORMA-799,232
47,NORMA-1945,233
47,NORMA-1419,234
47,NORMA-2842,235
47,NORMA-278,236
47,NORMA-20760,237
47,NORMA-221,238
47,NORMA-21172,239
47,NORMA-2158,240
47,NORMA-16861,241
47,NORMA-21293,242
47,NORMA-4091,243
47,NORMA-19412,244
47,NORMA-1438,245
47,NORMA-19676,246
47,NORMA-12664,247
47,NORMA-1137,248
47,NORMA-2470,249
47,NORMA-6316,250
47,NORMA-19666,251
47,NORMA-12767,252
47,NORMA-15881,253
47,NORMA-19893,254
47,NORMA-479,255
47,NORMA-2568,256
47,NORMA-13170,257
47,NORMA-6181,258
47,NORMA-144,259
47,NORMA-2534,260
47,NORMA-11857,261
47,NORMA-19200,262
47,NORMA-1088,263
47,NORMA-12160,264
47,NORMA-12006,265
47,NORMA-941,266
47,NORMA-12012,267
47,NORMA-13903,268
47,NORMA-10994,269
47,NORMA-6630,270
47,NORMA-280,271
47,NORMA-772,272
47,NORMA-2390,273
47,NORMA-143,274
47,NORMA-309,275
47,NORMA-1217,276
47,NORMA-20896,277
47,NORMA-634,278
47,NORMA-18672,279
47,NORMA-21382,280
47,NORMA-974,281
47,NORMA-11025,282
47,NORMA-2388,283
47,NORMA-4500,284
47,NORMA-211,285
47,NORMA-2387,286
47,NORMA-11864,287
47,NORMA-11525,288
47,NORMA-1283,289
47,NORMA-567,290
47,NORMA-1263,291
47,NORMA-60,292
47,NORMA-11505,293
47,NORMA-4717,294
47,NORMA-2099,295
47,NORMA-913,296
47,NORMA-19674,297
47,NORMA-4219,298
47,NORMA-12292,299
47,NORMA-11901,300
47,NORMA-19916,301
47,NORMA-72,302
47,NORMA-2188,303
47,NORMA-3382,304
47,NORMA-15050,305
47,NORMA-250,306
47,NORMA-23564,307
47,NORMA-655,308
47,NORMA-18976,309
47,NORMA-969,310
47,NORMA-4792,311
47,NORMA-12052,312
47,NORMA-2517,313
47,NORMA-10931,314
47,NORMA-14556,315
47,NORMA-1658,316
47,NORMA-2183,317
47,NORMA-19485,318
47,NORMA-12165,319
47,NORMA-12013,320
47,NORMA-20851,321
47,NORMA-252,322
47,NORMA-18376,323
47,NORMA-19701,324
47,NORMA-2161,325
47,NORMA-12717,326
47,NORMA-10330,327
47,NORMA-760,328
47,NORMA-570,329
47,NORMA-2056,330
47,NORMA-2559,331
47,NORMA-10118,332
47,NORMA-21248,333
47,NORMA-595,334
47,NORMA-1727,335
47,NORMA-3980,336
47,NORMA-11764,337
47,NORMA-18773,338
47,NORMA-2399,339
47,NORMA-1164,340
47,NORMA-15134,341
47,NORMA-16522,342
47,NORMA-17481,343
47,NORMA-19373,344
47,NORMA-11689,345
47,NORMA-11175,346
47,NORMA-1648,347
47,NORMA-219,348
47,NORMA-6967,349
47,NORMA-1353,350
47,NORMA-12015,351
47,NORMA-1475,352
47,NORMA-7103,353
47,NORMA-8152,354
47,NORMA-1296,355
47,NORMA-2589,356
47,NORMA-6645,357
47,NORMA-10515,358
47,NORMA-1516,359
47,NORMA-6670,360
47,NORMA-7097,361
47,NORMA-16023,362
47,NORMA-20215,363
47,NORMA-12741,364
47,NORMA-61,365
47,NORMA-1211,366
47,NORMA-11609,367
47,NORMA-15603,368
47,NORMA-14587,369
47,NORMA-1391,370
47,NORMA-5886,371
47,NORMA-2046,372
47,NORMA-5170,373
47,NORMA-19230,374
47,NORMA-9135,375
47,NORMA-21725,376
47,NORMA-11479,377
47,NORMA-1740,378
47,NORMA-10519,379
47,NORMA-248,380
47,NORMA-11475,381
47,NORMA-2092,382
47,NORMA-6166,383
47,NORMA-14432,384
47,NORMA-4634,385
47,NORMA-12107,386
47,NORMA-9681,387
47,NORMA-18876,388
47,NORMA-19647,389
47,NORMA-835,390
47,NORMA-19462,391
47,NORMA-14971,392
47,NORMA-5381,393
47,NORMA-21195,394
47,NORMA-18353,395
47,NORMA-2603,396
47,NORMA-850,397
47,NORMA-10518,398
47,NORMA-4924,399
47,NORMA-12101,400
47,NORMA-10859,401
47,NORMA-12618,402
47,NORMA-21206,403
47,NORMA-19507,404
47,NORMA-4275,405
47,NORMA-474,406
47,NORMA-11024,407
47,NORMA-1452,408
47,NORMA-9528,409
47,NORMA-2276,410
47,NORMA-3779,411
47,NORMA-12227,412
47,NORMA-6082,413
47,NORMA-7021,414
47,NORMA-8881,415
47,NORMA-53,416
47,NORMA-1170,417
47,NORMA-2362,418
47,NORMA-10235,419
47,NORMA-19552,420
47,NORMA-11792,421
47,NORMA-21079,422
47,NORMA-11790,423
47,NORMA-985,424
47,NORMA-1415,425
47,NORMA-631,426
47,NORMA-2395,427
47,NORMA-4424,428
47,NORMA-8758,429
47,NORMA-10219,430
47,NORMA-3579,431
47,NORMA-27227,432
47,NORMA-13939,433
47,NORMA-1463,434
47,NORMA-9067,435
47,NORMA-11859,436
47,NORMA-7898,437
47,NORMA-1693,438
47,NORMA-11999,439
47,NORMA-12972,440
47,NORMA-1313,441
47,NORMA-27242,442
47,NORMA-2022,443
47,NORMA-11417,444
47,NORMA-20358,445
47,NORMA-14777,446
47,NORMA-1502,447
47,NORMA-9745,448
47,NORMA-18248,449
47,NORMA-12088,450
47,NORMA-15308,451
47,NORMA-1426,452
47,NORMA-19417,453
47,NORMA-12771,454
47,NORMA-4259,455
47,NORMA-12235,456
47,NORMA-11868,457
47,NORMA-2091,458
47,NORMA-11780,459
47,NORMA-2537,460
47,NORMA-10513,461
47,NORMA-20700,462
47,NORMA-7102,463
47,NORMA-19327,464
47,NORMA-3001,465
47,NORMA-14557,466
47,NORMA-12192,467
47,NORMA-12442,468
47,NORMA-13931,469
47,NORMA-18206,470
47,NORMA-11134,471
47,NORMA-416,472
47,NORMA-14405,473
47,NORMA-428,474
47,NORMA-19057,475
47,NORMA-11031,476
47,NORMA-11469,477
47,NORMA-281,478
47,NORMA-26,479
47,NORMA-1541,480
47,NORMA-14279,481
47,NORMA-21430,482
47,NORMA-13569,483
47,NORMA-1666,484
47,NORMA-12179,485
47,NORMA-9252,486
47,NORMA-120,487
47,NORMA-412,488
47,NORMA-1705,489
47,NORMA-2389,490
47,NORMA-9823,491
47,NORMA-11763,492
47,NORMA-1654,493
47,NORMA-9765,494
47,NORMA-13711,495
47,NORMA-9224,496
47,NORMA-2100,497
47,NORMA-6505,498
47,NORMA-6521,499
47,NORMA-819,500
47,NORMA-995,501
47,NORMA-19524,502
47,NORMA-10736,503
47,NORMA-18432,504
47,NORMA-766,505
47,NORMA-17182,506
47,NORMA-9351,507
47,NORMA-1980,508
47,NORMA-12172,509
47,NORMA-20897,510
47,NORMA-11513,511
47,NORMA-10590,512
47,NORMA-12009,513
47,NORMA-10612,514
47,NORMA-11902,515
47,NORMA-12975,516
47,NORMA-1990,517
47,NORMA-11920,518
47,NORMA-10512,519
47,NORMA-19362,520
47,NORMA-13799,521
47,NORMA-7980,522
47,NORMA-11292,523
47,NORMA-20468,524
47,NORMA-4830,525
47,NORMA-11684,526
47,NORMA-11406,527
47,NORMA-1840,528
47,NORMA-2495,529
47,NORMA-12236,530
47,NORMA-3979,531
47,NORMA-1723,532
47,NORMA-2014,533
47,NORMA-12969,534
47,NORMA-1701,535
47,NORMA-1315,536
47,NORMA-9578,537
47,NORMA-10233,538
47,NORMA-12002,539
47,NORMA-10262,540
47,NORMA-1289,541
47,NORMA-704,542
47,NORMA-13333,543
47,NORMA-10292,544
47,NORMA-675,545
47,NORMA-10251,546
47,NORMA-1515,547
47,NORMA-10673,548
47,NORMA-9604,549
47,NORMA-2177,550
47,NORMA-7897,551
47,NORMA-14501,552
47,NORMA-28181,553
47,NORMA-10261,554
47,NORMA-10786,555
47,NORMA-1288,556
47,NORMA-664,557
47,NORMA-1573,558
47,NORMA-20086,559
47,NORMA-12199,560
47,NORMA-4631,561
47,NORMA-10414,562
47,NORMA-9278,563
47,NORMA-515,564
47,NORMA-1026,565
47,NORMA-231,566
47,NORMA-2649,567
47,NORMA-10869,568
47,NORMA-12169,569
47,NORMA-27226,570
47,NORMA-12583,571
47,NORMA-10347,572
47,NORMA-1092,573
47,NORMA-12816,574
47,NORMA-12328,575
47,NORMA-2478,576
47,NORMA-7665,577
47,NORMA-205,578
47,NORMA-12906,579
47,NORMA-12232,580
47,NORMA-2579,581
47,NORMA-1188,582
47,NORMA-2093,583
47,NORMA-755,584
47,NORMA-12815,585
47,NORMA-2033,586
47,NORMA-5536,587
47,NORMA-11797,588
47,NORMA-552,589
47,NORMA-11245,590
47,NORMA-736,591
47,NORMA-8222,592
47,NORMA-15213,593
47,NORMA-10745,594
47,NORMA-12005,595
47,NORMA-4353,596
47,NORMA-11560,597
47,NORMA-2691,598
47,NORMA-7807,599
47,NORMA-10758,600
47,NORMA-12862,601
47,NORMA-13688,602
47,NORMA-6769,603
47,NORMA-2059,604
47,NORMA-970,605
47,NORMA-8095,606
47,NORMA-1994,607
47,NORMA-10616,608
47,NORMA-13924,609
47,NORMA-10884,610
47,NORMA-11866,611
47,NORMA-1030,612
47,NORMA-20973,613
47,NORMA-11298,614
47,NORMA-11706,615
47,NORMA-6716,616
47,NORMA-10067,617
47,NORMA-10534,618
47,NORMA-2550,619
47,NORMA-7651,620
47,NORMA-7979,621
47,NORMA-222,622
47,NORMA-4818,623
47,NORMA-54,624
47,NORMA-11605,625
47,NORMA-18858,626
47,NORMA-9348,627
47,NORMA-11916,628
47,NORMA-8575,629
47,NORMA-1206,630
47,NORMA-11997,631
47,NORMA-12850,632
47,NORMA-12778,633
47,NORMA-2067,634
47,NORMA-2207,635
47,NORMA-1446,636
47,NORMA-581,637
47,NORMA-12030,638
47,NORMA-11240,639
47,NORMA-92,640
47,NORMA-15169,641
47,NORMA-10196,642
47,NORMA-2500,643
47,NORMA-8605,644
47,NORMA-14555,645
47,NORMA-1702,646
47,NORMA-21305,647
47,NORMA-10618,648
47,NORMA-6171,649
47,NORMA-10830,650
47,NORMA-3381,651
47,NORMA-20857,652
47,NORMA-12010,653
47,NORMA-15521,654
47,NORMA-475,655
47,NORMA-10048,656
47,NORMA-6509,657
47,NORMA-12184,658
47,NORMA-12035,659
47,NORMA-11855,660
47,NORMA-11804,661
47,NORMA-14950,662
47,NORMA-18970,663
47,NORMA-13780,664
47,NORMA-919,665
47,NORMA-816,666
47,NORMA-1720,667
47,NORMA-12228,668
47,NORMA-11670,669
47,NORMA-6977,670
47,NORMA-18548,671
47,NORMA-14255,672
47,NORMA-11575,673
47,NORMA-22683,674
47,NORMA-11718,675
47,NORMA-7811,676
47,NORMA-11502,677
47,NORMA-7902,678
47,NORMA-12092,679
47,NORMA-7545,680
47,NORMA-6785,681
47,NORMA-674,682
47,NORMA-2176,683
47,NORMA-6326,684
47,NORMA-11494,685
47,NORMA-2057,686
47,NORMA-13365,687
47,NORMA-1694,688
47,NORMA-21025,689
47,NORMA-11865,690
47,NORMA-15205,691
47,NORMA-14577,692
47,NORMA-6314,693
47,NORMA-11604,694
47,NORMA-11606,695
47,NORMA-984,696
47,NORMA-19390,697
47,NORMA-554,698
47,NORMA-1619,699
47,NORMA-4124,700
47,NORMA-19376,701
47,NORMA-12189,702
47,NORMA-3735,703
47,NORMA-4412,704
47,NORMA-1192,705
47,NORMA-11537,706
47,NORMA-13742,707
47,NORMA-13684,708
47,NORMA-10046,709
47,NORMA-18350,710
47,NORMA-7813,711
47,NORMA-13361,712
47,NORMA-20867,713
47,NORMA-11322,714
47,NORMA-1988,715
47,NORMA-4016,716
47,NORMA-217,717
47,NORMA-8994,718
47,NORMA-4423,719
47,NORMA-10733,720
47,NORMA-13293,721
47,NORMA-11028,722
47,NORMA-9988,723
47,NORMA-12170,724
47,NORMA-6725,725
47,NORMA-8340,726
47,NORMA-253,727
47,NORMA-2016,728
47,NORMA-2009,729
47,NORMA-1277,730
47,NORMA-7401,731
47,NORMA-11521,732
47,NORMA-11631,733
47,NORMA-11663,734
47,NORMA-14713,735
47,NORMA-9677,736
47,NORMA-1545,737
47,NORMA-2143,738
47,NORMA-6997,739
47,NORMA-10420,740
47,NORMA-10232,741
47,NORMA-7548,742
47,NORMA-13398,743
47,NORMA-662,744
47,NORMA-781,745
47,NORMA-20800,746
47,NORMA-18815,747
47,NORMA-2269,748
47,NORMA-11187,749
47,NORMA-2171,750
47,NORMA-4204,751
47,NORMA-15341,752
47,NORMA-9645,753
47,NORMA-1471,754
47,NORMA-7886,755
47,NORMA-2083,756
47,NORMA-6291,757
47,NORMA-6955,758
47,NORMA-2185,759
47,NORMA-14614,760
47,NORMA-1033,761
47,NORMA-6366,762
47,NORMA-8541,763
47,NORMA-11279,764
47,NORMA-25201,765
47,NORMA-1983,766
47,NORMA-483,767
47,NORMA-27401,768
47,NORMA-9813,769
47,NORMA-12125,770
47,NORMA-13525,771
47,NORMA-14551,772
47,NORMA-8281,773
47,NORMA-9333,774
47,NORMA-12483,775
47,NORMA-12329,776
47,NORMA-501,777
47,NORMA-16444,778
47,NORMA-10372,779
47,NORMA-9483,780
47,NORMA-871,781
47,NORMA-11517,782
47,NORMA-684,783
47,NORMA-1374,784
47,NORMA-13668,785
47,NORMA-11791,786
47,NORMA-12994,787
47,NORMA-18811,788
47,NORMA-11607,789
47,NORMA-11926,790
47,NORMA-10097,791
47,NORMA-8490,792
47,NORMA-8735,793
47,NORMA-1013,794
47,NORMA-14340,795
47,NORMA-12072,796
47,NORMA-607,797
47,NORMA-10790,798
47,NORMA-10846,799
47,NORMA-9903,800
47,NORMA-12020,801
47,NORMA-15901,802
47,NORMA-9938,803
47,NORMA-10517,804
47,NORMA-10226,805
47,NORMA-780,806
47,NORMA-7870,807
47,NORMA-19896,808
47,NORMA-21070,809
47,NORMA-2473,810
47,NORMA-10335,811
47,NORMA-5719,812
47,NORMA-2377,813
47,NORMA-11569,814
47,NORMA-1035,815
47,NORMA-10395,816
47,NORMA-12027,817
47,NORMA-6867,818
47,NORMA-2484,819
47,NORMA-4909,820
47,NORMA-11520,821
47,NORMA-13886,822
47,NORMA-8898,823
47,NORMA-11017,824
47,NORMA-11457,825
47,NORMA-16202,826
47,NORMA-10457,827
47,NORMA-12884,828
47,NORMA-10764,829
47,NORMA-14967,830
47,NORMA-11318,831
47,NORMA-10099,832
47,NORMA-15195,833
47,NORMA-9356,834
47,NORMA-12043,835
47,NORMA-1556,836
47,NORMA-10027,837
47,NORMA-12919,838
47,NORMA-249,839
47,NORMA-10415,840
47,NORMA-1851,841
47,NORMA-11056,842
47,NORMA-10338,843
47,NORMA-11038,844
47,NORMA-11922,845
47,NORMA-7967,846
47,NORMA-15259,847
47,NORMA-7984,848
47,NORMA-10574,849
47,NORMA-2414,850
47,NORMA-11565,851
47,NORMA-11961,852
47,NORMA-21202,853
47,NORMA-28961,854
47,NORMA-14936,855
47,NORMA-10638,856
47,NORMA-12903,857
47,NORMA-11712,858
47,NORMA-11562,859
47,NORMA-4138,860
47,NORMA-12248,861
47,NORMA-21775,862
47,NORMA-11874,863
47,NORMA-9678,864
47,NORMA-798,865
47,NORMA-11806,866
47,NORMA-7701,867
47,NORMA-6726,868
47,NORMA-1100,869
47,NORMA-18237,870
47,NORMA-8624,871
47,NORMA-14776,872
47,NORMA-12445,873
47,NORMA-11205,874
47,NORMA-2076,875
47,NORMA-2554,876
47,NORMA-9991,877
47,NORMA-19039,878
47,NORMA-13240,879
47,NORMA-1565,880
47,NORMA-10892,881
47,NORMA-10416,882
47,NORMA-4420,883
47,NORMA-18492,884
47,NORMA-10753,885
47,NORMA-11599,886
47,NORMA-13669,887
47,NORMA-1388,888
47,NORMA-576,889
47,NORMA-4425,890
47,NORMA-8274,891
47,NORMA-10708,892
47,NORMA-13556,893
47,NORMA-1620,894
47,NORMA-19637,895
47,NORMA-11816,896
47,NORMA-10739,897
47,NORMA-12049,898
47,NORMA-12253,899
47,NORMA-21173,900
47,NORMA-11904,901
47,NORMA-14912,902
47,NORMA-9975,903
47,NORMA-712,904
47,NORMA-2181,905
47,NORMA-14984,906
47,NORMA-12993,907
47,NORMA-3730,908
47,NORMA-13195,909
47,NORMA-13147,910
47,NORMA-14958,911
47,NORMA-1578,912
47,NORMA-13294,913
47,NORMA-21644,914
47,NORMA-11550,915
47,NORMA-21468,916
47,NORMA-5410,917
47,NORMA-11234,918
47,NORMA-1252,919
47,NORMA-5225,920
47,NORMA-3967,921
47,NORMA-11059,922
47,NORMA-24,923
47,NORMA-10250,924
47,NORMA-1222,925
47,NORMA-8856,926
47,NORMA-6791,927
47,NORMA-18764,928
47,NORMA-11556,929
47,NORMA-2068,930
47,NORMA-8343,931
47,NORMA-417,932
47,NORMA-11030,933
47,NORMA-1207,934
47,NORMA-4136,935
47,NORMA-15701,936
47,NORMA-751,937
47,NORMA-14902,938
47,NORMA-8532,939
47,NORMA-1606,940
47,NORMA-14608,941
47,NORMA-10697,942
47,NORMA-6240,943
47,NORMA-10645,944
47,NORMA-6792,945
47,NORMA-4466,946
47,NORMA-24683,947
47,NORMA-11503,948
47,NORMA-11758,949
47,NORMA-6979,950
47,NORMA-11798,951
47,NORMA-2530,952
47,NORMA-6796,953
47,NORMA-14342,954
47,NORMA-2461,955
47,NORMA-8657,956
47,NORMA-7534,957
47,NORMA-1044,958
47,NORMA-1667,959
47,NORMA-3619,960
47,NORMA-3666,961
47,NORMA-7389,962
47,NORMA-11770,963
47,NORMA-9124,964
47,NORMA-11511,965
47,NORMA-18955,966
47,NORMA-12171,967
47,NORMA-13229,968
47,NORMA-6779,969
47,NORMA-206,970
47,NORMA-972,971
47,NORMA-314,972
47,NORMA-6793,973
47,NORMA-745,974
47,NORMA-6525,975
47,NORMA-18319,976
47,NORMA-15359,977
47,NORMA-11805,978
47,NORMA-11225,979
47,NORMA-6045,980
47,NORMA-5035,981
47,NORMA-10418,982
47,NORMA-11399,983
47,NORMA-18224,984
47,NORMA-11284,985
47,NORMA-11710,986
47,NORMA-1410,987
47,NORMA-9879,988
47,NORMA-10477,989
47,NORMA-10718,990
47,NORMA-7214,991
47,NORMA-1412,992
47,NORMA-13637,993
47,NORMA-10731,994
47,NORMA-11621,995
47,NORMA-11708,996
47,NORMA-18681,997
47,NORMA-2189,998
47,NORMA-12600,999
47,NORMA-463,1000
48,NORMA-19786,1
48,NORMA-20140,2
48,NORMA-23222,3
48,NORMA-20812,4
48,NORMA-1846,5
48,NORMA-21583,6
48,NORMA-18732,7
48,NORMA-15060,8
48,NORMA-18747,9
48,NORMA-6655,10
48,NORMA-21744,11
48,NORMA-21729,12
48,NORMA-20201,13
48,NORMA-883,14
48,NORMA-20199,15
48,NORMA-13696,16
48,NORMA-19105,17
48,NORMA-18227,18
48,NORMA-20797,19
48,NORMA-19337,20
48,NORMA-18221,21
48,NORMA-27001,22
48,NORMA-21721,23
48,NORMA-21631,24
48,NORMA-18989,25
48,NORMA-21261,26
48,NORMA-20994,27
48,NORMA-1578,28
48,NORMA-19190,29
48,NORMA-18839,30
48,NORMA-21541,31
48,NORMA-18669,32
48,NORMA-1608,33
48,NORMA-21140,34
48,NORMA-19968,35
48,NORMA-19798,36
48,NORMA-13545,37
48,NORMA-13791,38
48,NORMA-21648,39
48,NORMA-8931,40
48,NORMA-10267,41
48,NORMA-21264,42
48,NORMA-19624,43
48,NORMA-11454,44
48,NORMA-6676,45
48,NORMA-20190,46
48,NORMA-18280,47
48,NORMA-20745,48
48,NORMA-18815,49
48,NORMA-21274,50
48,NORMA-21273,51
48,NORMA-21220,52
48,NORMA-20421,53
48,NORMA-6677,54
48,NORMA-20028,55
48,NORMA-19426,56
48,NORMA-20521,57
48,NORMA-18631,58
48,NORMA-20969,59
48,NORMA-21420,60
48,NORMA-19444,61
48,NORMA-20402,62
48,NORMA-19128,63
48,NORMA-13094,64
48,NORMA-19634,65
48,NORMA-19205,66
48,NORMA-21409,67
48,NORMA-20397,68
48,NORMA-819,69
48,NORMA-21131,70
48,NORMA-21695,71
48,NORMA-20708,72
48,NORMA-13174,73
48,NORMA-19675,74
48,NORMA-19442,75
48,NORMA-19703,76
48,NORMA-19164,77
48,NORMA-18992,78
48,NORMA-12706,79
48,NORMA-7095,80
48,NORMA-689,81
48,NORMA-18748,82
48,NORMA-20583,83
48,NORMA-11605,84
48,NORMA-18691,85
48,NORMA-13514,86
48,NORMA-18730,87
48,NORMA-20200,88
48,NORMA-19684,89
48,NORMA-12965,90
48,NORMA-18681,91
48,NORMA-1388,92
48,NORMA-20198,93
48,NORMA-20709,94
48,NORMA-20813,95
48,NORMA-20841,96
48,NORMA-19799,97
48,NORMA-21450,98
48,NORMA-20432,99
48,NORMA-1348,100
48,NORMA-18201,101
48,NORMA-21245,102
48,NORMA-19249,103
48,NORMA-265,104
48,NORMA-21026,105
48,NORMA-20921,106
48,NORMA-20993,107
48,NORMA-20865,108
48,NORMA-15071,109
48,NORMA-20807,110
48,NORMA-19646,111
48,NORMA-20499,112
48,NORMA-28703,113
48,NORMA-3503,114
48,NORMA-18248,115
48,NORMA-21000,116
48,NORMA-20762,117
48,NORMA-19879,118
48,NORMA-6710,119
48,NORMA-11607,120
48,NORMA-18685,121
48,NORMA-18922,122
48,NORMA-22101,123
48,NORMA-15039,124
48,NORMA-12437,125
48,NORMA-21225,126
48,NORMA-21301,127
48,NORMA-3342,128
48,NORMA-6395,129
48,NORMA-13111,130
48,NORMA-20202,131
48,NORMA-19933,132
48,NORMA-21791,133
48,NORMA-13990,134
48,NORMA-20135,135
48,NORMA-18906,136
48,NORMA-11093,137
48,NORMA-18583,138
48,NORMA-31903,139
48,NORMA-20849,140
48,NORMA-21069,141
48,NORMA-20700,142
48,NORMA-28663,143
48,NORMA-20291,144
48,NORMA-20034,145
48,NORMA-21474,146
48,NORMA-18404,147
48,NORMA-19542,148
48,NORMA-20776,149
48,NORMA-19733,150
48,NORMA-12338,151
48,NORMA-19231,152
48,NORMA-4767,153
48,NORMA-14779,154
48,NORMA-20582,155
48,NORMA-19011,156
48,NORMA-23965,157
48,NORMA-8261,158
48,NORMA-20717,159
48,NORMA-9802,160
48,NORMA-14035,161
48,NORMA-20892,162
48,NORMA-15050,163
48,NORMA-18647,164
48,NORMA-20429,165
48,NORMA-20966,166
48,NORMA-14390,167
48,NORMA-19571,168
48,NORMA-20988,169
48,NORMA-21431,170
48,NORMA-21630,171
48,NORMA-18527,172
48,NORMA-11687,173
48,NORMA-6782,174
48,NORMA-13097,175
48,NORMA-21470,176
48,NORMA-616,177
48,NORMA-20852,178
48,NORMA-27341,179
48,NORMA-20714,180
48,NORMA-17001,181
48,NORMA-14967,182
48,NORMA-12245,183
48,NORMA-19536,184
48,NORMA-21407,185
48,NORMA-21324,186
48,NORMA-21443,187
48,NORMA-20888,188
48,NORMA-18587,189
48,NORMA-4954,190
48,NORMA-21393,191
48,NORMA-18591,192
48,NORMA-13510,193
48,NORMA-21537,194
48,NORMA-21770,195
48,NORMA-16443,196
48,NORMA-20398,197
48,NORMA-21610,198
48,NORMA-20139,199
48,NORMA-19025,200
48,NORMA-2483,201
48,NORMA-20778,202
48,NORMA-19343,203
48,NORMA-21309,204
48,NORMA-20620,205
48,NORMA-18683,206
48,NORMA-19408,207
48,NORMA-11144,208
48,NORMA-4492,209
48,NORMA-20936,210
48,NORMA-12029,211
48,NORMA-20376,212
48,NORMA-18695,213
48,NORMA-21400,214
48,NORMA-21135,215
48,NORMA-361,216
48,NORMA-6316,217
48,NORMA-21523,218
48,NORMA-23441,219
48,NORMA-231,220
48,NORMA-16442,221
48,NORMA-19724,222
48,NORMA-18264,223
48,NORMA-21774,224
48,NORMA-19475,225
48,NORMA-19948,226
48,NORMA-21305,227
48,NORMA-19639,228
48,NORMA-10461,229
48,NORMA-19034,230
48,NORMA-21361,231
48,NORMA-2386,232
48,NORMA-12038,233
48,NORMA-20647,234
48,NORMA-13802,235
48,NORMA-21717,236
48,NORMA-20382,237
48,NORMA-18646,238
48,NORMA-8643,239
48,NORMA-20970,240
48,NORMA-18386,241
48,NORMA-8100,242
48,NORMA-21412,243
48,NORMA-21012,244
48,NORMA-16441,245
48,NORMA-21756,246
48,NORMA-21503,247
48,NORMA-5406,248
48,NORMA-19727,249
48,NORMA-7196,250
48,NORMA-18702,251
48,NORMA-19730,252
48,NORMA-18769,253
48,NORMA-6630,254
48,NORMA-29261,255
48,NORMA-6181,256
48,NORMA-18586,257
48,NORMA-13556,258
48,NORMA-14615,259
48,NORMA-20046,260
48,NORMA-10309,261
48,NORMA-20369,262
48,NORMA-13222,263
48,NORMA-19308,264
48,NORMA-33288,265
48,NORMA-21283,266
48,NORMA-20332,267
48,NORMA-20487,268
48,NORMA-27044,269
48,NORMA-11814,270
48,NORMA-14904,271
48,NORMA-20705,272
48,NORMA-20556,273
48,NORMA-5136,274
48,NORMA-25041,275
48,NORMA-19837,276
48,NORMA-22281,277
48,NORMA-21637,278
48,NORMA-19640,279
48,NORMA-21344,280
48,NORMA-21459,281
48,NORMA-19630,282
48,NORMA-10747,283
48,NORMA-20876,284
48,NORMA-19303,285
48,NORMA-21544,286
48,NORMA-18750,287
48,NORMA-12986,288
48,NORMA-3985,289
48,NORMA-19509,290
48,NORMA-15251,291
48,NORMA-20049,292
48,NORMA-19650,293
48,NORMA-24361,294
48,NORMA-9223,295
48,NORMA-21719,296
48,NORMA-1776,297
48,NORMA-18286,298
48,NORMA-5251,299
48,NORMA-9234,300
48,NORMA-21208,301
48,NORMA-20444,302
48,NORMA-18380,303
48,NORMA-21034,304
48,NORMA-20237,305
48,NORMA-317,306
48,NORMA-10846,307
48,NORMA-18958,308
48,NORMA-20480,309
48,NORMA-19664,310
48,NORMA-36,311
48,NORMA-20316,312
48,NORMA-18529,313
48,NORMA-18678,314
48,NORMA-20366,315
48,NORMA-4277,316
48,NORMA-20616,317
48,NORMA-1092,318
48,NORMA-27502,319
48,NORMA-6967,320
48,NORMA-21128,321
48,NORMA-7110,322
48,NORMA-18360,323
48,NORMA-18746,324
48,NORMA-6145,325
48,NORMA-20490,326
48,NORMA-4035,327
48,NORMA-555,328
48,NORMA-18225,329
48,NORMA-18753,330
48,NORMA-18722,331
48,NORMA-21491,332
48,NORMA-20356,333
48,NORMA-5626,334
48,NORMA-10422,335
48,NORMA-20248,336
48,NORMA-9467,337
48,NORMA-20580,338
48,NORMA-19645,339
48,NORMA-1965,340
48,NORMA-2091,341
48,NORMA-6164,342
48,NORMA-18548,343
48,NORMA-20249,344
48,NORMA-18299,345
48,NORMA-20569,346
48,NORMA-18553,347
48,NORMA-9803,348
48,NORMA-21674,349
48,NORMA-19597,350
48,NORMA-14345,351
48,NORMA-27550,352
48,NORMA-6851,353
48,NORMA-1366,354
48,NORMA-19399,355
48,NORMA-10326,356
48,NORMA-18434,357
48,NORMA-18967,358
48,NORMA-5526,359
48,NORMA-7307,360
48,NORMA-21554,361
48,NORMA-20208,362
48,NORMA-21019,363
48,NORMA-20191,364
48,NORMA-20188,365
48,NORMA-18962,366
48,NORMA-20448,367
48,NORMA-13715,368
48,NORMA-20468,369
48,NORMA-18659,370
48,NORMA-6399,371
48,NORMA-21750,372
48,NORMA-26701,373
48,NORMA-20388,374
48,NORMA-12375,375
48,NORMA-19225,376
48,NORMA-19679,377
48,NORMA-31905,378
48,NORMA-18396,379
48,NORMA-20209,380
48,NORMA-20503,381
48,NORMA-11286,382
48,NORMA-4634,383
48,NORMA-15197,384
48,NORMA-11844,385
48,NORMA-21454,386
48,NORMA-21438,387
48,NORMA-8580,388
48,NORMA-19386,389
48,NORMA-10476,390
48,NORMA-21391,391
48,NORMA-20869,392
48,NORMA-21013,393
48,NORMA-19998,394
48,NORMA-14261,395
48,NORMA-21472,396
48,NORMA-18270,397
48,NORMA-13229,398
48,NORMA-19422,399
48,NORMA-20971,400
48,NORMA-20646,401
48,NORMA-18774,402
48,NORMA-2660,403
48,NORMA-13866,404
48,NORMA-10553,405
48,NORMA-2375,406
48,NORMA-21619,407
48,NORMA-19605,408
48,NORMA-13627,409
48,NORMA-18526,410
48,NORMA-11780,411
48,NORMA-2519,412
48,NORMA-20476,413
48,NORMA-11850,414
48,NORMA-19204,415
48,NORMA-14510,416
48,NORMA-19925,417
48,NORMA-19059,418
48,NORMA-11999,419
48,NORMA-18429,420
48,NORMA-20167,421
48,NORMA-21158,422
48,NORMA-20452,423
48,NORMA-11632,424
48,NORMA-19275,425
48,NORMA-19023,426
48,NORMA-7494,427
48,NORMA-7760,428
48,NORMA-14618,429
48,NORMA-20477,430
48,NORMA-18729,431
48,NORMA-12048,432
48,NORMA-18377,433
48,NORMA-18979,434
48,NORMA-7223,435
48,NORMA-21410,436
48,NORMA-1718,437
48,NORMA-20072,438
48,NORMA-14551,439
48,NORMA-20893,440
48,NORMA-21369,441
48,NORMA-2495,442
48,NORMA-19553,443
48,NORMA-4560,444
48,NORMA-20609,445
48,NORMA-13009,446
48,NORMA-21567,447
48,NORMA-18444,448
48,NORMA-13659,449
48,NORMA-20896,450
48,NORMA-20368,451
48,NORMA-21526,452
48,NORMA-19012,453
48,NORMA-21456,454
48,NORMA-20631,455
48,NORMA-18823,456
48,NORMA-13797,457
48,NORMA-14742,458
48,NORMA-15321,459
48,NORMA-19246,460
48,NORMA-12347,461
48,NORMA-20927,462
48,NORMA-16461,463
48,NORMA-18973,464
48,NORMA-33308,465
48,NORMA-19351,466
48,NORMA-19016,467
48,NORMA-13158,468
48,NORMA-21071,469
48,NORMA-20225,470
48,NORMA-11249,471
48,NORMA-1613,472
48,NORMA-22723,473
48,NORMA-21079,474
48,NORMA-21231,475
48,NORMA-21742,476
48,NORMA-21605,477
48,NORMA-21659,478
48,NORMA-18859,479
48,NORMA-20859,480
48,NORMA-18800,481
48,NORMA-205,482
48,NORMA-18703,483
48,NORMA-10219,484
48,NORMA-19297,485
48,NORMA-4105,486
48,NORMA-20968,487
48,NORMA-20047,488
48,NORMA-19088,489
48,NORMA-8198,490
48,NORMA-26421,491
48,NORMA-8209,492
48,NORMA-20703,493
48,NORMA-13226,494
48,NORMA-12602,495
48,NORMA-2478,496
48,NORMA-19535,497
48,NORMA-2542,498
48,NORMA-21562,499
48,NORMA-5586,500
48,NORMA-18385,501
48,NORMA-9446,502
48,NORMA-21330,503
48,NORMA-21519,504
48,NORMA-20218,505
48,NORMA-18700,506
48,NORMA-21572,507
48,NORMA-18712,508
48,NORMA-18873,509
48,NORMA-4019,510
48,NORMA-9708,511
48,NORMA-14241,512
48,NORMA-1283,513
48,NORMA-26102,514
48,NORMA-27364,515
48,NORMA-1976,516
48,NORMA-21415,517
48,NORMA-3901,518
48,NORMA-20629,519
48,NORMA-21429,520
48,NORMA-11631,521
48,NORMA-20991,522
48,NORMA-21327,523
48,NORMA-15027,524
48,NORMA-21500,525
48,NORMA-19280,526
48,NORMA-19238,527
48,NORMA-20704,528
48,NORMA-6521,529
48,NORMA-14613,530
48,NORMA-15363,531
48,NORMA-20796,532
48,NORMA-10206,533
48,NORMA-5833,534
48,NORMA-15134,535
48,NORMA-18501,536
48,NORMA-18871,537
48,NORMA-19540,538
48,NORMA-20557,539
48,NORMA-5381,540
48,NORMA-12049,541
48,NORMA-14411,542
48,NORMA-13668,543
48,NORMA-21021,544
48,NORMA-19939,545
48,NORMA-18211,546
48,NORMA-11749,547
48,NORMA-20446,548
48,NORMA-1272,549
48,NORMA-21306,550
48,NORMA-20639,551
48,NORMA-2432,552
48,NORMA-26881,553
48,NORMA-19516,554
48,NORMA-13470,555
48,NORMA-5170,556
48,NORMA-21725,557
48,NORMA-20635,558
48,NORMA-19391,559
48,NORMA-20924,560
48,NORMA-4500,561
48,NORMA-20894,562
48,NORMA-2005,563
48,NORMA-14678,564
48,NORMA-21342,565
48,NORMA-13991,566
48,NORMA-7234,567
48,NORMA-5219,568
48,NORMA-19949,569
48,NORMA-18605,570
48,NORMA-11748,571
48,NORMA-20270,572
48,NORMA-9999,573
48,NORMA-10255,574
48,NORMA-6049,575
48,NORMA-29604,576
48,NORMA-21755,577
48,NORMA-2484,578
48,NORMA-13591,579
48,NORMA-8575,580
48,NORMA-18493,581
48,NORMA-20811,582
48,NORMA-20205,583
48,NORMA-21392,584
48,NORMA-14432,585
48,NORMA-20159,586
48,NORMA-21515,587
48,NORMA-3571,588
48,NORMA-11384,589
48,NORMA-13918,590
48,NORMA-19683,591
48,NORMA-22801,592
48,NORMA-21669,593
48,NORMA-29121,594
48,NORMA-10152,595
48,NORMA-18806,596
48,NORMA-20780,597
48,NORMA-14746,598
48,NORMA-18490,599
48,NORMA-28841,600
48,NORMA-11848,601
48,NORMA-6749,602
48,NORMA-12805,603
48,NORMA-18513,604
48,NORMA-18801,605
48,NORMA-21194,606
48,NORMA-18789,607
48,NORMA-11974,608
48,NORMA-11442,609
48,NORMA-10878,610
48,NORMA-19340,611
48,NORMA-20447,612
48,NORMA-19864,613
48,NORMA-13903,614
48,NORMA-20302,615
48,NORMA-19596,616
48,NORMA-19480,617
48,NORMA-22401,618
48,NORMA-6442,619
48,NORMA-15012,620
48,NORMA-12767,621
48,NORMA-6062,622
48,NORMA-8762,623
48,NORMA-20805,624
48,NORMA-21417,625
48,NORMA-2414,626
48,NORMA-18432,627
48,NORMA-21633,628
48,NORMA-20138,629
48,NORMA-21767,630
48,NORMA-12560,631
48,NORMA-11665,632
48,NORMA-11505,633
48,NORMA-5210,634
48,NORMA-23081,635
48,NORMA-18339,636
48,NORMA-20203,637
48,NORMA-27942,638
48,NORMA-12325,639
48,NORMA-21449,640
48,NORMA-19581,641
48,NORMA-18359,642
48,NORMA-11754,643
48,NORMA-20501,644
48,NORMA-21312,645
48,NORMA-576,646
48,NORMA-28201,647
48,NORMA-5372,648
48,NORMA-20403,649
48,NORMA-7553,650
48,NORMA-12002,651
48,NORMA-11736,652
48,NORMA-14974,653
48,NORMA-20278,654
48,NORMA-12340,655
48,NORMA-12923,656
48,NORMA-13124,657
48,NORMA-2162,658
48,NORMA-11443,659
48,NORMA-21612,660
48,NORMA-19103,661
48,NORMA-21753,662
48,NORMA-20565,663
48,NORMA-21499,664
48,NORMA-20488,665
48,NORMA-14169,666
48,NORMA-18292,667
48,NORMA-21444,668
48,NORMA-30043,669
48,NORMA-20258,670
48,NORMA-20690,671
48,NORMA-21049,672
48,NORMA-19411,673
48,NORMA-20786,674
48,NORMA-675,675
48,NORMA-25205,676
48,NORMA-27761,677
48,NORMA-4480,678
48,NORMA-4786,679
48,NORMA-21267,680
48,NORMA-9610,681
48,NORMA-20983,682
48,NORMA-26163,683
48,NORMA-18714,684
48,NORMA-19192,685
48,NORMA-20389,686
48,NORMA-15094,687
48,NORMA-14281,688
48,NORMA-14585,689
48,NORMA-18601,690
48,NORMA-11849,691
48,NORMA-16881,692
48,NORMA-19439,693
48,NORMA-19253,694
48,NORMA-20405,695
48,NORMA-21732,696
48,NORMA-13670,697
48,NORMA-5736,698
48,NORMA-20131,699
48,NORMA-24841,700
48,NORMA-21461,701
48,NORMA-18670,702
48,NORMA-20108,703
48,NORMA-14304,704
48,NORMA-18828,705
48,NORMA-11980,706
48,NORMA-18363,707
48,NORMA-9381,708
48,NORMA-3872,709
48,NORMA-27609,710
48,NORMA-27181,711
48,NORMA-10785,712
48,NORMA-13398,713
48,NORMA-5942,714
48,NORMA-1999,715
48,NORMA-28461,716
48,NORMA-4792,717
48,NORMA-15252,718
48,NORMA-18273,719
48,NORMA-21016,720
48,NORMA-20196,721
48,NORMA-19405,722
48,NORMA-21640,723
48,NORMA-10534,724
48,NORMA-18288,725
48,NORMA-19681,726
48,NORMA-18838,727
48,NORMA-19549,728
48,NORMA-19111,729
48,NORMA-18704,730
48,NORMA-20632,731
48,NORMA-19797,732
48,NORMA-10931,733
48,NORMA-21678,734
48,NORMA-11864,735
48,NORMA-20964,736
48,NORMA-19256,737
48,NORMA-14225,738
48,NORMA-19512,739
48,NORMA-15061,740
48,NORMA-6970,741
48,NORMA-19928,742
48,NORMA-1840,743
48,NORMA-18576,744
48,NORMA-20605,745
48,NORMA-17541,746
48,NORMA-18855,747
48,NORMA-13790,748
48,NORMA-8435,749
48,NORMA-18819,750
48,NORMA-19503,751
48,NORMA-6747,752
48,NORMA-19228,753
48,NORMA-11151,754
48,NORMA-19525,755
48,NORMA-21166,756
48,NORMA-2727,757
48,NORMA-20641,758
48,NORMA-20912,759
48,NORMA-18216,760
48,NORMA-13476,761
48,NORMA-18345,762
48,NORMA-8096,763
48,NORMA-18372,764
48,NORMA-13497,765
48,NORMA-14474,766
48,NORMA-18237,767
48,NORMA-20782,768
48,NORMA-15339,769
48,NORMA-12431,770
48,NORMA-2413,771
48,NORMA-14709,772
48,NORMA-19784,773
48,NORMA-20790,774
48,NORMA-19144,775
48,NORMA-21486,776
48,NORMA-15654,777
48,NORMA-314,778
48,NORMA-20945,779
48,NORMA-13897,780
48,NORMA-21205,781
48,NORMA-6379,782
48,NORMA-11828,783
48,NORMA-20880,784
48,NORMA-21487,785
48,NORMA-18466,786
48,NORMA-19119,787
48,NORMA-11580,788
48,NORMA-10821,789
48,NORMA-6226,790
48,NORMA-18709,791
48,NORMA-579,792
48,NORMA-18812,793
48,NORMA-20730,794
48,NORMA-12733,795
48,NORMA-14096,796
48,NORMA-11251,797
48,NORMA-1740,798
48,NORMA-18866,799
48,NORMA-12107,800
48,NORMA-6291,801
48,NORMA-18298,802
48,NORMA-26622,803
48,NORMA-23721,804
48,NORMA-20990,805
48,NORMA-19821,806
48,NORMA-7694,807
48,NORMA-11830,808
48,NORMA-12657,809
48,NORMA-4820,810
48,NORMA-1398,811
48,NORMA-11599,812
48,NORMA-11473,813
48,NORMA-23027,814
48,NORMA-18344,815
48,NORMA-21524,816
48,NORMA-21278,817
48,NORMA-10839,818
48,NORMA-19010,819
48,NORMA-11715,820
48,NORMA-19530,821
48,NORMA-14082,822
48,NORMA-10283,823
48,NORMA-19863,824
48,NORMA-27448,825
48,NORMA-9605,826
48,NORMA-18550,827
48,NORMA-2399,828
48,NORMA-20058,829
48,NORMA-19780,830
48,NORMA-6802,831
48,NORMA-18300,832
48,NORMA-21404,833
48,NORMA-5781,834
48,NORMA-20712,835
48,NORMA-19098,836
48,NORMA-18764,837
48,NORMA-14844,838
48,NORMA-21074,839
48,NORMA-10432,840
48,NORMA-18224,841
48,NORMA-12415,842
48,NORMA-13519,843
48,NORMA-14858,844
48,NORMA-19495,845
48,NORMA-18336,846
48,NORMA-19398,847
48,NORMA-20021,848
48,NORMA-14828,849
48,NORMA-18952,850
48,NORMA-14650,851
48,NORMA-27701,852
48,NORMA-13554,853
48,NORMA-10285,854
48,NORMA-21748,855
48,NORMA-21764,856
48,NORMA-18293,857
48,NORMA-19022,858
48,NORMA-20992,859
48,NORMA-18356,860
48,NORMA-6999,861
48,NORMA-20563,862
48,NORMA-16981,863
48,NORMA-14030,864
48,NORMA-13995,865
48,NORMA-16641,866
48,NORMA-18470,867
48,NORMA-12320,868
48,NORMA-4830,869
48,NORMA-10590,870
48,NORMA-13308,871
48,NORMA-7387,872
48,NORMA-9695,873
48,NORMA-19947,874
48,NORMA-5891,875
48,NORMA-20374,876
48,NORMA-18284,877
48,NORMA-19365,878
48,NORMA-9620,879
48,NORMA-11356,880
48,NORMA-10347,881
48,NORMA-21581,882
48,NORMA-21055,883
48,NORMA-20630,884
48,NORMA-20515,885
48,NORMA-18537,886
48,NORMA-20349,887
48,NORMA-2114,888
48,NORMA-21082,889
48,NORMA-19969,890
48,NORMA-21163,891
48,NORMA-9900,892
48,NORMA-21147,893
48,NORMA-28802,894
48,NORMA-19191,895
48,NORMA-21070,896
48,NORMA-21677,897
48,NORMA-8586,898
48,NORMA-17482,899
48,NORMA-20505,900
48,NORMA-10141,901
48,NORMA-16381,902
48,NORMA-12067,903
48,NORMA-18516,904
48,NORMA-18569,905
48,NORMA-12372,906
48,NORMA-11931,907
48,NORMA-20210,908
48,NORMA-19049,909
48,NORMA-18316,910
48,NORMA-9674,911
48,NORMA-21563,912
48,NORMA-21471,913
48,NORMA-21538,914
48,NORMA-15167,915
48,NORMA-14737,916
48,NORMA-2047,917
48,NORMA-6278,918
48,NORMA-11867,919
48,NORMA-21272,920
48,NORMA-22461,921
48,NORMA-3735,922
48,NORMA-9067,923
48,NORMA-6048,924
48,NORMA-20975,925
48,NORMA-14116,926
48,NORMA-9857,927
48,NORMA-20627,928
48,NORMA-18588,929
48,NORMA-21396,930
48,NORMA-10122,931
48,NORMA-21337,932
48,NORMA-21187,933
48,NORMA-20197,934
48,NORMA-20285,935
48,NORMA-18562,936
48,NORMA-20422,937
48,NORMA-16541,938
48,NORMA-19397,939
48,NORMA-6786,940
48,NORMA-6984,941
48,NORMA-19692,942
48,NORMA-1515,943
48,NORMA-412,944
48,NORMA-18796,945
48,NORMA-15287,946
48,NORMA-19097,947
48,NORMA-19169,948
48,NORMA-27421,949
48,NORMA-9010,950
48,NORMA-21349,951
48,NORMA-27608,952
48,NORMA-8205,953
48,NORMA-9785,954
48,NORMA-21734,955
48,NORMA-16202,956
48,NORMA-1555,957
48,NORMA-6736,958
48,NORMA-11279,959
48,NORMA-18699,960
48,NORMA-23521,961
48,NORMA-11798,962
48,NORMA-14724,963
48,NORMA-19457,964
48,NORMA-20407,965
48,NORMA-4909,966
48,NORMA-20492,967
48,NORMA-6480,968
48,NORMA-20443,969
48,NORMA-21002,970
48,NORMA-6760,971
48,NORMA-21212,972
48,NORMA-18734,973
48,NORMA-12344,974
48,NORMA-9521,975
48,NORMA-18469,976
48,NORMA-21317,977
48,NORMA-18908,978
48,NORMA-8054,979
48,NORMA-17682,980
48,NORMA-16922,981
48,NORMA-6006,982
48,NORMA-20955,983
48,NORMA-6739,984
48,NORMA-21168,985
48,NORMA-11155,986
48,NORMA-11642,987
48,NORMA-8024,988
48,NORMA-16462,989
48,NORMA-12872,990
48,NORMA-14587,991
48,NORMA-27365,992
48,NORMA-2461,993
48,NORMA-20585,994
48,NORMA-21546,995
48,NORMA-18412,996
48,NORMA-19350,997
48,NORMA-18869,998
48,NORMA-19953,999
48,NORMA-20650,1000
49,NORMA-20941,1
49,NORMA-1408,2
49,NORMA-18981,3
49,NORMA-1390,4
49,NORMA-833,5
49,NORMA-464,6
49,NORMA-1332,7
49,NORMA-1346,8
49,NORMA-358,9
49,NORMA-1442,10
49,NORMA-751,11
49,NORMA-736,12
49,NORMA-875,13
49,NORMA-1306,14
49,NORMA-21550,15
49,NORMA-1388,16
49,NORMA-21299,17
49,NORMA-1776,18
49,NORMA-984,19
49,NORMA-996,20
49,NORMA-850,21
49,NORMA-976,22
49,NORMA-20677,23
49,NORMA-385,24
49,NORMA-798,25
49,NORMA-21626,26
49,NORMA-20633,27
49,NORMA-1334,28
49,NORMA-1674,29
49,NORMA-18406,30
49,NORMA-18446,31
49,NORMA-18436,32
49,NORMA-2444,33
49,NORMA-19092,34
49,NORMA-2395,35
49,NORMA-1188,36
49,NORMA-1863,37
49,NORMA-21126,38
49,NORMA-15561,39
49,NORMA-21114,40
49,NORMA-1295,41
49,NORMA-19096,42
49,NORMA-1151,43
49,NORMA-19056,44
49,NORMA-21431,45
49,NORMA-2415,46
49,NORMA-357,47
49,NORMA-328,48
49,NORMA-1129,49
49,NORMA-21664,50
49,NORMA-18798,51
49,NORMA-1398,52
49,NORMA-20865,53
49,NORMA-2554,54
49,NORMA-21081,55
49,NORMA-28203,56
49,NORMA-10375,57
49,NORMA-20850,58
49,NORMA-18301,59
49,NORMA-17221,60
49,NORMA-21792,61
49,NORMA-1144,62
49,NORMA-21739,63
49,NORMA-818,64
49,NORMA-1098,65
49,NORMA-12048,66
49,NORMA-19051,67
49,NORMA-2496,68
49,NORMA-20861,69
49,NORMA-19095,70
49,NORMA-19387,71
49,NORMA-18780,72
49,NORMA-21308,73
49,NORMA-18796,74
49,NORMA-2301,75
49,NORMA-21537,76
49,NORMA-143,77
49,NORMA-3241,78
49,NORMA-20611,79
49,NORMA-18958,80
49,NORMA-18740,81
49,NORMA-1286,82
49,NORMA-20948,83
49,NORMA-11999,84
49,NORMA-2057,85
49,NORMA-19249,86
49,NORMA-21507,87
49,NORMA-11780,88
49,NORMA-20599,89
49,NORMA-2551,90
49,NORMA-1433,91
49,NORMA-18575,92
49,NORMA-4913,93
49,NORMA-21052,94
49,NORMA-19696,95
49,NORMA-1545,96
49,NORMA-12002,97
49,NORMA-1173,98
49,NORMA-19233,99
49,NORMA-1175,100
49,NORMA-1812,101
49,NORMA-21524,102
49,NORMA-20137,103
49,NORMA-28362,104
49,NORMA-11631,105
49,NORMA-1609,106
49,NORMA-1621,107
49,NORMA-19724,108
49,NORMA-2447,109
49,NORMA-12102,110
49,NORMA-21367,111
49,NORMA-76,112
49,NORMA-20800,113
49,NORMA-19209,114
49,NORMA-1788,115
49,NORMA-19170,116
49,NORMA-2558,117
49,NORMA-1171,118
49,NORMA-12039,119
49,NORMA-18844,120
49,NORMA-21326,121
49,NORMA-6256,122
49,NORMA-18222,123
49,NORMA-11766,124
49,NORMA-20914,125
49,NORMA-11571,126
49,NORMA-1720,127
49,NORMA-21427,128
49,NORMA-12005,129
49,NORMA-12049,130
49,NORMA-12006,131
49,NORMA-18359,132
49,NORMA-1667,133
49,NORMA-1147,134
49,NORMA-20220,135
49,NORMA-11572,136
49,NORMA-21113,137
49,NORMA-4910,138
49,NORMA-18492,139
49,NORMA-12234,140
49,NORMA-30663,141
49,NORMA-12014,142
49,NORMA-1315,143
49,NORMA-6630,144
49,NORMA-2456,145
49,NORMA-6181,146
49,NORMA-6967,147
49,NORMA-7027,148
49,NORMA-6316,149
49,NORMA-6970,150
49,NORMA-2531,151
49,NORMA-20918,152
49,NORMA-12160,153
49,NORMA-19140,154
49,NORMA-20793,155
49,NORMA-18603,156
49,NORMA-2421,157
49,NORMA-2188,158
49,NORMA-10233,159
49,NORMA-21025,160
49,NORMA-21147,161
49,NORMA-10514,162
49,NORMA-4077,163
49,NORMA-4274,164
49,NORMA-18859,165
49,NORMA-20625,166
49,NORMA-12165,167
49,NORMA-1217,168
49,NORMA-11790,169
49,NORMA-581,170
49,NORMA-6355,171
49,NORMA-2157,172
49,NORMA-18724,173
49,NORMA-7012,174
49,NORMA-972,175
49,NORMA-4017,176
49,NORMA-1313,177
49,NORMA-28281,178
49,NORMA-12035,179
49,NORMA-18432,180
49,NORMA-20853,181
49,NORMA-553,182
49,NORMA-567,183
49,NORMA-1607,184
49,NORMA-5298,185
49,NORMA-602,186
49,NORMA-20917,187
49,NORMA-21020,188
49,NORMA-5013,189
49,NORMA-19122,190
49,NORMA-21521,191
49,NORMA-6820,192
49,NORMA-19731,193
49,NORMA-18549,194
49,NORMA-3473,195
49,NORMA-20316,196
49,NORMA-24583,197
49,NORMA-2269,198
49,NORMA-3833,199
49,NORMA-19275,200
49,NORMA-1420,201
49,NORMA-21036,202
49,NORMA-2694,203
49,NORMA-18762,204
49,NORMA-20567,205
49,NORMA-21115,206
49,NORMA-1407,207
49,NORMA-837,208
49,NORMA-18325,209
49,NORMA-2522,210
49,NORMA-5594,211
49,NORMA-3524,212
49,NORMA-17301,213
49,NORMA-20595,214
49,NORMA-15542,215
49,NORMA-19305,216
49,NORMA-6627,217
49,NORMA-727,218
49,NORMA-29186,219
49,NORMA-19292,220
49,NORMA-4690,221
49,NORMA-6819,222
49,NORMA-5006,223
49,NORMA-12015,224
49,NORMA-11577,225
49,NORMA-14895,226
49,NORMA-9271,227
49,NORMA-24921,228
49,NORMA-21199,229
49,NORMA-19603,230
49,NORMA-8458,231
49,NORMA-4569,232
49,NORMA-21028,233
49,NORMA-12228,234
49,NORMA-20261,235
49,NORMA-11798,236
49,NORMA-20909,237
49,NORMA-19923,238
49,NORMA-3633,239
49,NORMA-11739,240
49,NORMA-12232,241
49,NORMA-11771,242
49,NORMA-3570,243
49,NORMA-11576,244
49,NORMA-21267,245
49,NORMA-1370,246
49,NORMA-11205,247
49,NORMA-4693,248
49,NORMA-2473,249
49,NORMA-11687,250
49,NORMA-18954,251
49,NORMA-1179,252
49,NORMA-5978,253
49,NORMA-7953,254
49,NORMA-18773,255
49,NORMA-21519,256
49,NORMA-7011,257
49,NORMA-1163,258
49,NORMA-6623,259
49,NORMA-18580,260
49,NORMA-5586,261
49,NORMA-17201,262
49,NORMA-634,263
49,NORMA-19283,264
49,NORMA-11578,265
49,NORMA-7446,266
49,NORMA-5035,267
49,NORMA-10200,268
49,NORMA-995,269
49,NORMA-19676,270
49,NORMA-631,271
49,NORMA-18986,272
49,NORMA-3689,273
49,NORMA-6215,274
49,NORMA-1987,275
49,NORMA-985,276
49,NORMA-19499,277
49,NORMA-10629,278
49,NORMA-18838,279
49,NORMA-21152,280
49,NORMA-3605,281
49,NORMA-7110,282
49,NORMA-20252,283
49,NORMA-19520,284
49,NORMA-13423,285
49,NORMA-18233,286
49,NORMA-5290,287
49,NORMA-3671,288
49,NORMA-9596,289
49,NORMA-28961,290
49,NORMA-4124,291
49,NORMA-680,292
49,NORMA-6235,293
49,NORMA-10878,294
49,NORMA-11792,295
49,NORMA-18382,296
49,NORMA-5103,297
49,NORMA-2162,298
49,NORMA-20985,299
49,NORMA-535,300
49,NORMA-1132,301
49,NORMA-3915,302
49,NORMA-18828,303
49,NORMA-18563,304
49,NORMA-11455,305
49,NORMA-7802,306
49,NORMA-12236,307
49,NORMA-6084,308
49,NORMA-20271,309
49,NORMA-75,310
49,NORMA-21150,311
49,NORMA-20246,312
49,NORMA-20754,313
49,NORMA-11615,314
49,NORMA-4784,315
49,NORMA-21310,316
49,NORMA-4472,317
49,NORMA-6752,318
49,NORMA-5806,319
49,NORMA-4830,320
49,NORMA-19230,321
49,NORMA-5514,322
49,NORMA-15701,323
49,NORMA-9799,324
49,NORMA-4909,325
49,NORMA-21419,326
49,NORMA-6758,327
49,NORMA-20572,328
49,NORMA-4178,329
49,NORMA-20425,330
49,NORMA-19803,331
49,NORMA-20577,332
49,NORMA-4423,333
49,NORMA-6880,334
49,NORMA-11767,335
49,NORMA-19384,336
49,NORMA-11560,337
49,NORMA-21752,338
49,NORMA-21099,339
49,NORMA-5955,340
49,NORMA-11304,341
49,NORMA-970,342
49,NORMA-4694,343
49,NORMA-12060,344
49,NORMA-265,345
49,NORMA-11472,346
49,NORMA-12107,347
49,NORMA-18377,348
49,NORMA-15013,349
49,NORMA-21712,350
49,NORMA-11599,351
49,NORMA-7606,352
49,NORMA-159,353
49,NORMA-13137,354
49,NORMA-11872,355
49,NORMA-11814,356
49,NORMA-1035,357
49,NORMA-2367,358
49,NORMA-1198,359
49,NORMA-2058,360
49,NORMA-10232,361
49,NORMA-72,362
49,NORMA-6000,363
49,NORMA-2432,364
49,NORMA-1143,365
49,NORMA-19551,366
49,NORMA-21437,367
49,NORMA-6957,368
49,NORMA-18797,369
49,NORMA-12202,370
49,NORMA-475,371
49,NORMA-6214,372
49,NORMA-15004,373
49,NORMA-20476,374
49,NORMA-1280,375
49,NORMA-4450,376
49,NORMA-7432,377
49,NORMA-4414,378
49,NORMA-7926,379
49,NORMA-18804,380
49,NORMA-2588,381
49,NORMA-4425,382
49,NORMA-14835,383
49,NORMA-16424,384
49,NORMA-18788,385
49,NORMA-5543,386
49,NORMA-9785,387
49,NORMA-3967,388
49,NORMA-6575,389
49,NORMA-11868,390
49,NORMA-6001,391
49,NORMA-18219,392
49,NORMA-14529,393
49,NORMA-54,394
49,NORMA-20185,395
49,NORMA-4842,396
49,NORMA-11665,397
49,NORMA-4132,398
49,NORMA-13741,399
49,NORMA-6060,400
49,NORMA-5036,401
49,NORMA-2529,402
49,NORMA-5034,403
49,NORMA-12657,404
49,NORMA-5676,405
49,NORMA-1380,406
49,NORMA-11864,407
49,NORMA-6092,408
49,NORMA-22561,409
49,NORMA-1256,410
49,NORMA-6344,411
49,NORMA-20029,412
49,NORMA-8554,413
49,NORMA-21742,414
49,NORMA-9110,415
49,NORMA-10821,416
49,NORMA-11664,417
49,NORMA-729,418
49,NORMA-1137,419
49,NORMA-19805,420
49,NORMA-4300,421
49,NORMA-20047,422
49,NORMA-20873,423
49,NORMA-2018,424
49,NORMA-10044,425
49,NORMA-5475,426
49,NORMA-11473,427
49,NORMA-9345,428
49,NORMA-20403,429
49,NORMA-4756,430
49,NORMA-588,431
49,NORMA-1026,432
49,NORMA-4420,433
49,NORMA-21478,434
49,NORMA-4015,435
49,NORMA-21239,436
49,NORMA-5497,437
49,NORMA-5826,438
49,NORMA-3970,439
49,NORMA-3281,440
49,NORMA-11735,441
49,NORMA-18342,442
49,NORMA-21725,443
49,NORMA-25161,444
49,NORMA-15110,445
49,NORMA-5170,446
49,NORMA-21705,447
49,NORMA-4259,448
49,NORMA-2180,449
49,NORMA-587,450
49,NORMA-2461,451
49,NORMA-19380,452
49,NORMA-18985,453
49,NORMA-31904,454
49,NORMA-19686,455
49,NORMA-1512,456
49,NORMA-4646,457
49,NORMA-2523,458
49,NORMA-21135,459
49,NORMA-19853,460
49,NORMA-11731,461
49,NORMA-18428,462
49,NORMA-11757,463
49,NORMA-26,464
49,NORMA-6877,465
49,NORMA-6183,466
49,NORMA-11474,467
49,NORMA-20505,468
49,NORMA-21228,469
49,NORMA-19152,470
49,NORMA-2567,471
49,NORMA-21504,472
49,NORMA-4513,473
49,NORMA-12029,474
49,NORMA-11614,475
49,NORMA-20726,476
49,NORMA-9018,477
49,NORMA-20953,478
49,NORMA-9298,479
49,NORMA-5398,480
49,NORMA-19701,481
49,NORMA-5541,482
49,NORMA-19488,483
49,NORMA-11528,484
49,NORMA-20557,485
49,NORMA-11612,486
49,NORMA-4294,487
49,NORMA-4073,488
49,NORMA-1337,489
49,NORMA-18334,490
49,NORMA-11853,491
49,NORMA-3648,492
49,NORMA-11758,493
49,NORMA-4180,494
49,NORMA-4793,495
49,NORMA-4686,496
49,NORMA-18806,497
49,NORMA-19849,498
49,NORMA-11714,499
49,NORMA-21246,500
49,NORMA-10309,501
49,NORMA-6813,502
49,NORMA-18291,503
49,NORMA-2519,504
49,NORMA-2014,505
49,NORMA-9670,506
49,NORMA-11769,507
49,NORMA-144,508
49,NORMA-3594,509
49,NORMA-9595,510
49,NORMA-2490,511
49,NORMA-552,512
49,NORMA-12513,513
49,NORMA-3680,514
49,NORMA-4473,515
49,NORMA-6861,516
49,NORMA-11646,517
49,NORMA-12038,518
49,NORMA-6460,519
49,NORMA-19028,520
49,NORMA-217,521
49,NORMA-18630,522
49,NORMA-3716,523
49,NORMA-7942,524
49,NORMA-18692,525
49,NORMA-5410,526
49,NORMA-21328,527
49,NORMA-28981,528
49,NORMA-14738,529
49,NORMA-6631,530
49,NORMA-17182,531
49,NORMA-29763,532
49,NORMA-6144,533
49,NORMA-20258,534
49,NORMA-8225,535
49,NORMA-4313,536
49,NORMA-573,537
49,NORMA-4358,538
49,NORMA-4071,539
49,NORMA-18837,540
49,NORMA-3979,541
49,NORMA-11234,542
49,NORMA-27925,543
49,NORMA-20164,544
49,NORMA-2399,545
49,NORMA-14447,546
49,NORMA-21266,547
49,NORMA-5288,548
49,NORMA-19183,549
49,NORMA-11328,550
49,NORMA-3181,551
49,NORMA-3976,552
49,NORMA-20336,553
49,NORMA-2460,554
49,NORMA-754,555
49,NORMA-92,556
49,NORMA-11558,557
49,NORMA-6348,558
49,NORMA-5051,559
49,NORMA-28781,560
49,NORMA-923,561
49,NORMA-18802,562
49,NORMA-20913,563
49,NORMA-27926,564
49,NORMA-1989,565
49,NORMA-11760,566
49,NORMA-21153,567
49,NORMA-12749,568
49,NORMA-3261,569
49,NORMA-13094,570
49,NORMA-15743,571
49,NORMA-1085,572
49,NORMA-9888,573
49,NORMA-5432,574
49,NORMA-11806,575
49,NORMA-21547,576
49,NORMA-534,577
49,NORMA-21412,578
49,NORMA-4460,579
49,NORMA-2921,580
49,NORMA-13923,581
49,NORMA-3651,582
49,NORMA-969,583
49,NORMA-292,584
49,NORMA-4275,585
49,NORMA-1092,586
49,NORMA-6965,587
49,NORMA-473,588
49,NORMA-6343,589
49,NORMA-18552,590
49,NORMA-4746,591
49,NORMA-3557,592
49,NORMA-5192,593
49,NORMA-1515,594
49,NORMA-23564,595
49,NORMA-838,596
49,NORMA-4072,597
49,NORMA-10119,598
49,NORMA-943,599
49,NORMA-20281,600
49,NORMA-11235,601
49,NORMA-11804,602
49,NORMA-18494,603
49,NORMA-11109,604
49,NORMA-1981,605
49,NORMA-24001,606
49,NORMA-19917,607
49,NORMA-8878,608
49,NORMA-18826,609
49,NORMA-20844,610
49,NORMA-5747,611
49,NORMA-18541,612
49,NORMA-11527,613
49,NORMA-11796,614
49,NORMA-11547,615
49,NORMA-29649,616
49,NORMA-21159,617
49,NORMA-4692,618
49,NORMA-1826,619
49,NORMA-21699,620
49,NORMA-11802,621
49,NORMA-2056,622
49,NORMA-12351,623
49,NORMA-12019,624
49,NORMA-11476,625
49,NORMA-6410,626
49,NORMA-14759,627
49,NORMA-12394,628
49,NORMA-503,629
49,NORMA-18984,630
49,NORMA-18226,631
49,NORMA-3698,632
49,NORMA-21134,633
49,NORMA-5785,634
49,NORMA-2024,635
49,NORMA-20477,636
49,NORMA-11600,637
49,NORMA-2536,638
49,NORMA-9529,639
49,NORMA-18345,640
49,NORMA-14614,641
49,NORMA-9561,642
49,NORMA-1671,643
49,NORMA-1024,644
49,NORMA-20798,645
49,NORMA-12542,646
49,NORMA-29003,647
49,NORMA-477,648
49,NORMA-19200,649
49,NORMA-1549,650
49,NORMA-11598,651
49,NORMA-6656,652
49,NORMA-4090,653
49,NORMA-5626,654
49,NORMA-4691,655
49,NORMA-19299,656
49,NORMA-18434,657
49,NORMA-18537,658
49,NORMA-206,659
49,NORMA-4092,660
49,NORMA-6577,661
49,NORMA-19809,662
49,NORMA-10548,663
49,NORMA-14627,664
49,NORMA-19031,665
49,NORMA-13102,666
49,NORMA-2386,667
49,NORMA-5375,668
49,NORMA-8014,669
49,NORMA-1419,670
49,NORMA-16582,671
49,NORMA-1260,672
49,NORMA-11570,673
49,NORMA-20030,674
49,NORMA-11516,675
49,NORMA-425,676
49,NORMA-18021,677
49,NORMA-19244,678
49,NORMA-22862,679
49,NORMA-16444,680
49,NORMA-19399,681
49,NORMA-3381,682
49,NORMA-20508,683
49,NORMA-3964,684
49,NORMA-6389,685
49,NORMA-8928,686
49,NORMA-4424,687
49,NORMA-2727,688
49,NORMA-20451,689
49,NORMA-20944,690
49,NORMA-11621,691
49,NORMA-5254,692
49,NORMA-11882,693
49,NORMA-3924,694
49,NORMA-18479,695
49,NORMA-19212,696
49,NORMA-6191,697
49,NORMA-21058,698
49,NORMA-19110,699
49,NORMA-18356,700
49,NORMA-19383,701
49,NORMA-18307,702
49,NORMA-2542,703
49,NORMA-1406,704
49,NORMA-20242,705
49,NORMA-8600,706
49,NORMA-11316,707
49,NORMA-20724,708
49,NORMA-18411,709
49,NORMA-6252,710
49,NORMA-18224,711
49,NORMA-778,712
49,NORMA-61,713
49,NORMA-3201,714
49,NORMA-13335,715
49,NORMA-20787,716
49,NORMA-3609,717
49,NORMA-19486,718
49,NORMA-18747,719
49,NORMA-21574,720
49,NORMA-10029,721
49,NORMA-53,722
49,NORMA-5549,723
49,NORMA-124,724
49,NORMA-18273,725
49,NORMA-3382,726
49,NORMA-21046,727
49,NORMA-6248,728
49,NORMA-14742,729
49,NORMA-31923,730
49,NORMA-6721,731
49,NORMA-4069,732
49,NORMA-11920,733
49,NORMA-4914,734
49,NORMA-11667,735
49,NORMA-19189,736
49,NORMA-1988,737
49,NORMA-6519,738
49,NORMA-19081,739
49,NORMA-19111,740
49,NORMA-20732,741
49,NORMA-21753,742
49,NORMA-5868,743
49,NORMA-1353,744
49,NORMA-18306,745
49,NORMA-18292,746
49,NORMA-19220,747
49,NORMA-1535,748
49,NORMA-5816,749
49,NORMA-28142,750
49,NORMA-5258,751
49,NORMA-14499,752
49,NORMA-15128,753
49,NORMA-15882,754
49,NORMA-4917,755
49,NORMA-21518,756
49,NORMA-180,757
49,NORMA-20930,758
49,NORMA-6633,759
49,NORMA-2453,760
49,NORMA-21216,761
49,NORMA-19232,762
49,NORMA-2183,763
49,NORMA-19895,764
49,NORMA-9280,765
49,NORMA-18298,766
49,NORMA-6136,767
49,NORMA-6088,768
49,NORMA-1567,769
49,NORMA-4978,770
49,NORMA-9320,771
49,NORMA-745,772
49,NORMA-19666,773
49,NORMA-19638,774
49,NORMA-18286,775
49,NORMA-27551,776
49,NORMA-968,777
49,NORMA-27601,778
49,NORMA-24961,779
49,NORMA-7015,780
49,NORMA-17481,781
49,NORMA-856,782
49,NORMA-11524,783
49,NORMA-12052,784
49,NORMA-19250,785
49,NORMA-4884,786
49,NORMA-5127,787
49,NORMA-4398,788
49,NORMA-18863,789
49,NORMA-4125,790
49,NORMA-20188,791
49,NORMA-19481,792
49,NORMA-3342,793
49,NORMA-2425,794
49,NORMA-19528,795
49,NORMA-15073,796
49,NORMA-27550,797
49,NORMA-27721,798
49,NORMA-18208,799
49,NORMA-20773,800
49,NORMA-21653,801
49,NORMA-14671,802
49,NORMA-417,803
49,NORMA-5137,804
49,NORMA-12027,805
49,NORMA-13128,806
49,NORMA-20723,807
49,NORMA-12016,808
49,NORMA-19446,809
49,NORMA-21758,810
49,NORMA-11736,811
49,NORMA-618,812
49,NORMA-21611,813
49,NORMA-893,814
49,NORMA-5891,815
49,NORMA-19116,816
49,NORMA-1291,817
49,NORMA-1586,818
49,NORMA-18807,819
49,NORMA-4277,820
49,NORMA-18548,821
49,NORMA-20594,822
49,NORMA-26102,823
49,NORMA-1006,824
49,NORMA-15902,825
49,NORMA-5821,826
49,NORMA-558,827
49,NORMA-19715,828
49,NORMA-6559,829
49,NORMA-18339,830
49,NORMA-5012,831
49,NORMA-20999,832
49,NORMA-20989,833
49,NORMA-12012,834
49,NORMA-4411,835
49,NORMA-766,836
49,NORMA-7622,837
49,NORMA-7628,838
49,NORMA-13474,839
49,NORMA-21671,840
49,NORMA-20624,841
49,NORMA-220,842
49,NORMA-1694,843
49,NORMA-20604,844
49,NORMA-22401,845
49,NORMA-19522,846
49,NORMA-11779,847
49,NORMA-2109,848
49,NORMA-21777,849
49,NORMA-2583,850
49,NORMA-11715,851
49,NORMA-18206,852
49,NORMA-2371,853
49,NORMA-925,854
49,NORMA-18672,855
49,NORMA-12586,856
49,NORMA-20580,857
49,NORMA-6948,858
49,NORMA-2383,859
49,NORMA-5247,860
49,NORMA-20251,861
49,NORMA-27585,862
49,NORMA-28181,863
49,NORMA-607,864
49,NORMA-1009,865
49,NORMA-21790,866
49,NORMA-18394,867
49,NORMA-6847,868
49,NORMA-11566,869
49,NORMA-11791,870
49,NORMA-11686,871
49,NORMA-5493,872
49,NORMA-12020,873
49,NORMA-113,874
49,NORMA-1317,875
49,NORMA-4648,876
49,NORMA-20445,877
49,NORMA-19373,878
49,NORMA-21541,879
49,NORMA-14140,880
49,NORMA-18803,881
49,NORMA-11597,882
49,NORMA-21071,883
49,NORMA-21305,884
49,NORMA-2171,885
49,NORMA-19354,886
49,NORMA-14308,887
49,NORMA-1365,888
49,NORMA-28466,889
49,NORMA-11518,890
49,NORMA-1552,891
49,NORMA-2181,892
49,NORMA-19169,893
49,NORMA-24686,894
49,NORMA-6720,895
49,NORMA-27622,896
49,NORMA-18265,897
49,NORMA-18103,898
49,NORMA-18214,899
49,NORMA-11756,900
49,NORMA-12140,901
49,NORMA-9871,902
49,NORMA-5289,903
49,NORMA-10361,904
49,NORMA-509,905
49,NORMA-23964,906
49,NORMA-2333,907
49,NORMA-11805,908
49,NORMA-5542,909
49,NORMA-12759,910
49,NORMA-9870,911
49,NORMA-11562,912
49,NORMA-11793,913
49,NORMA-11669,914
49,NORMA-1416,915
49,NORMA-16423,916
49,NORMA-4133,917
49,NORMA-1283,918
49,NORMA-11633,919
49,NORMA-13029,920
49,NORMA-11688,921
49,NORMA-21744,922
49,NORMA-10042,923
49,NORMA-6598,924
49,NORMA-741,925
49,NORMA-20706,926
49,NORMA-6579,927
49,NORMA-16681,928
49,NORMA-12354,929
49,NORMA-2691,930
49,NORMA-20579,931
49,NORMA-19521,932
49,NORMA-12009,933
49,NORMA-5166,934
49,NORMA-21522,935
49,NORMA-19824,936
49,NORMA-11469,937
49,NORMA-19523,938
49,NORMA-2066,939
49,NORMA-1030,940
49,NORMA-6366,941
49,NORMA-12046,942
49,NORMA-20749,943
49,NORMA-19293,944
49,NORMA-15581,945
49,NORMA-21414,946
49,NORMA-11854,947
49,NORMA-19637,948
49,NORMA-5681,949
49,NORMA-20483,950
49,NORMA-20871,951
49,NORMA-5932,952
49,NORMA-14206,953
49,NORMA-16147,954
49,NORMA-7745,955
49,NORMA-19587,956
49,NORMA-20686,957
49,NORMA-8552,958
49,NORMA-1541,959
49,NORMA-18539,960
49,NORMA-20208,961
49,NORMA-4912,962
49,NORMA-13667,963
49,NORMA-2035,964
49,NORMA-18364,965
49,NORMA-28342,966
49,NORMA-20289,967
49,NORMA-18542,968
49,NORMA-3673,969
49,NORMA-21023,970
49,NORMA-19213,971
49,NORMA-11632,972
49,NORMA-2104,973
49,NORMA-595,974
49,NORMA-18654,975
49,NORMA-11609,976
49,NORMA-18444,977
49,NORMA-11857,978
49,NORMA-3834,979
49,NORMA-19284,980
49,NORMA-8898,981
49,NORMA-777,982
49,NORMA-18823,983
49,NORMA-82,984
49,NORMA-20906,985
49,NORMA-1840,986
49,NORMA-21471,987
49,NORMA-12303,988
49,NORMA-1603,989
49,NORMA-5255,990
49,NORMA-18430,991
49,NORMA-21657,992
49,NORMA-3814,993
49,NORMA-11574,994
49,NORMA-28243,995
49,NORMA-19554,996
49,NORMA-12246,997
49,NORMA-2207,998
49,NORMA-19677,999
49,NORMA-2032,1000
50,NORMA-21267,1
50,NORMA-20046,2
50,NORMA-818,3
50,NORMA-996,4
50,NORMA-13138,5
50,NORMA-11316,6
50,NORMA-13004,7
50,NORMA-12105,8
50,NORMA-2543,9
50,NORMA-727,10
50,NORMA-21308,11
50,NORMA-28422,12
50,NORMA-18359,13
50,NORMA-357,14
50,NORMA-18222,15
50,NORMA-19205,16
50,NORMA-18631,17
50,NORMA-19209,18
50,NORMA-21631,19
50,NORMA-2020,20
50,NORMA-20994,21
50,NORMA-21648,22
50,NORMA-2269,23
50,NORMA-17201,24
50,NORMA-21474,25
50,NORMA-19111,26
50,NORMA-21256,27
50,NORMA-19968,28
50,NORMA-19634,29
50,NORMA-21413,30
50,NORMA-18985,31
50,NORMA-21744,32
50,NORMA-21524,33
50,NORMA-20934,34
50,NORMA-19703,35
50,NORMA-18303,36
50,NORMA-18981,37
50,NORMA-1671,38
50,NORMA-20139,39
50,NORMA-23222,40
50,NORMA-20976,41
50,NORMA-18720,42
50,NORMA-24961,43
50,NORMA-2496,44
50,NORMA-1026,45
50,NORMA-11557,46
50,NORMA-21443,47
50,NORMA-1996,48
50,NORMA-9822,49
50,NORMA-18958,50
50,NORMA-21085,51
50,NORMA-20691,52
50,NORMA-20705,53
50,NORMA-23501,54
50,NORMA-2395,55
50,NORMA-21103,56
50,NORMA-534,57
50,NORMA-21583,58
50,NORMA-19676,59
50,NORMA-20874,60
50,NORMA-22941,61
50,NORMA-1361,62
50,NORMA-18295,63
50,NORMA-18216,64
50,NORMA-18227,65
50,NORMA-21386,66
50,NORMA-13990,67
50,NORMA-1173,68
50,NORMA-18630,69
50,NORMA-19605,70
50,NORMA-21757,71
50,NORMA-2554,72
50,NORMA-21114,73
50,NORMA-2478,74
50,NORMA-21398,75
50,NORMA-21225,76
50,NORMA-21404,77
50,NORMA-6665,78
50,NORMA-19687,79
50,NORMA-18577,80
50,NORMA-21231,81
50,NORMA-18396,82
50,NORMA-1674,83
50,NORMA-1547,84
50,NORMA-20185,85
50,NORMA-18207,86
50,NORMA-13094,87
50,NORMA-18526,88
50,NORMA-18691,89
50,NORMA-20797,90
50,NORMA-1713,91
50,NORMA-19084,92
50,NORMA-21300,93
50,NORMA-1183,94
50,NORMA-21695,95
50,NORMA-1398,96
50,NORMA-19104,97
50,NORMA-21325,98
50,NORMA-28203,99
50,NORMA-20755,100
50,NORMA-19219,101
50,NORMA-19080,102
50,NORMA-20930,103
50,NORMA-475,104
50,NORMA-20303,105
50,NORMA-19640,106
50,NORMA-21752,107
50,NORMA-19164,108
50,NORMA-21538,109
50,NORMA-18800,110
50,NORMA-19731,111
50,NORMA-21330,112
50,NORMA-20985,113
50,NORMA-19191,114
50,NORMA-20853,115
50,NORMA-21326,116
50,NORMA-18642,117
50,NORMA-18293,118
50,NORMA-9558,119
50,NORMA-20785,120
50,NORMA-850,121
50,NORMA-18992,122
50,NORMA-19662,123
50,NORMA-23381,124
50,NORMA-20447,125
50,NORMA-19603,126
50,NORMA-21357,127
50,NORMA-19540,128
50,NORMA-19646,129
50,NORMA-972,130
50,NORMA-19405,131
50,NORMA-8198,132
50,NORMA-20225,133
50,NORMA-2921,134
50,NORMA-19172,135
50,NORMA-19684,136
50,NORMA-19724,137
50,NORMA-19658,138
50,NORMA-21506,139
50,NORMA-19064,140
50,NORMA-18683,141
50,NORMA-21384,142
50,NORMA-19300,143
50,NORMA-21545,144
50,NORMA-18583,145
50,NORMA-19697,146
50,NORMA-1295,147
50,NORMA-19297,148
50,NORMA-19675,149
50,NORMA-27341,150
50,NORMA-18967,151
50,NORMA-6622,152
50,NORMA-21319,153
50,NORMA-21299,154
50,NORMA-5251,155
50,NORMA-15060,156
50,NORMA-9111,157
50,NORMA-19668,158
50,NORMA-19005,159
50,NORMA-20202,160
50,NORMA-20381,161
50,NORMA-19732,162
50,NORMA-21134,163
50,NORMA-20849,164
50,NORMA-18543,165
50,NORMA-20271,166
50,NORMA-7110,167
50,NORMA-20140,168
50,NORMA-18616,169
50,NORMA-21544,170
50,NORMA-18357,171
50,NORMA-18686,172
50,NORMA-2014,173
50,NORMA-20206,174
50,NORMA-1555,175
50,NORMA-2386,176
50,NORMA-20728,177
50,NORMA-18979,178
50,NORMA-12886,179
50,NORMA-18732,180
50,NORMA-24582,181
50,NORMA-20191,182
50,NORMA-21664,183
50,NORMA-19700,184
50,NORMA-18282,185
50,NORMA-18240,186
50,NORMA-1346,187
50,NORMA-18750,188
50,NORMA-11144,189
50,NORMA-21434,190
50,NORMA-20491,191
50,NORMA-18796,192
50,NORMA-12492,193
50,NORMA-535,194
50,NORMA-976,195
50,NORMA-19008,196
50,NORMA-20873,197
50,NORMA-19721,198
50,NORMA-1586,199
50,NORMA-21460,200
50,NORMA-10375,201
50,NORMA-19474,202
50,NORMA-21391,203
50,NORMA-21444,204
50,NORMA-2475,205
50,NORMA-4423,206
50,NORMA-358,207
50,NORMA-6389,208
50,NORMA-616,209
50,NORMA-1092,210
50,NORMA-20910,211
50,NORMA-18955,212
50,NORMA-4254,213
50,NORMA-21199,214
50,NORMA-6948,215
50,NORMA-12048,216
50,NORMA-2455,217
50,NORMA-21215,218
50,NORMA-18201,219
50,NORMA-19291,220
50,NORMA-20999,221
50,NORMA-1188,222
50,NORMA-21232,223
50,NORMA-21013,224
50,NORMA-14742,225
50,NORMA-19238,226
50,NORMA-20336,227
50,NORMA-20988,228
50,NORMA-21344,229
50,NORMA-14054,230
50,NORMA-6559,231
50,NORMA-11588,232
50,NORMA-21400,233
50,NORMA-1352,234
50,NORMA-3965,235
50,NORMA-18959,236
50,NORMA-19298,237
50,NORMA-20861,238
50,NORMA-21417,239
50,NORMA-20909,240
50,NORMA-20798,241
50,NORMA-18501,242
50,NORMA-21336,243
50,NORMA-21453,244
50,NORMA-21597,245
50,NORMA-21519,246
50,NORMA-20891,247
50,NORMA-2376,248
50,NORMA-1419,249
50,NORMA-2623,250
50,NORMA-14990,251
50,NORMA-8028,252
50,NORMA-21634,253
50,NORMA-18839,254
50,NORMA-18375,255
50,NORMA-21533,256
50,NORMA-18960,257
50,NORMA-19645,258
50,NORMA-18656,259
50,NORMA-19446,260
50,NORMA-18684,261
50,NORMA-265,262
50,NORMA-16402,263
50,NORMA-1334,264
50,NORMA-18974,265
50,NORMA-18637,266
50,NORMA-18824,267
50,NORMA-14898,268
50,NORMA-20517,269
50,NORMA-19683,270
50,NORMA-19071,271
50,NORMA-21562,272
50,NORMA-6177,273
50,NORMA-21567,274
50,NORMA-12021,275
50,NORMA-20192,276
50,NORMA-19949,277
50,NORMA-18707,278
50,NORMA-18398,279
50,NORMA-19666,280
50,NORMA-18496,281
50,NORMA-18980,282
50,NORMA-19969,283
50,NORMA-21115,284
50,NORMA-18367,285
50,NORMA-19655,286
50,NORMA-18804,287
50,NORMA-1098,288
50,NORMA-14926,289
50,NORMA-18988,290
50,NORMA-4294,291
50,NORMA-24661,292
50,NORMA-21214,293
50,NORMA-1578,294
50,NORMA-19386,295
50,NORMA-2383,296
50,NORMA-12089,297
50,NORMA-8204,298
50,NORMA-19066,299
50,NORMA-819,300
50,NORMA-20505,301
50,NORMA-21270,302
50,NORMA-18333,303
50,NORMA-18609,304
50,NORMA-12245,305
50,NORMA-1151,306
50,NORMA-20452,307
50,NORMA-18343,308
50,NORMA-20812,309
50,NORMA-21431,310
50,NORMA-19555,311
50,NORMA-20208,312
50,NORMA-19343,313
50,NORMA-20842,314
50,NORMA-19258,315
50,NORMA-21586,316
50,NORMA-21301,317
50,NORMA-385,318
50,NORMA-4425,319
50,NORMA-25722,320
50,NORMA-19530,321
50,NORMA-18752,322
50,NORMA-11087,323
50,NORMA-18873,324
50,NORMA-11607,325
50,NORMA-20971,326
50,NORMA-14520,327
50,NORMA-4277,328
50,NORMA-18231,329
50,NORMA-18780,330
50,NORMA-8774,331
50,NORMA-18210,332
50,NORMA-1353,333
50,NORMA-26701,334
50,NORMA-21128,335
50,NORMA-21515,336
50,NORMA-18286,337
50,NORMA-19379,338
50,NORMA-19081,339
50,NORMA-19256,340
50,NORMA-19709,341
50,NORMA-18875,342
50,NORMA-25144,343
50,NORMA-6965,344
50,NORMA-18633,345
50,NORMA-20944,346
50,NORMA-19310,347
50,NORMA-18771,348
50,NORMA-18230,349
50,NORMA-21343,350
50,NORMA-2183,351
50,NORMA-19473,352
50,NORMA-21489,353
50,NORMA-6316,354
50,NORMA-21157,355
50,NORMA-19502,356
50,NORMA-20945,357
50,NORMA-20220,358
50,NORMA-19087,359
50,NORMA-18225,360
50,NORMA-4515,361
50,NORMA-18554,362
50,NORMA-21069,363
50,NORMA-19750,364
50,NORMA-3510,365
50,NORMA-18812,366
50,NORMA-18341,367
50,NORMA-11605,368
50,NORMA-1965,369
50,NORMA-11757,370
50,NORMA-20218,371
50,NORMA-11760,372
50,NORMA-19266,373
50,NORMA-18740,374
50,NORMA-20908,375
50,NORMA-20774,376
50,NORMA-21490,377
50,NORMA-18335,378
50,NORMA-20969,379
50,NORMA-21394,380
50,NORMA-18899,381
50,NORMA-21327,382
50,NORMA-15004,383
50,NORMA-19554,384
50,NORMA-1274,385
50,NORMA-21193,386
50,NORMA-2432,387
50,NORMA-54,388
50,NORMA-14498,389
50,NORMA-20725,390
50,NORMA-19929,391
50,NORMA-21472,392
50,NORMA-12121,393
50,NORMA-18546,394
50,NORMA-230,395
50,NORMA-631,396
50,NORMA-995,397
50,NORMA-21275,398
50,NORMA-20186,399
50,NORMA-1442,400
50,NORMA-21222,401
50,NORMA-113,402
50,NORMA-18741,403
50,NORMA-8767,404
50,NORMA-21339,405
50,NORMA-21674,406
50,NORMA-61,407
50,NORMA-20270,408
50,NORMA-21619,409
50,NORMA-396,410
50,NORMA-804,411
50,NORMA-2158,412
50,NORMA-19468,413
50,NORMA-21541,414
50,NORMA-20021,415
50,NORMA-18519,416
50,NORMA-778,417
50,NORMA-21190,418
50,NORMA-20703,419
50,NORMA-2483,420
50,NORMA-2542,421
50,NORMA-2551,422
50,NORMA-11711,423
50,NORMA-19355,424
50,NORMA-21699,425
50,NORMA-18759,426
50,NORMA-20960,427
50,NORMA-21637,428
50,NORMA-11665,429
50,NORMA-1313,430
50,NORMA-19786,431
50,NORMA-5226,432
50,NORMA-19913,433
50,NORMA-19431,434
50,NORMA-21655,435
50,NORMA-1315,436
50,NORMA-21401,437
50,NORMA-18247,438
50,NORMA-8206,439
50,NORMA-14613,440
50,NORMA-6967,441
50,NORMA-11664,442
50,NORMA-21247,443
50,NORMA-20914,444
50,NORMA-19358,445
50,NORMA-19782,446
50,NORMA-21025,447
50,NORMA-11137,448
50,NORMA-18762,449
50,NORMA-13715,450
50,NORMA-18617,451
50,NORMA-19019,452
50,NORMA-11418,453
50,NORMA-18254,454
50,NORMA-18868,455
50,NORMA-21677,456
50,NORMA-159,457
50,NORMA-21233,458
50,NORMA-21259,459
50,NORMA-21712,460
50,NORMA-21290,461
50,NORMA-18935,462
50,NORMA-21273,463
50,NORMA-11473,464
50,NORMA-1154,465
50,NORMA-20138,466
50,NORMA-21770,467
50,NORMA-21792,468
50,NORMA-21790,469
50,NORMA-3855,470
50,NORMA-18986,471
50,NORMA-30663,472
50,NORMA-20135,473
50,NORMA-21367,474
50,NORMA-11738,475
50,NORMA-21456,476
50,NORMA-19626,477
50,NORMA-20681,478
50,NORMA-18964,479
50,NORMA-20807,480
50,NORMA-6633,481
50,NORMA-21169,482
50,NORMA-21415,483
50,NORMA-19596,484
50,NORMA-2523,485
50,NORMA-18213,486
50,NORMA-21019,487
50,NORMA-20948,488
50,NORMA-19378,489
50,NORMA-19299,490
50,NORMA-18757,491
50,NORMA-21238,492
50,NORMA-21696,493
50,NORMA-21534,494
50,NORMA-13472,495
50,NORMA-6677,496
50,NORMA-18747,497
50,NORMA-21125,498
50,NORMA-21347,499
50,NORMA-19503,500
50,NORMA-21102,501
50,NORMA-423,502
50,NORMA-20224,503
50,NORMA-1474,504
50,NORMA-21124,505
50,NORMA-21027,506
50,NORMA-19804,507
50,NORMA-19714,508
50,NORMA-19371,509
50,NORMA-21210,510
50,NORMA-21274,511
50,NORMA-19337,512
50,NORMA-1229,513
50,NORMA-21507,514
50,NORMA-20020,515
50,NORMA-19558,516
50,NORMA-13848,517
50,NORMA-25645,518
50,NORMA-21747,519
50,NORMA-21718,520
50,NORMA-21302,521
50,NORMA-19206,522
50,NORMA-19174,523
50,NORMA-1776,524
50,NORMA-12954,525
50,NORMA-11249,526
50,NORMA-18646,527
50,NORMA-19663,528
50,NORMA-21703,529
50,NORMA-19249,530
50,NORMA-19328,531
50,NORMA-12657,532
50,NORMA-19681,533
50,NORMA-21680,534
50,NORMA-1422,535
50,NORMA-20070,536
50,NORMA-14890,537
50,NORMA-27363,538
50,NORMA-1337,539
50,NORMA-12161,540
50,NORMA-6630,541
50,NORMA-20907,542
50,NORMA-20933,543
50,NORMA-21535,544
50,NORMA-19308,545
50,NORMA-21527,546
50,NORMA-19119,547
50,NORMA-17182,548
50,NORMA-13499,549
50,NORMA-19232,550
50,NORMA-6676,551
50,NORMA-18223,552
50,NORMA-21595,553
50,NORMA-680,554
50,NORMA-18336,555
50,NORMA-21476,556
50,NORMA-11814,557
50,NORMA-18316,558
50,NORMA-19712,559
50,NORMA-1846,560
50,NORMA-21653,561
50,NORMA-21239,562
50,NORMA-10034,563
50,NORMA-31904,564
50,NORMA-19068,565
50,NORMA-18406,566
50,NORMA-4031,567
50,NORMA-14392,568
50,NORMA-21147,569
50,NORMA-20724,570
50,NORMA-19090,571
50,NORMA-19788,572
50,NORMA-18580,573
50,NORMA-19493,574
50,NORMA-21228,575
50,NORMA-6181,576
50,NORMA-18536,577
50,NORMA-19014,578
50,NORMA-15902,579
50,NORMA-18344,580
50,NORMA-13883,581
50,NORMA-14429,582
50,NORMA-21750,583
50,NORMA-6960,584
50,NORMA-27101,585
50,NORMA-19680,586
50,NORMA-21081,587
50,NORMA-18489,588
50,NORMA-18755,589
50,NORMA-20106,590
50,NORMA-18214,591
50,NORMA-20687,592
50,NORMA-20215,593
50,NORMA-20666,594
50,NORMA-21230,595
50,NORMA-19691,596
50,NORMA-76,597
50,NORMA-18746,598
50,NORMA-1348,599
50,NORMA-21427,600
50,NORMA-19307,601
50,NORMA-27521,602
50,NORMA-20650,603
50,NORMA-18229,604
50,NORMA-21252,605
50,NORMA-21020,606
50,NORMA-211,607
50,NORMA-21392,608
50,NORMA-19651,609
50,NORMA-1138,610
50,NORMA-1332,611
50,NORMA-5467,612
50,NORMA-19305,613
50,NORMA-11735,614
50,NORMA-19275,615
50,NORMA-21450,616
50,NORMA-13586,617
50,NORMA-21607,618
50,NORMA-20223,619
50,NORMA-21555,620
50,NORMA-20858,621
50,NORMA-18743,622
50,NORMA-20615,623
50,NORMA-19387,624
50,NORMA-21759,625
50,NORMA-20815,626
50,NORMA-14529,627
50,NORMA-18734,628
50,NORMA-875,629
50,NORMA-20706,630
50,NORMA-19740,631
50,NORMA-27121,632
50,NORMA-20203,633
50,NORMA-11758,634
50,NORMA-20029,635
50,NORMA-1370,636
50,NORMA-1433,637
50,NORMA-26881,638
50,NORMA-21528,639
50,NORMA-20913,640
50,NORMA-13218,641
50,NORMA-21148,642
50,NORMA-21605,643
50,NORMA-21285,644
50,NORMA-20872,645
50,NORMA-12877,646
50,NORMA-13402,647
50,NORMA-26804,648
50,NORMA-1841,649
50,NORMA-21746,650
50,NORMA-19455,651
50,NORMA-21031,652
50,NORMA-21196,653
50,NORMA-18917,654
50,NORMA-11612,655
50,NORMA-19281,656
50,NORMA-21725,657
50,NORMA-4539,658
50,NORMA-19250,659
50,NORMA-21366,660
50,NORMA-12016,661
50,NORMA-18963,662
50,NORMA-3907,663
50,NORMA-20130,664
50,NORMA-12049,665
50,NORMA-18753,666
50,NORMA-19701,667
50,NORMA-2470,668
50,NORMA-21305,669
50,NORMA-21289,670
50,NORMA-20772,671
50,NORMA-18727,672
50,NORMA-22723,673
50,NORMA-21310,674
50,NORMA-18542,675
50,NORMA-19519,676
50,NORMA-18817,677
50,NORMA-19020,678
50,NORMA-21679,679
50,NORMA-19225,680
50,NORMA-20497,681
50,NORMA-21361,682
50,NORMA-31903,683
50,NORMA-4588,684
50,NORMA-21389,685
50,NORMA-20393,686
50,NORMA-18602,687
50,NORMA-19933,688
50,NORMA-19095,689
50,NORMA-18806,690
50,NORMA-412,691
50,NORMA-883,692
50,NORMA-14673,693
50,NORMA-21767,694
50,NORMA-5142,695
50,NORMA-18249,696
50,NORMA-18596,697
50,NORMA-21441,698
50,NORMA-6186,699
50,NORMA-28841,700
50,NORMA-2444,701
50,NORMA-2399,702
50,NORMA-14278,703
50,NORMA-20483,704
50,NORMA-21539,705
50,NORMA-1144,706
50,NORMA-18550,707
50,NORMA-24001,708
50,NORMA-21218,709
50,NORMA-18584,710
50,NORMA-21153,711
50,NORMA-53,712
50,NORMA-7470,713
50,NORMA-19354,714
50,NORMA-1306,715
50,NORMA-19237,716
50,NORMA-9892,717
50,NORMA-21651,718
50,NORMA-20233,719
50,NORMA-21594,720
50,NORMA-4477,721
50,NORMA-2058,722
50,NORMA-18202,723
50,NORMA-1485,724
50,NORMA-11765,725
50,NORMA-21572,726
50,NORMA-21089,727
50,NORMA-19270,728
50,NORMA-21531,729
50,NORMA-19140,730
50,NORMA-19050,731
50,NORMA-21675,732
50,NORMA-21349,733
50,NORMA-833,734
50,NORMA-20796,735
50,NORMA-11576,736
50,NORMA-21564,737
50,NORMA-19461,738
50,NORMA-11572,739
50,NORMA-20292,740
50,NORMA-20440,741
50,NORMA-588,742
50,NORMA-19730,743
50,NORMA-19280,744
50,NORMA-19188,745
50,NORMA-11728,746
50,NORMA-18560,747
50,NORMA-20800,748
50,NORMA-19056,749
50,NORMA-1207,750
50,NORMA-12102,751
50,NORMA-2660,752
50,NORMA-2583,753
50,NORMA-18673,754
50,NORMA-21039,755
50,NORMA-1408,756
50,NORMA-28281,757
50,NORMA-20238,758
50,NORMA-602,759
50,NORMA-19338,760
50,NORMA-4906,761
50,NORMA-18437,762
50,NORMA-11798,763
50,NORMA-19150,764
50,NORMA-19628,765
50,NORMA-19483,766
50,NORMA-21052,767
50,NORMA-13912,768
50,NORMA-21353,769
50,NORMA-21091,770
50,NORMA-328,771
50,NORMA-12235,772
50,NORMA-2484,773
50,NORMA-587,774
50,NORMA-12024,775
50,NORMA-18807,776
50,NORMA-19100,777
50,NORMA-21621,778
50,NORMA-19072,779
50,NORMA-20436,780
50,NORMA-12159,781
50,NORMA-20912,782
50,NORMA-2113,783
50,NORMA-19096,784
50,NORMA-12911,785
50,NORMA-18672,786
50,NORMA-7028,787
50,NORMA-21314,788
50,NORMA-3637,789
50,NORMA-21448,790
50,NORMA-18654,791
50,NORMA-31923,792
50,NORMA-19698,793
50,NORMA-21766,794
50,NORMA-2519,795
50,NORMA-6747,796
50,NORMA-19356,797
50,NORMA-18944,798
50,NORMA-29062,799
50,NORMA-6048,800
50,NORMA-19413,801
50,NORMA-18724,802
50,NORMA-19295,803
50,NORMA-2460,804
50,NORMA-18749,805
50,NORMA-27366,806
50,NORMA-21121,807
50,NORMA-9481,808
50,NORMA-13009,809
50,NORMA-19495,810
50,NORMA-12880,811
50,NORMA-18203,812
50,NORMA-20766,813
50,NORMA-15561,814
50,NORMA-11516,815
50,NORMA-26163,816
50,NORMA-18624,817
50,NORMA-4583,818
50,NORMA-7146,819
50,NORMA-10473,820
50,NORMA-18528,821
50,NORMA-14850,822
50,NORMA-19423,823
50,NORMA-19457,824
50,NORMA-19067,825
50,NORMA-19776,826
50,NORMA-21488,827
50,NORMA-20709,828
50,NORMA-21601,829
50,NORMA-14744,830
50,NORMA-18533,831
50,NORMA-18446,832
50,NORMA-20902,833
50,NORMA-20047,834
50,NORMA-21552,835
50,NORMA-417,836
50,NORMA-21154,837
50,NORMA-19211,838
50,NORMA-19630,839
50,NORMA-18738,840
50,NORMA-19229,841
50,NORMA-19028,842
50,NORMA-19677,843
50,NORMA-20855,844
50,NORMA-20377,845
50,NORMA-209,846
50,NORMA-19342,847
50,NORMA-24621,848
50,NORMA-21491,849
50,NORMA-6329,850
50,NORMA-1510,851
50,NORMA-21348,852
50,NORMA-19110,853
50,NORMA-6439,854
50,NORMA-19437,855
50,NORMA-19616,856
50,NORMA-20886,857
50,NORMA-21447,858
50,NORMA-21547,859
50,NORMA-19218,860
50,NORMA-10779,861
50,NORMA-10925,862
50,NORMA-18248,863
50,NORMA-20551,864
50,NORMA-27063,865
50,NORMA-21087,866
50,NORMA-20023,867
50,NORMA-17221,868
50,NORMA-20441,869
50,NORMA-20723,870
50,NORMA-18268,871
50,NORMA-14055,872
50,NORMA-3777,873
50,NORMA-21464,874
50,NORMA-11614,875
50,NORMA-19679,876
50,NORMA-2362,877
50,NORMA-21622,878
50,NORMA-6398,879
50,NORMA-21023,880
50,NORMA-5284,881
50,NORMA-18440,882
50,NORMA-19464,883
50,NORMA-19200,884
50,NORMA-2367,885
50,NORMA-20839,886
50,NORMA-6366,887
50,NORMA-19491,888
50,NORMA-21414,889
50,NORMA-19241,890
50,NORMA-19048,891
50,NORMA-11270,892
50,NORMA-19619,893
50,NORMA-21581,894
50,NORMA-11756,895
50,NORMA-18921,896
50,NORMA-19106,897
50,NORMA-19013,898
50,NORMA-19723,899
50,NORMA-19715,900
50,NORMA-72,901
50,NORMA-19122,902
50,NORMA-21529,903
50,NORMA-21422,904
50,NORMA-19054,905
50,NORMA-21223,906
50,NORMA-6951,907
50,NORMA-21428,908
50,NORMA-19682,909
50,NORMA-1535,910
50,NORMA-13345,911
50,NORMA-18309,912
50,NORMA-380,913
50,NORMA-20340,914
50,NORMA-11597,915
50,NORMA-20054,916
50,NORMA-12038,917
50,NORMA-18659,918
50,NORMA-503,919
50,NORMA-21540,920
50,NORMA-10033,921
50,NORMA-19419,922
50,NORMA-21656,923
50,NORMA-2375,924
50,NORMA-1129,925
50,NORMA-21067,926
50,NORMA-18695,927
50,NORMA-20137,928
50,NORMA-19941,929
50,NORMA-11515,930
50,NORMA-19373,931
50,NORMA-20761,932
50,NORMA-837,933
50,NORMA-21612,934
50,NORMA-4721,935
50,NORMA-20926,936
50,NORMA-19151,937
50,NORMA-18769,938
50,NORMA-19051,939
50,NORMA-19128,940
50,NORMA-581,941
50,NORMA-23201,942
50,NORMA-19983,943
50,NORMA-21237,944
50,NORMA-18429,945
50,NORMA-1113,946
50,NORMA-20132,947
50,NORMA-12952,948
50,NORMA-20449,949
50,NORMA-20494,950
50,NORMA-27045,951
50,NORMA-1163,952
50,NORMA-26124,953
50,NORMA-20898,954
50,NORMA-9124,955
50,NORMA-21548,956
50,NORMA-15246,957
50,NORMA-1420,958
50,NORMA-21282,959
50,NORMA-11455,960
50,NORMA-18553,961
50,NORMA-19548,962
50,NORMA-19038,963
50,NORMA-20588,964
50,NORMA-20838,965
50,NORMA-21407,966
50,NORMA-20786,967
50,NORMA-13174,968
50,NORMA-21000,969
50,NORMA-21446,970
50,NORMA-5495,971
50,NORMA-21016,972
50,NORMA-20963,973
50,NORMA-9123,974
50,NORMA-21486,975
50,NORMA-11687,976
50,NORMA-18758,977
50,NORMA-12039,978
50,NORMA-3824,979
50,NORMA-20207,980
50,NORMA-12236,981
50,NORMA-18487,982
50,NORMA-18329,983
50,NORMA-19669,984
50,NORMA-3821,985
50,NORMA-6447,986
50,NORMA-21627,987
50,NORMA-27384,988
50,NORMA-19094,989
50,NORMA-21425,990
50,NORMA-18836,991
50,NORMA-19664,992
50,NORMA-10675,993
50,NORMA-21546,994
50,NORMA-18465,995
50,NORMA-6396,996
50,NORMA-20871,997
50,NORMA-20542,998
50,NORMA-1989,999
50,NORMA-19346,1000
