QUERY_KEY,DOC_KEY,RANK
1,NORMA-19978,1
1,NORMA-20246,2
1,NORMA-19604,3
1,NORMA-20535,4
1,NORMA-6949,5
1,NORMA-20042,6
1,NORMA-18892,7
1,NORMA-19903,8
1,NORMA-19568,9
1,NORMA-21779,10
1,NORMA-19964,11
1,NORMA-18911,12
1,NORMA-19752,13
1,NORMA-20957,14
1,NORMA-19594,15
1,NORMA-18909,16
1,NORMA-20064,17
1,NORMA-19980,18
1,NORMA-18678,19
1,NORMA-19921,20
1,NORMA-21754,21
1,NORMA-21105,22
1,NORMA-19807,23
1,NORMA-20659,24
1,NORMA-19954,25
1,NORMA-19040,26
1,NORMA-19963,27
1,NORMA-18943,28
1,NORMA-19747,29
1,NORMA-19764,30
1,NORMA-18546,31
1,NORMA-20287,32
1,NORMA-20808,33
1,NORMA-18523,34
1,NORMA-18845,35
1,NORMA-20066,36
1,NORMA-20156,37
1,NORMA-19910,38
1,NORMA-19572,39
1,NORMA-18936,40
1,NORMA-20071,41
1,NORMA-18715,42
1,NORMA-18666,43
1,NORMA-18505,44
1,NORMA-18784,45
1,NORMA-18481,46
1,NORMA-18891,47
1,NORMA-18853,48
1,NORMA-21118,49
1,NORMA-19364,50
1,NORMA-19591,51
1,NORMA-21359,52
1,NORMA-19286,53
1,NORMA-19601,54
1,NORMA-18913,55
1,NORMA-18894,56
1,NORMA-20424,57
1,NORMA-19613,58
1,NORMA-20053,59
1,NORMA-19952,60
1,NORMA-20507,61
1,NORMA-21235,62
1,NORMA-18926,63
1,NORMA-19630,64
1,NORMA-18611,65
1,NORMA-19043,66
1,NORMA-19178,67
1,NORMA-1173,68
1,NORMA-20512,69
1,NORMA-18850,70
1,NORMA-18664,71
1,NORMA-18312,72
1,NORMA-18786,73
1,NORMA-19945,74
1,NORMA-18480,75
1,NORMA-18717,76
1,NORMA-20620,77
1,NORMA-20770,78
1,NORMA-19953,79
1,NORMA-21621,80
1,NORMA-21229,81
1,NORMA-21117,82
1,NORMA-18509,83
1,NORMA-18597,84
1,NORMA-19044,85
1,NORMA-21432,86
1,NORMA-19761,87
1,NORMA-19711,88
1,NORMA-534,89
1,NORMA-21364,90
1,NORMA-18917,91
1,NORMA-21501,92
1,NORMA-19767,93
1,NORMA-21019,94
1,NORMA-20037,95
1,NORMA-20559,96
1,NORMA-21613,97
1,NORMA-19755,98
1,NORMA-20958,99
1,NORMA-20619,100
1,NORMA-17182,101
1,NORMA-20249,102
1,NORMA-18885,103
1,NORMA-18598,104
1,NORMA-18908,105
1,NORMA-20623,106
1,NORMA-20615,107
1,NORMA-21142,108
1,NORMA-20227,109
1,NORMA-20716,110
1,NORMA-19793,111
1,NORMA-19320,112
1,NORMA-21067,113
1,NORMA-20556,114
1,NORMA-21038,115
1,NORMA-19668,116
1,NORMA-22741,117
1,NORMA-19803,118
1,NORMA-19386,119
1,NORMA-24583,120
1,NORMA-18652,121
1,NORMA-18482,122
1,NORMA-18808,123
1,NORMA-18461,124
1,NORMA-19363,125
1,NORMA-18507,126
1,NORMA-18785,127
1,NORMA-21119,128
1,NORMA-20276,129
1,NORMA-18716,130
1,NORMA-18665,131
1,NORMA-18851,132
1,NORMA-18212,133
1,NORMA-19288,134
1,NORMA-18675,135
1,NORMA-20515,136
1,NORMA-18448,137
1,NORMA-18522,138
1,NORMA-18277,139
1,NORMA-21037,140
1,NORMA-535,141
1,NORMA-21107,142
1,NORMA-19120,143
1,NORMA-20184,144
1,NORMA-20270,145
1,NORMA-19370,146
1,NORMA-19133,147
1,NORMA-20262,148
1,NORMA-21645,149
1,NORMA-19576,150
1,NORMA-20809,151
1,NORMA-18612,152
1,NORMA-19045,153
1,NORMA-21191,154
1,NORMA-20425,155
1,NORMA-6713,156
1,NORMA-19199,157
1,NORMA-20551,158
1,NORMA-21145,159
1,NORMA-21543,160
1,NORMA-19366,161
1,NORMA-19145,162
1,NORMA-19068,163
1,NORMA-20306,164
1,NORMA-21656,165
1,NORMA-20542,166
1,NORMA-20082,167
1,NORMA-20631,168
1,NORMA-21091,169
1,NORMA-19227,170
1,NORMA-20916,171
1,NORMA-19114,172
1,NORMA-20520,173
1,NORMA-19800,174
1,NORMA-18551,175
1,NORMA-20735,176
1,NORMA-20987,177
1,NORMA-19567,178
1,NORMA-19196,179
1,NORMA-18338,180
1,NORMA-20951,181
1,NORMA-21565,182
1,NORMA-19907,183
1,NORMA-20319,184
1,NORMA-2,185
1,NORMA-19252,186
1,NORMA-20628,187
1,NORMA-19019,188
1,NORMA-18649,189
1,NORMA-19000,190
1,NORMA-20956,191
1,NORMA-18895,192
1,NORMA-18937,193
1,NORMA-20322,194
1,NORMA-19511,195
1,NORMA-21498,196
1,NORMA-18519,197
1,NORMA-21740,198
1,NORMA-20427,199
1,NORMA-20054,200
1,NORMA-20611,201
1,NORMA-20595,202
1,NORMA-19876,203
1,NORMA-20434,204
1,NORMA-19819,205
1,NORMA-19582,206
1,NORMA-21188,207
1,NORMA-20045,208
1,NORMA-20954,209
1,NORMA-20661,210
1,NORMA-19325,211
1,NORMA-21494,212
1,NORMA-19616,213
1,NORMA-19912,214
1,NORMA-20555,215
1,NORMA-19237,216
1,NORMA-19687,217
1,NORMA-20939,218
1,NORMA-21171,219
1,NORMA-21703,220
1,NORMA-21600,221
1,NORMA-20065,222
1,NORMA-19166,223
1,NORMA-19879,224
1,NORMA-19067,225
1,NORMA-18727,226
1,NORMA-18331,227
1,NORMA-7100,228
1,NORMA-20849,229
1,NORMA-19615,230
1,NORMA-18990,231
1,NORMA-19944,232
1,NORMA-20804,233
1,NORMA-18736,234
1,NORMA-21371,235
1,NORMA-21482,236
1,NORMA-21032,237
1,NORMA-20882,238
1,NORMA-20311,239
1,NORMA-21035,240
1,NORMA-19259,241
1,NORMA-18841,242
1,NORMA-24083,243
1,NORMA-24084,244
1,NORMA-20629,245
1,NORMA-20585,246
1,NORMA-18974,247
1,NORMA-1026,248
1,NORMA-20039,249
1,NORMA-21720,250
1,NORMA-19164,251
1,NORMA-1,252
1,NORMA-20435,253
1,NORMA-20568,254
1,NORMA-20510,255
1,NORMA-20509,256
1,NORMA-21288,257
1,NORMA-20571,258
1,NORMA-21433,259
1,NORMA-19469,260
1,NORMA-19635,261
1,NORMA-20031,262
1,NORMA-19991,263
1,NORMA-18634,264
1,NORMA-2475,265
1,NORMA-21242,266
1,NORMA-20253,267
1,NORMA-21529,268
1,NORMA-18658,269
1,NORMA-19101,270
1,NORMA-18544,271
1,NORMA-21405,272
1,NORMA-19716,273
1,NORMA-18602,274
1,NORMA-19899,275
1,NORMA-20681,276
1,NORMA-20674,277
1,NORMA-20252,278
1,NORMA-24581,279
1,NORMA-21551,280
1,NORMA-18969,281
1,NORMA-19287,282
1,NORMA-19493,283
1,NORMA-20430,284
1,NORMA-20516,285
1,NORMA-19306,286
1,NORMA-20351,287
1,NORMA-20340,288
1,NORMA-20728,289
1,NORMA-20511,290
1,NORMA-19766,291
1,NORMA-20513,292
1,NORMA-20514,293
1,NORMA-19367,294
1,NORMA-18437,295
1,NORMA-21335,296
1,NORMA-19055,297
1,NORMA-20881,298
1,NORMA-2056,299
1,NORMA-20518,300
1,NORMA-20254,301
1,NORMA-20459,302
1,NORMA-19974,303
1,NORMA-20266,304
1,NORMA-18905,305
1,NORMA-20014,306
1,NORMA-21748,307
1,NORMA-20049,308
1,NORMA-19463,309
1,NORMA-20675,310
1,NORMA-20662,311
1,NORMA-21302,312
1,NORMA-21216,313
1,NORMA-18281,314
1,NORMA-20575,315
1,NORMA-21260,316
1,NORMA-19965,317
1,NORMA-21536,318
1,NORMA-19298,319
1,NORMA-20245,320
1,NORMA-20361,321
1,NORMA-20335,322
1,NORMA-20689,323
1,NORMA-21479,324
1,NORMA-18754,325
1,NORMA-20078,326
1,NORMA-20763,327
1,NORMA-20789,328
1,NORMA-21770,329
1,NORMA-18560,330
1,NORMA-20739,331
1,NORMA-19190,332
1,NORMA-24081,333
1,NORMA-21024,334
1,NORMA-19923,335
1,NORMA-19331,336
1,NORMA-24041,337
1,NORMA-20357,338
1,NORMA-19575,339
1,NORMA-25261,340
1,NORMA-24061,341
1,NORMA-18352,342
1,NORMA-19268,343
1,NORMA-21259,344
1,NORMA-19324,345
1,NORMA-19475,346
1,NORMA-19034,347
1,NORMA-20072,348
1,NORMA-21022,349
1,NORMA-21396,350
1,NORMA-20342,351
1,NORMA-20771,352
1,NORMA-21782,353
1,NORMA-21318,354
1,NORMA-19540,355
1,NORMA-21319,356
1,NORMA-19610,357
1,NORMA-20041,358
1,NORMA-21395,359
1,NORMA-19730,360
1,NORMA-21794,361
1,NORMA-19308,362
1,NORMA-19228,363
1,NORMA-19375,364
1,NORMA-20747,365
1,NORMA-19706,366
1,NORMA-19151,367
1,NORMA-18957,368
1,NORMA-20257,369
1,NORMA-19657,370
1,NORMA-19231,371
1,NORMA-19697,372
1,NORMA-6187,373
1,NORMA-18465,374
1,NORMA-18791,375
1,NORMA-21465,376
1,NORMA-19216,377
1,NORMA-19484,378
1,NORMA-18810,379
1,NORMA-19435,380
1,NORMA-18627,381
1,NORMA-20436,382
1,NORMA-20531,383
1,NORMA-21489,384
1,NORMA-34,385
1,NORMA-20536,386
1,NORMA-24885,387
1,NORMA-19732,388
1,NORMA-18324,389
1,NORMA-21013,390
1,NORMA-20594,391
1,NORMA-19788,392
1,NORMA-20586,393
1,NORMA-20309,394
1,NORMA-20744,395
1,NORMA-19483,396
1,NORMA-19464,397
1,NORMA-20599,398
1,NORMA-20250,399
1,NORMA-21591,400
1,NORMA-6391,401
1,NORMA-19460,402
1,NORMA-18322,403
1,NORMA-19776,404
1,NORMA-21316,405
1,NORMA-21210,406
1,NORMA-21785,407
1,NORMA-21687,408
1,NORMA-19222,409
1,NORMA-18725,410
1,NORMA-18269,411
1,NORMA-19171,412
1,NORMA-22241,413
1,NORMA-21449,414
1,NORMA-19519,415
1,NORMA-19445,416
1,NORMA-20601,417
1,NORMA-21667,418
1,NORMA-20140,419
1,NORMA-21285,420
1,NORMA-18856,421
1,NORMA-18847,422
1,NORMA-20950,423
1,NORMA-19119,424
1,NORMA-18328,425
1,NORMA-20584,426
1,NORMA-21039,427
1,NORMA-19951,428
1,NORMA-19946,429
1,NORMA-21716,430
1,NORMA-19163,431
1,NORMA-20567,432
1,NORMA-18832,433
1,NORMA-1263,434
1,NORMA-19085,435
1,NORMA-18279,436
1,NORMA-19556,437
1,NORMA-19338,438
1,NORMA-18321,439
1,NORMA-18297,440
1,NORMA-20688,441
1,NORMA-21214,442
1,NORMA-18362,443
1,NORMA-20660,444
1,NORMA-18646,445
1,NORMA-18555,446
1,NORMA-19559,447
1,NORMA-21282,448
1,NORMA-19293,449
1,NORMA-19369,450
1,NORMA-18756,451
1,NORMA-20967,452
1,NORMA-19603,453
1,NORMA-18776,454
1,NORMA-20198,455
1,NORMA-20422,456
1,NORMA-19347,457
1,NORMA-18547,458
1,NORMA-21194,459
1,NORMA-18878,460
1,NORMA-18327,461
1,NORMA-21519,462
1,NORMA-19355,463
1,NORMA-18861,464
1,NORMA-21448,465
1,NORMA-18959,466
1,NORMA-20553,467
1,NORMA-20550,468
1,NORMA-20016,469
1,NORMA-19380,470
1,NORMA-19346,471
1,NORMA-19500,472
1,NORMA-19465,473
1,NORMA-18596,474
1,NORMA-18777,475
1,NORMA-21534,476
1,NORMA-19348,477
1,NORMA-2386,478
1,NORMA-19079,479
1,NORMA-20666,480
1,NORMA-21769,481
1,NORMA-19564,482
1,NORMA-27161,483
1,NORMA-21636,484
1,NORMA-19548,485
1,NORMA-18499,486
1,NORMA-18498,487
1,NORMA-18473,488
1,NORMA-20736,489
1,NORMA-24561,490
1,NORMA-19372,491
1,NORMA-18743,492
1,NORMA-21094,493
1,NORMA-19345,494
1,NORMA-122,495
1,NORMA-20080,496
1,NORMA-20562,497
1,NORMA-21552,498
1,NORMA-20563,499
1,NORMA-21576,500
1,NORMA-20854,501
1,NORMA-19389,502
1,NORMA-19586,503
1,NORMA-18693,504
1,NORMA-18759,505
1,NORMA-19955,506
1,NORMA-21601,507
1,NORMA-19130,508
1,NORMA-20289,509
1,NORMA-20282,510
1,NORMA-20727,511
1,NORMA-25202,512
1,NORMA-18751,513
1,NORMA-21715,514
1,NORMA-21714,515
1,NORMA-18260,516
1,NORMA-18443,517
1,NORMA-18354,518
1,NORMA-18400,519
1,NORMA-21612,520
1,NORMA-18600,521
1,NORMA-18381,522
1,NORMA-18744,523
1,NORMA-20295,524
1,NORMA-20602,525
1,NORMA-21290,526
1,NORMA-19428,527
1,NORMA-18606,528
1,NORMA-20523,529
1,NORMA-18968,530
1,NORMA-19197,531
1,NORMA-20909,532
1,NORMA-20718,533
1,NORMA-19115,534
1,NORMA-18641,535
1,NORMA-21129,536
1,NORMA-20320,537
1,NORMA-18341,538
1,NORMA-21284,539
1,NORMA-19147,540
1,NORMA-19071,541
1,NORMA-19315,542
1,NORMA-18252,543
1,NORMA-18914,544
1,NORMA-21566,545
1,NORMA-19258,546
1,NORMA-18615,547
1,NORMA-18399,548
1,NORMA-21108,549
1,NORMA-19977,550
1,NORMA-21571,551
1,NORMA-19709,552
1,NORMA-18875,553
1,NORMA-19434,554
1,NORMA-21370,555
1,NORMA-18651,556
1,NORMA-18623,557
1,NORMA-19906,558
1,NORMA-20517,559
1,NORMA-18707,560
1,NORMA-20313,561
1,NORMA-21681,562
1,NORMA-20810,563
1,NORMA-20756,564
1,NORMA-13675,565
1,NORMA-19514,566
1,NORMA-18639,567
1,NORMA-18609,568
1,NORMA-18557,569
1,NORMA-18246,570
1,NORMA-20876,571
1,NORMA-20007,572
1,NORMA-20216,573
1,NORMA-18573,574
1,NORMA-18335,575
1,NORMA-18416,576
1,NORMA-19919,577
1,NORMA-21548,578
1,NORMA-21280,579
1,NORMA-19609,580
1,NORMA-19443,581
1,NORMA-18617,582
1,NORMA-18731,583
1,NORMA-21232,584
1,NORMA-19482,585
1,NORMA-19066,586
1,NORMA-18821,587
1,NORMA-19950,588
1,NORMA-19148,589
1,NORMA-19070,590
1,NORMA-20461,591
1,NORMA-18346,592
1,NORMA-14923,593
1,NORMA-21297,594
1,NORMA-18255,595
1,NORMA-20572,596
1,NORMA-19891,597
1,NORMA-19091,598
1,NORMA-19032,599
1,NORMA-18880,600
1,NORMA-19187,601
1,NORMA-19134,602
1,NORMA-20868,603
1,NORMA-24905,604
1,NORMA-21355,605
1,NORMA-19491,606
1,NORMA-19902,607
1,NORMA-21556,608
1,NORMA-19309,609
1,NORMA-19215,610
1,NORMA-18794,611
1,NORMA-20348,612
1,NORMA-19926,613
1,NORMA-18896,614
1,NORMA-1229,615
1,NORMA-20734,616
1,NORMA-21394,617
1,NORMA-26362,618
1,NORMA-19282,619
1,NORMA-18710,620
1,NORMA-18532,621
1,NORMA-18329,622
1,NORMA-18275,623
1,NORMA-19535,624
1,NORMA-20333,625
1,NORMA-20869,626
1,NORMA-20962,627
1,NORMA-26641,628
1,NORMA-20466,629
1,NORMA-20576,630
1,NORMA-2413,631
1,NORMA-20197,632
1,NORMA-21183,633
1,NORMA-20573,634
1,NORMA-21650,635
1,NORMA-18830,636
1,NORMA-20448,637
1,NORMA-21752,638
1,NORMA-21416,639
1,NORMA-21270,640
1,NORMA-18738,641
1,NORMA-19008,642
1,NORMA-20130,643
1,NORMA-18288,644
1,NORMA-20543,645
1,NORMA-20805,646
1,NORMA-20519,647
1,NORMA-21532,648
1,NORMA-21674,649
1,NORMA-20457,650
1,NORMA-21004,651
1,NORMA-19904,652
1,NORMA-20070,653
1,NORMA-19636,654
1,NORMA-18829,655
1,NORMA-19701,656
1,NORMA-20471,657
1,NORMA-18846,658
1,NORMA-19479,659
1,NORMA-18972,660
1,NORMA-19311,661
1,NORMA-19018,662
1,NORMA-18313,663
1,NORMA-20312,664
1,NORMA-20591,665
1,NORMA-19307,666
1,NORMA-19082,667
1,NORMA-18326,668
1,NORMA-21093,669
1,NORMA-20547,670
1,NORMA-20297,671
1,NORMA-20570,672
1,NORMA-21203,673
1,NORMA-18286,674
1,NORMA-21597,675
1,NORMA-21617,676
1,NORMA-18253,677
1,NORMA-20298,678
1,NORMA-21386,679
1,NORMA-19188,680
1,NORMA-20326,681
1,NORMA-20318,682
1,NORMA-19423,683
1,NORMA-18857,684
1,NORMA-19291,685
1,NORMA-20251,686
1,NORMA-21025,687
1,NORMA-18991,688
1,NORMA-20508,689
1,NORMA-1613,690
1,NORMA-20915,691
1,NORMA-20364,692
1,NORMA-19962,693
1,NORMA-28623,694
1,NORMA-19310,695
1,NORMA-18848,696
1,NORMA-19122,697
1,NORMA-19265,698
1,NORMA-20479,699
1,NORMA-20347,700
1,NORMA-20323,701
1,NORMA-21563,702
1,NORMA-21622,703
1,NORMA-18635,704
1,NORMA-20063,705
1,NORMA-6185,706
1,NORMA-20831,707
1,NORMA-18247,708
1,NORMA-21772,709
1,NORMA-20486,710
1,NORMA-9834,711
1,NORMA-18701,712
1,NORMA-21381,713
1,NORMA-20067,714
1,NORMA-19762,715
1,NORMA-19194,716
1,NORMA-18245,717
1,NORMA-18625,718
1,NORMA-766,719
1,NORMA-18681,720
1,NORMA-25645,721
1,NORMA-20703,722
1,NORMA-18290,723
1,NORMA-9382,724
1,NORMA-20088,725
1,NORMA-20409,726
1,NORMA-20491,727
1,NORMA-972,728
1,NORMA-72,729
1,NORMA-20500,730
1,NORMA-20537,731
1,NORMA-19593,732
1,NORMA-21353,733
1,NORMA-19765,734
1,NORMA-20423,735
1,NORMA-18961,736
1,NORMA-21500,737
1,NORMA-18958,738
1,NORMA-23521,739
1,NORMA-20373,740
1,NORMA-20552,741
1,NORMA-20802,742
1,NORMA-20069,743
1,NORMA-21793,744
1,NORMA-21281,745
1,NORMA-20544,746
1,NORMA-19013,747
1,NORMA-18757,748
1,NORMA-28561,749
1,NORMA-19718,750
1,NORMA-26981,751
1,NORMA-20590,752
1,NORMA-19723,753
1,NORMA-18741,754
1,NORMA-21168,755
1,NORMA-19461,756
1,NORMA-19806,757
1,NORMA-19700,758
1,NORMA-19549,759
1,NORMA-18696,760
1,NORMA-20432,761
1,NORMA-19982,762
1,NORMA-21001,763
1,NORMA-21237,764
1,NORMA-21200,765
1,NORMA-18568,766
1,NORMA-21668,767
1,NORMA-21763,768
1,NORMA-19273,769
1,NORMA-21797,770
1,NORMA-21711,771
1,NORMA-19731,772
1,NORMA-19304,773
1,NORMA-19296,774
1,NORMA-19402,775
1,NORMA-21528,776
1,NORMA-21016,777
1,NORMA-20761,778
1,NORMA-20192,779
1,NORMA-19786,780
1,NORMA-21336,781
1,NORMA-261,782
1,NORMA-25722,783
1,NORMA-21310,784
1,NORMA-20207,785
1,NORMA-21177,786
1,NORMA-21615,787
1,NORMA-19353,788
1,NORMA-21074,789
1,NORMA-19694,790
1,NORMA-20050,791
1,NORMA-21453,792
1,NORMA-18343,793
1,NORMA-19550,794
1,NORMA-21087,795
1,NORMA-20055,796
1,NORMA-27521,797
1,NORMA-21680,798
1,NORMA-19624,799
1,NORMA-20532,800
1,NORMA-20974,801
1,NORMA-21568,802
1,NORMA-19555,803
1,NORMA-20346,804
1,NORMA-807,805
1,NORMA-21655,806
1,NORMA-19536,807
1,NORMA-19144,808
1,NORMA-18629,809
1,NORMA-1863,810
1,NORMA-18970,811
1,NORMA-21570,812
1,NORMA-20492,813
1,NORMA-19142,814
1,NORMA-20355,815
1,NORMA-21098,816
1,NORMA-21007,817
1,NORMA-20857,818
1,NORMA-20839,819
1,NORMA-19662,820
1,NORMA-21254,821
1,NORMA-19246,822
1,NORMA-19797,823
1,NORMA-19424,824
1,NORMA-19578,825
1,NORMA-21530,826
1,NORMA-19681,827
1,NORMA-19076,828
1,NORMA-18916,829
1,NORMA-21693,830
1,NORMA-819,831
1,NORMA-19457,832
1,NORMA-19724,833
1,NORMA-18511,834
1,NORMA-20464,835
1,NORMA-19781,836
1,NORMA-21486,837
1,NORMA-20578,838
1,NORMA-18884,839
1,NORMA-19557,840
1,NORMA-21435,841
1,NORMA-19674,842
1,NORMA-19276,843
1,NORMA-21542,844
1,NORMA-21623,845
1,NORMA-21311,846
1,NORMA-18524,847
1,NORMA-21230,848
1,NORMA-19350,849
1,NORMA-18633,850
1,NORMA-18440,851
1,NORMA-19452,852
1,NORMA-18778,853
1,NORMA-19922,854
1,NORMA-21614,855
1,NORMA-29005,856
1,NORMA-27501,857
1,NORMA-21462,858
1,NORMA-19525,859
1,NORMA-18592,860
1,NORMA-19277,861
1,NORMA-18357,862
1,NORMA-20015,863
1,NORMA-21006,864
1,NORMA-19497,865
1,NORMA-21545,866
1,NORMA-19541,867
1,NORMA-18389,868
1,NORMA-13323,869
1,NORMA-19679,870
1,NORMA-18240,871
1,NORMA-20737,872
1,NORMA-21421,873
1,NORMA-19450,874
1,NORMA-19278,875
1,NORMA-18368,876
1,NORMA-19352,877
1,NORMA-21487,878
1,NORMA-21751,879
1,NORMA-19321,880
1,NORMA-19158,881
1,NORMA-21358,882
1,NORMA-18616,883
1,NORMA-18910,884
1,NORMA-20605,885
1,NORMA-20077,886
1,NORMA-21725,887
1,NORMA-21593,888
1,NORMA-18812,889
1,NORMA-380,890
1,NORMA-19354,891
1,NORMA-18747,892
1,NORMA-19554,893
1,NORMA-21219,894
1,NORMA-18746,895
1,NORMA-21582,896
1,NORMA-19698,897
1,NORMA-21138,898
1,NORMA-19570,899
1,NORMA-9984,900
1,NORMA-21192,901
1,NORMA-18558,902
1,NORMA-20966,903
1,NORMA-19787,904
1,NORMA-20129,905
1,NORMA-21460,906
1,NORMA-20799,907
1,NORMA-18282,908
1,NORMA-21208,909
1,NORMA-20185,910
1,NORMA-19725,911
1,NORMA-19403,912
1,NORMA-18569,913
1,NORMA-19098,914
1,NORMA-10691,915
1,NORMA-26885,916
1,NORMA-19139,917
1,NORMA-18464,918
1,NORMA-20338,919
1,NORMA-21097,920
1,NORMA-21186,921
1,NORMA-15581,922
1,NORMA-19652,923
1,NORMA-18336,924
1,NORMA-20494,925
1,NORMA-18818,926
1,NORMA-21154,927
1,NORMA-21780,928
1,NORMA-19027,929
1,NORMA-21685,930
1,NORMA-18536,931
1,NORMA-20046,932
1,NORMA-21732,933
1,NORMA-20370,934
1,NORMA-18262,935
1,NORMA-20794,936
1,NORMA-19174,937
1,NORMA-20204,938
1,NORMA-18587,939
1,NORMA-18285,940
1,NORMA-19597,941
1,NORMA-20131,942
1,NORMA-19022,943
1,NORMA-21624,944
1,NORMA-18513,945
1,NORMA-19961,946
1,NORMA-20290,947
1,NORMA-20209,948
1,NORMA-21469,949
1,NORMA-18469,950
1,NORMA-21090,951
1,NORMA-19798,952
1,NORMA-18257,953
1,NORMA-18305,954
1,NORMA-18470,955
1,NORMA-20206,956
1,NORMA-18258,957
1,NORMA-18235,958
1,NORMA-18369,959
1,NORMA-18404,960
1,NORMA-19933,961
1,NORMA-20038,962
1,NORMA-20498,963
1,NORMA-19896,964
1,NORMA-19025,965
1,NORMA-19805,966
1,NORMA-21255,967
1,NORMA-21393,968
1,NORMA-19023,969
1,NORMA-20803,970
1,NORMA-11655,971
1,NORMA-19683,972
1,NORMA-20818,973
1,NORMA-20560,974
1,NORMA-21289,975
1,NORMA-18586,976
1,NORMA-18704,977
1,NORMA-20577,978
1,NORMA-14239,979
1,NORMA-21228,980
1,NORMA-21694,981
1,NORMA-19012,982
1,NORMA-21537,983
1,NORMA-18344,984
1,NORMA-18372,985
1,NORMA-18373,986
1,NORMA-20183,987
1,NORMA-18256,988
1,NORMA-18888,989
1,NORMA-14263,990
1,NORMA-18711,991
1,NORMA-18692,992
1,NORMA-21023,993
1,NORMA-21795,994
1,NORMA-21406,995
1,NORMA-21759,996
1,NORMA-20955,997
1,NORMA-19175,998
1,NORMA-18394,999
1,NORMA-21384,1000
2,NORMA-18741,1
2,NORMA-18528,2
2,NORMA-6968,3
2,NORMA-6176,4
2,NORMA-13990,5
2,NORMA-18673,6
2,NORMA-19408,7
2,NORMA-10298,8
2,NORMA-13848,9
2,NORMA-20790,10
2,NORMA-21586,11
2,NORMA-12492,12
2,NORMA-21269,13
2,NORMA-21637,14
2,NORMA-21344,15
2,NORMA-21613,16
2,NORMA-5380,17
2,NORMA-21638,18
2,NORMA-18967,19
2,NORMA-5335,20
2,NORMA-11419,21
2,NORMA-21361,22
2,NORMA-20139,23
2,NORMA-21535,24
2,NORMA-10986,25
2,NORMA-8442,26
2,NORMA-10843,27
2,NORMA-12314,28
2,NORMA-11352,29
2,NORMA-21155,30
2,NORMA-21443,31
2,NORMA-21404,32
2,NORMA-11184,33
2,NORMA-11186,34
2,NORMA-18842,35
2,NORMA-7867,36
2,NORMA-12380,37
2,NORMA-5336,38
2,NORMA-8212,39
2,NORMA-5185,40
2,NORMA-27362,41
2,NORMA-12516,42
2,NORMA-15358,43
2,NORMA-11185,44
2,NORMA-16402,45
2,NORMA-12371,46
2,NORMA-18910,47
2,NORMA-19674,48
2,NORMA-8121,49
2,NORMA-12379,50
2,NORMA-5337,51
2,NORMA-18970,52
2,NORMA-14366,53
2,NORMA-12899,54
2,NORMA-23301,55
2,NORMA-12517,56
2,NORMA-15118,57
2,NORMA-27363,58
2,NORMA-20491,59
2,NORMA-23361,60
2,NORMA-646,61
2,NORMA-26804,62
2,NORMA-20766,63
2,NORMA-27361,64
2,NORMA-21281,65
2,NORMA-20762,66
2,NORMA-11459,67
2,NORMA-27550,68
2,NORMA-28802,69
2,NORMA-21277,70
2,NORMA-19973,71
2,NORMA-19961,72
2,NORMA-21275,73
2,NORMA-21649,74
2,NORMA-25964,75
2,NORMA-18753,76
2,NORMA-20921,77
2,NORMA-21231,78
2,NORMA-21497,79
2,NORMA-15427,80
2,NORMA-15465,81
2,NORMA-4500,82
2,NORMA-4792,83
2,NORMA-21402,84
2,NORMA-27366,85
2,NORMA-21283,86
2,NORMA-20619,87
2,NORMA-14744,88
2,NORMA-19939,89
2,NORMA-18577,90
2,NORMA-22001,91
2,NORMA-12113,92
2,NORMA-12490,93
2,NORMA-21301,94
2,NORMA-12965,95
2,NORMA-13954,96
2,NORMA-12911,97
2,NORMA-12437,98
2,NORMA-12880,99
2,NORMA-13514,100
2,NORMA-14113,101
2,NORMA-19712,102
2,NORMA-21640,103
2,NORMA-19969,104
2,NORMA-24102,105
2,NORMA-21391,106
2,NORMA-17281,107
2,NORMA-21538,108
2,NORMA-20963,109
2,NORMA-6521,110
2,NORMA-6291,111
2,NORMA-14390,112
2,NORMA-21201,113
2,NORMA-6315,114
2,NORMA-18211,115
2,NORMA-20157,116
2,NORMA-15028,117
2,NORMA-18730,118
2,NORMA-1485,119
2,NORMA-1365,120
2,NORMA-12972,121
2,NORMA-19278,122
2,NORMA-31905,123
2,NORMA-13995,124
2,NORMA-3735,125
2,NORMA-8575,126
2,NORMA-11144,127
2,NORMA-21400,128
2,NORMA-19182,129
2,NORMA-3642,130
2,NORMA-5381,131
2,NORMA-20705,132
2,NORMA-21697,133
2,NORMA-19371,134
2,NORMA-7525,135
2,NORMA-21474,136
2,NORMA-19281,137
2,NORMA-7241,138
2,NORMA-19648,139
2,NORMA-23027,140
2,NORMA-13835,141
2,NORMA-3638,142
2,NORMA-21764,143
2,NORMA-19844,144
2,NORMA-21360,145
2,NORMA-11901,146
2,NORMA-21298,147
2,NORMA-4634,148
2,NORMA-19167,149
2,NORMA-27562,150
2,NORMA-21562,151
2,NORMA-11505,152
2,NORMA-21774,153
2,NORMA-13912,154
2,NORMA-18769,155
2,NORMA-14666,156
2,NORMA-25723,157
2,NORMA-20800,158
2,NORMA-6651,159
2,NORMA-13883,160
2,NORMA-14429,161
2,NORMA-14974,162
2,NORMA-14208,163
2,NORMA-13519,164
2,NORMA-18906,165
2,NORMA-12159,166
2,NORMA-14345,167
2,NORMA-14498,168
2,NORMA-13229,169
2,NORMA-20536,170
2,NORMA-20223,171
2,NORMA-12649,172
2,NORMA-19206,173
2,NORMA-13594,174
2,NORMA-6599,175
2,NORMA-10365,176
2,NORMA-15027,177
2,NORMA-18604,178
2,NORMA-21120,179
2,NORMA-10925,180
2,NORMA-19444,181
2,NORMA-12345,182
2,NORMA-15382,183
2,NORMA-18536,184
2,NORMA-14587,185
2,NORMA-13903,186
2,NORMA-15134,187
2,NORMA-6856,188
2,NORMA-17061,189
2,NORMA-19337,190
2,NORMA-15328,191
2,NORMA-18529,192
2,NORMA-19088,193
2,NORMA-18327,194
2,NORMA-19802,195
2,NORMA-13711,196
2,NORMA-19846,197
2,NORMA-14652,198
2,NORMA-20235,199
2,NORMA-12569,200
2,NORMA-14703,201
2,NORMA-12442,202
2,NORMA-6326,203
2,NORMA-4736,204
2,NORMA-6769,205
2,NORMA-6451,206
2,NORMA-12975,207
2,NORMA-21746,208
2,NORMA-20108,209
2,NORMA-7146,210
2,NORMA-20159,211
2,NORMA-10931,212
2,NORMA-19192,213
2,NORMA-12228,214
2,NORMA-21291,215
2,NORMA-9792,216
2,NORMA-21238,217
2,NORMA-13298,218
2,NORMA-20240,219
2,NORMA-20996,220
2,NORMA-19639,221
2,NORMA-27449,222
2,NORMA-19764,223
2,NORMA-26163,224
2,NORMA-12837,225
2,NORMA-1516,226
2,NORMA-14474,227
2,NORMA-1463,228
2,NORMA-9681,229
2,NORMA-9067,230
2,NORMA-21185,231
2,NORMA-19542,232
2,NORMA-18337,233
2,NORMA-19020,234
2,NORMA-20135,235
2,NORMA-10745,236
2,NORMA-10590,237
2,NORMA-20761,238
2,NORMA-10534,239
2,NORMA-21177,240
2,NORMA-18685,241
2,NORMA-10347,242
2,NORMA-20302,243
2,NORMA-21434,244
2,NORMA-18339,245
2,NORMA-11292,246
2,NORMA-19645,247
2,NORMA-18747,248
2,NORMA-18827,249
2,NORMA-18886,250
2,NORMA-14629,251
2,NORMA-20523,252
2,NORMA-20056,253
2,NORMA-12161,254
2,NORMA-18691,255
2,NORMA-10219,256
2,NORMA-18591,257
2,NORMA-463,258
2,NORMA-18237,259
2,NORMA-21420,260
2,NORMA-3662,261
2,NORMA-19583,262
2,NORMA-3966,263
2,NORMA-20300,264
2,NORMA-9854,265
2,NORMA-14279,266
2,NORMA-19330,267
2,NORMA-13791,268
2,NORMA-21252,269
2,NORMA-20230,270
2,NORMA-11736,271
2,NORMA-21747,272
2,NORMA-1222,273
2,NORMA-11760,274
2,NORMA-19205,275
2,NORMA-21166,276
2,NORMA-1620,277
2,NORMA-21648,278
2,NORMA-19581,279
2,NORMA-21515,280
2,NORMA-18934,281
2,NORMA-21690,282
2,NORMA-19442,283
2,NORMA-19629,284
2,NORMA-19729,285
2,NORMA-27687,286
2,NORMA-20613,287
2,NORMA-18225,288
2,NORMA-11687,289
2,NORMA-6253,290
2,NORMA-21159,291
2,NORMA-10119,292
2,NORMA-6140,293
2,NORMA-7113,294
2,NORMA-6783,295
2,NORMA-20432,296
2,NORMA-10029,297
2,NORMA-8435,298
2,NORMA-10044,299
2,NORMA-9871,300
2,NORMA-11632,301
2,NORMA-7386,302
2,NORMA-7222,303
2,NORMA-11734,304
2,NORMA-20091,305
2,NORMA-19426,306
2,NORMA-7225,307
2,NORMA-18697,308
2,NORMA-21634,309
2,NORMA-9724,310
2,NORMA-18462,311
2,NORMA-18962,312
2,NORMA-21461,313
2,NORMA-15211,314
2,NORMA-18418,315
2,NORMA-18748,316
2,NORMA-19609,317
2,NORMA-12067,318
2,NORMA-19573,319
2,NORMA-21286,320
2,NORMA-3503,321
2,NORMA-6851,322
2,NORMA-11731,323
2,NORMA-6948,324
2,NORMA-21521,325
2,NORMA-8028,326
2,NORMA-13174,327
2,NORMA-21437,328
2,NORMA-12060,329
2,NORMA-19092,330
2,NORMA-18669,331
2,NORMA-19704,332
2,NORMA-21631,333
2,NORMA-20219,334
2,NORMA-21784,335
2,NORMA-19328,336
2,NORMA-1812,337
2,NORMA-19515,338
2,NORMA-18436,339
2,NORMA-13469,340
2,NORMA-21650,341
2,NORMA-21688,342
2,NORMA-11589,343
2,NORMA-18531,344
2,NORMA-11686,345
2,NORMA-21126,346
2,NORMA-11108,347
2,NORMA-11433,348
2,NORMA-11688,349
2,NORMA-17321,350
2,NORMA-10999,351
2,NORMA-12248,352
2,NORMA-12247,353
2,NORMA-24042,354
2,NORMA-11767,355
2,NORMA-11569,356
2,NORMA-25501,357
2,NORMA-11633,358
2,NORMA-11876,359
2,NORMA-12063,360
2,NORMA-11875,361
2,NORMA-24524,362
2,NORMA-2470,363
2,NORMA-21490,364
2,NORMA-12237,365
2,NORMA-19682,366
2,NORMA-11796,367
2,NORMA-11854,368
2,NORMA-18638,369
2,NORMA-12255,370
2,NORMA-12249,371
2,NORMA-19255,372
2,NORMA-12246,373
2,NORMA-12017,374
2,NORMA-12099,375
2,NORMA-11616,376
2,NORMA-10920,377
2,NORMA-11795,378
2,NORMA-3502,379
2,NORMA-19498,380
2,NORMA-11921,381
2,NORMA-11777,382
2,NORMA-11862,383
2,NORMA-20564,384
2,NORMA-27761,385
2,NORMA-19235,386
2,NORMA-11791,387
2,NORMA-11525,388
2,NORMA-11793,389
2,NORMA-12103,390
2,NORMA-11813,391
2,NORMA-18533,392
2,NORMA-19546,393
2,NORMA-16202,394
2,NORMA-2478,395
2,NORMA-11874,396
2,NORMA-12009,397
2,NORMA-12092,398
2,NORMA-2376,399
2,NORMA-12020,400
2,NORMA-12055,401
2,NORMA-2483,402
2,NORMA-12094,403
2,NORMA-11805,404
2,NORMA-11475,405
2,NORMA-11804,406
2,NORMA-12197,407
2,NORMA-23321,408
2,NORMA-13402,409
2,NORMA-29163,410
2,NORMA-18472,411
2,NORMA-11853,412
2,NORMA-12019,413
2,NORMA-11779,414
2,NORMA-12104,415
2,NORMA-11563,416
2,NORMA-18994,417
2,NORMA-12739,418
2,NORMA-21756,419
2,NORMA-19029,420
2,NORMA-11857,421
2,NORMA-11776,422
2,NORMA-11576,423
2,NORMA-11477,424
2,NORMA-11871,425
2,NORMA-12172,426
2,NORMA-11562,427
2,NORMA-28585,428
2,NORMA-11557,429
2,NORMA-2362,430
2,NORMA-11620,431
2,NORMA-11877,432
2,NORMA-11765,433
2,NORMA-11866,434
2,NORMA-11733,435
2,NORMA-11679,436
2,NORMA-11571,437
2,NORMA-12030,438
2,NORMA-11870,439
2,NORMA-11528,440
2,NORMA-12163,441
2,NORMA-18274,442
2,NORMA-11806,443
2,NORMA-12236,444
2,NORMA-11771,445
2,NORMA-19261,446
2,NORMA-11670,447
2,NORMA-12031,448
2,NORMA-1841,449
2,NORMA-18361,450
2,NORMA-11627,451
2,NORMA-11606,452
2,NORMA-11712,453
2,NORMA-21276,454
2,NORMA-12052,455
2,NORMA-11770,456
2,NORMA-11772,457
2,NORMA-11603,458
2,NORMA-1100,459
2,NORMA-12021,460
2,NORMA-18675,461
2,NORMA-12235,462
2,NORMA-919,463
2,NORMA-1455,464
2,NORMA-11523,465
2,NORMA-1446,466
2,NORMA-12170,467
2,NORMA-2190,468
2,NORMA-11669,469
2,NORMA-20870,470
2,NORMA-1170,471
2,NORMA-11556,472
2,NORMA-11761,473
2,NORMA-1438,474
2,NORMA-21709,475
2,NORMA-19940,476
2,NORMA-19385,477
2,NORMA-11762,478
2,NORMA-11524,479
2,NORMA-11769,480
2,NORMA-999,481
2,NORMA-1310,482
2,NORMA-11613,483
2,NORMA-11673,484
2,NORMA-2207,485
2,NORMA-11559,486
2,NORMA-11799,487
2,NORMA-12018,488
2,NORMA-12171,489
2,NORMA-11872,490
2,NORMA-19716,491
2,NORMA-12025,492
2,NORMA-11855,493
2,NORMA-2378,494
2,NORMA-2534,495
2,NORMA-11671,496
2,NORMA-11512,497
2,NORMA-21766,498
2,NORMA-2390,499
2,NORMA-2694,500
2,NORMA-11568,501
2,NORMA-11610,502
2,NORMA-11520,503
2,NORMA-19857,504
2,NORMA-7280,505
2,NORMA-11997,506
2,NORMA-1178,507
2,NORMA-1515,508
2,NORMA-2475,509
2,NORMA-11663,510
2,NORMA-19563,511
2,NORMA-1863,512
2,NORMA-19700,513
2,NORMA-11758,514
2,NORMA-11667,515
2,NORMA-11790,516
2,NORMA-11575,517
2,NORMA-2383,518
2,NORMA-11716,519
2,NORMA-2551,520
2,NORMA-515,521
2,NORMA-11768,522
2,NORMA-11473,523
2,NORMA-11664,524
2,NORMA-11721,525
2,NORMA-11766,526
2,NORMA-11564,527
2,NORMA-11526,528
2,NORMA-18207,529
2,NORMA-984,530
2,NORMA-18816,531
2,NORMA-745,532
2,NORMA-2421,533
2,NORMA-18963,534
2,NORMA-12164,535
2,NORMA-11732,536
2,NORMA-26701,537
2,NORMA-11666,538
2,NORMA-12005,539
2,NORMA-11720,540
2,NORMA-19547,541
2,NORMA-18230,542
2,NORMA-11792,543
2,NORMA-1541,544
2,NORMA-12043,545
2,NORMA-18819,546
2,NORMA-18838,547
2,NORMA-11517,548
2,NORMA-13158,549
2,NORMA-21224,550
2,NORMA-11719,551
2,NORMA-21785,552
2,NORMA-19779,553
2,NORMA-21445,554
2,NORMA-20920,555
2,NORMA-11574,556
2,NORMA-12012,557
2,NORMA-1452,558
2,NORMA-11558,559
2,NORMA-11680,560
2,NORMA-11560,561
2,NORMA-3001,562
2,NORMA-18213,563
2,NORMA-19424,564
2,NORMA-20046,565
2,NORMA-11621,566
2,NORMA-11597,567
2,NORMA-11602,568
2,NORMA-11561,569
2,NORMA-18600,570
2,NORMA-21199,571
2,NORMA-11572,572
2,NORMA-570,573
2,NORMA-11710,574
2,NORMA-19000,575
2,NORMA-21428,576
2,NORMA-5226,577
2,NORMA-2554,578
2,NORMA-14937,579
2,NORMA-22061,580
2,NORMA-11922,581
2,NORMA-21739,582
2,NORMA-20217,583
2,NORMA-11920,584
2,NORMA-12027,585
2,NORMA-12097,586
2,NORMA-21232,587
2,NORMA-11729,588
2,NORMA-1144,589
2,NORMA-72,590
2,NORMA-6673,591
2,NORMA-18341,592
2,NORMA-18439,593
2,NORMA-18364,594
2,NORMA-11577,595
2,NORMA-19440,596
2,NORMA-11522,597
2,NORMA-11717,598
2,NORMA-1217,599
2,NORMA-25281,600
2,NORMA-11516,601
2,NORMA-19650,602
2,NORMA-21282,603
2,NORMA-11578,604
2,NORMA-18233,605
2,NORMA-20846,606
2,NORMA-2387,607
2,NORMA-11519,608
2,NORMA-985,609
2,NORMA-7027,610
2,NORMA-15603,611
2,NORMA-2452,612
2,NORMA-11998,613
2,NORMA-14990,614
2,NORMA-11742,615
2,NORMA-11672,616
2,NORMA-11604,617
2,NORMA-21790,618
2,NORMA-12010,619
2,NORMA-18306,620
2,NORMA-8458,621
2,NORMA-18772,622
2,NORMA-19481,623
2,NORMA-1419,624
2,NORMA-553,625
2,NORMA-18298,626
2,NORMA-17221,627
2,NORMA-7953,628
2,NORMA-8278,629
2,NORMA-1192,630
2,NORMA-18653,631
2,NORMA-18181,632
2,NORMA-11565,633
2,NORMA-10200,634
2,NORMA-1334,635
2,NORMA-21211,636
2,NORMA-11723,637
2,NORMA-21414,638
2,NORMA-11722,639
2,NORMA-11631,640
2,NORMA-19606,641
2,NORMA-1164,642
2,NORMA-30663,643
2,NORMA-18214,644
2,NORMA-17182,645
2,NORMA-21052,646
2,NORMA-21668,647
2,NORMA-18802,648
2,NORMA-1296,649
2,NORMA-18985,650
2,NORMA-11865,651
2,NORMA-2428,652
2,NORMA-12046,653
2,NORMA-21752,654
2,NORMA-18395,655
2,NORMA-21626,656
2,NORMA-2530,657
2,NORMA-893,658
2,NORMA-21553,659
2,NORMA-13160,660
2,NORMA-19096,661
2,NORMA-10034,662
2,NORMA-21431,663
2,NORMA-6669,664
2,NORMA-21550,665
2,NORMA-13523,666
2,NORMA-760,667
2,NORMA-11802,668
2,NORMA-11567,669
2,NORMA-11511,670
2,NORMA-19526,671
2,NORMA-1288,672
2,NORMA-11780,673
2,NORMA-11674,674
2,NORMA-21141,675
2,NORMA-995,676
2,NORMA-18542,677
2,NORMA-11515,678
2,NORMA-19798,679
2,NORMA-22941,680
2,NORMA-19755,681
2,NORMA-18996,682
2,NORMA-6636,683
2,NORMA-18981,684
2,NORMA-22644,685
2,NORMA-2399,686
2,NORMA-12910,687
2,NORMA-19240,688
2,NORMA-18438,689
2,NORMA-21478,690
2,NORMA-54,691
2,NORMA-11518,692
2,NORMA-12107,693
2,NORMA-18806,694
2,NORMA-14459,695
2,NORMA-20220,696
2,NORMA-11316,697
2,NORMA-21440,698
2,NORMA-19513,699
2,NORMA-21484,700
2,NORMA-2395,701
2,NORMA-1740,702
2,NORMA-13997,703
2,NORMA-22841,704
2,NORMA-11718,705
2,NORMA-21596,706
2,NORMA-2377,707
2,NORMA-18349,708
2,NORMA-13622,709
2,NORMA-13659,710
2,NORMA-21661,711
2,NORMA-18554,712
2,NORMA-19691,713
2,NORMA-19437,714
2,NORMA-26181,715
2,NORMA-15068,716
2,NORMA-21036,717
2,NORMA-21439,718
2,NORMA-219,719
2,NORMA-1545,720
2,NORMA-28641,721
2,NORMA-18546,722
2,NORMA-21544,723
2,NORMA-19203,724
2,NORMA-19694,725
2,NORMA-21609,726
2,NORMA-19627,727
2,NORMA-14858,728
2,NORMA-19529,729
2,NORMA-53,730
2,NORMA-21417,731
2,NORMA-19803,732
2,NORMA-19223,733
2,NORMA-7663,734
2,NORMA-9111,735
2,NORMA-15203,736
2,NORMA-12049,737
2,NORMA-12942,738
2,NORMA-11751,739
2,NORMA-25522,740
2,NORMA-13555,741
2,NORMA-10055,742
2,NORMA-25803,743
2,NORMA-19172,744
2,NORMA-10762,745
2,NORMA-2503,746
2,NORMA-6398,747
2,NORMA-13508,748
2,NORMA-21390,749
2,NORMA-19124,750
2,NORMA-6414,751
2,NORMA-23341,752
2,NORMA-2145,753
2,NORMA-1924,754
2,NORMA-417,755
2,NORMA-23461,756
2,NORMA-19230,757
2,NORMA-12026,758
2,NORMA-21351,759
2,NORMA-15802,760
2,NORMA-28182,761
2,NORMA-1945,762
2,NORMA-6672,763
2,NORMA-18865,764
2,NORMA-28441,765
2,NORMA-13818,766
2,NORMA-20866,767
2,NORMA-1909,768
2,NORMA-21763,769
2,NORMA-21230,770
2,NORMA-21585,771
2,NORMA-20976,772
2,NORMA-13968,773
2,NORMA-19213,774
2,NORMA-21218,775
2,NORMA-3757,776
2,NORMA-19510,777
2,NORMA-23701,778
2,NORMA-2558,779
2,NORMA-27442,780
2,NORMA-2542,781
2,NORMA-21703,782
2,NORMA-20099,783
2,NORMA-11611,784
2,NORMA-6698,785
2,NORMA-20160,786
2,NORMA-772,787
2,NORMA-19866,788
2,NORMA-27221,789
2,NORMA-21663,790
2,NORMA-19615,791
2,NORMA-19621,792
2,NORMA-6396,793
2,NORMA-11864,794
2,NORMA-21710,795
2,NORMA-25981,796
2,NORMA-18658,797
2,NORMA-18682,798
2,NORMA-18773,799
2,NORMA-4220,800
2,NORMA-19792,801
2,NORMA-15239,802
2,NORMA-21227,803
2,NORMA-20222,804
2,NORMA-21357,805
2,NORMA-19786,806
2,NORMA-21659,807
2,NORMA-9834,808
2,NORMA-21509,809
2,NORMA-9888,810
2,NORMA-20105,811
2,NORMA-18403,812
2,NORMA-18325,813
2,NORMA-21699,814
2,NORMA-25862,815
2,NORMA-1398,816
2,NORMA-20107,817
2,NORMA-1999,818
2,NORMA-18223,819
2,NORMA-21220,820
2,NORMA-20137,821
2,NORMA-23201,822
2,NORMA-833,823
2,NORMA-28362,824
2,NORMA-21593,825
2,NORMA-12657,826
2,NORMA-19067,827
2,NORMA-18727,828
2,NORMA-22401,829
2,NORMA-11714,830
2,NORMA-13009,831
2,NORMA-18407,832
2,NORMA-19570,833
2,NORMA-6252,834
2,NORMA-21583,835
2,NORMA-20185,836
2,NORMA-10878,837
2,NORMA-11566,838
2,NORMA-969,839
2,NORMA-26723,840
2,NORMA-20122,841
2,NORMA-20873,842
2,NORMA-18539,843
2,NORMA-24061,844
2,NORMA-21608,845
2,NORMA-20997,846
2,NORMA-18219,847
2,NORMA-18548,848
2,NORMA-12006,849
2,NORMA-20911,850
2,NORMA-14613,851
2,NORMA-13715,852
2,NORMA-19923,853
2,NORMA-21170,854
2,NORMA-20999,855
2,NORMA-2522,856
2,NORMA-6318,857
2,NORMA-18303,858
2,NORMA-19535,859
2,NORMA-6623,860
2,NORMA-21413,861
2,NORMA-11614,862
2,NORMA-19303,863
2,NORMA-21388,864
2,NORMA-12323,865
2,NORMA-11715,866
2,NORMA-19431,867
2,NORMA-7110,868
2,NORMA-2188,869
2,NORMA-13111,870
2,NORMA-14982,871
2,NORMA-14054,872
2,NORMA-6679,873
2,NORMA-13521,874
2,NORMA-18208,875
2,NORMA-8384,876
2,NORMA-18239,877
2,NORMA-15246,878
2,NORMA-19094,879
2,NORMA-13722,880
2,NORMA-12994,881
2,NORMA-19972,882
2,NORMA-18537,883
2,NORMA-19387,884
2,NORMA-2049,885
2,NORMA-19818,886
2,NORMA-6962,887
2,NORMA-6641,888
2,NORMA-21131,889
2,NORMA-11665,890
2,NORMA-6621,891
2,NORMA-7012,892
2,NORMA-11588,893
2,NORMA-19929,894
2,NORMA-12992,895
2,NORMA-6256,896
2,NORMA-7384,897
2,NORMA-18602,898
2,NORMA-18754,899
2,NORMA-4572,900
2,NORMA-21137,901
2,NORMA-11868,902
2,NORMA-19616,903
2,NORMA-1317,904
2,NORMA-19788,905
2,NORMA-19493,906
2,NORMA-13610,907
2,NORMA-11798,908
2,NORMA-21319,909
2,NORMA-2531,910
2,NORMA-28961,911
2,NORMA-12002,912
2,NORMA-1035,913
2,NORMA-12048,914
2,NORMA-1098,915
2,NORMA-18502,916
2,NORMA-19738,917
2,NORMA-20398,918
2,NORMA-18574,919
2,NORMA-18843,920
2,NORMA-5503,921
2,NORMA-14658,922
2,NORMA-19110,923
2,NORMA-19519,924
2,NORMA-2333,925
2,NORMA-1420,926
2,NORMA-20215,927
2,NORMA-12035,928
2,NORMA-21026,929
2,NORMA-13217,930
2,NORMA-13971,931
2,NORMA-13707,932
2,NORMA-10821,933
2,NORMA-21591,934
2,NORMA-20207,935
2,NORMA-19623,936
2,NORMA-11975,937
2,NORMA-11829,938
2,NORMA-970,939
2,NORMA-19435,940
2,NORMA-18414,941
2,NORMA-13220,942
2,NORMA-18648,943
2,NORMA-21326,944
2,NORMA-2691,945
2,NORMA-1346,946
2,NORMA-1129,947
2,NORMA-15443,948
2,NORMA-20101,949
2,NORMA-21150,950
2,NORMA-12015,951
2,NORMA-2171,952
2,NORMA-9365,953
2,NORMA-20140,954
2,NORMA-14985,955
2,NORMA-19144,956
2,NORMA-9382,957
2,NORMA-19578,958
2,NORMA-385,959
2,NORMA-328,960
2,NORMA-36,961
2,NORMA-10375,962
2,NORMA-14239,963
2,NORMA-21700,964
2,NORMA-12593,965
2,NORMA-12160,966
2,NORMA-21299,967
2,NORMA-21024,968
2,NORMA-2523,969
2,NORMA-9785,970
2,NORMA-11655,971
2,NORMA-18342,972
2,NORMA-16602,973
2,NORMA-11976,974
2,NORMA-11831,975
2,NORMA-33288,976
2,NORMA-11735,977
2,NORMA-13385,978
2,NORMA-21706,979
2,NORMA-6881,980
2,NORMA-19164,981
2,NORMA-21578,982
2,NORMA-1619,983
2,NORMA-21017,984
2,NORMA-20902,985
2,NORMA-18844,986
2,NORMA-13637,987
2,NORMA-14528,988
2,NORMA-13414,989
2,NORMA-19681,990
2,NORMA-25261,991
2,NORMA-19684,992
2,NORMA-6701,993
2,NORMA-12877,994
2,NORMA-10629,995
2,NORMA-560,996
2,NORMA-27548,997
2,NORMA-13287,998
2,NORMA-12527,999
2,NORMA-11910,1000
3,NORMA-1171,1
3,NORMA-219,2
3,NORMA-19104,3
3,NORMA-772,4
3,NORMA-560,5
3,NORMA-7279,6
3,NORMA-6249,7
3,NORMA-1141,8
3,NORMA-19095,9
3,NORMA-19387,10
3,NORMA-9821,11
3,NORMA-21699,12
3,NORMA-20774,13
3,NORMA-27555,14
3,NORMA-218,15
3,NORMA-18780,16
3,NORMA-21607,17
3,NORMA-21367,18
3,NORMA-1183,19
3,NORMA-21466,20
3,NORMA-19152,21
3,NORMA-534,22
3,NORMA-20909,23
3,NORMA-18816,24
3,NORMA-21258,25
3,NORMA-19755,26
3,NORMA-1674,27
3,NORMA-12102,28
3,NORMA-21508,29
3,NORMA-20077,30
3,NORMA-20336,31
3,NORMA-20292,32
3,NORMA-229,33
3,NORMA-18213,34
3,NORMA-1147,35
3,NORMA-19957,36
3,NORMA-19596,37
3,NORMA-217,38
3,NORMA-1663,39
3,NORMA-20925,40
3,NORMA-1463,41
3,NORMA-6598,42
3,NORMA-20865,43
3,NORMA-20917,44
3,NORMA-19103,45
3,NORMA-26124,46
3,NORMA-1999,47
3,NORMA-22101,48
3,NORMA-21625,49
3,NORMA-27501,50
3,NORMA-21506,51
3,NORMA-2005,52
3,NORMA-19523,53
3,NORMA-19431,54
3,NORMA-332,55
3,NORMA-835,56
3,NORMA-15542,57
3,NORMA-18761,58
3,NORMA-21175,59
3,NORMA-21483,60
3,NORMA-974,61
3,NORMA-11664,62
3,NORMA-972,63
3,NORMA-20871,64
3,NORMA-20902,65
3,NORMA-21597,66
3,NORMA-21790,67
3,NORMA-20677,68
3,NORMA-21429,69
3,NORMA-396,70
3,NORMA-20277,71
3,NORMA-15060,72
3,NORMA-14898,73
3,NORMA-28362,74
3,NORMA-21661,75
3,NORMA-21114,76
3,NORMA-21382,77
3,NORMA-21261,78
3,NORMA-21020,79
3,NORMA-15882,80
3,NORMA-21456,81
3,NORMA-20725,82
3,NORMA-20753,83
3,NORMA-18842,84
3,NORMA-23501,85
3,NORMA-20541,86
3,NORMA-20545,87
3,NORMA-21705,88
3,NORMA-18741,89
3,NORMA-21437,90
3,NORMA-1613,91
3,NORMA-20849,92
3,NORMA-21147,93
3,NORMA-21256,94
3,NORMA-20721,95
3,NORMA-6948,96
3,NORMA-509,97
3,NORMA-20538,98
3,NORMA-20408,99
3,NORMA-20793,100
3,NORMA-19542,101
3,NORMA-18933,102
3,NORMA-1994,103
3,NORMA-20483,104
3,NORMA-8028,105
3,NORMA-21113,106
3,NORMA-21694,107
3,NORMA-21173,108
3,NORMA-21253,109
3,NORMA-21698,110
3,NORMA-21446,111
3,NORMA-21691,112
3,NORMA-21245,113
3,NORMA-18858,114
3,NORMA-21407,115
3,NORMA-20891,116
3,NORMA-82,117
3,NORMA-20723,118
3,NORMA-21267,119
3,NORMA-20253,120
3,NORMA-20923,121
3,NORMA-18439,122
3,NORMA-20914,123
3,NORMA-20208,124
3,NORMA-25201,125
3,NORMA-20070,126
3,NORMA-19941,127
3,NORMA-19787,128
3,NORMA-20803,129
3,NORMA-21159,130
3,NORMA-15561,131
3,NORMA-2551,132
3,NORMA-21405,133
3,NORMA-59,134
3,NORMA-2185,135
3,NORMA-20046,136
3,NORMA-18591,137
3,NORMA-554,138
3,NORMA-19621,139
3,NORMA-1534,140
3,NORMA-801,141
3,NORMA-2013,142
3,NORMA-802,143
3,NORMA-20096,144
3,NORMA-21310,145
3,NORMA-1611,146
3,NORMA-21521,147
3,NORMA-20912,148
3,NORMA-660,149
3,NORMA-1175,150
3,NORMA-20801,151
3,NORMA-18359,152
3,NORMA-18803,153
3,NORMA-11739,154
3,NORMA-21496,155
3,NORMA-783,156
3,NORMA-21609,157
3,NORMA-21244,158
3,NORMA-18762,159
3,NORMA-21461,160
3,NORMA-21206,161
3,NORMA-21436,162
3,NORMA-15881,163
3,NORMA-12886,164
3,NORMA-20034,165
3,NORMA-20252,166
3,NORMA-680,167
3,NORMA-21653,168
3,NORMA-19659,169
3,NORMA-20303,170
3,NORMA-1606,171
3,NORMA-19605,172
3,NORMA-20180,173
3,NORMA-480,174
3,NORMA-19731,175
3,NORMA-27602,176
3,NORMA-6645,177
3,NORMA-20561,178
3,NORMA-20189,179
3,NORMA-27622,180
3,NORMA-20307,181
3,NORMA-27745,182
3,NORMA-20770,183
3,NORMA-21150,184
3,NORMA-26201,185
3,NORMA-2158,186
3,NORMA-20999,187
3,NORMA-27742,188
3,NORMA-27723,189
3,NORMA-27725,190
3,NORMA-27722,191
3,NORMA-75,192
3,NORMA-20239,193
3,NORMA-2694,194
3,NORMA-27726,195
3,NORMA-27743,196
3,NORMA-28803,197
3,NORMA-27724,198
3,NORMA-27744,199
3,NORMA-19981,200
3,NORMA-19297,201
3,NORMA-21180,202
3,NORMA-20772,203
3,NORMA-1516,204
3,NORMA-20802,205
3,NORMA-20241,206
3,NORMA-20423,207
3,NORMA-21152,208
3,NORMA-2421,209
3,NORMA-28262,210
3,NORMA-28183,211
3,NORMA-28164,212
3,NORMA-21589,213
3,NORMA-28261,214
3,NORMA-28163,215
3,NORMA-21366,216
3,NORMA-2269,217
3,NORMA-18299,218
3,NORMA-20976,219
3,NORMA-19275,220
3,NORMA-19896,221
3,NORMA-1421,222
3,NORMA-17321,223
3,NORMA-21162,224
3,NORMA-19649,225
3,NORMA-21394,226
3,NORMA-12089,227
3,NORMA-6316,228
3,NORMA-6199,229
3,NORMA-19977,230
3,NORMA-6181,231
3,NORMA-6256,232
3,NORMA-20206,233
3,NORMA-28001,234
3,NORMA-2517,235
3,NORMA-21236,236
3,NORMA-20581,237
3,NORMA-6950,238
3,NORMA-18720,239
3,NORMA-6813,240
3,NORMA-9481,241
3,NORMA-7012,242
3,NORMA-20340,243
3,NORMA-6856,244
3,NORMA-1740,245
3,NORMA-21211,246
3,NORMA-22561,247
3,NORMA-21739,248
3,NORMA-20554,249
3,NORMA-21384,250
3,NORMA-20549,251
3,NORMA-21427,252
3,NORMA-6630,253
3,NORMA-20314,254
3,NORMA-28981,255
3,NORMA-20329,256
3,NORMA-6623,257
3,NORMA-19635,258
3,NORMA-6183,259
3,NORMA-20334,260
3,NORMA-19384,261
3,NORMA-20321,262
3,NORMA-21702,263
3,NORMA-11621,264
3,NORMA-26701,265
3,NORMA-19380,266
3,NORMA-12161,267
3,NORMA-20192,268
3,NORMA-17201,269
3,NORMA-21172,270
3,NORMA-21731,271
3,NORMA-19091,272
3,NORMA-18207,273
3,NORMA-21218,274
3,NORMA-21498,275
3,NORMA-28203,276
3,NORMA-19573,277
3,NORMA-19122,278
3,NORMA-6318,279
3,NORMA-21741,280
3,NORMA-11793,281
3,NORMA-20940,282
3,NORMA-20499,283
3,NORMA-29005,284
3,NORMA-6967,285
3,NORMA-7027,286
3,NORMA-18530,287
3,NORMA-18432,288
3,NORMA-19916,289
3,NORMA-18937,290
3,NORMA-14673,291
3,NORMA-28181,292
3,NORMA-21226,293
3,NORMA-24583,294
3,NORMA-19668,295
3,NORMA-19904,296
3,NORMA-10375,297
3,NORMA-10629,298
3,NORMA-6082,299
3,NORMA-3241,300
3,NORMA-11760,301
3,NORMA-20185,302
3,NORMA-18379,303
3,NORMA-20431,304
3,NORMA-20773,305
3,NORMA-20433,306
3,NORMA-6758,307
3,NORMA-12027,308
3,NORMA-18293,309
3,NORMA-20918,310
3,NORMA-12165,311
3,NORMA-18325,312
3,NORMA-21792,313
3,NORMA-21639,314
3,NORMA-21419,315
3,NORMA-6880,316
3,NORMA-3381,317
3,NORMA-19520,318
3,NORMA-20839,319
3,NORMA-21515,320
3,NORMA-21360,321
3,NORMA-21417,322
3,NORMA-18863,323
3,NORMA-21624,324
3,NORMA-15237,325
3,NORMA-28584,326
3,NORMA-19212,327
3,NORMA-19292,328
3,NORMA-21370,329
3,NORMA-19096,330
3,NORMA-8458,331
3,NORMA-19785,332
3,NORMA-21626,333
3,NORMA-21539,334
3,NORMA-11588,335
3,NORMA-1173,336
3,NORMA-20959,337
3,NORMA-21224,338
3,NORMA-21727,339
3,NORMA-18915,340
3,NORMA-21756,341
3,NORMA-21356,342
3,NORMA-20836,343
3,NORMA-19800,344
3,NORMA-21544,345
3,NORMA-20425,346
3,NORMA-21507,347
3,NORMA-18549,348
3,NORMA-20789,349
3,NORMA-15521,350
3,NORMA-20659,351
3,NORMA-21563,352
3,NORMA-18984,353
3,NORMA-13219,354
3,NORMA-7011,355
3,NORMA-11570,356
3,NORMA-20985,357
3,NORMA-24481,358
3,NORMA-21550,359
3,NORMA-25261,360
3,NORMA-21298,361
3,NORMA-21231,362
3,NORMA-15004,363
3,NORMA-18818,364
3,NORMA-20210,365
3,NORMA-18342,366
3,NORMA-22941,367
3,NORMA-20569,368
3,NORMA-9792,369
3,NORMA-20053,370
3,NORMA-12113,371
3,NORMA-20193,372
3,NORMA-18633,373
3,NORMA-14054,374
3,NORMA-31903,375
3,NORMA-19797,376
3,NORMA-11655,377
3,NORMA-21712,378
3,NORMA-6185,379
3,NORMA-18541,380
3,NORMA-2184,381
3,NORMA-14239,382
3,NORMA-31904,383
3,NORMA-11814,384
3,NORMA-18370,385
3,NORMA-21260,386
3,NORMA-13323,387
3,NORMA-25645,388
3,NORMA-7122,389
3,NORMA-9834,390
3,NORMA-20453,391
3,NORMA-20929,392
3,NORMA-13111,393
3,NORMA-20187,394
3,NORMA-1567,395
3,NORMA-21297,396
3,NORMA-20191,397
3,NORMA-12014,398
3,NORMA-12234,399
3,NORMA-20842,400
3,NORMA-20184,401
3,NORMA-3382,402
3,NORMA-20196,403
3,NORMA-20205,404
3,NORMA-11516,405
3,NORMA-8027,406
3,NORMA-13954,407
3,NORMA-10200,408
3,NORMA-20086,409
3,NORMA-10636,410
3,NORMA-21462,411
3,NORMA-9382,412
3,NORMA-21650,413
3,NORMA-12232,414
3,NORMA-11597,415
3,NORMA-21029,416
3,NORMA-26841,417
3,NORMA-28586,418
3,NORMA-20716,419
3,NORMA-21238,420
3,NORMA-2395,421
3,NORMA-20195,422
3,NORMA-19617,423
3,NORMA-15246,424
3,NORMA-15159,425
3,NORMA-10119,426
3,NORMA-21086,427
3,NORMA-6958,428
3,NORMA-18452,429
3,NORMA-11722,430
3,NORMA-21048,431
3,NORMA-3201,432
3,NORMA-7953,433
3,NORMA-20834,434
3,NORMA-19637,435
3,NORMA-2546,436
3,NORMA-12323,437
3,NORMA-20211,438
3,NORMA-24582,439
3,NORMA-11864,440
3,NORMA-18286,441
3,NORMA-13848,442
3,NORMA-3281,443
3,NORMA-21386,444
3,NORMA-5421,445
3,NORMA-18356,446
3,NORMA-18608,447
3,NORMA-19042,448
3,NORMA-18719,449
3,NORMA-18667,450
3,NORMA-18504,451
3,NORMA-26102,452
3,NORMA-21413,453
3,NORMA-14279,454
3,NORMA-20494,455
3,NORMA-20197,456
3,NORMA-29441,457
3,NORMA-19513,458
3,NORMA-19798,459
3,NORMA-11472,460
3,NORMA-12877,461
3,NORMA-11567,462
3,NORMA-20928,463
3,NORMA-18690,464
3,NORMA-21404,465
3,NORMA-28281,466
3,NORMA-16268,467
3,NORMA-20497,468
3,NORMA-28422,469
3,NORMA-19634,470
3,NORMA-7381,471
3,NORMA-20436,472
3,NORMA-19370,473
3,NORMA-14985,474
3,NORMA-21668,475
3,NORMA-21568,476
3,NORMA-18206,477
3,NORMA-21752,478
3,NORMA-4710,479
3,NORMA-8463,480
3,NORMA-21728,481
3,NORMA-7416,482
3,NORMA-27001,483
3,NORMA-21709,484
3,NORMA-18364,485
3,NORMA-13138,486
3,NORMA-7444,487
3,NORMA-19631,488
3,NORMA-21631,489
3,NORMA-2555,490
3,NORMA-6819,491
3,NORMA-8384,492
3,NORMA-20349,493
3,NORMA-6820,494
3,NORMA-6962,495
3,NORMA-20913,496
3,NORMA-21364,497
3,NORMA-20813,498
3,NORMA-12657,499
3,NORMA-21553,500
3,NORMA-20359,501
3,NORMA-12006,502
3,NORMA-20794,503
3,NORMA-11476,504
3,NORMA-20186,505
3,NORMA-6970,506
3,NORMA-20465,507
3,NORMA-18974,508
3,NORMA-6257,509
3,NORMA-21484,510
3,NORMA-27761,511
3,NORMA-7384,512
3,NORMA-21566,513
3,NORMA-11888,514
3,NORMA-20460,515
3,NORMA-20028,516
3,NORMA-15272,517
3,NORMA-8522,518
3,NORMA-19434,519
3,NORMA-18350,520
3,NORMA-10029,521
3,NORMA-18553,522
3,NORMA-9871,523
3,NORMA-19841,524
3,NORMA-18899,525
3,NORMA-10044,526
3,NORMA-6669,527
3,NORMA-3181,528
3,NORMA-21345,529
3,NORMA-2579,530
3,NORMA-14278,531
3,NORMA-19287,532
3,NORMA-20906,533
3,NORMA-13508,534
3,NORMA-21659,535
3,NORMA-19777,536
3,NORMA-20961,537
3,NORMA-18513,538
3,NORMA-15081,539
3,NORMA-21139,540
3,NORMA-11751,541
3,NORMA-9724,542
3,NORMA-7110,543
3,NORMA-19647,544
3,NORMA-12230,545
3,NORMA-14990,546
3,NORMA-11784,547
3,NORMA-7149,548
3,NORMA-20183,549
3,NORMA-19805,550
3,NORMA-20169,551
3,NORMA-12231,552
3,NORMA-20421,553
3,NORMA-12041,554
3,NORMA-6140,555
3,NORMA-20957,556
3,NORMA-12011,557
3,NORMA-11788,558
3,NORMA-19121,559
3,NORMA-6621,560
3,NORMA-11852,561
3,NORMA-18823,562
3,NORMA-19799,563
3,NORMA-8435,564
3,NORMA-7113,565
3,NORMA-13195,566
3,NORMA-19424,567
3,NORMA-19629,568
3,NORMA-12007,569
3,NORMA-6783,570
3,NORMA-19609,571
3,NORMA-6268,572
3,NORMA-12233,573
3,NORMA-14967,574
3,NORMA-12492,575
3,NORMA-12000,576
3,NORMA-20055,577
3,NORMA-20451,578
3,NORMA-18403,579
3,NORMA-7222,580
3,NORMA-20422,581
3,NORMA-7386,582
3,NORMA-12867,583
3,NORMA-9893,584
3,NORMA-24621,585
3,NORMA-21501,586
3,NORMA-18670,587
3,NORMA-11798,588
3,NORMA-7581,589
3,NORMA-12003,590
3,NORMA-25523,591
3,NORMA-20560,592
3,NORMA-12048,593
3,NORMA-18424,594
3,NORMA-21192,595
3,NORMA-19650,596
3,NORMA-20381,597
3,NORMA-20082,598
3,NORMA-12029,599
3,NORMA-21215,600
3,NORMA-7225,601
3,NORMA-21105,602
3,NORMA-19171,603
3,NORMA-21613,604
3,NORMA-28561,605
3,NORMA-11778,606
3,NORMA-21071,607
3,NORMA-19114,608
3,NORMA-6955,609
3,NORMA-20784,610
3,NORMA-26822,611
3,NORMA-19932,612
3,NORMA-20377,613
3,NORMA-21299,614
3,NORMA-18646,615
3,NORMA-18747,616
3,NORMA-18414,617
3,NORMA-20762,618
3,NORMA-20941,619
3,NORMA-19968,620
3,NORMA-13864,621
3,NORMA-27022,622
3,NORMA-12249,623
3,NORMA-19751,624
3,NORMA-19328,625
3,NORMA-6698,626
3,NORMA-12245,627
3,NORMA-20894,628
3,NORMA-19730,629
3,NORMA-18378,630
3,NORMA-19965,631
3,NORMA-18981,632
3,NORMA-18219,633
3,NORMA-27521,634
3,NORMA-10708,635
3,NORMA-21316,636
3,NORMA-20811,637
3,NORMA-11599,638
3,NORMA-12229,639
3,NORMA-20429,640
3,NORMA-21254,641
3,NORMA-21695,642
3,NORMA-6752,643
3,NORMA-7703,644
3,NORMA-18234,645
3,NORMA-12049,646
3,NORMA-20557,647
3,NORMA-21012,648
3,NORMA-19564,649
3,NORMA-20625,650
3,NORMA-18885,651
3,NORMA-18967,652
3,NORMA-21291,653
3,NORMA-21538,654
3,NORMA-20920,655
3,NORMA-19232,656
3,NORMA-21776,657
3,NORMA-6636,658
3,NORMA-21395,659
3,NORMA-6644,660
3,NORMA-6488,661
3,NORMA-19443,662
3,NORMA-19706,663
3,NORMA-18957,664
3,NORMA-6321,665
3,NORMA-6954,666
3,NORMA-18205,667
3,NORMA-12039,668
3,NORMA-21242,669
3,NORMA-11872,670
3,NORMA-34,671
3,NORMA-3342,672
3,NORMA-19148,673
3,NORMA-19658,674
3,NORMA-19446,675
3,NORMA-19249,676
3,NORMA-20428,677
3,NORMA-18303,678
3,NORMA-18953,679
3,NORMA-11417,680
3,NORMA-7390,681
3,NORMA-781,682
3,NORMA-20125,683
3,NORMA-21747,684
3,NORMA-20202,685
3,NORMA-883,686
3,NORMA-2426,687
3,NORMA-20604,688
3,NORMA-749,689
3,NORMA-2199,690
3,NORMA-819,691
3,NORMA-2183,692
3,NORMA-12880,693
3,NORMA-21537,694
3,NORMA-20176,695
3,NORMA-20432,696
3,NORMA-19643,697
3,NORMA-1415,698
3,NORMA-1474,699
3,NORMA-20473,700
3,NORMA-8860,701
3,NORMA-1341,702
3,NORMA-1991,703
3,NORMA-20576,704
3,NORMA-19479,705
3,NORMA-18412,706
3,NORMA-11759,707
3,NORMA-2093,708
3,NORMA-309,709
3,NORMA-15902,710
3,NORMA-19903,711
3,NORMA-20641,712
3,NORMA-21783,713
3,NORMA-2485,714
3,NORMA-314,715
3,NORMA-2574,716
3,NORMA-863,717
3,NORMA-21028,718
3,NORMA-20851,719
3,NORMA-20572,720
3,NORMA-1013,721
3,NORMA-20828,722
3,NORMA-18542,723
3,NORMA-871,724
3,NORMA-20684,725
3,NORMA-18681,726
3,NORMA-20573,727
3,NORMA-278,728
3,NORMA-19009,729
3,NORMA-923,730
3,NORMA-2560,731
3,NORMA-595,732
3,NORMA-1317,733
3,NORMA-938,734
3,NORMA-903,735
3,NORMA-18901,736
3,NORMA-1502,737
3,NORMA-462,738
3,NORMA-21349,739
3,NORMA-6253,740
3,NORMA-20885,741
3,NORMA-211,742
3,NORMA-20251,743
3,NORMA-18796,744
3,NORMA-7362,745
3,NORMA-2921,746
3,NORMA-18537,747
3,NORMA-666,748
3,NORMA-588,749
3,NORMA-587,750
3,NORMA-978,751
3,NORMA-2032,752
3,NORMA-265,753
3,NORMA-1535,754
3,NORMA-1419,755
3,NORMA-1391,756
3,NORMA-208,757
3,NORMA-865,758
3,NORMA-576,759
3,NORMA-21188,760
3,NORMA-19684,761
3,NORMA-1030,762
3,NORMA-207,763
3,NORMA-966,764
3,NORMA-2981,765
3,NORMA-18799,766
3,NORMA-19128,767
3,NORMA-1211,768
3,NORMA-558,769
3,NORMA-1033,770
3,NORMA-1366,771
3,NORMA-6702,772
3,NORMA-2089,773
3,NORMA-1088,774
3,NORMA-20869,775
3,NORMA-25862,776
3,NORMA-664,777
3,NORMA-11665,778
3,NORMA-24601,779
3,NORMA-2144,780
3,NORMA-1024,781
3,NORMA-20215,782
3,NORMA-2509,783
3,NORMA-1406,784
3,NORMA-838,785
3,NORMA-19028,786
3,NORMA-18859,787
3,NORMA-631,788
3,NORMA-21758,789
3,NORMA-1084,790
3,NORMA-18684,791
3,NORMA-11735,792
3,NORMA-21314,793
3,NORMA-18478,794
3,NORMA-21682,795
3,NORMA-1035,796
3,NORMA-1113,797
3,NORMA-995,798
3,NORMA-1447,799
3,NORMA-580,800
3,NORMA-18225,801
3,NORMA-21339,802
3,NORMA-19164,803
3,NORMA-20468,804
3,NORMA-2189,805
3,NORMA-21488,806
3,NORMA-711,807
3,NORMA-2453,808
3,NORMA-1044,809
3,NORMA-19874,810
3,NORMA-11614,811
3,NORMA-21648,812
3,NORMA-594,813
3,NORMA-658,814
3,NORMA-1006,815
3,NORMA-1250,816
3,NORMA-2010,817
3,NORMA-209,818
3,NORMA-222,819
3,NORMA-970,820
3,NORMA-2536,821
3,NORMA-19140,822
3,NORMA-655,823
3,NORMA-144,824
3,NORMA-2550,825
3,NORMA-16941,826
3,NORMA-20270,827
3,NORMA-21157,828
3,NORMA-1586,829
3,NORMA-18333,830
3,NORMA-2386,831
3,NORMA-1137,832
3,NORMA-18683,833
3,NORMA-14661,834
3,NORMA-20701,835
3,NORMA-19061,836
3,NORMA-20568,837
3,NORMA-21746,838
3,NORMA-10821,839
3,NORMA-1283,840
3,NORMA-19354,841
3,NORMA-61,842
3,NORMA-19554,843
3,NORMA-21527,844
3,NORMA-878,845
3,NORMA-24,846
3,NORMA-20933,847
3,NORMA-21677,848
3,NORMA-18411,849
3,NORMA-20636,850
3,NORMA-2118,851
3,NORMA-1990,852
3,NORMA-19499,853
3,NORMA-1337,854
3,NORMA-1289,855
3,NORMA-1471,856
3,NORMA-567,857
3,NORMA-20250,858
3,NORMA-2842,859
3,NORMA-251,860
3,NORMA-854,861
3,NORMA-19462,862
3,NORMA-18332,863
3,NORMA-18669,864
3,NORMA-20371,865
3,NORMA-21359,866
3,NORMA-2627,867
3,NORMA-18837,868
3,NORMA-11605,869
3,NORMA-33288,870
3,NORMA-28021,871
3,NORMA-2568,872
3,NORMA-19816,873
3,NORMA-11576,874
3,NORMA-2623,875
3,NORMA-20571,876
3,NORMA-581,877
3,NORMA-18479,878
3,NORMA-15603,879
3,NORMA-18773,880
3,NORMA-19556,881
3,NORMA-729,882
3,NORMA-20220,883
3,NORMA-4539,884
3,NORMA-19369,885
3,NORMA-1274,886
3,NORMA-21414,887
3,NORMA-21567,888
3,NORMA-12099,889
3,NORMA-252,890
3,NORMA-893,891
3,NORMA-703,892
3,NORMA-754,893
3,NORMA-250,894
3,NORMA-19033,895
3,NORMA-3001,896
3,NORMA-1154,897
3,NORMA-1222,898
3,NORMA-20137,899
3,NORMA-20898,900
3,NORMA-18931,901
3,NORMA-122,902
3,NORMA-20567,903
3,NORMA-573,904
3,NORMA-228,905
3,NORMA-1512,906
3,NORMA-385,907
3,NORMA-19842,908
3,NORMA-33308,909
3,NORMA-21036,910
3,NORMA-20556,911
3,NORMA-180,912
3,NORMA-646,913
3,NORMA-21052,914
3,NORMA-19701,915
3,NORMA-18385,916
3,NORMA-9252,917
3,NORMA-1090,918
3,NORMA-1416,919
3,NORMA-607,920
3,NORMA-21431,921
3,NORMA-20971,922
3,NORMA-159,923
3,NORMA-535,924
3,NORMA-796,925
3,NORMA-92,926
3,NORMA-7466,927
3,NORMA-1620,928
3,NORMA-15581,929
3,NORMA-14463,930
3,NORMA-12169,931
3,NORMA-2723,932
3,NORMA-1960,933
3,NORMA-18724,934
3,NORMA-741,935
3,NORMA-18248,936
3,NORMA-20577,937
3,NORMA-1983,938
3,NORMA-2176,939
3,NORMA-2083,940
3,NORMA-2009,941
3,NORMA-2067,942
3,NORMA-21369,943
3,NORMA-925,944
3,NORMA-18630,945
3,NORMA-18768,946
3,NORMA-13160,947
3,NORMA-1315,948
3,NORMA-474,949
3,NORMA-20474,950
3,NORMA-1143,951
3,NORMA-1422,952
3,NORMA-1433,953
3,NORMA-1098,954
3,NORMA-247,955
3,NORMA-705,956
3,NORMA-18536,957
3,NORMA-7389,958
3,NORMA-261,959
3,NORMA-292,960
3,NORMA-579,961
3,NORMA-20846,962
3,NORMA-18763,963
3,NORMA-1026,964
3,NORMA-1256,965
3,NORMA-2583,966
3,NORMA-19051,967
3,NORMA-4909,968
3,NORMA-20245,969
3,NORMA-19056,970
3,NORMA-2175,971
3,NORMA-1549,972
3,NORMA-981,973
3,NORMA-15901,974
3,NORMA-21205,975
3,NORMA-20621,976
3,NORMA-479,977
3,NORMA-19820,978
3,NORMA-253,979
3,NORMA-19837,980
3,NORMA-18222,981
3,NORMA-54,982
3,NORMA-736,983
3,NORMA-15921,984
3,NORMA-2508,985
3,NORMA-19728,986
3,NORMA-19202,987
3,NORMA-19644,988
3,NORMA-478,989
3,NORMA-2455,990
3,NORMA-19640,991
3,NORMA-1369,992
3,NORMA-21688,993
3,NORMA-1390,994
3,NORMA-7140,995
3,NORMA-412,996
3,NORMA-21220,997
3,NORMA-20760,998
3,NORMA-18494,999
3,NORMA-6343,1000
4,NORMA-6184,1
4,NORMA-6685,2
4,NORMA-18668,3
4,NORMA-21065,4
4,NORMA-19583,5
4,NORMA-19942,6
4,NORMA-19629,7
4,NORMA-18653,8
4,NORMA-21361,9
4,NORMA-18769,10
4,NORMA-20058,11
4,NORMA-20730,12
4,NORMA-11664,13
4,NORMA-18243,14
4,NORMA-19689,15
4,NORMA-21575,16
4,NORMA-13298,17
4,NORMA-20704,18
4,NORMA-20223,19
4,NORMA-18972,20
4,NORMA-18391,21
4,NORMA-6253,22
4,NORMA-3503,23
4,NORMA-19429,24
4,NORMA-21638,25
4,NORMA-19515,26
4,NORMA-21666,27
4,NORMA-18748,28
4,NORMA-13797,29
4,NORMA-18670,30
4,NORMA-18286,31
4,NORMA-21064,32
4,NORMA-21649,33
4,NORMA-20295,34
4,NORMA-19691,35
4,NORMA-19526,36
4,NORMA-19909,37
4,NORMA-20890,38
4,NORMA-21149,39
4,NORMA-21390,40
4,NORMA-21203,41
4,NORMA-18427,42
4,NORMA-21269,43
4,NORMA-21404,44
4,NORMA-18916,45
4,NORMA-19518,46
4,NORMA-18405,47
4,NORMA-18682,48
4,NORMA-18626,49
4,NORMA-19436,50
4,NORMA-18219,51
4,NORMA-19927,52
4,NORMA-20632,53
4,NORMA-20962,54
4,NORMA-18767,55
4,NORMA-21004,56
4,NORMA-20168,57
4,NORMA-18870,58
4,NORMA-18734,59
4,NORMA-11606,60
4,NORMA-2158,61
4,NORMA-18915,62
4,NORMA-23501,63
4,NORMA-18545,64
4,NORMA-18648,65
4,NORMA-8028,66
4,NORMA-18939,67
4,NORMA-18835,68
4,NORMA-21409,69
4,NORMA-18793,70
4,NORMA-18294,71
4,NORMA-21698,72
4,NORMA-6022,73
4,NORMA-11564,74
4,NORMA-18463,75
4,NORMA-18401,76
4,NORMA-20790,77
4,NORMA-20186,78
4,NORMA-26881,79
4,NORMA-20702,80
4,NORMA-20705,81
4,NORMA-3966,82
4,NORMA-20915,83
4,NORMA-18502,84
4,NORMA-11601,85
4,NORMA-28981,86
4,NORMA-6948,87
4,NORMA-21509,88
4,NORMA-20729,89
4,NORMA-19416,90
4,NORMA-18801,91
4,NORMA-20278,92
4,NORMA-21562,93
4,NORMA-19729,94
4,NORMA-11527,95
4,NORMA-18954,96
4,NORMA-19546,97
4,NORMA-21663,98
4,NORMA-21710,99
4,NORMA-20468,100
4,NORMA-19437,101
4,NORMA-18451,102
4,NORMA-11474,103
4,NORMA-14967,104
4,NORMA-20713,105
4,NORMA-18420,106
4,NORMA-19240,107
4,NORMA-20072,108
4,NORMA-21788,109
4,NORMA-29003,110
4,NORMA-20597,111
4,NORMA-22561,112
4,NORMA-19223,113
4,NORMA-20222,114
4,NORMA-19124,115
4,NORMA-19590,116
4,NORMA-20134,117
4,NORMA-19138,118
4,NORMA-20712,119
4,NORMA-20602,120
4,NORMA-9803,121
4,NORMA-18238,122
4,NORMA-21187,123
4,NORMA-23341,124
4,NORMA-21196,125
4,NORMA-19969,126
4,NORMA-20068,127
4,NORMA-15229,128
4,NORMA-19574,129
4,NORMA-19329,130
4,NORMA-6629,131
4,NORMA-1608,132
4,NORMA-6679,133
4,NORMA-19183,134
4,NORMA-21205,135
4,NORMA-18450,136
4,NORMA-20474,137
4,NORMA-21461,138
4,NORMA-11758,139
4,NORMA-21768,140
4,NORMA-19003,141
4,NORMA-18492,142
4,NORMA-19431,143
4,NORMA-20997,144
4,NORMA-11473,145
4,NORMA-21371,146
4,NORMA-21521,147
4,NORMA-28203,148
4,NORMA-20371,149
4,NORMA-20240,150
4,NORMA-18211,151
4,NORMA-21344,152
4,NORMA-18531,153
4,NORMA-21131,154
4,NORMA-21005,155
4,NORMA-20402,156
4,NORMA-19682,157
4,NORMA-21634,158
4,NORMA-21402,159
4,NORMA-16403,160
4,NORMA-21017,161
4,NORMA-18411,162
4,NORMA-19454,163
4,NORMA-20880,164
4,NORMA-21356,165
4,NORMA-18554,166
4,NORMA-11680,167
4,NORMA-20073,168
4,NORMA-21659,169
4,NORMA-21086,170
4,NORMA-11667,171
4,NORMA-19667,172
4,NORMA-11720,173
4,NORMA-16481,174
4,NORMA-6957,175
4,NORMA-19110,176
4,NORMA-19155,177
4,NORMA-2269,178
4,NORMA-20796,179
4,NORMA-11733,180
4,NORMA-11722,181
4,NORMA-20703,182
4,NORMA-18221,183
4,NORMA-20473,184
4,NORMA-1485,185
4,NORMA-1365,186
4,NORMA-21137,187
4,NORMA-11577,188
4,NORMA-27221,189
4,NORMA-11762,190
4,NORMA-9724,191
4,NORMA-19245,192
4,NORMA-21499,193
4,NORMA-11602,194
4,NORMA-13594,195
4,NORMA-18574,196
4,NORMA-21792,197
4,NORMA-11086,198
4,NORMA-11578,199
4,NORMA-11721,200
4,NORMA-19095,201
4,NORMA-11516,202
4,NORMA-19021,203
4,NORMA-11603,204
4,NORMA-21526,205
4,NORMA-11567,206
4,NORMA-21217,207
4,NORMA-7028,208
4,NORMA-18303,209
4,NORMA-21609,210
4,NORMA-19181,211
4,NORMA-19448,212
4,NORMA-21690,213
4,NORMA-19746,214
4,NORMA-18796,215
4,NORMA-19705,216
4,NORMA-6140,217
4,NORMA-6627,218
4,NORMA-14652,219
4,NORMA-18528,220
4,NORMA-21239,221
4,NORMA-11669,222
4,NORMA-11716,223
4,NORMA-15561,224
4,NORMA-11571,225
4,NORMA-570,226
4,NORMA-20465,227
4,NORMA-7113,228
4,NORMA-11764,229
4,NORMA-11814,230
4,NORMA-6676,231
4,NORMA-18838,232
4,NORMA-8435,233
4,NORMA-11479,234
4,NORMA-13552,235
4,NORMA-19005,236
4,NORMA-21028,237
4,NORMA-11559,238
4,NORMA-21157,239
4,NORMA-19303,240
4,NORMA-21241,241
4,NORMA-21669,242
4,NORMA-11558,243
4,NORMA-21431,244
4,NORMA-18434,245
4,NORMA-19477,246
4,NORMA-21178,247
4,NORMA-11477,248
4,NORMA-21595,249
4,NORMA-21389,250
4,NORMA-6895,251
4,NORMA-18529,252
4,NORMA-18804,253
4,NORMA-2517,254
4,NORMA-20754,255
4,NORMA-19553,256
4,NORMA-21387,257
4,NORMA-21279,258
4,NORMA-11520,259
4,NORMA-20098,260
4,NORMA-19727,261
4,NORMA-11761,262
4,NORMA-19704,263
4,NORMA-21135,264
4,NORMA-11523,265
4,NORMA-18762,266
4,NORMA-14302,267
4,NORMA-21328,268
4,NORMA-21519,269
4,NORMA-11572,270
4,NORMA-20582,271
4,NORMA-19330,272
4,NORMA-11563,273
4,NORMA-25621,274
4,NORMA-11575,275
4,NORMA-19620,276
4,NORMA-15802,277
4,NORMA-11756,278
4,NORMA-12739,279
4,NORMA-18886,280
4,NORMA-11670,281
4,NORMA-20102,282
4,NORMA-11522,283
4,NORMA-11666,284
4,NORMA-11717,285
4,NORMA-19512,286
4,NORMA-11665,287
4,NORMA-18595,288
4,NORMA-20205,289
4,NORMA-19039,290
4,NORMA-21676,291
4,NORMA-18276,292
4,NORMA-3001,293
4,NORMA-21113,294
4,NORMA-19081,295
4,NORMA-18781,296
4,NORMA-19092,297
4,NORMA-20092,298
4,NORMA-15239,299
4,NORMA-20616,300
4,NORMA-23521,301
4,NORMA-15339,302
4,NORMA-13402,303
4,NORMA-18291,304
4,NORMA-11672,305
4,NORMA-11674,306
4,NORMA-6968,307
4,NORMA-11561,308
4,NORMA-18368,309
4,NORMA-11562,310
4,NORMA-11517,311
4,NORMA-18673,312
4,NORMA-11719,313
4,NORMA-19467,314
4,NORMA-21784,315
4,NORMA-11715,316
4,NORMA-18302,317
4,NORMA-20630,318
4,NORMA-21305,319
4,NORMA-21228,320
4,NORMA-11663,321
4,NORMA-6595,322
4,NORMA-19221,323
4,NORMA-20235,324
4,NORMA-21678,325
4,NORMA-19961,326
4,NORMA-11524,327
4,NORMA-17201,328
4,NORMA-20129,329
4,NORMA-12029,330
4,NORMA-21651,331
4,NORMA-20583,332
4,NORMA-11673,333
4,NORMA-15603,334
4,NORMA-19174,335
4,NORMA-21093,336
4,NORMA-20736,337
4,NORMA-21537,338
4,NORMA-21126,339
4,NORMA-25902,340
4,NORMA-13918,341
4,NORMA-21606,342
4,NORMA-11671,343
4,NORMA-21249,344
4,NORMA-13470,345
4,NORMA-21398,346
4,NORMA-6720,347
4,NORMA-18654,348
4,NORMA-19750,349
4,NORMA-20565,350
4,NORMA-23361,351
4,NORMA-19351,352
4,NORMA-11766,353
4,NORMA-14688,354
4,NORMA-18934,355
4,NORMA-11469,356
4,NORMA-6758,357
4,NORMA-20139,358
4,NORMA-11574,359
4,NORMA-9834,360
4,NORMA-27044,361
4,NORMA-19440,362
4,NORMA-19408,363
4,NORMA-20090,364
4,NORMA-11560,365
4,NORMA-11556,366
4,NORMA-18780,367
4,NORMA-21073,368
4,NORMA-20187,369
4,NORMA-18550,370
4,NORMA-12066,371
4,NORMA-20989,372
4,NORMA-19459,373
4,NORMA-11763,374
4,NORMA-18418,375
4,NORMA-20643,376
4,NORMA-20027,377
4,NORMA-19542,378
4,NORMA-11597,379
4,NORMA-18436,380
4,NORMA-11519,381
4,NORMA-19751,382
4,NORMA-20055,383
4,NORMA-6881,384
4,NORMA-26701,385
4,NORMA-995,386
4,NORMA-21267,387
4,NORMA-6701,388
4,NORMA-19658,389
4,NORMA-19782,390
4,NORMA-18479,391
4,NORMA-11604,392
4,NORMA-18511,393
4,NORMA-18430,394
4,NORMA-18239,395
4,NORMA-21554,396
4,NORMA-9835,397
4,NORMA-6643,398
4,NORMA-18298,399
4,NORMA-18697,400
4,NORMA-21474,401
4,NORMA-6970,402
4,NORMA-4396,403
4,NORMA-19225,404
4,NORMA-20817,405
4,NORMA-21637,406
4,NORMA-18205,407
4,NORMA-18314,408
4,NORMA-18772,409
4,NORMA-20249,410
4,NORMA-11526,411
4,NORMA-21260,412
4,NORMA-21608,413
4,NORMA-20460,414
4,NORMA-18859,415
4,NORMA-6755,416
4,NORMA-18439,417
4,NORMA-4275,418
4,NORMA-20064,419
4,NORMA-20995,420
4,NORMA-20907,421
4,NORMA-6708,422
4,NORMA-20870,423
4,NORMA-6783,424
4,NORMA-11655,425
4,NORMA-20557,426
4,NORMA-21075,427
4,NORMA-20865,428
4,NORMA-20172,429
4,NORMA-21477,430
4,NORMA-14239,431
4,NORMA-20176,432
4,NORMA-18858,433
4,NORMA-11570,434
4,NORMA-1419,435
4,NORMA-19621,436
4,NORMA-11600,437
4,NORMA-9481,438
4,NORMA-21547,439
4,NORMA-21729,440
4,NORMA-13795,441
4,NORMA-18474,442
4,NORMA-21624,443
4,NORMA-20202,444
4,NORMA-15237,445
4,NORMA-19256,446
4,NORMA-20349,447
4,NORMA-19842,448
4,NORMA-20220,449
4,NORMA-18265,450
4,NORMA-7110,451
4,NORMA-20397,452
4,NORMA-19930,453
4,NORMA-20299,454
4,NORMA-6084,455
4,NORMA-4277,456
4,NORMA-21418,457
4,NORMA-19972,458
4,NORMA-15396,459
4,NORMA-20708,460
4,NORMA-19078,461
4,NORMA-21386,462
4,NORMA-12613,463
4,NORMA-2470,464
4,NORMA-21238,465
4,NORMA-21367,466
4,NORMA-21717,467
4,NORMA-20941,468
4,NORMA-7222,469
4,NORMA-21159,470
4,NORMA-20960,471
4,NORMA-22721,472
4,NORMA-6880,473
4,NORMA-13789,474
4,NORMA-21174,475
4,NORMA-27365,476
4,NORMA-18825,477
4,NORMA-20065,478
4,NORMA-7386,479
4,NORMA-13610,480
4,NORMA-20359,481
4,NORMA-18386,482
4,NORMA-13345,483
4,NORMA-778,484
4,NORMA-12657,485
4,NORMA-19616,486
4,NORMA-19606,487
4,NORMA-20221,488
4,NORMA-31903,489
4,NORMA-21497,490
4,NORMA-19749,491
4,NORMA-21774,492
4,NORMA-20990,493
4,NORMA-14850,494
4,NORMA-18394,495
4,NORMA-20137,496
4,NORMA-20199,497
4,NORMA-21443,498
4,NORMA-11518,499
4,NORMA-20182,500
4,NORMA-19740,501
4,NORMA-6176,502
4,NORMA-20169,503
4,NORMA-631,504
4,NORMA-19603,505
4,NORMA-20297,506
4,NORMA-13323,507
4,NORMA-12415,508
4,NORMA-12923,509
4,NORMA-13124,510
4,NORMA-21417,511
4,NORMA-21523,512
4,NORMA-11718,513
4,NORMA-11316,514
4,NORMA-22862,515
4,NORMA-21459,516
4,NORMA-21550,517
4,NORMA-7225,518
4,NORMA-18999,519
4,NORMA-20425,520
4,NORMA-13308,521
4,NORMA-20561,522
4,NORMA-21626,523
4,NORMA-11565,524
4,NORMA-18356,525
4,NORMA-20763,526
4,NORMA-19096,527
4,NORMA-21643,528
4,NORMA-21286,529
4,NORMA-18690,530
4,NORMA-21026,531
4,NORMA-11566,532
4,NORMA-30043,533
4,NORMA-19581,534
4,NORMA-18775,535
4,NORMA-20444,536
4,NORMA-20196,537
4,NORMA-20622,538
4,NORMA-15211,539
4,NORMA-19874,540
4,NORMA-19387,541
4,NORMA-20138,542
4,NORMA-6752,543
4,NORMA-20452,544
4,NORMA-18379,545
4,NORMA-31923,546
4,NORMA-658,547
4,NORMA-20727,548
4,NORMA-11757,549
4,NORMA-23441,550
4,NORMA-3241,551
4,NORMA-6851,552
4,NORMA-20922,553
4,NORMA-18981,554
4,NORMA-19152,555
4,NORMA-970,556
4,NORMA-19520,557
4,NORMA-4711,558
4,NORMA-18989,559
4,NORMA-1471,560
4,NORMA-20443,561
4,NORMA-11472,562
4,NORMA-27045,563
4,NORMA-19292,564
4,NORMA-19605,565
4,NORMA-18967,566
4,NORMA-19646,567
4,NORMA-12649,568
4,NORMA-21186,569
4,NORMA-19841,570
4,NORMA-9147,571
4,NORMA-9382,572
4,NORMA-4075,573
4,NORMA-20901,574
4,NORMA-19212,575
4,NORMA-19939,576
4,NORMA-883,577
4,NORMA-20690,578
4,NORMA-21783,579
4,NORMA-20992,580
4,NORMA-21776,581
4,NORMA-11723,582
4,NORMA-20171,583
4,NORMA-7011,584
4,NORMA-21023,585
4,NORMA-18947,586
4,NORMA-14746,587
4,NORMA-6819,588
4,NORMA-12245,589
4,NORMA-21444,590
4,NORMA-21151,591
4,NORMA-24661,592
4,NORMA-20422,593
4,NORMA-20888,594
4,NORMA-20241,595
4,NORMA-18638,596
4,NORMA-18591,597
4,NORMA-18530,598
4,NORMA-6820,599
4,NORMA-12067,600
4,NORMA-21114,601
4,NORMA-19499,602
4,NORMA-19715,603
4,NORMA-12043,604
4,NORMA-10531,605
4,NORMA-18215,606
4,NORMA-6318,607
4,NORMA-21063,608
4,NORMA-14390,609
4,NORMA-20569,610
4,NORMA-11771,611
4,NORMA-27364,612
4,NORMA-18414,613
4,NORMA-20135,614
4,NORMA-20253,615
4,NORMA-19295,616
4,NORMA-18685,617
4,NORMA-7012,618
4,NORMA-18691,619
4,NORMA-20894,620
4,NORMA-21470,621
4,NORMA-21012,622
4,NORMA-18720,623
4,NORMA-7326,624
4,NORMA-7351,625
4,NORMA-11770,626
4,NORMA-1035,627
4,NORMA-13029,628
4,NORMA-21787,629
4,NORMA-19777,630
4,NORMA-11734,631
4,NORMA-21538,632
4,NORMA-21420,633
4,NORMA-21156,634
4,NORMA-11300,635
4,NORMA-20432,636
4,NORMA-21184,637
4,NORMA-19609,638
4,NORMA-20208,639
4,NORMA-4909,640
4,NORMA-21273,641
4,NORMA-6623,642
4,NORMA-20993,643
4,NORMA-19737,644
4,NORMA-19925,645
4,NORMA-20694,646
4,NORMA-20238,647
4,NORMA-11226,648
4,NORMA-6185,649
4,NORMA-19940,650
4,NORMA-19901,651
4,NORMA-3598,652
4,NORMA-646,653
4,NORMA-12102,654
4,NORMA-21599,655
4,NORMA-21207,656
4,NORMA-20166,657
4,NORMA-20239,658
4,NORMA-20120,659
4,NORMA-19014,660
4,NORMA-20206,661
4,NORMA-19903,662
4,NORMA-21695,663
4,NORMA-6177,664
4,NORMA-20082,665
4,NORMA-20217,666
4,NORMA-1740,667
4,NORMA-19839,668
4,NORMA-20201,669
4,NORMA-19503,670
4,NORMA-29005,671
4,NORMA-19980,672
4,NORMA-18345,673
4,NORMA-21252,674
4,NORMA-18307,675
4,NORMA-21245,676
4,NORMA-20210,677
4,NORMA-18707,678
4,NORMA-8773,679
4,NORMA-18933,680
4,NORMA-21566,681
4,NORMA-18342,682
4,NORMA-20840,683
4,NORMA-19391,684
4,NORMA-4587,685
4,NORMA-36,686
4,NORMA-5360,687
4,NORMA-20811,688
4,NORMA-20188,689
4,NORMA-10116,690
4,NORMA-21220,691
4,NORMA-18896,692
4,NORMA-11085,693
4,NORMA-19337,694
4,NORMA-8205,695
4,NORMA-22941,696
4,NORMA-19426,697
4,NORMA-21369,698
4,NORMA-20521,699
4,NORMA-12020,700
4,NORMA-11476,701
4,NORMA-18446,702
4,NORMA-5496,703
4,NORMA-19321,704
4,NORMA-21790,705
4,NORMA-21621,706
4,NORMA-14294,707
4,NORMA-20198,708
4,NORMA-18409,709
4,NORMA-5626,710
4,NORMA-20128,711
4,NORMA-20854,712
4,NORMA-6256,713
4,NORMA-595,714
4,NORMA-18747,715
4,NORMA-18631,716
4,NORMA-18208,717
4,NORMA-19442,718
4,NORMA-19845,719
4,NORMA-18724,720
4,NORMA-20911,721
4,NORMA-2981,722
4,NORMA-19192,723
4,NORMA-19785,724
4,NORMA-602,725
4,NORMA-21197,726
4,NORMA-18378,727
4,NORMA-20265,728
4,NORMA-19417,729
4,NORMA-20300,730
4,NORMA-20077,731
4,NORMA-19979,732
4,NORMA-21506,733
4,NORMA-20294,734
4,NORMA-20194,735
4,NORMA-2183,736
4,NORMA-23101,737
4,NORMA-20480,738
4,NORMA-3181,739
4,NORMA-21232,740
4,NORMA-19983,741
4,NORMA-21747,742
4,NORMA-25523,743
4,NORMA-18407,744
4,NORMA-20190,745
4,NORMA-588,746
4,NORMA-587,747
4,NORMA-18201,748
4,NORMA-11612,749
4,NORMA-2399,750
4,NORMA-19469,751
4,NORMA-14937,752
4,NORMA-13476,753
4,NORMA-20564,754
4,NORMA-19571,755
4,NORMA-20121,756
4,NORMA-13990,757
4,NORMA-7095,758
4,NORMA-20197,759
4,NORMA-18562,760
4,NORMA-11627,761
4,NORMA-21008,762
4,NORMA-19643,763
4,NORMA-2413,764
4,NORMA-18237,765
4,NORMA-21568,766
4,NORMA-27342,767
4,NORMA-19919,768
4,NORMA-20113,769
4,NORMA-19249,770
4,NORMA-12060,771
4,NORMA-18306,772
4,NORMA-1138,773
4,NORMA-2536,774
4,NORMA-21705,775
4,NORMA-14263,776
4,NORMA-19384,777
4,NORMA-567,778
4,NORMA-61,779
4,NORMA-8027,780
4,NORMA-20507,781
4,NORMA-19650,782
4,NORMA-20936,783
4,NORMA-20157,784
4,NORMA-18709,785
4,NORMA-18432,786
4,NORMA-19822,787
4,NORMA-19741,788
4,NORMA-11798,789
4,NORMA-6736,790
4,NORMA-28362,791
4,NORMA-20119,792
4,NORMA-13174,793
4,NORMA-12038,794
4,NORMA-21429,795
4,NORMA-1013,796
4,NORMA-17461,797
4,NORMA-978,798
4,NORMA-22061,799
4,NORMA-20797,800
4,NORMA-20482,801
4,NORMA-21128,802
4,NORMA-10691,803
4,NORMA-18839,804
4,NORMA-20336,805
4,NORMA-17321,806
4,NORMA-7027,807
4,NORMA-21564,808
4,NORMA-20423,809
4,NORMA-13158,810
4,NORMA-20633,811
4,NORMA-1044,812
4,NORMA-21585,813
4,NORMA-20858,814
4,NORMA-7384,815
4,NORMA-21419,816
4,NORMA-20448,817
4,NORMA-854,818
4,NORMA-26102,819
4,NORMA-21343,820
4,NORMA-21147,821
4,NORMA-18900,822
4,NORMA-2551,823
4,NORMA-20566,824
4,NORMA-18539,825
4,NORMA-19639,826
4,NORMA-19770,827
4,NORMA-4786,828
4,NORMA-18350,829
4,NORMA-20060,830
4,NORMA-20407,831
4,NORMA-3577,832
4,NORMA-27761,833
4,NORMA-20376,834
4,NORMA-21141,835
4,NORMA-19128,836
4,NORMA-21170,837
4,NORMA-20762,838
4,NORMA-21744,839
4,NORMA-20437,840
4,NORMA-21357,841
4,NORMA-20453,842
4,NORMA-19028,843
4,NORMA-11714,844
4,NORMA-8114,845
4,NORMA-21507,846
4,NORMA-7015,847
4,NORMA-18339,848
4,NORMA-21107,849
4,NORMA-20398,850
4,NORMA-20108,851
4,NORMA-20645,852
4,NORMA-18980,853
4,NORMA-19275,854
4,NORMA-1572,855
4,NORMA-12164,856
4,NORMA-20429,857
4,NORMA-11731,858
4,NORMA-10029,859
4,NORMA-21247,860
4,NORMA-27063,861
4,NORMA-21291,862
4,NORMA-13469,863
4,NORMA-20209,864
4,NORMA-21631,865
4,NORMA-20191,866
4,NORMA-20912,867
4,NORMA-19234,868
4,NORMA-10629,869
4,NORMA-21408,870
4,NORMA-21746,871
4,NORMA-20841,872
4,NORMA-2376,873
4,NORMA-19859,874
4,NORMA-19164,875
4,NORMA-5586,876
4,NORMA-21359,877
4,NORMA-16424,878
4,NORMA-19977,879
4,NORMA-18206,880
4,NORMA-19465,881
4,NORMA-20123,882
4,NORMA-21437,883
4,NORMA-19582,884
4,NORMA-21095,885
4,NORMA-28422,886
4,NORMA-634,887
4,NORMA-19828,888
4,NORMA-21185,889
4,NORMA-21501,890
4,NORMA-20263,891
4,NORMA-18548,892
4,NORMA-2233,893
4,NORMA-18533,894
4,NORMA-20845,895
4,NORMA-21630,896
4,NORMA-18730,897
4,NORMA-18797,898
4,NORMA-20302,899
4,NORMA-21613,900
4,NORMA-20891,901
4,NORMA-19947,902
4,NORMA-21192,903
4,NORMA-10200,904
4,NORMA-20692,905
4,NORMA-18270,906
4,NORMA-18266,907
4,NORMA-20369,908
4,NORMA-20242,909
4,NORMA-23222,910
4,NORMA-18462,911
4,NORMA-8458,912
4,NORMA-21299,913
4,NORMA-19849,914
4,NORMA-7149,915
4,NORMA-53,916
4,NORMA-18202,917
4,NORMA-21384,918
4,NORMA-19182,919
4,NORMA-11799,920
4,NORMA-20950,921
4,NORMA-19798,922
4,NORMA-206,923
4,NORMA-1567,924
4,NORMA-19061,925
4,NORMA-21757,926
4,NORMA-19463,927
4,NORMA-20248,928
4,NORMA-16202,929
4,NORMA-7953,930
4,NORMA-12631,931
4,NORMA-21225,932
4,NORMA-21071,933
4,NORMA-10309,934
4,NORMA-6655,935
4,NORMA-21739,936
4,NORMA-9893,937
4,NORMA-20428,938
4,NORMA-19378,939
4,NORMA-19852,940
4,NORMA-18974,941
4,NORMA-1030,942
4,NORMA-21655,943
4,NORMA-2563,944
4,NORMA-10119,945
4,NORMA-21309,946
4,NORMA-20778,947
4,NORMA-12956,948
4,NORMA-6354,949
4,NORMA-19830,950
4,NORMA-21544,951
4,NORMA-19871,952
4,NORMA-19570,953
4,NORMA-20777,954
4,NORMA-689,955
4,NORMA-19178,956
4,NORMA-19883,957
4,NORMA-20037,958
4,NORMA-1654,959
4,NORMA-13514,960
4,NORMA-6698,961
4,NORMA-19768,962
4,NORMA-18802,963
4,NORMA-21122,964
4,NORMA-20056,965
4,NORMA-20280,966
4,NORMA-19851,967
4,NORMA-21754,968
4,NORMA-19904,969
4,NORMA-10375,970
4,NORMA-19593,971
4,NORMA-24905,972
4,NORMA-19780,973
4,NORMA-8195,974
4,NORMA-2003,975
4,NORMA-18656,976
4,NORMA-18331,977
4,NORMA-20886,978
4,NORMA-5421,979
4,NORMA-380,980
4,NORMA-19235,981
4,NORMA-2012,982
4,NORMA-21650,983
4,NORMA-19596,984
4,NORMA-20366,985
4,NORMA-18404,986
4,NORMA-21656,987
4,NORMA-18293,988
4,NORMA-581,989
4,NORMA-2660,990
4,NORMA-19998,991
4,NORMA-19561,992
4,NORMA-2558,993
4,NORMA-2144,994
4,NORMA-20926,995
4,NORMA-20917,996
4,NORMA-19473,997
4,NORMA-11791,998
4,NORMA-21139,999
4,NORMA-20810,1000
5,NORMA-7392,1
5,NORMA-18807,2
5,NORMA-18386,3
5,NORMA-20630,4
5,NORMA-19295,5
5,NORMA-18270,6
5,NORMA-3942,7
5,NORMA-18802,8
5,NORMA-10749,9
5,NORMA-21369,10
5,NORMA-18255,11
5,NORMA-22861,12
5,NORMA-6268,13
5,NORMA-4318,14
5,NORMA-5252,15
5,NORMA-18418,16
5,NORMA-18450,17
5,NORMA-8814,18
5,NORMA-18697,19
5,NORMA-21606,20
5,NORMA-4182,21
5,NORMA-20389,22
5,NORMA-19828,23
5,NORMA-19642,24
5,NORMA-21444,25
5,NORMA-19158,26
5,NORMA-21616,27
5,NORMA-18952,28
5,NORMA-19330,29
5,NORMA-27610,30
5,NORMA-20444,31
5,NORMA-20968,32
5,NORMA-19784,33
5,NORMA-684,34
5,NORMA-20670,35
5,NORMA-6488,36
5,NORMA-18729,37
5,NORMA-5586,38
5,NORMA-7390,39
5,NORMA-21547,40
5,NORMA-18722,41
5,NORMA-27981,42
5,NORMA-19361,43
5,NORMA-20225,44
5,NORMA-20376,45
5,NORMA-20398,46
5,NORMA-20407,47
5,NORMA-27062,48
5,NORMA-5626,49
5,NORMA-21352,50
5,NORMA-27063,51
5,NORMA-21363,52
5,NORMA-14749,53
5,NORMA-3571,54
5,NORMA-21608,55
5,NORMA-15246,56
5,NORMA-21941,57
5,NORMA-19830,58
5,NORMA-19553,59
5,NORMA-20603,60
5,NORMA-20858,61
5,NORMA-20382,62
5,NORMA-21778,63
5,NORMA-21734,64
5,NORMA-27449,65
5,NORMA-21243,66
5,NORMA-6342,67
5,NORMA-21742,68
5,NORMA-21777,69
5,NORMA-19351,70
5,NORMA-24904,71
5,NORMA-28404,72
5,NORMA-21633,73
5,NORMA-28501,74
5,NORMA-28542,75
5,NORMA-27446,76
5,NORMA-29007,77
5,NORMA-21286,78
5,NORMA-27383,79
5,NORMA-12954,80
5,NORMA-18562,81
5,NORMA-19332,82
5,NORMA-20119,83
5,NORMA-4423,84
5,NORMA-20423,85
5,NORMA-19199,86
5,NORMA-19145,87
5,NORMA-21537,88
5,NORMA-21678,89
5,NORMA-27641,90
5,NORMA-21272,91
5,NORMA-11664,92
5,NORMA-18445,93
5,NORMA-18314,94
5,NORMA-20164,95
5,NORMA-21562,96
5,NORMA-21526,97
5,NORMA-26884,98
5,NORMA-19298,99
5,NORMA-20647,100
5,NORMA-19192,101
5,NORMA-20405,102
5,NORMA-20388,103
5,NORMA-20396,104
5,NORMA-29062,105
5,NORMA-19061,106
5,NORMA-4711,107
5,NORMA-21554,108
5,NORMA-4075,109
5,NORMA-20816,110
5,NORMA-27362,111
5,NORMA-20179,112
5,NORMA-29182,113
5,NORMA-9384,114
5,NORMA-21471,115
5,NORMA-20091,116
5,NORMA-20110,117
5,NORMA-20240,118
5,NORMA-27385,119
5,NORMA-16462,120
5,NORMA-4425,121
5,NORMA-27363,122
5,NORMA-21185,123
5,NORMA-4275,124
5,NORMA-13170,125
5,NORMA-27361,126
5,NORMA-12067,127
5,NORMA-21132,128
5,NORMA-31923,129
5,NORMA-6753,130
5,NORMA-20917,131
5,NORMA-20244,132
5,NORMA-21768,133
5,NORMA-6702,134
5,NORMA-14874,135
5,NORMA-18306,136
5,NORMA-20096,137
5,NORMA-20557,138
5,NORMA-11733,139
5,NORMA-11756,140
5,NORMA-4394,141
5,NORMA-11477,142
5,NORMA-27366,143
5,NORMA-20157,144
5,NORMA-5494,145
5,NORMA-21595,146
5,NORMA-4514,147
5,NORMA-4424,148
5,NORMA-19704,149
5,NORMA-18816,150
5,NORMA-30043,151
5,NORMA-19039,152
5,NORMA-21152,153
5,NORMA-20488,154
5,NORMA-12657,155
5,NORMA-21690,156
5,NORMA-21241,157
5,NORMA-11764,158
5,NORMA-11479,159
5,NORMA-7110,160
5,NORMA-21012,161
5,NORMA-11609,162
5,NORMA-18762,163
5,NORMA-19459,164
5,NORMA-7466,165
5,NORMA-20503,166
5,NORMA-20300,167
5,NORMA-19028,168
5,NORMA-21279,169
5,NORMA-21523,170
5,NORMA-6752,171
5,NORMA-20369,172
5,NORMA-21651,173
5,NORMA-22561,174
5,NORMA-18434,175
5,NORMA-11469,176
5,NORMA-20108,177
5,NORMA-19844,178
5,NORMA-20558,179
5,NORMA-21762,180
5,NORMA-11763,181
5,NORMA-18724,182
5,NORMA-21683,183
5,NORMA-772,184
5,NORMA-21776,185
5,NORMA-20359,186
5,NORMA-21684,187
5,NORMA-25902,188
5,NORMA-20468,189
5,NORMA-19939,190
5,NORMA-21305,191
5,NORMA-21676,192
5,NORMA-21135,193
5,NORMA-20480,194
5,NORMA-20473,195
5,NORMA-3577,196
5,NORMA-18574,197
5,NORMA-20460,198
5,NORMA-19715,199
5,NORMA-6948,200
5,NORMA-18204,201
5,NORMA-18414,202
5,NORMA-228,203
5,NORMA-18682,204
5,NORMA-19181,205
5,NORMA-21367,206
5,NORMA-21783,207
5,NORMA-6881,208
5,NORMA-27761,209
5,NORMA-20103,210
5,NORMA-20349,211
5,NORMA-6701,212
5,NORMA-802,213
5,NORMA-18537,214
5,NORMA-21114,215
5,NORMA-20293,216
5,NORMA-6643,217
5,NORMA-2089,218
5,NORMA-59,219
5,NORMA-660,220
5,NORMA-2013,221
5,NORMA-801,222
5,NORMA-20474,223
5,NORMA-18424,224
5,NORMA-2185,225
5,NORMA-835,226
5,NORMA-22661,227
5,NORMA-25121,228
5,NORMA-8028,229
5,NORMA-1611,230
5,NORMA-4141,231
5,NORMA-3573,232
5,NORMA-18780,233
5,NORMA-554,234
5,NORMA-19080,235
5,NORMA-20430,236
5,NORMA-20977,237
5,NORMA-11814,238
5,NORMA-18394,239
5,NORMA-19815,240
5,NORMA-3828,241
5,NORMA-3566,242
5,NORMA-18801,243
5,NORMA-4193,244
5,NORMA-20528,245
5,NORMA-3954,246
5,NORMA-20519,247
5,NORMA-7250,248
5,NORMA-18829,249
5,NORMA-21687,250
5,NORMA-20394,251
5,NORMA-25821,252
5,NORMA-20666,253
5,NORMA-18654,254
5,NORMA-2375,255
5,NORMA-18290,256
5,NORMA-20424,257
5,NORMA-2014,258
5,NORMA-5428,259
5,NORMA-4221,260
5,NORMA-26881,261
5,NORMA-18790,262
5,NORMA-25621,263
5,NORMA-6555,264
5,NORMA-19748,265
5,NORMA-20465,266
5,NORMA-25682,267
5,NORMA-20739,268
5,NORMA-18629,269
5,NORMA-6076,270
5,NORMA-9238,271
5,NORMA-21735,272
5,NORMA-21263,273
5,NORMA-20401,274
5,NORMA-19021,275
5,NORMA-5340,276
5,NORMA-6856,277
5,NORMA-6022,278
5,NORMA-19081,279
5,NORMA-21502,280
5,NORMA-6347,281
5,NORMA-21399,282
5,NORMA-20949,283
5,NORMA-20386,284
5,NORMA-18448,285
5,NORMA-5890,286
5,NORMA-21037,287
5,NORMA-4080,288
5,NORMA-21604,289
5,NORMA-18806,290
5,NORMA-18701,291
5,NORMA-20981,292
5,NORMA-18245,293
5,NORMA-20392,294
5,NORMA-20696,295
5,NORMA-21716,296
5,NORMA-4195,297
5,NORMA-15029,298
5,NORMA-18460,299
5,NORMA-15249,300
5,NORMA-14821,301
5,NORMA-9597,302
5,NORMA-8269,303
5,NORMA-6222,304
5,NORMA-4849,305
5,NORMA-20806,306
5,NORMA-25101,307
5,NORMA-9959,308
5,NORMA-25964,309
5,NORMA-18961,310
5,NORMA-20983,311
5,NORMA-19027,312
5,NORMA-18215,313
5,NORMA-20936,314
5,NORMA-18648,315
5,NORMA-20162,316
5,NORMA-3541,317
5,NORMA-21463,318
5,NORMA-20080,319
5,NORMA-18604,320
5,NORMA-12820,321
5,NORMA-19936,322
5,NORMA-5128,323
5,NORMA-18800,324
5,NORMA-18739,325
5,NORMA-6126,326
5,NORMA-18613,327
5,NORMA-18310,328
5,NORMA-18792,329
5,NORMA-21054,330
5,NORMA-19360,331
5,NORMA-19487,332
5,NORMA-18512,333
5,NORMA-2164,334
5,NORMA-18488,335
5,NORMA-19925,336
5,NORMA-19263,337
5,NORMA-19157,338
5,NORMA-21116,339
5,NORMA-20718,340
5,NORMA-938,341
5,NORMA-18849,342
5,NORMA-6448,343
5,NORMA-20320,344
5,NORMA-21108,345
5,NORMA-19529,346
5,NORMA-4525,347
5,NORMA-20427,348
5,NORMA-20313,349
5,NORMA-19708,350
5,NORMA-20434,351
5,NORMA-18956,352
5,NORMA-18419,353
5,NORMA-19303,354
5,NORMA-19053,355
5,NORMA-14504,356
5,NORMA-21548,357
5,NORMA-19945,358
5,NORMA-20196,359
5,NORMA-6629,360
5,NORMA-14118,361
5,NORMA-24905,362
5,NORMA-21354,363
5,NORMA-20356,364
5,NORMA-20692,365
5,NORMA-20311,366
5,NORMA-20693,367
5,NORMA-21602,368
5,NORMA-21287,369
5,NORMA-6560,370
5,NORMA-6514,371
5,NORMA-18818,372
5,NORMA-20918,373
5,NORMA-14262,374
5,NORMA-21751,375
5,NORMA-20210,376
5,NORMA-21457,377
5,NORMA-25122,378
5,NORMA-3472,379
5,NORMA-14055,380
5,NORMA-20698,381
5,NORMA-20437,382
5,NORMA-21577,383
5,NORMA-18332,384
5,NORMA-21557,385
5,NORMA-20674,386
5,NORMA-19423,387
5,NORMA-26887,388
5,NORMA-14597,389
5,NORMA-20569,390
5,NORMA-20351,391
5,NORMA-18437,392
5,NORMA-20330,393
5,NORMA-20323,394
5,NORMA-6092,395
5,NORMA-18699,396
5,NORMA-25082,397
5,NORMA-27022,398
5,NORMA-20459,399
5,NORMA-19817,400
5,NORMA-658,401
5,NORMA-20662,402
5,NORMA-6410,403
5,NORMA-19245,404
5,NORMA-18203,405
5,NORMA-20335,406
5,NORMA-9960,407
5,NORMA-5312,408
5,NORMA-20863,409
5,NORMA-8459,410
5,NORMA-20963,411
5,NORMA-20032,412
5,NORMA-20357,413
5,NORMA-19797,414
5,NORMA-20649,415
5,NORMA-18352,416
5,NORMA-29301,417
5,NORMA-19447,418
5,NORMA-20302,419
5,NORMA-19329,420
5,NORMA-20342,421
5,NORMA-20316,422
5,NORMA-21058,423
5,NORMA-475,424
5,NORMA-19407,425
5,NORMA-29283,426
5,NORMA-21539,427
5,NORMA-29101,428
5,NORMA-23061,429
5,NORMA-19875,430
5,NORMA-19216,431
5,NORMA-19484,432
5,NORMA-9824,433
5,NORMA-9799,434
5,NORMA-20452,435
5,NORMA-24501,436
5,NORMA-25721,437
5,NORMA-24885,438
5,NORMA-18324,439
5,NORMA-477,440
5,NORMA-6344,441
5,NORMA-18900,442
5,NORMA-21642,443
5,NORMA-1416,444
5,NORMA-20453,445
5,NORMA-21278,446
5,NORMA-23001,447
5,NORMA-18856,448
5,NORMA-18847,449
5,NORMA-20002,450
5,NORMA-21007,451
5,NORMA-11386,452
5,NORMA-6134,453
5,NORMA-21519,454
5,NORMA-19859,455
5,NORMA-21312,456
5,NORMA-20641,457
5,NORMA-23026,458
5,NORMA-9746,459
5,NORMA-6489,460
5,NORMA-5339,461
5,NORMA-18776,462
5,NORMA-20268,463
5,NORMA-18884,464
5,NORMA-19347,465
5,NORMA-4102,466
5,NORMA-20205,467
5,NORMA-19225,468
5,NORMA-21623,469
5,NORMA-1092,470
5,NORMA-6743,471
5,NORMA-9371,472
5,NORMA-6411,473
5,NORMA-20738,474
5,NORMA-20151,475
5,NORMA-19346,476
5,NORMA-14529,477
5,NORMA-19348,478
5,NORMA-19548,479
5,NORMA-6140,480
5,NORMA-5958,481
5,NORMA-19871,482
5,NORMA-13219,483
5,NORMA-6051,484
5,NORMA-7225,485
5,NORMA-20191,486
5,NORMA-20865,487
5,NORMA-10515,488
5,NORMA-20894,489
5,NORMA-6198,490
5,NORMA-3496,491
5,NORMA-21121,492
5,NORMA-19652,493
5,NORMA-20229,494
5,NORMA-20854,495
5,NORMA-20737,496
5,NORMA-26102,497
5,NORMA-15103,498
5,NORMA-9477,499
5,NORMA-5467,500
5,NORMA-14114,501
5,NORMA-18751,502
5,NORMA-12729,503
5,NORMA-6170,504
5,NORMA-18260,505
5,NORMA-8464,506
5,NORMA-18854,507
5,NORMA-24181,508
5,NORMA-6128,509
5,NORMA-18381,510
5,NORMA-9355,511
5,NORMA-8537,512
5,NORMA-4944,513
5,NORMA-19852,514
5,NORMA-6378,515
5,NORMA-21129,516
5,NORMA-27041,517
5,NORMA-11438,518
5,NORMA-18886,519
5,NORMA-7113,520
5,NORMA-18284,521
5,NORMA-18515,522
5,NORMA-14422,523
5,NORMA-11387,524
5,NORMA-11131,525
5,NORMA-7442,526
5,NORMA-21717,527
5,NORMA-19729,528
5,NORMA-20799,529
5,NORMA-14790,530
5,NORMA-12836,531
5,NORMA-14679,532
5,NORMA-3551,533
5,NORMA-9016,534
5,NORMA-6445,535
5,NORMA-26802,536
5,NORMA-15641,537
5,NORMA-18605,538
5,NORMA-6318,539
5,NORMA-5296,540
5,NORMA-4148,541
5,NORMA-27221,542
5,NORMA-12799,543
5,NORMA-22701,544
5,NORMA-9475,545
5,NORMA-18721,546
5,NORMA-12843,547
5,NORMA-13840,548
5,NORMA-20530,549
5,NORMA-20556,550
5,NORMA-26681,551
5,NORMA-9679,552
5,NORMA-8435,553
5,NORMA-8958,554
5,NORMA-18904,555
5,NORMA-4799,556
5,NORMA-7918,557
5,NORMA-20941,558
5,NORMA-17222,559
5,NORMA-25881,560
5,NORMA-6413,561
5,NORMA-18710,562
5,NORMA-9849,563
5,NORMA-9711,564
5,NORMA-5253,565
5,NORMA-20123,566
5,NORMA-21521,567
5,NORMA-21666,568
5,NORMA-19008,569
5,NORMA-20429,570
5,NORMA-28281,571
5,NORMA-21459,572
5,NORMA-10736,573
5,NORMA-9848,574
5,NORMA-20195,575
5,NORMA-8293,576
5,NORMA-21752,577
5,NORMA-20847,578
5,NORMA-21786,579
5,NORMA-6720,580
5,NORMA-10205,581
5,NORMA-6500,582
5,NORMA-23862,583
5,NORMA-19733,584
5,NORMA-19266,585
5,NORMA-5103,586
5,NORMA-19835,587
5,NORMA-18779,588
5,NORMA-18765,589
5,NORMA-13319,590
5,NORMA-13294,591
5,NORMA-6846,592
5,NORMA-18857,593
5,NORMA-19420,594
5,NORMA-616,595
5,NORMA-21505,596
5,NORMA-10219,597
5,NORMA-18960,598
5,NORMA-10950,599
5,NORMA-19310,600
5,NORMA-18303,601
5,NORMA-3871,602
5,NORMA-19643,603
5,NORMA-20397,604
5,NORMA-20754,605
5,NORMA-20020,606
5,NORMA-5133,607
5,NORMA-19972,608
5,NORMA-9217,609
5,NORMA-5988,610
5,NORMA-2475,611
5,NORMA-13087,612
5,NORMA-10977,613
5,NORMA-9820,614
5,NORMA-4891,615
5,NORMA-6679,616
5,NORMA-19845,617
5,NORMA-20404,618
5,NORMA-21511,619
5,NORMA-21408,620
5,NORMA-9681,621
5,NORMA-18624,622
5,NORMA-10318,623
5,NORMA-11214,624
5,NORMA-20147,625
5,NORMA-4706,626
5,NORMA-5223,627
5,NORMA-18423,628
5,NORMA-9067,629
5,NORMA-21111,630
5,NORMA-21476,631
5,NORMA-21153,632
5,NORMA-20097,633
5,NORMA-27226,634
5,NORMA-12670,635
5,NORMA-21350,636
5,NORMA-19105,637
5,NORMA-21042,638
5,NORMA-19769,639
5,NORMA-10534,640
5,NORMA-19335,641
5,NORMA-10789,642
5,NORMA-21796,643
5,NORMA-20435,644
5,NORMA-28421,645
5,NORMA-6383,646
5,NORMA-18757,647
5,NORMA-20249,648
5,NORMA-26,649
5,NORMA-19655,650
5,NORMA-18837,651
5,NORMA-18456,652
5,NORMA-4898,653
5,NORMA-7326,654
5,NORMA-7351,655
5,NORMA-13029,656
5,NORMA-6645,657
5,NORMA-21569,658
5,NORMA-10347,659
5,NORMA-15802,660
5,NORMA-19549,661
5,NORMA-9724,662
5,NORMA-14028,663
5,NORMA-20808,664
5,NORMA-9147,665
5,NORMA-11300,666
5,NORMA-19444,667
5,NORMA-12113,668
5,NORMA-21170,669
5,NORMA-18568,670
5,NORMA-19273,671
5,NORMA-21698,672
5,NORMA-19304,673
5,NORMA-19296,674
5,NORMA-21005,675
5,NORMA-18391,676
5,NORMA-19402,677
5,NORMA-8087,678
5,NORMA-7616,679
5,NORMA-19569,680
5,NORMA-20201,681
5,NORMA-19727,682
5,NORMA-13659,683
5,NORMA-20761,684
5,NORMA-3493,685
5,NORMA-10393,686
5,NORMA-20924,687
5,NORMA-19550,688
5,NORMA-10170,689
5,NORMA-20267,690
5,NORMA-20094,691
5,NORMA-18914,692
5,NORMA-19144,693
5,NORMA-20126,694
5,NORMA-6082,695
5,NORMA-21570,696
5,NORMA-20492,697
5,NORMA-20517,698
5,NORMA-12618,699
5,NORMA-8085,700
5,NORMA-9847,701
5,NORMA-19142,702
5,NORMA-21098,703
5,NORMA-19182,704
5,NORMA-19137,705
5,NORMA-8086,706
5,NORMA-20985,707
5,NORMA-19681,708
5,NORMA-19076,709
5,NORMA-21693,710
5,NORMA-5054,711
5,NORMA-20285,712
5,NORMA-18730,713
5,NORMA-19457,714
5,NORMA-5375,715
5,NORMA-19781,716
5,NORMA-21486,717
5,NORMA-10745,718
5,NORMA-21435,719
5,NORMA-20025,720
5,NORMA-19276,721
5,NORMA-10590,722
5,NORMA-4297,723
5,NORMA-21542,724
5,NORMA-21311,725
5,NORMA-8198,726
5,NORMA-20448,727
5,NORMA-20794,728
5,NORMA-27242,729
5,NORMA-19350,730
5,NORMA-19452,731
5,NORMA-19570,732
5,NORMA-11268,733
5,NORMA-5298,734
5,NORMA-19052,735
5,NORMA-18331,736
5,NORMA-7007,737
5,NORMA-21329,738
5,NORMA-19126,739
5,NORMA-19277,740
5,NORMA-20380,741
5,NORMA-20476,742
5,NORMA-20062,743
5,NORMA-19090,744
5,NORMA-21133,745
5,NORMA-19541,746
5,NORMA-19015,747
5,NORMA-19141,748
5,NORMA-20784,749
5,NORMA-19450,750
5,NORMA-20993,751
5,NORMA-18841,752
5,NORMA-20487,753
5,NORMA-21358,754
5,NORMA-25141,755
5,NORMA-18242,756
5,NORMA-20077,757
5,NORMA-18709,758
5,NORMA-18812,759
5,NORMA-21337,760
5,NORMA-19969,761
5,NORMA-21582,762
5,NORMA-20381,763
5,NORMA-19741,764
5,NORMA-18451,765
5,NORMA-13265,766
5,NORMA-18558,767
5,NORMA-20657,768
5,NORMA-21010,769
5,NORMA-12630,770
5,NORMA-20194,771
5,NORMA-8201,772
5,NORMA-18282,773
5,NORMA-19725,774
5,NORMA-19403,775
5,NORMA-18569,776
5,NORMA-19098,777
5,NORMA-9110,778
5,NORMA-3650,779
5,NORMA-3880,780
5,NORMA-19139,781
5,NORMA-21097,782
5,NORMA-19810,783
5,NORMA-6834,784
5,NORMA-21780,785
5,NORMA-21141,786
5,NORMA-18630,787
5,NORMA-7942,788
5,NORMA-19639,789
5,NORMA-21011,790
5,NORMA-5251,791
5,NORMA-18262,792
5,NORMA-21659,793
5,NORMA-15045,794
5,NORMA-21018,795
5,NORMA-18587,796
5,NORMA-18285,797
5,NORMA-23682,798
5,NORMA-20131,799
5,NORMA-19022,800
5,NORMA-9670,801
5,NORMA-18513,802
5,NORMA-14542,803
5,NORMA-19073,804
5,NORMA-19448,805
5,NORMA-18469,806
5,NORMA-19588,807
5,NORMA-20697,808
5,NORMA-18257,809
5,NORMA-18305,810
5,NORMA-18470,811
5,NORMA-9792,812
5,NORMA-19422,813
5,NORMA-18258,814
5,NORMA-18235,815
5,NORMA-18369,816
5,NORMA-2508,817
5,NORMA-19025,818
5,NORMA-19023,819
5,NORMA-19683,820
5,NORMA-12029,821
5,NORMA-19774,822
5,NORMA-18586,823
5,NORMA-18704,824
5,NORMA-19012,825
5,NORMA-21544,826
5,NORMA-14493,827
5,NORMA-19897,828
5,NORMA-3662,829
5,NORMA-18372,830
5,NORMA-18373,831
5,NORMA-7420,832
5,NORMA-18256,833
5,NORMA-18405,834
5,NORMA-18711,835
5,NORMA-4251,836
5,NORMA-21795,837
5,NORMA-20955,838
5,NORMA-19391,839
5,NORMA-18714,840
5,NORMA-716,841
5,NORMA-21419,842
5,NORMA-19324,843
5,NORMA-19097,844
5,NORMA-20526,845
5,NORMA-19251,846
5,NORMA-5063,847
5,NORMA-20984,848
5,NORMA-20432,849
5,NORMA-19123,850
5,NORMA-19714,851
5,NORMA-19530,852
5,NORMA-5604,853
5,NORMA-18459,854
5,NORMA-6351,855
5,NORMA-19425,856
5,NORMA-18392,857
5,NORMA-21251,858
5,NORMA-4189,859
5,NORMA-19253,860
5,NORMA-18712,861
5,NORMA-18588,862
5,NORMA-5150,863
5,NORMA-11711,864
5,NORMA-20436,865
5,NORMA-21149,866
5,NORMA-14345,867
5,NORMA-5102,868
5,NORMA-19238,869
5,NORMA-19168,870
5,NORMA-21021,871
5,NORMA-19405,872
5,NORMA-19483,873
5,NORMA-18917,874
5,NORMA-20395,875
5,NORMA-6627,876
5,NORMA-13995,877
5,NORMA-19300,878
5,NORMA-18645,879
5,NORMA-19016,880
5,NORMA-18468,881
5,NORMA-18322,882
5,NORMA-19112,883
5,NORMA-10123,884
5,NORMA-19222,885
5,NORMA-18269,886
5,NORMA-1154,887
5,NORMA-20877,888
5,NORMA-21026,889
5,NORMA-3774,890
5,NORMA-21418,891
5,NORMA-18708,892
5,NORMA-18698,893
5,NORMA-10865,894
5,NORMA-19254,895
5,NORMA-11400,896
5,NORMA-19163,897
5,NORMA-18244,898
5,NORMA-21787,899
5,NORMA-9358,900
5,NORMA-21307,901
5,NORMA-19085,902
5,NORMA-18300,903
5,NORMA-21277,904
5,NORMA-10888,905
5,NORMA-19338,906
5,NORMA-18321,907
5,NORMA-20319,908
5,NORMA-20105,909
5,NORMA-20593,910
5,NORMA-20989,911
5,NORMA-20039,912
5,NORMA-20661,913
5,NORMA-20159,914
5,NORMA-19829,915
5,NORMA-19503,916
5,NORMA-21008,917
5,NORMA-631,918
5,NORMA-18430,919
5,NORMA-19662,920
5,NORMA-13174,921
5,NORMA-21184,922
5,NORMA-20087,923
5,NORMA-8878,924
5,NORMA-19446,925
5,NORMA-18547,926
5,NORMA-19785,927
5,NORMA-21774,928
5,NORMA-20060,929
5,NORMA-20978,930
5,NORMA-18327,931
5,NORMA-20021,932
5,NORMA-28586,933
5,NORMA-18212,934
5,NORMA-3494,935
5,NORMA-14113,936
5,NORMA-19891,937
5,NORMA-20553,938
5,NORMA-6075,939
5,NORMA-21096,940
5,NORMA-925,941
5,NORMA-19500,942
5,NORMA-18596,943
5,NORMA-15253,944
5,NORMA-19340,945
5,NORMA-20209,946
5,NORMA-19516,947
5,NORMA-20292,948
5,NORMA-20040,949
5,NORMA-4820,950
5,NORMA-18743,951
5,NORMA-20172,952
5,NORMA-14925,953
5,NORMA-5783,954
5,NORMA-19345,955
5,NORMA-122,956
5,NORMA-6957,957
5,NORMA-18703,958
5,NORMA-14967,959
5,NORMA-18759,960
5,NORMA-18363,961
5,NORMA-19130,962
5,NORMA-15068,963
5,NORMA-28822,964
5,NORMA-20106,965
5,NORMA-15027,966
5,NORMA-19186,967
5,NORMA-19508,968
5,NORMA-19146,969
5,NORMA-22723,970
5,NORMA-5431,971
5,NORMA-18595,972
5,NORMA-14858,973
5,NORMA-19428,974
5,NORMA-18606,975
5,NORMA-19439,976
5,NORMA-18968,977
5,NORMA-18634,978
5,NORMA-20133,979
5,NORMA-19183,980
5,NORMA-25541,981
5,NORMA-21516,982
5,NORMA-19115,983
5,NORMA-18641,984
5,NORMA-18628,985
5,NORMA-19453,986
5,NORMA-19147,987
5,NORMA-19071,988
5,NORMA-21495,989
5,NORMA-23521,990
5,NORMA-20780,991
5,NORMA-11888,992
5,NORMA-18615,993
5,NORMA-20027,994
5,NORMA-13555,995
5,NORMA-6084,996
5,NORMA-20149,997
5,NORMA-5751,998
5,NORMA-19434,999
5,NORMA-21081,1000
6,NORMA-20223,1
6,NORMA-9803,2
6,NORMA-19782,3
6,NORMA-6708,4
6,NORMA-19616,5
6,NORMA-19629,6
6,NORMA-19590,7
6,NORMA-19583,8
6,NORMA-12739,9
6,NORMA-14967,10
6,NORMA-18972,11
6,NORMA-6881,12
6,NORMA-18286,13
6,NORMA-6701,14
6,NORMA-9835,15
6,NORMA-7028,16
6,NORMA-6643,17
6,NORMA-15396,18
6,NORMA-12613,19
6,NORMA-13789,20
6,NORMA-27365,21
6,NORMA-11516,22
6,NORMA-9481,23
6,NORMA-6184,24
6,NORMA-6685,25
6,NORMA-18668,26
6,NORMA-11722,27
6,NORMA-11603,28
6,NORMA-11669,29
6,NORMA-11733,30
6,NORMA-11667,31
6,NORMA-13345,32
6,NORMA-11720,33
6,NORMA-11567,34
6,NORMA-11606,35
6,NORMA-11762,36
6,NORMA-14850,37
6,NORMA-12415,38
6,NORMA-12923,39
6,NORMA-13124,40
6,NORMA-11559,41
6,NORMA-11558,42
6,NORMA-13308,43
6,NORMA-11477,44
6,NORMA-11602,45
6,NORMA-20890,46
6,NORMA-11520,47
6,NORMA-11721,48
6,NORMA-11761,49
6,NORMA-11523,50
6,NORMA-11563,51
6,NORMA-14688,52
6,NORMA-11575,53
6,NORMA-11680,54
6,NORMA-11716,55
6,NORMA-15229,56
6,NORMA-11670,57
6,NORMA-11522,58
6,NORMA-11666,59
6,NORMA-11717,60
6,NORMA-11564,61
6,NORMA-18219,62
6,NORMA-11672,63
6,NORMA-11561,64
6,NORMA-20138,65
6,NORMA-11562,66
6,NORMA-11517,67
6,NORMA-11719,68
6,NORMA-14746,69
6,NORMA-11663,70
6,NORMA-11524,71
6,NORMA-19942,72
6,NORMA-11673,73
6,NORMA-27364,74
6,NORMA-18474,75
6,NORMA-15339,76
6,NORMA-11671,77
6,NORMA-18626,78
6,NORMA-11574,79
6,NORMA-18391,80
6,NORMA-11560,81
6,NORMA-11556,82
6,NORMA-13298,83
6,NORMA-11597,84
6,NORMA-13470,85
6,NORMA-11519,86
6,NORMA-11674,87
6,NORMA-13918,88
6,NORMA-27044,89
6,NORMA-11604,90
6,NORMA-19429,91
6,NORMA-18801,92
6,NORMA-11526,93
6,NORMA-21526,94
6,NORMA-11758,95
6,NORMA-18243,96
6,NORMA-11473,97
6,NORMA-29003,98
6,NORMA-4909,99
6,NORMA-11518,100
6,NORMA-11718,101
6,NORMA-19039,102
6,NORMA-18653,103
6,NORMA-11565,104
6,NORMA-11566,105
6,NORMA-6679,106
6,NORMA-15561,107
6,NORMA-18276,108
6,NORMA-1471,109
6,NORMA-19459,110
6,NORMA-21065,111
6,NORMA-11723,112
6,NORMA-11664,113
6,NORMA-19553,114
6,NORMA-8028,115
6,NORMA-9724,116
6,NORMA-19351,117
6,NORMA-21305,118
6,NORMA-21361,119
6,NORMA-21678,120
6,NORMA-21651,121
6,NORMA-28362,122
6,NORMA-6948,123
6,NORMA-11577,124
6,NORMA-15881,125
6,NORMA-11572,126
6,NORMA-11578,127
6,NORMA-2158,128
6,NORMA-21554,129
6,NORMA-6140,130
6,NORMA-7113,131
6,NORMA-8435,132
6,NORMA-19303,133
6,NORMA-6627,134
6,NORMA-8027,135
6,NORMA-19658,136
6,NORMA-19689,137
6,NORMA-6022,138
6,NORMA-18769,139
6,NORMA-20702,140
6,NORMA-20713,141
6,NORMA-6782,142
6,NORMA-20704,143
6,NORMA-26201,144
6,NORMA-20730,145
6,NORMA-20729,146
6,NORMA-1740,147
6,NORMA-6253,148
6,NORMA-21404,149
6,NORMA-3503,150
6,NORMA-20888,151
6,NORMA-20299,152
6,NORMA-20910,153
6,NORMA-11714,154
6,NORMA-18734,155
6,NORMA-6957,156
6,NORMA-1572,157
6,NORMA-18238,158
6,NORMA-18748,159
6,NORMA-13797,160
6,NORMA-18670,161
6,NORMA-4711,162
6,NORMA-6629,163
6,NORMA-8114,164
6,NORMA-21698,165
6,NORMA-5792,166
6,NORMA-20371,167
6,NORMA-4075,168
6,NORMA-5421,169
6,NORMA-11756,170
6,NORMA-18993,171
6,NORMA-20632,172
6,NORMA-21575,173
6,NORMA-2233,174
6,NORMA-19326,175
6,NORMA-7939,176
6,NORMA-2517,177
6,NORMA-3241,178
6,NORMA-20960,179
6,NORMA-21585,180
6,NORMA-19271,181
6,NORMA-21611,182
6,NORMA-18935,183
6,NORMA-21662,184
6,NORMA-21574,185
6,NORMA-29507,186
6,NORMA-20248,187
6,NORMA-18682,188
6,NORMA-4710,189
6,NORMA-20703,190
6,NORMA-6318,191
6,NORMA-12066,192
6,NORMA-28321,193
6,NORMA-8700,194
6,NORMA-21686,195
6,NORMA-11571,196
6,NORMA-4396,197
6,NORMA-6069,198
6,NORMA-61,199
6,NORMA-21634,200
6,NORMA-19705,201
6,NORMA-18759,202
6,NORMA-23141,203
6,NORMA-11627,204
6,NORMA-18939,205
6,NORMA-20907,206
6,NORMA-21196,207
6,NORMA-3622,208
6,NORMA-12730,209
6,NORMA-8195,210
6,NORMA-9844,211
6,NORMA-11443,212
6,NORMA-6447,213
6,NORMA-7387,214
6,NORMA-6783,215
6,NORMA-26881,216
6,NORMA-11665,217
6,NORMA-4275,218
6,NORMA-6736,219
6,NORMA-4830,220
6,NORMA-3767,221
6,NORMA-11474,222
6,NORMA-11356,223
6,NORMA-20763,224
6,NORMA-8706,225
6,NORMA-15167,226
6,NORMA-11527,227
6,NORMA-3577,228
6,NORMA-5360,229
6,NORMA-19807,230
6,NORMA-12102,231
6,NORMA-10116,232
6,NORMA-11085,233
6,NORMA-6199,234
6,NORMA-4786,235
6,NORMA-8205,236
6,NORMA-21409,237
6,NORMA-5496,238
6,NORMA-14294,239
6,NORMA-20727,240
6,NORMA-7386,241
6,NORMA-4746,242
6,NORMA-20073,243
6,NORMA-6642,244
6,NORMA-20817,245
6,NORMA-11600,246
6,NORMA-7222,247
6,NORMA-5586,248
6,NORMA-6888,249
6,NORMA-2003,250
6,NORMA-18502,251
6,NORMA-14056,252
6,NORMA-6088,253
6,NORMA-14724,254
6,NORMA-19731,255
6,NORMA-21356,256
6,NORMA-18291,257
6,NORMA-13476,258
6,NORMA-19504,259
6,NORMA-13299,260
6,NORMA-6821,261
6,NORMA-12733,262
6,NORMA-13746,263
6,NORMA-19143,264
6,NORMA-19086,265
6,NORMA-7384,266
6,NORMA-14828,267
6,NORMA-20295,268
6,NORMA-3597,269
6,NORMA-18900,270
6,NORMA-19224,271
6,NORMA-20468,272
6,NORMA-18427,273
6,NORMA-18945,274
6,NORMA-7225,275
6,NORMA-3723,276
6,NORMA-18267,277
6,NORMA-6965,278
6,NORMA-20926,279
6,NORMA-19686,280
6,NORMA-3659,281
6,NORMA-21402,282
6,NORMA-6195,283
6,NORMA-19492,284
6,NORMA-5243,285
6,NORMA-19400,286
6,NORMA-6622,287
6,NORMA-3676,288
6,NORMA-3733,289
6,NORMA-4093,290
6,NORMA-4298,291
6,NORMA-19283,292
6,NORMA-6665,293
6,NORMA-18990,294
6,NORMA-4783,295
6,NORMA-6093,296
6,NORMA-3732,297
6,NORMA-4616,298
6,NORMA-4676,299
6,NORMA-5915,300
6,NORMA-19663,301
6,NORMA-7645,302
6,NORMA-20120,303
6,NORMA-21330,304
6,NORMA-6851,305
6,NORMA-4240,306
6,NORMA-5385,307
6,NORMA-6177,308
6,NORMA-4499,309
6,NORMA-5320,310
6,NORMA-4759,311
6,NORMA-6352,312
6,NORMA-19852,313
6,NORMA-19741,314
6,NORMA-11598,315
6,NORMA-5396,316
6,NORMA-19229,317
6,NORMA-21203,318
6,NORMA-11157,319
6,NORMA-9870,320
6,NORMA-20402,321
6,NORMA-3598,322
6,NORMA-7236,323
6,NORMA-4122,324
6,NORMA-20132,325
6,NORMA-21512,326
6,NORMA-6186,327
6,NORMA-7504,328
6,NORMA-21322,329
6,NORMA-8202,330
6,NORMA-5626,331
6,NORMA-10819,332
6,NORMA-5973,333
6,NORMA-21632,334
6,NORMA-18711,335
6,NORMA-21748,336
6,NORMA-10818,337
6,NORMA-4512,338
6,NORMA-7399,339
6,NORMA-21517,340
6,NORMA-13403,341
6,NORMA-6189,342
6,NORMA-12850,343
6,NORMA-21323,344
6,NORMA-6167,345
6,NORMA-7160,346
6,NORMA-19299,347
6,NORMA-25525,348
6,NORMA-20113,349
6,NORMA-10025,350
6,NORMA-21737,351
6,NORMA-14562,352
6,NORMA-13884,353
6,NORMA-8894,354
6,NORMA-20235,355
6,NORMA-26803,356
6,NORMA-11757,357
6,NORMA-9799,358
6,NORMA-12777,359
6,NORMA-6746,360
6,NORMA-14561,361
6,NORMA-9842,362
6,NORMA-26763,363
6,NORMA-12919,364
6,NORMA-13863,365
6,NORMA-8702,366
6,NORMA-21696,367
6,NORMA-21412,368
6,NORMA-17162,369
6,NORMA-25526,370
6,NORMA-29044,371
6,NORMA-21722,372
6,NORMA-13264,373
6,NORMA-11766,374
6,NORMA-11416,375
6,NORMA-26901,376
6,NORMA-17461,377
6,NORMA-21474,378
6,NORMA-6134,379
6,NORMA-19338,380
6,NORMA-21591,381
6,NORMA-11137,382
6,NORMA-8196,383
6,NORMA-21347,384
6,NORMA-9746,385
6,NORMA-5339,386
6,NORMA-8194,387
6,NORMA-21719,388
6,NORMA-19347,389
6,NORMA-10974,390
6,NORMA-6207,391
6,NORMA-6743,392
6,NORMA-21643,393
6,NORMA-14800,394
6,NORMA-8111,395
6,NORMA-7648,396
6,NORMA-21471,397
6,NORMA-6411,398
6,NORMA-19028,399
6,NORMA-19346,400
6,NORMA-14726,401
6,NORMA-14529,402
6,NORMA-19348,403
6,NORMA-6051,404
6,NORMA-18743,405
6,NORMA-19345,406
6,NORMA-20085,407
6,NORMA-11319,408
6,NORMA-6198,409
6,NORMA-19389,410
6,NORMA-5128,411
6,NORMA-18439,412
6,NORMA-12505,413
6,NORMA-18838,414
6,NORMA-14114,415
6,NORMA-18788,416
6,NORMA-12729,417
6,NORMA-20736,418
6,NORMA-21612,419
6,NORMA-6128,420
6,NORMA-12089,421
6,NORMA-27926,422
6,NORMA-13323,423
6,NORMA-19428,424
6,NORMA-23941,425
6,NORMA-21749,426
6,NORMA-18797,427
6,NORMA-25621,428
6,NORMA-21618,429
6,NORMA-18617,430
6,NORMA-5751,431
6,NORMA-19783,432
6,NORMA-21497,433
6,NORMA-18774,434
6,NORMA-19491,435
6,NORMA-19570,436
6,NORMA-20055,437
6,NORMA-18370,438
6,NORMA-9238,439
6,NORMA-21659,440
6,NORMA-6514,441
6,NORMA-14262,442
6,NORMA-13756,443
6,NORMA-18466,444
6,NORMA-6595,445
6,NORMA-29005,446
6,NORMA-20902,447
6,NORMA-21666,448
6,NORMA-21113,449
6,NORMA-19188,450
6,NORMA-11759,451
6,NORMA-6758,452
6,NORMA-20297,453
6,NORMA-20694,454
6,NORMA-13508,455
6,NORMA-18724,456
6,NORMA-11588,457
6,NORMA-21547,458
6,NORMA-6880,459
6,NORMA-10789,460
6,NORMA-20294,461
6,NORMA-19013,462
6,NORMA-12956,463
6,NORMA-13160,464
6,NORMA-18954,465
6,NORMA-20622,466
6,NORMA-20692,467
6,NORMA-28981,468
6,NORMA-10748,469
6,NORMA-20790,470
6,NORMA-20886,471
6,NORMA-21821,472
6,NORMA-10708,473
6,NORMA-21725,474
6,NORMA-20597,475
6,NORMA-15211,476
6,NORMA-19927,477
6,NORMA-19431,478
6,NORMA-20186,479
6,NORMA-15802,480
6,NORMA-21086,481
6,NORMA-18240,482
6,NORMA-3509,483
6,NORMA-20151,484
6,NORMA-18298,485
6,NORMA-11764,486
6,NORMA-18916,487
6,NORMA-11479,488
6,NORMA-12067,489
6,NORMA-7381,490
6,NORMA-11751,491
6,NORMA-28001,492
6,NORMA-18886,493
6,NORMA-20068,494
6,NORMA-6084,495
6,NORMA-1138,496
6,NORMA-28586,497
6,NORMA-18285,498
6,NORMA-5969,499
6,NORMA-20712,500
6,NORMA-21028,501
6,NORMA-21186,502
6,NORMA-4279,503
6,NORMA-5162,504
6,NORMA-19961,505
6,NORMA-19448,506
6,NORMA-6641,507
6,NORMA-19518,508
6,NORMA-20705,509
6,NORMA-19056,510
6,NORMA-143,511
6,NORMA-3662,512
6,NORMA-20565,513
6,NORMA-20893,514
6,NORMA-18420,515
6,NORMA-13474,516
6,NORMA-10473,517
6,NORMA-11655,518
6,NORMA-21638,519
6,NORMA-8771,520
6,NORMA-20092,521
6,NORMA-20134,522
6,NORMA-14239,523
6,NORMA-19909,524
6,NORMA-20742,525
6,NORMA-14813,526
6,NORMA-772,527
6,NORMA-5184,528
6,NORMA-20058,529
6,NORMA-8803,530
6,NORMA-6752,531
6,NORMA-13919,532
6,NORMA-11528,533
6,NORMA-19768,534
6,NORMA-11263,535
6,NORMA-19515,536
6,NORMA-6755,537
6,NORMA-15542,538
6,NORMA-7773,539
6,NORMA-20236,540
6,NORMA-18819,541
6,NORMA-2184,542
6,NORMA-15237,543
6,NORMA-19051,544
6,NORMA-2551,545
6,NORMA-11469,546
6,NORMA-3281,547
6,NORMA-27221,548
6,NORMA-19138,549
6,NORMA-20908,550
6,NORMA-6316,551
6,NORMA-6181,552
6,NORMA-18364,553
6,NORMA-11763,554
6,NORMA-21699,555
6,NORMA-9834,556
6,NORMA-12060,557
6,NORMA-23501,558
6,NORMA-18254,559
6,NORMA-20690,560
6,NORMA-18205,561
6,NORMA-21389,562
6,NORMA-18673,563
6,NORMA-12631,564
6,NORMA-3819,565
6,NORMA-19749,566
6,NORMA-11570,567
6,NORMA-7012,568
6,NORMA-6630,569
6,NORMA-11086,570
6,NORMA-21656,571
6,NORMA-6955,572
6,NORMA-18294,573
6,NORMA-12664,574
6,NORMA-11814,575
6,NORMA-18411,576
6,NORMA-21562,577
6,NORMA-20284,578
6,NORMA-14788,579
6,NORMA-19925,580
6,NORMA-21273,581
6,NORMA-18463,582
6,NORMA-18401,583
6,NORMA-21371,584
6,NORMA-20962,585
6,NORMA-20803,586
6,NORMA-10994,587
6,NORMA-6256,588
6,NORMA-6623,589
6,NORMA-19659,590
6,NORMA-20880,591
6,NORMA-21238,592
6,NORMA-21609,593
6,NORMA-17221,594
6,NORMA-217,595
6,NORMA-13552,596
6,NORMA-18780,597
6,NORMA-21004,598
6,NORMA-20102,599
6,NORMA-18361,600
6,NORMA-4586,601
6,NORMA-3907,602
6,NORMA-18690,603
6,NORMA-19021,604
6,NORMA-20802,605
6,NORMA-18553,606
6,NORMA-8119,607
6,NORMA-6895,608
6,NORMA-18535,609
6,NORMA-18450,610
6,NORMA-11164,611
6,NORMA-18863,612
6,NORMA-6967,613
6,NORMA-18368,614
6,NORMA-20915,615
6,NORMA-19903,616
6,NORMA-2005,617
6,NORMA-12649,618
6,NORMA-13594,619
6,NORMA-14302,620
6,NORMA-19275,621
6,NORMA-21135,622
6,NORMA-6698,623
6,NORMA-11472,624
6,NORMA-18988,625
6,NORMA-21788,626
6,NORMA-20129,627
6,NORMA-20906,628
6,NORMA-14652,629
6,NORMA-20064,630
6,NORMA-18679,631
6,NORMA-19211,632
6,NORMA-20643,633
6,NORMA-20961,634
6,NORMA-21790,635
6,NORMA-6954,636
6,NORMA-18767,637
6,NORMA-18211,638
6,NORMA-13106,639
6,NORMA-1516,640
6,NORMA-19384,641
6,NORMA-22561,642
6,NORMA-19095,643
6,NORMA-6636,644
6,NORMA-12029,645
6,NORMA-18239,646
6,NORMA-1419,647
6,NORMA-27045,648
6,NORMA-11476,649
6,NORMA-26701,650
6,NORMA-6185,651
6,NORMA-14937,652
6,NORMA-18858,653
6,NORMA-27761,654
6,NORMA-18434,655
6,NORMA-12872,656
6,NORMA-13158,657
6,NORMA-3820,658
6,NORMA-3821,659
6,NORMA-20157,660
6,NORMA-19454,661
6,NORMA-19520,662
6,NORMA-9382,663
6,NORMA-21187,664
6,NORMA-18772,665
6,NORMA-21151,666
6,NORMA-19292,667
6,NORMA-10119,668
6,NORMA-7011,669
6,NORMA-483,670
6,NORMA-6819,671
6,NORMA-28221,672
6,NORMA-19499,673
6,NORMA-18796,674
6,NORMA-6820,675
6,NORMA-19394,676
6,NORMA-20168,677
6,NORMA-14498,678
6,NORMA-10029,679
6,NORMA-21637,680
6,NORMA-9871,681
6,NORMA-19512,682
6,NORMA-10044,683
6,NORMA-21005,684
6,NORMA-11087,685
6,NORMA-13990,686
6,NORMA-18603,687
6,NORMA-8774,688
6,NORMA-21431,689
6,NORMA-13469,690
6,NORMA-4588,691
6,NORMA-20891,692
6,NORMA-6676,693
6,NORMA-6970,694
6,NORMA-20894,695
6,NORMA-12039,696
6,NORMA-20936,697
6,NORMA-220,698
6,NORMA-20959,699
6,NORMA-18835,700
6,NORMA-4091,701
6,NORMA-20912,702
6,NORMA-19181,703
6,NORMA-14898,704
6,NORMA-27384,705
6,NORMA-16202,706
6,NORMA-10326,707
6,NORMA-883,708
6,NORMA-19003,709
6,NORMA-19081,710
6,NORMA-560,711
6,NORMA-13802,712
6,NORMA-20474,713
6,NORMA-12886,714
6,NORMA-18529,715
6,NORMA-21064,716
6,NORMA-18915,717
6,NORMA-18539,718
6,NORMA-21131,719
6,NORMA-1534,720
6,NORMA-19221,721
6,NORMA-18859,722
6,NORMA-21269,723
6,NORMA-19639,724
6,NORMA-18511,725
6,NORMA-18574,726
6,NORMA-19387,727
6,NORMA-6083,728
6,NORMA-18248,729
6,NORMA-9893,730
6,NORMA-10219,731
6,NORMA-10200,732
6,NORMA-21649,733
6,NORMA-21586,734
6,NORMA-18432,735
6,NORMA-21499,736
6,NORMA-18405,737
6,NORMA-8458,738
6,NORMA-16268,739
6,NORMA-18825,740
6,NORMA-9681,741
6,NORMA-7953,742
6,NORMA-20196,743
6,NORMA-18793,744
6,NORMA-1222,745
6,NORMA-18706,746
6,NORMA-9067,747
6,NORMA-7027,748
6,NORMA-783,749
6,NORMA-21149,750
6,NORMA-20056,751
6,NORMA-20796,752
6,NORMA-1620,753
6,NORMA-974,754
6,NORMA-18302,755
6,NORMA-3382,756
6,NORMA-21521,757
6,NORMA-14390,758
6,NORMA-18451,759
6,NORMA-18479,760
6,NORMA-11632,761
6,NORMA-20473,762
6,NORMA-20302,763
6,NORMA-20480,764
6,NORMA-19939,765
6,NORMA-11734,766
6,NORMA-3966,767
6,NORMA-20137,768
6,NORMA-21515,769
6,NORMA-18822,770
6,NORMA-20778,771
6,NORMA-19546,772
6,NORMA-13402,773
6,NORMA-20290,774
6,NORMA-21669,775
6,NORMA-18654,776
6,NORMA-19437,777
6,NORMA-18208,778
6,NORMA-1994,779
6,NORMA-20222,780
6,NORMA-21509,781
6,NORMA-15521,782
6,NORMA-21690,783
6,NORMA-18828,784
6,NORMA-18638,785
6,NORMA-18492,786
6,NORMA-19729,787
6,NORMA-18541,788
6,NORMA-19124,789
6,NORMA-1463,790
6,NORMA-21114,791
6,NORMA-19240,792
6,NORMA-1421,793
6,NORMA-8575,794
6,NORMA-20997,795
6,NORMA-21663,796
6,NORMA-21017,797
6,NORMA-21710,798
6,NORMA-12165,799
6,NORMA-19249,800
6,NORMA-19223,801
6,NORMA-21291,802
6,NORMA-3642,803
6,NORMA-21137,804
6,NORMA-6521,805
6,NORMA-6291,806
6,NORMA-19691,807
6,NORMA-19526,808
6,NORMA-19904,809
6,NORMA-23341,810
6,NORMA-20188,811
6,NORMA-21252,812
6,NORMA-7241,813
6,NORMA-2269,814
6,NORMA-29201,815
6,NORMA-21390,816
6,NORMA-21468,817
6,NORMA-10375,818
6,NORMA-10629,819
6,NORMA-11715,820
6,NORMA-18870,821
6,NORMA-19436,822
6,NORMA-27687,823
6,NORMA-18378,824
6,NORMA-18342,825
6,NORMA-18934,826
6,NORMA-3638,827
6,NORMA-20995,828
6,NORMA-19574,829
6,NORMA-20465,830
6,NORMA-20376,831
6,NORMA-5925,832
6,NORMA-19746,833
6,NORMA-19416,834
6,NORMA-21026,835
6,NORMA-18554,836
6,NORMA-20369,837
6,NORMA-15701,838
6,NORMA-17201,839
6,NORMA-7149,840
6,NORMA-18545,841
6,NORMA-28961,842
6,NORMA-21367,843
6,NORMA-18345,844
6,NORMA-20090,845
6,NORMA-21244,846
6,NORMA-8522,847
6,NORMA-15921,848
6,NORMA-21756,849
6,NORMA-21150,850
6,NORMA-12038,851
6,NORMA-10309,852
6,NORMA-21071,853
6,NORMA-3381,854
6,NORMA-18762,855
6,NORMA-21241,856
6,NORMA-15901,857
6,NORMA-20182,858
6,NORMA-20443,859
6,NORMA-19503,860
6,NORMA-18648,861
6,NORMA-20072,862
6,NORMA-18709,863
6,NORMA-21553,864
6,NORMA-21408,865
6,NORMA-12048,866
6,NORMA-6645,867
6,NORMA-21276,868
6,NORMA-21217,869
6,NORMA-6082,870
6,NORMA-18537,871
6,NORMA-18225,872
6,NORMA-19643,873
6,NORMA-7015,874
6,NORMA-11798,875
6,NORMA-18691,876
6,NORMA-21507,877
6,NORMA-19391,878
6,NORMA-12657,879
6,NORMA-6669,880
6,NORMA-18656,881
6,NORMA-21185,882
6,NORMA-7525,883
6,NORMA-18747,884
6,NORMA-19969,885
6,NORMA-14661,886
6,NORMA-7110,887
6,NORMA-18414,888
6,NORMA-21073,889
6,NORMA-20098,890
6,NORMA-21012,891
6,NORMA-14463,892
6,NORMA-19940,893
6,NORMA-21676,894
6,NORMA-21461,895
6,NORMA-2536,896
6,NORMA-20432,897
6,NORMA-25902,898
6,NORMA-21224,899
6,NORMA-21286,900
6,NORMA-19667,901
6,NORMA-19212,902
6,NORMA-28203,903
6,NORMA-19637,904
6,NORMA-21279,905
6,NORMA-21606,906
6,NORMA-11316,907
6,NORMA-21211,908
6,NORMA-21484,909
6,NORMA-19573,910
6,NORMA-6621,911
6,NORMA-21267,912
6,NORMA-19329,913
6,NORMA-11731,914
6,NORMA-19152,915
6,NORMA-19650,916
6,NORMA-33288,917
6,NORMA-33308,918
6,NORMA-19715,919
6,NORMA-20349,920
6,NORMA-20870,921
6,NORMA-18697,922
6,NORMA-18418,923
6,NORMA-20300,924
6,NORMA-19245,925
6,NORMA-20359,926
6,NORMA-21236,927
6,NORMA-21253,928
6,NORMA-21739,929
6,NORMA-20488,930
6,NORMA-19631,931
6,NORMA-19704,932
6,NORMA-21631,933
6,NORMA-20460,934
6,NORMA-21792,935
6,NORMA-20941,936
6,NORMA-21126,937
6,NORMA-20403,938
6,NORMA-18436,939
6,NORMA-21608,940
6,NORMA-20503,941
6,NORMA-20865,942
6,NORMA-19609,943
6,NORMA-21496,944
6,NORMA-18730,945
6,NORMA-19096,946
6,NORMA-21626,947
6,NORMA-19617,948
6,NORMA-21550,949
6,NORMA-2519,950
6,NORMA-2432,951
6,NORMA-20487,952
6,NORMA-21419,953
6,NORMA-21783,954
7,NORMA-18530,1
7,NORMA-19514,2
7,NORMA-18337,3
7,NORMA-19321,4
7,NORMA-21497,5
7,NORMA-12038,6
7,NORMA-10309,7
7,NORMA-18756,8
7,NORMA-27161,9
7,NORMA-18754,10
7,NORMA-21280,11
7,NORMA-11687,12
7,NORMA-19698,13
7,NORMA-21402,14
7,NORMA-19194,15
7,NORMA-21711,16
7,NORMA-19982,17
7,NORMA-20202,18
7,NORMA-11734,19
7,NORMA-19000,20
7,NORMA-21703,21
7,NORMA-18994,22
7,NORMA-18753,23
7,NORMA-20990,24
7,NORMA-19040,25
7,NORMA-19711,26
7,NORMA-20887,27
7,NORMA-20996,28
7,NORMA-20879,29
7,NORMA-20491,30
7,NORMA-18970,31
7,NORMA-21059,32
7,NORMA-19674,33
7,NORMA-19047,34
7,NORMA-19512,35
7,NORMA-18523,36
7,NORMA-18211,37
7,NORMA-18910,38
7,NORMA-11731,39
7,NORMA-20901,40
7,NORMA-21141,41
7,NORMA-20694,42
7,NORMA-11715,43
7,NORMA-19477,44
7,NORMA-21389,45
7,NORMA-21499,46
7,NORMA-11814,47
7,NORMA-20599,48
7,NORMA-19622,49
7,NORMA-20922,50
7,NORMA-21202,51
7,NORMA-3966,52
7,NORMA-23361,53
7,NORMA-20230,54
7,NORMA-20927,55
7,NORMA-18996,56
7,NORMA-20907,57
7,NORMA-13402,58
7,NORMA-21050,59
7,NORMA-20273,60
7,NORMA-21638,61
7,NORMA-12029,62
7,NORMA-20562,63
7,NORMA-19542,64
7,NORMA-19278,65
7,NORMA-18427,66
7,NORMA-19290,67
7,NORMA-12060,68
7,NORMA-20925,69
7,NORMA-10531,70
7,NORMA-19650,71
7,NORMA-13797,72
7,NORMA-21691,73
7,NORMA-21637,74
7,NORMA-27521,75
7,NORMA-7525,76
7,NORMA-21283,77
7,NORMA-21586,78
7,NORMA-3642,79
7,NORMA-11737,80
7,NORMA-7241,81
7,NORMA-19408,82
7,NORMA-20135,83
7,NORMA-3503,84
7,NORMA-18748,85
7,NORMA-20845,86
7,NORMA-7279,87
7,NORMA-3638,88
7,NORMA-19658,89
7,NORMA-18815,90
7,NORMA-21779,91
7,NORMA-6505,92
7,NORMA-21344,93
7,NORMA-12382,94
7,NORMA-4631,95
7,NORMA-14421,96
7,NORMA-14232,97
7,NORMA-15002,98
7,NORMA-18541,99
7,NORMA-13217,100
7,NORMA-13971,101
7,NORMA-13707,102
7,NORMA-13220,103
7,NORMA-12414,104
7,NORMA-21386,105
7,NORMA-22522,106
7,NORMA-13341,107
7,NORMA-18529,108
7,NORMA-11879,109
7,NORMA-13385,110
7,NORMA-19570,111
7,NORMA-1572,112
7,NORMA-13592,113
7,NORMA-12974,114
7,NORMA-21155,115
7,NORMA-14279,116
7,NORMA-15868,117
7,NORMA-13112,118
7,NORMA-21285,119
7,NORMA-19645,120
7,NORMA-19961,121
7,NORMA-18656,122
7,NORMA-15085,123
7,NORMA-21269,124
7,NORMA-20814,125
7,NORMA-18878,126
7,NORMA-21580,127
7,NORMA-11515,128
7,NORMA-19668,129
7,NORMA-21183,130
7,NORMA-21086,131
7,NORMA-20731,132
7,NORMA-1485,133
7,NORMA-1365,134
7,NORMA-12798,135
7,NORMA-20626,136
7,NORMA-20582,137
7,NORMA-19620,138
7,NORMA-21470,139
7,NORMA-19913,140
7,NORMA-21361,141
7,NORMA-6968,142
7,NORMA-10530,143
7,NORMA-6711,144
7,NORMA-15443,145
7,NORMA-20228,146
7,NORMA-21139,147
7,NORMA-20680,148
7,NORMA-19940,149
7,NORMA-19844,150
7,NORMA-2452,151
7,NORMA-13024,152
7,NORMA-6176,153
7,NORMA-11443,154
7,NORMA-20880,155
7,NORMA-2387,156
7,NORMA-20762,157
7,NORMA-19732,158
7,NORMA-20240,159
7,NORMA-2377,160
7,NORMA-20235,161
7,NORMA-19697,162
7,NORMA-618,163
7,NORMA-4396,164
7,NORMA-15167,165
7,NORMA-2691,166
7,NORMA-19602,167
7,NORMA-21460,168
7,NORMA-20958,169
7,NORMA-2503,170
7,NORMA-19234,171
7,NORMA-2428,172
7,NORMA-11557,173
7,NORMA-19802,174
7,NORMA-21392,175
7,NORMA-18293,176
7,NORMA-24661,177
7,NORMA-20888,178
7,NORMA-18824,179
7,NORMA-11588,180
7,NORMA-20730,181
7,NORMA-19925,182
7,NORMA-11716,183
7,NORMA-21343,184
7,NORMA-20855,185
7,NORMA-20868,186
7,NORMA-19474,187
7,NORMA-19537,188
7,NORMA-5372,189
7,NORMA-20105,190
7,NORMA-20921,191
7,NORMA-19755,192
7,NORMA-18980,193
7,NORMA-21356,194
7,NORMA-534,195
7,NORMA-6679,196
7,NORMA-19378,197
7,NORMA-20622,198
7,NORMA-19469,199
7,NORMA-20676,200
7,NORMA-19463,201
7,NORMA-18706,202
7,NORMA-13746,203
7,NORMA-20056,204
7,NORMA-19468,205
7,NORMA-14828,206
7,NORMA-21433,207
7,NORMA-21407,208
7,NORMA-21213,209
7,NORMA-19358,210
7,NORMA-21770,211
7,NORMA-21676,212
7,NORMA-24061,213
7,NORMA-19259,214
7,NORMA-12613,215
7,NORMA-18687,216
7,NORMA-21124,217
7,NORMA-3662,218
7,NORMA-9297,219
7,NORMA-18995,220
7,NORMA-18775,221
7,NORMA-19211,222
7,NORMA-21396,223
7,NORMA-20535,224
7,NORMA-19017,225
7,NORMA-13174,226
7,NORMA-12952,227
7,NORMA-20790,228
7,NORMA-6083,229
7,NORMA-19118,230
7,NORMA-28582,231
7,NORMA-18366,232
7,NORMA-19643,233
7,NORMA-222,234
7,NORMA-20161,235
7,NORMA-19371,236
7,NORMA-19228,237
7,NORMA-18725,238
7,NORMA-18572,239
7,NORMA-14898,240
7,NORMA-13195,241
7,NORMA-20899,242
7,NORMA-19323,243
7,NORMA-19244,244
7,NORMA-7025,245
7,NORMA-21533,246
7,NORMA-21700,247
7,NORMA-18955,248
7,NORMA-19473,249
7,NORMA-12886,250
7,NORMA-19329,251
7,NORMA-11496,252
7,NORMA-19379,253
7,NORMA-3777,254
7,NORMA-4319,255
7,NORMA-19009,256
7,NORMA-19372,257
7,NORMA-332,258
7,NORMA-13905,259
7,NORMA-20988,260
7,NORMA-11467,261
7,NORMA-20139,262
7,NORMA-12089,263
7,NORMA-18540,264
7,NORMA-13480,265
7,NORMA-18647,266
7,NORMA-21066,267
7,NORMA-21061,268
7,NORMA-19328,269
7,NORMA-26841,270
7,NORMA-21405,271
7,NORMA-20942,272
7,NORMA-20920,273
7,NORMA-20894,274
7,NORMA-19675,275
7,NORMA-19846,276
7,NORMA-21201,277
7,NORMA-2483,278
7,NORMA-19394,279
7,NORMA-18600,280
7,NORMA-3981,281
7,NORMA-21520,282
7,NORMA-21709,283
7,NORMA-20299,284
7,NORMA-14377,285
7,NORMA-18254,286
7,NORMA-23521,287
7,NORMA-21332,288
7,NORMA-18204,289
7,NORMA-21295,290
7,NORMA-14788,291
7,NORMA-12664,292
7,NORMA-20564,293
7,NORMA-21297,294
7,NORMA-18650,295
7,NORMA-5134,296
7,NORMA-2921,297
7,NORMA-19593,298
7,NORMA-10994,299
7,NORMA-20704,300
7,NORMA-18295,301
7,NORMA-18396,302
7,NORMA-6757,303
7,NORMA-12880,304
7,NORMA-21547,305
7,NORMA-2478,306
7,NORMA-21563,307
7,NORMA-21548,308
7,NORMA-18462,309
7,NORMA-21561,310
7,NORMA-11627,311
7,NORMA-20748,312
7,NORMA-20699,313
7,NORMA-21761,314
7,NORMA-6245,315
7,NORMA-18934,316
7,NORMA-18915,317
7,NORMA-21526,318
7,NORMA-28561,319
7,NORMA-18978,320
7,NORMA-18861,321
7,NORMA-19712,322
7,NORMA-20710,323
7,NORMA-19104,324
7,NORMA-18333,325
7,NORMA-15426,326
7,NORMA-28584,327
7,NORMA-20519,328
7,NORMA-21450,329
7,NORMA-21725,330
7,NORMA-19297,331
7,NORMA-11470,332
7,NORMA-972,333
7,NORMA-20229,334
7,NORMA-21336,335
7,NORMA-20125,336
7,NORMA-19573,337
7,NORMA-21528,338
7,NORMA-21680,339
7,NORMA-21453,340
7,NORMA-18892,341
7,NORMA-19461,342
7,NORMA-18343,343
7,NORMA-20222,344
7,NORMA-21509,345
7,NORMA-21218,346
7,NORMA-20284,347
7,NORMA-6753,348
7,NORMA-19972,349
7,NORMA-12045,350
7,NORMA-1841,351
7,NORMA-20895,352
7,NORMA-20301,353
7,NORMA-20512,354
7,NORMA-20104,355
7,NORMA-13298,356
7,NORMA-1421,357
7,NORMA-20613,358
7,NORMA-20046,359
7,NORMA-10028,360
7,NORMA-19353,361
7,NORMA-21462,362
7,NORMA-21545,363
7,NORMA-21663,364
7,NORMA-19555,365
7,NORMA-21710,366
7,NORMA-20110,367
7,NORMA-6252,368
7,NORMA-10256,369
7,NORMA-9831,370
7,NORMA-19644,371
7,NORMA-18546,372
7,NORMA-20751,373
7,NORMA-12098,374
7,NORMA-21026,375
7,NORMA-2376,376
7,NORMA-19587,377
7,NORMA-18722,378
7,NORMA-7381,379
7,NORMA-20929,380
7,NORMA-11860,381
7,NORMA-11858,382
7,NORMA-10708,383
7,NORMA-18746,384
7,NORMA-21475,385
7,NORMA-24941,386
7,NORMA-21515,387
7,NORMA-23341,388
7,NORMA-1250,389
7,NORMA-8384,390
7,NORMA-11513,391
7,NORMA-8027,392
7,NORMA-6257,393
7,NORMA-18827,394
7,NORMA-19206,395
7,NORMA-15239,396
7,NORMA-19103,397
7,NORMA-18432,398
7,NORMA-11521,399
7,NORMA-19691,400
7,NORMA-20119,401
7,NORMA-1173,402
7,NORMA-21241,403
7,NORMA-6955,404
7,NORMA-21500,405
7,NORMA-21289,406
7,NORMA-19642,407
7,NORMA-6082,408
7,NORMA-18298,409
7,NORMA-13990,410
7,NORMA-7387,411
7,NORMA-14724,412
7,NORMA-19466,413
7,NORMA-2470,414
7,NORMA-21564,415
7,NORMA-10473,416
7,NORMA-19980,417
7,NORMA-21267,418
7,NORMA-14813,419
7,NORMA-21406,420
7,NORMA-19824,421
7,NORMA-6249,422
7,NORMA-21759,423
7,NORMA-6736,424
7,NORMA-21370,425
7,NORMA-11596,426
7,NORMA-11523,427
7,NORMA-21578,428
7,NORMA-21443,429
7,NORMA-11356,430
7,NORMA-19437,431
7,NORMA-18986,432
7,NORMA-19458,433
7,NORMA-13919,434
7,NORMA-19904,435
7,NORMA-13474,436
7,NORMA-8706,437
7,NORMA-12415,438
7,NORMA-3767,439
7,NORMA-19377,440
7,NORMA-2383,441
7,NORMA-19618,442
7,NORMA-18563,443
7,NORMA-21404,444
7,NORMA-14661,445
7,NORMA-12733,446
7,NORMA-21313,447
7,NORMA-6954,448
7,NORMA-21634,449
7,NORMA-9893,450
7,NORMA-20906,451
7,NORMA-21613,452
7,NORMA-21588,453
7,NORMA-21530,454
7,NORMA-13308,455
7,NORMA-19124,456
7,NORMA-21562,457
7,NORMA-4710,458
7,NORMA-19240,459
7,NORMA-19557,460
7,NORMA-19843,461
7,NORMA-20896,462
7,NORMA-18248,463
7,NORMA-18249,464
7,NORMA-4786,465
7,NORMA-21771,466
7,NORMA-21679,467
7,NORMA-14463,468
7,NORMA-6698,469
7,NORMA-19223,470
7,NORMA-21678,471
7,NORMA-19352,472
7,NORMA-19471,473
7,NORMA-6199,474
7,NORMA-21651,475
7,NORMA-1740,476
7,NORMA-21552,477
7,NORMA-19605,478
7,NORMA-6398,479
7,NORMA-21767,480
7,NORMA-13138,481
7,NORMA-6636,482
7,NORMA-18935,483
7,NORMA-7384,484
7,NORMA-18897,485
7,NORMA-6949,486
7,NORMA-18225,487
7,NORMA-21069,488
7,NORMA-21211,489
7,NORMA-21713,490
7,NORMA-20706,491
7,NORMA-20269,492
7,NORMA-21555,493
7,NORMA-19003,494
7,NORMA-19526,495
7,NORMA-12965,496
7,NORMA-19803,497
7,NORMA-20068,498
7,NORMA-21232,499
7,NORMA-19751,500
7,NORMA-18574,501
7,NORMA-21390,502
7,NORMA-20070,503
7,NORMA-3577,504
7,NORMA-21656,505
7,NORMA-19406,506
7,NORMA-18691,507
7,NORMA-12437,508
7,NORMA-19553,509
7,NORMA-20721,510
7,NORMA-19413,511
7,NORMA-5360,512
7,NORMA-19659,513
7,NORMA-18868,514
7,NORMA-11857,515
7,NORMA-11085,516
7,NORMA-17182,517
7,NORMA-10116,518
7,NORMA-8205,519
7,NORMA-21224,520
7,NORMA-21286,521
7,NORMA-20082,522
7,NORMA-19580,523
7,NORMA-21226,524
7,NORMA-18769,525
7,NORMA-21648,526
7,NORMA-20999,527
7,NORMA-19295,528
7,NORMA-18772,529
7,NORMA-14294,530
7,NORMA-18682,531
7,NORMA-21668,532
7,NORMA-5496,533
7,NORMA-14390,534
7,NORMA-19629,535
7,NORMA-21423,536
7,NORMA-21122,537
7,NORMA-19578,538
7,NORMA-215,539
7,NORMA-21747,540
7,NORMA-18933,541
7,NORMA-21554,542
7,NORMA-2399,543
7,NORMA-18500,544
7,NORMA-18937,545
7,NORMA-18553,546
7,NORMA-18974,547
7,NORMA-19828,548
7,NORMA-18230,549
7,NORMA-18780,550
7,NORMA-20138,551
7,NORMA-6644,552
7,NORMA-6321,553
7,NORMA-19607,554
7,NORMA-21244,555
7,NORMA-21085,556
7,NORMA-21065,557
7,NORMA-6958,558
7,NORMA-21237,559
7,NORMA-20494,560
7,NORMA-13476,561
7,NORMA-19841,562
7,NORMA-14985,563
7,NORMA-13106,564
7,NORMA-20971,565
7,NORMA-19235,566
7,NORMA-18747,567
7,NORMA-19233,568
7,NORMA-19061,569
7,NORMA-21305,570
7,NORMA-18208,571
7,NORMA-6669,572
7,NORMA-20520,573
7,NORMA-18368,574
7,NORMA-33288,575
7,NORMA-29421,576
7,NORMA-15339,577
7,NORMA-19343,578
7,NORMA-33308,579
7,NORMA-18583,580
7,NORMA-21538,581
7,NORMA-13514,582
7,NORMA-1341,583
7,NORMA-18206,584
7,NORMA-5421,585
7,NORMA-20129,586
7,NORMA-20227,587
7,NORMA-18971,588
7,NORMA-18979,589
7,NORMA-7228,590
7,NORMA-20800,591
7,NORMA-21746,592
7,NORMA-21756,593
7,NORMA-20779,594
7,NORMA-2032,595
7,NORMA-19374,596
7,NORMA-12872,597
7,NORMA-5925,598
7,NORMA-18379,599
7,NORMA-20759,600
7,NORMA-2517,601
7,NORMA-19981,602
7,NORMA-11756,603
7,NORMA-20149,604
7,NORMA-21589,605
7,NORMA-20103,606
7,NORMA-6621,607
7,NORMA-13918,608
7,NORMA-21080,609
7,NORMA-20108,610
7,NORMA-15211,611
7,NORMA-18953,612
7,NORMA-7312,613
7,NORMA-13470,614
7,NORMA-20096,615
7,NORMA-18537,616
7,NORMA-18294,617
7,NORMA-7912,618
7,NORMA-21253,619
7,NORMA-21185,620
7,NORMA-21506,621
7,NORMA-19916,622
7,NORMA-21484,623
7,NORMA-18463,624
7,NORMA-18401,625
7,NORMA-27044,626
7,NORMA-12067,627
7,NORMA-9834,628
7,NORMA-19969,629
7,NORMA-3241,630
7,NORMA-18474,631
7,NORMA-835,632
7,NORMA-19631,633
7,NORMA-19245,634
7,NORMA-2495,635
7,NORMA-509,636
7,NORMA-21291,637
7,NORMA-20102,638
7,NORMA-12027,639
7,NORMA-6758,640
7,NORMA-7651,641
7,NORMA-4423,642
7,NORMA-11087,643
7,NORMA-21063,644
7,NORMA-21207,645
7,NORMA-21784,646
7,NORMA-3820,647
7,NORMA-18359,648
7,NORMA-21553,649
7,NORMA-20801,650
7,NORMA-6185,651
7,NORMA-20705,652
7,NORMA-3821,653
7,NORMA-21165,654
7,NORMA-18781,655
7,NORMA-27341,656
7,NORMA-1999,657
7,NORMA-19903,658
7,NORMA-18899,659
7,NORMA-21187,660
7,NORMA-20252,661
7,NORMA-19121,662
7,NORMA-19740,663
7,NORMA-24582,664
7,NORMA-9823,665
7,NORMA-8774,666
7,NORMA-26003,667
7,NORMA-12066,668
7,NORMA-21606,669
7,NORMA-20234,670
7,NORMA-21541,671
7,NORMA-11417,672
7,NORMA-6783,673
7,NORMA-18382,674
7,NORMA-21254,675
7,NORMA-7466,676
7,NORMA-741,677
7,NORMA-6880,678
7,NORMA-4588,679
7,NORMA-21236,680
7,NORMA-19750,681
7,NORMA-21093,682
7,NORMA-19383,683
7,NORMA-21220,684
7,NORMA-2089,685
7,NORMA-6140,686
7,NORMA-4818,687
7,NORMA-21661,688
7,NORMA-7386,689
7,NORMA-18819,690
7,NORMA-20064,691
7,NORMA-772,692
7,NORMA-7222,693
7,NORMA-7113,694
7,NORMA-8435,695
7,NORMA-1471,696
7,NORMA-20797,697
7,NORMA-6948,698
7,NORMA-19267,699
7,NORMA-21228,700
7,NORMA-1534,701
7,NORMA-20163,702
7,NORMA-15561,703
7,NORMA-18767,704
7,NORMA-1663,705
7,NORMA-7225,706
7,NORMA-8028,707
7,NORMA-18501,708
7,NORMA-19039,709
7,NORMA-2269,710
7,NORMA-13323,711
7,NORMA-9724,712
7,NORMA-15542,713
7,NORMA-9382,714
7,NORMA-19387,715
7,NORMA-14239,716
7,NORMA-11655,717
7,NORMA-18825,718
7,NORMA-21163,719
7,NORMA-6318,720
7,NORMA-18734,721
7,NORMA-20055,722
7,NORMA-3201,723
7,NORMA-21418,724
7,NORMA-29005,725
7,NORMA-19178,726
7,NORMA-20597,727
7,NORMA-61,728
7,NORMA-4425,729
7,NORMA-18690,730
7,NORMA-19617,731
7,NORMA-27761,732
7,NORMA-18838,733
7,NORMA-19330,734
7,NORMA-18992,735
7,NORMA-6645,736
7,NORMA-6253,737
7,NORMA-19574,738
7,NORMA-19095,739
7,NORMA-1672,740
7,NORMA-20916,741
7,NORMA-19459,742
7,NORMA-18450,743
7,NORMA-21217,744
7,NORMA-11632,745
7,NORMA-21293,746
7,NORMA-2158,747
7,NORMA-19655,748
7,NORMA-21231,749
7,NORMA-18556,750
7,NORMA-11316,751
7,NORMA-6509,752
7,NORMA-21413,753
7,NORMA-17201,754
7,NORMA-14459,755
7,NORMA-18350,756
7,NORMA-19871,757
7,NORMA-6627,758
7,NORMA-21584,759
7,NORMA-21522,760
7,NORMA-15237,761
7,NORMA-20902,762
7,NORMA-21012,763
7,NORMA-7015,764
7,NORMA-20763,765
7,NORMA-28181,766
7,NORMA-838,767
7,NORMA-11739,768
7,NORMA-20257,769
7,NORMA-21150,770
7,NORMA-31904,771
7,NORMA-3281,772
7,NORMA-19777,773
7,NORMA-1024,774
7,NORMA-11472,775
7,NORMA-15004,776
7,NORMA-18214,777
7,NORMA-21791,778
7,NORMA-21114,779
7,NORMA-20167,780
7,NORMA-19351,781
7,NORMA-21262,782
7,NORMA-18303,783
7,NORMA-21702,784
7,NORMA-21608,785
7,NORMA-6957,786
7,NORMA-19028,787
7,NORMA-6962,788
7,NORMA-1613,789
7,NORMA-228,790
7,NORMA-20053,791
7,NORMA-13508,792
7,NORMA-20236,793
7,NORMA-21382,794
7,NORMA-14937,795
7,NORMA-11599,796
7,NORMA-19704,797
7,NORMA-20632,798
7,NORMA-13158,799
7,NORMA-6084,800
7,NORMA-20190,801
7,NORMA-20157,802
7,NORMA-13469,803
7,NORMA-18724,804
7,NORMA-21252,805
7,NORMA-2536,806
7,NORMA-19724,807
7,NORMA-19444,808
7,NORMA-19205,809
7,NORMA-20295,810
7,NORMA-20602,811
7,NORMA-20189,812
7,NORMA-20300,813
7,NORMA-21544,814
7,NORMA-18958,815
7,NORMA-15802,816
7,NORMA-21431,817
7,NORMA-11476,818
7,NORMA-19621,819
7,NORMA-7011,820
7,NORMA-462,821
7,NORMA-19667,822
7,NORMA-16202,823
7,NORMA-15581,824
7,NORMA-18870,825
7,NORMA-19249,826
7,NORMA-20038,827
7,NORMA-19637,828
7,NORMA-21690,829
7,NORMA-28281,830
7,NORMA-20962,831
7,NORMA-21367,832
7,NORMA-20789,833
7,NORMA-19436,834
7,NORMA-21157,835
7,NORMA-6702,836
7,NORMA-21004,837
7,NORMA-19613,838
7,NORMA-19942,839
7,NORMA-20844,840
7,NORMA-20106,841
7,NORMA-21203,842
7,NORMA-20915,843
7,NORMA-20856,844
7,NORMA-18528,845
7,NORMA-20137,846
7,NORMA-4830,847
7,NORMA-20727,848
7,NORMA-3571,849
7,NORMA-19376,850
7,NORMA-20865,851
7,NORMA-21669,852
7,NORMA-5626,853
7,NORMA-21071,854
7,NORMA-4746,855
7,NORMA-27221,856
7,NORMA-19588,857
7,NORMA-19959,858
7,NORMA-19416,859
7,NORMA-4634,860
7,NORMA-21650,861
7,NORMA-18984,862
7,NORMA-19649,863
7,NORMA-3735,864
7,NORMA-20179,865
7,NORMA-21521,866
7,NORMA-19859,867
7,NORMA-18550,868
7,NORMA-21631,869
7,NORMA-20577,870
7,NORMA-21408,871
7,NORMA-18591,872
7,NORMA-9670,873
7,NORMA-7942,874
7,NORMA-9110,875
7,NORMA-19503,876
7,NORMA-19192,877
7,NORMA-21159,878
7,NORMA-18554,879
7,NORMA-19682,880
7,NORMA-23027,881
7,NORMA-20558,882
7,NORMA-20371,883
7,NORMA-24102,884
7,NORMA-20098,885
7,NORMA-18403,886
7,NORMA-20290,887
7,NORMA-21279,888
7,NORMA-20253,889
7,NORMA-21028,890
7,NORMA-20172,891
7,NORMA-21147,892
7,NORMA-12657,893
7,NORMA-21264,894
7,NORMA-18345,895
7,NORMA-21419,896
7,NORMA-20758,897
7,NORMA-19391,898
7,NORMA-6316,899
7,NORMA-6181,900
7,NORMA-5536,901
7,NORMA-7110,902
7,NORMA-19092,903
7,NORMA-21659,904
7,NORMA-19174,905
7,NORMA-18205,906
7,NORMA-18412,907
7,NORMA-20831,908
7,NORMA-6630,909
7,NORMA-20265,910
7,NORMA-11605,911
7,NORMA-20707,912
7,NORMA-18952,913
7,NORMA-229,914
7,NORMA-19845,915
7,NORMA-6343,916
7,NORMA-19842,917
7,NORMA-6967,918
7,NORMA-3979,919
7,NORMA-4091,920
7,NORMA-19096,921
7,NORMA-19337,922
7,NORMA-21626,923
7,NORMA-27022,924
7,NORMA-5170,925
7,NORMA-11864,926
7,NORMA-21550,927
7,NORMA-21496,928
7,NORMA-20561,929
7,NORMA-20241,930
7,NORMA-21461,931
7,NORMA-19515,932
7,NORMA-6819,933
7,NORMA-20238,934
7,NORMA-20941,935
7,NORMA-18549,936
7,NORMA-6820,937
7,NORMA-6970,938
7,NORMA-19939,939
7,NORMA-19431,940
7,NORMA-21507,941
7,NORMA-10119,942
7,NORMA-21523,943
7,NORMA-6752,944
7,NORMA-10044,945
7,NORMA-10029,946
7,NORMA-9871,947
7,NORMA-19715,948
7,NORMA-18653,949
7,NORMA-20183,950
7,NORMA-20557,951
7,NORMA-10821,952
7,NORMA-21126,953
7,NORMA-22561,954
7,NORMA-19729,955
7,NORMA-10200,956
7,NORMA-21437,957
7,NORMA-9888,958
7,NORMA-18446,959
7,NORMA-19155,960
7,NORMA-18436,961
7,NORMA-8458,962
7,NORMA-10878,963
7,NORMA-7953,964
7,NORMA-10375,965
7,NORMA-4909,966
7,NORMA-7027,967
7,NORMA-10629,968
7,NORMA-19212,969
7,NORMA-20407,970
7,NORMA-20398,971
7,NORMA-21783,972
7,NORMA-20087,973
7,NORMA-6344,974
7,NORMA-21739,975
7,NORMA-20389,976
7,NORMA-25902,977
7,NORMA-6410,978
7,NORMA-18654,979
7,NORMA-6092,980
7,NORMA-20488,981
7,NORMA-21776,982
7,NORMA-20995,983
7,NORMA-20490,984
7,NORMA-21107,985
7,NORMA-20444,986
7,NORMA-21519,987
7,NORMA-20460,988
7,NORMA-19152,989
7,NORMA-19021,990
7,NORMA-20425,991
7,NORMA-20482,992
7,NORMA-19582,993
7,NORMA-20465,994
7,NORMA-20144,995
7,NORMA-20382,996
7,NORMA-19181,997
7,NORMA-20474,998
7,NORMA-19081,999
7,NORMA-19062,1000
8,NORMA-20439,1
8,NORMA-20422,2
8,NORMA-21345,3
8,NORMA-18884,4
8,NORMA-20513,5
8,NORMA-20514,6
8,NORMA-21524,7
8,NORMA-18958,8
8,NORMA-21444,9
8,NORMA-18873,10
8,NORMA-20183,11
8,NORMA-21369,12
8,NORMA-20189,13
8,NORMA-20316,14
8,NORMA-19724,15
8,NORMA-19883,16
8,NORMA-20517,17
8,NORMA-20428,18
8,NORMA-20192,19
8,NORMA-20989,20
8,NORMA-21361,21
8,NORMA-21462,22
8,NORMA-21437,23
8,NORMA-20426,24
8,NORMA-18430,25
8,NORMA-12982,26
8,NORMA-21269,27
8,NORMA-20139,28
8,NORMA-15861,29
8,NORMA-12776,30
8,NORMA-20468,31
8,NORMA-21290,32
8,NORMA-18994,33
8,NORMA-18996,34
8,NORMA-19874,35
8,NORMA-21189,36
8,NORMA-20105,37
8,NORMA-20812,38
8,NORMA-20443,39
8,NORMA-21717,40
8,NORMA-21414,41
8,NORMA-20677,42
8,NORMA-21197,43
8,NORMA-19371,44
8,NORMA-19206,45
8,NORMA-19622,46
8,NORMA-20225,47
8,NORMA-20790,48
8,NORMA-18970,49
8,NORMA-20465,50
8,NORMA-19406,51
8,NORMA-9870,52
8,NORMA-21459,53
8,NORMA-19003,54
8,NORMA-18211,55
8,NORMA-21649,56
8,NORMA-21784,57
8,NORMA-21535,58
8,NORMA-20571,59
8,NORMA-18574,60
8,NORMA-480,61
8,NORMA-19733,62
8,NORMA-18562,63
8,NORMA-20616,64
8,NORMA-19437,65
8,NORMA-20206,66
8,NORMA-21705,67
8,NORMA-21561,68
8,NORMA-21787,69
8,NORMA-18978,70
8,NORMA-18682,71
8,NORMA-18287,72
8,NORMA-19863,73
8,NORMA-8027,74
8,NORMA-18767,75
8,NORMA-20901,76
8,NORMA-159,77
8,NORMA-19787,78
8,NORMA-21277,79
8,NORMA-20182,80
8,NORMA-20557,81
8,NORMA-19124,82
8,NORMA-20761,83
8,NORMA-19645,84
8,NORMA-19674,85
8,NORMA-21272,86
8,NORMA-20754,87
8,NORMA-21507,88
8,NORMA-19799,89
8,NORMA-19152,90
8,NORMA-21637,91
8,NORMA-20222,92
8,NORMA-21509,93
8,NORMA-19279,94
8,NORMA-20922,95
8,NORMA-18368,96
8,NORMA-19842,97
8,NORMA-21205,98
8,NORMA-19570,99
8,NORMA-21305,100
8,NORMA-20385,101
8,NORMA-21238,102
8,NORMA-20101,103
8,NORMA-6199,104
8,NORMA-21725,105
8,NORMA-19928,106
8,NORMA-20295,107
8,NORMA-19403,108
8,NORMA-20129,109
8,NORMA-20460,110
8,NORMA-19192,111
8,NORMA-18294,112
8,NORMA-20962,113
8,NORMA-20359,114
8,NORMA-2555,115
8,NORMA-18999,116
8,NORMA-21029,117
8,NORMA-21663,118
8,NORMA-18463,119
8,NORMA-18401,120
8,NORMA-21004,121
8,NORMA-20007,122
8,NORMA-21710,123
8,NORMA-3181,124
8,NORMA-21404,125
8,NORMA-19727,126
8,NORMA-14508,127
8,NORMA-20068,128
8,NORMA-20800,129
8,NORMA-20602,130
8,NORMA-19629,131
8,NORMA-20731,132
8,NORMA-21203,133
8,NORMA-19583,134
8,NORMA-20924,135
8,NORMA-20915,136
8,NORMA-21537,137
8,NORMA-21225,138
8,NORMA-19947,139
8,NORMA-13772,140
8,NORMA-20108,141
8,NORMA-20778,142
8,NORMA-18668,143
8,NORMA-658,144
8,NORMA-21676,145
8,NORMA-23341,146
8,NORMA-19606,147
8,NORMA-13265,148
8,NORMA-18249,149
8,NORMA-21366,150
8,NORMA-6203,151
8,NORMA-21170,152
8,NORMA-20630,153
8,NORMA-19444,154
8,NORMA-13671,155
8,NORMA-20197,156
8,NORMA-20405,157
8,NORMA-12630,158
8,NORMA-8938,159
8,NORMA-20856,160
8,NORMA-12858,161
8,NORMA-14542,162
8,NORMA-10797,163
8,NORMA-20423,164
8,NORMA-28802,165
8,NORMA-20845,166
8,NORMA-9457,167
8,NORMA-27550,168
8,NORMA-18386,169
8,NORMA-19471,170
8,NORMA-3571,171
8,NORMA-15208,172
8,NORMA-25964,173
8,NORMA-18319,174
8,NORMA-20738,175
8,NORMA-19219,176
8,NORMA-21052,177
8,NORMA-21156,178
8,NORMA-20072,179
8,NORMA-14099,180
8,NORMA-23361,181
8,NORMA-20171,182
8,NORMA-20258,183
8,NORMA-20692,184
8,NORMA-21418,185
8,NORMA-5421,186
8,NORMA-21110,187
8,NORMA-21152,188
8,NORMA-10865,189
8,NORMA-15045,190
8,NORMA-9358,191
8,NORMA-23682,192
8,NORMA-18858,193
8,NORMA-21359,194
8,NORMA-20626,195
8,NORMA-21638,196
8,NORMA-20396,197
8,NORMA-19365,198
8,NORMA-20205,199
8,NORMA-6521,200
8,NORMA-14501,201
8,NORMA-4710,202
8,NORMA-14345,203
8,NORMA-20870,204
8,NORMA-15027,205
8,NORMA-23881,206
8,NORMA-14113,207
8,NORMA-21747,208
8,NORMA-20474,209
8,NORMA-13995,210
8,NORMA-18653,211
8,NORMA-21578,212
8,NORMA-5381,213
8,NORMA-10123,214
8,NORMA-21332,215
8,NORMA-21390,216
8,NORMA-20447,217
8,NORMA-19977,218
8,NORMA-19182,219
8,NORMA-19797,220
8,NORMA-19337,221
8,NORMA-20188,222
8,NORMA-3735,223
8,NORMA-21295,224
8,NORMA-4792,225
8,NORMA-27687,226
8,NORMA-13056,227
8,NORMA-4500,228
8,NORMA-4634,229
8,NORMA-20729,230
8,NORMA-12900,231
8,NORMA-12901,232
8,NORMA-834,233
8,NORMA-17281,234
8,NORMA-18962,235
8,NORMA-21286,236
8,NORMA-20185,237
8,NORMA-22001,238
8,NORMA-19240,239
8,NORMA-3966,240
8,NORMA-778,241
8,NORMA-19150,242
8,NORMA-20239,243
8,NORMA-20397,244
8,NORMA-21586,245
8,NORMA-13519,246
8,NORMA-20144,247
8,NORMA-7651,248
8,NORMA-4091,249
8,NORMA-13229,250
8,NORMA-20374,251
8,NORMA-23027,252
8,NORMA-19609,253
8,NORMA-21477,254
8,NORMA-11599,255
8,NORMA-4538,256
8,NORMA-19223,257
8,NORMA-24102,258
8,NORMA-15465,259
8,NORMA-15427,260
8,NORMA-18456,261
8,NORMA-21065,262
8,NORMA-18201,263
8,NORMA-21432,264
8,NORMA-21423,265
8,NORMA-20199,266
8,NORMA-19174,267
8,NORMA-21746,268
8,NORMA-19330,269
8,NORMA-21641,270
8,NORMA-19822,271
8,NORMA-9823,272
8,NORMA-21344,273
8,NORMA-19859,274
8,NORMA-18954,275
8,NORMA-19712,276
8,NORMA-19245,277
8,NORMA-21761,278
8,NORMA-21650,279
8,NORMA-26003,280
8,NORMA-18501,281
8,NORMA-7384,282
8,NORMA-21367,283
8,NORMA-21389,284
8,NORMA-21608,285
8,NORMA-21003,286
8,NORMA-20483,287
8,NORMA-6509,288
8,NORMA-18906,289
8,NORMA-21443,290
8,NORMA-20990,291
8,NORMA-21523,292
8,NORMA-18974,293
8,NORMA-19374,294
8,NORMA-20382,295
8,NORMA-19751,296
8,NORMA-207,297
8,NORMA-18276,298
8,NORMA-19969,299
8,NORMA-21224,300
8,NORMA-20854,301
8,NORMA-19081,302
8,NORMA-19691,303
8,NORMA-19942,304
8,NORMA-19526,305
8,NORMA-20561,306
8,NORMA-18971,307
8,NORMA-20238,308
8,NORMA-6753,309
8,NORMA-15028,310
8,NORMA-19941,311
8,NORMA-21291,312
8,NORMA-21217,313
8,NORMA-5008,314
8,NORMA-19574,315
8,NORMA-20172,316
8,NORMA-20873,317
8,NORMA-3638,318
8,NORMA-18915,319
8,NORMA-20452,320
8,NORMA-21046,321
8,NORMA-18474,322
8,NORMA-21687,323
8,NORMA-7110,324
8,NORMA-19265,325
8,NORMA-6075,326
8,NORMA-18293,327
8,NORMA-19788,328
8,NORMA-21402,329
8,NORMA-20446,330
8,NORMA-19845,331
8,NORMA-19519,332
8,NORMA-209,333
8,NORMA-21636,334
8,NORMA-19750,335
8,NORMA-19704,336
8,NORMA-20981,337
8,NORMA-18624,338
8,NORMA-21354,339
8,NORMA-19067,340
8,NORMA-18727,341
8,NORMA-18602,342
8,NORMA-211,343
8,NORMA-19493,344
8,NORMA-21287,345
8,NORMA-21253,346
8,NORMA-20421,347
8,NORMA-21279,348
8,NORMA-18739,349
8,NORMA-21577,350
8,NORMA-18613,351
8,NORMA-18310,352
8,NORMA-18792,353
8,NORMA-21054,354
8,NORMA-18654,355
8,NORMA-28561,356
8,NORMA-21557,357
8,NORMA-21353,358
8,NORMA-19360,359
8,NORMA-19487,360
8,NORMA-18512,361
8,NORMA-18488,362
8,NORMA-19263,363
8,NORMA-19157,364
8,NORMA-21116,365
8,NORMA-19375,366
8,NORMA-18849,367
8,NORMA-19151,368
8,NORMA-21147,369
8,NORMA-2269,370
8,NORMA-18424,371
8,NORMA-21241,372
8,NORMA-19708,373
8,NORMA-18956,374
8,NORMA-18419,375
8,NORMA-24941,376
8,NORMA-19053,377
8,NORMA-11711,378
8,NORMA-18545,379
8,NORMA-21752,380
8,NORMA-21602,381
8,NORMA-18959,382
8,NORMA-20169,383
8,NORMA-25122,384
8,NORMA-21448,385
8,NORMA-1567,386
8,NORMA-21534,387
8,NORMA-21192,388
8,NORMA-20429,389
8,NORMA-21576,390
8,NORMA-20096,391
8,NORMA-21601,392
8,NORMA-25202,393
8,NORMA-20210,394
8,NORMA-19709,395
8,NORMA-18875,396
8,NORMA-20106,397
8,NORMA-21226,398
8,NORMA-19729,399
8,NORMA-20065,400
8,NORMA-18691,401
8,NORMA-878,402
8,NORMA-20268,403
8,NORMA-19225,404
8,NORMA-21297,405
8,NORMA-21751,406
8,NORMA-4297,407
8,NORMA-21461,408
8,NORMA-21659,409
8,NORMA-19588,410
8,NORMA-21211,411
8,NORMA-18450,412
8,NORMA-18385,413
8,NORMA-4182,414
8,NORMA-20164,415
8,NORMA-20157,416
8,NORMA-19515,417
8,NORMA-20477,418
8,NORMA-19642,419
8,NORMA-18595,420
8,NORMA-20966,421
8,NORMA-4588,422
8,NORMA-4898,423
8,NORMA-18356,424
8,NORMA-19968,425
8,NORMA-21228,426
8,NORMA-21231,427
8,NORMA-188,428
8,NORMA-20147,429
8,NORMA-143,430
8,NORMA-13719,431
8,NORMA-18972,432
8,NORMA-18455,433
8,NORMA-20848,434
8,NORMA-12174,435
8,NORMA-11794,436
8,NORMA-1422,437
8,NORMA-20612,438
8,NORMA-12080,439
8,NORMA-14876,440
8,NORMA-25542,441
8,NORMA-11000,442
8,NORMA-20887,443
8,NORMA-6701,444
8,NORMA-20201,445
8,NORMA-16202,446
8,NORMA-208,447
8,NORMA-20646,448
8,NORMA-14937,449
8,NORMA-19829,450
8,NORMA-10034,451
8,NORMA-19249,452
8,NORMA-7241,453
8,NORMA-4318,454
8,NORMA-13801,455
8,NORMA-12024,456
8,NORMA-12032,457
8,NORMA-11863,458
8,NORMA-7390,459
8,NORMA-13158,460
8,NORMA-11803,461
8,NORMA-18626,462
8,NORMA-18339,463
8,NORMA-19408,464
8,NORMA-2125,465
8,NORMA-21606,466
8,NORMA-18560,467
8,NORMA-20398,468
8,NORMA-21174,469
8,NORMA-75,470
8,NORMA-19267,471
8,NORMA-6505,472
8,NORMA-18605,473
8,NORMA-6995,474
8,NORMA-20804,475
8,NORMA-13469,476
8,NORMA-2336,477
8,NORMA-19866,478
8,NORMA-5431,479
8,NORMA-7011,480
8,NORMA-19183,481
8,NORMA-19096,482
8,NORMA-6993,483
8,NORMA-21125,484
8,NORMA-11505,485
8,NORMA-20554,486
8,NORMA-20314,487
8,NORMA-19891,488
8,NORMA-15347,489
8,NORMA-27521,490
8,NORMA-19027,491
8,NORMA-18949,492
8,NORMA-15239,493
8,NORMA-11901,494
8,NORMA-20926,495
8,NORMA-25902,496
8,NORMA-14703,497
8,NORMA-2071,498
8,NORMA-15134,499
8,NORMA-6819,500
8,NORMA-14974,501
8,NORMA-14587,502
8,NORMA-20329,503
8,NORMA-20321,504
8,NORMA-19862,505
8,NORMA-13004,506
8,NORMA-20334,507
8,NORMA-21626,508
8,NORMA-6560,509
8,NORMA-10931,510
8,NORMA-20442,511
8,NORMA-20340,512
8,NORMA-6820,513
8,NORMA-13903,514
8,NORMA-20772,515
8,NORMA-588,516
8,NORMA-587,517
8,NORMA-19592,518
8,NORMA-18341,519
8,NORMA-27101,520
8,NORMA-18775,521
8,NORMA-5536,522
8,NORMA-22241,523
8,NORMA-12837,524
8,NORMA-15662,525
8,NORMA-11728,526
8,NORMA-28466,527
8,NORMA-10745,528
8,NORMA-28361,529
8,NORMA-10590,530
8,NORMA-10534,531
8,NORMA-19014,532
8,NORMA-11292,533
8,NORMA-7619,534
8,NORMA-18663,535
8,NORMA-19575,536
8,NORMA-20784,537
8,NORMA-20645,538
8,NORMA-20231,539
8,NORMA-19481,540
8,NORMA-10347,541
8,NORMA-21352,542
8,NORMA-27501,543
8,NORMA-5566,544
8,NORMA-20659,545
8,NORMA-26163,546
8,NORMA-21166,547
8,NORMA-20159,548
8,NORMA-21501,549
8,NORMA-9705,550
8,NORMA-18725,551
8,NORMA-20541,552
8,NORMA-6451,553
8,NORMA-20545,554
8,NORMA-18549,555
8,NORMA-21544,556
8,NORMA-21503,557
8,NORMA-21550,558
8,NORMA-6970,559
8,NORMA-10018,560
8,NORMA-10247,561
8,NORMA-10226,562
8,NORMA-20538,563
8,NORMA-595,564
8,NORMA-12016,565
8,NORMA-21000,566
8,NORMA-20807,567
8,NORMA-20909,568
8,NORMA-20512,569
8,NORMA-14629,570
8,NORMA-20917,571
8,NORMA-20880,572
8,NORMA-7149,573
8,NORMA-11482,574
8,NORMA-11618,575
8,NORMA-11579,576
8,NORMA-3484,577
8,NORMA-9681,578
8,NORMA-21163,579
8,NORMA-214,580
8,NORMA-9067,581
8,NORMA-9936,582
8,NORMA-20666,583
8,NORMA-21440,584
8,NORMA-20407,585
8,NORMA-21689,586
8,NORMA-21580,587
8,NORMA-21175,588
8,NORMA-20179,589
8,NORMA-8575,590
8,NORMA-20269,591
8,NORMA-19627,592
8,NORMA-18917,593
8,NORMA-18269,594
8,NORMA-19278,595
8,NORMA-19615,596
8,NORMA-20184,597
8,NORMA-27761,598
8,NORMA-6291,599
8,NORMA-20317,600
8,NORMA-6448,601
8,NORMA-11769,602
8,NORMA-18766,603
8,NORMA-18266,604
8,NORMA-19764,605
8,NORMA-18255,606
8,NORMA-18818,607
8,NORMA-217,608
8,NORMA-19092,609
8,NORMA-20445,610
8,NORMA-20178,611
8,NORMA-20841,612
8,NORMA-20724,613
8,NORMA-19282,614
8,NORMA-18832,615
8,NORMA-19309,616
8,NORMA-6256,617
8,NORMA-20530,618
8,NORMA-19818,619
8,NORMA-19905,620
8,NORMA-20955,621
8,NORMA-26281,622
8,NORMA-20721,623
8,NORMA-3656,624
8,NORMA-20177,625
8,NORMA-18648,626
8,NORMA-8522,627
8,NORMA-20117,628
8,NORMA-20501,629
8,NORMA-20740,630
8,NORMA-4820,631
8,NORMA-12161,632
8,NORMA-27342,633
8,NORMA-10219,634
8,NORMA-6439,635
8,NORMA-12820,636
8,NORMA-21563,637
8,NORMA-20448,638
8,NORMA-28623,639
8,NORMA-20839,640
8,NORMA-9446,641
8,NORMA-18934,642
8,NORMA-11859,643
8,NORMA-20125,644
8,NORMA-20389,645
8,NORMA-20520,646
8,NORMA-20706,647
8,NORMA-21288,648
8,NORMA-20388,649
8,NORMA-16462,650
8,NORMA-18381,651
8,NORMA-14812,652
8,NORMA-18937,653
8,NORMA-19181,654
8,NORMA-7012,655
8,NORMA-5735,656
8,NORMA-20181,657
8,NORMA-23301,658
8,NORMA-5134,659
8,NORMA-11683,660
8,NORMA-18935,661
8,NORMA-13402,662
8,NORMA-15211,663
8,NORMA-10538,664
8,NORMA-20138,665
8,NORMA-25761,666
8,NORMA-20028,667
8,NORMA-18687,668
8,NORMA-11630,669
8,NORMA-20549,670
8,NORMA-17161,671
8,NORMA-20992,672
8,NORMA-6881,673
8,NORMA-19738,674
8,NORMA-20858,675
8,NORMA-19826,676
8,NORMA-21056,677
8,NORMA-20223,678
8,NORMA-12101,679
8,NORMA-4701,680
8,NORMA-3642,681
8,NORMA-4171,682
8,NORMA-2337,683
8,NORMA-20726,684
8,NORMA-20949,685
8,NORMA-6595,686
8,NORMA-18925,687
8,NORMA-9455,688
8,NORMA-21169,689
8,NORMA-18366,690
8,NORMA-19205,691
8,NORMA-15246,692
8,NORMA-8268,693
8,NORMA-12067,694
8,NORMA-18490,695
8,NORMA-9078,696
8,NORMA-20119,697
8,NORMA-21392,698
8,NORMA-10429,699
8,NORMA-21522,700
8,NORMA-18789,701
8,NORMA-19068,702
8,NORMA-8161,703
8,NORMA-14666,704
8,NORMA-3503,705
8,NORMA-13835,706
8,NORMA-9072,707
8,NORMA-14856,708
8,NORMA-18429,709
8,NORMA-729,710
8,NORMA-18633,711
8,NORMA-19784,712
8,NORMA-4818,713
8,NORMA-6880,714
8,NORMA-4549,715
8,NORMA-28821,716
8,NORMA-19940,717
8,NORMA-20081,718
8,NORMA-20349,719
8,NORMA-18303,720
8,NORMA-15150,721
8,NORMA-20234,722
8,NORMA-21236,723
8,NORMA-21126,724
8,NORMA-19634,725
8,NORMA-21669,726
8,NORMA-9928,727
8,NORMA-6643,728
8,NORMA-19455,729
8,NORMA-20217,730
8,NORMA-21720,731
8,NORMA-9740,732
8,NORMA-29186,733
8,NORMA-20950,734
8,NORMA-13912,735
8,NORMA-19387,736
8,NORMA-18316,737
8,NORMA-18995,738
8,NORMA-15237,739
8,NORMA-19828,740
8,NORMA-18900,741
8,NORMA-18436,742
8,NORMA-19021,743
8,NORMA-19789,744
8,NORMA-20889,745
8,NORMA-13883,746
8,NORMA-14429,747
8,NORMA-4052,748
8,NORMA-14003,749
8,NORMA-18572,750
8,NORMA-19973,751
8,NORMA-20802,752
8,NORMA-9739,753
8,NORMA-14208,754
8,NORMA-8409,755
8,NORMA-6747,756
8,NORMA-21181,757
8,NORMA-462,758
8,NORMA-13241,759
8,NORMA-9856,760
8,NORMA-19110,761
8,NORMA-19655,762
8,NORMA-19118,763
8,NORMA-19358,764
8,NORMA-18991,765
8,NORMA-20815,766
8,NORMA-9375,767
8,NORMA-21301,768
8,NORMA-18696,769
8,NORMA-19696,770
8,NORMA-18627,771
8,NORMA-19939,772
8,NORMA-6716,773
8,NORMA-9332,774
8,NORMA-19976,775
8,NORMA-21215,776
8,NORMA-4736,777
8,NORMA-7910,778
8,NORMA-10380,779
8,NORMA-21496,780
8,NORMA-19785,781
8,NORMA-1637,782
8,NORMA-20803,783
8,NORMA-18650,784
8,NORMA-19975,785
8,NORMA-24081,786
8,NORMA-20647,787
8,NORMA-11352,788
8,NORMA-10296,789
8,NORMA-8840,790
8,NORMA-21080,791
8,NORMA-5552,792
8,NORMA-7993,793
8,NORMA-21449,794
8,NORMA-19323,795
8,NORMA-20491,796
8,NORMA-21016,797
8,NORMA-19925,798
8,NORMA-21706,799
8,NORMA-8800,800
8,NORMA-18910,801
8,NORMA-20567,802
8,NORMA-9794,803
8,NORMA-11797,804
8,NORMA-26701,805
8,NORMA-13664,806
8,NORMA-19623,807
8,NORMA-6655,808
8,NORMA-18955,809
8,NORMA-26241,810
8,NORMA-10788,811
8,NORMA-10565,812
8,NORMA-19974,813
8,NORMA-20834,814
8,NORMA-19895,815
8,NORMA-20100,816
8,NORMA-19981,817
8,NORMA-21755,818
8,NORMA-22262,819
8,NORMA-18432,820
8,NORMA-18243,821
8,NORMA-9862,822
8,NORMA-20278,823
8,NORMA-23441,824
8,NORMA-19631,825
8,NORMA-3975,826
8,NORMA-6599,827
8,NORMA-10668,828
8,NORMA-10435,829
8,NORMA-10017,830
8,NORMA-20053,831
8,NORMA-10434,832
8,NORMA-5812,833
8,NORMA-9738,834
8,NORMA-20300,835
8,NORMA-21256,836
8,NORMA-20190,837
8,NORMA-7097,838
8,NORMA-9737,839
8,NORMA-9861,840
8,NORMA-9382,841
8,NORMA-10610,842
8,NORMA-5712,843
8,NORMA-15339,844
8,NORMA-10529,845
8,NORMA-18952,846
8,NORMA-14965,847
8,NORMA-6185,848
8,NORMA-18980,849
8,NORMA-9834,850
8,NORMA-20187,851
8,NORMA-22643,852
8,NORMA-6383,853
8,NORMA-18756,854
8,NORMA-20985,855
8,NORMA-20857,856
8,NORMA-6326,857
8,NORMA-18723,858
8,NORMA-20763,859
8,NORMA-1144,860
8,NORMA-5535,861
8,NORMA-8158,862
8,NORMA-17061,863
8,NORMA-10669,864
8,NORMA-8384,865
8,NORMA-19049,866
8,NORMA-1740,867
8,NORMA-21623,868
8,NORMA-20835,869
8,NORMA-9855,870
8,NORMA-19232,871
8,NORMA-18440,872
8,NORMA-20627,873
8,NORMA-22822,874
8,NORMA-19893,875
8,NORMA-8156,876
8,NORMA-20253,877
8,NORMA-23941,878
8,NORMA-20609,879
8,NORMA-20615,880
8,NORMA-6629,881
8,NORMA-17201,882
8,NORMA-12777,883
8,NORMA-18357,884
8,NORMA-19436,885
8,NORMA-18647,886
8,NORMA-28961,887
8,NORMA-18855,888
8,NORMA-5694,889
8,NORMA-27925,890
8,NORMA-4074,891
8,NORMA-20599,892
8,NORMA-13458,893
8,NORMA-6598,894
8,NORMA-20519,895
8,NORMA-13547,896
8,NORMA-20589,897
8,NORMA-11814,898
8,NORMA-20204,899
8,NORMA-8537,900
8,NORMA-21239,901
8,NORMA-6378,902
8,NORMA-14089,903
8,NORMA-20085,904
8,NORMA-20104,905
8,NORMA-21790,906
8,NORMA-19949,907
8,NORMA-11414,908
8,NORMA-13918,909
8,NORMA-19134,910
8,NORMA-6314,911
8,NORMA-19523,912
8,NORMA-18812,913
8,NORMA-19514,914
8,NORMA-20482,915
8,NORMA-12162,916
8,NORMA-21206,917
8,NORMA-5781,918
8,NORMA-21264,919
8,NORMA-19221,920
8,NORMA-5968,921
8,NORMA-18359,922
8,NORMA-12029,923
8,NORMA-13094,924
8,NORMA-13931,925
8,NORMA-9679,926
8,NORMA-21721,927
8,NORMA-3824,928
8,NORMA-9890,929
8,NORMA-21351,930
8,NORMA-20690,931
8,NORMA-13202,932
8,NORMA-19191,933
8,NORMA-7556,934
8,NORMA-18880,935
8,NORMA-21766,936
8,NORMA-18282,937
8,NORMA-27924,938
8,NORMA-20252,939
8,NORMA-20581,940
8,NORMA-11601,941
8,NORMA-21356,942
8,NORMA-19187,943
8,NORMA-19459,944
8,NORMA-19683,945
8,NORMA-11775,946
8,NORMA-19755,947
8,NORMA-21533,948
8,NORMA-20121,949
8,NORMA-20083,950
8,NORMA-18336,951
8,NORMA-27121,952
8,NORMA-12771,953
8,NORMA-18335,954
8,NORMA-1421,955
8,NORMA-984,956
8,NORMA-20167,957
8,NORMA-19621,958
8,NORMA-18748,959
8,NORMA-20515,960
8,NORMA-20911,961
8,NORMA-18686,962
8,NORMA-18409,963
8,NORMA-21124,964
8,NORMA-18577,965
8,NORMA-19805,966
8,NORMA-18967,967
8,NORMA-21564,968
8,NORMA-20890,969
8,NORMA-13365,970
8,NORMA-581,971
8,NORMA-20684,972
8,NORMA-20235,973
8,NORMA-20110,974
8,NORMA-4944,975
8,NORMA-19898,976
8,NORMA-18854,977
8,NORMA-18989,978
8,NORMA-20174,979
8,NORMA-6242,980
8,NORMA-19009,981
8,NORMA-14725,982
8,NORMA-19769,983
8,NORMA-18515,984
8,NORMA-19194,985
8,NORMA-13470,986
8,NORMA-19580,987
8,NORMA-19268,988
8,NORMA-12105,989
8,NORMA-21020,990
8,NORMA-18831,991
8,NORMA-11913,992
8,NORMA-996,993
8,NORMA-19804,994
8,NORMA-20089,995
8,NORMA-19430,996
8,NORMA-21184,997
8,NORMA-18720,998
8,NORMA-13919,999
8,NORMA-18721,1000
9,NORMA-21120,1
9,NORMA-20302,2
9,NORMA-18871,3
9,NORMA-18351,4
9,NORMA-3966,5
9,NORMA-18271,6
9,NORMA-19477,7
9,NORMA-21499,8
9,NORMA-19186,9
9,NORMA-4195,10
9,NORMA-6489,11
9,NORMA-4102,12
9,NORMA-3541,13
9,NORMA-15029,14
9,NORMA-19512,15
9,NORMA-8269,16
9,NORMA-6222,17
9,NORMA-4849,18
9,NORMA-9959,19
9,NORMA-20144,20
9,NORMA-21274,21
9,NORMA-19811,22
9,NORMA-19648,23
9,NORMA-21764,24
9,NORMA-18730,25
9,NORMA-20073,26
9,NORMA-18604,27
9,NORMA-19167,28
9,NORMA-18745,29
9,NORMA-18455,30
9,NORMA-21281,31
9,NORMA-18427,32
9,NORMA-13797,33
9,NORMA-5913,34
9,NORMA-18663,35
9,NORMA-19639,36
9,NORMA-21409,37
9,NORMA-19969,38
9,NORMA-20108,39
9,NORMA-21389,40
9,NORMA-19939,41
9,NORMA-5890,42
9,NORMA-6887,43
9,NORMA-21697,44
9,NORMA-21283,45
9,NORMA-3503,46
9,NORMA-18280,47
9,NORMA-20117,48
9,NORMA-18748,49
9,NORMA-25101,50
9,NORMA-20536,51
9,NORMA-21021,52
9,NORMA-20704,53
9,NORMA-18242,54
9,NORMA-18363,55
9,NORMA-19088,56
9,NORMA-19012,57
9,NORMA-18299,58
9,NORMA-18466,59
9,NORMA-18577,60
9,NORMA-20138,61
9,NORMA-18906,62
9,NORMA-15339,63
9,NORMA-18240,64
9,NORMA-19022,65
9,NORMA-20541,66
9,NORMA-20545,67
9,NORMA-21408,68
9,NORMA-6076,69
9,NORMA-5340,70
9,NORMA-6347,71
9,NORMA-15167,72
9,NORMA-14746,73
9,NORMA-20056,74
9,NORMA-9597,75
9,NORMA-19503,76
9,NORMA-27364,77
9,NORMA-19426,78
9,NORMA-18456,79
9,NORMA-19391,80
9,NORMA-9824,81
9,NORMA-4080,82
9,NORMA-21197,83
9,NORMA-19039,84
9,NORMA-20730,85
9,NORMA-21526,86
9,NORMA-19670,87
9,NORMA-19251,88
9,NORMA-18700,89
9,NORMA-11443,90
9,NORMA-18884,91
9,NORMA-13746,92
9,NORMA-13094,93
9,NORMA-14828,94
9,NORMA-15396,95
9,NORMA-12613,96
9,NORMA-21420,97
9,NORMA-20538,98
9,NORMA-13789,99
9,NORMA-27365,100
9,NORMA-3566,101
9,NORMA-21140,102
9,NORMA-20079,103
9,NORMA-18284,104
9,NORMA-3954,105
9,NORMA-19351,106
9,NORMA-19459,107
9,NORMA-22661,108
9,NORMA-18950,109
9,NORMA-21065,110
9,NORMA-18781,111
9,NORMA-18605,112
9,NORMA-3828,113
9,NORMA-19553,114
9,NORMA-20955,115
9,NORMA-19685,116
9,NORMA-4193,117
9,NORMA-18474,118
9,NORMA-19702,119
9,NORMA-20377,120
9,NORMA-8028,121
9,NORMA-19442,122
9,NORMA-14474,123
9,NORMA-23101,124
9,NORMA-19844,125
9,NORMA-18793,126
9,NORMA-18450,127
9,NORMA-19794,128
9,NORMA-19180,129
9,NORMA-21649,130
9,NORMA-21402,131
9,NORMA-18415,132
9,NORMA-6948,133
9,NORMA-21651,134
9,NORMA-7387,135
9,NORMA-21774,136
9,NORMA-6736,137
9,NORMA-14709,138
9,NORMA-18221,139
9,NORMA-14724,140
9,NORMA-19925,141
9,NORMA-3767,142
9,NORMA-21113,143
9,NORMA-11356,144
9,NORMA-12415,145
9,NORMA-12923,146
9,NORMA-13124,147
9,NORMA-8706,148
9,NORMA-19979,149
9,NORMA-12733,150
9,NORMA-19447,151
9,NORMA-3573,152
9,NORMA-13308,153
9,NORMA-21773,154
9,NORMA-23361,155
9,NORMA-4786,156
9,NORMA-21005,157
9,NORMA-18445,158
9,NORMA-13918,159
9,NORMA-19302,160
9,NORMA-20349,161
9,NORMA-26701,162
9,NORMA-13470,163
9,NORMA-18953,164
9,NORMA-21725,165
9,NORMA-18451,166
9,NORMA-3342,167
9,NORMA-27044,168
9,NORMA-20845,169
9,NORMA-3577,170
9,NORMA-21122,171
9,NORMA-21678,172
9,NORMA-5360,173
9,NORMA-18801,174
9,NORMA-11085,175
9,NORMA-8205,176
9,NORMA-18411,177
9,NORMA-21064,178
9,NORMA-18433,179
9,NORMA-20473,180
9,NORMA-5496,181
9,NORMA-19137,182
9,NORMA-14294,183
9,NORMA-2035,184
9,NORMA-18657,185
9,NORMA-1572,186
9,NORMA-23141,187
9,NORMA-21305,188
9,NORMA-19126,189
9,NORMA-18790,190
9,NORMA-20542,191
9,NORMA-21251,192
9,NORMA-21663,193
9,NORMA-19429,194
9,NORMA-21710,195
9,NORMA-18460,196
9,NORMA-19113,197
9,NORMA-2105,198
9,NORMA-19957,199
9,NORMA-19453,200
9,NORMA-21554,201
9,NORMA-18405,202
9,NORMA-2072,203
9,NORMA-2104,204
9,NORMA-13476,205
9,NORMA-29003,206
9,NORMA-20474,207
9,NORMA-20493,208
9,NORMA-20359,209
9,NORMA-28586,210
9,NORMA-19243,211
9,NORMA-23341,212
9,NORMA-4700,213
9,NORMA-21762,214
9,NORMA-20879,215
9,NORMA-21722,216
9,NORMA-21683,217
9,NORMA-21411,218
9,NORMA-21518,219
9,NORMA-19841,220
9,NORMA-24904,221
9,NORMA-21149,222
9,NORMA-19777,223
9,NORMA-21026,224
9,NORMA-21684,225
9,NORMA-21345,226
9,NORMA-20877,227
9,NORMA-28981,228
9,NORMA-20924,229
9,NORMA-5910,230
9,NORMA-5338,231
9,NORMA-19750,232
9,NORMA-7238,233
9,NORMA-20460,234
9,NORMA-15443,235
9,NORMA-19281,236
9,NORMA-2043,237
9,NORMA-20887,238
9,NORMA-18494,239
9,NORMA-21254,240
9,NORMA-2249,241
9,NORMA-8087,242
9,NORMA-19751,243
9,NORMA-2047,244
9,NORMA-13024,245
9,NORMA-4525,246
9,NORMA-8085,247
9,NORMA-8086,248
9,NORMA-2163,249
9,NORMA-9456,250
9,NORMA-19942,251
9,NORMA-18319,252
9,NORMA-11039,253
9,NORMA-10116,254
9,NORMA-21461,255
9,NORMA-19277,256
9,NORMA-19450,257
9,NORMA-19431,258
9,NORMA-8768,259
9,NORMA-18569,260
9,NORMA-18211,261
9,NORMA-5812,262
9,NORMA-6253,263
9,NORMA-20169,264
9,NORMA-3483,265
9,NORMA-19123,266
9,NORMA-19299,267
9,NORMA-18444,268
9,NORMA-20468,269
9,NORMA-20894,270
9,NORMA-18479,271
9,NORMA-7240,272
9,NORMA-19253,273
9,NORMA-20883,274
9,NORMA-8517,275
9,NORMA-21013,276
9,NORMA-4985,277
9,NORMA-21069,278
9,NORMA-8770,279
9,NORMA-4791,280
9,NORMA-21638,281
9,NORMA-19619,282
9,NORMA-5968,283
9,NORMA-23581,284
9,NORMA-19348,285
9,NORMA-19389,286
9,NORMA-20480,287
9,NORMA-21676,288
9,NORMA-18286,289
9,NORMA-19416,290
9,NORMA-13298,291
9,NORMA-18428,292
9,NORMA-6783,293
9,NORMA-12798,294
9,NORMA-10146,295
9,NORMA-20933,296
9,NORMA-20929,297
9,NORMA-9724,298
9,NORMA-7320,299
9,NORMA-13402,300
9,NORMA-20356,301
9,NORMA-20505,302
9,NORMA-10530,303
9,NORMA-19768,304
9,NORMA-18954,305
9,NORMA-21036,306
9,NORMA-19818,307
9,NORMA-19204,308
9,NORMA-19833,309
9,NORMA-20906,310
9,NORMA-20274,311
9,NORMA-19653,312
9,NORMA-21333,313
9,NORMA-19790,314
9,NORMA-20868,315
9,NORMA-19738,316
9,NORMA-18989,317
9,NORMA-20928,318
9,NORMA-19301,319
9,NORMA-19176,320
9,NORMA-19272,321
9,NORMA-18895,322
9,NORMA-3794,323
9,NORMA-19077,324
9,NORMA-5512,325
9,NORMA-2003,326
9,NORMA-21584,327
9,NORMA-19004,328
9,NORMA-555,329
9,NORMA-14411,330
9,NORMA-15197,331
9,NORMA-20240,332
9,NORMA-20886,333
9,NORMA-19067,334
9,NORMA-18727,335
9,NORMA-18982,336
9,NORMA-19838,337
9,NORMA-19976,338
9,NORMA-19663,339
9,NORMA-4353,340
9,NORMA-18602,341
9,NORMA-19975,342
9,NORMA-21606,343
9,NORMA-19493,344
9,NORMA-21537,345
9,NORMA-19974,346
9,NORMA-18266,347
9,NORMA-18290,348
9,NORMA-19375,349
9,NORMA-19151,350
9,NORMA-19141,351
9,NORMA-13606,352
9,NORMA-12406,353
9,NORMA-10327,354
9,NORMA-13695,355
9,NORMA-20632,356
9,NORMA-13694,357
9,NORMA-10910,358
9,NORMA-20084,359
9,NORMA-19009,360
9,NORMA-9770,361
9,NORMA-18462,362
9,NORMA-10835,363
9,NORMA-10527,364
9,NORMA-12454,365
9,NORMA-11104,366
9,NORMA-10019,367
9,NORMA-9255,368
9,NORMA-9264,369
9,NORMA-9097,370
9,NORMA-20991,371
9,NORMA-19248,372
9,NORMA-9308,373
9,NORMA-7702,374
9,NORMA-7985,375
9,NORMA-18870,376
9,NORMA-20869,377
9,NORMA-10493,378
9,NORMA-19436,379
9,NORMA-21186,380
9,NORMA-13376,381
9,NORMA-6555,382
9,NORMA-14435,383
9,NORMA-14438,384
9,NORMA-13562,385
9,NORMA-13223,386
9,NORMA-11329,387
9,NORMA-10427,388
9,NORMA-10573,389
9,NORMA-14436,390
9,NORMA-13600,391
9,NORMA-11260,392
9,NORMA-10639,393
9,NORMA-9769,394
9,NORMA-9449,395
9,NORMA-19739,396
9,NORMA-14439,397
9,NORMA-12116,398
9,NORMA-10915,399
9,NORMA-10001,400
9,NORMA-18766,401
9,NORMA-20799,402
9,NORMA-11382,403
9,NORMA-13367,404
9,NORMA-9254,405
9,NORMA-13222,406
9,NORMA-9744,407
9,NORMA-7667,408
9,NORMA-1192,409
9,NORMA-21418,410
9,NORMA-1164,411
9,NORMA-11156,412
9,NORMA-1470,413
9,NORMA-1114,414
9,NORMA-1296,415
9,NORMA-1248,416
9,NORMA-21674,417
9,NORMA-20055,418
9,NORMA-19667,419
9,NORMA-9205,420
9,NORMA-1374,421
9,NORMA-1445,422
9,NORMA-11316,423
9,NORMA-10944,424
9,NORMA-12814,425
9,NORMA-12940,426
9,NORMA-11381,427
9,NORMA-9263,428
9,NORMA-10084,429
9,NORMA-8970,430
9,NORMA-20518,431
9,NORMA-19737,432
9,NORMA-18255,433
9,NORMA-18686,434
9,NORMA-11090,435
9,NORMA-3653,436
9,NORMA-20983,437
9,NORMA-19930,438
9,NORMA-4258,439
9,NORMA-20121,440
9,NORMA-18972,441
9,NORMA-18701,442
9,NORMA-18245,443
9,NORMA-19937,444
9,NORMA-12421,445
9,NORMA-5099,446
9,NORMA-18996,447
9,NORMA-18501,448
9,NORMA-6949,449
9,NORMA-11920,450
9,NORMA-20847,451
9,NORMA-11838,452
9,NORMA-20891,453
9,NORMA-20890,454
9,NORMA-21001,455
9,NORMA-19806,456
9,NORMA-25645,457
9,NORMA-19175,458
9,NORMA-12014,459
9,NORMA-12234,460
9,NORMA-21439,461
9,NORMA-13668,462
9,NORMA-11974,463
9,NORMA-20087,464
9,NORMA-20397,465
9,NORMA-19927,466
9,NORMA-20225,467
9,NORMA-9890,468
9,NORMA-11792,469
9,NORMA-18440,470
9,NORMA-7321,471
9,NORMA-20926,472
9,NORMA-20975,473
9,NORMA-8555,474
9,NORMA-20959,475
9,NORMA-16225,476
9,NORMA-19970,477
9,NORMA-20554,478
9,NORMA-6560,479
9,NORMA-20549,480
9,NORMA-2189,481
9,NORMA-20314,482
9,NORMA-20510,483
9,NORMA-20509,484
9,NORMA-20329,485
9,NORMA-19112,486
9,NORMA-20334,487
9,NORMA-12232,488
9,NORMA-20058,489
9,NORMA-2574,490
9,NORMA-20516,491
9,NORMA-28623,492
9,NORMA-25821,493
9,NORMA-20340,494
9,NORMA-20511,495
9,NORMA-2426,496
9,NORMA-18336,497
9,NORMA-20321,498
9,NORMA-20912,499
9,NORMA-7506,500
9,NORMA-18990,501
9,NORMA-20442,502
9,NORMA-19683,503
9,NORMA-18624,504
9,NORMA-19622,505
9,NORMA-19692,506
9,NORMA-27623,507
9,NORMA-21024,508
9,NORMA-13610,509
9,NORMA-5985,510
9,NORMA-9536,511
9,NORMA-19592,512
9,NORMA-7007,513
9,NORMA-19791,514
9,NORMA-18854,515
9,NORMA-20081,516
9,NORMA-20710,517
9,NORMA-18316,518
9,NORMA-19455,519
9,NORMA-658,520
9,NORMA-11999,521
9,NORMA-19001,522
9,NORMA-4499,523
9,NORMA-21687,524
9,NORMA-26881,525
9,NORMA-18752,526
9,NORMA-19909,527
9,NORMA-18231,528
9,NORMA-18721,529
9,NORMA-20487,530
9,NORMA-20954,531
9,NORMA-25121,532
9,NORMA-19229,533
9,NORMA-19662,534
9,NORMA-13795,535
9,NORMA-19696,536
9,NORMA-18559,537
9,NORMA-10298,538
9,NORMA-18776,539
9,NORMA-20268,540
9,NORMA-21637,541
9,NORMA-18626,542
9,NORMA-18210,543
9,NORMA-19548,544
9,NORMA-18357,545
9,NORMA-12002,546
9,NORMA-21463,547
9,NORMA-19049,548
9,NORMA-11560,549
9,NORMA-21707,550
9,NORMA-3241,551
9,NORMA-19815,552
9,NORMA-21654,553
9,NORMA-21751,554
9,NORMA-19219,555
9,NORMA-18812,556
9,NORMA-20835,557
9,NORMA-21138,558
9,NORMA-20215,559
9,NORMA-19606,560
9,NORMA-21405,561
9,NORMA-18515,562
9,NORMA-5751,563
9,NORMA-20729,564
9,NORMA-2389,565
9,NORMA-21459,566
9,NORMA-21337,567
9,NORMA-19146,568
9,NORMA-21053,569
9,NORMA-23061,570
9,NORMA-18562,571
9,NORMA-1740,572
9,NORMA-18305,573
9,NORMA-19150,574
9,NORMA-18627,575
9,NORMA-6746,576
9,NORMA-24501,577
9,NORMA-25721,578
9,NORMA-21325,579
9,NORMA-18628,580
9,NORMA-19788,581
9,NORMA-20301,582
9,NORMA-6629,583
9,NORMA-20640,584
9,NORMA-19519,585
9,NORMA-20814,586
9,NORMA-18574,587
9,NORMA-18459,588
9,NORMA-19266,589
9,NORMA-18779,590
9,NORMA-12500,591
9,NORMA-18765,592
9,NORMA-19183,593
9,NORMA-19305,594
9,NORMA-20702,595
9,NORMA-18960,596
9,NORMA-19480,597
9,NORMA-19506,598
9,NORMA-20385,599
9,NORMA-13333,600
9,NORMA-19762,601
9,NORMA-20476,602
9,NORMA-21787,603
9,NORMA-19983,604
9,NORMA-19177,605
9,NORMA-21448,606
9,NORMA-18959,607
9,NORMA-19003,608
9,NORMA-18601,609
9,NORMA-19437,610
9,NORMA-21114,611
9,NORMA-18423,612
9,NORMA-21534,613
9,NORMA-21111,614
9,NORMA-18642,615
9,NORMA-19432,616
9,NORMA-21636,617
9,NORMA-20736,618
9,NORMA-21042,619
9,NORMA-18570,620
9,NORMA-18789,621
9,NORMA-20083,622
9,NORMA-1650,623
9,NORMA-20222,624
9,NORMA-12006,625
9,NORMA-21509,626
9,NORMA-12820,627
9,NORMA-21576,628
9,NORMA-19084,629
9,NORMA-19949,630
9,NORMA-20777,631
9,NORMA-18699,632
9,NORMA-18647,633
9,NORMA-21601,634
9,NORMA-19481,635
9,NORMA-25202,636
9,NORMA-19124,637
9,NORMA-5781,638
9,NORMA-18800,639
9,NORMA-20528,640
9,NORMA-18632,641
9,NORMA-19240,642
9,NORMA-21016,643
9,NORMA-20624,644
9,NORMA-18595,645
9,NORMA-19623,646
9,NORMA-1212,647
9,NORMA-21369,648
9,NORMA-9382,649
9,NORMA-19709,650
9,NORMA-18875,651
9,NORMA-18545,652
9,NORMA-18668,653
9,NORMA-19223,654
9,NORMA-6184,655
9,NORMA-6685,656
9,NORMA-21652,657
9,NORMA-21132,658
9,NORMA-21317,659
9,NORMA-19857,660
9,NORMA-20920,661
9,NORMA-29202,662
9,NORMA-11780,663
9,NORMA-18682,664
9,NORMA-19357,665
9,NORMA-20195,666
9,NORMA-21435,667
9,NORMA-20731,668
9,NORMA-21623,669
9,NORMA-19570,670
9,NORMA-19052,671
9,NORMA-18331,672
9,NORMA-6022,673
9,NORMA-13345,674
9,NORMA-11419,675
9,NORMA-23841,676
9,NORMA-18449,677
9,NORMA-29161,678
9,NORMA-27688,679
9,NORMA-26564,680
9,NORMA-25524,681
9,NORMA-25203,682
9,NORMA-23621,683
9,NORMA-7028,684
9,NORMA-25262,685
9,NORMA-25141,686
9,NORMA-21605,687
9,NORMA-5509,688
9,NORMA-21092,689
9,NORMA-27503,690
9,NORMA-27081,691
9,NORMA-27021,692
9,NORMA-20779,693
9,NORMA-14850,694
9,NORMA-13906,695
9,NORMA-18386,696
9,NORMA-21572,697
9,NORMA-29023,698
9,NORMA-27901,699
9,NORMA-27605,700
9,NORMA-26886,701
9,NORMA-21750,702
9,NORMA-6332,703
9,NORMA-28581,704
9,NORMA-27421,705
9,NORMA-20657,706
9,NORMA-18408,707
9,NORMA-25205,708
9,NORMA-19565,709
9,NORMA-18282,710
9,NORMA-11352,711
9,NORMA-15643,712
9,NORMA-18238,713
9,NORMA-20369,714
9,NORMA-19311,715
9,NORMA-18313,716
9,NORMA-14597,717
9,NORMA-18969,718
9,NORMA-3650,719
9,NORMA-3880,720
9,NORMA-21410,721
9,NORMA-20269,722
9,NORMA-2158,723
9,NORMA-21097,724
9,NORMA-10843,725
9,NORMA-6834,726
9,NORMA-19722,727
9,NORMA-23862,728
9,NORMA-27449,729
9,NORMA-6185,730
9,NORMA-20298,731
9,NORMA-19748,732
9,NORMA-12228,733
9,NORMA-21018,734
9,NORMA-26807,735
9,NORMA-19972,736
9,NORMA-18103,737
9,NORMA-21403,738
9,NORMA-26003,739
9,NORMA-19846,740
9,NORMA-9960,741
9,NORMA-5312,742
9,NORMA-8459,743
9,NORMA-19642,744
9,NORMA-26421,745
9,NORMA-19265,746
9,NORMA-3662,747
9,NORMA-19652,748
9,NORMA-21146,749
9,NORMA-19365,750
9,NORMA-4251,751
9,NORMA-22861,752
9,NORMA-18490,753
9,NORMA-18670,754
9,NORMA-20503,755
9,NORMA-14914,756
9,NORMA-23962,757
9,NORMA-19714,758
9,NORMA-19530,759
9,NORMA-19691,760
9,NORMA-25522,761
9,NORMA-567,762
9,NORMA-5604,763
9,NORMA-19526,764
9,NORMA-19804,765
9,NORMA-20497,766
9,NORMA-20892,767
9,NORMA-18729,768
9,NORMA-20703,769
9,NORMA-19238,770
9,NORMA-21353,771
9,NORMA-5370,772
9,NORMA-6487,773
9,NORMA-21414,774
9,NORMA-18680,775
9,NORMA-25541,776
9,NORMA-18961,777
9,NORMA-10693,778
9,NORMA-19405,779
9,NORMA-18934,780
9,NORMA-18917,781
9,NORMA-14688,782
9,NORMA-19300,783
9,NORMA-18645,784
9,NORMA-15229,785
9,NORMA-11263,786
9,NORMA-28961,787
9,NORMA-18653,788
9,NORMA-11653,789
9,NORMA-10364,790
9,NORMA-18725,791
9,NORMA-20687,792
9,NORMA-13295,793
9,NORMA-3774,794
9,NORMA-21472,795
9,NORMA-18708,796
9,NORMA-18698,797
9,NORMA-18244,798
9,NORMA-19125,799
9,NORMA-19782,800
9,NORMA-19359,801
9,NORMA-18898,802
9,NORMA-20319,803
9,NORMA-14942,804
9,NORMA-26163,805
9,NORMA-18912,806
9,NORMA-21619,807
9,NORMA-21327,808
9,NORMA-28841,809
9,NORMA-19792,810
9,NORMA-19785,811
9,NORMA-21525,812
9,NORMA-9837,813
9,NORMA-21096,814
9,NORMA-18596,815
9,NORMA-18358,816
9,NORMA-9869,817
9,NORMA-21783,818
9,NORMA-21264,819
9,NORMA-21415,820
9,NORMA-20961,821
9,NORMA-21503,822
9,NORMA-9834,823
9,NORMA-18209,824
9,NORMA-5853,825
9,NORMA-4847,826
9,NORMA-19233,827
9,NORMA-18511,828
9,NORMA-21659,829
9,NORMA-5417,830
9,NORMA-21715,831
9,NORMA-11631,832
9,NORMA-22723,833
9,NORMA-18381,834
9,NORMA-19771,835
9,NORMA-20220,836
9,NORMA-19615,837
9,NORMA-18942,838
9,NORMA-20133,839
9,NORMA-21821,840
9,NORMA-21178,841
9,NORMA-19801,842
9,NORMA-14277,843
9,NORMA-18673,844
9,NORMA-19078,845
9,NORMA-21566,846
9,NORMA-12631,847
9,NORMA-19002,848
9,NORMA-18585,849
9,NORMA-20873,850
9,NORMA-16268,851
9,NORMA-19534,852
9,NORMA-19047,853
9,NORMA-19773,854
9,NORMA-19627,855
9,NORMA-20530,856
9,NORMA-19772,857
9,NORMA-18887,858
9,NORMA-20393,859
9,NORMA-20150,860
9,NORMA-19531,861
9,NORMA-21497,862
9,NORMA-18994,863
9,NORMA-19620,864
9,NORMA-19583,865
9,NORMA-19764,866
9,NORMA-19901,867
9,NORMA-19015,868
9,NORMA-20800,869
9,NORMA-18441,870
9,NORMA-12035,871
9,NORMA-15701,872
9,NORMA-19655,873
9,NORMA-3735,874
9,NORMA-19660,875
9,NORMA-21358,876
9,NORMA-19753,877
9,NORMA-4634,878
9,NORMA-21616,879
9,NORMA-4926,880
9,NORMA-12015,881
9,NORMA-27363,882
9,NORMA-19852,883
9,NORMA-18314,884
9,NORMA-19741,885
9,NORMA-19654,886
9,NORMA-4633,887
9,NORMA-27063,888
9,NORMA-19423,889
9,NORMA-21267,890
9,NORMA-20482,891
9,NORMA-20922,892
9,NORMA-18991,893
9,NORMA-19403,894
9,NORMA-6881,895
9,NORMA-12649,896
9,NORMA-13594,897
9,NORMA-21491,898
9,NORMA-21661,899
9,NORMA-6701,900
9,NORMA-21141,901
9,NORMA-21392,902
9,NORMA-2517,903
9,NORMA-20218,904
9,NORMA-20200,905
9,NORMA-19640,906
9,NORMA-18833,907
9,NORMA-8435,908
9,NORMA-6968,909
9,NORMA-27384,910
9,NORMA-19629,911
9,NORMA-6643,912
9,NORMA-20790,913
9,NORMA-14201,914
9,NORMA-20696,915
9,NORMA-18348,916
9,NORMA-18220,917
9,NORMA-20763,918
9,NORMA-19573,919
9,NORMA-20836,920
9,NORMA-20147,921
9,NORMA-21595,922
9,NORMA-18648,923
9,NORMA-20097,924
9,NORMA-21390,925
9,NORMA-19789,926
9,NORMA-14652,927
9,NORMA-18394,928
9,NORMA-19643,929
9,NORMA-4065,930
9,NORMA-13390,931
9,NORMA-19769,932
9,NORMA-14786,933
9,NORMA-19787,934
9,NORMA-5515,935
9,NORMA-6383,936
9,NORMA-28584,937
9,NORMA-11459,938
9,NORMA-20925,939
9,NORMA-82,940
9,NORMA-20901,941
9,NORMA-20166,942
9,NORMA-20165,943
9,NORMA-21760,944
9,NORMA-8799,945
9,NORMA-6204,946
9,NORMA-6203,947
9,NORMA-18679,948
9,NORMA-20563,949
9,NORMA-7386,950
9,NORMA-19295,951
9,NORMA-778,952
9,NORMA-8938,953
9,NORMA-4392,954
9,NORMA-21088,955
9,NORMA-19589,956
9,NORMA-20244,957
9,NORMA-7222,958
9,NORMA-20761,959
9,NORMA-20623,960
9,NORMA-21581,961
9,NORMA-19486,962
9,NORMA-9339,963
9,NORMA-18900,964
9,NORMA-423,965
9,NORMA-5471,966
9,NORMA-21717,967
9,NORMA-5139,968
9,NORMA-807,969
9,NORMA-18818,970
9,NORMA-684,971
9,NORMA-10797,972
9,NORMA-18970,973
9,NORMA-20597,974
9,NORMA-18951,975
9,NORMA-19853,976
9,NORMA-9457,977
9,NORMA-21007,978
9,NORMA-19809,979
9,NORMA-18987,980
9,NORMA-19016,981
9,NORMA-6140,982
9,NORMA-20465,983
9,NORMA-7225,984
9,NORMA-20210,985
9,NORMA-7113,986
9,NORMA-483,987
9,NORMA-19674,988
9,NORMA-704,989
9,NORMA-21256,990
9,NORMA-19192,991
9,NORMA-3509,992
9,NORMA-6176,993
9,NORMA-31904,994
9,NORMA-21444,995
9,NORMA-6679,996
9,NORMA-18389,997
9,NORMA-17281,998
9,NORMA-21387,999
9,NORMA-19225,1000
10,NORMA-21638,1
10,NORMA-21649,2
10,NORMA-21269,3
10,NORMA-21344,4
10,NORMA-21402,5
10,NORMA-23361,6
10,NORMA-21700,7
10,NORMA-18910,8
10,NORMA-20790,9
10,NORMA-21711,10
10,NORMA-13402,11
10,NORMA-19303,12
10,NORMA-18211,13
10,NORMA-1192,14
10,NORMA-1164,15
10,NORMA-1296,16
10,NORMA-1470,17
10,NORMA-6968,18
10,NORMA-6176,19
10,NORMA-1248,20
10,NORMA-13610,21
10,NORMA-1374,22
10,NORMA-10298,23
10,NORMA-9890,24
10,NORMA-14746,25
10,NORMA-16424,26
10,NORMA-20138,27
10,NORMA-27364,28
10,NORMA-13470,29
10,NORMA-27044,30
10,NORMA-21706,31
10,NORMA-15339,32
10,NORMA-5380,33
10,NORMA-8442,34
10,NORMA-21703,35
10,NORMA-5335,36
10,NORMA-11419,37
10,NORMA-13918,38
10,NORMA-10986,39
10,NORMA-11352,40
10,NORMA-10843,41
10,NORMA-19972,42
10,NORMA-12314,43
10,NORMA-11184,44
10,NORMA-11186,45
10,NORMA-20922,46
10,NORMA-18994,47
10,NORMA-7867,48
10,NORMA-12380,49
10,NORMA-5336,50
10,NORMA-8212,51
10,NORMA-5185,52
10,NORMA-27362,53
10,NORMA-12516,54
10,NORMA-20990,55
10,NORMA-15358,56
10,NORMA-19982,57
10,NORMA-19000,58
10,NORMA-19979,59
10,NORMA-20901,60
10,NORMA-11185,61
10,NORMA-12371,62
10,NORMA-18996,63
10,NORMA-8121,64
10,NORMA-12379,65
10,NORMA-5337,66
10,NORMA-18638,67
10,NORMA-14366,68
10,NORMA-16402,69
10,NORMA-21404,70
10,NORMA-12899,71
10,NORMA-12517,72
10,NORMA-15118,73
10,NORMA-19961,74
10,NORMA-19424,75
10,NORMA-18658,76
10,NORMA-19182,77
10,NORMA-21059,78
10,NORMA-27363,79
10,NORMA-27361,80
10,NORMA-12492,81
10,NORMA-60,82
10,NORMA-26804,83
10,NORMA-21282,84
10,NORMA-1114,85
10,NORMA-1445,86
10,NORMA-22862,87
10,NORMA-19615,88
10,NORMA-11459,89
10,NORMA-13795,90
10,NORMA-21141,91
10,NORMA-21170,92
10,NORMA-20879,93
10,NORMA-20600,94
10,NORMA-19674,95
10,NORMA-18970,96
10,NORMA-14482,97
10,NORMA-20887,98
10,NORMA-21280,99
10,NORMA-19629,100
10,NORMA-20491,101
10,NORMA-19622,102
10,NORMA-19583,103
10,NORMA-4322,104
10,NORMA-21637,105
10,NORMA-21678,106
10,NORMA-21651,107
10,NORMA-21526,108
10,NORMA-27366,109
10,NORMA-18754,110
10,NORMA-12910,111
10,NORMA-21499,112
10,NORMA-30663,113
10,NORMA-15802,114
10,NORMA-21497,115
10,NORMA-21389,116
10,NORMA-23101,117
10,NORMA-18663,118
10,NORMA-21409,119
10,NORMA-21591,120
10,NORMA-19512,121
10,NORMA-15396,122
10,NORMA-13789,123
10,NORMA-27365,124
10,NORMA-19712,125
10,NORMA-19408,126
10,NORMA-18904,127
10,NORMA-13514,128
10,NORMA-20139,129
10,NORMA-21538,130
10,NORMA-27221,131
10,NORMA-5792,132
10,NORMA-19913,133
10,NORMA-18898,134
10,NORMA-21748,135
10,NORMA-18871,136
10,NORMA-14744,137
10,NORMA-21361,138
10,NORMA-12956,139
10,NORMA-1485,140
10,NORMA-1365,141
10,NORMA-19606,142
10,NORMA-20269,143
10,NORMA-21439,144
10,NORMA-21275,145
10,NORMA-27161,146
10,NORMA-20043,147
10,NORMA-20051,148
10,NORMA-12911,149
10,NORMA-18673,150
10,NORMA-19047,151
10,NORMA-19526,152
10,NORMA-19691,153
10,NORMA-6881,154
10,NORMA-20619,155
10,NORMA-6701,156
10,NORMA-11443,157
10,NORMA-6643,158
10,NORMA-646,159
10,NORMA-19467,160
10,NORMA-14390,161
10,NORMA-19570,162
10,NORMA-21390,163
10,NORMA-21554,164
10,NORMA-12490,165
10,NORMA-21392,166
10,NORMA-20564,167
10,NORMA-18649,168
10,NORMA-12923,169
10,NORMA-13124,170
10,NORMA-3577,171
10,NORMA-15167,172
10,NORMA-5360,173
10,NORMA-10116,174
10,NORMA-20996,175
10,NORMA-21521,176
10,NORMA-11085,177
10,NORMA-8205,178
10,NORMA-27321,179
10,NORMA-5496,180
10,NORMA-9481,181
10,NORMA-14294,182
10,NORMA-20959,183
10,NORMA-21413,184
10,NORMA-18474,185
10,NORMA-18844,186
10,NORMA-19240,187
10,NORMA-25964,188
10,NORMA-8088,189
10,NORMA-19930,190
10,NORMA-13476,191
10,NORMA-18530,192
10,NORMA-19223,193
10,NORMA-20622,194
10,NORMA-13345,195
10,NORMA-12437,196
10,NORMA-5872,197
10,NORMA-5280,198
10,NORMA-6006,199
10,NORMA-4630,200
10,NORMA-14850,201
10,NORMA-13746,202
10,NORMA-19278,203
10,NORMA-21586,204
10,NORMA-18631,205
10,NORMA-14828,206
10,NORMA-20738,207
10,NORMA-19698,208
10,NORMA-12613,209
10,NORMA-21124,210
10,NORMA-6253,211
10,NORMA-20134,212
10,NORMA-19477,213
10,NORMA-14688,214
10,NORMA-15229,215
10,NORMA-16601,216
10,NORMA-14595,217
10,NORMA-13459,218
10,NORMA-20692,219
10,NORMA-13298,220
10,NORMA-14629,221
10,NORMA-20936,222
10,NORMA-21305,223
10,NORMA-18753,224
10,NORMA-20302,225
10,NORMA-22001,226
10,NORMA-6679,227
10,NORMA-19745,228
10,NORMA-14113,229
10,NORMA-10267,230
10,NORMA-12066,231
10,NORMA-24102,232
10,NORMA-17281,233
10,NORMA-18427,234
10,NORMA-8575,235
10,NORMA-5727,236
10,NORMA-19138,237
10,NORMA-6318,238
10,NORMA-19039,239
10,NORMA-20285,240
10,NORMA-18803,241
10,NORMA-19736,242
10,NORMA-19437,243
10,NORMA-18239,244
10,NORMA-6521,245
10,NORMA-21197,246
10,NORMA-9803,247
10,NORMA-6291,248
10,NORMA-20912,249
10,NORMA-7387,250
10,NORMA-20166,251
10,NORMA-20222,252
10,NORMA-19124,253
10,NORMA-21509,254
10,NORMA-20169,255
10,NORMA-6736,256
10,NORMA-19553,257
10,NORMA-23027,258
10,NORMA-19459,259
10,NORMA-14724,260
10,NORMA-14937,261
10,NORMA-3767,262
10,NORMA-21418,263
10,NORMA-21663,264
10,NORMA-20704,265
10,NORMA-21562,266
10,NORMA-21710,267
10,NORMA-11356,268
10,NORMA-12415,269
10,NORMA-8706,270
10,NORMA-6249,271
10,NORMA-12733,272
10,NORMA-13308,273
10,NORMA-5381,274
10,NORMA-23341,275
10,NORMA-4786,276
10,NORMA-19351,277
10,NORMA-18528,278
10,NORMA-4792,279
10,NORMA-18243,280
10,NORMA-21192,281
10,NORMA-4500,282
10,NORMA-9835,283
10,NORMA-20304,284
10,NORMA-19959,285
10,NORMA-3735,286
10,NORMA-4634,287
10,NORMA-20730,288
10,NORMA-20877,289
10,NORMA-13158,290
10,NORMA-21086,291
10,NORMA-7386,292
10,NORMA-6140,293
10,NORMA-7113,294
10,NORMA-8435,295
10,NORMA-7225,296
10,NORMA-10219,297
10,NORMA-6753,298
10,NORMA-19429,299
10,NORMA-19925,300
10,NORMA-3503,301
10,NORMA-9834,302
10,NORMA-21690,303
10,NORMA-9724,304
10,NORMA-14279,305
10,NORMA-20263,306
10,NORMA-8931,307
10,NORMA-18722,308
10,NORMA-13797,309
10,NORMA-3638,310
10,NORMA-19942,311
10,NORMA-11454,312
10,NORMA-6702,313
10,NORMA-7279,314
10,NORMA-18967,315
10,NORMA-21028,316
10,NORMA-12965,317
10,NORMA-14345,318
10,NORMA-16202,319
10,NORMA-13995,320
10,NORMA-26881,321
10,NORMA-21459,322
10,NORMA-6623,323
10,NORMA-6256,324
10,NORMA-15027,325
10,NORMA-7012,326
10,NORMA-6185,327
10,NORMA-9382,328
10,NORMA-15211,329
10,NORMA-18748,330
10,NORMA-21676,331
10,NORMA-19644,332
10,NORMA-6783,333
10,NORMA-7222,334
10,NORMA-6948,335
10,NORMA-21461,336
10,NORMA-20301,337
10,NORMA-20172,338
10,NORMA-29003,339
10,NORMA-11814,340
10,NORMA-18319,341
10,NORMA-13323,342
10,NORMA-8028,343
10,NORMA-27761,344
10,NORMA-11655,345
10,NORMA-14239,346
10,NORMA-21507,347
10,NORMA-21717,348
10,NORMA-19729,349
10,NORMA-29005,350
10,NORMA-21065,351
10,NORMA-13469,352
10,NORMA-13545,353
10,NORMA-12067,354
10,NORMA-15237,355
10,NORMA-3571,356
10,NORMA-13519,357
10,NORMA-9681,358
10,NORMA-13229,359
10,NORMA-3642,360
10,NORMA-20300,361
10,NORMA-9067,362
10,NORMA-21185,363
10,NORMA-7525,364
10,NORMA-21547,365
10,NORMA-19704,366
10,NORMA-18435,367
10,NORMA-11882,368
10,NORMA-7241,369
10,NORMA-11901,370
10,NORMA-21606,371
10,NORMA-9888,372
10,NORMA-10745,373
10,NORMA-10590,374
10,NORMA-7942,375
10,NORMA-11505,376
10,NORMA-10878,377
10,NORMA-9670,378
10,NORMA-10534,379
10,NORMA-9785,380
10,NORMA-19566,381
10,NORMA-14974,382
10,NORMA-9595,383
10,NORMA-10821,384
10,NORMA-10347,385
10,NORMA-20941,386
10,NORMA-19061,387
10,NORMA-21634,388
10,NORMA-11292,389
10,NORMA-21434,390
10,NORMA-20219,391
10,NORMA-13903,392
10,NORMA-20570,393
10,NORMA-15134,394
10,NORMA-14587,395
10,NORMA-1455,396
10,NORMA-1170,397
10,NORMA-2207,398
10,NORMA-21490,399
10,NORMA-15603,400
10,NORMA-570,401
10,NORMA-1515,402
10,NORMA-3001,403
10,NORMA-1310,404
10,NORMA-18697,405
10,NORMA-745,406
10,NORMA-19515,407
10,NORMA-18842,408
10,NORMA-18531,409
10,NORMA-12248,410
10,NORMA-19682,411
10,NORMA-12099,412
10,NORMA-10931,413
10,NORMA-11627,414
10,NORMA-12103,415
10,NORMA-12055,416
10,NORMA-1863,417
10,NORMA-2376,418
10,NORMA-2428,419
10,NORMA-2558,420
10,NORMA-1100,421
10,NORMA-18546,422
10,NORMA-919,423
10,NORMA-9152,424
10,NORMA-19528,425
10,NORMA-19546,426
10,NORMA-17321,427
10,NORMA-1446,428
10,NORMA-19235,429
10,NORMA-2522,430
10,NORMA-1812,431
10,NORMA-11767,432
10,NORMA-11556,433
10,NORMA-2483,434
10,NORMA-18274,435
10,NORMA-20609,436
10,NORMA-11876,437
10,NORMA-11433,438
10,NORMA-12104,439
10,NORMA-18349,440
10,NORMA-1178,441
10,NORMA-18207,442
10,NORMA-19498,443
10,NORMA-19255,444
10,NORMA-2190,445
10,NORMA-11562,446
10,NORMA-515,447
10,NORMA-18816,448
10,NORMA-12237,449
10,NORMA-11512,450
10,NORMA-2387,451
10,NORMA-11525,452
10,NORMA-2503,453
10,NORMA-11721,454
10,NORMA-1438,455
10,NORMA-11108,456
10,NORMA-6092,457
10,NORMA-1288,458
10,NORMA-2470,459
10,NORMA-11679,460
10,NORMA-11589,461
10,NORMA-11795,462
10,NORMA-11770,463
10,NORMA-18741,464
10,NORMA-999,465
10,NORMA-11688,466
10,NORMA-13990,467
10,NORMA-12247,468
10,NORMA-11921,469
10,NORMA-19755,470
10,NORMA-893,471
10,NORMA-11475,472
10,NORMA-11686,473
10,NORMA-11621,474
10,NORMA-6410,475
10,NORMA-11666,476
10,NORMA-11771,477
10,NORMA-2478,478
10,NORMA-12031,479
10,NORMA-11667,480
10,NORMA-2390,481
10,NORMA-11875,482
10,NORMA-11633,483
10,NORMA-2542,484
10,NORMA-12063,485
10,NORMA-18361,486
10,NORMA-18364,487
10,NORMA-11606,488
10,NORMA-11877,489
10,NORMA-10999,490
10,NORMA-18981,491
10,NORMA-12197,492
10,NORMA-11772,493
10,NORMA-11796,494
10,NORMA-11561,495
10,NORMA-11854,496
10,NORMA-11813,497
10,NORMA-21299,498
10,NORMA-11616,499
10,NORMA-18533,500
10,NORMA-12017,501
10,NORMA-11576,502
10,NORMA-11519,503
10,NORMA-11777,504
10,NORMA-11791,505
10,NORMA-20920,506
10,NORMA-11765,507
10,NORMA-18413,508
10,NORMA-11761,509
10,NORMA-19328,510
10,NORMA-11862,511
10,NORMA-19866,512
10,NORMA-18843,513
10,NORMA-2530,514
10,NORMA-11769,515
10,NORMA-12009,516
10,NORMA-12020,517
10,NORMA-12249,518
10,NORMA-11620,519
10,NORMA-11563,520
10,NORMA-12019,521
10,NORMA-11680,522
10,NORMA-11603,523
10,NORMA-12739,524
10,NORMA-11804,525
10,NORMA-11874,526
10,NORMA-11571,527
10,NORMA-1866,528
10,NORMA-1541,529
10,NORMA-11670,530
10,NORMA-24042,531
10,NORMA-11793,532
10,NORMA-11768,533
10,NORMA-11569,534
10,NORMA-11776,535
10,NORMA-12092,536
10,NORMA-12030,537
10,NORMA-12163,538
10,NORMA-25501,539
10,NORMA-2694,540
10,NORMA-11610,541
10,NORMA-11669,542
10,NORMA-14570,543
10,NORMA-1452,544
10,NORMA-12255,545
10,NORMA-11733,546
10,NORMA-24524,547
10,NORMA-2452,548
10,NORMA-11720,549
10,NORMA-1841,550
10,NORMA-2362,551
10,NORMA-10920,552
10,NORMA-11762,553
10,NORMA-11712,554
10,NORMA-11559,555
10,NORMA-19029,556
10,NORMA-11558,557
10,NORMA-11528,558
10,NORMA-12021,559
10,NORMA-20579,560
10,NORMA-21072,561
10,NORMA-11806,562
10,NORMA-11766,563
10,NORMA-11516,564
10,NORMA-11805,565
10,NORMA-11477,566
10,NORMA-11602,567
10,NORMA-26221,568
10,NORMA-18181,569
10,NORMA-2537,570
10,NORMA-21739,571
10,NORMA-1144,572
10,NORMA-29163,573
10,NORMA-11524,574
10,NORMA-18838,575
10,NORMA-11557,576
10,NORMA-2421,577
10,NORMA-12246,578
10,NORMA-11520,579
10,NORMA-11779,580
10,NORMA-11673,581
10,NORMA-9008,582
10,NORMA-15203,583
10,NORMA-21688,584
10,NORMA-11710,585
10,NORMA-11870,586
10,NORMA-6344,587
10,NORMA-12018,588
10,NORMA-12094,589
10,NORMA-11523,590
10,NORMA-19844,591
10,NORMA-7280,592
10,NORMA-11671,593
10,NORMA-11575,594
10,NORMA-2383,595
10,NORMA-11716,596
10,NORMA-4413,597
10,NORMA-11526,598
10,NORMA-1945,599
10,NORMA-11871,600
10,NORMA-11865,601
10,NORMA-11522,602
10,NORMA-11717,603
10,NORMA-12172,604
10,NORMA-11574,605
10,NORMA-11564,606
10,NORMA-984,607
10,NORMA-3502,608
10,NORMA-11560,609
10,NORMA-2378,610
10,NORMA-2534,611
10,NORMA-11613,612
10,NORMA-11722,613
10,NORMA-11857,614
10,NORMA-1353,615
10,NORMA-21199,616
10,NORMA-12170,617
10,NORMA-11853,618
10,NORMA-11802,619
10,NORMA-11922,620
10,NORMA-11672,621
10,NORMA-23321,622
10,NORMA-12236,623
10,NORMA-12025,624
10,NORMA-11517,625
10,NORMA-11719,626
10,NORMA-19261,627
10,NORMA-2475,628
10,NORMA-11855,629
10,NORMA-11663,630
10,NORMA-11568,631
10,NORMA-18213,632
10,NORMA-20911,633
10,NORMA-20101,634
10,NORMA-12052,635
10,NORMA-11997,636
10,NORMA-18554,637
10,NORMA-13997,638
10,NORMA-995,639
10,NORMA-18675,640
10,NORMA-11567,641
10,NORMA-19444,642
10,NORMA-2377,643
10,NORMA-11732,644
10,NORMA-12171,645
10,NORMA-2587,646
10,NORMA-11611,647
10,NORMA-178,648
10,NORMA-21276,649
10,NORMA-20997,650
10,NORMA-19923,651
10,NORMA-6346,652
10,NORMA-1995,653
10,NORMA-11866,654
10,NORMA-11799,655
10,NORMA-21626,656
10,NORMA-18472,657
10,NORMA-18341,658
10,NORMA-567,659
10,NORMA-2269,660
10,NORMA-11790,661
10,NORMA-11664,662
10,NORMA-1217,663
10,NORMA-28585,664
10,NORMA-19096,665
10,NORMA-21137,666
10,NORMA-20726,667
10,NORMA-11674,668
10,NORMA-13968,669
10,NORMA-12235,670
10,NORMA-14235,671
10,NORMA-2531,672
10,NORMA-18819,673
10,NORMA-11604,674
10,NORMA-12667,675
10,NORMA-11577,676
10,NORMA-12164,677
10,NORMA-11572,678
10,NORMA-969,679
10,NORMA-2399,680
10,NORMA-20121,681
10,NORMA-21550,682
10,NORMA-20599,683
10,NORMA-1442,684
10,NORMA-20099,685
10,NORMA-14420,686
10,NORMA-11578,687
10,NORMA-12043,688
10,NORMA-12525,689
10,NORMA-15110,690
10,NORMA-3794,691
10,NORMA-12325,692
10,NORMA-2092,693
10,NORMA-15239,694
10,NORMA-11742,695
10,NORMA-985,696
10,NORMA-20948,697
10,NORMA-13082,698
10,NORMA-13900,699
10,NORMA-2495,700
10,NORMA-20105,701
10,NORMA-2523,702
10,NORMA-21766,703
10,NORMA-27246,704
10,NORMA-14835,705
10,NORMA-13523,706
10,NORMA-760,707
10,NORMA-21184,708
10,NORMA-13423,709
10,NORMA-15113,710
10,NORMA-15000,711
10,NORMA-18298,712
10,NORMA-20107,713
10,NORMA-12669,714
10,NORMA-6515,715
10,NORMA-11758,716
10,NORMA-18772,717
10,NORMA-11872,718
10,NORMA-833,719
10,NORMA-2109,720
10,NORMA-11565,721
10,NORMA-14912,722
10,NORMA-14568,723
10,NORMA-18306,724
10,NORMA-28342,725
10,NORMA-14984,726
10,NORMA-15191,727
10,NORMA-22061,728
10,NORMA-15169,729
10,NORMA-15195,730
10,NORMA-19385,731
10,NORMA-2551,732
10,NORMA-11473,733
10,NORMA-11792,734
10,NORMA-26701,735
10,NORMA-14432,736
10,NORMA-19857,737
10,NORMA-6673,738
10,NORMA-19700,739
10,NORMA-20846,740
10,NORMA-13426,741
10,NORMA-54,742
10,NORMA-19563,743
10,NORMA-13859,744
10,NORMA-5512,745
10,NORMA-2395,746
10,NORMA-1740,747
10,NORMA-17201,748
10,NORMA-13790,749
10,NORMA-4636,750
10,NORMA-12012,751
10,NORMA-15364,752
10,NORMA-2188,753
10,NORMA-12010,754
10,NORMA-18214,755
10,NORMA-11597,756
10,NORMA-13622,757
10,NORMA-13659,758
10,NORMA-3690,759
10,NORMA-18600,760
10,NORMA-12778,761
10,NORMA-1705,762
10,NORMA-143,763
10,NORMA-16881,764
10,NORMA-9423,765
10,NORMA-19203,766
10,NORMA-19694,767
10,NORMA-2554,768
10,NORMA-12005,769
10,NORMA-4680,770
10,NORMA-5472,771
10,NORMA-11511,772
10,NORMA-11920,773
10,NORMA-6369,774
10,NORMA-12097,775
10,NORMA-18439,776
10,NORMA-24381,777
10,NORMA-12942,778
10,NORMA-11995,779
10,NORMA-20595,780
10,NORMA-1352,781
10,NORMA-11723,782
10,NORMA-14095,783
10,NORMA-15015,784
10,NORMA-11518,785
10,NORMA-13357,786
10,NORMA-19121,787
10,NORMA-741,788
10,NORMA-2145,789
10,NORMA-1924,790
10,NORMA-18230,791
10,NORMA-18653,792
10,NORMA-11718,793
10,NORMA-4162,794
10,NORMA-970,795
10,NORMA-18303,796
10,NORMA-13818,797
10,NORMA-2171,798
10,NORMA-1419,799
10,NORMA-7099,800
10,NORMA-14416,801
10,NORMA-1788,802
10,NORMA-1909,803
10,NORMA-21286,804
10,NORMA-19213,805
10,NORMA-15284,806
10,NORMA-10782,807
10,NORMA-12046,808
10,NORMA-19510,809
10,NORMA-231,810
10,NORMA-20220,811
10,NORMA-14111,812
10,NORMA-21709,813
10,NORMA-21017,814
10,NORMA-14990,815
10,NORMA-11566,816
10,NORMA-20160,817
10,NORMA-19803,818
10,NORMA-20918,819
10,NORMA-18802,820
10,NORMA-2583,821
10,NORMA-19513,822
10,NORMA-20163,823
10,NORMA-19643,824
10,NORMA-24781,825
10,NORMA-4220,826
10,NORMA-20617,827
10,NORMA-11729,828
10,NORMA-1035,829
10,NORMA-8278,830
10,NORMA-6749,831
10,NORMA-6636,832
10,NORMA-20108,833
10,NORMA-634,834
10,NORMA-19716,835
10,NORMA-4353,836
10,NORMA-21431,837
10,NORMA-772,838
10,NORMA-20558,839
10,NORMA-9111,840
10,NORMA-19779,841
10,NORMA-474,842
10,NORMA-19547,843
10,NORMA-18963,844
10,NORMA-18418,845
10,NORMA-2301,846
10,NORMA-20122,847
10,NORMA-2723,848
10,NORMA-18806,849
10,NORMA-19440,850
10,NORMA-20999,851
10,NORMA-11998,852
10,NORMA-19481,853
10,NORMA-21083,854
10,NORMA-20217,855
10,NORMA-18233,856
10,NORMA-11631,857
10,NORMA-14982,858
10,NORMA-7663,859
10,NORMA-20851,860
10,NORMA-72,861
10,NORMA-219,862
10,NORMA-10055,863
10,NORMA-2049,864
10,NORMA-553,865
10,NORMA-22561,866
10,NORMA-10762,867
10,NORMA-19929,868
10,NORMA-20137,869
10,NORMA-1510,870
10,NORMA-6414,871
10,NORMA-4572,872
10,NORMA-21232,873
10,NORMA-6669,874
10,NORMA-20758,875
10,NORMA-15068,876
10,NORMA-20743,877
10,NORMA-6698,878
10,NORMA-19529,879
10,NORMA-5226,880
10,NORMA-12027,881
10,NORMA-21052,882
10,NORMA-11316,883
10,NORMA-21147,884
10,NORMA-14858,885
10,NORMA-53,886
10,NORMA-5503,887
10,NORMA-19330,888
10,NORMA-1090,889
10,NORMA-18438,890
10,NORMA-21478,891
10,NORMA-2691,892
10,NORMA-11668,893
10,NORMA-13555,894
10,NORMA-21169,895
10,NORMA-12107,896
10,NORMA-21790,897
10,NORMA-1334,898
10,NORMA-18436,899
10,NORMA-21445,900
10,NORMA-21414,901
10,NORMA-9365,902
10,NORMA-21668,903
10,NORMA-20677,904
10,NORMA-20185,905
10,NORMA-18266,906
10,NORMA-11780,907
10,NORMA-7027,908
10,NORMA-21785,909
10,NORMA-28641,910
10,NORMA-21428,911
10,NORMA-1147,912
10,NORMA-17221,913
10,NORMA-20802,914
10,NORMA-21474,915
10,NORMA-14459,916
10,NORMA-21291,917
10,NORMA-28221,918
10,NORMA-12406,919
10,NORMA-21008,920
10,NORMA-11868,921
10,NORMA-703,922
10,NORMA-8458,923
10,NORMA-22401,924
10,NORMA-11714,925
10,NORMA-11466,926
10,NORMA-10327,927
10,NORMA-21126,928
10,NORMA-20152,929
10,NORMA-20766,930
10,NORMA-19740,931
10,NORMA-18763,932
10,NORMA-10200,933
10,NORMA-13695,934
10,NORMA-7272,935
10,NORMA-18865,936
10,NORMA-7953,937
10,NORMA-20908,938
10,NORMA-13694,939
10,NORMA-21659,940
10,NORMA-20866,941
10,NORMA-20944,942
10,NORMA-581,943
10,NORMA-20143,944
10,NORMA-18691,945
10,NORMA-21026,946
10,NORMA-18815,947
10,NORMA-21157,948
10,NORMA-21585,949
10,NORMA-20976,950
10,NORMA-10938,951
10,NORMA-21206,952
10,NORMA-18542,953
10,NORMA-11864,954
10,NORMA-10808,955
10,NORMA-9770,956
10,NORMA-1545,957
10,NORMA-18773,958
10,NORMA-18237,959
10,NORMA-20046,960
10,NORMA-12258,961
10,NORMA-10527,962
10,NORMA-20801,963
10,NORMA-19092,964
10,NORMA-20963,965
10,NORMA-8384,966
10,NORMA-11104,967
10,NORMA-10019,968
10,NORMA-9255,969
10,NORMA-20626,970
10,NORMA-9264,971
10,NORMA-9097,972
10,NORMA-8811,973
10,NORMA-2447,974
10,NORMA-6396,975
10,NORMA-9308,976
10,NORMA-7702,977
10,NORMA-7985,978
10,NORMA-21036,979
10,NORMA-18395,980
10,NORMA-20239,981
10,NORMA-20690,982
10,NORMA-10493,983
10,NORMA-20149,984
10,NORMA-20398,985
10,NORMA-12049,986
10,NORMA-21205,987
10,NORMA-25281,988
10,NORMA-11269,989
10,NORMA-19621,990
10,NORMA-15033,991
10,NORMA-11329,992
10,NORMA-10427,993
10,NORMA-10573,994
10,NORMA-19627,995
10,NORMA-25802,996
10,NORMA-13713,997
10,NORMA-12134,998
10,NORMA-11465,999
10,NORMA-10639,1000
11,NORMA-20696,1
11,NORMA-20452,2
11,NORMA-20293,3
11,NORMA-20806,4
11,NORMA-20210,5
11,NORMA-20718,6
11,NORMA-20429,7
11,NORMA-20191,8
11,NORMA-20807,9
11,NORMA-20977,10
11,NORMA-20519,11
11,NORMA-19797,12
11,NORMA-26,13
11,NORMA-20557,14
11,NORMA-1092,15
11,NORMA-19588,16
11,NORMA-20205,17
11,NORMA-188,18
11,NORMA-20249,19
11,NORMA-20397,20
11,NORMA-20989,21
11,NORMA-15701,22
11,NORMA-20993,23
11,NORMA-18430,24
11,NORMA-12837,25
11,NORMA-19442,26
11,NORMA-18989,27
11,NORMA-12777,28
11,NORMA-20507,29
11,NORMA-21717,30
11,NORMA-14703,31
11,NORMA-21305,32
11,NORMA-14725,33
11,NORMA-11913,34
11,NORMA-16462,35
11,NORMA-14629,36
11,NORMA-28961,37
11,NORMA-13699,38
11,NORMA-19426,39
11,NORMA-12685,40
11,NORMA-3723,41
11,NORMA-6320,42
11,NORMA-10749,43
11,NORMA-20854,44
11,NORMA-834,45
11,NORMA-14995,46
11,NORMA-4239,47
11,NORMA-6766,48
11,NORMA-6251,49
11,NORMA-4117,50
11,NORMA-4122,51
11,NORMA-22861,52
11,NORMA-13230,53
11,NORMA-18873,54
11,NORMA-217,55
11,NORMA-18221,56
11,NORMA-12997,57
11,NORMA-21459,58
11,NORMA-12917,59
11,NORMA-21107,60
11,NORMA-19596,61
11,NORMA-19090,62
11,NORMA-18212,63
11,NORMA-21420,64
11,NORMA-6851,65
11,NORMA-20225,66
11,NORMA-11901,67
11,NORMA-11505,68
11,NORMA-20436,69
11,NORMA-14974,70
11,NORMA-20270,71
11,NORMA-19727,72
11,NORMA-6595,73
11,NORMA-11226,74
11,NORMA-21369,75
11,NORMA-15134,76
11,NORMA-14587,77
11,NORMA-13903,78
11,NORMA-23521,79
11,NORMA-14937,80
11,NORMA-21524,81
11,NORMA-16202,82
11,NORMA-9681,83
11,NORMA-9067,84
11,NORMA-18818,85
11,NORMA-13158,86
11,NORMA-10219,87
11,NORMA-10745,88
11,NORMA-10590,89
11,NORMA-10534,90
11,NORMA-13469,91
11,NORMA-10347,92
11,NORMA-11292,93
11,NORMA-20304,94
11,NORMA-20147,95
11,NORMA-19582,96
11,NORMA-20817,97
11,NORMA-7149,98
11,NORMA-21026,99
11,NORMA-19724,100
11,NORMA-20322,101
11,NORMA-8522,102
11,NORMA-18845,103
11,NORMA-2522,104
11,NORMA-19650,105
11,NORMA-3001,106
11,NORMA-309,107
11,NORMA-570,108
11,NORMA-560,109
11,NORMA-20692,110
11,NORMA-11814,111
11,NORMA-15561,112
11,NORMA-10931,113
11,NORMA-27761,114
11,NORMA-18838,115
11,NORMA-18292,116
11,NORMA-20144,117
11,NORMA-19192,118
11,NORMA-75,119
11,NORMA-2517,120
11,NORMA-18474,121
11,NORMA-19955,122
11,NORMA-1994,123
11,NORMA-21046,124
11,NORMA-4711,125
11,NORMA-4075,126
11,NORMA-18549,127
11,NORMA-20263,128
11,NORMA-20474,129
11,NORMA-209,130
11,NORMA-28181,131
11,NORMA-21539,132
11,NORMA-18439,133
11,NORMA-211,134
11,NORMA-3201,135
11,NORMA-2158,136
11,NORMA-21446,137
11,NORMA-20473,138
11,NORMA-19536,139
11,NORMA-19231,140
11,NORMA-15211,141
11,NORMA-21506,142
11,NORMA-12029,143
11,NORMA-20065,144
11,NORMA-12067,145
11,NORMA-20938,146
11,NORMA-21157,147
11,NORMA-19716,148
11,NORMA-1416,149
11,NORMA-1740,150
11,NORMA-4275,151
11,NORMA-19445,152
11,NORMA-18771,153
11,NORMA-20909,154
11,NORMA-18339,155
11,NORMA-18802,156
11,NORMA-2375,157
11,NORMA-208,158
11,NORMA-20754,159
11,NORMA-8458,160
11,NORMA-5536,161
11,NORMA-6140,162
11,NORMA-20316,163
11,NORMA-20183,164
11,NORMA-7113,165
11,NORMA-6783,166
11,NORMA-7384,167
11,NORMA-18533,168
11,NORMA-18798,169
11,NORMA-21274,170
11,NORMA-21716,171
11,NORMA-2184,172
11,NORMA-7027,173
11,NORMA-5421,174
11,NORMA-21409,175
11,NORMA-19639,176
11,NORMA-1534,177
11,NORMA-21705,178
11,NORMA-18301,179
11,NORMA-20356,180
11,NORMA-21217,181
11,NORMA-21164,182
11,NORMA-23523,183
11,NORMA-19169,184
11,NORMA-24961,185
11,NORMA-7386,186
11,NORMA-3241,187
11,NORMA-4182,188
11,NORMA-7222,189
11,NORMA-19700,190
11,NORMA-7225,191
11,NORMA-7953,192
11,NORMA-18740,193
11,NORMA-3571,194
11,NORMA-21189,195
11,NORMA-20934,196
11,NORMA-380,197
11,NORMA-21069,198
11,NORMA-17401,199
11,NORMA-20082,200
11,NORMA-20077,201
11,NORMA-21541,202
11,NORMA-11738,203
11,NORMA-222,204
11,NORMA-20778,205
11,NORMA-21748,206
11,NORMA-21308,207
11,NORMA-1422,208
11,NORMA-18293,209
11,NORMA-20833,210
11,NORMA-21290,211
11,NORMA-10200,212
11,NORMA-21444,213
11,NORMA-21198,214
11,NORMA-19540,215
11,NORMA-13416,216
11,NORMA-19829,217
11,NORMA-4318,218
11,NORMA-10819,219
11,NORMA-10818,220
11,NORMA-265,221
11,NORMA-15239,222
11,NORMA-20477,223
11,NORMA-20385,224
11,NORMA-21140,225
11,NORMA-14926,226
11,NORMA-20804,227
11,NORMA-8435,228
11,NORMA-1407,229
11,NORMA-2336,230
11,NORMA-19866,231
11,NORMA-18216,232
11,NORMA-20344,233
11,NORMA-20801,234
11,NORMA-25902,235
11,NORMA-20554,236
11,NORMA-20314,237
11,NORMA-19891,238
11,NORMA-18548,239
11,NORMA-19622,240
11,NORMA-1555,241
11,NORMA-20422,242
11,NORMA-21712,243
11,NORMA-219,244
11,NORMA-2071,245
11,NORMA-7390,246
11,NORMA-13264,247
11,NORMA-11599,248
11,NORMA-20329,249
11,NORMA-20321,250
11,NORMA-19862,251
11,NORMA-25964,252
11,NORMA-20334,253
11,NORMA-20442,254
11,NORMA-20340,255
11,NORMA-3735,256
11,NORMA-22941,257
11,NORMA-13519,258
11,NORMA-27101,259
11,NORMA-5381,260
11,NORMA-21725,261
11,NORMA-20869,262
11,NORMA-1179,263
11,NORMA-4634,264
11,NORMA-20203,265
11,NORMA-15027,266
11,NORMA-13229,267
11,NORMA-15662,268
11,NORMA-19574,269
11,NORMA-28466,270
11,NORMA-28361,271
11,NORMA-20105,272
11,NORMA-6880,273
11,NORMA-14113,274
11,NORMA-14345,275
11,NORMA-27501,276
11,NORMA-9724,277
11,NORMA-1175,278
11,NORMA-5566,279
11,NORMA-26163,280
11,NORMA-21394,281
11,NORMA-20159,282
11,NORMA-4792,283
11,NORMA-2921,284
11,NORMA-4500,285
11,NORMA-27550,286
11,NORMA-20521,287
11,NORMA-17281,288
11,NORMA-20189,289
11,NORMA-9705,290
11,NORMA-19733,291
11,NORMA-13995,292
11,NORMA-6521,293
11,NORMA-18562,294
11,NORMA-1171,295
11,NORMA-19427,296
11,NORMA-20541,297
11,NORMA-6451,298
11,NORMA-20545,299
11,NORMA-23027,300
11,NORMA-19787,301
11,NORMA-22001,302
11,NORMA-10018,303
11,NORMA-18386,304
11,NORMA-10247,305
11,NORMA-20538,306
11,NORMA-15159,307
11,NORMA-20512,308
11,NORMA-24102,309
11,NORMA-12102,310
11,NORMA-3484,311
11,NORMA-27687,312
11,NORMA-214,313
11,NORMA-9936,314
11,NORMA-835,315
11,NORMA-21257,316
11,NORMA-21689,317
11,NORMA-18972,318
11,NORMA-21580,319
11,NORMA-20179,320
11,NORMA-8575,321
11,NORMA-20269,322
11,NORMA-6702,323
11,NORMA-18635,324
11,NORMA-28802,325
11,NORMA-680,326
11,NORMA-1674,327
11,NORMA-18625,328
11,NORMA-18958,329
11,NORMA-6291,330
11,NORMA-20317,331
11,NORMA-3597,332
11,NORMA-11769,333
11,NORMA-18766,334
11,NORMA-72,335
11,NORMA-20178,336
11,NORMA-21071,337
11,NORMA-19874,338
11,NORMA-6758,339
11,NORMA-20955,340
11,NORMA-26281,341
11,NORMA-18418,342
11,NORMA-3656,343
11,NORMA-20177,344
11,NORMA-20971,345
11,NORMA-6256,346
11,NORMA-6623,347
11,NORMA-18233,348
11,NORMA-14508,349
11,NORMA-20839,350
11,NORMA-18583,351
11,NORMA-9446,352
11,NORMA-19645,353
11,NORMA-20630,354
11,NORMA-21608,355
11,NORMA-20064,356
11,NORMA-14812,357
11,NORMA-18688,358
11,NORMA-18646,359
11,NORMA-5735,360
11,NORMA-20181,361
11,NORMA-23301,362
11,NORMA-21462,363
11,NORMA-10538,364
11,NORMA-18226,365
11,NORMA-25761,366
11,NORMA-20549,367
11,NORMA-17161,368
11,NORMA-20604,369
11,NORMA-19826,370
11,NORMA-7012,371
11,NORMA-20812,372
11,NORMA-4701,373
11,NORMA-4171,374
11,NORMA-2337,375
11,NORMA-18432,376
11,NORMA-20949,377
11,NORMA-19863,378
11,NORMA-9455,379
11,NORMA-19842,380
11,NORMA-1471,381
11,NORMA-15246,382
11,NORMA-19730,383
11,NORMA-9078,384
11,NORMA-10429,385
11,NORMA-18280,386
11,NORMA-20616,387
11,NORMA-13032,388
11,NORMA-8161,389
11,NORMA-13516,390
11,NORMA-14666,391
11,NORMA-13835,392
11,NORMA-9072,393
11,NORMA-1671,394
11,NORMA-14856,395
11,NORMA-6199,396
11,NORMA-729,397
11,NORMA-1421,398
11,NORMA-19859,399
11,NORMA-20428,400
11,NORMA-4549,401
11,NORMA-28821,402
11,NORMA-19977,403
11,NORMA-21437,404
11,NORMA-20091,405
11,NORMA-15150,406
11,NORMA-9928,407
11,NORMA-18884,408
11,NORMA-9740,409
11,NORMA-29186,410
11,NORMA-26885,411
11,NORMA-13912,412
11,NORMA-6753,413
11,NORMA-19828,414
11,NORMA-13883,415
11,NORMA-14429,416
11,NORMA-21094,417
11,NORMA-4052,418
11,NORMA-9739,419
11,NORMA-14208,420
11,NORMA-8409,421
11,NORMA-6747,422
11,NORMA-19969,423
11,NORMA-13241,424
11,NORMA-9856,425
11,NORMA-19655,426
11,NORMA-9375,427
11,NORMA-18627,428
11,NORMA-6716,429
11,NORMA-9332,430
11,NORMA-19976,431
11,NORMA-21215,432
11,NORMA-4736,433
11,NORMA-7910,434
11,NORMA-13583,435
11,NORMA-10380,436
11,NORMA-19785,437
11,NORMA-6509,438
11,NORMA-19975,439
11,NORMA-20439,440
11,NORMA-11352,441
11,NORMA-10296,442
11,NORMA-8840,443
11,NORMA-5552,444
11,NORMA-7993,445
11,NORMA-21449,446
11,NORMA-8800,447
11,NORMA-20567,448
11,NORMA-9794,449
11,NORMA-13664,450
11,NORMA-20924,451
11,NORMA-26241,452
11,NORMA-10788,453
11,NORMA-10565,454
11,NORMA-19974,455
11,NORMA-20834,456
11,NORMA-9870,457
11,NORMA-21755,458
11,NORMA-22262,459
11,NORMA-4091,460
11,NORMA-9862,461
11,NORMA-7651,462
11,NORMA-3975,463
11,NORMA-6599,464
11,NORMA-10668,465
11,NORMA-10435,466
11,NORMA-10017,467
11,NORMA-20053,468
11,NORMA-21090,469
11,NORMA-10434,470
11,NORMA-5812,471
11,NORMA-9738,472
11,NORMA-20136,473
11,NORMA-18404,474
11,NORMA-4710,475
11,NORMA-7097,476
11,NORMA-9737,477
11,NORMA-9861,478
11,NORMA-20796,479
11,NORMA-10610,480
11,NORMA-5712,481
11,NORMA-13772,482
11,NORMA-18203,483
11,NORMA-1840,484
11,NORMA-4818,485
11,NORMA-10529,486
11,NORMA-14965,487
11,NORMA-20187,488
11,NORMA-22643,489
11,NORMA-15465,490
11,NORMA-11664,491
11,NORMA-6326,492
11,NORMA-19297,493
11,NORMA-28362,494
11,NORMA-5535,495
11,NORMA-8158,496
11,NORMA-17061,497
11,NORMA-10669,498
11,NORMA-15427,499
11,NORMA-20835,500
11,NORMA-9855,501
11,NORMA-20627,502
11,NORMA-9384,503
11,NORMA-22822,504
11,NORMA-8156,505
11,NORMA-23941,506
11,NORMA-18685,507
11,NORMA-18732,508
11,NORMA-18647,509
11,NORMA-1252,510
11,NORMA-21404,511
11,NORMA-5694,512
11,NORMA-18565,513
11,NORMA-27925,514
11,NORMA-4074,515
11,NORMA-21345,516
11,NORMA-20599,517
11,NORMA-18998,518
11,NORMA-21729,519
11,NORMA-13458,520
11,NORMA-6598,521
11,NORMA-13547,522
11,NORMA-20188,523
11,NORMA-8537,524
11,NORMA-6378,525
11,NORMA-14089,526
11,NORMA-18122,527
11,NORMA-19822,528
11,NORMA-11414,529
11,NORMA-11720,530
11,NORMA-6314,531
11,NORMA-21002,532
11,NORMA-4298,533
11,NORMA-5968,534
11,NORMA-18456,535
11,NORMA-14111,536
11,NORMA-13931,537
11,NORMA-9679,538
11,NORMA-21721,539
11,NORMA-3824,540
11,NORMA-4240,541
11,NORMA-5385,542
11,NORMA-9890,543
11,NORMA-13202,544
11,NORMA-19191,545
11,NORMA-7556,546
11,NORMA-9823,547
11,NORMA-27924,548
11,NORMA-19187,549
11,NORMA-21769,550
11,NORMA-20121,551
11,NORMA-20083,552
11,NORMA-11157,553
11,NORMA-12771,554
11,NORMA-19444,555
11,NORMA-20258,556
11,NORMA-18691,557
11,NORMA-12066,558
11,NORMA-18825,559
11,NORMA-20515,560
11,NORMA-7504,561
11,NORMA-18577,562
11,NORMA-13262,563
11,NORMA-21564,564
11,NORMA-13365,565
11,NORMA-4512,566
11,NORMA-21152,567
11,NORMA-4944,568
11,NORMA-18539,569
11,NORMA-20174,570
11,NORMA-6242,571
11,NORMA-19009,572
11,NORMA-19303,573
11,NORMA-19769,574
11,NORMA-19194,575
11,NORMA-7160,576
11,NORMA-21578,577
11,NORMA-20201,578
11,NORMA-19845,579
11,NORMA-20499,580
11,NORMA-18831,581
11,NORMA-18249,582
11,NORMA-8894,583
11,NORMA-802,584
11,NORMA-996,585
11,NORMA-20089,586
11,NORMA-19430,587
11,NORMA-20571,588
11,NORMA-20101,589
11,NORMA-9843,590
11,NORMA-27564,591
11,NORMA-21613,592
11,NORMA-12919,593
11,NORMA-20682,594
11,NORMA-18961,595
11,NORMA-3381,596
11,NORMA-21535,597
11,NORMA-19871,598
11,NORMA-21423,599
11,NORMA-18286,600
11,NORMA-59,601
11,NORMA-18435,602
11,NORMA-21635,603
11,NORMA-21701,604
11,NORMA-21738,605
11,NORMA-660,606
11,NORMA-17461,607
11,NORMA-21787,608
11,NORMA-20192,609
11,NORMA-8700,610
11,NORMA-1222,611
11,NORMA-18239,612
11,NORMA-15603,613
11,NORMA-6069,614
11,NORMA-21624,615
11,NORMA-21743,616
11,NORMA-19800,617
11,NORMA-801,618
11,NORMA-21232,619
11,NORMA-2185,620
11,NORMA-21515,621
11,NORMA-19945,622
11,NORMA-1154,623
11,NORMA-8194,624
11,NORMA-19471,625
11,NORMA-807,626
11,NORMA-14465,627
11,NORMA-10974,628
11,NORMA-13298,629
11,NORMA-61,630
11,NORMA-18824,631
11,NORMA-1611,632
11,NORMA-8111,633
11,NORMA-7648,634
11,NORMA-27022,635
11,NORMA-20007,636
11,NORMA-10259,637
11,NORMA-2399,638
11,NORMA-21199,639
11,NORMA-20172,640
11,NORMA-554,641
11,NORMA-20828,642
11,NORMA-27361,643
11,NORMA-3281,644
11,NORMA-159,645
11,NORMA-11319,646
11,NORMA-10339,647
11,NORMA-19081,648
11,NORMA-12832,649
11,NORMA-21631,650
11,NORMA-20800,651
11,NORMA-21309,652
11,NORMA-28467,653
11,NORMA-12867,654
11,NORMA-21660,655
11,NORMA-19021,656
11,NORMA-11688,657
11,NORMA-13195,658
11,NORMA-12747,659
11,NORMA-13914,660
11,NORMA-12730,661
11,NORMA-20166,662
11,NORMA-9844,663
11,NORMA-2013,664
11,NORMA-20402,665
11,NORMA-18287,666
11,NORMA-18654,667
11,NORMA-19981,668
11,NORMA-21468,669
11,NORMA-2555,670
11,NORMA-18274,671
11,NORMA-249,672
11,NORMA-19919,673
11,NORMA-21114,674
11,NORMA-18886,675
11,NORMA-13593,676
11,NORMA-13877,677
11,NORMA-6656,678
11,NORMA-818,679
11,NORMA-5813,680
11,NORMA-20626,681
11,NORMA-18284,682
11,NORMA-21273,683
11,NORMA-13390,684
11,NORMA-12648,685
11,NORMA-4909,686
11,NORMA-18501,687
11,NORMA-10486,688
11,NORMA-26263,689
11,NORMA-5008,690
11,NORMA-18807,691
11,NORMA-19422,692
11,NORMA-21286,693
11,NORMA-15028,694
11,NORMA-14661,695
11,NORMA-21694,696
11,NORMA-12607,697
11,NORMA-19903,698
11,NORMA-20465,699
11,NORMA-18906,700
11,NORMA-14501,701
11,NORMA-19878,702
11,NORMA-21609,703
11,NORMA-1474,704
11,NORMA-20171,705
11,NORMA-19279,706
11,NORMA-12903,707
11,NORMA-19883,708
11,NORMA-11857,709
11,NORMA-20621,710
11,NORMA-21538,711
11,NORMA-23026,712
11,NORMA-15901,713
11,NORMA-21756,714
11,NORMA-19741,715
11,NORMA-19234,716
11,NORMA-21752,717
11,NORMA-19468,718
11,NORMA-21277,719
11,NORMA-36,720
11,NORMA-19403,721
11,NORMA-704,722
11,NORMA-20128,723
11,NORMA-21325,724
11,NORMA-14463,725
11,NORMA-6075,726
11,NORMA-11882,727
11,NORMA-18403,728
11,NORMA-19928,729
11,NORMA-2091,730
11,NORMA-20902,731
11,NORMA-20870,732
11,NORMA-2020,733
11,NORMA-15259,734
11,NORMA-13056,735
11,NORMA-21043,736
11,NORMA-21223,737
11,NORMA-12900,738
11,NORMA-12901,739
11,NORMA-18697,740
11,NORMA-7011,741
11,NORMA-11472,742
11,NORMA-20021,743
11,NORMA-6760,744
11,NORMA-20426,745
11,NORMA-10865,746
11,NORMA-20468,747
11,NORMA-9358,748
11,NORMA-6819,749
11,NORMA-29225,750
11,NORMA-29167,751
11,NORMA-29141,752
11,NORMA-28721,753
11,NORMA-21367,754
11,NORMA-19852,755
11,NORMA-20039,756
11,NORMA-27581,757
11,NORMA-18605,758
11,NORMA-6820,759
11,NORMA-4906,760
11,NORMA-15278,761
11,NORMA-9741,762
11,NORMA-8160,763
11,NORMA-21237,764
11,NORMA-28283,765
11,NORMA-27565,766
11,NORMA-23681,767
11,NORMA-15304,768
11,NORMA-13265,769
11,NORMA-20580,770
11,NORMA-27569,771
11,NORMA-9853,772
11,NORMA-1620,773
11,NORMA-18931,774
11,NORMA-27562,775
11,NORMA-9715,776
11,NORMA-26003,777
11,NORMA-18356,778
11,NORMA-20292,779
11,NORMA-10154,780
11,NORMA-6877,781
11,NORMA-20446,782
11,NORMA-28342,783
11,NORMA-6631,784
11,NORMA-6559,785
11,NORMA-6633,786
11,NORMA-207,787
11,NORMA-20861,788
11,NORMA-9783,789
11,NORMA-20513,790
11,NORMA-20514,791
11,NORMA-1573,792
11,NORMA-12630,793
11,NORMA-7381,794
11,NORMA-20602,795
11,NORMA-6088,796
11,NORMA-6813,797
11,NORMA-15045,798
11,NORMA-18462,799
11,NORMA-23682,800
11,NORMA-12262,801
11,NORMA-5495,802
11,NORMA-12159,803
11,NORMA-12188,804
11,NORMA-6250,805
11,NORMA-6556,806
11,NORMA-6557,807
11,NORMA-14542,808
11,NORMA-20437,809
11,NORMA-10331,810
11,NORMA-8204,811
11,NORMA-15521,812
11,NORMA-20141,813
11,NORMA-14870,814
11,NORMA-6699,815
11,NORMA-11496,816
11,NORMA-20443,817
11,NORMA-13237,818
11,NORMA-20389,819
11,NORMA-6970,820
11,NORMA-3481,821
11,NORMA-6965,822
11,NORMA-7506,823
11,NORMA-13585,824
11,NORMA-10365,825
11,NORMA-13769,826
11,NORMA-1317,827
11,NORMA-4515,828
11,NORMA-3482,829
11,NORMA-5672,830
11,NORMA-2005,831
11,NORMA-783,832
11,NORMA-9482,833
11,NORMA-7620,834
11,NORMA-10925,835
11,NORMA-11476,836
11,NORMA-21434,837
11,NORMA-6622,838
11,NORMA-4429,839
11,NORMA-5985,840
11,NORMA-11413,841
11,NORMA-6665,842
11,NORMA-3734,843
11,NORMA-3744,844
11,NORMA-15921,845
11,NORMA-10692,846
11,NORMA-4931,847
11,NORMA-974,848
11,NORMA-21332,849
11,NORMA-11621,850
11,NORMA-11652,851
11,NORMA-20195,852
11,NORMA-6177,853
11,NORMA-19784,854
11,NORMA-14884,855
11,NORMA-9972,856
11,NORMA-10920,857
11,NORMA-9866,858
11,NORMA-9026,859
11,NORMA-18796,860
11,NORMA-13913,861
11,NORMA-12397,862
11,NORMA-10123,863
11,NORMA-18364,864
11,NORMA-6186,865
11,NORMA-4977,866
11,NORMA-8203,867
11,NORMA-21295,868
11,NORMA-19219,869
11,NORMA-15394,870
11,NORMA-11282,871
11,NORMA-12165,872
11,NORMA-3516,873
11,NORMA-14654,874
11,NORMA-9297,875
11,NORMA-13392,876
11,NORMA-20405,877
11,NORMA-10741,878
11,NORMA-4310,879
11,NORMA-13106,880
11,NORMA-14462,881
11,NORMA-12972,882
11,NORMA-6189,883
11,NORMA-6005,884
11,NORMA-21224,885
11,NORMA-20359,886
11,NORMA-27321,887
11,NORMA-10039,888
11,NORMA-20460,889
11,NORMA-6325,890
11,NORMA-18772,891
11,NORMA-21085,892
11,NORMA-21211,893
11,NORMA-15387,894
11,NORMA-7674,895
11,NORMA-3893,896
11,NORMA-17162,897
11,NORMA-19735,898
11,NORMA-26881,899
11,NORMA-10342,900
11,NORMA-483,901
11,NORMA-11916,902
11,NORMA-13586,903
11,NORMA-19152,904
11,NORMA-12975,905
11,NORMA-11416,906
11,NORMA-19972,907
11,NORMA-13954,908
11,NORMA-20096,909
11,NORMA-14618,910
11,NORMA-11233,911
11,NORMA-10720,912
11,NORMA-13480,913
11,NORMA-18816,914
11,NORMA-3825,915
11,NORMA-28001,916
11,NORMA-20731,917
11,NORMA-21418,918
11,NORMA-23001,919
11,NORMA-19394,920
11,NORMA-13534,921
11,NORMA-13472,922
11,NORMA-7194,923
11,NORMA-20756,924
11,NORMA-13990,925
11,NORMA-20908,926
11,NORMA-2383,927
11,NORMA-14874,928
11,NORMA-4394,929
11,NORMA-19181,930
11,NORMA-20056,931
11,NORMA-11418,932
11,NORMA-4514,933
11,NORMA-20738,934
11,NORMA-29182,935
11,NORMA-18937,936
11,NORMA-4734,937
11,NORMA-20894,938
11,NORMA-8119,939
11,NORMA-12039,940
11,NORMA-3622,941
11,NORMA-13218,942
11,NORMA-11164,943
11,NORMA-18885,944
11,NORMA-21012,945
11,NORMA-21544,946
11,NORMA-3525,947
11,NORMA-21630,948
11,NORMA-20423,949
11,NORMA-4777,950
11,NORMA-12717,951
11,NORMA-20060,952
11,NORMA-14890,953
11,NORMA-6249,954
11,NORMA-4586,955
11,NORMA-18954,956
11,NORMA-21272,957
11,NORMA-19391,958
11,NORMA-21158,959
11,NORMA-5494,960
11,NORMA-21170,961
11,NORMA-19712,962
11,NORMA-14814,963
11,NORMA-19249,964
11,NORMA-12872,965
11,NORMA-21761,966
11,NORMA-18319,967
11,NORMA-3819,968
11,NORMA-19155,969
11,NORMA-20914,970
11,NORMA-20374,971
11,NORMA-6253,972
11,NORMA-19939,973
11,NORMA-13160,974
11,NORMA-20633,975
11,NORMA-20865,976
11,NORMA-21361,977
11,NORMA-19573,978
11,NORMA-1463,979
11,NORMA-14293,980
11,NORMA-509,981
11,NORMA-13802,982
11,NORMA-19648,983
11,NORMA-21477,984
11,NORMA-19473,985
11,NORMA-13170,986
11,NORMA-12092,987
11,NORMA-19374,988
11,NORMA-19609,989
11,NORMA-10326,990
11,NORMA-643,991
11,NORMA-27981,992
11,NORMA-18217,993
11,NORMA-18971,994
11,NORMA-20845,995
11,NORMA-11236,996
11,NORMA-7466,997
11,NORMA-4219,998
11,NORMA-3907,999
11,NORMA-21537,1000
13,NORMA-19105,1
13,NORMA-20201,2
13,NORMA-20199,3
13,NORMA-27001,4
13,NORMA-21729,5
13,NORMA-18576,6
13,NORMA-20709,7
13,NORMA-20421,8
13,NORMA-19799,9
13,NORMA-21158,10
13,NORMA-19939,11
13,NORMA-18605,12
13,NORMA-12880,13
13,NORMA-18906,14
13,NORMA-20708,15
13,NORMA-20700,16
13,NORMA-19969,17
13,NORMA-18604,18
13,NORMA-21774,19
13,NORMA-13959,20
13,NORMA-18284,21
13,NORMA-18677,22
13,NORMA-18221,23
13,NORMA-20468,24
13,NORMA-19503,25
13,NORMA-18958,26
13,NORMA-18465,27
13,NORMA-19724,28
13,NORMA-21697,29
13,NORMA-18730,30
13,NORMA-19167,31
13,NORMA-21420,32
13,NORMA-19655,33
13,NORMA-1620,34
13,NORMA-15060,35
13,NORMA-19391,36
13,NORMA-20465,37
13,NORMA-20200,38
13,NORMA-19088,39
13,NORMA-21404,40
13,NORMA-3503,41
13,NORMA-7149,42
13,NORMA-12911,43
13,NORMA-21468,44
13,NORMA-21746,45
13,NORMA-18337,46
13,NORMA-20065,47
13,NORMA-18748,48
13,NORMA-12067,49
13,NORMA-20336,50
13,NORMA-18314,51
13,NORMA-689,52
13,NORMA-13476,53
13,NORMA-20426,54
13,NORMA-19413,55
13,NORMA-19445,56
13,NORMA-18237,57
13,NORMA-6140,58
13,NORMA-20056,59
13,NORMA-7113,60
13,NORMA-8435,61
13,NORMA-20474,62
13,NORMA-19426,63
13,NORMA-20796,64
13,NORMA-21026,65
13,NORMA-31903,66
13,NORMA-15211,67
13,NORMA-14744,68
13,NORMA-18989,69
13,NORMA-19639,70
13,NORMA-9724,71
13,NORMA-20188,72
13,NORMA-20302,73
13,NORMA-21747,74
13,NORMA-12490,75
13,NORMA-13918,76
13,NORMA-21461,77
13,NORMA-19027,78
13,NORMA-21275,79
13,NORMA-20936,80
13,NORMA-20460,81
13,NORMA-13470,82
13,NORMA-21524,83
13,NORMA-20135,84
13,NORMA-21538,85
13,NORMA-20359,86
13,NORMA-14390,87
13,NORMA-27044,88
13,NORMA-19777,89
13,NORMA-21269,90
13,NORMA-19408,91
13,NORMA-12657,92
13,NORMA-19634,93
13,NORMA-19919,94
13,NORMA-6253,95
13,NORMA-19444,96
13,NORMA-883,97
13,NORMA-21012,98
13,NORMA-19715,99
13,NORMA-20443,100
13,NORMA-19281,101
13,NORMA-21283,102
13,NORMA-20797,103
13,NORMA-21744,104
13,NORMA-20428,105
13,NORMA-18456,106
13,NORMA-14937,107
13,NORMA-21717,108
13,NORMA-13158,109
13,NORMA-20885,110
13,NORMA-18215,111
13,NORMA-21273,112
13,NORMA-21220,113
13,NORMA-16202,114
13,NORMA-21342,115
13,NORMA-6783,116
13,NORMA-13469,117
13,NORMA-21631,118
13,NORMA-18227,119
13,NORMA-7386,120
13,NORMA-18722,121
13,NORMA-20865,122
13,NORMA-18979,123
13,NORMA-7222,124
13,NORMA-21650,125
13,NORMA-19205,126
13,NORMA-1222,127
13,NORMA-1999,128
13,NORMA-19343,129
13,NORMA-7225,130
13,NORMA-20950,131
13,NORMA-19684,132
13,NORMA-21459,133
13,NORMA-36,134
13,NORMA-21606,135
13,NORMA-3966,136
13,NORMA-21676,137
13,NORMA-21434,138
13,NORMA-21279,139
13,NORMA-21613,140
13,NORMA-20473,141
13,NORMA-20072,142
13,NORMA-21312,143
13,NORMA-21186,144
13,NORMA-20203,145
13,NORMA-21653,146
13,NORMA-12437,147
13,NORMA-21384,148
13,NORMA-18873,149
13,NORMA-18461,150
13,NORMA-19337,151
13,NORMA-14967,152
13,NORMA-13298,153
13,NORMA-20157,154
13,NORMA-20138,155
13,NORMA-6677,156
13,NORMA-19646,157
13,NORMA-21566,158
13,NORMA-21405,159
13,NORMA-19977,160
13,NORMA-19605,161
13,NORMA-21522,162
13,NORMA-21297,163
13,NORMA-13402,164
13,NORMA-19640,165
13,NORMA-20894,166
13,NORMA-23521,167
13,NORMA-15339,168
13,NORMA-20316,169
13,NORMA-19650,170
13,NORMA-20970,171
13,NORMA-20192,172
13,NORMA-21757,173
13,NORMA-20557,174
13,NORMA-27761,175
13,NORMA-232,176
13,NORMA-20778,177
13,NORMA-21386,178
13,NORMA-19192,179
13,NORMA-19727,180
13,NORMA-21567,181
13,NORMA-7390,182
13,NORMA-21648,183
13,NORMA-19295,184
13,NORMA-20987,185
13,NORMA-21677,186
13,NORMA-27063,187
13,NORMA-21278,188
13,NORMA-20626,189
13,NORMA-20585,190
13,NORMA-21241,191
13,NORMA-20633,192
13,NORMA-21349,193
13,NORMA-28021,194
13,NORMA-26881,195
13,NORMA-21767,196
13,NORMA-13797,197
13,NORMA-21526,198
13,NORMA-20095,199
13,NORMA-6268,200
13,NORMA-18801,201
13,NORMA-21225,202
13,NORMA-18201,203
13,NORMA-24601,204
13,NORMA-8522,205
13,NORMA-20494,206
13,NORMA-1786,207
13,NORMA-21336,208
13,NORMA-20115,209
13,NORMA-20182,210
13,NORMA-21521,211
13,NORMA-21783,212
13,NORMA-21453,213
13,NORMA-21680,214
13,NORMA-21762,215
13,NORMA-21683,216
13,NORMA-18691,217
13,NORMA-8814,218
13,NORMA-20448,219
13,NORMA-6621,220
13,NORMA-21326,221
13,NORMA-21408,222
13,NORMA-2378,223
13,NORMA-2534,224
13,NORMA-21678,225
13,NORMA-21651,226
13,NORMA-19830,227
13,NORMA-21684,228
13,NORMA-18709,229
13,NORMA-19658,230
13,NORMA-1740,231
13,NORMA-9358,232
13,NORMA-10116,233
13,NORMA-19155,234
13,NORMA-20754,235
13,NORMA-19329,236
13,NORMA-18950,237
13,NORMA-11085,238
13,NORMA-8205,239
13,NORMA-18685,240
13,NORMA-31923,241
13,NORMA-18967,242
13,NORMA-6962,243
13,NORMA-14294,244
13,NORMA-15701,245
13,NORMA-3571,246
13,NORMA-21488,247
13,NORMA-25523,248
13,NORMA-18430,249
13,NORMA-20989,250
13,NORMA-20240,251
13,NORMA-19128,252
13,NORMA-18248,253
13,NORMA-6488,254
13,NORMA-6702,255
13,NORMA-11400,256
13,NORMA-18750,257
13,NORMA-28961,258
13,NORMA-10888,259
13,NORMA-21361,260
13,NORMA-1373,261
13,NORMA-20921,262
13,NORMA-12728,263
13,NORMA-19870,264
13,NORMA-15561,265
13,NORMA-3201,266
13,NORMA-20605,267
13,NORMA-21554,268
13,NORMA-20762,269
13,NORMA-21217,270
13,NORMA-2517,271
13,NORMA-20924,272
13,NORMA-1138,273
13,NORMA-18656,274
13,NORMA-20166,275
13,NORMA-18293,276
13,NORMA-21419,277
13,NORMA-20606,278
13,NORMA-1471,279
13,NORMA-21788,280
13,NORMA-20564,281
13,NORMA-18899,282
13,NORMA-7110,283
13,NORMA-11607,284
13,NORMA-21069,285
13,NORMA-19730,286
13,NORMA-20304,287
13,NORMA-20476,288
13,NORMA-21550,289
13,NORMA-18646,290
13,NORMA-19330,291
13,NORMA-18697,292
13,NORMA-3281,293
13,NORMA-19645,294
13,NORMA-18747,295
13,NORMA-6185,296
13,NORMA-15802,297
13,NORMA-6257,298
13,NORMA-2158,299
13,NORMA-6318,300
13,NORMA-20477,301
13,NORMA-18914,302
13,NORMA-20144,303
13,NORMA-19751,304
13,NORMA-19303,305
13,NORMA-18536,306
13,NORMA-6958,307
13,NORMA-9382,308
13,NORMA-25902,309
13,NORMA-19609,310
13,NORMA-616,311
13,NORMA-18531,312
13,NORMA-19515,313
13,NORMA-9834,314
13,NORMA-19256,315
13,NORMA-20172,316
13,NORMA-20127,317
13,NORMA-19925,318
13,NORMA-28181,319
13,NORMA-10865,320
13,NORMA-19933,321
13,NORMA-23222,322
13,NORMA-19351,323
13,NORMA-19704,324
13,NORMA-15901,325
13,NORMA-18781,326
13,NORMA-20794,327
13,NORMA-21626,328
13,NORMA-19542,329
13,NORMA-20369,330
13,NORMA-13174,331
13,NORMA-21756,332
13,NORMA-6644,333
13,NORMA-18418,334
13,NORMA-6321,335
13,NORMA-19249,336
13,NORMA-3381,337
13,NORMA-21541,338
13,NORMA-21367,339
13,NORMA-27221,340
13,NORMA-19972,341
13,NORMA-6903,342
13,NORMA-19675,343
13,NORMA-19228,344
13,NORMA-19386,345
13,NORMA-20013,346
13,NORMA-21122,347
13,NORMA-25723,348
13,NORMA-20574,349
13,NORMA-18219,350
13,NORMA-19643,351
13,NORMA-11605,352
13,NORMA-20394,353
13,NORMA-21017,354
13,NORMA-19442,355
13,NORMA-19096,356
13,NORMA-18669,357
13,NORMA-21739,358
13,NORMA-19732,359
13,NORMA-18915,360
13,NORMA-21338,361
13,NORMA-6022,362
13,NORMA-18815,363
13,NORMA-18839,364
13,NORMA-19750,365
13,NORMA-21261,366
13,NORMA-20139,367
13,NORMA-12246,368
13,NORMA-18647,369
13,NORMA-819,370
13,NORMA-21264,371
13,NORMA-12066,372
13,NORMA-20402,373
13,NORMA-21407,374
13,NORMA-19061,375
13,NORMA-20870,376
13,NORMA-19930,377
13,NORMA-19574,378
13,NORMA-11875,379
13,NORMA-4277,380
13,NORMA-60,381
13,NORMA-18404,382
13,NORMA-19119,383
13,NORMA-26124,384
13,NORMA-20274,385
13,NORMA-19547,386
13,NORMA-14577,387
13,NORMA-20083,388
13,NORMA-19622,389
13,NORMA-18225,390
13,NORMA-19081,391
13,NORMA-19606,392
13,NORMA-20263,393
13,NORMA-20209,394
13,NORMA-12739,395
13,NORMA-13265,396
13,NORMA-18591,397
13,NORMA-11715,398
13,NORMA-1334,399
13,NORMA-12630,400
13,NORMA-21231,401
13,NORMA-18877,402
13,NORMA-8773,403
13,NORMA-18638,404
13,NORMA-18350,405
13,NORMA-20356,406
13,NORMA-2005,407
13,NORMA-21190,408
13,NORMA-4587,409
13,NORMA-21546,410
13,NORMA-21400,411
13,NORMA-11670,412
13,NORMA-21599,413
13,NORMA-21445,414
13,NORMA-20425,415
13,NORMA-13106,416
13,NORMA-19429,417
13,NORMA-15045,418
13,NORMA-18654,419
13,NORMA-20277,420
13,NORMA-7313,421
13,NORMA-18732,422
13,NORMA-23682,423
13,NORMA-20873,424
13,NORMA-20993,425
13,NORMA-14542,426
13,NORMA-21785,427
13,NORMA-21428,428
13,NORMA-18446,429
13,NORMA-21140,430
13,NORMA-21695,431
13,NORMA-20300,432
13,NORMA-20480,433
13,NORMA-1463,434
13,NORMA-19245,435
13,NORMA-10117,436
13,NORMA-12255,437
13,NORMA-3241,438
13,NORMA-20753,439
13,NORMA-19968,440
13,NORMA-23501,441
13,NORMA-18479,442
13,NORMA-14459,443
13,NORMA-19973,444
13,NORMA-21351,445
13,NORMA-11108,446
13,NORMA-2020,447
13,NORMA-19181,448
13,NORMA-12872,449
13,NORMA-22101,450
13,NORMA-11589,451
13,NORMA-20994,452
13,NORMA-11874,453
13,NORMA-12247,454
13,NORMA-33288,455
13,NORMA-20167,456
13,NORMA-1994,457
13,NORMA-972,458
13,NORMA-1674,459
13,NORMA-27321,460
13,NORMA-19021,461
13,NORMA-18368,462
13,NORMA-19682,463
13,NORMA-21385,464
13,NORMA-18974,465
13,NORMA-11876,466
13,NORMA-21490,467
13,NORMA-20017,468
13,NORMA-10999,469
13,NORMA-27341,470
13,NORMA-20594,471
13,NORMA-19809,472
13,NORMA-12245,473
13,NORMA-21553,474
13,NORMA-1295,475
13,NORMA-19623,476
13,NORMA-6669,477
13,NORMA-21721,478
13,NORMA-21309,479
13,NORMA-1578,480
13,NORMA-10041,481
13,NORMA-33308,482
13,NORMA-19800,483
13,NORMA-19134,484
13,NORMA-30043,485
13,NORMA-18359,486
13,NORMA-21438,487
13,NORMA-20164,488
13,NORMA-20812,489
13,NORMA-21305,490
13,NORMA-20857,491
13,NORMA-20983,492
13,NORMA-15902,493
13,NORMA-19535,494
13,NORMA-19553,495
13,NORMA-21388,496
13,NORMA-20963,497
13,NORMA-1534,498
13,NORMA-21245,499
13,NORMA-21735,500
13,NORMA-21173,501
13,NORMA-21157,502
13,NORMA-21263,503
13,NORMA-24961,504
13,NORMA-20401,505
13,NORMA-21002,506
13,NORMA-20849,507
13,NORMA-20349,508
13,NORMA-19152,509
13,NORMA-18653,510
13,NORMA-1421,511
13,NORMA-21135,512
13,NORMA-21502,513
13,NORMA-20883,514
13,NORMA-21659,515
13,NORMA-21399,516
13,NORMA-19009,517
13,NORMA-21501,518
13,NORMA-19164,519
13,NORMA-21137,520
13,NORMA-20386,521
13,NORMA-12492,522
13,NORMA-12197,523
13,NORMA-20154,524
13,NORMA-11086,525
13,NORMA-11523,526
13,NORMA-21185,527
13,NORMA-18951,528
13,NORMA-21764,529
13,NORMA-19583,530
13,NORMA-19039,531
13,NORMA-61,532
13,NORMA-76,533
13,NORMA-21604,534
13,NORMA-20995,535
13,NORMA-7279,536
13,NORMA-21252,537
13,NORMA-20584,538
13,NORMA-7387,539
13,NORMA-21413,540
13,NORMA-11454,541
13,NORMA-18528,542
13,NORMA-12038,543
13,NORMA-20392,544
13,NORMA-20841,545
13,NORMA-6851,546
13,NORMA-11872,547
13,NORMA-18796,548
13,NORMA-8931,549
13,NORMA-6736,550
13,NORMA-17221,551
13,NORMA-11734,552
13,NORMA-9893,553
13,NORMA-21725,554
13,NORMA-19718,555
13,NORMA-13552,556
13,NORMA-12965,557
13,NORMA-20291,558
13,NORMA-20102,559
13,NORMA-1567,560
13,NORMA-10267,561
13,NORMA-19648,562
13,NORMA-3767,563
13,NORMA-18529,564
13,NORMA-18385,565
13,NORMA-18583,566
13,NORMA-10920,567
13,NORMA-1144,568
13,NORMA-2032,569
13,NORMA-6895,570
13,NORMA-18753,571
13,NORMA-19733,572
13,NORMA-20922,573
13,NORMA-21003,574
13,NORMA-1026,575
13,NORMA-20202,576
13,NORMA-10473,577
13,NORMA-19459,578
13,NORMA-14661,579
13,NORMA-996,580
13,NORMA-20058,581
13,NORMA-18631,582
13,NORMA-21457,583
13,NORMA-21649,584
13,NORMA-20738,585
13,NORMA-11433,586
13,NORMA-5360,587
13,NORMA-20966,588
13,NORMA-21402,589
13,NORMA-21533,590
13,NORMA-14302,591
13,NORMA-11731,592
13,NORMA-19740,593
13,NORMA-21286,594
13,NORMA-20559,595
13,NORMA-18955,596
13,NORMA-18549,597
13,NORMA-3577,598
13,NORMA-5496,599
13,NORMA-11813,600
13,NORMA-14463,601
13,NORMA-20908,602
13,NORMA-26887,603
13,NORMA-19297,604
13,NORMA-19559,605
13,NORMA-21086,606
13,NORMA-21477,607
13,NORMA-18670,608
13,NORMA-18243,609
13,NORMA-21429,610
13,NORMA-6655,611
13,NORMA-21705,612
13,NORMA-10975,613
13,NORMA-19235,614
13,NORMA-11627,615
13,NORMA-19278,616
13,NORMA-11854,617
13,NORMA-11921,618
13,NORMA-15167,619
13,NORMA-8772,620
13,NORMA-15082,621
13,NORMA-20106,622
13,NORMA-18992,623
13,NORMA-20169,624
13,NORMA-5361,625
13,NORMA-15237,626
13,NORMA-13706,627
13,NORMA-14709,628
13,NORMA-13474,629
13,NORMA-3511,630
13,NORMA-4278,631
13,NORMA-19691,632
13,NORMA-19667,633
13,NORMA-21401,634
13,NORMA-2399,635
13,NORMA-8206,636
13,NORMA-14813,637
13,NORMA-28141,638
13,NORMA-21508,639
13,NORMA-5421,640
13,NORMA-3638,641
13,NORMA-20397,642
13,NORMA-18474,643
13,NORMA-19315,644
13,NORMA-807,645
13,NORMA-21170,646
13,NORMA-19546,647
13,NORMA-18762,648
13,NORMA-13919,649
13,NORMA-18699,650
13,NORMA-10219,651
13,NORMA-21360,652
13,NORMA-26102,653
13,NORMA-18342,654
13,NORMA-20992,655
13,NORMA-555,656
13,NORMA-18211,657
13,NORMA-11272,658
13,NORMA-19255,659
13,NORMA-4710,660
13,NORMA-12248,661
13,NORMA-21298,662
13,NORMA-28203,663
13,NORMA-14335,664
13,NORMA-19440,665
13,NORMA-11557,666
13,NORMA-21159,667
13,NORMA-19232,668
13,NORMA-14915,669
13,NORMA-18434,670
13,NORMA-15272,671
13,NORMA-9681,672
13,NORMA-21462,673
13,NORMA-21556,674
13,NORMA-20560,675
13,NORMA-12929,676
13,NORMA-23441,677
13,NORMA-12020,678
13,NORMA-9067,679
13,NORMA-27064,680
13,NORMA-11771,681
13,NORMA-18934,682
13,NORMA-16541,683
13,NORMA-6698,684
13,NORMA-21784,685
13,NORMA-11655,686
13,NORMA-21776,687
13,NORMA-20098,688
13,NORMA-12249,689
13,NORMA-14239,690
13,NORMA-11443,691
13,NORMA-10107,692
13,NORMA-19875,693
13,NORMA-21532,694
13,NORMA-20990,695
13,NORMA-11758,696
13,NORMA-218,697
13,NORMA-21393,698
13,NORMA-8575,699
13,NORMA-21647,700
13,NORMA-20005,701
13,NORMA-8027,702
13,NORMA-18577,703
13,NORMA-21120,704
13,NORMA-19581,705
13,NORMA-984,706
13,NORMA-13514,707
13,NORMA-11473,708
13,NORMA-13746,709
13,NORMA-6636,710
13,NORMA-14828,711
13,NORMA-12107,712
13,NORMA-18767,713
13,NORMA-1840,714
13,NORMA-33728,715
13,NORMA-19619,716
13,NORMA-21474,717
13,NORMA-20096,718
13,NORMA-18403,719
13,NORMA-7525,720
13,NORMA-1573,721
13,NORMA-21114,722
13,NORMA-19779,723
13,NORMA-6948,724
13,NORMA-14814,725
13,NORMA-19526,726
13,NORMA-21027,727
13,NORMA-18554,728
13,NORMA-18303,729
13,NORMA-21637,730
13,NORMA-15242,731
13,NORMA-20705,732
13,NORMA-6199,733
13,NORMA-1313,734
13,NORMA-19190,735
13,NORMA-21063,736
13,NORMA-18344,737
13,NORMA-6521,738
13,NORMA-15881,739
13,NORMA-18292,740
13,NORMA-20222,741
13,NORMA-21509,742
13,NORMA-6291,743
13,NORMA-19929,744
13,NORMA-20958,745
13,NORMA-18265,746
13,NORMA-7194,747
13,NORMA-21500,748
13,NORMA-19355,749
13,NORMA-21656,750
13,NORMA-23361,751
13,NORMA-21586,752
13,NORMA-21792,753
13,NORMA-18734,754
13,NORMA-18462,755
13,NORMA-26201,756
13,NORMA-7384,757
13,NORMA-11687,758
13,NORMA-20800,759
13,NORMA-10531,760
13,NORMA-21515,761
13,NORMA-18837,762
13,NORMA-6203,763
13,NORMA-20725,764
13,NORMA-13671,765
13,NORMA-21028,766
13,NORMA-19186,767
13,NORMA-18729,768
13,NORMA-15921,769
13,NORMA-8938,770
13,NORMA-317,771
13,NORMA-21359,772
13,NORMA-12055,773
13,NORMA-13323,774
13,NORMA-19258,775
13,NORMA-21124,776
13,NORMA-20185,777
13,NORMA-18922,778
13,NORMA-20183,779
13,NORMA-3642,780
13,NORMA-18807,781
13,NORMA-10797,782
13,NORMA-9457,783
13,NORMA-8803,784
13,NORMA-21663,785
13,NORMA-21390,786
13,NORMA-11512,787
13,NORMA-21710,788
13,NORMA-11804,789
13,NORMA-18436,790
13,NORMA-20194,791
13,NORMA-20148,792
13,NORMA-20916,793
13,NORMA-20295,794
13,NORMA-12858,795
13,NORMA-5008,796
13,NORMA-16268,797
13,NORMA-13473,798
13,NORMA-8028,799
13,NORMA-12859,800
13,NORMA-23881,801
13,NORMA-21728,802
13,NORMA-11877,803
13,NORMA-6894,804
13,NORMA-21562,805
13,NORMA-20444,806
13,NORMA-21313,807
13,NORMA-15208,808
13,NORMA-13771,809
13,NORMA-14724,810
13,NORMA-27062,811
13,NORMA-21564,812
13,NORMA-25281,813
13,NORMA-11087,814
13,NORMA-8774,815
13,NORMA-21588,816
13,NORMA-21530,817
13,NORMA-19240,818
13,NORMA-19871,819
13,NORMA-18238,820
13,NORMA-18706,821
13,NORMA-24661,822
13,NORMA-4588,823
13,NORMA-18530,824
13,NORMA-19845,825
13,NORMA-18527,826
13,NORMA-19518,827
13,NORMA-19557,828
13,NORMA-13534,829
13,NORMA-19588,830
13,NORMA-14099,831
13,NORMA-19095,832
13,NORMA-6075,833
13,NORMA-7241,834
13,NORMA-19291,835
13,NORMA-18216,836
13,NORMA-14874,837
13,NORMA-27384,838
13,NORMA-19437,839
13,NORMA-21638,840
13,NORMA-15027,841
13,NORMA-12733,842
13,NORMA-20536,843
13,NORMA-10745,844
13,NORMA-18780,845
13,NORMA-21281,846
13,NORMA-21496,847
13,NORMA-10590,848
13,NORMA-20398,849
13,NORMA-10534,850
13,NORMA-6083,851
13,NORMA-19194,852
13,NORMA-13471,853
13,NORMA-23341,854
13,NORMA-18208,855
13,NORMA-20911,856
13,NORMA-4500,857
13,NORMA-18405,858
13,NORMA-21634,859
13,NORMA-19017,860
13,NORMA-2375,861
13,NORMA-20488,862
13,NORMA-19352,863
13,NORMA-11599,864
13,NORMA-835,865
13,NORMA-19169,866
13,NORMA-11356,867
13,NORMA-28362,868
13,NORMA-10347,869
13,NORMA-19182,870
13,NORMA-8706,871
13,NORMA-21475,872
13,NORMA-14462,873
13,NORMA-20221,874
13,NORMA-19371,875
13,NORMA-19124,876
13,NORMA-21126,877
13,NORMA-19387,878
13,NORMA-14345,879
13,NORMA-21203,880
13,NORMA-11292,881
13,NORMA-20285,882
13,NORMA-11920,883
13,NORMA-21713,884
13,NORMA-19279,885
13,NORMA-25964,886
13,NORMA-20915,887
13,NORMA-4786,888
13,NORMA-21497,889
13,NORMA-18724,890
13,NORMA-18769,891
13,NORMA-1619,892
13,NORMA-21149,893
13,NORMA-14113,894
13,NORMA-772,895
13,NORMA-19223,896
13,NORMA-19536,897
13,NORMA-4746,898
13,NORMA-10309,899
13,NORMA-11792,900
13,NORMA-8203,901
13,NORMA-27045,902
13,NORMA-15239,903
13,NORMA-27101,904
13,NORMA-12415,905
13,NORMA-12923,906
13,NORMA-13124,907
13,NORMA-13545,908
13,NORMA-18823,909
13,NORMA-11665,910
13,NORMA-20129,911
13,NORMA-12664,912
13,NORMA-6880,913
13,NORMA-18802,914
13,NORMA-14788,915
13,NORMA-13308,916
13,NORMA-11814,917
13,NORMA-18435,918
13,NORMA-18562,919
13,NORMA-19028,920
13,NORMA-6679,921
13,NORMA-5381,922
13,NORMA-11632,923
13,NORMA-20046,924
13,NORMA-10994,925
13,NORMA-19617,926
13,NORMA-11418,927
13,NORMA-28001,928
13,NORMA-18432,929
13,NORMA-21470,930
13,NORMA-4792,931
13,NORMA-4830,932
13,NORMA-22723,933
13,NORMA-10034,934
13,NORMA-18427,935
13,NORMA-21325,936
13,NORMA-4514,937
13,NORMA-12060,938
13,NORMA-9110,939
13,NORMA-14746,940
13,NORMA-19206,941
13,NORMA-18548,942
13,NORMA-7942,943
13,NORMA-5170,944
13,NORMA-13160,945
13,NORMA-13995,946
13,NORMA-9670,947
13,NORMA-20196,948
13,NORMA-21344,949
13,NORMA-9792,950
13,NORMA-14293,951
13,NORMA-21537,952
13,NORMA-27364,953
13,NORMA-19431,954
13,NORMA-416,955
13,NORMA-13954,956
13,NORMA-21499,957
13,NORMA-6343,958
13,NORMA-6629,959
13,NORMA-31904,960
13,NORMA-21417,961
13,NORMA-6673,962
13,NORMA-20168,963
13,NORMA-24582,964
13,NORMA-6758,965
13,NORMA-21224,966
13,NORMA-21211,967
13,NORMA-15004,968
13,NORMA-20184,969
13,NORMA-21608,970
13,NORMA-21754,971
13,NORMA-5626,972
13,NORMA-5586,973
13,NORMA-265,974
13,NORMA-18391,975
13,NORMA-19233,976
13,NORMA-13508,977
13,NORMA-4634,978
13,NORMA-18356,979
13,NORMA-11236,980
13,NORMA-19394,981
13,NORMA-19963,982
13,NORMA-20582,983
13,NORMA-1613,984
13,NORMA-21456,985
13,NORMA-20847,986
13,NORMA-9481,987
13,NORMA-12029,988
13,NORMA-20717,989
13,NORMA-4909,990
13,NORMA-19608,991
13,NORMA-19211,992
13,NORMA-2184,993
13,NORMA-3181,994
13,NORMA-1419,995
13,NORMA-20108,996
13,NORMA-13519,997
13,NORMA-12113,998
13,NORMA-13229,999
13,NORMA-25802,1000
14,NORMA-20597,1
14,NORMA-20248,2
14,NORMA-18391,3
14,NORMA-19927,4
14,NORMA-20058,5
14,NORMA-20713,6
14,NORMA-20073,7
14,NORMA-19629,8
14,NORMA-19429,9
14,NORMA-18243,10
14,NORMA-20817,11
14,NORMA-19942,12
14,NORMA-18626,13
14,NORMA-19925,14
14,NORMA-21526,15
14,NORMA-20138,16
14,NORMA-19039,17
14,NORMA-19553,18
14,NORMA-18511,19
14,NORMA-14746,20
14,NORMA-18668,21
14,NORMA-15339,22
14,NORMA-27364,23
14,NORMA-19003,24
14,NORMA-21651,25
14,NORMA-19459,26
14,NORMA-19351,27
14,NORMA-18574,28
14,NORMA-3662,29
14,NORMA-13918,30
14,NORMA-21575,31
14,NORMA-13470,32
14,NORMA-21186,33
14,NORMA-18450,34
14,NORMA-18682,35
14,NORMA-19583,36
14,NORMA-27044,37
14,NORMA-21666,38
14,NORMA-18793,39
14,NORMA-18900,40
14,NORMA-21065,41
14,NORMA-21678,42
14,NORMA-18781,43
14,NORMA-6629,44
14,NORMA-19969,45
14,NORMA-5751,46
14,NORMA-21122,47
14,NORMA-21064,48
14,NORMA-21554,49
14,NORMA-19416,50
14,NORMA-20893,51
14,NORMA-20102,52
14,NORMA-7387,53
14,NORMA-18996,54
14,NORMA-18870,55
14,NORMA-21631,56
14,NORMA-6736,57
14,NORMA-21659,58
14,NORMA-21005,59
14,NORMA-3767,60
14,NORMA-11356,61
14,NORMA-21178,62
14,NORMA-8706,63
14,NORMA-14724,64
14,NORMA-19909,65
14,NORMA-20704,66
14,NORMA-13308,67
14,NORMA-18451,68
14,NORMA-12733,69
14,NORMA-4786,70
14,NORMA-12415,71
14,NORMA-20712,72
14,NORMA-6022,73
14,NORMA-19740,74
14,NORMA-9724,75
14,NORMA-19704,76
14,NORMA-19667,77
14,NORMA-12923,78
14,NORMA-13124,79
14,NORMA-18691,80
14,NORMA-18405,81
14,NORMA-19436,82
14,NORMA-19437,83
14,NORMA-18899,84
14,NORMA-18474,85
14,NORMA-18747,86
14,NORMA-20815,87
14,NORMA-21185,88
14,NORMA-21149,89
14,NORMA-18211,90
14,NORMA-8435,91
14,NORMA-18276,92
14,NORMA-6140,93
14,NORMA-3509,94
14,NORMA-19124,95
14,NORMA-20705,96
14,NORMA-7113,97
14,NORMA-20622,98
14,NORMA-3503,99
14,NORMA-20643,100
14,NORMA-26881,101
14,NORMA-11263,102
14,NORMA-21408,103
14,NORMA-5969,104
14,NORMA-4279,105
14,NORMA-19245,106
14,NORMA-5162,107
14,NORMA-19503,108
14,NORMA-12029,109
14,NORMA-21187,110
14,NORMA-6783,111
14,NORMA-20632,112
14,NORMA-19240,113
14,NORMA-8771,114
14,NORMA-18748,115
14,NORMA-13797,116
14,NORMA-5184,117
14,NORMA-18411,118
14,NORMA-19391,119
14,NORMA-18653,120
14,NORMA-12631,121
14,NORMA-7386,122
14,NORMA-19691,123
14,NORMA-20779,124
14,NORMA-19223,125
14,NORMA-18286,126
14,NORMA-21676,127
14,NORMA-20223,128
14,NORMA-7222,129
14,NORMA-11814,130
14,NORMA-28981,131
14,NORMA-19746,132
14,NORMA-6184,133
14,NORMA-6685,134
14,NORMA-18545,135
14,NORMA-20879,136
14,NORMA-7225,137
14,NORMA-20901,138
14,NORMA-19622,139
14,NORMA-18223,140
14,NORMA-21241,141
14,NORMA-20222,142
14,NORMA-21509,143
14,NORMA-19646,144
14,NORMA-20922,145
14,NORMA-21366,146
14,NORMA-20134,147
14,NORMA-21390,148
14,NORMA-12649,149
14,NORMA-13594,150
14,NORMA-19526,151
14,NORMA-20887,152
14,NORMA-20890,153
14,NORMA-21663,154
14,NORMA-21710,155
14,NORMA-3577,156
14,NORMA-5360,157
14,NORMA-10116,158
14,NORMA-21279,159
14,NORMA-14652,160
14,NORMA-21626,161
14,NORMA-11085,162
14,NORMA-11086,163
14,NORMA-8205,164
14,NORMA-18972,165
14,NORMA-5496,166
14,NORMA-6881,167
14,NORMA-19096,168
14,NORMA-14294,169
14,NORMA-6701,170
14,NORMA-21562,171
14,NORMA-20990,172
14,NORMA-20995,173
14,NORMA-19590,174
14,NORMA-6643,175
14,NORMA-21550,176
14,NORMA-19172,177
14,NORMA-27449,178
14,NORMA-19655,179
14,NORMA-21269,180
14,NORMA-21784,181
14,NORMA-13552,182
14,NORMA-6679,183
14,NORMA-20924,184
14,NORMA-13476,185
14,NORMA-27063,186
14,NORMA-18284,187
14,NORMA-6895,188
14,NORMA-20601,189
14,NORMA-18769,190
14,NORMA-14390,191
14,NORMA-23341,192
14,NORMA-20762,193
14,NORMA-21783,194
14,NORMA-14302,195
14,NORMA-20888,196
14,NORMA-15239,197
14,NORMA-15802,198
14,NORMA-14744,199
14,NORMA-13514,200
14,NORMA-21409,201
14,NORMA-19426,202
14,NORMA-18648,203
14,NORMA-11316,204
14,NORMA-18605,205
14,NORMA-21650,206
14,NORMA-20730,207
14,NORMA-21669,208
14,NORMA-21566,209
14,NORMA-21595,210
14,NORMA-21439,211
14,NORMA-6253,212
14,NORMA-20955,213
14,NORMA-20426,214
14,NORMA-18916,215
14,NORMA-20168,216
14,NORMA-21069,217
14,NORMA-21203,218
14,NORMA-27221,219
14,NORMA-21113,220
14,NORMA-21490,221
14,NORMA-19180,222
14,NORMA-21114,223
14,NORMA-20443,224
14,NORMA-21638,225
14,NORMA-27384,226
14,NORMA-19281,227
14,NORMA-21131,228
14,NORMA-19033,229
14,NORMA-11771,230
14,NORMA-19570,231
14,NORMA-19979,232
14,NORMA-19462,233
14,NORMA-20966,234
14,NORMA-18528,235
14,NORMA-20692,236
14,NORMA-21648,237
14,NORMA-21690,238
14,NORMA-19735,239
14,NORMA-20196,240
14,NORMA-19609,241
14,NORMA-21086,242
14,NORMA-19475,243
14,NORMA-19034,244
14,NORMA-12492,245
14,NORMA-19933,246
14,NORMA-18673,247
14,NORMA-19985,248
14,NORMA-18734,249
14,NORMA-12490,250
14,NORMA-19212,251
14,NORMA-19138,252
14,NORMA-19175,253
14,NORMA-20236,254
14,NORMA-19729,255
14,NORMA-11670,256
14,NORMA-18801,257
14,NORMA-21461,258
14,NORMA-19592,259
14,NORMA-18302,260
14,NORMA-20072,261
14,NORMA-12911,262
14,NORMA-21003,263
14,NORMA-19930,264
14,NORMA-21264,265
14,NORMA-21255,266
14,NORMA-21073,267
14,NORMA-20060,268
14,NORMA-12102,269
14,NORMA-20224,270
14,NORMA-18796,271
14,NORMA-18434,272
14,NORMA-21768,273
14,NORMA-19760,274
14,NORMA-20870,275
14,NORMA-19939,276
14,NORMA-12066,277
14,NORMA-21429,278
14,NORMA-12437,279
14,NORMA-19961,280
14,NORMA-21521,281
14,NORMA-20297,282
14,NORMA-2126,283
14,NORMA-21608,284
14,NORMA-9803,285
14,NORMA-21367,286
14,NORMA-18697,287
14,NORMA-19643,288
14,NORMA-18962,289
14,NORMA-25902,290
14,NORMA-10034,291
14,NORMA-21063,292
14,NORMA-18418,293
14,NORMA-3907,294
14,NORMA-21788,295
14,NORMA-18446,296
14,NORMA-12038,297
14,NORMA-10326,298
14,NORMA-12859,299
14,NORMA-19828,300
14,NORMA-19772,301
14,NORMA-18456,302
14,NORMA-10309,303
14,NORMA-13802,304
14,NORMA-19155,305
14,NORMA-20172,306
14,NORMA-21135,307
14,NORMA-19081,308
14,NORMA-19972,309
14,NORMA-11758,310
14,NORMA-15242,311
14,NORMA-19574,312
14,NORMA-11473,313
14,NORMA-21267,314
14,NORMA-3820,315
14,NORMA-21776,316
14,NORMA-29003,317
14,NORMA-3821,318
14,NORMA-18479,319
14,NORMA-20738,320
14,NORMA-19782,321
14,NORMA-19968,322
14,NORMA-19600,323
14,NORMA-18424,324
14,NORMA-21649,325
14,NORMA-19329,326
14,NORMA-14967,327
14,NORMA-21437,328
14,NORMA-6354,329
14,NORMA-13534,330
14,NORMA-20179,331
14,NORMA-18427,332
14,NORMA-13298,333
14,NORMA-4909,334
14,NORMA-19948,335
14,NORMA-28586,336
14,NORMA-19770,337
14,NORMA-6627,338
14,NORMA-20797,339
14,NORMA-18539,340
14,NORMA-18207,341
14,NORMA-23581,342
14,NORMA-20569,343
14,NORMA-6753,344
14,NORMA-19565,345
14,NORMA-18420,346
14,NORMA-21647,347
14,NORMA-18835,348
14,NORMA-19682,349
14,NORMA-20790,350
14,NORMA-10200,351
14,NORMA-21220,352
14,NORMA-20962,353
14,NORMA-21170,354
14,NORMA-18750,355
14,NORMA-6957,356
14,NORMA-19749,357
14,NORMA-20182,358
14,NORMA-18239,359
14,NORMA-18935,360
14,NORMA-20299,361
14,NORMA-12245,362
14,NORMA-21004,363
14,NORMA-21151,364
14,NORMA-18238,365
14,NORMA-20886,366
14,NORMA-6894,367
14,NORMA-21597,368
14,NORMA-8458,369
14,NORMA-21419,370
14,NORMA-19689,371
14,NORMA-19303,372
14,NORMA-21286,373
14,NORMA-19977,374
14,NORMA-27761,375
14,NORMA-10531,376
14,NORMA-20915,377
14,NORMA-12965,378
14,NORMA-18802,379
14,NORMA-18670,380
14,NORMA-21446,381
14,NORMA-20865,382
14,NORMA-20811,383
14,NORMA-18939,384
14,NORMA-20240,385
14,NORMA-6752,386
14,NORMA-13471,387
14,NORMA-18724,388
14,NORMA-20129,389
14,NORMA-20941,390
14,NORMA-20703,391
14,NORMA-20294,392
14,NORMA-20645,393
14,NORMA-21217,394
14,NORMA-11087,395
14,NORMA-21249,396
14,NORMA-19192,397
14,NORMA-8774,398
14,NORMA-19518,399
14,NORMA-18548,400
14,NORMA-19703,401
14,NORMA-2125,402
14,NORMA-4588,403
14,NORMA-19628,404
14,NORMA-23222,405
14,NORMA-21132,406
14,NORMA-6084,407
14,NORMA-18997,408
14,NORMA-21402,409
14,NORMA-21205,410
14,NORMA-21637,411
14,NORMA-13469,412
14,NORMA-19639,413
14,NORMA-7953,414
14,NORMA-20626,415
14,NORMA-19095,416
14,NORMA-6702,417
14,NORMA-18654,418
14,NORMA-21519,419
14,NORMA-12060,420
14,NORMA-21792,421
14,NORMA-18287,422
14,NORMA-21547,423
14,NORMA-19110,424
14,NORMA-19181,425
14,NORMA-20432,426
14,NORMA-11687,427
14,NORMA-21256,428
14,NORMA-21052,429
14,NORMA-21291,430
14,NORMA-19658,431
14,NORMA-11443,432
14,NORMA-19768,433
14,NORMA-20702,434
14,NORMA-18646,435
14,NORMA-16202,436
14,NORMA-8028,437
14,NORMA-20845,438
14,NORMA-21278,439
14,NORMA-19387,440
14,NORMA-14937,441
14,NORMA-480,442
14,NORMA-20796,443
14,NORMA-21023,444
14,NORMA-20778,445
14,NORMA-19442,446
14,NORMA-19844,447
14,NORMA-13158,448
14,NORMA-20763,449
14,NORMA-18325,450
14,NORMA-4830,451
14,NORMA-18800,452
14,NORMA-15167,453
14,NORMA-20999,454
14,NORMA-21361,455
14,NORMA-20056,456
14,NORMA-3966,457
14,NORMA-7012,458
14,NORMA-8027,459
14,NORMA-19454,460
14,NORMA-19431,461
14,NORMA-18945,462
14,NORMA-12067,463
14,NORMA-15211,464
14,NORMA-21025,465
14,NORMA-18267,466
14,NORMA-3638,467
14,NORMA-21404,468
14,NORMA-19762,469
14,NORMA-4746,470
14,NORMA-21420,471
14,NORMA-21606,472
14,NORMA-21028,473
14,NORMA-20946,474
14,NORMA-4396,475
14,NORMA-20120,476
14,NORMA-11721,477
14,NORMA-7007,478
14,NORMA-28203,479
14,NORMA-20729,480
14,NORMA-19021,481
14,NORMA-6256,482
14,NORMA-6623,483
14,NORMA-13402,484
14,NORMA-11563,485
14,NORMA-19028,486
14,NORMA-20188,487
14,NORMA-13746,488
14,NORMA-20442,489
14,NORMA-18293,490
14,NORMA-14828,491
14,NORMA-20295,492
14,NORMA-20727,493
14,NORMA-20950,494
14,NORMA-5421,495
14,NORMA-20799,496
14,NORMA-19417,497
14,NORMA-22561,498
14,NORMA-19092,499
14,NORMA-21584,500
14,NORMA-19859,501
14,NORMA-26102,502
14,NORMA-19730,503
14,NORMA-18674,504
14,NORMA-21475,505
14,NORMA-21515,506
14,NORMA-6948,507
14,NORMA-1994,508
14,NORMA-28623,509
14,NORMA-18859,510
14,NORMA-11731,511
14,NORMA-20541,512
14,NORMA-19295,513
14,NORMA-20545,514
14,NORMA-20627,515
14,NORMA-20065,516
14,NORMA-21147,517
14,NORMA-23361,518
14,NORMA-18201,519
14,NORMA-19983,520
14,NORMA-20554,521
14,NORMA-18780,522
14,NORMA-20549,523
14,NORMA-11272,524
14,NORMA-4710,525
14,NORMA-19959,526
14,NORMA-21369,527
14,NORMA-20314,528
14,NORMA-11614,529
14,NORMA-20329,530
14,NORMA-19901,531
14,NORMA-20334,532
14,NORMA-21643,533
14,NORMA-20538,534
14,NORMA-18733,535
14,NORMA-21163,536
14,NORMA-20340,537
14,NORMA-21225,538
14,NORMA-20321,539
14,NORMA-21564,540
14,NORMA-61,541
14,NORMA-27363,542
14,NORMA-21344,543
14,NORMA-18873,544
14,NORMA-21537,545
14,NORMA-19330,546
14,NORMA-5586,547
14,NORMA-7027,548
14,NORMA-658,549
14,NORMA-19632,550
14,NORMA-18350,551
14,NORMA-18762,552
14,NORMA-6595,553
14,NORMA-20385,554
14,NORMA-18554,555
14,NORMA-11735,556
14,NORMA-19105,557
14,NORMA-19852,558
14,NORMA-20402,559
14,NORMA-19741,560
14,NORMA-20985,561
14,NORMA-19748,562
14,NORMA-18967,563
14,NORMA-21207,564
14,NORMA-21506,565
14,NORMA-3642,566
14,NORMA-20186,567
14,NORMA-19822,568
14,NORMA-21126,569
14,NORMA-9481,570
14,NORMA-7384,571
14,NORMA-21325,572
14,NORMA-20171,573
14,NORMA-21507,574
14,NORMA-18669,575
14,NORMA-18339,576
14,NORMA-10553,577
14,NORMA-18632,578
14,NORMA-13390,579
14,NORMA-15881,580
14,NORMA-20397,581
14,NORMA-21312,582
14,NORMA-9835,583
14,NORMA-19040,584
14,NORMA-21463,585
14,NORMA-20883,586
14,NORMA-20435,587
14,NORMA-31903,588
14,NORMA-13474,589
14,NORMA-10473,590
14,NORMA-12613,591
14,NORMA-20113,592
14,NORMA-19152,593
14,NORMA-20235,594
14,NORMA-14813,595
14,NORMA-19634,596
14,NORMA-21479,597
14,NORMA-19837,598
14,NORMA-21194,599
14,NORMA-11665,600
14,NORMA-19798,601
14,NORMA-19481,602
14,NORMA-30043,603
14,NORMA-19052,604
14,NORMA-18331,605
14,NORMA-20191,606
14,NORMA-19620,607
14,NORMA-19573,608
14,NORMA-5626,609
14,NORMA-19337,610
14,NORMA-20429,611
14,NORMA-27064,612
14,NORMA-13919,613
14,NORMA-21541,614
14,NORMA-21499,615
14,NORMA-19862,616
14,NORMA-20694,617
14,NORMA-18583,618
14,NORMA-20081,619
14,NORMA-11526,620
14,NORMA-21544,621
14,NORMA-20558,622
14,NORMA-21418,623
14,NORMA-6199,624
14,NORMA-19842,625
14,NORMA-18319,626
14,NORMA-14597,627
14,NORMA-18591,628
14,NORMA-20269,629
14,NORMA-21468,630
14,NORMA-6834,631
14,NORMA-33728,632
14,NORMA-20169,633
14,NORMA-13345,634
14,NORMA-13795,635
14,NORMA-18549,636
14,NORMA-9960,637
14,NORMA-5312,638
14,NORMA-8459,639
14,NORMA-18436,640
14,NORMA-14850,641
14,NORMA-19808,642
14,NORMA-21387,643
14,NORMA-21359,644
14,NORMA-13610,645
14,NORMA-7241,646
14,NORMA-19448,647
14,NORMA-15060,648
14,NORMA-21171,649
14,NORMA-18407,650
14,NORMA-19904,651
14,NORMA-18536,652
14,NORMA-20098,653
14,NORMA-19020,654
14,NORMA-20565,655
14,NORMA-21152,656
14,NORMA-24582,657
14,NORMA-20891,658
14,NORMA-20687,659
14,NORMA-26201,660
14,NORMA-18219,661
14,NORMA-4539,662
14,NORMA-21324,663
14,NORMA-4195,664
14,NORMA-18244,665
14,NORMA-19623,666
14,NORMA-19606,667
14,NORMA-18294,668
14,NORMA-21008,669
14,NORMA-6851,670
14,NORMA-20200,671
14,NORMA-7381,672
14,NORMA-6489,673
14,NORMA-21328,674
14,NORMA-20285,675
14,NORMA-2013,676
14,NORMA-4102,677
14,NORMA-7525,678
14,NORMA-20696,679
14,NORMA-14688,680
14,NORMA-15229,681
14,NORMA-6758,682
14,NORMA-21501,683
14,NORMA-18463,684
14,NORMA-18401,685
14,NORMA-6782,686
14,NORMA-3541,687
14,NORMA-19725,688
14,NORMA-18529,689
14,NORMA-21503,690
14,NORMA-19794,691
14,NORMA-11612,692
14,NORMA-27062,693
14,NORMA-3824,694
14,NORMA-20585,695
14,NORMA-19588,696
14,NORMA-18988,697
14,NORMA-27366,698
14,NORMA-20771,699
14,NORMA-18815,700
14,NORMA-19864,701
14,NORMA-20151,702
14,NORMA-21139,703
14,NORMA-21540,704
14,NORMA-3573,705
14,NORMA-20505,706
14,NORMA-18224,707
14,NORMA-21508,708
14,NORMA-19640,709
14,NORMA-19820,710
14,NORMA-19650,711
14,NORMA-21787,712
14,NORMA-3828,713
14,NORMA-18475,714
14,NORMA-3571,715
14,NORMA-19627,716
14,NORMA-20530,717
14,NORMA-18541,718
14,NORMA-6669,719
14,NORMA-18709,720
14,NORMA-21609,721
14,NORMA-19779,722
14,NORMA-20860,723
14,NORMA-21705,724
14,NORMA-20710,725
14,NORMA-18994,726
14,NORMA-4193,727
14,NORMA-18531,728
14,NORMA-18368,729
14,NORMA-19642,730
14,NORMA-20777,731
14,NORMA-19764,732
14,NORMA-19290,733
14,NORMA-21371,734
14,NORMA-21523,735
14,NORMA-20803,736
14,NORMA-18248,737
14,NORMA-1713,738
14,NORMA-21212,739
14,NORMA-4394,740
14,NORMA-20115,741
14,NORMA-20205,742
14,NORMA-8203,743
14,NORMA-20943,744
14,NORMA-10878,745
14,NORMA-21629,746
14,NORMA-21247,747
14,NORMA-18656,748
14,NORMA-27101,749
14,NORMA-18386,750
14,NORMA-6700,751
14,NORMA-22861,752
14,NORMA-19542,753
14,NORMA-21026,754
14,NORMA-19853,755
14,NORMA-18647,756
14,NORMA-560,757
14,NORMA-13998,758
14,NORMA-20225,759
14,NORMA-59,760
14,NORMA-20308,761
14,NORMA-19036,762
14,NORMA-20732,763
14,NORMA-7011,764
14,NORMA-20144,765
14,NORMA-20574,766
14,NORMA-20802,767
14,NORMA-20095,768
14,NORMA-20976,769
14,NORMA-20524,770
14,NORMA-801,771
14,NORMA-19919,772
14,NORMA-20371,773
14,NORMA-20473,774
14,NORMA-2185,775
14,NORMA-20536,776
14,NORMA-6126,777
14,NORMA-1611,778
14,NORMA-21232,779
14,NORMA-11601,780
14,NORMA-6819,781
14,NORMA-11711,782
14,NORMA-18414,783
14,NORMA-554,784
14,NORMA-1366,785
14,NORMA-10821,786
14,NORMA-19444,787
14,NORMA-18954,788
14,NORMA-19883,789
14,NORMA-21157,790
14,NORMA-19027,791
14,NORMA-19422,792
14,NORMA-6820,793
14,NORMA-7015,794
14,NORMA-6318,795
14,NORMA-5494,796
14,NORMA-6955,797
14,NORMA-20284,798
14,NORMA-21641,799
14,NORMA-19005,800
14,NORMA-22862,801
14,NORMA-18314,802
14,NORMA-21192,803
14,NORMA-21717,804
14,NORMA-21215,805
14,NORMA-19947,806
14,NORMA-4514,807
14,NORMA-20301,808
14,NORMA-13508,809
14,NORMA-20210,810
14,NORMA-11632,811
14,NORMA-23521,812
14,NORMA-18584,813
14,NORMA-19792,814
14,NORMA-20724,815
14,NORMA-20580,816
14,NORMA-704,817
14,NORMA-19029,818
14,NORMA-20563,819
14,NORMA-18767,820
14,NORMA-14462,821
14,NORMA-18208,822
14,NORMA-6970,823
14,NORMA-17221,824
14,NORMA-20557,825
14,NORMA-19589,826
14,NORMA-20761,827
14,NORMA-20836,828
14,NORMA-4314,829
14,NORMA-18963,830
14,NORMA-4926,831
14,NORMA-6764,832
14,NORMA-1534,833
14,NORMA-423,834
14,NORMA-19652,835
14,NORMA-20959,836
14,NORMA-18942,837
14,NORMA-18970,838
14,NORMA-18951,839
14,NORMA-11756,840
14,NORMA-19621,841
14,NORMA-20619,842
14,NORMA-19205,843
14,NORMA-11570,844
14,NORMA-6698,845
14,NORMA-21338,846
14,NORMA-19928,847
14,NORMA-18378,848
14,NORMA-20091,849
14,NORMA-21351,850
14,NORMA-20121,851
14,NORMA-7194,852
14,NORMA-13265,853
14,NORMA-18884,854
14,NORMA-21684,855
14,NORMA-19845,856
14,NORMA-18934,857
14,NORMA-553,858
14,NORMA-22101,859
14,NORMA-21289,860
14,NORMA-21175,861
14,NORMA-21029,862
14,NORMA-802,863
14,NORMA-20263,864
14,NORMA-21431,865
14,NORMA-19013,866
14,NORMA-20304,867
14,NORMA-2005,868
14,NORMA-20422,869
14,NORMA-21721,870
14,NORMA-4423,871
14,NORMA-19694,872
14,NORMA-18877,873
14,NORMA-20908,874
14,NORMA-21497,875
14,NORMA-19461,876
14,NORMA-20277,877
14,NORMA-9888,878
14,NORMA-27045,879
14,NORMA-4711,880
14,NORMA-13160,881
14,NORMA-21228,882
14,NORMA-18295,883
14,NORMA-660,884
14,NORMA-18221,885
14,NORMA-18906,886
14,NORMA-11684,887
14,NORMA-883,888
14,NORMA-11751,889
14,NORMA-4424,890
14,NORMA-21528,891
14,NORMA-2158,892
14,NORMA-15045,893
14,NORMA-4075,894
14,NORMA-20064,895
14,NORMA-19353,896
14,NORMA-317,897
14,NORMA-18922,898
14,NORMA-20753,899
14,NORMA-13323,900
14,NORMA-14542,901
14,NORMA-6954,902
14,NORMA-13138,903
14,NORMA-19555,904
14,NORMA-6203,905
14,NORMA-22721,906
14,NORMA-21762,907
14,NORMA-13392,908
14,NORMA-3281,909
14,NORMA-15921,910
14,NORMA-28001,911
14,NORMA-21683,912
14,NORMA-21821,913
14,NORMA-2981,914
14,NORMA-8938,915
14,NORMA-19787,916
14,NORMA-20197,917
14,NORMA-20300,918
14,NORMA-20577,919
14,NORMA-6641,920
14,NORMA-15901,921
14,NORMA-21313,922
14,NORMA-6636,923
14,NORMA-20377,924
14,NORMA-18237,925
14,NORMA-6880,926
14,NORMA-21141,927
14,NORMA-9785,928
14,NORMA-6856,929
14,NORMA-11571,930
14,NORMA-21588,931
14,NORMA-21530,932
14,NORMA-14293,933
14,NORMA-3819,934
14,NORMA-21239,935
14,NORMA-20141,936
14,NORMA-9595,937
14,NORMA-19061,938
14,NORMA-5925,939
14,NORMA-10797,940
14,NORMA-13094,941
14,NORMA-5853,942
14,NORMA-20725,943
14,NORMA-19557,944
14,NORMA-21071,945
14,NORMA-20217,946
14,NORMA-19009,947
14,NORMA-13106,948
14,NORMA-6676,949
14,NORMA-5417,950
14,NORMA-9457,951
14,NORMA-11882,952
14,NORMA-14874,953
14,NORMA-21173,954
14,NORMA-19249,955
14,NORMA-21698,956
14,NORMA-6684,957
14,NORMA-11236,958
14,NORMA-21524,959
14,NORMA-18910,960
14,NORMA-1222,961
14,NORMA-20376,962
14,NORMA-11715,963
14,NORMA-18394,964
14,NORMA-19352,965
14,NORMA-1421,966
14,NORMA-9110,967
14,NORMA-18227,968
14,NORMA-20039,969
14,NORMA-7942,970
14,NORMA-18385,971
14,NORMA-9670,972
14,NORMA-20474,973
14,NORMA-12630,974
14,NORMA-28422,975
14,NORMA-21434,976
14,NORMA-4141,977
14,NORMA-18307,978
14,NORMA-21274,979
14,NORMA-21159,980
14,NORMA-4586,981
14,NORMA-13990,982
14,NORMA-17182,983
14,NORMA-4275,984
14,NORMA-9834,985
14,NORMA-19408,986
14,NORMA-20090,987
14,NORMA-18360,988
14,NORMA-19836,989
14,NORMA-8119,990
14,NORMA-20157,991
14,NORMA-778,992
14,NORMA-11164,993
14,NORMA-20856,994
14,NORMA-18217,995
14,NORMA-20290,996
14,NORMA-21713,997
14,NORMA-20513,998
14,NORMA-20514,999
14,NORMA-20630,1000
15,NORMA-21717,1
15,NORMA-21617,2
15,NORMA-4318,3
15,NORMA-21459,4
15,NORMA-19727,5
15,NORMA-21277,6
15,NORMA-18886,7
15,NORMA-18729,8
15,NORMA-21535,9
15,NORMA-20863,10
15,NORMA-18699,11
15,NORMA-18562,12
15,NORMA-3571,13
15,NORMA-18327,14
15,NORMA-20963,15
15,NORMA-19580,16
15,NORMA-18418,17
15,NORMA-19607,18
15,NORMA-19408,19
15,NORMA-20300,20
15,NORMA-18697,21
15,NORMA-21185,22
15,NORMA-19769,23
15,NORMA-18381,24
15,NORMA-21132,25
15,NORMA-19733,26
15,NORMA-19985,27
15,NORMA-19905,28
15,NORMA-19303,29
15,NORMA-19330,30
15,NORMA-18269,31
15,NORMA-19329,32
15,NORMA-20818,33
15,NORMA-20175,34
15,NORMA-20943,35
15,NORMA-18691,36
15,NORMA-20089,37
15,NORMA-19245,38
15,NORMA-20601,39
15,NORMA-21312,40
15,NORMA-21177,41
15,NORMA-20817,42
15,NORMA-3638,43
15,NORMA-20936,44
15,NORMA-3577,45
15,NORMA-21278,46
15,NORMA-21631,47
15,NORMA-21241,48
15,NORMA-12067,49
15,NORMA-21776,50
15,NORMA-19081,51
15,NORMA-21564,52
15,NORMA-19704,53
15,NORMA-20443,54
15,NORMA-15211,55
15,NORMA-21444,56
15,NORMA-20865,57
15,NORMA-18709,58
15,NORMA-21279,59
15,NORMA-18654,60
15,NORMA-20838,61
15,NORMA-19845,62
15,NORMA-19459,63
15,NORMA-20852,64
15,NORMA-21273,65
15,NORMA-20742,66
15,NORMA-20138,67
15,NORMA-18254,68
15,NORMA-21526,69
15,NORMA-20989,70
15,NORMA-7381,71
15,NORMA-20678,72
15,NORMA-20679,73
15,NORMA-18430,74
15,NORMA-5360,75
15,NORMA-10116,76
15,NORMA-19039,77
15,NORMA-11085,78
15,NORMA-8205,79
15,NORMA-21449,80
15,NORMA-20164,81
15,NORMA-5496,82
15,NORMA-4182,83
15,NORMA-19563,84
15,NORMA-19021,85
15,NORMA-14294,86
15,NORMA-14661,87
15,NORMA-6257,88
15,NORMA-20859,89
15,NORMA-19249,90
15,NORMA-19181,91
15,NORMA-5421,92
15,NORMA-13158,93
15,NORMA-14937,94
15,NORMA-20172,95
15,NORMA-18412,96
15,NORMA-19969,97
15,NORMA-13469,98
15,NORMA-14463,99
15,NORMA-21290,100
15,NORMA-20034,101
15,NORMA-19584,102
15,NORMA-21113,103
15,NORMA-4710,104
15,NORMA-7525,105
15,NORMA-483,106
15,NORMA-21369,107
15,NORMA-220,108
15,NORMA-8027,109
15,NORMA-20734,110
15,NORMA-13476,111
15,NORMA-20969,112
15,NORMA-20995,113
15,NORMA-19503,114
15,NORMA-7620,115
15,NORMA-20541,116
15,NORMA-20545,117
15,NORMA-20426,118
15,NORMA-18952,119
15,NORMA-21751,120
15,NORMA-19222,121
15,NORMA-21651,122
15,NORMA-27761,123
15,NORMA-21678,124
15,NORMA-20106,125
15,NORMA-19553,126
15,NORMA-10025,127
15,NORMA-18631,128
15,NORMA-3642,129
15,NORMA-19351,130
15,NORMA-20385,131
15,NORMA-9393,132
15,NORMA-20186,133
15,NORMA-11573,134
15,NORMA-20036,135
15,NORMA-15541,136
15,NORMA-21408,137
15,NORMA-7384,138
15,NORMA-19618,139
15,NORMA-18474,140
15,NORMA-13514,141
15,NORMA-18396,142
15,NORMA-18780,143
15,NORMA-21608,144
15,NORMA-7387,145
15,NORMA-20225,146
15,NORMA-61,147
15,NORMA-20815,148
15,NORMA-3382,149
15,NORMA-21186,150
15,NORMA-6736,151
15,NORMA-20476,152
15,NORMA-7241,153
15,NORMA-1613,154
15,NORMA-14724,155
15,NORMA-19465,156
15,NORMA-16202,157
15,NORMA-18732,158
15,NORMA-20240,159
15,NORMA-3767,160
15,NORMA-19936,161
15,NORMA-4091,162
15,NORMA-26841,163
15,NORMA-18385,164
15,NORMA-19634,165
15,NORMA-20121,166
15,NORMA-20171,167
15,NORMA-19232,168
15,NORMA-11356,169
15,NORMA-18914,170
15,NORMA-20584,171
15,NORMA-15581,172
15,NORMA-20517,173
15,NORMA-8706,174
15,NORMA-18341,175
15,NORMA-12733,176
15,NORMA-7279,177
15,NORMA-18204,178
15,NORMA-6448,179
15,NORMA-27341,180
15,NORMA-25523,181
15,NORMA-7149,182
15,NORMA-19391,183
15,NORMA-19959,184
15,NORMA-8522,185
15,NORMA-6199,186
15,NORMA-23222,187
15,NORMA-4786,188
15,NORMA-19027,189
15,NORMA-9893,190
15,NORMA-11730,191
15,NORMA-21114,192
15,NORMA-20996,193
15,NORMA-20812,194
15,NORMA-19061,195
15,NORMA-6838,196
15,NORMA-18225,197
15,NORMA-33308,198
15,NORMA-20599,199
15,NORMA-26124,200
15,NORMA-7250,201
15,NORMA-19295,202
15,NORMA-15701,203
15,NORMA-20921,204
15,NORMA-19968,205
15,NORMA-12630,206
15,NORMA-21544,207
15,NORMA-21434,208
15,NORMA-20167,209
15,NORMA-18335,210
15,NORMA-14542,211
15,NORMA-21669,212
15,NORMA-11655,213
15,NORMA-14239,214
15,NORMA-2184,215
15,NORMA-20144,216
15,NORMA-19463,217
15,NORMA-19387,218
15,NORMA-19749,219
15,NORMA-18992,220
15,NORMA-21575,221
15,NORMA-19403,222
15,NORMA-6962,223
15,NORMA-18931,224
15,NORMA-19290,225
15,NORMA-12965,226
15,NORMA-18248,227
15,NORMA-21762,228
15,NORMA-21683,229
15,NORMA-27926,230
15,NORMA-18801,231
15,NORMA-21698,232
15,NORMA-21684,233
15,NORMA-33288,234
15,NORMA-19080,235
15,NORMA-19464,236
15,NORMA-12113,237
15,NORMA-20983,238
15,NORMA-19020,239
15,NORMA-13323,240
15,NORMA-20861,241
15,NORMA-6509,242
15,NORMA-18656,243
15,NORMA-20002,244
15,NORMA-21215,245
15,NORMA-28467,246
15,NORMA-7651,247
15,NORMA-21159,248
15,NORMA-19095,249
15,NORMA-21515,250
15,NORMA-21305,251
15,NORMA-23341,252
15,NORMA-21419,253
15,NORMA-21585,254
15,NORMA-18686,255
15,NORMA-18536,256
15,NORMA-15237,257
15,NORMA-20705,258
15,NORMA-20661,259
15,NORMA-20188,260
15,NORMA-18605,261
15,NORMA-20356,262
15,NORMA-21562,263
15,NORMA-29005,264
15,NORMA-560,265
15,NORMA-26102,266
15,NORMA-19655,267
15,NORMA-13470,268
15,NORMA-9823,269
15,NORMA-18646,270
15,NORMA-20576,271
15,NORMA-14673,272
15,NORMA-27044,273
15,NORMA-28961,274
15,NORMA-12437,275
15,NORMA-13635,276
15,NORMA-20381,277
15,NORMA-11798,278
15,NORMA-20616,279
15,NORMA-20465,280
15,NORMA-21254,281
15,NORMA-19906,282
15,NORMA-6621,283
15,NORMA-14390,284
15,NORMA-18284,285
15,NORMA-21648,286
15,NORMA-19650,287
15,NORMA-21591,288
15,NORMA-9724,289
15,NORMA-14054,290
15,NORMA-2531,291
15,NORMA-20453,292
15,NORMA-20892,293
15,NORMA-13954,294
15,NORMA-18979,295
15,NORMA-19925,296
15,NORMA-21220,297
15,NORMA-15339,298
15,NORMA-19407,299
15,NORMA-19658,300
15,NORMA-20531,301
15,NORMA-19078,302
15,NORMA-21351,303
15,NORMA-20834,304
15,NORMA-9110,305
15,NORMA-7942,306
15,NORMA-19417,307
15,NORMA-19343,308
15,NORMA-18201,309
15,NORMA-19896,310
15,NORMA-21783,311
15,NORMA-18501,312
15,NORMA-20091,313
15,NORMA-18750,314
15,NORMA-20473,315
15,NORMA-20809,316
15,NORMA-18456,317
15,NORMA-20098,318
15,NORMA-19582,319
15,NORMA-18333,320
15,NORMA-6140,321
15,NORMA-9834,322
15,NORMA-20985,323
15,NORMA-25902,324
15,NORMA-7113,325
15,NORMA-18796,326
15,NORMA-21622,327
15,NORMA-14279,328
15,NORMA-8435,329
15,NORMA-21609,330
15,NORMA-19940,331
15,NORMA-21716,332
15,NORMA-14746,333
15,NORMA-20630,334
15,NORMA-18806,335
15,NORMA-13106,336
15,NORMA-1999,337
15,NORMA-18669,338
15,NORMA-21470,339
15,NORMA-18529,340
15,NORMA-19939,341
15,NORMA-12956,342
15,NORMA-20141,343
15,NORMA-20566,344
15,NORMA-20096,345
15,NORMA-838,346
15,NORMA-21069,347
15,NORMA-12490,348
15,NORMA-18226,349
15,NORMA-21189,350
15,NORMA-27364,351
15,NORMA-12872,352
15,NORMA-12048,353
15,NORMA-21342,354
15,NORMA-18411,355
15,NORMA-3381,356
15,NORMA-12657,357
15,NORMA-21638,358
15,NORMA-24661,359
15,NORMA-18825,360
15,NORMA-20058,361
15,NORMA-6636,362
15,NORMA-18364,363
15,NORMA-21606,364
15,NORMA-217,365
15,NORMA-6318,366
15,NORMA-12029,367
15,NORMA-19927,368
15,NORMA-20157,369
15,NORMA-18386,370
15,NORMA-21344,371
15,NORMA-6702,372
15,NORMA-20580,373
15,NORMA-21554,374
15,NORMA-412,375
15,NORMA-4818,376
15,NORMA-20265,377
15,NORMA-4711,378
15,NORMA-21663,379
15,NORMA-16446,380
15,NORMA-20474,381
15,NORMA-16445,382
15,NORMA-19981,383
15,NORMA-21710,384
15,NORMA-18211,385
15,NORMA-18205,386
15,NORMA-18769,387
15,NORMA-4075,388
15,NORMA-21028,389
15,NORMA-20460,390
15,NORMA-19852,391
15,NORMA-7110,392
15,NORMA-21541,393
15,NORMA-10531,394
15,NORMA-5536,395
15,NORMA-19922,396
15,NORMA-19205,397
15,NORMA-9382,398
15,NORMA-21744,399
15,NORMA-20397,400
15,NORMA-19090,401
15,NORMA-20184,402
15,NORMA-7386,403
15,NORMA-18839,404
15,NORMA-19730,405
15,NORMA-18479,406
15,NORMA-21402,407
15,NORMA-21623,408
15,NORMA-4909,409
15,NORMA-9670,410
15,NORMA-20369,411
15,NORMA-7222,412
15,NORMA-20477,413
15,NORMA-20952,414
15,NORMA-18668,415
15,NORMA-15239,416
15,NORMA-1485,417
15,NORMA-6644,418
15,NORMA-1365,419
15,NORMA-6321,420
15,NORMA-20359,421
15,NORMA-26201,422
15,NORMA-20754,423
15,NORMA-20685,424
15,NORMA-11226,425
15,NORMA-6185,426
15,NORMA-12081,427
15,NORMA-21537,428
15,NORMA-6753,429
15,NORMA-21479,430
15,NORMA-15881,431
15,NORMA-6245,432
15,NORMA-7225,433
15,NORMA-6698,434
15,NORMA-6249,435
15,NORMA-20869,436
15,NORMA-18375,437
15,NORMA-3201,438
15,NORMA-20056,439
15,NORMA-4277,440
15,NORMA-4275,441
15,NORMA-19952,442
15,NORMA-19520,443
15,NORMA-18653,444
15,NORMA-19469,445
15,NORMA-21461,446
15,NORMA-4830,447
15,NORMA-19292,448
15,NORMA-21107,449
15,NORMA-21252,450
15,NORMA-12015,451
15,NORMA-20090,452
15,NORMA-21302,453
15,NORMA-6958,454
15,NORMA-18935,455
15,NORMA-1463,456
15,NORMA-417,457
15,NORMA-18436,458
15,NORMA-20366,459
15,NORMA-15253,460
15,NORMA-13918,461
15,NORMA-21769,462
15,NORMA-14967,463
15,NORMA-21523,464
15,NORMA-28181,465
15,NORMA-21413,466
15,NORMA-21218,467
15,NORMA-21026,468
15,NORMA-4746,469
15,NORMA-9792,470
15,NORMA-21126,471
15,NORMA-783,472
15,NORMA-21269,473
15,NORMA-19715,474
15,NORMA-19128,475
15,NORMA-19384,476
15,NORMA-20870,477
15,NORMA-10123,478
15,NORMA-12049,479
15,NORMA-19926,480
15,NORMA-9358,481
15,NORMA-12035,482
15,NORMA-834,483
15,NORMA-6783,484
15,NORMA-18722,485
15,NORMA-1994,486
15,NORMA-10865,487
15,NORMA-21135,488
15,NORMA-1620,489
15,NORMA-2546,490
15,NORMA-15045,491
15,NORMA-20376,492
15,NORMA-13265,493
15,NORMA-23682,494
15,NORMA-20258,495
15,NORMA-21063,496
15,NORMA-6851,497
15,NORMA-18523,498
15,NORMA-18350,499
15,NORMA-20166,500
15,NORMA-20274,501
15,NORMA-20402,502
15,NORMA-1222,503
15,NORMA-11763,504
15,NORMA-6268,505
15,NORMA-6092,506
15,NORMA-19809,507
15,NORMA-6410,508
15,NORMA-19281,509
15,NORMA-20468,510
15,NORMA-19972,511
15,NORMA-20028,512
15,NORMA-6344,513
15,NORMA-21367,514
15,NORMA-18232,515
15,NORMA-21437,516
15,NORMA-18557,517
15,NORMA-18246,518
15,NORMA-6819,519
15,NORMA-9785,520
15,NORMA-7390,521
15,NORMA-6354,522
15,NORMA-7011,523
15,NORMA-6820,524
15,NORMA-21012,525
15,NORMA-9595,526
15,NORMA-974,527
15,NORMA-9888,528
15,NORMA-10821,529
15,NORMA-2559,530
15,NORMA-18444,531
15,NORMA-20234,532
15,NORMA-19646,533
15,NORMA-20837,534
15,NORMA-21270,535
15,NORMA-15521,536
15,NORMA-6948,537
15,NORMA-8814,538
15,NORMA-12030,539
15,NORMA-8028,540
15,NORMA-20317,541
15,NORMA-20836,542
15,NORMA-11999,543
15,NORMA-2399,544
15,NORMA-21299,545
15,NORMA-6970,546
15,NORMA-10878,547
15,NORMA-21649,548
15,NORMA-21224,549
15,NORMA-19913,550
15,NORMA-11316,551
15,NORMA-11792,552
15,NORMA-11920,553
15,NORMA-18560,554
15,NORMA-18958,555
15,NORMA-21152,556
15,NORMA-20316,557
15,NORMA-12002,558
15,NORMA-21170,559
15,NORMA-19645,560
15,NORMA-18720,561
15,NORMA-21420,562
15,NORMA-19724,563
15,NORMA-12005,564
15,NORMA-21466,565
15,NORMA-18549,566
15,NORMA-19813,567
15,NORMA-20914,568
15,NORMA-21739,569
15,NORMA-20382,570
15,NORMA-1608,571
15,NORMA-18981,572
15,NORMA-3975,573
15,NORMA-20389,574
15,NORMA-13990,575
15,NORMA-11780,576
15,NORMA-18243,577
15,NORMA-205,578
15,NORMA-21547,579
15,NORMA-31923,580
15,NORMA-18741,581
15,NORMA-11882,582
15,NORMA-20277,583
15,NORMA-18434,584
15,NORMA-19096,585
15,NORMA-20374,586
15,NORMA-19629,587
15,NORMA-20940,588
15,NORMA-20503,589
15,NORMA-21418,590
15,NORMA-21211,591
15,NORMA-21233,592
15,NORMA-20557,593
15,NORMA-20060,594
15,NORMA-13345,595
15,NORMA-19837,596
15,NORMA-21626,597
15,NORMA-11864,598
15,NORMA-20934,599
15,NORMA-19275,600
15,NORMA-21260,601
15,NORMA-21456,602
15,NORMA-21565,603
15,NORMA-20753,604
15,NORMA-20202,605
15,NORMA-11557,606
15,NORMA-6023,607
15,NORMA-18818,608
15,NORMA-13392,609
15,NORMA-6675,610
15,NORMA-13769,611
15,NORMA-13237,612
15,NORMA-20398,613
15,NORMA-18946,614
15,NORMA-11419,615
15,NORMA-10843,616
15,NORMA-309,617
15,NORMA-19630,618
15,NORMA-20137,619
15,NORMA-21496,620
15,NORMA-20407,621
15,NORMA-26003,622
15,NORMA-21023,623
15,NORMA-15060,624
15,NORMA-18559,625
15,NORMA-11469,626
15,NORMA-21029,627
15,NORMA-6774,628
15,NORMA-13298,629
15,NORMA-19166,630
15,NORMA-4926,631
15,NORMA-19132,632
15,NORMA-19605,633
15,NORMA-20185,634
15,NORMA-6679,635
15,NORMA-20924,636
15,NORMA-11459,637
15,NORMA-18428,638
15,NORMA-18455,639
15,NORMA-21550,640
15,NORMA-11804,641
15,NORMA-21187,642
15,NORMA-20501,643
15,NORMA-18423,644
15,NORMA-21111,645
15,NORMA-8442,646
15,NORMA-20712,647
15,NORMA-18627,648
15,NORMA-1516,649
15,NORMA-18948,650
15,NORMA-20425,651
15,NORMA-5335,652
15,NORMA-2089,653
15,NORMA-20586,654
15,NORMA-20103,655
15,NORMA-18897,656
15,NORMA-18967,657
15,NORMA-21705,658
15,NORMA-75,659
15,NORMA-14392,660
15,NORMA-18781,661
15,NORMA-20632,662
15,NORMA-19641,663
15,NORMA-19792,664
15,NORMA-21774,665
15,NORMA-20161,666
15,NORMA-18356,667
15,NORMA-27366,668
15,NORMA-4459,669
15,NORMA-8537,670
15,NORMA-4944,671
15,NORMA-19470,672
15,NORMA-6378,673
15,NORMA-27384,674
15,NORMA-18858,675
15,NORMA-9679,676
15,NORMA-12102,677
15,NORMA-19225,678
15,NORMA-19824,679
15,NORMA-12415,680
15,NORMA-12923,681
15,NORMA-13124,682
15,NORMA-21225,683
15,NORMA-8119,684
15,NORMA-11164,685
15,NORMA-19067,686
15,NORMA-18727,687
15,NORMA-20431,688
15,NORMA-19150,689
15,NORMA-19256,690
15,NORMA-20213,691
15,NORMA-9152,692
15,NORMA-21396,693
15,NORMA-6669,694
15,NORMA-3819,695
15,NORMA-14725,696
15,NORMA-6322,697
15,NORMA-7148,698
15,NORMA-18227,699
15,NORMA-19429,700
15,NORMA-18602,701
15,NORMA-19079,702
15,NORMA-21173,703
15,NORMA-19493,704
15,NORMA-13308,705
15,NORMA-21003,706
15,NORMA-20422,707
15,NORMA-19221,708
15,NORMA-5751,709
15,NORMA-4586,710
15,NORMA-18994,711
15,NORMA-21448,712
15,NORMA-11664,713
15,NORMA-15370,714
15,NORMA-21534,715
15,NORMA-11418,716
15,NORMA-18757,717
15,NORMA-19617,718
15,NORMA-18746,719
15,NORMA-21576,720
15,NORMA-20932,721
15,NORMA-19738,722
15,NORMA-3510,723
15,NORMA-18815,724
15,NORMA-21601,725
15,NORMA-11814,726
15,NORMA-18821,727
15,NORMA-25202,728
15,NORMA-18424,729
15,NORMA-19506,730
15,NORMA-3907,731
15,NORMA-21353,732
15,NORMA-1229,733
15,NORMA-6674,734
15,NORMA-20935,735
15,NORMA-19431,736
15,NORMA-19187,737
15,NORMA-20444,738
15,NORMA-19375,739
15,NORMA-18215,740
15,NORMA-20796,741
15,NORMA-19151,742
15,NORMA-12066,743
15,NORMA-19709,744
15,NORMA-18875,745
15,NORMA-27062,746
15,NORMA-19001,747
15,NORMA-18677,748
15,NORMA-6075,749
15,NORMA-14850,750
15,NORMA-18397,751
15,NORMA-18752,752
15,NORMA-21792,753
15,NORMA-8204,754
15,NORMA-18231,755
15,NORMA-18642,756
15,NORMA-19788,757
15,NORMA-19432,758
15,NORMA-19483,759
15,NORMA-18570,760
15,NORMA-18515,761
15,NORMA-19311,762
15,NORMA-14260,763
15,NORMA-25641,764
15,NORMA-8958,765
15,NORMA-18314,766
15,NORMA-20108,767
15,NORMA-6505,768
15,NORMA-19084,769
15,NORMA-21040,770
15,NORMA-4515,771
15,NORMA-19519,772
15,NORMA-4906,773
15,NORMA-18680,774
15,NORMA-5008,775
15,NORMA-6413,776
15,NORMA-20437,777
15,NORMA-18710,778
15,NORMA-27045,779
15,NORMA-6134,780
15,NORMA-5253,781
15,NORMA-20505,782
15,NORMA-18210,783
15,NORMA-19008,784
15,NORMA-5339,785
15,NORMA-19347,786
15,NORMA-18721,787
15,NORMA-19125,788
15,NORMA-14890,789
15,NORMA-6743,790
15,NORMA-5495,791
15,NORMA-18959,792
15,NORMA-6411,793
15,NORMA-18548,794
15,NORMA-19346,795
15,NORMA-19500,796
15,NORMA-19844,797
15,NORMA-19219,798
15,NORMA-18841,799
15,NORMA-14529,800
15,NORMA-19348,801
15,NORMA-10393,802
15,NORMA-10205,803
15,NORMA-21636,804
15,NORMA-6051,805
15,NORMA-3825,806
15,NORMA-18809,807
15,NORMA-18857,808
15,NORMA-8438,809
15,NORMA-21158,810
15,NORMA-18290,811
15,NORMA-6198,812
15,NORMA-8789,813
15,NORMA-13864,814
15,NORMA-4898,815
15,NORMA-6389,816
15,NORMA-19130,817
15,NORMA-19265,818
15,NORMA-14114,819
15,NORMA-18279,820
15,NORMA-4297,821
15,NORMA-19535,822
15,NORMA-10789,823
15,NORMA-6128,824
15,NORMA-20174,825
15,NORMA-19428,826
15,NORMA-18606,827
15,NORMA-13586,828
15,NORMA-18634,829
15,NORMA-19115,830
15,NORMA-18641,831
15,NORMA-19266,832
15,NORMA-19147,833
15,NORMA-18615,834
15,NORMA-1552,835
15,NORMA-21007,836
15,NORMA-19434,837
15,NORMA-20488,838
15,NORMA-18651,839
15,NORMA-18623,840
15,NORMA-11087,841
15,NORMA-13472,842
15,NORMA-13473,843
15,NORMA-6775,844
15,NORMA-8774,845
15,NORMA-4631,846
15,NORMA-18960,847
15,NORMA-18639,848
15,NORMA-18609,849
15,NORMA-18545,850
15,NORMA-18573,851
15,NORMA-18743,852
15,NORMA-13771,853
15,NORMA-19443,854
15,NORMA-18731,855
15,NORMA-19482,856
15,NORMA-19066,857
15,NORMA-19070,858
15,NORMA-13218,859
15,NORMA-18759,860
15,NORMA-21246,861
15,NORMA-18961,862
15,NORMA-19982,863
15,NORMA-20868,864
15,NORMA-21147,865
15,NORMA-19215,866
15,NORMA-19992,867
15,NORMA-18532,868
15,NORMA-18329,869
15,NORMA-6969,870
15,NORMA-6668,871
15,NORMA-19324,872
15,NORMA-21676,873
15,NORMA-9238,874
15,NORMA-18328,875
15,NORMA-3281,876
15,NORMA-27547,877
15,NORMA-6514,878
15,NORMA-6126,879
15,NORMA-3820,880
15,NORMA-12492,881
15,NORMA-14262,882
15,NORMA-7018,883
15,NORMA-21674,884
15,NORMA-3821,885
15,NORMA-14688,886
15,NORMA-27552,887
15,NORMA-18846,888
15,NORMA-19018,889
15,NORMA-15229,890
15,NORMA-29003,891
15,NORMA-21548,892
15,NORMA-20949,893
15,NORMA-6500,894
15,NORMA-18617,895
15,NORMA-18253,896
15,NORMA-18219,897
15,NORMA-13319,898
15,NORMA-18555,899
15,NORMA-21200,900
15,NORMA-18838,901
15,NORMA-18494,902
15,NORMA-2016,903
15,NORMA-2143,904
15,NORMA-662,905
15,NORMA-25881,906
15,NORMA-19491,907
15,NORMA-18322,908
15,NORMA-4314,909
15,NORMA-10950,910
15,NORMA-6083,911
15,NORMA-5133,912
15,NORMA-11790,913
15,NORMA-18339,914
15,NORMA-21431,915
15,NORMA-9217,916
15,NORMA-20762,917
15,NORMA-19338,918
15,NORMA-18321,919
15,NORMA-18297,920
15,NORMA-9820,921
15,NORMA-18884,922
15,NORMA-19049,923
15,NORMA-21091,924
15,NORMA-28203,925
15,NORMA-22661,926
15,NORMA-4588,927
15,NORMA-6488,928
15,NORMA-11214,929
15,NORMA-18803,930
15,NORMA-18342,931
15,NORMA-19573,932
15,NORMA-20984,933
15,NORMA-12822,934
15,NORMA-19188,935
15,NORMA-21407,936
15,NORMA-20072,937
15,NORMA-18693,938
15,NORMA-14459,939
15,NORMA-20130,940
15,NORMA-21659,941
15,NORMA-19345,942
15,NORMA-4394,943
15,NORMA-18217,944
15,NORMA-2022,945
15,NORMA-2177,946
15,NORMA-2034,947
15,NORMA-8384,948
15,NORMA-18252,949
15,NORMA-3509,950
15,NORMA-21128,951
15,NORMA-18354,952
15,NORMA-24181,953
15,NORMA-18744,954
15,NORMA-19337,955
15,NORMA-11352,956
15,NORMA-19930,957
15,NORMA-18816,958
15,NORMA-19642,959
15,NORMA-21121,960
15,NORMA-18706,961
15,NORMA-20530,962
15,NORMA-26802,963
15,NORMA-18674,964
15,NORMA-231,965
15,NORMA-19542,966
15,NORMA-21286,967
15,NORMA-5494,968
15,NORMA-18854,969
15,NORMA-21345,970
15,NORMA-14345,971
15,NORMA-19830,972
15,NORMA-18303,973
15,NORMA-21036,974
15,NORMA-18996,975
15,NORMA-20605,976
15,NORMA-18490,977
15,NORMA-13995,978
15,NORMA-4820,979
15,NORMA-18789,980
15,NORMA-19714,981
15,NORMA-4514,982
15,NORMA-19875,983
15,NORMA-19480,984
15,NORMA-20917,985
15,NORMA-19466,986
15,NORMA-19365,987
15,NORMA-5969,988
15,NORMA-24,989
15,NORMA-18524,990
15,NORMA-18292,991
15,NORMA-4279,992
15,NORMA-33728,993
15,NORMA-18601,994
15,NORMA-21134,995
15,NORMA-19032,996
15,NORMA-11474,997
15,NORMA-19866,998
15,NORMA-27363,999
15,NORMA-462,1000
16,NORMA-21269,1
16,NORMA-21344,2
16,NORMA-21638,3
16,NORMA-21649,4
16,NORMA-16424,5
16,NORMA-13610,6
16,NORMA-13795,7
16,NORMA-22862,8
16,NORMA-6176,9
16,NORMA-23361,10
16,NORMA-21404,11
16,NORMA-6968,12
16,NORMA-21700,13
16,NORMA-21538,14
16,NORMA-14744,15
16,NORMA-13514,16
16,NORMA-12911,17
16,NORMA-21748,18
16,NORMA-21402,19
16,NORMA-12490,20
16,NORMA-14390,21
16,NORMA-21409,22
16,NORMA-21637,23
16,NORMA-12437,24
16,NORMA-12492,25
16,NORMA-20139,26
16,NORMA-21361,27
16,NORMA-20790,28
16,NORMA-18910,29
16,NORMA-1192,30
16,NORMA-1470,31
16,NORMA-1114,32
16,NORMA-1164,33
16,NORMA-1248,34
16,NORMA-1374,35
16,NORMA-1296,36
16,NORMA-1445,37
16,NORMA-10298,38
16,NORMA-9890,39
16,NORMA-21706,40
16,NORMA-23101,41
16,NORMA-21305,42
16,NORMA-19303,43
16,NORMA-21586,44
16,NORMA-1485,45
16,NORMA-1365,46
16,NORMA-21703,47
16,NORMA-11352,48
16,NORMA-11419,49
16,NORMA-8442,50
16,NORMA-21275,51
16,NORMA-5335,52
16,NORMA-10843,53
16,NORMA-18631,54
16,NORMA-12314,55
16,NORMA-11184,56
16,NORMA-27161,57
16,NORMA-7867,58
16,NORMA-12371,59
16,NORMA-12380,60
16,NORMA-5336,61
16,NORMA-27362,62
16,NORMA-21413,63
16,NORMA-12516,64
16,NORMA-12379,65
16,NORMA-12965,66
16,NORMA-15358,67
16,NORMA-14366,68
16,NORMA-16402,69
16,NORMA-13402,70
16,NORMA-60,71
16,NORMA-21392,72
16,NORMA-12899,73
16,NORMA-27361,74
16,NORMA-12517,75
16,NORMA-26804,76
16,NORMA-15118,77
16,NORMA-11459,78
16,NORMA-27363,79
16,NORMA-21711,80
16,NORMA-5380,81
16,NORMA-10986,82
16,NORMA-27366,83
16,NORMA-11186,84
16,NORMA-8212,85
16,NORMA-5185,86
16,NORMA-11185,87
16,NORMA-15802,88
16,NORMA-8121,89
16,NORMA-5337,90
16,NORMA-12910,91
16,NORMA-27221,92
16,NORMA-21690,93
16,NORMA-21676,94
16,NORMA-18211,95
16,NORMA-19712,96
16,NORMA-14746,97
16,NORMA-21461,98
16,NORMA-27364,99
16,NORMA-19704,100
16,NORMA-20138,101
16,NORMA-20300,102
16,NORMA-15339,103
16,NORMA-19729,104
16,NORMA-22561,105
16,NORMA-13918,106
16,NORMA-21443,107
16,NORMA-13470,108
16,NORMA-21186,109
16,NORMA-20936,110
16,NORMA-27044,111
16,NORMA-20847,112
16,NORMA-18450,113
16,NORMA-21187,114
16,NORMA-20705,115
16,NORMA-20278,116
16,NORMA-18528,117
16,NORMA-20712,118
16,NORMA-13158,119
16,NORMA-20922,120
16,NORMA-21609,121
16,NORMA-21497,122
16,NORMA-21717,123
16,NORMA-6685,124
16,NORMA-6184,125
16,NORMA-20234,126
16,NORMA-3966,127
16,NORMA-21086,128
16,NORMA-20945,129
16,NORMA-21301,130
16,NORMA-21148,131
16,NORMA-20894,132
16,NORMA-21606,133
16,NORMA-20613,134
16,NORMA-20927,135
16,NORMA-20812,136
16,NORMA-18697,137
16,NORMA-14937,138
16,NORMA-18753,139
16,NORMA-20704,140
16,NORMA-20983,141
16,NORMA-21194,142
16,NORMA-21286,143
16,NORMA-20703,144
16,NORMA-21205,145
16,NORMA-19578,146
16,NORMA-21608,147
16,NORMA-20990,148
16,NORMA-20815,149
16,NORMA-18574,150
16,NORMA-18418,151
16,NORMA-20274,152
16,NORMA-19431,153
16,NORMA-21698,154
16,NORMA-20730,155
16,NORMA-21178,156
16,NORMA-20924,157
16,NORMA-21669,158
16,NORMA-20248,159
16,NORMA-19602,160
16,NORMA-883,161
16,NORMA-20202,162
16,NORMA-20591,163
16,NORMA-19959,164
16,NORMA-3571,165
16,NORMA-19589,166
16,NORMA-19925,167
16,NORMA-18591,168
16,NORMA-21140,169
16,NORMA-19003,170
16,NORMA-19587,171
16,NORMA-18280,172
16,NORMA-21562,173
16,NORMA-18961,174
16,NORMA-18691,175
16,NORMA-20880,176
16,NORMA-20852,177
16,NORMA-21470,178
16,NORMA-19948,179
16,NORMA-18800,180
16,NORMA-18689,181
16,NORMA-21124,182
16,NORMA-19408,183
16,NORMA-18769,184
16,NORMA-19467,185
16,NORMA-20135,186
16,NORMA-21206,187
16,NORMA-20632,188
16,NORMA-19477,189
16,NORMA-19330,190
16,NORMA-18227,191
16,NORMA-19337,192
16,NORMA-19542,193
16,NORMA-19437,194
16,NORMA-19972,195
16,NORMA-20306,196
16,NORMA-20813,197
16,NORMA-13797,198
16,NORMA-19979,199
16,NORMA-21309,200
16,NORMA-19278,201
16,NORMA-20921,202
16,NORMA-18633,203
16,NORMA-18962,204
16,NORMA-20240,205
16,NORMA-19528,206
16,NORMA-3001,207
16,NORMA-18673,208
16,NORMA-21499,209
16,NORMA-21595,210
16,NORMA-21634,211
16,NORMA-19192,212
16,NORMA-21503,213
16,NORMA-20622,214
16,NORMA-18682,215
16,NORMA-21788,216
16,NORMA-19124,217
16,NORMA-20630,218
16,NORMA-1510,219
16,NORMA-18221,220
16,NORMA-21351,221
16,NORMA-19181,222
16,NORMA-7280,223
16,NORMA-578,224
16,NORMA-18420,225
16,NORMA-21522,226
16,NORMA-570,227
16,NORMA-19223,228
16,NORMA-13671,229
16,NORMA-19650,230
16,NORMA-18341,231
16,NORMA-20931,232
16,NORMA-19444,233
16,NORMA-20761,234
16,NORMA-18994,235
16,NORMA-21131,236
16,NORMA-18685,237
16,NORMA-18654,238
16,NORMA-15603,239
16,NORMA-13990,240
16,NORMA-20237,241
16,NORMA-20985,242
16,NORMA-18391,243
16,NORMA-21434,244
16,NORMA-2144,245
16,NORMA-21085,246
16,NORMA-6253,247
16,NORMA-20948,248
16,NORMA-18999,249
16,NORMA-18386,250
16,NORMA-3589,251
16,NORMA-19780,252
16,NORMA-19240,253
16,NORMA-21381,254
16,NORMA-11144,255
16,NORMA-21367,256
16,NORMA-4003,257
16,NORMA-14099,258
16,NORMA-18427,259
16,NORMA-19081,260
16,NORMA-19021,261
16,NORMA-19691,262
16,NORMA-5372,263
16,NORMA-19526,264
16,NORMA-10797,265
16,NORMA-19968,266
16,NORMA-13174,267
16,NORMA-19942,268
16,NORMA-19629,269
16,NORMA-21273,270
16,NORMA-658,271
16,NORMA-21659,272
16,NORMA-19426,273
16,NORMA-19103,274
16,NORMA-21695,275
16,NORMA-20907,276
16,NORMA-12858,277
16,NORMA-21199,278
16,NORMA-36,279
16,NORMA-6479,280
16,NORMA-7554,281
16,NORMA-18804,282
16,NORMA-20976,283
16,NORMA-21364,284
16,NORMA-21163,285
16,NORMA-5849,286
16,NORMA-11557,287
16,NORMA-14547,288
16,NORMA-21768,289
16,NORMA-19727,290
16,NORMA-20845,291
16,NORMA-21456,292
16,NORMA-20911,293
16,NORMA-21739,294
16,NORMA-18877,295
16,NORMA-19622,296
16,NORMA-21420,297
16,NORMA-21675,298
16,NORMA-21277,299
16,NORMA-15071,300
16,NORMA-9457,301
16,NORMA-6203,302
16,NORMA-20758,303
16,NORMA-21580,304
16,NORMA-8938,305
16,NORMA-20841,306
16,NORMA-4926,307
16,NORMA-5607,308
16,NORMA-20058,309
16,NORMA-19512,310
16,NORMA-20308,311
16,NORMA-18690,312
16,NORMA-20943,313
16,NORMA-13265,314
16,NORMA-20623,315
16,NORMA-20284,316
16,NORMA-12630,317
16,NORMA-15208,318
16,NORMA-4277,319
16,NORMA-19655,320
16,NORMA-6075,321
16,NORMA-21389,322
16,NORMA-20070,323
16,NORMA-18677,324
16,NORMA-20859,325
16,NORMA-19930,326
16,NORMA-18328,327
16,NORMA-18780,328
16,NORMA-20696,329
16,NORMA-18939,330
16,NORMA-21459,331
16,NORMA-20249,332
16,NORMA-18294,333
16,NORMA-2066,334
16,NORMA-2555,335
16,NORMA-229,336
16,NORMA-5853,337
16,NORMA-21607,338
16,NORMA-18201,339
16,NORMA-19694,340
16,NORMA-19321,341
16,NORMA-18401,342
16,NORMA-5417,343
16,NORMA-21417,344
16,NORMA-26881,345
16,NORMA-20891,346
16,NORMA-20731,347
16,NORMA-18536,348
16,NORMA-6755,349
16,NORMA-18554,350
16,NORMA-18555,351
16,NORMA-18463,352
16,NORMA-18747,353
16,NORMA-20888,354
16,NORMA-19927,355
16,NORMA-19799,356
16,NORMA-10865,357
16,NORMA-18456,358
16,NORMA-9358,359
16,NORMA-18858,360
16,NORMA-20561,361
16,NORMA-20962,362
16,NORMA-10749,363
16,NORMA-19000,364
16,NORMA-11692,365
16,NORMA-21666,366
16,NORMA-18668,367
16,NORMA-21019,368
16,NORMA-18996,369
16,NORMA-23881,370
16,NORMA-20269,371
16,NORMA-19630,372
16,NORMA-21626,373
16,NORMA-21203,374
16,NORMA-19096,375
16,NORMA-21004,376
16,NORMA-4425,377
16,NORMA-29421,378
16,NORMA-21776,379
16,NORMA-18252,380
16,NORMA-20616,381
16,NORMA-20073,382
16,NORMA-4182,383
16,NORMA-206,384
16,NORMA-20786,385
16,NORMA-18550,386
16,NORMA-20915,387
16,NORMA-19689,388
16,NORMA-20941,389
16,NORMA-19095,390
16,NORMA-18832,391
16,NORMA-19682,392
16,NORMA-18693,393
16,NORMA-21550,394
16,NORMA-18527,395
16,NORMA-18748,396
16,NORMA-21418,397
16,NORMA-21369,398
16,NORMA-20934,399
16,NORMA-10123,400
16,NORMA-19969,401
16,NORMA-18354,402
16,NORMA-20939,403
16,NORMA-7168,404
16,NORMA-18744,405
16,NORMA-23222,406
16,NORMA-15283,407
16,NORMA-18545,408
16,NORMA-19387,409
16,NORMA-21207,410
16,NORMA-11316,411
16,NORMA-18577,412
16,NORMA-21069,413
16,NORMA-19245,414
16,NORMA-3503,415
16,NORMA-20963,416
16,NORMA-20626,417
16,NORMA-224,418
16,NORMA-19027,419
16,NORMA-22861,420
16,NORMA-19009,421
16,NORMA-14987,422
16,NORMA-20602,423
16,NORMA-5431,424
16,NORMA-20421,425
16,NORMA-20241,426
16,NORMA-13138,427
16,NORMA-21279,428
16,NORMA-20190,429
16,NORMA-20917,430
16,NORMA-20729,431
16,NORMA-20222,432
16,NORMA-20772,433
16,NORMA-21509,434
16,NORMA-22461,435
16,NORMA-20893,436
16,NORMA-20574,437
16,NORMA-18424,438
16,NORMA-20238,439
16,NORMA-25902,440
16,NORMA-19515,441
16,NORMA-12063,442
16,NORMA-18446,443
16,NORMA-14498,444
16,NORMA-18524,445
16,NORMA-19078,446
16,NORMA-21408,447
16,NORMA-19828,448
16,NORMA-4820,449
16,NORMA-19032,450
16,NORMA-20151,451
16,NORMA-25621,452
16,NORMA-20291,453
16,NORMA-23521,454
16,NORMA-15045,455
16,NORMA-3942,456
16,NORMA-6245,457
16,NORMA-689,458
16,NORMA-19256,459
16,NORMA-21575,460
16,NORMA-20443,461
16,NORMA-21297,462
16,NORMA-14542,463
16,NORMA-21274,464
16,NORMA-18767,465
16,NORMA-21065,466
16,NORMA-21477,467
16,NORMA-23682,468
16,NORMA-21264,469
16,NORMA-21390,470
16,NORMA-18616,471
16,NORMA-15821,472
16,NORMA-18216,473
16,NORMA-21663,474
16,NORMA-21059,475
16,NORMA-19473,476
16,NORMA-21710,477
16,NORMA-20267,478
16,NORMA-11601,479
16,NORMA-21278,480
16,NORMA-19281,481
16,NORMA-18709,482
16,NORMA-18284,483
16,NORMA-21641,484
16,NORMA-13848,485
16,NORMA-20049,486
16,NORMA-2301,487
16,NORMA-21052,488
16,NORMA-18659,489
16,NORMA-1608,490
16,NORMA-19297,491
16,NORMA-21231,492
16,NORMA-18576,493
16,NORMA-18319,494
16,NORMA-18531,495
16,NORMA-11226,496
16,NORMA-20582,497
16,NORMA-21242,498
16,NORMA-309,499
16,NORMA-21674,500
16,NORMA-10531,501
16,NORMA-20452,502
16,NORMA-1303,503
16,NORMA-20861,504
16,NORMA-19138,505
16,NORMA-12066,506
16,NORMA-2537,507
16,NORMA-2126,508
16,NORMA-18722,509
16,NORMA-11470,510
16,NORMA-20491,511
16,NORMA-21767,512
16,NORMA-19149,513
16,NORMA-21184,514
16,NORMA-19667,515
16,NORMA-18781,516
16,NORMA-20150,517
16,NORMA-19295,518
16,NORMA-21055,519
16,NORMA-21000,520
16,NORMA-21225,521
16,NORMA-2375,522
16,NORMA-20771,523
16,NORMA-20993,524
16,NORMA-18303,525
16,NORMA-18967,526
16,NORMA-27121,527
16,NORMA-20737,528
16,NORMA-20619,529
16,NORMA-20426,530
16,NORMA-13298,531
16,NORMA-21585,532
16,NORMA-21729,533
16,NORMA-1641,534
16,NORMA-18626,535
16,NORMA-21135,536
16,NORMA-18302,537
16,NORMA-20280,538
16,NORMA-18429,539
16,NORMA-19583,540
16,NORMA-19231,541
16,NORMA-18835,542
16,NORMA-18530,543
16,NORMA-19581,544
16,NORMA-24,545
16,NORMA-21474,546
16,NORMA-18656,547
16,NORMA-23341,548
16,NORMA-18325,549
16,NORMA-19725,550
16,NORMA-2362,551
16,NORMA-18756,552
16,NORMA-19442,553
16,NORMA-26841,554
16,NORMA-21241,555
16,NORMA-27761,556
16,NORMA-21267,557
16,NORMA-19750,558
16,NORMA-21387,559
16,NORMA-20193,560
16,NORMA-20236,561
16,NORMA-11683,562
16,NORMA-27001,563
16,NORMA-18989,564
16,NORMA-20914,565
16,NORMA-18646,566
16,NORMA-5008,567
16,NORMA-18434,568
16,NORMA-21648,569
16,NORMA-19546,570
16,NORMA-19646,571
16,NORMA-21647,572
16,NORMA-20279,573
16,NORMA-11630,574
16,NORMA-20157,575
16,NORMA-21157,576
16,NORMA-19490,577
16,NORMA-2447,578
16,NORMA-20188,579
16,NORMA-19794,580
16,NORMA-4297,581
16,NORMA-7146,582
16,NORMA-21407,583
16,NORMA-20397,584
16,NORMA-28561,585
16,NORMA-18202,586
16,NORMA-19658,587
16,NORMA-21126,588
16,NORMA-20876,589
16,NORMA-18870,590
16,NORMA-21114,591
16,NORMA-20199,592
16,NORMA-20377,593
16,NORMA-21060,594
16,NORMA-21650,595
16,NORMA-20164,596
16,NORMA-19588,597
16,NORMA-19514,598
16,NORMA-20879,599
16,NORMA-4898,600
16,NORMA-20191,601
16,NORMA-21520,602
16,NORMA-18436,603
16,NORMA-20077,604
16,NORMA-18021,605
16,NORMA-21192,606
16,NORMA-22401,607
16,NORMA-18335,608
16,NORMA-29764,609
16,NORMA-3181,610
16,NORMA-20297,611
16,NORMA-20803,612
16,NORMA-18950,613
16,NORMA-21328,614
16,NORMA-18878,615
16,NORMA-21280,616
16,NORMA-19580,617
16,NORMA-21129,618
16,NORMA-17321,619
16,NORMA-21238,620
16,NORMA-19355,621
16,NORMA-19845,622
16,NORMA-534,623
16,NORMA-646,624
16,NORMA-19730,625
16,NORMA-20239,626
16,NORMA-18750,627
16,NORMA-21108,628
16,NORMA-21774,629
16,NORMA-19797,630
16,NORMA-19735,631
16,NORMA-729,632
16,NORMA-20892,633
16,NORMA-18681,634
16,NORMA-19878,635
16,NORMA-19911,636
16,NORMA-20185,637
16,NORMA-20494,638
16,NORMA-20684,639
16,NORMA-20824,640
16,NORMA-21110,641
16,NORMA-27403,642
16,NORMA-20810,643
16,NORMA-20298,644
16,NORMA-19984,645
16,NORMA-20802,646
16,NORMA-19017,647
16,NORMA-2587,648
16,NORMA-12739,649
16,NORMA-1348,650
16,NORMA-21500,651
16,NORMA-21005,652
16,NORMA-22941,653
16,NORMA-19206,654
16,NORMA-11670,655
16,NORMA-19393,656
16,NORMA-21036,657
16,NORMA-6354,658
16,NORMA-19570,659
16,NORMA-20996,660
16,NORMA-13998,661
16,NORMA-13772,662
16,NORMA-19014,663
16,NORMA-21705,664
16,NORMA-18313,665
16,NORMA-20429,666
16,NORMA-16202,667
16,NORMA-18368,668
16,NORMA-11723,669
16,NORMA-19607,670
16,NORMA-18314,671
16,NORMA-18844,672
16,NORMA-20887,673
16,NORMA-18733,674
16,NORMA-21444,675
16,NORMA-19191,676
16,NORMA-19636,677
16,NORMA-19609,678
16,NORMA-21250,679
16,NORMA-21073,680
16,NORMA-10034,681
16,NORMA-19733,682
16,NORMA-1603,683
16,NORMA-21757,684
16,NORMA-20134,685
16,NORMA-20129,686
16,NORMA-20172,687
16,NORMA-21312,688
16,NORMA-20796,689
16,NORMA-20524,690
16,NORMA-19174,691
16,NORMA-6389,692
16,NORMA-24885,693
16,NORMA-26124,694
16,NORMA-11612,695
16,NORMA-20713,696
16,NORMA-18583,697
16,NORMA-21535,698
16,NORMA-12880,699
16,NORMA-18660,700
16,NORMA-18537,701
16,NORMA-20182,702
16,NORMA-19232,703
16,NORMA-19643,704
16,NORMA-18533,705
16,NORMA-28623,706
16,NORMA-20224,707
16,NORMA-19205,708
16,NORMA-18801,709
16,NORMA-20710,710
16,NORMA-18972,711
16,NORMA-18859,712
16,NORMA-6764,713
16,NORMA-1649,714
16,NORMA-20865,715
16,NORMA-14501,716
16,NORMA-18669,717
16,NORMA-18605,718
16,NORMA-25523,719
16,NORMA-20211,720
16,NORMA-20751,721
16,NORMA-21028,722
16,NORMA-21643,723
16,NORMA-19128,724
16,NORMA-21283,725
16,NORMA-21437,726
16,NORMA-20319,727
16,NORMA-18542,728
16,NORMA-19262,729
16,NORMA-12030,730
16,NORMA-21255,731
16,NORMA-20577,732
16,NORMA-20551,733
16,NORMA-18286,734
16,NORMA-20999,735
16,NORMA-21631,736
16,NORMA-1373,737
16,NORMA-19634,738
16,NORMA-20643,739
16,NORMA-14508,740
16,NORMA-9111,741
16,NORMA-19535,742
16,NORMA-21121,743
16,NORMA-20863,744
16,NORMA-19620,745
16,NORMA-21709,746
16,NORMA-19061,747
16,NORMA-535,748
16,NORMA-19429,749
16,NORMA-22721,750
16,NORMA-20081,751
16,NORMA-20366,752
16,NORMA-21697,753
16,NORMA-20799,754
16,NORMA-20287,755
16,NORMA-13056,756
16,NORMA-21063,757
16,NORMA-19724,758
16,NORMA-20201,759
16,NORMA-21744,760
16,NORMA-20995,761
16,NORMA-20432,762
16,NORMA-21616,763
16,NORMA-18981,764
16,NORMA-18730,765
16,NORMA-20460,766
16,NORMA-21300,767
16,NORMA-18375,768
16,NORMA-20349,769
16,NORMA-3502,770
16,NORMA-19152,771
16,NORMA-11454,772
16,NORMA-6700,773
16,NORMA-31905,774
16,NORMA-21200,775
16,NORMA-12900,776
16,NORMA-12901,777
16,NORMA-20840,778
16,NORMA-19105,779
16,NORMA-20294,780
16,NORMA-18479,781
16,NORMA-21617,782
16,NORMA-7007,783
16,NORMA-10267,784
16,NORMA-21003,785
16,NORMA-19916,786
16,NORMA-21792,787
16,NORMA-18603,788
16,NORMA-20949,789
16,NORMA-11759,790
16,NORMA-889,791
16,NORMA-92,792
16,NORMA-21515,793
16,NORMA-27981,794
16,NORMA-21208,795
16,NORMA-19940,796
16,NORMA-21791,797
16,NORMA-18293,798
16,NORMA-21324,799
16,NORMA-20964,800
16,NORMA-20402,801
16,NORMA-18839,802
16,NORMA-17201,803
16,NORMA-19798,804
16,NORMA-26102,805
16,NORMA-205,806
16,NORMA-20992,807
16,NORMA-20285,808
16,NORMA-19186,809
16,NORMA-20359,810
16,NORMA-11664,811
16,NORMA-2013,812
16,NORMA-21058,813
16,NORMA-18970,814
16,NORMA-21220,815
16,NORMA-20265,816
16,NORMA-968,817
16,NORMA-21661,818
16,NORMA-616,819
16,NORMA-15662,820
16,NORMA-18405,821
16,NORMA-20873,822
16,NORMA-19499,823
16,NORMA-19329,824
16,NORMA-28361,825
16,NORMA-20301,826
16,NORMA-19674,827
16,NORMA-21405,828
16,NORMA-19258,829
16,NORMA-19595,830
16,NORMA-21523,831
16,NORMA-18741,832
16,NORMA-18958,833
16,NORMA-15060,834
16,NORMA-28466,835
16,NORMA-19809,836
16,NORMA-18394,837
16,NORMA-19537,838
16,NORMA-20709,839
16,NORMA-20465,840
16,NORMA-18205,841
16,NORMA-19600,842
16,NORMA-20732,843
16,NORMA-20474,844
16,NORMA-18886,845
16,NORMA-12099,846
16,NORMA-21299,847
16,NORMA-21506,848
16,NORMA-21521,849
16,NORMA-21783,850
16,NORMA-21366,851
16,NORMA-21419,852
16,NORMA-19731,853
16,NORMA-21356,854
16,NORMA-11515,855
16,NORMA-21165,856
16,NORMA-416,857
16,NORMA-1132,858
16,NORMA-24582,859
16,NORMA-20225,860
16,NORMA-18648,861
16,NORMA-6022,862
16,NORMA-19977,863
16,NORMA-18388,864
16,NORMA-21821,865
16,NORMA-18287,866
16,NORMA-18435,867
16,NORMA-25645,868
16,NORMA-24001,869
16,NORMA-18979,870
16,NORMA-1143,871
16,NORMA-20583,872
16,NORMA-19639,873
16,NORMA-21149,874
16,NORMA-7095,875
16,NORMA-12103,876
16,NORMA-21175,877
16,NORMA-19343,878
16,NORMA-17221,879
16,NORMA-24905,880
16,NORMA-20797,881
16,NORMA-20141,882
16,NORMA-509,883
16,NORMA-18922,884
16,NORMA-21728,885
16,NORMA-21113,886
16,NORMA-19621,887
16,NORMA-18906,888
16,NORMA-480,889
16,NORMA-21519,890
16,NORMA-12230,891
16,NORMA-913,892
16,NORMA-19279,893
16,NORMA-23581,894
16,NORMA-20039,895
16,NORMA-18992,896
16,NORMA-20576,897
16,NORMA-18638,898
16,NORMA-24661,899
16,NORMA-20091,900
16,NORMA-20374,901
16,NORMA-1567,902
16,NORMA-11784,903
16,NORMA-6753,904
16,NORMA-579,905
16,NORMA-18796,906
16,NORMA-19941,907
16,NORMA-18562,908
16,NORMA-221,909
16,NORMA-26701,910
16,NORMA-18451,911
16,NORMA-19221,912
16,NORMA-11603,913
16,NORMA-19751,914
16,NORMA-16941,915
16,NORMA-12231,916
16,NORMA-20633,917
16,NORMA-21564,918
16,NORMA-2660,919
16,NORMA-19448,920
16,NORMA-18901,921
16,NORMA-20763,922
16,NORMA-20906,923
16,NORMA-2005,924
16,NORMA-11788,925
16,NORMA-19249,926
16,NORMA-20766,927
16,NORMA-20724,928
16,NORMA-11513,929
16,NORMA-4318,930
16,NORMA-11730,931
16,NORMA-21752,932
16,NORMA-21008,933
16,NORMA-19020,934
16,NORMA-20950,935
16,NORMA-11729,936
16,NORMA-21537,937
16,NORMA-6684,938
16,NORMA-19571,939
16,NORMA-19628,940
16,NORMA-21613,941
16,NORMA-21062,942
16,NORMA-20811,943
16,NORMA-11521,944
16,NORMA-21147,945
16,NORMA-12007,946
16,NORMA-19072,947
16,NORMA-20501,948
16,NORMA-12233,949
16,NORMA-18674,950
16,NORMA-6710,951
16,NORMA-20886,952
16,NORMA-19291,953
16,NORMA-12000,954
16,NORMA-20251,955
16,NORMA-20930,956
16,NORMA-20382,957
16,NORMA-19903,958
16,NORMA-19596,959
16,NORMA-1672,960
16,NORMA-16403,961
16,NORMA-18332,962
16,NORMA-20890,963
16,NORMA-27341,964
16,NORMA-21563,965
16,NORMA-2183,966
16,NORMA-11573,967
16,NORMA-20204,968
16,NORMA-19051,969
16,NORMA-4539,970
16,NORMA-21196,971
16,NORMA-6676,972
16,NORMA-12003,973
16,NORMA-31903,974
16,NORMA-20925,975
16,NORMA-21653,976
16,NORMA-20869,977
16,NORMA-19371,978
16,NORMA-19933,979
16,NORMA-20778,980
16,NORMA-21584,981
16,NORMA-18980,982
16,NORMA-837,983
16,NORMA-1370,984
16,NORMA-18734,985
16,NORMA-21343,986
16,NORMA-16481,987
16,NORMA-21678,988
16,NORMA-228,989
16,NORMA-11518,990
16,NORMA-54,991
16,NORMA-18955,992
16,NORMA-28586,993
16,NORMA-2425,994
16,NORMA-11606,995
16,NORMA-8931,996
16,NORMA-20106,997
16,NORMA-19417,998
16,NORMA-20590,999
16,NORMA-21651,1000
17,NORMA-5751,1
17,NORMA-3509,2
17,NORMA-5162,3
17,NORMA-5969,4
17,NORMA-4279,5
17,NORMA-8771,6
17,NORMA-5184,7
17,NORMA-3662,8
17,NORMA-11263,9
17,NORMA-12649,10
17,NORMA-13594,11
17,NORMA-11086,12
17,NORMA-12631,13
17,NORMA-21122,14
17,NORMA-14652,15
17,NORMA-13552,16
17,NORMA-6895,17
17,NORMA-27063,18
17,NORMA-14302,19
17,NORMA-18781,20
17,NORMA-27449,21
17,NORMA-21185,22
17,NORMA-20585,23
17,NORMA-20586,24
17,NORMA-19281,25
17,NORMA-21191,26
17,NORMA-20883,27
17,NORMA-20799,28
17,NORMA-20274,29
17,NORMA-20762,30
17,NORMA-20737,31
17,NORMA-18337,32
17,NORMA-7233,33
17,NORMA-16382,34
17,NORMA-20562,35
17,NORMA-3978,36
17,NORMA-14725,37
17,NORMA-20921,38
17,NORMA-19913,39
17,NORMA-19071,40
17,NORMA-18609,41
17,NORMA-19066,42
17,NORMA-19008,43
17,NORMA-20863,44
17,NORMA-20963,45
17,NORMA-6184,46
17,NORMA-6685,47
17,NORMA-8161,48
17,NORMA-19634,49
17,NORMA-4052,50
17,NORMA-6439,51
17,NORMA-3638,52
17,NORMA-19689,53
17,NORMA-19205,54
17,NORMA-12161,55
17,NORMA-7028,56
17,NORMA-20234,57
17,NORMA-7326,58
17,NORMA-7351,59
17,NORMA-13029,60
17,NORMA-9147,61
17,NORMA-11300,62
17,NORMA-6720,63
17,NORMA-21564,64
17,NORMA-19646,65
17,NORMA-26003,66
17,NORMA-14279,67
17,NORMA-18530,68
17,NORMA-19245,69
17,NORMA-21744,70
17,NORMA-19704,71
17,NORMA-19968,72
17,NORMA-19329,73
17,NORMA-18747,74
17,NORMA-21192,75
17,NORMA-21309,76
17,NORMA-20219,77
17,NORMA-21238,78
17,NORMA-18967,79
17,NORMA-3966,80
17,NORMA-19337,81
17,NORMA-21279,82
17,NORMA-14345,83
17,NORMA-13995,84
17,NORMA-14113,85
17,NORMA-7525,86
17,NORMA-15027,87
17,NORMA-3642,88
17,NORMA-7241,89
17,NORMA-11417,90
17,NORMA-21231,91
17,NORMA-13519,92
17,NORMA-20300,93
17,NORMA-19408,94
17,NORMA-20995,95
17,NORMA-6509,96
17,NORMA-7651,97
17,NORMA-4818,98
17,NORMA-9823,99
17,NORMA-21226,100
17,NORMA-6344,101
17,NORMA-21241,102
17,NORMA-18531,103
17,NORMA-21631,104
17,NORMA-6343,105
17,NORMA-6318,106
17,NORMA-20402,107
17,NORMA-3979,108
17,NORMA-27022,109
17,NORMA-15211,110
17,NORMA-12067,111
17,NORMA-5170,112
17,NORMA-6962,113
17,NORMA-20865,114
17,NORMA-19667,115
17,NORMA-14937,116
17,NORMA-13158,117
17,NORMA-29005,118
17,NORMA-13469,119
17,NORMA-19515,120
17,NORMA-27761,121
17,NORMA-16202,122
17,NORMA-19095,123
17,NORMA-21634,124
17,NORMA-13323,125
17,NORMA-19387,126
17,NORMA-6621,127
17,NORMA-19152,128
17,NORMA-11655,129
17,NORMA-14239,130
17,NORMA-21776,131
17,NORMA-9382,132
17,NORMA-6948,133
17,NORMA-15237,134
17,NORMA-8028,135
17,NORMA-9834,136
17,NORMA-6185,137
17,NORMA-14744,138
17,NORMA-20932,139
17,NORMA-20935,140
17,NORMA-20588,141
17,NORMA-12911,142
17,NORMA-1776,143
17,NORMA-12490,144
17,NORMA-20815,145
17,NORMA-9670,146
17,NORMA-18380,147
17,NORMA-21200,148
17,NORMA-7939,149
17,NORMA-18992,150
17,NORMA-27341,151
17,NORMA-21425,152
17,NORMA-31905,153
17,NORMA-18734,154
17,NORMA-21679,155
17,NORMA-12437,156
17,NORMA-6092,157
17,NORMA-6410,158
17,NORMA-26901,159
17,NORMA-12522,160
17,NORMA-21555,161
17,NORMA-19290,162
17,NORMA-19579,163
17,NORMA-20291,164
17,NORMA-21301,165
17,NORMA-20920,166
17,NORMA-21091,167
17,NORMA-26065,168
17,NORMA-12730,169
17,NORMA-21289,170
17,NORMA-20237,171
17,NORMA-21640,172
17,NORMA-976,173
17,NORMA-21565,174
17,NORMA-21759,175
17,NORMA-21500,176
17,NORMA-6448,177
17,NORMA-21586,178
17,NORMA-20812,179
17,NORMA-21626,180
17,NORMA-21443,181
17,NORMA-22541,182
17,NORMA-13162,183
17,NORMA-13108,184
17,NORMA-14390,185
17,NORMA-18335,186
17,NORMA-21515,187
17,NORMA-5950,188
17,NORMA-13957,189
17,NORMA-23242,190
17,NORMA-20228,191
17,NORMA-5977,192
17,NORMA-19535,193
17,NORMA-16961,194
17,NORMA-14178,195
17,NORMA-7645,196
17,NORMA-5603,197
17,NORMA-27541,198
17,NORMA-19855,199
17,NORMA-7239,200
17,NORMA-20591,201
17,NORMA-20193,202
17,NORMA-11157,203
17,NORMA-12492,204
17,NORMA-12965,205
17,NORMA-20139,206
17,NORMA-19310,207
17,NORMA-15821,208
17,NORMA-19265,209
17,NORMA-21025,210
17,NORMA-10819,211
17,NORMA-4051,212
17,NORMA-18907,213
17,NORMA-19802,214
17,NORMA-21772,215
17,NORMA-13848,216
17,NORMA-10818,217
17,NORMA-7399,218
17,NORMA-29507,219
17,NORMA-13403,220
17,NORMA-18839,221
17,NORMA-19298,222
17,NORMA-10378,223
17,NORMA-19846,224
17,NORMA-5703,225
17,NORMA-18750,226
17,NORMA-24102,227
17,NORMA-6167,228
17,NORMA-11738,229
17,NORMA-20647,230
17,NORMA-18227,231
17,NORMA-2399,232
17,NORMA-18334,233
17,NORMA-21476,234
17,NORMA-21353,235
17,NORMA-21541,236
17,NORMA-14561,237
17,NORMA-13863,238
17,NORMA-7522,239
17,NORMA-20964,240
17,NORMA-21756,241
17,NORMA-20036,242
17,NORMA-19580,243
17,NORMA-13514,244
17,NORMA-21637,245
17,NORMA-18627,246
17,NORMA-23027,247
17,NORMA-11416,248
17,NORMA-5631,249
17,NORMA-21166,250
17,NORMA-18691,251
17,NORMA-19732,252
17,NORMA-21528,253
17,NORMA-28321,254
17,NORMA-8700,255
17,NORMA-6069,256
17,NORMA-11046,257
17,NORMA-2190,258
17,NORMA-22001,259
17,NORMA-8196,260
17,NORMA-18868,261
17,NORMA-1295,262
17,NORMA-21449,263
17,NORMA-19555,264
17,NORMA-8194,265
17,NORMA-6207,266
17,NORMA-20943,267
17,NORMA-14800,268
17,NORMA-14726,269
17,NORMA-12569,270
17,NORMA-819,271
17,NORMA-13711,272
17,NORMA-11319,273
17,NORMA-21448,274
17,NORMA-18959,275
17,NORMA-14377,276
17,NORMA-12505,277
17,NORMA-20908,278
17,NORMA-19858,279
17,NORMA-19840,280
17,NORMA-21534,281
17,NORMA-3622,282
17,NORMA-21361,283
17,NORMA-21576,284
17,NORMA-6198,285
17,NORMA-18350,286
17,NORMA-21601,287
17,NORMA-9844,288
17,NORMA-4318,289
17,NORMA-28822,290
17,NORMA-25202,291
17,NORMA-6769,292
17,NORMA-18443,293
17,NORMA-19418,294
17,NORMA-18598,295
17,NORMA-21612,296
17,NORMA-6085,297
17,NORMA-6639,298
17,NORMA-26726,299
17,NORMA-18399,300
17,NORMA-10034,301
17,NORMA-20745,302
17,NORMA-20255,303
17,NORMA-10219,304
17,NORMA-19709,305
17,NORMA-18875,306
17,NORMA-1721,307
17,NORMA-20260,308
17,NORMA-28762,309
17,NORMA-19320,310
17,NORMA-20256,311
17,NORMA-19496,312
17,NORMA-20587,313
17,NORMA-20259,314
17,NORMA-20233,315
17,NORMA-18594,316
17,NORMA-21038,317
17,NORMA-19020,318
17,NORMA-20648,319
17,NORMA-20596,320
17,NORMA-21400,321
17,NORMA-20746,322
17,NORMA-20788,323
17,NORMA-6673,324
17,NORMA-9681,325
17,NORMA-13222,326
17,NORMA-20740,327
17,NORMA-20158,328
17,NORMA-20996,329
17,NORMA-24583,330
17,NORMA-9067,331
17,NORMA-21218,332
17,NORMA-18652,333
17,NORMA-20867,334
17,NORMA-19921,335
17,NORMA-20565,336
17,NORMA-18575,337
17,NORMA-18268,338
17,NORMA-18482,339
17,NORMA-19943,340
17,NORMA-20261,341
17,NORMA-20242,342
17,NORMA-21596,343
17,NORMA-18808,344
17,NORMA-21646,345
17,NORMA-18715,346
17,NORMA-18666,347
17,NORMA-18507,348
17,NORMA-18785,349
17,NORMA-21119,350
17,NORMA-20276,351
17,NORMA-9848,352
17,NORMA-18716,353
17,NORMA-18665,354
17,NORMA-18505,355
17,NORMA-18851,356
17,NORMA-18784,357
17,NORMA-18481,358
17,NORMA-21161,359
17,NORMA-20640,360
17,NORMA-19807,361
17,NORMA-218,362
17,NORMA-2385,363
17,NORMA-18853,364
17,NORMA-21118,365
17,NORMA-20618,366
17,NORMA-6637,367
17,NORMA-21102,368
17,NORMA-21179,369
17,NORMA-20776,370
17,NORMA-6749,371
17,NORMA-19607,372
17,NORMA-13170,373
17,NORMA-21034,374
17,NORMA-20296,375
17,NORMA-20634,376
17,NORMA-20608,377
17,NORMA-19835,378
17,NORMA-13174,379
17,NORMA-3261,380
17,NORMA-10505,381
17,NORMA-9850,382
17,NORMA-10016,383
17,NORMA-19006,384
17,NORMA-18448,385
17,NORMA-20695,386
17,NORMA-17281,387
17,NORMA-28921,388
17,NORMA-19093,389
17,NORMA-962,390
17,NORMA-6248,391
17,NORMA-205,392
17,NORMA-15541,393
17,NORMA-19332,394
17,NORMA-18538,395
17,NORMA-18522,396
17,NORMA-18277,397
17,NORMA-21037,398
17,NORMA-1594,399
17,NORMA-19316,400
17,NORMA-1693,401
17,NORMA-20118,402
17,NORMA-19120,403
17,NORMA-6874,404
17,NORMA-20923,405
17,NORMA-20020,406
17,NORMA-2091,407
17,NORMA-12700,408
17,NORMA-2465,409
17,NORMA-19478,410
17,NORMA-2086,411
17,NORMA-19954,412
17,NORMA-20663,413
17,NORMA-20650,414
17,NORMA-20600,415
17,NORMA-18502,416
17,NORMA-19370,417
17,NORMA-19133,418
17,NORMA-780,419
17,NORMA-21103,420
17,NORMA-20981,421
17,NORMA-20262,422
17,NORMA-21275,423
17,NORMA-20778,424
17,NORMA-24481,425
17,NORMA-21645,426
17,NORMA-21673,427
17,NORMA-11976,428
17,NORMA-11831,429
17,NORMA-19690,430
17,NORMA-5932,431
17,NORMA-6013,432
17,NORMA-19035,433
17,NORMA-19576,434
17,NORMA-19834,435
17,NORMA-9110,436
17,NORMA-12802,437
17,NORMA-12696,438
17,NORMA-14514,439
17,NORMA-15090,440
17,NORMA-10033,441
17,NORMA-8869,442
17,NORMA-7137,443
17,NORMA-6593,444
17,NORMA-21057,445
17,NORMA-20769,446
17,NORMA-27549,447
17,NORMA-18612,448
17,NORMA-19045,449
17,NORMA-20664,450
17,NORMA-20832,451
17,NORMA-18925,452
17,NORMA-20592,453
17,NORMA-19823,454
17,NORMA-18832,455
17,NORMA-6713,456
17,NORMA-19199,457
17,NORMA-2043,458
17,NORMA-2082,459
17,NORMA-18943,460
17,NORMA-20639,461
17,NORMA-20529,462
17,NORMA-10745,463
17,NORMA-15289,464
17,NORMA-14427,465
17,NORMA-14482,466
17,NORMA-760,467
17,NORMA-8268,468
17,NORMA-6190,469
17,NORMA-18782,470
17,NORMA-18483,471
17,NORMA-21145,472
17,NORMA-1602,473
17,NORMA-1565,474
17,NORMA-11226,475
17,NORMA-10590,476
17,NORMA-7942,477
17,NORMA-15156,478
17,NORMA-19533,479
17,NORMA-19366,480
17,NORMA-18611,481
17,NORMA-19043,482
17,NORMA-6317,483
17,NORMA-6832,484
17,NORMA-6888,485
17,NORMA-21101,486
17,NORMA-1298,487
17,NORMA-20178,488
17,NORMA-19559,489
17,NORMA-10534,490
17,NORMA-21493,491
17,NORMA-6642,492
17,NORMA-18993,493
17,NORMA-2101,494
17,NORMA-120,495
17,NORMA-1714,496
17,NORMA-20271,497
17,NORMA-19747,498
17,NORMA-19811,499
17,NORMA-21281,500
17,NORMA-22841,501
17,NORMA-12411,502
17,NORMA-21442,503
17,NORMA-9350,504
17,NORMA-19145,505
17,NORMA-19113,506
17,NORMA-19068,507
17,NORMA-2149,508
17,NORMA-20306,509
17,NORMA-19225,510
17,NORMA-19658,511
17,NORMA-27248,512
17,NORMA-15317,513
17,NORMA-14256,514
17,NORMA-21455,515
17,NORMA-15074,516
17,NORMA-15158,517
17,NORMA-14582,518
17,NORMA-14564,519
17,NORMA-14565,520
17,NORMA-13498,521
17,NORMA-19083,522
17,NORMA-19058,523
17,NORMA-2489,524
17,NORMA-2105,525
17,NORMA-2094,526
17,NORMA-18455,527
17,NORMA-20910,528
17,NORMA-2117,529
17,NORMA-20853,530
17,NORMA-20848,531
17,NORMA-21160,532
17,NORMA-20669,533
17,NORMA-20785,534
17,NORMA-20658,535
17,NORMA-13948,536
17,NORMA-13941,537
17,NORMA-15114,538
17,NORMA-13350,539
17,NORMA-12819,540
17,NORMA-13805,541
17,NORMA-12150,542
17,NORMA-9169,543
17,NORMA-19385,544
17,NORMA-4687,545
17,NORMA-4171,546
17,NORMA-18599,547
17,NORMA-7073,548
17,NORMA-6446,549
17,NORMA-6246,550
17,NORMA-2337,551
17,NORMA-2106,552
17,NORMA-2133,553
17,NORMA-2134,554
17,NORMA-2249,555
17,NORMA-1645,556
17,NORMA-20952,557
17,NORMA-1859,558
17,NORMA-20162,559
17,NORMA-913,560
17,NORMA-27561,561
17,NORMA-16581,562
17,NORMA-15347,563
17,NORMA-15185,564
17,NORMA-7487,565
17,NORMA-19227,566
17,NORMA-5026,567
17,NORMA-4161,568
17,NORMA-19419,569
17,NORMA-7520,570
17,NORMA-6594,571
17,NORMA-7510,572
17,NORMA-2405,573
17,NORMA-21106,574
17,NORMA-20937,575
17,NORMA-20438,576
17,NORMA-21176,577
17,NORMA-20305,578
17,NORMA-18920,579
17,NORMA-20614,580
17,NORMA-10347,581
17,NORMA-21647,582
17,NORMA-21658,583
17,NORMA-14886,584
17,NORMA-14602,585
17,NORMA-8953,586
17,NORMA-19153,587
17,NORMA-19114,588
17,NORMA-19108,589
17,NORMA-6761,590
17,NORMA-7017,591
17,NORMA-6882,592
17,NORMA-6876,593
17,NORMA-6875,594
17,NORMA-6704,595
17,NORMA-6751,596
17,NORMA-19074,597
17,NORMA-7383,598
17,NORMA-19048,599
17,NORMA-7512,600
17,NORMA-2336,601
17,NORMA-1726,602
17,NORMA-20286,603
17,NORMA-20676,604
17,NORMA-20808,605
17,NORMA-20520,606
17,NORMA-20124,607
17,NORMA-6672,608
17,NORMA-14085,609
17,NORMA-12577,610
17,NORMA-15061,611
17,NORMA-12915,612
17,NORMA-9666,613
17,NORMA-19218,614
17,NORMA-3813,615
17,NORMA-11737,616
17,NORMA-18619,617
17,NORMA-18608,618
17,NORMA-2452,619
17,NORMA-6554,620
17,NORMA-7158,621
17,NORMA-19042,622
17,NORMA-6697,623
17,NORMA-18719,624
17,NORMA-18667,625
17,NORMA-18551,626
17,NORMA-18504,627
17,NORMA-2488,628
17,NORMA-2181,629
17,NORMA-20283,630
17,NORMA-20735,631
17,NORMA-20652,632
17,NORMA-20177,633
17,NORMA-10748,634
17,NORMA-18225,635
17,NORMA-25921,636
17,NORMA-25783,637
17,NORMA-15097,638
17,NORMA-9829,639
17,NORMA-7023,640
17,NORMA-19326,641
17,NORMA-3465,642
17,NORMA-6765,643
17,NORMA-18620,644
17,NORMA-18582,645
17,NORMA-6812,646
17,NORMA-2087,647
17,NORMA-2003,648
17,NORMA-2102,649
17,NORMA-19567,650
17,NORMA-20683,651
17,NORMA-18699,652
17,NORMA-20135,653
17,NORMA-12334,654
17,NORMA-10690,655
17,NORMA-7853,656
17,NORMA-6255,657
17,NORMA-19341,658
17,NORMA-19196,659
17,NORMA-6821,660
17,NORMA-19135,661
17,NORMA-19069,662
17,NORMA-18739,663
17,NORMA-18728,664
17,NORMA-18338,665
17,NORMA-20951,666
17,NORMA-20770,667
17,NORMA-20528,668
17,NORMA-15464,669
17,NORMA-13865,670
17,NORMA-14203,671
17,NORMA-14061,672
17,NORMA-10472,673
17,NORMA-18632,674
17,NORMA-18613,675
17,NORMA-2384,676
17,NORMA-5430,677
17,NORMA-3826,678
17,NORMA-18718,679
17,NORMA-18508,680
17,NORMA-2569,681
17,NORMA-2120,682
17,NORMA-2059,683
17,NORMA-18310,684
17,NORMA-18792,685
17,NORMA-18783,686
17,NORMA-18484,687
17,NORMA-18398,688
17,NORMA-19569,689
17,NORMA-21054,690
17,NORMA-1660,691
17,NORMA-20875,692
17,NORMA-21202,693
17,NORMA-20066,694
17,NORMA-20755,695
17,NORMA-20749,696
17,NORMA-20691,697
17,NORMA-20610,698
17,NORMA-15075,699
17,NORMA-12830,700
17,NORMA-13601,701
17,NORMA-15335,702
17,NORMA-15032,703
17,NORMA-9270,704
17,NORMA-19252,705
17,NORMA-19360,706
17,NORMA-19336,707
17,NORMA-19487,708
17,NORMA-21221,709
17,NORMA-6486,710
17,NORMA-6459,711
17,NORMA-18567,712
17,NORMA-19065,713
17,NORMA-19050,714
17,NORMA-6811,715
17,NORMA-18512,716
17,NORMA-2345,717
17,NORMA-2164,718
17,NORMA-18860,719
17,NORMA-18852,720
17,NORMA-18488,721
17,NORMA-18410,722
17,NORMA-19910,723
17,NORMA-20685,724
17,NORMA-20535,725
17,NORMA-20628,726
17,NORMA-20624,727
17,NORMA-21364,728
17,NORMA-21163,729
17,NORMA-14537,730
17,NORMA-13305,731
17,NORMA-9594,732
17,NORMA-8581,733
17,NORMA-19263,734
17,NORMA-19208,735
17,NORMA-19157,736
17,NORMA-3597,737
17,NORMA-6089,738
17,NORMA-18649,739
17,NORMA-18581,740
17,NORMA-7392,741
17,NORMA-19099,742
17,NORMA-19089,743
17,NORMA-19000,744
17,NORMA-21116,745
17,NORMA-19572,746
17,NORMA-20956,747
17,NORMA-1705,748
17,NORMA-20074,749
17,NORMA-20052,750
17,NORMA-20655,751
17,NORMA-20638,752
17,NORMA-1578,753
17,NORMA-14091,754
17,NORMA-13343,755
17,NORMA-12868,756
17,NORMA-12844,757
17,NORMA-11911,758
17,NORMA-12391,759
17,NORMA-13835,760
17,NORMA-6681,761
17,NORMA-19334,762
17,NORMA-19224,763
17,NORMA-19203,764
17,NORMA-3675,765
17,NORMA-3491,766
17,NORMA-6091,767
17,NORMA-5565,768
17,NORMA-5735,769
17,NORMA-18662,770
17,NORMA-18610,771
17,NORMA-18566,772
17,NORMA-19075,773
17,NORMA-19046,774
17,NORMA-6994,775
17,NORMA-6019,776
17,NORMA-2047,777
17,NORMA-2012,778
17,NORMA-18849,779
17,NORMA-18367,780
17,NORMA-21045,781
17,NORMA-21099,782
17,NORMA-20440,783
17,NORMA-21172,784
17,NORMA-18941,785
17,NORMA-8575,786
17,NORMA-19648,787
17,NORMA-28162,788
17,NORMA-13249,789
17,NORMA-12077,790
17,NORMA-15306,791
17,NORMA-14425,792
17,NORMA-14146,793
17,NORMA-11832,794
17,NORMA-12272,795
17,NORMA-7848,796
17,NORMA-19339,797
17,NORMA-5073,798
17,NORMA-5066,799
17,NORMA-19511,800
17,NORMA-5697,801
17,NORMA-19504,802
17,NORMA-11619,803
17,NORMA-19102,804
17,NORMA-19100,805
17,NORMA-6997,806
17,NORMA-1369,807
17,NORMA-1681,808
17,NORMA-21174,809
17,NORMA-20071,810
17,NORMA-19315,811
17,NORMA-18181,812
17,NORMA-9979,813
17,NORMA-10538,814
17,NORMA-8526,815
17,NORMA-19361,816
17,NORMA-7471,817
17,NORMA-11685,818
17,NORMA-19502,819
17,NORMA-19488,820
17,NORMA-21222,821
17,NORMA-5450,822
17,NORMA-18643,823
17,NORMA-11478,824
17,NORMA-2084,825
17,NORMA-18317,826
17,NORMA-1306,827
17,NORMA-1985,828
17,NORMA-19900,829
17,NORMA-20267,830
17,NORMA-20667,831
17,NORMA-20637,832
17,NORMA-20094,833
17,NORMA-18914,834
17,NORMA-23523,835
17,NORMA-21740,836
17,NORMA-13111,837
17,NORMA-14064,838
17,NORMA-12543,839
17,NORMA-9162,840
17,NORMA-4656,841
17,NORMA-19195,842
17,NORMA-4084,843
17,NORMA-19156,844
17,NORMA-2559,845
17,NORMA-19421,846
17,NORMA-18636,847
17,NORMA-18621,848
17,NORMA-8157,849
17,NORMA-6998,850
17,NORMA-7514,851
17,NORMA-804,852
17,NORMA-18516,853
17,NORMA-18366,854
17,NORMA-1155,855
17,NORMA-1423,856
17,NORMA-20965,857
17,NORMA-19970,858
17,NORMA-20441,859
17,NORMA-20427,860
17,NORMA-20054,861
17,NORMA-20527,862
17,NORMA-20126,863
17,NORMA-29163,864
17,NORMA-26862,865
17,NORMA-14233,866
17,NORMA-13899,867
17,NORMA-12821,868
17,NORMA-14246,869
17,NORMA-12660,870
17,NORMA-14083,871
17,NORMA-10255,872
17,NORMA-19708,873
17,NORMA-9164,874
17,NORMA-19368,875
17,NORMA-19198,876
17,NORMA-4322,877
17,NORMA-3723,878
17,NORMA-19495,879
17,NORMA-3962,880
17,NORMA-3961,881
17,NORMA-4807,882
17,NORMA-7311,883
17,NORMA-18840,884
17,NORMA-20889,885
17,NORMA-20434,886
17,NORMA-19854,887
17,NORMA-21764,888
17,NORMA-29006,889
17,NORMA-24021,890
17,NORMA-12585,891
17,NORMA-13121,892
17,NORMA-13956,893
17,NORMA-15101,894
17,NORMA-21360,895
17,NORMA-9624,896
17,NORMA-2367,897
17,NORMA-18956,898
17,NORMA-8925,899
17,NORMA-19333,900
17,NORMA-19159,901
17,NORMA-19143,902
17,NORMA-6763,903
17,NORMA-18655,904
17,NORMA-2490,905
17,NORMA-2588,906
17,NORMA-7316,907
17,NORMA-19094,908
17,NORMA-19086,909
17,NORMA-7314,910
17,NORMA-6995,911
17,NORMA-2218,912
17,NORMA-2071,913
17,NORMA-2163,914
17,NORMA-2035,915
17,NORMA-18419,916
17,NORMA-20672,917
17,NORMA-20146,918
17,NORMA-1846,919
17,NORMA-21407,920
17,NORMA-13028,921
17,NORMA-6897,922
17,NORMA-12677,923
17,NORMA-13118,924
17,NORMA-14021,925
17,NORMA-11907,926
17,NORMA-14365,927
17,NORMA-14003,928
17,NORMA-9316,929
17,NORMA-19247,930
17,NORMA-3659,931
17,NORMA-19116,932
17,NORMA-18607,933
17,NORMA-7609,934
17,NORMA-19063,935
17,NORMA-7155,936
17,NORMA-18740,937
17,NORMA-18514,938
17,NORMA-1924,939
17,NORMA-20665,940
17,NORMA-20161,941
17,NORMA-20114,942
17,NORMA-20093,943
17,NORMA-28922,944
17,NORMA-28522,945
17,NORMA-25021,946
17,NORMA-21779,947
17,NORMA-13089,948
17,NORMA-13243,949
17,NORMA-13422,950
17,NORMA-11914,951
17,NORMA-21610,952
17,NORMA-18977,953
17,NORMA-19242,954
17,NORMA-19325,955
17,NORMA-19214,956
17,NORMA-5292,957
17,NORMA-4823,958
17,NORMA-19517,959
17,NORMA-19470,960
17,NORMA-19449,961
17,NORMA-18561,962
17,NORMA-6699,963
17,NORMA-19053,964
17,NORMA-6993,965
17,NORMA-2085,966
17,NORMA-21125,967
17,NORMA-21100,968
17,NORMA-21494,969
17,NORMA-20783,970
17,NORMA-28525,971
17,NORMA-28523,972
17,NORMA-22981,973
17,NORMA-15042,974
17,NORMA-12344,975
17,NORMA-14893,976
17,NORMA-13584,977
17,NORMA-12627,978
17,NORMA-14516,979
17,NORMA-10834,980
17,NORMA-19357,981
17,NORMA-5464,982
17,NORMA-4530,983
17,NORMA-4458,984
17,NORMA-7523,985
17,NORMA-18760,986
17,NORMA-1571,987
17,NORMA-19616,988
17,NORMA-18820,989
17,NORMA-19912,990
17,NORMA-20555,991
17,NORMA-20181,992
17,NORMA-28524,993
17,NORMA-27262,994
17,NORMA-27282,995
17,NORMA-24142,996
17,NORMA-13119,997
17,NORMA-13245,998
17,NORMA-12377,999
17,NORMA-7111,1000
18,NORMA-21602,1
18,NORMA-25122,2
18,NORMA-20981,3
18,NORMA-21116,4
18,NORMA-18739,5
18,NORMA-18613,6
18,NORMA-18310,7
18,NORMA-18792,8
18,NORMA-21054,9
18,NORMA-19360,10
18,NORMA-19487,11
18,NORMA-18512,12
18,NORMA-18488,13
18,NORMA-19263,14
18,NORMA-19157,15
18,NORMA-18956,16
18,NORMA-18849,17
18,NORMA-19708,18
18,NORMA-18419,19
18,NORMA-19053,20
18,NORMA-21354,21
18,NORMA-21287,22
18,NORMA-21577,23
18,NORMA-21557,24
18,NORMA-20423,25
18,NORMA-20806,26
18,NORMA-20443,27
18,NORMA-20718,28
18,NORMA-20210,29
18,NORMA-361,30
18,NORMA-18917,31
18,NORMA-21264,32
18,NORMA-6383,33
18,NORMA-23521,34
18,NORMA-20448,35
18,NORMA-21752,36
18,NORMA-20453,37
18,NORMA-28841,38
18,NORMA-6448,39
18,NORMA-3662,40
18,NORMA-20854,41
18,NORMA-22861,42
18,NORMA-19192,43
18,NORMA-20426,44
18,NORMA-5993,45
18,NORMA-19830,46
18,NORMA-6560,47
18,NORMA-20513,48
18,NORMA-20514,49
18,NORMA-20185,50
18,NORMA-19403,51
18,NORMA-19266,52
18,NORMA-19592,53
18,NORMA-21767,54
18,NORMA-28623,55
18,NORMA-18960,56
18,NORMA-19588,57
18,NORMA-20666,58
18,NORMA-11711,59
18,NORMA-20530,60
18,NORMA-19027,61
18,NORMA-6022,62
18,NORMA-21608,63
18,NORMA-21366,64
18,NORMA-25621,65
18,NORMA-6629,66
18,NORMA-18255,67
18,NORMA-19727,68
18,NORMA-25541,69
18,NORMA-21286,70
18,NORMA-20993,71
18,NORMA-18424,72
18,NORMA-18562,73
18,NORMA-23682,74
18,NORMA-20339,75
18,NORMA-15045,76
18,NORMA-21649,77
18,NORMA-20249,78
18,NORMA-20205,79
18,NORMA-21459,80
18,NORMA-19699,81
18,NORMA-21220,82
18,NORMA-21279,83
18,NORMA-21217,84
18,NORMA-19883,85
18,NORMA-2,86
18,NORMA-21787,87
18,NORMA-20371,88
18,NORMA-20422,89
18,NORMA-18595,90
18,NORMA-21687,91
18,NORMA-18630,92
18,NORMA-2981,93
18,NORMA-21107,94
18,NORMA-19875,95
18,NORMA-20209,96
18,NORMA-21717,97
18,NORMA-26882,98
18,NORMA-19183,99
18,NORMA-21121,100
18,NORMA-21638,101
18,NORMA-20192,102
18,NORMA-21389,103
18,NORMA-19704,104
18,NORMA-19570,105
18,NORMA-20134,106
18,NORMA-20631,107
18,NORMA-20432,108
18,NORMA-18690,109
18,NORMA-21650,110
18,NORMA-21690,111
18,NORMA-19629,112
18,NORMA-19574,113
18,NORMA-18769,114
18,NORMA-19606,115
18,NORMA-19105,116
18,NORMA-2375,117
18,NORMA-18730,118
18,NORMA-20425,119
18,NORMA-20225,120
18,NORMA-20201,121
18,NORMA-2014,122
18,NORMA-21784,123
18,NORMA-17222,124
18,NORMA-20649,125
18,NORMA-18314,126
18,NORMA-22061,127
18,NORMA-19245,128
18,NORMA-19622,129
18,NORMA-21197,130
18,NORMA-20368,131
18,NORMA-18648,132
18,NORMA-18212,133
18,NORMA-20037,134
18,NORMA-20188,135
18,NORMA-20859,136
18,NORMA-19652,137
18,NORMA-20072,138
18,NORMA-21205,139
18,NORMA-7007,140
18,NORMA-396,141
18,NORMA-837,142
18,NORMA-1370,143
18,NORMA-18545,144
18,NORMA-21206,145
18,NORMA-20268,146
18,NORMA-19845,147
18,NORMA-21584,148
18,NORMA-20924,149
18,NORMA-26102,150
18,NORMA-21477,151
18,NORMA-21751,152
18,NORMA-16481,153
18,NORMA-18818,154
18,NORMA-18991,155
18,NORMA-21705,156
18,NORMA-21791,157
18,NORMA-19444,158
18,NORMA-19225,159
18,NORMA-20517,160
18,NORMA-18269,161
18,NORMA-19655,162
18,NORMA-20909,163
18,NORMA-19729,164
18,NORMA-21606,165
18,NORMA-20208,166
18,NORMA-19582,167
18,NORMA-24961,168
18,NORMA-28021,169
18,NORMA-21796,170
18,NORMA-18211,171
18,NORMA-20197,172
18,NORMA-27342,173
18,NORMA-21786,174
18,NORMA-19955,175
18,NORMA-18673,176
18,NORMA-658,177
18,NORMA-18381,178
18,NORMA-26881,179
18,NORMA-28762,180
18,NORMA-20556,181
18,NORMA-21689,182
18,NORMA-19842,183
18,NORMA-21524,184
18,NORMA-19583,185
18,NORMA-20566,186
18,NORMA-19797,187
18,NORMA-20437,188
18,NORMA-21630,189
18,NORMA-23141,190
18,NORMA-24501,191
18,NORMA-19650,192
18,NORMA-19925,193
18,NORMA-19581,194
18,NORMA-18237,195
18,NORMA-23341,196
18,NORMA-19481,197
18,NORMA-21609,198
18,NORMA-23061,199
18,NORMA-20195,200
18,NORMA-21369,201
18,NORMA-18668,202
18,NORMA-21604,203
18,NORMA-21437,204
18,NORMA-18801,205
18,NORMA-20190,206
18,NORMA-21735,207
18,NORMA-21693,208
18,NORMA-21225,209
18,NORMA-20300,210
18,NORMA-21698,211
18,NORMA-27981,212
18,NORMA-18574,213
18,NORMA-21788,214
18,NORMA-19798,215
18,NORMA-20428,216
18,NORMA-19110,217
18,NORMA-19623,218
18,NORMA-21249,219
18,NORMA-1092,220
18,NORMA-24601,221
18,NORMA-20922,222
18,NORMA-18605,223
18,NORMA-21710,224
18,NORMA-18884,225
18,NORMA-21792,226
18,NORMA-27221,227
18,NORMA-20332,228
18,NORMA-20761,229
18,NORMA-19942,230
18,NORMA-21795,231
18,NORMA-3571,232
18,NORMA-19724,233
18,NORMA-19422,234
18,NORMA-19330,235
18,NORMA-20217,236
18,NORMA-20186,237
18,NORMA-19277,238
18,NORMA-23862,239
18,NORMA-19733,240
18,NORMA-1502,241
18,NORMA-20452,242
18,NORMA-21544,243
18,NORMA-20754,244
18,NORMA-18604,245
18,NORMA-18812,246
18,NORMA-20985,247
18,NORMA-21409,248
18,NORMA-18751,249
18,NORMA-21111,250
18,NORMA-19329,251
18,NORMA-18282,252
18,NORMA-20473,253
18,NORMA-20602,254
18,NORMA-20901,255
18,NORMA-21003,256
18,NORMA-19596,257
18,NORMA-31923,258
18,NORMA-21203,259
18,NORMA-18653,260
18,NORMA-22723,261
18,NORMA-15423,262
18,NORMA-19512,263
18,NORMA-15422,264
18,NORMA-689,265
18,NORMA-13265,266
18,NORMA-20183,267
18,NORMA-12630,268
18,NORMA-21599,269
18,NORMA-21291,270
18,NORMA-15802,271
18,NORMA-18699,272
18,NORMA-25281,273
18,NORMA-19427,274
18,NORMA-20836,275
18,NORMA-20794,276
18,NORMA-21499,277
18,NORMA-20989,278
18,NORMA-18873,279
18,NORMA-21446,280
18,NORMA-18456,281
18,NORMA-21601,282
18,NORMA-11584,283
18,NORMA-4820,284
18,NORMA-21278,285
18,NORMA-21652,286
18,NORMA-14542,287
18,NORMA-19072,288
18,NORMA-21058,289
18,NORMA-21312,290
18,NORMA-20977,291
18,NORMA-19859,292
18,NORMA-20369,293
18,NORMA-18430,294
18,NORMA-2126,295
18,NORMA-15861,296
18,NORMA-19526,297
18,NORMA-23361,298
18,NORMA-20077,299
18,NORMA-18729,300
18,NORMA-21676,301
18,NORMA-19180,302
18,NORMA-20258,303
18,NORMA-12687,304
18,NORMA-15421,305
18,NORMA-22462,306
18,NORMA-13425,307
18,NORMA-380,308
18,NORMA-20571,309
18,NORMA-21184,310
18,NORMA-20978,311
18,NORMA-15401,312
18,NORMA-19969,313
18,NORMA-17321,314
18,NORMA-14420,315
18,NORMA-15209,316
18,NORMA-18222,317
18,NORMA-20966,318
18,NORMA-13002,319
18,NORMA-12776,320
18,NORMA-21537,321
18,NORMA-18293,322
18,NORMA-18691,323
18,NORMA-21697,324
18,NORMA-21300,325
18,NORMA-19863,326
18,NORMA-20962,327
18,NORMA-15222,328
18,NORMA-27687,329
18,NORMA-25523,330
18,NORMA-20408,331
18,NORMA-19221,332
18,NORMA-19442,333
18,NORMA-20894,334
18,NORMA-20949,335
18,NORMA-20474,336
18,NORMA-18528,337
18,NORMA-23661,338
18,NORMA-19437,339
18,NORMA-21004,340
18,NORMA-19824,341
18,NORMA-26887,342
18,NORMA-23642,343
18,NORMA-22501,344
18,NORMA-21595,345
18,NORMA-21699,346
18,NORMA-20184,347
18,NORMA-13534,348
18,NORMA-19968,349
18,NORMA-20990,350
18,NORMA-24362,351
18,NORMA-19084,352
18,NORMA-20477,353
18,NORMA-21317,354
18,NORMA-18915,355
18,NORMA-22262,356
18,NORMA-22502,357
18,NORMA-15442,358
18,NORMA-24343,359
18,NORMA-20039,360
18,NORMA-19191,361
18,NORMA-15345,362
18,NORMA-20316,363
18,NORMA-21605,364
18,NORMA-19715,365
18,NORMA-24641,366
18,NORMA-19124,367
18,NORMA-20206,368
18,NORMA-20376,369
18,NORMA-19219,370
18,NORMA-12982,371
18,NORMA-22643,372
18,NORMA-25902,373
18,NORMA-15441,374
18,NORMA-1154,375
18,NORMA-20231,376
18,NORMA-18958,377
18,NORMA-674,378
18,NORMA-23222,379
18,NORMA-21364,380
18,NORMA-26661,381
18,NORMA-19780,382
18,NORMA-13392,383
18,NORMA-18678,384
18,NORMA-18550,385
18,NORMA-22241,386
18,NORMA-21444,387
18,NORMA-17462,388
18,NORMA-4182,389
18,NORMA-20429,390
18,NORMA-21002,391
18,NORMA-18839,392
18,NORMA-21575,393
18,NORMA-21774,394
18,NORMA-7110,395
18,NORMA-20278,396
18,NORMA-21505,397
18,NORMA-15259,398
18,NORMA-19073,399
18,NORMA-19945,400
18,NORMA-778,401
18,NORMA-20780,402
18,NORMA-21185,403
18,NORMA-19871,404
18,NORMA-13711,405
18,NORMA-21523,406
18,NORMA-854,407
18,NORMA-18996,408
18,NORMA-18436,409
18,NORMA-21005,410
18,NORMA-26281,411
18,NORMA-19391,412
18,NORMA-18284,413
18,NORMA-28467,414
18,NORMA-19371,415
18,NORMA-19793,416
18,NORMA-27045,417
18,NORMA-27062,418
18,NORMA-18793,419
18,NORMA-19642,420
18,NORMA-19003,421
18,NORMA-20285,422
18,NORMA-20397,423
18,NORMA-20381,424
18,NORMA-19503,425
18,NORMA-5431,426
18,NORMA-18624,427
18,NORMA-20526,428
18,NORMA-20194,429
18,NORMA-20887,430
18,NORMA-19279,431
18,NORMA-26804,432
18,NORMA-20915,433
18,NORMA-18276,434
18,NORMA-23441,435
18,NORMA-18859,436
18,NORMA-19174,437
18,NORMA-23964,438
18,NORMA-18874,439
18,NORMA-23122,440
18,NORMA-21408,441
18,NORMA-19138,442
18,NORMA-113,443
18,NORMA-23103,444
18,NORMA-18286,445
18,NORMA-24881,446
18,NORMA-18682,447
18,NORMA-29764,448
18,NORMA-19499,449
18,NORMA-21782,450
18,NORMA-26163,451
18,NORMA-21124,452
18,NORMA-23121,453
18,NORMA-21241,454
18,NORMA-19947,455
18,NORMA-18835,456
18,NORMA-3181,457
18,NORMA-19256,458
18,NORMA-18243,459
18,NORMA-18755,460
18,NORMA-27403,461
18,NORMA-16462,462
18,NORMA-21619,463
18,NORMA-18999,464
18,NORMA-19609,465
18,NORMA-20204,466
18,NORMA-28361,467
18,NORMA-26564,468
18,NORMA-18775,469
18,NORMA-20796,470
18,NORMA-22661,471
18,NORMA-28422,472
18,NORMA-18479,473
18,NORMA-18420,474
18,NORMA-21461,475
18,NORMA-27421,476
18,NORMA-20199,477
18,NORMA-21156,478
18,NORMA-26781,479
18,NORMA-22941,480
18,NORMA-21569,481
18,NORMA-124,482
18,NORMA-9384,483
18,NORMA-20790,484
18,NORMA-15029,485
18,NORMA-19627,486
18,NORMA-21562,487
18,NORMA-20917,488
18,NORMA-15662,489
18,NORMA-27564,490
18,NORMA-20293,491
18,NORMA-23761,492
18,NORMA-19565,493
18,NORMA-19295,494
18,NORMA-19822,495
18,NORMA-27623,496
18,NORMA-27021,497
18,NORMA-21403,498
18,NORMA-19206,499
18,NORMA-2413,500
18,NORMA-20147,501
18,NORMA-18405,502
18,NORMA-24582,503
18,NORMA-21730,504
18,NORMA-23026,505
18,NORMA-21018,506
18,NORMA-19799,507
18,NORMA-8293,508
18,NORMA-21170,509
18,NORMA-18942,510
18,NORMA-21254,511
18,NORMA-18779,512
18,NORMA-24905,513
18,NORMA-18765,514
18,NORMA-20483,515
18,NORMA-25101,516
18,NORMA-7250,517
18,NORMA-14366,518
18,NORMA-20196,519
18,NORMA-20465,520
18,NORMA-25082,521
18,NORMA-23001,522
18,NORMA-19751,523
18,NORMA-24181,524
18,NORMA-23841,525
18,NORMA-16402,526
18,NORMA-23621,527
18,NORMA-21418,528
18,NORMA-15641,529
18,NORMA-20557,530
18,NORMA-20389,531
18,NORMA-12820,532
18,NORMA-20869,533
18,NORMA-24042,534
18,NORMA-21149,535
18,NORMA-21766,536
18,NORMA-25501,537
18,NORMA-21042,538
18,NORMA-27521,539
18,NORMA-20439,540
18,NORMA-18021,541
18,NORMA-17003,542
18,NORMA-21309,543
18,NORMA-20480,544
18,NORMA-9959,545
18,NORMA-17201,546
18,NORMA-18988,547
18,NORMA-14597,548
18,NORMA-21755,549
18,NORMA-15249,550
18,NORMA-14821,551
18,NORMA-21641,552
18,NORMA-21581,553
18,NORMA-19240,554
18,NORMA-18696,555
18,NORMA-21327,556
18,NORMA-11512,557
18,NORMA-19639,558
18,NORMA-19615,559
18,NORMA-19426,560
18,NORMA-27361,561
18,NORMA-21420,562
18,NORMA-20407,563
18,NORMA-18750,564
18,NORMA-27545,565
18,NORMA-25422,566
18,NORMA-24621,567
18,NORMA-20858,568
18,NORMA-27242,569
18,NORMA-20997,570
18,NORMA-20576,571
18,NORMA-24885,572
18,NORMA-21017,573
18,NORMA-19285,574
18,NORMA-26822,575
18,NORMA-19691,576
18,NORMA-14166,577
18,NORMA-19223,578
18,NORMA-21065,579
18,NORMA-21822,580
18,NORMA-20336,581
18,NORMA-18982,582
18,NORMA-18994,583
18,NORMA-20251,584
18,NORMA-19309,585
18,NORMA-20992,586
18,NORMA-20435,587
18,NORMA-16702,588
18,NORMA-16841,589
18,NORMA-25121,590
18,NORMA-12618,591
18,NORMA-19542,592
18,NORMA-25821,593
18,NORMA-20125,594
18,NORMA-5604,595
18,NORMA-20442,596
18,NORMA-14925,597
18,NORMA-21696,598
18,NORMA-21983,599
18,NORMA-23301,600
18,NORMA-18767,601
18,NORMA-3422,602
18,NORMA-21722,603
18,NORMA-8027,604
18,NORMA-16603,605
18,NORMA-19620,606
18,NORMA-13473,607
18,NORMA-21137,608
18,NORMA-766,609
18,NORMA-20468,610
18,NORMA-25443,611
18,NORMA-22701,612
18,NORMA-18302,613
18,NORMA-30043,614
18,NORMA-20380,615
18,NORMA-21126,616
18,NORMA-3421,617
18,NORMA-21719,618
18,NORMA-23701,619
18,NORMA-27442,620
18,NORMA-28822,621
18,NORMA-26181,622
18,NORMA-14260,623
18,NORMA-22581,624
18,NORMA-20421,625
18,NORMA-18497,626
18,NORMA-19017,627
18,NORMA-21941,628
18,NORMA-18451,629
18,NORMA-21633,630
18,NORMA-25803,631
18,NORMA-18967,632
18,NORMA-22561,633
18,NORMA-16561,634
18,NORMA-21238,635
18,NORMA-18900,636
18,NORMA-18459,637
18,NORMA-23461,638
18,NORMA-2016,639
18,NORMA-2143,640
18,NORMA-662,641
18,NORMA-28182,642
18,NORMA-19181,643
18,NORMA-20433,644
18,NORMA-21463,645
18,NORMA-25522,646
18,NORMA-18659,647
18,NORMA-20382,648
18,NORMA-21746,649
18,NORMA-2022,650
18,NORMA-2177,651
18,NORMA-2034,652
18,NORMA-20164,653
18,NORMA-21112,654
18,NORMA-21288,655
18,NORMA-25942,656
18,NORMA-20395,657
18,NORMA-21501,658
18,NORMA-27064,659
18,NORMA-25981,660
18,NORMA-21623,661
18,NORMA-20404,662
18,NORMA-18254,663
18,NORMA-21511,664
18,NORMA-4277,665
18,NORMA-19290,666
18,NORMA-21390,667
18,NORMA-251,668
18,NORMA-20023,669
18,NORMA-21113,670
18,NORMA-20476,671
18,NORMA-20488,672
18,NORMA-19249,673
18,NORMA-21350,674
18,NORMA-20777,675
18,NORMA-21392,676
18,NORMA-27384,677
18,NORMA-18536,678
18,NORMA-19924,679
18,NORMA-21661,680
18,NORMA-20708,681
18,NORMA-20841,682
18,NORMA-20097,683
18,NORMA-252,684
18,NORMA-21324,685
18,NORMA-20551,686
18,NORMA-250,687
18,NORMA-18686,688
18,NORMA-14876,689
18,NORMA-28203,690
18,NORMA-21260,691
18,NORMA-1567,692
18,NORMA-12657,693
18,NORMA-20852,694
18,NORMA-20151,695
18,NORMA-20696,696
18,NORMA-1619,697
18,NORMA-13170,698
18,NORMA-21417,699
18,NORMA-21415,700
18,NORMA-18722,701
18,NORMA-19874,702
18,NORMA-18903,703
18,NORMA-26003,704
18,NORMA-18319,705
18,NORMA-21757,706
18,NORMA-20812,707
18,NORMA-21539,708
18,NORMA-631,709
18,NORMA-18203,710
18,NORMA-18970,711
18,NORMA-13471,712
18,NORMA-20398,713
18,NORMA-21419,714
18,NORMA-21519,715
18,NORMA-6126,716
18,NORMA-477,717
18,NORMA-1415,718
18,NORMA-21625,719
18,NORMA-19020,720
18,NORMA-23881,721
18,NORMA-19232,722
18,NORMA-18427,723
18,NORMA-19009,724
18,NORMA-21052,725
18,NORMA-21626,726
18,NORMA-21564,727
18,NORMA-18368,728
18,NORMA-18854,729
18,NORMA-21450,730
18,NORMA-19241,731
18,NORMA-20169,732
18,NORMA-21402,733
18,NORMA-18386,734
18,NORMA-19064,735
18,NORMA-26802,736
18,NORMA-10531,737
18,NORMA-19963,738
18,NORMA-4318,739
18,NORMA-25641,740
18,NORMA-18515,741
18,NORMA-21691,742
18,NORMA-19116,743
18,NORMA-26681,744
18,NORMA-24904,745
18,NORMA-27702,746
18,NORMA-19685,747
18,NORMA-19660,748
18,NORMA-19128,749
18,NORMA-19337,750
18,NORMA-20135,751
18,NORMA-18449,752
18,NORMA-18426,753
18,NORMA-20444,754
18,NORMA-18721,755
18,NORMA-25881,756
18,NORMA-20060,757
18,NORMA-19164,758
18,NORMA-19080,759
18,NORMA-18944,760
18,NORMA-21776,761
18,NORMA-18898,762
18,NORMA-19429,763
18,NORMA-27341,764
18,NORMA-19654,765
18,NORMA-19702,766
18,NORMA-21029,767
18,NORMA-18408,768
18,NORMA-18635,769
18,NORMA-23581,770
18,NORMA-19117,771
18,NORMA-19515,772
18,NORMA-19061,773
18,NORMA-1373,774
18,NORMA-19569,775
18,NORMA-19648,776
18,NORMA-19514,777
18,NORMA-19096,778
18,NORMA-23101,779
18,NORMA-18625,780
18,NORMA-20171,781
18,NORMA-19683,782
18,NORMA-253,783
18,NORMA-9847,784
18,NORMA-18407,785
18,NORMA-417,786
18,NORMA-19787,787
18,NORMA-18583,788
18,NORMA-20460,789
18,NORMA-16202,790
18,NORMA-18558,791
18,NORMA-18215,792
18,NORMA-21337,793
18,NORMA-20436,794
18,NORMA-1211,795
18,NORMA-20870,796
18,NORMA-26885,797
18,NORMA-20342,798
18,NORMA-24461,799
18,NORMA-20501,800
18,NORMA-416,801
18,NORMA-1088,802
18,NORMA-18675,803
18,NORMA-20914,804
18,NORMA-475,805
18,NORMA-20073,806
18,NORMA-19936,807
18,NORMA-28586,808
18,NORMA-20689,809
18,NORMA-18288,810
18,NORMA-20081,811
18,NORMA-20222,812
18,NORMA-18962,813
18,NORMA-20129,814
18,NORMA-20005,815
18,NORMA-19714,816
18,NORMA-19190,817
18,NORMA-21729,818
18,NORMA-21639,819
18,NORMA-19530,820
18,NORMA-16403,821
18,NORMA-20890,822
18,NORMA-21509,823
18,NORMA-18513,824
18,NORMA-4539,825
18,NORMA-21108,826
18,NORMA-159,827
18,NORMA-6253,828
18,NORMA-18294,829
18,NORMA-19406,830
18,NORMA-21488,831
18,NORMA-20374,832
18,NORMA-18270,833
18,NORMA-6702,834
18,NORMA-18704,835
18,NORMA-21359,836
18,NORMA-21008,837
18,NORMA-14508,838
18,NORMA-19238,839
18,NORMA-19308,840
18,NORMA-18650,841
18,NORMA-18711,842
18,NORMA-18401,843
18,NORMA-18463,844
18,NORMA-18670,845
18,NORMA-19405,846
18,NORMA-18714,847
18,NORMA-19300,848
18,NORMA-20179,849
18,NORMA-21012,850
18,NORMA-19014,851
18,NORMA-19953,852
18,NORMA-19536,853
18,NORMA-18591,854
18,NORMA-18883,855
18,NORMA-20503,856
18,NORMA-19209,857
18,NORMA-18402,858
18,NORMA-20995,859
18,NORMA-20356,860
18,NORMA-21466,861
18,NORMA-19303,862
18,NORMA-20863,863
18,NORMA-21702,864
18,NORMA-19040,865
18,NORMA-26981,866
18,NORMA-20068,867
18,NORMA-1,868
18,NORMA-20042,869
18,NORMA-18392,870
18,NORMA-21721,871
18,NORMA-18712,872
18,NORMA-21129,873
18,NORMA-21263,874
18,NORMA-20401,875
18,NORMA-20808,876
18,NORMA-19662,877
18,NORMA-29301,878
18,NORMA-20560,879
18,NORMA-20713,880
18,NORMA-2484,881
18,NORMA-18933,882
18,NORMA-21148,883
18,NORMA-18921,884
18,NORMA-21502,885
18,NORMA-18357,886
18,NORMA-19182,887
18,NORMA-21399,888
18,NORMA-20386,889
18,NORMA-20762,890
18,NORMA-21550,891
18,NORMA-18629,892
18,NORMA-19670,893
18,NORMA-20880,894
18,NORMA-21269,895
18,NORMA-20542,896
18,NORMA-21168,897
18,NORMA-29283,898
18,NORMA-19408,899
18,NORMA-19077,900
18,NORMA-21326,901
18,NORMA-20642,902
18,NORMA-14652,903
18,NORMA-21663,904
18,NORMA-14307,905
18,NORMA-2414,906
18,NORMA-21548,907
18,NORMA-20963,908
18,NORMA-20207,909
18,NORMA-3502,910
18,NORMA-19343,911
18,NORMA-25721,912
18,NORMA-20392,913
18,NORMA-18290,914
18,NORMA-21647,915
18,NORMA-19779,916
18,NORMA-18647,917
18,NORMA-21764,918
18,NORMA-21666,919
18,NORMA-21212,920
18,NORMA-18796,921
18,NORMA-18701,922
18,NORMA-21726,923
18,NORMA-18245,924
18,NORMA-18201,925
18,NORMA-13795,926
18,NORMA-19498,927
18,NORMA-19007,928
18,NORMA-20229,929
18,NORMA-20359,930
18,NORMA-18336,931
18,NORMA-21597,932
18,NORMA-25964,933
18,NORMA-19310,934
18,NORMA-27063,935
18,NORMA-21763,936
18,NORMA-28802,937
18,NORMA-995,938
18,NORMA-18517,939
18,NORMA-19152,940
18,NORMA-20172,941
18,NORMA-20950,942
18,NORMA-18703,943
18,NORMA-9834,944
18,NORMA-20856,945
18,NORMA-20319,946
18,NORMA-24583,947
18,NORMA-19019,948
18,NORMA-20729,949
18,NORMA-21476,950
18,NORMA-6332,951
18,NORMA-19613,952
18,NORMA-21664,953
18,NORMA-21621,954
18,NORMA-503,955
18,NORMA-10534,956
18,NORMA-21342,957
18,NORMA-21073,958
18,NORMA-18808,959
18,NORMA-18249,960
18,NORMA-19701,961
18,NORMA-18490,962
18,NORMA-19158,963
18,NORMA-4477,964
18,NORMA-20921,965
18,NORMA-21226,966
18,NORMA-13390,967
18,NORMA-19919,968
18,NORMA-18789,969
18,NORMA-21457,970
18,NORMA-23641,971
18,NORMA-20705,972
18,NORMA-10745,973
18,NORMA-10347,974
18,NORMA-18886,975
18,NORMA-18674,976
18,NORMA-19103,977
18,NORMA-10590,978
18,NORMA-20028,979
18,NORMA-22862,980
18,NORMA-18265,981
18,NORMA-19122,982
18,NORMA-20799,983
18,NORMA-21235,984
18,NORMA-19430,985
18,NORMA-20482,986
18,NORMA-18404,987
18,NORMA-18700,988
18,NORMA-20795,989
18,NORMA-21072,990
18,NORMA-20492,991
18,NORMA-21570,992
18,NORMA-19743,993
18,NORMA-15283,994
18,NORMA-20499,995
18,NORMA-19416,996
18,NORMA-20113,997
18,NORMA-20491,998
18,NORMA-21273,999
18,NORMA-27550,1000
19,NORMA-24941,1
19,NORMA-28982,2
19,NORMA-25701,3
19,NORMA-21578,4
19,NORMA-21423,5
19,NORMA-21635,6
19,NORMA-21701,7
19,NORMA-21738,8
19,NORMA-21743,9
19,NORMA-21761,10
19,NORMA-21660,11
19,NORMA-21332,12
19,NORMA-21295,13
19,NORMA-21724,14
19,NORMA-19712,15
19,NORMA-21050,16
19,NORMA-20273,17
19,NORMA-19374,18
19,NORMA-18971,19
19,NORMA-19267,20
19,NORMA-2068,21
19,NORMA-1924,22
19,NORMA-501,23
19,NORMA-9934,24
19,NORMA-11538,25
19,NORMA-14910,26
19,NORMA-19194,27
19,NORMA-21442,28
19,NORMA-14646,29
19,NORMA-21202,30
19,NORMA-22981,31
19,NORMA-12697,32
19,NORMA-20230,33
19,NORMA-19321,34
19,NORMA-20112,35
19,NORMA-19317,36
19,NORMA-21279,37
19,NORMA-19622,38
19,NORMA-19623,39
19,NORMA-19047,40
19,NORMA-21067,41
19,NORMA-19961,42
19,NORMA-20092,43
19,NORMA-20702,44
19,NORMA-20990,45
19,NORMA-20632,46
19,NORMA-20777,47
19,NORMA-29261,48
19,NORMA-27261,49
19,NORMA-29202,50
19,NORMA-21188,51
19,NORMA-28403,52
19,NORMA-21407,53
19,NORMA-28223,54
19,NORMA-27554,55
19,NORMA-28084,56
19,NORMA-28083,57
19,NORMA-27783,58
19,NORMA-28402,59
19,NORMA-28704,60
19,NORMA-25802,61
19,NORMA-28202,62
19,NORMA-28086,63
19,NORMA-25421,64
19,NORMA-27502,65
19,NORMA-28121,66
19,NORMA-27503,67
19,NORMA-26727,68
19,NORMA-27246,69
19,NORMA-27583,70
19,NORMA-27385,71
19,NORMA-26161,72
19,NORMA-26807,73
19,NORMA-26764,74
19,NORMA-28341,75
19,NORMA-25401,76
19,NORMA-27203,77
19,NORMA-26568,78
19,NORMA-27585,79
19,NORMA-28762,80
19,NORMA-28942,81
19,NORMA-29161,82
19,NORMA-25261,83
19,NORMA-28142,84
19,NORMA-26684,85
19,NORMA-26884,86
19,NORMA-21420,87
19,NORMA-29181,88
19,NORMA-28822,89
19,NORMA-25202,90
19,NORMA-27367,91
19,NORMA-27548,92
19,NORMA-28264,93
19,NORMA-25442,94
19,NORMA-29221,95
19,NORMA-27741,96
19,NORMA-27247,97
19,NORMA-27226,98
19,NORMA-26682,99
19,NORMA-26567,100
19,NORMA-25942,101
19,NORMA-29166,102
19,NORMA-29145,103
19,NORMA-28165,104
19,NORMA-27368,105
19,NORMA-29164,106
19,NORMA-28421,107
19,NORMA-29881,108
19,NORMA-28342,109
19,NORMA-27248,110
19,NORMA-29201,111
19,NORMA-26569,112
19,NORMA-29649,113
19,NORMA-27401,114
19,NORMA-27244,115
19,NORMA-25921,116
19,NORMA-25783,117
19,NORMA-25801,118
19,NORMA-29147,119
19,NORMA-26723,120
19,NORMA-25784,121
19,NORMA-27543,122
19,NORMA-29022,123
19,NORMA-26662,124
19,NORMA-25641,125
19,NORMA-27462,126
19,NORMA-29006,127
19,NORMA-27252,128
19,NORMA-25101,129
19,NORMA-28522,130
19,NORMA-26281,131
19,NORMA-12957,132
19,NORMA-27463,133
19,NORMA-27923,134
19,NORMA-26064,135
19,NORMA-28404,136
19,NORMA-28343,137
19,NORMA-26724,138
19,NORMA-26085,139
19,NORMA-29143,140
19,NORMA-29605,141
19,NORMA-29223,142
19,NORMA-27251,143
19,NORMA-26623,144
19,NORMA-29122,145
19,NORMA-26061,146
19,NORMA-28781,147
19,NORMA-27821,148
19,NORMA-27784,149
19,NORMA-27222,150
19,NORMA-26823,151
19,NORMA-26082,152
19,NORMA-25481,153
19,NORMA-25184,154
19,NORMA-28501,155
19,NORMA-27228,156
19,NORMA-27041,157
19,NORMA-25342,158
19,NORMA-26726,159
19,NORMA-28702,160
19,NORMA-28242,161
19,NORMA-28263,162
19,NORMA-28266,163
19,NORMA-28184,164
19,NORMA-28081,165
19,NORMA-27785,166
19,NORMA-27566,167
19,NORMA-27544,168
19,NORMA-27546,169
19,NORMA-27547,170
19,NORMA-26921,171
19,NORMA-26581,172
19,NORMA-26341,173
19,NORMA-26063,174
19,NORMA-25661,175
19,NORMA-28464,176
19,NORMA-28041,177
19,NORMA-27524,178
19,NORMA-26961,179
19,NORMA-26162,180
19,NORMA-26142,181
19,NORMA-26083,182
19,NORMA-25341,183
19,NORMA-26802,184
19,NORMA-28502,185
19,NORMA-28061,186
19,NORMA-27253,187
19,NORMA-26361,188
19,NORMA-26141,189
19,NORMA-25882,190
19,NORMA-25563,191
19,NORMA-25461,192
19,NORMA-26122,193
19,NORMA-26681,194
19,NORMA-29162,195
19,NORMA-28168,196
19,NORMA-28042,197
19,NORMA-24981,198
19,NORMA-23682,199
19,NORMA-18753,200
19,NORMA-28087,201
19,NORMA-25881,202
19,NORMA-27881,203
19,NORMA-29441,204
19,NORMA-21624,205
19,NORMA-26883,206
19,NORMA-26382,207
19,NORMA-29062,208
19,NORMA-27801,209
19,NORMA-26381,210
19,NORMA-26301,211
19,NORMA-29043,212
19,NORMA-27681,213
19,NORMA-27642,214
19,NORMA-26601,215
19,NORMA-26321,216
19,NORMA-27304,217
19,NORMA-26882,218
19,NORMA-26806,219
19,NORMA-29004,220
19,NORMA-28701,221
19,NORMA-26781,222
19,NORMA-25402,223
19,NORMA-28463,224
19,NORMA-26783,225
19,NORMA-29561,226
19,NORMA-24903,227
19,NORMA-29606,228
19,NORMA-16781,229
19,NORMA-27569,230
19,NORMA-29603,231
19,NORMA-27445,232
19,NORMA-27682,233
19,NORMA-27402,234
19,NORMA-29182,235
19,NORMA-25181,236
19,NORMA-28584,237
19,NORMA-27381,238
19,NORMA-27245,239
19,NORMA-20916,240
19,NORMA-27926,241
19,NORMA-29165,242
19,NORMA-26663,243
19,NORMA-27641,244
19,NORMA-25761,245
19,NORMA-27925,246
19,NORMA-27941,247
19,NORMA-25144,248
19,NORMA-27545,249
19,NORMA-25422,250
19,NORMA-25161,251
19,NORMA-24921,252
19,NORMA-29421,253
19,NORMA-25862,254
19,NORMA-26221,255
19,NORMA-18999,256
19,NORMA-21729,257
19,NORMA-29364,258
19,NORMA-27924,259
19,NORMA-28622,260
19,NORMA-27242,261
19,NORMA-27303,262
19,NORMA-26123,263
19,NORMA-27302,264
19,NORMA-28981,265
19,NORMA-27101,266
19,NORMA-28141,267
19,NORMA-27301,268
19,NORMA-28801,269
19,NORMA-28466,270
19,NORMA-29682,271
19,NORMA-20713,272
19,NORMA-25122,273
19,NORMA-29764,274
19,NORMA-21745,275
19,NORMA-21688,276
19,NORMA-28465,277
19,NORMA-21756,278
19,NORMA-28441,279
19,NORMA-28586,280
19,NORMA-25121,281
19,NORMA-27564,282
19,NORMA-27550,283
19,NORMA-28203,284
19,NORMA-28881,285
19,NORMA-20729,286
19,NORMA-26803,287
19,NORMA-29301,288
19,NORMA-28561,289
19,NORMA-29061,290
19,NORMA-25525,291
19,NORMA-29283,292
19,NORMA-29101,293
19,NORMA-14505,294
19,NORMA-25721,295
19,NORMA-26763,296
19,NORMA-25526,297
19,NORMA-29044,298
19,NORMA-28641,299
19,NORMA-29681,300
19,NORMA-24601,301
19,NORMA-26223,302
19,NORMA-28243,303
19,NORMA-25644,304
19,NORMA-27746,305
19,NORMA-25001,306
19,NORMA-21402,307
19,NORMA-27687,308
19,NORMA-27447,309
19,NORMA-29363,310
19,NORMA-29146,311
19,NORMA-29081,312
19,NORMA-28862,313
19,NORMA-28662,314
19,NORMA-28082,315
19,NORMA-27786,316
19,NORMA-27553,317
19,NORMA-27369,318
19,NORMA-27227,319
19,NORMA-25183,320
19,NORMA-29282,321
19,NORMA-29224,322
19,NORMA-28542,323
19,NORMA-27604,324
19,NORMA-27446,325
19,NORMA-27243,326
19,NORMA-26941,327
19,NORMA-25642,328
19,NORMA-24521,329
19,NORMA-24343,330
19,NORMA-29604,331
19,NORMA-29281,332
19,NORMA-29121,333
19,NORMA-28262,334
19,NORMA-28265,335
19,NORMA-28222,336
19,NORMA-28183,337
19,NORMA-28164,338
19,NORMA-27862,339
19,NORMA-27552,340
19,NORMA-27448,341
19,NORMA-27229,342
19,NORMA-26622,343
19,NORMA-26621,344
19,NORMA-26441,345
19,NORMA-26402,346
19,NORMA-26121,347
19,NORMA-25884,348
19,NORMA-25702,349
19,NORMA-25601,350
19,NORMA-25562,351
19,NORMA-25322,352
19,NORMA-25222,353
19,NORMA-24883,354
19,NORMA-24523,355
19,NORMA-24422,356
19,NORMA-24441,357
19,NORMA-24201,358
19,NORMA-21661,359
19,NORMA-29650,360
19,NORMA-29602,361
19,NORMA-29362,362
19,NORMA-29241,363
19,NORMA-29144,364
19,NORMA-28681,365
19,NORMA-28282,366
19,NORMA-28261,367
19,NORMA-28241,368
19,NORMA-28163,369
19,NORMA-27822,370
19,NORMA-27721,371
19,NORMA-27686,372
19,NORMA-27685,373
19,NORMA-27443,374
19,NORMA-27382,375
19,NORMA-26461,376
19,NORMA-26261,377
19,NORMA-25344,378
19,NORMA-19477,379
19,NORMA-29321,380
19,NORMA-29007,381
19,NORMA-28481,382
19,NORMA-28167,383
19,NORMA-28101,384
19,NORMA-27684,385
19,NORMA-27523,386
19,NORMA-27464,387
19,NORMA-27230,388
19,NORMA-26403,389
19,NORMA-26404,390
19,NORMA-26262,391
19,NORMA-25561,392
19,NORMA-25263,393
19,NORMA-28526,394
19,NORMA-28166,395
19,NORMA-27726,396
19,NORMA-27743,397
19,NORMA-27383,398
19,NORMA-28803,399
19,NORMA-28224,400
19,NORMA-27724,401
19,NORMA-27744,402
19,NORMA-28267,403
19,NORMA-25583,404
19,NORMA-27342,405
19,NORMA-26084,406
19,NORMA-15650,407
19,NORMA-15653,408
19,NORMA-26062,409
19,NORMA-27601,410
19,NORMA-29222,411
19,NORMA-28664,412
19,NORMA-25961,413
19,NORMA-25301,414
19,NORMA-25185,415
19,NORMA-24884,416
19,NORMA-15645,417
19,NORMA-15656,418
19,NORMA-26841,419
19,NORMA-27403,420
19,NORMA-28921,421
19,NORMA-27742,422
19,NORMA-25643,423
19,NORMA-25343,424
19,NORMA-29003,425
19,NORMA-25962,426
19,NORMA-25221,427
19,NORMA-25241,428
19,NORMA-25143,429
19,NORMA-28841,430
19,NORMA-27722,431
19,NORMA-27683,432
19,NORMA-27567,433
19,NORMA-26222,434
19,NORMA-25703,435
19,NORMA-15658,436
19,NORMA-29225,437
19,NORMA-29167,438
19,NORMA-29141,439
19,NORMA-28721,440
19,NORMA-27782,441
19,NORMA-25182,442
19,NORMA-29901,443
19,NORMA-27861,444
19,NORMA-27602,445
19,NORMA-27461,446
19,NORMA-27444,447
19,NORMA-26741,448
19,NORMA-16262,449
19,NORMA-27551,450
19,NORMA-25883,451
19,NORMA-24104,452
19,NORMA-26661,453
19,NORMA-25482,454
19,NORMA-26742,455
19,NORMA-14503,456
19,NORMA-27723,457
19,NORMA-27725,458
19,NORMA-27745,459
19,NORMA-27622,460
19,NORMA-23121,461
19,NORMA-15462,462
19,NORMA-13780,463
19,NORMA-29763,464
19,NORMA-27549,465
19,NORMA-29482,466
19,NORMA-27249,467
19,NORMA-26782,468
19,NORMA-14000,469
19,NORMA-13067,470
19,NORMA-28283,471
19,NORMA-27565,472
19,NORMA-24686,473
19,NORMA-23681,474
19,NORMA-17161,475
19,NORMA-15683,476
19,NORMA-29655,477
19,NORMA-27250,478
19,NORMA-23482,479
19,NORMA-22683,480
19,NORMA-23383,481
19,NORMA-22501,482
19,NORMA-21792,483
19,NORMA-29710,484
19,NORMA-23562,485
19,NORMA-24401,486
19,NORMA-13653,487
19,NORMA-27561,488
19,NORMA-25723,489
19,NORMA-26563,490
19,NORMA-26822,491
19,NORMA-26163,492
19,NORMA-25941,493
19,NORMA-12510,494
19,NORMA-27701,495
19,NORMA-24362,496
19,NORMA-28043,497
19,NORMA-13654,498
19,NORMA-15327,499
19,NORMA-28802,500
19,NORMA-26565,501
19,NORMA-28162,502
19,NORMA-24241,503
19,NORMA-24683,504
19,NORMA-22682,505
19,NORMA-27522,506
19,NORMA-25543,507
19,NORMA-24381,508
19,NORMA-16522,509
19,NORMA-13784,510
19,NORMA-29163,511
19,NORMA-28583,512
19,NORMA-17562,513
19,NORMA-12618,514
19,NORMA-28525,515
19,NORMA-28523,516
19,NORMA-14273,517
19,NORMA-21713,518
19,NORMA-29008,519
19,NORMA-28524,520
19,NORMA-27262,521
19,NORMA-27282,522
19,NORMA-28201,523
19,NORMA-27281,524
19,NORMA-25821,525
19,NORMA-27942,526
19,NORMA-27584,527
19,NORMA-27201,528
19,NORMA-28461,529
19,NORMA-24882,530
19,NORMA-27501,531
19,NORMA-29841,532
19,NORMA-29184,533
19,NORMA-27202,534
19,NORMA-20790,535
19,NORMA-29861,536
19,NORMA-28322,537
19,NORMA-27181,538
19,NORMA-25204,539
19,NORMA-29621,540
19,NORMA-29185,541
19,NORMA-24681,542
19,NORMA-18462,543
19,NORMA-27688,544
19,NORMA-26564,545
19,NORMA-26021,546
19,NORMA-25524,547
19,NORMA-25203,548
19,NORMA-25262,549
19,NORMA-25141,550
19,NORMA-23341,551
19,NORMA-24781,552
19,NORMA-12587,553
19,NORMA-27081,554
19,NORMA-27021,555
19,NORMA-26725,556
19,NORMA-23642,557
19,NORMA-18427,558
19,NORMA-28281,559
19,NORMA-29023,560
19,NORMA-27901,561
19,NORMA-27605,562
19,NORMA-26886,563
19,NORMA-28581,564
19,NORMA-27421,565
19,NORMA-25205,566
19,NORMA-19699,567
19,NORMA-24581,568
19,NORMA-16582,569
19,NORMA-28582,570
19,NORMA-15821,571
19,NORMA-25082,572
19,NORMA-26002,573
19,NORMA-25681,574
19,NORMA-29507,575
19,NORMA-27225,576
19,NORMA-13116,577
19,NORMA-27366,578
19,NORMA-26421,579
19,NORMA-29186,580
19,NORMA-27623,581
19,NORMA-19779,582
19,NORMA-24061,583
19,NORMA-21796,584
19,NORMA-21755,585
19,NORMA-20879,586
19,NORMA-28585,587
19,NORMA-21564,588
19,NORMA-27555,589
19,NORMA-28321,590
19,NORMA-3121,591
19,NORMA-28381,592
19,NORMA-19512,593
19,NORMA-21921,594
19,NORMA-21785,595
19,NORMA-27362,596
19,NORMA-21604,597
19,NORMA-27121,598
19,NORMA-25542,599
19,NORMA-22661,600
19,NORMA-21324,601
19,NORMA-24904,602
19,NORMA-28703,603
19,NORMA-28467,604
19,NORMA-21698,605
19,NORMA-23101,606
19,NORMA-28021,607
19,NORMA-25281,608
19,NORMA-20887,609
19,NORMA-27449,610
19,NORMA-19632,611
19,NORMA-29042,612
19,NORMA-25682,613
19,NORMA-28221,614
19,NORMA-24583,615
19,NORMA-26362,616
19,NORMA-26641,617
19,NORMA-22061,618
19,NORMA-27363,619
19,NORMA-27361,620
19,NORMA-28623,621
19,NORMA-26124,622
19,NORMA-27305,623
19,NORMA-33728,624
19,NORMA-25981,625
19,NORMA-20901,626
19,NORMA-19225,627
19,NORMA-21784,628
19,NORMA-21586,629
19,NORMA-24461,630
19,NORMA-25541,631
19,NORMA-28961,632
19,NORMA-28401,633
19,NORMA-18536,634
19,NORMA-18974,635
19,NORMA-26885,636
19,NORMA-21650,637
19,NORMA-21312,638
19,NORMA-26003,639
19,NORMA-20704,640
19,NORMA-20922,641
19,NORMA-27761,642
19,NORMA-21249,643
19,NORMA-3966,644
19,NORMA-26887,645
19,NORMA-24582,646
19,NORMA-22401,647
19,NORMA-18314,648
19,NORMA-21699,649
19,NORMA-19606,650
19,NORMA-19704,651
19,NORMA-27365,652
19,NORMA-21185,653
19,NORMA-19329,654
19,NORMA-23881,655
19,NORMA-25041,656
19,NORMA-21608,657
19,NORMA-21630,658
19,NORMA-27063,659
19,NORMA-20730,660
19,NORMA-27064,661
19,NORMA-13882,662
19,NORMA-25964,663
19,NORMA-27981,664
19,NORMA-27521,665
19,NORMA-25201,666
19,NORMA-26201,667
19,NORMA-27221,668
19,NORMA-6505,669
19,NORMA-14279,670
19,NORMA-27608,671
19,NORMA-4631,672
19,NORMA-27045,673
19,NORMA-27001,674
19,NORMA-25523,675
19,NORMA-28422,676
19,NORMA-28663,677
19,NORMA-19245,678
19,NORMA-18934,679
19,NORMA-3638,680
19,NORMA-20950,681
19,NORMA-27022,682
19,NORMA-27062,683
19,NORMA-20397,684
19,NORMA-27384,685
19,NORMA-27364,686
19,NORMA-20135,687
19,NORMA-21065,688
19,NORMA-20056,689
19,NORMA-21651,690
19,NORMA-20468,691
19,NORMA-23361,692
19,NORMA-28362,693
19,NORMA-27609,694
19,NORMA-27044,695
19,NORMA-7525,696
19,NORMA-14937,697
19,NORMA-13158,698
19,NORMA-27061,699
19,NORMA-13469,700
19,NORMA-19588,701
19,NORMA-3642,702
19,NORMA-19275,703
19,NORMA-26102,704
19,NORMA-16202,705
19,NORMA-19940,706
19,NORMA-7241,707
19,NORMA-29005,708
19,NORMA-19384,709
19,NORMA-19629,710
19,NORMA-23521,711
19,NORMA-28181,712
19,NORMA-17201,713
19,NORMA-20205,714
19,NORMA-3503,715
19,NORMA-20993,716
19,NORMA-19520,717
19,NORMA-19292,718
19,NORMA-23982,719
19,NORMA-26701,720
19,NORMA-11798,721
19,NORMA-11868,722
19,NORMA-20349,723
19,NORMA-18748,724
19,NORMA-25861,725
19,NORMA-20359,726
19,NORMA-20137,727
19,NORMA-30043,728
19,NORMA-21431,729
19,NORMA-20465,730
19,NORMA-20460,731
19,NORMA-15211,732
19,NORMA-12067,733
19,NORMA-27610,734
19,NORMA-21638,735
19,NORMA-21272,736
19,NORMA-20405,737
19,NORMA-20388,738
19,NORMA-20396,739
19,NORMA-20474,740
19,NORMA-25902,741
19,NORMA-21352,742
19,NORMA-20325,743
19,NORMA-20472,744
19,NORMA-20369,745
20,NORMA-21591,1
20,NORMA-12956,2
20,NORMA-21575,3
20,NORMA-20817,4
20,NORMA-21769,5
20,NORMA-13470,6
20,NORMA-27044,7
20,NORMA-14724,8
20,NORMA-12733,9
20,NORMA-19985,10
20,NORMA-21277,11
20,NORMA-19769,12
20,NORMA-309,13
20,NORMA-18886,14
20,NORMA-21535,15
20,NORMA-7387,16
20,NORMA-21173,17
20,NORMA-6736,18
20,NORMA-6448,19
20,NORMA-18381,20
20,NORMA-3767,21
20,NORMA-11356,22
20,NORMA-19027,23
20,NORMA-12415,24
20,NORMA-12923,25
20,NORMA-13124,26
20,NORMA-8706,27
20,NORMA-13308,28
20,NORMA-20599,29
20,NORMA-7250,30
20,NORMA-19733,31
20,NORMA-18729,32
20,NORMA-18269,33
20,NORMA-4786,34
20,NORMA-18335,35
20,NORMA-3571,36
20,NORMA-20863,37
20,NORMA-21312,38
20,NORMA-18699,39
20,NORMA-18562,40
20,NORMA-20943,41
20,NORMA-19080,42
20,NORMA-13918,43
20,NORMA-21717,44
20,NORMA-14746,45
20,NORMA-21585,46
20,NORMA-27364,47
20,NORMA-18474,48
20,NORMA-20924,49
20,NORMA-20818,50
20,NORMA-21278,51
20,NORMA-20601,52
20,NORMA-18327,53
20,NORMA-6783,54
20,NORMA-20885,55
20,NORMA-21459,56
20,NORMA-20300,57
20,NORMA-9724,58
20,NORMA-20138,59
20,NORMA-18418,60
20,NORMA-7113,61
20,NORMA-7222,62
20,NORMA-8435,63
20,NORMA-19407,64
20,NORMA-19078,65
20,NORMA-19727,66
20,NORMA-21678,67
20,NORMA-6140,68
20,NORMA-21651,69
20,NORMA-7386,70
20,NORMA-15339,71
20,NORMA-20963,72
20,NORMA-21617,73
20,NORMA-7225,74
20,NORMA-21716,75
20,NORMA-20705,76
20,NORMA-16446,77
20,NORMA-16445,78
20,NORMA-1407,79
20,NORMA-10255,80
20,NORMA-25941,81
20,NORMA-21177,82
20,NORMA-21587,83
20,NORMA-23543,84
20,NORMA-26041,85
20,NORMA-29655,86
20,NORMA-23761,87
20,NORMA-25841,88
20,NORMA-25141,89
20,NORMA-26563,90
20,NORMA-22921,91
20,NORMA-19090,92
20,NORMA-27081,93
20,NORMA-28043,94
20,NORMA-26565,95
20,NORMA-4396,96
20,NORMA-21526,97
20,NORMA-28583,98
20,NORMA-21623,99
20,NORMA-19030,100
20,NORMA-20073,101
20,NORMA-26421,102
20,NORMA-29008,103
20,NORMA-24341,104
20,NORMA-23181,105
20,NORMA-27942,106
20,NORMA-27584,107
20,NORMA-1718,108
20,NORMA-27201,109
20,NORMA-28461,110
20,NORMA-29184,111
20,NORMA-27202,112
20,NORMA-24221,113
20,NORMA-21250,114
20,NORMA-23081,115
20,NORMA-29861,116
20,NORMA-27181,117
20,NORMA-25204,118
20,NORMA-29621,119
20,NORMA-29185,120
20,NORMA-23841,121
20,NORMA-27688,122
20,NORMA-26564,123
20,NORMA-25524,124
20,NORMA-25203,125
20,NORMA-23621,126
20,NORMA-18697,127
20,NORMA-25262,128
20,NORMA-13746,129
20,NORMA-27021,130
20,NORMA-14828,131
20,NORMA-29023,132
20,NORMA-27901,133
20,NORMA-27605,134
20,NORMA-26886,135
20,NORMA-28581,136
20,NORMA-27421,137
20,NORMA-25205,138
20,NORMA-27365,139
20,NORMA-21000,140
20,NORMA-27623,141
20,NORMA-19006,142
20,NORMA-18313,143
20,NORMA-19798,144
20,NORMA-21160,145
20,NORMA-20034,146
20,NORMA-19942,147
20,NORMA-19580,148
20,NORMA-15253,149
20,NORMA-12613,150
20,NORMA-15396,151
20,NORMA-19011,152
20,NORMA-13789,153
20,NORMA-19330,154
20,NORMA-18254,155
20,NORMA-29841,156
20,NORMA-18702,157
20,NORMA-20742,158
20,NORMA-27701,159
20,NORMA-18221,160
20,NORMA-20605,161
20,NORMA-19422,162
20,NORMA-19144,163
20,NORMA-21131,164
20,NORMA-15167,165
20,NORMA-19457,166
20,NORMA-20432,167
20,NORMA-20028,168
20,NORMA-19350,169
20,NORMA-19452,170
20,NORMA-1613,171
20,NORMA-18429,172
20,NORMA-26841,173
20,NORMA-20582,174
20,NORMA-24881,175
20,NORMA-21065,176
20,NORMA-21773,177
20,NORMA-24823,178
20,NORMA-19039,179
20,NORMA-19139,180
20,NORMA-19425,181
20,NORMA-24842,182
20,NORMA-19972,183
20,NORMA-21140,184
20,NORMA-18280,185
20,NORMA-18372,186
20,NORMA-24841,187
20,NORMA-19516,188
20,NORMA-18903,189
20,NORMA-19180,190
20,NORMA-20234,191
20,NORMA-22401,192
20,NORMA-19253,193
20,NORMA-20876,194
20,NORMA-20983,195
20,NORMA-19902,196
20,NORMA-19505,197
20,NORMA-21185,198
20,NORMA-19607,199
20,NORMA-20298,200
20,NORMA-18989,201
20,NORMA-20841,202
20,NORMA-18593,203
20,NORMA-5792,204
20,NORMA-18451,205
20,NORMA-19411,206
20,NORMA-20713,207
20,NORMA-19204,208
20,NORMA-1999,209
20,NORMA-20277,210
20,NORMA-19809,211
20,NORMA-20255,212
20,NORMA-18557,213
20,NORMA-18246,214
20,NORMA-20572,215
20,NORMA-18953,216
20,NORMA-19459,217
20,NORMA-21264,218
20,NORMA-18769,219
20,NORMA-19953,220
20,NORMA-18774,221
20,NORMA-21200,222
20,NORMA-18900,223
20,NORMA-20753,224
20,NORMA-28601,225
20,NORMA-18405,226
20,NORMA-11729,227
20,NORMA-18939,228
20,NORMA-20709,229
20,NORMA-20190,230
20,NORMA-23862,231
20,NORMA-20023,232
20,NORMA-19553,233
20,NORMA-21187,234
20,NORMA-20712,235
20,NORMA-15211,236
20,NORMA-21149,237
20,NORMA-21206,238
20,NORMA-11443,239
20,NORMA-12067,240
20,NORMA-19794,241
20,NORMA-18456,242
20,NORMA-19961,243
20,NORMA-20250,244
20,NORMA-5421,245
20,NORMA-19755,246
20,NORMA-21791,247
20,NORMA-19351,248
20,NORMA-15581,249
20,NORMA-19864,250
20,NORMA-20936,251
20,NORMA-19303,252
20,NORMA-4710,253
20,NORMA-18385,254
20,NORMA-20524,255
20,NORMA-21630,256
20,NORMA-20702,257
20,NORMA-3503,258
20,NORMA-21645,259
20,NORMA-20592,260
20,NORMA-11523,261
20,NORMA-14937,262
20,NORMA-20871,263
20,NORMA-20438,264
20,NORMA-20791,265
20,NORMA-20846,266
20,NORMA-20912,267
20,NORMA-13158,268
20,NORMA-19571,269
20,NORMA-21144,270
20,NORMA-9979,271
20,NORMA-21570,272
20,NORMA-21178,273
20,NORMA-13469,274
20,NORMA-20959,275
20,NORMA-20291,276
20,NORMA-3577,277
20,NORMA-19618,278
20,NORMA-5360,279
20,NORMA-10116,280
20,NORMA-20284,281
20,NORMA-19991,282
20,NORMA-19202,283
20,NORMA-20602,284
20,NORMA-11085,285
20,NORMA-8205,286
20,NORMA-21780,287
20,NORMA-5496,288
20,NORMA-18587,289
20,NORMA-705,290
20,NORMA-18365,291
20,NORMA-18469,292
20,NORMA-20245,293
20,NORMA-18470,294
20,NORMA-14294,295
20,NORMA-19570,296
20,NORMA-19025,297
20,NORMA-21666,298
20,NORMA-18809,299
20,NORMA-19023,300
20,NORMA-18908,301
20,NORMA-18750,302
20,NORMA-18560,303
20,NORMA-18586,304
20,NORMA-21041,305
20,NORMA-18714,306
20,NORMA-2461,307
20,NORMA-15350,308
20,NORMA-19136,309
20,NORMA-18284,310
20,NORMA-18712,311
20,NORMA-19160,312
20,NORMA-21554,313
20,NORMA-19793,314
20,NORMA-19441,315
20,NORMA-16941,316
20,NORMA-18468,317
20,NORMA-2568,318
20,NORMA-18931,319
20,NORMA-19503,320
20,NORMA-18748,321
20,NORMA-18444,322
20,NORMA-18300,323
20,NORMA-20506,324
20,NORMA-21026,325
20,NORMA-19704,326
20,NORMA-20907,327
20,NORMA-13476,328
20,NORMA-18742,329
20,NORMA-20729,330
20,NORMA-21408,331
20,NORMA-24742,332
20,NORMA-19629,333
20,NORMA-19197,334
20,NORMA-19429,335
20,NORMA-21274,336
20,NORMA-20970,337
20,NORMA-20512,338
20,NORMA-21242,339
20,NORMA-18243,340
20,NORMA-19870,341
20,NORMA-18940,342
20,NORMA-18988,343
20,NORMA-20249,344
20,NORMA-7416,345
20,NORMA-21208,346
20,NORMA-18929,347
20,NORMA-21669,348
20,NORMA-21036,349
20,NORMA-18548,350
20,NORMA-19600,351
20,NORMA-21788,352
20,NORMA-981,353
20,NORMA-18831,354
20,NORMA-19391,355
20,NORMA-19454,356
20,NORMA-19245,357
20,NORMA-20157,358
20,NORMA-20569,359
20,NORMA-19408,360
20,NORMA-21151,361
20,NORMA-2126,362
20,NORMA-20240,363
20,NORMA-18605,364
20,NORMA-19329,365
20,NORMA-21663,366
20,NORMA-21710,367
20,NORMA-21776,368
20,NORMA-18936,369
20,NORMA-21693,370
20,NORMA-18952,371
20,NORMA-21005,372
20,NORMA-20578,373
20,NORMA-18683,374
20,NORMA-19722,375
20,NORMA-20426,376
20,NORMA-21751,377
20,NORMA-16202,378
20,NORMA-634,379
20,NORMA-5217,380
20,NORMA-23341,381
20,NORMA-21762,382
20,NORMA-21683,383
20,NORMA-21279,384
20,NORMA-19770,385
20,NORMA-20219,386
20,NORMA-7466,387
20,NORMA-20565,388
20,NORMA-20060,389
20,NORMA-20164,390
20,NORMA-21795,391
20,NORMA-20622,392
20,NORMA-21684,393
20,NORMA-19565,394
20,NORMA-19980,395
20,NORMA-19256,396
20,NORMA-19608,397
20,NORMA-18937,398
20,NORMA-20180,399
20,NORMA-27761,400
20,NORMA-20198,401
20,NORMA-20828,402
20,NORMA-21544,403
20,NORMA-7381,404
20,NORMA-13797,405
20,NORMA-21321,406
20,NORMA-19583,407
20,NORMA-20056,408
20,NORMA-20246,409
20,NORMA-18278,410
20,NORMA-21418,411
20,NORMA-14390,412
20,NORMA-20167,413
20,NORMA-20649,414
20,NORMA-13545,415
20,NORMA-658,416
20,NORMA-20065,417
20,NORMA-20302,418
20,NORMA-20949,419
20,NORMA-19518,420
20,NORMA-3918,421
20,NORMA-8931,422
20,NORMA-11454,423
20,NORMA-5100,424
20,NORMA-14967,425
20,NORMA-10267,426
20,NORMA-18207,427
20,NORMA-21599,428
20,NORMA-5956,429
20,NORMA-19977,430
20,NORMA-20096,431
20,NORMA-4972,432
20,NORMA-19232,433
20,NORMA-18927,434
20,NORMA-20921,435
20,NORMA-19808,436
20,NORMA-20263,437
20,NORMA-7798,438
20,NORMA-23981,439
20,NORMA-21562,440
20,NORMA-4747,441
20,NORMA-20790,442
20,NORMA-8027,443
20,NORMA-21241,444
20,NORMA-21446,445
20,NORMA-21086,446
20,NORMA-19426,447
20,NORMA-18286,448
20,NORMA-6050,449
20,NORMA-9557,450
20,NORMA-20091,451
20,NORMA-7970,452
20,NORMA-20616,453
20,NORMA-19442,454
20,NORMA-20037,455
20,NORMA-6063,456
20,NORMA-21262,457
20,NORMA-20505,458
20,NORMA-7384,459
20,NORMA-18502,460
20,NORMA-19919,461
20,NORMA-20098,462
20,NORMA-11417,463
20,NORMA-19021,464
20,NORMA-18266,465
20,NORMA-21729,466
20,NORMA-8298,467
20,NORMA-20304,468
20,NORMA-21420,469
20,NORMA-20381,470
20,NORMA-15239,471
20,NORMA-21063,472
20,NORMA-28841,473
20,NORMA-11314,474
20,NORMA-21382,475
20,NORMA-21217,476
20,NORMA-19081,477
20,NORMA-5293,478
20,NORMA-21496,479
20,NORMA-21317,480
20,NORMA-21403,481
20,NORMA-20369,482
20,NORMA-19574,483
20,NORMA-20134,484
20,NORMA-8463,485
20,NORMA-18942,486
20,NORMA-20603,487
20,NORMA-21468,488
20,NORMA-8739,489
20,NORMA-5536,490
20,NORMA-21581,491
20,NORMA-7058,492
20,NORMA-31923,493
20,NORMA-21327,494
20,NORMA-19904,495
20,NORMA-21605,496
20,NORMA-19249,497
20,NORMA-18302,498
20,NORMA-21750,499
20,NORMA-18654,500
20,NORMA-19939,501
20,NORMA-21410,502
20,NORMA-6199,503
20,NORMA-20476,504
20,NORMA-21337,505
20,NORMA-20501,506
20,NORMA-6509,507
20,NORMA-7651,508
20,NORMA-21690,509
20,NORMA-4818,510
20,NORMA-9720,511
20,NORMA-4091,512
20,NORMA-21012,513
20,NORMA-7601,514
20,NORMA-4711,515
20,NORMA-9823,516
20,NORMA-4075,517
20,NORMA-19593,518
20,NORMA-19609,519
20,NORMA-19138,520
20,NORMA-10860,521
20,NORMA-20468,522
20,NORMA-21073,523
20,NORMA-21472,524
20,NORMA-21619,525
20,NORMA-21491,526
20,NORMA-12353,527
20,NORMA-20218,528
20,NORMA-4275,529
20,NORMA-21415,530
20,NORMA-19155,531
20,NORMA-22723,532
20,NORMA-20950,533
20,NORMA-20780,534
20,NORMA-25541,535
20,NORMA-21624,536
20,NORMA-8670,537
20,NORMA-18545,538
20,NORMA-21113,539
20,NORMA-7366,540
20,NORMA-21787,541
20,NORMA-12657,542
20,NORMA-20631,543
20,NORMA-20488,544
20,NORMA-13273,545
20,NORMA-7110,546
20,NORMA-19981,547
20,NORMA-8328,548
20,NORMA-21107,549
20,NORMA-20460,550
20,NORMA-20465,551
20,NORMA-20503,552
20,NORMA-20359,553
20,NORMA-18479,554
20,NORMA-20366,555
20,NORMA-19221,556
20,NORMA-462,557
20,NORMA-20473,558
20,NORMA-21608,559
20,NORMA-20474,560
20,NORMA-19729,561
20,NORMA-20349,562
20,NORMA-21211,563
20,NORMA-21631,564
20,NORMA-19617,565
20,NORMA-21755,566
20,NORMA-25902,567
20,NORMA-3181,568
20,NORMA-18648,569
20,NORMA-20428,570
20,NORMA-21523,571
20,NORMA-21537,572
20,NORMA-20316,573
20,NORMA-19582,574
20,NORMA-6948,575
20,NORMA-1567,576
20,NORMA-20482,577
20,NORMA-8028,578
20,NORMA-19715,579
20,NORMA-18445,580
20,NORMA-20403,581
20,NORMA-19573,582
20,NORMA-21705,583
20,NORMA-21756,584
20,NORMA-20480,585
20,NORMA-18730,586
20,NORMA-21437,587
20,NORMA-19631,588
20,NORMA-21224,589
20,NORMA-20422,590
20,NORMA-20398,591
20,NORMA-21367,592
20,NORMA-21553,593
20,NORMA-18709,594
20,NORMA-20407,595
20,NORMA-20487,596
20,NORMA-21650,597
20,NORMA-20389,598
20,NORMA-20087,599
20,NORMA-19937,600
20,NORMA-19932,601
20,NORMA-18912,602
20,NORMA-19957,603
20,NORMA-20490,604
20,NORMA-19177,605
20,NORMA-19181,606
20,NORMA-20928,607
20,NORMA-14459,608
20,NORMA-19857,609
20,NORMA-20703,610
20,NORMA-4520,611
20,NORMA-24082,612
20,NORMA-4942,613
20,NORMA-20086,614
20,NORMA-6685,615
20,NORMA-33288,616
20,NORMA-6046,617
20,NORMA-7518,618
20,NORMA-8515,619
20,NORMA-33308,620
20,NORMA-19622,621
20,NORMA-18997,622
20,NORMA-9779,623
20,NORMA-5224,624
20,NORMA-4566,625
20,NORMA-20297,626
20,NORMA-5905,627
20,NORMA-6698,628
20,NORMA-7241,629
20,NORMA-6496,630
20,NORMA-5141,631
20,NORMA-6669,632
20,NORMA-20235,633
20,NORMA-5280,634
20,NORMA-6184,635
20,NORMA-3748,636
20,NORMA-3638,637
20,NORMA-3810,638
20,NORMA-7838,639
20,NORMA-21413,640
20,NORMA-19606,641
20,NORMA-5299,642
20,NORMA-6006,643
20,NORMA-19895,644
20,NORMA-6618,645
20,NORMA-4630,646
20,NORMA-20613,647
20,NORMA-5533,648
20,NORMA-6636,649
20,NORMA-9831,650
20,NORMA-19906,651
20,NORMA-8091,652
20,NORMA-4984,653
20,NORMA-3642,654
20,NORMA-9893,655
20,NORMA-20694,656
20,NORMA-7845,657
20,NORMA-6881,658
20,NORMA-19645,659
20,NORMA-27564,660
20,NORMA-6982,661
20,NORMA-10118,662
20,NORMA-6701,663
20,NORMA-6732,664
20,NORMA-20085,665
20,NORMA-4549,666
20,NORMA-7021,667
20,NORMA-19744,668
20,NORMA-10890,669
20,NORMA-5872,670
20,NORMA-3839,671
20,NORMA-18999,672
20,NORMA-11352,673
20,NORMA-4286,674
20,NORMA-8092,675
20,NORMA-6031,676
20,NORMA-3493,677
20,NORMA-7525,678
20,NORMA-4029,679
20,NORMA-21155,680
20,NORMA-12868,681
20,NORMA-7844,682
20,NORMA-8693,683
20,NORMA-6247,684
20,NORMA-28361,685
20,NORMA-18962,686
20,NORMA-8088,687
20,NORMA-6643,688
20,NORMA-8090,689
20,NORMA-21344,690
20,NORMA-5799,691
20,NORMA-7074,692
20,NORMA-9847,693
20,NORMA-10017,694
20,NORMA-5839,695
20,NORMA-13345,696
20,NORMA-6699,697
20,NORMA-8308,698
20,NORMA-12490,699
20,NORMA-18884,700
20,NORMA-20730,701
20,NORMA-8014,702
20,NORMA-1662,703
20,NORMA-10028,704
20,NORMA-19773,705
20,NORMA-7842,706
20,NORMA-20731,707
20,NORMA-6397,708
20,NORMA-14850,709
20,NORMA-3968,710
20,NORMA-9835,711
20,NORMA-20269,712
20,NORMA-14744,713
20,NORMA-19898,714
20,NORMA-6789,715
20,NORMA-15662,716
20,NORMA-20845,717
20,NORMA-5535,718
20,NORMA-8158,719
20,NORMA-19623,720
20,NORMA-23361,721
20,NORMA-9741,722
20,NORMA-19605,723
20,NORMA-6389,724
20,NORMA-8156,725
20,NORMA-21201,726
20,NORMA-21417,727
20,NORMA-3552,728
20,NORMA-19017,729
20,NORMA-20704,730
20,NORMA-19753,731
20,NORMA-6521,732
20,NORMA-29764,733
20,NORMA-21638,734
20,NORMA-14688,735
20,NORMA-9794,736
20,NORMA-8162,737
20,NORMA-6208,738
20,NORMA-5813,739
20,NORMA-6505,740
20,NORMA-27608,741
20,NORMA-9332,742
20,NORMA-19791,743
20,NORMA-13402,744
20,NORMA-9481,745
20,NORMA-4544,746
20,NORMA-19003,747
20,NORMA-8012,748
20,NORMA-27403,749
20,NORMA-18574,750
20,NORMA-1374,751
20,NORMA-8575,752
20,NORMA-15229,753
20,NORMA-4012,754
20,NORMA-5630,755
20,NORMA-18276,756
20,NORMA-18781,757
20,NORMA-10018,758
20,NORMA-14602,759
20,NORMA-20286,760
20,NORMA-5015,761
20,NORMA-7502,762
20,NORMA-19982,763
20,NORMA-25964,764
20,NORMA-9783,765
20,NORMA-7150,766
20,NORMA-4631,767
20,NORMA-21564,768
20,NORMA-20762,769
20,NORMA-21409,770
20,NORMA-12837,771
20,NORMA-14474,772
20,NORMA-7023,773
20,NORMA-30724,774
20,NORMA-4500,775
20,NORMA-20626,776
20,NORMA-5967,777
20,NORMA-27609,778
20,NORMA-13664,779
20,NORMA-18682,780
20,NORMA-20737,781
20,NORMA-11601,782
20,NORMA-18420,783
20,NORMA-10788,784
20,NORMA-20815,785
20,NORMA-10931,786
20,NORMA-10472,787
20,NORMA-9872,788
20,NORMA-9830,789
20,NORMA-7616,790
20,NORMA-14255,791
20,NORMA-21402,792
20,NORMA-7911,793
20,NORMA-14703,794
20,NORMA-28466,795
20,NORMA-7846,796
20,NORMA-19437,797
20,NORMA-9862,798
20,NORMA-4792,799
20,NORMA-21381,800
20,NORMA-20295,801
20,NORMA-14279,802
20,NORMA-10668,803
20,NORMA-6056,804
20,NORMA-21477,805
20,NORMA-9738,806
20,NORMA-6291,807
20,NORMA-15027,808
20,NORMA-14146,809
20,NORMA-5697,810
20,NORMA-20763,811
20,NORMA-7818,812
20,NORMA-18211,813
20,NORMA-8698,814
20,NORMA-9739,815
20,NORMA-9737,816
20,NORMA-9861,817
20,NORMA-19757,818
20,NORMA-30726,819
20,NORMA-30725,820
20,NORMA-14878,821
20,NORMA-10610,822
20,NORMA-4149,823
20,NORMA-4620,824
20,NORMA-19901,825
20,NORMA-20632,826
20,NORMA-11292,827
20,NORMA-12911,828
20,NORMA-5500,829
20,NORMA-5910,830
20,NORMA-9936,831
20,NORMA-20597,832
20,NORMA-7994,833
20,NORMA-1470,834
20,NORMA-14345,835
20,NORMA-21132,836
20,NORMA-5381,837
20,NORMA-6763,838
20,NORMA-5566,839
20,NORMA-14113,840
20,NORMA-13995,841
20,NORMA-20883,842
20,NORMA-1114,843
20,NORMA-7583,844
20,NORMA-6897,845
20,NORMA-7609,846
20,NORMA-20276,847
20,NORMA-6673,848
20,NORMA-8836,849
20,NORMA-21205,850
20,NORMA-20102,851
20,NORMA-4700,852
20,NORMA-18584,853
20,NORMA-10834,854
20,NORMA-3720,855
20,NORMA-7910,856
20,NORMA-3555,857
20,NORMA-13056,858
20,NORMA-20692,859
20,NORMA-9740,860
20,NORMA-7024,861
20,NORMA-19124,862
20,NORMA-19004,863
20,NORMA-27550,864
20,NORMA-4266,865
20,NORMA-28802,866
20,NORMA-21134,867
20,NORMA-6595,868
20,NORMA-14501,869
20,NORMA-13229,870
20,NORMA-13740,871
20,NORMA-10669,872
20,NORMA-5745,873
20,NORMA-4242,874
20,NORMA-5886,875
20,NORMA-19913,876
20,NORMA-19810,877
20,NORMA-20927,878
20,NORMA-1248,879
20,NORMA-20227,880
20,NORMA-12814,881
20,NORMA-5552,882
20,NORMA-13519,883
20,NORMA-20221,884
20,NORMA-21676,885
20,NORMA-27610,886
20,NORMA-6851,887
20,NORMA-21269,888
20,NORMA-10365,889
20,NORMA-14661,890
20,NORMA-21649,891
20,NORMA-21609,892
20,NORMA-10745,893
20,NORMA-12900,894
20,NORMA-12901,895
20,NORMA-6670,896
20,NORMA-18673,897
20,NORMA-6451,898
20,NORMA-14508,899
20,NORMA-12631,900
20,NORMA-7843,901
20,NORMA-10590,902
20,NORMA-11873,903
20,NORMA-9705,904
20,NORMA-20212,905
20,NORMA-12649,906
20,NORMA-13594,907
20,NORMA-12437,908
20,NORMA-1445,909
20,NORMA-10347,910
20,NORMA-5188,911
20,NORMA-8409,912
20,NORMA-20278,913
20,NORMA-19896,914
20,NORMA-923,915
20,NORMA-13743,916
20,NORMA-10534,917
20,NORMA-21141,918
20,NORMA-21122,919
20,NORMA-3121,920
20,NORMA-14302,921
20,NORMA-9856,922
20,NORMA-12648,923
20,NORMA-6182,924
20,NORMA-6748,925
20,NORMA-14587,926
20,NORMA-4037,927
20,NORMA-6959,928
20,NORMA-18835,929
20,NORMA-6644,930
20,NORMA-26263,931
20,NORMA-14463,932
20,NORMA-6321,933
20,NORMA-10042,934
20,NORMA-4239,935
20,NORMA-12903,936
20,NORMA-12917,937
20,NORMA-18910,938
20,NORMA-7746,939
20,NORMA-12910,940
20,NORMA-21406,941
20,NORMA-15134,942
20,NORMA-8802,943
20,NORMA-4634,944
20,NORMA-3550,945
20,NORMA-20129,946
20,NORMA-18995,947
20,NORMA-18529,948
20,NORMA-6958,949
20,NORMA-9987,950
20,NORMA-7841,951
20,NORMA-18996,952
20,NORMA-20900,953
20,NORMA-3735,954
20,NORMA-13398,955
20,NORMA-10740,956
20,NORMA-21497,957
20,NORMA-11505,958
20,NORMA-21203,959
20,NORMA-19278,960
20,NORMA-19223,961
20,NORMA-9902,962
20,NORMA-8837,963
20,NORMA-8691,964
20,NORMA-8684,965
20,NORMA-7524,966
20,NORMA-6895,967
20,NORMA-8557,968
20,NORMA-20222,969
20,NORMA-20581,970
20,NORMA-9681,971
20,NORMA-12607,972
20,NORMA-21404,973
20,NORMA-14974,974
20,NORMA-11612,975
20,NORMA-6033,976
20,NORMA-21509,977
20,NORMA-9988,978
20,NORMA-10038,979
20,NORMA-4381,980
20,NORMA-7730,981
20,NORMA-18689,982
20,NORMA-20055,983
20,NORMA-23027,984
20,NORMA-6257,985
20,NORMA-2376,986
20,NORMA-10247,987
20,NORMA-8840,988
20,NORMA-15095,989
20,NORMA-9903,990
20,NORMA-9582,991
20,NORMA-5223,992
20,NORMA-6750,993
20,NORMA-20915,994
20,NORMA-6655,995
20,NORMA-22001,996
20,NORMA-19466,997
20,NORMA-22862,998
20,NORMA-5969,999
20,NORMA-7742,1000
21,NORMA-19017,1
21,NORMA-21676,2
21,NORMA-19643,3
21,NORMA-21659,4
21,NORMA-21209,5
21,NORMA-21254,6
21,NORMA-24582,7
21,NORMA-2047,8
21,NORMA-12246,9
21,NORMA-2249,10
21,NORMA-2043,11
21,NORMA-21628,12
21,NORMA-19381,13
21,NORMA-19472,14
21,NORMA-21341,15
21,NORMA-18966,16
21,NORMA-21451,17
21,NORMA-21611,18
21,NORMA-19062,19
21,NORMA-21673,20
21,NORMA-19690,21
21,NORMA-21493,22
21,NORMA-18599,23
21,NORMA-21658,24
21,NORMA-19256,25
21,NORMA-19522,26
21,NORMA-19521,27
21,NORMA-19152,28
21,NORMA-21367,29
21,NORMA-26701,30
21,NORMA-26841,31
21,NORMA-21506,32
21,NORMA-11766,33
21,NORMA-11571,34
21,NORMA-21626,35
21,NORMA-19096,36
21,NORMA-21550,37
21,NORMA-21351,38
21,NORMA-21413,39
21,NORMA-21387,40
21,NORMA-21305,41
21,NORMA-21328,42
21,NORMA-20906,43
21,NORMA-21028,44
21,NORMA-21725,45
21,NORMA-22561,46
21,NORMA-2269,47
21,NORMA-20108,48
21,NORMA-18750,49
21,NORMA-20912,50
21,NORMA-17201,51
21,NORMA-18762,52
21,NORMA-19578,53
21,NORMA-18536,54
21,NORMA-21739,55
21,NORMA-28281,56
21,NORMA-6253,57
21,NORMA-19605,58
21,NORMA-13298,59
21,NORMA-19387,60
21,NORMA-19456,61
21,NORMA-21434,62
21,NORMA-18479,63
21,NORMA-18796,64
21,NORMA-21507,65
21,NORMA-6316,66
21,NORMA-6181,67
21,NORMA-6630,68
21,NORMA-18780,69
21,NORMA-21114,70
21,NORMA-6967,71
21,NORMA-21631,72
21,NORMA-20134,73
21,NORMA-21756,74
21,NORMA-20056,75
21,NORMA-19939,76
21,NORMA-21211,77
21,NORMA-25201,78
21,NORMA-20902,79
21,NORMA-19485,80
21,NORMA-4830,81
21,NORMA-19138,82
21,NORMA-4746,83
21,NORMA-3503,84
21,NORMA-462,85
21,NORMA-21553,86
21,NORMA-21484,87
21,NORMA-21608,88
21,NORMA-4909,89
21,NORMA-28181,90
21,NORMA-21224,91
21,NORMA-21253,92
21,NORMA-19021,93
21,NORMA-18748,94
21,NORMA-19081,95
21,NORMA-10375,96
21,NORMA-10629,97
21,NORMA-6948,98
21,NORMA-21210,99
21,NORMA-21552,100
21,NORMA-21223,101
21,NORMA-4817,102
21,NORMA-5363,103
21,NORMA-3632,104
21,NORMA-9898,105
21,NORMA-19734,106
21,NORMA-12989,107
21,NORMA-6805,108
21,NORMA-6443,109
21,NORMA-3738,110
21,NORMA-5798,111
21,NORMA-5513,112
21,NORMA-3553,113
21,NORMA-7746,114
21,NORMA-9391,115
21,NORMA-6211,116
21,NORMA-5784,117
21,NORMA-5843,118
21,NORMA-5408,119
21,NORMA-8677,120
21,NORMA-4622,121
21,NORMA-8074,122
21,NORMA-7748,123
21,NORMA-6271,124
21,NORMA-4801,125
21,NORMA-4662,126
21,NORMA-4869,127
21,NORMA-4942,128
21,NORMA-5883,129
21,NORMA-4565,130
21,NORMA-4867,131
21,NORMA-4235,132
21,NORMA-5572,133
21,NORMA-7821,134
21,NORMA-5786,135
21,NORMA-8919,136
21,NORMA-8823,137
21,NORMA-4863,138
21,NORMA-5334,139
21,NORMA-4029,140
21,NORMA-5967,141
21,NORMA-4557,142
21,NORMA-12317,143
21,NORMA-6011,144
21,NORMA-7820,145
21,NORMA-13415,146
21,NORMA-5097,147
21,NORMA-5478,148
21,NORMA-4435,149
21,NORMA-4038,150
21,NORMA-7068,151
21,NORMA-4688,152
21,NORMA-11898,153
21,NORMA-4868,154
21,NORMA-4253,155
21,NORMA-4816,156
21,NORMA-4858,157
21,NORMA-7917,158
21,NORMA-8830,159
21,NORMA-8165,160
21,NORMA-5096,161
21,NORMA-5332,162
21,NORMA-13397,163
21,NORMA-4888,164
21,NORMA-8827,165
21,NORMA-5982,166
21,NORMA-4286,167
21,NORMA-8253,168
21,NORMA-8683,169
21,NORMA-3478,170
21,NORMA-7422,171
21,NORMA-5558,172
21,NORMA-3506,173
21,NORMA-14901,174
21,NORMA-8829,175
21,NORMA-5060,176
21,NORMA-7726,177
21,NORMA-5794,178
21,NORMA-6066,179
21,NORMA-8009,180
21,NORMA-5597,181
21,NORMA-8693,182
21,NORMA-11314,183
21,NORMA-7768,184
21,NORMA-8507,185
21,NORMA-8885,186
21,NORMA-3714,187
21,NORMA-4146,188
21,NORMA-5837,189
21,NORMA-6004,190
21,NORMA-10273,191
21,NORMA-5098,192
21,NORMA-5884,193
21,NORMA-8238,194
21,NORMA-3882,195
21,NORMA-5867,196
21,NORMA-6050,197
21,NORMA-8463,198
21,NORMA-6336,199
21,NORMA-8163,200
21,NORMA-4893,201
21,NORMA-11826,202
21,NORMA-5783,203
21,NORMA-8220,204
21,NORMA-6458,205
21,NORMA-7658,206
21,NORMA-13295,207
21,NORMA-7035,208
21,NORMA-8164,209
21,NORMA-5014,210
21,NORMA-12393,211
21,NORMA-12291,212
21,NORMA-6482,213
21,NORMA-10490,214
21,NORMA-4175,215
21,NORMA-5956,216
21,NORMA-14428,217
21,NORMA-13074,218
21,NORMA-11989,219
21,NORMA-4352,220
21,NORMA-8687,221
21,NORMA-3462,222
21,NORMA-4873,223
21,NORMA-4860,224
21,NORMA-3627,225
21,NORMA-5272,226
21,NORMA-8019,227
21,NORMA-8310,228
21,NORMA-4527,229
21,NORMA-8167,230
21,NORMA-7736,231
21,NORMA-4714,232
21,NORMA-6453,233
21,NORMA-5377,234
21,NORMA-8240,235
21,NORMA-7659,236
21,NORMA-4708,237
21,NORMA-5028,238
21,NORMA-8007,239
21,NORMA-8004,240
21,NORMA-3559,241
21,NORMA-5269,242
21,NORMA-11115,243
21,NORMA-7603,244
21,NORMA-14240,245
21,NORMA-15005,246
21,NORMA-10734,247
21,NORMA-8654,248
21,NORMA-3804,249
21,NORMA-6335,250
21,NORMA-8082,251
21,NORMA-5123,252
21,NORMA-7990,253
21,NORMA-7370,254
21,NORMA-10397,255
21,NORMA-5359,256
21,NORMA-5823,257
21,NORMA-5409,258
21,NORMA-7358,259
21,NORMA-8686,260
21,NORMA-7722,261
21,NORMA-10337,262
21,NORMA-13881,263
21,NORMA-15007,264
21,NORMA-5930,265
21,NORMA-8154,266
21,NORMA-12722,267
21,NORMA-8920,268
21,NORMA-10400,269
21,NORMA-13902,270
21,NORMA-3918,271
21,NORMA-8835,272
21,NORMA-4580,273
21,NORMA-15234,274
21,NORMA-8505,275
21,NORMA-11176,276
21,NORMA-9763,277
21,NORMA-5692,278
21,NORMA-5729,279
21,NORMA-8563,280
21,NORMA-12566,281
21,NORMA-5393,282
21,NORMA-4336,283
21,NORMA-12387,284
21,NORMA-5976,285
21,NORMA-7204,286
21,NORMA-3582,287
21,NORMA-4410,288
21,NORMA-4810,289
21,NORMA-4249,290
21,NORMA-14120,291
21,NORMA-4806,292
21,NORMA-3841,293
21,NORMA-5593,294
21,NORMA-8178,295
21,NORMA-8388,296
21,NORMA-11082,297
21,NORMA-12395,298
21,NORMA-12851,299
21,NORMA-10240,300
21,NORMA-7714,301
21,NORMA-7718,302
21,NORMA-8680,303
21,NORMA-11677,304
21,NORMA-5989,305
21,NORMA-5949,306
21,NORMA-15163,307
21,NORMA-5851,308
21,NORMA-4604,309
21,NORMA-8826,310
21,NORMA-4202,311
21,NORMA-5752,312
21,NORMA-8916,313
21,NORMA-3850,314
21,NORMA-7858,315
21,NORMA-8077,316
21,NORMA-7201,317
21,NORMA-5889,318
21,NORMA-3811,319
21,NORMA-5465,320
21,NORMA-15099,321
21,NORMA-5356,322
21,NORMA-4987,323
21,NORMA-4847,324
21,NORMA-4291,325
21,NORMA-9526,326
21,NORMA-7991,327
21,NORMA-5897,328
21,NORMA-4518,329
21,NORMA-3796,330
21,NORMA-4324,331
21,NORMA-5753,332
21,NORMA-5056,333
21,NORMA-14932,334
21,NORMA-7218,335
21,NORMA-5181,336
21,NORMA-7829,337
21,NORMA-11927,338
21,NORMA-8258,339
21,NORMA-5031,340
21,NORMA-5126,341
21,NORMA-8008,342
21,NORMA-4555,343
21,NORMA-7830,344
21,NORMA-4872,345
21,NORMA-5057,346
21,NORMA-13834,347
21,NORMA-8828,348
21,NORMA-4390,349
21,NORMA-5630,350
21,NORMA-8251,351
21,NORMA-4112,352
21,NORMA-3674,353
21,NORMA-10385,354
21,NORMA-13855,355
21,NORMA-13973,356
21,NORMA-4826,357
21,NORMA-4392,358
21,NORMA-8173,359
21,NORMA-10279,360
21,NORMA-8245,361
21,NORMA-8416,362
21,NORMA-5564,363
21,NORMA-7739,364
21,NORMA-10023,365
21,NORMA-7824,366
21,NORMA-5971,367
21,NORMA-5416,368
21,NORMA-14929,369
21,NORMA-3807,370
21,NORMA-8403,371
21,NORMA-5653,372
21,NORMA-4268,373
21,NORMA-8243,374
21,NORMA-4164,375
21,NORMA-8011,376
21,NORMA-8081,377
21,NORMA-8746,378
21,NORMA-8398,379
21,NORMA-9251,380
21,NORMA-3464,381
21,NORMA-10554,382
21,NORMA-10567,383
21,NORMA-14277,384
21,NORMA-4600,385
21,NORMA-5652,386
21,NORMA-5364,387
21,NORMA-8499,388
21,NORMA-5707,389
21,NORMA-10224,390
21,NORMA-9049,391
21,NORMA-8392,392
21,NORMA-5835,393
21,NORMA-8255,394
21,NORMA-14530,395
21,NORMA-5507,396
21,NORMA-7444,397
21,NORMA-4273,398
21,NORMA-7041,399
21,NORMA-4668,400
21,NORMA-4675,401
21,NORMA-6734,402
21,NORMA-5693,403
21,NORMA-5994,404
21,NORMA-7215,405
21,NORMA-5900,406
21,NORMA-5888,407
21,NORMA-6263,408
21,NORMA-5102,409
21,NORMA-4049,410
21,NORMA-8825,411
21,NORMA-15357,412
21,NORMA-4538,413
21,NORMA-6801,414
21,NORMA-9050,415
21,NORMA-6014,416
21,NORMA-5701,417
21,NORMA-9994,418
21,NORMA-7416,419
21,NORMA-13477,420
21,NORMA-8562,421
21,NORMA-4079,422
21,NORMA-5738,423
21,NORMA-11649,424
21,NORMA-7826,425
21,NORMA-7362,426
21,NORMA-5852,427
21,NORMA-5754,428
21,NORMA-4272,429
21,NORMA-4943,430
21,NORMA-3470,431
21,NORMA-12725,432
21,NORMA-8256,433
21,NORMA-4748,434
21,NORMA-7679,435
21,NORMA-4862,436
21,NORMA-3788,437
21,NORMA-8408,438
21,NORMA-5760,439
21,NORMA-8389,440
21,NORMA-3818,441
21,NORMA-13399,442
21,NORMA-3778,443
21,NORMA-4493,444
21,NORMA-7208,445
21,NORMA-8313,446
21,NORMA-13198,447
21,NORMA-5807,448
21,NORMA-5957,449
21,NORMA-4047,450
21,NORMA-12428,451
21,NORMA-3501,452
21,NORMA-7822,453
21,NORMA-4996,454
21,NORMA-9082,455
21,NORMA-15161,456
21,NORMA-5912,457
21,NORMA-4107,458
21,NORMA-5585,459
21,NORMA-5487,460
21,NORMA-5602,461
21,NORMA-7716,462
21,NORMA-5358,463
21,NORMA-4428,464
21,NORMA-8168,465
21,NORMA-6803,466
21,NORMA-3959,467
21,NORMA-5892,468
21,NORMA-4780,469
21,NORMA-8685,470
21,NORMA-8506,471
21,NORMA-5211,472
21,NORMA-5995,473
21,NORMA-5518,474
21,NORMA-7744,475
21,NORMA-10539,476
21,NORMA-8176,477
21,NORMA-12485,478
21,NORMA-4649,479
21,NORMA-5248,480
21,NORMA-4607,481
21,NORMA-13857,482
21,NORMA-7921,483
21,NORMA-10589,484
21,NORMA-5733,485
21,NORMA-10066,486
21,NORMA-8695,487
21,NORMA-8315,488
21,NORMA-6009,489
21,NORMA-14928,490
21,NORMA-4958,491
21,NORMA-3987,492
21,NORMA-3794,493
21,NORMA-4827,494
21,NORMA-10480,495
21,NORMA-5191,496
21,NORMA-15190,497
21,NORMA-13856,498
21,NORMA-4866,499
21,NORMA-4365,500
21,NORMA-8175,501
21,NORMA-10632,502
21,NORMA-7809,503
21,NORMA-5878,504
21,NORMA-5965,505
21,NORMA-4618,506
21,NORMA-4363,507
21,NORMA-5874,508
21,NORMA-5355,509
21,NORMA-4633,510
21,NORMA-3629,511
21,NORMA-4857,512
21,NORMA-3467,513
21,NORMA-8502,514
21,NORMA-5509,515
21,NORMA-5998,516
21,NORMA-9776,517
21,NORMA-7836,518
21,NORMA-4861,519
21,NORMA-8066,520
21,NORMA-14437,521
21,NORMA-3568,522
21,NORMA-3569,523
21,NORMA-8235,524
21,NORMA-5043,525
21,NORMA-4999,526
21,NORMA-7730,527
21,NORMA-14914,528
21,NORMA-14942,529
21,NORMA-4859,530
21,NORMA-7833,531
21,NORMA-5290,532
21,NORMA-6469,533
21,NORMA-7831,534
21,NORMA-7433,535
21,NORMA-5204,536
21,NORMA-8135,537
21,NORMA-8036,538
21,NORMA-6738,539
21,NORMA-7732,540
21,NORMA-11623,541
21,NORMA-15020,542
21,NORMA-7715,543
21,NORMA-4974,544
21,NORMA-4042,545
21,NORMA-5825,546
21,NORMA-4558,547
21,NORMA-4665,548
21,NORMA-8918,549
21,NORMA-8237,550
21,NORMA-8239,551
21,NORMA-3812,552
21,NORMA-4595,553
21,NORMA-7742,554
21,NORMA-7131,555
21,NORMA-8319,556
21,NORMA-4929,557
21,NORMA-5871,558
21,NORMA-5893,559
21,NORMA-4995,560
21,NORMA-4305,561
21,NORMA-6194,562
21,NORMA-6217,563
21,NORMA-5865,564
21,NORMA-5983,565
21,NORMA-5870,566
21,NORMA-7986,567
21,NORMA-14653,568
21,NORMA-5525,569
21,NORMA-9096,570
21,NORMA-5063,571
21,NORMA-5850,572
21,NORMA-4811,573
21,NORMA-4459,574
21,NORMA-3809,575
21,NORMA-9447,576
21,NORMA-5474,577
21,NORMA-8844,578
21,NORMA-11595,579
21,NORMA-7121,580
21,NORMA-3797,581
21,NORMA-4174,582
21,NORMA-15320,583
21,NORMA-4068,584
21,NORMA-3817,585
21,NORMA-8681,586
21,NORMA-8742,587
21,NORMA-4566,588
21,NORMA-5931,589
21,NORMA-15198,590
21,NORMA-5922,591
21,NORMA-10559,592
21,NORMA-10756,593
21,NORMA-8399,594
21,NORMA-14381,595
21,NORMA-4267,596
21,NORMA-8320,597
21,NORMA-8001,598
21,NORMA-7827,599
21,NORMA-8010,600
21,NORMA-5019,601
21,NORMA-5394,602
21,NORMA-4852,603
21,NORMA-8576,604
21,NORMA-5684,605
21,NORMA-3594,606
21,NORMA-9331,607
21,NORMA-5524,608
21,NORMA-5793,609
21,NORMA-5720,610
21,NORMA-8387,611
21,NORMA-4334,612
21,NORMA-4674,613
21,NORMA-14006,614
21,NORMA-3652,615
21,NORMA-8570,616
21,NORMA-7724,617
21,NORMA-7729,618
21,NORMA-4731,619
21,NORMA-5842,620
21,NORMA-11750,621
21,NORMA-5621,622
21,NORMA-4290,623
21,NORMA-8394,624
21,NORMA-3606,625
21,NORMA-5050,626
21,NORMA-4061,627
21,NORMA-5100,628
21,NORMA-13619,629
21,NORMA-7727,630
21,NORMA-10424,631
21,NORMA-4402,632
21,NORMA-7819,633
21,NORMA-5580,634
21,NORMA-5955,635
21,NORMA-3628,636
21,NORMA-12435,637
21,NORMA-4284,638
21,NORMA-3846,639
21,NORMA-12327,640
21,NORMA-13296,641
21,NORMA-6496,642
21,NORMA-3772,643
21,NORMA-5866,644
21,NORMA-5235,645
21,NORMA-3693,646
21,NORMA-8569,647
21,NORMA-8037,648
21,NORMA-6578,649
21,NORMA-5042,650
21,NORMA-6264,651
21,NORMA-4467,652
21,NORMA-7138,653
21,NORMA-8428,654
21,NORMA-8665,655
21,NORMA-4236,656
21,NORMA-4379,657
21,NORMA-5527,658
21,NORMA-12928,659
21,NORMA-8298,660
21,NORMA-5600,661
21,NORMA-4886,662
21,NORMA-3933,663
21,NORMA-4986,664
21,NORMA-8171,665
21,NORMA-8504,666
21,NORMA-4478,667
21,NORMA-7656,668
21,NORMA-12053,669
21,NORMA-13997,670
21,NORMA-4650,671
21,NORMA-5776,672
21,NORMA-7654,673
21,NORMA-8381,674
21,NORMA-6494,675
21,NORMA-3499,676
21,NORMA-8564,677
21,NORMA-8819,678
21,NORMA-7975,679
21,NORMA-5706,680
21,NORMA-5668,681
21,NORMA-8075,682
21,NORMA-3620,683
21,NORMA-5383,684
21,NORMA-9090,685
21,NORMA-5506,686
21,NORMA-4016,687
21,NORMA-8393,688
21,NORMA-10348,689
21,NORMA-4325,690
21,NORMA-4871,691
21,NORMA-4433,692
21,NORMA-4542,693
21,NORMA-4750,694
21,NORMA-4060,695
21,NORMA-12152,696
21,NORMA-8902,697
21,NORMA-7988,698
21,NORMA-4010,699
21,NORMA-5591,700
21,NORMA-5796,701
21,NORMA-10253,702
21,NORMA-7737,703
21,NORMA-8265,704
21,NORMA-4881,705
21,NORMA-4889,706
21,NORMA-9889,707
21,NORMA-5921,708
21,NORMA-5938,709
21,NORMA-7652,710
21,NORMA-14142,711
21,NORMA-5466,712
21,NORMA-7723,713
21,NORMA-14190,714
21,NORMA-3940,715
21,NORMA-5160,716
21,NORMA-4991,717
21,NORMA-5734,718
21,NORMA-8832,719
21,NORMA-4554,720
21,NORMA-1272,721
21,NORMA-7130,722
21,NORMA-11021,723
21,NORMA-14217,724
21,NORMA-13739,725
21,NORMA-7832,726
21,NORMA-5378,727
21,NORMA-3787,728
21,NORMA-4699,729
21,NORMA-8170,730
21,NORMA-8739,731
21,NORMA-8497,732
21,NORMA-3944,733
21,NORMA-5139,734
21,NORMA-4865,735
21,NORMA-7413,736
21,NORMA-5782,737
21,NORMA-5346,738
21,NORMA-7660,739
21,NORMA-8573,740
21,NORMA-19573,741
21,NORMA-4904,742
21,NORMA-10145,743
21,NORMA-19599,744
21,NORMA-11639,745
21,NORMA-5548,746
21,NORMA-4443,747
21,NORMA-4149,748
21,NORMA-8824,749
21,NORMA-4036,750
21,NORMA-4120,751
21,NORMA-7655,752
21,NORMA-7892,753
21,NORMA-5157,754
21,NORMA-4623,755
21,NORMA-5418,756
21,NORMA-5282,757
21,NORMA-3997,758
21,NORMA-7420,759
21,NORMA-5214,760
21,NORMA-5500,761
21,NORMA-3663,762
21,NORMA-3554,763
21,NORMA-4664,764
21,NORMA-4169,765
21,NORMA-3646,766
21,NORMA-4774,767
21,NORMA-4446,768
21,NORMA-11682,769
21,NORMA-4026,770
21,NORMA-4295,771
21,NORMA-6339,772
21,NORMA-4647,773
21,NORMA-5546,774
21,NORMA-4011,775
21,NORMA-10653,776
21,NORMA-5553,777
21,NORMA-3631,778
21,NORMA-7970,779
21,NORMA-17002,780
21,NORMA-15107,781
21,NORMA-14491,782
21,NORMA-5131,783
21,NORMA-4768,784
21,NORMA-10877,785
21,NORMA-4476,786
21,NORMA-7042,787
21,NORMA-4655,788
21,NORMA-8820,789
21,NORMA-5072,790
21,NORMA-7916,791
21,NORMA-5674,792
21,NORMA-3991,793
21,NORMA-4902,794
21,NORMA-3740,795
21,NORMA-5169,796
21,NORMA-4673,797
21,NORMA-5730,798
21,NORMA-5023,799
21,NORMA-5217,800
21,NORMA-5221,801
21,NORMA-4337,802
21,NORMA-8749,803
21,NORMA-5149,804
21,NORMA-5528,805
21,NORMA-13792,806
21,NORMA-10767,807
21,NORMA-5062,808
21,NORMA-7720,809
21,NORMA-8697,810
21,NORMA-7771,811
21,NORMA-3806,812
21,NORMA-3480,813
21,NORMA-8748,814
21,NORMA-8118,815
21,NORMA-3896,816
21,NORMA-7045,817
21,NORMA-13363,818
21,NORMA-14059,819
21,NORMA-3989,820
21,NORMA-14097,821
21,NORMA-4769,822
21,NORMA-4707,823
21,NORMA-3974,824
21,NORMA-3917,825
21,NORMA-4250,826
21,NORMA-11365,827
21,NORMA-6470,828
21,NORMA-7666,829
21,NORMA-6830,830
21,NORMA-6002,831
21,NORMA-4732,832
21,NORMA-7709,833
21,NORMA-8236,834
21,NORMA-4022,835
21,NORMA-5581,836
21,NORMA-5022,837
21,NORMA-3798,838
21,NORMA-3563,839
21,NORMA-5329,840
21,NORMA-4356,841
21,NORMA-7449,842
21,NORMA-4610,843
21,NORMA-3538,844
21,NORMA-4526,845
21,NORMA-3630,846
21,NORMA-11971,847
21,NORMA-4442,848
21,NORMA-7971,849
21,NORMA-8172,850
21,NORMA-12750,851
21,NORMA-6063,852
21,NORMA-7735,853
21,NORMA-11590,854
21,NORMA-8404,855
21,NORMA-4519,856
21,NORMA-13313,857
21,NORMA-15124,858
21,NORMA-10234,859
21,NORMA-5517,860
21,NORMA-5924,861
21,NORMA-10817,862
21,NORMA-7106,863
21,NORMA-15350,864
21,NORMA-6270,865
21,NORMA-7205,866
21,NORMA-4065,867
21,NORMA-5608,868
21,NORMA-10900,869
21,NORMA-13654,870
21,NORMA-7122,871
21,NORMA-8080,872
21,NORMA-4482,873
21,NORMA-8314,874
21,NORMA-4436,875
21,NORMA-5471,876
21,NORMA-10442,877
21,NORMA-6484,878
21,NORMA-5188,879
21,NORMA-19551,880
21,NORMA-13558,881
21,NORMA-15327,882
21,NORMA-5333,883
21,NORMA-7825,884
21,NORMA-5331,885
21,NORMA-4281,886
21,NORMA-10301,887
21,NORMA-7823,888
21,NORMA-8561,889
21,NORMA-5911,890
21,NORMA-3701,891
21,NORMA-5515,892
21,NORMA-5570,893
21,NORMA-5562,894
21,NORMA-10636,895
21,NORMA-4722,896
21,NORMA-12600,897
21,NORMA-13622,898
21,NORMA-5407,899
21,NORMA-8083,900
21,NORMA-12957,901
21,NORMA-15133,902
21,NORMA-7039,903
21,NORMA-14479,904
21,NORMA-13906,905
21,NORMA-5220,906
21,NORMA-4404,907
21,NORMA-8690,908
21,NORMA-3493,909
21,NORMA-5557,910
21,NORMA-8304,911
21,NORMA-8896,912
21,NORMA-4181,913
21,NORMA-10943,914
21,NORMA-4730,915
21,NORMA-8246,916
21,NORMA-8943,917
21,NORMA-12210,918
21,NORMA-3562,919
21,NORMA-13809,920
21,NORMA-4822,921
21,NORMA-4228,922
21,NORMA-4661,923
21,NORMA-5451,924
21,NORMA-5919,925
21,NORMA-3958,926
21,NORMA-4776,927
21,NORMA-7429,928
21,NORMA-4982,929
21,NORMA-8496,930
21,NORMA-6790,931
21,NORMA-14038,932
21,NORMA-8402,933
21,NORMA-8151,934
21,NORMA-8339,935
21,NORMA-22682,936
21,NORMA-17481,937
21,NORMA-15316,938
21,NORMA-4346,939
21,NORMA-5709,940
21,NORMA-6794,941
21,NORMA-4237,942
21,NORMA-3739,943
21,NORMA-4266,944
21,NORMA-4733,945
21,NORMA-3883,946
21,NORMA-5583,947
21,NORMA-5055,948
21,NORMA-7693,949
21,NORMA-3780,950
21,NORMA-8565,951
21,NORMA-27462,952
21,NORMA-16522,953
21,NORMA-12958,954
21,NORMA-13784,955
21,NORMA-12942,956
21,NORMA-5799,957
21,NORMA-7741,958
21,NORMA-7537,959
21,NORMA-4789,960
21,NORMA-13048,961
21,NORMA-7734,962
21,NORMA-12129,963
21,NORMA-3657,964
21,NORMA-14201,965
21,NORMA-4581,966
21,NORMA-8843,967
21,NORMA-5787,968
21,NORMA-5530,969
21,NORMA-5962,970
21,NORMA-5516,971
21,NORMA-4749,972
21,NORMA-9881,973
21,NORMA-5216,974
21,NORMA-8861,975
21,NORMA-7040,976
21,NORMA-29006,977
21,NORMA-27252,978
21,NORMA-13357,979
21,NORMA-5839,980
21,NORMA-5354,981
21,NORMA-11374,982
21,NORMA-3884,983
21,NORMA-7653,984
21,NORMA-13273,985
21,NORMA-5937,986
21,NORMA-5898,987
21,NORMA-4377,988
21,NORMA-7740,989
21,NORMA-7703,990
21,NORMA-5268,991
21,NORMA-7765,992
21,NORMA-4050,993
21,NORMA-13205,994
21,NORMA-11938,995
21,NORMA-5054,996
21,NORMA-8836,997
21,NORMA-8308,998
21,NORMA-6274,999
21,NORMA-7058,1000
23,NORMA-20423,1
23,NORMA-21268,2
23,NORMA-3382,3
23,NORMA-19486,4
23,NORMA-20590,5
23,NORMA-15521,6
23,NORMA-19200,7
23,NORMA-19507,8
23,NORMA-20217,9
23,NORMA-20189,10
23,NORMA-20796,11
23,NORMA-21012,12
23,NORMA-207,13
23,NORMA-2120,14
23,NORMA-6880,15
23,NORMA-21755,16
23,NORMA-8677,17
23,NORMA-82,18
23,NORMA-18788,19
23,NORMA-18797,20
23,NORMA-1672,21
23,NORMA-6758,22
23,NORMA-19057,23
23,NORMA-220,24
23,NORMA-20192,25
23,NORMA-18394,26
23,NORMA-19456,27
23,NORMA-75,28
23,NORMA-20349,29
23,NORMA-19509,30
23,NORMA-18695,31
23,NORMA-23501,32
23,NORMA-21698,33
23,NORMA-12039,34
23,NORMA-20885,35
23,NORMA-20359,36
23,NORMA-3241,37
23,NORMA-20476,38
23,NORMA-19866,39
23,NORMA-20880,40
23,NORMA-7100,41
23,NORMA-11474,42
23,NORMA-18466,43
23,NORMA-11527,44
23,NORMA-778,45
23,NORMA-23862,46
23,NORMA-19012,47
23,NORMA-18299,48
23,NORMA-1641,49
23,NORMA-18811,50
23,NORMA-20443,51
23,NORMA-21496,52
23,NORMA-24621,53
23,NORMA-19011,54
23,NORMA-21021,55
23,NORMA-29301,56
23,NORMA-19016,57
23,NORMA-18468,58
23,NORMA-23061,59
23,NORMA-18300,60
23,NORMA-24501,61
23,NORMA-25721,62
23,NORMA-18774,63
23,NORMA-18702,64
23,NORMA-20505,65
23,NORMA-18370,66
23,NORMA-18558,67
23,NORMA-18866,68
23,NORMA-5760,69
23,NORMA-26822,70
23,NORMA-20182,71
23,NORMA-29283,72
23,NORMA-18262,73
23,NORMA-18587,74
23,NORMA-18285,75
23,NORMA-18363,76
23,NORMA-19022,77
23,NORMA-18513,78
23,NORMA-1549,79
23,NORMA-18469,80
23,NORMA-18257,81
23,NORMA-18470,82
23,NORMA-18258,83
23,NORMA-18369,84
23,NORMA-19025,85
23,NORMA-19023,86
23,NORMA-19891,87
23,NORMA-18373,88
23,NORMA-18711,89
23,NORMA-18714,90
23,NORMA-18208,91
23,NORMA-20460,92
23,NORMA-834,93
23,NORMA-20468,94
23,NORMA-18700,95
23,NORMA-15141,96
23,NORMA-18712,97
23,NORMA-20501,98
23,NORMA-31923,99
23,NORMA-2337,100
23,NORMA-2032,101
23,NORMA-18586,102
23,NORMA-18226,103
23,NORMA-20366,104
23,NORMA-20985,105
23,NORMA-20183,106
23,NORMA-18703,107
23,NORMA-20029,108
23,NORMA-20289,109
23,NORMA-20473,110
23,NORMA-20886,111
23,NORMA-18450,112
23,NORMA-5562,113
23,NORMA-21164,114
23,NORMA-8028,115
23,NORMA-20488,116
23,NORMA-18433,117
23,NORMA-20716,118
23,NORMA-20861,119
23,NORMA-20793,120
23,NORMA-21766,121
23,NORMA-1341,122
23,NORMA-19098,123
23,NORMA-6948,124
23,NORMA-11575,125
23,NORMA-20995,126
23,NORMA-555,127
23,NORMA-20902,128
23,NORMA-20873,129
23,NORMA-18235,130
23,NORMA-18818,131
23,NORMA-12165,132
23,NORMA-18588,133
23,NORMA-18704,134
23,NORMA-20490,135
23,NORMA-18256,136
23,NORMA-20503,137
23,NORMA-18266,138
23,NORMA-19097,139
23,NORMA-20477,140
23,NORMA-19232,141
23,NORMA-18537,142
23,NORMA-20487,143
23,NORMA-20374,144
23,NORMA-18734,145
23,NORMA-27521,146
23,NORMA-20403,147
23,NORMA-20465,148
23,NORMA-21691,149
23,NORMA-18743,150
23,NORMA-18759,151
23,NORMA-20125,152
23,NORMA-1994,153
23,NORMA-18541,154
23,NORMA-19275,155
23,NORMA-2383,156
23,NORMA-20369,157
23,NORMA-21196,158
23,NORMA-18286,159
23,NORMA-18205,160
23,NORMA-8695,161
23,NORMA-19485,162
23,NORMA-21388,163
23,NORMA-20422,164
23,NORMA-20402,165
23,NORMA-20480,166
23,NORMA-5518,167
23,NORMA-1740,168
23,NORMA-20327,169
23,NORMA-4273,170
23,NORMA-3478,171
23,NORMA-4817,172
23,NORMA-21086,173
23,NORMA-19188,174
23,NORMA-18372,175
23,NORMA-20540,176
23,NORMA-20187,177
23,NORMA-19611,178
23,NORMA-19384,179
23,NORMA-20482,180
23,NORMA-20171,181
23,NORMA-4929,182
23,NORMA-20024,183
23,NORMA-20548,184
23,NORMA-20376,185
23,NORMA-4377,186
23,NORMA-18319,187
23,NORMA-3708,188
23,NORMA-8502,189
23,NORMA-2377,190
23,NORMA-5955,191
23,NORMA-21540,192
23,NORMA-20892,193
23,NORMA-19431,194
23,NORMA-18462,195
23,NORMA-20534,196
23,NORMA-21437,197
23,NORMA-20474,198
23,NORMA-20539,199
23,NORMA-20053,200
23,NORMA-4079,201
23,NORMA-3479,202
23,NORMA-3851,203
23,NORMA-4565,204
23,NORMA-4663,205
23,NORMA-19520,206
23,NORMA-18529,207
23,NORMA-4982,208
23,NORMA-5938,209
23,NORMA-19292,210
23,NORMA-20008,211
23,NORMA-20968,212
23,NORMA-7012,213
23,NORMA-20546,214
23,NORMA-24582,215
23,NORMA-3592,216
23,NORMA-21419,217
23,NORMA-6256,218
23,NORMA-643,219
23,NORMA-19249,220
23,NORMA-19620,221
23,NORMA-18432,222
23,NORMA-11621,223
23,NORMA-20055,224
23,NORMA-18935,225
23,NORMA-25902,226
23,NORMA-5956,227
23,NORMA-20150,228
23,NORMA-20811,229
23,NORMA-3896,230
23,NORMA-20382,231
23,NORMA-21211,232
23,NORMA-18243,233
23,NORMA-20040,234
23,NORMA-684,235
23,NORMA-21233,236
23,NORMA-11560,237
23,NORMA-6185,238
23,NORMA-9382,239
23,NORMA-29005,240
23,NORMA-20100,241
23,NORMA-19593,242
23,NORMA-5834,243
23,NORMA-8501,244
23,NORMA-20920,245
23,NORMA-3505,246
23,NORMA-3904,247
23,NORMA-4449,248
23,NORMA-5415,249
23,NORMA-5357,250
23,NORMA-5519,251
23,NORMA-3943,252
23,NORMA-4145,253
23,NORMA-4329,254
23,NORMA-10375,255
23,NORMA-6623,256
23,NORMA-20371,257
23,NORMA-9834,258
23,NORMA-11632,259
23,NORMA-4829,260
23,NORMA-20377,261
23,NORMA-18654,262
23,NORMA-19981,263
23,NORMA-18446,264
23,NORMA-3342,265
23,NORMA-10629,266
23,NORMA-3698,267
23,NORMA-4342,268
23,NORMA-4686,269
23,NORMA-6000,270
23,NORMA-4840,271
23,NORMA-4567,272
23,NORMA-5964,273
23,NORMA-20425,274
23,NORMA-12102,275
23,NORMA-228,276
23,NORMA-12920,277
23,NORMA-11836,278
23,NORMA-11827,279
23,NORMA-12826,280
23,NORMA-13638,281
23,NORMA-14162,282
23,NORMA-12160,283
23,NORMA-13831,284
23,NORMA-13999,285
23,NORMA-13962,286
23,NORMA-14735,287
23,NORMA-1421,288
23,NORMA-15276,289
23,NORMA-20356,290
23,NORMA-3883,291
23,NORMA-6856,292
23,NORMA-8074,293
23,NORMA-15115,294
23,NORMA-5838,295
23,NORMA-14885,296
23,NORMA-13179,297
23,NORMA-19373,298
23,NORMA-26161,299
23,NORMA-1650,300
23,NORMA-12870,301
23,NORMA-13183,302
23,NORMA-2094,303
23,NORMA-22622,304
23,NORMA-4144,305
23,NORMA-3875,306
23,NORMA-588,307
23,NORMA-587,308
23,NORMA-24362,309
23,NORMA-14145,310
23,NORMA-20753,311
23,NORMA-18709,312
23,NORMA-2158,313
23,NORMA-20918,314
23,NORMA-20013,315
23,NORMA-11828,316
23,NORMA-19412,317
23,NORMA-4618,318
23,NORMA-19429,319
23,NORMA-19233,320
23,NORMA-19621,321
23,NORMA-21052,322
23,NORMA-6084,323
23,NORMA-20989,324
23,NORMA-18933,325
23,NORMA-21238,326
23,NORMA-21705,327
23,NORMA-3846,328
23,NORMA-15194,329
23,NORMA-7658,330
23,NORMA-19181,331
23,NORMA-2104,332
23,NORMA-3514,333
23,NORMA-2089,334
23,NORMA-11524,335
23,NORMA-20197,336
23,NORMA-20869,337
23,NORMA-20172,338
23,NORMA-20193,339
23,NORMA-20223,340
23,NORMA-20706,341
23,NORMA-5327,342
23,NORMA-8165,343
23,NORMA-19387,344
23,NORMA-18430,345
23,NORMA-4915,346
23,NORMA-20446,347
23,NORMA-4433,348
23,NORMA-11574,349
23,NORMA-21634,350
23,NORMA-28203,351
23,NORMA-7068,352
23,NORMA-20389,353
23,NORMA-5500,354
23,NORMA-4120,355
23,NORMA-18291,356
23,NORMA-6253,357
23,NORMA-26841,358
23,NORMA-13323,359
23,NORMA-6621,360
23,NORMA-878,361
23,NORMA-3701,362
23,NORMA-20602,363
23,NORMA-19960,364
23,NORMA-13298,365
23,NORMA-20837,366
23,NORMA-6643,367
23,NORMA-4519,368
23,NORMA-6443,369
23,NORMA-4365,370
23,NORMA-1851,371
23,NORMA-2184,372
23,NORMA-2058,373
23,NORMA-21321,374
23,NORMA-18918,375
23,NORMA-11687,376
23,NORMA-19021,377
23,NORMA-20009,378
23,NORMA-19212,379
23,NORMA-18445,380
23,NORMA-1689,381
23,NORMA-332,382
23,NORMA-11570,383
23,NORMA-5734,384
23,NORMA-462,385
23,NORMA-4325,386
23,NORMA-15237,387
23,NORMA-18411,388
23,NORMA-7659,389
23,NORMA-19095,390
23,NORMA-19883,391
23,NORMA-5346,392
23,NORMA-20381,393
23,NORMA-19096,394
23,NORMA-20091,395
23,NORMA-938,396
23,NORMA-7011,397
23,NORMA-21367,398
23,NORMA-21626,399
23,NORMA-20999,400
23,NORMA-3804,401
23,NORMA-215,402
23,NORMA-6318,403
23,NORMA-20277,404
23,NORMA-18204,405
23,NORMA-20164,406
23,NORMA-18796,407
23,NORMA-2517,408
23,NORMA-20195,409
23,NORMA-21507,410
23,NORMA-9481,411
23,NORMA-20388,412
23,NORMA-18248,413
23,NORMA-12020,414
23,NORMA-20428,415
23,NORMA-6819,416
23,NORMA-19081,417
23,NORMA-3738,418
23,NORMA-19631,419
23,NORMA-21783,420
23,NORMA-7723,421
23,NORMA-18753,422
23,NORMA-21550,423
23,NORMA-6820,424
23,NORMA-5507,425
23,NORMA-19845,426
23,NORMA-4068,427
23,NORMA-3850,428
23,NORMA-3884,429
23,NORMA-15542,430
23,NORMA-21114,431
23,NORMA-8823,432
23,NORMA-18479,433
23,NORMA-7737,434
23,NORMA-6970,435
23,NORMA-19637,436
23,NORMA-4118,437
23,NORMA-21028,438
23,NORMA-5998,439
23,NORMA-20754,440
23,NORMA-18780,441
23,NORMA-8167,442
23,NORMA-3577,443
23,NORMA-18762,444
23,NORMA-5360,445
23,NORMA-10116,446
23,NORMA-29003,447
23,NORMA-8689,448
23,NORMA-11655,449
23,NORMA-18984,450
23,NORMA-17281,451
23,NORMA-14239,452
23,NORMA-12657,453
23,NORMA-22941,454
23,NORMA-18653,455
23,NORMA-5236,456
23,NORMA-18219,457
23,NORMA-4146,458
23,NORMA-5496,459
23,NORMA-20174,460
23,NORMA-5843,461
23,NORMA-4169,462
23,NORMA-3595,463
23,NORMA-2546,464
23,NORMA-21461,465
23,NORMA-21568,466
23,NORMA-2076,467
23,NORMA-21228,468
23,NORMA-4335,469
23,NORMA-4164,470
23,NORMA-4762,471
23,NORMA-4979,472
23,NORMA-18798,473
23,NORMA-5888,474
23,NORMA-8832,475
23,NORMA-28181,476
23,NORMA-6962,477
23,NORMA-7110,478
23,NORMA-5358,479
23,NORMA-5031,480
23,NORMA-11790,481
23,NORMA-5752,482
23,NORMA-6627,483
23,NORMA-20138,484
23,NORMA-21526,485
23,NORMA-18545,486
23,NORMA-4749,487
23,NORMA-19617,488
23,NORMA-19170,489
23,NORMA-19220,490
23,NORMA-19787,491
23,NORMA-8390,492
23,NORMA-20709,493
23,NORMA-10029,494
23,NORMA-20407,495
23,NORMA-21239,496
23,NORMA-21725,497
23,NORMA-9871,498
23,NORMA-18434,499
23,NORMA-10044,500
23,NORMA-4748,501
23,NORMA-4442,502
23,NORMA-11798,503
23,NORMA-11999,504
23,NORMA-704,505
23,NORMA-21173,506
23,NORMA-20396,507
23,NORMA-20303,508
23,NORMA-8504,509
23,NORMA-11605,510
23,NORMA-19715,511
23,NORMA-12002,512
23,NORMA-18934,513
23,NORMA-18391,514
23,NORMA-15339,515
23,NORMA-20777,516
23,NORMA-3569,517
23,NORMA-20913,518
23,NORMA-21583,519
23,NORMA-19383,520
23,NORMA-21387,521
23,NORMA-11085,522
23,NORMA-19651,523
23,NORMA-19959,524
23,NORMA-6957,525
23,NORMA-8205,526
23,NORMA-19152,527
23,NORMA-20800,528
23,NORMA-20068,529
23,NORMA-6017,530
23,NORMA-21328,531
23,NORMA-19842,532
23,NORMA-5776,533
23,NORMA-18474,534
23,NORMA-28422,535
23,NORMA-21427,536
23,NORMA-21792,537
23,NORMA-14294,538
23,NORMA-19629,539
23,NORMA-7387,540
23,NORMA-21664,541
23,NORMA-3787,542
23,NORMA-19983,543
23,NORMA-10200,544
23,NORMA-19221,545
23,NORMA-20834,546
23,NORMA-5524,547
23,NORMA-4392,548
23,NORMA-20444,549
23,NORMA-14447,550
23,NORMA-13345,551
23,NORMA-8081,552
23,NORMA-6736,553
23,NORMA-21474,554
23,NORMA-7027,555
23,NORMA-8920,556
23,NORMA-1909,557
23,NORMA-20141,558
23,NORMA-20405,559
23,NORMA-7953,560
23,NORMA-1572,561
23,NORMA-11804,562
23,NORMA-18240,563
23,NORMA-14724,564
23,NORMA-3470,565
23,NORMA-17321,566
23,NORMA-11476,567
23,NORMA-19940,568
23,NORMA-6343,569
23,NORMA-20206,570
23,NORMA-18325,571
23,NORMA-14850,572
23,NORMA-19328,573
23,NORMA-13918,574
23,NORMA-19455,575
23,NORMA-21333,576
23,NORMA-20293,577
23,NORMA-3767,578
23,NORMA-18533,579
23,NORMA-19351,580
23,NORMA-18915,581
23,NORMA-20647,582
23,NORMA-14113,583
23,NORMA-20037,584
23,NORMA-18972,585
23,NORMA-2694,586
23,NORMA-12394,587
23,NORMA-18674,588
23,NORMA-8392,589
23,NORMA-20690,590
23,NORMA-7660,591
23,NORMA-19272,592
23,NORMA-4443,593
23,NORMA-18835,594
23,NORMA-11356,595
23,NORMA-12415,596
23,NORMA-3979,597
23,NORMA-9835,598
23,NORMA-2421,599
23,NORMA-12923,600
23,NORMA-13124,601
23,NORMA-5873,602
23,NORMA-13470,603
23,NORMA-19553,604
23,NORMA-8706,605
23,NORMA-19077,606
23,NORMA-2551,607
23,NORMA-4026,608
23,NORMA-18868,609
23,NORMA-19227,610
23,NORMA-18375,611
23,NORMA-20859,612
23,NORMA-12733,613
23,NORMA-21561,614
23,NORMA-13476,615
23,NORMA-21547,616
23,NORMA-19039,617
23,NORMA-18823,618
23,NORMA-8011,619
23,NORMA-11868,620
23,NORMA-18607,621
23,NORMA-27044,622
23,NORMA-8075,623
23,NORMA-13308,624
23,NORMA-2233,625
23,NORMA-5842,626
23,NORMA-5994,627
23,NORMA-19414,628
23,NORMA-19406,629
23,NORMA-21522,630
23,NORMA-11780,631
23,NORMA-20807,632
23,NORMA-5897,633
23,NORMA-11571,634
23,NORMA-5383,635
23,NORMA-19895,636
23,NORMA-19935,637
23,NORMA-20719,638
23,NORMA-20681,639
23,NORMA-21537,640
23,NORMA-3638,641
23,NORMA-20508,642
23,NORMA-5487,643
23,NORMA-14688,644
23,NORMA-21348,645
23,NORMA-15229,646
23,NORMA-21756,647
23,NORMA-20266,648
23,NORMA-18825,649
23,NORMA-8176,650
23,NORMA-18978,651
23,NORMA-4095,652
23,NORMA-21305,653
23,NORMA-4786,654
23,NORMA-19459,655
23,NORMA-4813,656
23,NORMA-6752,657
23,NORMA-18668,658
23,NORMA-8178,659
23,NORMA-25645,660
23,NORMA-18826,661
23,NORMA-19584,662
23,NORMA-26003,663
23,NORMA-7833,664
23,NORMA-21440,665
23,NORMA-8027,666
23,NORMA-6783,667
23,NORMA-11513,668
23,NORMA-5548,669
23,NORMA-20304,670
23,NORMA-6881,671
23,NORMA-28381,672
23,NORMA-20103,673
23,NORMA-11521,674
23,NORMA-19784,675
23,NORMA-12045,676
23,NORMA-11766,677
23,NORMA-18672,678
23,NORMA-5170,679
23,NORMA-1608,680
23,NORMA-20597,681
23,NORMA-6701,682
23,NORMA-6252,683
23,NORMA-9724,684
23,NORMA-4268,685
23,NORMA-6140,686
23,NORMA-7225,687
23,NORMA-21431,688
23,NORMA-7113,689
23,NORMA-11607,690
23,NORMA-412,691
23,NORMA-10807,692
23,NORMA-9275,693
23,NORMA-8435,694
23,NORMA-1388,695
23,NORMA-18443,696
23,NORMA-10235,697
23,NORMA-5596,698
23,NORMA-20865,699
23,NORMA-18307,700
23,NORMA-9043,701
23,NORMA-23101,702
23,NORMA-21678,703
23,NORMA-8458,704
23,NORMA-7386,705
23,NORMA-20723,706
23,NORMA-18691,707
23,NORMA-18399,708
23,NORMA-20397,709
23,NORMA-20928,710
23,NORMA-21651,711
23,NORMA-8403,712
23,NORMA-9003,713
23,NORMA-7222,714
23,NORMA-28526,715
23,NORMA-21546,716
23,NORMA-9314,717
23,NORMA-7558,718
23,NORMA-11180,719
23,NORMA-27761,720
23,NORMA-20982,721
23,NORMA-9516,722
23,NORMA-5517,723
23,NORMA-5506,724
23,NORMA-17301,725
23,NORMA-21523,726
23,NORMA-4831,727
23,NORMA-18836,728
23,NORMA-5287,729
23,NORMA-3665,730
23,NORMA-31904,731
23,NORMA-12814,732
23,NORMA-11154,733
23,NORMA-9642,734
23,NORMA-18407,735
23,NORMA-21352,736
23,NORMA-21135,737
23,NORMA-28362,738
23,NORMA-11839,739
23,NORMA-8637,740
23,NORMA-21294,741
23,NORMA-6334,742
23,NORMA-21079,743
23,NORMA-18848,744
23,NORMA-18863,745
23,NORMA-4114,746
23,NORMA-12694,747
23,NORMA-11840,748
23,NORMA-18207,749
23,NORMA-11205,750
23,NORMA-13469,751
23,NORMA-14049,752
23,NORMA-10233,753
23,NORMA-12360,754
23,NORMA-21802,755
23,NORMA-15683,756
23,NORMA-11234,757
23,NORMA-20178,758
23,NORMA-18724,759
23,NORMA-29603,760
23,NORMA-27445,761
23,NORMA-20398,762
23,NORMA-20137,763
23,NORMA-5332,764
23,NORMA-4902,765
23,NORMA-27402,766
23,NORMA-20306,767
23,NORMA-11596,768
23,NORMA-18455,769
23,NORMA-18406,770
23,NORMA-20853,771
23,NORMA-4448,772
23,NORMA-26569,773
23,NORMA-14836,774
23,NORMA-2134,775
23,NORMA-14614,776
23,NORMA-21182,777
23,NORMA-19028,778
23,NORMA-6673,779
23,NORMA-7720,780
23,NORMA-21224,781
23,NORMA-8685,782
23,NORMA-14578,783
23,NORMA-11835,784
23,NORMA-20283,785
23,NORMA-20177,786
23,NORMA-6629,787
23,NORMA-11331,788
23,NORMA-6088,789
23,NORMA-5527,790
23,NORMA-14498,791
23,NORMA-21554,792
23,NORMA-1660,793
23,NORMA-21584,794
23,NORMA-20864,795
23,NORMA-21272,796
23,NORMA-14746,797
23,NORMA-11978,798
23,NORMA-20440,799
23,NORMA-15316,800
23,NORMA-19488,801
23,NORMA-18636,802
23,NORMA-18552,803
23,NORMA-2588,804
23,NORMA-19639,805
23,NORMA-21776,806
23,NORMA-358,807
23,NORMA-16586,808
23,NORMA-19067,809
23,NORMA-18727,810
23,NORMA-20033,811
23,NORMA-18990,812
23,NORMA-1420,813
23,NORMA-11735,814
23,NORMA-19666,815
23,NORMA-1346,816
23,NORMA-1129,817
23,NORMA-21180,818
23,NORMA-16202,819
23,NORMA-6560,820
23,NORMA-4538,821
23,NORMA-27364,822
23,NORMA-18577,823
23,NORMA-7656,824
23,NORMA-6509,825
23,NORMA-21009,826
23,NORMA-20836,827
23,NORMA-21434,828
23,NORMA-5852,829
23,NORMA-6665,830
23,NORMA-20779,831
23,NORMA-5739,832
23,NORMA-21586,833
23,NORMA-21560,834
23,NORMA-18602,835
23,NORMA-7651,836
23,NORMA-3553,837
23,NORMA-21193,838
23,NORMA-13158,839
23,NORMA-19466,840
23,NORMA-19493,841
23,NORMA-28582,842
23,NORMA-1863,843
23,NORMA-357,844
23,NORMA-5558,845
23,NORMA-26241,846
23,NORMA-20946,847
23,NORMA-15211,848
23,NORMA-20049,849
23,NORMA-9870,850
23,NORMA-18239,851
23,NORMA-5714,852
23,NORMA-21181,853
23,NORMA-21521,854
23,NORMA-21632,855
23,NORMA-6076,856
23,NORMA-13545,857
23,NORMA-12038,858
23,NORMA-20907,859
23,NORMA-6961,860
23,NORMA-1348,861
23,NORMA-10309,862
23,NORMA-5340,863
23,NORMA-5835,864
23,NORMA-19871,865
23,NORMA-6347,866
23,NORMA-3777,867
23,NORMA-11734,868
23,NORMA-21134,869
23,NORMA-19375,870
23,NORMA-19618,871
23,NORMA-19151,872
23,NORMA-18663,873
23,NORMA-20742,874
23,NORMA-21201,875
23,NORMA-9824,876
23,NORMA-11864,877
23,NORMA-4711,878
23,NORMA-19788,879
23,NORMA-9823,880
23,NORMA-6391,881
23,NORMA-1442,882
23,NORMA-7716,883
23,NORMA-19377,884
23,NORMA-21055,885
23,NORMA-21155,886
23,NORMA-20986,887
23,NORMA-21722,888
23,NORMA-18723,889
23,NORMA-1558,890
23,NORMA-18435,891
23,NORMA-19519,892
23,NORMA-4295,893
23,NORMA-3801,894
23,NORMA-12500,895
23,NORMA-7820,896
23,NORMA-8404,897
23,NORMA-4075,898
23,NORMA-18690,899
23,NORMA-9597,900
23,NORMA-18540,901
23,NORMA-11715,902
23,NORMA-19619,903
23,NORMA-6647,904
23,NORMA-11872,905
23,NORMA-19573,906
23,NORMA-18903,907
23,NORMA-11611,908
23,NORMA-21448,909
23,NORMA-18959,910
23,NORMA-18865,911
23,NORMA-20550,912
23,NORMA-18777,913
23,NORMA-783,914
23,NORMA-18626,915
23,NORMA-5621,916
23,NORMA-5466,917
23,NORMA-21534,918
23,NORMA-21739,919
23,NORMA-21636,920
23,NORMA-18473,921
23,NORMA-18859,922
23,NORMA-20157,923
23,NORMA-12067,924
23,NORMA-5693,925
23,NORMA-21576,926
23,NORMA-21601,927
23,NORMA-21578,928
23,NORMA-25202,929
23,NORMA-21423,930
23,NORMA-21344,931
23,NORMA-19689,932
23,NORMA-21635,933
23,NORMA-21701,934
23,NORMA-21738,935
23,NORMA-21743,936
23,NORMA-20263,937
23,NORMA-5612,938
23,NORMA-15159,939
23,NORMA-21660,940
23,NORMA-20941,941
23,NORMA-3501,942
23,NORMA-21284,943
23,NORMA-8931,944
23,NORMA-28982,945
23,NORMA-19709,946
23,NORMA-18875,947
23,NORMA-4428,948
23,NORMA-18651,949
23,NORMA-21023,950
23,NORMA-8570,951
23,NORMA-20288,952
23,NORMA-6199,953
23,NORMA-28281,954
23,NORMA-5889,955
23,NORMA-11614,956
23,NORMA-21147,957
23,NORMA-22001,958
23,NORMA-4518,959
23,NORMA-11710,960
23,NORMA-21761,961
23,NORMA-24941,962
23,NORMA-18617,963
23,NORMA-21724,964
23,NORMA-5546,965
23,NORMA-21363,966
23,NORMA-19632,967
23,NORMA-4606,968
23,NORMA-24905,969
23,NORMA-19491,970
23,NORMA-20996,971
23,NORMA-5023,972
23,NORMA-6677,973
23,NORMA-11454,974
23,NORMA-21139,975
23,NORMA-21332,976
23,NORMA-261,977
23,NORMA-178,978
23,NORMA-21295,979
23,NORMA-26641,980
23,NORMA-19923,981
23,NORMA-4554,982
23,NORMA-11857,983
23,NORMA-18461,984
23,NORMA-5536,985
23,NORMA-19268,986
23,NORMA-7728,987
23,NORMA-18901,988
23,NORMA-13635,989
23,NORMA-15643,990
23,NORMA-19701,991
23,NORMA-18238,992
23,NORMA-20724,993
23,NORMA-12228,994
23,NORMA-1303,995
23,NORMA-4410,996
23,NORMA-19712,997
23,NORMA-20844,998
23,NORMA-4047,999
23,NORMA-14937,1000
24,NORMA-483,1
24,NORMA-21135,2
24,NORMA-12160,3
24,NORMA-18434,4
24,NORMA-3382,5
24,NORMA-15004,6
24,NORMA-15521,7
24,NORMA-838,8
24,NORMA-12228,9
24,NORMA-423,10
24,NORMA-11631,11
24,NORMA-75,12
24,NORMA-11999,13
24,NORMA-1361,14
24,NORMA-11790,15
24,NORMA-1996,16
24,NORMA-385,17
24,NORMA-12002,18
24,NORMA-1352,19
24,NORMA-28281,20
24,NORMA-2395,21
24,NORMA-12035,22
24,NORMA-1674,23
24,NORMA-21308,24
24,NORMA-850,25
24,NORMA-12015,26
24,NORMA-82,27
24,NORMA-24961,28
24,NORMA-20271,29
24,NORMA-20853,30
24,NORMA-1175,31
24,NORMA-11780,32
24,NORMA-1171,33
24,NORMA-18233,34
24,NORMA-21052,35
24,NORMA-1295,36
24,NORMA-20426,37
24,NORMA-1433,38
24,NORMA-76,39
24,NORMA-21305,40
24,NORMA-19456,41
24,NORMA-2157,42
24,NORMA-20995,43
24,NORMA-1585,44
24,NORMA-19895,45
24,NORMA-1631,46
24,NORMA-19380,47
24,NORMA-19568,48
24,NORMA-20786,49
24,NORMA-464,50
24,NORMA-21199,51
24,NORMA-12005,52
24,NORMA-220,53
24,NORMA-21147,54
24,NORMA-12165,55
24,NORMA-19080,56
24,NORMA-12039,57
24,NORMA-1341,58
24,NORMA-18492,59
24,NORMA-20865,60
24,NORMA-18798,61
24,NORMA-21739,62
24,NORMA-18394,63
24,NORMA-755,64
24,NORMA-11474,65
24,NORMA-11981,66
24,NORMA-20182,67
24,NORMA-18541,68
24,NORMA-11527,69
24,NORMA-14642,70
24,NORMA-11836,71
24,NORMA-11827,72
24,NORMA-18378,73
24,NORMA-985,74
24,NORMA-13977,75
24,NORMA-729,76
24,NORMA-13317,77
24,NORMA-21190,78
24,NORMA-1260,79
24,NORMA-2413,80
24,NORMA-15362,81
24,NORMA-11828,82
24,NORMA-3201,83
24,NORMA-13357,84
24,NORMA-18446,85
24,NORMA-3381,86
24,NORMA-21299,87
24,NORMA-23441,88
24,NORMA-2032,89
24,NORMA-18301,90
24,NORMA-20443,91
24,NORMA-20943,92
24,NORMA-20625,93
24,NORMA-20941,94
24,NORMA-28181,95
24,NORMA-20096,96
24,NORMA-11766,97
24,NORMA-20869,98
24,NORMA-20425,99
24,NORMA-21249,100
24,NORMA-21496,101
24,NORMA-13466,102
24,NORMA-5334,103
24,NORMA-19212,104
24,NORMA-18279,105
24,NORMA-20584,106
24,NORMA-31904,107
24,NORMA-18451,108
24,NORMA-19805,109
24,NORMA-21725,110
24,NORMA-19486,111
24,NORMA-20873,112
24,NORMA-13474,113
24,NORMA-19096,114
24,NORMA-8028,115
24,NORMA-21626,116
24,NORMA-21069,117
24,NORMA-12303,118
24,NORMA-20258,119
24,NORMA-19853,120
24,NORMA-21550,121
24,NORMA-20930,122
24,NORMA-21028,123
24,NORMA-1541,124
24,NORMA-6948,125
24,NORMA-20904,126
24,NORMA-2184,127
24,NORMA-4435,128
24,NORMA-11316,129
24,NORMA-21012,130
24,NORMA-11758,131
24,NORMA-20369,132
24,NORMA-11868,133
24,NORMA-18838,134
24,NORMA-16147,135
24,NORMA-21437,136
24,NORMA-18479,137
24,NORMA-10260,138
24,NORMA-11473,139
24,NORMA-11982,140
24,NORMA-18102,141
24,NORMA-6880,142
24,NORMA-11798,143
24,NORMA-18303,144
24,NORMA-21085,145
24,NORMA-7068,146
24,NORMA-704,147
24,NORMA-12048,148
24,NORMA-11998,149
24,NORMA-19485,150
24,NORMA-20304,151
24,NORMA-18412,152
24,NORMA-21126,153
24,NORMA-3988,154
24,NORMA-21419,155
24,NORMA-11621,156
24,NORMA-20403,157
24,NORMA-1654,158
24,NORMA-13263,159
24,NORMA-22561,160
24,NORMA-18436,161
24,NORMA-21521,162
24,NORMA-18815,163
24,NORMA-7829,164
24,NORMA-21157,165
24,NORMA-5290,166
24,NORMA-2536,167
24,NORMA-745,168
24,NORMA-11864,169
24,NORMA-20196,170
24,NORMA-19571,171
24,NORMA-416,172
24,NORMA-20280,173
24,NORMA-1619,174
24,NORMA-21267,175
24,NORMA-19200,176
24,NORMA-21205,177
24,NORMA-20861,178
24,NORMA-20616,179
24,NORMA-6505,180
24,NORMA-18292,181
24,NORMA-2981,182
24,NORMA-4631,183
24,NORMA-11041,184
24,NORMA-24582,185
24,NORMA-20432,186
24,NORMA-11764,187
24,NORMA-20557,188
24,NORMA-19507,189
24,NORMA-11479,190
24,NORMA-18418,191
24,NORMA-11609,192
24,NORMA-18375,193
24,NORMA-3747,194
24,NORMA-18219,195
24,NORMA-5359,196
24,NORMA-20263,197
24,NORMA-19152,198
24,NORMA-5507,199
24,NORMA-18385,200
24,NORMA-11469,201
24,NORMA-21023,202
24,NORMA-20999,203
24,NORMA-11763,204
24,NORMA-21367,205
24,NORMA-6630,206
24,NORMA-4335,207
24,NORMA-5141,208
24,NORMA-19275,209
24,NORMA-9779,210
24,NORMA-25902,211
24,NORMA-20002,212
24,NORMA-12049,213
24,NORMA-20137,214
24,NORMA-6967,215
24,NORMA-21431,216
24,NORMA-21388,217
24,NORMA-18981,218
24,NORMA-21562,219
24,NORMA-7838,220
24,NORMA-20888,221
24,NORMA-5181,222
24,NORMA-1471,223
24,NORMA-18762,224
24,NORMA-20376,225
24,NORMA-18697,226
24,NORMA-3241,227
24,NORMA-12657,228
24,NORMA-1516,229
24,NORMA-11792,230
24,NORMA-19787,231
24,NORMA-4277,232
24,NORMA-18424,233
24,NORMA-19384,234
24,NORMA-19092,235
24,NORMA-21086,236
24,NORMA-19798,237
24,NORMA-6316,238
24,NORMA-7110,239
24,NORMA-6181,240
24,NORMA-11739,241
24,NORMA-21537,242
24,NORMA-21152,243
24,NORMA-1740,244
24,NORMA-8515,245
24,NORMA-19715,246
24,NORMA-19249,247
24,NORMA-18430,248
24,NORMA-20985,249
24,NORMA-4267,250
24,NORMA-18411,251
24,NORMA-1463,252
24,NORMA-12103,253
24,NORMA-5220,254
24,NORMA-11615,255
24,NORMA-20091,256
24,NORMA-21756,257
24,NORMA-19520,258
24,NORMA-18439,259
24,NORMA-4711,260
24,NORMA-12014,261
24,NORMA-12234,262
24,NORMA-19292,263
24,NORMA-7011,264
24,NORMA-20474,265
24,NORMA-20503,266
24,NORMA-11476,267
24,NORMA-6819,268
24,NORMA-4075,269
24,NORMA-7525,270
24,NORMA-6820,271
24,NORMA-12232,272
24,NORMA-19221,273
24,NORMA-3181,274
24,NORMA-20989,275
24,NORMA-20278,276
24,NORMA-18266,277
24,NORMA-3642,278
24,NORMA-19933,279
24,NORMA-11779,280
24,NORMA-19081,281
24,NORMA-11472,282
24,NORMA-6970,283
24,NORMA-11723,284
24,NORMA-20796,285
24,NORMA-4079,286
24,NORMA-6758,287
24,NORMA-20316,288
24,NORMA-332,289
24,NORMA-5072,290
24,NORMA-7241,291
24,NORMA-18682,292
24,NORMA-4275,293
24,NORMA-21211,294
24,NORMA-1994,295
24,NORMA-20164,296
24,NORMA-21783,297
24,NORMA-12006,298
24,NORMA-5536,299
24,NORMA-1547,300
24,NORMA-1252,301
24,NORMA-21659,302
24,NORMA-19981,303
24,NORMA-1183,304
24,NORMA-27761,305
24,NORMA-11632,306
24,NORMA-20934,307
24,NORMA-1207,308
24,NORMA-20874,309
24,NORMA-18654,310
24,NORMA-19337,311
24,NORMA-2020,312
24,NORMA-21189,313
24,NORMA-188,314
24,NORMA-20870,315
24,NORMA-5062,316
24,NORMA-20785,317
24,NORMA-1026,318
24,NORMA-4826,319
24,NORMA-20691,320
24,NORMA-11417,321
24,NORMA-20886,322
24,NORMA-20407,323
24,NORMA-20774,324
24,NORMA-462,325
24,NORMA-20728,326
24,NORMA-20233,327
24,NORMA-3568,328
24,NORMA-4316,329
24,NORMA-4308,330
24,NORMA-19232,331
24,NORMA-20841,332
24,NORMA-5586,333
24,NORMA-4868,334
24,NORMA-802,335
24,NORMA-4909,336
24,NORMA-21497,337
24,NORMA-21523,338
24,NORMA-20482,339
24,NORMA-9823,340
24,NORMA-4219,341
24,NORMA-20910,342
24,NORMA-20928,343
24,NORMA-20282,344
24,NORMA-20755,345
24,NORMA-2089,346
24,NORMA-11920,347
24,NORMA-59,348
24,NORMA-21125,349
24,NORMA-660,350
24,NORMA-18216,351
24,NORMA-4827,352
24,NORMA-20490,353
24,NORMA-20927,354
24,NORMA-19090,355
24,NORMA-3462,356
24,NORMA-21547,357
24,NORMA-21113,358
24,NORMA-2013,359
24,NORMA-801,360
24,NORMA-16202,361
24,NORMA-21608,362
24,NORMA-18204,363
24,NORMA-8248,364
24,NORMA-2185,365
24,NORMA-21224,366
24,NORMA-18286,367
24,NORMA-834,368
24,NORMA-1611,369
24,NORMA-20754,370
24,NORMA-20389,371
24,NORMA-3342,372
24,NORMA-28203,373
24,NORMA-5626,374
24,NORMA-554,375
24,NORMA-21705,376
24,NORMA-4091,377
24,NORMA-3804,378
24,NORMA-5553,379
24,NORMA-1222,380
24,NORMA-5900,381
24,NORMA-21026,382
24,NORMA-13469,383
24,NORMA-3850,384
24,NORMA-5478,385
24,NORMA-21776,386
24,NORMA-20374,387
24,NORMA-21114,388
24,NORMA-1620,389
24,NORMA-18549,390
24,NORMA-14063,391
24,NORMA-6082,392
24,NORMA-3693,393
24,NORMA-15381,394
24,NORMA-21417,395
24,NORMA-12612,396
24,NORMA-12315,397
24,NORMA-18237,398
24,NORMA-20990,399
24,NORMA-19582,400
24,NORMA-21461,401
24,NORMA-20945,402
24,NORMA-15377,403
24,NORMA-18489,404
24,NORMA-11605,405
24,NORMA-11687,406
24,NORMA-10375,407
24,NORMA-18486,408
24,NORMA-18487,409
24,NORMA-20382,410
24,NORMA-4393,411
24,NORMA-14470,412
24,NORMA-27305,413
24,NORMA-21136,414
24,NORMA-11144,415
24,NORMA-5028,416
24,NORMA-1421,417
24,NORMA-21402,418
24,NORMA-19871,419
24,NORMA-1650,420
24,NORMA-571,421
24,NORMA-5008,422
24,NORMA-18503,423
24,NORMA-4746,424
24,NORMA-20488,425
24,NORMA-17201,426
24,NORMA-3823,427
24,NORMA-292,428
24,NORMA-21200,429
24,NORMA-15097,430
24,NORMA-21031,431
24,NORMA-10629,432
24,NORMA-1475,433
24,NORMA-14203,434
24,NORMA-21144,435
24,NORMA-2113,436
24,NORMA-15075,437
24,NORMA-12830,438
24,NORMA-13601,439
24,NORMA-15335,440
24,NORMA-5956,441
24,NORMA-14537,442
24,NORMA-6075,443
24,NORMA-13343,444
24,NORMA-12844,445
24,NORMA-11911,446
24,NORMA-12391,447
24,NORMA-6830,448
24,NORMA-13249,449
24,NORMA-12077,450
24,NORMA-15306,451
24,NORMA-3991,452
24,NORMA-14064,453
24,NORMA-12543,454
24,NORMA-1155,455
24,NORMA-15045,456
24,NORMA-13899,457
24,NORMA-12821,458
24,NORMA-14246,459
24,NORMA-12660,460
24,NORMA-14083,461
24,NORMA-1274,462
24,NORMA-20157,463
24,NORMA-23682,464
24,NORMA-2623,465
24,NORMA-24021,466
24,NORMA-13121,467
24,NORMA-13956,468
24,NORMA-15101,469
24,NORMA-8743,470
24,NORMA-14542,471
24,NORMA-14937,472
24,NORMA-13028,473
24,NORMA-13118,474
24,NORMA-14021,475
24,NORMA-11907,476
24,NORMA-14365,477
24,NORMA-3618,478
24,NORMA-20398,479
24,NORMA-13089,480
24,NORMA-13243,481
24,NORMA-11914,482
24,NORMA-18393,483
24,NORMA-15042,484
24,NORMA-14893,485
24,NORMA-12627,486
24,NORMA-2455,487
24,NORMA-24142,488
24,NORMA-12377,489
24,NORMA-6601,490
24,NORMA-13712,491
24,NORMA-12545,492
24,NORMA-15010,493
24,NORMA-15292,494
24,NORMA-14034,495
24,NORMA-13731,496
24,NORMA-12290,497
24,NORMA-19611,498
24,NORMA-15129,499
24,NORMA-6768,500
24,NORMA-14018,501
24,NORMA-13156,502
24,NORMA-13737,503
24,NORMA-19598,504
24,NORMA-14799,505
24,NORMA-12519,506
24,NORMA-15076,507
24,NORMA-13158,508
24,NORMA-4290,509
24,NORMA-23804,510
24,NORMA-23025,511
24,NORMA-17902,512
24,NORMA-17242,513
24,NORMA-17042,514
24,NORMA-13451,515
24,NORMA-11824,516
24,NORMA-4253,517
24,NORMA-15008,518
24,NORMA-20349,519
24,NORMA-18807,520
24,NORMA-18444,521
24,NORMA-19181,522
24,NORMA-16201,523
24,NORMA-12061,524
24,NORMA-12498,525
24,NORMA-20833,526
24,NORMA-6044,527
24,NORMA-12478,528
24,NORMA-13084,529
24,NORMA-14605,530
24,NORMA-6814,531
24,NORMA-12301,532
24,NORMA-29682,533
24,NORMA-23803,534
24,NORMA-14500,535
24,NORMA-14391,536
24,NORMA-19883,537
24,NORMA-26021,538
24,NORMA-16744,539
24,NORMA-18771,540
24,NORMA-2376,541
24,NORMA-21792,542
24,NORMA-14745,543
24,NORMA-13917,544
24,NORMA-14697,545
24,NORMA-18910,546
24,NORMA-5431,547
24,NORMA-4443,548
24,NORMA-23963,549
24,NORMA-18082,550
24,NORMA-14736,551
24,NORMA-4717,552
24,NORMA-8677,553
24,NORMA-28465,554
24,NORMA-26725,555
24,NORMA-16962,556
24,NORMA-12382,557
24,NORMA-14852,558
24,NORMA-21143,559
24,NORMA-2691,560
24,NORMA-14751,561
24,NORMA-13112,562
24,NORMA-18796,563
24,NORMA-13206,564
24,NORMA-13768,565
24,NORMA-14110,566
24,NORMA-14173,567
24,NORMA-6021,568
24,NORMA-24261,569
24,NORMA-23161,570
24,NORMA-13872,571
24,NORMA-6180,572
24,NORMA-5988,573
24,NORMA-15250,574
24,NORMA-14820,575
24,NORMA-6558,576
24,NORMA-18709,577
24,NORMA-2537,578
24,NORMA-19170,579
24,NORMA-19220,580
24,NORMA-16222,581
24,NORMA-16221,582
24,NORMA-14897,583
24,NORMA-14421,584
24,NORMA-12838,585
24,NORMA-2523,586
24,NORMA-22522,587
24,NORMA-17241,588
24,NORMA-8177,589
24,NORMA-5945,590
24,NORMA-14232,591
24,NORMA-13341,592
24,NORMA-12051,593
24,NORMA-18450,594
24,NORMA-18769,595
24,NORMA-8699,596
24,NORMA-5352,597
24,NORMA-5840,598
24,NORMA-4997,599
24,NORMA-5896,600
24,NORMA-11879,601
24,NORMA-14540,602
24,NORMA-6831,603
24,NORMA-15002,604
24,NORMA-5438,605
24,NORMA-6046,606
24,NORMA-2180,607
24,NORMA-14686,608
24,NORMA-12538,609
24,NORMA-13217,610
24,NORMA-13971,611
24,NORMA-13707,612
24,NORMA-5001,613
24,NORMA-12910,614
24,NORMA-27225,615
24,NORMA-13220,616
24,NORMA-15207,617
24,NORMA-12701,618
24,NORMA-14888,619
24,NORMA-13402,620
24,NORMA-2470,621
24,NORMA-12414,622
24,NORMA-9520,623
24,NORMA-6592,624
24,NORMA-5165,625
24,NORMA-15085,626
24,NORMA-20402,627
24,NORMA-10123,628
24,NORMA-14175,629
24,NORMA-28362,630
24,NORMA-27881,631
24,NORMA-20291,632
24,NORMA-21760,633
24,NORMA-5378,634
24,NORMA-1863,635
24,NORMA-10865,636
24,NORMA-20705,637
24,NORMA-9358,638
24,NORMA-22381,639
24,NORMA-13385,640
24,NORMA-12974,641
24,NORMA-5761,642
24,NORMA-19021,643
24,NORMA-4297,644
24,NORMA-6801,645
24,NORMA-28881,646
24,NORMA-16963,647
24,NORMA-9389,648
24,NORMA-4272,649
24,NORMA-26841,650
24,NORMA-21902,651
24,NORMA-3621,652
24,NORMA-5060,653
24,NORMA-976,654
24,NORMA-2415,655
24,NORMA-4820,656
24,NORMA-29061,657
24,NORMA-20130,658
24,NORMA-4898,659
24,NORMA-13592,660
24,NORMA-22043,661
24,NORMA-20757,662
24,NORMA-19977,663
24,NORMA-8013,664
24,NORMA-7741,665
24,NORMA-4929,666
24,NORMA-18501,667
24,NORMA-20970,668
24,NORMA-18465,669
24,NORMA-8074,670
24,NORMA-18438,671
24,NORMA-20850,672
24,NORMA-12562,673
24,NORMA-20633,674
24,NORMA-558,675
24,NORMA-2444,676
24,NORMA-4550,677
24,NORMA-21302,678
24,NORMA-15868,679
24,NORMA-5812,680
24,NORMA-19923,681
24,NORMA-2367,682
24,NORMA-18933,683
24,NORMA-8824,684
24,NORMA-18496,685
24,NORMA-17003,686
24,NORMA-4397,687
24,NORMA-13265,688
24,NORMA-2551,689
24,NORMA-28641,690
24,NORMA-1147,691
24,NORMA-328,692
24,NORMA-1442,693
24,NORMA-1163,694
24,NORMA-12630,695
24,NORMA-29201,696
24,NORMA-27261,697
24,NORMA-1332,698
24,NORMA-28981,699
24,NORMA-29681,700
24,NORMA-19705,701
24,NORMA-20800,702
24,NORMA-1407,703
24,NORMA-19383,704
24,NORMA-1422,705
24,NORMA-1306,706
24,NORMA-19057,707
24,NORMA-21712,708
24,NORMA-12067,709
24,NORMA-358,710
24,NORMA-777,711
24,NORMA-1420,712
24,NORMA-1179,713
24,NORMA-20204,714
24,NORMA-1346,715
24,NORMA-1129,716
24,NORMA-18819,717
24,NORMA-28942,718
24,NORMA-19625,719
24,NORMA-798,720
24,NORMA-833,721
24,NORMA-4688,722
24,NORMA-4133,723
24,NORMA-5968,724
24,NORMA-1151,725
24,NORMA-19233,726
24,NORMA-996,727
24,NORMA-1098,728
24,NORMA-875,729
24,NORMA-357,730
24,NORMA-20677,731
24,NORMA-15426,732
24,NORMA-1408,733
24,NORMA-15701,734
24,NORMA-18287,735
24,NORMA-28142,736
24,NORMA-7556,737
24,NORMA-3594,738
24,NORMA-20726,739
24,NORMA-751,740
24,NORMA-1280,741
24,NORMA-7390,742
24,NORMA-15541,743
24,NORMA-11607,744
24,NORMA-28961,745
24,NORMA-27926,746
24,NORMA-11614,747
24,NORMA-18406,748
24,NORMA-21025,749
24,NORMA-14951,750
24,NORMA-20344,751
24,NORMA-27585,752
24,NORMA-5853,753
24,NORMA-61,754
24,NORMA-2181,755
24,NORMA-18298,756
24,NORMA-27925,757
24,NORMA-1334,758
24,NORMA-19184,759
24,NORMA-5852,760
24,NORMA-27941,761
24,NORMA-27746,762
24,NORMA-25523,763
24,NORMA-20599,764
24,NORMA-5417,765
24,NORMA-21328,766
24,NORMA-20595,767
24,NORMA-21664,768
24,NORMA-21158,769
24,NORMA-21606,770
24,NORMA-1776,771
24,NORMA-19803,772
24,NORMA-6242,773
24,NORMA-13026,774
24,NORMA-13925,775
24,NORMA-13327,776
24,NORMA-5862,777
24,NORMA-7001,778
24,NORMA-13873,779
24,NORMA-1788,780
24,NORMA-13138,781
24,NORMA-1286,782
24,NORMA-736,783
24,NORMA-7744,784
24,NORMA-12951,785
24,NORMA-13936,786
24,NORMA-13328,787
24,NORMA-5296,788
24,NORMA-5479,789
24,NORMA-2456,790
24,NORMA-1390,791
24,NORMA-4600,792
24,NORMA-14755,793
24,NORMA-28101,794
24,NORMA-4553,795
24,NORMA-6040,796
24,NORMA-1388,797
24,NORMA-13720,798
24,NORMA-27924,799
24,NORMA-4598,800
24,NORMA-515,801
24,NORMA-20029,802
24,NORMA-20480,803
24,NORMA-1452,804
24,NORMA-17281,805
24,NORMA-5756,806
24,NORMA-5007,807
24,NORMA-18382,808
24,NORMA-4225,809
24,NORMA-21280,810
24,NORMA-18575,811
24,NORMA-20261,812
24,NORMA-11716,813
24,NORMA-5831,814
24,NORMA-3852,815
24,NORMA-11742,816
24,NORMA-1609,817
24,NORMA-19617,818
24,NORMA-22001,819
24,NORMA-6015,820
24,NORMA-15561,821
24,NORMA-4914,822
24,NORMA-3609,823
24,NORMA-6247,824
24,NORMA-7149,825
24,NORMA-19824,826
24,NORMA-3261,827
24,NORMA-3673,828
24,NORMA-8090,829
24,NORMA-1188,830
24,NORMA-19618,831
24,NORMA-680,832
24,NORMA-20445,833
24,NORMA-7098,834
24,NORMA-15264,835
24,NORMA-4778,836
24,NORMA-8570,837
24,NORMA-20678,838
24,NORMA-1567,839
24,NORMA-18502,840
24,NORMA-20224,841
24,NORMA-4204,842
24,NORMA-14509,843
24,NORMA-11576,844
24,NORMA-21246,845
24,NORMA-20465,846
24,NORMA-19305,847
24,NORMA-2421,848
24,NORMA-14895,849
24,NORMA-7842,850
24,NORMA-5367,851
24,NORMA-984,852
24,NORMA-11571,853
24,NORMA-8825,854
24,NORMA-6470,855
24,NORMA-3879,856
24,NORMA-3779,857
24,NORMA-6509,858
24,NORMA-20577,859
24,NORMA-20993,860
24,NORMA-8522,861
24,NORMA-1545,862
24,NORMA-3579,863
24,NORMA-16268,864
24,NORMA-18213,865
24,NORMA-7211,866
24,NORMA-1144,867
24,NORMA-20289,868
24,NORMA-5099,869
24,NORMA-3666,870
24,NORMA-230,871
24,NORMA-20366,872
24,NORMA-23341,873
24,NORMA-2447,874
24,NORMA-8680,875
24,NORMA-16401,876
24,NORMA-15390,877
24,NORMA-9973,878
24,NORMA-5997,879
24,NORMA-19488,880
24,NORMA-1981,881
24,NORMA-20611,882
24,NORMA-20501,883
24,NORMA-5617,884
24,NORMA-2490,885
24,NORMA-21286,886
24,NORMA-8399,887
24,NORMA-23562,888
24,NORMA-4674,889
24,NORMA-7651,890
24,NORMA-12601,891
24,NORMA-26981,892
24,NORMA-1342,893
24,NORMA-18638,894
24,NORMA-11528,895
24,NORMA-14854,896
24,NORMA-3953,897
24,NORMA-11556,898
24,NORMA-782,899
24,NORMA-15263,900
24,NORMA-3619,901
24,NORMA-21260,902
24,NORMA-8239,903
24,NORMA-1965,904
24,NORMA-20460,905
24,NORMA-20948,906
24,NORMA-20053,907
24,NORMA-17702,908
24,NORMA-4818,909
24,NORMA-19513,910
24,NORMA-13247,911
24,NORMA-8004,912
24,NORMA-8176,913
24,NORMA-28781,914
24,NORMA-6815,915
24,NORMA-5843,916
24,NORMA-18690,917
24,NORMA-20440,918
24,NORMA-21766,919
24,NORMA-15882,920
24,NORMA-1621,921
24,NORMA-26861,922
24,NORMA-24241,923
24,NORMA-1840,924
24,NORMA-15211,925
24,NORMA-24,926
24,NORMA-4886,927
24,NORMA-2056,928
24,NORMA-19194,929
24,NORMA-21744,930
24,NORMA-2301,931
24,NORMA-3989,932
24,NORMA-783,933
24,NORMA-20477,934
24,NORMA-766,935
24,NORMA-4762,936
24,NORMA-12646,937
24,NORMA-14066,938
24,NORMA-14003,939
24,NORMA-2555,940
24,NORMA-4668,941
24,NORMA-25903,942
24,NORMA-8836,943
24,NORMA-6975,944
24,NORMA-29186,945
24,NORMA-21024,946
24,NORMA-18554,947
24,NORMA-20971,948
24,NORMA-7550,949
24,NORMA-20566,950
24,NORMA-20782,951
24,NORMA-18388,952
24,NORMA-567,953
24,NORMA-4379,954
24,NORMA-5715,955
24,NORMA-2694,956
24,NORMA-15192,957
24,NORMA-4713,958
24,NORMA-5356,959
24,NORMA-4830,960
24,NORMA-3796,961
24,NORMA-15662,962
24,NORMA-10326,963
24,NORMA-28466,964
24,NORMA-20594,965
24,NORMA-21484,966
24,NORMA-28361,967
24,NORMA-11767,968
24,NORMA-7723,969
24,NORMA-5458,970
24,NORMA-13802,971
24,NORMA-5807,972
24,NORMA-18823,973
24,NORMA-7831,974
24,NORMA-6890,975
24,NORMA-1655,976
24,NORMA-1558,977
24,NORMA-13552,978
24,NORMA-3812,979
24,NORMA-428,980
24,NORMA-4250,981
24,NORMA-3716,982
24,NORMA-1608,983
24,NORMA-20567,984
24,NORMA-18931,985
24,NORMA-5516,986
24,NORMA-5016,987
24,NORMA-13078,988
24,NORMA-14012,989
24,NORMA-7779,990
24,NORMA-818,991
24,NORMA-19893,992
24,NORMA-5695,993
24,NORMA-23027,994
24,NORMA-13483,995
24,NORMA-20846,996
24,NORMA-6014,997
24,NORMA-12668,998
24,NORMA-12140,999
24,NORMA-11385,1000
25,NORMA-18233,1
25,NORMA-12657,2
25,NORMA-7110,3
25,NORMA-21506,4
25,NORMA-21398,5
25,NORMA-20995,6
25,NORMA-18446,7
25,NORMA-18796,8
25,NORMA-21052,9
25,NORMA-18541,10
25,NORMA-19380,11
25,NORMA-19096,12
25,NORMA-21626,13
25,NORMA-20941,14
25,NORMA-21550,15
25,NORMA-18762,16
25,NORMA-21419,17
25,NORMA-21739,18
25,NORMA-21113,19
25,NORMA-818,20
25,NORMA-19212,21
25,NORMA-21023,22
25,NORMA-21705,23
25,NORMA-21367,24
25,NORMA-11739,25
25,NORMA-21461,26
25,NORMA-20425,27
25,NORMA-18492,28
25,NORMA-11571,29
25,NORMA-19715,30
25,NORMA-20451,31
25,NORMA-8028,32
25,NORMA-19431,33
25,NORMA-21228,34
25,NORMA-19378,35
25,NORMA-19152,36
25,NORMA-11615,37
25,NORMA-18219,38
25,NORMA-6948,39
25,NORMA-18364,40
25,NORMA-984,41
25,NORMA-20435,42
25,NORMA-20428,43
25,NORMA-704,44
25,NORMA-18411,45
25,NORMA-3201,46
25,NORMA-20021,47
25,NORMA-21147,48
25,NORMA-21496,49
25,NORMA-12102,50
25,NORMA-21231,51
25,NORMA-18818,52
25,NORMA-75,53
25,NORMA-28181,54
25,NORMA-3381,55
25,NORMA-21752,56
25,NORMA-18958,57
25,NORMA-19568,58
25,NORMA-1674,59
25,NORMA-61,60
25,NORMA-20917,61
25,NORMA-21310,62
25,NORMA-20316,63
25,NORMA-20853,64
25,NORMA-20861,65
25,NORMA-19387,66
25,NORMA-20531,67
25,NORMA-21308,68
25,NORMA-19597,69
25,NORMA-6880,70
25,NORMA-19724,71
25,NORMA-15882,72
25,NORMA-1171,73
25,NORMA-18439,74
25,NORMA-18479,75
25,NORMA-21524,76
25,NORMA-1740,77
25,NORMA-21260,78
25,NORMA-28362,79
25,NORMA-20611,80
25,NORMA-3382,81
25,NORMA-20271,82
25,NORMA-12020,83
25,NORMA-21239,84
25,NORMA-20786,85
25,NORMA-385,86
25,NORMA-3281,87
25,NORMA-18863,88
25,NORMA-20369,89
25,NORMA-12089,90
25,NORMA-21437,91
25,NORMA-28961,92
25,NORMA-18208,93
25,NORMA-19953,94
25,NORMA-15701,95
25,NORMA-18806,96
25,NORMA-12160,97
25,NORMA-3181,98
25,NORMA-21114,99
25,NORMA-21012,100
25,NORMA-20376,101
25,NORMA-19095,102
25,NORMA-20029,103
25,NORMA-1776,104
25,NORMA-19249,105
25,NORMA-21756,106
25,NORMA-18306,107
25,NORMA-11864,108
25,NORMA-18325,109
25,NORMA-11588,110
25,NORMA-21537,111
25,NORMA-1151,112
25,NORMA-1098,113
25,NORMA-18984,114
25,NORMA-6758,115
25,NORMA-417,116
25,NORMA-21783,117
25,NORMA-20503,118
25,NORMA-20474,119
25,NORMA-6636,120
25,NORMA-21792,121
25,NORMA-3241,122
25,NORMA-25902,123
25,NORMA-21267,124
25,NORMA-19473,125
25,NORMA-21541,126
25,NORMA-18222,127
25,NORMA-21126,128
25,NORMA-21343,129
25,NORMA-20902,130
25,NORMA-20426,131
25,NORMA-21046,132
25,NORMA-18444,133
25,NORMA-20914,134
25,NORMA-21224,135
25,NORMA-21523,136
25,NORMA-19981,137
25,NORMA-18502,138
25,NORMA-20258,139
25,NORMA-416,140
25,NORMA-996,141
25,NORMA-1619,142
25,NORMA-7025,143
25,NORMA-11999,144
25,NORMA-18225,145
25,NORMA-20488,146
25,NORMA-18980,147
25,NORMA-12002,148
25,NORMA-12049,149
25,NORMA-21515,150
25,NORMA-18276,151
25,NORMA-6757,152
25,NORMA-11766,153
25,NORMA-11798,154
25,NORMA-17321,155
25,NORMA-12113,156
25,NORMA-20473,157
25,NORMA-11474,158
25,NORMA-21539,159
25,NORMA-11516,160
25,NORMA-18816,161
25,NORMA-21431,162
25,NORMA-11527,163
25,NORMA-13954,164
25,NORMA-1567,165
25,NORMA-10629,166
25,NORMA-19968,167
25,NORMA-18432,168
25,NORMA-19977,169
25,NORMA-21135,170
25,NORMA-12048,171
25,NORMA-20182,172
25,NORMA-20007,173
25,NORMA-18933,174
25,NORMA-18434,175
25,NORMA-18772,176
25,NORMA-20188,177
25,NORMA-20422,178
25,NORMA-18249,179
25,NORMA-21218,180
25,NORMA-20359,181
25,NORMA-11722,182
25,NORMA-18838,183
25,NORMA-20522,184
25,NORMA-20402,185
25,NORMA-20621,186
25,NORMA-6627,187
25,NORMA-21249,188
25,NORMA-21211,189
25,NORMA-18339,190
25,NORMA-18815,191
25,NORMA-19471,192
25,NORMA-972,193
25,NORMA-1421,194
25,NORMA-18436,195
25,NORMA-15561,196
25,NORMA-21199,197
25,NORMA-18298,198
25,NORMA-24582,199
25,NORMA-18780,200
25,NORMA-26102,201
25,NORMA-9823,202
25,NORMA-21521,203
25,NORMA-21776,204
25,NORMA-18802,205
25,NORMA-18224,206
25,NORMA-11567,207
25,NORMA-7027,208
25,NORMA-21256,209
25,NORMA-2032,210
25,NORMA-15521,211
25,NORMA-19232,212
25,NORMA-20037,213
25,NORMA-20398,214
25,NORMA-19174,215
25,NORMA-11780,216
25,NORMA-1994,217
25,NORMA-11790,218
25,NORMA-20192,219
25,NORMA-20185,220
25,NORMA-18858,221
25,NORMA-10375,222
25,NORMA-20557,223
25,NORMA-19281,224
25,NORMA-20349,225
25,NORMA-19092,226
25,NORMA-20137,227
25,NORMA-28422,228
25,NORMA-22941,229
25,NORMA-2184,230
25,NORMA-6957,231
25,NORMA-18430,232
25,NORMA-10200,233
25,NORMA-19275,234
25,NORMA-15881,235
25,NORMA-18359,236
25,NORMA-5536,237
25,NORMA-20840,238
25,NORMA-21507,239
25,NORMA-19941,240
25,NORMA-20447,241
25,NORMA-20505,242
25,NORMA-20102,243
25,NORMA-20465,244
25,NORMA-20002,245
25,NORMA-20460,246
25,NORMA-18237,247
25,NORMA-2444,248
25,NORMA-8458,249
25,NORMA-20389,250
25,NORMA-19181,251
25,NORMA-21157,252
25,NORMA-2158,253
25,NORMA-7953,254
25,NORMA-21238,255
25,NORMA-21300,256
25,NORMA-1175,257
25,NORMA-18412,258
25,NORMA-20253,259
25,NORMA-20186,260
25,NORMA-358,261
25,NORMA-20616,262
25,NORMA-20999,263
25,NORMA-18798,264
25,NORMA-21071,265
25,NORMA-18669,266
25,NORMA-21020,267
25,NORMA-20989,268
25,NORMA-7149,269
25,NORMA-6820,270
25,NORMA-19787,271
25,NORMA-1341,272
25,NORMA-18981,273
25,NORMA-20865,274
25,NORMA-20443,275
25,NORMA-17201,276
25,NORMA-26201,277
25,NORMA-20918,278
25,NORMA-21107,279
25,NORMA-20633,280
25,NORMA-20407,281
25,NORMA-1534,282
25,NORMA-3638,283
25,NORMA-1442,284
25,NORMA-4818,285
25,NORMA-20796,286
25,NORMA-1222,287
25,NORMA-7651,288
25,NORMA-20873,289
25,NORMA-2551,290
25,NORMA-19883,291
25,NORMA-20753,292
25,NORMA-21664,293
25,NORMA-18301,294
25,NORMA-21086,295
25,NORMA-6819,296
25,NORMA-19081,297
25,NORMA-6970,298
25,NORMA-9792,299
25,NORMA-21533,300
25,NORMA-18967,301
25,NORMA-19966,302
25,NORMA-18825,303
25,NORMA-19651,304
25,NORMA-21028,305
25,NORMA-18654,306
25,NORMA-20944,307
25,NORMA-19617,308
25,NORMA-31923,309
25,NORMA-18955,310
25,NORMA-18706,311
25,NORMA-18406,312
25,NORMA-1144,313
25,NORMA-20195,314
25,NORMA-18549,315
25,NORMA-7011,316
25,NORMA-6509,317
25,NORMA-6856,318
25,NORMA-729,319
25,NORMA-2517,320
25,NORMA-19980,321
25,NORMA-20197,322
25,NORMA-15004,323
25,NORMA-18378,324
25,NORMA-1420,325
25,NORMA-21152,326
25,NORMA-12886,327
25,NORMA-1346,328
25,NORMA-1129,329
25,NORMA-11472,330
25,NORMA-20709,331
25,NORMA-20945,332
25,NORMA-21069,333
25,NORMA-21058,334
25,NORMA-14898,335
25,NORMA-6082,336
25,NORMA-357,337
25,NORMA-19520,338
25,NORMA-19384,339
25,NORMA-1471,340
25,NORMA-26124,341
25,NORMA-20580,342
25,NORMA-19292,343
25,NORMA-19659,344
25,NORMA-19634,345
25,NORMA-20985,346
25,NORMA-15239,347
25,NORMA-567,348
25,NORMA-20448,349
25,NORMA-20053,350
25,NORMA-31904,351
25,NORMA-15581,352
25,NORMA-11627,353
25,NORMA-19609,354
25,NORMA-6316,355
25,NORMA-18807,356
25,NORMA-21081,357
25,NORMA-18819,358
25,NORMA-1516,359
25,NORMA-834,360
25,NORMA-6181,361
25,NORMA-21631,362
25,NORMA-21490,363
25,NORMA-24561,364
25,NORMA-20452,365
25,NORMA-20869,366
25,NORMA-21253,367
25,NORMA-18844,368
25,NORMA-18385,369
25,NORMA-19871,370
25,NORMA-21712,371
25,NORMA-18724,372
25,NORMA-20265,373
25,NORMA-19959,374
25,NORMA-4219,375
25,NORMA-6630,376
25,NORMA-20529,377
25,NORMA-483,378
25,NORMA-18527,379
25,NORMA-19021,380
25,NORMA-20925,381
25,NORMA-26003,382
25,NORMA-21484,383
25,NORMA-18859,384
25,NORMA-14788,385
25,NORMA-20027,386
25,NORMA-2089,387
25,NORMA-21417,388
25,NORMA-11524,389
25,NORMA-28281,390
25,NORMA-423,391
25,NORMA-21553,392
25,NORMA-20562,393
25,NORMA-8522,394
25,NORMA-766,395
25,NORMA-12165,396
25,NORMA-20382,397
25,NORMA-21121,398
25,NORMA-1463,399
25,NORMA-20480,400
25,NORMA-7525,401
25,NORMA-19205,402
25,NORMA-1620,403
25,NORMA-11476,404
25,NORMA-974,405
25,NORMA-12228,406
25,NORMA-20477,407
25,NORMA-18395,408
25,NORMA-11868,409
25,NORMA-20303,410
25,NORMA-783,411
25,NORMA-11574,412
25,NORMA-6967,413
25,NORMA-21391,414
25,NORMA-555,415
25,NORMA-19574,416
25,NORMA-27761,417
25,NORMA-6084,418
25,NORMA-124,419
25,NORMA-462,420
25,NORMA-21115,421
25,NORMA-21139,422
25,NORMA-19603,423
25,NORMA-13801,424
25,NORMA-12024,425
25,NORMA-12032,426
25,NORMA-20440,427
25,NORMA-2415,428
25,NORMA-21217,429
25,NORMA-21508,430
25,NORMA-8027,431
25,NORMA-18451,432
25,NORMA-21718,433
25,NORMA-12035,434
25,NORMA-28203,435
25,NORMA-18214,436
25,NORMA-20366,437
25,NORMA-19845,438
25,NORMA-19798,439
25,NORMA-12015,440
25,NORMA-20799,441
25,NORMA-20277,442
25,NORMA-332,443
25,NORMA-19051,444
25,NORMA-11512,445
25,NORMA-19829,446
25,NORMA-5421,447
25,NORMA-21299,448
25,NORMA-20030,449
25,NORMA-19876,450
25,NORMA-2421,451
25,NORMA-12664,452
25,NORMA-18804,453
25,NORMA-11000,454
25,NORMA-19209,455
25,NORMA-11470,456
25,NORMA-20726,457
25,NORMA-21036,458
25,NORMA-3642,459
25,NORMA-1173,460
25,NORMA-11761,461
25,NORMA-20429,462
25,NORMA-20374,463
25,NORMA-680,464
25,NORMA-1407,465
25,NORMA-6641,466
25,NORMA-19513,467
25,NORMA-21215,468
25,NORMA-11576,469
25,NORMA-5751,470
25,NORMA-10994,471
25,NORMA-19923,472
25,NORMA-21540,473
25,NORMA-18537,474
25,NORMA-21744,475
25,NORMA-20209,476
25,NORMA-20536,477
25,NORMA-19842,478
25,NORMA-21137,479
25,NORMA-20723,480
25,NORMA-1179,481
25,NORMA-20501,482
25,NORMA-19650,483
25,NORMA-228,484
25,NORMA-19056,485
25,NORMA-21404,486
25,NORMA-2171,487
25,NORMA-6645,488
25,NORMA-6199,489
25,NORMA-11814,490
25,NORMA-19723,491
25,NORMA-12236,492
25,NORMA-24583,493
25,NORMA-20482,494
25,NORMA-19818,495
25,NORMA-21127,496
25,NORMA-18788,497
25,NORMA-21695,498
25,NORMA-18529,499
25,NORMA-7241,500
25,NORMA-18356,501
25,NORMA-19803,502
25,NORMA-18931,503
25,NORMA-19379,504
25,NORMA-19800,505
25,NORMA-18583,506
25,NORMA-18797,507
25,NORMA-21153,508
25,NORMA-21586,509
25,NORMA-21252,510
25,NORMA-21699,511
25,NORMA-21706,512
25,NORMA-21305,513
25,NORMA-18823,514
25,NORMA-21206,515
25,NORMA-20445,516
25,NORMA-11631,517
25,NORMA-19546,518
25,NORMA-11756,519
25,NORMA-20189,520
25,NORMA-19221,521
25,NORMA-18709,522
25,NORMA-9834,523
25,NORMA-19891,524
25,NORMA-19474,525
25,NORMA-18576,526
25,NORMA-1217,527
25,NORMA-19983,528
25,NORMA-27342,529
25,NORMA-28001,530
25,NORMA-7384,531
25,NORMA-249,532
25,NORMA-19722,533
25,NORMA-18292,534
25,NORMA-20569,535
25,NORMA-1545,536
25,NORMA-19682,537
25,NORMA-20433,538
25,NORMA-4075,539
25,NORMA-12954,540
25,NORMA-30043,541
25,NORMA-18333,542
25,NORMA-6245,543
25,NORMA-2981,544
25,NORMA-21545,545
25,NORMA-13106,546
25,NORMA-18303,547
25,NORMA-21429,548
25,NORMA-21568,549
25,NORMA-20171,550
25,NORMA-21394,551
25,NORMA-19119,552
25,NORMA-19805,553
25,NORMA-328,554
25,NORMA-20091,555
25,NORMA-21650,556
25,NORMA-20760,557
25,NORMA-11528,558
25,NORMA-20525,559
25,NORMA-20523,560
25,NORMA-14459,561
25,NORMA-18986,562
25,NORMA-19631,563
25,NORMA-18616,564
25,NORMA-18868,565
25,NORMA-1295,566
25,NORMA-20408,567
25,NORMA-24661,568
25,NORMA-21226,569
25,NORMA-76,570
25,NORMA-317,571
25,NORMA-20994,572
25,NORMA-20217,573
25,NORMA-21029,574
25,NORMA-18994,575
25,NORMA-21647,576
25,NORMA-838,577
25,NORMA-7012,578
25,NORMA-21247,579
25,NORMA-21173,580
25,NORMA-875,581
25,NORMA-6185,582
25,NORMA-20183,583
25,NORMA-11655,584
25,NORMA-19468,585
25,NORMA-21547,586
25,NORMA-10119,587
25,NORMA-18205,588
25,NORMA-1408,589
25,NORMA-19675,590
25,NORMA-21790,591
25,NORMA-14239,592
25,NORMA-20508,593
25,NORMA-19895,594
25,NORMA-11417,595
25,NORMA-12872,596
25,NORMA-11767,597
25,NORMA-19417,598
25,NORMA-20490,599
25,NORMA-19949,600
25,NORMA-19866,601
25,NORMA-19358,602
25,NORMA-21085,603
25,NORMA-11263,604
25,NORMA-4275,605
25,NORMA-20948,606
25,NORMA-6698,607
25,NORMA-18635,608
25,NORMA-24001,609
25,NORMA-21668,610
25,NORMA-6621,611
25,NORMA-21192,612
25,NORMA-12029,613
25,NORMA-18548,614
25,NORMA-20119,615
25,NORMA-18625,616
25,NORMA-12060,617
25,NORMA-20567,618
25,NORMA-16202,619
25,NORMA-24601,620
25,NORMA-9382,621
25,NORMA-13160,622
25,NORMA-18877,623
25,NORMA-27101,624
25,NORMA-9979,625
25,NORMA-18394,626
25,NORMA-2395,627
25,NORMA-20204,628
25,NORMA-20916,629
25,NORMA-18295,630
25,NORMA-4710,631
25,NORMA-20870,632
25,NORMA-2269,633
25,NORMA-20487,634
25,NORMA-20677,635
25,NORMA-159,636
25,NORMA-21245,637
25,NORMA-19582,638
25,NORMA-20483,639
25,NORMA-13390,640
25,NORMA-13469,641
25,NORMA-11751,642
25,NORMA-18414,643
25,NORMA-19192,644
25,NORMA-12005,645
25,NORMA-11562,646
25,NORMA-19406,647
25,NORMA-11771,648
25,NORMA-15237,649
25,NORMA-19632,650
25,NORMA-12631,651
25,NORMA-21661,652
25,NORMA-4423,653
25,NORMA-19919,654
25,NORMA-6083,655
25,NORMA-18740,656
25,NORMA-970,657
25,NORMA-11806,658
25,NORMA-28821,659
25,NORMA-21164,660
25,NORMA-21648,661
25,NORMA-20512,662
25,NORMA-21043,663
25,NORMA-19206,664
25,NORMA-18286,665
25,NORMA-12039,666
25,NORMA-6623,667
25,NORMA-20223,668
25,NORMA-18388,669
25,NORMA-18690,670
25,NORMA-20476,671
25,NORMA-18732,672
25,NORMA-21017,673
25,NORMA-21356,674
25,NORMA-20836,675
25,NORMA-21357,676
25,NORMA-18342,677
25,NORMA-21401,678
25,NORMA-18773,679
25,NORMA-20453,680
25,NORMA-835,681
25,NORMA-13138,682
25,NORMA-13158,683
25,NORMA-19028,684
25,NORMA-14937,685
25,NORMA-11734,686
25,NORMA-20432,687
25,NORMA-13474,688
25,NORMA-20754,689
25,NORMA-19594,690
25,NORMA-7381,691
25,NORMA-19220,692
25,NORMA-4711,693
25,NORMA-9297,694
25,NORMA-19383,695
25,NORMA-21634,696
25,NORMA-7028,697
25,NORMA-6256,698
25,NORMA-21462,699
25,NORMA-19967,700
25,NORMA-20930,701
25,NORMA-19297,702
25,NORMA-21561,703
25,NORMA-3662,704
25,NORMA-12649,705
25,NORMA-13594,706
25,NORMA-10309,707
25,NORMA-21460,708
25,NORMA-20997,709
25,NORMA-18450,710
25,NORMA-21766,711
25,NORMA-18963,712
25,NORMA-22861,713
25,NORMA-6962,714
25,NORMA-18634,715
25,NORMA-21450,716
25,NORMA-20896,717
25,NORMA-21418,718
25,NORMA-20269,719
25,NORMA-6669,720
25,NORMA-13508,721
25,NORMA-20196,722
25,NORMA-18646,723
25,NORMA-18691,724
25,NORMA-12952,725
25,NORMA-20977,726
25,NORMA-18603,727
25,NORMA-20906,728
25,NORMA-20381,729
25,NORMA-18424,730
25,NORMA-1663,731
25,NORMA-20252,732
25,NORMA-14652,733
25,NORMA-19950,734
25,NORMA-10029,735
25,NORMA-19515,736
25,NORMA-18375,737
25,NORMA-7100,738
25,NORMA-18978,739
25,NORMA-18563,740
25,NORMA-19573,741
25,NORMA-20208,742
25,NORMA-27022,743
25,NORMA-20172,744
25,NORMA-20368,745
25,NORMA-21159,746
25,NORMA-21175,747
25,NORMA-19170,748
25,NORMA-11735,749
25,NORMA-12014,750
25,NORMA-12234,751
25,NORMA-19105,752
25,NORMA-20857,753
25,NORMA-4182,754
25,NORMA-18536,755
25,NORMA-11729,756
25,NORMA-19853,757
25,NORMA-12038,758
25,NORMA-20996,759
25,NORMA-20961,760
25,NORMA-13610,761
25,NORMA-13323,762
25,NORMA-1223,763
25,NORMA-21659,764
25,NORMA-20194,765
25,NORMA-21784,766
25,NORMA-6673,767
25,NORMA-21275,768
25,NORMA-20175,769
25,NORMA-18501,770
25,NORMA-19565,771
25,NORMA-19730,772
25,NORMA-18937,773
25,NORMA-9871,774
25,NORMA-19969,775
25,NORMA-21236,776
25,NORMA-19629,777
25,NORMA-12232,778
25,NORMA-10044,779
25,NORMA-20336,780
25,NORMA-12956,781
25,NORMA-20849,782
25,NORMA-21725,783
25,NORMA-82,784
25,NORMA-21184,785
25,NORMA-11646,786
25,NORMA-20437,787
25,NORMA-18750,788
25,NORMA-20800,789
25,NORMA-19371,790
25,NORMA-18239,791
25,NORMA-13990,792
25,NORMA-12910,793
25,NORMA-19233,794
25,NORMA-21309,795
25,NORMA-11316,796
25,NORMA-25523,797
25,NORMA-7280,798
25,NORMA-17221,799
25,NORMA-19957,800
25,NORMA-20191,801
25,NORMA-11496,802
25,NORMA-19290,803
25,NORMA-18531,804
25,NORMA-20526,805
25,NORMA-20096,806
25,NORMA-20682,807
25,NORMA-19736,808
25,NORMA-21025,809
25,NORMA-976,810
25,NORMA-4586,811
25,NORMA-20598,812
25,NORMA-11455,813
25,NORMA-18462,814
25,NORMA-26841,815
25,NORMA-20199,816
25,NORMA-20070,817
25,NORMA-13648,818
25,NORMA-23222,819
25,NORMA-11614,820
25,NORMA-21158,821
25,NORMA-21624,822
25,NORMA-20205,823
25,NORMA-21220,824
25,NORMA-19354,825
25,NORMA-20584,826
25,NORMA-19618,827
25,NORMA-19554,828
25,NORMA-20167,829
25,NORMA-19523,830
25,NORMA-20912,831
25,NORMA-20959,832
25,NORMA-6344,833
25,NORMA-15211,834
25,NORMA-8384,835
25,NORMA-17281,836
25,NORMA-21627,837
25,NORMA-21235,838
25,NORMA-20491,839
25,NORMA-20793,840
25,NORMA-6253,841
25,NORMA-20871,842
25,NORMA-23027,843
25,NORMA-27521,844
25,NORMA-21530,845
25,NORMA-19017,846
25,NORMA-12019,847
25,NORMA-19570,848
25,NORMA-12092,849
25,NORMA-20106,850
25,NORMA-19903,851
25,NORMA-19557,852
25,NORMA-13195,853
25,NORMA-13480,854
25,NORMA-1317,855
25,NORMA-19878,856
25,NORMA-19408,857
25,NORMA-20904,858
25,NORMA-22001,859
25,NORMA-19809,860
25,NORMA-21538,861
25,NORMA-21273,862
25,NORMA-217,863
25,NORMA-20590,864
25,NORMA-12006,865
25,NORMA-18952,866
25,NORMA-4425,867
25,NORMA-19559,868
25,NORMA-10034,869
25,NORMA-2563,870
25,NORMA-11577,871
25,NORMA-15542,872
25,NORMA-21754,873
25,NORMA-20055,874
25,NORMA-20293,875
25,NORMA-21527,876
25,NORMA-23341,877
25,NORMA-21691,878
25,NORMA-11572,879
25,NORMA-6318,880
25,NORMA-21758,881
25,NORMA-12733,882
25,NORMA-21449,883
25,NORMA-13308,884
25,NORMA-1613,885
25,NORMA-11578,886
25,NORMA-20421,887
25,NORMA-12067,888
25,NORMA-10531,889
25,NORMA-6752,890
25,NORMA-12415,891
25,NORMA-19799,892
25,NORMA-12923,893
25,NORMA-13124,894
25,NORMA-772,895
25,NORMA-29005,896
25,NORMA-5586,897
25,NORMA-21609,898
25,NORMA-19644,899
25,NORMA-20184,900
25,NORMA-20224,901
25,NORMA-985,902
25,NORMA-20103,903
25,NORMA-18530,904
25,NORMA-5626,905
25,NORMA-21103,906
25,NORMA-13746,907
25,NORMA-18227,908
25,NORMA-14828,909
25,NORMA-18230,910
25,NORMA-15396,911
25,NORMA-8119,912
25,NORMA-461,913
25,NORMA-11164,914
25,NORMA-1863,915
25,NORMA-20100,916
25,NORMA-12613,917
25,NORMA-20631,918
25,NORMA-24102,919
25,NORMA-21339,920
25,NORMA-13789,921
25,NORMA-27365,922
25,NORMA-21676,923
25,NORMA-5426,924
25,NORMA-11144,925
25,NORMA-18332,926
25,NORMA-20780,927
25,NORMA-21564,928
25,NORMA-14724,929
25,NORMA-6676,930
25,NORMA-19571,931
25,NORMA-18653,932
25,NORMA-20708,933
25,NORMA-22061,934
25,NORMA-220,935
25,NORMA-6257,936
25,NORMA-4091,937
25,NORMA-11570,938
25,NORMA-3819,939
25,NORMA-20856,940
25,NORMA-19797,941
25,NORMA-20521,942
25,NORMA-14814,943
25,NORMA-18428,944
25,NORMA-21386,945
25,NORMA-21666,946
25,NORMA-18550,947
25,NORMA-20222,948
25,NORMA-21509,949
25,NORMA-14746,950
25,NORMA-9670,951
25,NORMA-25964,952
25,NORMA-9110,953
25,NORMA-21556,954
25,NORMA-2413,955
25,NORMA-18403,956
25,NORMA-11760,957
25,NORMA-7942,958
25,NORMA-6644,959
25,NORMA-20468,960
25,NORMA-27364,961
25,NORMA-6321,962
25,NORMA-19646,963
25,NORMA-1996,964
25,NORMA-20888,965
25,NORMA-20011,966
25,NORMA-19822,967
25,NORMA-21532,968
25,NORMA-1549,969
25,NORMA-4314,970
25,NORMA-19213,971
25,NORMA-13298,972
25,NORMA-11805,973
25,NORMA-18216,974
25,NORMA-20296,975
25,NORMA-19649,976
25,NORMA-19691,977
25,NORMA-19155,978
25,NORMA-1981,979
25,NORMA-12169,980
25,NORMA-18992,981
25,NORMA-21156,982
25,NORMA-27449,983
25,NORMA-20164,984
25,NORMA-19859,985
25,NORMA-21390,986
25,NORMA-21625,987
25,NORMA-6954,988
25,NORMA-18204,989
25,NORMA-20280,990
25,NORMA-20993,991
25,NORMA-11792,992
25,NORMA-21746,993
25,NORMA-6126,994
25,NORMA-18630,995
25,NORMA-19605,996
25,NORMA-27341,997
25,NORMA-18633,998
25,NORMA-18894,999
25,NORMA-20201,1000
26,NORMA-20073,1
26,NORMA-3503,2
26,NORMA-21065,3
26,NORMA-18748,4
26,NORMA-20070,5
26,NORMA-19798,6
26,NORMA-18313,7
26,NORMA-20582,8
26,NORMA-21200,9
26,NORMA-18900,10
26,NORMA-13797,11
26,NORMA-1613,12
26,NORMA-21264,13
26,NORMA-21630,14
26,NORMA-20291,15
26,NORMA-20983,16
26,NORMA-15581,17
26,NORMA-21544,18
26,NORMA-20817,19
26,NORMA-19770,20
26,NORMA-20569,21
26,NORMA-18474,22
26,NORMA-15211,23
26,NORMA-20028,24
26,NORMA-12067,25
26,NORMA-14937,26
26,NORMA-21131,27
26,NORMA-13158,28
26,NORMA-20907,29
26,NORMA-13469,30
26,NORMA-19808,31
26,NORMA-21791,32
26,NORMA-21012,33
26,NORMA-16202,34
26,NORMA-18444,35
26,NORMA-7466,36
26,NORMA-20157,37
26,NORMA-19574,38
26,NORMA-20255,39
26,NORMA-20572,40
26,NORMA-1407,41
26,NORMA-19953,42
26,NORMA-21587,43
26,NORMA-23543,44
26,NORMA-26041,45
26,NORMA-20219,46
26,NORMA-29655,47
26,NORMA-5421,48
26,NORMA-23761,49
26,NORMA-25841,50
26,NORMA-26563,51
26,NORMA-22921,52
26,NORMA-25941,53
26,NORMA-28601,54
26,NORMA-28043,55
26,NORMA-26565,56
26,NORMA-21217,57
26,NORMA-28583,58
26,NORMA-10255,59
26,NORMA-29008,60
26,NORMA-24341,61
26,NORMA-23181,62
26,NORMA-27942,63
26,NORMA-27584,64
26,NORMA-27201,65
26,NORMA-28461,66
26,NORMA-20023,67
26,NORMA-29184,68
26,NORMA-27202,69
26,NORMA-24221,70
26,NORMA-23081,71
26,NORMA-29861,72
26,NORMA-27181,73
26,NORMA-25204,74
26,NORMA-29621,75
26,NORMA-29185,76
26,NORMA-23841,77
26,NORMA-27688,78
26,NORMA-26564,79
26,NORMA-25524,80
26,NORMA-25203,81
26,NORMA-23621,82
26,NORMA-25262,83
26,NORMA-25141,84
26,NORMA-27081,85
26,NORMA-27021,86
26,NORMA-29023,87
26,NORMA-27901,88
26,NORMA-27605,89
26,NORMA-26886,90
26,NORMA-21250,91
26,NORMA-28581,92
26,NORMA-27421,93
26,NORMA-25205,94
26,NORMA-4710,95
26,NORMA-26421,96
26,NORMA-27623,97
26,NORMA-1718,98
26,NORMA-4396,99
26,NORMA-20250,100
26,NORMA-19030,101
26,NORMA-19442,102
26,NORMA-19755,103
26,NORMA-21000,104
26,NORMA-20034,105
26,NORMA-13746,106
26,NORMA-14828,107
26,NORMA-27365,108
26,NORMA-27761,109
26,NORMA-6199,110
26,NORMA-21026,111
26,NORMA-19006,112
26,NORMA-19011,113
26,NORMA-21645,114
26,NORMA-20592,115
26,NORMA-12956,116
26,NORMA-21160,117
26,NORMA-18702,118
26,NORMA-20438,119
26,NORMA-20846,120
26,NORMA-27701,121
26,NORMA-21144,122
26,NORMA-19180,123
26,NORMA-15396,124
26,NORMA-18697,125
26,NORMA-12613,126
26,NORMA-18418,127
26,NORMA-9979,128
26,NORMA-19144,129
26,NORMA-21570,130
26,NORMA-13789,131
26,NORMA-19457,132
26,NORMA-18221,133
26,NORMA-19809,134
26,NORMA-19350,135
26,NORMA-19452,136
26,NORMA-29841,137
26,NORMA-18429,138
26,NORMA-24881,139
26,NORMA-19722,140
26,NORMA-20432,141
26,NORMA-20605,142
26,NORMA-19363,143
26,NORMA-19991,144
26,NORMA-19202,145
26,NORMA-19288,146
26,NORMA-24823,147
26,NORMA-20243,148
26,NORMA-19139,149
26,NORMA-24842,150
26,NORMA-21780,151
26,NORMA-18500,152
26,NORMA-20237,153
26,NORMA-19330,154
26,NORMA-18587,155
26,NORMA-18254,156
26,NORMA-705,157
26,NORMA-18469,158
26,NORMA-20245,159
26,NORMA-18470,160
26,NORMA-19422,161
26,NORMA-19025,162
26,NORMA-19023,163
26,NORMA-18908,164
26,NORMA-18560,165
26,NORMA-18586,166
26,NORMA-19831,167
26,NORMA-15167,168
26,NORMA-18372,169
26,NORMA-21041,170
26,NORMA-20030,171
26,NORMA-20064,172
26,NORMA-24841,173
26,NORMA-18714,174
26,NORMA-21773,175
26,NORMA-18482,176
26,NORMA-2461,177
26,NORMA-18715,178
26,NORMA-18666,179
26,NORMA-18507,180
26,NORMA-18785,181
26,NORMA-21119,182
26,NORMA-19136,183
26,NORMA-18716,184
26,NORMA-18665,185
26,NORMA-18505,186
26,NORMA-18851,187
26,NORMA-18784,188
26,NORMA-18481,189
26,NORMA-18853,190
26,NORMA-21118,191
26,NORMA-19425,192
26,NORMA-21678,193
26,NORMA-19253,194
26,NORMA-18712,195
26,NORMA-19160,196
26,NORMA-21651,197
26,NORMA-18612,198
26,NORMA-19045,199
26,NORMA-19832,200
26,NORMA-21591,201
26,NORMA-19441,202
26,NORMA-18611,203
26,NORMA-19043,204
26,NORMA-18468,205
26,NORMA-3969,206
26,NORMA-19171,207
26,NORMA-19505,208
26,NORMA-21600,209
26,NORMA-2568,210
26,NORMA-6121,211
26,NORMA-20801,212
26,NORMA-18300,213
26,NORMA-20506,214
26,NORMA-20858,215
26,NORMA-21395,216
26,NORMA-19706,217
26,NORMA-21140,218
26,NORMA-18957,219
26,NORMA-22401,220
26,NORMA-18280,221
26,NORMA-19838,222
26,NORMA-19148,223
26,NORMA-19939,224
26,NORMA-18273,225
26,NORMA-20841,226
26,NORMA-19516,227
26,NORMA-18742,228
26,NORMA-20617,229
26,NORMA-25261,230
26,NORMA-5433,231
26,NORMA-19226,232
26,NORMA-19314,233
26,NORMA-4091,234
26,NORMA-19790,235
26,NORMA-19817,236
26,NORMA-19479,237
26,NORMA-15092,238
26,NORMA-24742,239
26,NORMA-19039,240
26,NORMA-19197,241
26,NORMA-21316,242
26,NORMA-9212,243
26,NORMA-21304,244
26,NORMA-18989,245
26,NORMA-14251,246
26,NORMA-18807,247
26,NORMA-18593,248
26,NORMA-18557,249
26,NORMA-18246,250
26,NORMA-20970,251
26,NORMA-20876,252
26,NORMA-20512,253
26,NORMA-15143,254
26,NORMA-18953,255
26,NORMA-17801,256
26,NORMA-20814,257
26,NORMA-19870,258
26,NORMA-18774,259
26,NORMA-19902,260
26,NORMA-19351,261
26,NORMA-20134,262
26,NORMA-10256,263
26,NORMA-1999,264
26,NORMA-19816,265
26,NORMA-9724,266
26,NORMA-19771,267
26,NORMA-5792,268
26,NORMA-13905,269
26,NORMA-18385,270
26,NORMA-11729,271
26,NORMA-18887,272
26,NORMA-20190,273
26,NORMA-23862,274
26,NORMA-18451,275
26,NORMA-20298,276
26,NORMA-19411,277
26,NORMA-11557,278
26,NORMA-17301,279
26,NORMA-19827,280
26,NORMA-19738,281
26,NORMA-8814,282
26,NORMA-18546,283
26,NORMA-19737,284
26,NORMA-20521,285
26,NORMA-6268,286
26,NORMA-205,287
26,NORMA-19760,288
26,NORMA-18831,289
26,NORMA-20091,290
26,NORMA-3898,291
26,NORMA-19204,292
26,NORMA-19851,293
26,NORMA-20713,294
26,NORMA-20680,295
26,NORMA-6659,296
26,NORMA-19794,297
26,NORMA-13179,298
26,NORMA-4140,299
26,NORMA-3854,300
26,NORMA-7113,301
26,NORMA-19812,302
26,NORMA-21455,303
26,NORMA-5424,304
26,NORMA-3971,305
26,NORMA-5498,306
26,NORMA-5228,307
26,NORMA-19718,308
26,NORMA-6783,309
26,NORMA-8435,310
26,NORMA-3837,311
26,NORMA-13065,312
26,NORMA-7096,313
26,NORMA-4317,314
26,NORMA-21624,315
26,NORMA-21522,316
26,NORMA-9195,317
26,NORMA-4911,318
26,NORMA-4636,319
26,NORMA-21169,320
26,NORMA-4703,321
26,NORMA-4196,322
26,NORMA-5341,323
26,NORMA-3690,324
26,NORMA-20235,325
26,NORMA-21163,326
26,NORMA-20638,327
26,NORMA-6488,328
26,NORMA-13835,329
26,NORMA-9423,330
26,NORMA-4832,331
26,NORMA-9559,332
26,NORMA-4680,333
26,NORMA-5472,334
26,NORMA-19459,335
26,NORMA-18274,336
26,NORMA-7390,337
26,NORMA-19801,338
26,NORMA-19772,339
26,NORMA-21610,340
26,NORMA-18561,341
26,NORMA-7222,342
26,NORMA-4162,343
26,NORMA-18203,344
26,NORMA-19735,345
26,NORMA-12054,346
26,NORMA-21670,347
26,NORMA-18405,348
26,NORMA-27521,349
26,NORMA-20607,350
26,NORMA-12098,351
26,NORMA-20752,352
26,NORMA-20709,353
26,NORMA-6140,354
26,NORMA-18936,355
26,NORMA-20686,356
26,NORMA-20636,357
26,NORMA-21693,358
26,NORMA-14666,359
26,NORMA-3855,360
26,NORMA-20240,361
26,NORMA-18902,362
26,NORMA-11860,363
26,NORMA-11858,364
26,NORMA-20578,365
26,NORMA-18923,366
26,NORMA-6354,367
26,NORMA-21526,368
26,NORMA-4139,369
26,NORMA-19754,370
26,NORMA-18939,371
26,NORMA-19736,372
26,NORMA-19966,373
26,NORMA-20524,374
26,NORMA-4002,375
26,NORMA-20899,376
26,NORMA-18683,377
26,NORMA-5195,378
26,NORMA-5973,379
26,NORMA-21206,380
26,NORMA-21149,381
26,NORMA-19743,382
26,NORMA-19763,383
26,NORMA-19553,384
26,NORMA-20647,385
26,NORMA-11443,386
26,NORMA-7025,387
26,NORMA-21751,388
26,NORMA-7386,389
26,NORMA-18892,390
26,NORMA-6757,391
26,NORMA-20871,392
26,NORMA-20900,393
26,NORMA-4572,394
26,NORMA-19833,395
26,NORMA-21695,396
26,NORMA-21319,397
26,NORMA-20942,398
26,NORMA-634,399
26,NORMA-19571,400
26,NORMA-3487,401
26,NORMA-5503,402
26,NORMA-18883,403
26,NORMA-7225,404
26,NORMA-14724,405
26,NORMA-19776,406
26,NORMA-19856,407
26,NORMA-3528,408
26,NORMA-19864,409
26,NORMA-19992,410
26,NORMA-19961,411
26,NORMA-20641,412
26,NORMA-3741,413
26,NORMA-18921,414
26,NORMA-835,415
26,NORMA-19237,416
26,NORMA-21194,417
26,NORMA-704,418
26,NORMA-20565,419
26,NORMA-11523,420
26,NORMA-14463,421
26,NORMA-12733,422
26,NORMA-21795,423
26,NORMA-20714,424
26,NORMA-11185,425
26,NORMA-7157,426
26,NORMA-13998,427
26,NORMA-20748,428
26,NORMA-20699,429
26,NORMA-19426,430
26,NORMA-8121,431
26,NORMA-20909,432
26,NORMA-5337,433
26,NORMA-18809,434
26,NORMA-20810,435
26,NORMA-19608,436
26,NORMA-19594,437
26,NORMA-13470,438
26,NORMA-20791,439
26,NORMA-12899,440
26,NORMA-3511,441
26,NORMA-20959,442
26,NORMA-6963,443
26,NORMA-12517,444
26,NORMA-20198,445
26,NORMA-20828,446
26,NORMA-11774,447
26,NORMA-27044,448
26,NORMA-21496,449
26,NORMA-19793,450
26,NORMA-229,451
26,NORMA-23581,452
26,NORMA-20859,453
26,NORMA-15118,454
26,NORMA-1474,455
26,NORMA-16941,456
26,NORMA-20912,457
26,NORMA-18931,458
26,NORMA-18934,459
26,NORMA-20702,460
26,NORMA-19311,461
26,NORMA-5361,462
26,NORMA-21321,463
26,NORMA-6591,464
26,NORMA-578,465
26,NORMA-4278,466
26,NORMA-21063,467
26,NORMA-20751,468
26,NORMA-27063,469
26,NORMA-8772,470
26,NORMA-7020,471
26,NORMA-10117,472
26,NORMA-10975,473
26,NORMA-19972,474
26,NORMA-60,475
26,NORMA-2723,476
26,NORMA-19746,477
26,NORMA-21769,478
26,NORMA-20246,479
26,NORMA-18903,480
26,NORMA-19138,481
26,NORMA-20696,482
26,NORMA-6703,483
26,NORMA-33288,484
26,NORMA-15350,485
26,NORMA-19765,486
26,NORMA-18961,487
26,NORMA-923,488
26,NORMA-19634,489
26,NORMA-9297,490
26,NORMA-21164,491
26,NORMA-33308,492
26,NORMA-20602,493
26,NORMA-21247,494
26,NORMA-21450,495
26,NORMA-19806,496
26,NORMA-21178,497
26,NORMA-10028,498
26,NORMA-18802,499
26,NORMA-21310,500
26,NORMA-20101,501
26,NORMA-11628,502
26,NORMA-20278,503
26,NORMA-9831,504
26,NORMA-21584,505
26,NORMA-11272,506
26,NORMA-21208,507
26,NORMA-18276,508
26,NORMA-18929,509
26,NORMA-14661,510
26,NORMA-19536,511
26,NORMA-20043,512
26,NORMA-19474,513
26,NORMA-18365,514
26,NORMA-20051,515
26,NORMA-21725,516
26,NORMA-19570,517
26,NORMA-20284,518
26,NORMA-981,519
26,NORMA-19773,520
26,NORMA-19021,521
26,NORMA-20766,522
26,NORMA-18805,523
26,NORMA-19177,524
26,NORMA-19758,525
26,NORMA-20726,526
26,NORMA-18591,527
26,NORMA-18944,528
26,NORMA-24001,529
26,NORMA-21666,530
26,NORMA-21545,531
26,NORMA-21554,532
26,NORMA-21575,533
26,NORMA-5853,534
26,NORMA-18750,535
26,NORMA-19813,536
26,NORMA-5417,537
26,NORMA-18207,538
26,NORMA-19791,539
26,NORMA-29005,540
26,NORMA-19983,541
26,NORMA-2126,542
26,NORMA-21460,543
26,NORMA-21205,544
26,NORMA-21420,545
26,NORMA-11417,546
26,NORMA-19403,547
26,NORMA-20960,548
26,NORMA-19027,549
26,NORMA-20316,550
26,NORMA-20435,551
26,NORMA-7384,552
26,NORMA-27449,553
26,NORMA-21211,554
26,NORMA-20359,555
26,NORMA-7381,556
26,NORMA-4423,557
26,NORMA-19777,558
26,NORMA-21212,559
26,NORMA-18404,560
26,NORMA-19818,561
26,NORMA-18988,562
26,NORMA-20818,563
26,NORMA-19820,564
26,NORMA-18344,565
26,NORMA-19281,566
26,NORMA-20721,567
26,NORMA-21406,568
26,NORMA-11496,569
26,NORMA-15242,570
26,NORMA-20460,571
26,NORMA-20349,572
26,NORMA-18890,573
26,NORMA-4926,574
26,NORMA-228,575
26,NORMA-13195,576
26,NORMA-222,577
26,NORMA-21036,578
26,NORMA-20717,579
26,NORMA-20729,580
26,NORMA-20623,581
26,NORMA-19017,582
26,NORMA-19985,583
26,NORMA-13480,584
26,NORMA-772,585
26,NORMA-13918,586
26,NORMA-20619,587
26,NORMA-21648,588
26,NORMA-309,589
26,NORMA-802,590
26,NORMA-19429,591
26,NORMA-21242,592
26,NORMA-8803,593
26,NORMA-18952,594
26,NORMA-19377,595
26,NORMA-19081,596
26,NORMA-23981,597
26,NORMA-11813,598
26,NORMA-21274,599
26,NORMA-19751,600
26,NORMA-18940,601
26,NORMA-2089,602
26,NORMA-19119,603
26,NORMA-7416,604
26,NORMA-59,605
26,NORMA-6962,606
26,NORMA-20241,607
26,NORMA-19379,608
26,NORMA-660,609
26,NORMA-7413,610
26,NORMA-18249,611
26,NORMA-14898,612
26,NORMA-2013,613
26,NORMA-801,614
26,NORMA-2185,615
26,NORMA-21398,616
26,NORMA-21305,617
26,NORMA-20238,618
26,NORMA-21215,619
26,NORMA-18243,620
26,NORMA-18548,621
26,NORMA-1611,622
26,NORMA-12886,623
26,NORMA-554,624
26,NORMA-20908,625
26,NORMA-18333,626
26,NORMA-20167,627
26,NORMA-19980,628
26,NORMA-19471,629
26,NORMA-21173,630
26,NORMA-12859,631
26,NORMA-6894,632
26,NORMA-6856,633
26,NORMA-12089,634
26,NORMA-20037,635
26,NORMA-11876,636
26,NORMA-18722,637
26,NORMA-20690,638
26,NORMA-215,639
26,NORMA-9984,640
26,NORMA-19600,641
26,NORMA-19749,642
26,NORMA-20522,643
26,NORMA-10691,644
26,NORMA-20630,645
26,NORMA-21231,646
26,NORMA-4425,647
26,NORMA-20465,648
26,NORMA-18706,649
26,NORMA-7387,650
26,NORMA-18295,651
26,NORMA-12664,652
26,NORMA-19454,653
26,NORMA-21756,654
26,NORMA-27101,655
26,NORMA-19406,656
26,NORMA-20803,657
26,NORMA-14788,658
26,NORMA-18933,659
26,NORMA-18278,660
26,NORMA-6736,661
26,NORMA-19205,662
26,NORMA-6245,663
26,NORMA-13471,664
26,NORMA-21151,665
26,NORMA-19593,666
26,NORMA-14263,667
26,NORMA-21233,668
26,NORMA-4540,669
26,NORMA-18868,670
26,NORMA-10994,671
26,NORMA-19468,672
26,NORMA-21238,673
26,NORMA-19563,674
26,NORMA-20802,675
26,NORMA-21224,676
26,NORMA-462,677
26,NORMA-18844,678
26,NORMA-3767,679
26,NORMA-21207,680
26,NORMA-20065,681
26,NORMA-5536,682
26,NORMA-17182,683
26,NORMA-13954,684
26,NORMA-12952,685
26,NORMA-19903,686
26,NORMA-11356,687
26,NORMA-12415,688
26,NORMA-12923,689
26,NORMA-13124,690
26,NORMA-21561,691
26,NORMA-8706,692
26,NORMA-12113,693
26,NORMA-19740,694
26,NORMA-2005,695
26,NORMA-21005,696
26,NORMA-2184,697
26,NORMA-18562,698
26,NORMA-11470,699
26,NORMA-20738,700
26,NORMA-21691,701
26,NORMA-18978,702
26,NORMA-13308,703
26,NORMA-19358,704
26,NORMA-741,705
26,NORMA-24661,706
26,NORMA-11621,707
26,NORMA-18935,708
26,NORMA-21156,709
26,NORMA-889,710
26,NORMA-18937,711
26,NORMA-18216,712
26,NORMA-20369,713
26,NORMA-20706,714
26,NORMA-4786,715
26,NORMA-19750,716
26,NORMA-21762,717
26,NORMA-19734,718
26,NORMA-9792,719
26,NORMA-19232,720
26,NORMA-21683,721
26,NORMA-4412,722
26,NORMA-20692,723
26,NORMA-28981,724
26,NORMA-21255,725
26,NORMA-20643,726
26,NORMA-20164,727
26,NORMA-20577,728
26,NORMA-19211,729
26,NORMA-19631,730
26,NORMA-20531,731
26,NORMA-21790,732
26,NORMA-5217,733
26,NORMA-21356,734
26,NORMA-19703,735
26,NORMA-21043,736
26,NORMA-21684,737
26,NORMA-555,738
26,NORMA-19371,739
26,NORMA-20087,740
26,NORMA-18386,741
26,NORMA-4169,742
26,NORMA-19629,743
26,NORMA-13106,744
26,NORMA-20558,745
26,NORMA-20949,746
26,NORMA-11723,747
26,NORMA-5662,748
26,NORMA-21327,749
26,NORMA-20649,750
26,NORMA-19843,751
26,NORMA-509,752
26,NORMA-21605,753
26,NORMA-19256,754
26,NORMA-21533,755
26,NORMA-20861,756
26,NORMA-20060,757
26,NORMA-20885,758
26,NORMA-20622,759
26,NORMA-21750,760
26,NORMA-18955,761
26,NORMA-21547,762
26,NORMA-19565,763
26,NORMA-19981,764
26,NORMA-20849,765
26,NORMA-4664,766
26,NORMA-19542,767
26,NORMA-21410,768
26,NORMA-18916,769
26,NORMA-14746,770
26,NORMA-21444,771
26,NORMA-6645,772
26,NORMA-19977,773
26,NORMA-18654,774
26,NORMA-6509,775
26,NORMA-4175,776
26,NORMA-21599,777
26,NORMA-19955,778
26,NORMA-6621,779
26,NORMA-658,780
26,NORMA-20918,781
26,NORMA-21275,782
26,NORMA-5431,783
26,NORMA-20077,784
26,NORMA-27364,785
26,NORMA-20100,786
26,NORMA-3818,787
26,NORMA-4810,788
26,NORMA-12872,789
26,NORMA-19941,790
26,NORMA-20180,791
26,NORMA-20239,792
26,NORMA-4818,793
26,NORMA-21717,794
26,NORMA-19942,795
26,NORMA-19206,796
26,NORMA-21252,797
26,NORMA-21343,798
26,NORMA-13545,799
26,NORMA-20225,800
26,NORMA-21459,801
26,NORMA-18980,802
26,NORMA-20082,803
26,NORMA-19061,804
26,NORMA-8008,805
26,NORMA-21506,806
26,NORMA-19394,807
26,NORMA-6249,808
26,NORMA-19583,809
26,NORMA-21357,810
26,NORMA-20138,811
26,NORMA-20056,812
26,NORMA-18927,813
26,NORMA-18204,814
26,NORMA-21659,815
26,NORMA-21369,816
26,NORMA-4820,817
26,NORMA-21553,818
26,NORMA-21446,819
26,NORMA-12027,820
26,NORMA-23222,821
26,NORMA-20108,822
26,NORMA-19637,823
26,NORMA-19408,824
26,NORMA-14390,825
26,NORMA-19378,826
26,NORMA-8931,827
26,NORMA-3281,828
26,NORMA-21472,829
26,NORMA-18264,830
26,NORMA-20302,831
26,NORMA-5100,832
26,NORMA-18631,833
26,NORMA-11454,834
26,NORMA-21619,835
26,NORMA-3918,836
26,NORMA-4219,837
26,NORMA-21491,838
26,NORMA-15339,839
26,NORMA-28841,840
26,NORMA-1663,841
26,NORMA-19473,842
26,NORMA-20189,843
26,NORMA-20561,844
26,NORMA-20218,845
26,NORMA-21474,846
26,NORMA-838,847
26,NORMA-15561,848
26,NORMA-21415,849
26,NORMA-31904,850
26,NORMA-19518,851
26,NORMA-19919,852
26,NORMA-21417,853
26,NORMA-10267,854
26,NORMA-20705,855
26,NORMA-20096,856
26,NORMA-15004,857
26,NORMA-14967,858
26,NORMA-28961,859
26,NORMA-19617,860
26,NORMA-1471,861
26,NORMA-18915,862
26,NORMA-6955,863
26,NORMA-22723,864
26,NORMA-15882,865
26,NORMA-1534,866
26,NORMA-5956,867
26,NORMA-20468,868
26,NORMA-4972,869
26,NORMA-20780,870
26,NORMA-20089,871
26,NORMA-6185,872
26,NORMA-20106,873
26,NORMA-6083,874
26,NORMA-7798,875
26,NORMA-19609,876
26,NORMA-19968,877
26,NORMA-18510,878
26,NORMA-10123,879
26,NORMA-20263,880
26,NORMA-854,881
26,NORMA-21586,882
26,NORMA-3554,883
26,NORMA-10865,884
26,NORMA-9358,885
26,NORMA-19647,886
26,NORMA-9382,887
26,NORMA-19857,888
26,NORMA-9893,889
26,NORMA-21262,890
26,NORMA-21382,891
26,NORMA-4747,892
26,NORMA-18967,893
26,NORMA-6318,894
26,NORMA-16268,895
26,NORMA-5031,896
26,NORMA-21787,897
26,NORMA-7822,898
26,NORMA-9834,899
26,NORMA-19328,900
26,NORMA-20258,901
26,NORMA-61,902
26,NORMA-4845,903
26,NORMA-6954,904
26,NORMA-21317,905
26,NORMA-20098,906
26,NORMA-4424,907
26,NORMA-21403,908
26,NORMA-20796,909
26,NORMA-20616,910
26,NORMA-10708,911
26,NORMA-20789,912
26,NORMA-783,913
26,NORMA-2546,914
26,NORMA-9557,915
26,NORMA-6082,916
26,NORMA-21484,917
26,NORMA-974,918
26,NORMA-20631,919
26,NORMA-20505,920
26,NORMA-21235,921
26,NORMA-18232,922
26,NORMA-28281,923
26,NORMA-15881,924
26,NORMA-21253,925
26,NORMA-20501,926
26,NORMA-7970,927
26,NORMA-6092,928
26,NORMA-20945,929
26,NORMA-6410,930
26,NORMA-21218,931
26,NORMA-21776,932
26,NORMA-11751,933
26,NORMA-2158,934
26,NORMA-20482,935
26,NORMA-7279,936
26,NORMA-19904,937
26,NORMA-6344,938
26,NORMA-20924,939
26,NORMA-20790,940
26,NORMA-19605,941
26,NORMA-6050,942
26,NORMA-11588,943
26,NORMA-21293,944
26,NORMA-5293,945
26,NORMA-18286,946
26,NORMA-21729,947
26,NORMA-21468,948
26,NORMA-19930,949
26,NORMA-21086,950
26,NORMA-6641,951
26,NORMA-13265,952
26,NORMA-21126,953
26,NORMA-21107,954
26,NORMA-6063,955
26,NORMA-12630,956
26,NORMA-19155,957
26,NORMA-18534,958
26,NORMA-6948,959
26,NORMA-11314,960
26,NORMA-31923,961
26,NORMA-18545,962
26,NORMA-15045,963
26,NORMA-23682,964
26,NORMA-26201,965
26,NORMA-18556,966
26,NORMA-14542,967
26,NORMA-18502,968
26,NORMA-28362,969
26,NORMA-1740,970
26,NORMA-7693,971
26,NORMA-20428,972
26,NORMA-19456,973
26,NORMA-21581,974
26,NORMA-1463,975
26,NORMA-21300,976
26,NORMA-1421,977
26,NORMA-21337,978
26,NORMA-11664,979
26,NORMA-20950,980
26,NORMA-18436,981
26,NORMA-19221,982
26,NORMA-1516,983
26,NORMA-19249,984
26,NORMA-8298,985
26,NORMA-18525,986
26,NORMA-21236,987
26,NORMA-8028,988
26,NORMA-25541,989
26,NORMA-6256,990
26,NORMA-13514,991
26,NORMA-11655,992
26,NORMA-20304,993
26,NORMA-18709,994
26,NORMA-14239,995
26,NORMA-20422,996
26,NORMA-20603,997
26,NORMA-5962,998
26,NORMA-18769,999
26,NORMA-7991,1000
27,NORMA-19092,1
27,NORMA-20309,2
27,NORMA-20744,3
27,NORMA-21126,4
27,NORMA-567,5
27,NORMA-18436,6
27,NORMA-21299,7
27,NORMA-20182,8
27,NORMA-5226,9
27,NORMA-20304,10
27,NORMA-18539,11
27,NORMA-11570,12
27,NORMA-21002,13
27,NORMA-18805,14
27,NORMA-19593,15
27,NORMA-15581,16
27,NORMA-854,17
27,NORMA-16941,18
27,NORMA-18885,19
27,NORMA-18981,20
27,NORMA-26102,21
27,NORMA-20098,22
27,NORMA-20263,23
27,NORMA-20443,24
27,NORMA-21519,25
27,NORMA-11839,26
27,NORMA-16481,27
27,NORMA-20188,28
27,NORMA-21288,29
27,NORMA-27761,30
27,NORMA-20908,31
27,NORMA-18548,32
27,NORMA-14578,33
27,NORMA-18822,34
27,NORMA-22721,35
27,NORMA-12762,36
27,NORMA-20945,37
27,NORMA-19096,38
27,NORMA-18345,39
27,NORMA-18690,40
27,NORMA-11723,41
27,NORMA-11720,42
27,NORMA-20756,43
27,NORMA-21626,44
27,NORMA-20578,45
27,NORMA-18219,46
27,NORMA-11316,47
27,NORMA-20205,48
27,NORMA-13610,49
27,NORMA-12171,50
27,NORMA-14279,51
27,NORMA-981,52
27,NORMA-15701,53
27,NORMA-21550,54
27,NORMA-21046,55
27,NORMA-21539,56
27,NORMA-16403,57
27,NORMA-16202,58
27,NORMA-18293,59
27,NORMA-19916,60
27,NORMA-14608,61
27,NORMA-18838,62
27,NORMA-13469,63
27,NORMA-11835,64
27,NORMA-12760,65
27,NORMA-18922,66
27,NORMA-14095,67
27,NORMA-15015,68
27,NORMA-22144,69
27,NORMA-12311,70
27,NORMA-938,71
27,NORMA-13158,72
27,NORMA-18225,73
27,NORMA-20831,74
27,NORMA-19597,75
27,NORMA-18356,76
27,NORMA-11864,77
27,NORMA-19574,78
27,NORMA-19958,79
27,NORMA-20185,80
27,NORMA-412,81
27,NORMA-281,82
27,NORMA-588,83
27,NORMA-587,84
27,NORMA-21650,85
27,NORMA-14937,86
27,NORMA-11526,87
27,NORMA-838,88
27,NORMA-20836,89
27,NORMA-3281,90
27,NORMA-578,91
27,NORMA-20426,92
27,NORMA-20506,93
27,NORMA-21217,94
27,NORMA-16382,95
27,NORMA-54,96
27,NORMA-1549,97
27,NORMA-17221,98
27,NORMA-15561,99
27,NORMA-6344,100
27,NORMA-3502,101
27,NORMA-1840,102
27,NORMA-20902,103
27,NORMA-21757,104
27,NORMA-19212,105
27,NORMA-20852,106
27,NORMA-21606,107
27,NORMA-2555,108
27,NORMA-18411,109
27,NORMA-2024,110
27,NORMA-6410,111
27,NORMA-4631,112
27,NORMA-1981,113
27,NORMA-28181,114
27,NORMA-18237,115
27,NORMA-11597,116
27,NORMA-18214,117
27,NORMA-18360,118
27,NORMA-6092,119
27,NORMA-3241,120
27,NORMA-1607,121
27,NORMA-1024,122
27,NORMA-20865,123
27,NORMA-11614,124
27,NORMA-11515,125
27,NORMA-18446,126
27,NORMA-19608,127
27,NORMA-15881,128
27,NORMA-11760,129
27,NORMA-595,130
27,NORMA-20290,131
27,NORMA-19963,132
27,NORMA-6505,133
27,NORMA-1373,134
27,NORMA-26201,135
27,NORMA-7241,136
27,NORMA-20941,137
27,NORMA-21432,138
27,NORMA-18541,139
27,NORMA-18206,140
27,NORMA-18828,141
27,NORMA-19573,142
27,NORMA-20641,143
27,NORMA-18205,144
27,NORMA-19875,145
27,NORMA-27342,146
27,NORMA-21756,147
27,NORMA-18796,148
27,NORMA-19155,149
27,NORMA-1656,150
27,NORMA-21739,151
27,NORMA-15902,152
27,NORMA-21000,153
27,NORMA-2057,154
27,NORMA-19416,155
27,NORMA-11665,156
27,NORMA-18412,157
27,NORMA-21629,158
27,NORMA-2523,159
27,NORMA-21012,160
27,NORMA-18379,161
27,NORMA-13877,162
27,NORMA-13585,163
27,NORMA-13753,164
27,NORMA-2583,165
27,NORMA-19870,166
27,NORMA-19797,167
27,NORMA-13714,168
27,NORMA-21429,169
27,NORMA-13598,170
27,NORMA-18208,171
27,NORMA-12589,172
27,NORMA-21261,173
27,NORMA-21159,174
27,NORMA-13654,175
27,NORMA-2162,176
27,NORMA-12048,177
27,NORMA-18234,178
27,NORMA-2413,179
27,NORMA-14348,180
27,NORMA-20854,181
27,NORMA-14975,182
27,NORMA-14184,183
27,NORMA-570,184
27,NORMA-20616,185
27,NORMA-2301,186
27,NORMA-3642,187
27,NORMA-18724,188
27,NORMA-1667,189
27,NORMA-11609,190
27,NORMA-2554,191
27,NORMA-28381,192
27,NORMA-18342,193
27,NORMA-15603,194
27,NORMA-30043,195
27,NORMA-21755,196
27,NORMA-18804,197
27,NORMA-21064,198
27,NORMA-19028,199
27,NORMA-20452,200
27,NORMA-15211,201
27,NORMA-21496,202
27,NORMA-18819,203
27,NORMA-2536,204
27,NORMA-21624,205
27,NORMA-20985,206
27,NORMA-18798,207
27,NORMA-1535,208
27,NORMA-19621,209
27,NORMA-20316,210
27,NORMA-26885,211
27,NORMA-20847,212
27,NORMA-3201,213
27,NORMA-21071,214
27,NORMA-20714,215
27,NORMA-12049,216
27,NORMA-1987,217
27,NORMA-2447,218
27,NORMA-19904,219
27,NORMA-3381,220
27,NORMA-18870,221
27,NORMA-2415,222
27,NORMA-12102,223
27,NORMA-20423,224
27,NORMA-20137,225
27,NORMA-5170,226
27,NORMA-21419,227
27,NORMA-14499,228
27,NORMA-3001,229
27,NORMA-18537,230
27,NORMA-20429,231
27,NORMA-11735,232
27,NORMA-7525,233
27,NORMA-21219,234
27,NORMA-2587,235
27,NORMA-28961,236
27,NORMA-1406,237
27,NORMA-13444,238
27,NORMA-20280,239
27,NORMA-7942,240
27,NORMA-9670,241
27,NORMA-19387,242
27,NORMA-13642,243
27,NORMA-12860,244
27,NORMA-20650,245
27,NORMA-14078,246
27,NORMA-535,247
27,NORMA-13513,248
27,NORMA-13916,249
27,NORMA-1573,250
27,NORMA-12067,251
27,NORMA-1173,252
27,NORMA-21238,253
27,NORMA-11814,254
27,NORMA-2563,255
27,NORMA-12364,256
27,NORMA-9110,257
27,NORMA-984,258
27,NORMA-20754,259
27,NORMA-15521,260
27,NORMA-19110,261
27,NORMA-11999,262
27,NORMA-21431,263
27,NORMA-972,264
27,NORMA-21114,265
27,NORMA-11596,266
27,NORMA-21767,267
27,NORMA-24381,268
27,NORMA-646,269
27,NORMA-18403,270
27,NORMA-21661,271
27,NORMA-13957,272
27,NORMA-18298,273
27,NORMA-12002,274
27,NORMA-20866,275
27,NORMA-18273,276
27,NORMA-20169,277
27,NORMA-11474,278
27,NORMA-18479,279
27,NORMA-14268,280
27,NORMA-20995,281
27,NORMA-6315,282
27,NORMA-20448,283
27,NORMA-6656,284
27,NORMA-21608,285
27,NORMA-20779,286
27,NORMA-21291,287
27,NORMA-20859,288
27,NORMA-20870,289
27,NORMA-11527,290
27,NORMA-20840,291
27,NORMA-11764,292
27,NORMA-21186,293
27,NORMA-21023,294
27,NORMA-11479,295
27,NORMA-20953,296
27,NORMA-19803,297
27,NORMA-18733,298
27,NORMA-11780,299
27,NORMA-14758,300
27,NORMA-15921,301
27,NORMA-19183,302
27,NORMA-19933,303
27,NORMA-20194,304
27,NORMA-6325,305
27,NORMA-27022,306
27,NORMA-20186,307
27,NORMA-21690,308
27,NORMA-21139,309
27,NORMA-13968,310
27,NORMA-18458,311
27,NORMA-20381,312
27,NORMA-21242,313
27,NORMA-18359,314
27,NORMA-20447,315
27,NORMA-18648,316
27,NORMA-12495,317
27,NORMA-21321,318
27,NORMA-232,319
27,NORMA-21326,320
27,NORMA-20950,321
27,NORMA-21026,322
27,NORMA-15203,323
27,NORMA-20958,324
27,NORMA-20861,325
27,NORMA-19095,326
27,NORMA-19594,327
27,NORMA-18511,328
27,NORMA-20873,329
27,NORMA-20590,330
27,NORMA-20989,331
27,NORMA-21199,332
27,NORMA-20437,333
27,NORMA-21367,334
27,NORMA-180,335
27,NORMA-20037,336
27,NORMA-2269,337
27,NORMA-21634,338
27,NORMA-1740,339
27,NORMA-11469,340
27,NORMA-7581,341
27,NORMA-18309,342
27,NORMA-2444,343
27,NORMA-20557,344
27,NORMA-11763,345
27,NORMA-20453,346
27,NORMA-21521,347
27,NORMA-11715,348
27,NORMA-25201,349
27,NORMA-11798,350
27,NORMA-18430,351
27,NORMA-17201,352
27,NORMA-19981,353
27,NORMA-2558,354
27,NORMA-18842,355
27,NORMA-1613,356
27,NORMA-8028,357
27,NORMA-6948,358
27,NORMA-6343,359
27,NORMA-18803,360
27,NORMA-18793,361
27,NORMA-2091,362
27,NORMA-1983,363
27,NORMA-2176,364
27,NORMA-2083,365
27,NORMA-2009,366
27,NORMA-2067,367
27,NORMA-20869,368
27,NORMA-20210,369
27,NORMA-16424,370
27,NORMA-18444,371
27,NORMA-21245,372
27,NORMA-20425,373
27,NORMA-19909,374
27,NORMA-19436,375
27,NORMA-21020,376
27,NORMA-19729,377
27,NORMA-1994,378
27,NORMA-18274,379
27,NORMA-7384,380
27,NORMA-18264,381
27,NORMA-122,382
27,NORMA-479,383
27,NORMA-14786,384
27,NORMA-478,385
27,NORMA-3979,386
27,NORMA-15264,387
27,NORMA-18915,388
27,NORMA-11983,389
27,NORMA-12350,390
27,NORMA-11991,391
27,NORMA-2522,392
27,NORMA-10029,393
27,NORMA-9871,394
27,NORMA-18414,395
27,NORMA-1206,396
27,NORMA-10044,397
27,NORMA-19650,398
27,NORMA-14508,399
27,NORMA-20894,400
27,NORMA-20244,401
27,NORMA-20164,402
27,NORMA-6185,403
27,NORMA-18307,404
27,NORMA-18826,405
27,NORMA-10626,406
27,NORMA-280,407
27,NORMA-1211,408
27,NORMA-14988,409
27,NORMA-12348,410
27,NORMA-14854,411
27,NORMA-12910,412
27,NORMA-1088,413
27,NORMA-11992,414
27,NORMA-20597,415
27,NORMA-10119,416
27,NORMA-1991,417
27,NORMA-9823,418
27,NORMA-21524,419
27,NORMA-18722,420
27,NORMA-18378,421
27,NORMA-20603,422
27,NORMA-9382,423
27,NORMA-21508,424
27,NORMA-18772,425
27,NORMA-11847,426
27,NORMA-11977,427
27,NORMA-21063,428
27,NORMA-13056,429
27,NORMA-18203,430
27,NORMA-20265,431
27,NORMA-2010,432
27,NORMA-19667,433
27,NORMA-19628,434
27,NORMA-4909,435
27,NORMA-20332,436
27,NORMA-15237,437
27,NORMA-18552,438
27,NORMA-15192,439
27,NORMA-12900,440
27,NORMA-12901,441
27,NORMA-18435,442
27,NORMA-11845,443
27,NORMA-19520,444
27,NORMA-20428,445
27,NORMA-14148,446
27,NORMA-19292,447
27,NORMA-6509,448
27,NORMA-634,449
27,NORMA-7651,450
27,NORMA-1471,451
27,NORMA-361,452
27,NORMA-18450,453
27,NORMA-462,454
27,NORMA-19620,455
27,NORMA-14501,456
27,NORMA-12329,457
27,NORMA-14555,458
27,NORMA-20931,459
27,NORMA-21461,460
27,NORMA-20180,461
27,NORMA-1566,462
27,NORMA-126,463
27,NORMA-14556,464
27,NORMA-11984,465
27,NORMA-11790,466
27,NORMA-21113,467
27,NORMA-20097,468
27,NORMA-21792,469
27,NORMA-19582,470
27,NORMA-21437,471
27,NORMA-15901,472
27,NORMA-2531,473
27,NORMA-19448,474
27,NORMA-778,475
27,NORMA-21107,476
27,NORMA-18212,477
27,NORMA-20432,478
27,NORMA-18217,479
27,NORMA-20914,480
27,NORMA-2093,481
27,NORMA-689,482
27,NORMA-11417,483
27,NORMA-11739,484
27,NORMA-20102,485
27,NORMA-20209,486
27,NORMA-12039,487
27,NORMA-21223,488
27,NORMA-19632,489
27,NORMA-19647,490
27,NORMA-60,491
27,NORMA-22862,492
27,NORMA-6252,493
27,NORMA-18781,494
27,NORMA-18434,495
27,NORMA-3638,496
27,NORMA-18825,497
27,NORMA-21249,498
27,NORMA-15239,499
27,NORMA-2126,500
27,NORMA-24582,501
27,NORMA-3382,502
27,NORMA-20183,503
27,NORMA-6198,504
27,NORMA-5128,505
27,NORMA-2188,506
27,NORMA-21211,507
27,NORMA-18709,508
27,NORMA-6128,509
27,NORMA-1,510
27,NORMA-4075,511
27,NORMA-249,512
27,NORMA-5242,513
27,NORMA-19917,514
27,NORMA-20999,515
27,NORMA-2395,516
27,NORMA-6134,517
27,NORMA-5339,518
27,NORMA-1374,519
27,NORMA-1445,520
27,NORMA-6743,521
27,NORMA-6411,522
27,NORMA-14529,523
27,NORMA-20473,524
27,NORMA-18685,525
27,NORMA-6051,526
27,NORMA-1090,527
27,NORMA-15882,528
27,NORMA-6700,529
27,NORMA-19232,530
27,NORMA-12729,531
27,NORMA-18859,532
27,NORMA-20065,533
27,NORMA-783,534
27,NORMA-19299,535
27,NORMA-1114,536
27,NORMA-12019,537
27,NORMA-18439,538
27,NORMA-20709,539
27,NORMA-2542,540
27,NORMA-20376,541
27,NORMA-4818,542
27,NORMA-19833,543
27,NORMA-20064,544
27,NORMA-21718,545
27,NORMA-3846,546
27,NORMA-21625,547
27,NORMA-6514,548
27,NORMA-19061,549
27,NORMA-18549,550
27,NORMA-807,551
27,NORMA-21730,552
27,NORMA-6621,553
27,NORMA-19617,554
27,NORMA-8525,555
27,NORMA-4275,556
27,NORMA-8788,557
27,NORMA-8192,558
27,NORMA-2475,559
27,NORMA-8433,560
27,NORMA-8597,561
27,NORMA-5013,562
27,NORMA-11288,563
27,NORMA-704,564
27,NORMA-4420,565
27,NORMA-3822,566
27,NORMA-6764,567
27,NORMA-21149,568
27,NORMA-14383,569
27,NORMA-21152,570
27,NORMA-15364,571
27,NORMA-21226,572
27,NORMA-996,573
27,NORMA-14239,574
27,NORMA-19596,575
27,NORMA-20369,576
27,NORMA-206,577
27,NORMA-20157,578
27,NORMA-18405,579
27,NORMA-20368,580
27,NORMA-1999,581
27,NORMA-11756,582
27,NORMA-20072,583
27,NORMA-14260,584
27,NORMA-729,585
27,NORMA-11664,586
27,NORMA-1035,587
27,NORMA-21216,588
27,NORMA-1516,589
27,NORMA-11655,590
27,NORMA-11232,591
27,NORMA-19609,592
27,NORMA-18424,593
27,NORMA-18377,594
27,NORMA-18432,595
27,NORMA-20356,596
27,NORMA-18291,597
27,NORMA-21286,598
27,NORMA-19021,599
27,NORMA-211,600
27,NORMA-417,601
27,NORMA-6962,602
27,NORMA-21784,603
27,NORMA-8522,604
27,NORMA-18806,605
27,NORMA-1541,606
27,NORMA-2496,607
27,NORMA-20586,608
27,NORMA-20070,609
27,NORMA-21122,610
27,NORMA-4194,611
27,NORMA-19081,612
27,NORMA-229,613
27,NORMA-28001,614
27,NORMA-6954,615
27,NORMA-3648,616
27,NORMA-19919,617
27,NORMA-18533,618
27,NORMA-6627,619
27,NORMA-416,620
27,NORMA-4711,621
27,NORMA-14377,622
27,NORMA-6955,623
27,NORMA-18393,624
27,NORMA-11729,625
27,NORMA-12160,626
27,NORMA-13924,627
27,NORMA-1398,628
27,NORMA-2375,629
27,NORMA-208,630
27,NORMA-13474,631
27,NORMA-6684,632
27,NORMA-18984,633
27,NORMA-292,634
27,NORMA-18892,635
27,NORMA-16268,636
27,NORMA-14985,637
27,NORMA-19029,638
27,NORMA-1619,639
27,NORMA-18682,640
27,NORMA-20257,641
27,NORMA-18204,642
27,NORMA-14236,643
27,NORMA-4664,644
27,NORMA-10318,645
27,NORMA-18827,646
27,NORMA-18734,647
27,NORMA-21387,648
27,NORMA-970,649
27,NORMA-19605,650
27,NORMA-20474,651
27,NORMA-21446,652
27,NORMA-18937,653
27,NORMA-19384,654
27,NORMA-19735,655
27,NORMA-4038,656
27,NORMA-19631,657
27,NORMA-21170,658
27,NORMA-18771,659
27,NORMA-3342,660
27,NORMA-19764,661
27,NORMA-207,662
27,NORMA-18474,663
27,NORMA-2921,664
27,NORMA-12165,665
27,NORMA-18350,666
27,NORMA-19965,667
27,NORMA-20184,668
27,NORMA-6758,669
27,NORMA-8245,670
27,NORMA-10708,671
27,NORMA-21507,672
27,NORMA-18265,673
27,NORMA-11472,674
27,NORMA-13106,675
27,NORMA-19581,676
27,NORMA-20450,677
27,NORMA-974,678
27,NORMA-11496,679
27,NORMA-943,680
27,NORMA-4830,681
27,NORMA-19564,682
27,NORMA-21607,683
27,NORMA-969,684
27,NORMA-9834,685
27,NORMA-27502,686
27,NORMA-21224,687
27,NORMA-20451,688
27,NORMA-210,689
27,NORMA-28981,690
27,NORMA-20055,691
27,NORMA-309,692
27,NORMA-20723,693
27,NORMA-4297,694
27,NORMA-18654,695
27,NORMA-61,696
27,NORMA-11670,697
27,NORMA-21382,698
27,NORMA-1463,699
27,NORMA-6880,700
27,NORMA-6641,701
27,NORMA-20834,702
27,NORMA-9984,703
27,NORMA-5653,704
27,NORMA-560,705
27,NORMA-4886,706
27,NORMA-11470,707
27,NORMA-18248,708
27,NORMA-1502,709
27,NORMA-4746,710
27,NORMA-20449,711
27,NORMA-209,712
27,NORMA-8387,713
27,NORMA-19930,714
27,NORMA-8163,715
27,NORMA-23564,716
27,NORMA-6217,717
27,NORMA-21705,718
27,NORMA-4747,719
27,NORMA-754,720
27,NORMA-555,721
27,NORMA-20883,722
27,NORMA-15028,723
27,NORMA-18863,724
27,NORMA-25523,725
27,NORMA-11981,726
27,NORMA-2399,727
27,NORMA-21244,728
27,NORMA-19977,729
27,NORMA-20349,730
27,NORMA-20239,731
27,NORMA-19324,732
27,NORMA-8370,733
27,NORMA-10691,734
27,NORMA-3674,735
27,NORMA-1222,736
27,NORMA-19950,737
27,NORMA-8623,738
27,NORMA-7752,739
27,NORMA-19182,740
27,NORMA-12347,741
27,NORMA-745,742
27,NORMA-19338,743
27,NORMA-19746,744
27,NORMA-21537,745
27,NORMA-28362,746
27,NORMA-9888,747
27,NORMA-2483,748
27,NORMA-19347,749
27,NORMA-19785,750
27,NORMA-20844,751
27,NORMA-19013,752
27,NORMA-28203,753
27,NORMA-24583,754
27,NORMA-19222,755
27,NORMA-19346,756
27,NORMA-8324,757
27,NORMA-19348,758
27,NORMA-11868,759
27,NORMA-19345,760
27,NORMA-20605,761
27,NORMA-19842,762
27,NORMA-5007,763
27,NORMA-12872,764
27,NORMA-18788,765
27,NORMA-6957,766
27,NORMA-19122,767
27,NORMA-19967,768
27,NORMA-14263,769
27,NORMA-8258,770
27,NORMA-11560,771
27,NORMA-14982,772
27,NORMA-7042,773
27,NORMA-19941,774
27,NORMA-11599,775
27,NORMA-835,776
27,NORMA-6176,777
27,NORMA-4065,778
27,NORMA-21631,779
27,NORMA-9717,780
27,NORMA-20371,781
27,NORMA-18797,782
27,NORMA-19181,783
27,NORMA-17281,784
27,NORMA-14308,785
27,NORMA-509,786
27,NORMA-13772,787
27,NORMA-20220,788
27,NORMA-1671,789
27,NORMA-5097,790
27,NORMA-14996,791
27,NORMA-19768,792
27,NORMA-20460,793
27,NORMA-20359,794
27,NORMA-13323,795
27,NORMA-20835,796
27,NORMA-558,797
27,NORMA-22001,798
27,NORMA-13796,799
27,NORMA-21456,800
27,NORMA-20421,801
27,NORMA-12875,802
27,NORMA-3804,803
27,NORMA-20196,804
27,NORMA-20053,805
27,NORMA-18832,806
27,NORMA-19799,807
27,NORMA-21135,808
27,NORMA-4750,809
27,NORMA-9819,810
27,NORMA-12029,811
27,NORMA-20422,812
27,NORMA-20344,813
27,NORMA-20688,814
27,NORMA-19800,815
27,NORMA-3181,816
27,NORMA-19637,817
27,NORMA-20948,818
27,NORMA-20197,819
27,NORMA-12006,820
27,NORMA-8562,821
27,NORMA-19383,822
27,NORMA-4898,823
27,NORMA-7729,824
27,NORMA-20403,825
27,NORMA-1567,826
27,NORMA-18731,827
27,NORMA-5375,828
27,NORMA-19070,829
27,NORMA-9297,830
27,NORMA-5008,831
27,NORMA-10878,832
27,NORMA-18292,833
27,NORMA-2,834
27,NORMA-18710,835
27,NORMA-18532,836
27,NORMA-18329,837
27,NORMA-27062,838
27,NORMA-19643,839
27,NORMA-19724,840
27,NORMA-3966,841
27,NORMA-11476,842
27,NORMA-21028,843
27,NORMA-20398,844
27,NORMA-5191,845
27,NORMA-18846,846
27,NORMA-19018,847
27,NORMA-18706,848
27,NORMA-20339,849
27,NORMA-19611,850
27,NORMA-20572,851
27,NORMA-18326,852
27,NORMA-18253,853
27,NORMA-20465,854
27,NORMA-18857,855
27,NORMA-9785,856
27,NORMA-15427,857
27,NORMA-9595,858
27,NORMA-20541,859
27,NORMA-20968,860
27,NORMA-20113,861
27,NORMA-19272,862
27,NORMA-20545,863
27,NORMA-20885,864
27,NORMA-5938,865
27,NORMA-20573,866
27,NORMA-21032,867
27,NORMA-20191,868
27,NORMA-19740,869
27,NORMA-5118,870
27,NORMA-5408,871
27,NORMA-21523,872
27,NORMA-6075,873
27,NORMA-21333,874
27,NORMA-21783,875
27,NORMA-6318,876
27,NORMA-19077,877
27,NORMA-21328,878
27,NORMA-18780,879
27,NORMA-11757,880
27,NORMA-20538,881
27,NORMA-20488,882
27,NORMA-2588,883
27,NORMA-23027,884
27,NORMA-29005,885
27,NORMA-19249,886
27,NORMA-11467,887
27,NORMA-20166,888
27,NORMA-21490,889
27,NORMA-3772,890
27,NORMA-9893,891
27,NORMA-20056,892
27,NORMA-9763,893
27,NORMA-3503,894
27,NORMA-21659,895
27,NORMA-19152,896
27,NORMA-18898,897
27,NORMA-20794,898
27,NORMA-1337,899
27,NORMA-19955,900
27,NORMA-14898,901
27,NORMA-6085,902
27,NORMA-6639,903
27,NORMA-26841,904
27,NORMA-11627,905
27,NORMA-1317,906
27,NORMA-21150,907
27,NORMA-20206,908
27,NORMA-14345,909
27,NORMA-6293,910
27,NORMA-12886,911
27,NORMA-13480,912
27,NORMA-12014,913
27,NORMA-12234,914
27,NORMA-13995,915
27,NORMA-21253,916
27,NORMA-655,917
27,NORMA-7025,918
27,NORMA-20796,919
27,NORMA-19329,920
27,NORMA-24102,921
27,NORMA-19947,922
27,NORMA-13519,923
27,NORMA-7027,924
27,NORMA-18699,925
27,NORMA-12232,926
27,NORMA-13195,927
27,NORMA-19587,928
27,NORMA-20737,929
27,NORMA-18686,930
27,NORMA-15542,931
27,NORMA-19928,932
27,NORMA-13229,933
27,NORMA-6970,934
27,NORMA-18837,935
27,NORMA-19816,936
27,NORMA-28182,937
27,NORMA-8918,938
27,NORMA-26003,939
27,NORMA-28441,940
27,NORMA-24561,941
27,NORMA-222,942
27,NORMA-8458,943
27,NORMA-8576,944
27,NORMA-19879,945
27,NORMA-18383,946
27,NORMA-20444,947
27,NORMA-15027,948
27,NORMA-21015,949
27,NORMA-7771,950
27,NORMA-772,951
27,NORMA-5227,952
27,NORMA-19777,953
27,NORMA-20151,954
27,NORMA-20246,955
27,NORMA-21744,956
27,NORMA-18818,957
27,NORMA-20192,958
27,NORMA-20838,959
27,NORMA-18417,960
27,NORMA-18635,961
27,NORMA-4820,962
27,NORMA-5031,963
27,NORMA-20480,964
27,NORMA-18295,965
27,NORMA-18501,966
27,NORMA-19959,967
27,NORMA-18625,968
27,NORMA-14113,969
27,NORMA-5478,970
27,NORMA-20542,971
27,NORMA-7953,972
27,NORMA-5982,973
27,NORMA-20503,974
27,NORMA-18883,975
27,NORMA-6083,976
27,NORMA-8027,977
27,NORMA-12637,978
27,NORMA-1421,979
27,NORMA-11751,980
27,NORMA-18683,981
27,NORMA-21236,982
27,NORMA-4826,983
27,NORMA-1620,984
27,NORMA-10200,985
27,NORMA-6447,986
27,NORMA-18729,987
27,NORMA-20440,988
27,NORMA-8827,989
27,NORMA-14673,990
27,NORMA-18862,991
27,NORMA-658,992
27,NORMA-18882,993
27,NORMA-9829,994
27,NORMA-18545,995
27,NORMA-19599,996
27,NORMA-5692,997
27,NORMA-19170,998
27,NORMA-1113,999
27,NORMA-23701,1000
28,NORMA-6395,1
28,NORMA-22941,2
28,NORMA-19128,3
28,NORMA-18631,4
28,NORMA-21261,5
28,NORMA-19684,6
28,NORMA-21245,7
28,NORMA-6677,8
28,NORMA-21225,9
28,NORMA-19646,10
28,NORMA-12094,11
28,NORMA-19337,12
28,NORMA-6676,13
28,NORMA-20797,14
28,NORMA-15242,15
28,NORMA-18201,16
28,NORMA-20135,17
28,NORMA-6710,18
28,NORMA-12171,19
28,NORMA-12245,20
28,NORMA-21650,21
28,NORMA-12859,22
28,NORMA-6655,23
28,NORMA-12236,24
28,NORMA-21521,25
28,NORMA-1516,26
28,NORMA-27062,27
28,NORMA-15921,28
28,NORMA-7095,29
28,NORMA-1463,30
28,NORMA-15901,31
28,NORMA-11454,32
28,NORMA-18747,33
28,NORMA-11866,34
28,NORMA-6894,35
28,NORMA-10267,36
28,NORMA-8931,37
28,NORMA-13471,38
28,NORMA-19650,39
28,NORMA-21744,40
28,NORMA-20796,41
28,NORMA-20402,42
28,NORMA-28422,43
28,NORMA-6957,44
28,NORMA-833,45
28,NORMA-21429,46
28,NORMA-12237,47
28,NORMA-18646,48
28,NORMA-6627,49
28,NORMA-21105,50
28,NORMA-12063,51
28,NORMA-14850,52
28,NORMA-13545,53
28,NORMA-21776,54
28,NORMA-18591,55
28,NORMA-19378,56
28,NORMA-8772,57
28,NORMA-1573,58
28,NORMA-10117,59
28,NORMA-10975,60
28,NORMA-12052,61
28,NORMA-11862,62
28,NORMA-11921,63
28,NORMA-19640,64
28,NORMA-21343,65
28,NORMA-18980,66
28,NORMA-14688,67
28,NORMA-21647,68
28,NORMA-15229,69
28,NORMA-12092,70
28,NORMA-12172,71
28,NORMA-534,72
28,NORMA-11272,73
28,NORMA-19730,74
28,NORMA-21326,75
28,NORMA-12235,76
28,NORMA-11805,77
28,NORMA-20209,78
28,NORMA-1608,79
28,NORMA-15060,80
28,NORMA-552,81
28,NORMA-1222,82
28,NORMA-21541,83
28,NORMA-18436,84
28,NORMA-21762,85
28,NORMA-14814,86
28,NORMA-21683,87
28,NORMA-18293,88
28,NORMA-1620,89
28,NORMA-31904,90
28,NORMA-1283,91
28,NORMA-12163,92
28,NORMA-21126,93
28,NORMA-21544,94
28,NORMA-13473,95
28,NORMA-19613,96
28,NORMA-12020,97
28,NORMA-15004,98
28,NORMA-21684,99
28,NORMA-13771,100
28,NORMA-21550,101
28,NORMA-21069,102
28,NORMA-21533,103
28,NORMA-19105,104
28,NORMA-19933,105
28,NORMA-18955,106
28,NORMA-13990,107
28,NORMA-7194,108
28,NORMA-3201,109
28,NORMA-535,110
28,NORMA-1,111
28,NORMA-28281,112
28,NORMA-19634,113
28,NORMA-20507,114
28,NORMA-1578,115
28,NORMA-19675,116
28,NORMA-19190,117
28,NORMA-21456,118
28,NORMA-143,119
28,NORMA-19965,120
28,NORMA-21648,121
28,NORMA-28181,122
28,NORMA-21626,123
28,NORMA-9481,124
28,NORMA-11418,125
28,NORMA-2981,126
28,NORMA-6389,127
28,NORMA-20186,128
28,NORMA-12019,129
28,NORMA-20847,130
28,NORMA-21695,131
28,NORMA-6022,132
28,NORMA-12030,133
28,NORMA-12104,134
28,NORMA-21631,135
28,NORMA-9835,136
28,NORMA-19564,137
28,NORMA-19343,138
28,NORMA-14890,139
28,NORMA-19172,140
28,NORMA-13094,141
28,NORMA-18223,142
28,NORMA-19092,143
28,NORMA-24661,144
28,NORMA-13918,145
28,NORMA-19308,146
28,NORMA-19542,147
28,NORMA-18906,148
28,NORMA-54,149
28,NORMA-20182,150
28,NORMA-20865,151
28,NORMA-19096,152
28,NORMA-18825,153
28,NORMA-11804,154
28,NORMA-21110,155
28,NORMA-778,156
28,NORMA-12031,157
28,NORMA-4314,158
28,NORMA-13470,159
28,NORMA-23881,160
28,NORMA-21420,161
28,NORMA-7015,162
28,NORMA-11528,163
28,NORMA-13345,164
28,NORMA-20887,165
28,NORMA-19968,166
28,NORMA-19853,167
28,NORMA-31903,168
28,NORMA-13772,169
28,NORMA-19164,170
28,NORMA-21269,171
28,NORMA-20208,172
28,NORMA-27044,173
28,NORMA-6752,174
28,NORMA-6629,175
28,NORMA-11087,176
28,NORMA-5853,177
28,NORMA-19875,178
28,NORMA-27384,179
28,NORMA-8774,180
28,NORMA-5417,181
28,NORMA-6084,182
28,NORMA-12858,183
28,NORMA-4588,184
28,NORMA-229,185
28,NORMA-21606,186
28,NORMA-26881,187
28,NORMA-11715,188
28,NORMA-20879,189
28,NORMA-6720,190
28,NORMA-18233,191
28,NORMA-4277,192
28,NORMA-19746,193
28,NORMA-21508,194
28,NORMA-13671,195
28,NORMA-23222,196
28,NORMA-14501,197
28,NORMA-2184,198
28,NORMA-19408,199
28,NORMA-20425,200
28,NORMA-21384,201
28,NORMA-20708,202
28,NORMA-14099,203
28,NORMA-14508,204
28,NORMA-10797,205
28,NORMA-17201,206
28,NORMA-3181,207
28,NORMA-13056,208
28,NORMA-20184,209
28,NORMA-9457,210
28,NORMA-21524,211
28,NORMA-11665,212
28,NORMA-18989,213
28,NORMA-4926,214
28,NORMA-20224,215
28,NORMA-20917,216
28,NORMA-12900,217
28,NORMA-12901,218
28,NORMA-20196,219
28,NORMA-14746,220
28,NORMA-3281,221
28,NORMA-10116,222
28,NORMA-7326,223
28,NORMA-19704,224
28,NORMA-7351,225
28,NORMA-13029,226
28,NORMA-20494,227
28,NORMA-9147,228
28,NORMA-11300,229
28,NORMA-11085,230
28,NORMA-20189,231
28,NORMA-8205,232
28,NORMA-22101,233
28,NORMA-21313,234
28,NORMA-21220,235
28,NORMA-27364,236
28,NORMA-21678,237
28,NORMA-835,238
28,NORMA-8771,239
28,NORMA-21588,240
28,NORMA-21530,241
28,NORMA-21608,242
28,NORMA-21651,243
28,NORMA-854,244
28,NORMA-14294,245
28,NORMA-19557,246
28,NORMA-5184,247
28,NORMA-20172,248
28,NORMA-18205,249
28,NORMA-1092,250
28,NORMA-19379,251
28,NORMA-15208,252
28,NORMA-20941,253
28,NORMA-20421,254
28,NORMA-21705,255
28,NORMA-19844,256
28,NORMA-18203,257
28,NORMA-21336,258
28,NORMA-28362,259
28,NORMA-21453,260
28,NORMA-19799,261
28,NORMA-19352,262
28,NORMA-21680,263
28,NORMA-19655,264
28,NORMA-21159,265
28,NORMA-13476,266
28,NORMA-20144,267
28,NORMA-21275,268
28,NORMA-20192,269
28,NORMA-6636,270
28,NORMA-21739,271
28,NORMA-20174,272
28,NORMA-2563,273
28,NORMA-12588,274
28,NORMA-18839,275
28,NORMA-11198,276
28,NORMA-12663,277
28,NORMA-21071,278
28,NORMA-18815,279
28,NORMA-1567,280
28,NORMA-6698,281
28,NORMA-21713,282
28,NORMA-11864,283
28,NORMA-20171,284
28,NORMA-21784,285
28,NORMA-20072,286
28,NORMA-19205,287
28,NORMA-18806,288
28,NORMA-26003,289
28,NORMA-18656,290
28,NORMA-12161,291
28,NORMA-21147,292
28,NORMA-8773,293
28,NORMA-21344,294
28,NORMA-11443,295
28,NORMA-21554,296
28,NORMA-974,297
28,NORMA-18981,298
28,NORMA-4587,299
28,NORMA-21279,300
28,NORMA-1332,301
28,NORMA-21157,302
28,NORMA-21768,303
28,NORMA-20894,304
28,NORMA-1442,305
28,NORMA-18967,306
28,NORMA-15902,307
28,NORMA-2660,308
28,NORMA-18697,309
28,NORMA-19429,310
28,NORMA-21286,311
28,NORMA-25523,312
28,NORMA-13265,313
28,NORMA-17321,314
28,NORMA-12630,315
28,NORMA-19245,316
28,NORMA-1388,317
28,NORMA-21356,318
28,NORMA-20197,319
28,NORMA-25902,320
28,NORMA-15045,321
28,NORMA-15396,322
28,NORMA-15167,323
28,NORMA-21367,324
28,NORMA-20870,325
28,NORMA-14542,326
28,NORMA-1663,327
28,NORMA-12613,328
28,NORMA-12038,329
28,NORMA-23682,330
28,NORMA-13474,331
28,NORMA-10473,332
28,NORMA-3820,333
28,NORMA-8204,334
28,NORMA-1674,335
28,NORMA-18350,336
28,NORMA-3907,337
28,NORMA-13789,338
28,NORMA-21193,339
28,NORMA-27365,340
28,NORMA-5536,341
28,NORMA-3821,342
28,NORMA-1474,343
28,NORMA-14581,344
28,NORMA-15701,345
28,NORMA-21638,346
28,NORMA-6962,347
28,NORMA-14813,348
28,NORMA-680,349
28,NORMA-10309,350
28,NORMA-18838,351
28,NORMA-21299,352
28,NORMA-20709,353
28,NORMA-19010,354
28,NORMA-4515,355
28,NORMA-26102,356
28,NORMA-19667,357
28,NORMA-13919,358
28,NORMA-18360,359
28,NORMA-9888,360
28,NORMA-18264,361
28,NORMA-783,362
28,NORMA-21264,363
28,NORMA-21419,364
28,NORMA-4091,365
28,NORMA-21181,366
28,NORMA-19643,367
28,NORMA-21537,368
28,NORMA-6185,369
28,NORMA-21012,370
28,NORMA-18418,371
28,NORMA-18541,372
28,NORMA-19609,373
28,NORMA-20121,374
28,NORMA-6318,375
28,NORMA-19842,376
28,NORMA-19295,377
28,NORMA-18992,378
28,NORMA-15211,379
28,NORMA-6669,380
28,NORMA-11086,381
28,NORMA-28802,382
28,NORMA-21659,383
28,NORMA-18772,384
28,NORMA-72,385
28,NORMA-21023,386
28,NORMA-20995,387
28,NORMA-18227,388
28,NORMA-385,389
28,NORMA-20304,390
28,NORMA-12911,391
28,NORMA-754,392
28,NORMA-18669,393
28,NORMA-9595,394
28,NORMA-19088,395
28,NORMA-12067,396
28,NORMA-26,397
28,NORMA-60,398
28,NORMA-13586,399
28,NORMA-6595,400
28,NORMA-11798,401
28,NORMA-18603,402
28,NORMA-21717,403
28,NORMA-21630,404
28,NORMA-20183,405
28,NORMA-27064,406
28,NORMA-9785,407
28,NORMA-18221,408
28,NORMA-634,409
28,NORMA-13552,410
28,NORMA-2183,411
28,NORMA-21239,412
28,NORMA-21437,413
28,NORMA-5008,414
28,NORMA-13746,415
28,NORMA-19977,416
28,NORMA-20687,417
28,NORMA-33728,418
28,NORMA-21249,419
28,NORMA-13472,420
28,NORMA-6253,421
28,NORMA-14828,422
28,NORMA-12170,423
28,NORMA-10375,424
28,NORMA-5280,425
28,NORMA-14937,426
28,NORMA-21201,427
28,NORMA-18411,428
28,NORMA-6895,429
28,NORMA-6621,430
28,NORMA-1173,431
28,NORMA-21523,432
28,NORMA-27063,433
28,NORMA-14462,434
28,NORMA-23521,435
28,NORMA-1421,436
28,NORMA-6006,437
28,NORMA-13158,438
28,NORMA-18528,439
28,NORMA-4630,440
28,NORMA-1485,441
28,NORMA-1365,442
28,NORMA-20263,443
28,NORMA-21634,444
28,NORMA-13218,445
28,NORMA-1535,446
28,NORMA-27550,447
28,NORMA-30043,448
28,NORMA-1009,449
28,NORMA-1555,450
28,NORMA-14302,451
28,NORMA-5170,452
28,NORMA-22862,453
28,NORMA-13469,454
28,NORMA-18359,455
28,NORMA-13298,456
28,NORMA-20705,457
28,NORMA-1846,458
28,NORMA-1013,459
28,NORMA-11417,460
28,NORMA-1512,461
28,NORMA-834,462
28,NORMA-18974,463
28,NORMA-11655,464
28,NORMA-18403,465
28,NORMA-20565,466
28,NORMA-10629,467
28,NORMA-20873,468
28,NORMA-14239,469
28,NORMA-16202,470
28,NORMA-1740,471
28,NORMA-9382,472
28,NORMA-8203,473
28,NORMA-20201,474
28,NORMA-19787,475
28,NORMA-18542,476
28,NORMA-6702,477
28,NORMA-18243,478
28,NORMA-18517,479
28,NORMA-20191,480
28,NORMA-14788,481
28,NORMA-18720,482
28,NORMA-21386,483
28,NORMA-11739,484
28,NORMA-16403,485
28,NORMA-20167,486
28,NORMA-15239,487
28,NORMA-18394,488
28,NORMA-5626,489
28,NORMA-20512,490
28,NORMA-1026,491
28,NORMA-16481,492
28,NORMA-9834,493
28,NORMA-594,494
28,NORMA-28961,495
28,NORMA-1337,496
28,NORMA-11572,497
28,NORMA-19170,498
28,NORMA-19651,499
28,NORMA-12103,500
28,NORMA-12877,501
28,NORMA-10865,502
28,NORMA-1256,503
28,NORMA-9358,504
28,NORMA-26124,505
28,NORMA-749,506
28,NORMA-12415,507
28,NORMA-12923,508
28,NORMA-13124,509
28,NORMA-972,510
28,NORMA-2032,511
28,NORMA-863,512
28,NORMA-25964,513
28,NORMA-19416,514
28,NORMA-20621,515
28,NORMA-19330,516
28,NORMA-1144,517
28,NORMA-4514,518
28,NORMA-15028,519
28,NORMA-12733,520
28,NORMA-18823,521
28,NORMA-21563,522
28,NORMA-6955,523
28,NORMA-666,524
28,NORMA-19733,525
28,NORMA-6509,526
28,NORMA-13308,527
28,NORMA-27761,528
28,NORMA-18548,529
28,NORMA-20185,530
28,NORMA-871,531
28,NORMA-20199,532
28,NORMA-7149,533
28,NORMA-18762,534
28,NORMA-21139,535
28,NORMA-984,536
28,NORMA-18325,537
28,NORMA-14293,538
28,NORMA-20443,539
28,NORMA-664,540
28,NORMA-10123,541
28,NORMA-5431,542
28,NORMA-11758,543
28,NORMA-2536,544
28,NORMA-7651,545
28,NORMA-865,546
28,NORMA-19658,547
28,NORMA-878,548
28,NORMA-1192,549
28,NORMA-19212,550
28,NORMA-9893,551
28,NORMA-850,552
28,NORMA-11473,553
28,NORMA-4818,554
28,NORMA-20886,555
28,NORMA-966,556
28,NORMA-21535,557
28,NORMA-1164,558
28,NORMA-883,559
28,NORMA-16424,560
28,NORMA-18303,561
28,NORMA-20188,562
28,NORMA-1033,563
28,NORMA-1470,564
28,NORMA-6970,565
28,NORMA-20474,566
28,NORMA-13905,567
28,NORMA-11679,568
28,NORMA-12099,569
28,NORMA-21547,570
28,NORMA-2546,571
28,NORMA-27045,572
28,NORMA-11236,573
28,NORMA-19192,574
28,NORMA-6753,575
28,NORMA-1296,576
28,NORMA-14724,577
28,NORMA-14474,578
28,NORMA-5586,579
28,NORMA-7525,580
28,NORMA-2413,581
28,NORMA-20204,582
28,NORMA-21562,583
28,NORMA-12437,584
28,NORMA-11577,585
28,NORMA-9792,586
28,NORMA-4424,587
28,NORMA-570,588
28,NORMA-15237,589
28,NORMA-20813,590
28,NORMA-12049,591
28,NORMA-11578,592
28,NORMA-20098,593
28,NORMA-8522,594
28,NORMA-19627,595
28,NORMA-923,596
28,NORMA-18802,597
28,NORMA-20945,598
28,NORMA-9823,599
28,NORMA-18446,600
28,NORMA-21309,601
28,NORMA-21072,602
28,NORMA-7022,603
28,NORMA-11356,604
28,NORMA-18378,605
28,NORMA-20155,606
28,NORMA-2089,607
28,NORMA-20065,608
28,NORMA-18294,609
28,NORMA-21393,610
28,NORMA-14390,611
28,NORMA-18474,612
28,NORMA-8706,613
28,NORMA-21140,614
28,NORMA-19051,615
28,NORMA-21065,616
28,NORMA-2189,617
28,NORMA-6948,618
28,NORMA-19535,619
28,NORMA-18835,620
28,NORMA-703,621
28,NORMA-3642,622
28,NORMA-1044,623
28,NORMA-19329,624
28,NORMA-6954,625
28,NORMA-2574,626
28,NORMA-18554,627
28,NORMA-20840,628
28,NORMA-417,629
28,NORMA-21519,630
28,NORMA-5792,631
28,NORMA-2426,632
28,NORMA-24961,633
28,NORMA-13864,634
28,NORMA-20911,635
28,NORMA-20880,636
28,NORMA-2371,637
28,NORMA-19553,638
28,NORMA-18462,639
28,NORMA-18380,640
28,NORMA-11688,641
28,NORMA-26701,642
28,NORMA-20202,643
28,NORMA-20891,644
28,NORMA-3819,645
28,NORMA-18280,646
28,NORMA-21203,647
28,NORMA-19515,648
28,NORMA-222,649
28,NORMA-19442,650
28,NORMA-903,651
28,NORMA-19574,652
28,NORMA-21496,653
28,NORMA-3511,654
28,NORMA-18935,655
28,NORMA-12048,656
28,NORMA-6343,657
28,NORMA-12027,658
28,NORMA-19519,659
28,NORMA-4786,660
28,NORMA-28203,661
28,NORMA-1619,662
28,NORMA-11316,663
28,NORMA-19883,664
28,NORMA-19290,665
28,NORMA-21324,666
28,NORMA-1260,667
28,NORMA-12066,668
28,NORMA-18685,669
28,NORMA-19561,670
28,NORMA-8028,671
28,NORMA-11766,672
28,NORMA-19859,673
28,NORMA-21767,674
28,NORMA-19152,675
28,NORMA-5361,676
28,NORMA-3979,677
28,NORMA-19448,678
28,NORMA-978,679
28,NORMA-4278,680
28,NORMA-558,681
28,NORMA-4586,682
28,NORMA-19155,683
28,NORMA-18934,684
28,NORMA-18801,685
28,NORMA-19181,686
28,NORMA-20818,687
28,NORMA-8119,688
28,NORMA-11771,689
28,NORMA-11164,690
28,NORMA-19422,691
28,NORMA-11571,692
28,NORMA-18892,693
28,NORMA-11680,694
28,NORMA-4909,695
28,NORMA-20772,696
28,NORMA-802,697
28,NORMA-18377,698
28,NORMA-11814,699
28,NORMA-18225,700
28,NORMA-21268,701
28,NORMA-20902,702
28,NORMA-13508,703
28,NORMA-19221,704
28,NORMA-19351,705
28,NORMA-21394,706
28,NORMA-6505,707
28,NORMA-11496,708
28,NORMA-2076,709
28,NORMA-11610,710
28,NORMA-11560,711
28,NORMA-19761,712
28,NORMA-567,713
28,NORMA-59,714
28,NORMA-9724,715
28,NORMA-18769,716
28,NORMA-660,717
28,NORMA-18767,718
28,NORMA-19119,719
28,NORMA-2013,720
28,NORMA-801,721
28,NORMA-2185,722
28,NORMA-19256,723
28,NORMA-1132,724
28,NORMA-8384,725
28,NORMA-19509,726
28,NORMA-20700,727
28,NORMA-20123,728
28,NORMA-1611,729
28,NORMA-4631,730
28,NORMA-20969,731
28,NORMA-4396,732
28,NORMA-416,733
28,NORMA-20777,734
28,NORMA-21595,735
28,NORMA-554,736
28,NORMA-21586,737
28,NORMA-21459,738
28,NORMA-20950,739
28,NORMA-11563,740
28,NORMA-13195,741
28,NORMA-21522,742
28,NORMA-33288,743
28,NORMA-12113,744
28,NORMA-17281,745
28,NORMA-19727,746
28,NORMA-18695,747
28,NORMA-20999,748
28,NORMA-2475,749
28,NORMA-14345,750
28,NORMA-13995,751
28,NORMA-20426,752
28,NORMA-20002,753
28,NORMA-21756,754
28,NORMA-22001,755
28,NORMA-20817,756
28,NORMA-21241,757
28,NORMA-7025,758
28,NORMA-13480,759
28,NORMA-19597,760
28,NORMA-33308,761
28,NORMA-19945,762
28,NORMA-19426,763
28,NORMA-18435,764
28,NORMA-22721,765
28,NORMA-6623,766
28,NORMA-19220,767
28,NORMA-18873,768
28,NORMA-20397,769
28,NORMA-18344,770
28,NORMA-14113,771
28,NORMA-20962,772
28,NORMA-3001,773
28,NORMA-29005,774
28,NORMA-19061,775
28,NORMA-21217,776
28,NORMA-19715,777
28,NORMA-20137,778
28,NORMA-12657,779
28,NORMA-20249,780
28,NORMA-11524,781
28,NORMA-21792,782
28,NORMA-18527,783
28,NORMA-20869,784
28,NORMA-21004,785
28,NORMA-13323,786
28,NORMA-19682,787
28,NORMA-15027,788
28,NORMA-837,789
28,NORMA-1370,790
28,NORMA-21135,791
28,NORMA-18545,792
28,NORMA-317,793
28,NORMA-20569,794
28,NORMA-18722,795
28,NORMA-18207,796
28,NORMA-220,797
28,NORMA-20089,798
28,NORMA-18788,799
28,NORMA-11768,800
28,NORMA-5421,801
28,NORMA-19444,802
28,NORMA-18692,803
28,NORMA-6083,804
28,NORMA-20175,805
28,NORMA-27101,806
28,NORMA-20460,807
28,NORMA-21407,808
28,NORMA-36,809
28,NORMA-21342,810
28,NORMA-18979,811
28,NORMA-11574,812
28,NORMA-20915,813
28,NORMA-21273,814
28,NORMA-19830,815
28,NORMA-18922,816
28,NORMA-19588,817
28,NORMA-21156,818
28,NORMA-11556,819
28,NORMA-21526,820
28,NORMA-7012,821
28,NORMA-1317,822
28,NORMA-11776,823
28,NORMA-19581,824
28,NORMA-19021,825
28,NORMA-6256,826
28,NORMA-11780,827
28,NORMA-3825,828
28,NORMA-21277,829
28,NORMA-21515,830
28,NORMA-18530,831
28,NORMA-11687,832
28,NORMA-18797,833
28,NORMA-20369,834
28,NORMA-15561,835
28,NORMA-6759,836
28,NORMA-21721,837
28,NORMA-18962,838
28,NORMA-19056,839
28,NORMA-21278,840
28,NORMA-20742,841
28,NORMA-144,842
28,NORMA-7241,843
28,NORMA-20477,844
28,NORMA-20129,845
28,NORMA-6880,846
28,NORMA-20861,847
28,NORMA-11999,848
28,NORMA-4710,849
28,NORMA-18773,850
28,NORMA-9297,851
28,NORMA-251,852
28,NORMA-20205,853
28,NORMA-19503,854
28,NORMA-616,855
28,NORMA-19383,856
28,NORMA-581,857
28,NORMA-19606,858
28,NORMA-943,859
28,NORMA-18870,860
28,NORMA-19928,861
28,NORMA-12021,862
28,NORMA-19573,863
28,NORMA-23027,864
28,NORMA-20793,865
28,NORMA-19081,866
28,NORMA-981,867
28,NORMA-18463,868
28,NORMA-18401,869
28,NORMA-19624,870
28,NORMA-21757,871
28,NORMA-21218,872
28,NORMA-18420,873
28,NORMA-8814,874
28,NORMA-8027,875
28,NORMA-27341,876
28,NORMA-20429,877
28,NORMA-5360,878
28,NORMA-19919,879
28,NORMA-12002,880
28,NORMA-20166,881
28,NORMA-18208,882
28,NORMA-18730,883
28,NORMA-20643,884
28,NORMA-20108,885
28,NORMA-18375,886
28,NORMA-19559,887
28,NORMA-819,888
28,NORMA-252,889
28,NORMA-19603,890
28,NORMA-19845,891
28,NORMA-20195,892
28,NORMA-250,893
28,NORMA-19358,894
28,NORMA-19454,895
28,NORMA-6856,896
28,NORMA-5496,897
28,NORMA-7011,898
28,NORMA-21231,899
28,NORMA-12060,900
28,NORMA-20906,901
28,NORMA-11791,902
28,NORMA-24102,903
28,NORMA-21791,904
28,NORMA-19431,905
28,NORMA-6199,906
28,NORMA-27501,907
28,NORMA-6398,908
28,NORMA-21624,909
28,NORMA-4746,910
28,NORMA-4583,911
28,NORMA-18368,912
28,NORMA-19009,913
28,NORMA-6819,914
28,NORMA-18492,915
28,NORMA-21545,916
28,NORMA-10821,917
28,NORMA-20503,918
28,NORMA-7110,919
28,NORMA-8206,920
28,NORMA-21366,921
28,NORMA-21242,922
28,NORMA-18750,923
28,NORMA-15427,924
28,NORMA-13160,925
28,NORMA-20448,926
28,NORMA-19167,927
28,NORMA-11599,928
28,NORMA-6820,929
28,NORMA-19571,930
28,NORMA-6488,931
28,NORMA-380,932
28,NORMA-6268,933
28,NORMA-20141,934
28,NORMA-6257,935
28,NORMA-19315,936
28,NORMA-21184,937
28,NORMA-228,938
28,NORMA-9871,939
28,NORMA-15465,940
28,NORMA-20349,941
28,NORMA-7027,942
28,NORMA-10044,943
28,NORMA-12029,944
28,NORMA-20465,945
28,NORMA-7007,946
28,NORMA-18407,947
28,NORMA-21774,948
28,NORMA-21460,949
28,NORMA-6757,950
28,NORMA-18781,951
28,NORMA-21461,952
28,NORMA-11621,953
28,NORMA-20901,954
28,NORMA-19829,955
28,NORMA-6953,956
28,NORMA-2,957
28,NORMA-21387,958
28,NORMA-19027,959
28,NORMA-8575,960
28,NORMA-21507,961
28,NORMA-19565,962
28,NORMA-21497,963
28,NORMA-20316,964
28,NORMA-18434,965
28,NORMA-10878,966
28,NORMA-15272,967
28,NORMA-21556,968
28,NORMA-20725,969
28,NORMA-20488,970
28,NORMA-18691,971
28,NORMA-21637,972
28,NORMA-7390,973
28,NORMA-3503,974
28,NORMA-21158,975
28,NORMA-6958,976
28,NORMA-18654,977
28,NORMA-18709,978
28,NORMA-21694,979
28,NORMA-21552,980
28,NORMA-20721,981
28,NORMA-21561,982
28,NORMA-21532,983
28,NORMA-26841,984
28,NORMA-1471,985
28,NORMA-483,986
28,NORMA-19468,987
28,NORMA-19969,988
28,NORMA-11631,989
28,NORMA-3381,990
28,NORMA-1250,991
28,NORMA-18502,992
28,NORMA-18978,993
28,NORMA-18988,994
28,NORMA-10029,995
28,NORMA-20566,996
28,NORMA-5226,997
28,NORMA-21113,998
28,NORMA-20473,999
28,NORMA-412,1000
29,NORMA-76,1
29,NORMA-1433,2
29,NORMA-1295,3
29,NORMA-483,4
29,NORMA-996,5
29,NORMA-3382,6
29,NORMA-818,7
29,NORMA-18301,8
29,NORMA-18798,9
29,NORMA-15521,10
29,NORMA-1398,11
29,NORMA-2496,12
29,NORMA-1332,13
29,NORMA-18424,14
29,NORMA-18446,15
29,NORMA-18434,16
29,NORMA-20477,17
29,NORMA-976,18
29,NORMA-1442,19
29,NORMA-1306,20
29,NORMA-358,21
29,NORMA-18436,22
29,NORMA-21308,23
29,NORMA-2413,24
29,NORMA-21126,25
29,NORMA-17221,26
29,NORMA-2157,27
29,NORMA-428,28
29,NORMA-20849,29
29,NORMA-18740,30
29,NORMA-12657,31
29,NORMA-21069,32
29,NORMA-1173,33
29,NORMA-18450,34
29,NORMA-972,35
29,NORMA-20460,36
29,NORMA-21135,37
29,NORMA-19568,38
29,NORMA-12165,39
29,NORMA-18492,40
29,NORMA-18219,41
29,NORMA-464,42
29,NORMA-23501,43
29,NORMA-12039,44
29,NORMA-7110,45
29,NORMA-751,46
29,NORMA-19895,47
29,NORMA-2523,48
29,NORMA-385,49
29,NORMA-20995,50
29,NORMA-18541,51
29,NORMA-1260,52
29,NORMA-20474,53
29,NORMA-6880,54
29,NORMA-18233,55
29,NORMA-12228,56
29,NORMA-20465,57
29,NORMA-838,58
29,NORMA-18394,59
29,NORMA-20468,60
29,NORMA-21521,61
29,NORMA-18549,62
29,NORMA-20943,63
29,NORMA-20873,64
29,NORMA-11631,65
29,NORMA-20930,66
29,NORMA-75,67
29,NORMA-21002,68
29,NORMA-20625,69
29,NORMA-21249,70
29,NORMA-21028,71
29,NORMA-21305,72
29,NORMA-18451,73
29,NORMA-20359,74
29,NORMA-20865,75
29,NORMA-18815,76
29,NORMA-11999,77
29,NORMA-12002,78
29,NORMA-20426,79
29,NORMA-755,80
29,NORMA-19486,81
29,NORMA-21725,82
29,NORMA-11798,83
29,NORMA-12160,84
29,NORMA-12048,85
29,NORMA-6948,86
29,NORMA-11780,87
29,NORMA-8028,88
29,NORMA-11758,89
29,NORMA-20103,90
29,NORMA-423,91
29,NORMA-20196,92
29,NORMA-11473,93
29,NORMA-3201,94
29,NORMA-19805,95
29,NORMA-28181,96
29,NORMA-11864,97
29,NORMA-6630,98
29,NORMA-82,99
29,NORMA-12015,100
29,NORMA-11868,101
29,NORMA-6967,102
29,NORMA-12035,103
29,NORMA-2536,104
29,NORMA-20402,105
29,NORMA-20182,106
29,NORMA-20443,107
29,NORMA-28281,108
29,NORMA-745,109
29,NORMA-12049,110
29,NORMA-15004,111
29,NORMA-1471,112
29,NORMA-1341,113
29,NORMA-19200,114
29,NORMA-2184,115
29,NORMA-11474,116
29,NORMA-20137,117
29,NORMA-6316,118
29,NORMA-6181,119
29,NORMA-11527,120
29,NORMA-19456,121
29,NORMA-19275,122
29,NORMA-21431,123
29,NORMA-19507,124
29,NORMA-20280,125
29,NORMA-11790,126
29,NORMA-21052,127
29,NORMA-18806,128
29,NORMA-20091,129
29,NORMA-1348,130
29,NORMA-20425,131
29,NORMA-19384,132
29,NORMA-21267,133
29,NORMA-18411,134
29,NORMA-12005,135
29,NORMA-20941,136
29,NORMA-20796,137
29,NORMA-2032,138
29,NORMA-1994,139
29,NORMA-12014,140
29,NORMA-12234,141
29,NORMA-20861,142
29,NORMA-21537,143
29,NORMA-20369,144
29,NORMA-12232,145
29,NORMA-18479,146
29,NORMA-20164,147
29,NORMA-19221,148
29,NORMA-18325,149
29,NORMA-19520,150
29,NORMA-11981,151
29,NORMA-19292,152
29,NORMA-1586,153
29,NORMA-19212,154
29,NORMA-18266,155
29,NORMA-11570,156
29,NORMA-14642,157
29,NORMA-11836,158
29,NORMA-11827,159
29,NORMA-19715,160
29,NORMA-20002,161
29,NORMA-985,162
29,NORMA-13977,163
29,NORMA-3381,164
29,NORMA-13317,165
29,NORMA-19249,166
29,NORMA-15362,167
29,NORMA-11599,168
29,NORMA-11828,169
29,NORMA-18306,170
29,NORMA-21012,171
29,NORMA-13357,172
29,NORMA-12006,173
29,NORMA-20482,174
29,NORMA-20503,175
29,NORMA-20096,176
29,NORMA-21419,177
29,NORMA-21437,178
29,NORMA-21523,179
29,NORMA-3342,180
29,NORMA-1996,181
29,NORMA-13466,182
29,NORMA-292,183
29,NORMA-21113,184
29,NORMA-20869,185
29,NORMA-18412,186
29,NORMA-5334,187
29,NORMA-18279,188
29,NORMA-13523,189
29,NORMA-1274,190
29,NORMA-20157,191
29,NORMA-21705,192
29,NORMA-2537,193
29,NORMA-22622,194
29,NORMA-1361,195
29,NORMA-18286,196
29,NORMA-13474,197
29,NORMA-1352,198
29,NORMA-2623,199
29,NORMA-20403,200
29,NORMA-19232,201
29,NORMA-20800,202
29,NORMA-20376,203
29,NORMA-12303,204
29,NORMA-20407,205
29,NORMA-2455,206
29,NORMA-12287,207
29,NORMA-21562,208
29,NORMA-220,209
29,NORMA-1541,210
29,NORMA-21712,211
29,NORMA-21626,212
29,NORMA-2456,213
29,NORMA-19096,214
29,NORMA-4435,215
29,NORMA-21550,216
29,NORMA-20490,217
29,NORMA-26102,218
29,NORMA-19485,219
29,NORMA-1463,220
29,NORMA-20382,221
29,NORMA-16147,222
29,NORMA-15701,223
29,NORMA-28961,224
29,NORMA-10260,225
29,NORMA-18248,226
29,NORMA-14415,227
29,NORMA-11982,228
29,NORMA-21367,229
29,NORMA-20374,230
29,NORMA-19923,231
29,NORMA-18102,232
29,NORMA-558,233
29,NORMA-18287,234
29,NORMA-20985,235
29,NORMA-21260,236
29,NORMA-18802,237
29,NORMA-18393,238
29,NORMA-6758,239
29,NORMA-20389,240
29,NORMA-14950,241
29,NORMA-4277,242
29,NORMA-7068,243
29,NORMA-14405,244
29,NORMA-18769,245
29,NORMA-21760,246
29,NORMA-25523,247
29,NORMA-11998,248
29,NORMA-20440,249
29,NORMA-20488,250
29,NORMA-25902,251
29,NORMA-19233,252
29,NORMA-20366,253
29,NORMA-19170,254
29,NORMA-3988,255
29,NORMA-21606,256
29,NORMA-21756,257
29,NORMA-18682,258
29,NORMA-19383,259
29,NORMA-21664,260
29,NORMA-15541,261
29,NORMA-29186,262
29,NORMA-11764,263
29,NORMA-1654,264
29,NORMA-875,265
29,NORMA-4079,266
29,NORMA-11479,267
29,NORMA-1408,268
29,NORMA-11609,269
29,NORMA-13263,270
29,NORMA-850,271
29,NORMA-11469,272
29,NORMA-11763,273
29,NORMA-18224,274
29,NORMA-19388,275
29,NORMA-704,276
29,NORMA-3241,277
29,NORMA-19220,278
29,NORMA-16401,279
29,NORMA-15390,280
29,NORMA-27342,281
29,NORMA-3804,282
29,NORMA-2522,283
29,NORMA-61,284
29,NORMA-19625,285
29,NORMA-20130,286
29,NORMA-20188,287
29,NORMA-15561,288
29,NORMA-1863,289
29,NORMA-12601,290
29,NORMA-17301,291
29,NORMA-20398,292
29,NORMA-5072,293
29,NORMA-7829,294
29,NORMA-20793,295
29,NORMA-5290,296
29,NORMA-24961,297
29,NORMA-13247,298
29,NORMA-18274,299
29,NORMA-19949,300
29,NORMA-20906,301
29,NORMA-24241,302
29,NORMA-1388,303
29,NORMA-20961,304
29,NORMA-21783,305
29,NORMA-29201,306
29,NORMA-21246,307
29,NORMA-20912,308
29,NORMA-18816,309
29,NORMA-21427,310
29,NORMA-11632,311
29,NORMA-11605,312
29,NORMA-15542,313
29,NORMA-1452,314
29,NORMA-19209,315
29,NORMA-14011,316
29,NORMA-19666,317
29,NORMA-12102,318
29,NORMA-18690,319
29,NORMA-18722,320
29,NORMA-21127,321
29,NORMA-21211,322
29,NORMA-6023,323
29,NORMA-680,324
29,NORMA-14157,325
29,NORMA-15041,326
29,NORMA-2981,327
29,NORMA-969,328
29,NORMA-11041,329
29,NORMA-12629,330
29,NORMA-23482,331
29,NORMA-20959,332
29,NORMA-17321,333
29,NORMA-11838,334
29,NORMA-19727,335
29,NORMA-23341,336
29,NORMA-462,337
29,NORMA-3747,338
29,NORMA-20215,339
29,NORMA-11974,340
29,NORMA-20501,341
29,NORMA-5359,342
29,NORMA-92,343
29,NORMA-21328,344
29,NORMA-11847,345
29,NORMA-11977,346
29,NORMA-19824,347
29,NORMA-19057,348
29,NORMA-5507,349
29,NORMA-21821,350
29,NORMA-7470,351
29,NORMA-18583,352
29,NORMA-19152,353
29,NORMA-2555,354
29,NORMA-20578,355
29,NORMA-19687,356
29,NORMA-19658,357
29,NORMA-28622,358
29,NORMA-20505,359
29,NORMA-18573,360
29,NORMA-4335,361
29,NORMA-5141,362
29,NORMA-18564,363
29,NORMA-18891,364
29,NORMA-11845,365
29,NORMA-18362,366
29,NORMA-1143,367
29,NORMA-9779,368
29,NORMA-20195,369
29,NORMA-6396,370
29,NORMA-19981,371
29,NORMA-20030,372
29,NORMA-729,373
29,NORMA-18396,374
29,NORMA-20480,375
29,NORMA-19809,376
29,NORMA-4929,377
29,NORMA-16582,378
29,NORMA-5553,379
29,NORMA-19081,380
29,NORMA-21434,381
29,NORMA-1840,382
29,NORMA-4827,383
29,NORMA-18656,384
29,NORMA-20167,385
29,NORMA-18757,386
29,NORMA-13719,387
29,NORMA-21286,388
29,NORMA-19571,389
29,NORMA-19973,390
29,NORMA-21114,391
29,NORMA-19774,392
29,NORMA-21784,393
29,NORMA-7838,394
29,NORMA-2460,395
29,NORMA-15581,396
29,NORMA-18843,397
29,NORMA-5181,398
29,NORMA-7241,399
29,NORMA-6958,400
29,NORMA-20590,401
29,NORMA-20053,402
29,NORMA-1740,403
29,NORMA-3942,404
29,NORMA-9799,405
29,NORMA-21568,406
29,NORMA-11607,407
29,NORMA-21739,408
29,NORMA-20633,409
29,NORMA-11556,410
29,NORMA-6636,411
29,NORMA-19853,412
29,NORMA-19952,413
29,NORMA-20029,414
29,NORMA-19611,415
29,NORMA-15882,416
29,NORMA-19787,417
29,NORMA-19222,418
29,NORMA-19842,419
29,NORMA-18654,420
29,NORMA-22941,421
29,NORMA-20349,422
29,NORMA-3642,423
29,NORMA-19582,424
29,NORMA-20753,425
29,NORMA-11687,426
29,NORMA-18931,427
29,NORMA-18796,428
29,NORMA-12080,429
29,NORMA-14876,430
29,NORMA-25542,431
29,NORMA-21496,432
29,NORMA-20450,433
29,NORMA-19500,434
29,NORMA-14529,435
29,NORMA-8773,436
29,NORMA-18762,437
29,NORMA-20422,438
29,NORMA-1217,439
29,NORMA-19883,440
29,NORMA-6698,441
29,NORMA-4587,442
29,NORMA-11577,443
29,NORMA-20836,444
29,NORMA-11572,445
29,NORMA-20166,446
29,NORMA-20316,447
29,NORMA-10878,448
29,NORMA-20577,449
29,NORMA-11578,450
29,NORMA-18634,451
29,NORMA-18641,452
29,NORMA-23222,453
29,NORMA-18615,454
29,NORMA-21595,455
29,NORMA-21310,456
29,NORMA-13552,457
29,NORMA-7525,458
29,NORMA-21173,459
29,NORMA-8515,460
29,NORMA-3524,461
29,NORMA-21459,462
29,NORMA-19933,463
29,NORMA-2383,464
29,NORMA-20512,465
29,NORMA-19655,466
29,NORMA-11792,467
29,NORMA-5956,468
29,NORMA-27761,469
29,NORMA-6895,470
29,NORMA-21206,471
29,NORMA-4267,472
29,NORMA-27063,473
29,NORMA-21357,474
29,NORMA-24582,475
29,NORMA-12103,476
29,NORMA-21388,477
29,NORMA-18880,478
29,NORMA-5220,479
29,NORMA-21086,480
29,NORMA-18537,481
29,NORMA-14302,482
29,NORMA-20896,483
29,NORMA-19967,484
29,NORMA-19122,485
29,NORMA-21506,486
29,NORMA-21147,487
29,NORMA-20240,488
29,NORMA-6644,489
29,NORMA-18908,490
29,NORMA-20277,491
29,NORMA-6321,492
29,NORMA-25761,493
29,NORMA-20070,494
29,NORMA-19617,495
29,NORMA-20844,496
29,NORMA-18430,497
29,NORMA-20453,498
29,NORMA-20705,499
29,NORMA-18385,500
29,NORMA-21659,501
29,NORMA-20557,502
29,NORMA-20522,503
29,NORMA-20089,504
29,NORMA-13801,505
29,NORMA-12024,506
29,NORMA-4555,507
29,NORMA-12032,508
29,NORMA-19871,509
29,NORMA-3281,510
29,NORMA-20037,511
29,NORMA-20175,512
29,NORMA-20028,513
29,NORMA-21224,514
29,NORMA-9217,515
29,NORMA-11877,516
29,NORMA-1989,517
29,NORMA-20021,518
29,NORMA-11086,519
29,NORMA-6257,520
29,NORMA-20989,521
29,NORMA-20487,522
29,NORMA-20584,523
29,NORMA-11736,524
29,NORMA-25201,525
29,NORMA-4091,526
29,NORMA-18842,527
29,NORMA-15242,528
29,NORMA-332,529
29,NORMA-19849,530
29,NORMA-553,531
29,NORMA-19559,532
29,NORMA-21184,533
29,NORMA-21107,534
29,NORMA-11779,535
29,NORMA-20192,536
29,NORMA-11000,537
29,NORMA-19829,538
29,NORMA-2158,539
29,NORMA-9893,540
29,NORMA-20928,541
29,NORMA-10375,542
29,NORMA-22401,543
29,NORMA-20448,544
29,NORMA-11872,545
29,NORMA-20885,546
29,NORMA-425,547
29,NORMA-27022,548
29,NORMA-18952,549
29,NORMA-24601,550
29,NORMA-20191,551
29,NORMA-21507,552
29,NORMA-16268,553
29,NORMA-10749,554
29,NORMA-20292,555
29,NORMA-5843,556
29,NORMA-19181,557
29,NORMA-27064,558
29,NORMA-11560,559
29,NORMA-19574,560
29,NORMA-20428,561
29,NORMA-19878,562
29,NORMA-10629,563
29,NORMA-21608,564
29,NORMA-19646,565
29,NORMA-10393,566
29,NORMA-5955,567
29,NORMA-20435,568
29,NORMA-20579,569
29,NORMA-33728,570
29,NORMA-11621,571
29,NORMA-20007,572
29,NORMA-3632,573
29,NORMA-21461,574
29,NORMA-11417,575
29,NORMA-11904,576
29,NORMA-11805,577
29,NORMA-18226,578
29,NORMA-20263,579
29,NORMA-6679,580
29,NORMA-21217,581
29,NORMA-19744,582
29,NORMA-21152,583
29,NORMA-20336,584
29,NORMA-21220,585
29,NORMA-20222,586
29,NORMA-21238,587
29,NORMA-21509,588
29,NORMA-21462,589
29,NORMA-21556,590
29,NORMA-15427,591
29,NORMA-20531,592
29,NORMA-18885,593
29,NORMA-21205,594
29,NORMA-19192,595
29,NORMA-18276,596
29,NORMA-21547,597
29,NORMA-12859,598
29,NORMA-19691,599
29,NORMA-31904,600
29,NORMA-6894,601
29,NORMA-21532,602
29,NORMA-18825,603
29,NORMA-20432,604
29,NORMA-22061,605
29,NORMA-18746,606
29,NORMA-2517,607
29,NORMA-6627,608
29,NORMA-21663,609
29,NORMA-21710,610
29,NORMA-4036,611
29,NORMA-14459,612
29,NORMA-20616,613
29,NORMA-18292,614
29,NORMA-9823,615
29,NORMA-21390,616
29,NORMA-17182,617
29,NORMA-11272,618
29,NORMA-4909,619
29,NORMA-20476,620
29,NORMA-20217,621
29,NORMA-11804,622
29,NORMA-18533,623
29,NORMA-3571,624
29,NORMA-20197,625
29,NORMA-21241,626
29,NORMA-20780,627
29,NORMA-27687,628
29,NORMA-4830,629
29,NORMA-19733,630
29,NORMA-11814,631
29,NORMA-20840,632
29,NORMA-18247,633
29,NORMA-20304,634
29,NORMA-19631,635
29,NORMA-11225,636
29,NORMA-4325,637
29,NORMA-5062,638
29,NORMA-5346,639
29,NORMA-10282,640
29,NORMA-9188,641
29,NORMA-20452,642
29,NORMA-4826,643
29,NORMA-18293,644
29,NORMA-20451,645
29,NORMA-20473,646
29,NORMA-12249,647
29,NORMA-3809,648
29,NORMA-13471,649
29,NORMA-3568,650
29,NORMA-31923,651
29,NORMA-19844,652
29,NORMA-18958,653
29,NORMA-19798,654
29,NORMA-10027,655
29,NORMA-4746,656
29,NORMA-20999,657
29,NORMA-19387,658
29,NORMA-4308,659
29,NORMA-20631,660
29,NORMA-14279,661
29,NORMA-19603,662
29,NORMA-20102,663
29,NORMA-1421,664
29,NORMA-4868,665
29,NORMA-20997,666
29,NORMA-9124,667
29,NORMA-20100,668
29,NORMA-10821,669
29,NORMA-21647,670
29,NORMA-8281,671
29,NORMA-1663,672
29,NORMA-11562,673
29,NORMA-6957,674
29,NORMA-21651,675
29,NORMA-18474,676
29,NORMA-21553,677
29,NORMA-9821,678
29,NORMA-18630,679
29,NORMA-5014,680
29,NORMA-18672,681
29,NORMA-21678,682
29,NORMA-28422,683
29,NORMA-3462,684
29,NORMA-20754,685
29,NORMA-28001,686
29,NORMA-8248,687
29,NORMA-19662,688
29,NORMA-11739,689
29,NORMA-21522,690
29,NORMA-19977,691
29,NORMA-11771,692
29,NORMA-21484,693
29,NORMA-19092,694
29,NORMA-21554,695
29,NORMA-19431,696
29,NORMA-1613,697
29,NORMA-20429,698
29,NORMA-33288,699
29,NORMA-18378,700
29,NORMA-834,701
29,NORMA-15465,702
29,NORMA-16202,703
29,NORMA-5900,704
29,NORMA-14661,705
29,NORMA-8695,706
29,NORMA-15028,707
29,NORMA-20737,708
29,NORMA-21137,709
29,NORMA-3850,710
29,NORMA-12395,711
29,NORMA-14937,712
29,NORMA-5478,713
29,NORMA-19039,714
29,NORMA-11476,715
29,NORMA-938,716
29,NORMA-33308,717
29,NORMA-20185,718
29,NORMA-13158,719
29,NORMA-5361,720
29,NORMA-5363,721
29,NORMA-3693,722
29,NORMA-28203,723
29,NORMA-4278,724
29,NORMA-20199,725
29,NORMA-19941,726
29,NORMA-21269,727
29,NORMA-5558,728
29,NORMA-20397,729
29,NORMA-11920,730
29,NORMA-3820,731
29,NORMA-18205,732
29,NORMA-14724,733
29,NORMA-18781,734
29,NORMA-8772,735
29,NORMA-13469,736
29,NORMA-3821,737
29,NORMA-317,738
29,NORMA-18638,739
29,NORMA-2269,740
29,NORMA-21017,741
29,NORMA-10117,742
29,NORMA-1,743
29,NORMA-10975,744
29,NORMA-772,745
29,NORMA-19724,746
29,NORMA-21792,747
29,NORMA-21023,748
29,NORMA-14463,749
29,NORMA-20106,750
29,NORMA-18631,751
29,NORMA-20421,752
29,NORMA-6819,753
29,NORMA-12415,754
29,NORMA-19593,755
29,NORMA-12923,756
29,NORMA-13124,757
29,NORMA-20996,758
29,NORMA-4393,759
29,NORMA-6820,760
29,NORMA-12733,761
29,NORMA-3806,762
29,NORMA-3478,763
29,NORMA-19799,764
29,NORMA-5028,765
29,NORMA-1534,766
29,NORMA-18724,767
29,NORMA-13308,768
29,NORMA-571,769
29,NORMA-19722,770
29,NORMA-20902,771
29,NORMA-12066,772
29,NORMA-27981,773
29,NORMA-7011,774
29,NORMA-19797,775
29,NORMA-11472,776
29,NORMA-1475,777
29,NORMA-23521,778
29,NORMA-19021,779
29,NORMA-20186,780
29,NORMA-6676,781
29,NORMA-19659,782
29,NORMA-20758,783
29,NORMA-19459,784
29,NORMA-6830,785
29,NORMA-20708,786
29,NORMA-6970,787
29,NORMA-21008,788
29,NORMA-4337,789
29,NORMA-21276,790
29,NORMA-3991,791
29,NORMA-11087,792
29,NORMA-6669,793
29,NORMA-12029,794
29,NORMA-8743,795
29,NORMA-6505,796
29,NORMA-3618,797
29,NORMA-8774,798
29,NORMA-4631,799
29,NORMA-20209,800
29,NORMA-20856,801
29,NORMA-4588,802
29,NORMA-4290,803
29,NORMA-4253,804
29,NORMA-20072,805
29,NORMA-6044,806
29,NORMA-18432,807
29,NORMA-27062,808
29,NORMA-11734,809
29,NORMA-2376,810
29,NORMA-19699,811
29,NORMA-6084,812
29,NORMA-4443,813
29,NORMA-8677,814
29,NORMA-2691,815
29,NORMA-21526,816
29,NORMA-21132,817
29,NORMA-19351,818
29,NORMA-5988,819
29,NORMA-3937,820
29,NORMA-15239,821
29,NORMA-12248,822
29,NORMA-21625,823
29,NORMA-8177,824
29,NORMA-588,825
29,NORMA-587,826
29,NORMA-20224,827
29,NORMA-11518,828
29,NORMA-5945,829
29,NORMA-8699,830
29,NORMA-5352,831
29,NORMA-5840,832
29,NORMA-4997,833
29,NORMA-5896,834
29,NORMA-6831,835
29,NORMA-5438,836
29,NORMA-6046,837
29,NORMA-2180,838
29,NORMA-3883,839
29,NORMA-12910,840
29,NORMA-20863,841
29,NORMA-2470,842
29,NORMA-19841,843
29,NORMA-5358,844
29,NORMA-802,845
29,NORMA-18981,846
29,NORMA-28362,847
29,NORMA-19632,848
29,NORMA-15211,849
29,NORMA-5378,850
29,NORMA-6801,851
29,NORMA-18407,852
29,NORMA-4272,853
29,NORMA-26841,854
29,NORMA-18502,855
29,NORMA-5060,856
29,NORMA-2415,857
29,NORMA-17201,858
29,NORMA-19647,859
29,NORMA-12067,860
29,NORMA-7741,861
29,NORMA-59,862
29,NORMA-20970,863
29,NORMA-4011,864
29,NORMA-18445,865
29,NORMA-8074,866
29,NORMA-4748,867
29,NORMA-20850,868
29,NORMA-660,869
29,NORMA-2444,870
29,NORMA-4550,871
29,NORMA-14746,872
29,NORMA-21302,873
29,NORMA-14932,874
29,NORMA-595,875
29,NORMA-5812,876
29,NORMA-19380,877
29,NORMA-2013,878
29,NORMA-801,879
29,NORMA-2367,880
29,NORMA-8824,881
29,NORMA-2185,882
29,NORMA-2395,883
29,NORMA-19095,884
29,NORMA-19056,885
29,NORMA-2551,886
29,NORMA-328,887
29,NORMA-1163,888
29,NORMA-20950,889
29,NORMA-6645,890
29,NORMA-6509,891
29,NORMA-27261,892
29,NORMA-28586,893
29,NORMA-21299,894
29,NORMA-28981,895
29,NORMA-1611,896
29,NORMA-18562,897
29,NORMA-1407,898
29,NORMA-27364,899
29,NORMA-6082,900
29,NORMA-1674,901
29,NORMA-5654,902
29,NORMA-777,903
29,NORMA-1420,904
29,NORMA-1179,905
29,NORMA-7651,906
29,NORMA-554,907
29,NORMA-20204,908
29,NORMA-1346,909
29,NORMA-1129,910
29,NORMA-20278,911
29,NORMA-20219,912
29,NORMA-20993,913
29,NORMA-7012,914
29,NORMA-28942,915
29,NORMA-798,916
29,NORMA-833,917
29,NORMA-4688,918
29,NORMA-5968,919
29,NORMA-1151,920
29,NORMA-1098,921
29,NORMA-357,922
29,NORMA-4818,923
29,NORMA-20677,924
29,NORMA-21199,925
29,NORMA-28142,926
29,NORMA-19942,927
29,NORMA-7556,928
29,NORMA-3594,929
29,NORMA-20726,930
29,NORMA-1280,931
29,NORMA-20271,932
29,NORMA-18418,933
29,NORMA-27926,934
29,NORMA-18406,935
29,NORMA-20853,936
29,NORMA-27585,937
29,NORMA-2181,938
29,NORMA-27925,939
29,NORMA-1334,940
29,NORMA-19184,941
29,NORMA-5852,942
29,NORMA-27941,943
29,NORMA-27746,944
29,NORMA-3917,945
29,NORMA-20599,946
29,NORMA-21475,947
29,NORMA-31903,948
29,NORMA-20595,949
29,NORMA-1776,950
29,NORMA-19803,951
29,NORMA-6242,952
29,NORMA-13160,953
29,NORMA-13026,954
29,NORMA-13925,955
29,NORMA-13327,956
29,NORMA-5862,957
29,NORMA-7001,958
29,NORMA-13873,959
29,NORMA-1788,960
29,NORMA-1286,961
29,NORMA-736,962
29,NORMA-7744,963
29,NORMA-12951,964
29,NORMA-13936,965
29,NORMA-13328,966
29,NORMA-5296,967
29,NORMA-5479,968
29,NORMA-1390,969
29,NORMA-4600,970
29,NORMA-14755,971
29,NORMA-28101,972
29,NORMA-4553,973
29,NORMA-6040,974
29,NORMA-27924,975
29,NORMA-4598,976
29,NORMA-3919,977
29,NORMA-20593,978
29,NORMA-515,979
29,NORMA-3940,980
29,NORMA-21634,981
29,NORMA-17281,982
29,NORMA-18204,983
29,NORMA-20039,984
29,NORMA-5756,985
29,NORMA-1222,986
29,NORMA-5007,987
29,NORMA-18382,988
29,NORMA-4225,989
29,NORMA-20437,990
29,NORMA-21398,991
29,NORMA-18575,992
29,NORMA-20261,993
29,NORMA-1175,994
29,NORMA-11716,995
29,NORMA-12989,996
29,NORMA-19808,997
29,NORMA-5831,998
29,NORMA-11742,999
29,NORMA-3582,1000
30,NORMA-20934,1
30,NORMA-20870,2
30,NORMA-18771,3
30,NORMA-20945,4
30,NORMA-20344,5
30,NORMA-18233,6
30,NORMA-18807,7
30,NORMA-20833,8
30,NORMA-14820,9
30,NORMA-729,10
30,NORMA-22561,11
30,NORMA-21002,12
30,NORMA-18819,13
30,NORMA-18216,14
30,NORMA-18298,15
30,NORMA-18378,16
30,NORMA-18440,17
30,NORMA-13138,18
30,NORMA-18950,19
30,NORMA-19828,20
30,NORMA-21157,21
30,NORMA-11316,22
30,NORMA-2413,23
30,NORMA-18838,24
30,NORMA-782,25
30,NORMA-11756,26
30,NORMA-220,27
30,NORMA-21158,28
30,NORMA-20865,29
30,NORMA-21147,30
30,NORMA-19155,31
30,NORMA-7149,32
30,NORMA-18388,33
30,NORMA-21496,34
30,NORMA-11757,35
30,NORMA-18439,36
30,NORMA-18414,37
30,NORMA-21046,38
30,NORMA-21025,39
30,NORMA-20992,40
30,NORMA-21028,41
30,NORMA-20908,42
30,NORMA-5008,43
30,NORMA-4297,44
30,NORMA-18377,45
30,NORMA-1619,46
30,NORMA-21085,47
30,NORMA-18303,48
30,NORMA-21063,49
30,NORMA-4898,50
30,NORMA-483,51
30,NORMA-6075,52
30,NORMA-8522,53
30,NORMA-20690,54
30,NORMA-21470,55
30,NORMA-14542,56
30,NORMA-18806,57
30,NORMA-416,58
30,NORMA-18823,59
30,NORMA-18772,60
30,NORMA-18798,61
30,NORMA-18418,62
30,NORMA-18403,63
30,NORMA-18697,64
30,NORMA-21267,65
30,NORMA-20995,66
30,NORMA-4820,67
30,NORMA-20999,68
30,NORMA-18237,69
30,NORMA-13265,70
30,NORMA-12630,71
30,NORMA-18789,72
30,NORMA-20858,73
30,NORMA-18554,74
30,NORMA-21003,75
30,NORMA-10123,76
30,NORMA-18375,77
30,NORMA-28203,78
30,NORMA-10865,79
30,NORMA-9358,80
30,NORMA-20038,81
30,NORMA-15045,82
30,NORMA-19587,83
30,NORMA-23682,84
30,NORMA-18492,85
30,NORMA-20304,86
30,NORMA-18773,87
30,NORMA-18709,88
30,NORMA-18273,89
30,NORMA-18292,90
30,NORMA-21152,91
30,NORMA-11688,92
30,NORMA-20888,93
30,NORMA-18863,94
30,NORMA-11570,95
30,NORMA-1317,96
30,NORMA-5431,97
30,NORMA-6757,98
30,NORMA-21023,99
30,NORMA-21026,100
30,NORMA-19212,101
30,NORMA-13954,102
30,NORMA-21419,103
30,NORMA-21792,104
30,NORMA-21069,105
30,NORMA-18306,106
30,NORMA-21043,107
30,NORMA-20993,108
30,NORMA-19096,109
30,NORMA-21626,110
30,NORMA-11723,111
30,NORMA-18539,112
30,NORMA-19596,113
30,NORMA-20869,114
30,NORMA-18501,115
30,NORMA-3381,116
30,NORMA-7384,117
30,NORMA-704,118
30,NORMA-18204,119
30,NORMA-21550,120
30,NORMA-18762,121
30,NORMA-18219,122
30,NORMA-18301,123
30,NORMA-838,124
30,NORMA-20432,125
30,NORMA-18826,126
30,NORMA-18816,127
30,NORMA-24961,128
30,NORMA-18307,129
30,NORMA-18802,130
30,NORMA-11472,131
30,NORMA-1547,132
30,NORMA-385,133
30,NORMA-1252,134
30,NORMA-21110,135
30,NORMA-1183,136
30,NORMA-1207,137
30,NORMA-20874,138
30,NORMA-18691,139
30,NORMA-2020,140
30,NORMA-21299,141
30,NORMA-18552,142
30,NORMA-18815,143
30,NORMA-11665,144
30,NORMA-20557,145
30,NORMA-21189,146
30,NORMA-11476,147
30,NORMA-20263,148
30,NORMA-20941,149
30,NORMA-188,150
30,NORMA-1352,151
30,NORMA-20785,152
30,NORMA-1026,153
30,NORMA-7025,154
30,NORMA-6082,155
30,NORMA-20316,156
30,NORMA-2395,157
30,NORMA-20691,158
30,NORMA-20886,159
30,NORMA-21417,160
30,NORMA-20774,161
30,NORMA-11600,162
30,NORMA-1674,163
30,NORMA-11739,164
30,NORMA-26,165
30,NORMA-229,166
30,NORMA-332,167
30,NORMA-20728,168
30,NORMA-20233,169
30,NORMA-21308,170
30,NORMA-1361,171
30,NORMA-4316,172
30,NORMA-1175,173
30,NORMA-1171,174
30,NORMA-11614,175
30,NORMA-19080,176
30,NORMA-20854,177
30,NORMA-21497,178
30,NORMA-1996,179
30,NORMA-18412,180
30,NORMA-20271,181
30,NORMA-21135,182
30,NORMA-20786,183
30,NORMA-20910,184
30,NORMA-20853,185
30,NORMA-11615,186
30,NORMA-19337,187
30,NORMA-850,188
30,NORMA-18350,189
30,NORMA-20282,190
30,NORMA-20755,191
30,NORMA-18430,192
30,NORMA-11664,193
30,NORMA-21125,194
30,NORMA-20927,195
30,NORMA-19090,196
30,NORMA-21012,197
30,NORMA-18444,198
30,NORMA-20914,199
30,NORMA-18548,200
30,NORMA-19095,201
30,NORMA-21521,202
30,NORMA-12035,203
30,NORMA-2089,204
30,NORMA-21547,205
30,NORMA-20258,206
30,NORMA-12015,207
30,NORMA-11764,208
30,NORMA-21403,209
30,NORMA-11479,210
30,NORMA-21413,211
30,NORMA-21052,212
30,NORMA-11609,213
30,NORMA-20989,214
30,NORMA-18803,215
30,NORMA-19152,216
30,NORMA-21437,217
30,NORMA-1250,218
30,NORMA-20223,219
30,NORMA-21150,220
30,NORMA-594,221
30,NORMA-14063,222
30,NORMA-20426,223
30,NORMA-15381,224
30,NORMA-18224,225
30,NORMA-12612,226
30,NORMA-21388,227
30,NORMA-18844,228
30,NORMA-3382,229
30,NORMA-12315,230
30,NORMA-13106,231
30,NORMA-18339,232
30,NORMA-18434,233
30,NORMA-20985,234
30,NORMA-18502,235
30,NORMA-21783,236
30,NORMA-21065,237
30,NORMA-11790,238
30,NORMA-11469,239
30,NORMA-18360,240
30,NORMA-1341,241
30,NORMA-15377,242
30,NORMA-18489,243
30,NORMA-3503,244
30,NORMA-18486,245
30,NORMA-18487,246
30,NORMA-11763,247
30,NORMA-14470,248
30,NORMA-27305,249
30,NORMA-2184,250
30,NORMA-878,251
30,NORMA-11999,252
30,NORMA-21136,253
30,NORMA-6783,254
30,NORMA-11144,255
30,NORMA-21402,256
30,NORMA-1650,257
30,NORMA-20966,258
30,NORMA-20841,259
30,NORMA-18503,260
30,NORMA-1585,261
30,NORMA-21461,262
30,NORMA-3823,263
30,NORMA-18211,264
30,NORMA-1631,265
30,NORMA-21200,266
30,NORMA-15097,267
30,NORMA-21031,268
30,NORMA-4423,269
30,NORMA-14203,270
30,NORMA-21144,271
30,NORMA-2113,272
30,NORMA-19578,273
30,NORMA-15075,274
30,NORMA-12830,275
30,NORMA-13601,276
30,NORMA-15335,277
30,NORMA-12002,278
30,NORMA-14537,279
30,NORMA-21367,280
30,NORMA-21776,281
30,NORMA-13343,282
30,NORMA-12844,283
30,NORMA-11911,284
30,NORMA-12391,285
30,NORMA-19021,286
30,NORMA-13249,287
30,NORMA-12077,288
30,NORMA-15306,289
30,NORMA-20425,290
30,NORMA-14064,291
30,NORMA-12543,292
30,NORMA-1155,293
30,NORMA-7381,294
30,NORMA-13899,295
30,NORMA-12821,296
30,NORMA-14246,297
30,NORMA-12660,298
30,NORMA-14083,299
30,NORMA-24021,300
30,NORMA-13121,301
30,NORMA-13956,302
30,NORMA-15101,303
30,NORMA-13028,304
30,NORMA-13118,305
30,NORMA-14021,306
30,NORMA-11907,307
30,NORMA-14365,308
30,NORMA-13089,309
30,NORMA-13243,310
30,NORMA-11914,311
30,NORMA-15042,312
30,NORMA-14893,313
30,NORMA-12627,314
30,NORMA-24142,315
30,NORMA-12377,316
30,NORMA-6601,317
30,NORMA-13712,318
30,NORMA-12545,319
30,NORMA-15010,320
30,NORMA-15292,321
30,NORMA-14034,322
30,NORMA-13731,323
30,NORMA-12290,324
30,NORMA-15129,325
30,NORMA-6768,326
30,NORMA-14018,327
30,NORMA-13156,328
30,NORMA-13737,329
30,NORMA-19598,330
30,NORMA-14799,331
30,NORMA-12519,332
30,NORMA-15076,333
30,NORMA-18450,334
30,NORMA-23804,335
30,NORMA-23025,336
30,NORMA-17902,337
30,NORMA-17242,338
30,NORMA-17042,339
30,NORMA-13451,340
30,NORMA-11824,341
30,NORMA-11474,342
30,NORMA-23441,343
30,NORMA-15008,344
30,NORMA-18342,345
30,NORMA-16201,346
30,NORMA-12061,347
30,NORMA-12498,348
30,NORMA-12478,349
30,NORMA-13084,350
30,NORMA-14605,351
30,NORMA-6814,352
30,NORMA-1092,353
30,NORMA-12301,354
30,NORMA-12872,355
30,NORMA-29682,356
30,NORMA-23803,357
30,NORMA-14500,358
30,NORMA-14391,359
30,NORMA-26021,360
30,NORMA-16744,361
30,NORMA-21114,362
30,NORMA-14745,363
30,NORMA-13917,364
30,NORMA-14697,365
30,NORMA-18910,366
30,NORMA-82,367
30,NORMA-23963,368
30,NORMA-18082,369
30,NORMA-14736,370
30,NORMA-4717,371
30,NORMA-19977,372
30,NORMA-28465,373
30,NORMA-26725,374
30,NORMA-16962,375
30,NORMA-12382,376
30,NORMA-14852,377
30,NORMA-21143,378
30,NORMA-21020,379
30,NORMA-14751,380
30,NORMA-13112,381
30,NORMA-13206,382
30,NORMA-13768,383
30,NORMA-14110,384
30,NORMA-14173,385
30,NORMA-6021,386
30,NORMA-24261,387
30,NORMA-23161,388
30,NORMA-13872,389
30,NORMA-6180,390
30,NORMA-18933,391
30,NORMA-15250,392
30,NORMA-6558,393
30,NORMA-11527,394
30,NORMA-16222,395
30,NORMA-16221,396
30,NORMA-14897,397
30,NORMA-14421,398
30,NORMA-12838,399
30,NORMA-22522,400
30,NORMA-17241,401
30,NORMA-11920,402
30,NORMA-14232,403
30,NORMA-13341,404
30,NORMA-12051,405
30,NORMA-18385,406
30,NORMA-11879,407
30,NORMA-14540,408
30,NORMA-15002,409
30,NORMA-14686,410
30,NORMA-12538,411
30,NORMA-13217,412
30,NORMA-13971,413
30,NORMA-13707,414
30,NORMA-5001,415
30,NORMA-27225,416
30,NORMA-13220,417
30,NORMA-15207,418
30,NORMA-12701,419
30,NORMA-14888,420
30,NORMA-13402,421
30,NORMA-12414,422
30,NORMA-9520,423
30,NORMA-6592,424
30,NORMA-5165,425
30,NORMA-15085,426
30,NORMA-21071,427
30,NORMA-14175,428
30,NORMA-27881,429
30,NORMA-18446,430
30,NORMA-20291,431
30,NORMA-18479,432
30,NORMA-22381,433
30,NORMA-13385,434
30,NORMA-12974,435
30,NORMA-5761,436
30,NORMA-28881,437
30,NORMA-16963,438
30,NORMA-9389,439
30,NORMA-21791,440
30,NORMA-21902,441
30,NORMA-3621,442
30,NORMA-29061,443
30,NORMA-18364,444
30,NORMA-18788,445
30,NORMA-13592,446
30,NORMA-11792,447
30,NORMA-22043,448
30,NORMA-20757,449
30,NORMA-8013,450
30,NORMA-1421,451
30,NORMA-18465,452
30,NORMA-21139,453
30,NORMA-18438,454
30,NORMA-18356,455
30,NORMA-12562,456
30,NORMA-7280,457
30,NORMA-7386,458
30,NORMA-15868,459
30,NORMA-19503,460
30,NORMA-18496,461
30,NORMA-19387,462
30,NORMA-17003,463
30,NORMA-4397,464
30,NORMA-28641,465
30,NORMA-1147,466
30,NORMA-21739,467
30,NORMA-21190,468
30,NORMA-6645,469
30,NORMA-19110,470
30,NORMA-7222,471
30,NORMA-12228,472
30,NORMA-12113,473
30,NORMA-29681,474
30,NORMA-19705,475
30,NORMA-11780,476
30,NORMA-18797,477
30,NORMA-1422,478
30,NORMA-754,479
30,NORMA-2032,480
30,NORMA-19380,481
30,NORMA-4133,482
30,NORMA-15426,483
30,NORMA-12005,484
30,NORMA-14951,485
30,NORMA-21199,486
30,NORMA-5853,487
30,NORMA-834,488
30,NORMA-6140,489
30,NORMA-7225,490
30,NORMA-5417,491
30,NORMA-7113,492
30,NORMA-2546,493
30,NORMA-5536,494
30,NORMA-8435,495
30,NORMA-13720,496
30,NORMA-21280,497
30,NORMA-20349,498
30,NORMA-20224,499
30,NORMA-9792,500
30,NORMA-3852,501
30,NORMA-4204,502
30,NORMA-15521,503
30,NORMA-19081,504
30,NORMA-3779,505
30,NORMA-18638,506
30,NORMA-3579,507
30,NORMA-21752,508
30,NORMA-19571,509
30,NORMA-9724,510
30,NORMA-18208,511
30,NORMA-4277,512
30,NORMA-1342,513
30,NORMA-18796,514
30,NORMA-21659,515
30,NORMA-19643,516
30,NORMA-4091,517
30,NORMA-1965,518
30,NORMA-11631,519
30,NORMA-18654,520
30,NORMA-20180,521
30,NORMA-24,522
30,NORMA-19194,523
30,NORMA-20182,524
30,NORMA-766,525
30,NORMA-20584,526
30,NORMA-20443,527
30,NORMA-20971,528
30,NORMA-33288,529
30,NORMA-15004,530
30,NORMA-19981,531
30,NORMA-21787,532
30,NORMA-20846,533
30,NORMA-33308,534
30,NORMA-19391,535
30,NORMA-19609,536
30,NORMA-21126,537
30,NORMA-20904,538
30,NORMA-12664,539
30,NORMA-20811,540
30,NORMA-14788,541
30,NORMA-6698,542
30,NORMA-14459,543
30,NORMA-19650,544
30,NORMA-21224,545
30,NORMA-18225,546
30,NORMA-124,547
30,NORMA-18748,548
30,NORMA-20371,549
30,NORMA-21159,550
30,NORMA-10994,551
30,NORMA-3980,552
30,NORMA-20369,553
30,NORMA-19181,554
30,NORMA-18436,555
30,NORMA-4909,556
30,NORMA-6669,557
30,NORMA-18996,558
30,NORMA-20754,559
30,NORMA-18284,560
30,NORMA-19111,561
30,NORMA-21631,562
30,NORMA-6679,563
30,NORMA-18981,564
30,NORMA-5252,565
30,NORMA-4924,566
30,NORMA-2536,567
30,NORMA-4746,568
30,NORMA-11575,569
30,NORMA-2383,570
30,NORMA-11588,571
30,NORMA-21562,572
30,NORMA-4926,573
30,NORMA-6955,574
30,NORMA-13797,575
30,NORMA-21650,576
30,NORMA-18432,577
30,NORMA-21544,578
30,NORMA-12066,579
30,NORMA-6621,580
30,NORMA-3201,581
30,NORMA-19658,582
30,NORMA-4312,583
30,NORMA-19164,584
30,NORMA-19853,585
30,NORMA-20428,586
30,NORMA-11766,587
30,NORMA-18435,588
30,NORMA-21630,589
30,NORMA-9893,590
30,NORMA-20468,591
30,NORMA-24582,592
30,NORMA-20880,593
30,NORMA-21613,594
30,NORMA-21283,595
30,NORMA-31904,596
30,NORMA-21211,597
30,NORMA-1740,598
30,NORMA-21305,599
30,NORMA-19456,600
30,NORMA-12060,601
30,NORMA-18542,602
30,NORMA-6636,603
30,NORMA-19883,604
30,NORMA-11655,605
30,NORMA-14239,606
30,NORMA-28181,607
30,NORMA-5421,608
30,NORMA-1573,609
30,NORMA-23521,610
30,NORMA-25902,611
30,NORMA-18254,612
30,NORMA-75,613
30,NORMA-6954,614
30,NORMA-21264,615
30,NORMA-21408,616
30,NORMA-13094,617
30,NORMA-19104,618
30,NORMA-6702,619
30,NORMA-20950,620
30,NORMA-13469,621
30,NORMA-16202,622
30,NORMA-17201,623
30,NORMA-20449,624
30,NORMA-20141,625
30,NORMA-20128,626
30,NORMA-6185,627
30,NORMA-2114,628
30,NORMA-20190,629
30,NORMA-2484,630
30,NORMA-12067,631
30,NORMA-2126,632
30,NORMA-981,633
30,NORMA-18248,634
30,NORMA-18659,635
30,NORMA-60,636
30,NORMA-18868,637
30,NORMA-16941,638
30,NORMA-20144,639
30,NORMA-20121,640
30,NORMA-217,641
30,NORMA-28281,642
30,NORMA-20172,643
30,NORMA-20171,644
30,NORMA-18359,645
30,NORMA-3241,646
30,NORMA-19878,647
30,NORMA-1566,648
30,NORMA-19115,649
30,NORMA-126,650
30,NORMA-1656,651
30,NORMA-18639,652
30,NORMA-18824,653
30,NORMA-19482,654
30,NORMA-25523,655
30,NORMA-20292,656
30,NORMA-19798,657
30,NORMA-20589,658
30,NORMA-15921,659
30,NORMA-19273,660
30,NORMA-19304,661
30,NORMA-19296,662
30,NORMA-18262,663
30,NORMA-18285,664
30,NORMA-16403,665
30,NORMA-19163,666
30,NORMA-9382,667
30,NORMA-20002,668
30,NORMA-19142,669
30,NORMA-19085,670
30,NORMA-18257,671
30,NORMA-13319,672
30,NORMA-18258,673
30,NORMA-18369,674
30,NORMA-21756,675
30,NORMA-6134,676
30,NORMA-19338,677
30,NORMA-9746,678
30,NORMA-20166,679
30,NORMA-20451,680
30,NORMA-1571,681
30,NORMA-5339,682
30,NORMA-18373,683
30,NORMA-19347,684
30,NORMA-18547,685
30,NORMA-6743,686
30,NORMA-6411,687
30,NORMA-19346,688
30,NORMA-19500,689
30,NORMA-14529,690
30,NORMA-19348,691
30,NORMA-20153,692
30,NORMA-13219,693
30,NORMA-6051,694
30,NORMA-18743,695
30,NORMA-19345,696
30,NORMA-19541,697
30,NORMA-19450,698
30,NORMA-6198,699
30,NORMA-5128,700
30,NORMA-18759,701
30,NORMA-19130,702
30,NORMA-20836,703
30,NORMA-14114,704
30,NORMA-12729,705
30,NORMA-24181,706
30,NORMA-6128,707
30,NORMA-16481,708
30,NORMA-10789,709
30,NORMA-19428,710
30,NORMA-18606,711
30,NORMA-8537,712
30,NORMA-4944,713
30,NORMA-18634,714
30,NORMA-18757,715
30,NORMA-6378,716
30,NORMA-18641,717
30,NORMA-11438,718
30,NORMA-19147,719
30,NORMA-18615,720
30,NORMA-4711,721
30,NORMA-19434,722
30,NORMA-14790,723
30,NORMA-12836,724
30,NORMA-14679,725
30,NORMA-18651,726
30,NORMA-18623,727
30,NORMA-12160,728
30,NORMA-26802,729
30,NORMA-15641,730
30,NORMA-12799,731
30,NORMA-18609,732
30,NORMA-12843,733
30,NORMA-13840,734
30,NORMA-18573,735
30,NORMA-20184,736
30,NORMA-26681,737
30,NORMA-14504,738
30,NORMA-9679,739
30,NORMA-18300,740
30,NORMA-19443,741
30,NORMA-18617,742
30,NORMA-18731,743
30,NORMA-19066,744
30,NORMA-19070,745
30,NORMA-19187,746
30,NORMA-20361,747
30,NORMA-25881,748
30,NORMA-19491,749
30,NORMA-19215,750
30,NORMA-18370,751
30,NORMA-6413,752
30,NORMA-18710,753
30,NORMA-18532,754
30,NORMA-18329,755
30,NORMA-5253,756
30,NORMA-18549,757
30,NORMA-9238,758
30,NORMA-19845,759
30,NORMA-6514,760
30,NORMA-19008,761
30,NORMA-11621,762
30,NORMA-14262,763
30,NORMA-19324,764
30,NORMA-14260,765
30,NORMA-25641,766
30,NORMA-18846,767
30,NORMA-19018,768
30,NORMA-19780,769
30,NORMA-4075,770
30,NORMA-20949,771
30,NORMA-10205,772
30,NORMA-6500,773
30,NORMA-18326,774
30,NORMA-18253,775
30,NORMA-19425,776
30,NORMA-19188,777
30,NORMA-6846,778
30,NORMA-18857,779
30,NORMA-18588,780
30,NORMA-9799,781
30,NORMA-19956,782
30,NORMA-10950,783
30,NORMA-19788,784
30,NORMA-19483,785
30,NORMA-5133,786
30,NORMA-9217,787
30,NORMA-18322,788
30,NORMA-3932,789
30,NORMA-19222,790
30,NORMA-19519,791
30,NORMA-9820,792
30,NORMA-5168,793
30,NORMA-6985,794
30,NORMA-14236,795
30,NORMA-18774,796
30,NORMA-15249,797
30,NORMA-14821,798
30,NORMA-18321,799
30,NORMA-18297,800
30,NORMA-20688,801
30,NORMA-10318,802
30,NORMA-19871,803
30,NORMA-11214,804
30,NORMA-230,805
30,NORMA-20147,806
30,NORMA-18362,807
30,NORMA-20861,808
30,NORMA-4304,809
30,NORMA-20834,810
30,NORMA-13714,811
30,NORMA-5347,812
30,NORMA-18854,813
30,NORMA-11496,814
30,NORMA-18466,815
30,NORMA-18469,816
30,NORMA-18470,817
30,NORMA-21636,818
30,NORMA-20907,819
30,NORMA-18235,820
30,NORMA-14925,821
30,NORMA-1114,822
30,NORMA-122,823
30,NORMA-18703,824
30,NORMA-18620,825
30,NORMA-18568,826
30,NORMA-18372,827
30,NORMA-18256,828
30,NORMA-19402,829
30,NORMA-9297,830
30,NORMA-20761,831
30,NORMA-10393,832
30,NORMA-19439,833
30,NORMA-21492,834
30,NORMA-19071,835
30,NORMA-9834,836
30,NORMA-8028,837
30,NORMA-1374,838
30,NORMA-1445,839
30,NORMA-18205,840
30,NORMA-15237,841
30,NORMA-19528,842
30,NORMA-27761,843
30,NORMA-19076,844
30,NORMA-18936,845
30,NORMA-21494,846
30,NORMA-209,847
30,NORMA-19781,848
30,NORMA-21486,849
30,NORMA-19950,850
30,NORMA-21435,851
30,NORMA-21021,852
30,NORMA-2233,853
30,NORMA-8958,854
30,NORMA-19276,855
30,NORMA-7011,856
30,NORMA-21113,857
30,NORMA-15901,858
30,NORMA-18468,859
30,NORMA-20270,860
30,NORMA-19452,861
30,NORMA-20150,862
30,NORMA-19067,863
30,NORMA-18727,864
30,NORMA-19591,865
30,NORMA-11814,866
30,NORMA-18295,867
30,NORMA-20142,868
30,NORMA-19092,869
30,NORMA-210,870
30,NORMA-19049,871
30,NORMA-462,872
30,NORMA-412,873
30,NORMA-18825,874
30,NORMA-14937,875
30,NORMA-20195,876
30,NORMA-21358,877
30,NORMA-6819,878
30,NORMA-11599,879
30,NORMA-21582,880
30,NORMA-18394,881
30,NORMA-12822,882
30,NORMA-18602,883
30,NORMA-20671,884
30,NORMA-18569,885
30,NORMA-19098,886
30,NORMA-19493,887
30,NORMA-21485,888
30,NORMA-18437,889
30,NORMA-19265,890
30,NORMA-6820,891
30,NORMA-1406,892
30,NORMA-18363,893
30,NORMA-13480,894
30,NORMA-18587,895
30,NORMA-20131,896
30,NORMA-19022,897
30,NORMA-21519,898
30,NORMA-18404,899
30,NORMA-20982,900
30,NORMA-21266,901
30,NORMA-19025,902
30,NORMA-19937,903
30,NORMA-21611,904
30,NORMA-19023,905
30,NORMA-19582,906
30,NORMA-20453,907
30,NORMA-18586,908
30,NORMA-18202,909
30,NORMA-20703,910
30,NORMA-18541,911
30,NORMA-938,912
30,NORMA-20278,913
30,NORMA-18711,914
30,NORMA-21517,915
30,NORMA-6509,916
30,NORMA-21353,917
30,NORMA-208,918
30,NORMA-1024,919
30,NORMA-6948,920
30,NORMA-18714,921
30,NORMA-20437,922
30,NORMA-29301,923
30,NORMA-13474,924
30,NORMA-18836,925
30,NORMA-1866,926
30,NORMA-19097,927
30,NORMA-21574,928
30,NORMA-4263,929
30,NORMA-20397,930
30,NORMA-19123,931
30,NORMA-4830,932
30,NORMA-207,933
30,NORMA-19375,934
30,NORMA-19151,935
30,NORMA-20717,936
30,NORMA-20284,937
30,NORMA-23061,938
30,NORMA-1535,939
30,NORMA-1090,940
30,NORMA-19253,941
30,NORMA-18712,942
30,NORMA-19545,943
30,NORMA-18656,944
30,NORMA-21426,945
30,NORMA-19695,946
30,NORMA-18810,947
30,NORMA-18866,948
30,NORMA-417,949
30,NORMA-10878,950
30,NORMA-25721,951
30,NORMA-20677,952
30,NORMA-19480,953
30,NORMA-20299,954
30,NORMA-19016,955
30,NORMA-18299,956
30,NORMA-423,957
30,NORMA-15211,958
30,NORMA-7651,959
30,NORMA-20422,960
30,NORMA-1416,961
30,NORMA-20503,962
30,NORMA-588,963
30,NORMA-587,964
30,NORMA-18411,965
30,NORMA-21296,966
30,NORMA-20546,967
30,NORMA-19573,968
30,NORMA-20154,969
30,NORMA-15239,970
30,NORMA-23862,971
30,NORMA-18931,972
30,NORMA-18279,973
30,NORMA-4275,974
30,NORMA-21303,975
30,NORMA-4688,976
30,NORMA-18601,977
30,NORMA-13158,978
30,NORMA-20155,979
30,NORMA-8027,980
30,NORMA-211,981
30,NORMA-6970,982
30,NORMA-20356,983
30,NORMA-19335,984
30,NORMA-19150,985
30,NORMA-21686,986
30,NORMA-20196,987
30,NORMA-4818,988
30,NORMA-20021,989
30,NORMA-20450,990
30,NORMA-21448,991
30,NORMA-18959,992
30,NORMA-20550,993
30,NORMA-19879,994
30,NORMA-14377,995
30,NORMA-19340,996
30,NORMA-21534,997
30,NORMA-595,998
30,NORMA-21434,999
30,NORMA-20541,1000
31,NORMA-21321,1
31,NORMA-2076,2
31,NORMA-19960,3
31,NORMA-535,4
31,NORMA-207,5
31,NORMA-19593,6
31,NORMA-13138,7
31,NORMA-21110,8
31,NORMA-21267,9
31,NORMA-26,10
31,NORMA-22561,11
31,NORMA-19928,12
31,NORMA-555,13
31,NORMA-1994,14
31,NORMA-23501,15
31,NORMA-21648,16
31,NORMA-1341,17
31,NORMA-18394,18
31,NORMA-15542,19
31,NORMA-22941,20
31,NORMA-2269,21
31,NORMA-17201,22
31,NORMA-20217,23
31,NORMA-21256,24
31,NORMA-854,25
31,NORMA-21755,26
31,NORMA-1567,27
31,NORMA-20187,28
31,NORMA-1740,29
31,NORMA-19733,30
31,NORMA-782,31
31,NORMA-2184,32
31,NORMA-21540,33
31,NORMA-21631,34
31,NORMA-13106,35
31,NORMA-11615,36
31,NORMA-20590,37
31,NORMA-20423,38
31,NORMA-19205,39
31,NORMA-21268,40
31,NORMA-1092,41
31,NORMA-3181,42
31,NORMA-10326,43
31,NORMA-2383,44
31,NORMA-21367,45
31,NORMA-13802,46
31,NORMA-21398,47
31,NORMA-3592,48
31,NORMA-6669,49
31,NORMA-20796,50
31,NORMA-12872,51
31,NORMA-6819,52
31,NORMA-2517,53
31,NORMA-6636,54
31,NORMA-2032,55
31,NORMA-6820,56
31,NORMA-18226,57
31,NORMA-25902,58
31,NORMA-658,59
31,NORMA-15239,60
31,NORMA-6970,61
31,NORMA-6698,62
31,NORMA-14459,63
31,NORMA-12920,64
31,NORMA-11836,65
31,NORMA-11827,66
31,NORMA-12826,67
31,NORMA-13638,68
31,NORMA-21419,69
31,NORMA-15276,70
31,NORMA-19371,71
31,NORMA-14885,72
31,NORMA-20220,73
31,NORMA-12870,74
31,NORMA-13183,75
31,NORMA-22622,76
31,NORMA-14145,77
31,NORMA-20193,78
31,NORMA-21515,79
31,NORMA-11828,80
31,NORMA-15194,81
31,NORMA-2158,82
31,NORMA-3571,83
31,NORMA-7011,84
31,NORMA-21506,85
31,NORMA-9893,86
31,NORMA-18291,87
31,NORMA-18992,88
31,NORMA-1851,89
31,NORMA-581,90
31,NORMA-18224,91
31,NORMA-634,92
31,NORMA-21388,93
31,NORMA-20402,94
31,NORMA-20941,95
31,NORMA-31903,96
31,NORMA-12165,97
31,NORMA-19095,98
31,NORMA-18967,99
31,NORMA-215,100
31,NORMA-20197,101
31,NORMA-21739,102
31,NORMA-21012,103
31,NORMA-20046,104
31,NORMA-20837,105
31,NORMA-913,106
31,NORMA-834,107
31,NORMA-33288,108
31,NORMA-1672,109
31,NORMA-21300,110
31,NORMA-21063,111
31,NORMA-20443,112
31,NORMA-33308,113
31,NORMA-21568,114
31,NORMA-21783,115
31,NORMA-15521,116
31,NORMA-3382,117
31,NORMA-12560,118
31,NORMA-778,119
31,NORMA-20885,120
31,NORMA-579,121
31,NORMA-21547,122
31,NORMA-21431,123
31,NORMA-11588,124
31,NORMA-2546,125
31,NORMA-19486,126
31,NORMA-21437,127
31,NORMA-8575,128
31,NORMA-21625,129
31,NORMA-21239,130
31,NORMA-1534,131
31,NORMA-19057,132
31,NORMA-970,133
31,NORMA-3241,134
31,NORMA-2,135
31,NORMA-1421,136
31,NORMA-18249,137
31,NORMA-20192,138
31,NORMA-12012,139
31,NORMA-143,140
31,NORMA-1549,141
31,NORMA-18204,142
31,NORMA-20137,143
31,NORMA-18446,144
31,NORMA-18780,145
31,NORMA-19152,146
31,NORMA-18385,147
31,NORMA-12089,148
31,NORMA-20189,149
31,NORMA-19471,150
31,NORMA-19634,151
31,NORMA-19212,152
31,NORMA-18248,153
31,NORMA-15921,154
31,NORMA-19014,155
31,NORMA-11646,156
31,NORMA-11455,157
31,NORMA-1035,158
31,NORMA-20206,159
31,NORMA-19643,160
31,NORMA-21114,161
31,NORMA-21459,162
31,NORMA-6291,163
31,NORMA-11620,164
31,NORMA-19800,165
31,NORMA-82,166
31,NORMA-6396,167
31,NORMA-18788,168
31,NORMA-26201,169
31,NORMA-21241,170
31,NORMA-19155,171
31,NORMA-1573,172
31,NORMA-21659,173
31,NORMA-1,174
31,NORMA-14898,175
31,NORMA-18750,176
31,NORMA-1138,177
31,NORMA-21535,178
31,NORMA-12113,179
31,NORMA-18797,180
31,NORMA-19387,181
31,NORMA-12886,182
31,NORMA-11316,183
31,NORMA-21217,184
31,NORMA-19574,185
31,NORMA-2484,186
31,NORMA-21228,187
31,NORMA-20957,188
31,NORMA-12648,189
31,NORMA-1555,190
31,NORMA-21621,191
31,NORMA-26263,192
31,NORMA-19234,193
31,NORMA-13954,194
31,NORMA-36,195
31,NORMA-14279,196
31,NORMA-18659,197
31,NORMA-607,198
31,NORMA-18685,199
31,NORMA-12029,200
31,NORMA-12607,201
31,NORMA-5752,202
31,NORMA-1366,203
31,NORMA-20512,204
31,NORMA-15901,205
31,NORMA-6673,206
31,NORMA-19609,207
31,NORMA-21754,208
31,NORMA-20616,209
31,NORMA-26701,210
31,NORMA-19096,211
31,NORMA-8167,212
31,NORMA-19202,213
31,NORMA-17221,214
31,NORMA-4377,215
31,NORMA-21277,216
31,NORMA-19920,217
31,NORMA-3708,218
31,NORMA-21235,219
31,NORMA-31923,220
31,NORMA-21124,221
31,NORMA-19424,222
31,NORMA-21188,223
31,NORMA-21626,224
31,NORMA-14985,225
31,NORMA-18270,226
31,NORMA-2377,227
31,NORMA-1613,228
31,NORMA-772,229
31,NORMA-20880,230
31,NORMA-11469,231
31,NORMA-19129,232
31,NORMA-14661,233
31,NORMA-5031,234
31,NORMA-11763,235
31,NORMA-3569,236
31,NORMA-6880,237
31,NORMA-6958,238
31,NORMA-265,239
31,NORMA-14676,240
31,NORMA-19136,241
31,NORMA-6249,242
31,NORMA-553,243
31,NORMA-18411,244
31,NORMA-3479,245
31,NORMA-755,246
31,NORMA-3851,247
31,NORMA-19160,248
31,NORMA-4169,249
31,NORMA-19176,250
31,NORMA-21550,251
31,NORMA-29421,252
31,NORMA-4663,253
31,NORMA-21231,254
31,NORMA-75,255
31,NORMA-19200,256
31,NORMA-21450,257
31,NORMA-4982,258
31,NORMA-14463,259
31,NORMA-13458,260
31,NORMA-6598,261
31,NORMA-13547,262
31,NORMA-19505,263
31,NORMA-12038,264
31,NORMA-7723,265
31,NORMA-11609,266
31,NORMA-18237,267
31,NORMA-14089,268
31,NORMA-21246,269
31,NORMA-7773,270
31,NORMA-20852,271
31,NORMA-10309,272
31,NORMA-5998,273
31,NORMA-5956,274
31,NORMA-19561,275
31,NORMA-20183,276
31,NORMA-5295,277
31,NORMA-20303,278
31,NORMA-19727,279
31,NORMA-20963,280
31,NORMA-643,281
31,NORMA-835,282
31,NORMA-2567,283
31,NORMA-3381,284
31,NORMA-13202,285
31,NORMA-19562,286
31,NORMA-6758,287
31,NORMA-11764,288
31,NORMA-15581,289
31,NORMA-19507,290
31,NORMA-19908,291
31,NORMA-11479,292
31,NORMA-11857,293
31,NORMA-3470,294
31,NORMA-3896,295
31,NORMA-21650,296
31,NORMA-3281,297
31,NORMA-18746,298
31,NORMA-18205,299
31,NORMA-6128,300
31,NORMA-19630,301
31,NORMA-19197,302
31,NORMA-19275,303
31,NORMA-21705,304
31,NORMA-20559,305
31,NORMA-18811,306
31,NORMA-21676,307
31,NORMA-20863,308
31,NORMA-6257,309
31,NORMA-18265,310
31,NORMA-19789,311
31,NORMA-14786,312
31,NORMA-21622,313
31,NORMA-20039,314
31,NORMA-12039,315
31,NORMA-28381,316
31,NORMA-5834,317
31,NORMA-8501,318
31,NORMA-3505,319
31,NORMA-3904,320
31,NORMA-4449,321
31,NORMA-5415,322
31,NORMA-5357,323
31,NORMA-5519,324
31,NORMA-3943,325
31,NORMA-19923,326
31,NORMA-19384,327
31,NORMA-4145,328
31,NORMA-4329,329
31,NORMA-6514,330
31,NORMA-18424,331
31,NORMA-15881,332
31,NORMA-4829,333
31,NORMA-704,334
31,NORMA-6644,335
31,NORMA-6321,336
31,NORMA-18225,337
31,NORMA-11999,338
31,NORMA-15882,339
31,NORMA-21500,340
31,NORMA-11772,341
31,NORMA-3698,342
31,NORMA-20700,343
31,NORMA-21521,344
31,NORMA-4342,345
31,NORMA-4686,346
31,NORMA-6000,347
31,NORMA-21158,348
31,NORMA-4840,349
31,NORMA-4567,350
31,NORMA-5964,351
31,NORMA-12002,352
31,NORMA-21461,353
31,NORMA-14162,354
31,NORMA-21772,355
31,NORMA-18844,356
31,NORMA-21230,357
31,NORMA-13831,358
31,NORMA-13999,359
31,NORMA-13962,360
31,NORMA-14735,361
31,NORMA-18691,362
31,NORMA-19028,363
31,NORMA-8074,364
31,NORMA-15115,365
31,NORMA-5838,366
31,NORMA-18511,367
31,NORMA-21653,368
31,NORMA-13179,369
31,NORMA-20002,370
31,NORMA-21541,371
31,NORMA-26161,372
31,NORMA-1650,373
31,NORMA-21784,374
31,NORMA-21025,375
31,NORMA-2094,376
31,NORMA-20241,377
31,NORMA-19520,378
31,NORMA-21792,379
31,NORMA-20185,380
31,NORMA-4144,381
31,NORMA-3875,382
31,NORMA-20184,383
31,NORMA-20569,384
31,NORMA-358,385
31,NORMA-18631,386
31,NORMA-19292,387
31,NORMA-24362,388
31,NORMA-19382,389
31,NORMA-20238,390
31,NORMA-2120,391
31,NORMA-21105,392
31,NORMA-20729,393
31,NORMA-4618,394
31,NORMA-18804,395
31,NORMA-8028,396
31,NORMA-19489,397
31,NORMA-19724,398
31,NORMA-19806,399
31,NORMA-21613,400
31,NORMA-19603,401
31,NORMA-18630,402
31,NORMA-19785,403
31,NORMA-18958,404
31,NORMA-20237,405
31,NORMA-646,406
31,NORMA-981,407
31,NORMA-8677,408
31,NORMA-2104,409
31,NORMA-18724,410
31,NORMA-5506,411
31,NORMA-3514,412
31,NORMA-14673,413
31,NORMA-2144,414
31,NORMA-28203,415
31,NORMA-12245,416
31,NORMA-5776,417
31,NORMA-2126,418
31,NORMA-19947,419
31,NORMA-21764,420
31,NORMA-27761,421
31,NORMA-5327,422
31,NORMA-20403,423
31,NORMA-18733,424
31,NORMA-11780,425
31,NORMA-4114,426
31,NORMA-21533,427
31,NORMA-8165,428
31,NORMA-19965,429
31,NORMA-6955,430
31,NORMA-20225,431
31,NORMA-4915,432
31,NORMA-18414,433
31,NORMA-18207,434
31,NORMA-20918,435
31,NORMA-28422,436
31,NORMA-4433,437
31,NORMA-19581,438
31,NORMA-24582,439
31,NORMA-24661,440
31,NORMA-18955,441
31,NORMA-20602,442
31,NORMA-4566,443
31,NORMA-2089,444
31,NORMA-7068,445
31,NORMA-5500,446
31,NORMA-6710,447
31,NORMA-6203,448
31,NORMA-6948,449
31,NORMA-19853,450
31,NORMA-9457,451
31,NORMA-19564,452
31,NORMA-1144,453
31,NORMA-20778,454
31,NORMA-18885,455
31,NORMA-21524,456
31,NORMA-9834,457
31,NORMA-18430,458
31,NORMA-8938,459
31,NORMA-6351,460
31,NORMA-18910,461
31,NORMA-18890,462
31,NORMA-19641,463
31,NORMA-228,464
31,NORMA-11627,465
31,NORMA-20789,466
31,NORMA-19791,467
31,NORMA-18886,468
31,NORMA-6443,469
31,NORMA-20349,470
31,NORMA-3201,471
31,NORMA-7466,472
31,NORMA-4365,473
31,NORMA-8178,474
31,NORMA-19431,475
31,NORMA-20269,476
31,NORMA-15202,477
31,NORMA-18530,478
31,NORMA-21356,479
31,NORMA-27064,480
31,NORMA-2058,481
31,NORMA-21220,482
31,NORMA-18375,483
31,NORMA-14701,484
31,NORMA-5548,485
31,NORMA-18953,486
31,NORMA-11864,487
31,NORMA-33728,488
31,NORMA-20452,489
31,NORMA-19830,490
31,NORMA-21624,491
31,NORMA-1689,492
31,NORMA-21695,493
31,NORMA-15163,494
31,NORMA-12970,495
31,NORMA-11913,496
31,NORMA-21434,497
31,NORMA-8245,498
31,NORMA-19640,499
31,NORMA-92,500
31,NORMA-11814,501
31,NORMA-19329,502
31,NORMA-27981,503
31,NORMA-7659,504
31,NORMA-416,505
31,NORMA-18432,506
31,NORMA-20072,507
31,NORMA-1419,508
31,NORMA-20721,509
31,NORMA-20966,510
31,NORMA-12685,511
31,NORMA-20491,512
31,NORMA-13722,513
31,NORMA-20574,514
31,NORMA-20235,515
31,NORMA-21299,516
31,NORMA-21725,517
31,NORMA-20989,518
31,NORMA-20090,519
31,NORMA-18208,520
31,NORMA-20369,521
31,NORMA-21003,522
31,NORMA-6954,523
31,NORMA-53,524
31,NORMA-28362,525
31,NORMA-19170,526
31,NORMA-19220,527
31,NORMA-984,528
31,NORMA-222,529
31,NORMA-10708,530
31,NORMA-13323,531
31,NORMA-19528,532
31,NORMA-11910,533
31,NORMA-15561,534
31,NORMA-13082,535
31,NORMA-3478,536
31,NORMA-12576,537
31,NORMA-13436,538
31,NORMA-12715,539
31,NORMA-9973,540
31,NORMA-20195,541
31,NORMA-15541,542
31,NORMA-18490,543
31,NORMA-11838,544
31,NORMA-11734,545
31,NORMA-19844,546
31,NORMA-12579,547
31,NORMA-21342,548
31,NORMA-13460,549
31,NORMA-18859,550
31,NORMA-18789,551
31,NORMA-20182,552
31,NORMA-22025,553
31,NORMA-5026,554
31,NORMA-3738,555
31,NORMA-21456,556
31,NORMA-5562,557
31,NORMA-20800,558
31,NORMA-20754,559
31,NORMA-11974,560
31,NORMA-21401,561
31,NORMA-28181,562
31,NORMA-21371,563
31,NORMA-5507,564
31,NORMA-6521,565
31,NORMA-3850,566
31,NORMA-54,567
31,NORMA-19383,568
31,NORMA-7311,569
31,NORMA-3884,570
31,NORMA-13797,571
31,NORMA-317,572
31,NORMA-21771,573
31,NORMA-18605,574
31,NORMA-18316,575
31,NORMA-380,576
31,NORMA-12035,577
31,NORMA-18122,578
31,NORMA-20708,579
31,NORMA-19468,580
31,NORMA-19803,581
31,NORMA-4273,582
31,NORMA-6627,583
31,NORMA-4173,584
31,NORMA-21165,585
31,NORMA-8685,586
31,NORMA-5853,587
31,NORMA-21561,588
31,NORMA-12015,589
31,NORMA-14937,590
31,NORMA-588,591
31,NORMA-587,592
31,NORMA-18240,593
31,NORMA-21661,594
31,NORMA-5417,595
31,NORMA-4118,596
31,NORMA-6505,597
31,NORMA-19221,598
31,NORMA-13772,599
31,NORMA-18359,600
31,NORMA-11736,601
31,NORMA-20577,602
31,NORMA-21717,603
31,NORMA-19245,604
31,NORMA-12160,605
31,NORMA-20356,606
31,NORMA-18978,607
31,NORMA-5154,608
31,NORMA-8689,609
31,NORMA-729,610
31,NORMA-4817,611
31,NORMA-11621,612
31,NORMA-6629,613
31,NORMA-4477,614
31,NORMA-14577,615
31,NORMA-3722,616
31,NORMA-4631,617
31,NORMA-20291,618
31,NORMA-20239,619
31,NORMA-15237,620
31,NORMA-18537,621
31,NORMA-4146,622
31,NORMA-19358,623
31,NORMA-19704,624
31,NORMA-5023,625
31,NORMA-754,626
31,NORMA-7656,627
31,NORMA-19735,628
31,NORMA-595,629
31,NORMA-18981,630
31,NORMA-21507,631
31,NORMA-802,632
31,NORMA-20359,633
31,NORMA-220,634
31,NORMA-4041,635
31,NORMA-19456,636
31,NORMA-61,637
31,NORMA-18515,638
31,NORMA-20558,639
31,NORMA-8767,640
31,NORMA-5850,641
31,NORMA-19650,642
31,NORMA-6957,643
31,NORMA-19049,644
31,NORMA-6393,645
31,NORMA-21254,646
31,NORMA-21608,647
31,NORMA-6318,648
31,NORMA-660,649
31,NORMA-18721,650
31,NORMA-4541,651
31,NORMA-59,652
31,NORMA-3595,653
31,NORMA-21279,654
31,NORMA-20376,655
31,NORMA-21756,656
31,NORMA-11087,657
31,NORMA-801,658
31,NORMA-4926,659
31,NORMA-2185,660
31,NORMA-8774,661
31,NORMA-19206,662
31,NORMA-18656,663
31,NORMA-22262,664
31,NORMA-1611,665
31,NORMA-14618,666
31,NORMA-1442,667
31,NORMA-21343,668
31,NORMA-4164,669
31,NORMA-4588,670
31,NORMA-14501,671
31,NORMA-8695,672
31,NORMA-4762,673
31,NORMA-2660,674
31,NORMA-20561,675
31,NORMA-20503,676
31,NORMA-19365,677
31,NORMA-5888,678
31,NORMA-8175,679
31,NORMA-554,680
31,NORMA-8832,681
31,NORMA-18539,682
31,NORMA-13473,683
31,NORMA-21497,684
31,NORMA-4236,685
31,NORMA-14508,686
31,NORMA-15211,687
31,NORMA-21166,688
31,NORMA-15242,689
31,NORMA-19570,690
31,NORMA-12832,691
31,NORMA-4712,692
31,NORMA-13771,693
31,NORMA-13158,694
31,NORMA-4749,695
31,NORMA-6856,696
31,NORMA-11655,697
31,NORMA-19266,698
31,NORMA-14239,699
31,NORMA-18806,700
31,NORMA-13056,701
31,NORMA-13914,702
31,NORMA-8390,703
31,NORMA-27925,704
31,NORMA-7279,705
31,NORMA-19343,706
31,NORMA-20103,707
31,NORMA-13469,708
31,NORMA-20300,709
31,NORMA-18960,710
31,NORMA-21310,711
31,NORMA-20102,712
31,NORMA-4442,713
31,NORMA-20902,714
31,NORMA-19480,715
31,NORMA-13593,716
31,NORMA-12060,717
31,NORMA-20566,718
31,NORMA-20501,719
31,NORMA-12900,720
31,NORMA-12901,721
31,NORMA-19797,722
31,NORMA-6185,723
31,NORMA-20583,724
31,NORMA-18669,725
31,NORMA-18722,726
31,NORMA-20425,727
31,NORMA-20258,728
31,NORMA-20135,729
31,NORMA-21417,730
31,NORMA-19056,731
31,NORMA-19646,732
31,NORMA-21544,733
31,NORMA-21606,734
31,NORMA-8504,735
31,NORMA-7737,736
31,NORMA-18219,737
31,NORMA-21238,738
31,NORMA-12952,739
31,NORMA-5938,740
31,NORMA-19864,741
31,NORMA-18601,742
31,NORMA-20108,743
31,NORMA-13671,744
31,NORMA-16202,745
31,NORMA-21477,746
31,NORMA-616,747
31,NORMA-21554,748
31,NORMA-19303,749
31,NORMA-19787,750
31,NORMA-20936,751
31,NORMA-6017,752
31,NORMA-18227,753
31,NORMA-9382,754
31,NORMA-19804,755
31,NORMA-19981,756
31,NORMA-4120,757
31,NORMA-21752,758
31,NORMA-13402,759
31,NORMA-12055,760
31,NORMA-9892,761
31,NORMA-20836,762
31,NORMA-6877,763
31,NORMA-6960,764
31,NORMA-6631,765
31,NORMA-21679,766
31,NORMA-6878,767
31,NORMA-21091,768
31,NORMA-10797,769
31,NORMA-19249,770
31,NORMA-7831,771
31,NORMA-18747,772
31,NORMA-6083,773
31,NORMA-6632,774
31,NORMA-6559,775
31,NORMA-21776,776
31,NORMA-6633,777
31,NORMA-19150,778
31,NORMA-6087,779
31,NORMA-12858,780
31,NORMA-19651,781
31,NORMA-13345,782
31,NORMA-6088,783
31,NORMA-20446,784
31,NORMA-19933,785
31,NORMA-21496,786
31,NORMA-6813,787
31,NORMA-18934,788
31,NORMA-20191,789
31,NORMA-5524,790
31,NORMA-18293,791
31,NORMA-11651,792
31,NORMA-6635,793
31,NORMA-4392,794
31,NORMA-19909,795
31,NORMA-11226,796
31,NORMA-12262,797
31,NORMA-4792,798
31,NORMA-21065,799
31,NORMA-12859,800
31,NORMA-4929,801
31,NORMA-18937,802
31,NORMA-12159,803
31,NORMA-12188,804
31,NORMA-6250,805
31,NORMA-6556,806
31,NORMA-6557,807
31,NORMA-4500,808
31,NORMA-6894,809
31,NORMA-8081,810
31,NORMA-12354,811
31,NORMA-14850,812
31,NORMA-6320,813
31,NORMA-7525,814
31,NORMA-8920,815
31,NORMA-19051,816
31,NORMA-14742,817
31,NORMA-14870,818
31,NORMA-6667,819
31,NORMA-893,820
31,NORMA-18541,821
31,NORMA-12005,822
31,NORMA-21555,823
31,NORMA-23881,824
31,NORMA-11605,825
31,NORMA-10778,826
31,NORMA-19912,827
31,NORMA-14517,828
31,NORMA-6183,829
31,NORMA-21152,830
31,NORMA-13912,831
31,NORMA-11654,832
31,NORMA-6666,833
31,NORMA-19792,834
31,NORMA-13957,835
31,NORMA-11508,836
31,NORMA-6776,837
31,NORMA-6951,838
31,NORMA-6965,839
31,NORMA-21581,840
31,NORMA-13585,841
31,NORMA-13753,842
31,NORMA-14636,843
31,NORMA-13883,844
31,NORMA-14429,845
31,NORMA-10365,846
31,NORMA-8172,847
31,NORMA-15208,848
31,NORMA-9835,849
31,NORMA-18533,850
31,NORMA-9867,851
31,NORMA-9482,852
31,NORMA-21133,853
31,NORMA-18898,854
31,NORMA-2460,855
31,NORMA-14268,856
31,NORMA-14208,857
31,NORMA-21035,858
31,NORMA-20460,859
31,NORMA-21328,860
31,NORMA-3464,861
31,NORMA-1641,862
31,NORMA-21384,863
31,NORMA-6315,864
31,NORMA-10925,865
31,NORMA-18818,866
31,NORMA-10621,867
31,NORMA-6622,868
31,NORMA-18796,869
31,NORMA-13877,870
31,NORMA-6656,871
31,NORMA-6665,872
31,NORMA-4305,873
31,NORMA-6766,874
31,NORMA-8392,875
31,NORMA-18319,876
31,NORMA-16268,877
31,NORMA-10692,878
31,NORMA-6188,879
31,NORMA-6251,880
31,NORMA-21609,881
31,NORMA-19225,882
31,NORMA-7660,883
31,NORMA-14099,884
31,NORMA-20992,885
31,NORMA-19351,886
31,NORMA-4443,887
31,NORMA-11157,888
31,NORMA-11652,889
31,NORMA-9969,890
31,NORMA-6950,891
31,NORMA-11664,892
31,NORMA-8871,893
31,NORMA-6177,894
31,NORMA-21204,895
31,NORMA-4565,896
31,NORMA-21218,897
31,NORMA-18325,898
31,NORMA-20840,899
31,NORMA-9792,900
31,NORMA-19977,901
31,NORMA-4026,902
31,NORMA-14688,903
31,NORMA-15229,904
31,NORMA-9972,905
31,NORMA-19179,906
31,NORMA-19790,907
31,NORMA-9870,908
31,NORMA-9866,909
31,NORMA-9026,910
31,NORMA-6599,911
31,NORMA-19298,912
31,NORMA-19763,913
31,NORMA-6186,914
31,NORMA-6256,915
31,NORMA-14498,916
31,NORMA-14758,917
31,NORMA-18284,918
31,NORMA-11282,919
31,NORMA-20860,920
31,NORMA-20076,921
31,NORMA-21289,922
31,NORMA-18772,923
31,NORMA-8011,924
31,NORMA-14627,925
31,NORMA-8075,926
31,NORMA-3539,927
31,NORMA-5921,928
31,NORMA-14759,929
31,NORMA-10529,930
31,NORMA-15069,931
31,NORMA-20994,932
31,NORMA-5842,933
31,NORMA-21759,934
31,NORMA-5994,935
31,NORMA-12345,936
31,NORMA-14562,937
31,NORMA-13884,938
31,NORMA-10741,939
31,NORMA-20205,940
31,NORMA-21113,941
31,NORMA-6189,942
31,NORMA-21264,943
31,NORMA-13195,944
31,NORMA-10039,945
31,NORMA-18748,946
31,NORMA-18266,947
31,NORMA-6676,948
31,NORMA-13471,949
31,NORMA-6325,950
31,NORMA-17061,951
31,NORMA-10890,952
31,NORMA-18529,953
31,NORMA-20453,954
31,NORMA-7012,955
31,NORMA-5487,956
31,NORMA-19714,957
31,NORMA-9493,958
31,NORMA-20098,959
31,NORMA-10342,960
31,NORMA-10994,961
31,NORMA-3642,962
31,NORMA-21269,963
31,NORMA-18883,964
31,NORMA-19181,965
31,NORMA-8176,966
31,NORMA-19232,967
31,NORMA-3925,968
31,NORMA-21013,969
31,NORMA-18211,970
31,NORMA-10693,971
31,NORMA-20586,972
31,NORMA-13480,973
31,NORMA-12495,974
31,NORMA-3503,975
31,NORMA-18212,976
31,NORMA-21132,977
31,NORMA-3846,978
31,NORMA-11653,979
31,NORMA-10364,980
31,NORMA-3978,981
31,NORMA-19776,982
31,NORMA-4813,983
31,NORMA-20633,984
31,NORMA-9968,985
31,NORMA-19017,986
31,NORMA-20793,987
31,NORMA-18603,988
31,NORMA-8823,989
31,NORMA-21260,990
31,NORMA-18292,991
31,NORMA-11920,992
31,NORMA-21307,993
31,NORMA-7833,994
31,NORMA-20913,995
31,NORMA-20670,996
31,NORMA-18882,997
31,NORMA-20368,998
31,NORMA-18672,999
31,NORMA-21305,1000
32,NORMA-385,1
32,NORMA-1674,2
32,NORMA-21308,3
32,NORMA-20853,4
32,NORMA-1175,5
32,NORMA-1171,6
32,NORMA-18233,7
32,NORMA-20271,8
32,NORMA-19380,9
32,NORMA-18298,10
32,NORMA-6757,11
32,NORMA-21147,12
32,NORMA-766,13
32,NORMA-729,14
32,NORMA-18388,15
32,NORMA-7025,16
32,NORMA-11756,17
32,NORMA-11144,18
32,NORMA-11496,19
32,NORMA-9297,20
32,NORMA-21739,21
32,NORMA-21025,22
32,NORMA-21199,23
32,NORMA-124,24
32,NORMA-13480,25
32,NORMA-18541,26
32,NORMA-18798,27
32,NORMA-18863,28
32,NORMA-19587,29
32,NORMA-20941,30
32,NORMA-18806,31
32,NORMA-12160,32
32,NORMA-20945,33
32,NORMA-20995,34
32,NORMA-21792,35
32,NORMA-18819,36
32,NORMA-20690,37
32,NORMA-18446,38
32,NORMA-13195,39
32,NORMA-13402,40
32,NORMA-21043,41
32,NORMA-21069,42
32,NORMA-15004,43
32,NORMA-20865,44
32,NORMA-18301,45
32,NORMA-483,46
32,NORMA-18219,47
32,NORMA-18306,48
32,NORMA-13954,49
32,NORMA-18364,50
32,NORMA-25902,51
32,NORMA-21461,52
32,NORMA-18772,53
32,NORMA-19096,54
32,NORMA-6783,55
32,NORMA-21626,56
32,NORMA-21496,57
32,NORMA-21419,58
32,NORMA-31904,59
32,NORMA-18838,60
32,NORMA-21550,61
32,NORMA-7386,62
32,NORMA-834,63
32,NORMA-7222,64
32,NORMA-423,65
32,NORMA-20223,66
32,NORMA-332,67
32,NORMA-19212,68
32,NORMA-18204,69
32,NORMA-20425,70
32,NORMA-18378,71
32,NORMA-12035,72
32,NORMA-7225,73
32,NORMA-5421,74
32,NORMA-12015,75
32,NORMA-75,76
32,NORMA-11790,77
32,NORMA-21267,78
32,NORMA-5536,79
32,NORMA-18237,80
32,NORMA-19152,81
32,NORMA-11316,82
32,NORMA-20316,83
32,NORMA-6140,84
32,NORMA-18377,85
32,NORMA-7113,86
32,NORMA-28203,87
32,NORMA-8435,88
32,NORMA-18823,89
32,NORMA-12664,90
32,NORMA-11615,91
32,NORMA-14788,92
32,NORMA-18933,93
32,NORMA-1421,94
32,NORMA-9724,95
32,NORMA-13106,96
32,NORMA-28281,97
32,NORMA-10994,98
32,NORMA-21023,99
32,NORMA-3382,100
32,NORMA-229,101
32,NORMA-7384,102
32,NORMA-11999,103
32,NORMA-18762,104
32,NORMA-3381,105
32,NORMA-18981,106
32,NORMA-12113,107
32,NORMA-18815,108
32,NORMA-11920,109
32,NORMA-20208,110
32,NORMA-12002,111
32,NORMA-4075,112
32,NORMA-24961,113
32,NORMA-3181,114
32,NORMA-1547,115
32,NORMA-1252,116
32,NORMA-18479,117
32,NORMA-11739,118
32,NORMA-1183,119
32,NORMA-19017,120
32,NORMA-20934,121
32,NORMA-1207,122
32,NORMA-20874,123
32,NORMA-11792,124
32,NORMA-6505,125
32,NORMA-2020,126
32,NORMA-12872,127
32,NORMA-21189,128
32,NORMA-4219,129
32,NORMA-188,130
32,NORMA-9792,131
32,NORMA-18208,132
32,NORMA-1352,133
32,NORMA-20785,134
32,NORMA-7381,135
32,NORMA-1026,136
32,NORMA-2395,137
32,NORMA-2089,138
32,NORMA-20691,139
32,NORMA-4631,140
32,NORMA-6082,141
32,NORMA-20886,142
32,NORMA-21776,143
32,NORMA-20774,144
32,NORMA-20728,145
32,NORMA-20233,146
32,NORMA-12005,147
32,NORMA-1740,148
32,NORMA-1361,149
32,NORMA-4316,150
32,NORMA-19080,151
32,NORMA-21497,152
32,NORMA-1996,153
32,NORMA-4275,154
32,NORMA-20999,155
32,NORMA-20786,156
32,NORMA-20910,157
32,NORMA-850,158
32,NORMA-18350,159
32,NORMA-20282,160
32,NORMA-20869,161
32,NORMA-20755,162
32,NORMA-18211,163
32,NORMA-21125,164
32,NORMA-18216,165
32,NORMA-20927,166
32,NORMA-11780,167
32,NORMA-19090,168
32,NORMA-704,169
32,NORMA-8384,170
32,NORMA-6389,171
32,NORMA-20914,172
32,NORMA-1442,173
32,NORMA-22561,174
32,NORMA-358,175
32,NORMA-20029,176
32,NORMA-12954,177
32,NORMA-18773,178
32,NORMA-20182,179
32,NORMA-3241,180
32,NORMA-4536,181
32,NORMA-14063,182
32,NORMA-20288,183
32,NORMA-2444,184
32,NORMA-18414,185
32,NORMA-18709,186
32,NORMA-18224,187
32,NORMA-15381,188
32,NORMA-26281,189
32,NORMA-12612,190
32,NORMA-18439,191
32,NORMA-19573,192
32,NORMA-12315,193
32,NORMA-1981,194
32,NORMA-20611,195
32,NORMA-5586,196
32,NORMA-1315,197
32,NORMA-2415,198
32,NORMA-17201,199
32,NORMA-1976,200
32,NORMA-15377,201
32,NORMA-18489,202
32,NORMA-21086,203
32,NORMA-17462,204
32,NORMA-20751,205
32,NORMA-19736,206
32,NORMA-18486,207
32,NORMA-18487,208
32,NORMA-14470,209
32,NORMA-27305,210
32,NORMA-19621,211
32,NORMA-20137,212
32,NORMA-21136,213
32,NORMA-6955,214
32,NORMA-21041,215
32,NORMA-13390,216
32,NORMA-21402,217
32,NORMA-1650,218
32,NORMA-5008,219
32,NORMA-18503,220
32,NORMA-1585,221
32,NORMA-26163,222
32,NORMA-3823,223
32,NORMA-1631,224
32,NORMA-21200,225
32,NORMA-15097,226
32,NORMA-21031,227
32,NORMA-6509,228
32,NORMA-19030,229
32,NORMA-19441,230
32,NORMA-14203,231
32,NORMA-21144,232
32,NORMA-2113,233
32,NORMA-15075,234
32,NORMA-12830,235
32,NORMA-13601,236
32,NORMA-15335,237
32,NORMA-14537,238
32,NORMA-6075,239
32,NORMA-12297,240
32,NORMA-11698,241
32,NORMA-2184,242
32,NORMA-13343,243
32,NORMA-12844,244
32,NORMA-11911,245
32,NORMA-12391,246
32,NORMA-15921,247
32,NORMA-2421,248
32,NORMA-13249,249
32,NORMA-12077,250
32,NORMA-15306,251
32,NORMA-12673,252
32,NORMA-13483,253
32,NORMA-11388,254
32,NORMA-21398,255
32,NORMA-4711,256
32,NORMA-14064,257
32,NORMA-12543,258
32,NORMA-1155,259
32,NORMA-15045,260
32,NORMA-15126,261
32,NORMA-7651,262
32,NORMA-13899,263
32,NORMA-12821,264
32,NORMA-14246,265
32,NORMA-12660,266
32,NORMA-14083,267
32,NORMA-23682,268
32,NORMA-9371,269
32,NORMA-24021,270
32,NORMA-13121,271
32,NORMA-13956,272
32,NORMA-15101,273
32,NORMA-18384,274
32,NORMA-14542,275
32,NORMA-21431,276
32,NORMA-13028,277
32,NORMA-13118,278
32,NORMA-14021,279
32,NORMA-11907,280
32,NORMA-14365,281
32,NORMA-13089,282
32,NORMA-13243,283
32,NORMA-11914,284
32,NORMA-15239,285
32,NORMA-15042,286
32,NORMA-14893,287
32,NORMA-12627,288
32,NORMA-7525,289
32,NORMA-4818,290
32,NORMA-24142,291
32,NORMA-12377,292
32,NORMA-6601,293
32,NORMA-13712,294
32,NORMA-12545,295
32,NORMA-15010,296
32,NORMA-15292,297
32,NORMA-14034,298
32,NORMA-13731,299
32,NORMA-12290,300
32,NORMA-15129,301
32,NORMA-6768,302
32,NORMA-14018,303
32,NORMA-13156,304
32,NORMA-13737,305
32,NORMA-19598,306
32,NORMA-15103,307
32,NORMA-5626,308
32,NORMA-15146,309
32,NORMA-15058,310
32,NORMA-8259,311
32,NORMA-14799,312
32,NORMA-12519,313
32,NORMA-15076,314
32,NORMA-14053,315
32,NORMA-13576,316
32,NORMA-23804,317
32,NORMA-23025,318
32,NORMA-17902,319
32,NORMA-17242,320
32,NORMA-17042,321
32,NORMA-13451,322
32,NORMA-11824,323
32,NORMA-12408,324
32,NORMA-14086,325
32,NORMA-23441,326
32,NORMA-15008,327
32,NORMA-12617,328
32,NORMA-11131,329
32,NORMA-6455,330
32,NORMA-4808,331
32,NORMA-4045,332
32,NORMA-9632,333
32,NORMA-9668,334
32,NORMA-5751,335
32,NORMA-18807,336
32,NORMA-16201,337
32,NORMA-12061,338
32,NORMA-12498,339
32,NORMA-20833,340
32,NORMA-4809,341
32,NORMA-12478,342
32,NORMA-13084,343
32,NORMA-14605,344
32,NORMA-6814,345
32,NORMA-11052,346
32,NORMA-12301,347
32,NORMA-18502,348
32,NORMA-29682,349
32,NORMA-23803,350
32,NORMA-14500,351
32,NORMA-14391,352
32,NORMA-26021,353
32,NORMA-16744,354
32,NORMA-18771,355
32,NORMA-12842,356
32,NORMA-4293,357
32,NORMA-19577,358
32,NORMA-14745,359
32,NORMA-13917,360
32,NORMA-14697,361
32,NORMA-18910,362
32,NORMA-5431,363
32,NORMA-23963,364
32,NORMA-18082,365
32,NORMA-14736,366
32,NORMA-4717,367
32,NORMA-28465,368
32,NORMA-26725,369
32,NORMA-16962,370
32,NORMA-12382,371
32,NORMA-14852,372
32,NORMA-21143,373
32,NORMA-2057,374
32,NORMA-14751,375
32,NORMA-13112,376
32,NORMA-1313,377
32,NORMA-6365,378
32,NORMA-13206,379
32,NORMA-13768,380
32,NORMA-14110,381
32,NORMA-14173,382
32,NORMA-6021,383
32,NORMA-20870,384
32,NORMA-16462,385
32,NORMA-24261,386
32,NORMA-23161,387
32,NORMA-13872,388
32,NORMA-6180,389
32,NORMA-15250,390
32,NORMA-14820,391
32,NORMA-6558,392
32,NORMA-1991,393
32,NORMA-21052,394
32,NORMA-21047,395
32,NORMA-7784,396
32,NORMA-16222,397
32,NORMA-16221,398
32,NORMA-14897,399
32,NORMA-14421,400
32,NORMA-12838,401
32,NORMA-22522,402
32,NORMA-17241,403
32,NORMA-14232,404
32,NORMA-13341,405
32,NORMA-12051,406
32,NORMA-8293,407
32,NORMA-11879,408
32,NORMA-14540,409
32,NORMA-8978,410
32,NORMA-15002,411
32,NORMA-18843,412
32,NORMA-14686,413
32,NORMA-12538,414
32,NORMA-13217,415
32,NORMA-13971,416
32,NORMA-13707,417
32,NORMA-5001,418
32,NORMA-20985,419
32,NORMA-27225,420
32,NORMA-13220,421
32,NORMA-15207,422
32,NORMA-12701,423
32,NORMA-14888,424
32,NORMA-12864,425
32,NORMA-13003,426
32,NORMA-8981,427
32,NORMA-11474,428
32,NORMA-12414,429
32,NORMA-9520,430
32,NORMA-6592,431
32,NORMA-5165,432
32,NORMA-9823,433
32,NORMA-15901,434
32,NORMA-15085,435
32,NORMA-34,436
32,NORMA-10123,437
32,NORMA-18418,438
32,NORMA-26102,439
32,NORMA-14175,440
32,NORMA-12867,441
32,NORMA-10980,442
32,NORMA-3638,443
32,NORMA-27881,444
32,NORMA-20291,445
32,NORMA-10865,446
32,NORMA-10977,447
32,NORMA-9358,448
32,NORMA-22381,449
32,NORMA-13385,450
32,NORMA-12974,451
32,NORMA-5761,452
32,NORMA-4297,453
32,NORMA-16681,454
32,NORMA-14315,455
32,NORMA-7241,456
32,NORMA-28881,457
32,NORMA-16963,458
32,NORMA-9389,459
32,NORMA-16267,460
32,NORMA-13177,461
32,NORMA-15240,462
32,NORMA-14347,463
32,NORMA-20592,464
32,NORMA-19161,465
32,NORMA-20892,466
32,NORMA-21902,467
32,NORMA-23681,468
32,NORMA-12629,469
32,NORMA-3621,470
32,NORMA-18697,471
32,NORMA-27741,472
32,NORMA-27226,473
32,NORMA-12628,474
32,NORMA-4820,475
32,NORMA-16423,476
32,NORMA-12364,477
32,NORMA-29061,478
32,NORMA-21026,479
32,NORMA-4898,480
32,NORMA-13592,481
32,NORMA-22043,482
32,NORMA-28342,483
32,NORMA-18406,484
32,NORMA-20757,485
32,NORMA-18241,486
32,NORMA-11588,487
32,NORMA-20651,488
32,NORMA-8013,489
32,NORMA-14836,490
32,NORMA-19489,491
32,NORMA-18465,492
32,NORMA-18438,493
32,NORMA-3642,494
32,NORMA-13648,495
32,NORMA-13255,496
32,NORMA-23301,497
32,NORMA-12562,498
32,NORMA-11527,499
32,NORMA-25941,500
32,NORMA-13394,501
32,NORMA-18311,502
32,NORMA-18881,503
32,NORMA-25921,504
32,NORMA-25783,505
32,NORMA-13631,506
32,NORMA-15308,507
32,NORMA-6954,508
32,NORMA-15868,509
32,NORMA-14498,510
32,NORMA-12762,511
32,NORMA-12483,512
32,NORMA-21202,513
32,NORMA-12906,514
32,NORMA-1983,515
32,NORMA-2176,516
32,NORMA-2083,517
32,NORMA-2009,518
32,NORMA-20598,519
32,NORMA-2067,520
32,NORMA-2162,521
32,NORMA-20864,522
32,NORMA-18496,523
32,NORMA-13886,524
32,NORMA-20440,525
32,NORMA-17003,526
32,NORMA-4397,527
32,NORMA-13265,528
32,NORMA-28641,529
32,NORMA-1147,530
32,NORMA-14316,531
32,NORMA-12630,532
32,NORMA-21190,533
32,NORMA-6645,534
32,NORMA-12618,535
32,NORMA-29681,536
32,NORMA-18303,537
32,NORMA-19705,538
32,NORMA-10129,539
32,NORMA-1422,540
32,NORMA-19953,541
32,NORMA-19337,542
32,NORMA-19775,543
32,NORMA-21224,544
32,NORMA-18365,545
32,NORMA-27242,546
32,NORMA-16586,547
32,NORMA-20673,548
32,NORMA-24882,549
32,NORMA-1420,550
32,NORMA-479,551
32,NORMA-21012,552
32,NORMA-4133,553
32,NORMA-1346,554
32,NORMA-1129,555
32,NORMA-478,556
32,NORMA-15426,557
32,NORMA-21157,558
32,NORMA-20752,559
32,NORMA-24881,560
32,NORMA-1085,561
32,NORMA-1549,562
32,NORMA-1667,563
32,NORMA-11417,564
32,NORMA-14951,565
32,NORMA-20344,566
32,NORMA-5853,567
32,NORMA-1341,568
32,NORMA-8625,569
32,NORMA-26886,570
32,NORMA-5417,571
32,NORMA-27421,572
32,NORMA-21158,573
32,NORMA-15521,574
32,NORMA-19021,575
32,NORMA-1151,576
32,NORMA-20760,577
32,NORMA-1098,578
32,NORMA-13138,579
32,NORMA-357,580
32,NORMA-20037,581
32,NORMA-20402,582
32,NORMA-20881,583
32,NORMA-13720,584
32,NORMA-18239,585
32,NORMA-20787,586
32,NORMA-21567,587
32,NORMA-280,588
32,NORMA-21280,589
32,NORMA-14493,590
32,NORMA-4539,591
32,NORMA-14857,592
32,NORMA-3852,593
32,NORMA-21367,594
32,NORMA-7149,595
32,NORMA-4204,596
32,NORMA-1463,597
32,NORMA-19136,598
32,NORMA-18576,599
32,NORMA-3201,600
32,NORMA-26003,601
32,NORMA-21706,602
32,NORMA-21790,603
32,NORMA-3779,604
32,NORMA-11684,605
32,NORMA-8522,606
32,NORMA-19209,607
32,NORMA-19960,608
32,NORMA-3579,609
32,NORMA-21300,610
32,NORMA-1415,611
32,NORMA-20299,612
32,NORMA-18339,613
32,NORMA-19768,614
32,NORMA-11263,615
32,NORMA-19568,616
32,NORMA-4277,617
32,NORMA-1987,618
32,NORMA-1516,619
32,NORMA-1342,620
32,NORMA-1990,621
32,NORMA-20053,622
32,NORMA-20949,623
32,NORMA-782,624
32,NORMA-1965,625
32,NORMA-21095,626
32,NORMA-281,627
32,NORMA-220,628
32,NORMA-28181,629
32,NORMA-18865,630
32,NORMA-2551,631
32,NORMA-24,632
32,NORMA-19194,633
32,NORMA-19095,634
32,NORMA-18742,635
32,NORMA-18251,636
32,NORMA-12771,637
32,NORMA-20085,638
32,NORMA-20584,639
32,NORMA-1545,640
32,NORMA-18347,641
32,NORMA-20426,642
32,NORMA-18554,643
32,NORMA-20971,644
32,NORMA-21718,645
32,NORMA-25964,646
32,NORMA-23141,647
32,NORMA-20748,648
32,NORMA-20699,649
32,NORMA-6170,650
32,NORMA-18600,651
32,NORMA-2093,652
32,NORMA-2032,653
32,NORMA-317,654
32,NORMA-11649,655
32,NORMA-12631,656
32,NORMA-20027,657
32,NORMA-20810,658
32,NORMA-19121,659
32,NORMA-20846,660
32,NORMA-18950,661
32,NORMA-20840,662
32,NORMA-18492,663
32,NORMA-1211,664
32,NORMA-2171,665
32,NORMA-19503,666
32,NORMA-6880,667
32,NORMA-18889,668
32,NORMA-24583,669
32,NORMA-1088,670
32,NORMA-984,671
32,NORMA-21547,672
32,NORMA-20904,673
32,NORMA-19513,674
32,NORMA-2413,675
32,NORMA-20811,676
32,NORMA-11729,677
32,NORMA-21437,678
32,NORMA-21408,679
32,NORMA-4710,680
32,NORMA-19427,681
32,NORMA-21113,682
32,NORMA-12880,683
32,NORMA-205,684
32,NORMA-12649,685
32,NORMA-13594,686
32,NORMA-474,687
32,NORMA-20119,688
32,NORMA-18440,689
32,NORMA-19957,690
32,NORMA-21392,691
32,NORMA-1173,692
32,NORMA-21050,693
32,NORMA-20525,694
32,NORMA-1222,695
32,NORMA-3980,696
32,NORMA-20273,697
32,NORMA-20189,698
32,NORMA-19417,699
32,NORMA-20680,700
32,NORMA-19644,701
32,NORMA-865,702
32,NORMA-19745,703
32,NORMA-2546,704
32,NORMA-18601,705
32,NORMA-972,706
32,NORMA-12165,707
32,NORMA-8027,708
32,NORMA-14652,709
32,NORMA-18394,710
32,NORMA-966,711
32,NORMA-20646,712
32,NORMA-19382,713
32,NORMA-19734,714
32,NORMA-19181,715
32,NORMA-18996,716
32,NORMA-21046,717
32,NORMA-475,718
32,NORMA-18796,719
32,NORMA-10708,720
32,NORMA-19111,721
32,NORMA-144,722
32,NORMA-12014,723
32,NORMA-12234,724
32,NORMA-251,725
32,NORMA-19731,726
32,NORMA-18688,727
32,NORMA-19787,728
32,NORMA-21063,729
32,NORMA-5252,730
32,NORMA-12232,731
32,NORMA-1567,732
32,NORMA-4924,733
32,NORMA-28821,734
32,NORMA-4182,735
32,NORMA-6199,736
32,NORMA-249,737
32,NORMA-20857,738
32,NORMA-18225,739
32,NORMA-12900,740
32,NORMA-12901,741
32,NORMA-19081,742
32,NORMA-21002,743
32,NORMA-252,744
32,NORMA-20861,745
32,NORMA-19290,746
32,NORMA-11575,747
32,NORMA-2383,748
32,NORMA-250,749
32,NORMA-20408,750
32,NORMA-11757,751
32,NORMA-4926,752
32,NORMA-1217,753
32,NORMA-21606,754
32,NORMA-61,755
32,NORMA-21114,756
32,NORMA-21783,757
32,NORMA-231,758
32,NORMA-903,759
32,NORMA-19828,760
32,NORMA-22941,761
32,NORMA-18691,762
32,NORMA-11802,763
32,NORMA-10375,764
32,NORMA-2014,765
32,NORMA-17321,766
32,NORMA-4312,767
32,NORMA-5692,768
32,NORMA-19164,769
32,NORMA-19853,770
32,NORMA-20030,771
32,NORMA-6354,772
32,NORMA-634,773
32,NORMA-20723,774
32,NORMA-11766,775
32,NORMA-978,776
32,NORMA-21521,777
32,NORMA-18342,778
32,NORMA-11688,779
32,NORMA-20435,780
32,NORMA-24582,781
32,NORMA-27761,782
32,NORMA-21613,783
32,NORMA-21283,784
32,NORMA-1317,785
32,NORMA-19391,786
32,NORMA-10629,787
32,NORMA-12006,788
32,NORMA-21028,789
32,NORMA-20908,790
32,NORMA-18669,791
32,NORMA-3662,792
32,NORMA-20451,793
32,NORMA-19737,794
32,NORMA-19365,795
32,NORMA-13990,796
32,NORMA-18542,797
32,NORMA-18403,798
32,NORMA-23027,799
32,NORMA-18430,800
32,NORMA-21211,801
32,NORMA-1994,802
32,NORMA-218,803
32,NORMA-21370,804
32,NORMA-19490,805
32,NORMA-18565,806
32,NORMA-12169,807
32,NORMA-265,808
32,NORMA-21132,809
32,NORMA-19528,810
32,NORMA-28362,811
32,NORMA-1573,812
32,NORMA-20349,813
32,NORMA-6881,814
32,NORMA-18254,815
32,NORMA-21631,816
32,NORMA-20621,817
32,NORMA-19238,818
32,NORMA-6636,819
32,NORMA-6701,820
32,NORMA-5925,821
32,NORMA-21299,822
32,NORMA-20858,823
32,NORMA-19405,824
32,NORMA-19480,825
32,NORMA-20301,826
32,NORMA-4091,827
32,NORMA-11516,828
32,NORMA-1663,829
32,NORMA-6643,830
32,NORMA-19119,831
32,NORMA-13094,832
32,NORMA-19249,833
32,NORMA-19467,834
32,NORMA-20432,835
32,NORMA-18249,836
32,NORMA-18931,837
32,NORMA-14898,838
32,NORMA-985,839
32,NORMA-20948,840
32,NORMA-12060,841
32,NORMA-20258,842
32,NORMA-253,843
32,NORMA-7742,844
32,NORMA-17281,845
32,NORMA-21064,846
32,NORMA-21756,847
32,NORMA-14629,848
32,NORMA-11571,849
32,NORMA-20038,850
32,NORMA-18530,851
32,NORMA-12886,852
32,NORMA-18528,853
32,NORMA-10044,854
32,NORMA-20021,855
32,NORMA-22001,856
32,NORMA-19232,857
32,NORMA-18411,858
32,NORMA-12092,859
32,NORMA-18292,860
32,NORMA-11798,861
32,NORMA-18333,862
32,NORMA-15882,863
32,NORMA-21126,864
32,NORMA-21152,865
32,NORMA-19981,866
32,NORMA-19471,867
32,NORMA-18868,868
32,NORMA-1534,869
32,NORMA-5225,870
32,NORMA-11722,871
32,NORMA-20376,872
32,NORMA-5487,873
32,NORMA-217,874
32,NORMA-18844,875
32,NORMA-21085,876
32,NORMA-21699,877
32,NORMA-12089,878
32,NORMA-20086,879
32,NORMA-21470,880
32,NORMA-9481,881
32,NORMA-21649,882
32,NORMA-19798,883
32,NORMA-20993,884
32,NORMA-11433,885
32,NORMA-1619,886
32,NORMA-13469,887
32,NORMA-20304,888
32,NORMA-19977,889
32,NORMA-18958,890
32,NORMA-247,891
32,NORMA-18527,892
32,NORMA-19155,893
32,NORMA-4647,894
32,NORMA-4909,895
32,NORMA-20192,896
32,NORMA-19724,897
32,NORMA-20841,898
32,NORMA-19542,899
32,NORMA-970,900
32,NORMA-11621,901
32,NORMA-20917,902
32,NORMA-14113,903
32,NORMA-11567,904
32,NORMA-24102,905
32,NORMA-20369,906
32,NORMA-12039,907
32,NORMA-21506,908
32,NORMA-27101,909
32,NORMA-23581,910
32,NORMA-6758,911
32,NORMA-20907,912
32,NORMA-18789,913
32,NORMA-20854,914
32,NORMA-21668,915
32,NORMA-21273,916
32,NORMA-11570,917
32,NORMA-21666,918
32,NORMA-26,919
32,NORMA-6621,920
32,NORMA-7011,921
32,NORMA-3958,922
32,NORMA-8028,923
32,NORMA-12067,924
32,NORMA-20992,925
32,NORMA-13345,926
32,NORMA-6819,927
32,NORMA-12020,928
32,NORMA-11814,929
32,NORMA-16202,930
32,NORMA-1144,931
32,NORMA-6698,932
32,NORMA-18356,933
32,NORMA-20521,934
32,NORMA-6820,935
32,NORMA-14850,936
32,NORMA-3503,937
32,NORMA-20443,938
32,NORMA-21253,939
32,NORMA-20278,940
32,NORMA-6274,941
32,NORMA-19903,942
32,NORMA-416,943
32,NORMA-21484,944
32,NORMA-3966,945
32,NORMA-26124,946
32,NORMA-60,947
32,NORMA-21515,948
32,NORMA-9835,949
32,NORMA-20916,950
32,NORMA-674,951
32,NORMA-6970,952
32,NORMA-6316,953
32,NORMA-11723,954
32,NORMA-18654,955
32,NORMA-21434,956
32,NORMA-4746,957
32,NORMA-6181,958
32,NORMA-20185,959
32,NORMA-18804,960
32,NORMA-18432,961
32,NORMA-889,962
32,NORMA-21003,963
32,NORMA-20616,964
32,NORMA-20706,965
32,NORMA-923,966
32,NORMA-14688,967
32,NORMA-15229,968
32,NORMA-2660,969
32,NORMA-1419,970
32,NORMA-20526,971
32,NORMA-5989,972
32,NORMA-6630,973
32,NORMA-20888,974
32,NORMA-14937,975
32,NORMA-1250,976
32,NORMA-7798,977
32,NORMA-19009,978
32,NORMA-594,979
32,NORMA-20557,980
32,NORMA-8398,981
32,NORMA-1620,982
32,NORMA-20989,983
32,NORMA-13158,984
32,NORMA-20531,985
32,NORMA-18940,986
32,NORMA-20474,987
32,NORMA-20918,988
32,NORMA-18273,989
32,NORMA-555,990
32,NORMA-21135,991
32,NORMA-18583,992
32,NORMA-53,993
32,NORMA-6967,994
32,NORMA-20873,995
32,NORMA-19694,996
32,NORMA-462,997
32,NORMA-19571,998
32,NORMA-21110,999
32,NORMA-18818,1000
33,NORMA-21508,1
33,NORMA-22101,2
33,NORMA-21466,3
33,NORMA-21597,4
33,NORMA-229,5
33,NORMA-26124,6
33,NORMA-21261,7
33,NORMA-21394,8
33,NORMA-19977,9
33,NORMA-7279,10
33,NORMA-21245,11
33,NORMA-21407,12
33,NORMA-21650,13
33,NORMA-21456,14
33,NORMA-21446,15
33,NORMA-20096,16
33,NORMA-18293,17
33,NORMA-15561,18
33,NORMA-19609,19
33,NORMA-974,20
33,NORMA-19933,21
33,NORMA-19009,22
33,NORMA-20210,23
33,NORMA-1463,24
33,NORMA-21762,25
33,NORMA-21429,26
33,NORMA-21683,27
33,NORMA-1663,28
33,NORMA-21684,29
33,NORMA-18922,30
33,NORMA-20205,31
33,NORMA-20070,32
33,NORMA-20803,33
33,NORMA-20208,34
33,NORMA-21159,35
33,NORMA-2158,36
33,NORMA-20558,37
33,NORMA-5421,38
33,NORMA-18350,39
33,NORMA-1740,40
33,NORMA-18591,41
33,NORMA-21713,42
33,NORMA-3241,43
33,NORMA-2517,44
33,NORMA-14279,45
33,NORMA-13138,46
33,NORMA-19614,47
33,NORMA-21264,48
33,NORMA-19573,49
33,NORMA-7149,50
33,NORMA-21661,51
33,NORMA-6199,52
33,NORMA-19919,53
33,NORMA-8384,54
33,NORMA-19962,55
33,NORMA-8522,56
33,NORMA-1573,57
33,NORMA-20813,58
33,NORMA-835,59
33,NORMA-21705,60
33,NORMA-8027,61
33,NORMA-28362,62
33,NORMA-21625,63
33,NORMA-20869,64
33,NORMA-21496,65
33,NORMA-21437,66
33,NORMA-772,67
33,NORMA-20186,68
33,NORMA-13508,69
33,NORMA-1471,70
33,NORMA-19542,71
33,NORMA-20802,72
33,NORMA-11751,73
33,NORMA-21313,74
33,NORMA-9821,75
33,NORMA-21588,76
33,NORMA-21530,77
33,NORMA-20849,78
33,NORMA-19557,79
33,NORMA-3642,80
33,NORMA-4710,81
33,NORMA-802,82
33,NORMA-11588,83
33,NORMA-7384,84
33,NORMA-1994,85
33,NORMA-19352,86
33,NORMA-21544,87
33,NORMA-12588,88
33,NORMA-11198,89
33,NORMA-19981,90
33,NORMA-59,91
33,NORMA-660,92
33,NORMA-12663,93
33,NORMA-20189,94
33,NORMA-7022,95
33,NORMA-801,96
33,NORMA-2185,97
33,NORMA-11655,98
33,NORMA-20425,99
33,NORMA-14239,100
33,NORMA-19798,101
33,NORMA-1611,102
33,NORMA-21756,103
33,NORMA-27761,104
33,NORMA-15921,105
33,NORMA-554,106
33,NORMA-2013,107
33,NORMA-7525,108
33,NORMA-7381,109
33,NORMA-3638,110
33,NORMA-7241,111
33,NORMA-20206,112
33,NORMA-21626,113
33,NORMA-19096,114
33,NORMA-15521,115
33,NORMA-6856,116
33,NORMA-20029,117
33,NORMA-15901,118
33,NORMA-6268,119
33,NORMA-14898,120
33,NORMA-12089,121
33,NORMA-19351,122
33,NORMA-19039,123
33,NORMA-19947,124
33,NORMA-19621,125
33,NORMA-6318,126
33,NORMA-21550,127
33,NORMA-21012,128
33,NORMA-25523,129
33,NORMA-1421,130
33,NORMA-8773,131
33,NORMA-7390,132
33,NORMA-6669,133
33,NORMA-20091,134
33,NORMA-6185,135
33,NORMA-20397,136
33,NORMA-6645,137
33,NORMA-4587,138
33,NORMA-6636,139
33,NORMA-20065,140
33,NORMA-1317,141
33,NORMA-28001,142
33,NORMA-10821,143
33,NORMA-6698,144
33,NORMA-18933,145
33,NORMA-9834,146
33,NORMA-13195,147
33,NORMA-20902,148
33,NORMA-6641,149
33,NORMA-21023,150
33,NORMA-6621,151
33,NORMA-12886,152
33,NORMA-19853,153
33,NORMA-21459,154
33,NORMA-18858,155
33,NORMA-20185,156
33,NORMA-61,157
33,NORMA-28181,158
33,NORMA-20581,159
33,NORMA-9382,160
33,NORMA-18530,161
33,NORMA-18286,162
33,NORMA-18207,163
33,NORMA-15237,164
33,NORMA-18952,165
33,NORMA-21310,166
33,NORMA-21367,167
33,NORMA-16202,168
33,NORMA-19646,169
33,NORMA-22941,170
33,NORMA-6488,171
33,NORMA-14788,172
33,NORMA-10878,173
33,NORMA-3201,174
33,NORMA-9792,175
33,NORMA-21211,176
33,NORMA-21090,177
33,NORMA-19553,178
33,NORMA-19459,179
33,NORMA-7194,180
33,NORMA-11882,181
33,NORMA-14985,182
33,NORMA-11086,183
33,NORMA-704,184
33,NORMA-15272,185
33,NORMA-6082,186
33,NORMA-14673,187
33,NORMA-20569,188
33,NORMA-6948,189
33,NORMA-21253,190
33,NORMA-15211,191
33,NORMA-12067,192
33,NORMA-6955,193
33,NORMA-21563,194
33,NORMA-14459,195
33,NORMA-13552,196
33,NORMA-9888,197
33,NORMA-21651,198
33,NORMA-17321,199
33,NORMA-21695,200
33,NORMA-20917,201
33,NORMA-21678,202
33,NORMA-20865,203
33,NORMA-1534,204
33,NORMA-5925,205
33,NORMA-20616,206
33,NORMA-13158,207
33,NORMA-6895,208
33,NORMA-9893,209
33,NORMA-27063,210
33,NORMA-19596,211
33,NORMA-19903,212
33,NORMA-13469,213
33,NORMA-21224,214
33,NORMA-21462,215
33,NORMA-9785,216
33,NORMA-21539,217
33,NORMA-15060,218
33,NORMA-14302,219
33,NORMA-20028,220
33,NORMA-1175,221
33,NORMA-21607,222
33,NORMA-19787,223
33,NORMA-9595,224
33,NORMA-8028,225
33,NORMA-18385,226
33,NORMA-21553,227
33,NORMA-21479,228
33,NORMA-20077,229
33,NORMA-21210,230
33,NORMA-20197,231
33,NORMA-18690,232
33,NORMA-20554,233
33,NORMA-19632,234
33,NORMA-6954,235
33,NORMA-6962,236
33,NORMA-10708,237
33,NORMA-21721,238
33,NORMA-20314,239
33,NORMA-20329,240
33,NORMA-8814,241
33,NORMA-20334,242
33,NORMA-33288,243
33,NORMA-20870,244
33,NORMA-20321,245
33,NORMA-9823,246
33,NORMA-21220,247
33,NORMA-332,248
33,NORMA-14937,249
33,NORMA-21554,250
33,NORMA-20191,251
33,NORMA-21254,252
33,NORMA-33308,253
33,NORMA-21226,254
33,NORMA-15541,255
33,NORMA-19617,256
33,NORMA-11735,257
33,NORMA-3281,258
33,NORMA-20194,259
33,NORMA-26201,260
33,NORMA-19431,261
33,NORMA-18337,262
33,NORMA-21526,263
33,NORMA-13864,264
33,NORMA-20192,265
33,NORMA-21484,266
33,NORMA-20549,267
33,NORMA-20336,268
33,NORMA-21114,269
33,NORMA-7466,270
33,NORMA-15881,271
33,NORMA-11417,272
33,NORMA-594,273
33,NORMA-20541,274
33,NORMA-12113,275
33,NORMA-20545,276
33,NORMA-18818,277
33,NORMA-13160,278
33,NORMA-21739,279
33,NORMA-28422,280
33,NORMA-15542,281
33,NORMA-20602,282
33,NORMA-11419,283
33,NORMA-27384,284
33,NORMA-18439,285
33,NORMA-20859,286
33,NORMA-19152,287
33,NORMA-11599,288
33,NORMA-1613,289
33,NORMA-14293,290
33,NORMA-21152,291
33,NORMA-21752,292
33,NORMA-10843,293
33,NORMA-19647,294
33,NORMA-29005,295
33,NORMA-21717,296
33,NORMA-9481,297
33,NORMA-6083,298
33,NORMA-21242,299
33,NORMA-19842,300
33,NORMA-11236,301
33,NORMA-19727,302
33,NORMA-3381,303
33,NORMA-217,304
33,NORMA-2184,305
33,NORMA-14814,306
33,NORMA-6783,307
33,NORMA-12169,308
33,NORMA-3571,309
33,NORMA-19593,310
33,NORMA-18549,311
33,NORMA-18631,312
33,NORMA-20811,313
33,NORMA-7222,314
33,NORMA-11594,315
33,NORMA-21217,316
33,NORMA-9724,317
33,NORMA-11614,318
33,NORMA-578,319
33,NORMA-19037,320
33,NORMA-19650,321
33,NORMA-11684,322
33,NORMA-13473,323
33,NORMA-6759,324
33,NORMA-1171,325
33,NORMA-878,326
33,NORMA-4091,327
33,NORMA-13771,328
33,NORMA-20995,329
33,NORMA-7113,330
33,NORMA-7225,331
33,NORMA-20583,332
33,NORMA-7386,333
33,NORMA-20538,334
33,NORMA-4219,335
33,NORMA-4314,336
33,NORMA-27501,337
33,NORMA-19297,338
33,NORMA-11454,339
33,NORMA-13323,340
33,NORMA-21776,341
33,NORMA-13954,342
33,NORMA-923,343
33,NORMA-20195,344
33,NORMA-21147,345
33,NORMA-3825,346
33,NORMA-19574,347
33,NORMA-20429,348
33,NORMA-4746,349
33,NORMA-5536,350
33,NORMA-20183,351
33,NORMA-21157,352
33,NORMA-20966,353
33,NORMA-754,354
33,NORMA-6257,355
33,NORMA-7651,356
33,NORMA-19684,357
33,NORMA-18747,358
33,NORMA-8435,359
33,NORMA-6509,360
33,NORMA-18265,361
33,NORMA-10994,362
33,NORMA-4818,363
33,NORMA-20677,364
33,NORMA-20793,365
33,NORMA-19343,366
33,NORMA-423,367
33,NORMA-1516,368
33,NORMA-2089,369
33,NORMA-19624,370
33,NORMA-19635,371
33,NORMA-18359,372
33,NORMA-6140,373
33,NORMA-2546,374
33,NORMA-27366,375
33,NORMA-18979,376
33,NORMA-12664,377
33,NORMA-18201,378
33,NORMA-19095,379
33,NORMA-10267,380
33,NORMA-21648,381
33,NORMA-6958,382
33,NORMA-21694,383
33,NORMA-21691,384
33,NORMA-19845,385
33,NORMA-21113,386
33,NORMA-6752,387
33,NORMA-12952,388
33,NORMA-19221,389
33,NORMA-4909,390
33,NORMA-20184,391
33,NORMA-9835,392
33,NORMA-4830,393
33,NORMA-6644,394
33,NORMA-1999,395
33,NORMA-20432,396
33,NORMA-6321,397
33,NORMA-6764,398
33,NORMA-21768,399
33,NORMA-219,400
33,NORMA-19103,401
33,NORMA-19730,402
33,NORMA-21790,403
33,NORMA-18303,404
33,NORMA-6684,405
33,NORMA-1341,406
33,NORMA-18583,407
33,NORMA-15229,408
33,NORMA-20557,409
33,NORMA-2005,410
33,NORMA-21521,411
33,NORMA-18333,412
33,NORMA-8931,413
33,NORMA-13534,414
33,NORMA-19655,415
33,NORMA-20999,416
33,NORMA-18780,417
33,NORMA-2032,418
33,NORMA-14874,419
33,NORMA-6249,420
33,NORMA-19128,421
33,NORMA-27045,422
33,NORMA-21419,423
33,NORMA-20103,424
33,NORMA-18835,425
33,NORMA-1141,426
33,NORMA-28961,427
33,NORMA-26701,428
33,NORMA-13345,429
33,NORMA-18967,430
33,NORMA-21595,431
33,NORMA-82,432
33,NORMA-14462,433
33,NORMA-26102,434
33,NORMA-14850,435
33,NORMA-19644,436
33,NORMA-18915,437
33,NORMA-13545,438
33,NORMA-18360,439
33,NORMA-13586,440
33,NORMA-3510,441
33,NORMA-21225,442
33,NORMA-18396,443
33,NORMA-11418,444
33,NORMA-228,445
33,NORMA-6354,446
33,NORMA-13472,447
33,NORMA-972,448
33,NORMA-20710,449
33,NORMA-21468,450
33,NORMA-20202,451
33,NORMA-783,452
33,NORMA-20708,453
33,NORMA-20190,454
33,NORMA-12657,455
33,NORMA-19597,456
33,NORMA-13392,457
33,NORMA-18554,458
33,NORMA-14688,459
33,NORMA-20857,460
33,NORMA-20426,461
33,NORMA-13218,462
33,NORMA-3511,463
33,NORMA-20316,464
33,NORMA-13106,465
33,NORMA-19634,466
33,NORMA-1250,467
33,NORMA-6505,468
33,NORMA-21236,469
33,NORMA-21609,470
33,NORMA-11739,471
33,NORMA-560,472
33,NORMA-19295,473
33,NORMA-21231,474
33,NORMA-20871,475
33,NORMA-33728,476
33,NORMA-13237,477
33,NORMA-18432,478
33,NORMA-14890,479
33,NORMA-19092,480
33,NORMA-4906,481
33,NORMA-21384,482
33,NORMA-13769,483
33,NORMA-21784,484
33,NORMA-18722,485
33,NORMA-208,486
33,NORMA-19444,487
33,NORMA-4631,488
33,NORMA-20423,489
33,NORMA-18816,490
33,NORMA-6316,491
33,NORMA-6181,492
33,NORMA-5361,493
33,NORMA-20188,494
33,NORMA-4278,495
33,NORMA-7110,496
33,NORMA-3181,497
33,NORMA-5495,498
33,NORMA-19155,499
33,NORMA-20167,500
33,NORMA-18992,501
33,NORMA-21215,502
33,NORMA-6623,503
33,NORMA-462,504
33,NORMA-20796,505
33,NORMA-6758,506
33,NORMA-19387,507
33,NORMA-12872,508
33,NORMA-18741,509
33,NORMA-19792,510
33,NORMA-21589,511
33,NORMA-19245,512
33,NORMA-6630,513
33,NORMA-19205,514
33,NORMA-19952,515
33,NORMA-20408,516
33,NORMA-19631,517
33,NORMA-21126,518
33,NORMA-11664,519
33,NORMA-6256,520
33,NORMA-19968,521
33,NORMA-207,522
33,NORMA-20494,523
33,NORMA-21232,524
33,NORMA-19391,525
33,NORMA-18225,526
33,NORMA-21003,527
33,NORMA-23881,528
33,NORMA-15701,529
33,NORMA-3979,530
33,NORMA-10797,531
33,NORMA-6629,532
33,NORMA-20224,533
33,NORMA-18669,534
33,NORMA-21699,535
33,NORMA-13298,536
33,NORMA-5170,537
33,NORMA-9457,538
33,NORMA-20941,539
33,NORMA-21244,540
33,NORMA-21606,541
33,NORMA-7012,542
33,NORMA-27062,543
33,NORMA-13671,544
33,NORMA-27064,545
33,NORMA-180,546
33,NORMA-6967,547
33,NORMA-8442,548
33,NORMA-20985,549
33,NORMA-21783,550
33,NORMA-9297,551
33,NORMA-10375,552
33,NORMA-34,553
33,NORMA-21647,554
33,NORMA-11621,555
33,NORMA-20098,556
33,NORMA-558,557
33,NORMA-6880,558
33,NORMA-21258,559
33,NORMA-14661,560
33,NORMA-5335,561
33,NORMA-18981,562
33,NORMA-12492,563
33,NORMA-19715,564
33,NORMA-18911,565
33,NORMA-20239,566
33,NORMA-75,567
33,NORMA-18646,568
33,NORMA-20179,569
33,NORMA-15208,570
33,NORMA-28586,571
33,NORMA-13471,572
33,NORMA-12859,573
33,NORMA-20072,574
33,NORMA-6894,575
33,NORMA-12858,576
33,NORMA-20055,577
33,NORMA-18528,578
33,NORMA-19874,579
33,NORMA-18436,580
33,NORMA-20989,581
33,NORMA-20301,582
33,NORMA-15242,583
33,NORMA-10629,584
33,NORMA-14099,585
33,NORMA-21158,586
33,NORMA-11087,587
33,NORMA-9384,588
33,NORMA-19408,589
33,NORMA-8774,590
33,NORMA-21561,591
33,NORMA-1222,592
33,NORMA-14463,593
33,NORMA-20499,594
33,NORMA-4588,595
33,NORMA-11496,596
33,NORMA-19328,597
33,NORMA-6343,598
33,NORMA-20182,599
33,NORMA-6627,600
33,NORMA-19638,601
33,NORMA-18838,602
33,NORMA-20135,603
33,NORMA-7389,604
33,NORMA-4586,605
33,NORMA-19358,606
33,NORMA-18917,607
33,NORMA-749,608
33,NORMA-883,609
33,NORMA-18474,610
33,NORMA-13480,611
33,NORMA-8119,612
33,NORMA-3819,613
33,NORMA-11164,614
33,NORMA-20473,615
33,NORMA-587,616
33,NORMA-21260,617
33,NORMA-28281,618
33,NORMA-15581,619
33,NORMA-21356,620
33,NORMA-1620,621
33,NORMA-509,622
33,NORMA-11760,623
33,NORMA-19875,624
33,NORMA-385,625
33,NORMA-19797,626
33,NORMA-21218,627
33,NORMA-1024,628
33,NORMA-21063,629
33,NORMA-6084,630
33,NORMA-588,631
33,NORMA-7027,632
33,NORMA-20448,633
33,NORMA-595,634
33,NORMA-20817,635
33,NORMA-938,636
33,NORMA-20171,637
33,NORMA-19237,638
33,NORMA-20253,639
33,NORMA-20660,640
33,NORMA-18988,641
33,NORMA-20840,642
33,NORMA-21029,643
33,NORMA-21461,644
33,NORMA-20421,645
33,NORMA-10041,646
33,NORMA-21659,647
33,NORMA-21382,648
33,NORMA-854,649
33,NORMA-19468,650
33,NORMA-15882,651
33,NORMA-19704,652
33,NORMA-6203,653
33,NORMA-20993,654
33,NORMA-6957,655
33,NORMA-12867,656
33,NORMA-14278,657
33,NORMA-25722,658
33,NORMA-11864,659
33,NORMA-18761,660
33,NORMA-19275,661
33,NORMA-20590,662
33,NORMA-18892,663
33,NORMA-20204,664
33,NORMA-21241,665
33,NORMA-18885,666
33,NORMA-8204,667
33,NORMA-11665,668
33,NORMA-8938,669
33,NORMA-20854,670
33,NORMA-21483,671
33,NORMA-13918,672
33,NORMA-12899,673
33,NORMA-31904,674
33,NORMA-21139,675
33,NORMA-19799,676
33,NORMA-12517,677
33,NORMA-19953,678
33,NORMA-19021,679
33,NORMA-222,680
33,NORMA-20474,681
33,NORMA-15004,682
33,NORMA-15118,683
33,NORMA-4515,684
33,NORMA-25902,685
33,NORMA-2413,686
33,NORMA-19649,687
33,NORMA-19941,688
33,NORMA-21655,689
33,NORMA-13583,690
33,NORMA-18978,691
33,NORMA-20839,692
33,NORMA-20422,693
33,NORMA-11888,694
33,NORMA-20443,695
33,NORMA-19871,696
33,NORMA-19643,697
33,NORMA-13470,698
33,NORMA-3741,699
33,NORMA-20292,700
33,NORMA-12161,701
33,NORMA-20852,702
33,NORMA-18706,703
33,NORMA-18762,704
33,NORMA-21286,705
33,NORMA-11798,706
33,NORMA-8458,707
33,NORMA-9110,708
33,NORMA-21279,709
33,NORMA-20560,710
33,NORMA-7942,711
33,NORMA-6253,712
33,NORMA-24742,713
33,NORMA-20627,714
33,NORMA-19384,715
33,NORMA-18217,716
33,NORMA-9670,717
33,NORMA-209,718
33,NORMA-21622,719
33,NORMA-7953,720
33,NORMA-27044,721
33,NORMA-11185,722
33,NORMA-7157,723
33,NORMA-21744,724
33,NORMA-27521,725
33,NORMA-18695,726
33,NORMA-20209,727
33,NORMA-18796,728
33,NORMA-21247,729
33,NORMA-18234,730
33,NORMA-8121,731
33,NORMA-12049,732
33,NORMA-19458,733
33,NORMA-5337,734
33,NORMA-20172,735
33,NORMA-18953,736
33,NORMA-5586,737
33,NORMA-8772,738
33,NORMA-18541,739
33,NORMA-18411,740
33,NORMA-20847,741
33,NORMA-21477,742
33,NORMA-10117,743
33,NORMA-10975,744
33,NORMA-19578,745
33,NORMA-19330,746
33,NORMA-18936,747
33,NORMA-20053,748
33,NORMA-11459,749
33,NORMA-20561,750
33,NORMA-3820,751
33,NORMA-27550,752
33,NORMA-21533,753
33,NORMA-3821,754
33,NORMA-12102,755
33,NORMA-8206,756
33,NORMA-19172,757
33,NORMA-211,758
33,NORMA-20451,759
33,NORMA-18709,760
33,NORMA-21046,761
33,NORMA-19587,762
33,NORMA-12048,763
33,NORMA-20582,764
33,NORMA-21173,765
33,NORMA-6595,766
33,NORMA-21537,767
33,NORMA-21631,768
33,NORMA-21342,769
33,NORMA-4297,770
33,NORMA-27341,771
33,NORMA-26003,772
33,NORMA-12027,773
33,NORMA-20157,774
33,NORMA-20971,775
33,NORMA-21745,776
33,NORMA-5626,777
33,NORMA-19942,778
33,NORMA-19965,779
33,NORMA-18605,780
33,NORMA-19213,781
33,NORMA-4898,782
33,NORMA-20460,783
33,NORMA-7148,784
33,NORMA-20914,785
33,NORMA-1535,786
33,NORMA-11272,787
33,NORMA-7280,788
33,NORMA-20531,789
33,NORMA-19520,790
33,NORMA-18223,791
33,NORMA-60,792
33,NORMA-27363,793
33,NORMA-5226,794
33,NORMA-19658,795
33,NORMA-10200,796
33,NORMA-19948,797
33,NORMA-20565,798
33,NORMA-21386,799
33,NORMA-28802,800
33,NORMA-19292,801
33,NORMA-20340,802
33,NORMA-20790,803
33,NORMA-19640,804
33,NORMA-19983,805
33,NORMA-21192,806
33,NORMA-28561,807
33,NORMA-20287,808
33,NORMA-19777,809
33,NORMA-20894,810
33,NORMA-18692,811
33,NORMA-18394,812
33,NORMA-21532,813
33,NORMA-19904,814
33,NORMA-7011,815
33,NORMA-25964,816
33,NORMA-18937,817
33,NORMA-21233,818
33,NORMA-6170,819
33,NORMA-21523,820
33,NORMA-20187,821
33,NORMA-9358,822
33,NORMA-24961,823
33,NORMA-19212,824
33,NORMA-18691,825
33,NORMA-10865,826
33,NORMA-20925,827
33,NORMA-6075,828
33,NORMA-19571,829
33,NORMA-21267,830
33,NORMA-18213,831
33,NORMA-19651,832
33,NORMA-2563,833
33,NORMA-5008,834
33,NORMA-20144,835
33,NORMA-18954,836
33,NORMA-18897,837
33,NORMA-21299,838
33,NORMA-21730,839
33,NORMA-18806,840
33,NORMA-20198,841
33,NORMA-18306,842
33,NORMA-19329,843
33,NORMA-6700,844
33,NORMA-20269,845
33,NORMA-19879,846
33,NORMA-21556,847
33,NORMA-18955,848
33,NORMA-20402,849
33,NORMA-14345,850
33,NORMA-20797,851
33,NORMA-20149,852
33,NORMA-20836,853
33,NORMA-18772,854
33,NORMA-8771,855
33,NORMA-18974,856
33,NORMA-6020,857
33,NORMA-21538,858
33,NORMA-10123,859
33,NORMA-21731,860
33,NORMA-5184,861
33,NORMA-21639,862
33,NORMA-21488,863
33,NORMA-20945,864
33,NORMA-7016,865
33,NORMA-19883,866
33,NORMA-21206,867
33,NORMA-21741,868
33,NORMA-13056,869
33,NORMA-1147,870
33,NORMA-21608,871
33,NORMA-13265,872
33,NORMA-21388,873
33,NORMA-12630,874
33,NORMA-18855,875
33,NORMA-309,876
33,NORMA-19081,877
33,NORMA-21404,878
33,NORMA-19337,879
33,NORMA-18801,880
33,NORMA-220,881
33,NORMA-20465,882
33,NORMA-21747,883
33,NORMA-20349,884
33,NORMA-20428,885
33,NORMA-29003,886
33,NORMA-19559,887
33,NORMA-20716,888
33,NORMA-19181,889
33,NORMA-20196,890
33,NORMA-18670,891
33,NORMA-13174,892
33,NORMA-12900,893
33,NORMA-12901,894
33,NORMA-15465,895
33,NORMA-15045,896
33,NORMA-19564,897
33,NORMA-20106,898
33,NORMA-92,899
33,NORMA-21249,900
33,NORMA-20566,901
33,NORMA-11715,902
33,NORMA-20064,903
33,NORMA-21524,904
33,NORMA-14542,905
33,NORMA-3577,906
33,NORMA-21248,907
33,NORMA-19315,908
33,NORMA-20841,909
33,NORMA-19232,910
33,NORMA-5360,911
33,NORMA-13111,912
33,NORMA-23682,913
33,NORMA-7015,914
33,NORMA-19928,915
33,NORMA-4820,916
33,NORMA-534,917
33,NORMA-3509,918
33,NORMA-14113,919
33,NORMA-19793,920
33,NORMA-4482,921
33,NORMA-5492,922
33,NORMA-6643,923
33,NORMA-6881,924
33,NORMA-6701,925
33,NORMA-30043,926
33,NORMA-12038,927
33,NORMA-943,928
33,NORMA-14508,929
33,NORMA-5496,930
33,NORMA-1419,931
33,NORMA-20258,932
33,NORMA-21418,933
33,NORMA-18420,934
33,NORMA-21223,935
33,NORMA-20705,936
33,NORMA-11470,937
33,NORMA-2425,938
33,NORMA-20762,939
33,NORMA-19119,940
33,NORMA-5162,941
33,NORMA-10309,942
33,NORMA-21702,943
33,NORMA-18430,944
33,NORMA-20891,945
33,NORMA-10116,946
33,NORMA-19249,947
33,NORMA-15027,948
33,NORMA-21043,949
33,NORMA-18654,950
33,NORMA-5969,951
33,NORMA-417,952
33,NORMA-4279,953
33,NORMA-19828,954
33,NORMA-11085,955
33,NORMA-18697,956
33,NORMA-8205,957
33,NORMA-20773,958
33,NORMA-20037,959
33,NORMA-21216,960
33,NORMA-19957,961
33,NORMA-1138,962
33,NORMA-21028,963
33,NORMA-21562,964
33,NORMA-18660,965
33,NORMA-20761,966
33,NORMA-18298,967
33,NORMA-5993,968
33,NORMA-14294,969
33,NORMA-1567,970
33,NORMA-28203,971
33,NORMA-14746,972
33,NORMA-21105,973
33,NORMA-20369,974
33,NORMA-21668,975
33,NORMA-19809,976
33,NORMA-14501,977
33,NORMA-27701,978
33,NORMA-14054,979
33,NORMA-12094,980
33,NORMA-19629,981
33,NORMA-19724,982
33,NORMA-12910,983
33,NORMA-20879,984
33,NORMA-18958,985
33,NORMA-21402,986
33,NORMA-19803,987
33,NORMA-18325,988
33,NORMA-17281,989
33,NORMA-20488,990
33,NORMA-231,991
33,NORMA-21757,992
33,NORMA-21624,993
33,NORMA-3382,994
33,NORMA-27364,995
33,NORMA-18918,996
33,NORMA-2551,997
33,NORMA-19010,998
33,NORMA-19061,999
33,NORMA-3824,1000
34,NORMA-21606,1
34,NORMA-3966,2
34,NORMA-21286,3
34,NORMA-19192,4
34,NORMA-206,5
34,NORMA-21344,6
34,NORMA-25902,7
34,NORMA-570,8
34,NORMA-21776,9
34,NORMA-21638,10
34,NORMA-21389,11
34,NORMA-3503,12
34,NORMA-21499,13
34,NORMA-21028,14
34,NORMA-20754,15
34,NORMA-18342,16
34,NORMA-19212,17
34,NORMA-18748,18
34,NORMA-21126,19
34,NORMA-20865,20
34,NORMA-19096,21
34,NORMA-21626,22
34,NORMA-18430,23
34,NORMA-21065,24
34,NORMA-6948,25
34,NORMA-17201,26
34,NORMA-18436,27
34,NORMA-13797,28
34,NORMA-21550,29
34,NORMA-19655,30
34,NORMA-12910,31
34,NORMA-22561,32
34,NORMA-21649,33
34,NORMA-20192,34
34,NORMA-20428,35
34,NORMA-20989,36
34,NORMA-21437,37
34,NORMA-21634,38
34,NORMA-8028,39
34,NORMA-3001,40
34,NORMA-20397,41
34,NORMA-6595,42
34,NORMA-20443,43
34,NORMA-21705,44
34,NORMA-13514,45
34,NORMA-21519,46
34,NORMA-6389,47
34,NORMA-20703,48
34,NORMA-12965,49
34,NORMA-20632,50
34,NORMA-616,51
34,NORMA-21783,52
34,NORMA-18818,53
34,NORMA-30043,54
34,NORMA-20182,55
34,NORMA-18722,56
34,NORMA-20197,57
34,NORMA-20163,58
34,NORMA-19512,59
34,NORMA-20995,60
34,NORMA-19658,61
34,NORMA-14390,62
34,NORMA-13265,63
34,NORMA-21367,64
34,NORMA-12630,65
34,NORMA-20196,66
34,NORMA-19416,67
34,NORMA-14581,68
34,NORMA-20169,69
34,NORMA-21521,70
34,NORMA-3661,71
34,NORMA-12437,72
34,NORMA-21739,73
34,NORMA-14542,74
34,NORMA-12314,75
34,NORMA-20426,76
34,NORMA-11184,77
34,NORMA-7156,78
34,NORMA-18424,79
34,NORMA-21537,80
34,NORMA-7867,81
34,NORMA-15045,82
34,NORMA-5336,83
34,NORMA-30724,84
34,NORMA-19181,85
34,NORMA-23682,86
34,NORMA-30726,87
34,NORMA-30725,88
34,NORMA-21071,89
34,NORMA-20186,90
34,NORMA-18838,91
34,NORMA-14744,92
34,NORMA-20223,93
34,NORMA-21650,94
34,NORMA-21147,95
34,NORMA-12371,96
34,NORMA-20943,97
34,NORMA-18221,98
34,NORMA-18697,99
34,NORMA-12490,100
34,NORMA-20914,101
34,NORMA-12379,102
34,NORMA-21135,103
34,NORMA-20474,104
34,NORMA-21063,105
34,NORMA-14366,106
34,NORMA-19138,107
34,NORMA-19799,108
34,NORMA-18293,109
34,NORMA-16402,110
34,NORMA-15603,111
34,NORMA-21277,112
34,NORMA-20730,113
34,NORMA-18492,114
34,NORMA-18418,115
34,NORMA-19444,116
34,NORMA-12900,117
34,NORMA-12901,118
34,NORMA-18989,119
34,NORMA-19152,120
34,NORMA-19245,121
34,NORMA-18656,122
34,NORMA-18378,123
34,NORMA-27063,124
34,NORMA-1419,125
34,NORMA-18434,126
34,NORMA-21419,127
34,NORMA-18450,128
34,NORMA-20950,129
34,NORMA-20465,130
34,NORMA-21002,131
34,NORMA-12911,132
34,NORMA-27361,133
34,NORMA-4477,134
34,NORMA-20704,135
34,NORMA-20460,136
34,NORMA-2981,137
34,NORMA-19408,138
34,NORMA-19155,139
34,NORMA-14498,140
34,NORMA-6808,141
34,NORMA-9984,142
34,NORMA-2089,143
34,NORMA-19095,144
34,NORMA-26804,145
34,NORMA-21461,146
34,NORMA-31903,147
34,NORMA-20870,148
34,NORMA-20072,149
34,NORMA-18227,150
34,NORMA-2269,151
34,NORMA-20073,152
34,NORMA-18446,153
34,NORMA-6082,154
34,NORMA-21523,155
34,NORMA-19081,156
34,NORMA-20349,157
34,NORMA-20854,158
34,NORMA-21757,159
34,NORMA-19704,160
34,NORMA-11760,161
34,NORMA-19092,162
34,NORMA-27062,163
34,NORMA-21791,164
34,NORMA-26102,165
34,NORMA-21208,166
34,NORMA-15211,167
34,NORMA-20183,168
34,NORMA-19387,169
34,NORMA-18208,170
34,NORMA-20172,171
34,NORMA-20840,172
34,NORMA-19609,173
34,NORMA-20941,174
34,NORMA-21535,175
34,NORMA-19295,176
34,NORMA-19021,177
34,NORMA-19281,178
34,NORMA-19955,179
34,NORMA-21107,180
34,NORMA-20359,181
34,NORMA-18394,182
34,NORMA-16202,183
34,NORMA-18769,184
34,NORMA-18709,185
34,NORMA-21631,186
34,NORMA-20376,187
34,NORMA-19426,188
34,NORMA-21228,189
34,NORMA-981,190
34,NORMA-13772,191
34,NORMA-19436,192
34,NORMA-18502,193
34,NORMA-6851,194
34,NORMA-20389,195
34,NORMA-21608,196
34,NORMA-19103,197
34,NORMA-18870,198
34,NORMA-20134,199
34,NORMA-11756,200
34,NORMA-20473,201
34,NORMA-602,202
34,NORMA-21470,203
34,NORMA-18536,204
34,NORMA-19969,205
34,NORMA-54,206
34,NORMA-20812,207
34,NORMA-19787,208
34,NORMA-27064,209
34,NORMA-20407,210
34,NORMA-21139,211
34,NORMA-18654,212
34,NORMA-19542,213
34,NORMA-18646,214
34,NORMA-18414,215
34,NORMA-20421,216
34,NORMA-19431,217
34,NORMA-18375,218
34,NORMA-15239,219
34,NORMA-21012,220
34,NORMA-18780,221
34,NORMA-21150,222
34,NORMA-20189,223
34,NORMA-18427,224
34,NORMA-380,225
34,NORMA-20398,226
34,NORMA-18432,227
34,NORMA-18992,228
34,NORMA-19515,229
34,NORMA-20366,230
34,NORMA-53,231
34,NORMA-18364,232
34,NORMA-18554,233
34,NORMA-20796,234
34,NORMA-59,235
34,NORMA-20482,236
34,NORMA-14501,237
34,NORMA-20477,238
34,NORMA-21609,239
34,NORMA-18631,240
34,NORMA-18243,241
34,NORMA-20369,242
34,NORMA-14508,243
34,NORMA-2184,244
34,NORMA-21792,245
34,NORMA-21661,246
34,NORMA-18548,247
34,NORMA-27761,248
34,NORMA-554,249
34,NORMA-13158,250
34,NORMA-13056,251
34,NORMA-11577,252
34,NORMA-11572,253
34,NORMA-11316,254
34,NORMA-1,255
34,NORMA-21114,256
34,NORMA-19174,257
34,NORMA-11578,258
34,NORMA-14937,259
34,NORMA-21239,260
34,NORMA-19061,261
34,NORMA-13469,262
34,NORMA-13298,263
34,NORMA-21086,264
34,NORMA-18439,265
34,NORMA-21562,266
34,NORMA-18529,267
34,NORMA-19574,268
34,NORMA-21205,269
34,NORMA-19650,270
34,NORMA-5535,271
34,NORMA-18420,272
34,NORMA-20423,273
34,NORMA-20729,274
34,NORMA-18804,275
34,NORMA-18825,276
34,NORMA-893,277
34,NORMA-658,278
34,NORMA-20382,279
34,NORMA-6253,280
34,NORMA-20869,281
34,NORMA-21157,282
34,NORMA-19777,283
34,NORMA-19477,284
34,NORMA-18981,285
34,NORMA-20164,286
34,NORMA-21299,287
34,NORMA-20381,288
34,NORMA-21279,289
34,NORMA-12102,290
34,NORMA-21547,291
34,NORMA-19689,292
34,NORMA-2185,293
34,NORMA-21195,294
34,NORMA-21264,295
34,NORMA-21420,296
34,NORMA-15237,297
34,NORMA-1154,298
34,NORMA-21159,299
34,NORMA-18772,300
34,NORMA-19603,301
34,NORMA-20887,302
34,NORMA-21393,303
34,NORMA-19330,304
34,NORMA-20037,305
34,NORMA-21140,306
34,NORMA-18886,307
34,NORMA-20468,308
34,NORMA-26701,309
34,NORMA-14263,310
34,NORMA-220,311
34,NORMA-6645,312
34,NORMA-21446,313
34,NORMA-7110,314
34,NORMA-10691,315
34,NORMA-21269,316
34,NORMA-25523,317
34,NORMA-801,318
34,NORMA-8814,319
34,NORMA-19859,320
34,NORMA-20557,321
34,NORMA-18691,322
34,NORMA-19128,323
34,NORMA-2413,324
34,NORMA-20885,325
34,NORMA-19581,326
34,NORMA-19724,327
34,NORMA-20202,328
34,NORMA-1611,329
34,NORMA-20336,330
34,NORMA-20166,331
34,NORMA-21300,332
34,NORMA-19329,333
34,NORMA-19933,334
34,NORMA-21217,335
34,NORMA-20444,336
34,NORMA-20917,337
34,NORMA-20901,338
34,NORMA-18350,339
34,NORMA-18746,340
34,NORMA-21249,341
34,NORMA-2375,342
34,NORMA-12067,343
34,NORMA-19729,344
34,NORMA-21698,345
34,NORMA-20053,346
34,NORMA-21630,347
34,NORMA-18325,348
34,NORMA-20108,349
34,NORMA-19667,350
34,NORMA-3181,351
34,NORMA-21659,352
34,NORMA-20408,353
34,NORMA-21434,354
34,NORMA-21676,355
34,NORMA-20710,356
34,NORMA-23521,357
34,NORMA-417,358
34,NORMA-19571,359
34,NORMA-412,360
34,NORMA-20188,361
34,NORMA-1144,362
34,NORMA-27449,363
34,NORMA-21388,364
34,NORMA-18205,365
34,NORMA-19651,366
34,NORMA-20992,367
34,NORMA-20185,368
34,NORMA-18403,369
34,NORMA-21131,370
34,NORMA-20672,371
34,NORMA-21267,372
34,NORMA-20778,373
34,NORMA-8772,374
34,NORMA-19573,375
34,NORMA-10034,376
34,NORMA-3511,377
34,NORMA-20990,378
34,NORMA-18292,379
34,NORMA-10975,380
34,NORMA-18303,381
34,NORMA-15662,382
34,NORMA-11798,383
34,NORMA-28466,384
34,NORMA-21500,385
34,NORMA-28361,386
34,NORMA-20476,387
34,NORMA-18206,388
34,NORMA-19582,389
34,NORMA-20168,390
34,NORMA-8575,391
34,NORMA-20921,392
34,NORMA-802,393
34,NORMA-12657,394
34,NORMA-20501,395
34,NORMA-13174,396
34,NORMA-2,397
34,NORMA-20198,398
34,NORMA-20263,399
34,NORMA-20204,400
34,NORMA-20671,401
34,NORMA-21544,402
34,NORMA-20922,403
34,NORMA-835,404
34,NORMA-18827,405
34,NORMA-20184,406
34,NORMA-18803,407
34,NORMA-22941,408
34,NORMA-3735,409
34,NORMA-14345,410
34,NORMA-5361,411
34,NORMA-3642,412
34,NORMA-20195,413
34,NORMA-20702,414
34,NORMA-416,415
34,NORMA-13995,416
34,NORMA-6022,417
34,NORMA-1567,418
34,NORMA-4278,419
34,NORMA-21366,420
34,NORMA-660,421
34,NORMA-20205,422
34,NORMA-15902,423
34,NORMA-20316,424
34,NORMA-20425,425
34,NORMA-20429,426
34,NORMA-20300,427
34,NORMA-18690,428
34,NORMA-883,429
34,NORMA-20432,430
34,NORMA-26,431
34,NORMA-20374,432
34,NORMA-21273,433
34,NORMA-11757,434
34,NORMA-18435,435
34,NORMA-6679,436
34,NORMA-2546,437
34,NORMA-6140,438
34,NORMA-19883,439
34,NORMA-21351,440
34,NORMA-7525,441
34,NORMA-20402,442
34,NORMA-18653,443
34,NORMA-7113,444
34,NORMA-18411,445
34,NORMA-646,446
34,NORMA-20422,447
34,NORMA-6291,448
34,NORMA-19588,449
34,NORMA-6268,450
34,NORMA-2013,451
34,NORMA-19730,452
34,NORMA-8435,453
34,NORMA-20793,454
34,NORMA-6629,455
34,NORMA-6521,456
34,NORMA-18822,457
34,NORMA-21767,458
34,NORMA-567,459
34,NORMA-21020,460
34,NORMA-20880,461
34,NORMA-20135,462
34,NORMA-21152,463
34,NORMA-21260,464
34,NORMA-588,465
34,NORMA-587,466
34,NORMA-21695,467
34,NORMA-7241,468
34,NORMA-19769,469
34,NORMA-19643,470
34,NORMA-14113,471
34,NORMA-60,472
34,NORMA-595,473
34,NORMA-21241,474
34,NORMA-19596,475
34,NORMA-19977,476
34,NORMA-21220,477
34,NORMA-18284,478
34,NORMA-19005,479
34,NORMA-21326,480
34,NORMA-21206,481
34,NORMA-18379,482
34,NORMA-3382,483
34,NORMA-18979,484
34,NORMA-207,485
34,NORMA-6894,486
34,NORMA-19715,487
34,NORMA-20836,488
34,NORMA-15027,489
34,NORMA-18873,490
34,NORMA-938,491
34,NORMA-1535,492
34,NORMA-228,493
34,NORMA-6962,494
34,NORMA-20209,495
34,NORMA-6783,496
34,NORMA-18531,497
34,NORMA-20834,498
34,NORMA-19303,499
34,NORMA-18451,500
34,NORMA-1092,501
34,NORMA-20480,502
34,NORMA-19014,503
34,NORMA-21110,504
34,NORMA-12048,505
34,NORMA-20734,506
34,NORMA-19784,507
34,NORMA-21185,508
34,NORMA-20490,509
34,NORMA-1024,510
34,NORMA-18280,511
34,NORMA-7225,512
34,NORMA-21744,513
34,NORMA-19770,514
34,NORMA-11272,515
34,NORMA-21625,516
34,NORMA-21417,517
34,NORMA-18835,518
34,NORMA-21586,519
34,NORMA-211,520
34,NORMA-9382,521
34,NORMA-208,522
34,NORMA-2014,523
34,NORMA-20902,524
34,NORMA-19751,525
34,NORMA-20690,526
34,NORMA-19275,527
34,NORMA-20859,528
34,NORMA-18730,529
34,NORMA-18248,530
34,NORMA-7387,531
34,NORMA-1283,532
34,NORMA-18224,533
34,NORMA-6758,534
34,NORMA-20452,535
34,NORMA-21252,536
34,NORMA-20301,537
34,NORMA-20221,538
34,NORMA-7386,539
34,NORMA-6736,540
34,NORMA-26881,541
34,NORMA-18212,542
34,NORMA-21398,543
34,NORMA-28203,544
34,NORMA-6185,545
34,NORMA-209,546
34,NORMA-20190,547
34,NORMA-20993,548
34,NORMA-18915,549
34,NORMA-3767,550
34,NORMA-7222,551
34,NORMA-16481,552
34,NORMA-18239,553
34,NORMA-4634,554
34,NORMA-7390,555
34,NORMA-13471,556
34,NORMA-6488,557
34,NORMA-21477,558
34,NORMA-21023,559
34,NORMA-22101,560
34,NORMA-21541,561
34,NORMA-18669,562
34,NORMA-9741,563
34,NORMA-20344,564
34,NORMA-19828,565
34,NORMA-14279,566
34,NORMA-1485,567
34,NORMA-20277,568
34,NORMA-1365,569
34,NORMA-21522,570
34,NORMA-8931,571
34,NORMA-11454,572
34,NORMA-21784,573
34,NORMA-21515,574
34,NORMA-21507,575
34,NORMA-18734,576
34,NORMA-21552,577
34,NORMA-9783,578
34,NORMA-19797,579
34,NORMA-9792,580
34,NORMA-15242,581
34,NORMA-26124,582
34,NORMA-16403,583
34,NORMA-19940,584
34,NORMA-20488,585
34,NORMA-20753,586
34,NORMA-31923,587
34,NORMA-21235,588
34,NORMA-21564,589
34,NORMA-19343,590
34,NORMA-19821,591
34,NORMA-19703,592
34,NORMA-20278,593
34,NORMA-27341,594
34,NORMA-1983,595
34,NORMA-2176,596
34,NORMA-2083,597
34,NORMA-2009,598
34,NORMA-5872,599
34,NORMA-18958,600
34,NORMA-2067,601
34,NORMA-20513,602
34,NORMA-20514,603
34,NORMA-5280,604
34,NORMA-20194,605
34,NORMA-7994,606
34,NORMA-9740,607
34,NORMA-20797,608
34,NORMA-1502,609
34,NORMA-17281,610
34,NORMA-21787,611
34,NORMA-20206,612
34,NORMA-20999,613
34,NORMA-6006,614
34,NORMA-10267,615
34,NORMA-4630,616
34,NORMA-8409,617
34,NORMA-21496,618
34,NORMA-7518,619
34,NORMA-22001,620
34,NORMA-21456,621
34,NORMA-20841,622
34,NORMA-18934,623
34,NORMA-8801,624
34,NORMA-6856,625
34,NORMA-834,626
34,NORMA-8556,627
34,NORMA-18201,628
34,NORMA-6208,629
34,NORMA-9332,630
34,NORMA-4549,631
34,NORMA-6677,632
34,NORMA-8557,633
34,NORMA-21402,634
34,NORMA-19290,635
34,NORMA-21026,636
34,NORMA-8012,637
34,NORMA-15028,638
34,NORMA-1613,639
34,NORMA-8840,640
34,NORMA-15581,641
34,NORMA-7502,642
34,NORMA-18604,643
34,NORMA-21085,644
34,NORMA-10117,645
34,NORMA-13519,646
34,NORMA-113,647
34,NORMA-479,648
34,NORMA-7397,649
34,NORMA-20578,650
34,NORMA-12066,651
34,NORMA-10788,652
34,NORMA-20912,653
34,NORMA-20602,654
34,NORMA-21508,655
34,NORMA-20171,656
34,NORMA-9862,657
34,NORMA-19167,658
34,NORMA-18648,659
34,NORMA-10668,660
34,NORMA-6056,661
34,NORMA-10017,662
34,NORMA-20098,663
34,NORMA-18412,664
34,NORMA-9738,665
34,NORMA-11563,666
34,NORMA-21173,667
34,NORMA-19583,668
34,NORMA-21218,669
34,NORMA-21418,670
34,NORMA-8698,671
34,NORMA-9739,672
34,NORMA-9737,673
34,NORMA-9861,674
34,NORMA-7712,675
34,NORMA-14878,676
34,NORMA-10610,677
34,NORMA-4620,678
34,NORMA-9855,679
34,NORMA-18630,680
34,NORMA-19800,681
34,NORMA-18638,682
34,NORMA-7583,683
34,NORMA-7526,684
34,NORMA-21384,685
34,NORMA-889,686
34,NORMA-7910,687
34,NORMA-21641,688
34,NORMA-28821,689
34,NORMA-8158,690
34,NORMA-21497,691
34,NORMA-21524,692
34,NORMA-10669,693
34,NORMA-5745,694
34,NORMA-21637,695
34,NORMA-19622,696
34,NORMA-20705,697
34,NORMA-5552,698
34,NORMA-7993,699
34,NORMA-20525,700
34,NORMA-20503,701
34,NORMA-19871,702
34,NORMA-7912,703
34,NORMA-21272,704
34,NORMA-20936,705
34,NORMA-8156,706
34,NORMA-6451,707
34,NORMA-7914,708
34,NORMA-6084,709
34,NORMA-18301,710
34,NORMA-12029,711
34,NORMA-20866,712
34,NORMA-18762,713
34,NORMA-7996,714
34,NORMA-984,715
34,NORMA-7913,716
34,NORMA-18511,717
34,NORMA-13229,718
34,NORMA-18341,719
34,NORMA-20736,720
34,NORMA-18219,721
34,NORMA-15521,722
34,NORMA-10018,723
34,NORMA-18885,724
34,NORMA-23222,725
34,NORMA-11627,726
34,NORMA-20851,727
34,NORMA-19845,728
34,NORMA-423,729
34,NORMA-21647,730
34,NORMA-11629,731
34,NORMA-280,732
34,NORMA-18997,733
34,NORMA-772,734
34,NORMA-20517,735
34,NORMA-20208,736
34,NORMA-7995,737
34,NORMA-16941,738
34,NORMA-21361,739
34,NORMA-21312,740
34,NORMA-23027,741
34,NORMA-1619,742
34,NORMA-11356,743
34,NORMA-20896,744
34,NORMA-20368,745
34,NORMA-281,746
34,NORMA-20536,747
34,NORMA-8706,748
34,NORMA-20191,749
34,NORMA-21046,750
34,NORMA-21168,751
34,NORMA-18549,752
34,NORMA-9936,753
34,NORMA-21189,754
34,NORMA-19947,755
34,NORMA-20371,756
34,NORMA-12859,757
34,NORMA-14724,758
34,NORMA-19384,759
34,NORMA-19605,760
34,NORMA-21352,761
34,NORMA-309,762
34,NORMA-12230,763
34,NORMA-15427,764
34,NORMA-15542,765
34,NORMA-24102,766
34,NORMA-20566,767
34,NORMA-19427,768
34,NORMA-11784,769
34,NORMA-560,770
34,NORMA-10931,771
34,NORMA-15465,772
34,NORMA-21017,773
34,NORMA-20448,774
34,NORMA-218,775
34,NORMA-12231,776
34,NORMA-1406,777
34,NORMA-4786,778
34,NORMA-20167,779
34,NORMA-11788,780
34,NORMA-1620,781
34,NORMA-20762,782
34,NORMA-21113,783
34,NORMA-20633,784
34,NORMA-12007,785
34,NORMA-12733,786
34,NORMA-12233,787
34,NORMA-20241,788
34,NORMA-20231,789
34,NORMA-5381,790
34,NORMA-12000,791
34,NORMA-18401,792
34,NORMA-20871,793
34,NORMA-15802,794
34,NORMA-20915,795
34,NORMA-18952,796
34,NORMA-22721,797
34,NORMA-20028,798
34,NORMA-6354,799
34,NORMA-19983,800
34,NORMA-21069,801
34,NORMA-21137,802
34,NORMA-20149,803
34,NORMA-6752,804
34,NORMA-21328,805
34,NORMA-20551,806
34,NORMA-12003,807
34,NORMA-20295,808
34,NORMA-20065,809
34,NORMA-20751,810
34,NORMA-23581,811
34,NORMA-19750,812
34,NORMA-19528,813
34,NORMA-20997,814
34,NORMA-21324,815
34,NORMA-18767,816
34,NORMA-11814,817
34,NORMA-6753,818
34,NORMA-11683,819
34,NORMA-11734,820
34,NORMA-25964,821
34,NORMA-21729,822
34,NORMA-6720,823
34,NORMA-21386,824
34,NORMA-75,825
34,NORMA-19621,826
34,NORMA-689,827
34,NORMA-19164,828
34,NORMA-12049,829
34,NORMA-11630,830
34,NORMA-12664,831
34,NORMA-231,832
34,NORMA-20526,833
34,NORMA-20763,834
34,NORMA-4792,835
34,NORMA-20631,836
34,NORMA-18747,837
34,NORMA-4500,838
34,NORMA-21184,839
34,NORMA-11778,840
34,NORMA-14788,841
34,NORMA-21413,842
34,NORMA-28181,843
34,NORMA-6641,844
34,NORMA-20299,845
34,NORMA-3638,846
34,NORMA-11655,847
34,NORMA-778,848
34,NORMA-20845,849
34,NORMA-20898,850
34,NORMA-18542,851
34,NORMA-14239,852
34,NORMA-18910,853
34,NORMA-18545,854
34,NORMA-20717,855
34,NORMA-19981,856
34,NORMA-20505,857
34,NORMA-19942,858
34,NORMA-19798,859
34,NORMA-19078,860
34,NORMA-10994,861
34,NORMA-20727,862
34,NORMA-7015,863
34,NORMA-19919,864
34,NORMA-20966,865
34,NORMA-20985,866
34,NORMA-20512,867
34,NORMA-19520,868
34,NORMA-3201,869
34,NORMA-10865,870
34,NORMA-9358,871
34,NORMA-19842,872
34,NORMA-21203,873
34,NORMA-20064,874
34,NORMA-19837,875
34,NORMA-19597,876
34,NORMA-18906,877
34,NORMA-20772,878
34,NORMA-19292,879
34,NORMA-6955,880
34,NORMA-20861,881
34,NORMA-1442,882
34,NORMA-18298,883
34,NORMA-20121,884
34,NORMA-854,885
34,NORMA-6249,886
34,NORMA-20157,887
34,NORMA-21278,888
34,NORMA-20280,889
34,NORMA-21788,890
34,NORMA-6318,891
34,NORMA-12229,892
34,NORMA-219,893
34,NORMA-21624,894
34,NORMA-535,895
34,NORMA-3721,896
34,NORMA-578,897
34,NORMA-9724,898
34,NORMA-1534,899
34,NORMA-18796,900
34,NORMA-6970,901
34,NORMA-6880,902
34,NORMA-20843,903
34,NORMA-1138,904
34,NORMA-23361,905
34,NORMA-18802,906
34,NORMA-21747,907
34,NORMA-20102,908
34,NORMA-7011,909
34,NORMA-18359,910
34,NORMA-20249,911
34,NORMA-20949,912
34,NORMA-6199,913
34,NORMA-18984,914
34,NORMA-20437,915
34,NORMA-5421,916
34,NORMA-11601,917
34,NORMA-19630,918
34,NORMA-18217,919
34,NORMA-6702,920
34,NORMA-21768,921
34,NORMA-18753,922
34,NORMA-20677,923
34,NORMA-18474,924
34,NORMA-1608,925
34,NORMA-27221,926
34,NORMA-7326,927
34,NORMA-7351,928
34,NORMA-19593,929
34,NORMA-13029,930
34,NORMA-18565,931
34,NORMA-18456,932
34,NORMA-6757,933
34,NORMA-124,934
34,NORMA-20574,935
34,NORMA-5008,936
34,NORMA-11300,937
34,NORMA-18463,938
34,NORMA-20597,939
34,NORMA-13990,940
34,NORMA-20884,941
34,NORMA-19809,942
34,NORMA-20007,943
34,NORMA-19629,944
34,NORMA-6954,945
34,NORMA-19830,946
34,NORMA-20091,947
34,NORMA-29003,948
34,NORMA-19652,949
34,NORMA-27687,950
34,NORMA-20523,951
34,NORMA-12245,952
34,NORMA-1315,953
34,NORMA-11715,954
34,NORMA-21309,955
34,NORMA-6075,956
34,NORMA-215,957
34,NORMA-9834,958
34,NORMA-22061,959
34,NORMA-21475,960
34,NORMA-7095,961
34,NORMA-18294,962
34,NORMA-21690,963
34,NORMA-1999,964
34,NORMA-21595,965
34,NORMA-21746,966
34,NORMA-7022,967
34,NORMA-4710,968
34,NORMA-18215,969
34,NORMA-19684,970
34,NORMA-28802,971
34,NORMA-28422,972
34,NORMA-19546,973
34,NORMA-18781,974
34,NORMA-729,975
34,NORMA-11621,976
34,NORMA-21774,977
34,NORMA-18552,978
34,NORMA-20451,979
34,NORMA-21407,980
34,NORMA-19961,981
34,NORMA-20603,982
34,NORMA-19632,983
34,NORMA-21752,984
34,NORMA-20139,985
34,NORMA-18302,986
34,NORMA-21762,987
34,NORMA-19234,988
34,NORMA-6636,989
34,NORMA-19417,990
34,NORMA-10531,991
34,NORMA-21004,992
34,NORMA-21683,993
34,NORMA-4909,994
34,NORMA-475,995
34,NORMA-21310,996
34,NORMA-18286,997
34,NORMA-1313,998
34,NORMA-10119,999
34,NORMA-17701,1000
35,NORMA-21305,1
35,NORMA-18450,2
35,NORMA-21367,3
35,NORMA-21437,4
35,NORMA-20445,5
35,NORMA-26841,6
35,NORMA-22941,7
35,NORMA-18522,8
35,NORMA-19152,9
35,NORMA-19829,10
35,NORMA-21398,11
35,NORMA-20726,12
35,NORMA-19700,13
35,NORMA-20258,14
35,NORMA-21725,15
35,NORMA-28981,16
35,NORMA-18287,17
35,NORMA-3342,18
35,NORMA-21521,19
35,NORMA-28181,20
35,NORMA-3241,21
35,NORMA-18396,22
35,NORMA-19787,23
35,NORMA-28281,24
35,NORMA-25523,25
35,NORMA-28961,26
35,NORMA-21506,27
35,NORMA-28362,28
35,NORMA-20021,29
35,NORMA-20027,30
35,NORMA-19190,31
35,NORMA-25201,32
35,NORMA-818,33
35,NORMA-19212,34
35,NORMA-20374,35
35,NORMA-24002,36
35,NORMA-20369,37
35,NORMA-2460,38
35,NORMA-20580,39
35,NORMA-21419,40
35,NORMA-19891,41
35,NORMA-984,42
35,NORMA-15701,43
35,NORMA-21523,44
35,NORMA-21357,45
35,NORMA-21310,46
35,NORMA-21537,47
35,NORMA-21705,48
35,NORMA-20758,49
35,NORMA-11798,50
35,NORMA-31904,51
35,NORMA-17221,52
35,NORMA-969,53
35,NORMA-61,54
35,NORMA-21127,55
35,NORMA-19866,56
35,NORMA-21273,57
35,NORMA-2158,58
35,NORMA-19233,59
35,NORMA-20503,60
35,NORMA-21114,61
35,NORMA-19232,62
35,NORMA-8028,63
35,NORMA-11739,64
35,NORMA-20422,65
35,NORMA-20800,66
35,NORMA-20465,67
35,NORMA-3281,68
35,NORMA-20359,69
35,NORMA-20474,70
35,NORMA-21028,71
35,NORMA-16268,72
35,NORMA-12035,73
35,NORMA-20460,74
35,NORMA-12015,75
35,NORMA-2447,76
35,NORMA-19387,77
35,NORMA-1740,78
35,NORMA-11999,79
35,NORMA-12160,80
35,NORMA-29441,81
35,NORMA-12002,82
35,NORMA-2517,83
35,NORMA-6948,84
35,NORMA-11872,85
35,NORMA-21783,86
35,NORMA-20501,87
35,NORMA-555,88
35,NORMA-20473,89
35,NORMA-20477,90
35,NORMA-27585,91
35,NORMA-21756,92
35,NORMA-20382,93
35,NORMA-996,94
35,NORMA-11780,95
35,NORMA-21239,96
35,NORMA-21267,97
35,NORMA-20407,98
35,NORMA-20398,99
35,NORMA-24583,100
35,NORMA-20799,101
35,NORMA-15561,102
35,NORMA-20428,103
35,NORMA-19378,104
35,NORMA-19923,105
35,NORMA-20389,106
35,NORMA-12005,107
35,NORMA-20366,108
35,NORMA-19096,109
35,NORMA-21626,110
35,NORMA-19969,111
35,NORMA-19540,112
35,NORMA-20349,113
35,NORMA-20476,114
35,NORMA-20376,115
35,NORMA-19883,116
35,NORMA-20435,117
35,NORMA-21550,118
35,NORMA-772,119
35,NORMA-21739,120
35,NORMA-20316,121
35,NORMA-729,122
35,NORMA-11792,123
35,NORMA-1619,124
35,NORMA-704,125
35,NORMA-18630,126
35,NORMA-11864,127
35,NORMA-416,128
35,NORMA-20505,129
35,NORMA-12228,130
35,NORMA-20488,131
35,NORMA-28001,132
35,NORMA-20482,133
35,NORMA-1663,134
35,NORMA-15004,135
35,NORMA-11790,136
35,NORMA-19081,137
35,NORMA-11877,138
35,NORMA-24582,139
35,NORMA-21431,140
35,NORMA-21821,141
35,NORMA-11631,142
35,NORMA-21259,143
35,NORMA-18780,144
35,NORMA-19859,145
35,NORMA-11868,146
35,NORMA-20590,147
35,NORMA-19732,148
35,NORMA-20869,149
35,NORMA-18958,150
35,NORMA-20557,151
35,NORMA-21257,152
35,NORMA-18446,153
35,NORMA-19119,154
35,NORMA-27521,155
35,NORMA-21467,156
35,NORMA-20468,157
35,NORMA-21691,158
35,NORMA-19784,159
35,NORMA-20137,160
35,NORMA-684,161
35,NORMA-19715,162
35,NORMA-19095,163
35,NORMA-21461,164
35,NORMA-21229,165
35,NORMA-17182,166
35,NORMA-21507,167
35,NORMA-20446,168
35,NORMA-18433,169
35,NORMA-20090,170
35,NORMA-19724,171
35,NORMA-11687,172
35,NORMA-20480,173
35,NORMA-20995,174
35,NORMA-20517,175
35,NORMA-20885,176
35,NORMA-19328,177
35,NORMA-19952,178
35,NORMA-14387,179
35,NORMA-2184,180
35,NORMA-18899,181
35,NORMA-20381,182
35,NORMA-18654,183
35,NORMA-21086,184
35,NORMA-19778,185
35,NORMA-15541,186
35,NORMA-18492,187
35,NORMA-23222,188
35,NORMA-20136,189
35,NORMA-15159,190
35,NORMA-2579,191
35,NORMA-21446,192
35,NORMA-20490,193
35,NORMA-21352,194
35,NORMA-18583,195
35,NORMA-18825,196
35,NORMA-20989,197
35,NORMA-28203,198
35,NORMA-20759,199
35,NORMA-19618,200
35,NORMA-883,201
35,NORMA-12657,202
35,NORMA-21434,203
35,NORMA-21345,204
35,NORMA-20217,205
35,NORMA-21668,206
35,NORMA-21728,207
35,NORMA-21220,208
35,NORMA-20753,209
35,NORMA-21417,210
35,NORMA-18430,211
35,NORMA-20219,212
35,NORMA-18549,213
35,NORMA-12049,214
35,NORMA-7110,215
35,NORMA-21752,216
35,NORMA-1303,217
35,NORMA-19275,218
35,NORMA-18803,219
35,NORMA-1222,220
35,NORMA-20487,221
35,NORMA-2567,222
35,NORMA-28422,223
35,NORMA-20277,224
35,NORMA-21391,225
35,NORMA-1620,226
35,NORMA-19474,227
35,NORMA-21218,228
35,NORMA-417,229
35,NORMA-25645,230
35,NORMA-29005,231
35,NORMA-22561,232
35,NORMA-19181,233
35,NORMA-6880,234
35,NORMA-27501,235
35,NORMA-21113,236
35,NORMA-19981,237
35,NORMA-21792,238
35,NORMA-20304,239
35,NORMA-20209,240
35,NORMA-1578,241
35,NORMA-24001,242
35,NORMA-20179,243
35,NORMA-19822,244
35,NORMA-15542,245
35,NORMA-21356,246
35,NORMA-20754,247
35,NORMA-19384,248
35,NORMA-1863,249
35,NORMA-21694,250
35,NORMA-12245,251
35,NORMA-18659,252
35,NORMA-20696,253
35,NORMA-18388,254
35,NORMA-21012,255
35,NORMA-19021,256
35,NORMA-19871,257
35,NORMA-6672,258
35,NORMA-3201,259
35,NORMA-1334,260
35,NORMA-20941,261
35,NORMA-20595,262
35,NORMA-21664,263
35,NORMA-21173,264
35,NORMA-21363,265
35,NORMA-18205,266
35,NORMA-20029,267
35,NORMA-21589,268
35,NORMA-11576,269
35,NORMA-18980,270
35,NORMA-20599,271
35,NORMA-19520,272
35,NORMA-21260,273
35,NORMA-19292,274
35,NORMA-21695,275
35,NORMA-21496,276
35,NORMA-18686,277
35,NORMA-1388,278
35,NORMA-21769,279
35,NORMA-21152,280
35,NORMA-328,281
35,NORMA-595,282
35,NORMA-19824,283
35,NORMA-10878,284
35,NORMA-21147,285
35,NORMA-19803,286
35,NORMA-11571,287
35,NORMA-21256,288
35,NORMA-21308,289
35,NORMA-6758,290
35,NORMA-19249,291
35,NORMA-20633,292
35,NORMA-1151,293
35,NORMA-1098,294
35,NORMA-1442,295
35,NORMA-19863,296
35,NORMA-7028,297
35,NORMA-19380,298
35,NORMA-1144,299
35,NORMA-19740,300
35,NORMA-12026,301
35,NORMA-20425,302
35,NORMA-18680,303
35,NORMA-783,304
35,NORMA-20677,305
35,NORMA-1406,306
35,NORMA-21228,307
35,NORMA-4830,308
35,NORMA-19506,309
35,NORMA-19001,310
35,NORMA-18981,311
35,NORMA-833,312
35,NORMA-11528,313
35,NORMA-29763,314
35,NORMA-19120,315
35,NORMA-777,316
35,NORMA-21515,317
35,NORMA-18752,318
35,NORMA-22101,319
35,NORMA-20794,320
35,NORMA-18231,321
35,NORMA-18233,322
35,NORMA-13323,323
35,NORMA-4746,324
35,NORMA-19125,325
35,NORMA-18344,326
35,NORMA-1516,327
35,NORMA-11767,328
35,NORMA-19580,329
35,NORMA-20263,330
35,NORMA-11766,331
35,NORMA-4909,332
35,NORMA-18642,333
35,NORMA-19256,334
35,NORMA-19432,335
35,NORMA-588,336
35,NORMA-587,337
35,NORMA-2522,338
35,NORMA-18724,339
35,NORMA-18570,340
35,NORMA-13583,341
35,NORMA-18690,342
35,NORMA-21766,343
35,NORMA-18820,344
35,NORMA-20865,345
35,NORMA-18447,346
35,NORMA-11734,347
35,NORMA-21413,348
35,NORMA-19084,349
35,NORMA-20908,350
35,NORMA-18210,351
35,NORMA-11524,352
35,NORMA-21333,353
35,NORMA-18796,354
35,NORMA-1535,355
35,NORMA-19953,356
35,NORMA-19800,357
35,NORMA-19607,358
35,NORMA-15237,359
35,NORMA-14011,360
35,NORMA-21760,361
35,NORMA-14577,362
35,NORMA-2003,363
35,NORMA-21561,364
35,NORMA-19272,365
35,NORMA-21599,366
35,NORMA-21323,367
35,NORMA-10821,368
35,NORMA-11574,369
35,NORMA-27555,370
35,NORMA-13003,371
35,NORMA-13416,372
35,NORMA-19895,373
35,NORMA-20508,374
35,NORMA-20402,375
35,NORMA-19456,376
35,NORMA-26102,377
35,NORMA-19308,378
35,NORMA-19247,379
35,NORMA-21737,380
35,NORMA-20206,381
35,NORMA-974,382
35,NORMA-21656,383
35,NORMA-19077,384
35,NORMA-20197,385
35,NORMA-1572,386
35,NORMA-20433,387
35,NORMA-15041,388
35,NORMA-14315,389
35,NORMA-19219,390
35,NORMA-16267,391
35,NORMA-13177,392
35,NORMA-15240,393
35,NORMA-14347,394
35,NORMA-21296,395
35,NORMA-20914,396
35,NORMA-20279,397
35,NORMA-23681,398
35,NORMA-13675,399
35,NORMA-18931,400
35,NORMA-3382,401
35,NORMA-16423,402
35,NORMA-14923,403
35,NORMA-19628,404
35,NORMA-21744,405
35,NORMA-19893,406
35,NORMA-1463,407
35,NORMA-28342,408
35,NORMA-20943,409
35,NORMA-21702,410
35,NORMA-14818,411
35,NORMA-22025,412
35,NORMA-12019,413
35,NORMA-26801,414
35,NORMA-29649,415
35,NORMA-13648,416
35,NORMA-13255,417
35,NORMA-13394,418
35,NORMA-6187,419
35,NORMA-21351,420
35,NORMA-25921,421
35,NORMA-25783,422
35,NORMA-18479,423
35,NORMA-20483,424
35,NORMA-13143,425
35,NORMA-20749,426
35,NORMA-11600,427
35,NORMA-76,428
35,NORMA-6713,429
35,NORMA-13886,430
35,NORMA-968,431
35,NORMA-19533,432
35,NORMA-2101,433
35,NORMA-21758,434
35,NORMA-26221,435
35,NORMA-14316,436
35,NORMA-11847,437
35,NORMA-11977,438
35,NORMA-12014,439
35,NORMA-12234,440
35,NORMA-19153,441
35,NORMA-20621,442
35,NORMA-20861,443
35,NORMA-10824,444
35,NORMA-18410,445
35,NORMA-18478,446
35,NORMA-18385,447
35,NORMA-19805,448
35,NORMA-19687,449
35,NORMA-18317,450
35,NORMA-21571,451
35,NORMA-19156,452
35,NORMA-12232,453
35,NORMA-21299,454
35,NORMA-18655,455
35,NORMA-16586,456
35,NORMA-20898,457
35,NORMA-18979,458
35,NORMA-20216,459
35,NORMA-18760,460
35,NORMA-2536,461
35,NORMA-19207,462
35,NORMA-24882,463
35,NORMA-18301,464
35,NORMA-11845,465
35,NORMA-18295,466
35,NORMA-2413,467
35,NORMA-2001,468
35,NORMA-18359,469
35,NORMA-19165,470
35,NORMA-29161,471
35,NORMA-18445,472
35,NORMA-27342,473
35,NORMA-20786,474
35,NORMA-11570,475
35,NORMA-19853,476
35,NORMA-21699,477
35,NORMA-20055,478
35,NORMA-11476,479
35,NORMA-11417,480
35,NORMA-483,481
35,NORMA-19845,482
35,NORMA-20625,483
35,NORMA-20792,484
35,NORMA-19929,485
35,NORMA-20195,486
35,NORMA-11577,487
35,NORMA-1812,488
35,NORMA-18641,489
35,NORMA-20072,490
35,NORMA-19571,491
35,NORMA-25525,492
35,NORMA-12006,493
35,NORMA-11572,494
35,NORMA-19221,495
35,NORMA-13719,496
35,NORMA-20447,497
35,NORMA-20371,498
35,NORMA-11621,499
35,NORMA-19473,500
35,NORMA-21069,501
35,NORMA-19774,502
35,NORMA-11578,503
35,NORMA-11758,504
35,NORMA-18394,505
35,NORMA-2496,506
35,NORMA-20522,507
35,NORMA-14857,508
35,NORMA-19977,509
35,NORMA-20796,510
35,NORMA-19092,511
35,NORMA-11473,512
35,NORMA-20948,513
35,NORMA-20053,514
35,NORMA-13801,515
35,NORMA-12024,516
35,NORMA-13556,517
35,NORMA-21328,518
35,NORMA-12032,519
35,NORMA-20215,520
35,NORMA-567,521
35,NORMA-19661,522
35,NORMA-11560,523
35,NORMA-9888,524
35,NORMA-10629,525
35,NORMA-19967,526
35,NORMA-20336,527
35,NORMA-11655,528
35,NORMA-10375,529
35,NORMA-214,530
35,NORMA-20185,531
35,NORMA-14239,532
35,NORMA-21205,533
35,NORMA-21185,534
35,NORMA-19982,535
35,NORMA-15521,536
35,NORMA-14466,537
35,NORMA-11805,538
35,NORMA-19297,539
35,NORMA-12729,540
35,NORMA-7384,541
35,NORMA-20616,542
35,NORMA-13080,543
35,NORMA-19809,544
35,NORMA-5626,545
35,NORMA-11000,546
35,NORMA-211,547
35,NORMA-17321,548
35,NORMA-12020,549
35,NORMA-21371,550
35,NORMA-19722,551
35,NORMA-8027,552
35,NORMA-11610,553
35,NORMA-1223,554
35,NORMA-19049,555
35,NORMA-21648,556
35,NORMA-20711,557
35,NORMA-2587,558
35,NORMA-24661,559
35,NORMA-21359,560
35,NORMA-20070,561
35,NORMA-20453,562
35,NORMA-20007,563
35,NORMA-21729,564
35,NORMA-425,565
35,NORMA-20450,566
35,NORMA-11998,567
35,NORMA-20584,568
35,NORMA-20577,569
35,NORMA-1217,570
35,NORMA-11679,571
35,NORMA-20715,572
35,NORMA-19696,573
35,NORMA-12048,574
35,NORMA-21634,575
35,NORMA-553,576
35,NORMA-20103,577
35,NORMA-20859,578
35,NORMA-21126,579
35,NORMA-21139,580
35,NORMA-20836,581
35,NORMA-13746,582
35,NORMA-20750,583
35,NORMA-21243,584
35,NORMA-14828,585
35,NORMA-24481,586
35,NORMA-16202,587
35,NORMA-16941,588
35,NORMA-11632,589
35,NORMA-15396,590
35,NORMA-12029,591
35,NORMA-9595,592
35,NORMA-24686,593
35,NORMA-12613,594
35,NORMA-11865,595
35,NORMA-1398,596
35,NORMA-21462,597
35,NORMA-20252,598
35,NORMA-19028,599
35,NORMA-209,600
35,NORMA-20531,601
35,NORMA-13789,602
35,NORMA-19966,603
35,NORMA-21343,604
35,NORMA-27365,605
35,NORMA-14937,606
35,NORMA-6856,607
35,NORMA-12586,608
35,NORMA-878,609
35,NORMA-20512,610
35,NORMA-1541,611
35,NORMA-11802,612
35,NORMA-20096,613
35,NORMA-9785,614
35,NORMA-20494,615
35,NORMA-21659,616
35,NORMA-18815,617
35,NORMA-19522,618
35,NORMA-16424,619
35,NORMA-5586,620
35,NORMA-18411,621
35,NORMA-27022,622
35,NORMA-20764,623
35,NORMA-13158,624
35,NORMA-21412,625
35,NORMA-21023,626
35,NORMA-21466,627
35,NORMA-3381,628
35,NORMA-19521,629
35,NORMA-18436,630
35,NORMA-19842,631
35,NORMA-20906,632
35,NORMA-20002,633
35,NORMA-18908,634
35,NORMA-18539,635
35,NORMA-19517,636
35,NORMA-19789,637
35,NORMA-20902,638
35,NORMA-21553,639
35,NORMA-20849,640
35,NORMA-21314,641
35,NORMA-21682,642
35,NORMA-20448,643
35,NORMA-20961,644
35,NORMA-19617,645
35,NORMA-19365,646
35,NORMA-3181,647
35,NORMA-19343,648
35,NORMA-11523,649
35,NORMA-21339,650
35,NORMA-15581,651
35,NORMA-20710,652
35,NORMA-14148,653
35,NORMA-20873,654
35,NORMA-20491,655
35,NORMA-20811,656
35,NORMA-21135,657
35,NORMA-11562,658
35,NORMA-20175,659
35,NORMA-20707,660
35,NORMA-21330,661
35,NORMA-3839,662
35,NORMA-13469,663
35,NORMA-11522,664
35,NORMA-19354,665
35,NORMA-12099,666
35,NORMA-19554,667
35,NORMA-21527,668
35,NORMA-20765,669
35,NORMA-13298,670
35,NORMA-9834,671
35,NORMA-12039,672
35,NORMA-9382,673
35,NORMA-14540,674
35,NORMA-18798,675
35,NORMA-20649,676
35,NORMA-21217,677
35,NORMA-11472,678
35,NORMA-20767,679
35,NORMA-20253,680
35,NORMA-985,681
35,NORMA-972,682
35,NORMA-19849,683
35,NORMA-20167,684
35,NORMA-19559,685
35,NORMA-21484,686
35,NORMA-6636,687
35,NORMA-6244,688
35,NORMA-22862,689
35,NORMA-19574,690
35,NORMA-19632,691
35,NORMA-11806,692
35,NORMA-18854,693
35,NORMA-21721,694
35,NORMA-20192,695
35,NORMA-19919,696
35,NORMA-20451,697
35,NORMA-20164,698
35,NORMA-19480,699
35,NORMA-580,700
35,NORMA-20432,701
35,NORMA-6627,702
35,NORMA-11771,703
35,NORMA-20947,704
35,NORMA-20264,705
35,NORMA-18515,706
35,NORMA-19605,707
35,NORMA-4219,708
35,NORMA-19557,709
35,NORMA-22241,710
35,NORMA-20682,711
35,NORMA-12092,712
35,NORMA-19659,713
35,NORMA-208,714
35,NORMA-20303,715
35,NORMA-20602,716
35,NORMA-20768,717
35,NORMA-11804,718
35,NORMA-20904,719
35,NORMA-5421,720
35,NORMA-16481,721
35,NORMA-18721,722
35,NORMA-21249,723
35,NORMA-11474,724
35,NORMA-745,725
35,NORMA-11904,726
35,NORMA-18601,727
35,NORMA-18434,728
35,NORMA-6316,729
35,NORMA-18936,730
35,NORMA-207,731
35,NORMA-19655,732
35,NORMA-11527,733
35,NORMA-20912,734
35,NORMA-9821,735
35,NORMA-11882,736
35,NORMA-19150,737
35,NORMA-20282,738
35,NORMA-12067,739
35,NORMA-15211,740
35,NORMA-9384,741
35,NORMA-20793,742
35,NORMA-19879,743
35,NORMA-838,744
35,NORMA-21556,745
35,NORMA-20888,746
35,NORMA-20426,747
35,NORMA-19033,748
35,NORMA-18824,749
35,NORMA-19718,750
35,NORMA-21530,751
35,NORMA-75,752
35,NORMA-20301,753
35,NORMA-23341,754
35,NORMA-913,755
35,NORMA-21384,756
35,NORMA-20028,757
35,NORMA-11779,758
35,NORMA-20959,759
35,NORMA-7381,760
35,NORMA-21532,761
35,NORMA-4423,762
35,NORMA-20871,763
35,NORMA-29003,764
35,NORMA-20157,765
35,NORMA-22721,766
35,NORMA-18746,767
35,NORMA-21784,768
35,NORMA-20280,769
35,NORMA-2981,770
35,NORMA-20844,771
35,NORMA-18375,772
35,NORMA-20778,773
35,NORMA-12113,774
35,NORMA-18432,775
35,NORMA-19426,776
35,NORMA-9792,777
35,NORMA-20106,778
35,NORMA-2269,779
35,NORMA-20443,780
35,NORMA-1567,781
35,NORMA-6957,782
35,NORMA-20999,783
35,NORMA-20840,784
35,NORMA-20997,785
35,NORMA-1024,786
35,NORMA-12165,787
35,NORMA-20100,788
35,NORMA-20191,789
35,NORMA-755,790
35,NORMA-18247,791
35,NORMA-20856,792
35,NORMA-2010,793
35,NORMA-19225,794
35,NORMA-11225,795
35,NORMA-19933,796
35,NORMA-10282,797
35,NORMA-9188,798
35,NORMA-15443,799
35,NORMA-20437,800
35,NORMA-20183,801
35,NORMA-15099,802
35,NORMA-20565,803
35,NORMA-19581,804
35,NORMA-6084,805
35,NORMA-20196,806
35,NORMA-6185,807
35,NORMA-13954,808
35,NORMA-12249,809
35,NORMA-11518,810
35,NORMA-19391,811
35,NORMA-18989,812
35,NORMA-1994,813
35,NORMA-778,814
35,NORMA-1412,815
35,NORMA-11736,816
35,NORMA-10027,817
35,NORMA-12255,818
35,NORMA-21524,819
35,NORMA-18952,820
35,NORMA-27761,821
35,NORMA-19603,822
35,NORMA-9124,823
35,NORMA-309,824
35,NORMA-20037,825
35,NORMA-31923,826
35,NORMA-21533,827
35,NORMA-8281,828
35,NORMA-18603,829
35,NORMA-18762,830
35,NORMA-18451,831
35,NORMA-18955,832
35,NORMA-21224,833
35,NORMA-20925,834
35,NORMA-20278,835
35,NORMA-21272,836
35,NORMA-13295,837
35,NORMA-19234,838
35,NORMA-18986,839
35,NORMA-20210,840
35,NORMA-18378,841
35,NORMA-18548,842
35,NORMA-20896,843
35,NORMA-4277,844
35,NORMA-19662,845
35,NORMA-11723,846
35,NORMA-17201,847
35,NORMA-21787,848
35,NORMA-332,849
35,NORMA-18221,850
35,NORMA-12103,851
35,NORMA-19462,852
35,NORMA-18424,853
35,NORMA-7100,854
35,NORMA-9893,855
35,NORMA-18293,856
35,NORMA-21269,857
35,NORMA-19798,858
35,NORMA-21206,859
35,NORMA-19205,860
35,NORMA-6752,861
35,NORMA-18219,862
35,NORMA-1613,863
35,NORMA-20182,864
35,NORMA-19573,865
35,NORMA-12236,866
35,NORMA-18563,867
35,NORMA-20737,868
35,NORMA-11920,869
35,NORMA-6343,870
35,NORMA-711,871
35,NORMA-19941,872
35,NORMA-21344,873
35,NORMA-18838,874
35,NORMA-20239,875
35,NORMA-6962,876
35,NORMA-23501,877
35,NORMA-21386,878
35,NORMA-20388,879
35,NORMA-19650,880
35,NORMA-21390,881
35,NORMA-20403,882
35,NORMA-10267,883
35,NORMA-6621,884
35,NORMA-3979,885
35,NORMA-11751,886
35,NORMA-573,887
35,NORMA-20396,888
35,NORMA-20199,889
35,NORMA-2563,890
35,NORMA-6673,891
35,NORMA-20223,892
35,NORMA-23521,893
35,NORMA-20581,894
35,NORMA-20709,895
35,NORMA-20996,896
35,NORMA-20284,897
35,NORMA-21661,898
35,NORMA-21609,899
35,NORMA-19797,900
35,NORMA-11814,901
35,NORMA-12415,902
35,NORMA-12923,903
35,NORMA-13124,904
35,NORMA-1341,905
35,NORMA-6181,906
35,NORMA-12733,907
35,NORMA-6676,908
35,NORMA-20928,909
35,NORMA-20222,910
35,NORMA-13308,911
35,NORMA-12910,912
35,NORMA-21107,913
35,NORMA-4425,914
35,NORMA-21509,915
35,NORMA-14746,916
35,NORMA-19639,917
35,NORMA-6630,918
35,NORMA-18303,919
35,NORMA-5170,920
35,NORMA-976,921
35,NORMA-7025,922
35,NORMA-2415,923
35,NORMA-19704,924
35,NORMA-27364,925
35,NORMA-20970,926
35,NORMA-11496,927
35,NORMA-385,928
35,NORMA-20850,929
35,NORMA-18214,930
35,NORMA-4863,931
35,NORMA-850,932
35,NORMA-535,933
35,NORMA-2444,934
35,NORMA-21625,935
35,NORMA-9297,936
35,NORMA-2367,937
35,NORMA-12038,938
35,NORMA-938,939
35,NORMA-2395,940
35,NORMA-6967,941
35,NORMA-19939,942
35,NORMA-2551,943
35,NORMA-21663,944
35,NORMA-20405,945
35,NORMA-20429,946
35,NORMA-1163,947
35,NORMA-12060,948
35,NORMA-10309,949
35,NORMA-20561,950
35,NORMA-21710,951
35,NORMA-20241,952
35,NORMA-31903,953
35,NORMA-1332,954
35,NORMA-12248,955
35,NORMA-1407,956
35,NORMA-1306,957
35,NORMA-6645,958
35,NORMA-21712,959
35,NORMA-358,960
35,NORMA-1674,961
35,NORMA-19568,962
35,NORMA-6757,963
35,NORMA-1420,964
35,NORMA-1179,965
35,NORMA-1346,966
35,NORMA-1129,967
35,NORMA-19841,968
35,NORMA-798,969
35,NORMA-21211,970
35,NORMA-20238,971
35,NORMA-875,972
35,NORMA-357,973
35,NORMA-21199,974
35,NORMA-1408,975
35,NORMA-6082,976
35,NORMA-11316,977
35,NORMA-6318,978
35,NORMA-751,979
35,NORMA-1280,980
35,NORMA-20271,981
35,NORMA-18201,982
35,NORMA-18406,983
35,NORMA-20853,984
35,NORMA-21408,985
35,NORMA-2181,986
35,NORMA-20569,987
35,NORMA-464,988
35,NORMA-18933,989
35,NORMA-1295,990
35,NORMA-1776,991
35,NORMA-11714,992
35,NORMA-20148,993
35,NORMA-2157,994
35,NORMA-1788,995
35,NORMA-26701,996
35,NORMA-1286,997
35,NORMA-736,998
35,NORMA-2456,999
35,NORMA-1390,1000
37,NORMA-17301,1
37,NORMA-23564,2
37,NORMA-21625,3
37,NORMA-27022,4
37,NORMA-15882,5
37,NORMA-25201,6
37,NORMA-14307,7
37,NORMA-28181,8
37,NORMA-16268,9
37,NORMA-15581,10
37,NORMA-15701,11
37,NORMA-3281,12
37,NORMA-28961,13
37,NORMA-15521,14
37,NORMA-27461,15
37,NORMA-27250,16
37,NORMA-21661,17
37,NORMA-27555,18
37,NORMA-28243,19
37,NORMA-26083,20
37,NORMA-28282,21
37,NORMA-27721,22
37,NORMA-27622,23
37,NORMA-21756,24
37,NORMA-26084,25
37,NORMA-16444,26
37,NORMA-29901,27
37,NORMA-27602,28
37,NORMA-27444,29
37,NORMA-27551,30
37,NORMA-19841,31
37,NORMA-462,32
37,NORMA-20113,33
37,NORMA-19739,34
37,NORMA-3261,35
37,NORMA-29186,36
37,NORMA-19573,37
37,NORMA-21210,38
37,NORMA-20097,39
37,NORMA-15542,40
37,NORMA-18622,41
37,NORMA-15561,42
37,NORMA-3674,43
37,NORMA-19833,44
37,NORMA-3241,45
37,NORMA-21211,46
37,NORMA-18699,47
37,NORMA-18534,48
37,NORMA-19981,49
37,NORMA-8393,50
37,NORMA-19611,51
37,NORMA-20157,52
37,NORMA-18383,53
37,NORMA-21015,54
37,NORMA-13474,55
37,NORMA-19599,56
37,NORMA-18417,57
37,NORMA-6764,58
37,NORMA-7714,59
37,NORMA-19107,60
37,NORMA-5251,61
37,NORMA-26841,62
37,NORMA-14377,63
37,NORMA-630,64
37,NORMA-3201,65
37,NORMA-18729,66
37,NORMA-21154,67
37,NORMA-18862,68
37,NORMA-21715,69
37,NORMA-19647,70
37,NORMA-28981,71
37,NORMA-19631,72
37,NORMA-6684,73
37,NORMA-11417,74
37,NORMA-19617,75
37,NORMA-8827,76
37,NORMA-21607,77
37,NORMA-18458,78
37,NORMA-17201,79
37,NORMA-16424,80
37,NORMA-16941,81
37,NORMA-18545,82
37,NORMA-14308,83
37,NORMA-22862,84
37,NORMA-21261,85
37,NORMA-18735,86
37,NORMA-19637,87
37,NORMA-18694,88
37,NORMA-18247,89
37,NORMA-21653,90
37,NORMA-8163,91
37,NORMA-18809,92
37,NORMA-19905,93
37,NORMA-18832,94
37,NORMA-19818,95
37,NORMA-4236,96
37,NORMA-21627,97
37,NORMA-4818,98
37,NORMA-8918,99
37,NORMA-8829,100
37,NORMA-15941,101
37,NORMA-13321,102
37,NORMA-27544,103
37,NORMA-14677,104
37,NORMA-14596,105
37,NORMA-18525,106
37,NORMA-12418,107
37,NORMA-8822,108
37,NORMA-5546,109
37,NORMA-19768,110
37,NORMA-19633,111
37,NORMA-20098,112
37,NORMA-5548,113
37,NORMA-18556,114
37,NORMA-5998,115
37,NORMA-6509,116
37,NORMA-19854,117
37,NORMA-11324,118
37,NORMA-27249,119
37,NORMA-9823,120
37,NORMA-18278,121
37,NORMA-7651,122
37,NORMA-19835,123
37,NORMA-8504,124
37,NORMA-16023,125
37,NORMA-5536,126
37,NORMA-24461,127
37,NORMA-8404,128
37,NORMA-8239,129
37,NORMA-18882,130
37,NORMA-12102,131
37,NORMA-6813,132
37,NORMA-7997,133
37,NORMA-8678,134
37,NORMA-18552,135
37,NORMA-19649,136
37,NORMA-21699,137
37,NORMA-11226,138
37,NORMA-27585,139
37,NORMA-27462,140
37,NORMA-217,141
37,NORMA-19699,142
37,NORMA-4863,143
37,NORMA-4868,144
37,NORMA-20802,145
37,NORMA-23642,146
37,NORMA-5692,147
37,NORMA-28362,148
37,NORMA-8398,149
37,NORMA-18858,150
37,NORMA-22401,151
37,NORMA-19740,152
37,NORMA-7241,153
37,NORMA-21226,154
37,NORMA-5007,155
37,NORMA-3877,156
37,NORMA-4259,157
37,NORMA-5225,158
37,NORMA-20164,159
37,NORMA-5475,160
37,NORMA-18883,161
37,NORMA-5416,162
37,NORMA-5031,163
37,NORMA-20056,164
37,NORMA-3967,165
37,NORMA-18474,166
37,NORMA-9821,167
37,NORMA-3804,168
37,NORMA-15068,169
37,NORMA-11742,170
37,NORMA-14858,171
37,NORMA-4473,172
37,NORMA-4124,173
37,NORMA-5410,174
37,NORMA-5034,175
37,NORMA-5842,176
37,NORMA-6954,177
37,NORMA-20795,178
37,NORMA-13555,179
37,NORMA-7729,180
37,NORMA-8313,181
37,NORMA-7021,182
37,NORMA-28781,183
37,NORMA-19823,184
37,NORMA-4219,185
37,NORMA-20151,186
37,NORMA-8562,187
37,NORMA-22644,188
37,NORMA-20643,189
37,NORMA-7205,190
37,NORMA-20084,191
37,NORMA-20180,192
37,NORMA-2531,193
37,NORMA-6955,194
37,NORMA-4091,195
37,NORMA-20264,196
37,NORMA-20237,197
37,NORMA-18898,198
37,NORMA-21223,199
37,NORMA-8502,200
37,NORMA-4442,201
37,NORMA-20236,202
37,NORMA-11515,203
37,NORMA-4412,204
37,NORMA-11728,205
37,NORMA-5874,206
37,NORMA-5982,207
37,NORMA-25441,208
37,NORMA-16481,209
37,NORMA-21230,210
37,NORMA-19272,211
37,NORMA-5730,212
37,NORMA-25801,213
37,NORMA-27543,214
37,NORMA-19855,215
37,NORMA-5900,216
37,NORMA-21496,217
37,NORMA-26684,218
37,NORMA-4393,219
37,NORMA-19077,220
37,NORMA-8240,221
37,NORMA-4768,222
37,NORMA-4467,223
37,NORMA-3512,224
37,NORMA-26807,225
37,NORMA-8168,226
37,NORMA-6670,227
37,NORMA-18232,228
37,NORMA-10118,229
37,NORMA-18340,230
37,NORMA-18937,231
37,NORMA-5621,232
37,NORMA-16321,233
37,NORMA-10708,234
37,NORMA-18954,235
37,NORMA-15781,236
37,NORMA-28341,237
37,NORMA-20108,238
37,NORMA-17682,239
37,NORMA-4038,240
37,NORMA-21214,241
37,NORMA-13195,242
37,NORMA-11472,243
37,NORMA-5653,244
37,NORMA-5938,245
37,NORMA-5359,246
37,NORMA-4284,247
37,NORMA-22721,248
37,NORMA-21216,249
37,NORMA-4379,250
37,NORMA-8499,251
37,NORMA-13480,252
37,NORMA-1863,253
37,NORMA-21626,254
37,NORMA-19096,255
37,NORMA-7722,256
37,NORMA-7921,257
37,NORMA-6252,258
37,NORMA-6645,259
37,NORMA-2140,260
37,NORMA-21550,261
37,NORMA-4628,262
37,NORMA-18376,263
37,NORMA-4979,264
37,NORMA-19944,265
37,NORMA-19379,266
37,NORMA-856,267
37,NORMA-19638,268
37,NORMA-18353,269
37,NORMA-11496,270
37,NORMA-23441,271
37,NORMA-7892,272
37,NORMA-5888,273
37,NORMA-4335,274
37,NORMA-18517,275
37,NORMA-20817,276
37,NORMA-19468,277
37,NORMA-12394,278
37,NORMA-5055,279
37,NORMA-4011,280
37,NORMA-21552,281
37,NORMA-20246,282
37,NORMA-19608,283
37,NORMA-8563,284
37,NORMA-18660,285
37,NORMA-2035,286
37,NORMA-21664,287
37,NORMA-21739,288
37,NORMA-5216,289
37,NORMA-20055,290
37,NORMA-12067,291
37,NORMA-8243,292
37,NORMA-20064,293
37,NORMA-5932,294
37,NORMA-553,295
37,NORMA-19474,296
37,NORMA-19057,297
37,NORMA-11476,298
37,NORMA-19393,299
37,NORMA-20257,300
37,NORMA-13469,301
37,NORMA-21224,302
37,NORMA-19634,303
37,NORMA-3381,304
37,NORMA-18781,305
37,NORMA-4305,306
37,NORMA-23281,307
37,NORMA-21501,308
37,NORMA-18953,309
37,NORMA-4152,310
37,NORMA-15046,311
37,NORMA-18514,312
37,NORMA-12462,313
37,NORMA-3818,314
37,NORMA-21030,315
37,NORMA-20887,316
37,NORMA-21254,317
37,NORMA-20290,318
37,NORMA-19110,319
37,NORMA-6700,320
37,NORMA-8916,321
37,NORMA-5701,322
37,NORMA-20879,323
37,NORMA-2461,324
37,NORMA-16202,325
37,NORMA-18635,326
37,NORMA-8242,327
37,NORMA-18510,328
37,NORMA-19602,329
37,NORMA-18625,330
37,NORMA-18523,331
37,NORMA-3925,332
37,NORMA-3978,333
37,NORMA-8825,334
37,NORMA-19358,335
37,NORMA-17541,336
37,NORMA-3846,337
37,NORMA-22026,338
37,NORMA-18682,339
37,NORMA-5242,340
37,NORMA-5295,341
37,NORMA-27761,342
37,NORMA-2395,343
37,NORMA-7146,344
37,NORMA-18648,345
37,NORMA-11950,346
37,NORMA-21132,347
37,NORMA-22042,348
37,NORMA-13054,349
37,NORMA-18318,350
37,NORMA-20070,351
37,NORMA-8009,352
37,NORMA-22181,353
37,NORMA-10824,354
37,NORMA-18265,355
37,NORMA-14279,356
37,NORMA-8389,357
37,NORMA-14937,358
37,NORMA-21533,359
37,NORMA-20082,360
37,NORMA-13158,361
37,NORMA-18492,362
37,NORMA-19903,363
37,NORMA-8198,364
37,NORMA-13929,365
37,NORMA-19844,366
37,NORMA-6598,367
37,NORMA-18442,368
37,NORMA-8245,369
37,NORMA-11474,370
37,NORMA-19946,371
37,NORMA-21387,372
37,NORMA-19625,373
37,NORMA-5752,374
37,NORMA-11683,375
37,NORMA-4631,376
37,NORMA-11527,377
37,NORMA-19293,378
37,NORMA-2546,379
37,NORMA-20866,380
37,NORMA-18988,381
37,NORMA-4747,382
37,NORMA-4392,383
37,NORMA-1,384
37,NORMA-20756,385
37,NORMA-3583,386
37,NORMA-14592,387
37,NORMA-8683,388
37,NORMA-11797,389
37,NORMA-4346,390
37,NORMA-18672,391
37,NORMA-19904,392
37,NORMA-5149,393
37,NORMA-3382,394
37,NORMA-19183,395
37,NORMA-19628,396
37,NORMA-2157,397
37,NORMA-18633,398
37,NORMA-13198,399
37,NORMA-19490,400
37,NORMA-8315,401
37,NORMA-19230,402
37,NORMA-3772,403
37,NORMA-5394,404
37,NORMA-21364,405
37,NORMA-21107,406
37,NORMA-19593,407
37,NORMA-20623,408
37,NORMA-7525,409
37,NORMA-8387,410
37,NORMA-4664,411
37,NORMA-19039,412
37,NORMA-21359,413
37,NORMA-20707,414
37,NORMA-4847,415
37,NORMA-5965,416
37,NORMA-21291,417
37,NORMA-21475,418
37,NORMA-28001,419
37,NORMA-19959,420
37,NORMA-3467,421
37,NORMA-8258,422
37,NORMA-5421,423
37,NORMA-7773,424
37,NORMA-11182,425
37,NORMA-20831,426
37,NORMA-3506,427
37,NORMA-3642,428
37,NORMA-6014,429
37,NORMA-2542,430
37,NORMA-10921,431
37,NORMA-8824,432
37,NORMA-6505,433
37,NORMA-5518,434
37,NORMA-4710,435
37,NORMA-21599,436
37,NORMA-6199,437
37,NORMA-20789,438
37,NORMA-8314,439
37,NORMA-12039,440
37,NORMA-19644,441
37,NORMA-21641,442
37,NORMA-19939,443
37,NORMA-7384,444
37,NORMA-3918,445
37,NORMA-8390,446
37,NORMA-5798,447
37,NORMA-14236,448
37,NORMA-5557,449
37,NORMA-10318,450
37,NORMA-19729,451
37,NORMA-6185,452
37,NORMA-3582,453
37,NORMA-19418,454
37,NORMA-19723,455
37,NORMA-4998,456
37,NORMA-4888,457
37,NORMA-2424,458
37,NORMA-11630,459
37,NORMA-5839,460
37,NORMA-9382,461
37,NORMA-19583,462
37,NORMA-4922,463
37,NORMA-20701,464
37,NORMA-18693,465
37,NORMA-20037,466
37,NORMA-4609,467
37,NORMA-20901,468
37,NORMA-4597,469
37,NORMA-206,470
37,NORMA-18744,471
37,NORMA-5451,472
37,NORMA-7809,473
37,NORMA-3701,474
37,NORMA-21529,475
37,NORMA-22061,476
37,NORMA-9994,477
37,NORMA-7444,478
37,NORMA-14672,479
37,NORMA-21714,480
37,NORMA-14932,481
37,NORMA-8154,482
37,NORMA-11775,483
37,NORMA-7148,484
37,NORMA-11352,485
37,NORMA-18955,486
37,NORMA-21355,487
37,NORMA-4622,488
37,NORMA-11570,489
37,NORMA-7658,490
37,NORMA-26362,491
37,NORMA-6749,492
37,NORMA-8819,493
37,NORMA-7421,494
37,NORMA-19290,495
37,NORMA-18416,496
37,NORMA-5060,497
37,NORMA-12317,498
37,NORMA-2456,499
37,NORMA-4410,500
37,NORMA-19929,501
37,NORMA-8083,502
37,NORMA-9835,503
37,NORMA-19481,504
37,NORMA-4266,505
37,NORMA-21299,506
37,NORMA-19032,507
37,NORMA-5378,508
37,NORMA-19476,509
37,NORMA-19038,510
37,NORMA-7737,511
37,NORMA-19917,512
37,NORMA-7603,513
37,NORMA-14392,514
37,NORMA-21335,515
37,NORMA-25041,516
37,NORMA-5466,517
37,NORMA-18275,518
37,NORMA-21556,519
37,NORMA-21487,520
37,NORMA-21613,521
37,NORMA-3594,522
37,NORMA-5955,523
37,NORMA-21503,524
37,NORMA-21532,525
37,NORMA-9297,526
37,NORMA-10565,527
37,NORMA-18830,528
37,NORMA-18664,529
37,NORMA-5782,530
37,NORMA-18717,531
37,NORMA-5290,532
37,NORMA-14688,533
37,NORMA-19582,534
37,NORMA-4267,535
37,NORMA-19382,536
37,NORMA-19950,537
37,NORMA-18509,538
37,NORMA-4065,539
37,NORMA-7724,540
37,NORMA-2415,541
37,NORMA-18885,542
37,NORMA-10720,543
37,NORMA-4750,544
37,NORMA-13237,545
37,NORMA-19245,546
37,NORMA-5889,547
37,NORMA-19356,548
37,NORMA-5817,549
37,NORMA-13769,550
37,NORMA-9481,551
37,NORMA-4618,552
37,NORMA-6214,553
37,NORMA-13801,554
37,NORMA-12024,555
37,NORMA-5786,556
37,NORMA-21531,557
37,NORMA-19558,558
37,NORMA-12032,559
37,NORMA-18521,560
37,NORMA-21326,561
37,NORMA-21681,562
37,NORMA-21422,563
37,NORMA-13345,564
37,NORMA-15229,565
37,NORMA-4537,566
37,NORMA-19551,567
37,NORMA-3648,568
37,NORMA-11459,569
37,NORMA-14850,570
37,NORMA-9201,571
37,NORMA-19559,572
37,NORMA-8561,573
37,NORMA-18839,574
37,NORMA-3524,575
37,NORMA-4826,576
37,NORMA-9803,577
37,NORMA-13392,578
37,NORMA-3842,579
37,NORMA-3902,580
37,NORMA-13855,581
37,NORMA-13973,582
37,NORMA-2069,583
37,NORMA-18786,584
37,NORMA-18480,585
37,NORMA-19764,586
37,NORMA-9384,587
37,NORMA-8714,588
37,NORMA-18692,589
37,NORMA-29441,590
37,NORMA-8027,591
37,NORMA-18921,592
37,NORMA-4884,593
37,NORMA-21117,594
37,NORMA-8442,595
37,NORMA-8396,596
37,NORMA-4648,597
37,NORMA-4519,598
37,NORMA-8238,599
37,NORMA-14508,600
37,NORMA-3833,601
37,NORMA-4015,602
37,NORMA-20265,603
37,NORMA-19160,604
37,NORMA-15162,605
37,NORMA-18277,606
37,NORMA-26382,607
37,NORMA-4910,608
37,NORMA-4274,609
37,NORMA-3689,610
37,NORMA-7871,611
37,NORMA-18407,612
37,NORMA-6655,613
37,NORMA-4913,614
37,NORMA-2444,615
37,NORMA-4312,616
37,NORMA-20581,617
37,NORMA-26381,618
37,NORMA-6643,619
37,NORMA-12326,620
37,NORMA-14189,621
37,NORMA-7622,622
37,NORMA-20973,623
37,NORMA-26601,624
37,NORMA-5870,625
37,NORMA-2399,626
37,NORMA-5335,627
37,NORMA-26806,628
37,NORMA-6709,629
37,NORMA-11419,630
37,NORMA-21484,631
37,NORMA-4842,632
37,NORMA-4861,633
37,NORMA-14989,634
37,NORMA-11000,635
37,NORMA-8570,636
37,NORMA-10279,637
37,NORMA-4707,638
37,NORMA-4995,639
37,NORMA-21227,640
37,NORMA-12586,641
37,NORMA-21744,642
37,NORMA-5247,643
37,NORMA-1398,644
37,NORMA-7747,645
37,NORMA-5059,646
37,NORMA-6762,647
37,NORMA-10843,648
37,NORMA-11665,649
37,NORMA-5753,650
37,NORMA-19908,651
37,NORMA-19906,652
37,NORMA-18696,653
37,NORMA-5045,654
37,NORMA-2126,655
37,NORMA-6881,656
37,NORMA-18892,657
37,NORMA-6701,658
37,NORMA-19197,659
37,NORMA-3595,660
37,NORMA-5785,661
37,NORMA-18121,662
37,NORMA-19970,663
37,NORMA-2496,664
37,NORMA-4762,665
37,NORMA-20114,666
37,NORMA-6579,667
37,NORMA-8835,668
37,NORMA-20239,669
37,NORMA-5375,670
37,NORMA-22281,671
37,NORMA-6707,672
37,NORMA-6389,673
37,NORMA-20011,674
37,NORMA-6573,675
37,NORMA-5192,676
37,NORMA-6620,677
37,NORMA-3605,678
37,NORMA-21104,679
37,NORMA-21236,680
37,NORMA-18420,681
37,NORMA-5298,682
37,NORMA-20922,683
37,NORMA-6884,684
37,NORMA-6355,685
37,NORMA-19316,686
37,NORMA-8253,687
37,NORMA-6339,688
37,NORMA-6392,689
37,NORMA-6433,690
37,NORMA-6215,691
37,NORMA-7866,692
37,NORMA-4146,693
37,NORMA-4017,694
37,NORMA-20781,695
37,NORMA-21279,696
37,NORMA-3716,697
37,NORMA-4036,698
37,NORMA-5916,699
37,NORMA-19741,700
37,NORMA-6390,701
37,NORMA-5327,702
37,NORMA-19755,703
37,NORMA-9008,704
37,NORMA-3915,705
37,NORMA-15237,706
37,NORMA-5393,707
37,NORMA-4060,708
37,NORMA-8193,709
37,NORMA-18850,710
37,NORMA-18281,711
37,NORMA-19613,712
37,NORMA-6050,713
37,NORMA-3996,714
37,NORMA-19440,715
37,NORMA-18312,716
37,NORMA-4164,717
37,NORMA-4607,718
37,NORMA-18248,719
37,NORMA-21258,720
37,NORMA-11587,721
37,NORMA-20451,722
37,NORMA-3632,723
37,NORMA-15251,724
37,NORMA-14607,725
37,NORMA-4882,726
37,NORMA-9194,727
37,NORMA-5515,728
37,NORMA-18334,729
37,NORMA-19129,730
37,NORMA-27609,731
37,NORMA-19963,732
37,NORMA-19853,733
37,NORMA-4889,734
37,NORMA-5057,735
37,NORMA-2425,736
37,NORMA-4294,737
37,NORMA-6144,738
37,NORMA-27608,739
37,NORMA-10734,740
37,NORMA-20069,741
37,NORMA-14985,742
37,NORMA-14581,743
37,NORMA-12903,744
37,NORMA-19856,745
37,NORMA-20561,746
37,NORMA-20241,747
37,NORMA-7204,748
37,NORMA-6398,749
37,NORMA-5816,750
37,NORMA-8947,751
37,NORMA-13108,752
37,NORMA-6488,753
37,NORMA-9588,754
37,NORMA-19684,755
37,NORMA-8878,756
37,NORMA-20238,757
37,NORMA-2473,758
37,NORMA-6004,759
37,NORMA-7388,760
37,NORMA-6949,761
37,NORMA-18742,762
37,NORMA-20818,763
37,NORMA-20061,764
37,NORMA-6739,765
37,NORMA-19679,766
37,NORMA-7742,767
37,NORMA-19949,768
37,NORMA-21390,769
37,NORMA-19746,770
37,NORMA-13834,771
37,NORMA-20447,772
37,NORMA-7390,773
37,NORMA-1388,774
37,NORMA-704,775
37,NORMA-19933,776
37,NORMA-5236,777
37,NORMA-8552,778
37,NORMA-20021,779
37,NORMA-7430,780
37,NORMA-8225,781
37,NORMA-6480,782
37,NORMA-8554,783
37,NORMA-6268,784
37,NORMA-4917,785
37,NORMA-19876,786
37,NORMA-7802,787
37,NORMA-5605,788
37,NORMA-20895,789
37,NORMA-6882,790
37,NORMA-18593,791
37,NORMA-6017,792
37,NORMA-19922,793
37,NORMA-6136,794
37,NORMA-5205,795
37,NORMA-5435,796
37,NORMA-4471,797
37,NORMA-5897,798
37,NORMA-7736,799
37,NORMA-11141,800
37,NORMA-10548,801
37,NORMA-1966,802
37,NORMA-18236,803
37,NORMA-7213,804
37,NORMA-18904,805
37,NORMA-11082,806
37,NORMA-6235,807
37,NORMA-4912,808
37,NORMA-21244,809
37,NORMA-4308,810
37,NORMA-4513,811
37,NORMA-5868,812
37,NORMA-3557,813
37,NORMA-20079,814
37,NORMA-12428,815
37,NORMA-29003,816
37,NORMA-6401,817
37,NORMA-3970,818
37,NORMA-4831,819
37,NORMA-18518,820
37,NORMA-19810,821
37,NORMA-3789,822
37,NORMA-6577,823
37,NORMA-3473,824
37,NORMA-18482,825
37,NORMA-27342,826
37,NORMA-10477,827
37,NORMA-4132,828
37,NORMA-5747,829
37,NORMA-6346,830
37,NORMA-6575,831
37,NORMA-4843,832
37,NORMA-5166,833
37,NORMA-3728,834
37,NORMA-5978,835
37,NORMA-18715,836
37,NORMA-18666,837
37,NORMA-18507,838
37,NORMA-18785,839
37,NORMA-21119,840
37,NORMA-21553,841
37,NORMA-27384,842
37,NORMA-6082,843
37,NORMA-15013,844
37,NORMA-8113,845
37,NORMA-7103,846
37,NORMA-6348,847
37,NORMA-6519,848
37,NORMA-6847,849
37,NORMA-5051,850
37,NORMA-4978,851
37,NORMA-4793,852
37,NORMA-10377,853
37,NORMA-6001,854
37,NORMA-3814,855
37,NORMA-5543,856
37,NORMA-18716,857
37,NORMA-18665,858
37,NORMA-18505,859
37,NORMA-18851,860
37,NORMA-18784,861
37,NORMA-18481,862
37,NORMA-15211,863
37,NORMA-8814,864
37,NORMA-9345,865
37,NORMA-7102,866
37,NORMA-5255,867
37,NORMA-3976,868
37,NORMA-3924,869
37,NORMA-4756,870
37,NORMA-4914,871
37,NORMA-3698,872
37,NORMA-3609,873
37,NORMA-18853,874
37,NORMA-21118,875
37,NORMA-7382,876
37,NORMA-10232,877
37,NORMA-7115,878
37,NORMA-7216,879
37,NORMA-5806,880
37,NORMA-5258,881
37,NORMA-5036,882
37,NORMA-4646,883
37,NORMA-4342,884
37,NORMA-3673,885
37,NORMA-2529,886
37,NORMA-6880,887
37,NORMA-12749,888
37,NORMA-7926,889
37,NORMA-7090,890
37,NORMA-6861,891
37,NORMA-7050,892
37,NORMA-5821,893
37,NORMA-5103,894
37,NORMA-5254,895
37,NORMA-4778,896
37,NORMA-3680,897
37,NORMA-3476,898
37,NORMA-4686,899
37,NORMA-6000,900
37,NORMA-5006,901
37,NORMA-4069,902
37,NORMA-4398,903
37,NORMA-4300,904
37,NORMA-4694,905
37,NORMA-5555,906
37,NORMA-15370,907
37,NORMA-13708,908
37,NORMA-25961,909
37,NORMA-11328,910
37,NORMA-10514,911
37,NORMA-9018,912
37,NORMA-8928,913
37,NORMA-6525,914
37,NORMA-6262,915
37,NORMA-5828,916
37,NORMA-4784,917
37,NORMA-4840,918
37,NORMA-4338,919
37,NORMA-3679,920
37,NORMA-4450,921
37,NORMA-5549,922
37,NORMA-4693,923
37,NORMA-4692,924
37,NORMA-3633,925
37,NORMA-3634,926
37,NORMA-8002,927
37,NORMA-4567,928
37,NORMA-5734,929
37,NORMA-15073,930
37,NORMA-9529,931
37,NORMA-9561,932
37,NORMA-7432,933
37,NORMA-4358,934
37,NORMA-5127,935
37,NORMA-4802,936
37,NORMA-7745,937
37,NORMA-5964,938
37,NORMA-3653,939
37,NORMA-4994,940
37,NORMA-5542,941
37,NORMA-4414,942
37,NORMA-4073,943
37,NORMA-4092,944
37,NORMA-5013,945
37,NORMA-5288,946
37,NORMA-3906,947
37,NORMA-5365,948
37,NORMA-5740,949
37,NORMA-14371,950
37,NORMA-26883,951
37,NORMA-23861,952
37,NORMA-21587,953
37,NORMA-13128,954
37,NORMA-14671,955
37,NORMA-10361,956
37,NORMA-8049,957
37,NORMA-7606,958
37,NORMA-6060,959
37,NORMA-4691,960
37,NORMA-5541,961
37,NORMA-4178,962
37,NORMA-4180,963
37,NORMA-5676,964
37,NORMA-5594,965
37,NORMA-3570,966
37,NORMA-3671,967
37,NORMA-4072,968
37,NORMA-4472,969
37,NORMA-3905,970
37,NORMA-3508,971
37,NORMA-4469,972
37,NORMA-5366,973
37,NORMA-21535,974
37,NORMA-6962,975
37,NORMA-12759,976
37,NORMA-11304,977
37,NORMA-9298,978
37,NORMA-7107,979
37,NORMA-5826,980
37,NORMA-5137,981
37,NORMA-5398,982
37,NORMA-5514,983
37,NORMA-4690,984
37,NORMA-6460,985
37,NORMA-4077,986
37,NORMA-4313,987
37,NORMA-4071,988
37,NORMA-5493,989
37,NORMA-4569,990
37,NORMA-3688,991
37,NORMA-5012,992
37,NORMA-20118,993
37,NORMA-6274,994
37,NORMA-7448,995
37,NORMA-27801,996
37,NORMA-12542,997
37,NORMA-14140,998
37,NORMA-11235,999
37,NORMA-6191,1000
38,NORMA-21466,1
38,NORMA-21508,2
38,NORMA-26124,3
38,NORMA-22101,4
38,NORMA-21597,5
38,NORMA-21261,6
38,NORMA-229,7
38,NORMA-21407,8
38,NORMA-21394,9
38,NORMA-19977,10
38,NORMA-21456,11
38,NORMA-974,12
38,NORMA-21245,13
38,NORMA-1463,14
38,NORMA-7279,15
38,NORMA-21650,16
38,NORMA-15561,17
38,NORMA-19614,18
38,NORMA-21446,19
38,NORMA-19609,20
38,NORMA-20096,21
38,NORMA-19933,22
38,NORMA-1663,23
38,NORMA-2158,24
38,NORMA-2517,25
38,NORMA-28362,26
38,NORMA-20070,27
38,NORMA-1740,28
38,NORMA-3241,29
38,NORMA-19009,30
38,NORMA-18591,31
38,NORMA-18293,32
38,NORMA-21496,33
38,NORMA-19542,34
38,NORMA-704,35
38,NORMA-20208,36
38,NORMA-19853,37
38,NORMA-1471,38
38,NORMA-13138,39
38,NORMA-20210,40
38,NORMA-15921,41
38,NORMA-20849,42
38,NORMA-19947,43
38,NORMA-21705,44
38,NORMA-20869,45
38,NORMA-15901,46
38,NORMA-20425,47
38,NORMA-19919,48
38,NORMA-21626,49
38,NORMA-19096,50
38,NORMA-1573,51
38,NORMA-21159,52
38,NORMA-7149,53
38,NORMA-20917,54
38,NORMA-772,55
38,NORMA-21550,56
38,NORMA-20194,57
38,NORMA-21429,58
38,NORMA-8522,59
38,NORMA-19798,60
38,NORMA-18385,61
38,NORMA-20029,62
38,NORMA-835,63
38,NORMA-22941,64
38,NORMA-6669,65
38,NORMA-61,66
38,NORMA-11599,67
38,NORMA-802,68
38,NORMA-11655,69
38,NORMA-59,70
38,NORMA-14239,71
38,NORMA-19596,72
38,NORMA-2185,73
38,NORMA-801,74
38,NORMA-660,75
38,NORMA-1611,76
38,NORMA-554,77
38,NORMA-21023,78
38,NORMA-20865,79
38,NORMA-1421,80
38,NORMA-21310,81
38,NORMA-21437,82
38,NORMA-2013,83
38,NORMA-11751,84
38,NORMA-1516,85
38,NORMA-1317,86
38,NORMA-19787,87
38,NORMA-20189,88
38,NORMA-18207,89
38,NORMA-1994,90
38,NORMA-21544,91
38,NORMA-13508,92
38,NORMA-18350,93
38,NORMA-3638,94
38,NORMA-19352,95
38,NORMA-9893,96
38,NORMA-2184,97
38,NORMA-18549,98
38,NORMA-14898,99
38,NORMA-20205,100
38,NORMA-19981,101
38,NORMA-6698,102
38,NORMA-21367,103
38,NORMA-6636,104
38,NORMA-9481,105
38,NORMA-20077,106
38,NORMA-1175,107
38,NORMA-5421,108
38,NORMA-1534,109
38,NORMA-18286,110
38,NORMA-20184,111
38,NORMA-783,112
38,NORMA-14459,113
38,NORMA-6268,114
38,NORMA-25523,115
38,NORMA-9834,116
38,NORMA-20065,117
38,NORMA-15521,118
38,NORMA-6185,119
38,NORMA-15237,120
38,NORMA-21739,121
38,NORMA-20813,122
38,NORMA-11588,123
38,NORMA-21661,124
38,NORMA-6856,125
38,NORMA-19621,126
38,NORMA-21530,127
38,NORMA-423,128
38,NORMA-332,129
38,NORMA-7525,130
38,NORMA-19632,131
38,NORMA-19557,132
38,NORMA-17321,133
38,NORMA-6621,134
38,NORMA-19039,135
38,NORMA-6318,136
38,NORMA-6645,137
38,NORMA-9382,138
38,NORMA-19297,139
38,NORMA-21157,140
38,NORMA-13195,141
38,NORMA-19573,142
38,NORMA-19646,143
38,NORMA-33288,144
38,NORMA-217,145
38,NORMA-27501,146
38,NORMA-12089,147
38,NORMA-3642,148
38,NORMA-27761,149
38,NORMA-33308,150
38,NORMA-2089,151
38,NORMA-12886,152
38,NORMA-20708,153
38,NORMA-20206,154
38,NORMA-18303,155
38,NORMA-11735,156
38,NORMA-19351,157
38,NORMA-28001,158
38,NORMA-15060,159
38,NORMA-21211,160
38,NORMA-21756,161
38,NORMA-20902,162
38,NORMA-21220,163
38,NORMA-21264,164
38,NORMA-9792,165
38,NORMA-7390,166
38,NORMA-3381,167
38,NORMA-20408,168
38,NORMA-18741,169
38,NORMA-6958,170
38,NORMA-14279,171
38,NORMA-6488,172
38,NORMA-18933,173
38,NORMA-3201,174
38,NORMA-21625,175
38,NORMA-6082,176
38,NORMA-21114,177
38,NORMA-7241,178
38,NORMA-14788,179
38,NORMA-6199,180
38,NORMA-1613,181
38,NORMA-20569,182
38,NORMA-21762,183
38,NORMA-19635,184
38,NORMA-12113,185
38,NORMA-28181,186
38,NORMA-7022,187
38,NORMA-20185,188
38,NORMA-1171,189
38,NORMA-21683,190
38,NORMA-21012,191
38,NORMA-8814,192
38,NORMA-16202,193
38,NORMA-19459,194
38,NORMA-6962,195
38,NORMA-21684,196
38,NORMA-15004,197
38,NORMA-19431,198
38,NORMA-20091,199
38,NORMA-11621,200
38,NORMA-26102,201
38,NORMA-13954,202
38,NORMA-594,203
38,NORMA-21152,204
38,NORMA-20186,205
38,NORMA-2546,206
38,NORMA-21224,207
38,NORMA-20995,208
38,NORMA-20197,209
38,NORMA-20985,210
38,NORMA-11614,211
38,NORMA-20966,212
38,NORMA-6257,213
38,NORMA-8384,214
38,NORMA-9835,215
38,NORMA-15211,216
38,NORMA-29005,217
38,NORMA-4710,218
38,NORMA-20999,219
38,NORMA-6955,220
38,NORMA-20336,221
38,NORMA-219,222
38,NORMA-8027,223
38,NORMA-12067,224
38,NORMA-13158,225
38,NORMA-19152,226
38,NORMA-6783,227
38,NORMA-20677,228
38,NORMA-20581,229
38,NORMA-20870,230
38,NORMA-31904,231
38,NORMA-18780,232
38,NORMA-6644,233
38,NORMA-15542,234
38,NORMA-6321,235
38,NORMA-21784,236
38,NORMA-20857,237
38,NORMA-13469,238
38,NORMA-560,239
38,NORMA-6948,240
38,NORMA-20192,241
38,NORMA-21260,242
38,NORMA-587,243
38,NORMA-13323,244
38,NORMA-7222,245
38,NORMA-878,246
38,NORMA-220,247
38,NORMA-7113,248
38,NORMA-8435,249
38,NORMA-21752,250
38,NORMA-13345,251
38,NORMA-588,252
38,NORMA-18201,253
38,NORMA-18554,254
38,NORMA-21003,255
38,NORMA-7384,256
38,NORMA-14850,257
38,NORMA-18981,258
38,NORMA-21253,259
38,NORMA-20397,260
38,NORMA-9724,261
38,NORMA-228,262
38,NORMA-7225,263
38,NORMA-2563,264
38,NORMA-20541,265
38,NORMA-26201,266
38,NORMA-19650,267
38,NORMA-21553,268
38,NORMA-20545,269
38,NORMA-15541,270
38,NORMA-14937,271
38,NORMA-7386,272
38,NORMA-20716,273
38,NORMA-21695,274
38,NORMA-21158,275
38,NORMA-28422,276
38,NORMA-19730,277
38,NORMA-15881,278
38,NORMA-6954,279
38,NORMA-8028,280
38,NORMA-20811,281
38,NORMA-19928,282
38,NORMA-19092,283
38,NORMA-20558,284
38,NORMA-20195,285
38,NORMA-21313,286
38,NORMA-6140,287
38,NORMA-9823,288
38,NORMA-19617,289
38,NORMA-19634,290
38,NORMA-14688,291
38,NORMA-754,292
38,NORMA-15229,293
38,NORMA-21588,294
38,NORMA-21651,295
38,NORMA-19103,296
38,NORMA-21484,297
38,NORMA-21521,298
38,NORMA-20432,299
38,NORMA-20871,300
38,NORMA-19128,301
38,NORMA-18359,302
38,NORMA-19553,303
38,NORMA-18858,304
38,NORMA-28961,305
38,NORMA-18669,306
38,NORMA-854,307
38,NORMA-20803,308
38,NORMA-34,309
38,NORMA-13106,310
38,NORMA-21218,311
38,NORMA-6641,312
38,NORMA-20793,313
38,NORMA-20301,314
38,NORMA-4091,315
38,NORMA-417,316
38,NORMA-21206,317
38,NORMA-20590,318
38,NORMA-76,319
38,NORMA-21126,320
38,NORMA-10708,321
38,NORMA-20941,322
38,NORMA-18818,323
38,NORMA-21225,324
38,NORMA-19968,325
38,NORMA-18225,326
38,NORMA-20028,327
38,NORMA-21713,328
38,NORMA-18265,329
38,NORMA-7194,330
38,NORMA-18967,331
38,NORMA-21419,332
38,NORMA-18747,333
38,NORMA-28281,334
38,NORMA-1999,335
38,NORMA-208,336
38,NORMA-75,337
38,NORMA-20914,338
38,NORMA-82,339
38,NORMA-18631,340
38,NORMA-7381,341
38,NORMA-20183,342
38,NORMA-20817,343
38,NORMA-3281,344
38,NORMA-12657,345
38,NORMA-19095,346
38,NORMA-19874,347
38,NORMA-20135,348
38,NORMA-10994,349
38,NORMA-18412,350
38,NORMA-3819,351
38,NORMA-5536,352
38,NORMA-21589,353
38,NORMA-558,354
38,NORMA-21648,355
38,NORMA-1620,356
38,NORMA-11417,357
38,NORMA-92,358
38,NORMA-14814,359
38,NORMA-12872,360
38,NORMA-15701,361
38,NORMA-19562,362
38,NORMA-20802,363
38,NORMA-18436,364
38,NORMA-18646,365
38,NORMA-21113,366
38,NORMA-9297,367
38,NORMA-4586,368
38,NORMA-21226,369
38,NORMA-21384,370
38,NORMA-14661,371
38,NORMA-21721,372
38,NORMA-9821,373
38,NORMA-18979,374
38,NORMA-8119,375
38,NORMA-12664,376
38,NORMA-21217,377
38,NORMA-11164,378
38,NORMA-12169,379
38,NORMA-19155,380
38,NORMA-11496,381
38,NORMA-19205,382
38,NORMA-222,383
38,NORMA-509,384
38,NORMA-18325,385
38,NORMA-9457,386
38,NORMA-21678,387
38,NORMA-10797,388
38,NORMA-20616,389
38,NORMA-923,390
38,NORMA-20873,391
38,NORMA-578,392
38,NORMA-6083,393
38,NORMA-18223,394
38,NORMA-21694,395
38,NORMA-19010,396
38,NORMA-60,397
38,NORMA-18746,398
38,NORMA-19574,399
38,NORMA-13160,400
38,NORMA-18583,401
38,NORMA-21147,402
38,NORMA-13480,403
38,NORMA-18690,404
38,NORMA-19684,405
38,NORMA-396,406
38,NORMA-36,407
38,NORMA-13864,408
38,NORMA-21524,409
38,NORMA-11684,410
38,NORMA-8772,411
38,NORMA-21526,412
38,NORMA-207,413
38,NORMA-18816,414
38,NORMA-14463,415
38,NORMA-20602,416
38,NORMA-11759,417
38,NORMA-4314,418
38,NORMA-10117,419
38,NORMA-26701,420
38,NORMA-10975,421
38,NORMA-19845,422
38,NORMA-11272,423
38,NORMA-25862,424
38,NORMA-18333,425
38,NORMA-19561,426
38,NORMA-938,427
38,NORMA-21744,428
38,NORMA-19638,429
38,NORMA-6509,430
38,NORMA-6203,431
38,NORMA-7651,432
38,NORMA-19295,433
38,NORMA-1965,434
38,NORMA-20836,435
38,NORMA-19387,436
38,NORMA-5361,437
38,NORMA-7110,438
38,NORMA-4818,439
38,NORMA-3571,440
38,NORMA-4278,441
38,NORMA-19221,442
38,NORMA-1341,443
38,NORMA-19715,444
38,NORMA-12588,445
38,NORMA-11198,446
38,NORMA-20796,447
38,NORMA-209,448
38,NORMA-19842,449
38,NORMA-12663,450
38,NORMA-18706,451
38,NORMA-18922,452
38,NORMA-19408,453
38,NORMA-19275,454
38,NORMA-2032,455
38,NORMA-18528,456
38,NORMA-1222,457
38,NORMA-21090,458
38,NORMA-15581,459
38,NORMA-19593,460
38,NORMA-834,461
38,NORMA-14099,462
38,NORMA-21554,463
38,NORMA-19941,464
38,NORMA-595,465
38,NORMA-20402,466
38,NORMA-21231,467
38,NORMA-21776,468
38,NORMA-15882,469
38,NORMA-14673,470
38,NORMA-11664,471
38,NORMA-6752,472
38,NORMA-19172,473
38,NORMA-2455,474
38,NORMA-11793,475
38,NORMA-11739,476
38,NORMA-19649,477
38,NORMA-21110,478
38,NORMA-20710,479
38,NORMA-19245,480
38,NORMA-12858,481
38,NORMA-23881,482
38,NORMA-20993,483
38,NORMA-18722,484
38,NORMA-21459,485
38,NORMA-20557,486
38,NORMA-19384,487
38,NORMA-20421,488
38,NORMA-25902,489
38,NORMA-20971,490
38,NORMA-21069,491
38,NORMA-21462,492
38,NORMA-1535,493
38,NORMA-21563,494
38,NORMA-20106,495
38,NORMA-27366,496
38,NORMA-19631,497
38,NORMA-28586,498
38,NORMA-5853,499
38,NORMA-8204,500
38,NORMA-10375,501
38,NORMA-2005,502
38,NORMA-3825,503
38,NORMA-20583,504
38,NORMA-19799,505
38,NORMA-5417,506
38,NORMA-8938,507
38,NORMA-19328,508
38,NORMA-21606,509
38,NORMA-10629,510
38,NORMA-18681,511
38,NORMA-20840,512
38,NORMA-13473,513
38,NORMA-18952,514
38,NORMA-20561,515
38,NORMA-3382,516
38,NORMA-1024,517
38,NORMA-4515,518
38,NORMA-11791,519
38,NORMA-11665,520
38,NORMA-8773,521
38,NORMA-6249,522
38,NORMA-20239,523
38,NORMA-19953,524
38,NORMA-21254,525
38,NORMA-483,526
38,NORMA-13771,527
38,NORMA-20448,528
38,NORMA-4587,529
38,NORMA-18411,530
38,NORMA-18337,531
38,NORMA-20241,532
38,NORMA-1147,533
38,NORMA-19343,534
38,NORMA-3510,535
38,NORMA-19624,536
38,NORMA-6354,537
38,NORMA-1250,538
38,NORMA-6629,539
38,NORMA-19651,540
38,NORMA-21267,541
38,NORMA-19391,542
38,NORMA-19871,543
38,NORMA-18541,544
38,NORMA-1578,545
38,NORMA-19644,546
38,NORMA-412,547
38,NORMA-15208,548
38,NORMA-2126,549
38,NORMA-616,550
38,NORMA-10041,551
38,NORMA-4926,552
38,NORMA-20303,553
38,NORMA-13671,554
38,NORMA-20453,555
38,NORMA-20172,556
38,NORMA-18356,557
38,NORMA-21063,558
38,NORMA-21631,559
38,NORMA-6758,560
38,NORMA-6084,561
38,NORMA-20204,562
38,NORMA-18432,563
38,NORMA-11418,564
38,NORMA-19655,565
38,NORMA-13990,566
38,NORMA-16941,567
38,NORMA-19520,568
38,NORMA-18439,569
38,NORMA-21173,570
38,NORMA-1141,571
38,NORMA-20188,572
38,NORMA-7280,573
38,NORMA-21595,574
38,NORMA-4906,575
38,NORMA-20072,576
38,NORMA-462,577
38,NORMA-21783,578
38,NORMA-18963,579
38,NORMA-231,580
38,NORMA-20179,581
38,NORMA-19292,582
38,NORMA-21790,583
38,NORMA-18492,584
38,NORMA-21691,585
38,NORMA-21768,586
38,NORMA-4588,587
38,NORMA-19629,588
38,NORMA-3181,589
38,NORMA-20182,590
38,NORMA-20423,591
38,NORMA-10821,592
38,NORMA-18838,593
38,NORMA-21607,594
38,NORMA-20224,595
38,NORMA-21215,596
38,NORMA-19962,597
38,NORMA-20253,598
38,NORMA-21461,599
38,NORMA-8774,600
38,NORMA-6505,601
38,NORMA-21382,602
38,NORMA-5495,603
38,NORMA-11086,604
38,NORMA-19597,605
38,NORMA-20989,606
38,NORMA-19647,607
38,NORMA-18915,608
38,NORMA-15272,609
38,NORMA-5925,610
38,NORMA-1183,611
38,NORMA-11864,612
38,NORMA-18233,613
38,NORMA-18396,614
38,NORMA-20894,615
38,NORMA-972,616
38,NORMA-21233,617
38,NORMA-10878,618
38,NORMA-4631,619
38,NORMA-11798,620
38,NORMA-9595,621
38,NORMA-13918,622
38,NORMA-18685,623
38,NORMA-12027,624
38,NORMA-20292,625
38,NORMA-20167,626
38,NORMA-20202,627
38,NORMA-6316,628
38,NORMA-13534,629
38,NORMA-19212,630
38,NORMA-13470,631
38,NORMA-3511,632
38,NORMA-18213,633
38,NORMA-2723,634
38,NORMA-18205,635
38,NORMA-20797,636
38,NORMA-14874,637
38,NORMA-18823,638
38,NORMA-13552,639
38,NORMA-19643,640
38,NORMA-21028,641
38,NORMA-6595,642
38,NORMA-6256,643
38,NORMA-380,644
38,NORMA-21236,645
38,NORMA-7012,646
38,NORMA-18992,647
38,NORMA-309,648
38,NORMA-12235,649
38,NORMA-20443,650
38,NORMA-11776,651
38,NORMA-27044,652
38,NORMA-21702,653
38,NORMA-20859,654
38,NORMA-19571,655
38,NORMA-6895,656
38,NORMA-17201,657
38,NORMA-12049,658
38,NORMA-27063,659
38,NORMA-21046,660
38,NORMA-20426,661
38,NORMA-21609,662
38,NORMA-19329,663
38,NORMA-15603,664
38,NORMA-1422,665
38,NORMA-21537,666
38,NORMA-21659,667
38,NORMA-20440,668
38,NORMA-12237,669
38,NORMA-11087,670
38,NORMA-14462,671
38,NORMA-18796,672
38,NORMA-18762,673
38,NORMA-21139,674
38,NORMA-20494,675
38,NORMA-14302,676
38,NORMA-11561,677
38,NORMA-20706,678
38,NORMA-11882,679
38,NORMA-21717,680
38,NORMA-18530,681
38,NORMA-6957,682
38,NORMA-981,683
38,NORMA-11470,684
38,NORMA-6880,685
38,NORMA-20209,686
38,NORMA-18474,687
38,NORMA-5170,688
38,NORMA-749,689
38,NORMA-21479,690
38,NORMA-6881,691
38,NORMA-20538,692
38,NORMA-6701,693
38,NORMA-6643,694
38,NORMA-18988,695
38,NORMA-20554,696
38,NORMA-21404,697
38,NORMA-3820,698
38,NORMA-9888,699
38,NORMA-11760,700
38,NORMA-21668,701
38,NORMA-3001,702
38,NORMA-833,703
38,NORMA-18815,704
38,NORMA-12019,705
38,NORMA-19918,706
38,NORMA-21366,707
38,NORMA-20053,708
38,NORMA-180,709
38,NORMA-20103,710
38,NORMA-19948,711
38,NORMA-602,712
38,NORMA-20314,713
38,NORMA-11556,714
38,NORMA-12005,715
38,NORMA-20329,716
38,NORMA-1863,717
38,NORMA-20334,718
38,NORMA-19444,719
38,NORMA-20322,720
38,NORMA-2551,721
38,NORMA-13586,722
38,NORMA-20682,723
38,NORMA-12092,724
38,NORMA-19822,725
38,NORMA-19704,726
38,NORMA-18378,727
38,NORMA-11768,728
38,NORMA-20321,729
38,NORMA-6181,730
38,NORMA-21699,731
38,NORMA-13298,732
38,NORMA-21232,733
38,NORMA-21286,734
38,NORMA-12038,735
38,NORMA-20854,736
38,NORMA-13472,737
38,NORMA-21730,738
38,NORMA-27687,739
38,NORMA-12102,740
38,NORMA-20191,741
38,NORMA-19640,742
38,NORMA-21228,743
38,NORMA-3821,744
38,NORMA-21342,745
38,NORMA-503,746
38,NORMA-11570,747
38,NORMA-11757,748
38,NORMA-12048,749
38,NORMA-11527,750
38,NORMA-3577,751
38,NORMA-18446,752
38,NORMA-11472,753
38,NORMA-33728,754
38,NORMA-15242,755
38,NORMA-10309,756
38,NORMA-21538,757
38,NORMA-13218,758
38,NORMA-14746,759
38,NORMA-20904,760
38,NORMA-11804,761
38,NORMA-18691,762
38,NORMA-6623,763
38,NORMA-4219,764
38,NORMA-19792,765
38,NORMA-20549,766
38,NORMA-9785,767
38,NORMA-25722,768
38,NORMA-21244,769
38,NORMA-20909,770
38,NORMA-570,771
38,NORMA-20945,772
38,NORMA-385,773
38,NORMA-9358,774
38,NORMA-10865,775
38,NORMA-5496,776
38,NORMA-18806,777
38,NORMA-6630,778
38,NORMA-13056,779
38,NORMA-21655,780
38,NORMA-19330,781
38,NORMA-14890,782
38,NORMA-6757,783
38,NORMA-567,784
38,NORMA-21241,785
38,NORMA-6075,786
38,NORMA-1398,787
38,NORMA-19942,788
38,NORMA-27364,789
38,NORMA-18288,790
38,NORMA-20435,791
38,NORMA-10123,792
38,NORMA-5360,793
38,NORMA-11715,794
38,NORMA-1092,795
38,NORMA-27062,796
38,NORMA-18248,797
38,NORMA-211,798
38,NORMA-18394,799
38,NORMA-20891,800
38,NORMA-11627,801
38,NORMA-20923,802
38,NORMA-2269,803
38,NORMA-12859,804
38,NORMA-7027,805
38,NORMA-4909,806
38,NORMA-12900,807
38,NORMA-12901,808
38,NORMA-21386,809
38,NORMA-19658,810
38,NORMA-6627,811
38,NORMA-7466,812
38,NORMA-21608,813
38,NORMA-21523,814
38,NORMA-14985,815
38,NORMA-26,816
38,NORMA-21052,817
38,NORMA-12094,818
38,NORMA-21029,819
38,NORMA-14293,820
38,NORMA-21175,821
38,NORMA-18306,822
38,NORMA-10116,823
38,NORMA-21086,824
38,NORMA-12020,825
38,NORMA-20700,826
38,NORMA-729,827
38,NORMA-1567,828
38,NORMA-11419,829
38,NORMA-21043,830
38,NORMA-479,831
38,NORMA-8442,832
38,NORMA-1433,833
38,NORMA-6967,834
38,NORMA-11085,835
38,NORMA-18697,836
38,NORMA-8205,837
38,NORMA-21515,838
38,NORMA-19859,839
38,NORMA-27064,840
38,NORMA-21239,841
38,NORMA-21622,842
38,NORMA-11236,843
38,NORMA-26003,844
38,NORMA-5335,845
38,NORMA-159,846
38,NORMA-30043,847
38,NORMA-14294,848
38,NORMA-12172,849
38,NORMA-10843,850
38,NORMA-27045,851
38,NORMA-14508,852
38,NORMA-1406,853
38,NORMA-21624,854
38,NORMA-21402,855
38,NORMA-21634,856
38,NORMA-20594,857
38,NORMA-12867,858
38,NORMA-18577,859
38,NORMA-20245,860
38,NORMA-27363,861
38,NORMA-11474,862
38,NORMA-29003,863
38,NORMA-1361,864
38,NORMA-21238,865
38,NORMA-19169,866
38,NORMA-20171,867
38,NORMA-11597,868
38,NORMA-18978,869
38,NORMA-865,870
38,NORMA-12006,871
38,NORMA-7389,872
38,NORMA-4820,873
38,NORMA-21279,874
38,NORMA-20885,875
38,NORMA-23521,876
38,NORMA-20474,877
38,NORMA-6253,878
38,NORMA-3979,879
38,NORMA-20627,880
38,NORMA-966,881
38,NORMA-11594,882
38,NORMA-12014,883
38,NORMA-12234,884
38,NORMA-27384,885
38,NORMA-21539,886
38,NORMA-14501,887
38,NORMA-18360,888
38,NORMA-19727,889
38,NORMA-18418,890
38,NORMA-20852,891
38,NORMA-124,892
38,NORMA-1391,893
38,NORMA-21256,894
38,NORMA-477,895
38,NORMA-7953,896
38,NORMA-21163,897
38,NORMA-281,898
38,NORMA-21247,899
38,NORMA-21020,900
38,NORMA-20369,901
38,NORMA-19281,902
38,NORMA-23222,903
38,NORMA-21249,904
38,NORMA-11476,905
38,NORMA-21356,906
38,NORMA-838,907
38,NORMA-21418,908
38,NORMA-11454,909
38,NORMA-20157,910
38,NORMA-21299,911
38,NORMA-19337,912
38,NORMA-4746,913
38,NORMA-11814,914
38,NORMA-2981,915
38,NORMA-19875,916
38,NORMA-18835,917
38,NORMA-13476,918
38,NORMA-2623,919
38,NORMA-21519,920
38,NORMA-18430,921
38,NORMA-19925,922
38,NORMA-18720,923
38,NORMA-11792,924
38,NORMA-5431,925
38,NORMA-883,926
38,NORMA-18974,927
38,NORMA-20252,928
38,NORMA-20565,929
38,NORMA-12232,930
38,NORMA-478,931
38,NORMA-19605,932
38,NORMA-24,933
38,NORMA-8458,934
38,NORMA-27342,935
38,NORMA-20705,936
38,NORMA-21242,937
38,NORMA-12099,938
38,NORMA-18379,939
38,NORMA-18214,940
38,NORMA-24582,941
38,NORMA-21561,942
38,NORMA-20762,943
38,NORMA-3824,944
38,NORMA-6343,945
38,NORMA-1274,946
38,NORMA-18435,947
38,NORMA-19211,948
38,NORMA-903,949
38,NORMA-18803,950
38,NORMA-19809,951
38,NORMA-21025,952
38,NORMA-7011,953
38,NORMA-7025,954
38,NORMA-573,955
38,NORMA-807,956
38,NORMA-18605,957
38,NORMA-18825,958
38,NORMA-11528,959
38,NORMA-21269,960
38,NORMA-21434,961
38,NORMA-4898,962
38,NORMA-10200,963
38,NORMA-4514,964
38,NORMA-4297,965
38,NORMA-20200,966
38,NORMA-21507,967
38,NORMA-2413,968
38,NORMA-18656,969
38,NORMA-19021,970
38,NORMA-18479,971
38,NORMA-12035,972
38,NORMA-20169,973
38,NORMA-19490,974
38,NORMA-6764,975
38,NORMA-978,976
38,NORMA-20721,977
38,NORMA-27001,978
38,NORMA-21208,979
38,NORMA-4830,980
38,NORMA-317,981
38,NORMA-20473,982
38,NORMA-12015,983
38,NORMA-12952,984
38,NORMA-18234,985
38,NORMA-20316,986
38,NORMA-18936,987
38,NORMA-21792,988
38,NORMA-11576,989
38,NORMA-11756,990
38,NORMA-18511,991
38,NORMA-27341,992
38,NORMA-10267,993
38,NORMA-11572,994
38,NORMA-18654,995
38,NORMA-19061,996
38,NORMA-13545,997
38,NORMA-1035,998
38,NORMA-19056,999
38,NORMA-9384,1000
40,NORMA-20204,1
40,NORMA-21606,2
40,NORMA-20693,3
40,NORMA-20698,4
40,NORMA-20739,5
40,NORMA-18217,6
40,NORMA-11226,7
40,NORMA-18802,8
40,NORMA-19378,9
40,NORMA-18434,10
40,NORMA-21135,11
40,NORMA-19602,12
40,NORMA-18274,13
40,NORMA-18816,14
40,NORMA-21286,15
40,NORMA-21046,16
40,NORMA-18306,17
40,NORMA-19682,18
40,NORMA-18424,19
40,NORMA-18863,20
40,NORMA-19192,21
40,NORMA-21152,22
40,NORMA-19942,23
40,NORMA-21159,24
40,NORMA-21608,25
40,NORMA-20948,26
40,NORMA-2413,27
40,NORMA-19473,28
40,NORMA-11756,29
40,NORMA-19546,30
40,NORMA-1597,31
40,NORMA-27687,32
40,NORMA-18823,33
40,NORMA-19468,34
40,NORMA-25964,35
40,NORMA-25902,36
40,NORMA-2523,37
40,NORMA-21199,38
40,NORMA-19358,39
40,NORMA-18502,40
40,NORMA-20253,41
40,NORMA-18291,42
40,NORMA-21783,43
40,NORMA-11757,44
40,NORMA-18803,45
40,NORMA-4531,46
40,NORMA-14113,47
40,NORMA-18204,48
40,NORMA-20188,49
40,NORMA-3494,50
40,NORMA-11474,51
40,NORMA-11527,52
40,NORMA-20941,53
40,NORMA-20787,54
40,NORMA-18273,55
40,NORMA-21698,56
40,NORMA-10029,57
40,NORMA-9871,58
40,NORMA-18295,59
40,NORMA-10044,60
40,NORMA-11596,61
40,NORMA-18286,62
40,NORMA-19701,63
40,NORMA-21147,64
40,NORMA-21398,65
40,NORMA-12952,66
40,NORMA-18729,67
40,NORMA-18562,68
40,NORMA-20963,69
40,NORMA-18414,70
40,NORMA-18843,71
40,NORMA-21547,72
40,NORMA-18819,73
40,NORMA-21300,74
40,NORMA-19371,75
40,NORMA-21150,76
40,NORMA-18380,77
40,NORMA-13547,78
40,NORMA-12631,79
40,NORMA-18842,80
40,NORMA-27550,81
40,NORMA-19014,82
40,NORMA-1945,83
40,NORMA-24905,84
40,NORMA-26981,85
40,NORMA-18955,86
40,NORMA-18264,87
40,NORMA-18298,88
40,NORMA-12649,89
40,NORMA-13594,90
40,NORMA-570,91
40,NORMA-18307,92
40,NORMA-20722,93
40,NORMA-18359,94
40,NORMA-18980,95
40,NORMA-18838,96
40,NORMA-11688,97
40,NORMA-18432,98
40,NORMA-11469,99
40,NORMA-14652,100
40,NORMA-20893,101
40,NORMA-18292,102
40,NORMA-21020,103
40,NORMA-18448,104
40,NORMA-21037,105
40,NORMA-6383,106
40,NORMA-19017,107
40,NORMA-11763,108
40,NORMA-21043,109
40,NORMA-18826,110
40,NORMA-6245,111
40,NORMA-8799,112
40,NORMA-6204,113
40,NORMA-893,114
40,NORMA-21343,115
40,NORMA-18249,116
40,NORMA-19515,117
40,NORMA-11686,118
40,NORMA-20058,119
40,NORMA-12657,120
40,NORMA-985,121
40,NORMA-18344,122
40,NORMA-18230,123
40,NORMA-11470,124
40,NORMA-11633,125
40,NORMA-2,126
40,NORMA-7241,127
40,NORMA-19471,128
40,NORMA-18214,129
40,NORMA-11600,130
40,NORMA-10375,131
40,NORMA-8458,132
40,NORMA-18828,133
40,NORMA-18539,134
40,NORMA-11854,135
40,NORMA-11853,136
40,NORMA-11472,137
40,NORMA-18548,138
40,NORMA-26,139
40,NORMA-778,140
40,NORMA-20182,141
40,NORMA-11857,142
40,NORMA-18324,143
40,NORMA-18356,144
40,NORMA-11796,145
40,NORMA-18224,146
40,NORMA-10200,147
40,NORMA-12017,148
40,NORMA-1,149
40,NORMA-2583,150
40,NORMA-11793,151
40,NORMA-11795,152
40,NORMA-11862,153
40,NORMA-11921,154
40,NORMA-18690,155
40,NORMA-20840,156
40,NORMA-18412,157
40,NORMA-18219,158
40,NORMA-11609,159
40,NORMA-8522,160
40,NORMA-12092,161
40,NORMA-7953,162
40,NORMA-11791,163
40,NORMA-7027,164
40,NORMA-11764,165
40,NORMA-15662,166
40,NORMA-27449,167
40,NORMA-11479,168
40,NORMA-3181,169
40,NORMA-28466,170
40,NORMA-11615,171
40,NORMA-21023,172
40,NORMA-28361,173
40,NORMA-12009,174
40,NORMA-5993,175
40,NORMA-10629,176
40,NORMA-12237,177
40,NORMA-18822,178
40,NORMA-17281,179
40,NORMA-11779,180
40,NORMA-602,181
40,NORMA-19903,182
40,NORMA-19570,183
40,NORMA-21206,184
40,NORMA-22001,185
40,NORMA-8159,186
40,NORMA-10140,187
40,NORMA-18798,188
40,NORMA-19622,189
40,NORMA-11665,190
40,NORMA-3642,191
40,NORMA-12437,192
40,NORMA-10154,193
40,NORMA-11735,194
40,NORMA-15603,195
40,NORMA-17321,196
40,NORMA-11476,197
40,NORMA-12019,198
40,NORMA-18206,199
40,NORMA-18446,200
40,NORMA-18379,201
40,NORMA-8773,202
40,NORMA-9646,203
40,NORMA-9072,204
40,NORMA-19206,205
40,NORMA-4587,206
40,NORMA-10331,207
40,NORMA-3962,208
40,NORMA-18788,209
40,NORMA-3638,210
40,NORMA-19406,211
40,NORMA-21533,212
40,NORMA-19969,213
40,NORMA-20950,214
40,NORMA-3001,215
40,NORMA-11263,216
40,NORMA-10119,217
40,NORMA-20300,218
40,NORMA-21446,219
40,NORMA-18436,220
40,NORMA-3482,221
40,NORMA-6755,222
40,NORMA-18378,223
40,NORMA-18377,224
40,NORMA-18773,225
40,NORMA-21238,226
40,NORMA-18342,227
40,NORMA-21126,228
40,NORMA-18233,229
40,NORMA-18797,230
40,NORMA-1092,231
40,NORMA-21490,232
40,NORMA-12020,233
40,NORMA-14666,234
40,NORMA-567,235
40,NORMA-18501,236
40,NORMA-18208,237
40,NORMA-18549,238
40,NORMA-21419,239
40,NORMA-18439,240
40,NORMA-4117,241
40,NORMA-19715,242
40,NORMA-10296,243
40,NORMA-8800,244
40,NORMA-20995,245
40,NORMA-21561,246
40,NORMA-18364,247
40,NORMA-18234,248
40,NORMA-10565,249
40,NORMA-9626,250
40,NORMA-18827,251
40,NORMA-4044,252
40,NORMA-10435,253
40,NORMA-10378,254
40,NORMA-21139,255
40,NORMA-18656,256
40,NORMA-10434,257
40,NORMA-5812,258
40,NORMA-21028,259
40,NORMA-18284,260
40,NORMA-20918,261
40,NORMA-11614,262
40,NORMA-18978,263
40,NORMA-14965,264
40,NORMA-23027,265
40,NORMA-6623,266
40,NORMA-7526,267
40,NORMA-3483,268
40,NORMA-19629,269
40,NORMA-12170,270
40,NORMA-4189,271
40,NORMA-12777,272
40,NORMA-6268,273
40,NORMA-11798,274
40,NORMA-18806,275
40,NORMA-29062,276
40,NORMA-7996,277
40,NORMA-7094,278
40,NORMA-14970,279
40,NORMA-4791,280
40,NORMA-13389,281
40,NORMA-1485,282
40,NORMA-1365,283
40,NORMA-11664,284
40,NORMA-19523,285
40,NORMA-7149,286
40,NORMA-3735,287
40,NORMA-24102,288
40,NORMA-14345,289
40,NORMA-11739,290
40,NORMA-18444,291
40,NORMA-20796,292
40,NORMA-4634,293
40,NORMA-12172,294
40,NORMA-21158,295
40,NORMA-13995,296
40,NORMA-5968,297
40,NORMA-18360,298
40,NORMA-7556,299
40,NORMA-19983,300
40,NORMA-20425,301
40,NORMA-11086,302
40,NORMA-9855,303
40,NORMA-22822,304
40,NORMA-23941,305
40,NORMA-12771,306
40,NORMA-20080,307
40,NORMA-18605,308
40,NORMA-7110,309
40,NORMA-4242,310
40,NORMA-18772,311
40,NORMA-12235,312
40,NORMA-19233,313
40,NORMA-8814,314
40,NORMA-11805,315
40,NORMA-6242,316
40,NORMA-13229,317
40,NORMA-15027,318
40,NORMA-11913,319
40,NORMA-18577,320
40,NORMA-1567,321
40,NORMA-13552,322
40,NORMA-27924,323
40,NORMA-12094,324
40,NORMA-11599,325
40,NORMA-10146,326
40,NORMA-18301,327
40,NORMA-18207,328
40,NORMA-7525,329
40,NORMA-6256,330
40,NORMA-11855,331
40,NORMA-18706,332
40,NORMA-20301,333
40,NORMA-6895,334
40,NORMA-18528,335
40,NORMA-12685,336
40,NORMA-27063,337
40,NORMA-7320,338
40,NORMA-20989,339
40,NORMA-18668,340
40,NORMA-19329,341
40,NORMA-21157,342
40,NORMA-14302,343
40,NORMA-18630,344
40,NORMA-19655,345
40,NORMA-11792,346
40,NORMA-7012,347
40,NORMA-18430,348
40,NORMA-19658,349
40,NORMA-18223,350
40,NORMA-21784,351
40,NORMA-20817,352
40,NORMA-20854,353
40,NORMA-12911,354
40,NORMA-21408,355
40,NORMA-18722,356
40,NORMA-13772,357
40,NORMA-20069,358
40,NORMA-12005,359
40,NORMA-20692,360
40,NORMA-5381,361
40,NORMA-19529,362
40,NORMA-19564,363
40,NORMA-20138,364
40,NORMA-20191,365
40,NORMA-6505,366
40,NORMA-19128,367
40,NORMA-21255,368
40,NORMA-15045,369
40,NORMA-24661,370
40,NORMA-23682,371
40,NORMA-19574,372
40,NORMA-14542,373
40,NORMA-20423,374
40,NORMA-31903,375
40,NORMA-4631,376
40,NORMA-20789,377
40,NORMA-21776,378
40,NORMA-11790,379
40,NORMA-20793,380
40,NORMA-11920,381
40,NORMA-19621,382
40,NORMA-7011,383
40,NORMA-15211,384
40,NORMA-11631,385
40,NORMA-14501,386
40,NORMA-15339,387
40,NORMA-14744,388
40,NORMA-14508,389
40,NORMA-14937,390
40,NORMA-19019,391
40,NORMA-13056,392
40,NORMA-20241,393
40,NORMA-18345,394
40,NORMA-838,395
40,NORMA-19181,396
40,NORMA-19343,397
40,NORMA-12490,398
40,NORMA-19651,399
40,NORMA-4477,400
40,NORMA-21256,401
40,NORMA-20238,402
40,NORMA-12900,403
40,NORMA-12901,404
40,NORMA-12030,405
40,NORMA-19915,406
40,NORMA-21239,407
40,NORMA-13918,408
40,NORMA-19061,409
40,NORMA-12103,410
40,NORMA-12067,411
40,NORMA-13470,412
40,NORMA-21278,413
40,NORMA-2691,414
40,NORMA-20800,415
40,NORMA-12171,416
40,NORMA-27044,417
40,NORMA-21217,418
40,NORMA-21767,419
40,NORMA-20869,420
40,NORMA-21755,421
40,NORMA-18222,422
40,NORMA-19583,423
40,NORMA-20239,424
40,NORMA-8575,425
40,NORMA-21461,426
40,NORMA-14746,427
40,NORMA-21550,428
40,NORMA-21526,429
40,NORMA-12099,430
40,NORMA-18332,431
40,NORMA-11804,432
40,NORMA-18653,433
40,NORMA-6958,434
40,NORMA-27364,435
40,NORMA-20968,436
40,NORMA-21389,437
40,NORMA-6880,438
40,NORMA-19281,439
40,NORMA-21312,440
40,NORMA-18352,441
40,NORMA-18474,442
40,NORMA-11740,443
40,NORMA-3979,444
40,NORMA-18799,445
40,NORMA-18225,446
40,NORMA-19909,447
40,NORMA-21499,448
40,NORMA-6644,449
40,NORMA-18269,450
40,NORMA-6321,451
40,NORMA-13158,452
40,NORMA-19777,453
40,NORMA-19394,454
40,NORMA-21676,455
40,NORMA-425,456
40,NORMA-5170,457
40,NORMA-6170,458
40,NORMA-19096,459
40,NORMA-6758,460
40,NORMA-6257,461
40,NORMA-6521,462
40,NORMA-18825,463
40,NORMA-13519,464
40,NORMA-20443,465
40,NORMA-20754,466
40,NORMA-9670,467
40,NORMA-12027,468
40,NORMA-6291,469
40,NORMA-9110,470
40,NORMA-7942,471
40,NORMA-26003,472
40,NORMA-20880,473
40,NORMA-21626,474
40,NORMA-10931,475
40,NORMA-20949,476
40,NORMA-21650,477
40,NORMA-26102,478
40,NORMA-18837,479
40,NORMA-19503,480
40,NORMA-11570,481
40,NORMA-20561,482
40,NORMA-18967,483
40,NORMA-11760,484
40,NORMA-20065,485
40,NORMA-19290,486
40,NORMA-19927,487
40,NORMA-31923,488
40,NORMA-19751,489
40,NORMA-27521,490
40,NORMA-13469,491
40,NORMA-19601,492
40,NORMA-20738,493
40,NORMA-6819,494
40,NORMA-18972,495
40,NORMA-21690,496
40,NORMA-6820,497
40,NORMA-18834,498
40,NORMA-6083,499
40,NORMA-19027,500
40,NORMA-19431,501
40,NORMA-20916,502
40,NORMA-20131,503
40,NORMA-20703,504
40,NORMA-21519,505
40,NORMA-18418,506
40,NORMA-18403,507
40,NORMA-18626,508
40,NORMA-12006,509
40,NORMA-29301,510
40,NORMA-6092,511
40,NORMA-6410,512
40,NORMA-20704,513
40,NORMA-19245,514
40,NORMA-6813,515
40,NORMA-20917,516
40,NORMA-11651,517
40,NORMA-6635,518
40,NORMA-20655,519
40,NORMA-14091,520
40,NORMA-12262,521
40,NORMA-18709,522
40,NORMA-18350,523
40,NORMA-12159,524
40,NORMA-12188,525
40,NORMA-6250,526
40,NORMA-6556,527
40,NORMA-6557,528
40,NORMA-18465,529
40,NORMA-18181,530
40,NORMA-12354,531
40,NORMA-28802,532
40,NORMA-18807,533
40,NORMA-23301,534
40,NORMA-19609,535
40,NORMA-6970,536
40,NORMA-24885,537
40,NORMA-20672,538
40,NORMA-14742,539
40,NORMA-19483,540
40,NORMA-28922,541
40,NORMA-28522,542
40,NORMA-25021,543
40,NORMA-13422,544
40,NORMA-14870,545
40,NORMA-6667,546
40,NORMA-28525,547
40,NORMA-28523,548
40,NORMA-13584,549
40,NORMA-10778,550
40,NORMA-28524,551
40,NORMA-27262,552
40,NORMA-27282,553
40,NORMA-13119,554
40,NORMA-14517,555
40,NORMA-6183,556
40,NORMA-689,557
40,NORMA-6344,558
40,NORMA-28941,559
40,NORMA-28541,560
40,NORMA-27281,561
40,NORMA-23801,562
40,NORMA-23781,563
40,NORMA-13912,564
40,NORMA-11654,565
40,NORMA-6666,566
40,NORMA-20601,567
40,NORMA-11508,568
40,NORMA-6776,569
40,NORMA-21249,570
40,NORMA-20284,571
40,NORMA-23242,572
40,NORMA-6651,573
40,NORMA-6951,574
40,NORMA-21522,575
40,NORMA-27761,576
40,NORMA-28861,577
40,NORMA-13214,578
40,NORMA-14636,579
40,NORMA-13883,580
40,NORMA-14429,581
40,NORMA-10365,582
40,NORMA-17701,583
40,NORMA-16961,584
40,NORMA-14178,585
40,NORMA-9867,586
40,NORMA-9482,587
40,NORMA-11780,588
40,NORMA-14208,589
40,NORMA-6814,590
40,NORMA-27542,591
40,NORMA-27541,592
40,NORMA-10925,593
40,NORMA-13463,594
40,NORMA-10621,595
40,NORMA-6622,596
40,NORMA-6665,597
40,NORMA-6766,598
40,NORMA-6488,599
40,NORMA-10692,600
40,NORMA-6188,601
40,NORMA-6251,602
40,NORMA-20050,603
40,NORMA-14643,604
40,NORMA-15150,605
40,NORMA-6021,606
40,NORMA-12081,607
40,NORMA-11652,608
40,NORMA-9969,609
40,NORMA-6950,610
40,NORMA-6180,611
40,NORMA-20671,612
40,NORMA-15328,613
40,NORMA-8871,614
40,NORMA-6177,615
40,NORMA-6558,616
40,NORMA-19111,617
40,NORMA-20137,618
40,NORMA-16202,619
40,NORMA-18747,620
40,NORMA-20730,621
40,NORMA-9972,622
40,NORMA-18796,623
40,NORMA-9870,624
40,NORMA-9866,625
40,NORMA-9026,626
40,NORMA-20248,627
40,NORMA-6599,628
40,NORMA-6592,629
40,NORMA-18381,630
40,NORMA-20982,631
40,NORMA-6186,632
40,NORMA-19391,633
40,NORMA-14627,634
40,NORMA-14759,635
40,NORMA-10529,636
40,NORMA-15069,637
40,NORMA-12345,638
40,NORMA-14562,639
40,NORMA-13884,640
40,NORMA-10741,641
40,NORMA-21218,642
40,NORMA-21431,643
40,NORMA-6189,644
40,NORMA-18836,645
40,NORMA-20810,646
40,NORMA-10039,647
40,NORMA-14090,648
40,NORMA-13738,649
40,NORMA-25621,650
40,NORMA-18985,651
40,NORMA-17061,652
40,NORMA-14676,653
40,NORMA-4500,654
40,NORMA-21276,655
40,NORMA-10342,656
40,NORMA-17684,657
40,NORMA-10693,658
40,NORMA-13458,659
40,NORMA-6598,660
40,NORMA-11653,661
40,NORMA-10364,662
40,NORMA-7390,663
40,NORMA-9968,664
40,NORMA-21183,665
40,NORMA-14089,666
40,NORMA-19379,667
40,NORMA-19295,668
40,NORMA-21616,669
40,NORMA-18540,670
40,NORMA-21475,671
40,NORMA-21194,672
40,NORMA-21085,673
40,NORMA-27001,674
40,NORMA-13202,675
40,NORMA-19077,676
40,NORMA-9837,677
40,NORMA-21386,678
40,NORMA-9869,679
40,NORMA-18541,680
40,NORMA-7664,681
40,NORMA-5536,682
40,NORMA-20119,683
40,NORMA-19919,684
40,NORMA-20865,685
40,NORMA-14951,686
40,NORMA-23521,687
40,NORMA-7280,688
40,NORMA-19186,689
40,NORMA-12048,690
40,NORMA-19553,691
40,NORMA-6253,692
40,NORMA-21515,693
40,NORMA-20863,694
40,NORMA-21367,695
40,NORMA-18637,696
40,NORMA-19704,697
40,NORMA-21418,698
40,NORMA-19603,699
40,NORMA-19940,700
40,NORMA-11774,701
40,NORMA-20098,702
40,NORMA-18546,703
40,NORMA-18697,704
40,NORMA-18552,705
40,NORMA-21270,706
40,NORMA-19561,707
40,NORMA-21220,708
40,NORMA-15237,709
40,NORMA-416,710
40,NORMA-21267,711
40,NORMA-1866,712
40,NORMA-20376,713
40,NORMA-4711,714
40,NORMA-18435,715
40,NORMA-19562,716
40,NORMA-417,717
40,NORMA-1619,718
40,NORMA-19351,719
40,NORMA-12492,720
40,NORMA-12197,721
40,NORMA-7022,722
40,NORMA-20597,723
40,NORMA-12038,724
40,NORMA-11882,725
40,NORMA-18527,726
40,NORMA-20887,727
40,NORMA-27121,728
40,NORMA-10309,729
40,NORMA-4075,730
40,NORMA-11512,731
40,NORMA-11864,732
40,NORMA-10041,733
40,NORMA-21788,734
40,NORMA-20904,735
40,NORMA-19408,736
40,NORMA-1665,737
40,NORMA-18554,738
40,NORMA-15028,739
40,NORMA-11316,740
40,NORMA-21535,741
40,NORMA-21143,742
40,NORMA-18409,743
40,NORMA-12049,744
40,NORMA-19750,745
40,NORMA-782,746
40,NORMA-1863,747
40,NORMA-11922,748
40,NORMA-2014,749
40,NORMA-11557,750
40,NORMA-18999,751
40,NORMA-21739,752
40,NORMA-18804,753
40,NORMA-20987,754
40,NORMA-18950,755
40,NORMA-18205,756
40,NORMA-21790,757
40,NORMA-6509,758
40,NORMA-11628,759
40,NORMA-10821,760
40,NORMA-19623,761
40,NORMA-20090,762
40,NORMA-21411,763
40,NORMA-7651,764
40,NORMA-1349,765
40,NORMA-28821,766
40,NORMA-20559,767
40,NORMA-19264,768
40,NORMA-21678,769
40,NORMA-19958,770
40,NORMA-19945,771
40,NORMA-9888,772
40,NORMA-11569,773
40,NORMA-21277,774
40,NORMA-21471,775
40,NORMA-7272,776
40,NORMA-18633,777
40,NORMA-483,778
40,NORMA-1689,779
40,NORMA-12246,780
40,NORMA-20777,781
40,NORMA-10878,782
40,NORMA-5252,783
40,NORMA-21651,784
40,NORMA-9785,785
40,NORMA-122,786
40,NORMA-4091,787
40,NORMA-11870,788
40,NORMA-21564,789
40,NORMA-5586,790
40,NORMA-21140,791
40,NORMA-3662,792
40,NORMA-18375,793
40,NORMA-18531,794
40,NORMA-9595,795
40,NORMA-1352,796
40,NORMA-11871,797
40,NORMA-19081,798
40,NORMA-11108,799
40,NORMA-20888,800
40,NORMA-20224,801
40,NORMA-20607,802
40,NORMA-21545,803
40,NORMA-11589,804
40,NORMA-18986,805
40,NORMA-19764,806
40,NORMA-11874,807
40,NORMA-18859,808
40,NORMA-11769,809
40,NORMA-20242,810
40,NORMA-27342,811
40,NORMA-18787,812
40,NORMA-12247,813
40,NORMA-4275,814
40,NORMA-20616,815
40,NORMA-18894,816
40,NORMA-19321,817
40,NORMA-13514,818
40,NORMA-19618,819
40,NORMA-25645,820
40,NORMA-18303,821
40,NORMA-21688,822
40,NORMA-19021,823
40,NORMA-9823,824
40,NORMA-7387,825
40,NORMA-11875,826
40,NORMA-19039,827
40,NORMA-30043,828
40,NORMA-21228,829
40,NORMA-21460,830
40,NORMA-18915,831
40,NORMA-12802,832
40,NORMA-2981,833
40,NORMA-10999,834
40,NORMA-20429,835
40,NORMA-18413,836
40,NORMA-6736,837
40,NORMA-20971,838
40,NORMA-19466,839
40,NORMA-21136,840
40,NORMA-21279,841
40,NORMA-18885,842
40,NORMA-18221,843
40,NORMA-15427,844
40,NORMA-21164,845
40,NORMA-1654,846
40,NORMA-20056,847
40,NORMA-2180,848
40,NORMA-20305,849
40,NORMA-19871,850
40,NORMA-3767,851
40,NORMA-20308,852
40,NORMA-15465,853
40,NORMA-1841,854
40,NORMA-19961,855
40,NORMA-13402,856
40,NORMA-7853,857
40,NORMA-20528,858
40,NORMA-19448,859
40,NORMA-11712,860
40,NORMA-18404,861
40,NORMA-20685,862
40,NORMA-20535,863
40,NORMA-6343,864
40,NORMA-19829,865
40,NORMA-24921,866
40,NORMA-6702,867
40,NORMA-5626,868
40,NORMA-19624,869
40,NORMA-21757,870
40,NORMA-2076,871
40,NORMA-1981,872
40,NORMA-18945,873
40,NORMA-7663,874
40,NORMA-11723,875
40,NORMA-11901,876
40,NORMA-20432,877
40,NORMA-1338,878
40,NORMA-20857,879
40,NORMA-19330,880
40,NORMA-20093,881
40,NORMA-21406,882
40,NORMA-21779,883
40,NORMA-12249,884
40,NORMA-10055,885
40,NORMA-20257,886
40,NORMA-20021,887
40,NORMA-10762,888
40,NORMA-21554,889
40,NORMA-6414,890
40,NORMA-18805,891
40,NORMA-11629,892
40,NORMA-19963,893
40,NORMA-995,894
40,NORMA-11668,895
40,NORMA-11799,896
40,NORMA-607,897
40,NORMA-18248,898
40,NORMA-10219,899
40,NORMA-1655,900
40,NORMA-18654,901
40,NORMA-12063,902
40,NORMA-21078,903
40,NORMA-11505,904
40,NORMA-6396,905
40,NORMA-12255,906
40,NORMA-11714,907
40,NORMA-1035,908
40,NORMA-20998,909
40,NORMA-20719,910
40,NORMA-20657,911
40,NORMA-17182,912
40,NORMA-19716,913
40,NORMA-14974,914
40,NORMA-21019,915
40,NORMA-20934,916
40,NORMA-1621,917
40,NORMA-20226,918
40,NORMA-12026,919
40,NORMA-18768,920
40,NORMA-12164,921
40,NORMA-7353,922
40,NORMA-18909,923
40,NORMA-21521,924
40,NORMA-20369,925
40,NORMA-20924,926
40,NORMA-21622,927
40,NORMA-18675,928
40,NORMA-20127,929
40,NORMA-19269,930
40,NORMA-3824,931
40,NORMA-19164,932
40,NORMA-18237,933
40,NORMA-480,934
40,NORMA-20733,935
40,NORMA-19377,936
40,NORMA-11813,937
40,NORMA-1656,938
40,NORMA-12043,939
40,NORMA-4818,940
40,NORMA-6948,941
40,NORMA-21024,942
40,NORMA-21080,943
40,NORMA-20862,944
40,NORMA-11806,945
40,NORMA-20721,946
40,NORMA-18892,947
40,NORMA-716,948
40,NORMA-1718,949
40,NORMA-19312,950
40,NORMA-143,951
40,NORMA-19534,952
40,NORMA-18947,953
40,NORMA-970,954
40,NORMA-11776,955
40,NORMA-21450,956
40,NORMA-20702,957
40,NORMA-9681,958
40,NORMA-18858,959
40,NORMA-20303,960
40,NORMA-19328,961
40,NORMA-8027,962
40,NORMA-19528,963
40,NORMA-2603,964
40,NORMA-11627,965
40,NORMA-12018,966
40,NORMA-20870,967
40,NORMA-20212,968
40,NORMA-21792,969
40,NORMA-17461,970
40,NORMA-9067,971
40,NORMA-18456,972
40,NORMA-11872,973
40,NORMA-20557,974
40,NORMA-19531,975
40,NORMA-20677,976
40,NORMA-20223,977
40,NORMA-11767,978
40,NORMA-20921,979
40,NORMA-6366,980
40,NORMA-18496,981
40,NORMA-19568,982
40,NORMA-7194,983
40,NORMA-20990,984
40,NORMA-20079,985
40,NORMA-9821,986
40,NORMA-22241,987
40,NORMA-11576,988
40,NORMA-20632,989
40,NORMA-655,990
40,NORMA-1851,991
40,NORMA-20644,992
40,NORMA-4394,993
40,NORMA-20901,994
40,NORMA-18213,995
40,NORMA-1583,996
40,NORMA-20567,997
40,NORMA-18734,998
40,NORMA-11524,999
40,NORMA-8203,1000
41,NORMA-1965,1
41,NORMA-20927,2
41,NORMA-18385,3
41,NORMA-729,4
41,NORMA-20869,5
41,NORMA-19853,6
41,NORMA-24582,7
41,NORMA-1619,8
41,NORMA-2413,9
41,NORMA-1463,10
41,NORMA-416,11
41,NORMA-26701,12
41,NORMA-20870,13
41,NORMA-19977,14
41,NORMA-20635,15
41,NORMA-21090,16
41,NORMA-20515,17
41,NORMA-20159,18
41,NORMA-1516,19
41,NORMA-21158,20
41,NORMA-21168,21
41,NORMA-20627,22
41,NORMA-2461,23
41,NORMA-21012,24
41,NORMA-19571,25
41,NORMA-11614,26
41,NORMA-21521,27
41,NORMA-3381,28
41,NORMA-854,29
41,NORMA-21192,30
41,NORMA-21446,31
41,NORMA-21687,32
41,NORMA-8061,33
41,NORMA-6690,34
41,NORMA-18844,35
41,NORMA-7323,36
41,NORMA-22561,37
41,NORMA-802,38
41,NORMA-20639,39
41,NORMA-21676,40
41,NORMA-21321,41
41,NORMA-59,42
41,NORMA-20571,43
41,NORMA-660,44
41,NORMA-20749,45
41,NORMA-21261,46
41,NORMA-21787,47
41,NORMA-261,48
41,NORMA-2013,49
41,NORMA-801,50
41,NORMA-2185,51
41,NORMA-21650,52
41,NORMA-20857,53
41,NORMA-1006,54
41,NORMA-1611,55
41,NORMA-554,56
41,NORMA-2981,57
41,NORMA-21466,58
41,NORMA-974,59
41,NORMA-19337,60
41,NORMA-15921,61
41,NORMA-20053,62
41,NORMA-20616,63
41,NORMA-704,64
41,NORMA-19919,65
41,NORMA-573,66
41,NORMA-20304,67
41,NORMA-20263,68
41,NORMA-11758,69
41,NORMA-20805,70
41,NORMA-11473,71
41,NORMA-18237,72
41,NORMA-578,73
41,NORMA-21496,74
41,NORMA-19609,75
41,NORMA-1024,76
41,NORMA-560,77
41,NORMA-21164,78
41,NORMA-21755,79
41,NORMA-20336,80
41,NORMA-18803,81
41,NORMA-24961,82
41,NORMA-1547,83
41,NORMA-20682,84
41,NORMA-385,85
41,NORMA-21023,86
41,NORMA-19933,87
41,NORMA-1252,88
41,NORMA-1183,89
41,NORMA-588,90
41,NORMA-587,91
41,NORMA-20934,92
41,NORMA-1207,93
41,NORMA-20874,94
41,NORMA-938,95
41,NORMA-2020,96
41,NORMA-819,97
41,NORMA-21189,98
41,NORMA-20578,99
41,NORMA-20425,100
41,NORMA-188,101
41,NORMA-1352,102
41,NORMA-20785,103
41,NORMA-1026,104
41,NORMA-595,105
41,NORMA-2395,106
41,NORMA-20691,107
41,NORMA-20886,108
41,NORMA-783,109
41,NORMA-20774,110
41,NORMA-1674,111
41,NORMA-20728,112
41,NORMA-20233,113
41,NORMA-21308,114
41,NORMA-1361,115
41,NORMA-4316,116
41,NORMA-1175,117
41,NORMA-1171,118
41,NORMA-1740,119
41,NORMA-26885,120
41,NORMA-13296,121
41,NORMA-19080,122
41,NORMA-21497,123
41,NORMA-1996,124
41,NORMA-20271,125
41,NORMA-20786,126
41,NORMA-20910,127
41,NORMA-20853,128
41,NORMA-850,129
41,NORMA-20282,130
41,NORMA-21367,131
41,NORMA-20755,132
41,NORMA-11615,133
41,NORMA-21125,134
41,NORMA-18216,135
41,NORMA-1421,136
41,NORMA-19090,137
41,NORMA-18233,138
41,NORMA-19883,139
41,NORMA-11776,140
41,NORMA-20182,141
41,NORMA-18799,142
41,NORMA-567,143
41,NORMA-15901,144
41,NORMA-20621,145
41,NORMA-20619,146
41,NORMA-18494,147
41,NORMA-21624,148
41,NORMA-19809,149
41,NORMA-21659,150
41,NORMA-31903,151
41,NORMA-11649,152
41,NORMA-25722,153
41,NORMA-18732,154
41,NORMA-21739,155
41,NORMA-210,156
41,NORMA-14063,157
41,NORMA-1222,158
41,NORMA-21655,159
41,NORMA-15381,160
41,NORMA-20949,161
41,NORMA-12612,162
41,NORMA-11771,163
41,NORMA-12315,164
41,NORMA-11768,165
41,NORMA-18837,166
41,NORMA-20065,167
41,NORMA-20945,168
41,NORMA-15377,169
41,NORMA-18489,170
41,NORMA-20993,171
41,NORMA-1620,172
41,NORMA-11316,173
41,NORMA-18486,174
41,NORMA-18487,175
41,NORMA-14470,176
41,NORMA-27305,177
41,NORMA-21136,178
41,NORMA-11144,179
41,NORMA-21402,180
41,NORMA-1650,181
41,NORMA-11735,182
41,NORMA-5008,183
41,NORMA-18503,184
41,NORMA-1585,185
41,NORMA-3823,186
41,NORMA-1631,187
41,NORMA-21200,188
41,NORMA-15097,189
41,NORMA-21031,190
41,NORMA-14203,191
41,NORMA-21144,192
41,NORMA-2113,193
41,NORMA-15075,194
41,NORMA-12830,195
41,NORMA-13601,196
41,NORMA-15335,197
41,NORMA-14537,198
41,NORMA-6075,199
41,NORMA-13343,200
41,NORMA-12844,201
41,NORMA-11911,202
41,NORMA-12391,203
41,NORMA-13249,204
41,NORMA-12077,205
41,NORMA-15306,206
41,NORMA-19503,207
41,NORMA-18479,208
41,NORMA-14064,209
41,NORMA-12543,210
41,NORMA-1155,211
41,NORMA-15045,212
41,NORMA-13899,213
41,NORMA-12821,214
41,NORMA-14246,215
41,NORMA-12660,216
41,NORMA-14083,217
41,NORMA-23682,218
41,NORMA-20522,219
41,NORMA-24021,220
41,NORMA-13121,221
41,NORMA-13956,222
41,NORMA-15101,223
41,NORMA-14542,224
41,NORMA-13028,225
41,NORMA-13118,226
41,NORMA-14021,227
41,NORMA-11907,228
41,NORMA-14365,229
41,NORMA-13089,230
41,NORMA-13243,231
41,NORMA-11914,232
41,NORMA-15042,233
41,NORMA-14893,234
41,NORMA-12627,235
41,NORMA-24142,236
41,NORMA-12377,237
41,NORMA-6601,238
41,NORMA-13712,239
41,NORMA-12545,240
41,NORMA-15010,241
41,NORMA-15292,242
41,NORMA-14034,243
41,NORMA-13731,244
41,NORMA-12290,245
41,NORMA-15129,246
41,NORMA-6768,247
41,NORMA-14018,248
41,NORMA-13156,249
41,NORMA-13737,250
41,NORMA-19598,251
41,NORMA-14799,252
41,NORMA-12519,253
41,NORMA-15076,254
41,NORMA-23804,255
41,NORMA-23025,256
41,NORMA-17902,257
41,NORMA-17242,258
41,NORMA-17042,259
41,NORMA-13451,260
41,NORMA-11824,261
41,NORMA-23441,262
41,NORMA-15008,263
41,NORMA-18807,264
41,NORMA-16201,265
41,NORMA-12061,266
41,NORMA-12498,267
41,NORMA-20833,268
41,NORMA-12478,269
41,NORMA-13084,270
41,NORMA-14605,271
41,NORMA-6814,272
41,NORMA-12301,273
41,NORMA-29682,274
41,NORMA-23803,275
41,NORMA-14500,276
41,NORMA-14391,277
41,NORMA-28203,278
41,NORMA-26021,279
41,NORMA-16744,280
41,NORMA-18771,281
41,NORMA-14745,282
41,NORMA-13917,283
41,NORMA-14697,284
41,NORMA-18910,285
41,NORMA-5431,286
41,NORMA-23963,287
41,NORMA-18082,288
41,NORMA-14736,289
41,NORMA-4717,290
41,NORMA-19967,291
41,NORMA-28465,292
41,NORMA-26725,293
41,NORMA-16962,294
41,NORMA-12382,295
41,NORMA-14852,296
41,NORMA-21143,297
41,NORMA-14751,298
41,NORMA-13112,299
41,NORMA-13206,300
41,NORMA-13768,301
41,NORMA-14110,302
41,NORMA-14173,303
41,NORMA-6021,304
41,NORMA-24261,305
41,NORMA-23161,306
41,NORMA-13872,307
41,NORMA-6180,308
41,NORMA-15250,309
41,NORMA-14820,310
41,NORMA-6558,311
41,NORMA-16222,312
41,NORMA-16221,313
41,NORMA-14897,314
41,NORMA-14421,315
41,NORMA-12838,316
41,NORMA-18591,317
41,NORMA-22522,318
41,NORMA-17241,319
41,NORMA-14232,320
41,NORMA-13341,321
41,NORMA-12051,322
41,NORMA-11879,323
41,NORMA-14540,324
41,NORMA-11857,325
41,NORMA-15002,326
41,NORMA-14686,327
41,NORMA-12538,328
41,NORMA-13217,329
41,NORMA-13971,330
41,NORMA-13707,331
41,NORMA-5001,332
41,NORMA-27225,333
41,NORMA-13220,334
41,NORMA-15207,335
41,NORMA-12701,336
41,NORMA-14888,337
41,NORMA-13402,338
41,NORMA-12414,339
41,NORMA-9520,340
41,NORMA-6592,341
41,NORMA-5165,342
41,NORMA-15085,343
41,NORMA-10123,344
41,NORMA-18418,345
41,NORMA-14175,346
41,NORMA-27881,347
41,NORMA-20291,348
41,NORMA-10865,349
41,NORMA-9358,350
41,NORMA-22381,351
41,NORMA-13385,352
41,NORMA-12974,353
41,NORMA-5761,354
41,NORMA-4297,355
41,NORMA-28881,356
41,NORMA-16963,357
41,NORMA-9389,358
41,NORMA-21902,359
41,NORMA-21689,360
41,NORMA-3621,361
41,NORMA-18697,362
41,NORMA-4820,363
41,NORMA-29061,364
41,NORMA-4898,365
41,NORMA-13592,366
41,NORMA-22043,367
41,NORMA-20757,368
41,NORMA-8013,369
41,NORMA-18265,370
41,NORMA-18465,371
41,NORMA-18553,372
41,NORMA-18438,373
41,NORMA-12562,374
41,NORMA-18428,375
41,NORMA-15868,376
41,NORMA-18496,377
41,NORMA-17003,378
41,NORMA-4397,379
41,NORMA-13265,380
41,NORMA-28641,381
41,NORMA-1147,382
41,NORMA-12630,383
41,NORMA-21190,384
41,NORMA-2005,385
41,NORMA-22101,386
41,NORMA-29681,387
41,NORMA-18303,388
41,NORMA-19705,389
41,NORMA-1422,390
41,NORMA-18819,391
41,NORMA-19128,392
41,NORMA-19380,393
41,NORMA-4133,394
41,NORMA-15426,395
41,NORMA-21157,396
41,NORMA-21025,397
41,NORMA-14951,398
41,NORMA-20344,399
41,NORMA-21199,400
41,NORMA-5853,401
41,NORMA-18298,402
41,NORMA-5417,403
41,NORMA-19643,404
41,NORMA-13138,405
41,NORMA-21036,406
41,NORMA-13720,407
41,NORMA-21147,408
41,NORMA-21280,409
41,NORMA-18450,410
41,NORMA-3852,411
41,NORMA-13665,412
41,NORMA-21267,413
41,NORMA-7149,414
41,NORMA-4204,415
41,NORMA-20531,416
41,NORMA-417,417
41,NORMA-1573,418
41,NORMA-3779,419
41,NORMA-8522,420
41,NORMA-3579,421
41,NORMA-18378,422
41,NORMA-21792,423
41,NORMA-4277,424
41,NORMA-1613,425
41,NORMA-1342,426
41,NORMA-782,427
41,NORMA-19391,428
41,NORMA-220,429
41,NORMA-19730,430
41,NORMA-24,431
41,NORMA-19194,432
41,NORMA-12030,433
41,NORMA-509,434
41,NORMA-766,435
41,NORMA-20584,436
41,NORMA-20072,437
41,NORMA-18554,438
41,NORMA-20971,439
41,NORMA-20633,440
41,NORMA-18388,441
41,NORMA-15004,442
41,NORMA-18823,443
41,NORMA-21519,444
41,NORMA-20846,445
41,NORMA-20865,446
41,NORMA-18950,447
41,NORMA-18492,448
41,NORMA-18798,449
41,NORMA-18377,450
41,NORMA-20904,451
41,NORMA-755,452
41,NORMA-20811,453
41,NORMA-19005,454
41,NORMA-18211,455
41,NORMA-124,456
41,NORMA-11756,457
41,NORMA-18440,458
41,NORMA-3980,459
41,NORMA-15581,460
41,NORMA-209,461
41,NORMA-18996,462
41,NORMA-21046,463
41,NORMA-20448,464
41,NORMA-21069,465
41,NORMA-19111,466
41,NORMA-211,467
41,NORMA-19499,468
41,NORMA-21063,469
41,NORMA-483,470
41,NORMA-1999,471
41,NORMA-18838,472
41,NORMA-5252,473
41,NORMA-4924,474
41,NORMA-20070,475
41,NORMA-19542,476
41,NORMA-21002,477
41,NORMA-11575,478
41,NORMA-2383,479
41,NORMA-11757,480
41,NORMA-4926,481
41,NORMA-18796,482
41,NORMA-18605,483
41,NORMA-19828,484
41,NORMA-20164,485
41,NORMA-20999,486
41,NORMA-4312,487
41,NORMA-19164,488
41,NORMA-18646,489
41,NORMA-11766,490
41,NORMA-18549,491
41,NORMA-11688,492
41,NORMA-18414,493
41,NORMA-21613,494
41,NORMA-21283,495
41,NORMA-31904,496
41,NORMA-1317,497
41,NORMA-21028,498
41,NORMA-19170,499
41,NORMA-19220,500
41,NORMA-20908,501
41,NORMA-208,502
41,NORMA-18542,503
41,NORMA-18403,504
41,NORMA-6757,505
41,NORMA-21776,506
41,NORMA-207,507
41,NORMA-20194,508
41,NORMA-5421,509
41,NORMA-18806,510
41,NORMA-18430,511
41,NORMA-18254,512
41,NORMA-20690,513
41,NORMA-1534,514
41,NORMA-21299,515
41,NORMA-20858,516
41,NORMA-21225,517
41,NORMA-21026,518
41,NORMA-18772,519
41,NORMA-19383,520
41,NORMA-13094,521
41,NORMA-20432,522
41,NORMA-18201,523
41,NORMA-7381,524
41,NORMA-21419,525
41,NORMA-20258,526
41,NORMA-10301,527
41,NORMA-20038,528
41,NORMA-19587,529
41,NORMA-18292,530
41,NORMA-18439,531
41,NORMA-18204,532
41,NORMA-18527,533
41,NORMA-21152,534
41,NORMA-21135,535
41,NORMA-18868,536
41,NORMA-20854,537
41,NORMA-18301,538
41,NORMA-217,539
41,NORMA-28281,540
41,NORMA-21249,541
41,NORMA-21085,542
41,NORMA-16268,543
41,NORMA-13954,544
41,NORMA-21470,545
41,NORMA-19798,546
41,NORMA-21437,547
41,NORMA-18863,548
41,NORMA-19593,549
41,NORMA-7384,550
41,NORMA-19155,551
41,NORMA-2184,552
41,NORMA-4711,553
41,NORMA-12160,554
41,NORMA-4909,555
41,NORMA-18434,556
41,NORMA-20841,557
41,NORMA-18815,558
41,NORMA-11621,559
41,NORMA-4075,560
41,NORMA-21227,561
41,NORMA-21547,562
41,NORMA-7025,563
41,NORMA-11496,564
41,NORMA-20907,565
41,NORMA-18789,566
41,NORMA-9297,567
41,NORMA-11570,568
41,NORMA-20995,569
41,NORMA-26,570
41,NORMA-7011,571
41,NORMA-20992,572
41,NORMA-9354,573
41,NORMA-18747,574
41,NORMA-6819,575
41,NORMA-6820,576
41,NORMA-13480,577
41,NORMA-3503,578
41,NORMA-18541,579
41,NORMA-20278,580
41,NORMA-21043,581
41,NORMA-423,582
41,NORMA-19212,583
41,NORMA-4275,584
41,NORMA-18762,585
41,NORMA-6970,586
41,NORMA-11723,587
41,NORMA-13902,588
41,NORMA-21434,589
41,NORMA-4746,590
41,NORMA-5586,591
41,NORMA-12035,592
41,NORMA-14967,593
41,NORMA-11598,594
41,NORMA-21003,595
41,NORMA-12015,596
41,NORMA-2660,597
41,NORMA-1419,598
41,NORMA-20888,599
41,NORMA-1250,600
41,NORMA-19009,601
41,NORMA-594,602
41,NORMA-20557,603
41,NORMA-20780,604
41,NORMA-20941,605
41,NORMA-18773,606
41,NORMA-20918,607
41,NORMA-18273,608
41,NORMA-19152,609
41,NORMA-5626,610
41,NORMA-10337,611
41,NORMA-18709,612
41,NORMA-20091,613
41,NORMA-53,614
41,NORMA-12014,615
41,NORMA-12234,616
41,NORMA-19096,617
41,NORMA-21626,618
41,NORMA-21110,619
41,NORMA-19095,620
41,NORMA-21205,621
41,NORMA-20989,622
41,NORMA-878,623
41,NORMA-21086,624
41,NORMA-12232,625
41,NORMA-4423,626
41,NORMA-21550,627
41,NORMA-54,628
41,NORMA-21461,629
41,NORMA-18375,630
41,NORMA-229,631
41,NORMA-1092,632
41,NORMA-1485,633
41,NORMA-1365,634
41,NORMA-82,635
41,NORMA-11920,636
41,NORMA-20208,637
41,NORMA-20891,638
41,NORMA-20631,639
41,NORMA-25523,640
41,NORMA-19596,641
41,NORMA-21065,642
41,NORMA-19017,643
41,NORMA-20369,644
41,NORMA-20569,645
41,NORMA-11792,646
41,NORMA-7280,647
41,NORMA-4219,648
41,NORMA-11715,649
41,NORMA-2089,650
41,NORMA-754,651
41,NORMA-838,652
41,NORMA-14117,653
41,NORMA-20157,654
41,NORMA-9865,655
41,NORMA-21217,656
41,NORMA-10821,657
41,NORMA-12005,658
41,NORMA-10273,659
41,NORMA-20121,660
41,NORMA-23521,661
41,NORMA-21417,662
41,NORMA-21254,663
41,NORMA-834,664
41,NORMA-9888,665
41,NORMA-18446,666
41,NORMA-20223,667
41,NORMA-18219,668
41,NORMA-18286,669
41,NORMA-332,670
41,NORMA-18306,671
41,NORMA-20990,672
41,NORMA-6783,673
41,NORMA-18539,674
41,NORMA-19981,675
41,NORMA-21224,676
41,NORMA-18325,677
41,NORMA-10375,678
41,NORMA-10878,679
41,NORMA-18552,680
41,NORMA-12006,681
41,NORMA-8384,682
41,NORMA-11790,683
41,NORMA-7386,684
41,NORMA-19574,685
41,NORMA-12029,686
41,NORMA-21506,687
41,NORMA-13855,688
41,NORMA-13973,689
41,NORMA-18307,690
41,NORMA-21071,691
41,NORMA-7222,692
41,NORMA-20180,693
41,NORMA-10629,694
41,NORMA-18444,695
41,NORMA-10044,696
41,NORMA-19578,697
41,NORMA-6140,698
41,NORMA-7225,699
41,NORMA-19871,700
41,NORMA-4425,701
41,NORMA-7113,702
41,NORMA-8435,703
41,NORMA-18748,704
41,NORMA-21413,705
41,NORMA-21408,706
41,NORMA-7042,707
41,NORMA-25902,708
41,NORMA-19651,709
41,NORMA-18826,710
41,NORMA-12664,711
41,NORMA-18501,712
41,NORMA-10916,713
41,NORMA-14788,714
41,NORMA-19387,715
41,NORMA-18933,716
41,NORMA-3181,717
41,NORMA-2546,718
41,NORMA-11665,719
41,NORMA-6082,720
41,NORMA-9724,721
41,NORMA-12102,722
41,NORMA-4830,723
41,NORMA-5536,724
41,NORMA-18816,725
41,NORMA-4780,726
41,NORMA-10994,727
41,NORMA-3382,728
41,NORMA-13672,729
41,NORMA-21783,730
41,NORMA-9785,731
41,NORMA-11600,732
41,NORMA-9595,733
41,NORMA-20293,734
41,NORMA-8135,735
41,NORMA-18350,736
41,NORMA-9542,737
41,NORMA-21052,738
41,NORMA-8696,739
41,NORMA-12228,740
41,NORMA-12113,741
41,NORMA-18691,742
41,NORMA-20144,743
41,NORMA-21126,744
41,NORMA-18411,745
41,NORMA-11588,746
41,NORMA-11739,747
41,NORMA-20096,748
41,NORMA-19646,749
41,NORMA-11472,750
41,NORMA-19221,751
41,NORMA-20224,752
41,NORMA-9792,753
41,NORMA-20316,754
41,NORMA-18984,755
41,NORMA-21484,756
41,NORMA-1341,757
41,NORMA-13195,758
41,NORMA-19408,759
41,NORMA-15521,760
41,NORMA-14217,761
41,NORMA-18638,762
41,NORMA-20402,763
41,NORMA-18802,764
41,NORMA-893,765
41,NORMA-19456,766
41,NORMA-4091,767
41,NORMA-11631,768
41,NORMA-18412,769
41,NORMA-21791,770
41,NORMA-21300,771
41,NORMA-13106,772
41,NORMA-18339,773
41,NORMA-18548,774
41,NORMA-11664,775
41,NORMA-75,776
41,NORMA-20135,777
41,NORMA-13797,778
41,NORMA-20171,779
41,NORMA-20426,780
41,NORMA-21403,781
41,NORMA-20209,782
41,NORMA-2032,783
41,NORMA-11999,784
41,NORMA-21388,785
41,NORMA-20190,786
41,NORMA-21131,787
41,NORMA-11476,788
41,NORMA-33288,789
41,NORMA-2536,790
41,NORMA-18537,791
41,NORMA-12002,792
41,NORMA-3241,793
41,NORMA-18224,794
41,NORMA-33308,795
41,NORMA-19845,796
41,NORMA-18364,797
41,NORMA-18788,798
41,NORMA-8861,799
41,NORMA-6505,800
41,NORMA-12872,801
41,NORMA-8889,802
41,NORMA-18797,803
41,NORMA-19621,804
41,NORMA-21729,805
41,NORMA-4631,806
41,NORMA-19021,807
41,NORMA-19787,808
41,NORMA-21253,809
41,NORMA-11764,810
41,NORMA-11479,811
41,NORMA-8999,812
41,NORMA-11868,813
41,NORMA-11609,814
41,NORMA-8431,815
41,NORMA-21139,816
41,NORMA-18436,817
41,NORMA-21544,818
41,NORMA-18502,819
41,NORMA-21211,820
41,NORMA-11882,821
41,NORMA-11780,822
41,NORMA-11474,823
41,NORMA-21630,824
41,NORMA-18342,825
41,NORMA-3638,826
41,NORMA-21752,827
41,NORMA-20880,828
41,NORMA-21609,829
41,NORMA-18360,830
41,NORMA-21020,831
41,NORMA-3281,832
41,NORMA-20914,833
41,NORMA-11527,834
41,NORMA-20371,835
41,NORMA-10549,836
41,NORMA-10442,837
41,NORMA-7710,838
41,NORMA-19081,839
41,NORMA-19581,840
41,NORMA-19110,841
41,NORMA-19969,842
41,NORMA-12195,843
41,NORMA-11469,844
41,NORMA-5925,845
41,NORMA-11417,846
41,NORMA-6679,847
41,NORMA-11763,848
41,NORMA-18981,849
41,NORMA-18528,850
41,NORMA-3735,851
41,NORMA-18654,852
41,NORMA-17201,853
41,NORMA-6256,854
41,NORMA-6623,855
41,NORMA-4634,856
41,NORMA-19181,857
41,NORMA-10817,858
41,NORMA-20966,859
41,NORMA-6955,860
41,NORMA-19051,861
41,NORMA-18724,862
41,NORMA-7012,863
41,NORMA-21107,864
41,NORMA-8902,865
41,NORMA-10119,866
41,NORMA-18859,867
41,NORMA-21114,868
41,NORMA-21150,869
41,NORMA-6752,870
41,NORMA-18284,871
41,NORMA-19275,872
41,NORMA-12060,873
41,NORMA-10029,874
41,NORMA-18356,875
41,NORMA-7390,876
41,NORMA-20985,877
41,NORMA-9871,878
41,NORMA-20443,879
41,NORMA-462,880
41,NORMA-19092,881
41,NORMA-4710,882
41,NORMA-19582,883
41,NORMA-21562,884
41,NORMA-6954,885
41,NORMA-21264,886
41,NORMA-6084,887
41,NORMA-6984,888
41,NORMA-8027,889
41,NORMA-6645,890
41,NORMA-10708,891
41,NORMA-20754,892
41,NORMA-19658,893
41,NORMA-6702,894
41,NORMA-15802,895
41,NORMA-6199,896
41,NORMA-18225,897
41,NORMA-18603,898
41,NORMA-6880,899
41,NORMA-21305,900
41,NORMA-19384,901
41,NORMA-5736,902
41,NORMA-21113,903
41,NORMA-12067,904
41,NORMA-21767,905
41,NORMA-7307,906
41,NORMA-14459,907
41,NORMA-21236,908
41,NORMA-20172,909
41,NORMA-18208,910
41,NORMA-11599,911
41,NORMA-6669,912
41,NORMA-10245,913
41,NORMA-6509,914
41,NORMA-18656,915
41,NORMA-27221,916
41,NORMA-7651,917
41,NORMA-12066,918
41,NORMA-7525,919
41,NORMA-4818,920
41,NORMA-18359,921
41,NORMA-10003,922
41,NORMA-19485,923
41,NORMA-19520,924
41,NORMA-14661,925
41,NORMA-19292,926
41,NORMA-20428,927
41,NORMA-9823,928
41,NORMA-18780,929
41,NORMA-13469,930
41,NORMA-20422,931
41,NORMA-21226,932
41,NORMA-21269,933
41,NORMA-20376,934
41,NORMA-19617,935
41,NORMA-1567,936
41,NORMA-3642,937
41,NORMA-21756,938
41,NORMA-21553,939
41,NORMA-14463,940
41,NORMA-6758,941
41,NORMA-21159,942
41,NORMA-16202,943
41,NORMA-6698,944
41,NORMA-20349,945
41,NORMA-27761,946
41,NORMA-7241,947
41,NORMA-18432,948
41,NORMA-3201,949
41,NORMA-19631,950
41,NORMA-6636,951
41,NORMA-15211,952
41,NORMA-19573,953
41,NORMA-28181,954
41,NORMA-21507,955
41,NORMA-6621,956
41,NORMA-13298,957
41,NORMA-11814,958
41,NORMA-21244,959
41,NORMA-8028,960
41,NORMA-20503,961
41,NORMA-14937,962
41,NORMA-13158,963
41,NORMA-19650,964
41,NORMA-18248,965
41,NORMA-18648,966
41,NORMA-9893,967
41,NORMA-21272,968
41,NORMA-11655,969
41,NORMA-14239,970
41,NORMA-21631,971
41,NORMA-6948,972
41,NORMA-20468,973
41,NORMA-21634,974
41,NORMA-21638,975
41,NORMA-15237,976
41,NORMA-19330,977
41,NORMA-13174,978
41,NORMA-21431,979
41,NORMA-6185,980
41,NORMA-21661,981
41,NORMA-9382,982
41,NORMA-18435,983
41,NORMA-9834,984
41,NORMA-20037,985
41,NORMA-19729,986
41,NORMA-9041,987
41,NORMA-2432,988
41,NORMA-21606,989
41,NORMA-9652,990
41,NORMA-19431,991
41,NORMA-20403,992
41,NORMA-20488,993
41,NORMA-21608,994
41,NORMA-10085,995
41,NORMA-29201,996
41,NORMA-2519,997
41,NORMA-20480,998
41,NORMA-5661,999
41,NORMA-3654,1000
42,NORMA-19004,1
42,NORMA-19653,2
42,NORMA-19648,3
42,NORMA-21764,4
42,NORMA-21674,5
42,NORMA-18686,6
42,NORMA-18745,7
42,NORMA-19186,8
42,NORMA-19639,9
42,NORMA-19088,10
42,NORMA-6783,11
42,NORMA-7386,12
42,NORMA-6076,13
42,NORMA-7222,14
42,NORMA-5340,15
42,NORMA-6347,16
42,NORMA-7225,17
42,NORMA-6140,18
42,NORMA-19265,19
42,NORMA-9597,20
42,NORMA-21353,21
42,NORMA-9824,22
42,NORMA-19375,23
42,NORMA-19151,24
42,NORMA-19969,25
42,NORMA-20983,26
42,NORMA-21448,27
42,NORMA-18959,28
42,NORMA-21534,29
42,NORMA-18313,30
42,NORMA-21576,31
42,NORMA-21601,32
42,NORMA-21281,33
42,NORMA-25202,34
42,NORMA-19709,35
42,NORMA-18875,36
42,NORMA-18730,37
42,NORMA-7466,38
42,NORMA-19225,39
42,NORMA-21774,40
42,NORMA-18604,41
42,NORMA-19310,42
42,NORMA-9724,43
42,NORMA-21476,44
42,NORMA-8435,45
42,NORMA-19939,46
42,NORMA-19167,47
42,NORMA-19976,48
42,NORMA-7113,49
42,NORMA-19974,50
42,NORMA-19975,51
42,NORMA-18456,52
42,NORMA-21697,53
42,NORMA-19970,54
42,NORMA-20955,55
42,NORMA-19503,56
42,NORMA-18284,57
42,NORMA-21254,58
42,NORMA-21762,59
42,NORMA-21683,60
42,NORMA-19391,61
42,NORMA-21684,62
42,NORMA-21283,63
42,NORMA-15211,64
42,NORMA-20056,65
42,NORMA-12313,66
42,NORMA-18605,67
42,NORMA-14937,68
42,NORMA-5421,69
42,NORMA-13158,70
42,NORMA-6199,71
42,NORMA-5496,72
42,NORMA-13469,73
42,NORMA-16202,74
42,NORMA-12067,75
42,NORMA-10116,76
42,NORMA-21408,77
42,NORMA-22661,78
42,NORMA-13797,79
42,NORMA-9384,80
42,NORMA-11085,81
42,NORMA-8205,82
42,NORMA-13476,83
42,NORMA-27761,84
42,NORMA-14294,85
42,NORMA-4710,86
42,NORMA-5360,87
42,NORMA-1999,88
42,NORMA-15339,89
42,NORMA-20924,90
42,NORMA-13918,91
42,NORMA-19425,92
42,NORMA-18748,93
42,NORMA-20138,94
42,NORMA-19204,95
42,NORMA-21420,96
42,NORMA-20702,97
42,NORMA-21026,98
42,NORMA-3503,99
42,NORMA-18501,100
42,NORMA-18874,101
42,NORMA-19870,102
42,NORMA-21120,103
42,NORMA-21329,104
42,NORMA-3577,105
42,NORMA-21065,106
42,NORMA-20521,107
42,NORMA-19351,108
42,NORMA-18391,109
42,NORMA-21526,110
42,NORMA-20301,111
42,NORMA-19644,112
42,NORMA-19039,113
42,NORMA-18962,114
42,NORMA-13470,115
42,NORMA-27044,116
42,NORMA-19459,117
42,NORMA-21556,118
42,NORMA-20729,119
42,NORMA-12733,120
42,NORMA-18989,121
42,NORMA-18871,122
42,NORMA-21532,123
42,NORMA-7387,124
42,NORMA-20302,125
42,NORMA-6736,126
42,NORMA-6509,127
42,NORMA-3767,128
42,NORMA-18286,129
42,NORMA-21409,130
42,NORMA-19549,131
42,NORMA-19144,132
42,NORMA-18906,133
42,NORMA-19550,134
42,NORMA-4818,135
42,NORMA-19681,136
42,NORMA-19553,137
42,NORMA-24501,138
42,NORMA-15581,139
42,NORMA-19350,140
42,NORMA-18221,141
42,NORMA-20393,142
42,NORMA-19457,143
42,NORMA-19692,144
42,NORMA-5536,145
42,NORMA-20605,146
42,NORMA-19565,147
42,NORMA-18474,148
42,NORMA-20710,149
42,NORMA-20476,150
42,NORMA-19139,151
42,NORMA-21140,152
42,NORMA-26003,153
42,NORMA-21678,154
42,NORMA-19723,155
42,NORMA-18877,156
42,NORMA-20781,157
42,NORMA-4786,158
42,NORMA-19452,159
42,NORMA-1613,160
42,NORMA-21666,161
42,NORMA-21468,162
42,NORMA-4091,163
42,NORMA-28981,164
42,NORMA-21554,165
42,NORMA-14724,166
42,NORMA-23061,167
42,NORMA-19516,168
42,NORMA-25721,169
42,NORMA-20492,170
42,NORMA-11356,171
42,NORMA-19585,172
42,NORMA-8706,173
42,NORMA-21358,174
42,NORMA-4275,175
42,NORMA-23862,176
42,NORMA-18240,177
42,NORMA-20084,178
42,NORMA-19426,179
42,NORMA-21250,180
42,NORMA-18271,181
42,NORMA-18632,182
42,NORMA-21486,183
42,NORMA-594,184
42,NORMA-4075,185
42,NORMA-21381,186
42,NORMA-19231,187
42,NORMA-21274,188
42,NORMA-20131,189
42,NORMA-12923,190
42,NORMA-13124,191
42,NORMA-12415,192
42,NORMA-1250,193
42,NORMA-20087,194
42,NORMA-13308,195
42,NORMA-4711,196
42,NORMA-19411,197
42,NORMA-11417,198
42,NORMA-878,199
42,NORMA-18351,200
42,NORMA-19818,201
42,NORMA-18242,202
42,NORMA-16268,203
42,NORMA-19253,204
42,NORMA-21651,205
42,NORMA-19548,206
42,NORMA-20285,207
42,NORMA-19359,208
42,NORMA-21128,209
42,NORMA-14746,210
42,NORMA-18280,211
42,NORMA-26841,212
42,NORMA-27364,213
42,NORMA-20704,214
42,NORMA-754,215
42,NORMA-18854,216
42,NORMA-20589,217
42,NORMA-18895,218
42,NORMA-18812,219
42,NORMA-4080,220
42,NORMA-6489,221
42,NORMA-4102,222
42,NORMA-3968,223
42,NORMA-21634,224
42,NORMA-18282,225
42,NORMA-20477,226
42,NORMA-19536,227
42,NORMA-18577,228
42,NORMA-19573,229
42,NORMA-17281,230
42,NORMA-18440,231
42,NORMA-22001,232
42,NORMA-3342,233
42,NORMA-21586,234
42,NORMA-7651,235
42,NORMA-4412,236
42,NORMA-21318,237
42,NORMA-20460,238
42,NORMA-18336,239
42,NORMA-82,240
42,NORMA-18515,241
42,NORMA-20274,242
42,NORMA-19179,243
42,NORMA-18721,244
42,NORMA-23027,245
42,NORMA-20062,246
42,NORMA-21470,247
42,NORMA-18691,248
42,NORMA-13746,249
42,NORMA-14828,250
42,NORMA-15396,251
42,NORMA-9823,252
42,NORMA-19883,253
42,NORMA-19798,254
42,NORMA-12613,255
42,NORMA-1341,256
42,NORMA-27365,257
42,NORMA-13789,258
42,NORMA-21760,259
42,NORMA-20473,260
42,NORMA-12814,261
42,NORMA-20632,262
42,NORMA-19123,263
42,NORMA-20841,264
42,NORMA-21255,265
42,NORMA-25821,266
42,NORMA-20730,267
42,NORMA-21335,268
42,NORMA-21111,269
42,NORMA-19422,270
42,NORMA-4219,271
42,NORMA-684,272
42,NORMA-19277,273
42,NORMA-19442,274
42,NORMA-21389,275
42,NORMA-25121,276
42,NORMA-21325,277
42,NORMA-3954,278
42,NORMA-21278,279
42,NORMA-21756,280
42,NORMA-3566,281
42,NORMA-19512,282
42,NORMA-19180,283
42,NORMA-18752,284
42,NORMA-20633,285
42,NORMA-19012,286
42,NORMA-18231,287
42,NORMA-19543,288
42,NORMA-21138,289
42,NORMA-19985,290
42,NORMA-18363,291
42,NORMA-18753,292
42,NORMA-18210,293
42,NORMA-20488,294
42,NORMA-3382,295
42,NORMA-12820,296
42,NORMA-26163,297
42,NORMA-18299,298
42,NORMA-15272,299
42,NORMA-21362,300
42,NORMA-20371,301
42,NORMA-20480,302
42,NORMA-2517,303
42,NORMA-21638,304
42,NORMA-21499,305
42,NORMA-18960,306
42,NORMA-19408,307
42,NORMA-21525,308
42,NORMA-18357,309
42,NORMA-21582,310
42,NORMA-19266,311
42,NORMA-15167,312
42,NORMA-19281,313
42,NORMA-75,314
42,NORMA-12910,315
42,NORMA-21637,316
42,NORMA-20482,317
42,NORMA-21690,318
42,NORMA-20369,319
42,NORMA-20583,320
42,NORMA-20503,321
42,NORMA-20474,322
42,NORMA-18879,323
42,NORMA-21393,324
42,NORMA-20465,325
42,NORMA-19600,326
42,NORMA-13222,327
42,NORMA-21344,328
42,NORMA-20501,329
42,NORMA-27121,330
42,NORMA-18680,331
42,NORMA-20374,332
42,NORMA-19001,333
42,NORMA-21021,334
42,NORMA-20566,335
42,NORMA-6887,336
42,NORMA-20468,337
42,NORMA-20180,338
42,NORMA-3241,339
42,NORMA-2005,340
42,NORMA-21315,341
42,NORMA-21264,342
42,NORMA-24102,343
42,NORMA-21053,344
42,NORMA-19432,345
42,NORMA-21404,346
42,NORMA-18423,347
42,NORMA-14474,348
42,NORMA-21507,349
42,NORMA-19477,350
42,NORMA-18732,351
42,NORMA-19340,352
42,NORMA-3201,353
42,NORMA-21305,354
42,NORMA-21631,355
42,NORMA-2032,356
42,NORMA-28181,357
42,NORMA-20871,358
42,NORMA-20830,359
42,NORMA-1740,360
42,NORMA-19022,361
42,NORMA-19084,362
42,NORMA-18466,363
42,NORMA-20359,364
42,NORMA-19249,365
42,NORMA-19009,366
42,NORMA-18372,367
42,NORMA-11999,368
42,NORMA-19949,369
42,NORMA-18642,370
42,NORMA-18291,371
42,NORMA-18266,372
42,NORMA-555,373
42,NORMA-20928,374
42,NORMA-2158,375
42,NORMA-12002,376
42,NORMA-19016,377
42,NORMA-18709,378
42,NORMA-27550,379
42,NORMA-21273,380
42,NORMA-19741,381
42,NORMA-19683,382
42,NORMA-21229,383
42,NORMA-20490,384
42,NORMA-1718,385
42,NORMA-18954,386
42,NORMA-20043,387
42,NORMA-18451,388
42,NORMA-19792,389
42,NORMA-19853,390
42,NORMA-18316,391
42,NORMA-26701,392
42,NORMA-20762,393
42,NORMA-8803,394
42,NORMA-19219,395
42,NORMA-20349,396
42,NORMA-18766,397
42,NORMA-21620,398
42,NORMA-20505,399
42,NORMA-18900,400
42,NORMA-21280,401
42,NORMA-19300,402
42,NORMA-21269,403
42,NORMA-21538,404
42,NORMA-20668,405
42,NORMA-19530,406
42,NORMA-18884,407
42,NORMA-15882,408
42,NORMA-19571,409
42,NORMA-28802,410
42,NORMA-18426,411
42,NORMA-8684,412
42,NORMA-20487,413
42,NORMA-14967,414
42,NORMA-21131,415
42,NORMA-19734,416
42,NORMA-18999,417
42,NORMA-19211,418
42,NORMA-20079,419
42,NORMA-19238,420
42,NORMA-19662,421
42,NORMA-18490,422
42,NORMA-21312,423
42,NORMA-19405,424
42,NORMA-19667,425
42,NORMA-18789,426
42,NORMA-19232,427
42,NORMA-1994,428
42,NORMA-20028,429
42,NORMA-20625,430
42,NORMA-20776,431
42,NORMA-21016,432
42,NORMA-7279,433
42,NORMA-20298,434
42,NORMA-19473,435
42,NORMA-18714,436
42,NORMA-19506,437
42,NORMA-20377,438
42,NORMA-11780,439
42,NORMA-19544,440
42,NORMA-20376,441
42,NORMA-18942,442
42,NORMA-22723,443
42,NORMA-19563,444
42,NORMA-21553,445
42,NORMA-19125,446
42,NORMA-18932,447
42,NORMA-12026,448
42,NORMA-18712,449
42,NORMA-19328,450
42,NORMA-19394,451
42,NORMA-18570,452
42,NORMA-12015,453
42,NORMA-15881,454
42,NORMA-21233,455
42,NORMA-20073,456
42,NORMA-19047,457
42,NORMA-18700,458
42,NORMA-1471,459
42,NORMA-11316,460
42,NORMA-8028,461
42,NORMA-23222,462
42,NORMA-21267,463
42,NORMA-12035,464
42,NORMA-19948,465
42,NORMA-20793,466
42,NORMA-18381,467
42,NORMA-21725,468
42,NORMA-21367,469
42,NORMA-4746,470
42,NORMA-13174,471
42,NORMA-20108,472
42,NORMA-25964,473
42,NORMA-11790,474
42,NORMA-19005,475
42,NORMA-21333,476
42,NORMA-15701,477
42,NORMA-2383,478
42,NORMA-19212,479
42,NORMA-18234,480
42,NORMA-21676,481
42,NORMA-21575,482
42,NORMA-21564,483
42,NORMA-21606,484
42,NORMA-21245,485
42,NORMA-21521,486
42,NORMA-18319,487
42,NORMA-20007,488
42,NORMA-27521,489
42,NORMA-21360,490
42,NORMA-20389,491
42,NORMA-19021,492
42,NORMA-1663,493
42,NORMA-19272,494
42,NORMA-21461,495
42,NORMA-20868,496
42,NORMA-19077,497
42,NORMA-15561,498
42,NORMA-21298,499
42,NORMA-8027,500
42,NORMA-20366,501
42,NORMA-21402,502
42,NORMA-28841,503
42,NORMA-7381,504
42,NORMA-19628,505
42,NORMA-18654,506
42,NORMA-19081,507
42,NORMA-19714,508
42,NORMA-6948,509
42,NORMA-19150,510
42,NORMA-11723,511
42,NORMA-19789,512
42,NORMA-21705,513
42,NORMA-19828,514
42,NORMA-19152,515
42,NORMA-4909,516
42,NORMA-19864,517
42,NORMA-23101,518
42,NORMA-26201,519
42,NORMA-18536,520
42,NORMA-553,521
42,NORMA-18341,522
42,NORMA-18953,523
42,NORMA-19067,524
42,NORMA-18727,525
42,NORMA-19857,526
42,NORMA-18267,527
42,NORMA-18290,528
42,NORMA-31904,529
42,NORMA-18540,530
42,NORMA-18469,531
42,NORMA-18602,532
42,NORMA-7110,533
42,NORMA-18470,534
42,NORMA-19493,535
42,NORMA-20253,536
42,NORMA-31903,537
42,NORMA-18427,538
42,NORMA-19790,539
42,NORMA-20873,540
42,NORMA-18300,541
42,NORMA-20790,542
42,NORMA-21472,543
42,NORMA-28961,544
42,NORMA-19791,545
42,NORMA-20407,546
42,NORMA-21483,547
42,NORMA-5913,548
42,NORMA-18774,549
42,NORMA-26281,550
42,NORMA-19176,551
42,NORMA-18750,552
42,NORMA-11855,553
42,NORMA-12005,554
42,NORMA-18898,555
42,NORMA-21619,556
42,NORMA-21746,557
42,NORMA-21185,558
42,NORMA-21491,559
42,NORMA-14788,560
42,NORMA-12664,561
42,NORMA-11000,562
42,NORMA-19833,563
42,NORMA-21739,564
42,NORMA-12657,565
42,NORMA-20941,566
42,NORMA-20523,567
42,NORMA-7389,568
42,NORMA-20218,569
42,NORMA-11627,570
42,NORMA-21700,571
42,NORMA-10994,572
42,NORMA-19466,573
42,NORMA-18616,574
42,NORMA-18701,575
42,NORMA-704,576
42,NORMA-18245,577
42,NORMA-19049,578
42,NORMA-21415,579
42,NORMA-18446,580
42,NORMA-18468,581
42,NORMA-30043,582
42,NORMA-19192,583
42,NORMA-21286,584
42,NORMA-21562,585
42,NORMA-21276,586
42,NORMA-21406,587
42,NORMA-13402,588
42,NORMA-18647,589
42,NORMA-27341,590
42,NORMA-18243,591
42,NORMA-21226,592
42,NORMA-19735,593
42,NORMA-20388,594
42,NORMA-21361,595
42,NORMA-1179,596
42,NORMA-13298,597
42,NORMA-11679,598
42,NORMA-19909,599
42,NORMA-19373,600
42,NORMA-8238,601
42,NORMA-21581,602
42,NORMA-21663,603
42,NORMA-21463,604
42,NORMA-19794,605
42,NORMA-18746,606
42,NORMA-20995,607
42,NORMA-18780,608
42,NORMA-18977,609
42,NORMA-19377,610
42,NORMA-21710,611
42,NORMA-21508,612
42,NORMA-12421,613
42,NORMA-20090,614
42,NORMA-20235,615
42,NORMA-4316,616
42,NORMA-7146,617
42,NORMA-7384,618
42,NORMA-20990,619
42,NORMA-18827,620
42,NORMA-21675,621
42,NORMA-20902,622
42,NORMA-20215,623
42,NORMA-20849,624
42,NORMA-20581,625
42,NORMA-16225,626
42,NORMA-1212,627
42,NORMA-21317,628
42,NORMA-20161,629
42,NORMA-19412,630
42,NORMA-19650,631
42,NORMA-21608,632
42,NORMA-20880,633
42,NORMA-20157,634
42,NORMA-2579,635
42,NORMA-21500,636
42,NORMA-21403,637
42,NORMA-21205,638
42,NORMA-20677,639
42,NORMA-1114,640
42,NORMA-19365,641
42,NORMA-12018,642
42,NORMA-20763,643
42,NORMA-7015,644
42,NORMA-21309,645
42,NORMA-21086,646
42,NORMA-20869,647
42,NORMA-206,648
42,NORMA-20506,649
42,NORMA-19983,650
42,NORMA-1445,651
42,NORMA-21257,652
42,NORMA-20405,653
42,NORMA-19575,654
42,NORMA-21197,655
42,NORMA-19233,656
42,NORMA-20300,657
42,NORMA-20382,658
42,NORMA-21648,659
42,NORMA-19788,660
42,NORMA-20288,661
42,NORMA-20190,662
42,NORMA-28586,663
42,NORMA-18806,664
42,NORMA-18359,665
42,NORMA-643,666
42,NORMA-19981,667
42,NORMA-19519,668
42,NORMA-20135,669
42,NORMA-19182,670
42,NORMA-19456,671
42,NORMA-20224,672
42,NORMA-23341,673
42,NORMA-15521,674
42,NORMA-943,675
42,NORMA-218,676
42,NORMA-21653,677
42,NORMA-15060,678
42,NORMA-6669,679
42,NORMA-21522,680
42,NORMA-27022,681
42,NORMA-20558,682
42,NORMA-12500,683
42,NORMA-19968,684
42,NORMA-21547,685
42,NORMA-6398,686
42,NORMA-1192,687
42,NORMA-968,688
42,NORMA-20402,689
42,NORMA-18228,690
42,NORMA-20705,691
42,NORMA-21194,692
42,NORMA-19480,693
42,NORMA-21629,694
42,NORMA-1470,695
42,NORMA-1164,696
42,NORMA-21069,697
42,NORMA-21636,698
42,NORMA-1291,699
42,NORMA-20396,700
42,NORMA-18828,701
42,NORMA-15004,702
42,NORMA-20800,703
42,NORMA-21691,704
42,NORMA-19832,705
42,NORMA-19330,706
42,NORMA-1248,707
42,NORMA-1296,708
42,NORMA-19221,709
42,NORMA-12052,710
42,NORMA-20297,711
42,NORMA-21258,712
42,NORMA-11612,713
42,NORMA-11575,714
42,NORMA-21599,715
42,NORMA-20921,716
42,NORMA-18201,717
42,NORMA-1374,718
42,NORMA-20661,719
42,NORMA-11802,720
42,NORMA-11798,721
42,NORMA-18450,722
42,NORMA-19297,723
42,NORMA-19738,724
42,NORMA-20299,725
42,NORMA-11562,726
42,NORMA-18992,727
42,NORMA-18211,728
42,NORMA-20861,729
42,NORMA-21419,730
42,NORMA-19011,731
42,NORMA-18601,732
42,NORMA-21337,733
42,NORMA-19657,734
42,NORMA-18339,735
42,NORMA-21649,736
42,NORMA-19181,737
42,NORMA-18935,738
42,NORMA-20684,739
42,NORMA-20813,740
42,NORMA-19454,741
42,NORMA-20577,742
42,NORMA-18690,743
42,NORMA-18997,744
42,NORMA-18939,745
42,NORMA-1317,746
42,NORMA-19095,747
42,NORMA-21783,748
42,NORMA-217,749
42,NORMA-20106,750
42,NORMA-20221,751
42,NORMA-20703,752
42,NORMA-21252,753
42,NORMA-18327,754
42,NORMA-19592,755
42,NORMA-21410,756
42,NORMA-11663,757
42,NORMA-25541,758
42,NORMA-18656,759
42,NORMA-21418,760
42,NORMA-18910,761
42,NORMA-8822,762
42,NORMA-15159,763
42,NORMA-3735,764
42,NORMA-923,765
42,NORMA-4634,766
42,NORMA-4436,767
42,NORMA-21661,768
42,NORMA-21617,769
42,NORMA-19138,770
42,NORMA-20877,771
42,NORMA-2425,772
42,NORMA-19715,773
42,NORMA-14054,774
42,NORMA-18937,775
42,NORMA-19634,776
42,NORMA-11512,777
42,NORMA-11901,778
42,NORMA-11525,779
42,NORMA-21717,780
42,NORMA-219,781
42,NORMA-2723,782
42,NORMA-220,783
42,NORMA-20778,784
42,NORMA-21132,785
42,NORMA-579,786
42,NORMA-20156,787
42,NORMA-20060,788
42,NORMA-14629,789
42,NORMA-16382,790
42,NORMA-15643,791
42,NORMA-12228,792
42,NORMA-20666,793
42,NORMA-11475,794
42,NORMA-18545,795
42,NORMA-20870,796
42,NORMA-20901,797
42,NORMA-13990,798
42,NORMA-21497,799
42,NORMA-21225,800
42,NORMA-20172,801
42,NORMA-19984,802
42,NORMA-19056,803
42,NORMA-15542,804
42,NORMA-21157,805
42,NORMA-2574,806
42,NORMA-19768,807
42,NORMA-783,808
42,NORMA-21241,809
42,NORMA-21122,810
42,NORMA-2426,811
42,NORMA-11505,812
42,NORMA-21766,813
42,NORMA-19213,814
42,NORMA-222,815
42,NORMA-18444,816
42,NORMA-14985,817
42,NORMA-18963,818
42,NORMA-6505,819
42,NORMA-20584,820
42,NORMA-20865,821
42,NORMA-20134,822
42,NORMA-12097,823
42,NORMA-18418,824
42,NORMA-12442,825
42,NORMA-919,826
42,NORMA-19468,827
42,NORMA-6316,828
42,NORMA-11557,829
42,NORMA-20727,830
42,NORMA-21327,831
42,NORMA-21050,832
42,NORMA-19841,833
42,NORMA-5381,834
42,NORMA-2126,835
42,NORMA-21605,836
42,NORMA-13795,837
42,NORMA-560,838
42,NORMA-20202,839
42,NORMA-21496,840
42,NORMA-21238,841
42,NORMA-11760,842
42,NORMA-3966,843
42,NORMA-11610,844
42,NORMA-18815,845
42,NORMA-4631,846
42,NORMA-19540,847
42,NORMA-19358,848
42,NORMA-19778,849
42,NORMA-21659,850
42,NORMA-12165,851
42,NORMA-12160,852
42,NORMA-21750,853
42,NORMA-20652,854
42,NORMA-20217,855
42,NORMA-21788,856
42,NORMA-21206,857
42,NORMA-21220,858
42,NORMA-8278,859
42,NORMA-12952,860
42,NORMA-20922,861
42,NORMA-10034,862
42,NORMA-19913,863
42,NORMA-5626,864
42,NORMA-11515,865
42,NORMA-12105,866
42,NORMA-21248,867
42,NORMA-11524,868
42,NORMA-18855,869
42,NORMA-23361,870
42,NORMA-18702,871
42,NORMA-10745,872
42,NORMA-14113,873
42,NORMA-6627,874
42,NORMA-14279,875
42,NORMA-21151,876
42,NORMA-20121,877
42,NORMA-21535,878
42,NORMA-19895,879
42,NORMA-21439,880
42,NORMA-18803,881
42,NORMA-18254,882
42,NORMA-10590,883
42,NORMA-11712,884
42,NORMA-21613,885
42,NORMA-21609,886
42,NORMA-20569,887
42,NORMA-10534,888
42,NORMA-12880,889
42,NORMA-18203,890
42,NORMA-11631,891
42,NORMA-21390,892
42,NORMA-13004,893
42,NORMA-20077,894
42,NORMA-18762,895
42,NORMA-772,896
42,NORMA-21152,897
42,NORMA-33288,898
42,NORMA-19124,899
42,NORMA-33308,900
42,NORMA-20398,901
42,NORMA-21314,902
42,NORMA-20811,903
42,NORMA-19554,904
42,NORMA-19278,905
42,NORMA-20023,906
42,NORMA-20046,907
42,NORMA-835,908
42,NORMA-21682,909
42,NORMA-21758,910
42,NORMA-1463,911
42,NORMA-19354,912
42,NORMA-12169,913
42,NORMA-11574,914
42,NORMA-60,915
42,NORMA-14673,916
42,NORMA-1452,917
42,NORMA-10347,918
42,NORMA-18991,919
42,NORMA-21527,920
42,NORMA-18697,921
42,NORMA-509,922
42,NORMA-21339,923
42,NORMA-18832,924
42,NORMA-20623,925
42,NORMA-974,926
42,NORMA-19353,927
42,NORMA-2189,928
42,NORMA-19731,929
42,NORMA-19437,930
42,NORMA-18569,931
42,NORMA-21533,932
42,NORMA-11666,933
42,NORMA-14459,934
42,NORMA-19017,935
42,NORMA-19518,936
42,NORMA-21643,937
42,NORMA-834,938
42,NORMA-14390,939
42,NORMA-6249,940
42,NORMA-19455,941
42,NORMA-802,942
42,NORMA-20914,943
42,NORMA-18955,944
42,NORMA-889,945
42,NORMA-21655,946
42,NORMA-19629,947
42,NORMA-21277,948
42,NORMA-1516,949
42,NORMA-20975,950
42,NORMA-18769,951
42,NORMA-11799,952
42,NORMA-483,953
42,NORMA-19937,954
42,NORMA-19584,955
42,NORMA-20144,956
42,NORMA-18398,957
42,NORMA-1578,958
42,NORMA-11292,959
42,NORMA-6253,960
42,NORMA-18663,961
42,NORMA-660,962
42,NORMA-22644,963
42,NORMA-21231,964
42,NORMA-801,965
42,NORMA-12161,966
42,NORMA-21437,967
42,NORMA-59,968
42,NORMA-2185,969
42,NORMA-19940,970
42,NORMA-6636,971
42,NORMA-21443,972
42,NORMA-1321,973
42,NORMA-10708,974
42,NORMA-5184,975
42,NORMA-19570,976
42,NORMA-2660,977
42,NORMA-11516,978
42,NORMA-1611,979
42,NORMA-18227,980
42,NORMA-11776,981
42,NORMA-22061,982
42,NORMA-21114,983
42,NORMA-21607,984
42,NORMA-554,985
42,NORMA-12163,986
42,NORMA-12046,987
42,NORMA-6685,988
42,NORMA-9898,989
42,NORMA-21134,990
42,NORMA-11144,991
42,NORMA-19557,992
42,NORMA-6856,993
42,NORMA-28821,994
42,NORMA-21147,995
42,NORMA-4830,996
42,NORMA-20070,997
42,NORMA-19849,998
42,NORMA-20432,999
42,NORMA-19737,1000
43,NORMA-19565,1
43,NORMA-21250,2
43,NORMA-19180,3
43,NORMA-21129,4
43,NORMA-19852,5
43,NORMA-19585,6
43,NORMA-18559,7
43,NORMA-21060,8
43,NORMA-19595,9
43,NORMA-19179,10
43,NORMA-19175,11
43,NORMA-19835,12
43,NORMA-21690,13
43,NORMA-18407,14
43,NORMA-19729,15
43,NORMA-18267,16
43,NORMA-19741,17
43,NORMA-18302,18
43,NORMA-18202,19
43,NORMA-21291,20
43,NORMA-21008,21
43,NORMA-18545,22
43,NORMA-19448,23
43,NORMA-18648,24
43,NORMA-19466,25
43,NORMA-21121,26
43,NORMA-18540,27
43,NORMA-19644,28
43,NORMA-21058,29
43,NORMA-19377,30
43,NORMA-21115,31
43,NORMA-20180,32
43,NORMA-19780,33
43,NORMA-20104,34
43,NORMA-18531,35
43,NORMA-11601,36
43,NORMA-18332,37
43,NORMA-18243,38
43,NORMA-19440,39
43,NORMA-11713,40
43,NORMA-14850,41
43,NORMA-18900,42
43,NORMA-18939,43
43,NORMA-19768,44
43,NORMA-14688,45
43,NORMA-19794,46
43,NORMA-15229,47
43,NORMA-18624,48
43,NORMA-19748,49
43,NORMA-19629,50
43,NORMA-13345,51
43,NORMA-19230,52
43,NORMA-18882,53
43,NORMA-19518,54
43,NORMA-19972,55
43,NORMA-20097,56
43,NORMA-19902,57
43,NORMA-20151,58
43,NORMA-19926,59
43,NORMA-20134,60
43,NORMA-18428,61
43,NORMA-19072,62
43,NORMA-19589,63
43,NORMA-9835,64
43,NORMA-19815,65
43,NORMA-19481,66
43,NORMA-19817,67
43,NORMA-9481,68
43,NORMA-18529,69
43,NORMA-20094,70
43,NORMA-18835,71
43,NORMA-6753,72
43,NORMA-20163,73
43,NORMA-18998,74
43,NORMA-6679,75
43,NORMA-19810,76
43,NORMA-20817,77
43,NORMA-18942,78
43,NORMA-20162,79
43,NORMA-18565,80
43,NORMA-18595,81
43,NORMA-20105,82
43,NORMA-6702,83
43,NORMA-15802,84
43,NORMA-20060,85
43,NORMA-19951,86
43,NORMA-12066,87
43,NORMA-18754,88
43,NORMA-18616,89
43,NORMA-20062,90
43,NORMA-20101,91
43,NORMA-18904,92
43,NORMA-19138,93
43,NORMA-20125,94
43,NORMA-20149,95
43,NORMA-20964,96
43,NORMA-19515,97
43,NORMA-19436,98
43,NORMA-18799,99
43,NORMA-20110,100
43,NORMA-18932,101
43,NORMA-18494,102
43,NORMA-19833,103
43,NORMA-21026,104
43,NORMA-20102,105
43,NORMA-20113,106
43,NORMA-19738,107
43,NORMA-18870,108
43,NORMA-19839,109
43,NORMA-19013,110
43,NORMA-19183,111
43,NORMA-20649,112
43,NORMA-19566,113
43,NORMA-21666,114
43,NORMA-18391,115
43,NORMA-27221,116
43,NORMA-21044,117
43,NORMA-21669,118
43,NORMA-21187,119
43,NORMA-19682,120
43,NORMA-20712,121
43,NORMA-12910,122
43,NORMA-19643,123
43,NORMA-6783,124
43,NORMA-13402,125
43,NORMA-21233,126
43,NORMA-18289,127
43,NORMA-18795,128
43,NORMA-7222,129
43,NORMA-7386,130
43,NORMA-6881,131
43,NORMA-6701,132
43,NORMA-6140,133
43,NORMA-7225,134
43,NORMA-7113,135
43,NORMA-20738,136
43,NORMA-6643,137
43,NORMA-19431,138
43,NORMA-19569,139
43,NORMA-19328,140
43,NORMA-20684,141
43,NORMA-8435,142
43,NORMA-20692,143
43,NORMA-19110,144
43,NORMA-19746,145
43,NORMA-19546,146
43,NORMA-21095,147
43,NORMA-9724,148
43,NORMA-1390,149
43,NORMA-19605,150
43,NORMA-4909,151
43,NORMA-20853,152
43,NORMA-20766,153
43,NORMA-1151,154
43,NORMA-21413,155
43,NORMA-18689,156
43,NORMA-20706,157
43,NORMA-1662,158
43,NORMA-20803,159
43,NORMA-19841,160
43,NORMA-21659,161
43,NORMA-3121,162
43,NORMA-19789,163
43,NORMA-20802,164
43,NORMA-328,165
43,NORMA-1342,166
43,NORMA-12105,167
43,NORMA-20114,168
43,NORMA-3687,169
43,NORMA-10226,170
43,NORMA-236,171
43,NORMA-13004,172
43,NORMA-20278,173
43,NORMA-19849,174
43,NORMA-323,175
43,NORMA-20945,176
43,NORMA-21607,177
43,NORMA-20055,178
43,NORMA-20599,179
43,NORMA-21406,180
43,NORMA-19960,181
43,NORMA-20615,182
43,NORMA-21205,183
43,NORMA-21218,184
43,NORMA-20217,185
43,NORMA-18921,186
43,NORMA-2135,187
43,NORMA-21661,188
43,NORMA-21545,189
43,NORMA-18836,190
43,NORMA-18897,191
43,NORMA-7625,192
43,NORMA-21675,193
43,NORMA-20581,194
43,NORMA-21460,195
43,NORMA-21506,196
43,NORMA-20558,197
43,NORMA-20108,198
43,NORMA-19474,199
43,NORMA-9384,200
43,NORMA-18247,201
43,NORMA-19792,202
43,NORMA-19803,203
43,NORMA-21496,204
43,NORMA-20562,205
43,NORMA-21228,206
43,NORMA-19578,207
43,NORMA-19821,208
43,NORMA-19981,209
43,NORMA-6948,210
43,NORMA-20643,211
43,NORMA-19615,212
43,NORMA-19379,213
43,NORMA-21239,214
43,NORMA-12886,215
43,NORMA-1085,216
43,NORMA-9297,217
43,NORMA-19087,218
43,NORMA-206,219
43,NORMA-19380,220
43,NORMA-643,221
43,NORMA-4746,222
43,NORMA-21625,223
43,NORMA-19372,224
43,NORMA-20029,225
43,NORMA-875,226
43,NORMA-11496,227
43,NORMA-18927,228
43,NORMA-21223,229
43,NORMA-1332,230
43,NORMA-1408,231
43,NORMA-20050,232
43,NORMA-7279,233
43,NORMA-20236,234
43,NORMA-20920,235
43,NORMA-1603,236
43,NORMA-21237,237
43,NORMA-20521,238
43,NORMA-19563,239
43,NORMA-13480,240
43,NORMA-2543,241
43,NORMA-20064,242
43,NORMA-1649,243
43,NORMA-19228,244
43,NORMA-2091,245
43,NORMA-18465,246
43,NORMA-20043,247
43,NORMA-20051,248
43,NORMA-20888,249
43,NORMA-8028,250
43,NORMA-21166,251
43,NORMA-19809,252
43,NORMA-14498,253
43,NORMA-7025,254
43,NORMA-12089,255
43,NORMA-2190,256
43,NORMA-18226,257
43,NORMA-22721,258
43,NORMA-18944,259
43,NORMA-14898,260
43,NORMA-1223,261
43,NORMA-835,262
43,NORMA-16481,263
43,NORMA-19461,264
43,NORMA-19760,265
43,NORMA-2428,266
43,NORMA-20660,267
43,NORMA-16403,268
43,NORMA-222,269
43,NORMA-21196,270
43,NORMA-18688,271
43,NORMA-20167,272
43,NORMA-19818,273
43,NORMA-19735,274
43,NORMA-4830,275
43,NORMA-18420,276
43,NORMA-18319,277
43,NORMA-18414,278
43,NORMA-2483,279
43,NORMA-11588,280
43,NORMA-13583,281
43,NORMA-18863,282
43,NORMA-18954,283
43,NORMA-19941,284
43,NORMA-19903,285
43,NORMA-21344,286
43,NORMA-20058,287
43,NORMA-18584,288
43,NORMA-16424,289
43,NORMA-19416,290
43,NORMA-11628,291
43,NORMA-21211,292
43,NORMA-21224,293
43,NORMA-18994,294
43,NORMA-18935,295
43,NORMA-26841,296
43,NORMA-1421,297
43,NORMA-19767,298
43,NORMA-2503,299
43,NORMA-18295,300
43,NORMA-11774,301
43,NORMA-19930,302
43,NORMA-20930,303
43,NORMA-1663,304
43,NORMA-21124,305
43,NORMA-18577,306
43,NORMA-19617,307
43,NORMA-18934,308
43,NORMA-22862,309
43,NORMA-19498,310
43,NORMA-20175,311
43,NORMA-19573,312
43,NORMA-19701,313
43,NORMA-2478,314
43,NORMA-21020,315
43,NORMA-332,316
43,NORMA-1471,317
43,NORMA-1373,318
43,NORMA-863,319
43,NORMA-18991,320
43,NORMA-21756,321
43,NORMA-996,322
43,NORMA-9111,323
43,NORMA-20038,324
43,NORMA-21256,325
43,NORMA-18839,326
43,NORMA-13545,327
43,NORMA-20119,328
43,NORMA-2183,329
43,NORMA-19378,330
43,NORMA-781,331
43,NORMA-666,332
43,NORMA-13094,333
43,NORMA-21197,334
43,NORMA-28221,335
43,NORMA-60,336
43,NORMA-21151,337
43,NORMA-18464,338
43,NORMA-19808,339
43,NORMA-871,340
43,NORMA-21110,341
43,NORMA-664,342
43,NORMA-865,343
43,NORMA-20851,344
43,NORMA-704,345
43,NORMA-11751,346
43,NORMA-19174,347
43,NORMA-966,348
43,NORMA-12956,349
43,NORMA-2184,350
43,NORMA-21417,351
43,NORMA-21535,352
43,NORMA-1033,353
43,NORMA-21229,354
43,NORMA-20082,355
43,NORMA-8931,356
43,NORMA-19454,357
43,NORMA-19570,358
43,NORMA-2005,359
43,NORMA-20725,360
43,NORMA-1485,361
43,NORMA-1365,362
43,NORMA-3241,363
43,NORMA-1740,364
43,NORMA-11557,365
43,NORMA-18999,366
43,NORMA-21398,367
43,NORMA-11454,368
43,NORMA-20931,369
43,NORMA-18474,370
43,NORMA-18997,371
43,NORMA-20053,372
43,NORMA-20100,373
43,NORMA-6641,374
43,NORMA-19749,375
43,NORMA-21063,376
43,NORMA-21528,377
43,NORMA-834,378
43,NORMA-10267,379
43,NORMA-20902,380
43,NORMA-21012,381
43,NORMA-1613,382
43,NORMA-28981,383
43,NORMA-19555,384
43,NORMA-20886,385
43,NORMA-9984,386
43,NORMA-1013,387
43,NORMA-19536,388
43,NORMA-19631,389
43,NORMA-19959,390
43,NORMA-18903,391
43,NORMA-20742,392
43,NORMA-19606,393
43,NORMA-396,394
43,NORMA-772,395
43,NORMA-10691,396
43,NORMA-2189,397
43,NORMA-703,398
43,NORMA-1044,399
43,NORMA-20651,400
43,NORMA-2158,401
43,NORMA-2574,402
43,NORMA-20789,403
43,NORMA-1994,404
43,NORMA-11813,405
43,NORMA-6636,406
43,NORMA-2426,407
43,NORMA-19473,408
43,NORMA-984,409
43,NORMA-18656,410
43,NORMA-26201,411
43,NORMA-754,412
43,NORMA-2517,413
43,NORMA-18898,414
43,NORMA-20070,415
43,NORMA-903,416
43,NORMA-19758,417
43,NORMA-15004,418
43,NORMA-14263,419
43,NORMA-4091,420
43,NORMA-462,421
43,NORMA-11620,422
43,NORMA-20891,423
43,NORMA-20577,424
43,NORMA-21553,425
43,NORMA-1026,426
43,NORMA-19968,427
43,NORMA-21638,428
43,NORMA-13508,429
43,NORMA-2485,430
43,NORMA-21253,431
43,NORMA-20880,432
43,NORMA-12165,433
43,NORMA-12952,434
43,NORMA-6757,435
43,NORMA-978,436
43,NORMA-21226,437
43,NORMA-1534,438
43,NORMA-18276,439
43,NORMA-18984,440
43,NORMA-1840,441
43,NORMA-19942,442
43,NORMA-20877,443
43,NORMA-6083,444
43,NORMA-18233,445
43,NORMA-5536,446
43,NORMA-21792,447
43,NORMA-18254,448
43,NORMA-21244,449
43,NORMA-6627,450
43,NORMA-21289,451
43,NORMA-19634,452
43,NORMA-17201,453
43,NORMA-18342,454
43,NORMA-25902,455
43,NORMA-21759,456
43,NORMA-31904,457
43,NORMA-2383,458
43,NORMA-560,459
43,NORMA-21150,460
43,NORMA-18793,461
43,NORMA-21484,462
43,NORMA-6509,463
43,NORMA-21185,464
43,NORMA-21468,465
43,NORMA-6644,466
43,NORMA-218,467
43,NORMA-6321,468
43,NORMA-6199,469
43,NORMA-21236,470
43,NORMA-20263,471
43,NORMA-783,472
43,NORMA-20304,473
43,NORMA-20623,474
43,NORMA-18537,475
43,NORMA-6957,476
43,NORMA-974,477
43,NORMA-19621,478
43,NORMA-20619,479
43,NORMA-15581,480
43,NORMA-18239,481
43,NORMA-1030,482
43,NORMA-802,483
43,NORMA-18208,484
43,NORMA-12102,485
43,NORMA-20309,486
43,NORMA-20744,487
43,NORMA-19980,488
43,NORMA-18962,489
43,NORMA-2126,490
43,NORMA-59,491
43,NORMA-660,492
43,NORMA-985,493
43,NORMA-7651,494
43,NORMA-2013,495
43,NORMA-801,496
43,NORMA-555,497
43,NORMA-2185,498
43,NORMA-4818,499
43,NORMA-970,500
43,NORMA-1250,501
43,NORMA-1611,502
43,NORMA-21069,503
43,NORMA-21755,504
43,NORMA-554,505
43,NORMA-18837,506
43,NORMA-18988,507
43,NORMA-19770,508
43,NORMA-21679,509
43,NORMA-20238,510
43,NORMA-655,511
43,NORMA-19649,512
43,NORMA-20598,513
43,NORMA-6185,514
43,NORMA-19387,515
43,NORMA-20090,516
43,NORMA-6958,517
43,NORMA-21647,518
43,NORMA-20241,519
43,NORMA-9823,520
43,NORMA-19940,521
43,NORMA-21564,522
43,NORMA-15881,523
43,NORMA-24582,524
43,NORMA-229,525
43,NORMA-20561,526
43,NORMA-21260,527
43,NORMA-28281,528
43,NORMA-21739,529
43,NORMA-1341,530
43,NORMA-6621,531
43,NORMA-21299,532
43,NORMA-883,533
43,NORMA-2032,534
43,NORMA-15921,535
43,NORMA-2399,536
43,NORMA-28203,537
43,NORMA-27761,538
43,NORMA-15701,539
43,NORMA-21310,540
43,NORMA-22561,541
43,NORMA-21367,542
43,NORMA-6673,543
43,NORMA-21555,544
43,NORMA-21269,545
43,NORMA-19599,546
43,NORMA-6257,547
43,NORMA-75,548
43,NORMA-19249,549
43,NORMA-11085,550
43,NORMA-8205,551
43,NORMA-18826,552
43,NORMA-16268,553
43,NORMA-11756,554
43,NORMA-16202,555
43,NORMA-21247,556
43,NORMA-14294,557
43,NORMA-18501,558
43,NORMA-20982,559
43,NORMA-19587,560
43,NORMA-20900,561
43,NORMA-6669,562
43,NORMA-602,563
43,NORMA-20995,564
43,NORMA-21752,565
43,NORMA-6245,566
43,NORMA-13160,567
43,NORMA-21238,568
43,NORMA-5360,569
43,NORMA-13469,570
43,NORMA-19620,571
43,NORMA-18952,572
43,NORMA-4294,573
43,NORMA-28362,574
43,NORMA-3381,575
43,NORMA-6249,576
43,NORMA-20936,577
43,NORMA-217,578
43,NORMA-9382,579
43,NORMA-21152,580
43,NORMA-19733,581
43,NORMA-11715,582
43,NORMA-14937,583
43,NORMA-5496,584
43,NORMA-20164,585
43,NORMA-20690,586
43,NORMA-20046,587
43,NORMA-20290,588
43,NORMA-20758,589
43,NORMA-18933,590
43,NORMA-21055,591
43,NORMA-21072,592
43,NORMA-15603,593
43,NORMA-10116,594
43,NORMA-11734,595
43,NORMA-13476,596
43,NORMA-19740,597
43,NORMA-1573,598
43,NORMA-20223,599
43,NORMA-21062,600
43,NORMA-25201,601
43,NORMA-11470,602
43,NORMA-1222,603
43,NORMA-20596,604
43,NORMA-19275,605
43,NORMA-19170,606
43,NORMA-26701,607
43,NORMA-6736,608
43,NORMA-2269,609
43,NORMA-8027,610
43,NORMA-13158,611
43,NORMA-19842,612
43,NORMA-20296,613
43,NORMA-11655,614
43,NORMA-14239,615
43,NORMA-18653,616
43,NORMA-11612,617
43,NORMA-20906,618
43,NORMA-18992,619
43,NORMA-1714,620
43,NORMA-18818,621
43,NORMA-18762,622
43,NORMA-4711,623
43,NORMA-20714,624
43,NORMA-20918,625
43,NORMA-18706,626
43,NORMA-18222,627
43,NORMA-28961,628
43,NORMA-1681,629
43,NORMA-20904,630
43,NORMA-15339,631
43,NORMA-15561,632
43,NORMA-3001,633
43,NORMA-4075,634
43,NORMA-20096,635
43,NORMA-21609,636
43,NORMA-21125,637
43,NORMA-14516,638
43,NORMA-2276,639
43,NORMA-2389,640
43,NORMA-1727,641
43,NORMA-20098,642
43,NORMA-18375,643
43,NORMA-2137,644
43,NORMA-15237,645
43,NORMA-18511,646
43,NORMA-13918,647
43,NORMA-11731,648
43,NORMA-20831,649
43,NORMA-6698,650
43,NORMA-14395,651
43,NORMA-12791,652
43,NORMA-2629,653
43,NORMA-5626,654
43,NORMA-2081,655
43,NORMA-15521,656
43,NORMA-893,657
43,NORMA-20961,658
43,NORMA-9834,659
43,NORMA-19983,660
43,NORMA-18549,661
43,NORMA-13470,662
43,NORMA-19520,663
43,NORMA-20087,664
43,NORMA-2546,665
43,NORMA-19384,666
43,NORMA-19292,667
43,NORMA-18798,668
43,NORMA-19844,669
43,NORMA-21300,670
43,NORMA-21414,671
43,NORMA-27044,672
43,NORMA-1463,673
43,NORMA-20432,674
43,NORMA-21418,675
43,NORMA-18491,676
43,NORMA-18541,677
43,NORMA-21207,678
43,NORMA-33288,679
43,NORMA-1960,680
43,NORMA-1826,681
43,NORMA-12796,682
43,NORMA-18359,683
43,NORMA-19904,684
43,NORMA-20221,685
43,NORMA-4275,686
43,NORMA-1516,687
43,NORMA-9170,688
43,NORMA-6253,689
43,NORMA-12039,690
43,NORMA-6955,691
43,NORMA-20834,692
43,NORMA-21547,693
43,NORMA-15376,694
43,NORMA-14269,695
43,NORMA-33308,696
43,NORMA-21725,697
43,NORMA-15063,698
43,NORMA-10689,699
43,NORMA-18550,700
43,NORMA-1723,701
43,NORMA-21766,702
43,NORMA-12215,703
43,NORMA-12216,704
43,NORMA-3560,705
43,NORMA-12174,706
43,NORMA-27022,707
43,NORMA-12162,708
43,NORMA-10076,709
43,NORMA-18527,710
43,NORMA-11417,711
43,NORMA-18424,712
43,NORMA-18807,713
43,NORMA-19651,714
43,NORMA-20941,715
43,NORMA-21252,716
43,NORMA-712,717
43,NORMA-6344,718
43,NORMA-6752,719
43,NORMA-18668,720
43,NORMA-19220,721
43,NORMA-21294,722
43,NORMA-21541,723
43,NORMA-14589,724
43,NORMA-3382,725
43,NORMA-19647,726
43,NORMA-6968,727
43,NORMA-15110,728
43,NORMA-13195,729
43,NORMA-20091,730
43,NORMA-18788,731
43,NORMA-21787,732
43,NORMA-5586,733
43,NORMA-21676,734
43,NORMA-28422,735
43,NORMA-20952,736
43,NORMA-15901,737
43,NORMA-14661,738
43,NORMA-15882,739
43,NORMA-12712,740
43,NORMA-20283,741
43,NORMA-19455,742
43,NORMA-1658,743
43,NORMA-6962,744
43,NORMA-18554,745
43,NORMA-21698,746
43,NORMA-19883,747
43,NORMA-1155,748
43,NORMA-8384,749
43,NORMA-14233,750
43,NORMA-12585,751
43,NORMA-19383,752
43,NORMA-18797,753
43,NORMA-5925,754
43,NORMA-6856,755
43,NORMA-13245,756
43,NORMA-7111,757
43,NORMA-19095,758
43,NORMA-18307,759
43,NORMA-20924,760
43,NORMA-13334,761
43,NORMA-21112,762
43,NORMA-28001,763
43,NORMA-19429,764
43,NORMA-21419,765
43,NORMA-14463,766
43,NORMA-634,767
43,NORMA-20759,768
43,NORMA-18691,769
43,NORMA-12038,770
43,NORMA-18915,771
43,NORMA-5154,772
43,NORMA-18630,773
43,NORMA-20790,774
43,NORMA-19152,775
43,NORMA-1198,776
43,NORMA-21139,777
43,NORMA-3722,778
43,NORMA-18815,779
43,NORMA-9893,780
43,NORMA-18780,781
43,NORMA-4423,782
43,NORMA-21147,783
43,NORMA-19499,784
43,NORMA-21649,785
43,NORMA-6758,786
43,NORMA-29441,787
43,NORMA-18394,788
43,NORMA-20609,789
43,NORMA-21248,790
43,NORMA-2095,791
43,NORMA-18291,792
43,NORMA-18456,793
43,NORMA-19697,794
43,NORMA-21440,795
43,NORMA-18301,796
43,NORMA-19209,797
43,NORMA-7384,798
43,NORMA-14556,799
43,NORMA-1552,800
43,NORMA-1702,801
43,NORMA-20687,802
43,NORMA-20428,803
43,NORMA-10309,804
43,NORMA-18360,805
43,NORMA-6084,806
43,NORMA-19998,807
43,NORMA-18439,808
43,NORMA-20948,809
43,NORMA-2421,810
43,NORMA-14459,811
43,NORMA-21461,812
43,NORMA-11316,813
43,NORMA-1620,814
43,NORMA-3201,815
43,NORMA-26003,816
43,NORMA-18264,817
43,NORMA-16443,818
43,NORMA-4712,819
43,NORMA-20253,820
43,NORMA-19500,821
43,NORMA-2551,822
43,NORMA-28703,823
43,NORMA-20422,824
43,NORMA-7664,825
43,NORMA-5098,826
43,NORMA-11687,827
43,NORMA-23965,828
43,NORMA-6318,829
43,NORMA-18747,830
43,NORMA-27341,831
43,NORMA-11632,832
43,NORMA-16442,833
43,NORMA-21199,834
43,NORMA-20959,835
43,NORMA-18303,836
43,NORMA-21550,837
43,NORMA-16441,838
43,NORMA-21114,839
43,NORMA-18248,840
43,NORMA-19212,841
43,NORMA-28663,842
43,NORMA-18615,843
43,NORMA-21231,844
43,NORMA-2550,845
43,NORMA-21402,846
43,NORMA-18981,847
43,NORMA-18958,848
43,NORMA-19503,849
43,NORMA-20912,850
43,NORMA-19583,851
43,NORMA-13514,852
43,NORMA-19724,853
43,NORMA-4425,854
43,NORMA-12113,855
43,NORMA-19593,856
43,NORMA-21122,857
43,NORMA-18446,858
43,NORMA-20505,859
43,NORMA-18479,860
43,NORMA-2587,861
43,NORMA-19232,862
43,NORMA-21040,863
43,NORMA-21626,864
43,NORMA-21408,865
43,NORMA-11665,866
43,NORMA-13298,867
43,NORMA-21267,868
43,NORMA-21695,869
43,NORMA-18219,870
43,NORMA-18306,871
43,NORMA-20316,872
43,NORMA-11882,873
43,NORMA-1144,874
43,NORMA-20856,875
43,NORMA-20901,876
43,NORMA-11814,877
43,NORMA-3968,878
43,NORMA-3503,879
43,NORMA-21381,880
43,NORMA-9792,881
43,NORMA-19140,882
43,NORMA-20189,883
43,NORMA-20157,884
43,NORMA-766,885
43,NORMA-19637,886
43,NORMA-19574,887
43,NORMA-570,888
43,NORMA-658,889
43,NORMA-18669,890
43,NORMA-21783,891
43,NORMA-19715,892
43,NORMA-18802,893
43,NORMA-28181,894
43,NORMA-18806,895
43,NORMA-20376,896
43,NORMA-19028,897
43,NORMA-854,898
43,NORMA-23222,899
43,NORMA-21515,900
43,NORMA-20369,901
43,NORMA-12657,902
43,NORMA-503,903
43,NORMA-11615,904
43,NORMA-21131,905
43,NORMA-19181,906
43,NORMA-19353,907
43,NORMA-20873,908
43,NORMA-19096,909
43,NORMA-15211,910
43,NORMA-18274,911
43,NORMA-19477,912
43,NORMA-20928,913
43,NORMA-20985,914
43,NORMA-19667,915
43,NORMA-6184,916
43,NORMA-6685,917
43,NORMA-20943,918
43,NORMA-20914,919
43,NORMA-21277,920
43,NORMA-21634,921
43,NORMA-18411,922
43,NORMA-20037,923
43,NORMA-20192,924
43,NORMA-7381,925
43,NORMA-12060,926
43,NORMA-10708,927
43,NORMA-21434,928
43,NORMA-124,929
43,NORMA-6176,930
43,NORMA-19213,931
43,NORMA-18211,932
43,NORMA-18378,933
43,NORMA-21537,934
43,NORMA-19658,935
43,NORMA-20913,936
43,NORMA-5421,937
43,NORMA-19509,938
43,NORMA-20349,939
43,NORMA-20483,940
43,NORMA-7110,941
43,NORMA-19391,942
43,NORMA-12338,943
43,NORMA-18724,944
43,NORMA-18695,945
43,NORMA-18796,946
43,NORMA-9110,947
43,NORMA-21157,948
43,NORMA-7942,949
43,NORMA-18816,950
43,NORMA-9670,951
43,NORMA-12029,952
43,NORMA-2536,953
43,NORMA-18773,954
43,NORMA-4710,955
43,NORMA-12067,956
43,NORMA-11721,957
43,NORMA-4277,958
43,NORMA-18364,959
43,NORMA-18284,960
43,NORMA-20565,961
43,NORMA-19512,962
43,NORMA-18690,963
43,NORMA-20302,964
43,NORMA-20922,965
43,NORMA-11864,966
43,NORMA-18813,967
43,NORMA-6805,968
43,NORMA-18859,969
43,NORMA-21217,970
43,NORMA-21370,971
43,NORMA-20303,972
43,NORMA-20359,973
43,NORMA-21705,974
43,NORMA-21241,975
43,NORMA-7746,976
43,NORMA-18528,977
43,NORMA-18781,978
43,NORMA-21523,979
43,NORMA-18748,980
43,NORMA-11760,981
43,NORMA-19523,982
43,NORMA-10629,983
43,NORMA-18502,984
43,NORMA-3281,985
43,NORMA-11556,986
43,NORMA-4519,987
43,NORMA-18204,988
43,NORMA-20183,989
43,NORMA-6082,990
43,NORMA-6488,991
43,NORMA-21699,992
43,NORMA-11735,993
43,NORMA-20602,994
43,NORMA-21389,995
43,NORMA-18673,996
43,NORMA-21499,997
43,NORMA-19456,998
43,NORMA-5893,999
43,NORMA-7390,1000
44,NORMA-19746,1
44,NORMA-21049,2
44,NORMA-19758,3
44,NORMA-18916,4
44,NORMA-18901,5
44,NORMA-21151,6
44,NORMA-19454,7
44,NORMA-19749,8
44,NORMA-19518,9
44,NORMA-19759,10
44,NORMA-19998,11
44,NORMA-25801,12
44,NORMA-27543,13
44,NORMA-26684,14
44,NORMA-20596,15
44,NORMA-23281,16
44,NORMA-16321,17
44,NORMA-15781,18
44,NORMA-15046,19
44,NORMA-28341,20
44,NORMA-19760,21
44,NORMA-4355,22
44,NORMA-19808,23
44,NORMA-4561,24
44,NORMA-19771,25
44,NORMA-5814,26
44,NORMA-19326,27
44,NORMA-4627,28
44,NORMA-4689,29
44,NORMA-5561,30
44,NORMA-5437,31
44,NORMA-19087,32
44,NORMA-5895,33
44,NORMA-3785,34
44,NORMA-17541,35
44,NORMA-14714,36
44,NORMA-18893,37
44,NORMA-14644,38
44,NORMA-13708,39
44,NORMA-7547,40
44,NORMA-10709,41
44,NORMA-13602,42
44,NORMA-19770,43
44,NORMA-6978,44
44,NORMA-15145,45
44,NORMA-14849,46
44,NORMA-12824,47
44,NORMA-14229,48
44,NORMA-15373,49
44,NORMA-14384,50
44,NORMA-19627,51
44,NORMA-13774,52
44,NORMA-10595,53
44,NORMA-13449,54
44,NORMA-19772,55
44,NORMA-25041,56
44,NORMA-13660,57
44,NORMA-3789,58
44,NORMA-14566,59
44,NORMA-6147,60
44,NORMA-13497,61
44,NORMA-14116,62
44,NORMA-4492,63
44,NORMA-11315,64
44,NORMA-11867,65
44,NORMA-14224,66
44,NORMA-6786,67
44,NORMA-7303,68
44,NORMA-5920,69
44,NORMA-22281,70
44,NORMA-19765,71
44,NORMA-11939,72
44,NORMA-13159,73
44,NORMA-12431,74
44,NORMA-6863,75
44,NORMA-14485,76
44,NORMA-15206,77
44,NORMA-13488,78
44,NORMA-9521,79
44,NORMA-15298,80
44,NORMA-13806,81
44,NORMA-15094,82
44,NORMA-14241,83
44,NORMA-9010,84
44,NORMA-8096,85
44,NORMA-11151,86
44,NORMA-17001,87
44,NORMA-7543,88
44,NORMA-6976,89
44,NORMA-7494,90
44,NORMA-10785,91
44,NORMA-5616,92
44,NORMA-9618,93
44,NORMA-6062,94
44,NORMA-5210,95
44,NORMA-6278,96
44,NORMA-6049,97
44,NORMA-4296,98
44,NORMA-5708,99
44,NORMA-6226,100
44,NORMA-7388,101
44,NORMA-7389,102
44,NORMA-18890,103
44,NORMA-15321,104
44,NORMA-6739,105
44,NORMA-6802,106
44,NORMA-19818,107
44,NORMA-12554,108
44,NORMA-13991,109
44,NORMA-5942,110
44,NORMA-9857,111
44,NORMA-13897,112
44,NORMA-8762,113
44,NORMA-6480,114
44,NORMA-3872,115
44,NORMA-7223,116
44,NORMA-14225,117
44,NORMA-11754,118
44,NORMA-13591,119
44,NORMA-3529,120
44,NORMA-3849,121
44,NORMA-11442,122
44,NORMA-20622,123
44,NORMA-4560,124
44,NORMA-5555,125
44,NORMA-7153,126
44,NORMA-5885,127
44,NORMA-14904,128
44,NORMA-4480,129
44,NORMA-12602,130
44,NORMA-19745,131
44,NORMA-5219,132
44,NORMA-15251,133
44,NORMA-20945,134
44,NORMA-19606,135
44,NORMA-14746,136
44,NORMA-3577,137
44,NORMA-5360,138
44,NORMA-10285,139
44,NORMA-10116,140
44,NORMA-11085,141
44,NORMA-8205,142
44,NORMA-27364,143
44,NORMA-5496,144
44,NORMA-14294,145
44,NORMA-6399,146
44,NORMA-5406,147
44,NORMA-20138,148
44,NORMA-24361,149
44,NORMA-20221,150
44,NORMA-13476,151
44,NORMA-15363,152
44,NORMA-5376,153
44,NORMA-8435,154
44,NORMA-15339,155
44,NORMA-9708,156
44,NORMA-6140,157
44,NORMA-9724,158
44,NORMA-7113,159
44,NORMA-7553,160
44,NORMA-13918,161
44,NORMA-21526,162
44,NORMA-13470,163
44,NORMA-27044,164
44,NORMA-5909,165
44,NORMA-5136,166
44,NORMA-19039,167
44,NORMA-29261,168
44,NORMA-6783,169
44,NORMA-11965,170
44,NORMA-7386,171
44,NORMA-7222,172
44,NORMA-10793,173
44,NORMA-9084,174
44,NORMA-19459,175
44,NORMA-7225,176
44,NORMA-12910,177
44,NORMA-10593,178
44,NORMA-19351,179
44,NORMA-10122,180
44,NORMA-8643,181
44,NORMA-19553,182
44,NORMA-4767,183
44,NORMA-8101,184
44,NORMA-7234,185
44,NORMA-6202,186
44,NORMA-2660,187
44,NORMA-14779,188
44,NORMA-9289,189
44,NORMA-4019,190
44,NORMA-7076,191
44,NORMA-8580,192
44,NORMA-21678,193
44,NORMA-21651,194
44,NORMA-12375,195
44,NORMA-15014,196
44,NORMA-19734,197
44,NORMA-13627,198
44,NORMA-6145,199
44,NORMA-6442,200
44,NORMA-18887,201
44,NORMA-19832,202
44,NORMA-19737,203
44,NORMA-19742,204
44,NORMA-19813,205
44,NORMA-6164,206
44,NORMA-21554,207
44,NORMA-19851,208
44,NORMA-19735,209
44,NORMA-20636,210
44,NORMA-19831,211
44,NORMA-10747,212
44,NORMA-19743,213
44,NORMA-10206,214
44,NORMA-19422,215
44,NORMA-15211,216
44,NORMA-20051,217
44,NORMA-20640,218
44,NORMA-19938,219
44,NORMA-20059,220
44,NORMA-18460,221
44,NORMA-12067,222
44,NORMA-19820,223
44,NORMA-15167,224
44,NORMA-20075,225
44,NORMA-20043,226
44,NORMA-19578,227
44,NORMA-14510,228
44,NORMA-25441,229
44,NORMA-19934,230
44,NORMA-19914,231
44,NORMA-23401,232
44,NORMA-11443,233
44,NORMA-18930,234
44,NORMA-13746,235
44,NORMA-14828,236
44,NORMA-5167,237
44,NORMA-18988,238
44,NORMA-20044,239
44,NORMA-17682,240
44,NORMA-19736,241
44,NORMA-10461,242
44,NORMA-18944,243
44,NORMA-14937,244
44,NORMA-19816,245
44,NORMA-9802,246
44,NORMA-13158,247
44,NORMA-21195,248
44,NORMA-27365,249
44,NORMA-20876,250
44,NORMA-18577,251
44,NORMA-19926,252
44,NORMA-19827,253
44,NORMA-5372,254
44,NORMA-13469,255
44,NORMA-4954,256
44,NORMA-14413,257
44,NORMA-10208,258
44,NORMA-15071,259
44,NORMA-19739,260
44,NORMA-21241,261
44,NORMA-18355,262
44,NORMA-20305,263
44,NORMA-20610,264
44,NORMA-8992,265
44,NORMA-4396,266
44,NORMA-20655,267
44,NORMA-20638,268
44,NORMA-15396,269
44,NORMA-18367,270
44,NORMA-12613,271
44,NORMA-13510,272
44,NORMA-10255,273
44,NORMA-13789,274
44,NORMA-19971,275
44,NORMA-4194,276
44,NORMA-21171,277
44,NORMA-630,278
44,NORMA-9332,279
44,NORMA-18790,280
44,NORMA-10380,281
44,NORMA-19935,282
44,NORMA-19754,283
44,NORMA-18558,284
44,NORMA-16202,285
44,NORMA-20521,286
44,NORMA-19098,287
44,NORMA-20226,288
44,NORMA-9672,289
44,NORMA-19306,290
44,NORMA-18308,291
44,NORMA-20932,292
44,NORMA-18262,293
44,NORMA-9223,294
44,NORMA-12698,295
44,NORMA-19790,296
44,NORMA-60,297
44,NORMA-18587,298
44,NORMA-18285,299
44,NORMA-19022,300
44,NORMA-20935,301
44,NORMA-18469,302
44,NORMA-19763,303
44,NORMA-18257,304
44,NORMA-18470,305
44,NORMA-18258,306
44,NORMA-18235,307
44,NORMA-18369,308
44,NORMA-19025,309
44,NORMA-19023,310
44,NORMA-18903,311
44,NORMA-18586,312
44,NORMA-18704,313
44,NORMA-20565,314
44,NORMA-3985,315
44,NORMA-18373,316
44,NORMA-18256,317
44,NORMA-18711,318
44,NORMA-20257,319
44,NORMA-7196,320
44,NORMA-18714,321
44,NORMA-19929,322
44,NORMA-29301,323
44,NORMA-18836,324
44,NORMA-19097,325
44,NORMA-18378,326
44,NORMA-20747,327
44,NORMA-29283,328
44,NORMA-3487,329
44,NORMA-18663,330
44,NORMA-23061,331
44,NORMA-18712,332
44,NORMA-19176,333
44,NORMA-20062,334
44,NORMA-18940,335
44,NORMA-20212,336
44,NORMA-24501,337
44,NORMA-25721,338
44,NORMA-21021,339
44,NORMA-19016,340
44,NORMA-18468,341
44,NORMA-19477,342
44,NORMA-18300,343
44,NORMA-27761,344
44,NORMA-7742,345
44,NORMA-18350,346
44,NORMA-21700,347
44,NORMA-18703,348
44,NORMA-18363,349
44,NORMA-11093,350
44,NORMA-19180,351
44,NORMA-18351,352
44,NORMA-20615,353
44,NORMA-5526,354
44,NORMA-5833,355
44,NORMA-18918,356
44,NORMA-11568,357
44,NORMA-18229,358
44,NORMA-18929,359
44,NORMA-3901,360
44,NORMA-18700,361
44,NORMA-12798,362
44,NORMA-20868,363
44,NORMA-18774,364
44,NORMA-19902,365
44,NORMA-14035,366
44,NORMA-18370,367
44,NORMA-18915,368
44,NORMA-19901,369
44,NORMA-18866,370
44,NORMA-5792,371
44,NORMA-18299,372
44,NORMA-18466,373
44,NORMA-20070,374
44,NORMA-21676,375
44,NORMA-20583,376
44,NORMA-19913,377
44,NORMA-18360,378
44,NORMA-23862,379
44,NORMA-18835,380
44,NORMA-10530,381
44,NORMA-6711,382
44,NORMA-18848,383
44,NORMA-15443,384
44,NORMA-19011,385
44,NORMA-19740,386
44,NORMA-7658,387
44,NORMA-3968,388
44,NORMA-19605,389
44,NORMA-18962,390
44,NORMA-12823,391
44,NORMA-19804,392
44,NORMA-20705,393
44,NORMA-20294,394
44,NORMA-18427,395
44,NORMA-24582,396
44,NORMA-19559,397
44,NORMA-5739,398
44,NORMA-19769,399
44,NORMA-4105,400
44,NORMA-18877,401
44,NORMA-18702,402
44,NORMA-19723,403
44,NORMA-21242,404
44,NORMA-20964,405
44,NORMA-9234,406
44,NORMA-20163,407
44,NORMA-18307,408
44,NORMA-7308,409
44,NORMA-6988,410
44,NORMA-19315,411
44,NORMA-18942,412
44,NORMA-13024,413
44,NORMA-19234,414
44,NORMA-18899,415
44,NORMA-20597,416
44,NORMA-19801,417
44,NORMA-20285,418
44,NORMA-19498,419
44,NORMA-18884,420
44,NORMA-18314,421
44,NORMA-19047,422
44,NORMA-20766,423
44,NORMA-21413,424
44,NORMA-19922,425
44,NORMA-18769,426
44,NORMA-21556,427
44,NORMA-20607,428
44,NORMA-21532,429
44,NORMA-18910,430
44,NORMA-20817,431
44,NORMA-19072,432
44,NORMA-4810,433
44,NORMA-7387,434
44,NORMA-19741,435
44,NORMA-20723,436
44,NORMA-19863,437
44,NORMA-20302,438
44,NORMA-21069,439
44,NORMA-6736,440
44,NORMA-19029,441
44,NORMA-20068,442
44,NORMA-18772,443
44,NORMA-19027,444
44,NORMA-14724,445
44,NORMA-8261,446
44,NORMA-20946,447
44,NORMA-19864,448
44,NORMA-3767,449
44,NORMA-21622,450
44,NORMA-21301,451
44,NORMA-6984,452
44,NORMA-19961,453
44,NORMA-20982,454
44,NORMA-14054,455
44,NORMA-11356,456
44,NORMA-12415,457
44,NORMA-11721,458
44,NORMA-19738,459
44,NORMA-12923,460
44,NORMA-13124,461
44,NORMA-8706,462
44,NORMA-19012,463
44,NORMA-18888,464
44,NORMA-12733,465
44,NORMA-13308,466
44,NORMA-27521,467
44,NORMA-20921,468
44,NORMA-4786,469
44,NORMA-19592,470
44,NORMA-21629,471
44,NORMA-18588,472
44,NORMA-25722,473
44,NORMA-20189,474
44,NORMA-36,475
44,NORMA-21655,476
44,NORMA-20236,477
44,NORMA-5736,478
44,NORMA-11556,479
44,NORMA-7307,480
44,NORMA-6856,481
44,NORMA-21309,482
44,NORMA-20602,483
44,NORMA-26841,484
44,NORMA-18474,485
44,NORMA-21178,486
44,NORMA-18254,487
44,NORMA-21072,488
44,NORMA-20690,489
44,NORMA-21499,490
44,NORMA-20580,491
44,NORMA-9984,492
44,NORMA-21468,493
44,NORMA-21208,494
44,NORMA-10691,495
44,NORMA-18838,496
44,NORMA-18974,497
44,NORMA-20284,498
44,NORMA-18826,499
44,NORMA-11627,500
44,NORMA-18927,501
44,NORMA-11665,502
44,NORMA-14263,503
44,NORMA-18868,504
44,NORMA-4780,505
44,NORMA-18906,506
44,NORMA-18361,507
44,NORMA-20914,508
44,NORMA-12952,509
44,NORMA-19798,510
44,NORMA-3503,511
44,NORMA-5930,512
44,NORMA-3582,513
44,NORMA-21141,514
44,NORMA-5157,515
44,NORMA-20073,516
44,NORMA-21691,517
44,NORMA-20778,518
44,NORMA-13402,519
44,NORMA-7358,520
44,NORMA-19940,521
44,NORMA-19933,522
44,NORMA-21669,523
44,NORMA-5600,524
44,NORMA-20963,525
44,NORMA-923,526
44,NORMA-19985,527
44,NORMA-21255,528
44,NORMA-28362,529
44,NORMA-9166,530
44,NORMA-21274,531
44,NORMA-22862,532
44,NORMA-5269,533
44,NORMA-20087,534
44,NORMA-13106,535
44,NORMA-19959,536
44,NORMA-18669,537
44,NORMA-5490,538
44,NORMA-21386,539
44,NORMA-13797,540
44,NORMA-21725,541
44,NORMA-18748,542
44,NORMA-27001,543
44,NORMA-19177,544
44,NORMA-4035,545
44,NORMA-21409,546
44,NORMA-4428,547
44,NORMA-26701,548
44,NORMA-19629,549
44,NORMA-8027,550
44,NORMA-19600,551
44,NORMA-7535,552
44,NORMA-20046,553
44,NORMA-20999,554
44,NORMA-6958,555
44,NORMA-21275,556
44,NORMA-12872,557
44,NORMA-19426,558
44,NORMA-7466,559
44,NORMA-19948,560
44,NORMA-19941,561
44,NORMA-18462,562
44,NORMA-6050,563
44,NORMA-21305,564
44,NORMA-19105,565
44,NORMA-26881,566
44,NORMA-21647,567
44,NORMA-19337,568
44,NORMA-229,569
44,NORMA-20928,570
44,NORMA-19512,571
44,NORMA-8266,572
44,NORMA-19915,573
44,NORMA-14498,574
44,NORMA-18685,575
44,NORMA-18934,576
44,NORMA-228,577
44,NORMA-21638,578
44,NORMA-20880,579
44,NORMA-18937,580
44,NORMA-19979,581
44,NORMA-21762,582
44,NORMA-21132,583
44,NORMA-21683,584
44,NORMA-19303,585
44,NORMA-20936,586
44,NORMA-21065,587
44,NORMA-802,588
44,NORMA-19809,589
44,NORMA-21684,590
44,NORMA-2089,591
44,NORMA-2563,592
44,NORMA-59,593
44,NORMA-660,594
44,NORMA-6804,595
44,NORMA-18554,596
44,NORMA-15561,597
44,NORMA-2013,598
44,NORMA-801,599
44,NORMA-2185,600
44,NORMA-7362,601
44,NORMA-835,602
44,NORMA-1611,603
44,NORMA-20223,604
44,NORMA-18529,605
44,NORMA-554,606
44,NORMA-8214,607
44,NORMA-1471,608
44,NORMA-19542,609
44,NORMA-4039,610
44,NORMA-6948,611
44,NORMA-18221,612
44,NORMA-20598,613
44,NORMA-7617,614
44,NORMA-21389,615
44,NORMA-21586,616
44,NORMA-3739,617
44,NORMA-20581,618
44,NORMA-18211,619
44,NORMA-20196,620
44,NORMA-12965,621
44,NORMA-21408,622
44,NORMA-20258,623
44,NORMA-8028,624
44,NORMA-20557,625
44,NORMA-21227,626
44,NORMA-21659,627
44,NORMA-15234,628
44,NORMA-18303,629
44,NORMA-20704,630
44,NORMA-13954,631
44,NORMA-19939,632
44,NORMA-2158,633
44,NORMA-28586,634
44,NORMA-20916,635
44,NORMA-21026,636
44,NORMA-18815,637
44,NORMA-11598,638
44,NORMA-19930,639
44,NORMA-6641,640
44,NORMA-10767,641
44,NORMA-21402,642
44,NORMA-9792,643
44,NORMA-12657,644
44,NORMA-6644,645
44,NORMA-6321,646
44,NORMA-7835,647
44,NORMA-18989,648
44,NORMA-21185,649
44,NORMA-1740,650
44,NORMA-19442,651
44,NORMA-7117,652
44,NORMA-21791,653
44,NORMA-21624,654
44,NORMA-21584,655
44,NORMA-6257,656
44,NORMA-20494,657
44,NORMA-6343,658
44,NORMA-14661,659
44,NORMA-7110,660
44,NORMA-21434,661
44,NORMA-20730,662
44,NORMA-3979,663
44,NORMA-20098,664
44,NORMA-4822,665
44,NORMA-14240,666
44,NORMA-20616,667
44,NORMA-9920,668
44,NORMA-14463,669
44,NORMA-21157,670
44,NORMA-2517,671
44,NORMA-20569,672
44,NORMA-3241,673
44,NORMA-20139,674
44,NORMA-7704,675
44,NORMA-5170,676
44,NORMA-18208,677
44,NORMA-18709,678
44,NORMA-18694,679
44,NORMA-20924,680
44,NORMA-20790,681
44,NORMA-21344,682
44,NORMA-6880,683
44,NORMA-21252,684
44,NORMA-20432,685
44,NORMA-6318,686
44,NORMA-9248,687
44,NORMA-18456,688
44,NORMA-21418,689
44,NORMA-19667,690
44,NORMA-18870,691
44,NORMA-21637,692
44,NORMA-19436,693
44,NORMA-19205,694
44,NORMA-7880,695
44,NORMA-21648,696
44,NORMA-13174,697
44,NORMA-18827,698
44,NORMA-7892,699
44,NORMA-19416,700
44,NORMA-21420,701
44,NORMA-11417,702
44,NORMA-21278,703
44,NORMA-20865,704
44,NORMA-21496,705
44,NORMA-18217,706
44,NORMA-7149,707
44,NORMA-6955,708
44,NORMA-19646,709
44,NORMA-6758,710
44,NORMA-19329,711
44,NORMA-8522,712
44,NORMA-20183,713
44,NORMA-6185,714
44,NORMA-21150,715
44,NORMA-5421,716
44,NORMA-6379,717
44,NORMA-13363,718
44,NORMA-7607,719
44,NORMA-20720,720
44,NORMA-19981,721
44,NORMA-18284,722
44,NORMA-19942,723
44,NORMA-20985,724
44,NORMA-21312,725
44,NORMA-19843,726
44,NORMA-9382,727
44,NORMA-19503,728
44,NORMA-9893,729
44,NORMA-4710,730
44,NORMA-11655,731
44,NORMA-20917,732
44,NORMA-14239,733
44,NORMA-12152,734
44,NORMA-21562,735
44,NORMA-6954,736
44,NORMA-19682,737
44,NORMA-6645,738
44,NORMA-21276,739
44,NORMA-20056,740
44,NORMA-18293,741
44,NORMA-10708,742
44,NORMA-2546,743
44,NORMA-6082,744
44,NORMA-18302,745
44,NORMA-19715,746
44,NORMA-6199,747
44,NORMA-10490,748
44,NORMA-18531,749
44,NORMA-6142,750
44,NORMA-19095,751
44,NORMA-21218,752
44,NORMA-19181,753
44,NORMA-21012,754
44,NORMA-2184,755
44,NORMA-21515,756
44,NORMA-18403,757
44,NORMA-20300,758
44,NORMA-19245,759
44,NORMA-19391,760
44,NORMA-15237,761
44,NORMA-6509,762
44,NORMA-20902,763
44,NORMA-18605,764
44,NORMA-7651,765
44,NORMA-4818,766
44,NORMA-19566,767
44,NORMA-18747,768
44,NORMA-18646,769
44,NORMA-12195,770
44,NORMA-6962,771
44,NORMA-19730,772
44,NORMA-21073,773
44,NORMA-9823,774
44,NORMA-9336,775
44,NORMA-10622,776
44,NORMA-21756,777
44,NORMA-18434,778
44,NORMA-8902,779
44,NORMA-21249,780
44,NORMA-10794,781
44,NORMA-19704,782
44,NORMA-9834,783
44,NORMA-13323,784
44,NORMA-20369,785
44,NORMA-19546,786
44,NORMA-18654,787
44,NORMA-8989,788
44,NORMA-29005,789
44,NORMA-19515,790
44,NORMA-21367,791
44,NORMA-21553,792
44,NORMA-6621,793
44,NORMA-18545,794
44,NORMA-11814,795
44,NORMA-21361,796
44,NORMA-20205,797
44,NORMA-20316,798
44,NORMA-19221,799
44,NORMA-12038,800
44,NORMA-10309,801
44,NORMA-18780,802
44,NORMA-19081,803
44,NORMA-21114,804
44,NORMA-20474,805
44,NORMA-19152,806
44,NORMA-12060,807
44,NORMA-19883,808
44,NORMA-19021,809
44,NORMA-21131,810
44,NORMA-20503,811
44,NORMA-20376,812
44,NORMA-20349,813
44,NORMA-18479,814
44,NORMA-5661,815
44,NORMA-21634,816
44,NORMA-3654,817
44,NORMA-20488,818
44,NORMA-18446,819
44,NORMA-21217,820
44,NORMA-21279,821
44,NORMA-20359,822
44,NORMA-19574,823
44,NORMA-10063,824
44,NORMA-21224,825
44,NORMA-20465,826
44,NORMA-20460,827
44,NORMA-20473,828
44,NORMA-19431,829
44,NORMA-20487,830
44,NORMA-19192,831
44,NORMA-21608,832
44,NORMA-18648,833
44,NORMA-10221,834
44,NORMA-21419,835
44,NORMA-9041,836
44,NORMA-20482,837
44,NORMA-19212,838
44,NORMA-19096,839
44,NORMA-21626,840
44,NORMA-21211,841
44,NORMA-462,842
44,NORMA-19573,843
44,NORMA-21550,844
44,NORMA-20995,845
44,NORMA-10085,846
44,NORMA-21521,847
44,NORMA-21484,848
44,NORMA-20941,849
44,NORMA-21135,850
44,NORMA-21253,851
44,NORMA-21783,852
44,NORMA-20397,853
44,NORMA-20480,854
44,NORMA-21519,855
44,NORMA-21236,856
44,NORMA-21352,857
45,NORMA-19329,1
45,NORMA-19245,2
45,NORMA-21616,3
45,NORMA-21773,4
45,NORMA-25621,5
45,NORMA-19535,6
45,NORMA-21477,7
45,NORMA-18968,8
45,NORMA-19282,9
45,NORMA-19704,10
45,NORMA-19316,11
45,NORMA-18696,12
45,NORMA-21342,13
45,NORMA-21482,14
45,NORMA-13635,15
45,NORMA-6322,16
45,NORMA-21279,17
45,NORMA-6674,18
45,NORMA-21623,19
45,NORMA-20799,20
45,NORMA-18878,21
45,NORMA-25682,22
45,NORMA-19407,23
45,NORMA-19158,24
45,NORMA-29101,25
45,NORMA-19356,26
45,NORMA-21531,27
45,NORMA-19558,28
45,NORMA-21714,29
45,NORMA-21324,30
45,NORMA-21681,31
45,NORMA-21422,32
45,NORMA-12230,33
45,NORMA-11784,34
45,NORMA-18722,35
45,NORMA-12231,36
45,NORMA-12041,37
45,NORMA-12011,38
45,NORMA-11788,39
45,NORMA-11852,40
45,NORMA-12007,41
45,NORMA-12233,42
45,NORMA-12000,43
45,NORMA-7381,44
45,NORMA-5421,45
45,NORMA-12003,46
45,NORMA-11683,47
45,NORMA-4710,48
45,NORMA-11630,49
45,NORMA-11778,50
45,NORMA-6199,51
45,NORMA-12229,52
45,NORMA-7384,53
45,NORMA-20300,54
45,NORMA-19905,55
45,NORMA-8027,56
45,NORMA-20198,57
45,NORMA-7466,58
45,NORMA-889,59
45,NORMA-4423,60
45,NORMA-20225,61
45,NORMA-21183,62
45,NORMA-21326,63
45,NORMA-19309,64
45,NORMA-19061,65
45,NORMA-19435,66
45,NORMA-28981,67
45,NORMA-12495,68
45,NORMA-21468,69
45,NORMA-19642,70
45,NORMA-14786,71
45,NORMA-11759,72
45,NORMA-7382,73
45,NORMA-20610,74
45,NORMA-21243,75
45,NORMA-6668,76
45,NORMA-4275,77
45,NORMA-12087,78
45,NORMA-20863,79
45,NORMA-20963,80
45,NORMA-21497,81
45,NORMA-6023,82
45,NORMA-6675,83
45,NORMA-7149,84
45,NORMA-20697,85
45,NORMA-11888,86
45,NORMA-6774,87
45,NORMA-9110,88
45,NORMA-7942,89
45,NORMA-9670,90
45,NORMA-18776,91
45,NORMA-19306,92
45,NORMA-21108,93
45,NORMA-4091,94
45,NORMA-19645,95
45,NORMA-21751,96
45,NORMA-24885,97
45,NORMA-21159,98
45,NORMA-19408,99
45,NORMA-6775,100
45,NORMA-20810,101
45,NORMA-19000,102
45,NORMA-6969,103
45,NORMA-20737,104
45,NORMA-7018,105
45,NORMA-20267,106
45,NORMA-18663,107
45,NORMA-3551,108
45,NORMA-21369,109
45,NORMA-19417,110
45,NORMA-24905,111
45,NORMA-6092,112
45,NORMA-6410,113
45,NORMA-20734,114
45,NORMA-19237,115
45,NORMA-18629,116
45,NORMA-18996,117
45,NORMA-4424,118
45,NORMA-19583,119
45,NORMA-19310,120
45,NORMA-20068,121
45,NORMA-6755,122
45,NORMA-3638,123
45,NORMA-6344,124
45,NORMA-5428,125
45,NORMA-8522,126
45,NORMA-19134,127
45,NORMA-19657,128
45,NORMA-20813,129
45,NORMA-9821,130
45,NORMA-18847,131
45,NORMA-19047,132
45,NORMA-15211,133
45,NORMA-2428,134
45,NORMA-12867,135
45,NORMA-21007,136
45,NORMA-19615,137
45,NORMA-12161,138
45,NORMA-4075,139
45,NORMA-21548,140
45,NORMA-19668,141
45,NORMA-8077,142
45,NORMA-20605,143
45,NORMA-14937,144
45,NORMA-19927,145
45,NORMA-3472,146
45,NORMA-21097,147
45,NORMA-1315,148
45,NORMA-13801,149
45,NORMA-12024,150
45,NORMA-12032,151
45,NORMA-18305,152
45,NORMA-19225,153
45,NORMA-11474,154
45,NORMA-13158,155
45,NORMA-11527,156
45,NORMA-13390,157
45,NORMA-20984,158
45,NORMA-12067,159
45,NORMA-4221,160
45,NORMA-11000,161
45,NORMA-4711,162
45,NORMA-18459,163
45,NORMA-18779,164
45,NORMA-18765,165
45,NORMA-18392,166
45,NORMA-13469,167
45,NORMA-20992,168
45,NORMA-4746,169
45,NORMA-18530,170
45,NORMA-11417,171
45,NORMA-7525,172
45,NORMA-21042,173
45,NORMA-16202,174
45,NORMA-21096,175
45,NORMA-5586,176
45,NORMA-18237,177
45,NORMA-27761,178
45,NORMA-20064,179
45,NORMA-19351,180
45,NORMA-10821,181
45,NORMA-21283,182
45,NORMA-3642,183
45,NORMA-14054,184
45,NORMA-1313,185
45,NORMA-11086,186
45,NORMA-20056,187
45,NORMA-18773,188
45,NORMA-18441,189
45,NORMA-10878,190
45,NORMA-20880,191
45,NORMA-20079,192
45,NORMA-6170,193
45,NORMA-18838,194
45,NORMA-8203,195
45,NORMA-9384,196
45,NORMA-19422,197
45,NORMA-4909,198
45,NORMA-18449,199
45,NORMA-20247,200
45,NORMA-13552,201
45,NORMA-4412,202
45,NORMA-4041,203
45,NORMA-21547,204
45,NORMA-6895,205
45,NORMA-18408,206
45,NORMA-27063,207
45,NORMA-21444,208
45,NORMA-27045,209
45,NORMA-4514,210
45,NORMA-14302,211
45,NORMA-5626,212
45,NORMA-21018,213
45,NORMA-13534,214
45,NORMA-21254,215
45,NORMA-14874,216
45,NORMA-15045,217
45,NORMA-23682,218
45,NORMA-6126,219
45,NORMA-21146,220
45,NORMA-14542,221
45,NORMA-20817,222
45,NORMA-19553,223
45,NORMA-4476,224
45,NORMA-20990,225
45,NORMA-4249,226
45,NORMA-3824,227
45,NORMA-14462,228
45,NORMA-21260,229
45,NORMA-6032,230
45,NORMA-21185,231
45,NORMA-21242,232
45,NORMA-4830,233
45,NORMA-18415,234
45,NORMA-3966,235
45,NORMA-21208,236
45,NORMA-8885,237
45,NORMA-21088,238
45,NORMA-7194,239
45,NORMA-4379,240
45,NORMA-19570,241
45,NORMA-4394,242
45,NORMA-1260,243
45,NORMA-21002,244
45,NORMA-19629,245
45,NORMA-8937,246
45,NORMA-18217,247
45,NORMA-20785,248
45,NORMA-21402,249
45,NORMA-4219,250
45,NORMA-3907,251
45,NORMA-20691,252
45,NORMA-20624,253
45,NORMA-21003,254
45,NORMA-7241,255
45,NORMA-602,256
45,NORMA-5629,257
45,NORMA-5494,258
45,NORMA-18358,259
45,NORMA-20774,260
45,NORMA-27384,261
45,NORMA-20807,262
45,NORMA-18209,263
45,NORMA-7145,264
45,NORMA-20657,265
45,NORMA-18822,266
45,NORMA-21026,267
45,NORMA-14293,268
45,NORMA-18431,269
45,NORMA-3478,270
45,NORMA-18284,271
45,NORMA-21092,272
45,NORMA-5852,273
45,NORMA-21068,274
45,NORMA-19459,275
45,NORMA-5737,276
45,NORMA-11236,277
45,NORMA-8080,278
45,NORMA-13797,279
45,NORMA-7993,280
45,NORMA-21526,281
45,NORMA-14932,282
45,NORMA-11087,283
45,NORMA-8556,284
45,NORMA-18898,285
45,NORMA-27341,286
45,NORMA-8774,287
45,NORMA-3559,288
45,NORMA-21291,289
45,NORMA-1154,290
45,NORMA-4868,291
45,NORMA-20293,292
45,NORMA-6276,293
45,NORMA-20786,294
45,NORMA-18393,295
45,NORMA-21564,296
45,NORMA-21082,297
45,NORMA-21147,298
45,NORMA-12820,299
45,NORMA-19959,300
45,NORMA-21130,301
45,NORMA-20630,302
45,NORMA-4273,303
45,NORMA-18386,304
45,NORMA-20876,305
45,NORMA-20196,306
45,NORMA-21297,307
45,NORMA-15644,308
45,NORMA-7967,309
45,NORMA-7214,310
45,NORMA-27022,311
45,NORMA-5465,312
45,NORMA-7962,313
45,NORMA-21206,314
45,NORMA-8035,315
45,NORMA-20284,316
45,NORMA-21065,317
45,NORMA-18211,318
45,NORMA-21554,319
45,NORMA-8825,320
45,NORMA-18992,321
45,NORMA-3820,322
45,NORMA-18833,323
45,NORMA-21678,324
45,NORMA-21256,325
45,NORMA-18988,326
45,NORMA-3821,327
45,NORMA-21651,328
45,NORMA-18348,329
45,NORMA-18220,330
45,NORMA-5605,331
45,NORMA-14279,332
45,NORMA-20777,333
45,NORMA-14801,334
45,NORMA-18814,335
45,NORMA-21071,336
45,NORMA-28561,337
45,NORMA-11731,338
45,NORMA-4236,339
45,NORMA-10219,340
45,NORMA-15921,341
45,NORMA-4542,342
45,NORMA-21247,343
45,NORMA-3503,344
45,NORMA-20622,345
45,NORMA-18605,346
45,NORMA-6015,347
45,NORMA-20901,348
45,NORMA-20922,349
45,NORMA-20780,350
45,NORMA-9681,351
45,NORMA-19972,352
45,NORMA-8088,353
45,NORMA-9785,354
45,NORMA-9067,355
45,NORMA-19824,356
45,NORMA-4588,357
45,NORMA-20070,358
45,NORMA-20138,359
45,NORMA-20818,360
45,NORMA-12851,361
45,NORMA-20911,362
45,NORMA-9573,363
45,NORMA-20190,364
45,NORMA-21762,365
45,NORMA-11882,366
45,NORMA-15901,367
45,NORMA-20058,368
45,NORMA-5872,369
45,NORMA-21683,370
45,NORMA-21110,371
45,NORMA-5280,372
45,NORMA-20139,373
45,NORMA-9595,374
45,NORMA-6006,375
45,NORMA-4859,376
45,NORMA-4630,377
45,NORMA-21386,378
45,NORMA-21264,379
45,NORMA-18378,380
45,NORMA-28001,381
45,NORMA-21684,382
45,NORMA-19683,383
45,NORMA-8315,384
45,NORMA-19337,385
45,NORMA-19281,386
45,NORMA-21384,387
45,NORMA-20762,388
45,NORMA-15561,389
45,NORMA-9888,390
45,NORMA-20239,391
45,NORMA-18497,392
45,NORMA-19714,393
45,NORMA-19530,394
45,NORMA-8570,395
45,NORMA-4639,396
45,NORMA-12437,397
45,NORMA-835,398
45,NORMA-19266,399
45,NORMA-18335,400
45,NORMA-265,401
45,NORMA-21344,402
45,NORMA-7164,403
45,NORMA-18904,404
45,NORMA-18994,405
45,NORMA-10745,406
45,NORMA-19238,407
45,NORMA-20996,408
45,NORMA-18960,409
45,NORMA-20977,410
45,NORMA-18748,411
45,NORMA-1471,412
45,NORMA-10590,413
45,NORMA-19405,414
45,NORMA-20677,415
45,NORMA-20803,416
45,NORMA-14390,417
45,NORMA-19300,418
45,NORMA-10534,419
45,NORMA-20993,420
45,NORMA-11576,421
45,NORMA-8573,422
45,NORMA-18224,423
45,NORMA-6753,424
45,NORMA-20802,425
45,NORMA-19979,426
45,NORMA-1534,427
45,NORMA-11524,428
45,NORMA-18436,429
45,NORMA-20936,430
45,NORMA-10347,431
45,NORMA-19662,432
45,NORMA-18371,433
45,NORMA-21197,434
45,NORMA-18350,435
45,NORMA-20908,436
45,NORMA-21389,437
45,NORMA-11574,438
45,NORMA-18474,439
45,NORMA-20914,440
45,NORMA-11292,441
45,NORMA-8687,442
45,NORMA-28584,443
45,NORMA-19718,444
45,NORMA-3663,445
45,NORMA-7765,446
45,NORMA-19700,447
45,NORMA-20577,448
45,NORMA-6488,449
45,NORMA-14718,450
45,NORMA-20036,451
45,NORMA-20291,452
45,NORMA-4425,453
45,NORMA-20812,454
45,NORMA-19787,455
45,NORMA-5031,456
45,NORMA-61,457
45,NORMA-21248,458
45,NORMA-21126,459
45,NORMA-18843,460
45,NORMA-19967,461
45,NORMA-6268,462
45,NORMA-92,463
45,NORMA-5356,464
45,NORMA-6710,465
45,NORMA-7095,466
45,NORMA-10066,467
45,NORMA-19295,468
45,NORMA-8814,469
45,NORMA-20960,470
45,NORMA-21186,471
45,NORMA-6343,472
45,NORMA-13508,473
45,NORMA-19903,474
45,NORMA-1863,475
45,NORMA-558,476
45,NORMA-13402,477
45,NORMA-21212,478
45,NORMA-13954,479
45,NORMA-20879,480
45,NORMA-2005,481
45,NORMA-2158,482
45,NORMA-15339,483
45,NORMA-3979,484
45,NORMA-20172,485
45,NORMA-21519,486
45,NORMA-19581,487
45,NORMA-20452,488
45,NORMA-19182,489
45,NORMA-4112,490
45,NORMA-20623,491
45,NORMA-11739,492
45,NORMA-20619,493
45,NORMA-20887,494
45,NORMA-11472,495
45,NORMA-20144,496
45,NORMA-18709,497
45,NORMA-6318,498
45,NORMA-19853,499
45,NORMA-11813,500
45,NORMA-18989,501
45,NORMA-12060,502
45,NORMA-20877,503
45,NORMA-19211,504
45,NORMA-9588,505
45,NORMA-20561,506
45,NORMA-19056,507
45,NORMA-21544,508
45,NORMA-20241,509
45,NORMA-19703,510
45,NORMA-18319,511
45,NORMA-778,512
45,NORMA-19684,513
45,NORMA-13048,514
45,NORMA-21624,515
45,NORMA-20238,516
45,NORMA-19039,517
45,NORMA-1994,518
45,NORMA-6395,519
45,NORMA-10123,520
45,NORMA-19233,521
45,NORMA-21652,522
45,NORMA-20167,523
45,NORMA-21317,524
45,NORMA-7390,525
45,NORMA-1740,526
45,NORMA-21698,527
45,NORMA-21403,528
45,NORMA-5235,529
45,NORMA-19028,530
45,NORMA-11876,531
45,NORMA-20921,532
45,NORMA-1421,533
45,NORMA-13106,534
45,NORMA-21114,535
45,NORMA-8575,536
45,NORMA-21086,537
45,NORMA-21638,538
45,NORMA-21437,539
45,NORMA-20800,540
45,NORMA-21418,541
45,NORMA-5721,542
45,NORMA-19983,543
45,NORMA-13586,544
45,NORMA-21069,545
45,NORMA-20920,546
45,NORMA-21139,547
45,NORMA-13472,548
45,NORMA-11476,549
45,NORMA-21537,550
45,NORMA-11418,551
45,NORMA-20521,552
45,NORMA-18724,553
45,NORMA-11736,554
45,NORMA-20082,555
45,NORMA-2517,556
45,NORMA-13218,557
45,NORMA-4356,558
45,NORMA-3241,559
45,NORMA-6521,560
45,NORMA-19330,561
45,NORMA-12566,562
45,NORMA-6291,563
45,NORMA-20859,564
45,NORMA-20601,565
45,NORMA-14890,566
45,NORMA-6851,567
45,NORMA-5170,568
45,NORMA-21581,569
45,NORMA-21608,570
45,NORMA-5600,571
45,NORMA-4538,572
45,NORMA-20234,573
45,NORMA-11901,574
45,NORMA-20184,575
45,NORMA-12872,576
45,NORMA-20706,577
45,NORMA-21028,578
45,NORMA-21337,579
45,NORMA-18385,580
45,NORMA-6672,581
45,NORMA-20995,582
45,NORMA-13809,583
45,NORMA-11798,584
45,NORMA-19606,585
45,NORMA-12957,586
45,NORMA-7007,587
45,NORMA-18762,588
45,NORMA-27981,589
45,NORMA-7622,590
45,NORMA-18381,591
45,NORMA-14345,592
45,NORMA-15152,593
45,NORMA-8193,594
45,NORMA-11505,595
45,NORMA-13995,596
45,NORMA-7866,597
45,NORMA-13165,598
45,NORMA-8398,599
45,NORMA-5247,600
45,NORMA-14616,601
45,NORMA-20961,602
45,NORMA-21170,603
45,NORMA-14974,604
45,NORMA-25541,605
45,NORMA-19807,606
45,NORMA-23361,607
45,NORMA-18203,608
45,NORMA-21627,609
45,NORMA-571,610
45,NORMA-26881,611
45,NORMA-21521,612
45,NORMA-4882,613
45,NORMA-19209,614
45,NORMA-2168,615
45,NORMA-20385,616
45,NORMA-19551,617
45,NORMA-20845,618
45,NORMA-8751,619
45,NORMA-11607,620
45,NORMA-20221,621
45,NORMA-21267,622
45,NORMA-5906,623
45,NORMA-4648,624
45,NORMA-13151,625
45,NORMA-14951,626
45,NORMA-6724,627
45,NORMA-20638,628
45,NORMA-5785,629
45,NORMA-20558,630
45,NORMA-15239,631
45,NORMA-21580,632
45,NORMA-573,633
45,NORMA-6579,634
45,NORMA-23381,635
45,NORMA-7359,636
45,NORMA-15027,637
45,NORMA-6573,638
45,NORMA-5192,639
45,NORMA-21210,640
45,NORMA-21523,641
45,NORMA-2589,642
45,NORMA-21649,643
45,NORMA-21237,644
45,NORMA-21215,645
45,NORMA-15701,646
45,NORMA-6949,647
45,NORMA-20381,648
45,NORMA-6143,649
45,NORMA-6708,650
45,NORMA-782,651
45,NORMA-21463,652
45,NORMA-21327,653
45,NORMA-19978,654
45,NORMA-20232,655
45,NORMA-18839,656
45,NORMA-21392,657
45,NORMA-7448,658
45,NORMA-21401,659
45,NORMA-19780,660
45,NORMA-19980,661
45,NORMA-20616,662
45,NORMA-21605,663
45,NORMA-20049,664
45,NORMA-21216,665
45,NORMA-13309,666
45,NORMA-20281,667
45,NORMA-28961,668
45,NORMA-5214,669
45,NORMA-7925,670
45,NORMA-9194,671
45,NORMA-5809,672
45,NORMA-20842,673
45,NORMA-2425,674
45,NORMA-8433,675
45,NORMA-8597,676
45,NORMA-18947,677
45,NORMA-21572,678
45,NORMA-3501,679
45,NORMA-19610,680
45,NORMA-21750,681
45,NORMA-20483,682
45,NORMA-20631,683
45,NORMA-576,684
45,NORMA-19106,685
45,NORMA-4312,686
45,NORMA-2567,687
45,NORMA-616,688
45,NORMA-3796,689
45,NORMA-20888,690
45,NORMA-19793,691
45,NORMA-18269,692
45,NORMA-968,693
45,NORMA-18603,694
45,NORMA-19998,695
45,NORMA-21764,696
45,NORMA-19782,697
45,NORMA-18697,698
45,NORMA-19705,699
45,NORMA-5816,700
45,NORMA-20670,701
45,NORMA-8947,702
45,NORMA-18537,703
45,NORMA-21410,704
45,NORMA-5381,705
45,NORMA-11232,706
45,NORMA-8878,707
45,NORMA-8224,708
45,NORMA-6638,709
45,NORMA-16382,710
45,NORMA-20408,711
45,NORMA-18434,712
45,NORMA-4175,713
45,NORMA-8198,714
45,NORMA-13903,715
45,NORMA-18633,716
45,NORMA-21700,717
45,NORMA-19465,718
45,NORMA-15272,719
45,NORMA-7100,720
45,NORMA-20816,721
45,NORMA-20736,722
45,NORMA-11350,723
45,NORMA-8410,724
45,NORMA-7803,725
45,NORMA-19497,726
45,NORMA-28203,727
45,NORMA-15134,728
45,NORMA-607,729
45,NORMA-21707,730
45,NORMA-20446,731
45,NORMA-9312,732
45,NORMA-19652,733
45,NORMA-21718,734
45,NORMA-21640,735
45,NORMA-19977,736
45,NORMA-18751,737
45,NORMA-21715,738
45,NORMA-8298,739
45,NORMA-19641,740
45,NORMA-18351,741
45,NORMA-14587,742
45,NORMA-7977,743
45,NORMA-7430,744
45,NORMA-21129,745
45,NORMA-1212,746
45,NORMA-14725,747
45,NORMA-7711,748
45,NORMA-16421,749
45,NORMA-11990,750
45,NORMA-19403,751
45,NORMA-1840,752
45,NORMA-14446,753
45,NORMA-11928,754
45,NORMA-11445,755
45,NORMA-10876,756
45,NORMA-21075,757
45,NORMA-20940,758
45,NORMA-19964,759
45,NORMA-14499,760
45,NORMA-11199,761
45,NORMA-6634,762
45,NORMA-18985,763
45,NORMA-18594,764
45,NORMA-20377,765
45,NORMA-9890,766
45,NORMA-19727,767
45,NORMA-19479,768
45,NORMA-11180,769
45,NORMA-1648,770
45,NORMA-14430,771
45,NORMA-9516,772
45,NORMA-6962,773
45,NORMA-19764,774
45,NORMA-23581,775
45,NORMA-20242,776
45,NORMA-18808,777
45,NORMA-21270,778
45,NORMA-18427,779
45,NORMA-12685,780
45,NORMA-19268,781
45,NORMA-21553,782
45,NORMA-15649,783
45,NORMA-21674,784
45,NORMA-9641,785
45,NORMA-5287,786
45,NORMA-19613,787
45,NORMA-18829,788
45,NORMA-7917,789
45,NORMA-21102,790
45,NORMA-19924,791
45,NORMA-18818,792
45,NORMA-8330,793
45,NORMA-6861,794
45,NORMA-5006,795
45,NORMA-19835,796
45,NORMA-18707,797
45,NORMA-21305,798
45,NORMA-15656,799
45,NORMA-18448,800
45,NORMA-643,801
45,NORMA-4792,802
45,NORMA-11839,803
45,NORMA-9290,804
45,NORMA-4500,805
45,NORMA-19969,806
45,NORMA-21037,807
45,NORMA-3688,808
45,NORMA-20118,809
45,NORMA-20323,810
45,NORMA-26124,811
45,NORMA-25421,812
45,NORMA-15722,813
45,NORMA-12522,814
45,NORMA-21501,815
45,NORMA-7838,816
45,NORMA-21128,817
45,NORMA-21244,818
45,NORMA-5432,819
45,NORMA-19954,820
45,NORMA-20663,821
45,NORMA-27642,822
45,NORMA-14057,823
45,NORMA-12745,824
45,NORMA-18871,825
45,NORMA-26882,826
45,NORMA-24481,827
45,NORMA-15745,828
45,NORMA-13344,829
45,NORMA-21673,830
45,NORMA-19690,831
45,NORMA-19576,832
45,NORMA-19834,833
45,NORMA-18811,834
45,NORMA-26781,835
45,NORMA-25402,836
45,NORMA-23964,837
45,NORMA-23121,838
45,NORMA-15741,839
45,NORMA-15462,840
45,NORMA-12696,841
45,NORMA-2555,842
45,NORMA-27549,843
45,NORMA-26783,844
45,NORMA-23122,845
45,NORMA-20664,846
45,NORMA-20832,847
45,NORMA-19823,848
45,NORMA-26782,849
45,NORMA-15602,850
45,NORMA-15423,851
45,NORMA-4422,852
45,NORMA-20147,853
45,NORMA-20468,854
45,NORMA-23103,855
45,NORMA-15422,856
45,NORMA-14482,857
45,NORMA-10458,858
45,NORMA-4135,859
45,NORMA-4943,860
45,NORMA-19721,861
45,NORMA-19849,862
45,NORMA-21543,863
45,NORMA-1298,864
45,NORMA-19862,865
45,NORMA-12956,866
45,NORMA-21493,867
45,NORMA-8386,868
45,NORMA-20069,869
45,NORMA-21535,870
45,NORMA-21281,871
45,NORMA-28084,872
45,NORMA-27682,873
45,NORMA-16023,874
45,NORMA-21442,875
45,NORMA-5617,876
45,NORMA-19171,877
45,NORMA-28083,878
45,NORMA-21455,879
45,NORMA-14290,880
45,NORMA-19083,881
45,NORMA-2103,882
45,NORMA-2064,883
45,NORMA-20848,884
45,NORMA-20669,885
45,NORMA-20658,886
45,NORMA-7389,887
45,NORMA-27783,888
45,NORMA-13805,889
45,NORMA-14292,890
45,NORMA-14431,891
45,NORMA-14612,892
45,NORMA-14291,893
45,NORMA-7896,894
45,NORMA-7365,895
45,NORMA-8592,896
45,NORMA-18599,897
45,NORMA-1998,898
45,NORMA-20952,899
45,NORMA-913,900
45,NORMA-15347,901
45,NORMA-12511,902
45,NORMA-14611,903
45,NORMA-8949,904
45,NORMA-5026,905
45,NORMA-20937,906
45,NORMA-20438,907
45,NORMA-21182,908
45,NORMA-21176,909
45,NORMA-18920,910
45,NORMA-6673,911
45,NORMA-2066,912
45,NORMA-21658,913
45,NORMA-19114,914
45,NORMA-7383,915
45,NORMA-3834,916
45,NORMA-20676,917
45,NORMA-21625,918
45,NORMA-580,919
45,NORMA-10028,920
45,NORMA-14578,921
45,NORMA-11835,922
45,NORMA-12276,923
45,NORMA-11726,924
45,NORMA-11175,925
45,NORMA-11336,926
45,NORMA-9687,927
45,NORMA-7769,928
45,NORMA-6780,929
45,NORMA-11737,930
45,NORMA-5225,931
45,NORMA-16268,932
45,NORMA-19185,933
45,NORMA-10060,934
45,NORMA-8481,935
45,NORMA-7903,936
45,NORMA-19326,937
45,NORMA-18620,938
45,NORMA-19567,939
45,NORMA-20168,940
45,NORMA-19131,941
45,NORMA-25401,942
45,NORMA-10829,943
45,NORMA-11247,944
45,NORMA-11331,945
45,NORMA-7628,946
45,NORMA-8553,947
45,NORMA-6523,948
45,NORMA-6821,949
45,NORMA-18338,950
45,NORMA-20951,951
45,NORMA-20770,952
45,NORMA-19184,953
45,NORMA-6677,954
45,NORMA-13864,955
45,NORMA-21774,956
45,NORMA-21565,957
45,NORMA-19907,958
45,NORMA-11248,959
45,NORMA-6778,960
45,NORMA-6721,961
45,NORMA-8139,962
45,NORMA-5430,963
45,NORMA-18398,964
45,NORMA-1660,965
45,NORMA-20066,966
45,NORMA-20749,967
45,NORMA-9831,968
45,NORMA-19589,969
45,NORMA-15351,970
45,NORMA-7187,971
45,NORMA-21221,972
45,NORMA-20685,973
45,NORMA-27545,974
45,NORMA-25422,975
45,NORMA-17921,976
45,NORMA-9646,977
45,NORMA-6731,978
45,NORMA-8838,979
45,NORMA-19572,980
45,NORMA-463,981
45,NORMA-20655,982
45,NORMA-10064,983
45,NORMA-8815,984
45,NORMA-21045,985
45,NORMA-20440,986
45,NORMA-7321,987
45,NORMA-7976,988
45,NORMA-19511,989
45,NORMA-19100,990
45,NORMA-21174,991
45,NORMA-8515,992
45,NORMA-24683,993
45,NORMA-22422,994
45,NORMA-21498,995
45,NORMA-8555,996
45,NORMA-6065,997
45,NORMA-5105,998
45,NORMA-11685,999
45,NORMA-21222,1000
46,NORMA-20900,1
46,NORMA-19377,2
46,NORMA-18540,3
46,NORMA-19466,4
46,NORMA-1662,5
46,NORMA-21406,6
46,NORMA-20982,7
46,NORMA-18836,8
46,NORMA-3121,9
46,NORMA-2137,10
46,NORMA-1714,11
46,NORMA-20690,12
46,NORMA-2629,13
46,NORMA-1681,14
46,NORMA-2276,15
46,NORMA-323,16
46,NORMA-1727,17
46,NORMA-10226,18
46,NORMA-2081,19
46,NORMA-14395,20
46,NORMA-14516,21
46,NORMA-12791,22
46,NORMA-21207,23
46,NORMA-20278,24
46,NORMA-21205,25
46,NORMA-1723,26
46,NORMA-12174,27
46,NORMA-12162,28
46,NORMA-2135,29
46,NORMA-20714,30
46,NORMA-19746,31
46,NORMA-14589,32
46,NORMA-21460,33
46,NORMA-18202,34
46,NORMA-11713,35
46,NORMA-19474,36
46,NORMA-13245,37
46,NORMA-7111,38
46,NORMA-21766,39
46,NORMA-1658,40
46,NORMA-21545,41
46,NORMA-19780,42
46,NORMA-20945,43
46,NORMA-19565,44
46,NORMA-18420,45
46,NORMA-1702,46
46,NORMA-19615,47
46,NORMA-14233,48
46,NORMA-12585,49
46,NORMA-2095,50
46,NORMA-31904,51
46,NORMA-20766,52
46,NORMA-13334,53
46,NORMA-11612,54
46,NORMA-21690,55
46,NORMA-19379,56
46,NORMA-18302,57
46,NORMA-19138,58
46,NORMA-28281,59
46,NORMA-20221,60
46,NORMA-15004,61
46,NORMA-11601,62
46,NORMA-19643,63
46,NORMA-21506,64
46,NORMA-21294,65
46,NORMA-18295,66
46,NORMA-18407,67
46,NORMA-18835,68
46,NORMA-20217,69
46,NORMA-19606,70
46,NORMA-20134,71
46,NORMA-21659,72
46,NORMA-19760,73
46,NORMA-19740,74
46,NORMA-12910,75
46,NORMA-21095,76
46,NORMA-21129,77
46,NORMA-18545,78
46,NORMA-19416,79
46,NORMA-21250,80
46,NORMA-18999,81
46,NORMA-19174,82
46,NORMA-19072,83
46,NORMA-18529,84
46,NORMA-20725,85
46,NORMA-20296,86
46,NORMA-18934,87
46,NORMA-20886,88
46,NORMA-12952,89
46,NORMA-18203,90
46,NORMA-18559,91
46,NORMA-19605,92
46,NORMA-19448,93
46,NORMA-21008,94
46,NORMA-560,95
46,NORMA-206,96
46,NORMA-11813,97
46,NORMA-21414,98
46,NORMA-19436,99
46,NORMA-19585,100
46,NORMA-19981,101
46,NORMA-18595,102
46,NORMA-7225,103
46,NORMA-20055,104
46,NORMA-21211,105
46,NORMA-7222,106
46,NORMA-6948,107
46,NORMA-19940,108
46,NORMA-21151,109
46,NORMA-6783,110
46,NORMA-8028,111
46,NORMA-19729,112
46,NORMA-11556,113
46,NORMA-18267,114
46,NORMA-7386,115
46,NORMA-12015,116
46,NORMA-7110,117
46,NORMA-18565,118
46,NORMA-18998,119
46,NORMA-18584,120
46,NORMA-17201,121
46,NORMA-19431,122
46,NORMA-20952,123
46,NORMA-20906,124
46,NORMA-12035,125
46,NORMA-20930,126
46,NORMA-21062,127
46,NORMA-21676,128
46,NORMA-19481,129
46,NORMA-18653,130
46,NORMA-18624,131
46,NORMA-19617,132
46,NORMA-18375,133
46,NORMA-12102,134
46,NORMA-19667,135
46,NORMA-21012,136
46,NORMA-19758,137
46,NORMA-18697,138
46,NORMA-20596,139
46,NORMA-19095,140
46,NORMA-6140,141
46,NORMA-21228,142
46,NORMA-19230,143
46,NORMA-7113,144
46,NORMA-2184,145
46,NORMA-21344,146
46,NORMA-19249,147
46,NORMA-19454,148
46,NORMA-21124,149
46,NORMA-18648,150
46,NORMA-11721,151
46,NORMA-4091,152
46,NORMA-20834,153
46,NORMA-20349,154
46,NORMA-19941,155
46,NORMA-19455,156
46,NORMA-19430,157
46,NORMA-21125,158
46,NORMA-19183,159
46,NORMA-5001,160
46,NORMA-20046,161
46,NORMA-21496,162
46,NORMA-29147,163
46,NORMA-19960,164
46,NORMA-9724,165
46,NORMA-19110,166
46,NORMA-21137,167
46,NORMA-20913,168
46,NORMA-9297,169
46,NORMA-18616,170
46,NORMA-19518,171
46,NORMA-18531,172
46,NORMA-15802,173
46,NORMA-20997,174
46,NORMA-462,175
46,NORMA-5077,176
46,NORMA-5165,177
46,NORMA-21017,178
46,NORMA-4819,179
46,NORMA-4294,180
46,NORMA-3621,181
46,NORMA-18689,182
46,NORMA-5761,183
46,NORMA-18935,184
46,NORMA-9984,185
46,NORMA-21239,186
46,NORMA-20064,187
46,NORMA-21291,188
46,NORMA-19429,189
46,NORMA-10691,190
46,NORMA-21127,191
46,NORMA-21389,192
46,NORMA-18418,193
46,NORMA-20308,194
46,NORMA-21184,195
46,NORMA-21367,196
46,NORMA-19232,197
46,NORMA-19387,198
46,NORMA-22862,199
46,NORMA-21739,200
46,NORMA-11756,201
46,NORMA-20918,202
46,NORMA-19620,203
46,NORMA-20574,204
46,NORMA-12005,205
46,NORMA-18243,206
46,NORMA-1151,207
46,NORMA-14263,208
46,NORMA-18780,209
46,NORMA-27221,210
46,NORMA-8435,211
46,NORMA-11401,212
46,NORMA-10592,213
46,NORMA-328,214
46,NORMA-18933,215
46,NORMA-19180,216
46,NORMA-20263,217
46,NORMA-19569,218
46,NORMA-19234,219
46,NORMA-14699,220
46,NORMA-13836,221
46,NORMA-14264,222
46,NORMA-20029,223
46,NORMA-1516,224
46,NORMA-11760,225
46,NORMA-19841,226
46,NORMA-21020,227
46,NORMA-21638,228
46,NORMA-21247,229
46,NORMA-21072,230
46,NORMA-6758,231
46,NORMA-19515,232
46,NORMA-18958,233
46,NORMA-18446,234
46,NORMA-20304,235
46,NORMA-19849,236
46,NORMA-12105,237
46,NORMA-8957,238
46,NORMA-6621,239
46,NORMA-18984,240
46,NORMA-3835,241
46,NORMA-22721,242
46,NORMA-18359,243
46,NORMA-7663,244
46,NORMA-20359,245
46,NORMA-21121,246
46,NORMA-12657,247
46,NORMA-11665,248
46,NORMA-10055,249
46,NORMA-21499,250
46,NORMA-5154,251
46,NORMA-10762,252
46,NORMA-20920,253
46,NORMA-6414,254
46,NORMA-13004,255
46,NORMA-19213,256
46,NORMA-18826,257
46,NORMA-6961,258
46,NORMA-19724,259
46,NORMA-19682,260
46,NORMA-7664,261
46,NORMA-11631,262
46,NORMA-21114,263
46,NORMA-19330,264
46,NORMA-19903,265
46,NORMA-19983,266
46,NORMA-26201,267
46,NORMA-11496,268
46,NORMA-20944,269
46,NORMA-20914,270
46,NORMA-19017,271
46,NORMA-19456,272
46,NORMA-21434,273
46,NORMA-11735,274
46,NORMA-20482,275
46,NORMA-26981,276
46,NORMA-2269,277
46,NORMA-19152,278
46,NORMA-11524,279
46,NORMA-19930,280
46,NORMA-19241,281
46,NORMA-21440,282
46,NORMA-20911,283
46,NORMA-18219,284
46,NORMA-12228,285
46,NORMA-20474,286
46,NORMA-21398,287
46,NORMA-20609,288
46,NORMA-19563,289
46,NORMA-18550,290
46,NORMA-11734,291
46,NORMA-18762,292
46,NORMA-10256,293
46,NORMA-6185,294
46,NORMA-19498,295
46,NORMA-11574,296
46,NORMA-21419,297
46,NORMA-20253,298
46,NORMA-18921,299
46,NORMA-21224,300
46,NORMA-3722,301
46,NORMA-20082,302
46,NORMA-20460,303
46,NORMA-20723,304
46,NORMA-20189,305
46,NORMA-21695,306
46,NORMA-21256,307
46,NORMA-6957,308
46,NORMA-13480,309
46,NORMA-13469,310
46,NORMA-20706,311
46,NORMA-20428,312
46,NORMA-19212,313
46,NORMA-18411,314
46,NORMA-5536,315
46,NORMA-11999,316
46,NORMA-6962,317
46,NORMA-11614,318
46,NORMA-21417,319
46,NORMA-7025,320
46,NORMA-14937,321
46,NORMA-875,322
46,NORMA-19621,323
46,NORMA-21218,324
46,NORMA-20316,325
46,NORMA-9382,326
46,NORMA-19809,327
46,NORMA-6627,328
46,NORMA-1408,329
46,NORMA-23361,330
46,NORMA-12002,331
46,NORMA-20665,332
46,NORMA-13158,333
46,NORMA-21147,334
46,NORMA-12098,335
46,NORMA-12054,336
46,NORMA-20759,337
46,NORMA-11780,338
46,NORMA-21267,339
46,NORMA-20859,340
46,NORMA-1552,341
46,NORMA-1826,342
46,NORMA-11860,343
46,NORMA-11858,344
46,NORMA-20465,345
46,NORMA-18897,346
46,NORMA-16202,347
46,NORMA-19792,348
46,NORMA-21052,349
46,NORMA-20425,350
46,NORMA-19631,351
46,NORMA-18254,352
46,NORMA-19634,353
46,NORMA-10267,354
46,NORMA-21055,355
46,NORMA-13298,356
46,NORMA-20087,357
46,NORMA-18915,358
46,NORMA-6757,359
46,NORMA-19546,360
46,NORMA-9834,361
46,NORMA-20602,362
46,NORMA-27761,363
46,NORMA-19749,364
46,NORMA-20856,365
46,NORMA-21305,366
46,NORMA-18630,367
46,NORMA-21610,368
46,NORMA-15603,369
46,NORMA-13905,370
46,NORMA-4423,371
46,NORMA-19852,372
46,NORMA-19587,373
46,NORMA-21561,374
46,NORMA-21418,375
46,NORMA-11857,376
46,NORMA-19570,377
46,NORMA-19477,378
46,NORMA-18233,379
46,NORMA-20223,380
46,NORMA-19275,381
46,NORMA-21152,382
46,NORMA-12066,383
46,NORMA-20180,384
46,NORMA-3503,385
46,NORMA-18511,386
46,NORMA-12049,387
46,NORMA-11864,388
46,NORMA-21756,389
46,NORMA-18706,390
46,NORMA-18226,391
46,NORMA-19523,392
46,NORMA-6083,393
46,NORMA-20802,394
46,NORMA-6968,395
46,NORMA-11655,396
46,NORMA-1485,397
46,NORMA-21752,398
46,NORMA-1365,399
46,NORMA-18577,400
46,NORMA-14239,401
46,NORMA-18825,402
46,NORMA-16481,403
46,NORMA-20873,404
46,NORMA-20732,405
46,NORMA-6316,406
46,NORMA-19181,407
46,NORMA-16403,408
46,NORMA-20817,409
46,NORMA-19715,410
46,NORMA-13797,411
46,NORMA-19235,412
46,NORMA-20803,413
46,NORMA-21649,414
46,NORMA-834,415
46,NORMA-21537,416
46,NORMA-15211,417
46,NORMA-18591,418
46,NORMA-19644,419
46,NORMA-19406,420
46,NORMA-20192,421
46,NORMA-13545,422
46,NORMA-19578,423
46,NORMA-6509,424
46,NORMA-18319,425
46,NORMA-20961,426
46,NORMA-18307,427
46,NORMA-7279,428
46,NORMA-21609,429
46,NORMA-20912,430
46,NORMA-20902,431
46,NORMA-18986,432
46,NORMA-18870,433
46,NORMA-21069,434
46,NORMA-18688,435
46,NORMA-11770,436
46,NORMA-21523,437
46,NORMA-15237,438
46,NORMA-18528,439
46,NORMA-11522,440
46,NORMA-19520,441
46,NORMA-20995,442
46,NORMA-19573,443
46,NORMA-8931,444
46,NORMA-4818,445
46,NORMA-19384,446
46,NORMA-19292,447
46,NORMA-1144,448
46,NORMA-984,449
46,NORMA-18818,450
46,NORMA-15060,451
46,NORMA-11454,452
46,NORMA-21661,453
46,NORMA-21254,454
46,NORMA-14498,455
46,NORMA-21437,456
46,NORMA-20100,457
46,NORMA-21547,458
46,NORMA-20943,459
46,NORMA-20590,460
46,NORMA-11620,461
46,NORMA-27521,462
46,NORMA-16443,463
46,NORMA-4712,464
46,NORMA-20569,465
46,NORMA-11588,466
46,NORMA-21544,467
46,NORMA-20068,468
46,NORMA-11470,469
46,NORMA-19741,470
46,NORMA-20366,471
46,NORMA-11997,472
46,NORMA-18303,473
46,NORMA-19096,474
46,NORMA-19424,475
46,NORMA-12161,476
46,NORMA-18654,477
46,NORMA-23965,478
46,NORMA-21626,479
46,NORMA-16442,480
46,NORMA-19629,481
46,NORMA-21299,482
46,NORMA-6318,483
46,NORMA-20959,484
46,NORMA-18394,485
46,NORMA-19499,486
46,NORMA-20439,487
46,NORMA-16441,488
46,NORMA-21086,489
46,NORMA-19078,490
46,NORMA-21252,491
46,NORMA-18549,492
46,NORMA-12067,493
46,NORMA-19805,494
46,NORMA-20443,495
46,NORMA-10920,496
46,NORMA-3001,497
46,NORMA-28663,498
46,NORMA-20038,499
46,NORMA-21550,500
46,NORMA-13514,501
46,NORMA-20369,502
46,NORMA-18554,503
46,NORMA-28703,504
46,NORMA-20163,505
46,NORMA-20058,506
46,NORMA-11739,507
46,NORMA-20891,508
46,NORMA-18414,509
46,NORMA-20904,510
46,NORMA-18690,511
46,NORMA-222,512
46,NORMA-3823,513
46,NORMA-11316,514
46,NORMA-12094,515
46,NORMA-6199,516
46,NORMA-19512,517
46,NORMA-2158,518
46,NORMA-6253,519
46,NORMA-19081,520
46,NORMA-20164,521
46,NORMA-12171,522
46,NORMA-1463,523
46,NORMA-9147,524
46,NORMA-18859,525
46,NORMA-18748,526
46,NORMA-14898,527
46,NORMA-20183,528
46,NORMA-19473,529
46,NORMA-7326,530
46,NORMA-28381,531
46,NORMA-7351,532
46,NORMA-21237,533
46,NORMA-13029,534
46,NORMA-18541,535
46,NORMA-2517,536
46,NORMA-20844,537
46,NORMA-11300,538
46,NORMA-19942,539
46,NORMA-18898,540
46,NORMA-21260,541
46,NORMA-18863,542
46,NORMA-20422,543
46,NORMA-18815,544
46,NORMA-20473,545
46,NORMA-18796,546
46,NORMA-21783,547
46,NORMA-18239,548
46,NORMA-18479,549
46,NORMA-1613,550
46,NORMA-11779,551
46,NORMA-6720,552
46,NORMA-28422,553
46,NORMA-22561,554
46,NORMA-24582,555
46,NORMA-14505,556
46,NORMA-19658,557
46,NORMA-20376,558
46,NORMA-21283,559
46,NORMA-20483,560
46,NORMA-6344,561
46,NORMA-11731,562
46,NORMA-21060,563
46,NORMA-18668,564
46,NORMA-18427,565
46,NORMA-11557,566
46,NORMA-20503,567
46,NORMA-3381,568
46,NORMA-20398,569
46,NORMA-19509,570
46,NORMA-25902,571
46,NORMA-20490,572
46,NORMA-21139,573
46,NORMA-20880,574
46,NORMA-20501,575
46,NORMA-21071,576
46,NORMA-15581,577
46,NORMA-18981,578
46,NORMA-21634,579
46,NORMA-6181,580
46,NORMA-12048,581
46,NORMA-18793,582
46,NORMA-60,583
46,NORMA-18695,584
46,NORMA-1471,585
46,NORMA-20407,586
46,NORMA-18978,587
46,NORMA-835,588
46,NORMA-18325,589
46,NORMA-19542,590
46,NORMA-18227,591
46,NORMA-3241,592
46,NORMA-6257,593
46,NORMA-29005,594
46,NORMA-6630,595
46,NORMA-7651,596
46,NORMA-1222,597
46,NORMA-18208,598
46,NORMA-6245,599
46,NORMA-12089,600
46,NORMA-20389,601
46,NORMA-20877,602
46,NORMA-19019,603
46,NORMA-21253,604
46,NORMA-12338,605
46,NORMA-21269,606
46,NORMA-8814,607
46,NORMA-6679,608
46,NORMA-21553,609
46,NORMA-19378,610
46,NORMA-11723,611
46,NORMA-1740,612
46,NORMA-18844,613
46,NORMA-19818,614
46,NORMA-18952,615
46,NORMA-20865,616
46,NORMA-20175,617
46,NORMA-5360,618
46,NORMA-6967,619
46,NORMA-21356,620
46,NORMA-26701,621
46,NORMA-12019,622
46,NORMA-10116,623
46,NORMA-20615,624
46,NORMA-20985,625
46,NORMA-21150,626
46,NORMA-20923,627
46,NORMA-21647,628
46,NORMA-21691,629
46,NORMA-27341,630
46,NORMA-11085,631
46,NORMA-8205,632
46,NORMA-6736,633
46,NORMA-21792,634
46,NORMA-5496,635
46,NORMA-13094,636
46,NORMA-20374,637
46,NORMA-20188,638
46,NORMA-21413,639
46,NORMA-21159,640
46,NORMA-14294,641
46,NORMA-20941,642
46,NORMA-21450,643
46,NORMA-6595,644
46,NORMA-19659,645
46,NORMA-16268,646
46,NORMA-21515,647
46,NORMA-12236,648
46,NORMA-21026,649
46,NORMA-12107,650
46,NORMA-6084,651
46,NORMA-9823,652
46,NORMA-6249,653
46,NORMA-18240,654
46,NORMA-17902,655
46,NORMA-11598,656
46,NORMA-12886,657
46,NORMA-6410,658
46,NORMA-21166,659
46,NORMA-6752,660
46,NORMA-3281,661
46,NORMA-20790,662
46,NORMA-20793,663
46,NORMA-15881,664
46,NORMA-31923,665
46,NORMA-6768,666
46,NORMA-21238,667
46,NORMA-7625,668
46,NORMA-754,669
46,NORMA-23025,670
46,NORMA-15443,671
46,NORMA-20302,672
46,NORMA-6488,673
46,NORMA-9292,674
46,NORMA-18249,675
46,NORMA-11804,676
46,NORMA-28221,677
46,NORMA-1620,678
46,NORMA-6092,679
46,NORMA-21706,680
46,NORMA-13323,681
46,NORMA-6880,682
46,NORMA-14852,683
46,NORMA-18537,684
46,NORMA-16222,685
46,NORMA-16221,686
46,NORMA-19179,687
46,NORMA-14751,688
46,NORMA-22522,689
46,NORMA-17241,690
46,NORMA-18967,691
46,NORMA-14110,692
46,NORMA-11814,693
46,NORMA-6955,694
46,NORMA-236,695
46,NORMA-15250,696
46,NORMA-12838,697
46,NORMA-21029,698
46,NORMA-27225,699
46,NORMA-20789,700
46,NORMA-1994,701
46,NORMA-14232,702
46,NORMA-19080,703
46,NORMA-29441,704
46,NORMA-6268,705
46,NORMA-18788,706
46,NORMA-33308,707
46,NORMA-13917,708
46,NORMA-23963,709
46,NORMA-7390,710
46,NORMA-20558,711
46,NORMA-23222,712
46,NORMA-21705,713
46,NORMA-21484,714
46,NORMA-13084,715
46,NORMA-19206,716
46,NORMA-19471,717
46,NORMA-21244,718
46,NORMA-19087,719
46,NORMA-20599,720
46,NORMA-13476,721
46,NORMA-20684,722
46,NORMA-20167,723
46,NORMA-18406,724
46,NORMA-11715,725
46,NORMA-10708,726
46,NORMA-19175,727
46,NORMA-9111,728
46,NORMA-1332,729
46,NORMA-19998,730
46,NORMA-3342,731
46,NORMA-19803,732
46,NORMA-21040,733
46,NORMA-2587,734
46,NORMA-12165,735
46,NORMA-18797,736
46,NORMA-21725,737
46,NORMA-18807,738
46,NORMA-1348,739
46,NORMA-19228,740
46,NORMA-2627,741
46,NORMA-4711,742
46,NORMA-18816,743
46,NORMA-33288,744
46,NORMA-21675,745
46,NORMA-2551,746
46,NORMA-21521,747
46,NORMA-4075,748
46,NORMA-14175,749
46,NORMA-21699,750
46,NORMA-570,751
46,NORMA-19440,752
46,NORMA-24621,753
46,NORMA-10044,754
46,NORMA-20989,755
46,NORMA-19170,756
46,NORMA-18994,757
46,NORMA-20801,758
46,NORMA-358,759
46,NORMA-21607,760
46,NORMA-1420,761
46,NORMA-6815,762
46,NORMA-21058,763
46,NORMA-18439,764
46,NORMA-1346,765
46,NORMA-1129,766
46,NORMA-20830,767
46,NORMA-19595,768
46,NORMA-893,769
46,NORMA-8027,770
46,NORMA-11792,771
46,NORMA-18997,772
46,NORMA-19485,773
46,NORMA-28203,774
46,NORMA-13918,775
46,NORMA-11615,776
46,NORMA-18287,777
46,NORMA-2089,778
46,NORMA-21169,779
46,NORMA-21535,780
46,NORMA-20888,781
46,NORMA-6391,782
46,NORMA-21821,783
46,NORMA-6644,784
46,NORMA-19383,785
46,NORMA-20488,786
46,NORMA-6321,787
46,NORMA-21698,788
46,NORMA-10119,789
46,NORMA-15339,790
46,NORMA-5656,791
46,NORMA-10530,792
46,NORMA-19220,793
46,NORMA-357,794
46,NORMA-18378,795
46,NORMA-19427,796
46,NORMA-28981,797
46,NORMA-19821,798
46,NORMA-19627,799
46,NORMA-20721,800
46,NORMA-20108,801
46,NORMA-19500,802
46,NORMA-4909,803
46,NORMA-18430,804
46,NORMA-974,805
46,NORMA-21606,806
46,NORMA-21381,807
46,NORMA-18248,808
46,NORMA-6753,809
46,NORMA-18241,810
46,NORMA-19895,811
46,NORMA-9893,812
46,NORMA-20607,813
46,NORMA-219,814
46,NORMA-13470,815
46,NORMA-3968,816
46,NORMA-6048,817
46,NORMA-19371,818
46,NORMA-21461,819
46,NORMA-18332,820
46,NORMA-18364,821
46,NORMA-20050,822
46,NORMA-20598,823
46,NORMA-21524,824
46,NORMA-21206,825
46,NORMA-12956,826
46,NORMA-20586,827
46,NORMA-21231,828
46,NORMA-4203,829
46,NORMA-11920,830
46,NORMA-6197,831
46,NORMA-6636,832
46,NORMA-20079,833
46,NORMA-11774,834
46,NORMA-75,835
46,NORMA-18615,836
46,NORMA-4275,837
46,NORMA-20853,838
46,NORMA-21628,839
46,NORMA-18839,840
46,NORMA-18286,841
46,NORMA-3760,842
46,NORMA-12522,843
46,NORMA-27044,844
46,NORMA-31922,845
46,NORMA-21229,846
46,NORMA-18365,847
46,NORMA-21185,848
46,NORMA-4531,849
46,NORMA-11668,850
46,NORMA-18382,851
46,NORMA-20646,852
46,NORMA-12039,853
46,NORMA-19209,854
46,NORMA-18651,855
46,NORMA-21194,856
46,NORMA-3494,857
46,NORMA-20043,858
46,NORMA-21223,859
46,NORMA-1603,860
46,NORMA-24583,861
46,NORMA-555,862
46,NORMA-5016,863
46,NORMA-21748,864
46,NORMA-20435,865
46,NORMA-14369,866
46,NORMA-27582,867
46,NORMA-11474,868
46,NORMA-21177,869
46,NORMA-15151,870
46,NORMA-11596,871
46,NORMA-13024,872
46,NORMA-18656,873
46,NORMA-10029,874
46,NORMA-20931,875
46,NORMA-14346,876
46,NORMA-20423,877
46,NORMA-20724,878
46,NORMA-11527,879
46,NORMA-20660,880
46,NORMA-9871,881
46,NORMA-1223,882
46,NORMA-4424,883
46,NORMA-11757,884
46,NORMA-13116,885
46,NORMA-15092,886
46,NORMA-11050,887
46,NORMA-6568,888
46,NORMA-4360,889
46,NORMA-1649,890
46,NORMA-12798,891
46,NORMA-8434,892
46,NORMA-20623,893
46,NORMA-19812,894
46,NORMA-13195,895
46,NORMA-19381,896
46,NORMA-17321,897
46,NORMA-7027,898
46,NORMA-20060,899
46,NORMA-20382,900
46,NORMA-18230,901
46,NORMA-8192,902
46,NORMA-7233,903
46,NORMA-7497,904
46,NORMA-21629,905
46,NORMA-20619,906
46,NORMA-5419,907
46,NORMA-3936,908
46,NORMA-4444,909
46,NORMA-28961,910
46,NORMA-19883,911
46,NORMA-19028,912
46,NORMA-19959,913
46,NORMA-18311,914
46,NORMA-20371,915
46,NORMA-9888,916
46,NORMA-12029,917
46,NORMA-20976,918
46,NORMA-14868,919
46,NORMA-20402,920
46,NORMA-28821,921
46,NORMA-19839,922
46,NORMA-13419,923
46,NORMA-21627,924
46,NORMA-19211,925
46,NORMA-6958,926
46,NORMA-19394,927
46,NORMA-4702,928
46,NORMA-21236,929
46,NORMA-5735,930
46,NORMA-19413,931
46,NORMA-18691,932
46,NORMA-21196,933
46,NORMA-14251,934
46,NORMA-3900,935
46,NORMA-1689,936
46,NORMA-12739,937
46,NORMA-19600,938
46,NORMA-20220,939
46,NORMA-5229,940
46,NORMA-5567,941
46,NORMA-6669,942
46,NORMA-11476,943
46,NORMA-18428,944
46,NORMA-21047,945
46,NORMA-6711,946
46,NORMA-8458,947
46,NORMA-2126,948
46,NORMA-18214,949
46,NORMA-21341,950
46,NORMA-21157,951
46,NORMA-20282,952
46,NORMA-18966,953
46,NORMA-5348,954
46,NORMA-15143,955
46,NORMA-2483,956
46,NORMA-7526,957
46,NORMA-9595,958
46,NORMA-17801,959
46,NORMA-20668,960
46,NORMA-21110,961
46,NORMA-19536,962
46,NORMA-4549,963
46,NORMA-21439,964
46,NORMA-7381,965
46,NORMA-11798,966
46,NORMA-11736,967
46,NORMA-21394,968
46,NORMA-2091,969
46,NORMA-19804,970
46,NORMA-16424,971
46,NORMA-8012,972
46,NORMA-658,973
46,NORMA-1175,974
46,NORMA-20268,975
46,NORMA-11607,976
46,NORMA-4104,977
46,NORMA-396,978
46,NORMA-9212,979
46,NORMA-18649,980
46,NORMA-14626,981
46,NORMA-13583,982
46,NORMA-13181,983
46,NORMA-7848,984
46,NORMA-4458,985
46,NORMA-18500,986
46,NORMA-1171,987
46,NORMA-20070,988
46,NORMA-19297,989
46,NORMA-21255,990
46,NORMA-1985,991
46,NORMA-12721,992
46,NORMA-8526,993
46,NORMA-21199,994
46,NORMA-6354,995
46,NORMA-20040,996
46,NORMA-19472,997
46,NORMA-21451,998
46,NORMA-3962,999
46,NORMA-21221,1000
47,NORMA-1291,1
47,NORMA-749,2
47,NORMA-1416,3
47,NORMA-1966,4
47,NORMA-1072,5
47,NORMA-2146,6
47,NORMA-968,7
47,NORMA-1239,8
47,NORMA-1085,9
47,NORMA-1046,10
47,NORMA-224,11
47,NORMA-618,12
47,NORMA-2046,13
47,NORMA-579,14
47,NORMA-2567,15
47,NORMA-2069,16
47,NORMA-1212,17
47,NORMA-1317,18
47,NORMA-2066,19
47,NORMA-834,20
47,NORMA-509,21
47,NORMA-754,22
47,NORMA-1002,23
47,NORMA-2089,24
47,NORMA-643,25
47,NORMA-766,26
47,NORMA-1250,27
47,NORMA-878,28
47,NORMA-594,29
47,NORMA-2064,30
47,NORMA-2559,31
47,NORMA-82,32
47,NORMA-1840,33
47,NORMA-75,34
47,NORMA-571,35
47,NORMA-1786,36
47,NORMA-2091,37
47,NORMA-2103,38
47,NORMA-1998,39
47,NORMA-1224,40
47,NORMA-1641,41
47,NORMA-220,42
47,NORMA-1426,43
47,NORMA-2478,44
47,NORMA-228,45
47,NORMA-889,46
47,NORMA-1321,47
47,NORMA-736,48
47,NORMA-2032,49
47,NORMA-19666,50
47,NORMA-1390,51
47,NORMA-2425,52
47,NORMA-751,53
47,NORMA-15541,54
47,NORMA-2546,55
47,NORMA-798,56
47,NORMA-1188,57
47,NORMA-19676,58
47,NORMA-2371,59
47,NORMA-29165,60
47,NORMA-2184,61
47,NORMA-122,62
47,NORMA-2011,63
47,NORMA-1138,64
47,NORMA-21760,65
47,NORMA-555,66
47,NORMA-215,67
47,NORMA-21607,68
47,NORMA-15882,69
47,NORMA-1295,70
47,NORMA-1341,71
47,NORMA-15881,72
47,NORMA-976,73
47,NORMA-18226,74
47,NORMA-2010,75
47,NORMA-19456,76
47,NORMA-974,77
47,NORMA-1,78
47,NORMA-3381,79
47,NORMA-1433,80
47,NORMA-1463,81
47,NORMA-19257,82
47,NORMA-20215,83
47,NORMA-1534,84
47,NORMA-1516,85
47,NORMA-385,86
47,NORMA-61,87
47,NORMA-943,88
47,NORMA-477,89
47,NORMA-1147,90
47,NORMA-60,91
47,NORMA-1674,92
47,NORMA-14898,93
47,NORMA-503,94
47,NORMA-21725,95
47,NORMA-19293,96
47,NORMA-113,97
47,NORMA-332,98
47,NORMA-1222,99
47,NORMA-1274,100
47,NORMA-1421,101
47,NORMA-972,102
47,NORMA-124,103
47,NORMA-21227,104
47,NORMA-3382,105
47,NORMA-19380,106
47,NORMA-1689,107
47,NORMA-680,108
47,NORMA-21305,109
47,NORMA-1447,110
47,NORMA-15581,111
47,NORMA-26201,112
47,NORMA-1994,113
47,NORMA-19359,114
47,NORMA-802,115
47,NORMA-15542,116
47,NORMA-21315,117
47,NORMA-2018,118
47,NORMA-221,119
47,NORMA-11568,120
47,NORMA-2543,121
47,NORMA-2563,122
47,NORMA-554,123
47,NORMA-59,124
47,NORMA-1471,125
47,NORMA-660,126
47,NORMA-801,127
47,NORMA-2185,128
47,NORMA-2140,129
47,NORMA-1611,130
47,NORMA-15521,131
47,NORMA-18879,132
47,NORMA-18958,133
47,NORMA-21525,134
47,NORMA-783,135
47,NORMA-27555,136
47,NORMA-1620,137
47,NORMA-8803,138
47,NORMA-19311,139
47,NORMA-2013,140
47,NORMA-21524,141
47,NORMA-19307,142
47,NORMA-2623,143
47,NORMA-818,144
47,NORMA-1342,145
47,NORMA-18206,146
47,NORMA-18991,147
47,NORMA-12105,148
47,NORMA-15561,149
47,NORMA-76,150
47,NORMA-20931,151
47,NORMA-21589,152
47,NORMA-1613,153
47,NORMA-2455,154
47,NORMA-3201,155
47,NORMA-15603,156
47,NORMA-77,157
47,NORMA-483,158
47,NORMA-13004,159
47,NORMA-909,160
47,NORMA-159,161
47,NORMA-567,162
47,NORMA-265,163
47,NORMA-18961,164
47,NORMA-789,165
47,NORMA-3281,166
47,NORMA-18541,167
47,NORMA-19485,168
47,NORMA-18345,169
47,NORMA-18403,170
47,NORMA-704,171
47,NORMA-19724,172
47,NORMA-9188,173
47,NORMA-18379,174
47,NORMA-21731,175
47,NORMA-1313,176
47,NORMA-19649,177
47,NORMA-11476,178
47,NORMA-18432,179
47,NORMA-18827,180
47,NORMA-1024,181
47,NORMA-28181,182
47,NORMA-21741,183
47,NORMA-219,184
47,NORMA-18537,185
47,NORMA-218,186
47,NORMA-21527,187
47,NORMA-15701,188
47,NORMA-2424,189
47,NORMA-15901,190
47,NORMA-21123,191
47,NORMA-1740,192
47,NORMA-28362,193
47,NORMA-19665,194
47,NORMA-8281,195
47,NORMA-18412,196
47,NORMA-21314,197
47,NORMA-21682,198
47,NORMA-21758,199
47,NORMA-19354,200
47,NORMA-19554,201
47,NORMA-18859,202
47,NORMA-21339,203
47,NORMA-1573,204
47,NORMA-21154,205
47,NORMA-21230,206
47,NORMA-923,207
47,NORMA-1663,208
47,NORMA-361,209
47,NORMA-217,210
47,NORMA-13160,211
47,NORMA-19131,212
47,NORMA-19184,213
47,NORMA-13508,214
47,NORMA-229,215
47,NORMA-2158,216
47,NORMA-19651,217
47,NORMA-21702,218
47,NORMA-28961,219
47,NORMA-18359,220
47,NORMA-18233,221
47,NORMA-19486,222
47,NORMA-15921,223
47,NORMA-20974,224
47,NORMA-309,225
47,NORMA-20861,226
47,NORMA-19028,227
47,NORMA-19107,228
47,NORMA-21139,229
47,NORMA-18439,230
47,NORMA-18622,231
47,NORMA-6366,232
47,NORMA-9821,233
47,NORMA-3241,234
47,NORMA-17321,235
47,NORMA-18811,236
47,NORMA-20906,237
47,NORMA-19659,238
47,NORMA-835,239
47,NORMA-1406,240
47,NORMA-19249,241
47,NORMA-19523,242
47,NORMA-21071,243
47,NORMA-18724,244
47,NORMA-535,245
47,NORMA-21765,246
47,NORMA-21552,247
47,NORMA-10779,248
47,NORMA-19647,249
47,NORMA-2517,250
47,NORMA-19031,251
47,NORMA-28422,252
47,NORMA-9712,253
47,NORMA-18506,254
47,NORMA-11804,255
47,NORMA-11805,256
47,NORMA-20232,257
47,NORMA-5154,258
47,NORMA-3722,259
47,NORMA-20281,260
47,NORMA-18342,261
47,NORMA-18823,262
47,NORMA-6630,263
47,NORMA-19575,264
47,NORMA-913,265
47,NORMA-2,266
47,NORMA-1535,267
47,NORMA-19507,268
47,NORMA-19373,269
47,NORMA-560,270
47,NORMA-4712,271
47,NORMA-6967,272
47,NORMA-19497,273
47,NORMA-27101,274
47,NORMA-12039,275
47,NORMA-5886,276
47,NORMA-15159,277
47,NORMA-11864,278
47,NORMA-19906,279
47,NORMA-3001,280
47,NORMA-18229,281
47,NORMA-19233,282
47,NORMA-9846,283
47,NORMA-18880,284
47,NORMA-20740,285
47,NORMA-570,286
47,NORMA-19468,287
47,NORMA-12886,288
47,NORMA-19019,289
47,NORMA-20476,290
47,NORMA-9710,291
47,NORMA-14990,292
47,NORMA-21668,293
47,NORMA-18350,294
47,NORMA-5338,295
47,NORMA-20973,296
47,NORMA-12089,297
47,NORMA-19383,298
47,NORMA-3261,299
47,NORMA-9852,300
47,NORMA-20468,301
47,NORMA-208,302
47,NORMA-6456,303
47,NORMA-838,304
47,NORMA-18955,305
47,NORMA-938,306
47,NORMA-21561,307
47,NORMA-19804,308
47,NORMA-11588,309
47,NORMA-20366,310
47,NORMA-18925,311
47,NORMA-207,312
47,NORMA-12664,313
47,NORMA-14001,314
47,NORMA-18492,315
47,NORMA-2005,316
47,NORMA-14788,317
47,NORMA-19637,318
47,NORMA-12306,319
47,NORMA-25201,320
47,NORMA-21756,321
47,NORMA-20937,322
47,NORMA-20501,323
47,NORMA-10994,324
47,NORMA-20490,325
47,NORMA-20487,326
47,NORMA-6672,327
47,NORMA-10028,328
47,NORMA-2579,329
47,NORMA-19358,330
47,NORMA-11628,331
47,NORMA-20800,332
47,NORMA-20087,333
47,NORMA-1999,334
47,NORMA-588,335
47,NORMA-587,336
47,NORMA-11472,337
47,NORMA-5536,338
47,NORMA-12827,339
47,NORMA-9854,340
47,NORMA-18772,341
47,NORMA-18502,342
47,NORMA-9928,343
47,NORMA-4458,344
47,NORMA-22941,345
47,NORMA-21789,346
47,NORMA-20482,347
47,NORMA-20488,348
47,NORMA-595,349
47,NORMA-7228,350
47,NORMA-20784,351
47,NORMA-18877,352
47,NORMA-19259,353
47,NORMA-6709,354
47,NORMA-6959,355
47,NORMA-20480,356
47,NORMA-19152,357
47,NORMA-21086,358
47,NORMA-21052,359
47,NORMA-3687,360
47,NORMA-21224,361
47,NORMA-20503,362
47,NORMA-18414,363
47,NORMA-20477,364
47,NORMA-12165,365
47,NORMA-19306,366
47,NORMA-12323,367
47,NORMA-9822,368
47,NORMA-20254,369
47,NORMA-12113,370
47,NORMA-20473,371
47,NORMA-19181,372
47,NORMA-19327,373
47,NORMA-6856,374
47,NORMA-4330,375
47,NORMA-14054,376
47,NORMA-4091,377
47,NORMA-18230,378
47,NORMA-19397,379
47,NORMA-19897,380
47,NORMA-20451,381
47,NORMA-18694,382
47,NORMA-18976,383
47,NORMA-21739,384
47,NORMA-12877,385
47,NORMA-10045,386
47,NORMA-18520,387
47,NORMA-1407,388
47,NORMA-9792,389
47,NORMA-4412,390
47,NORMA-6955,391
47,NORMA-19308,392
47,NORMA-21382,393
47,NORMA-13195,394
47,NORMA-20389,395
47,NORMA-19657,396
47,NORMA-7651,397
47,NORMA-18438,398
47,NORMA-6645,399
47,NORMA-19173,400
47,NORMA-18933,401
47,NORMA-10118,402
47,NORMA-18583,403
47,NORMA-20250,404
47,NORMA-20986,405
47,NORMA-4219,406
47,NORMA-19856,407
47,NORMA-19916,408
47,NORMA-1179,409
47,NORMA-19851,410
47,NORMA-11417,411
47,NORMA-27022,412
47,NORMA-1851,413
47,NORMA-222,414
47,NORMA-19556,415
47,NORMA-21238,416
47,NORMA-19893,417
47,NORMA-24582,418
47,NORMA-11751,419
47,NORMA-6509,420
47,NORMA-21522,421
47,NORMA-21506,422
47,NORMA-16382,423
47,NORMA-21173,424
47,NORMA-833,425
47,NORMA-21484,426
47,NORMA-4818,427
47,NORMA-6954,428
47,NORMA-1606,429
47,NORMA-21553,430
47,NORMA-20085,431
47,NORMA-20381,432
47,NORMA-10708,433
47,NORMA-20959,434
47,NORMA-20801,435
47,NORMA-6082,436
47,NORMA-20289,437
47,NORMA-12657,438
47,NORMA-18838,439
47,NORMA-21468,440
47,NORMA-21715,441
47,NORMA-9823,442
47,NORMA-18510,443
47,NORMA-11888,444
47,NORMA-6398,445
47,NORMA-18803,446
47,NORMA-20912,447
47,NORMA-9384,448
47,NORMA-21195,449
47,NORMA-21226,450
47,NORMA-20374,451
47,NORMA-20940,452
47,NORMA-9677,453
47,NORMA-19617,454
47,NORMA-20465,455
47,NORMA-19014,456
47,NORMA-20369,457
47,NORMA-18224,458
47,NORMA-23381,459
47,NORMA-14278,460
47,NORMA-18654,461
47,NORMA-6670,462
47,NORMA-18356,463
47,NORMA-7488,464
47,NORMA-19309,465
47,NORMA-20110,466
47,NORMA-5420,467
47,NORMA-19898,468
47,NORMA-19232,469
47,NORMA-11774,470
47,NORMA-19805,471
47,NORMA-18377,472
47,NORMA-21496,473
47,NORMA-11730,474
47,NORMA-21752,475
47,NORMA-11729,476
47,NORMA-18762,477
47,NORMA-20505,478
47,NORMA-7525,479
47,NORMA-28001,480
47,NORMA-18773,481
47,NORMA-18709,482
47,NORMA-19310,483
47,NORMA-19430,484
47,NORMA-11573,485
47,NORMA-3968,486
47,NORMA-6316,487
47,NORMA-18325,488
47,NORMA-19095,489
47,NORMA-6181,490
47,NORMA-6505,491
47,NORMA-21211,492
47,NORMA-18822,493
47,NORMA-18328,494
47,NORMA-18876,495
47,NORMA-21253,496
47,NORMA-20892,497
47,NORMA-18935,498
47,NORMA-7241,499
47,NORMA-11608,500
47,NORMA-11471,501
47,NORMA-18735,502
47,NORMA-2558,503
47,NORMA-19849,504
47,NORMA-18214,505
47,NORMA-23564,506
47,NORMA-4631,507
47,NORMA-11496,508
47,NORMA-9647,509
47,NORMA-11514,510
47,NORMA-11626,511
47,NORMA-20646,512
47,NORMA-21535,513
47,NORMA-18757,514
47,NORMA-3642,515
47,NORMA-19806,516
47,NORMA-20846,517
47,NORMA-7110,518
47,NORMA-11600,519
47,NORMA-7021,520
47,NORMA-18208,521
47,NORMA-21046,522
47,NORMA-4583,523
47,NORMA-20961,524
47,NORMA-14985,525
47,NORMA-9831,526
47,NORMA-19631,527
47,NORMA-19786,528
47,NORMA-21336,529
47,NORMA-21609,530
47,NORMA-19353,531
47,NORMA-20579,532
47,NORMA-13106,533
47,NORMA-6948,534
47,NORMA-21453,535
47,NORMA-18343,536
47,NORMA-21680,537
47,NORMA-19315,538
47,NORMA-19362,539
47,NORMA-18899,540
47,NORMA-21267,541
47,NORMA-8750,542
47,NORMA-18549,543
47,NORMA-19980,544
47,NORMA-20578,545
47,NORMA-21705,546
47,NORMA-20474,547
47,NORMA-20388,548
47,NORMA-19032,549
47,NORMA-21244,550
47,NORMA-21158,551
47,NORMA-8028,552
47,NORMA-21159,553
47,NORMA-21783,554
47,NORMA-18534,555
47,NORMA-18364,556
47,NORMA-6439,557
47,NORMA-20605,558
47,NORMA-21196,559
47,NORMA-18746,560
47,NORMA-19895,561
47,NORMA-12872,562
47,NORMA-7466,563
47,NORMA-20723,564
47,NORMA-18319,565
47,NORMA-18844,566
47,NORMA-20358,567
47,NORMA-13954,568
47,NORMA-14661,569
47,NORMA-18556,570
47,NORMA-20790,571
47,NORMA-21383,572
47,NORMA-7279,573
47,NORMA-19597,574
47,NORMA-7381,575
47,NORMA-18247,576
47,NORMA-14459,577
47,NORMA-20055,578
47,NORMA-21639,579
47,NORMA-19905,580
47,NORMA-6971,581
47,NORMA-19789,582
47,NORMA-18375,583
47,NORMA-6249,584
47,NORMA-18888,585
47,NORMA-14463,586
47,NORMA-7025,587
47,NORMA-19436,588
47,NORMA-6641,589
47,NORMA-20257,590
47,NORMA-21488,591
47,NORMA-21661,592
47,NORMA-9297,593
47,NORMA-19981,594
47,NORMA-9893,595
47,NORMA-19081,596
47,NORMA-20316,597
47,NORMA-4909,598
47,NORMA-21627,599
47,NORMA-18897,600
47,NORMA-20999,601
47,NORMA-18937,602
47,NORMA-20902,603
47,NORMA-5184,604
47,NORMA-20303,605
47,NORMA-10729,606
47,NORMA-18707,607
47,NORMA-33288,608
47,NORMA-21248,609
47,NORMA-13480,610
47,NORMA-20104,611
47,NORMA-21384,612
47,NORMA-4587,613
47,NORMA-33308,614
47,NORMA-6257,615
47,NORMA-20206,616
47,NORMA-6958,617
47,NORMA-21272,618
47,NORMA-21210,619
47,NORMA-19611,620
47,NORMA-11516,621
47,NORMA-20189,622
47,NORMA-6318,623
47,NORMA-11570,624
47,NORMA-20376,625
47,NORMA-21723,626
47,NORMA-18981,627
47,NORMA-21313,628
47,NORMA-19803,629
47,NORMA-19393,630
47,NORMA-21588,631
47,NORMA-21530,632
47,NORMA-19021,633
47,NORMA-21256,634
47,NORMA-19557,635
47,NORMA-21028,636
47,NORMA-21515,637
47,NORMA-20914,638
47,NORMA-16268,639
47,NORMA-21023,640
47,NORMA-3342,641
47,NORMA-6757,642
47,NORMA-21653,643
47,NORMA-5225,644
47,NORMA-11722,645
47,NORMA-19792,646
47,NORMA-19390,647
47,NORMA-21401,648
47,NORMA-18963,649
47,NORMA-4515,650
47,NORMA-18788,651
47,NORMA-6083,652
47,NORMA-18688,653
47,NORMA-19352,654
47,NORMA-18219,655
47,NORMA-21419,656
47,NORMA-20086,657
47,NORMA-18237,658
47,NORMA-20422,659
47,NORMA-12161,660
47,NORMA-6321,661
47,NORMA-14279,662
47,NORMA-19715,663
47,NORMA-18797,664
47,NORMA-19749,665
47,NORMA-21537,666
47,NORMA-21235,667
47,NORMA-21437,668
47,NORMA-21713,669
47,NORMA-6621,670
47,NORMA-21625,671
47,NORMA-689,672
47,NORMA-11567,673
47,NORMA-14239,674
47,NORMA-18706,675
47,NORMA-7953,676
47,NORMA-19212,677
47,NORMA-7194,678
47,NORMA-18690,679
47,NORMA-18501,680
47,NORMA-20038,681
47,NORMA-19406,682
47,NORMA-27342,683
47,NORMA-20803,684
47,NORMA-21152,685
47,NORMA-6245,686
47,NORMA-18458,687
47,NORMA-19376,688
47,NORMA-21541,689
47,NORMA-3638,690
47,NORMA-15237,691
47,NORMA-20802,692
47,NORMA-19607,693
47,NORMA-15211,694
47,NORMA-4586,695
47,NORMA-20371,696
47,NORMA-21470,697
47,NORMA-12952,698
47,NORMA-24601,699
47,NORMA-18454,700
47,NORMA-12067,701
47,NORMA-10117,702
47,NORMA-21223,703
47,NORMA-7384,704
47,NORMA-4514,705
47,NORMA-23361,706
47,NORMA-20603,707
47,NORMA-18978,708
47,NORMA-21367,709
47,NORMA-11655,710
47,NORMA-6679,711
47,NORMA-20096,712
47,NORMA-19841,713
47,NORMA-33728,714
47,NORMA-21523,715
47,NORMA-27981,716
47,NORMA-11144,717
47,NORMA-18216,718
47,NORMA-18394,719
47,NORMA-20706,720
47,NORMA-27521,721
47,NORMA-21150,722
47,NORMA-21776,723
47,NORMA-27761,724
47,NORMA-6669,725
47,NORMA-6644,726
47,NORMA-31923,727
47,NORMA-18565,728
47,NORMA-18998,729
47,NORMA-21231,730
47,NORMA-18780,731
47,NORMA-5421,732
47,NORMA-4711,733
47,NORMA-20494,734
47,NORMA-20050,735
47,NORMA-21262,736
47,NORMA-20407,737
47,NORMA-4075,738
47,NORMA-6962,739
47,NORMA-14673,740
47,NORMA-18446,741
47,NORMA-462,742
47,NORMA-16202,743
47,NORMA-20398,744
47,NORMA-21386,745
47,NORMA-21533,746
47,NORMA-19290,747
47,NORMA-21236,748
47,NORMA-21291,749
47,NORMA-11316,750
47,NORMA-18916,751
47,NORMA-20865,752
47,NORMA-8027,753
47,NORMA-7011,754
47,NORMA-19667,755
47,NORMA-18298,756
47,NORMA-6698,757
47,NORMA-20385,758
47,NORMA-21275,759
47,NORMA-18225,760
47,NORMA-4830,761
47,NORMA-18462,762
47,NORMA-20941,763
47,NORMA-21344,764
47,NORMA-21218,765
47,NORMA-21252,766
47,NORMA-20405,767
47,NORMA-4746,768
47,NORMA-4423,769
47,NORMA-6673,770
47,NORMA-21647,771
47,NORMA-6636,772
47,NORMA-13323,773
47,NORMA-20349,774
47,NORMA-14498,775
47,NORMA-21357,776
47,NORMA-18205,777
47,NORMA-4275,778
47,NORMA-20382,779
47,NORMA-20428,780
47,NORMA-4588,781
47,NORMA-29005,782
47,NORMA-19618,783
47,NORMA-14937,784
47,NORMA-19844,785
47,NORMA-13158,786
47,NORMA-19580,787
47,NORMA-6881,788
47,NORMA-19260,789
47,NORMA-6701,790
47,NORMA-19957,791
47,NORMA-7280,792
47,NORMA-19274,793
47,NORMA-20396,794
47,NORMA-9382,795
47,NORMA-6627,796
47,NORMA-11469,797
47,NORMA-19416,798
47,NORMA-10531,799
47,NORMA-21477,800
47,NORMA-20877,801
47,NORMA-6643,802
47,NORMA-21293,803
47,NORMA-11474,804
47,NORMA-9834,805
47,NORMA-18217,806
47,NORMA-21417,807
47,NORMA-21254,808
47,NORMA-19398,809
47,NORMA-19770,810
47,NORMA-21020,811
47,NORMA-20402,812
47,NORMA-20223,813
47,NORMA-20885,814
47,NORMA-18819,815
47,NORMA-11527,816
47,NORMA-19431,817
47,NORMA-11599,818
47,NORMA-6753,819
47,NORMA-18266,820
47,NORMA-10116,821
47,NORMA-20183,822
47,NORMA-8384,823
47,NORMA-6185,824
47,NORMA-21114,825
47,NORMA-19297,826
47,NORMA-10375,827
47,NORMA-18806,828
47,NORMA-11632,829
47,NORMA-21430,830
47,NORMA-20180,831
47,NORMA-13469,832
47,NORMA-21638,833
47,NORMA-18942,834
47,NORMA-10931,835
47,NORMA-6957,836
47,NORMA-18444,837
47,NORMA-20581,838
47,NORMA-10629,839
47,NORMA-20985,840
47,NORMA-11605,841
47,NORMA-21592,842
47,NORMA-12910,843
47,NORMA-4425,844
47,NORMA-18967,845
47,NORMA-20917,846
47,NORMA-21413,847
47,NORMA-21644,848
47,NORMA-25902,849
47,NORMA-19328,850
47,NORMA-18536,851
47,NORMA-18826,852
47,NORMA-20359,853
47,NORMA-20062,854
47,NORMA-20197,855
47,NORMA-20557,856
47,NORMA-20137,857
47,NORMA-20789,858
47,NORMA-8522,859
47,NORMA-19658,860
47,NORMA-6702,861
47,NORMA-18424,862
47,NORMA-7326,863
47,NORMA-21579,864
47,NORMA-7351,865
47,NORMA-13029,866
47,NORMA-9147,867
47,NORMA-11300,868
47,NORMA-552,869
47,NORMA-72,870
47,NORMA-796,871
47,NORMA-1009,872
47,NORMA-6199,873
47,NORMA-23721,874
47,NORMA-6720,875
47,NORMA-1960,876
47,NORMA-925,877
47,NORMA-1084,878
47,NORMA-9898,879
47,NORMA-1552,880
47,NORMA-1199,881
47,NORMA-1380,882
47,NORMA-716,883
47,NORMA-1137,884
47,NORMA-2025,885
47,NORMA-2435,886
47,NORMA-2578,887
47,NORMA-473,888
47,NORMA-18479,889
47,NORMA-2501,890
47,NORMA-2492,891
47,NORMA-2509,892
47,NORMA-2562,893
47,NORMA-2521,894
47,NORMA-2592,895
47,NORMA-2508,896
47,NORMA-2503,897
47,NORMA-1510,898
47,NORMA-573,899
47,NORMA-4817,900
47,NORMA-5408,901
47,NORMA-1512,902
47,NORMA-250,903
47,NORMA-1256,904
47,NORMA-3632,905
47,NORMA-576,906
47,NORMA-1965,907
47,NORMA-12228,908
47,NORMA-5334,909
47,NORMA-780,910
47,NORMA-1288,911
47,NORMA-2568,912
47,NORMA-21126,913
47,NORMA-6623,914
47,NORMA-2076,915
47,NORMA-5097,916
47,NORMA-12014,917
47,NORMA-12234,918
47,NORMA-760,919
47,NORMA-12989,920
47,NORMA-5363,921
47,NORMA-2453,922
47,NORMA-21431,923
47,NORMA-5096,924
47,NORMA-2589,925
47,NORMA-12232,926
47,NORMA-705,927
47,NORMA-4942,928
47,NORMA-7821,929
47,NORMA-18542,930
47,NORMA-144,931
47,NORMA-4893,932
47,NORMA-2181,933
47,NORMA-607,934
47,NORMA-6443,935
47,NORMA-5268,936
47,NORMA-3966,937
47,NORMA-4202,938
47,NORMA-2022,939
47,NORMA-2177,940
47,NORMA-2034,941
47,NORMA-634,942
47,NORMA-253,943
47,NORMA-11927,944
47,NORMA-1155,945
47,NORMA-1423,946
47,NORMA-7422,947
47,NORMA-314,948
47,NORMA-2119,949
47,NORMA-1006,950
47,NORMA-3738,951
47,NORMA-8448,952
47,NORMA-252,953
47,NORMA-8126,954
47,NORMA-2276,955
47,NORMA-11631,956
47,NORMA-2842,957
47,NORMA-1727,958
47,NORMA-8677,959
47,NORMA-2175,960
47,NORMA-5807,961
47,NORMA-856,962
47,NORMA-581,963
47,NORMA-917,964
47,NORMA-18434,965
47,NORMA-1263,966
47,NORMA-7730,967
47,NORMA-1337,968
47,NORMA-1141,969
47,NORMA-8680,970
47,NORMA-1289,971
47,NORMA-4555,972
47,NORMA-12006,973
47,NORMA-21519,974
47,NORMA-6211,975
47,NORMA-5843,976
47,NORMA-4801,977
47,NORMA-21775,978
47,NORMA-3652,979
47,NORMA-2016,980
47,NORMA-2143,981
47,NORMA-662,982
47,NORMA-9110,983
47,NORMA-7718,984
47,NORMA-5955,985
47,NORMA-6578,986
47,NORMA-4565,987
47,NORMA-20916,988
47,NORMA-4886,989
47,NORMA-233,990
47,NORMA-4493,991
47,NORMA-10397,992
47,NORMA-2500,993
47,NORMA-8011,994
47,NORMA-4336,995
47,NORMA-4554,996
47,NORMA-8824,997
47,NORMA-7942,998
47,NORMA-14968,999
47,NORMA-7068,1000
48,NORMA-19786,1
48,NORMA-21450,2
48,NORMA-23222,3
48,NORMA-12872,4
48,NORMA-20140,5
48,NORMA-21721,6
48,NORMA-12706,7
48,NORMA-21648,8
48,NORMA-13696,9
48,NORMA-13106,10
48,NORMA-10326,11
48,NORMA-13802,12
48,NORMA-21470,13
48,NORMA-1999,14
48,NORMA-21583,15
48,NORMA-7773,16
48,NORMA-18747,17
48,NORMA-21474,18
48,NORMA-20865,19
48,NORMA-21744,20
48,NORMA-19205,21
48,NORMA-21301,22
48,NORMA-18839,23
48,NORMA-21220,24
48,NORMA-20812,25
48,NORMA-14618,26
48,NORMA-21522,27
48,NORMA-19646,28
48,NORMA-18201,29
48,NORMA-21443,30
48,NORMA-22101,31
48,NORMA-21631,32
48,NORMA-3342,33
48,NORMA-20139,34
48,NORMA-15542,35
48,NORMA-14474,36
48,NORMA-28203,37
48,NORMA-21276,38
48,NORMA-21225,39
48,NORMA-21461,40
48,NORMA-21586,41
48,NORMA-6655,42
48,NORMA-20797,43
48,NORMA-21261,44
48,NORMA-20995,45
48,NORMA-21361,46
48,NORMA-18646,47
48,NORMA-18691,48
48,NORMA-19730,49
48,NORMA-26163,50
48,NORMA-21637,51
48,NORMA-11605,52
48,NORMA-21608,53
48,NORMA-19968,54
48,NORMA-15060,55
48,NORMA-5536,56
48,NORMA-21756,57
48,NORMA-4818,58
48,NORMA-11607,59
48,NORMA-18227,60
48,NORMA-20709,61
48,NORMA-20569,62
48,NORMA-20811,63
48,NORMA-6509,64
48,NORMA-7651,65
48,NORMA-19542,66
48,NORMA-20521,67
48,NORMA-20969,68
48,NORMA-19803,69
48,NORMA-14703,70
48,NORMA-14629,71
48,NORMA-231,72
48,NORMA-21792,73
48,NORMA-4091,74
48,NORMA-18762,75
48,NORMA-20034,76
48,NORMA-20776,77
48,NORMA-21695,78
48,NORMA-15581,79
48,NORMA-20583,80
48,NORMA-9823,81
48,NORMA-21389,82
48,NORMA-19798,83
48,NORMA-18992,84
48,NORMA-21499,85
48,NORMA-1613,86
48,NORMA-15541,87
48,NORMA-13174,88
48,NORMA-19512,89
48,NORMA-28162,90
48,NORMA-21507,91
48,NORMA-3201,92
48,NORMA-20028,93
48,NORMA-18444,94
48,NORMA-12986,95
48,NORMA-2005,96
48,NORMA-31905,97
48,NORMA-19953,98
48,NORMA-20432,99
48,NORMA-21113,100
48,NORMA-12039,101
48,NORMA-11137,102
48,NORMA-20708,103
48,NORMA-21264,104
48,NORMA-18683,105
48,NORMA-21564,106
48,NORMA-19337,107
48,NORMA-20778,108
48,NORMA-3241,109
48,NORMA-20190,110
48,NORMA-7095,111
48,NORMA-4943,112
48,NORMA-4862,113
48,NORMA-18248,114
48,NORMA-20002,115
48,NORMA-21729,116
48,NORMA-28102,117
48,NORMA-28181,118
48,NORMA-21630,119
48,NORMA-20201,120
48,NORMA-20841,121
48,NORMA-9316,122
48,NORMA-28201,123
48,NORMA-15061,124
48,NORMA-20199,125
48,NORMA-18815,126
48,NORMA-23841,127
48,NORMA-27688,128
48,NORMA-26564,129
48,NORMA-25524,130
48,NORMA-25203,131
48,NORMA-23621,132
48,NORMA-25262,133
48,NORMA-25141,134
48,NORMA-27081,135
48,NORMA-27021,136
48,NORMA-29023,137
48,NORMA-27901,138
48,NORMA-27605,139
48,NORMA-26886,140
48,NORMA-18989,141
48,NORMA-28581,142
48,NORMA-27421,143
48,NORMA-12344,144
48,NORMA-25205,145
48,NORMA-36,146
48,NORMA-21789,147
48,NORMA-20200,148
48,NORMA-19427,149
48,NORMA-3472,150
48,NORMA-21121,151
48,NORMA-19134,152
48,NORMA-26421,153
48,NORMA-14389,154
48,NORMA-27623,155
48,NORMA-11742,156
48,NORMA-20609,157
48,NORMA-19520,158
48,NORMA-21226,159
48,NORMA-19292,160
48,NORMA-12165,161
48,NORMA-27550,162
48,NORMA-5252,163
48,NORMA-8701,164
48,NORMA-18750,165
48,NORMA-6677,166
48,NORMA-31923,167
48,NORMA-20402,168
48,NORMA-8435,169
48,NORMA-19384,170
48,NORMA-19634,171
48,NORMA-19589,172
48,NORMA-18221,173
48,NORMA-31903,174
48,NORMA-21538,175
48,NORMA-18685,176
48,NORMA-15701,177
48,NORMA-18967,178
48,NORMA-7386,179
48,NORMA-21000,180
48,NORMA-9724,181
48,NORMA-20137,182
48,NORMA-19844,183
48,NORMA-6140,184
48,NORMA-7113,185
48,NORMA-20198,186
48,NORMA-15068,187
48,NORMA-26281,188
48,NORMA-18937,189
48,NORMA-7225,190
48,NORMA-21553,191
48,NORMA-14858,192
48,NORMA-21640,193
48,NORMA-28961,194
48,NORMA-13555,195
48,NORMA-6783,196
48,NORMA-12664,197
48,NORMA-18931,198
48,NORMA-7222,199
48,NORMA-21431,200
48,NORMA-14788,201
48,NORMA-20605,202
48,NORMA-634,203
48,NORMA-21131,204
48,NORMA-21367,205
48,NORMA-18806,206
48,NORMA-19303,207
48,NORMA-18688,208
48,NORMA-684,209
48,NORMA-20622,210
48,NORMA-18631,211
48,NORMA-21739,212
48,NORMA-27001,213
48,NORMA-19275,214
48,NORMA-14967,215
48,NORMA-19571,216
48,NORMA-19140,217
48,NORMA-21231,218
48,NORMA-18280,219
48,NORMA-13990,220
48,NORMA-20138,221
48,NORMA-19715,222
48,NORMA-14329,223
48,NORMA-20828,224
48,NORMA-14459,225
48,NORMA-20044,226
48,NORMA-19422,227
48,NORMA-13545,228
48,NORMA-21255,229
48,NORMA-18428,230
48,NORMA-21526,231
48,NORMA-12102,232
48,NORMA-18213,233
48,NORMA-11144,234
48,NORMA-8028,235
48,NORMA-6126,236
48,NORMA-15339,237
48,NORMA-19809,238
48,NORMA-20023,239
48,NORMA-12657,240
48,NORMA-20908,241
48,NORMA-309,242
48,NORMA-15239,243
48,NORMA-883,244
48,NORMA-6505,245
48,NORMA-13476,246
48,NORMA-26701,247
48,NORMA-18565,248
48,NORMA-18998,249
48,NORMA-20239,250
48,NORMA-8931,251
48,NORMA-13918,252
48,NORMA-20468,253
48,NORMA-20558,254
48,NORMA-11454,255
48,NORMA-10267,256
48,NORMA-21521,257
48,NORMA-20108,258
48,NORMA-18332,259
48,NORMA-18988,260
48,NORMA-20164,261
48,NORMA-19477,262
48,NORMA-20580,263
48,NORMA-4631,264
48,NORMA-21776,265
48,NORMA-7110,266
48,NORMA-7525,267
48,NORMA-21238,268
48,NORMA-20861,269
48,NORMA-18385,270
48,NORMA-10890,271
48,NORMA-19096,272
48,NORMA-20924,273
48,NORMA-19553,274
48,NORMA-18816,275
48,NORMA-19919,276
48,NORMA-18910,277
48,NORMA-19641,278
48,NORMA-18859,279
48,NORMA-19249,280
48,NORMA-18842,281
48,NORMA-18605,282
48,NORMA-15211,283
48,NORMA-2375,284
48,NORMA-6948,285
48,NORMA-21626,286
48,NORMA-18284,287
48,NORMA-7149,288
48,NORMA-18224,289
48,NORMA-12067,290
48,NORMA-20921,291
48,NORMA-18427,292
48,NORMA-20079,293
48,NORMA-9384,294
48,NORMA-20705,295
48,NORMA-11417,296
48,NORMA-20565,297
48,NORMA-18494,298
48,NORMA-772,299
48,NORMA-21550,300
48,NORMA-18412,301
48,NORMA-14724,302
48,NORMA-19221,303
48,NORMA-18734,304
48,NORMA-28802,305
48,NORMA-18380,306
48,NORMA-18799,307
48,NORMA-19596,308
48,NORMA-11356,309
48,NORMA-3642,310
48,NORMA-19841,311
48,NORMA-8706,312
48,NORMA-14746,313
48,NORMA-20104,314
48,NORMA-20619,315
48,NORMA-20907,316
48,NORMA-9297,317
48,NORMA-20474,318
48,NORMA-20616,319
48,NORMA-19181,320
48,NORMA-18479,321
48,NORMA-4786,322
48,NORMA-18548,323
48,NORMA-27364,324
48,NORMA-18293,325
48,NORMA-21170,326
48,NORMA-18933,327
48,NORMA-20249,328
48,NORMA-12029,329
48,NORMA-20421,330
48,NORMA-18378,331
48,NORMA-19119,332
48,NORMA-4275,333
48,NORMA-20428,334
48,NORMA-21026,335
48,NORMA-18796,336
48,NORMA-21650,337
48,NORMA-19459,338
48,NORMA-14294,339
48,NORMA-19799,340
48,NORMA-20202,341
48,NORMA-20196,342
48,NORMA-19128,343
48,NORMA-14937,344
48,NORMA-11085,345
48,NORMA-8205,346
48,NORMA-13469,347
48,NORMA-6343,348
48,NORMA-13158,349
48,NORMA-25902,350
48,NORMA-7241,351
48,NORMA-20157,352
48,NORMA-3979,353
48,NORMA-19351,354
48,NORMA-19503,355
48,NORMA-29763,356
48,NORMA-18394,357
48,NORMA-21173,358
48,NORMA-20148,359
48,NORMA-18826,360
48,NORMA-16202,361
48,NORMA-20077,362
48,NORMA-33288,363
48,NORMA-19735,364
48,NORMA-13470,365
48,NORMA-20542,366
48,NORMA-19454,367
48,NORMA-3503,368
48,NORMA-27044,369
48,NORMA-33308,370
48,NORMA-11715,371
48,NORMA-18359,372
48,NORMA-19925,373
48,NORMA-19967,374
48,NORMA-19667,375
48,NORMA-19391,376
48,NORMA-20135,377
48,NORMA-21468,378
48,NORMA-19436,379
48,NORMA-20038,380
48,NORMA-3381,381
48,NORMA-20789,382
48,NORMA-8458,383
48,NORMA-20817,384
48,NORMA-19864,385
48,NORMA-20277,386
48,NORMA-19561,387
48,NORMA-19948,388
48,NORMA-21233,389
48,NORMA-19977,390
48,NORMA-21554,391
48,NORMA-19468,392
48,NORMA-20993,393
48,NORMA-19727,394
48,NORMA-20880,395
48,NORMA-18325,396
48,NORMA-8245,397
48,NORMA-8522,398
48,NORMA-6249,399
48,NORMA-27761,400
48,NORMA-19562,401
48,NORMA-21417,402
48,NORMA-19643,403
48,NORMA-20753,404
48,NORMA-19170,405
48,NORMA-4075,406
48,NORMA-6676,407
48,NORMA-11901,408
48,NORMA-21052,409
48,NORMA-25964,410
48,NORMA-19499,411
48,NORMA-11646,412
48,NORMA-11455,413
48,NORMA-18298,414
48,NORMA-19518,415
48,NORMA-18769,416
48,NORMA-20065,417
48,NORMA-20762,418
48,NORMA-19416,419
48,NORMA-18411,420
48,NORMA-19959,421
48,NORMA-20936,422
48,NORMA-21459,423
48,NORMA-18984,424
48,NORMA-18537,425
48,NORMA-19426,426
48,NORMA-21150,427
48,NORMA-220,428
48,NORMA-11505,429
48,NORMA-19691,430
48,NORMA-5170,431
48,NORMA-14974,432
48,NORMA-23341,433
48,NORMA-21269,434
48,NORMA-21390,435
48,NORMA-1341,436
48,NORMA-18439,437
48,NORMA-20465,438
48,NORMA-2089,439
48,NORMA-20222,440
48,NORMA-6962,441
48,NORMA-21509,442
48,NORMA-11736,443
48,NORMA-18981,444
48,NORMA-19580,445
48,NORMA-20941,446
48,NORMA-19442,447
48,NORMA-20336,448
48,NORMA-18654,449
48,NORMA-18292,450
48,NORMA-7953,451
48,NORMA-7027,452
48,NORMA-21158,453
48,NORMA-21408,454
48,NORMA-18456,455
48,NORMA-7279,456
48,NORMA-20087,457
48,NORMA-21114,458
48,NORMA-19916,459
48,NORMA-18870,460
48,NORMA-21663,461
48,NORMA-11798,462
48,NORMA-19650,463
48,NORMA-19105,464
48,NORMA-21710,465
48,NORMA-21661,466
48,NORMA-2032,467
48,NORMA-19256,468
48,NORMA-18446,469
48,NORMA-20885,470
48,NORMA-1035,471
48,NORMA-19408,472
48,NORMA-2413,473
48,NORMA-12989,474
48,NORMA-21788,475
48,NORMA-21305,476
48,NORMA-2158,477
48,NORMA-13903,478
48,NORMA-6256,479
48,NORMA-6623,480
48,NORMA-21659,481
48,NORMA-13195,482
48,NORMA-18724,483
48,NORMA-15134,484
48,NORMA-19081,485
48,NORMA-14587,486
48,NORMA-18952,487
48,NORMA-20989,488
48,NORMA-19760,489
48,NORMA-21678,490
48,NORMA-21651,491
48,NORMA-20473,492
48,NORMA-7012,493
48,NORMA-18286,494
48,NORMA-18591,495
48,NORMA-18430,496
48,NORMA-19581,497
48,NORMA-21149,498
48,NORMA-21541,499
48,NORMA-18748,500
48,NORMA-19969,501
48,NORMA-970,502
48,NORMA-21446,503
48,NORMA-19328,504
48,NORMA-2091,505
48,NORMA-21224,506
48,NORMA-4711,507
48,NORMA-6749,508
48,NORMA-20225,509
48,NORMA-2,510
48,NORMA-12038,511
48,NORMA-8027,512
48,NORMA-10309,513
48,NORMA-20994,514
48,NORMA-20429,515
48,NORMA-19240,516
48,NORMA-18897,517
48,NORMA-21073,518
48,NORMA-21252,519
48,NORMA-21046,520
48,NORMA-211,521
48,NORMA-14345,522
48,NORMA-8009,523
48,NORMA-21344,524
48,NORMA-20376,525
48,NORMA-13995,526
48,NORMA-20754,527
48,NORMA-21063,528
48,NORMA-21140,529
48,NORMA-7971,530
48,NORMA-21198,531
48,NORMA-20407,532
48,NORMA-205,533
48,NORMA-233,534
48,NORMA-1388,535
48,NORMA-21005,536
48,NORMA-6673,537
48,NORMA-18356,538
48,NORMA-8198,539
48,NORMA-18364,540
48,NORMA-19223,541
48,NORMA-19021,542
48,NORMA-20369,543
48,NORMA-22561,544
48,NORMA-20849,545
48,NORMA-11473,546
48,NORMA-19933,547
48,NORMA-5251,548
48,NORMA-20447,549
48,NORMA-3382,550
48,NORMA-14113,551
48,NORMA-23521,552
48,NORMA-11758,553
48,NORMA-19609,554
48,NORMA-19005,555
48,NORMA-228,556
48,NORMA-20745,557
48,NORMA-15882,558
48,NORMA-20444,559
48,NORMA-19981,560
48,NORMA-20896,561
48,NORMA-15027,562
48,NORMA-20892,563
48,NORMA-18825,564
48,NORMA-1348,565
48,NORMA-11496,566
48,NORMA-232,567
48,NORMA-18681,568
48,NORMA-11632,569
48,NORMA-20460,570
48,NORMA-21274,571
48,NORMA-21028,572
48,NORMA-18583,573
48,NORMA-1222,574
48,NORMA-21515,575
48,NORMA-18732,576
48,NORMA-2517,577
48,NORMA-19387,578
48,NORMA-1620,579
48,NORMA-20359,580
48,NORMA-1994,581
48,NORMA-1840,582
48,NORMA-21409,583
48,NORMA-20382,584
48,NORMA-18414,585
48,NORMA-20720,586
48,NORMA-2727,587
48,NORMA-18709,588
48,NORMA-27341,589
48,NORMA-18934,590
48,NORMA-20398,591
48,NORMA-20717,592
48,NORMA-1846,593
48,NORMA-19526,594
48,NORMA-20794,595
48,NORMA-1909,596
48,NORMA-20603,597
48,NORMA-20209,598
48,NORMA-13480,599
48,NORMA-20098,600
48,NORMA-20919,601
48,NORMA-20985,602
48,NORMA-21273,603
48,NORMA-18396,604
48,NORMA-21547,605
48,NORMA-18492,606
48,NORMA-21514,607
48,NORMA-20448,608
48,NORMA-18753,609
48,NORMA-20351,610
48,NORMA-20321,611
48,NORMA-20435,612
48,NORMA-20459,613
48,NORMA-20047,614
48,NORMA-18345,615
48,NORMA-18729,616
48,NORMA-20480,617
48,NORMA-20357,618
48,NORMA-19862,619
48,NORMA-6880,620
48,NORMA-21573,621
48,NORMA-20342,622
48,NORMA-19110,623
48,NORMA-21023,624
48,NORMA-10200,625
48,NORMA-15521,626
48,NORMA-10107,627
48,NORMA-1534,628
48,NORMA-18950,629
48,NORMA-20103,630
48,NORMA-20594,631
48,NORMA-555,632
48,NORMA-20356,633
48,NORMA-20649,634
48,NORMA-20270,635
48,NORMA-19445,636
48,NORMA-19343,637
48,NORMA-20389,638
48,NORMA-1786,639
48,NORMA-396,640
48,NORMA-21441,641
48,NORMA-20641,642
48,NORMA-18306,643
48,NORMA-20914,644
48,NORMA-21404,645
48,NORMA-12728,646
48,NORMA-21719,647
48,NORMA-19028,648
48,NORMA-20786,649
48,NORMA-18979,650
48,NORMA-28362,651
48,NORMA-12404,652
48,NORMA-7694,653
48,NORMA-1471,654
48,NORMA-21717,655
48,NORMA-19155,656
48,NORMA-20476,657
48,NORMA-20714,658
48,NORMA-7760,659
48,NORMA-4792,660
48,NORMA-4500,661
48,NORMA-18616,662
48,NORMA-13992,663
48,NORMA-9466,664
48,NORMA-8586,665
48,NORMA-7451,666
48,NORMA-21019,667
48,NORMA-12340,668
48,NORMA-14410,669
48,NORMA-10476,670
48,NORMA-11999,671
48,NORMA-10044,672
48,NORMA-14663,673
48,NORMA-10553,674
48,NORMA-9467,675
48,NORMA-1366,676
48,NORMA-14526,677
48,NORMA-14096,678
48,NORMA-8100,679
48,NORMA-20556,680
48,NORMA-2184,681
48,NORMA-8046,682
48,NORMA-21783,683
48,NORMA-4710,684
48,NORMA-13866,685
48,NORMA-17301,686
48,NORMA-6956,687
48,NORMA-75,688
48,NORMA-3281,689
48,NORMA-20505,690
48,NORMA-19639,691
48,NORMA-20700,692
48,NORMA-20499,693
48,NORMA-20422,694
48,NORMA-13988,695
48,NORMA-12302,696
48,NORMA-12002,697
48,NORMA-14235,698
48,NORMA-18603,699
48,NORMA-18237,700
48,NORMA-8054,701
48,NORMA-20604,702
48,NORMA-22221,703
48,NORMA-22121,704
48,NORMA-20650,705
48,NORMA-7498,706
48,NORMA-18780,707
48,NORMA-27642,708
48,NORMA-19133,709
48,NORMA-9803,710
48,NORMA-20067,711
48,NORMA-18474,712
48,NORMA-21402,713
48,NORMA-26661,714
48,NORMA-13044,715
48,NORMA-15336,716
48,NORMA-18822,717
48,NORMA-19883,718
48,NORMA-12767,719
48,NORMA-12325,720
48,NORMA-11621,721
48,NORMA-18360,722
48,NORMA-6713,723
48,NORMA-20949,724
48,NORMA-18208,725
48,NORMA-18434,726
48,NORMA-18788,727
48,NORMA-11771,728
48,NORMA-17482,729
48,NORMA-20646,730
48,NORMA-18219,731
48,NORMA-20928,732
48,NORMA-475,733
48,NORMA-14256,734
48,NORMA-20785,735
48,NORMA-6669,736
48,NORMA-15114,737
48,NORMA-13137,738
48,NORMA-15189,739
48,NORMA-913,740
48,NORMA-14432,741
48,NORMA-13669,742
48,NORMA-21176,743
48,NORMA-14886,744
48,NORMA-18205,745
48,NORMA-18542,746
48,NORMA-20280,747
48,NORMA-19800,748
48,NORMA-13097,749
48,NORMA-13790,750
48,NORMA-17281,751
48,NORMA-15128,752
48,NORMA-20691,753
48,NORMA-799,754
48,NORMA-477,755
48,NORMA-20086,756
48,NORMA-20602,757
48,NORMA-20956,758
48,NORMA-12262,759
48,NORMA-19224,760
48,NORMA-18222,761
48,NORMA-18339,762
48,NORMA-18342,763
48,NORMA-21065,764
48,NORMA-12188,765
48,NORMA-1681,766
48,NORMA-18838,767
48,NORMA-20546,768
48,NORMA-12354,769
48,NORMA-11814,770
48,NORMA-15197,771
48,NORMA-4084,772
48,NORMA-2559,773
48,NORMA-18945,774
48,NORMA-941,775
48,NORMA-11687,776
48,NORMA-18951,777
48,NORMA-22001,778
48,NORMA-18823,779
48,NORMA-18764,780
48,NORMA-20146,781
48,NORMA-19449,782
48,NORMA-21058,783
48,NORMA-20181,784
48,NORMA-937,785
48,NORMA-20111,786
48,NORMA-18797,787
48,NORMA-21634,788
48,NORMA-20991,789
48,NORMA-113,790
48,NORMA-22401,791
48,NORMA-18550,792
48,NORMA-5534,793
48,NORMA-21241,794
48,NORMA-19052,795
48,NORMA-20774,796
48,NORMA-19717,797
48,NORMA-21211,798
48,NORMA-14111,799
48,NORMA-6809,800
48,NORMA-4846,801
48,NORMA-21135,802
48,NORMA-13322,803
48,NORMA-19821,804
48,NORMA-5371,805
48,NORMA-1085,806
48,NORMA-20807,807
48,NORMA-20629,808
48,NORMA-19574,809
48,NORMA-20838,810
48,NORMA-10621,811
48,NORMA-1447,812
48,NORMA-20195,813
48,NORMA-21138,814
48,NORMA-6070,815
48,NORMA-18506,816
48,NORMA-19904,817
48,NORMA-3734,818
48,NORMA-4886,819
48,NORMA-20031,820
48,NORMA-2483,821
48,NORMA-18445,822
48,NORMA-5781,823
48,NORMA-13398,824
48,NORMA-19728,825
48,NORMA-19719,826
48,NORMA-4765,827
48,NORMA-21330,828
48,NORMA-7590,829
48,NORMA-18440,830
48,NORMA-20799,831
48,NORMA-20790,832
48,NORMA-19811,833
48,NORMA-18973,834
48,NORMA-7236,835
48,NORMA-4122,836
48,NORMA-5625,837
48,NORMA-5488,838
48,NORMA-3880,839
48,NORMA-21001,840
48,NORMA-19678,841
48,NORMA-18728,842
48,NORMA-6834,843
48,NORMA-20330,844
48,NORMA-20145,845
48,NORMA-19065,846
48,NORMA-19792,847
48,NORMA-18336,848
48,NORMA-20975,849
48,NORMA-19502,850
48,NORMA-20266,851
48,NORMA-18621,852
48,NORMA-18516,853
48,NORMA-19495,854
48,NORMA-60,855
48,NORMA-21727,856
48,NORMA-705,857
48,NORMA-19463,858
48,NORMA-21213,859
48,NORMA-20248,860
48,NORMA-3181,861
48,NORMA-188,862
48,NORMA-21420,863
48,NORMA-18869,864
48,NORMA-20335,865
48,NORMA-1272,866
48,NORMA-23441,867
48,NORMA-9960,868
48,NORMA-5312,869
48,NORMA-19973,870
48,NORMA-21393,871
48,NORMA-8459,872
48,NORMA-5142,873
48,NORMA-20860,874
48,NORMA-21181,875
48,NORMA-4595,876
48,NORMA-18761,877
48,NORMA-8207,878
48,NORMA-14915,879
48,NORMA-21243,880
48,NORMA-20647,881
48,NORMA-21139,882
48,NORMA-21483,883
48,NORMA-21419,884
48,NORMA-19506,885
48,NORMA-21632,886
48,NORMA-21049,887
48,NORMA-179,888
48,NORMA-9110,889
48,NORMA-20792,890
48,NORMA-4251,891
48,NORMA-6851,892
48,NORMA-18493,893
48,NORMA-12929,894
48,NORMA-8894,895
48,NORMA-4310,896
48,NORMA-21162,897
48,NORMA-19125,898
48,NORMA-12972,899
48,NORMA-6244,900
48,NORMA-7942,901
48,NORMA-18642,902
48,NORMA-19432,903
48,NORMA-21070,904
48,NORMA-18570,905
48,NORMA-21217,906
48,NORMA-20070,907
48,NORMA-18817,908
48,NORMA-21324,909
48,NORMA-18323,910
48,NORMA-19084,911
48,NORMA-21641,912
48,NORMA-19162,913
48,NORMA-9670,914
48,NORMA-16541,915
48,NORMA-18964,916
48,NORMA-21385,917
48,NORMA-20938,918
48,NORMA-19888,919
48,NORMA-19401,920
48,NORMA-19270,921
48,NORMA-19986,922
48,NORMA-18423,923
48,NORMA-21111,924
48,NORMA-5552,925
48,NORMA-19697,926
48,NORMA-18429,927
48,NORMA-18389,928
48,NORMA-19238,929
48,NORMA-18680,930
48,NORMA-19405,931
48,NORMA-9382,932
48,NORMA-9717,933
48,NORMA-19001,934
48,NORMA-19300,935
48,NORMA-20854,936
48,NORMA-11916,937
48,NORMA-19176,938
48,NORMA-18752,939
48,NORMA-18812,940
48,NORMA-12975,941
48,NORMA-9794,942
48,NORMA-19703,943
48,NORMA-13295,944
48,NORMA-21053,945
48,NORMA-18231,946
48,NORMA-20584,947
48,NORMA-21454,948
48,NORMA-21414,949
48,NORMA-5097,950
48,NORMA-5824,951
48,NORMA-4299,952
48,NORMA-9893,953
48,NORMA-4168,954
48,NORMA-5999,955
48,NORMA-29062,956
48,NORMA-18282,957
48,NORMA-7209,958
48,NORMA-22262,959
48,NORMA-21412,960
48,NORMA-19464,961
48,NORMA-19604,962
48,NORMA-7200,963
48,NORMA-19836,964
48,NORMA-21558,965
48,NORMA-19164,966
48,NORMA-2190,967
48,NORMA-11780,968
48,NORMA-4252,969
48,NORMA-11813,970
48,NORMA-13458,971
48,NORMA-19460,972
48,NORMA-21496,973
48,NORMA-18210,974
48,NORMA-19222,975
48,NORMA-20577,976
48,NORMA-19049,977
48,NORMA-21449,978
48,NORMA-19584,979
48,NORMA-20796,980
48,NORMA-20683,981
48,NORMA-18426,982
48,NORMA-21115,983
48,NORMA-21667,984
48,NORMA-2568,985
48,NORMA-6092,986
48,NORMA-14281,987
48,NORMA-21016,988
48,NORMA-6199,989
48,NORMA-1248,990
48,NORMA-19219,991
48,NORMA-19998,992
48,NORMA-11400,993
48,NORMA-18244,994
48,NORMA-19992,995
48,NORMA-21074,996
48,NORMA-14898,997
48,NORMA-21087,998
48,NORMA-21438,999
48,NORMA-796,1000
49,NORMA-1863,1
49,NORMA-28001,2
49,NORMA-13508,3
49,NORMA-28362,4
49,NORMA-704,5
49,NORMA-20914,6
49,NORMA-19152,7
49,NORMA-20723,8
49,NORMA-13160,9
49,NORMA-20505,10
49,NORMA-20512,11
49,NORMA-18762,12
49,NORMA-9217,13
49,NORMA-20290,14
49,NORMA-21367,15
49,NORMA-20682,16
49,NORMA-20904,17
49,NORMA-21521,18
49,NORMA-18205,19
49,NORMA-20800,20
49,NORMA-19233,21
49,NORMA-875,22
49,NORMA-18446,23
49,NORMA-1408,24
49,NORMA-1332,25
49,NORMA-798,26
49,NORMA-976,27
49,NORMA-736,28
49,NORMA-1390,29
49,NORMA-751,30
49,NORMA-21705,31
49,NORMA-833,32
49,NORMA-18549,33
49,NORMA-1295,34
49,NORMA-20007,35
49,NORMA-20137,36
49,NORMA-385,37
49,NORMA-21431,38
49,NORMA-1188,39
49,NORMA-20918,40
49,NORMA-28281,41
49,NORMA-996,42
49,NORMA-1674,43
49,NORMA-20793,44
49,NORMA-20853,45
49,NORMA-12039,46
49,NORMA-20369,47
49,NORMA-680,48
49,NORMA-2157,49
49,NORMA-3382,50
49,NORMA-20861,51
49,NORMA-3201,52
49,NORMA-12165,53
49,NORMA-28181,54
49,NORMA-2551,55
49,NORMA-20756,56
49,NORMA-15541,57
49,NORMA-1143,58
49,NORMA-818,59
49,NORMA-11739,60
49,NORMA-19212,61
49,NORMA-19305,62
49,NORMA-20941,63
49,NORMA-18492,64
49,NORMA-21419,65
49,NORMA-12102,66
49,NORMA-18219,67
49,NORMA-19866,68
49,NORMA-567,69
49,NORMA-21506,70
49,NORMA-11474,71
49,NORMA-19209,72
49,NORMA-20902,73
49,NORMA-18233,74
49,NORMA-20995,75
49,NORMA-15882,76
49,NORMA-11527,77
49,NORMA-20831,78
49,NORMA-2460,79
49,NORMA-15521,80
49,NORMA-21461,81
49,NORMA-15561,82
49,NORMA-18424,83
49,NORMA-3381,84
49,NORMA-2522,85
49,NORMA-5813,86
49,NORMA-21760,87
49,NORMA-3241,88
49,NORMA-19387,89
49,NORMA-2496,90
49,NORMA-20503,91
49,NORMA-29763,92
49,NORMA-24961,93
49,NORMA-21437,94
49,NORMA-19559,95
49,NORMA-13719,96
49,NORMA-6948,97
49,NORMA-21687,98
49,NORMA-16268,99
49,NORMA-21556,100
49,NORMA-8028,101
49,NORMA-21028,102
49,NORMA-20906,103
49,NORMA-21790,104
49,NORMA-20961,105
49,NORMA-15701,106
49,NORMA-21413,107
49,NORMA-19275,108
49,NORMA-15004,109
49,NORMA-1840,110
49,NORMA-3281,111
49,NORMA-6880,112
49,NORMA-21532,113
49,NORMA-19871,114
49,NORMA-21783,115
49,NORMA-11576,116
49,NORMA-1398,117
49,NORMA-15657,118
49,NORMA-17221,119
49,NORMA-3342,120
49,NORMA-21085,121
49,NORMA-15801,122
49,NORMA-11476,123
49,NORMA-19122,124
49,NORMA-12657,125
49,NORMA-15391,126
49,NORMA-61,127
49,NORMA-20106,128
49,NORMA-21507,129
49,NORMA-19384,130
49,NORMA-21589,131
49,NORMA-11767,132
49,NORMA-20930,133
49,NORMA-21739,134
49,NORMA-7110,135
49,NORMA-6758,136
49,NORMA-21023,137
49,NORMA-21756,138
49,NORMA-28961,139
49,NORMA-24002,140
49,NORMA-19520,141
49,NORMA-20382,142
49,NORMA-19659,143
49,NORMA-19605,144
49,NORMA-19292,145
49,NORMA-20376,146
49,NORMA-11751,147
49,NORMA-12014,148
49,NORMA-12234,149
49,NORMA-3734,150
49,NORMA-20912,151
49,NORMA-20309,152
49,NORMA-20744,153
49,NORMA-31904,154
49,NORMA-13801,155
49,NORMA-12024,156
49,NORMA-12032,157
49,NORMA-12232,158
49,NORMA-20959,159
49,NORMA-18237,160
49,NORMA-4977,161
49,NORMA-21398,162
49,NORMA-3516,163
49,NORMA-20476,164
49,NORMA-11472,165
49,NORMA-6005,166
49,NORMA-716,167
49,NORMA-17321,168
49,NORMA-12385,169
49,NORMA-7910,170
49,NORMA-23501,171
49,NORMA-19941,172
49,NORMA-20999,173
49,NORMA-3893,174
49,NORMA-2032,175
49,NORMA-11000,176
49,NORMA-20374,177
49,NORMA-17684,178
49,NORMA-21524,179
49,NORMA-21310,180
49,NORMA-1341,181
49,NORMA-75,182
49,NORMA-483,183
49,NORMA-6316,184
49,NORMA-6181,185
49,NORMA-21113,186
49,NORMA-18325,187
49,NORMA-6630,188
49,NORMA-12006,189
49,NORMA-19715,190
49,NORMA-19434,191
49,NORMA-21114,192
49,NORMA-21725,193
49,NORMA-18654,194
49,NORMA-6967,195
49,NORMA-21228,196
49,NORMA-10375,197
49,NORMA-19443,198
49,NORMA-3942,199
49,NORMA-21238,200
49,NORMA-19870,201
49,NORMA-11868,202
49,NORMA-18724,203
49,NORMA-10629,204
49,NORMA-1740,205
49,NORMA-21239,206
49,NORMA-11864,207
49,NORMA-20488,208
49,NORMA-21086,209
49,NORMA-20477,210
49,NORMA-18247,211
49,NORMA-10950,212
49,NORMA-19430,213
49,NORMA-12048,214
49,NORMA-22941,215
49,NORMA-555,216
49,NORMA-19181,217
49,NORMA-21515,218
49,NORMA-21305,219
49,NORMA-11214,220
49,NORMA-6084,221
49,NORMA-18803,222
49,NORMA-18502,223
49,NORMA-11522,224
49,NORMA-12049,225
49,NORMA-535,226
49,NORMA-15198,227
49,NORMA-2184,228
49,NORMA-21417,229
49,NORMA-19095,230
49,NORMA-15542,231
49,NORMA-6082,232
49,NORMA-18375,233
49,NORMA-28422,234
49,NORMA-21267,235
49,NORMA-9821,236
49,NORMA-19056,237
49,NORMA-11615,238
49,NORMA-19431,239
49,NORMA-21135,240
49,NORMA-21299,241
49,NORMA-12228,242
49,NORMA-18385,243
49,NORMA-20766,244
49,NORMA-11632,245
49,NORMA-21530,246
49,NORMA-18303,247
49,NORMA-332,248
49,NORMA-18981,249
49,NORMA-20217,250
49,NORMA-19557,251
49,NORMA-2158,252
49,NORMA-478,253
49,NORMA-11735,254
49,NORMA-21052,255
49,NORMA-1222,256
49,NORMA-21249,257
49,NORMA-20557,258
49,NORMA-19051,259
49,NORMA-21537,260
49,NORMA-20407,261
49,NORMA-10749,262
49,NORMA-1620,263
49,NORMA-20425,264
49,NORMA-20398,265
49,NORMA-18859,266
49,NORMA-11631,267
49,NORMA-6645,268
49,NORMA-18501,269
49,NORMA-19028,270
49,NORMA-12029,271
49,NORMA-20465,272
49,NORMA-18439,273
49,NORMA-22861,274
49,NORMA-21792,275
49,NORMA-21626,276
49,NORMA-20996,277
49,NORMA-11614,278
49,NORMA-21523,279
49,NORMA-21522,280
49,NORMA-1421,281
49,NORMA-21496,282
49,NORMA-20389,283
49,NORMA-19603,284
49,NORMA-18479,285
49,NORMA-18436,286
49,NORMA-19096,287
49,NORMA-11814,288
49,NORMA-18541,289
49,NORMA-1534,290
49,NORMA-17182,291
49,NORMA-20359,292
49,NORMA-6673,293
49,NORMA-18815,294
49,NORMA-21550,295
49,NORMA-18450,296
49,NORMA-22561,297
49,NORMA-21157,298
49,NORMA-2517,299
49,NORMA-11687,300
49,NORMA-18796,301
49,NORMA-7027,302
49,NORMA-18825,303
49,NORMA-18444,304
49,NORMA-28203,305
49,NORMA-20968,306
49,NORMA-19378,307
49,NORMA-18537,308
49,NORMA-18412,309
49,NORMA-18411,310
49,NORMA-20460,311
49,NORMA-18434,312
49,NORMA-6957,313
49,NORMA-29201,314
49,NORMA-12038,315
49,NORMA-10309,316
49,NORMA-21152,317
49,NORMA-20473,318
49,NORMA-1994,319
49,NORMA-7011,320
49,NORMA-14932,321
49,NORMA-1663,322
49,NORMA-26701,323
49,NORMA-6819,324
49,NORMA-19749,325
49,NORMA-6820,326
49,NORMA-21224,327
49,NORMA-19456,328
49,NORMA-838,329
49,NORMA-20222,330
49,NORMA-21509,331
49,NORMA-6636,332
49,NORMA-24582,333
49,NORMA-21625,334
49,NORMA-17201,335
49,NORMA-1471,336
49,NORMA-20501,337
49,NORMA-20349,338
49,NORMA-18958,339
49,NORMA-20865,340
49,NORMA-6698,341
49,NORMA-6970,342
49,NORMA-19081,343
49,NORMA-11723,344
49,NORMA-29003,345
49,NORMA-21702,346
49,NORMA-21553,347
49,NORMA-20366,348
49,NORMA-12989,349
49,NORMA-19249,350
49,NORMA-21218,351
49,NORMA-18432,352
49,NORMA-21752,353
49,NORMA-21126,354
49,NORMA-20487,355
49,NORMA-19981,356
49,NORMA-19883,357
49,NORMA-20474,358
49,NORMA-19170,359
49,NORMA-12393,360
49,NORMA-20574,361
49,NORMA-6627,362
49,NORMA-5670,363
49,NORMA-6641,364
49,NORMA-11798,365
49,NORMA-20037,366
49,NORMA-14530,367
49,NORMA-21211,368
49,NORMA-10200,369
49,NORMA-2536,370
49,NORMA-8458,371
49,NORMA-20468,372
49,NORMA-19691,373
49,NORMA-6752,374
49,NORMA-21484,375
49,NORMA-7953,376
49,NORMA-20490,377
49,NORMA-20482,378
49,NORMA-7012,379
49,NORMA-13295,380
49,NORMA-21390,381
49,NORMA-2269,382
49,NORMA-6669,383
49,NORMA-19724,384
49,NORMA-18359,385
49,NORMA-82,386
49,NORMA-21253,387
49,NORMA-21388,388
49,NORMA-4392,389
49,NORMA-13902,390
49,NORMA-21020,391
49,NORMA-20219,392
49,NORMA-772,393
49,NORMA-1315,394
49,NORMA-21025,395
49,NORMA-18563,396
49,NORMA-1313,397
49,NORMA-11760,398
49,NORMA-18986,399
49,NORMA-20385,400
49,NORMA-20444,401
49,NORMA-19676,402
49,NORMA-19611,403
49,NORMA-20913,404
49,NORMA-2563,405
49,NORMA-30663,406
49,NORMA-3464,407
49,NORMA-18334,408
49,NORMA-26841,409
49,NORMA-2415,410
49,NORMA-21099,411
49,NORMA-18984,412
49,NORMA-11677,413
49,NORMA-19220,414
49,NORMA-19805,415
49,NORMA-20970,416
49,NORMA-7015,417
49,NORMA-20850,418
49,NORMA-18301,419
49,NORMA-850,420
49,NORMA-19092,421
49,NORMA-20633,422
49,NORMA-2444,423
49,NORMA-20909,424
49,NORMA-19380,425
49,NORMA-19923,426
49,NORMA-2367,427
49,NORMA-18798,428
49,NORMA-20204,429
49,NORMA-2395,430
49,NORMA-18838,431
49,NORMA-328,432
49,NORMA-1442,433
49,NORMA-1163,434
49,NORMA-19895,435
49,NORMA-21308,436
49,NORMA-28981,437
49,NORMA-4698,438
49,NORMA-1613,439
49,NORMA-18780,440
49,NORMA-1407,441
49,NORMA-20796,442
49,NORMA-1306,443
49,NORMA-21712,444
49,NORMA-18394,445
49,NORMA-727,446
49,NORMA-358,447
49,NORMA-777,448
49,NORMA-19568,449
49,NORMA-5691,450
49,NORMA-1420,451
49,NORMA-1179,452
49,NORMA-1346,453
49,NORMA-1129,454
49,NORMA-12016,455
49,NORMA-9384,456
49,NORMA-1138,457
49,NORMA-1151,458
49,NORMA-20381,459
49,NORMA-9382,460
49,NORMA-1098,461
49,NORMA-357,462
49,NORMA-11646,463
49,NORMA-20677,464
49,NORMA-21199,465
49,NORMA-2727,466
49,NORMA-21147,467
49,NORMA-20726,468
49,NORMA-1280,469
49,NORMA-1578,470
49,NORMA-20271,471
49,NORMA-24921,472
49,NORMA-18406,473
49,NORMA-17481,474
49,NORMA-27585,475
49,NORMA-2181,476
49,NORMA-6185,477
49,NORMA-2399,478
49,NORMA-18208,479
49,NORMA-1334,480
49,NORMA-464,481
49,NORMA-20599,482
49,NORMA-6256,483
49,NORMA-11455,484
49,NORMA-6623,485
49,NORMA-21328,486
49,NORMA-20595,487
49,NORMA-21664,488
49,NORMA-1776,489
49,NORMA-21256,490
49,NORMA-19803,491
49,NORMA-9834,492
49,NORMA-33288,493
49,NORMA-7998,494
49,NORMA-1788,495
49,NORMA-1286,496
49,NORMA-19383,497
49,NORMA-6245,498
49,NORMA-19651,499
49,NORMA-2456,500
49,NORMA-1549,501
49,NORMA-11588,502
49,NORMA-1388,503
49,NORMA-11570,504
49,NORMA-20403,505
49,NORMA-76,506
49,NORMA-20029,507
49,NORMA-21335,508
49,NORMA-18382,509
49,NORMA-18937,510
49,NORMA-1433,511
49,NORMA-33308,512
49,NORMA-11736,513
49,NORMA-18575,514
49,NORMA-20261,515
49,NORMA-20943,516
49,NORMA-1175,517
49,NORMA-1609,518
49,NORMA-1171,519
49,NORMA-560,520
49,NORMA-19824,521
49,NORMA-3261,522
49,NORMA-20445,523
49,NORMA-18773,524
49,NORMA-21232,525
49,NORMA-18706,526
49,NORMA-19174,527
49,NORMA-21246,528
49,NORMA-14459,529
49,NORMA-19435,530
49,NORMA-2421,531
49,NORMA-14895,532
49,NORMA-984,533
49,NORMA-12089,534
49,NORMA-11571,535
49,NORMA-2567,536
49,NORMA-20917,537
49,NORMA-21155,538
49,NORMA-1147,539
49,NORMA-20577,540
49,NORMA-1545,541
49,NORMA-1144,542
49,NORMA-20289,543
49,NORMA-13934,544
49,NORMA-19787,545
49,NORMA-1846,546
49,NORMA-23341,547
49,NORMA-2447,548
49,NORMA-19488,549
49,NORMA-1981,550
49,NORMA-20611,551
49,NORMA-8660,552
49,NORMA-2490,553
49,NORMA-11470,554
49,NORMA-11972,555
49,NORMA-11942,556
49,NORMA-741,557
49,NORMA-5783,558
49,NORMA-11507,559
49,NORMA-8807,560
49,NORMA-18360,561
49,NORMA-21653,562
49,NORMA-11528,563
49,NORMA-5128,564
49,NORMA-15136,565
49,NORMA-8071,566
49,NORMA-4445,567
49,NORMA-21260,568
49,NORMA-13744,569
49,NORMA-12402,570
49,NORMA-7682,571
49,NORMA-20948,572
49,NORMA-20053,573
49,NORMA-25001,574
49,NORMA-15108,575
49,NORMA-13301,576
49,NORMA-11174,577
49,NORMA-7965,578
49,NORMA-7963,579
49,NORMA-19513,580
49,NORMA-19746,581
49,NORMA-14301,582
49,NORMA-14889,583
49,NORMA-8487,584
49,NORMA-28781,585
49,NORMA-6815,586
49,NORMA-14015,587
49,NORMA-13437,588
49,NORMA-8543,589
49,NORMA-7964,590
49,NORMA-3647,591
49,NORMA-15294,592
49,NORMA-14715,593
49,NORMA-12288,594
49,NORMA-12147,595
49,NORMA-12136,596
49,NORMA-18690,597
49,NORMA-14997,598
49,NORMA-15241,599
49,NORMA-15204,600
49,NORMA-11506,601
49,NORMA-21766,602
49,NORMA-1621,603
49,NORMA-21961,604
49,NORMA-14593,605
49,NORMA-14374,606
49,NORMA-12022,607
49,NORMA-11320,608
49,NORMA-2921,609
49,NORMA-14898,610
49,NORMA-20809,611
49,NORMA-4886,612
49,NORMA-22145,613
49,NORMA-17561,614
49,NORMA-15863,615
49,NORMA-15867,616
49,NORMA-15864,617
49,NORMA-15843,618
49,NORMA-15824,619
49,NORMA-15842,620
49,NORMA-15844,621
49,NORMA-15825,622
49,NORMA-15345,623
49,NORMA-14065,624
49,NORMA-12289,625
49,NORMA-2056,626
49,NORMA-21744,627
49,NORMA-24981,628
49,NORMA-15866,629
49,NORMA-15862,630
49,NORMA-15865,631
49,NORMA-15822,632
49,NORMA-15823,633
49,NORMA-15841,634
49,NORMA-2301,635
49,NORMA-24105,636
49,NORMA-23602,637
49,NORMA-14896,638
49,NORMA-19091,639
49,NORMA-8416,640
49,NORMA-783,641
49,NORMA-17222,642
49,NORMA-11238,643
49,NORMA-2555,644
49,NORMA-25583,645
49,NORMA-19190,646
49,NORMA-29186,647
49,NORMA-21024,648
49,NORMA-13474,649
49,NORMA-20566,650
49,NORMA-13129,651
49,NORMA-13983,652
49,NORMA-2694,653
49,NORMA-19701,654
49,NORMA-19311,655
49,NORMA-11999,656
49,NORMA-18844,657
49,NORMA-20594,658
49,NORMA-10016,659
49,NORMA-3735,660
49,NORMA-14235,661
49,NORMA-14509,662
49,NORMA-11810,663
49,NORMA-1250,664
49,NORMA-18828,665
49,NORMA-5807,666
49,NORMA-995,667
49,NORMA-12002,668
49,NORMA-16861,669
49,NORMA-4856,670
49,NORMA-18350,671
49,NORMA-1558,672
49,NORMA-11766,673
49,NORMA-12351,674
49,NORMA-3871,675
49,NORMA-428,676
49,NORMA-19770,677
49,NORMA-1608,678
49,NORMA-9893,679
49,NORMA-20567,680
49,NORMA-18931,681
49,NORMA-20985,682
49,NORMA-5516,683
49,NORMA-3968,684
49,NORMA-13078,685
49,NORMA-14012,686
49,NORMA-7779,687
49,NORMA-19893,688
49,NORMA-14231,689
49,NORMA-19722,690
49,NORMA-13483,691
49,NORMA-25482,692
49,NORMA-12668,693
49,NORMA-12140,694
49,NORMA-11385,695
49,NORMA-19953,696
49,NORMA-12802,697
49,NORMA-12325,698
49,NORMA-19221,699
49,NORMA-14000,700
49,NORMA-12893,701
49,NORMA-14387,702
49,NORMA-14377,703
49,NORMA-2413,704
49,NORMA-8600,705
49,NORMA-230,706
49,NORMA-15212,707
49,NORMA-21026,708
49,NORMA-21254,709
49,NORMA-26567,710
49,NORMA-12514,711
49,NORMA-13035,712
49,NORMA-19949,713
49,NORMA-12977,714
49,NORMA-14795,715
49,NORMA-12886,716
49,NORMA-17683,717
49,NORMA-21071,718
49,NORMA-1516,719
49,NORMA-12563,720
49,NORMA-11897,721
49,NORMA-5070,722
49,NORMA-1373,723
49,NORMA-14256,724
49,NORMA-14873,725
49,NORMA-11430,726
49,NORMA-13805,727
49,NORMA-13224,728
49,NORMA-12139,729
49,NORMA-11449,730
49,NORMA-14432,731
49,NORMA-14280,732
49,NORMA-14548,733
49,NORMA-10049,734
49,NORMA-14680,735
49,NORMA-26201,736
49,NORMA-21139,737
49,NORMA-16323,738
49,NORMA-15266,739
49,NORMA-11930,740
49,NORMA-11681,741
49,NORMA-10838,742
49,NORMA-10798,743
49,NORMA-9258,744
49,NORMA-21081,745
49,NORMA-27244,746
49,NORMA-12712,747
49,NORMA-15263,748
49,NORMA-28021,749
49,NORMA-12324,750
49,NORMA-11481,751
49,NORMA-10856,752
49,NORMA-13790,753
49,NORMA-11780,754
49,NORMA-18552,755
49,NORMA-18573,756
49,NORMA-18335,757
49,NORMA-11190,758
49,NORMA-18364,759
49,NORMA-11600,760
49,NORMA-5967,761
49,NORMA-6083,762
49,NORMA-22721,763
49,NORMA-21150,764
49,NORMA-18891,765
49,NORMA-20778,766
49,NORMA-18222,767
49,NORMA-17301,768
49,NORMA-2057,769
49,NORMA-22142,770
49,NORMA-19536,771
49,NORMA-27462,772
49,NORMA-11734,773
49,NORMA-9823,774
49,NORMA-19792,775
49,NORMA-27342,776
49,NORMA-11981,777
49,NORMA-18396,778
49,NORMA-1535,779
49,NORMA-29006,780
49,NORMA-2035,781
49,NORMA-12552,782
49,NORMA-13942,783
49,NORMA-6955,784
49,NORMA-974,785
49,NORMA-13094,786
49,NORMA-12060,787
49,NORMA-14011,788
49,NORMA-8599,789
49,NORMA-20089,790
49,NORMA-12928,791
49,NORMA-18653,792
49,NORMA-4152,793
49,NORMA-18536,794
49,NORMA-20707,795
49,NORMA-11849,796
49,NORMA-9907,797
49,NORMA-6965,798
49,NORMA-13003,799
49,NORMA-20508,800
49,NORMA-19213,801
49,NORMA-20621,802
49,NORMA-14661,803
49,NORMA-14738,804
49,NORMA-13466,805
49,NORMA-14111,806
49,NORMA-21236,807
49,NORMA-3592,808
49,NORMA-6747,809
49,NORMA-14642,810
49,NORMA-13188,811
49,NORMA-11836,812
49,NORMA-11827,813
49,NORMA-19649,814
49,NORMA-19259,815
49,NORMA-1353,816
49,NORMA-15368,817
49,NORMA-14206,818
49,NORMA-12160,819
49,NORMA-20483,820
49,NORMA-159,821
49,NORMA-25201,822
49,NORMA-20433,823
49,NORMA-16941,824
49,NORMA-12530,825
49,NORMA-13868,826
49,NORMA-13044,827
49,NORMA-15026,828
49,NORMA-15110,829
49,NORMA-14157,830
49,NORMA-12513,831
49,NORMA-631,832
49,NORMA-21233,833
49,NORMA-16681,834
49,NORMA-12605,835
49,NORMA-14049,836
49,NORMA-15041,837
49,NORMA-14315,838
49,NORMA-6217,839
49,NORMA-18342,840
49,NORMA-5097,841
49,NORMA-16267,842
49,NORMA-13177,843
49,NORMA-15240,844
49,NORMA-14347,845
49,NORMA-18378,846
49,NORMA-11524,847
49,NORMA-12587,848
49,NORMA-20258,849
49,NORMA-12501,850
49,NORMA-12360,851
49,NORMA-13977,852
49,NORMA-20167,853
49,NORMA-11421,854
49,NORMA-19469,855
49,NORMA-217,856
49,NORMA-7466,857
49,NORMA-23681,858
49,NORMA-15683,859
49,NORMA-13853,860
49,NORMA-14835,861
49,NORMA-13741,862
49,NORMA-12629,863
49,NORMA-15881,864
49,NORMA-634,865
49,NORMA-19631,866
49,NORMA-18539,867
49,NORMA-27741,868
49,NORMA-23482,869
49,NORMA-15743,870
49,NORMA-13423,871
49,NORMA-12628,872
49,NORMA-29603,873
49,NORMA-16423,874
49,NORMA-12499,875
49,NORMA-13046,876
49,NORMA-11838,877
49,NORMA-11029,878
49,NORMA-14463,879
49,NORMA-13106,880
49,NORMA-21460,881
49,NORMA-18339,882
49,NORMA-27402,883
49,NORMA-18818,884
49,NORMA-21164,885
49,NORMA-28342,886
49,NORMA-14633,887
49,NORMA-461,888
49,NORMA-13317,889
49,NORMA-14836,890
49,NORMA-13137,891
49,NORMA-14721,892
49,NORMA-6954,893
49,NORMA-22025,894
49,NORMA-16424,895
49,NORMA-11577,896
49,NORMA-11574,897
49,NORMA-29649,898
49,NORMA-13648,899
49,NORMA-13255,900
49,NORMA-11834,901
49,NORMA-11572,902
49,NORMA-19982,903
49,NORMA-19800,904
49,NORMA-19020,905
49,NORMA-13394,906
49,NORMA-11850,907
49,NORMA-20869,908
49,NORMA-26663,909
49,NORMA-25921,910
49,NORMA-25783,911
49,NORMA-15308,912
49,NORMA-15096,913
49,NORMA-19463,914
49,NORMA-11578,915
49,NORMA-20047,916
49,NORMA-15362,917
49,NORMA-13799,918
49,NORMA-13143,919
49,NORMA-13923,920
49,NORMA-11974,921
49,NORMA-20770,922
49,NORMA-10708,923
49,NORMA-22862,924
49,NORMA-15128,925
49,NORMA-12483,926
49,NORMA-20749,927
49,NORMA-19388,928
49,NORMA-12906,929
49,NORMA-18387,930
49,NORMA-24661,931
49,NORMA-12925,932
49,NORMA-11828,933
49,NORMA-463,934
49,NORMA-2162,935
49,NORMA-11731,936
49,NORMA-25161,937
49,NORMA-13886,938
49,NORMA-19642,939
49,NORMA-968,940
49,NORMA-19571,941
49,NORMA-21080,942
49,NORMA-10119,943
49,NORMA-20027,944
49,NORMA-26221,945
49,NORMA-15316,946
49,NORMA-15038,947
49,NORMA-14316,948
49,NORMA-9979,949
49,NORMA-11847,950
49,NORMA-11977,951
49,NORMA-20711,952
49,NORMA-969,953
49,NORMA-10255,954
49,NORMA-923,955
49,NORMA-13357,956
49,NORMA-21821,957
49,NORMA-20522,958
49,NORMA-12850,959
49,NORMA-4572,960
49,NORMA-4662,961
49,NORMA-18740,962
49,NORMA-12035,963
49,NORMA-18478,964
49,NORMA-15581,965
49,NORMA-21753,966
49,NORMA-729,967
49,NORMA-4412,968
49,NORMA-20578,969
49,NORMA-18788,970
49,NORMA-19687,971
49,NORMA-12015,972
49,NORMA-2461,973
49,NORMA-19308,974
49,NORMA-1217,975
49,NORMA-28622,976
49,NORMA-16586,977
49,NORMA-6896,978
49,NORMA-21244,979
49,NORMA-1720,980
49,NORMA-5298,981
49,NORMA-21251,982
49,NORMA-18465,983
49,NORMA-12872,984
49,NORMA-18802,985
49,NORMA-24882,986
49,NORMA-2333,987
49,NORMA-11627,988
49,NORMA-12664,989
49,NORMA-18564,990
49,NORMA-18214,991
49,NORMA-18807,992
49,NORMA-11845,993
49,NORMA-19666,994
49,NORMA-21489,995
49,NORMA-21356,996
49,NORMA-20480,997
49,NORMA-5603,998
49,NORMA-18797,999
49,NORMA-220,1000
50,NORMA-11316,1
50,NORMA-21267,2
50,NORMA-13138,3
50,NORMA-18807,4
50,NORMA-21739,5
50,NORMA-21025,6
50,NORMA-24582,7
50,NORMA-18492,8
50,NORMA-22561,9
50,NORMA-21299,10
50,NORMA-11588,11
50,NORMA-11757,12
50,NORMA-13094,13
50,NORMA-18823,14
50,NORMA-21046,15
50,NORMA-18772,16
50,NORMA-11756,17
50,NORMA-18863,18
50,NORMA-2383,19
50,NORMA-28203,20
50,NORMA-21367,21
50,NORMA-18806,22
50,NORMA-21043,23
50,NORMA-21028,24
50,NORMA-6819,25
50,NORMA-6820,26
50,NORMA-19152,27
50,NORMA-6970,28
50,NORMA-17201,29
50,NORMA-5252,30
50,NORMA-18306,31
50,NORMA-11664,32
50,NORMA-19212,33
50,NORMA-18773,34
50,NORMA-11570,35
50,NORMA-11665,36
50,NORMA-21521,37
50,NORMA-18233,38
50,NORMA-11614,39
50,NORMA-18501,40
50,NORMA-18762,41
50,NORMA-21792,42
50,NORMA-21152,43
50,NORMA-21419,44
50,NORMA-7011,45
50,NORMA-21158,46
50,NORMA-11600,47
50,NORMA-18539,48
50,NORMA-18552,49
50,NORMA-18377,50
50,NORMA-18802,51
50,NORMA-18225,52
50,NORMA-21026,53
50,NORMA-18360,54
50,NORMA-11615,55
50,NORMA-18350,56
50,NORMA-18549,57
50,NORMA-18788,58
50,NORMA-21437,59
50,NORMA-11472,60
50,NORMA-18981,61
50,NORMA-23441,62
50,NORMA-18292,63
50,NORMA-11621,64
50,NORMA-18816,65
50,NORMA-21461,66
50,NORMA-20865,67
50,NORMA-483,68
50,NORMA-18204,69
50,NORMA-11474,70
50,NORMA-12160,71
50,NORMA-21256,72
50,NORMA-18502,73
50,NORMA-11527,74
50,NORMA-20046,75
50,NORMA-12105,76
50,NORMA-2543,77
50,NORMA-13004,78
50,NORMA-18798,79
50,NORMA-21752,80
50,NORMA-11739,81
50,NORMA-1341,82
50,NORMA-19387,83
50,NORMA-21150,84
50,NORMA-21063,85
50,NORMA-9822,86
50,NORMA-18548,87
50,NORMA-21783,88
50,NORMA-21547,89
50,NORMA-18414,90
50,NORMA-18364,91
50,NORMA-19337,92
50,NORMA-12089,93
50,NORMA-28422,94
50,NORMA-818,95
50,NORMA-12886,96
50,NORMA-996,97
50,NORMA-14898,98
50,NORMA-18342,99
50,NORMA-20985,100
50,NORMA-2032,101
50,NORMA-11476,102
50,NORMA-10044,103
50,NORMA-18403,104
50,NORMA-12228,105
50,NORMA-21023,106
50,NORMA-20914,107
50,NORMA-22941,108
50,NORMA-10821,109
50,NORMA-18224,110
50,NORMA-21474,111
50,NORMA-2269,112
50,NORMA-11646,113
50,NORMA-19021,114
50,NORMA-11455,115
50,NORMA-18356,116
50,NORMA-838,117
50,NORMA-18541,118
50,NORMA-11631,119
50,NORMA-21231,120
50,NORMA-5251,121
50,NORMA-6710,122
50,NORMA-20995,123
50,NORMA-19205,124
50,NORMA-15521,125
50,NORMA-18359,126
50,NORMA-11764,127
50,NORMA-19095,128
50,NORMA-802,129
50,NORMA-18219,130
50,NORMA-11479,131
50,NORMA-21507,132
50,NORMA-11609,133
50,NORMA-9888,134
50,NORMA-19096,135
50,NORMA-20999,136
50,NORMA-18797,137
50,NORMA-59,138
50,NORMA-11999,139
50,NORMA-2013,140
50,NORMA-660,141
50,NORMA-21648,142
50,NORMA-18301,143
50,NORMA-3381,144
50,NORMA-21626,145
50,NORMA-801,146
50,NORMA-6758,147
50,NORMA-11814,148
50,NORMA-2185,149
50,NORMA-18803,150
50,NORMA-12002,151
50,NORMA-18339,152
50,NORMA-14459,153
50,NORMA-1611,154
50,NORMA-12021,155
50,NORMA-554,156
50,NORMA-21550,157
50,NORMA-18216,158
50,NORMA-8198,159
50,NORMA-1620,160
50,NORMA-6676,161
50,NORMA-18439,162
50,NORMA-21020,163
50,NORMA-21506,164
50,NORMA-11469,165
50,NORMA-21524,166
50,NORMA-12165,167
50,NORMA-18237,168
50,NORMA-19081,169
50,NORMA-6880,170
50,NORMA-11790,171
50,NORMA-11763,172
50,NORMA-2020,173
50,NORMA-18412,174
50,NORMA-3382,175
50,NORMA-9558,176
50,NORMA-11780,177
50,NORMA-10878,178
50,NORMA-10119,179
50,NORMA-1222,180
50,NORMA-21631,181
50,NORMA-6084,182
50,NORMA-19275,183
50,NORMA-1026,184
50,NORMA-18487,185
50,NORMA-11760,186
50,NORMA-18654,187
50,NORMA-18985,188
50,NORMA-11735,189
50,NORMA-3181,190
50,NORMA-21402,191
50,NORMA-21538,192
50,NORMA-18418,193
50,NORMA-18489,194
50,NORMA-2184,195
50,NORMA-33288,196
50,NORMA-21310,197
50,NORMA-18465,198
50,NORMA-26701,199
50,NORMA-27161,200
50,NORMA-18697,201
50,NORMA-19384,202
50,NORMA-21031,203
50,NORMA-33308,204
50,NORMA-3201,205
50,NORMA-21446,206
50,NORMA-21515,207
50,NORMA-13545,208
50,NORMA-18486,209
50,NORMA-2113,210
50,NORMA-13402,211
50,NORMA-10029,212
50,NORMA-10629,213
50,NORMA-6655,214
50,NORMA-18503,215
50,NORMA-10033,216
50,NORMA-18771,217
50,NORMA-9871,218
50,NORMA-19520,219
50,NORMA-19292,220
50,NORMA-21497,221
50,NORMA-8931,222
50,NORMA-11454,223
50,NORMA-12060,224
50,NORMA-11144,225
50,NORMA-18208,226
50,NORMA-14951,227
50,NORMA-18303,228
50,NORMA-21404,229
50,NORMA-10267,230
50,NORMA-21157,231
50,NORMA-20505,232
50,NORMA-10375,233
50,NORMA-27761,234
50,NORMA-5008,235
50,NORMA-21705,236
50,NORMA-19181,237
50,NORMA-20369,238
50,NORMA-21519,239
50,NORMA-20945,240
50,NORMA-18967,241
50,NORMA-6075,242
50,NORMA-19705,243
50,NORMA-21071,244
50,NORMA-4277,245
50,NORMA-11802,246
50,NORMA-28181,247
50,NORMA-18438,248
50,NORMA-18815,249
50,NORMA-11516,250
50,NORMA-21114,251
50,NORMA-18910,252
50,NORMA-12027,253
50,NORMA-12049,254
50,NORMA-9111,255
50,NORMA-1786,256
50,NORMA-18496,257
50,NORMA-18411,258
50,NORMA-15045,259
50,NORMA-23682,260
50,NORMA-3281,261
50,NORMA-14542,262
50,NORMA-11798,263
50,NORMA-4297,264
50,NORMA-20376,265
50,NORMA-12048,266
50,NORMA-11864,267
50,NORMA-18819,268
50,NORMA-3241,269
50,NORMA-19724,270
50,NORMA-10123,271
50,NORMA-18554,272
50,NORMA-4898,273
50,NORMA-18984,274
50,NORMA-11572,275
50,NORMA-18444,276
50,NORMA-18958,277
50,NORMA-11577,278
50,NORMA-19111,279
50,NORMA-11722,280
50,NORMA-15208,281
50,NORMA-21608,282
50,NORMA-12026,283
50,NORMA-11578,284
50,NORMA-5431,285
50,NORMA-19056,286
50,NORMA-18298,287
50,NORMA-21300,288
50,NORMA-11806,289
50,NORMA-18378,290
50,NORMA-11804,291
50,NORMA-12039,292
50,NORMA-13265,293
50,NORMA-4820,294
50,NORMA-19378,295
50,NORMA-10865,296
50,NORMA-12630,297
50,NORMA-9358,298
50,NORMA-25902,299
50,NORMA-11183,300
50,NORMA-12018,301
50,NORMA-11567,302
50,NORMA-18838,303
50,NORMA-29421,304
50,NORMA-12237,305
50,NORMA-18577,306
50,NORMA-11249,307
50,NORMA-21218,308
50,NORMA-23501,309
50,NORMA-15882,310
50,NORMA-20371,311
50,NORMA-15004,312
50,NORMA-220,313
50,NORMA-61,314
50,NORMA-21139,315
50,NORMA-19170,316
50,NORMA-22142,317
50,NORMA-8522,318
50,NORMA-18996,319
50,NORMA-18553,320
50,NORMA-21695,321
50,NORMA-19051,322
50,NORMA-17221,323
50,NORMA-1317,324
50,NORMA-20934,325
50,NORMA-18796,326
50,NORMA-2158,327
50,NORMA-12965,328
50,NORMA-21756,329
50,NORMA-20402,330
50,NORMA-21398,331
50,NORMA-1485,332
50,NORMA-11688,333
50,NORMA-1365,334
50,NORMA-19220,335
50,NORMA-7149,336
50,NORMA-28381,337
50,NORMA-19383,338
50,NORMA-6203,339
50,NORMA-6752,340
50,NORMA-13671,341
50,NORMA-1567,342
50,NORMA-18201,343
50,NORMA-12170,344
50,NORMA-27252,345
50,NORMA-23881,346
50,NORMA-23222,347
50,NORMA-20503,348
50,NORMA-1994,349
50,NORMA-8938,350
50,NORMA-11758,351
50,NORMA-1138,352
50,NORMA-9785,353
50,NORMA-11473,354
50,NORMA-9595,355
50,NORMA-357,356
50,NORMA-20189,357
50,NORMA-12858,358
50,NORMA-555,359
50,NORMA-2517,360
50,NORMA-11771,361
50,NORMA-12014,362
50,NORMA-12234,363
50,NORMA-21606,364
50,NORMA-6673,365
50,NORMA-1188,366
50,NORMA-31904,367
50,NORMA-18844,368
50,NORMA-21159,369
50,NORMA-21586,370
50,NORMA-21537,371
50,NORMA-217,372
50,NORMA-6636,373
50,NORMA-12232,374
50,NORMA-27981,375
50,NORMA-5421,376
50,NORMA-14967,377
50,NORMA-14099,378
50,NORMA-12029,379
50,NORMA-19092,380
50,NORMA-14673,381
50,NORMA-21757,382
50,NORMA-19782,383
50,NORMA-21484,384
50,NORMA-18780,385
50,NORMA-20473,386
50,NORMA-727,387
50,NORMA-18603,388
50,NORMA-24961,389
50,NORMA-4909,390
50,NORMA-21650,391
50,NORMA-13469,392
50,NORMA-21434,393
50,NORMA-21746,394
50,NORMA-21136,395
50,NORMA-18325,396
50,NORMA-12437,397
50,NORMA-1650,398
50,NORMA-1585,399
50,NORMA-18868,400
50,NORMA-18980,401
50,NORMA-18709,402
50,NORMA-19682,403
50,NORMA-12035,404
50,NORMA-20874,405
50,NORMA-5586,406
50,NORMA-7381,407
50,NORMA-19587,408
50,NORMA-1631,409
50,NORMA-12015,410
50,NORMA-20483,411
50,NORMA-21144,412
50,NORMA-18211,413
50,NORMA-1250,414
50,NORMA-11496,415
50,NORMA-7384,416
50,NORMA-729,417
50,NORMA-19949,418
50,NORMA-1183,419
50,NORMA-12006,420
50,NORMA-20870,421
50,NORMA-14390,422
50,NORMA-16202,423
50,NORMA-19546,424
50,NORMA-19330,425
50,NORMA-5626,426
50,NORMA-4746,427
50,NORMA-21523,428
50,NORMA-9823,429
50,NORMA-18432,430
50,NORMA-21553,431
50,NORMA-21343,432
50,NORMA-385,433
50,NORMA-20137,434
50,NORMA-28281,435
50,NORMA-20474,436
50,NORMA-19232,437
50,NORMA-6669,438
50,NORMA-13480,439
50,NORMA-4316,440
50,NORMA-19640,441
50,NORMA-1547,442
50,NORMA-20941,443
50,NORMA-21126,444
50,NORMA-1674,445
50,NORMA-8028,446
50,NORMA-15701,447
50,NORMA-21308,448
50,NORMA-20426,449
50,NORMA-21143,450
50,NORMA-24661,451
50,NORMA-9297,452
50,NORMA-19080,453
50,NORMA-19249,454
50,NORMA-18526,455
50,NORMA-20465,456
50,NORMA-21431,457
50,NORMA-1207,458
50,NORMA-11731,459
50,NORMA-1361,460
50,NORMA-11920,461
50,NORMA-21225,462
50,NORMA-20197,463
50,NORMA-21417,464
50,NORMA-2395,465
50,NORMA-878,466
50,NORMA-15542,467
50,NORMA-594,468
50,NORMA-6316,469
50,NORMA-19634,470
50,NORMA-6181,471
50,NORMA-4423,472
50,NORMA-850,473
50,NORMA-19658,474
50,NORMA-14549,475
50,NORMA-11792,476
50,NORMA-11882,477
50,NORMA-6948,478
50,NORMA-21247,479
50,NORMA-19090,480
50,NORMA-21301,481
50,NORMA-21125,482
50,NORMA-4275,483
50,NORMA-20908,484
50,NORMA-14985,485
50,NORMA-6630,486
50,NORMA-11606,487
50,NORMA-18307,488
50,NORMA-2981,489
50,NORMA-12005,490
50,NORMA-754,491
50,NORMA-1989,492
50,NORMA-21253,493
50,NORMA-21706,494
50,NORMA-20460,495
50,NORMA-2660,496
50,NORMA-4926,497
50,NORMA-19017,498
50,NORMA-6783,499
50,NORMA-8384,500
50,NORMA-6140,501
50,NORMA-7470,502
50,NORMA-7386,503
50,NORMA-15561,504
50,NORMA-4711,505
50,NORMA-6967,506
50,NORMA-1996,507
50,NORMA-20927,508
50,NORMA-7113,509
50,NORMA-11528,510
50,NORMA-7222,511
50,NORMA-18436,512
50,NORMA-21246,513
50,NORMA-18656,514
50,NORMA-4075,515
50,NORMA-21254,516
50,NORMA-21640,517
50,NORMA-8435,518
50,NORMA-21643,519
50,NORMA-18375,520
50,NORMA-21361,521
50,NORMA-7225,522
50,NORMA-21470,523
50,NORMA-21496,524
50,NORMA-19983,525
50,NORMA-6757,526
50,NORMA-82,527
50,NORMA-19408,528
50,NORMA-21707,529
50,NORMA-21224,530
50,NORMA-9724,531
50,NORMA-20891,532
50,NORMA-20488,533
50,NORMA-14937,534
50,NORMA-834,535
50,NORMA-6698,536
50,NORMA-21634,537
50,NORMA-14063,538
50,NORMA-18826,539
50,NORMA-20796,540
50,NORMA-13198,541
50,NORMA-13158,542
50,NORMA-21408,543
50,NORMA-20480,544
50,NORMA-21580,545
50,NORMA-15381,546
50,NORMA-21413,547
50,NORMA-18800,548
50,NORMA-12612,549
50,NORMA-21562,550
50,NORMA-2386,551
50,NORMA-18591,552
50,NORMA-20918,553
50,NORMA-19473,554
50,NORMA-4219,555
50,NORMA-12315,556
50,NORMA-3503,557
50,NORMA-20186,558
50,NORMA-21630,559
50,NORMA-18440,560
50,NORMA-7025,561
50,NORMA-17684,562
50,NORMA-5536,563
50,NORMA-20349,564
50,NORMA-18430,565
50,NORMA-10797,566
50,NORMA-15377,567
50,NORMA-12880,568
50,NORMA-20211,569
50,NORMA-19598,570
50,NORMA-20139,571
50,NORMA-14470,572
50,NORMA-27305,573
50,NORMA-9457,574
50,NORMA-15211,575
50,NORMA-4425,576
50,NORMA-19028,577
50,NORMA-13106,578
50,NORMA-4830,579
50,NORMA-18831,580
50,NORMA-6082,581
50,NORMA-12382,582
50,NORMA-14751,583
50,NORMA-11715,584
50,NORMA-15250,585
50,NORMA-14897,586
50,NORMA-14421,587
50,NORMA-3823,588
50,NORMA-21637,589
50,NORMA-14232,590
50,NORMA-19603,591
50,NORMA-1471,592
50,NORMA-15097,593
50,NORMA-13917,594
50,NORMA-15002,595
50,NORMA-21069,596
50,NORMA-23963,597
50,NORMA-4717,598
50,NORMA-13217,599
50,NORMA-13971,600
50,NORMA-13707,601
50,NORMA-14203,602
50,NORMA-20382,603
50,NORMA-13220,604
50,NORMA-15207,605
50,NORMA-15075,606
50,NORMA-12830,607
50,NORMA-13601,608
50,NORMA-15335,609
50,NORMA-12414,610
50,NORMA-5165,611
50,NORMA-14537,612
50,NORMA-11868,613
50,NORMA-11736,614
50,NORMA-13343,615
50,NORMA-12844,616
50,NORMA-11911,617
50,NORMA-12391,618
50,NORMA-2413,619
50,NORMA-24261,620
50,NORMA-13249,621
50,NORMA-12077,622
50,NORMA-15306,623
50,NORMA-16222,624
50,NORMA-16221,625
50,NORMA-20971,626
50,NORMA-22522,627
50,NORMA-17241,628
50,NORMA-14064,629
50,NORMA-12543,630
50,NORMA-22381,631
50,NORMA-13385,632
50,NORMA-5761,633
50,NORMA-13341,634
50,NORMA-13954,635
50,NORMA-13899,636
50,NORMA-12821,637
50,NORMA-14246,638
50,NORMA-12660,639
50,NORMA-14083,640
50,NORMA-20192,641
50,NORMA-21086,642
50,NORMA-16963,643
50,NORMA-11879,644
50,NORMA-24021,645
50,NORMA-13121,646
50,NORMA-13956,647
50,NORMA-15101,648
50,NORMA-21902,649
50,NORMA-13028,650
50,NORMA-13118,651
50,NORMA-14021,652
50,NORMA-11907,653
50,NORMA-14365,654
50,NORMA-5001,655
50,NORMA-28362,656
50,NORMA-1578,657
50,NORMA-11723,658
50,NORMA-18804,659
50,NORMA-13089,660
50,NORMA-13243,661
50,NORMA-11914,662
50,NORMA-27225,663
50,NORMA-20366,664
50,NORMA-15042,665
50,NORMA-14893,666
50,NORMA-12627,667
50,NORMA-21328,668
50,NORMA-18724,669
50,NORMA-24142,670
50,NORMA-12377,671
50,NORMA-6601,672
50,NORMA-13712,673
50,NORMA-12545,674
50,NORMA-15010,675
50,NORMA-15292,676
50,NORMA-14034,677
50,NORMA-13731,678
50,NORMA-12290,679
50,NORMA-13592,680
50,NORMA-22043,681
50,NORMA-15129,682
50,NORMA-6768,683
50,NORMA-14018,684
50,NORMA-13156,685
50,NORMA-13737,686
50,NORMA-14799,687
50,NORMA-12519,688
50,NORMA-15076,689
50,NORMA-12872,690
50,NORMA-23804,691
50,NORMA-23025,692
50,NORMA-17902,693
50,NORMA-17242,694
50,NORMA-17042,695
50,NORMA-13451,696
50,NORMA-11824,697
50,NORMA-12974,698
50,NORMA-534,699
50,NORMA-15008,700
50,NORMA-28881,701
50,NORMA-2171,702
50,NORMA-19651,703
50,NORMA-16201,704
50,NORMA-12061,705
50,NORMA-12498,706
50,NORMA-15868,707
50,NORMA-4091,708
50,NORMA-18827,709
50,NORMA-12478,710
50,NORMA-13084,711
50,NORMA-14605,712
50,NORMA-6814,713
50,NORMA-20374,714
50,NORMA-3621,715
50,NORMA-12301,716
50,NORMA-1463,717
50,NORMA-12067,718
50,NORMA-29682,719
50,NORMA-23803,720
50,NORMA-14500,721
50,NORMA-14391,722
50,NORMA-29061,723
50,NORMA-17003,724
50,NORMA-26021,725
50,NORMA-16744,726
50,NORMA-14745,727
50,NORMA-14697,728
50,NORMA-18082,729
50,NORMA-14736,730
50,NORMA-13514,731
50,NORMA-28465,732
50,NORMA-26725,733
50,NORMA-16962,734
50,NORMA-14852,735
50,NORMA-21508,736
50,NORMA-332,737
50,NORMA-29681,738
50,NORMA-13112,739
50,NORMA-18446,740
50,NORMA-20183,741
50,NORMA-13206,742
50,NORMA-13768,743
50,NORMA-14110,744
50,NORMA-14173,745
50,NORMA-6021,746
50,NORMA-1516,747
50,NORMA-19380,748
50,NORMA-23161,749
50,NORMA-13872,750
50,NORMA-6180,751
50,NORMA-18273,752
50,NORMA-14820,753
50,NORMA-6558,754
50,NORMA-18747,755
50,NORMA-12838,756
50,NORMA-20490,757
50,NORMA-12051,758
50,NORMA-13174,759
50,NORMA-20407,760
50,NORMA-21244,761
50,NORMA-14540,762
50,NORMA-21776,763
50,NORMA-28641,764
50,NORMA-21190,765
50,NORMA-14686,766
50,NORMA-12538,767
50,NORMA-12701,768
50,NORMA-14888,769
50,NORMA-12664,770
50,NORMA-2089,771
50,NORMA-9520,772
50,NORMA-6592,773
50,NORMA-14788,774
50,NORMA-20381,775
50,NORMA-15085,776
50,NORMA-14175,777
50,NORMA-14279,778
50,NORMA-21544,779
50,NORMA-27881,780
50,NORMA-20468,781
50,NORMA-20398,782
50,NORMA-9389,783
50,NORMA-21228,784
50,NORMA-4133,785
50,NORMA-1217,786
50,NORMA-1740,787
50,NORMA-21280,788
50,NORMA-5853,789
50,NORMA-19542,790
50,NORMA-11417,791
50,NORMA-10994,792
50,NORMA-5417,793
50,NORMA-1,794
50,NORMA-19578,795
50,NORMA-704,796
50,NORMA-21199,797
50,NORMA-8013,798
50,NORMA-13195,799
50,NORMA-12562,800
50,NORMA-13797,801
50,NORMA-21239,802
50,NORMA-12038,803
50,NORMA-10309,804
50,NORMA-4397,805
50,NORMA-21260,806
50,NORMA-1573,807
50,NORMA-21659,808
50,NORMA-19155,809
50,NORMA-75,810
50,NORMA-28961,811
50,NORMA-3852,812
50,NORMA-20316,813
50,NORMA-20389,814
50,NORMA-19456,815
50,NORMA-21609,816
50,NORMA-21443,817
50,NORMA-602,818
50,NORMA-4204,819
50,NORMA-21052,820
50,NORMA-18406,821
50,NORMA-19281,822
50,NORMA-15426,823
50,NORMA-18748,824
50,NORMA-25144,825
50,NORMA-21113,826
50,NORMA-3779,827
50,NORMA-2567,828
50,NORMA-21541,829
50,NORMA-3579,830
50,NORMA-15921,831
50,NORMA-20482,832
50,NORMA-19194,833
50,NORMA-15901,834
50,NORMA-18385,835
50,NORMA-19643,836
50,NORMA-9893,837
50,NORMA-1421,838
50,NORMA-9792,839
50,NORMA-1965,840
50,NORMA-21655,841
50,NORMA-18789,842
50,NORMA-13720,843
50,NORMA-20989,844
50,NORMA-12657,845
50,NORMA-10066,846
50,NORMA-20291,847
50,NORMA-18206,848
50,NORMA-578,849
50,NORMA-18479,850
50,NORMA-20846,851
50,NORMA-20182,852
50,NORMA-7280,853
50,NORMA-16941,854
50,NORMA-2546,855
50,NORMA-18388,856
50,NORMA-21147,857
50,NORMA-20188,858
50,NORMA-20443,859
50,NORMA-18825,860
50,NORMA-21305,861
50,NORMA-19787,862
50,NORMA-5925,863
50,NORMA-20223,864
50,NORMA-13802,865
50,NORMA-11687,866
50,NORMA-10326,867
50,NORMA-20359,868
50,NORMA-6509,869
50,NORMA-7110,870
50,NORMA-15581,871
50,NORMA-7651,872
50,NORMA-782,873
50,NORMA-11632,874
50,NORMA-11734,875
50,NORMA-7390,876
50,NORMA-1252,877
50,NORMA-19110,878
50,NORMA-20208,879
50,NORMA-20204,880
50,NORMA-21622,881
50,NORMA-30043,882
50,NORMA-18638,883
50,NORMA-19295,884
50,NORMA-21189,885
50,NORMA-6955,886
50,NORMA-981,887
50,NORMA-22861,888
50,NORMA-188,889
50,NORMA-18691,890
50,NORMA-3980,891
50,NORMA-21286,892
50,NORMA-1352,893
50,NORMA-18992,894
50,NORMA-20785,895
50,NORMA-20501,896
50,NORMA-20691,897
50,NORMA-215,898
50,NORMA-20886,899
50,NORMA-8027,900
50,NORMA-21226,901
50,NORMA-19164,902
50,NORMA-10708,903
50,NORMA-22061,904
50,NORMA-18950,905
50,NORMA-11575,906
50,NORMA-16401,907
50,NORMA-11908,908
50,NORMA-19655,909
50,NORMA-4818,910
50,NORMA-17482,911
50,NORMA-20774,912
50,NORMA-18646,913
50,NORMA-21613,914
50,NORMA-29649,915
50,NORMA-20728,916
50,NORMA-20233,917
50,NORMA-27022,918
50,NORMA-20904,919
50,NORMA-13247,920
50,NORMA-20425,921
50,NORMA-1175,922
50,NORMA-21522,923
50,NORMA-1171,924
50,NORMA-21211,925
50,NORMA-11599,926
50,NORMA-4924,927
50,NORMA-21388,928
50,NORMA-20271,929
50,NORMA-20786,930
50,NORMA-11766,931
50,NORMA-21429,932
50,NORMA-20910,933
50,NORMA-20853,934
50,NORMA-19981,935
50,NORMA-21272,936
50,NORMA-20282,937
50,NORMA-20755,938
50,NORMA-21403,939
50,NORMA-18818,940
50,NORMA-1353,941
50,NORMA-18542,942
50,NORMA-4710,943
50,NORMA-21283,944
50,NORMA-1863,945
50,NORMA-21236,946
50,NORMA-21002,947
50,NORMA-18933,948
50,NORMA-20258,949
50,NORMA-6954,950
50,NORMA-6645,951
50,NORMA-18379,952
50,NORMA-12113,953
50,NORMA-18254,954
50,NORMA-19431,955
50,NORMA-20185,956
50,NORMA-20854,957
50,NORMA-6621,958
50,NORMA-18345,959
50,NORMA-6199,960
50,NORMA-18839,961
50,NORMA-20184,962
50,NORMA-14463,963
50,NORMA-20705,964
50,NORMA-14661,965
50,NORMA-19715,966
50,NORMA-27001,967
50,NORMA-9968,968
50,NORMA-6627,969
50,NORMA-20992,970
50,NORMA-18859,971
50,NORMA-19485,972
50,NORMA-20993,973
50,NORMA-19784,974
50,NORMA-14239,975
50,NORMA-11655,976
50,NORMA-229,977
50,NORMA-20487,978
50,NORMA-7012,979
50,NORMA-1619,980
50,NORMA-15239,981
50,NORMA-19828,982
50,NORMA-6957,983
50,NORMA-19503,984
50,NORMA-21012,985
50,NORMA-20869,986
50,NORMA-21085,987
50,NORMA-21621,988
50,NORMA-20858,989
50,NORMA-19853,990
50,NORMA-21791,991
50,NORMA-6623,992
50,NORMA-6256,993
50,NORMA-20557,994
50,NORMA-15237,995
50,NORMA-21787,996
50,NORMA-21200,997
50,NORMA-19646,998
50,NORMA-20917,999
50,NORMA-21676,1000
